FREQUENCIES 
Gen,mut_id,mut_freq
1.0,0.0,0.5
1.0,1.0,0.5
1.0,2.0,0.5
1.0,3.0,0.5
1.0,4.0,0.5
1.0,5.0,0.5
1.0,6.0,0.5
1.0,7.0,0.5
1.0,8.0,0.5
1.0,9.0,0.5
1.0,10.0,0.5
1.0,11.0,0.5
1.0,12.0,0.5
1.0,13.0,0.5
1.0,14.0,0.5
1.0,15.0,0.5
1.0,16.0,0.5
1.0,17.0,0.5
1.0,18.0,0.5
1.0,19.0,0.5
1.0,20.0,0.5
1.0,21.0,0.5
1.0,22.0,0.5
1.0,23.0,0.5
1.0,24.0,0.5
1.0,25.0,0.5
1.0,26.0,0.5
1.0,27.0,0.5
1.0,28.0,0.5
1.0,29.0,0.5
1.0,30.0,0.5
1.0,31.0,0.5
1.0,32.0,0.5
1.0,33.0,0.5
1.0,34.0,0.5
1.0,35.0,0.5
1.0,36.0,0.5
1.0,37.0,0.5
1.0,38.0,0.5
1.0,39.0,0.5
1.0,40.0,0.5
1.0,41.0,0.5
1.0,42.0,0.5
1.0,43.0,0.5
1.0,44.0,0.5
1.0,45.0,0.5
1.0,46.0,0.5
1.0,47.0,0.5
1.0,48.0,0.5
1.0,49.0,0.5
1.0,50.0,0.5
1.0,51.0,0.5
1.0,52.0,0.5
1.0,53.0,0.5
1.0,54.0,0.5
1.0,55.0,0.5
1.0,56.0,0.5
1.0,57.0,0.5
1.0,58.0,0.5
1.0,59.0,0.5
1.0,60.0,0.5
1.0,61.0,0.5
1.0,62.0,0.5
1.0,63.0,0.5
1.0,64.0,0.5
1.0,65.0,0.5
1.0,66.0,0.5
1.0,67.0,0.5
1.0,68.0,0.5
1.0,69.0,0.5
1.0,70.0,0.5
1.0,71.0,0.5
1.0,72.0,0.5
1.0,73.0,0.5
1.0,74.0,0.5
1.0,75.0,0.5
1.0,76.0,0.5
1.0,77.0,0.5
1.0,78.0,0.5
1.0,79.0,0.5
1.0,80.0,0.5
1.0,81.0,0.5
1.0,82.0,0.5
1.0,83.0,0.5
1.0,84.0,0.5
1.0,85.0,0.5
1.0,86.0,0.5
1.0,87.0,0.5
1.0,88.0,0.5
1.0,89.0,0.5
1.0,90.0,0.5
1.0,91.0,0.5
1.0,92.0,0.5
1.0,93.0,0.5
1.0,94.0,0.5
1.0,95.0,0.5
1.0,96.0,0.5
1.0,97.0,0.5
1.0,98.0,0.5
1.0,99.0,0.5
1.0,100.0,0.5
1.0,101.0,0.5
1.0,102.0,0.5
1.0,103.0,0.5
1.0,104.0,0.5
1.0,105.0,0.5
1.0,106.0,0.5
1.0,107.0,0.5
1.0,108.0,0.5
1.0,109.0,0.5
1.0,110.0,0.5
1.0,111.0,0.5
1.0,112.0,0.5
1.0,113.0,0.5
1.0,114.0,0.5
1.0,115.0,0.5
1.0,116.0,0.5
1.0,117.0,0.5
1.0,118.0,0.5
1.0,119.0,0.5
1.0,120.0,0.5
1.0,121.0,0.5
1.0,122.0,0.5
1.0,123.0,0.5
1.0,124.0,0.5
1.0,125.0,0.5
1.0,126.0,0.5
1.0,127.0,0.5
1.0,128.0,0.5
1.0,129.0,0.5
1.0,130.0,0.5
1.0,131.0,0.5
1.0,132.0,0.5
1.0,133.0,0.5
1.0,134.0,0.5
1.0,135.0,0.5
1.0,136.0,0.5
1.0,137.0,0.5
1.0,138.0,0.5
1.0,139.0,0.5
1.0,140.0,0.5
1.0,141.0,0.5
1.0,142.0,0.5
1.0,143.0,0.5
1.0,144.0,0.5
1.0,145.0,0.5
1.0,146.0,0.5
1.0,147.0,0.5
1.0,148.0,0.5
1.0,149.0,0.5
1000.0,0.0,0.507915
1000.0,1.0,0.486129
1000.0,2.0,0.499364
1000.0,3.0,0.488799
1000.0,4.0,0.535017
1000.0,5.0,0.483676
1000.0,6.0,0.513059
1000.0,7.0,0.481612
1000.0,8.0,0.5066
1000.0,9.0,0.463877
1000.0,10.0,0.489971
1000.0,11.0,0.515112
1000.0,12.0,0.514539
1000.0,13.0,0.524902
1000.0,14.0,0.529475
1000.0,15.0,0.507304
1000.0,16.0,0.48137
1000.0,17.0,0.489869
1000.0,18.0,0.509887
1000.0,19.0,0.477281
1000.0,20.0,0.491501
1000.0,21.0,0.472966
1000.0,22.0,0.490836
1000.0,23.0,0.4829
1000.0,24.0,0.522646
1000.0,25.0,0.493385
1000.0,26.0,0.506246
1000.0,27.0,0.487514
1000.0,28.0,0.49792
1000.0,29.0,0.497007
1000.0,30.0,0.477494
1000.0,31.0,0.504357
1000.0,32.0,0.516614
1000.0,33.0,0.492785
1000.0,34.0,0.488629
1000.0,35.0,0.511267
1000.0,36.0,0.505298
1000.0,37.0,0.507791
1000.0,38.0,0.496033
1000.0,39.0,0.495282
1000.0,40.0,0.511281
1000.0,41.0,0.470865
1000.0,42.0,0.518363
1000.0,43.0,0.489706
1000.0,44.0,0.506365
1000.0,45.0,0.520273
1000.0,46.0,0.478131
1000.0,47.0,0.516684
1000.0,48.0,0.50357
1000.0,49.0,0.47278
1000.0,50.0,0.480395
1000.0,51.0,0.495703
1000.0,52.0,0.489772
1000.0,53.0,0.49602
1000.0,54.0,0.506664
1000.0,55.0,0.51411
1000.0,56.0,0.517215
1000.0,57.0,0.503069
1000.0,58.0,0.496758
1000.0,59.0,0.483952
1000.0,60.0,0.513229
1000.0,61.0,0.517311
1000.0,62.0,0.479547
1000.0,63.0,0.476989
1000.0,64.0,0.481274
1000.0,65.0,0.499671
1000.0,66.0,0.518147
1000.0,67.0,0.504128
1000.0,68.0,0.492764
1000.0,69.0,0.541027
1000.0,70.0,0.500714
1000.0,71.0,0.517438
1000.0,72.0,0.503691
1000.0,73.0,0.492541
1000.0,74.0,0.510457
1000.0,75.0,0.494841
1000.0,76.0,0.493761
1000.0,77.0,0.519248
1000.0,78.0,0.495096
1000.0,79.0,0.500039
1000.0,80.0,0.479781
1000.0,81.0,0.514143
1000.0,82.0,0.490673
1000.0,83.0,0.511981
1000.0,84.0,0.499933
1000.0,85.0,0.50185
1000.0,86.0,0.499529
1000.0,87.0,0.514564
1000.0,88.0,0.496583
1000.0,89.0,0.510352
1000.0,90.0,0.511252
1000.0,91.0,0.497733
1000.0,92.0,0.501819
1000.0,93.0,0.512064
1000.0,94.0,0.495997
1000.0,95.0,0.51064
1000.0,96.0,0.498336
1000.0,97.0,0.526353
1000.0,98.0,0.502851
1000.0,99.0,0.476877
1000.0,100.0,0.491664
1000.0,101.0,0.497165
1000.0,102.0,0.493465
1000.0,103.0,0.504059
1000.0,104.0,0.51571
1000.0,105.0,0.516311
1000.0,106.0,0.517109
1000.0,107.0,0.516933
1000.0,108.0,0.518541
1000.0,109.0,0.510242
1000.0,110.0,0.49466
1000.0,111.0,0.510649
1000.0,112.0,0.514649
1000.0,113.0,0.521672
1000.0,114.0,0.491189
1000.0,115.0,0.506183
1000.0,116.0,0.514373
1000.0,117.0,0.509342
1000.0,118.0,0.502287
1000.0,119.0,0.505968
1000.0,120.0,0.483292
1000.0,121.0,0.514751
1000.0,122.0,0.511885
1000.0,123.0,0.51078
1000.0,124.0,0.517209
1000.0,125.0,0.521687
1000.0,126.0,0.524631
1000.0,127.0,0.520298
1000.0,128.0,0.500349
1000.0,129.0,0.498603
1000.0,130.0,0.515449
1000.0,131.0,0.520137
1000.0,132.0,0.49423
1000.0,133.0,0.511164
1000.0,134.0,0.47835
1000.0,135.0,0.477075
1000.0,136.0,0.533637
1000.0,137.0,0.502877
1000.0,138.0,0.495013
1000.0,139.0,0.482257
1000.0,140.0,0.503298
1000.0,141.0,0.52212
1000.0,142.0,0.492622
1000.0,143.0,0.511625
1000.0,144.0,0.51846
1000.0,145.0,0.480842
1000.0,146.0,0.462219
1000.0,147.0,0.501983
1000.0,148.0,0.508637
1000.0,149.0,0.51513
1001.0,0.0,0.508319
1001.0,1.0,0.486117
1001.0,2.0,0.500453
1001.0,3.0,0.489067
1001.0,4.0,0.534577
1001.0,5.0,0.483543
1001.0,6.0,0.512466
1001.0,7.0,0.481141
1001.0,8.0,0.506818
1001.0,9.0,0.46386
1001.0,10.0,0.489821
1001.0,11.0,0.51521
1001.0,12.0,0.514897
1001.0,13.0,0.524237
1001.0,14.0,0.529399
1001.0,15.0,0.507104
1001.0,16.0,0.48162
1001.0,17.0,0.490405
1001.0,18.0,0.509382
1001.0,19.0,0.477765
1001.0,20.0,0.491596
1001.0,21.0,0.47218
1001.0,22.0,0.4905
1001.0,23.0,0.483143
1001.0,24.0,0.522664
1001.0,25.0,0.492287
1001.0,26.0,0.506592
1001.0,27.0,0.488647
1001.0,28.0,0.496977
1001.0,29.0,0.49704
1001.0,30.0,0.477709
1001.0,31.0,0.50458
1001.0,32.0,0.516738
1001.0,33.0,0.492769
1001.0,34.0,0.488545
1001.0,35.0,0.511007
1001.0,36.0,0.505527
1001.0,37.0,0.507859
1001.0,38.0,0.495405
1001.0,39.0,0.49473
1001.0,40.0,0.511104
1001.0,41.0,0.471624
1001.0,42.0,0.518153
1001.0,43.0,0.489685
1001.0,44.0,0.506924
1001.0,45.0,0.52097
1001.0,46.0,0.478177
1001.0,47.0,0.516335
1001.0,48.0,0.503214
1001.0,49.0,0.472415
1001.0,50.0,0.48042
1001.0,51.0,0.495728
1001.0,52.0,0.489502
1001.0,53.0,0.497245
1001.0,54.0,0.506463
1001.0,55.0,0.514031
1001.0,56.0,0.517641
1001.0,57.0,0.503124
1001.0,58.0,0.4966
1001.0,59.0,0.483595
1001.0,60.0,0.513006
1001.0,61.0,0.51769
1001.0,62.0,0.479141
1001.0,63.0,0.476329
1001.0,64.0,0.480662
1001.0,65.0,0.499322
1001.0,66.0,0.517663
1001.0,67.0,0.5039
1001.0,68.0,0.492529
1001.0,69.0,0.540893
1001.0,70.0,0.500755
1001.0,71.0,0.516531
1001.0,72.0,0.503016
1001.0,73.0,0.492827
1001.0,74.0,0.510641
1001.0,75.0,0.494343
1001.0,76.0,0.493916
1001.0,77.0,0.519438
1001.0,78.0,0.49456
1001.0,79.0,0.499533
1001.0,80.0,0.480842
1001.0,81.0,0.514118
1001.0,82.0,0.491685
1001.0,83.0,0.512104
1001.0,84.0,0.500219
1001.0,85.0,0.501627
1001.0,86.0,0.49841
1001.0,87.0,0.514213
1001.0,88.0,0.497525
1001.0,89.0,0.509761
1001.0,90.0,0.511227
1001.0,91.0,0.498135
1001.0,92.0,0.501741
1001.0,93.0,0.512562
1001.0,94.0,0.496768
1001.0,95.0,0.510635
1001.0,96.0,0.498209
1001.0,97.0,0.52561
1001.0,98.0,0.504219
1001.0,99.0,0.476133
1001.0,100.0,0.491406
1001.0,101.0,0.496103
1001.0,102.0,0.494
1001.0,103.0,0.50385
1001.0,104.0,0.514928
1001.0,105.0,0.515448
1001.0,106.0,0.516054
1001.0,107.0,0.517622
1001.0,108.0,0.519196
1001.0,109.0,0.510208
1001.0,110.0,0.494499
1001.0,111.0,0.510794
1001.0,112.0,0.513812
1001.0,113.0,0.520898
1001.0,114.0,0.49059
1001.0,115.0,0.506655
1001.0,116.0,0.514016
1001.0,117.0,0.508411
1001.0,118.0,0.502706
1001.0,119.0,0.505422
1001.0,120.0,0.483671
1001.0,121.0,0.514297
1001.0,122.0,0.512895
1001.0,123.0,0.510465
1001.0,124.0,0.516783
1001.0,125.0,0.521142
1001.0,126.0,0.523664
1001.0,127.0,0.519525
1001.0,128.0,0.499643
1001.0,129.0,0.498341
1001.0,130.0,0.514763
1001.0,131.0,0.519909
1001.0,132.0,0.494713
1001.0,133.0,0.510098
1001.0,134.0,0.478267
1001.0,135.0,0.476592
1001.0,136.0,0.533193
1001.0,137.0,0.503126
1001.0,138.0,0.494949
1001.0,139.0,0.482804
1001.0,140.0,0.502852
1001.0,141.0,0.521761
1001.0,142.0,0.492168
1001.0,143.0,0.511137
1001.0,144.0,0.518565
1001.0,145.0,0.481666
1001.0,146.0,0.461742
1001.0,147.0,0.501623
1001.0,148.0,0.508774
1001.0,149.0,0.514381
1002.0,0.0,0.508356
1002.0,1.0,0.48502
1002.0,2.0,0.5007
1002.0,3.0,0.489559
1002.0,4.0,0.535103
1002.0,5.0,0.483521
1002.0,6.0,0.513227
1002.0,7.0,0.481063
1002.0,8.0,0.505704
1002.0,9.0,0.464261
1002.0,10.0,0.490383
1002.0,11.0,0.515062
1002.0,12.0,0.51453
1002.0,13.0,0.524432
1002.0,14.0,0.528547
1002.0,15.0,0.507382
1002.0,16.0,0.481107
1002.0,17.0,0.49059
1002.0,18.0,0.509792
1002.0,19.0,0.476677
1002.0,20.0,0.491287
1002.0,21.0,0.472245
1002.0,22.0,0.48938
1002.0,23.0,0.483308
1002.0,24.0,0.522781
1002.0,25.0,0.492751
1002.0,26.0,0.507122
1002.0,27.0,0.487999
1002.0,28.0,0.497513
1002.0,29.0,0.497475
1002.0,30.0,0.478153
1002.0,31.0,0.505388
1002.0,32.0,0.516217
1002.0,33.0,0.492788
1002.0,34.0,0.48886
1002.0,35.0,0.511434
1002.0,36.0,0.505594
1002.0,37.0,0.506492
1002.0,38.0,0.495121
1002.0,39.0,0.49468
1002.0,40.0,0.510912
1002.0,41.0,0.472347
1002.0,42.0,0.517823
1002.0,43.0,0.488451
1002.0,44.0,0.506462
1002.0,45.0,0.520382
1002.0,46.0,0.478321
1002.0,47.0,0.51641
1002.0,48.0,0.50343
1002.0,49.0,0.472568
1002.0,50.0,0.480455
1002.0,51.0,0.495467
1002.0,52.0,0.489602
1002.0,53.0,0.497296
1002.0,54.0,0.507336
1002.0,55.0,0.513902
1002.0,56.0,0.517808
1002.0,57.0,0.503803
1002.0,58.0,0.497553
1002.0,59.0,0.483227
1002.0,60.0,0.513363
1002.0,61.0,0.516746
1002.0,62.0,0.478821
1002.0,63.0,0.476709
1002.0,64.0,0.4806
1002.0,65.0,0.50003
1002.0,66.0,0.517749
1002.0,67.0,0.504943
1002.0,68.0,0.492758
1002.0,69.0,0.541087
1002.0,70.0,0.500592
1002.0,71.0,0.516546
1002.0,72.0,0.504095
1002.0,73.0,0.492849
1002.0,74.0,0.510021
1002.0,75.0,0.492952
1002.0,76.0,0.492591
1002.0,77.0,0.519608
1002.0,78.0,0.494779
1002.0,79.0,0.499322
1002.0,80.0,0.480902
1002.0,81.0,0.514796
1002.0,82.0,0.491926
1002.0,83.0,0.512922
1002.0,84.0,0.500066
1002.0,85.0,0.502082
1002.0,86.0,0.49822
1002.0,87.0,0.514931
1002.0,88.0,0.497138
1002.0,89.0,0.510113
1002.0,90.0,0.511311
1002.0,91.0,0.498303
1002.0,92.0,0.501675
1002.0,93.0,0.512084
1002.0,94.0,0.496328
1002.0,95.0,0.510232
1002.0,96.0,0.49814
1002.0,97.0,0.525692
1002.0,98.0,0.504319
1002.0,99.0,0.476817
1002.0,100.0,0.491614
1002.0,101.0,0.49571
1002.0,102.0,0.494866
1002.0,103.0,0.503631
1002.0,104.0,0.514148
1002.0,105.0,0.514456
1002.0,106.0,0.517055
1002.0,107.0,0.517657
1002.0,108.0,0.518849
1002.0,109.0,0.510323
1002.0,110.0,0.494161
1002.0,111.0,0.510538
1002.0,112.0,0.514706
1002.0,113.0,0.520959
1002.0,114.0,0.490433
1002.0,115.0,0.506775
1002.0,116.0,0.514668
1002.0,117.0,0.509406
1002.0,118.0,0.502961
1002.0,119.0,0.506714
1002.0,120.0,0.484117
1002.0,121.0,0.514884
1002.0,122.0,0.511972
1002.0,123.0,0.510897
1002.0,124.0,0.516982
1002.0,125.0,0.521263
1002.0,126.0,0.523796
1002.0,127.0,0.519892
1002.0,128.0,0.499099
1002.0,129.0,0.49872
1002.0,130.0,0.515586
1002.0,131.0,0.518902
1002.0,132.0,0.494509
1002.0,133.0,0.510659
1002.0,134.0,0.478123
1002.0,135.0,0.475351
1002.0,136.0,0.534033
1002.0,137.0,0.503351
1002.0,138.0,0.494867
1002.0,139.0,0.483053
1002.0,140.0,0.501822
1002.0,141.0,0.521139
1002.0,142.0,0.491387
1002.0,143.0,0.511384
1002.0,144.0,0.517406
1002.0,145.0,0.481533
1002.0,146.0,0.46208
1002.0,147.0,0.501973
1002.0,148.0,0.509463
1002.0,149.0,0.515024
1003.0,0.0,0.508183
1003.0,1.0,0.484467
1003.0,2.0,0.500816
1003.0,3.0,0.489515
1003.0,4.0,0.535572
1003.0,5.0,0.483953
1003.0,6.0,0.513857
1003.0,7.0,0.481041
1003.0,8.0,0.505456
1003.0,9.0,0.465295
1003.0,10.0,0.490431
1003.0,11.0,0.514551
1003.0,12.0,0.513989
1003.0,13.0,0.524262
1003.0,14.0,0.529008
1003.0,15.0,0.50694
1003.0,16.0,0.480387
1003.0,17.0,0.490092
1003.0,18.0,0.509429
1003.0,19.0,0.47658
1003.0,20.0,0.490344
1003.0,21.0,0.470216
1003.0,22.0,0.489119
1003.0,23.0,0.483433
1003.0,24.0,0.522626
1003.0,25.0,0.492966
1003.0,26.0,0.506689
1003.0,27.0,0.487299
1003.0,28.0,0.497894
1003.0,29.0,0.49762
1003.0,30.0,0.478743
1003.0,31.0,0.506205
1003.0,32.0,0.515596
1003.0,33.0,0.492359
1003.0,34.0,0.4884
1003.0,35.0,0.511813
1003.0,36.0,0.505026
1003.0,37.0,0.506608
1003.0,38.0,0.496009
1003.0,39.0,0.494904
1003.0,40.0,0.510759
1003.0,41.0,0.471885
1003.0,42.0,0.517698
1003.0,43.0,0.48814
1003.0,44.0,0.506449
1003.0,45.0,0.520461
1003.0,46.0,0.477749
1003.0,47.0,0.517085
1003.0,48.0,0.503203
1003.0,49.0,0.472571
1003.0,50.0,0.479804
1003.0,51.0,0.495602
1003.0,52.0,0.489533
1003.0,53.0,0.497624
1003.0,54.0,0.507905
1003.0,55.0,0.514394
1003.0,56.0,0.51825
1003.0,57.0,0.50464
1003.0,58.0,0.498187
1003.0,59.0,0.483449
1003.0,60.0,0.514672
1003.0,61.0,0.516484
1003.0,62.0,0.478674
1003.0,63.0,0.476196
1003.0,64.0,0.480432
1003.0,65.0,0.499139
1003.0,66.0,0.517714
1003.0,67.0,0.504437
1003.0,68.0,0.49238
1003.0,69.0,0.540282
1003.0,70.0,0.500022
1003.0,71.0,0.516561
1003.0,72.0,0.503753
1003.0,73.0,0.493463
1003.0,74.0,0.510596
1003.0,75.0,0.493414
1003.0,76.0,0.492478
1003.0,77.0,0.519799
1003.0,78.0,0.494711
1003.0,79.0,0.498959
1003.0,80.0,0.481163
1003.0,81.0,0.514076
1003.0,82.0,0.491497
1003.0,83.0,0.51352
1003.0,84.0,0.501043
1003.0,85.0,0.502405
1003.0,86.0,0.497795
1003.0,87.0,0.515079
1003.0,88.0,0.496802
1003.0,89.0,0.510011
1003.0,90.0,0.511819
1003.0,91.0,0.497805
1003.0,92.0,0.502282
1003.0,93.0,0.511304
1003.0,94.0,0.496336
1003.0,95.0,0.510888
1003.0,96.0,0.49768
1003.0,97.0,0.525671
1003.0,98.0,0.504718
1003.0,99.0,0.47707
1003.0,100.0,0.491656
1003.0,101.0,0.49645
1003.0,102.0,0.494765
1003.0,103.0,0.503404
1003.0,104.0,0.514111
1003.0,105.0,0.513697
1003.0,106.0,0.517201
1003.0,107.0,0.517656
1003.0,108.0,0.518497
1003.0,109.0,0.510195
1003.0,110.0,0.493827
1003.0,111.0,0.510927
1003.0,112.0,0.514524
1003.0,113.0,0.521402
1003.0,114.0,0.491265
1003.0,115.0,0.506969
1003.0,116.0,0.514707
1003.0,117.0,0.509413
1003.0,118.0,0.502411
1003.0,119.0,0.50582
1003.0,120.0,0.484075
1003.0,121.0,0.514111
1003.0,122.0,0.512138
1003.0,123.0,0.510303
1003.0,124.0,0.517717
1003.0,125.0,0.521393
1003.0,126.0,0.523884
1003.0,127.0,0.519887
1003.0,128.0,0.499425
1003.0,129.0,0.498584
1003.0,130.0,0.51558
1003.0,131.0,0.518171
1003.0,132.0,0.494209
1003.0,133.0,0.510536
1003.0,134.0,0.477837
1003.0,135.0,0.474891
1003.0,136.0,0.533783
1003.0,137.0,0.502497
1003.0,138.0,0.493847
1003.0,139.0,0.483118
1003.0,140.0,0.501647
1003.0,141.0,0.520737
1003.0,142.0,0.491033
1003.0,143.0,0.511521
1003.0,144.0,0.517482
1003.0,145.0,0.482013
1003.0,146.0,0.462983
1003.0,147.0,0.502457
1003.0,148.0,0.509629
1003.0,149.0,0.515327
1004.0,0.0,0.507513
1004.0,1.0,0.483629
1004.0,2.0,0.501304
1004.0,3.0,0.490051
1004.0,4.0,0.536249
1004.0,5.0,0.483412
1004.0,6.0,0.514211
1004.0,7.0,0.479931
1004.0,8.0,0.504966
1004.0,9.0,0.465359
1004.0,10.0,0.491268
1004.0,11.0,0.514393
1004.0,12.0,0.514056
1004.0,13.0,0.523874
1004.0,14.0,0.52959
1004.0,15.0,0.507467
1004.0,16.0,0.480797
1004.0,17.0,0.490395
1004.0,18.0,0.509094
1004.0,19.0,0.476433
1004.0,20.0,0.490694
1004.0,21.0,0.470844
1004.0,22.0,0.48945
1004.0,23.0,0.482697
1004.0,24.0,0.522755
1004.0,25.0,0.492519
1004.0,26.0,0.505995
1004.0,27.0,0.487319
1004.0,28.0,0.497926
1004.0,29.0,0.497826
1004.0,30.0,0.478125
1004.0,31.0,0.505623
1004.0,32.0,0.515731
1004.0,33.0,0.492612
1004.0,34.0,0.488145
1004.0,35.0,0.511996
1004.0,36.0,0.505132
1004.0,37.0,0.505943
1004.0,38.0,0.495401
1004.0,39.0,0.494799
1004.0,40.0,0.510401
1004.0,41.0,0.47217
1004.0,42.0,0.517714
1004.0,43.0,0.488125
1004.0,44.0,0.507417
1004.0,45.0,0.52027
1004.0,46.0,0.477606
1004.0,47.0,0.516962
1004.0,48.0,0.502382
1004.0,49.0,0.472712
1004.0,50.0,0.479987
1004.0,51.0,0.494716
1004.0,52.0,0.490204
1004.0,53.0,0.496893
1004.0,54.0,0.508194
1004.0,55.0,0.514445
1004.0,56.0,0.518368
1004.0,57.0,0.504043
1004.0,58.0,0.498643
1004.0,59.0,0.482929
1004.0,60.0,0.514906
1004.0,61.0,0.516812
1004.0,62.0,0.479231
1004.0,63.0,0.476529
1004.0,64.0,0.480881
1004.0,65.0,0.498613
1004.0,66.0,0.517681
1004.0,67.0,0.504335
1004.0,68.0,0.492521
1004.0,69.0,0.539301
1004.0,70.0,0.50006
1004.0,71.0,0.516064
1004.0,72.0,0.503991
1004.0,73.0,0.49376
1004.0,74.0,0.511928
1004.0,75.0,0.49333
1004.0,76.0,0.492533
1004.0,77.0,0.520235
1004.0,78.0,0.495206
1004.0,79.0,0.498549
1004.0,80.0,0.481504
1004.0,81.0,0.513597
1004.0,82.0,0.491164
1004.0,83.0,0.51318
1004.0,84.0,0.501205
1004.0,85.0,0.502148
1004.0,86.0,0.497903
1004.0,87.0,0.514908
1004.0,88.0,0.4962
1004.0,89.0,0.509535
1004.0,90.0,0.511788
1004.0,91.0,0.497511
1004.0,92.0,0.50296
1004.0,93.0,0.511275
1004.0,94.0,0.496822
1004.0,95.0,0.509833
1004.0,96.0,0.498078
1004.0,97.0,0.525072
1004.0,98.0,0.505293
1004.0,99.0,0.476091
1004.0,100.0,0.491129
1004.0,101.0,0.497189
1004.0,102.0,0.49452
1004.0,103.0,0.501837
1004.0,104.0,0.513444
1004.0,105.0,0.51388
1004.0,106.0,0.516606
1004.0,107.0,0.51688
1004.0,108.0,0.518377
1004.0,109.0,0.509907
1004.0,110.0,0.494173
1004.0,111.0,0.510964
1004.0,112.0,0.514719
1004.0,113.0,0.522214
1004.0,114.0,0.492248
1004.0,115.0,0.506708
1004.0,116.0,0.514237
1004.0,117.0,0.509503
1004.0,118.0,0.501768
1004.0,119.0,0.505805
1004.0,120.0,0.484815
1004.0,121.0,0.514005
1004.0,122.0,0.513082
1004.0,123.0,0.510231
1004.0,124.0,0.518429
1004.0,125.0,0.520825
1004.0,126.0,0.524148
1004.0,127.0,0.518859
1004.0,128.0,0.498833
1004.0,129.0,0.498164
1004.0,130.0,0.514973
1004.0,131.0,0.517282
1004.0,132.0,0.493924
1004.0,133.0,0.510487
1004.0,134.0,0.477519
1004.0,135.0,0.47522
1004.0,136.0,0.533837
1004.0,137.0,0.502474
1004.0,138.0,0.49359
1004.0,139.0,0.483006
1004.0,140.0,0.501633
1004.0,141.0,0.5201
1004.0,142.0,0.490786
1004.0,143.0,0.510894
1004.0,144.0,0.517383
1004.0,145.0,0.481897
1004.0,146.0,0.462747
1004.0,147.0,0.501884
1004.0,148.0,0.509309
1004.0,149.0,0.515396
1005.0,0.0,0.506921
1005.0,1.0,0.484143
1005.0,2.0,0.501409
1005.0,3.0,0.490321
1005.0,4.0,0.537056
1005.0,5.0,0.483924
1005.0,6.0,0.514073
1005.0,7.0,0.480081
1005.0,8.0,0.504645
1005.0,9.0,0.46576
1005.0,10.0,0.491058
1005.0,11.0,0.514393
1005.0,12.0,0.514318
1005.0,13.0,0.523994
1005.0,14.0,0.52922
1005.0,15.0,0.507401
1005.0,16.0,0.480973
1005.0,17.0,0.490866
1005.0,18.0,0.509208
1005.0,19.0,0.477682
1005.0,20.0,0.490156
1005.0,21.0,0.471225
1005.0,22.0,0.489488
1005.0,23.0,0.482454
1005.0,24.0,0.523132
1005.0,25.0,0.493099
1005.0,26.0,0.507383
1005.0,27.0,0.487085
1005.0,28.0,0.497598
1005.0,29.0,0.49773
1005.0,30.0,0.478755
1005.0,31.0,0.506686
1005.0,32.0,0.515553
1005.0,33.0,0.492985
1005.0,34.0,0.488458
1005.0,35.0,0.512235
1005.0,36.0,0.505223
1005.0,37.0,0.504935
1005.0,38.0,0.496098
1005.0,39.0,0.495665
1005.0,40.0,0.510338
1005.0,41.0,0.471609
1005.0,42.0,0.517769
1005.0,43.0,0.487778
1005.0,44.0,0.506853
1005.0,45.0,0.52064
1005.0,46.0,0.478045
1005.0,47.0,0.517504
1005.0,48.0,0.502016
1005.0,49.0,0.47356
1005.0,50.0,0.480076
1005.0,51.0,0.494013
1005.0,52.0,0.490206
1005.0,53.0,0.497919
1005.0,54.0,0.507981
1005.0,55.0,0.51465
1005.0,56.0,0.518746
1005.0,57.0,0.504164
1005.0,58.0,0.497791
1005.0,59.0,0.48287
1005.0,60.0,0.51484
1005.0,61.0,0.516319
1005.0,62.0,0.478819
1005.0,63.0,0.476647
1005.0,64.0,0.480559
1005.0,65.0,0.498975
1005.0,66.0,0.518094
1005.0,67.0,0.504761
1005.0,68.0,0.492659
1005.0,69.0,0.539384
1005.0,70.0,0.500097
1005.0,71.0,0.516484
1005.0,72.0,0.504834
1005.0,73.0,0.493113
1005.0,74.0,0.5115
1005.0,75.0,0.492858
1005.0,76.0,0.492083
1005.0,77.0,0.520909
1005.0,78.0,0.494803
1005.0,79.0,0.497797
1005.0,80.0,0.481329
1005.0,81.0,0.51344
1005.0,82.0,0.491254
1005.0,83.0,0.512955
1005.0,84.0,0.501165
1005.0,85.0,0.501952
1005.0,86.0,0.497824
1005.0,87.0,0.515391
1005.0,88.0,0.496665
1005.0,89.0,0.509401
1005.0,90.0,0.51091
1005.0,91.0,0.498374
1005.0,92.0,0.50256
1005.0,93.0,0.511714
1005.0,94.0,0.497468
1005.0,95.0,0.509776
1005.0,96.0,0.497919
1005.0,97.0,0.525355
1005.0,98.0,0.505189
1005.0,99.0,0.475851
1005.0,100.0,0.491271
1005.0,101.0,0.497669
1005.0,102.0,0.494971
1005.0,103.0,0.500651
1005.0,104.0,0.51465
1005.0,105.0,0.513473
1005.0,106.0,0.51643
1005.0,107.0,0.516959
1005.0,108.0,0.518159
1005.0,109.0,0.511223
1005.0,110.0,0.493838
1005.0,111.0,0.511149
1005.0,112.0,0.513988
1005.0,113.0,0.522339
1005.0,114.0,0.493221
1005.0,115.0,0.507714
1005.0,116.0,0.514308
1005.0,117.0,0.510031
1005.0,118.0,0.502239
1005.0,119.0,0.505077
1005.0,120.0,0.485071
1005.0,121.0,0.514154
1005.0,122.0,0.512919
1005.0,123.0,0.510111
1005.0,124.0,0.518079
1005.0,125.0,0.521247
1005.0,126.0,0.524201
1005.0,127.0,0.518821
1005.0,128.0,0.498859
1005.0,129.0,0.498299
1005.0,130.0,0.514723
1005.0,131.0,0.517704
1005.0,132.0,0.493804
1005.0,133.0,0.510831
1005.0,134.0,0.477701
1005.0,135.0,0.47588
1005.0,136.0,0.534064
1005.0,137.0,0.501637
1005.0,138.0,0.494073
1005.0,139.0,0.483216
1005.0,140.0,0.502294
1005.0,141.0,0.520233
1005.0,142.0,0.490702
1005.0,143.0,0.510091
1005.0,144.0,0.516971
1005.0,145.0,0.481596
1005.0,146.0,0.462361
1005.0,147.0,0.502271
1005.0,148.0,0.51004
1005.0,149.0,0.516009
1006.0,0.0,0.506632
1006.0,1.0,0.484445
1006.0,2.0,0.501389
1006.0,3.0,0.4906
1006.0,4.0,0.537124
1006.0,5.0,0.484193
1006.0,6.0,0.513781
1006.0,7.0,0.479961
1006.0,8.0,0.504611
1006.0,9.0,0.465642
1006.0,10.0,0.489903
1006.0,11.0,0.514821
1006.0,12.0,0.514715
1006.0,13.0,0.523975
1006.0,14.0,0.529943
1006.0,15.0,0.508044
1006.0,16.0,0.481861
1006.0,17.0,0.490541
1006.0,18.0,0.509164
1006.0,19.0,0.47707
1006.0,20.0,0.490316
1006.0,21.0,0.470422
1006.0,22.0,0.489346
1006.0,23.0,0.482924
1006.0,24.0,0.523565
1006.0,25.0,0.493632
1006.0,26.0,0.506747
1006.0,27.0,0.487516
1006.0,28.0,0.498532
1006.0,29.0,0.49738
1006.0,30.0,0.478706
1006.0,31.0,0.505936
1006.0,32.0,0.515059
1006.0,33.0,0.49346
1006.0,34.0,0.487582
1006.0,35.0,0.512508
1006.0,36.0,0.505266
1006.0,37.0,0.504652
1006.0,38.0,0.495236
1006.0,39.0,0.495842
1006.0,40.0,0.510968
1006.0,41.0,0.471636
1006.0,42.0,0.517887
1006.0,43.0,0.487704
1006.0,44.0,0.506449
1006.0,45.0,0.520317
1006.0,46.0,0.477376
1006.0,47.0,0.51786
1006.0,48.0,0.501675
1006.0,49.0,0.473703
1006.0,50.0,0.479863
1006.0,51.0,0.493669
1006.0,52.0,0.490126
1006.0,53.0,0.497845
1006.0,54.0,0.507427
1006.0,55.0,0.514868
1006.0,56.0,0.519102
1006.0,57.0,0.50387
1006.0,58.0,0.4977
1006.0,59.0,0.483106
1006.0,60.0,0.514379
1006.0,61.0,0.516408
1006.0,62.0,0.478882
1006.0,63.0,0.476947
1006.0,64.0,0.480591
1006.0,65.0,0.499112
1006.0,66.0,0.517081
1006.0,67.0,0.50445
1006.0,68.0,0.491943
1006.0,69.0,0.540229
1006.0,70.0,0.499808
1006.0,71.0,0.516657
1006.0,72.0,0.5046
1006.0,73.0,0.492533
1006.0,74.0,0.510382
1006.0,75.0,0.492844
1006.0,76.0,0.491967
1006.0,77.0,0.521941
1006.0,78.0,0.495458
1006.0,79.0,0.498017
1006.0,80.0,0.482504
1006.0,81.0,0.514168
1006.0,82.0,0.490433
1006.0,83.0,0.512489
1006.0,84.0,0.501328
1006.0,85.0,0.502064
1006.0,86.0,0.497145
1006.0,87.0,0.515574
1006.0,88.0,0.496591
1006.0,89.0,0.509917
1006.0,90.0,0.510579
1006.0,91.0,0.498399
1006.0,92.0,0.502741
1006.0,93.0,0.512066
1006.0,94.0,0.498351
1006.0,95.0,0.510529
1006.0,96.0,0.498786
1006.0,97.0,0.525213
1006.0,98.0,0.505494
1006.0,99.0,0.475996
1006.0,100.0,0.491484
1006.0,101.0,0.497227
1006.0,102.0,0.495073
1006.0,103.0,0.500972
1006.0,104.0,0.514882
1006.0,105.0,0.513677
1006.0,106.0,0.516156
1006.0,107.0,0.516636
1006.0,108.0,0.518748
1006.0,109.0,0.510967
1006.0,110.0,0.492919
1006.0,111.0,0.511389
1006.0,112.0,0.513686
1006.0,113.0,0.522627
1006.0,114.0,0.492682
1006.0,115.0,0.507352
1006.0,116.0,0.514893
1006.0,117.0,0.510117
1006.0,118.0,0.502
1006.0,119.0,0.50574
1006.0,120.0,0.484972
1006.0,121.0,0.514611
1006.0,122.0,0.512379
1006.0,123.0,0.510523
1006.0,124.0,0.518169
1006.0,125.0,0.520961
1006.0,126.0,0.523334
1006.0,127.0,0.519539
1006.0,128.0,0.498486
1006.0,129.0,0.498075
1006.0,130.0,0.514587
1006.0,131.0,0.518812
1006.0,132.0,0.49351
1006.0,133.0,0.511079
1006.0,134.0,0.477729
1006.0,135.0,0.475414
1006.0,136.0,0.533918
1006.0,137.0,0.501251
1006.0,138.0,0.494591
1006.0,139.0,0.483543
1006.0,140.0,0.502225
1006.0,141.0,0.5196
1006.0,142.0,0.490547
1006.0,143.0,0.51039
1006.0,144.0,0.516247
1006.0,145.0,0.480857
1006.0,146.0,0.461405
1006.0,147.0,0.501843
1006.0,148.0,0.510246
1006.0,149.0,0.51542
1007.0,0.0,0.505603
1007.0,1.0,0.483806
1007.0,2.0,0.500856
1007.0,3.0,0.490825
1007.0,4.0,0.537669
1007.0,5.0,0.484857
1007.0,6.0,0.513839
1007.0,7.0,0.48042
1007.0,8.0,0.504793
1007.0,9.0,0.466025
1007.0,10.0,0.490203
1007.0,11.0,0.515074
1007.0,12.0,0.51403
1007.0,13.0,0.523391
1007.0,14.0,0.529153
1007.0,15.0,0.507711
1007.0,16.0,0.482167
1007.0,17.0,0.489613
1007.0,18.0,0.509924
1007.0,19.0,0.476716
1007.0,20.0,0.490319
1007.0,21.0,0.47007
1007.0,22.0,0.489392
1007.0,23.0,0.482965
1007.0,24.0,0.52369
1007.0,25.0,0.493869
1007.0,26.0,0.507717
1007.0,27.0,0.487566
1007.0,28.0,0.498558
1007.0,29.0,0.497712
1007.0,30.0,0.478181
1007.0,31.0,0.505622
1007.0,32.0,0.515253
1007.0,33.0,0.494042
1007.0,34.0,0.487452
1007.0,35.0,0.511818
1007.0,36.0,0.505415
1007.0,37.0,0.504695
1007.0,38.0,0.495936
1007.0,39.0,0.495298
1007.0,40.0,0.510961
1007.0,41.0,0.47202
1007.0,42.0,0.518623
1007.0,43.0,0.488194
1007.0,44.0,0.506424
1007.0,45.0,0.520416
1007.0,46.0,0.477708
1007.0,47.0,0.518534
1007.0,48.0,0.502041
1007.0,49.0,0.473614
1007.0,50.0,0.480264
1007.0,51.0,0.493587
1007.0,52.0,0.489673
1007.0,53.0,0.498356
1007.0,54.0,0.506876
1007.0,55.0,0.515441
1007.0,56.0,0.518487
1007.0,57.0,0.504644
1007.0,58.0,0.496712
1007.0,59.0,0.483913
1007.0,60.0,0.515032
1007.0,61.0,0.515898
1007.0,62.0,0.479432
1007.0,63.0,0.476715
1007.0,64.0,0.480475
1007.0,65.0,0.49881
1007.0,66.0,0.517145
1007.0,67.0,0.5044
1007.0,68.0,0.492161
1007.0,69.0,0.540196
1007.0,70.0,0.500226
1007.0,71.0,0.517009
1007.0,72.0,0.50399
1007.0,73.0,0.492901
1007.0,74.0,0.511562
1007.0,75.0,0.493034
1007.0,76.0,0.491614
1007.0,77.0,0.52209
1007.0,78.0,0.495528
1007.0,79.0,0.497591
1007.0,80.0,0.483135
1007.0,81.0,0.515064
1007.0,82.0,0.490677
1007.0,83.0,0.512477
1007.0,84.0,0.500799
1007.0,85.0,0.502025
1007.0,86.0,0.49678
1007.0,87.0,0.515334
1007.0,88.0,0.496377
1007.0,89.0,0.510264
1007.0,90.0,0.510785
1007.0,91.0,0.497477
1007.0,92.0,0.503261
1007.0,93.0,0.510996
1007.0,94.0,0.498533
1007.0,95.0,0.509657
1007.0,96.0,0.498567
1007.0,97.0,0.525238
1007.0,98.0,0.505447
1007.0,99.0,0.475791
1007.0,100.0,0.49146
1007.0,101.0,0.497683
1007.0,102.0,0.495075
1007.0,103.0,0.501703
1007.0,104.0,0.515067
1007.0,105.0,0.513929
1007.0,106.0,0.515789
1007.0,107.0,0.516563
1007.0,108.0,0.518803
1007.0,109.0,0.510537
1007.0,110.0,0.49357
1007.0,111.0,0.511913
1007.0,112.0,0.514423
1007.0,113.0,0.523413
1007.0,114.0,0.491913
1007.0,115.0,0.508314
1007.0,116.0,0.515724
1007.0,117.0,0.510905
1007.0,118.0,0.502098
1007.0,119.0,0.505236
1007.0,120.0,0.484525
1007.0,121.0,0.513784
1007.0,122.0,0.512927
1007.0,123.0,0.510738
1007.0,124.0,0.51889
1007.0,125.0,0.520389
1007.0,126.0,0.523036
1007.0,127.0,0.519624
1007.0,128.0,0.499097
1007.0,129.0,0.497214
1007.0,130.0,0.51398
1007.0,131.0,0.518667
1007.0,132.0,0.493832
1007.0,133.0,0.510731
1007.0,134.0,0.477416
1007.0,135.0,0.474604
1007.0,136.0,0.534663
1007.0,137.0,0.501182
1007.0,138.0,0.493714
1007.0,139.0,0.48285
1007.0,140.0,0.50135
1007.0,141.0,0.519108
1007.0,142.0,0.49077
1007.0,143.0,0.51051
1007.0,144.0,0.516629
1007.0,145.0,0.481499
1007.0,146.0,0.461609
1007.0,147.0,0.501783
1007.0,148.0,0.51019
1007.0,149.0,0.516493
1008.0,0.0,0.505126
1008.0,1.0,0.483859
1008.0,2.0,0.501029
1008.0,3.0,0.491651
1008.0,4.0,0.537865
1008.0,5.0,0.484373
1008.0,6.0,0.514624
1008.0,7.0,0.480751
1008.0,8.0,0.505438
1008.0,9.0,0.46588
1008.0,10.0,0.490112
1008.0,11.0,0.514987
1008.0,12.0,0.514757
1008.0,13.0,0.52333
1008.0,14.0,0.529074
1008.0,15.0,0.507801
1008.0,16.0,0.481608
1008.0,17.0,0.490202
1008.0,18.0,0.509788
1008.0,19.0,0.47567
1008.0,20.0,0.489654
1008.0,21.0,0.47039
1008.0,22.0,0.489134
1008.0,23.0,0.483492
1008.0,24.0,0.524432
1008.0,25.0,0.49454
1008.0,26.0,0.506745
1008.0,27.0,0.487791
1008.0,28.0,0.498272
1008.0,29.0,0.497348
1008.0,30.0,0.477887
1008.0,31.0,0.505949
1008.0,32.0,0.514988
1008.0,33.0,0.494539
1008.0,34.0,0.487278
1008.0,35.0,0.511855
1008.0,36.0,0.505209
1008.0,37.0,0.504284
1008.0,38.0,0.496585
1008.0,39.0,0.494521
1008.0,40.0,0.510553
1008.0,41.0,0.471916
1008.0,42.0,0.51953
1008.0,43.0,0.488879
1008.0,44.0,0.506368
1008.0,45.0,0.520811
1008.0,46.0,0.477691
1008.0,47.0,0.518699
1008.0,48.0,0.502208
1008.0,49.0,0.474195
1008.0,50.0,0.47937
1008.0,51.0,0.493695
1008.0,52.0,0.489727
1008.0,53.0,0.49843
1008.0,54.0,0.507533
1008.0,55.0,0.515767
1008.0,56.0,0.518125
1008.0,57.0,0.505491
1008.0,58.0,0.496835
1008.0,59.0,0.484048
1008.0,60.0,0.515747
1008.0,61.0,0.516086
1008.0,62.0,0.47937
1008.0,63.0,0.47722
1008.0,64.0,0.481295
1008.0,65.0,0.49862
1008.0,66.0,0.51662
1008.0,67.0,0.504363
1008.0,68.0,0.492442
1008.0,69.0,0.539272
1008.0,70.0,0.49981
1008.0,71.0,0.517488
1008.0,72.0,0.504389
1008.0,73.0,0.493067
1008.0,74.0,0.511994
1008.0,75.0,0.493151
1008.0,76.0,0.49123
1008.0,77.0,0.521795
1008.0,78.0,0.495496
1008.0,79.0,0.498088
1008.0,80.0,0.482956
1008.0,81.0,0.514782
1008.0,82.0,0.490178
1008.0,83.0,0.513733
1008.0,84.0,0.501017
1008.0,85.0,0.502442
1008.0,86.0,0.496454
1008.0,87.0,0.514963
1008.0,88.0,0.496709
1008.0,89.0,0.510405
1008.0,90.0,0.511155
1008.0,91.0,0.497588
1008.0,92.0,0.503725
1008.0,93.0,0.511329
1008.0,94.0,0.498691
1008.0,95.0,0.510291
1008.0,96.0,0.498429
1008.0,97.0,0.524992
1008.0,98.0,0.505719
1008.0,99.0,0.476446
1008.0,100.0,0.491537
1008.0,101.0,0.497108
1008.0,102.0,0.495898
1008.0,103.0,0.502498
1008.0,104.0,0.515015
1008.0,105.0,0.515618
1008.0,106.0,0.515727
1008.0,107.0,0.516349
1008.0,108.0,0.51879
1008.0,109.0,0.510177
1008.0,110.0,0.494056
1008.0,111.0,0.511235
1008.0,112.0,0.514343
1008.0,113.0,0.522112
1008.0,114.0,0.491455
1008.0,115.0,0.509107
1008.0,116.0,0.515482
1008.0,117.0,0.510512
1008.0,118.0,0.502888
1008.0,119.0,0.505691
1008.0,120.0,0.483662
1008.0,121.0,0.513446
1008.0,122.0,0.512684
1008.0,123.0,0.511011
1008.0,124.0,0.518349
1008.0,125.0,0.520037
1008.0,126.0,0.523692
1008.0,127.0,0.519322
1008.0,128.0,0.498764
1008.0,129.0,0.497974
1008.0,130.0,0.51333
1008.0,131.0,0.518435
1008.0,132.0,0.492783
1008.0,133.0,0.51046
1008.0,134.0,0.477277
1008.0,135.0,0.475138
1008.0,136.0,0.53361
1008.0,137.0,0.501527
1008.0,138.0,0.493768
1008.0,139.0,0.482558
1008.0,140.0,0.502423
1008.0,141.0,0.518741
1008.0,142.0,0.490346
1008.0,143.0,0.510458
1008.0,144.0,0.516588
1008.0,145.0,0.481462
1008.0,146.0,0.461075
1008.0,147.0,0.502374
1008.0,148.0,0.510067
1008.0,149.0,0.515996
1009.0,0.0,0.505792
1009.0,1.0,0.484667
1009.0,2.0,0.50214
1009.0,3.0,0.491296
1009.0,4.0,0.538048
1009.0,5.0,0.484438
1009.0,6.0,0.515341
1009.0,7.0,0.480806
1009.0,8.0,0.505245
1009.0,9.0,0.465365
1009.0,10.0,0.489095
1009.0,11.0,0.514793
1009.0,12.0,0.515889
1009.0,13.0,0.522889
1009.0,14.0,0.528993
1009.0,15.0,0.507126
1009.0,16.0,0.481325
1009.0,17.0,0.490208
1009.0,18.0,0.509379
1009.0,19.0,0.475262
1009.0,20.0,0.49003
1009.0,21.0,0.470057
1009.0,22.0,0.489459
1009.0,23.0,0.483371
1009.0,24.0,0.524053
1009.0,25.0,0.494421
1009.0,26.0,0.507102
1009.0,27.0,0.487536
1009.0,28.0,0.497902
1009.0,29.0,0.497508
1009.0,30.0,0.477167
1009.0,31.0,0.505385
1009.0,32.0,0.515212
1009.0,33.0,0.494171
1009.0,34.0,0.487526
1009.0,35.0,0.511673
1009.0,36.0,0.505395
1009.0,37.0,0.504196
1009.0,38.0,0.496484
1009.0,39.0,0.494933
1009.0,40.0,0.510812
1009.0,41.0,0.471524
1009.0,42.0,0.518753
1009.0,43.0,0.488624
1009.0,44.0,0.506827
1009.0,45.0,0.52144
1009.0,46.0,0.477271
1009.0,47.0,0.518836
1009.0,48.0,0.501797
1009.0,49.0,0.474395
1009.0,50.0,0.47965
1009.0,51.0,0.494159
1009.0,52.0,0.489479
1009.0,53.0,0.497728
1009.0,54.0,0.50759
1009.0,55.0,0.515262
1009.0,56.0,0.517766
1009.0,57.0,0.505933
1009.0,58.0,0.497224
1009.0,59.0,0.484546
1009.0,60.0,0.515372
1009.0,61.0,0.516241
1009.0,62.0,0.478376
1009.0,63.0,0.477722
1009.0,64.0,0.481152
1009.0,65.0,0.498964
1009.0,66.0,0.51711
1009.0,67.0,0.504257
1009.0,68.0,0.492357
1009.0,69.0,0.538697
1009.0,70.0,0.499395
1009.0,71.0,0.517868
1009.0,72.0,0.504474
1009.0,73.0,0.492904
1009.0,74.0,0.512819
1009.0,75.0,0.493406
1009.0,76.0,0.492028
1009.0,77.0,0.522205
1009.0,78.0,0.493983
1009.0,79.0,0.496711
1009.0,80.0,0.4834
1009.0,81.0,0.515244
1009.0,82.0,0.490014
1009.0,83.0,0.514047
1009.0,84.0,0.500964
1009.0,85.0,0.502253
1009.0,86.0,0.496897
1009.0,87.0,0.51386
1009.0,88.0,0.496763
1009.0,89.0,0.510682
1009.0,90.0,0.510871
1009.0,91.0,0.49813
1009.0,92.0,0.503215
1009.0,93.0,0.511461
1009.0,94.0,0.498852
1009.0,95.0,0.510153
1009.0,96.0,0.498757
1009.0,97.0,0.52499
1009.0,98.0,0.506576
1009.0,99.0,0.477698
1009.0,100.0,0.491813
1009.0,101.0,0.497604
1009.0,102.0,0.494986
1009.0,103.0,0.503004
1009.0,104.0,0.514937
1009.0,105.0,0.515863
1009.0,106.0,0.516482
1009.0,107.0,0.516577
1009.0,108.0,0.519105
1009.0,109.0,0.509987
1009.0,110.0,0.494352
1009.0,111.0,0.511439
1009.0,112.0,0.515158
1009.0,113.0,0.522249
1009.0,114.0,0.491357
1009.0,115.0,0.508621
1009.0,116.0,0.51456
1009.0,117.0,0.509908
1009.0,118.0,0.502672
1009.0,119.0,0.506423
1009.0,120.0,0.483939
1009.0,121.0,0.51337
1009.0,122.0,0.512779
1009.0,123.0,0.510798
1009.0,124.0,0.51821
1009.0,125.0,0.519911
1009.0,126.0,0.523972
1009.0,127.0,0.517925
1009.0,128.0,0.498403
1009.0,129.0,0.498748
1009.0,130.0,0.513549
1009.0,131.0,0.517668
1009.0,132.0,0.492592
1009.0,133.0,0.511308
1009.0,134.0,0.476715
1009.0,135.0,0.475537
1009.0,136.0,0.534284
1009.0,137.0,0.501467
1009.0,138.0,0.493427
1009.0,139.0,0.482671
1009.0,140.0,0.501972
1009.0,141.0,0.518803
1009.0,142.0,0.490163
1009.0,143.0,0.510227
1009.0,144.0,0.517278
1009.0,145.0,0.48157
1009.0,146.0,0.460241
1009.0,147.0,0.502337
1009.0,148.0,0.510037
1009.0,149.0,0.516457
1010.0,0.0,0.505599
1010.0,1.0,0.484001
1010.0,2.0,0.502006
1010.0,3.0,0.491876
1010.0,4.0,0.538681
1010.0,5.0,0.485031
1010.0,6.0,0.514646
1010.0,7.0,0.480243
1010.0,8.0,0.5056
1010.0,9.0,0.464594
1010.0,10.0,0.489029
1010.0,11.0,0.514509
1010.0,12.0,0.515949
1010.0,13.0,0.522819
1010.0,14.0,0.529077
1010.0,15.0,0.506125
1010.0,16.0,0.480596
1010.0,17.0,0.490464
1010.0,18.0,0.50898
1010.0,19.0,0.475128
1010.0,20.0,0.489839
1010.0,21.0,0.469861
1010.0,22.0,0.489587
1010.0,23.0,0.482776
1010.0,24.0,0.523255
1010.0,25.0,0.493853
1010.0,26.0,0.506823
1010.0,27.0,0.488219
1010.0,28.0,0.498675
1010.0,29.0,0.497707
1010.0,30.0,0.477224
1010.0,31.0,0.505357
1010.0,32.0,0.514963
1010.0,33.0,0.495258
1010.0,34.0,0.487389
1010.0,35.0,0.512015
1010.0,36.0,0.506059
1010.0,37.0,0.503721
1010.0,38.0,0.496175
1010.0,39.0,0.495068
1010.0,40.0,0.510786
1010.0,41.0,0.471897
1010.0,42.0,0.517704
1010.0,43.0,0.488459
1010.0,44.0,0.506941
1010.0,45.0,0.522147
1010.0,46.0,0.477809
1010.0,47.0,0.51851
1010.0,48.0,0.501622
1010.0,49.0,0.474745
1010.0,50.0,0.479961
1010.0,51.0,0.493762
1010.0,52.0,0.489235
1010.0,53.0,0.497013
1010.0,54.0,0.507301
1010.0,55.0,0.515074
1010.0,56.0,0.517474
1010.0,57.0,0.50517
1010.0,58.0,0.497411
1010.0,59.0,0.484627
1010.0,60.0,0.516464
1010.0,61.0,0.516199
1010.0,62.0,0.478434
1010.0,63.0,0.476924
1010.0,64.0,0.480878
1010.0,65.0,0.498648
1010.0,66.0,0.51737
1010.0,67.0,0.504538
1010.0,68.0,0.492803
1010.0,69.0,0.538342
1010.0,70.0,0.498944
1010.0,71.0,0.518343
1010.0,72.0,0.503515
1010.0,73.0,0.492429
1010.0,74.0,0.513256
1010.0,75.0,0.492893
1010.0,76.0,0.492122
1010.0,77.0,0.521828
1010.0,78.0,0.493879
1010.0,79.0,0.497064
1010.0,80.0,0.483833
1010.0,81.0,0.515877
1010.0,82.0,0.489725
1010.0,83.0,0.514013
1010.0,84.0,0.501301
1010.0,85.0,0.501739
1010.0,86.0,0.497656
1010.0,87.0,0.513865
1010.0,88.0,0.496866
1010.0,89.0,0.510521
1010.0,90.0,0.511326
1010.0,91.0,0.498754
1010.0,92.0,0.502916
1010.0,93.0,0.510917
1010.0,94.0,0.498792
1010.0,95.0,0.510435
1010.0,96.0,0.499659
1010.0,97.0,0.524999
1010.0,98.0,0.506632
1010.0,99.0,0.477889
1010.0,100.0,0.492013
1010.0,101.0,0.497501
1010.0,102.0,0.495903
1010.0,103.0,0.503528
1010.0,104.0,0.514918
1010.0,105.0,0.515991
1010.0,106.0,0.517285
1010.0,107.0,0.517566
1010.0,108.0,0.519585
1010.0,109.0,0.511487
1010.0,110.0,0.495336
1010.0,111.0,0.510874
1010.0,112.0,0.514952
1010.0,113.0,0.522165
1010.0,114.0,0.491552
1010.0,115.0,0.508161
1010.0,116.0,0.513458
1010.0,117.0,0.510521
1010.0,118.0,0.502384
1010.0,119.0,0.506769
1010.0,120.0,0.484321
1010.0,121.0,0.513849
1010.0,122.0,0.512544
1010.0,123.0,0.510787
1010.0,124.0,0.517307
1010.0,125.0,0.519869
1010.0,126.0,0.523852
1010.0,127.0,0.51722
1010.0,128.0,0.49855
1010.0,129.0,0.499365
1010.0,130.0,0.514255
1010.0,131.0,0.517771
1010.0,132.0,0.49269
1010.0,133.0,0.510718
1010.0,134.0,0.477219
1010.0,135.0,0.475473
1010.0,136.0,0.534145
1010.0,137.0,0.5012
1010.0,138.0,0.493182
1010.0,139.0,0.482669
1010.0,140.0,0.501685
1010.0,141.0,0.518402
1010.0,142.0,0.489942
1010.0,143.0,0.510545
1010.0,144.0,0.517237
1010.0,145.0,0.48121
1010.0,146.0,0.460681
1010.0,147.0,0.501875
1010.0,148.0,0.509377
1010.0,149.0,0.516108
2000.0,0.0,0.503073
2000.0,1.0,0.493274
2000.0,2.0,0.490699
2000.0,3.0,0.476065
2000.0,4.0,0.531161
2000.0,5.0,0.513009
2000.0,6.0,0.52626
2000.0,7.0,0.486212
2000.0,8.0,0.503797
2000.0,9.0,0.45653
2000.0,10.0,0.49121
2000.0,11.0,0.525422
2000.0,12.0,0.489091
2000.0,13.0,0.558849
2000.0,14.0,0.53916
2000.0,15.0,0.515955
2000.0,16.0,0.476973
2000.0,17.0,0.497167
2000.0,18.0,0.512094
2000.0,19.0,0.486939
2000.0,20.0,0.497844
2000.0,21.0,0.445105
2000.0,22.0,0.502932
2000.0,23.0,0.472391
2000.0,24.0,0.536217
2000.0,25.0,0.494133
2000.0,26.0,0.501708
2000.0,27.0,0.473636
2000.0,28.0,0.496612
2000.0,29.0,0.488658
2000.0,30.0,0.449771
2000.0,31.0,0.470279
2000.0,32.0,0.556111
2000.0,33.0,0.531298
2000.0,34.0,0.491183
2000.0,35.0,0.519495
2000.0,36.0,0.505027
2000.0,37.0,0.470637
2000.0,38.0,0.500467
2000.0,39.0,0.520611
2000.0,40.0,0.502029
2000.0,41.0,0.482691
2000.0,42.0,0.497401
2000.0,43.0,0.485685
2000.0,44.0,0.512084
2000.0,45.0,0.511812
2000.0,46.0,0.452451
2000.0,47.0,0.524389
2000.0,48.0,0.516911
2000.0,49.0,0.47752
2000.0,50.0,0.494749
2000.0,51.0,0.470534
2000.0,52.0,0.488083
2000.0,53.0,0.488388
2000.0,54.0,0.519115
2000.0,55.0,0.522566
2000.0,56.0,0.516164
2000.0,57.0,0.517724
2000.0,58.0,0.495511
2000.0,59.0,0.474507
2000.0,60.0,0.523697
2000.0,61.0,0.511106
2000.0,62.0,0.459756
2000.0,63.0,0.474858
2000.0,64.0,0.483145
2000.0,65.0,0.498044
2000.0,66.0,0.518064
2000.0,67.0,0.509379
2000.0,68.0,0.498401
2000.0,69.0,0.534553
2000.0,70.0,0.496755
2000.0,71.0,0.513437
2000.0,72.0,0.495415
2000.0,73.0,0.480426
2000.0,74.0,0.509646
2000.0,75.0,0.519146
2000.0,76.0,0.505753
2000.0,77.0,0.538723
2000.0,78.0,0.515176
2000.0,79.0,0.481694
2000.0,80.0,0.488678
2000.0,81.0,0.51637
2000.0,82.0,0.501337
2000.0,83.0,0.51557
2000.0,84.0,0.490238
2000.0,85.0,0.492779
2000.0,86.0,0.47483
2000.0,87.0,0.525828
2000.0,88.0,0.494723
2000.0,89.0,0.539894
2000.0,90.0,0.519168
2000.0,91.0,0.507828
2000.0,92.0,0.480923
2000.0,93.0,0.48965
2000.0,94.0,0.49763
2000.0,95.0,0.501171
2000.0,96.0,0.484259
2000.0,97.0,0.510985
2000.0,98.0,0.533145
2000.0,99.0,0.47778
2000.0,100.0,0.479958
2000.0,101.0,0.524683
2000.0,102.0,0.482501
2000.0,103.0,0.49833
2000.0,104.0,0.536695
2000.0,105.0,0.552681
2000.0,106.0,0.505428
2000.0,107.0,0.525661
2000.0,108.0,0.508392
2000.0,109.0,0.509906
2000.0,110.0,0.502289
2000.0,111.0,0.521498
2000.0,112.0,0.485371
2000.0,113.0,0.501899
2000.0,114.0,0.483607
2000.0,115.0,0.517106
2000.0,116.0,0.529882
2000.0,117.0,0.509932
2000.0,118.0,0.526998
2000.0,119.0,0.518454
2000.0,120.0,0.490956
2000.0,121.0,0.509808
2000.0,122.0,0.545611
2000.0,123.0,0.497203
2000.0,124.0,0.516674
2000.0,125.0,0.537226
2000.0,126.0,0.536785
2000.0,127.0,0.517043
2000.0,128.0,0.483889
2000.0,129.0,0.505882
2000.0,130.0,0.55804
2000.0,131.0,0.520804
2000.0,132.0,0.49087
2000.0,133.0,0.536055
2000.0,134.0,0.474107
2000.0,135.0,0.460114
2000.0,136.0,0.518127
2000.0,137.0,0.487036
2000.0,138.0,0.494157
2000.0,139.0,0.481686
2000.0,140.0,0.490329
2000.0,141.0,0.486748
2000.0,142.0,0.513906
2000.0,143.0,0.500522
2000.0,144.0,0.543399
2000.0,145.0,0.499583
2000.0,146.0,0.458049
2000.0,147.0,0.488267
2000.0,148.0,0.532044
2000.0,149.0,0.54056
2001.0,0.0,0.503091
2001.0,1.0,0.493632
2001.0,2.0,0.491334
2001.0,3.0,0.475233
2001.0,4.0,0.530963
2001.0,5.0,0.513141
2001.0,6.0,0.525869
2001.0,7.0,0.486488
2001.0,8.0,0.503571
2001.0,9.0,0.456896
2001.0,10.0,0.491024
2001.0,11.0,0.525439
2001.0,12.0,0.489711
2001.0,13.0,0.558798
2001.0,14.0,0.538698
2001.0,15.0,0.515873
2001.0,16.0,0.476821
2001.0,17.0,0.495693
2001.0,18.0,0.512111
2001.0,19.0,0.487839
2001.0,20.0,0.497843
2001.0,21.0,0.44473
2001.0,22.0,0.502823
2001.0,23.0,0.472261
2001.0,24.0,0.536633
2001.0,25.0,0.494205
2001.0,26.0,0.502332
2001.0,27.0,0.473804
2001.0,28.0,0.497204
2001.0,29.0,0.488749
2001.0,30.0,0.448922
2001.0,31.0,0.470487
2001.0,32.0,0.556042
2001.0,33.0,0.531569
2001.0,34.0,0.490905
2001.0,35.0,0.519087
2001.0,36.0,0.504829
2001.0,37.0,0.470015
2001.0,38.0,0.501214
2001.0,39.0,0.520533
2001.0,40.0,0.501993
2001.0,41.0,0.482451
2001.0,42.0,0.498015
2001.0,43.0,0.48538
2001.0,44.0,0.511583
2001.0,45.0,0.512818
2001.0,46.0,0.45277
2001.0,47.0,0.524522
2001.0,48.0,0.515821
2001.0,49.0,0.477435
2001.0,50.0,0.494568
2001.0,51.0,0.470021
2001.0,52.0,0.487827
2001.0,53.0,0.487533
2001.0,54.0,0.518952
2001.0,55.0,0.522475
2001.0,56.0,0.51557
2001.0,57.0,0.518162
2001.0,58.0,0.495671
2001.0,59.0,0.474015
2001.0,60.0,0.522463
2001.0,61.0,0.51214
2001.0,62.0,0.460038
2001.0,63.0,0.474421
2001.0,64.0,0.482624
2001.0,65.0,0.498256
2001.0,66.0,0.518343
2001.0,67.0,0.510198
2001.0,68.0,0.498236
2001.0,69.0,0.534636
2001.0,70.0,0.495661
2001.0,71.0,0.512744
2001.0,72.0,0.496076
2001.0,73.0,0.480587
2001.0,74.0,0.508965
2001.0,75.0,0.518885
2001.0,76.0,0.505278
2001.0,77.0,0.53835
2001.0,78.0,0.514803
2001.0,79.0,0.481847
2001.0,80.0,0.488165
2001.0,81.0,0.516685
2001.0,82.0,0.50158
2001.0,83.0,0.515554
2001.0,84.0,0.490761
2001.0,85.0,0.492778
2001.0,86.0,0.475139
2001.0,87.0,0.52586
2001.0,88.0,0.493997
2001.0,89.0,0.540298
2001.0,90.0,0.519168
2001.0,91.0,0.507676
2001.0,92.0,0.480369
2001.0,93.0,0.490029
2001.0,94.0,0.497707
2001.0,95.0,0.501382
2001.0,96.0,0.483584
2001.0,97.0,0.511264
2001.0,98.0,0.533504
2001.0,99.0,0.477832
2001.0,100.0,0.480061
2001.0,101.0,0.524411
2001.0,102.0,0.482941
2001.0,103.0,0.497609
2001.0,104.0,0.536963
2001.0,105.0,0.55321
2001.0,106.0,0.505772
2001.0,107.0,0.526596
2001.0,108.0,0.508771
2001.0,109.0,0.509852
2001.0,110.0,0.502049
2001.0,111.0,0.520642
2001.0,112.0,0.484907
2001.0,113.0,0.502673
2001.0,114.0,0.484219
2001.0,115.0,0.517212
2001.0,116.0,0.5305
2001.0,117.0,0.510122
2001.0,118.0,0.526637
2001.0,119.0,0.517313
2001.0,120.0,0.491226
2001.0,121.0,0.510135
2001.0,122.0,0.546332
2001.0,123.0,0.497011
2001.0,124.0,0.516813
2001.0,125.0,0.537684
2001.0,126.0,0.536188
2001.0,127.0,0.516653
2001.0,128.0,0.483153
2001.0,129.0,0.505721
2001.0,130.0,0.558493
2001.0,131.0,0.520626
2001.0,132.0,0.490977
2001.0,133.0,0.535501
2001.0,134.0,0.47404
2001.0,135.0,0.460815
2001.0,136.0,0.518047
2001.0,137.0,0.486886
2001.0,138.0,0.493612
2001.0,139.0,0.481554
2001.0,140.0,0.490397
2001.0,141.0,0.487119
2001.0,142.0,0.515224
2001.0,143.0,0.50075
2001.0,144.0,0.543783
2001.0,145.0,0.49911
2001.0,146.0,0.458043
2001.0,147.0,0.487941
2001.0,148.0,0.532489
2001.0,149.0,0.540657
2002.0,0.0,0.502335
2002.0,1.0,0.493768
2002.0,2.0,0.491845
2002.0,3.0,0.47541
2002.0,4.0,0.531099
2002.0,5.0,0.512514
2002.0,6.0,0.526419
2002.0,7.0,0.48628
2002.0,8.0,0.503249
2002.0,9.0,0.455831
2002.0,10.0,0.491195
2002.0,11.0,0.525206
2002.0,12.0,0.489781
2002.0,13.0,0.558737
2002.0,14.0,0.538199
2002.0,15.0,0.515969
2002.0,16.0,0.476951
2002.0,17.0,0.495437
2002.0,18.0,0.512215
2002.0,19.0,0.488214
2002.0,20.0,0.497817
2002.0,21.0,0.444766
2002.0,22.0,0.503455
2002.0,23.0,0.471808
2002.0,24.0,0.536881
2002.0,25.0,0.49393
2002.0,26.0,0.502935
2002.0,27.0,0.473775
2002.0,28.0,0.496942
2002.0,29.0,0.488562
2002.0,30.0,0.449229
2002.0,31.0,0.470328
2002.0,32.0,0.555588
2002.0,33.0,0.532475
2002.0,34.0,0.491283
2002.0,35.0,0.518359
2002.0,36.0,0.504795
2002.0,37.0,0.470029
2002.0,38.0,0.501898
2002.0,39.0,0.519996
2002.0,40.0,0.501472
2002.0,41.0,0.481978
2002.0,42.0,0.497939
2002.0,43.0,0.485857
2002.0,44.0,0.511756
2002.0,45.0,0.512961
2002.0,46.0,0.453684
2002.0,47.0,0.524501
2002.0,48.0,0.515699
2002.0,49.0,0.477606
2002.0,50.0,0.495066
2002.0,51.0,0.469735
2002.0,52.0,0.487096
2002.0,53.0,0.487713
2002.0,54.0,0.519258
2002.0,55.0,0.52257
2002.0,56.0,0.515381
2002.0,57.0,0.517738
2002.0,58.0,0.496272
2002.0,59.0,0.474331
2002.0,60.0,0.522384
2002.0,61.0,0.51227
2002.0,62.0,0.4612
2002.0,63.0,0.474952
2002.0,64.0,0.482252
2002.0,65.0,0.498001
2002.0,66.0,0.518774
2002.0,67.0,0.510427
2002.0,68.0,0.498788
2002.0,69.0,0.535272
2002.0,70.0,0.496282
2002.0,71.0,0.513127
2002.0,72.0,0.495947
2002.0,73.0,0.481293
2002.0,74.0,0.509372
2002.0,75.0,0.518366
2002.0,76.0,0.504734
2002.0,77.0,0.538546
2002.0,78.0,0.515364
2002.0,79.0,0.481756
2002.0,80.0,0.488107
2002.0,81.0,0.517178
2002.0,82.0,0.500987
2002.0,83.0,0.515902
2002.0,84.0,0.491831
2002.0,85.0,0.492148
2002.0,86.0,0.475942
2002.0,87.0,0.525908
2002.0,88.0,0.493573
2002.0,89.0,0.539788
2002.0,90.0,0.519375
2002.0,91.0,0.506777
2002.0,92.0,0.479662
2002.0,93.0,0.490222
2002.0,94.0,0.497338
2002.0,95.0,0.501476
2002.0,96.0,0.483162
2002.0,97.0,0.511478
2002.0,98.0,0.532854
2002.0,99.0,0.478388
2002.0,100.0,0.479697
2002.0,101.0,0.524868
2002.0,102.0,0.482407
2002.0,103.0,0.497967
2002.0,104.0,0.537124
2002.0,105.0,0.554278
2002.0,106.0,0.505873
2002.0,107.0,0.52706
2002.0,108.0,0.508122
2002.0,109.0,0.509943
2002.0,110.0,0.501456
2002.0,111.0,0.519952
2002.0,112.0,0.484482
2002.0,113.0,0.502608
2002.0,114.0,0.48475
2002.0,115.0,0.5176
2002.0,116.0,0.529928
2002.0,117.0,0.509723
2002.0,118.0,0.526163
2002.0,119.0,0.517316
2002.0,120.0,0.491159
2002.0,121.0,0.510543
2002.0,122.0,0.546426
2002.0,123.0,0.497033
2002.0,124.0,0.516754
2002.0,125.0,0.537567
2002.0,126.0,0.537302
2002.0,127.0,0.515558
2002.0,128.0,0.482165
2002.0,129.0,0.505848
2002.0,130.0,0.558191
2002.0,131.0,0.521192
2002.0,132.0,0.490143
2002.0,133.0,0.536059
2002.0,134.0,0.47387
2002.0,135.0,0.460621
2002.0,136.0,0.518296
2002.0,137.0,0.4862
2002.0,138.0,0.493709
2002.0,139.0,0.481996
2002.0,140.0,0.490779
2002.0,141.0,0.487088
2002.0,142.0,0.514879
2002.0,143.0,0.500702
2002.0,144.0,0.543299
2002.0,145.0,0.498602
2002.0,146.0,0.457541
2002.0,147.0,0.488139
2002.0,148.0,0.533432
2002.0,149.0,0.540831
2003.0,0.0,0.502072
2003.0,1.0,0.49354
2003.0,2.0,0.491575
2003.0,3.0,0.475339
2003.0,4.0,0.531187
2003.0,5.0,0.512321
2003.0,6.0,0.526773
2003.0,7.0,0.486269
2003.0,8.0,0.503058
2003.0,9.0,0.455445
2003.0,10.0,0.49072
2003.0,11.0,0.525192
2003.0,12.0,0.490027
2003.0,13.0,0.558967
2003.0,14.0,0.537972
2003.0,15.0,0.51636
2003.0,16.0,0.476986
2003.0,17.0,0.49571
2003.0,18.0,0.512857
2003.0,19.0,0.488358
2003.0,20.0,0.497917
2003.0,21.0,0.443584
2003.0,22.0,0.504394
2003.0,23.0,0.471663
2003.0,24.0,0.536913
2003.0,25.0,0.49427
2003.0,26.0,0.502273
2003.0,27.0,0.473196
2003.0,28.0,0.497338
2003.0,29.0,0.488563
2003.0,30.0,0.448669
2003.0,31.0,0.470051
2003.0,32.0,0.555669
2003.0,33.0,0.532025
2003.0,34.0,0.491054
2003.0,35.0,0.517639
2003.0,36.0,0.504839
2003.0,37.0,0.469344
2003.0,38.0,0.501141
2003.0,39.0,0.519576
2003.0,40.0,0.501951
2003.0,41.0,0.48167
2003.0,42.0,0.497502
2003.0,43.0,0.485684
2003.0,44.0,0.512918
2003.0,45.0,0.512083
2003.0,46.0,0.453812
2003.0,47.0,0.525415
2003.0,48.0,0.515385
2003.0,49.0,0.477222
2003.0,50.0,0.495107
2003.0,51.0,0.469673
2003.0,52.0,0.486654
2003.0,53.0,0.487631
2003.0,54.0,0.519543
2003.0,55.0,0.52328
2003.0,56.0,0.514554
2003.0,57.0,0.516727
2003.0,58.0,0.496135
2003.0,59.0,0.474217
2003.0,60.0,0.522235
2003.0,61.0,0.512125
2003.0,62.0,0.461319
2003.0,63.0,0.475347
2003.0,64.0,0.482936
2003.0,65.0,0.497801
2003.0,66.0,0.518752
2003.0,67.0,0.510433
2003.0,68.0,0.49843
2003.0,69.0,0.534789
2003.0,70.0,0.49742
2003.0,71.0,0.513162
2003.0,72.0,0.495004
2003.0,73.0,0.48147
2003.0,74.0,0.508927
2003.0,75.0,0.517788
2003.0,76.0,0.504469
2003.0,77.0,0.538252
2003.0,78.0,0.514894
2003.0,79.0,0.481087
2003.0,80.0,0.488659
2003.0,81.0,0.516401
2003.0,82.0,0.500926
2003.0,83.0,0.515916
2003.0,84.0,0.491675
2003.0,85.0,0.491798
2003.0,86.0,0.475591
2003.0,87.0,0.526231
2003.0,88.0,0.494348
2003.0,89.0,0.540043
2003.0,90.0,0.519962
2003.0,91.0,0.506808
2003.0,92.0,0.479761
2003.0,93.0,0.489866
2003.0,94.0,0.49713
2003.0,95.0,0.501652
2003.0,96.0,0.484062
2003.0,97.0,0.511585
2003.0,98.0,0.532485
2003.0,99.0,0.477392
2003.0,100.0,0.480097
2003.0,101.0,0.525225
2003.0,102.0,0.482211
2003.0,103.0,0.497584
2003.0,104.0,0.537566
2003.0,105.0,0.553772
2003.0,106.0,0.505655
2003.0,107.0,0.526514
2003.0,108.0,0.507957
2003.0,109.0,0.510642
2003.0,110.0,0.501478
2003.0,111.0,0.520023
2003.0,112.0,0.483982
2003.0,113.0,0.502183
2003.0,114.0,0.484106
2003.0,115.0,0.517391
2003.0,116.0,0.530196
2003.0,117.0,0.509549
2003.0,118.0,0.526461
2003.0,119.0,0.517396
2003.0,120.0,0.490506
2003.0,121.0,0.510222
2003.0,122.0,0.546417
2003.0,123.0,0.497431
2003.0,124.0,0.517
2003.0,125.0,0.537697
2003.0,126.0,0.53718
2003.0,127.0,0.515584
2003.0,128.0,0.481712
2003.0,129.0,0.506815
2003.0,130.0,0.558036
2003.0,131.0,0.520884
2003.0,132.0,0.490741
2003.0,133.0,0.536394
2003.0,134.0,0.47418
2003.0,135.0,0.460798
2003.0,136.0,0.518755
2003.0,137.0,0.486572
2003.0,138.0,0.49411
2003.0,139.0,0.48285
2003.0,140.0,0.490579
2003.0,141.0,0.487749
2003.0,142.0,0.514801
2003.0,143.0,0.501242
2003.0,144.0,0.543669
2003.0,145.0,0.498416
2003.0,146.0,0.457223
2003.0,147.0,0.487904
2003.0,148.0,0.533057
2003.0,149.0,0.540076
2004.0,0.0,0.502383
2004.0,1.0,0.493535
2004.0,2.0,0.491867
2004.0,3.0,0.475545
2004.0,4.0,0.531503
2004.0,5.0,0.512249
2004.0,6.0,0.526752
2004.0,7.0,0.486438
2004.0,8.0,0.50421
2004.0,9.0,0.454637
2004.0,10.0,0.49104
2004.0,11.0,0.525949
2004.0,12.0,0.490766
2004.0,13.0,0.55841
2004.0,14.0,0.538863
2004.0,15.0,0.517929
2004.0,16.0,0.477253
2004.0,17.0,0.496136
2004.0,18.0,0.51289
2004.0,19.0,0.488386
2004.0,20.0,0.498313
2004.0,21.0,0.443497
2004.0,22.0,0.504353
2004.0,23.0,0.471898
2004.0,24.0,0.537041
2004.0,25.0,0.494382
2004.0,26.0,0.501958
2004.0,27.0,0.473129
2004.0,28.0,0.497259
2004.0,29.0,0.487551
2004.0,30.0,0.448501
2004.0,31.0,0.470172
2004.0,32.0,0.556124
2004.0,33.0,0.531857
2004.0,34.0,0.490579
2004.0,35.0,0.517624
2004.0,36.0,0.505019
2004.0,37.0,0.469075
2004.0,38.0,0.50115
2004.0,39.0,0.519448
2004.0,40.0,0.501335
2004.0,41.0,0.481725
2004.0,42.0,0.497135
2004.0,43.0,0.485726
2004.0,44.0,0.513812
2004.0,45.0,0.510903
2004.0,46.0,0.453258
2004.0,47.0,0.525583
2004.0,48.0,0.516312
2004.0,49.0,0.476461
2004.0,50.0,0.495115
2004.0,51.0,0.470398
2004.0,52.0,0.486448
2004.0,53.0,0.486961
2004.0,54.0,0.519097
2004.0,55.0,0.523449
2004.0,56.0,0.5147
2004.0,57.0,0.515875
2004.0,58.0,0.495883
2004.0,59.0,0.474588
2004.0,60.0,0.522219
2004.0,61.0,0.512463
2004.0,62.0,0.461566
2004.0,63.0,0.475745
2004.0,64.0,0.483148
2004.0,65.0,0.498899
2004.0,66.0,0.518064
2004.0,67.0,0.509427
2004.0,68.0,0.498573
2004.0,69.0,0.535106
2004.0,70.0,0.498465
2004.0,71.0,0.512913
2004.0,72.0,0.496025
2004.0,73.0,0.482072
2004.0,74.0,0.508741
2004.0,75.0,0.518306
2004.0,76.0,0.503617
2004.0,77.0,0.538267
2004.0,78.0,0.514334
2004.0,79.0,0.480785
2004.0,80.0,0.488957
2004.0,81.0,0.515739
2004.0,82.0,0.501146
2004.0,83.0,0.51649
2004.0,84.0,0.491341
2004.0,85.0,0.491553
2004.0,86.0,0.475848
2004.0,87.0,0.526388
2004.0,88.0,0.494726
2004.0,89.0,0.53966
2004.0,90.0,0.520022
2004.0,91.0,0.507228
2004.0,92.0,0.480146
2004.0,93.0,0.489736
2004.0,94.0,0.497035
2004.0,95.0,0.50196
2004.0,96.0,0.483557
2004.0,97.0,0.512567
2004.0,98.0,0.533075
2004.0,99.0,0.477418
2004.0,100.0,0.479475
2004.0,101.0,0.525831
2004.0,102.0,0.482199
2004.0,103.0,0.497754
2004.0,104.0,0.538451
2004.0,105.0,0.55389
2004.0,106.0,0.505779
2004.0,107.0,0.526212
2004.0,108.0,0.50841
2004.0,109.0,0.510175
2004.0,110.0,0.501518
2004.0,111.0,0.519239
2004.0,112.0,0.484415
2004.0,113.0,0.501679
2004.0,114.0,0.483705
2004.0,115.0,0.517195
2004.0,116.0,0.530245
2004.0,117.0,0.509494
2004.0,118.0,0.52637
2004.0,119.0,0.518641
2004.0,120.0,0.490301
2004.0,121.0,0.509794
2004.0,122.0,0.546122
2004.0,123.0,0.497125
2004.0,124.0,0.517125
2004.0,125.0,0.537698
2004.0,126.0,0.538151
2004.0,127.0,0.515773
2004.0,128.0,0.482156
2004.0,129.0,0.506564
2004.0,130.0,0.558196
2004.0,131.0,0.520448
2004.0,132.0,0.490806
2004.0,133.0,0.536206
2004.0,134.0,0.474353
2004.0,135.0,0.460315
2004.0,136.0,0.518047
2004.0,137.0,0.486329
2004.0,138.0,0.49342
2004.0,139.0,0.482783
2004.0,140.0,0.489866
2004.0,141.0,0.487681
2004.0,142.0,0.514608
2004.0,143.0,0.501881
2004.0,144.0,0.543579
2004.0,145.0,0.498299
2004.0,146.0,0.457364
2004.0,147.0,0.487982
2004.0,148.0,0.532708
2004.0,149.0,0.541238
2005.0,0.0,0.502073
2005.0,1.0,0.494246
2005.0,2.0,0.491504
2005.0,3.0,0.475254
2005.0,4.0,0.53135
2005.0,5.0,0.511923
2005.0,6.0,0.526194
2005.0,7.0,0.486812
2005.0,8.0,0.504591
2005.0,9.0,0.45419
2005.0,10.0,0.490244
2005.0,11.0,0.527351
2005.0,12.0,0.490621
2005.0,13.0,0.558795
2005.0,14.0,0.538803
2005.0,15.0,0.51788
2005.0,16.0,0.477428
2005.0,17.0,0.495628
2005.0,18.0,0.512748
2005.0,19.0,0.488818
2005.0,20.0,0.49749
2005.0,21.0,0.443566
2005.0,22.0,0.504963
2005.0,23.0,0.470945
2005.0,24.0,0.536973
2005.0,25.0,0.494314
2005.0,26.0,0.501818
2005.0,27.0,0.47272
2005.0,28.0,0.498699
2005.0,29.0,0.487489
2005.0,30.0,0.448559
2005.0,31.0,0.469793
2005.0,32.0,0.556752
2005.0,33.0,0.531779
2005.0,34.0,0.490445
2005.0,35.0,0.517011
2005.0,36.0,0.505919
2005.0,37.0,0.469382
2005.0,38.0,0.501315
2005.0,39.0,0.519389
2005.0,40.0,0.500712
2005.0,41.0,0.481352
2005.0,42.0,0.497599
2005.0,43.0,0.485724
2005.0,44.0,0.513522
2005.0,45.0,0.511241
2005.0,46.0,0.453426
2005.0,47.0,0.525621
2005.0,48.0,0.515587
2005.0,49.0,0.47554
2005.0,50.0,0.495046
2005.0,51.0,0.470425
2005.0,52.0,0.486771
2005.0,53.0,0.488063
2005.0,54.0,0.519389
2005.0,55.0,0.524054
2005.0,56.0,0.513435
2005.0,57.0,0.515182
2005.0,58.0,0.496023
2005.0,59.0,0.475123
2005.0,60.0,0.52306
2005.0,61.0,0.512148
2005.0,62.0,0.461991
2005.0,63.0,0.475813
2005.0,64.0,0.483337
2005.0,65.0,0.499172
2005.0,66.0,0.517961
2005.0,67.0,0.509441
2005.0,68.0,0.498674
2005.0,69.0,0.534262
2005.0,70.0,0.498856
2005.0,71.0,0.512773
2005.0,72.0,0.496063
2005.0,73.0,0.482006
2005.0,74.0,0.508645
2005.0,75.0,0.517998
2005.0,76.0,0.502859
2005.0,77.0,0.53884
2005.0,78.0,0.513709
2005.0,79.0,0.480327
2005.0,80.0,0.488527
2005.0,81.0,0.516114
2005.0,82.0,0.501175
2005.0,83.0,0.516914
2005.0,84.0,0.491445
2005.0,85.0,0.490622
2005.0,86.0,0.475986
2005.0,87.0,0.526251
2005.0,88.0,0.495036
2005.0,89.0,0.539503
2005.0,90.0,0.520145
2005.0,91.0,0.50666
2005.0,92.0,0.480389
2005.0,93.0,0.49031
2005.0,94.0,0.497287
2005.0,95.0,0.502234
2005.0,96.0,0.483617
2005.0,97.0,0.512362
2005.0,98.0,0.533518
2005.0,99.0,0.476755
2005.0,100.0,0.47917
2005.0,101.0,0.525783
2005.0,102.0,0.481866
2005.0,103.0,0.496847
2005.0,104.0,0.538235
2005.0,105.0,0.554537
2005.0,106.0,0.506239
2005.0,107.0,0.526222
2005.0,108.0,0.508481
2005.0,109.0,0.510418
2005.0,110.0,0.500546
2005.0,111.0,0.518917
2005.0,112.0,0.484259
2005.0,113.0,0.502671
2005.0,114.0,0.484504
2005.0,115.0,0.517476
2005.0,116.0,0.529583
2005.0,117.0,0.508702
2005.0,118.0,0.52582
2005.0,119.0,0.518932
2005.0,120.0,0.49044
2005.0,121.0,0.509603
2005.0,122.0,0.546419
2005.0,123.0,0.497566
2005.0,124.0,0.517655
2005.0,125.0,0.538273
2005.0,126.0,0.53866
2005.0,127.0,0.516209
2005.0,128.0,0.482129
2005.0,129.0,0.506871
2005.0,130.0,0.55824
2005.0,131.0,0.520349
2005.0,132.0,0.49145
2005.0,133.0,0.536771
2005.0,134.0,0.474381
2005.0,135.0,0.459819
2005.0,136.0,0.518004
2005.0,137.0,0.486692
2005.0,138.0,0.493505
2005.0,139.0,0.481595
2005.0,140.0,0.489201
2005.0,141.0,0.487512
2005.0,142.0,0.515286
2005.0,143.0,0.501178
2005.0,144.0,0.543214
2005.0,145.0,0.4986
2005.0,146.0,0.457011
2005.0,147.0,0.488861
2005.0,148.0,0.531516
2005.0,149.0,0.541441
2006.0,0.0,0.501938
2006.0,1.0,0.493838
2006.0,2.0,0.492494
2006.0,3.0,0.476194
2006.0,4.0,0.531462
2006.0,5.0,0.511693
2006.0,6.0,0.526447
2006.0,7.0,0.486771
2006.0,8.0,0.50549
2006.0,9.0,0.454514
2006.0,10.0,0.490375
2006.0,11.0,0.527507
2006.0,12.0,0.489902
2006.0,13.0,0.558492
2006.0,14.0,0.539319
2006.0,15.0,0.517041
2006.0,16.0,0.477686
2006.0,17.0,0.495777
2006.0,18.0,0.513554
2006.0,19.0,0.489386
2006.0,20.0,0.497605
2006.0,21.0,0.443007
2006.0,22.0,0.505598
2006.0,23.0,0.471345
2006.0,24.0,0.536865
2006.0,25.0,0.494487
2006.0,26.0,0.501689
2006.0,27.0,0.471494
2006.0,28.0,0.498651
2006.0,29.0,0.488024
2006.0,30.0,0.448798
2006.0,31.0,0.469683
2006.0,32.0,0.557213
2006.0,33.0,0.531585
2006.0,34.0,0.490873
2006.0,35.0,0.516681
2006.0,36.0,0.505275
2006.0,37.0,0.469964
2006.0,38.0,0.500959
2006.0,39.0,0.519805
2006.0,40.0,0.501139
2006.0,41.0,0.480877
2006.0,42.0,0.497715
2006.0,43.0,0.485953
2006.0,44.0,0.512998
2006.0,45.0,0.511325
2006.0,46.0,0.45291
2006.0,47.0,0.525065
2006.0,48.0,0.515821
2006.0,49.0,0.475877
2006.0,50.0,0.495369
2006.0,51.0,0.470036
2006.0,52.0,0.487048
2006.0,53.0,0.488627
2006.0,54.0,0.519231
2006.0,55.0,0.524186
2006.0,56.0,0.513818
2006.0,57.0,0.51544
2006.0,58.0,0.495778
2006.0,59.0,0.475307
2006.0,60.0,0.523355
2006.0,61.0,0.512039
2006.0,62.0,0.461616
2006.0,63.0,0.476241
2006.0,64.0,0.48453
2006.0,65.0,0.499154
2006.0,66.0,0.518962
2006.0,67.0,0.510267
2006.0,68.0,0.498612
2006.0,69.0,0.534916
2006.0,70.0,0.499563
2006.0,71.0,0.512309
2006.0,72.0,0.496135
2006.0,73.0,0.481772
2006.0,74.0,0.507148
2006.0,75.0,0.517372
2006.0,76.0,0.502998
2006.0,77.0,0.53875
2006.0,78.0,0.514328
2006.0,79.0,0.479431
2006.0,80.0,0.488336
2006.0,81.0,0.515892
2006.0,82.0,0.501165
2006.0,83.0,0.516447
2006.0,84.0,0.490749
2006.0,85.0,0.491334
2006.0,86.0,0.476277
2006.0,87.0,0.526178
2006.0,88.0,0.494119
2006.0,89.0,0.539021
2006.0,90.0,0.520491
2006.0,91.0,0.505821
2006.0,92.0,0.480545
2006.0,93.0,0.490281
2006.0,94.0,0.497217
2006.0,95.0,0.501305
2006.0,96.0,0.483825
2006.0,97.0,0.513147
2006.0,98.0,0.53316
2006.0,99.0,0.477268
2006.0,100.0,0.479007
2006.0,101.0,0.526037
2006.0,102.0,0.482992
2006.0,103.0,0.497273
2006.0,104.0,0.538185
2006.0,105.0,0.554149
2006.0,106.0,0.505756
2006.0,107.0,0.525673
2006.0,108.0,0.508479
2006.0,109.0,0.510544
2006.0,110.0,0.500185
2006.0,111.0,0.519461
2006.0,112.0,0.484364
2006.0,113.0,0.502625
2006.0,114.0,0.484266
2006.0,115.0,0.517404
2006.0,116.0,0.52935
2006.0,117.0,0.508523
2006.0,118.0,0.525699
2006.0,119.0,0.519151
2006.0,120.0,0.491022
2006.0,121.0,0.510685
2006.0,122.0,0.546722
2006.0,123.0,0.497969
2006.0,124.0,0.51801
2006.0,125.0,0.538041
2006.0,126.0,0.538901
2006.0,127.0,0.516765
2006.0,128.0,0.482145
2006.0,129.0,0.506314
2006.0,130.0,0.558666
2006.0,131.0,0.520893
2006.0,132.0,0.490729
2006.0,133.0,0.536438
2006.0,134.0,0.474457
2006.0,135.0,0.459502
2006.0,136.0,0.518011
2006.0,137.0,0.48686
2006.0,138.0,0.493087
2006.0,139.0,0.481106
2006.0,140.0,0.489484
2006.0,141.0,0.487644
2006.0,142.0,0.515491
2006.0,143.0,0.500906
2006.0,144.0,0.543174
2006.0,145.0,0.499134
2006.0,146.0,0.457163
2006.0,147.0,0.487977
2006.0,148.0,0.531612
2006.0,149.0,0.541883
2007.0,0.0,0.502275
2007.0,1.0,0.494563
2007.0,2.0,0.492118
2007.0,3.0,0.475455
2007.0,4.0,0.531815
2007.0,5.0,0.512341
2007.0,6.0,0.526344
2007.0,7.0,0.487069
2007.0,8.0,0.504974
2007.0,9.0,0.45577
2007.0,10.0,0.489809
2007.0,11.0,0.528058
2007.0,12.0,0.48884
2007.0,13.0,0.558017
2007.0,14.0,0.539438
2007.0,15.0,0.516404
2007.0,16.0,0.478665
2007.0,17.0,0.495513
2007.0,18.0,0.513119
2007.0,19.0,0.490354
2007.0,20.0,0.498044
2007.0,21.0,0.443252
2007.0,22.0,0.505508
2007.0,23.0,0.470816
2007.0,24.0,0.537484
2007.0,25.0,0.494599
2007.0,26.0,0.502197
2007.0,27.0,0.471468
2007.0,28.0,0.499348
2007.0,29.0,0.487845
2007.0,30.0,0.449397
2007.0,31.0,0.469378
2007.0,32.0,0.556888
2007.0,33.0,0.531875
2007.0,34.0,0.490564
2007.0,35.0,0.515621
2007.0,36.0,0.505131
2007.0,37.0,0.470772
2007.0,38.0,0.500598
2007.0,39.0,0.519527
2007.0,40.0,0.500804
2007.0,41.0,0.482035
2007.0,42.0,0.49785
2007.0,43.0,0.486034
2007.0,44.0,0.513397
2007.0,45.0,0.510817
2007.0,46.0,0.453657
2007.0,47.0,0.525113
2007.0,48.0,0.514792
2007.0,49.0,0.475657
2007.0,50.0,0.495611
2007.0,51.0,0.469715
2007.0,52.0,0.487142
2007.0,53.0,0.488904
2007.0,54.0,0.519961
2007.0,55.0,0.524359
2007.0,56.0,0.514018
2007.0,57.0,0.514196
2007.0,58.0,0.496087
2007.0,59.0,0.475527
2007.0,60.0,0.523025
2007.0,61.0,0.51295
2007.0,62.0,0.461141
2007.0,63.0,0.475796
2007.0,64.0,0.484714
2007.0,65.0,0.49892
2007.0,66.0,0.519493
2007.0,67.0,0.510067
2007.0,68.0,0.49933
2007.0,69.0,0.535122
2007.0,70.0,0.498654
2007.0,71.0,0.51243
2007.0,72.0,0.495763
2007.0,73.0,0.481915
2007.0,74.0,0.507146
2007.0,75.0,0.517236
2007.0,76.0,0.502303
2007.0,77.0,0.53785
2007.0,78.0,0.513706
2007.0,79.0,0.480184
2007.0,80.0,0.487619
2007.0,81.0,0.516011
2007.0,82.0,0.499849
2007.0,83.0,0.516336
2007.0,84.0,0.49163
2007.0,85.0,0.490663
2007.0,86.0,0.475894
2007.0,87.0,0.525898
2007.0,88.0,0.49428
2007.0,89.0,0.539282
2007.0,90.0,0.520367
2007.0,91.0,0.50673
2007.0,92.0,0.480741
2007.0,93.0,0.489277
2007.0,94.0,0.497853
2007.0,95.0,0.50095
2007.0,96.0,0.483405
2007.0,97.0,0.512873
2007.0,98.0,0.533463
2007.0,99.0,0.478259
2007.0,100.0,0.478864
2007.0,101.0,0.525664
2007.0,102.0,0.482792
2007.0,103.0,0.497156
2007.0,104.0,0.53821
2007.0,105.0,0.554742
2007.0,106.0,0.504896
2007.0,107.0,0.526437
2007.0,108.0,0.508793
2007.0,109.0,0.510205
2007.0,110.0,0.500226
2007.0,111.0,0.520785
2007.0,112.0,0.484483
2007.0,113.0,0.501406
2007.0,114.0,0.484475
2007.0,115.0,0.518047
2007.0,116.0,0.529402
2007.0,117.0,0.509008
2007.0,118.0,0.526274
2007.0,119.0,0.518551
2007.0,120.0,0.490371
2007.0,121.0,0.511173
2007.0,122.0,0.547749
2007.0,123.0,0.497727
2007.0,124.0,0.518089
2007.0,125.0,0.538109
2007.0,126.0,0.539485
2007.0,127.0,0.515932
2007.0,128.0,0.482256
2007.0,129.0,0.506457
2007.0,130.0,0.558773
2007.0,131.0,0.520577
2007.0,132.0,0.49079
2007.0,133.0,0.535897
2007.0,134.0,0.47396
2007.0,135.0,0.45955
2007.0,136.0,0.517946
2007.0,137.0,0.486513
2007.0,138.0,0.493108
2007.0,139.0,0.47975
2007.0,140.0,0.489109
2007.0,141.0,0.487343
2007.0,142.0,0.515572
2007.0,143.0,0.501479
2007.0,144.0,0.544274
2007.0,145.0,0.498627
2007.0,146.0,0.457788
2007.0,147.0,0.487631
2007.0,148.0,0.531633
2007.0,149.0,0.541774
2008.0,0.0,0.502219
2008.0,1.0,0.494286
2008.0,2.0,0.491844
2008.0,3.0,0.475723
2008.0,4.0,0.531875
2008.0,5.0,0.51179
2008.0,6.0,0.526641
2008.0,7.0,0.487528
2008.0,8.0,0.504279
2008.0,9.0,0.456197
2008.0,10.0,0.489718
2008.0,11.0,0.527915
2008.0,12.0,0.488925
2008.0,13.0,0.558701
2008.0,14.0,0.539229
2008.0,15.0,0.516561
2008.0,16.0,0.478089
2008.0,17.0,0.494909
2008.0,18.0,0.512798
2008.0,19.0,0.490247
2008.0,20.0,0.497464
2008.0,21.0,0.442788
2008.0,22.0,0.505195
2008.0,23.0,0.469711
2008.0,24.0,0.536762
2008.0,25.0,0.494253
2008.0,26.0,0.502157
2008.0,27.0,0.471406
2008.0,28.0,0.50023
2008.0,29.0,0.487886
2008.0,30.0,0.449345
2008.0,31.0,0.469295
2008.0,32.0,0.556586
2008.0,33.0,0.531852
2008.0,34.0,0.490277
2008.0,35.0,0.516124
2008.0,36.0,0.504388
2008.0,37.0,0.470316
2008.0,38.0,0.500393
2008.0,39.0,0.519524
2008.0,40.0,0.501226
2008.0,41.0,0.481844
2008.0,42.0,0.498167
2008.0,43.0,0.48482
2008.0,44.0,0.512921
2008.0,45.0,0.510691
2008.0,46.0,0.45364
2008.0,47.0,0.524901
2008.0,48.0,0.514774
2008.0,49.0,0.475272
2008.0,50.0,0.496218
2008.0,51.0,0.470541
2008.0,52.0,0.486035
2008.0,53.0,0.489807
2008.0,54.0,0.51929
2008.0,55.0,0.524643
2008.0,56.0,0.513703
2008.0,57.0,0.51446
2008.0,58.0,0.496342
2008.0,59.0,0.475077
2008.0,60.0,0.523131
2008.0,61.0,0.512683
2008.0,62.0,0.461829
2008.0,63.0,0.475862
2008.0,64.0,0.484669
2008.0,65.0,0.498316
2008.0,66.0,0.519328
2008.0,67.0,0.510656
2008.0,68.0,0.499574
2008.0,69.0,0.535022
2008.0,70.0,0.497886
2008.0,71.0,0.512771
2008.0,72.0,0.494938
2008.0,73.0,0.481873
2008.0,74.0,0.50645
2008.0,75.0,0.516909
2008.0,76.0,0.50203
2008.0,77.0,0.537806
2008.0,78.0,0.513891
2008.0,79.0,0.480677
2008.0,80.0,0.486863
2008.0,81.0,0.516346
2008.0,82.0,0.499677
2008.0,83.0,0.51674
2008.0,84.0,0.491782
2008.0,85.0,0.490229
2008.0,86.0,0.475324
2008.0,87.0,0.525815
2008.0,88.0,0.494017
2008.0,89.0,0.539054
2008.0,90.0,0.520638
2008.0,91.0,0.506365
2008.0,92.0,0.481642
2008.0,93.0,0.488486
2008.0,94.0,0.497291
2008.0,95.0,0.501356
2008.0,96.0,0.483515
2008.0,97.0,0.513287
2008.0,98.0,0.53296
2008.0,99.0,0.47847
2008.0,100.0,0.479262
2008.0,101.0,0.526109
2008.0,102.0,0.483706
2008.0,103.0,0.49632
2008.0,104.0,0.537901
2008.0,105.0,0.55483
2008.0,106.0,0.504899
2008.0,107.0,0.526857
2008.0,108.0,0.508553
2008.0,109.0,0.509711
2008.0,110.0,0.500335
2008.0,111.0,0.519605
2008.0,112.0,0.484428
2008.0,113.0,0.501492
2008.0,114.0,0.484814
2008.0,115.0,0.517142
2008.0,116.0,0.529567
2008.0,117.0,0.50821
2008.0,118.0,0.52586
2008.0,119.0,0.519204
2008.0,120.0,0.491302
2008.0,121.0,0.511207
2008.0,122.0,0.547224
2008.0,123.0,0.498369
2008.0,124.0,0.518562
2008.0,125.0,0.53767
2008.0,126.0,0.540658
2008.0,127.0,0.51613
2008.0,128.0,0.481329
2008.0,129.0,0.506113
2008.0,130.0,0.557902
2008.0,131.0,0.520624
2008.0,132.0,0.490757
2008.0,133.0,0.535812
2008.0,134.0,0.474251
2008.0,135.0,0.460374
2008.0,136.0,0.518232
2008.0,137.0,0.486854
2008.0,138.0,0.492888
2008.0,139.0,0.479596
2008.0,140.0,0.489115
2008.0,141.0,0.487346
2008.0,142.0,0.515538
2008.0,143.0,0.502025
2008.0,144.0,0.543504
2008.0,145.0,0.497843
2008.0,146.0,0.457446
2008.0,147.0,0.487788
2008.0,148.0,0.530909
2008.0,149.0,0.541281
2009.0,0.0,0.50123
2009.0,1.0,0.49431
2009.0,2.0,0.491717
2009.0,3.0,0.476272
2009.0,4.0,0.532538
2009.0,5.0,0.511292
2009.0,6.0,0.526606
2009.0,7.0,0.487212
2009.0,8.0,0.504142
2009.0,9.0,0.456183
2009.0,10.0,0.490242
2009.0,11.0,0.527424
2009.0,12.0,0.48917
2009.0,13.0,0.557755
2009.0,14.0,0.539145
2009.0,15.0,0.516616
2009.0,16.0,0.478061
2009.0,17.0,0.495595
2009.0,18.0,0.513271
2009.0,19.0,0.489485
2009.0,20.0,0.498118
2009.0,21.0,0.442566
2009.0,22.0,0.504961
2009.0,23.0,0.468768
2009.0,24.0,0.537562
2009.0,25.0,0.494138
2009.0,26.0,0.503194
2009.0,27.0,0.471582
2009.0,28.0,0.500661
2009.0,29.0,0.487744
2009.0,30.0,0.449288
2009.0,31.0,0.46949
2009.0,32.0,0.55659
2009.0,33.0,0.531791
2009.0,34.0,0.489553
2009.0,35.0,0.515105
2009.0,36.0,0.504805
2009.0,37.0,0.471225
2009.0,38.0,0.500491
2009.0,39.0,0.519977
2009.0,40.0,0.501388
2009.0,41.0,0.481794
2009.0,42.0,0.497803
2009.0,43.0,0.484728
2009.0,44.0,0.512902
2009.0,45.0,0.510477
2009.0,46.0,0.453893
2009.0,47.0,0.524223
2009.0,48.0,0.516025
2009.0,49.0,0.474586
2009.0,50.0,0.49624
2009.0,51.0,0.470496
2009.0,52.0,0.486179
2009.0,53.0,0.4903
2009.0,54.0,0.518687
2009.0,55.0,0.52416
2009.0,56.0,0.514086
2009.0,57.0,0.514161
2009.0,58.0,0.495944
2009.0,59.0,0.474947
2009.0,60.0,0.522559
2009.0,61.0,0.51277
2009.0,62.0,0.461275
2009.0,63.0,0.475088
2009.0,64.0,0.484689
2009.0,65.0,0.499224
2009.0,66.0,0.518049
2009.0,67.0,0.511147
2009.0,68.0,0.499385
2009.0,69.0,0.535184
2009.0,70.0,0.498278
2009.0,71.0,0.512635
2009.0,72.0,0.494875
2009.0,73.0,0.481695
2009.0,74.0,0.506425
2009.0,75.0,0.517852
2009.0,76.0,0.502567
2009.0,77.0,0.538132
2009.0,78.0,0.514534
2009.0,79.0,0.480253
2009.0,80.0,0.48665
2009.0,81.0,0.517021
2009.0,82.0,0.498849
2009.0,83.0,0.51688
2009.0,84.0,0.492187
2009.0,85.0,0.490158
2009.0,86.0,0.475689
2009.0,87.0,0.525624
2009.0,88.0,0.493941
2009.0,89.0,0.539852
2009.0,90.0,0.520846
2009.0,91.0,0.506884
2009.0,92.0,0.481846
2009.0,93.0,0.488415
2009.0,94.0,0.497345
2009.0,95.0,0.501652
2009.0,96.0,0.483747
2009.0,97.0,0.513194
2009.0,98.0,0.533194
2009.0,99.0,0.477558
2009.0,100.0,0.47852
2009.0,101.0,0.526125
2009.0,102.0,0.484046
2009.0,103.0,0.496282
2009.0,104.0,0.539282
2009.0,105.0,0.555325
2009.0,106.0,0.504991
2009.0,107.0,0.52702
2009.0,108.0,0.508731
2009.0,109.0,0.509236
2009.0,110.0,0.499823
2009.0,111.0,0.519611
2009.0,112.0,0.484391
2009.0,113.0,0.500823
2009.0,114.0,0.485004
2009.0,115.0,0.517855
2009.0,116.0,0.529373
2009.0,117.0,0.508491
2009.0,118.0,0.526043
2009.0,119.0,0.519813
2009.0,120.0,0.491351
2009.0,121.0,0.511061
2009.0,122.0,0.547363
2009.0,123.0,0.49885
2009.0,124.0,0.518913
2009.0,125.0,0.537491
2009.0,126.0,0.540347
2009.0,127.0,0.516537
2009.0,128.0,0.481754
2009.0,129.0,0.506522
2009.0,130.0,0.558184
2009.0,131.0,0.519709
2009.0,132.0,0.490995
2009.0,133.0,0.536564
2009.0,134.0,0.473746
2009.0,135.0,0.459774
2009.0,136.0,0.518314
2009.0,137.0,0.486995
2009.0,138.0,0.491996
2009.0,139.0,0.480376
2009.0,140.0,0.488627
2009.0,141.0,0.487176
2009.0,142.0,0.516666
2009.0,143.0,0.502684
2009.0,144.0,0.543191
2009.0,145.0,0.498451
2009.0,146.0,0.457955
2009.0,147.0,0.487272
2009.0,148.0,0.530673
2009.0,149.0,0.540522
2010.0,0.0,0.501308
2010.0,1.0,0.493891
2010.0,2.0,0.491197
2010.0,3.0,0.476911
2010.0,4.0,0.532576
2010.0,5.0,0.511533
2010.0,6.0,0.526913
2010.0,7.0,0.486789
2010.0,8.0,0.503905
2010.0,9.0,0.455835
2010.0,10.0,0.490282
2010.0,11.0,0.527789
2010.0,12.0,0.488815
2010.0,13.0,0.557468
2010.0,14.0,0.53873
2010.0,15.0,0.516386
2010.0,16.0,0.478324
2010.0,17.0,0.495808
2010.0,18.0,0.513131
2010.0,19.0,0.490049
2010.0,20.0,0.498
2010.0,21.0,0.442126
2010.0,22.0,0.505694
2010.0,23.0,0.469525
2010.0,24.0,0.537808
2010.0,25.0,0.494238
2010.0,26.0,0.503952
2010.0,27.0,0.470974
2010.0,28.0,0.500279
2010.0,29.0,0.48696
2010.0,30.0,0.449442
2010.0,31.0,0.46968
2010.0,32.0,0.556696
2010.0,33.0,0.532423
2010.0,34.0,0.489906
2010.0,35.0,0.515278
2010.0,36.0,0.504685
2010.0,37.0,0.469318
2010.0,38.0,0.50067
2010.0,39.0,0.520493
2010.0,40.0,0.500894
2010.0,41.0,0.481222
2010.0,42.0,0.497943
2010.0,43.0,0.484989
2010.0,44.0,0.512417
2010.0,45.0,0.51123
2010.0,46.0,0.453542
2010.0,47.0,0.523455
2010.0,48.0,0.515646
2010.0,49.0,0.474117
2010.0,50.0,0.496059
2010.0,51.0,0.470501
2010.0,52.0,0.485394
2010.0,53.0,0.490108
2010.0,54.0,0.517903
2010.0,55.0,0.524273
2010.0,56.0,0.514409
2010.0,57.0,0.515182
2010.0,58.0,0.495762
2010.0,59.0,0.474584
2010.0,60.0,0.523038
2010.0,61.0,0.512501
2010.0,62.0,0.461372
2010.0,63.0,0.4749
2010.0,64.0,0.484053
2010.0,65.0,0.499638
2010.0,66.0,0.518884
2010.0,67.0,0.511631
2010.0,68.0,0.499532
2010.0,69.0,0.535599
2010.0,70.0,0.498514
2010.0,71.0,0.512232
2010.0,72.0,0.494183
2010.0,73.0,0.481148
2010.0,74.0,0.506231
2010.0,75.0,0.517307
2010.0,76.0,0.503927
2010.0,77.0,0.538254
2010.0,78.0,0.51412
2010.0,79.0,0.480754
2010.0,80.0,0.4863
2010.0,81.0,0.517159
2010.0,82.0,0.499124
2010.0,83.0,0.516528
2010.0,84.0,0.492402
2010.0,85.0,0.489905
2010.0,86.0,0.475908
2010.0,87.0,0.525453
2010.0,88.0,0.494221
2010.0,89.0,0.540119
2010.0,90.0,0.520817
2010.0,91.0,0.507712
2010.0,92.0,0.481968
2010.0,93.0,0.488077
2010.0,94.0,0.496574
2010.0,95.0,0.501944
2010.0,96.0,0.483562
2010.0,97.0,0.513499
2010.0,98.0,0.533215
2010.0,99.0,0.476969
2010.0,100.0,0.478517
2010.0,101.0,0.526342
2010.0,102.0,0.483175
2010.0,103.0,0.495955
2010.0,104.0,0.53924
2010.0,105.0,0.55485
2010.0,106.0,0.505079
2010.0,107.0,0.528089
2010.0,108.0,0.507511
2010.0,109.0,0.509592
2010.0,110.0,0.499854
2010.0,111.0,0.519228
2010.0,112.0,0.485169
2010.0,113.0,0.500696
2010.0,114.0,0.485021
2010.0,115.0,0.517706
2010.0,116.0,0.529108
2010.0,117.0,0.50925
2010.0,118.0,0.526141
2010.0,119.0,0.519224
2010.0,120.0,0.490988
2010.0,121.0,0.510425
2010.0,122.0,0.547629
2010.0,123.0,0.499288
2010.0,124.0,0.518333
2010.0,125.0,0.537309
2010.0,126.0,0.540443
2010.0,127.0,0.517343
2010.0,128.0,0.481639
2010.0,129.0,0.506605
2010.0,130.0,0.557246
2010.0,131.0,0.519255
2010.0,132.0,0.491373
2010.0,133.0,0.536687
2010.0,134.0,0.473687
2010.0,135.0,0.460478
2010.0,136.0,0.518195
2010.0,137.0,0.48733
2010.0,138.0,0.491625
2010.0,139.0,0.479879
2010.0,140.0,0.488217
2010.0,141.0,0.486762
2010.0,142.0,0.516476
2010.0,143.0,0.503042
2010.0,144.0,0.543173
2010.0,145.0,0.497359
2010.0,146.0,0.457861
2010.0,147.0,0.487247
2010.0,148.0,0.530497
2010.0,149.0,0.539949
3000.0,0.0,0.468527
3000.0,1.0,0.495993
3000.0,2.0,0.485096
3000.0,3.0,0.480774
3000.0,4.0,0.531895
3000.0,5.0,0.507006
3000.0,6.0,0.525322
3000.0,7.0,0.504632
3000.0,8.0,0.498991
3000.0,9.0,0.498459
3000.0,10.0,0.466605
3000.0,11.0,0.521684
3000.0,12.0,0.49788
3000.0,13.0,0.533388
3000.0,14.0,0.561289
3000.0,15.0,0.523164
3000.0,16.0,0.468148
3000.0,17.0,0.491094
3000.0,18.0,0.502829
3000.0,19.0,0.467805
3000.0,20.0,0.474318
3000.0,21.0,0.459894
3000.0,22.0,0.506041
3000.0,23.0,0.470207
3000.0,24.0,0.516438
3000.0,25.0,0.50762
3000.0,26.0,0.504791
3000.0,27.0,0.476321
3000.0,28.0,0.475008
3000.0,29.0,0.487352
3000.0,30.0,0.451289
3000.0,31.0,0.494962
3000.0,32.0,0.522229
3000.0,33.0,0.505038
3000.0,34.0,0.478051
3000.0,35.0,0.522232
3000.0,36.0,0.498671
3000.0,37.0,0.468287
3000.0,38.0,0.479323
3000.0,39.0,0.533445
3000.0,40.0,0.491037
3000.0,41.0,0.452635
3000.0,42.0,0.485049
3000.0,43.0,0.488001
3000.0,44.0,0.51574
3000.0,45.0,0.505575
3000.0,46.0,0.460989
3000.0,47.0,0.495306
3000.0,48.0,0.522219
3000.0,49.0,0.459248
3000.0,50.0,0.492186
3000.0,51.0,0.437939
3000.0,52.0,0.462431
3000.0,53.0,0.506393
3000.0,54.0,0.527303
3000.0,55.0,0.535023
3000.0,56.0,0.512124
3000.0,57.0,0.510996
3000.0,58.0,0.476133
3000.0,59.0,0.480368
3000.0,60.0,0.534377
3000.0,61.0,0.507471
3000.0,62.0,0.463413
3000.0,63.0,0.448886
3000.0,64.0,0.470151
3000.0,65.0,0.496564
3000.0,66.0,0.544311
3000.0,67.0,0.531254
3000.0,68.0,0.499462
3000.0,69.0,0.531948
3000.0,70.0,0.489925
3000.0,71.0,0.514038
3000.0,72.0,0.491986
3000.0,73.0,0.492473
3000.0,74.0,0.53299
3000.0,75.0,0.51075
3000.0,76.0,0.530515
3000.0,77.0,0.558533
3000.0,78.0,0.511196
3000.0,79.0,0.497549
3000.0,80.0,0.464723
3000.0,81.0,0.507852
3000.0,82.0,0.517733
3000.0,83.0,0.485814
3000.0,84.0,0.498486
3000.0,85.0,0.504769
3000.0,86.0,0.471798
3000.0,87.0,0.520392
3000.0,88.0,0.481254
3000.0,89.0,0.537644
3000.0,90.0,0.513356
3000.0,91.0,0.511215
3000.0,92.0,0.47601
3000.0,93.0,0.500386
3000.0,94.0,0.489151
3000.0,95.0,0.478551
3000.0,96.0,0.490563
3000.0,97.0,0.526864
3000.0,98.0,0.558906
3000.0,99.0,0.506014
3000.0,100.0,0.495189
3000.0,101.0,0.542736
3000.0,102.0,0.483239
3000.0,103.0,0.472593
3000.0,104.0,0.541037
3000.0,105.0,0.576216
3000.0,106.0,0.512646
3000.0,107.0,0.511363
3000.0,108.0,0.525391
3000.0,109.0,0.49764
3000.0,110.0,0.527006
3000.0,111.0,0.488377
3000.0,112.0,0.510502
3000.0,113.0,0.475848
3000.0,114.0,0.483111
3000.0,115.0,0.51812
3000.0,116.0,0.526971
3000.0,117.0,0.499543
3000.0,118.0,0.526935
3000.0,119.0,0.53877
3000.0,120.0,0.483266
3000.0,121.0,0.487439
3000.0,122.0,0.544596
3000.0,123.0,0.500592
3000.0,124.0,0.525332
3000.0,125.0,0.534902
3000.0,126.0,0.548537
3000.0,127.0,0.518511
3000.0,128.0,0.466124
3000.0,129.0,0.494468
3000.0,130.0,0.556215
3000.0,131.0,0.487695
3000.0,132.0,0.484617
3000.0,133.0,0.54807
3000.0,134.0,0.444948
3000.0,135.0,0.457211
3000.0,136.0,0.485661
3000.0,137.0,0.484358
3000.0,138.0,0.480178
3000.0,139.0,0.501905
3000.0,140.0,0.47961
3000.0,141.0,0.479687
3000.0,142.0,0.510926
3000.0,143.0,0.4976
3000.0,144.0,0.55462
3000.0,145.0,0.479762
3000.0,146.0,0.465305
3000.0,147.0,0.491191
3000.0,148.0,0.53129
3000.0,149.0,0.524292
3001.0,0.0,0.468529
3001.0,1.0,0.495958
3001.0,2.0,0.484501
3001.0,3.0,0.479926
3001.0,4.0,0.532749
3001.0,5.0,0.50727
3001.0,6.0,0.525247
3001.0,7.0,0.503919
3001.0,8.0,0.499152
3001.0,9.0,0.49825
3001.0,10.0,0.466868
3001.0,11.0,0.521511
3001.0,12.0,0.498607
3001.0,13.0,0.533585
3001.0,14.0,0.561739
3001.0,15.0,0.523652
3001.0,16.0,0.467496
3001.0,17.0,0.491254
3001.0,18.0,0.502176
3001.0,19.0,0.468138
3001.0,20.0,0.474461
3001.0,21.0,0.459948
3001.0,22.0,0.505541
3001.0,23.0,0.470789
3001.0,24.0,0.516363
3001.0,25.0,0.507011
3001.0,26.0,0.50517
3001.0,27.0,0.476657
3001.0,28.0,0.475285
3001.0,29.0,0.486542
3001.0,30.0,0.45156
3001.0,31.0,0.494966
3001.0,32.0,0.52191
3001.0,33.0,0.504568
3001.0,34.0,0.47824
3001.0,35.0,0.521646
3001.0,36.0,0.499802
3001.0,37.0,0.467305
3001.0,38.0,0.478242
3001.0,39.0,0.533357
3001.0,40.0,0.490965
3001.0,41.0,0.451292
3001.0,42.0,0.484768
3001.0,43.0,0.487733
3001.0,44.0,0.515475
3001.0,45.0,0.505727
3001.0,46.0,0.461279
3001.0,47.0,0.495214
3001.0,48.0,0.522248
3001.0,49.0,0.459112
3001.0,50.0,0.492696
3001.0,51.0,0.43809
3001.0,52.0,0.462491
3001.0,53.0,0.505912
3001.0,54.0,0.527708
3001.0,55.0,0.535887
3001.0,56.0,0.512219
3001.0,57.0,0.511272
3001.0,58.0,0.475284
3001.0,59.0,0.479812
3001.0,60.0,0.534005
3001.0,61.0,0.507893
3001.0,62.0,0.46245
3001.0,63.0,0.449647
3001.0,64.0,0.469923
3001.0,65.0,0.497847
3001.0,66.0,0.544194
3001.0,67.0,0.531509
3001.0,68.0,0.499526
3001.0,69.0,0.531778
3001.0,70.0,0.489851
3001.0,71.0,0.513613
3001.0,72.0,0.491709
3001.0,73.0,0.49324
3001.0,74.0,0.532659
3001.0,75.0,0.510392
3001.0,76.0,0.53094
3001.0,77.0,0.559054
3001.0,78.0,0.511537
3001.0,79.0,0.497938
3001.0,80.0,0.465105
3001.0,81.0,0.506764
3001.0,82.0,0.517934
3001.0,83.0,0.485482
3001.0,84.0,0.498181
3001.0,85.0,0.50424
3001.0,86.0,0.471057
3001.0,87.0,0.520764
3001.0,88.0,0.481016
3001.0,89.0,0.538349
3001.0,90.0,0.512777
3001.0,91.0,0.511334
3001.0,92.0,0.475665
3001.0,93.0,0.500742
3001.0,94.0,0.489209
3001.0,95.0,0.47804
3001.0,96.0,0.490134
3001.0,97.0,0.526282
3001.0,98.0,0.559034
3001.0,99.0,0.506587
3001.0,100.0,0.495123
3001.0,101.0,0.542297
3001.0,102.0,0.483479
3001.0,103.0,0.472988
3001.0,104.0,0.540848
3001.0,105.0,0.575422
3001.0,106.0,0.513014
3001.0,107.0,0.512038
3001.0,108.0,0.526405
3001.0,109.0,0.497909
3001.0,110.0,0.526626
3001.0,111.0,0.487697
3001.0,112.0,0.510219
3001.0,113.0,0.476284
3001.0,114.0,0.483955
3001.0,115.0,0.517224
3001.0,116.0,0.52662
3001.0,117.0,0.499551
3001.0,118.0,0.528013
3001.0,119.0,0.540097
3001.0,120.0,0.48271
3001.0,121.0,0.486828
3001.0,122.0,0.544924
3001.0,123.0,0.500638
3001.0,124.0,0.525752
3001.0,125.0,0.533784
3001.0,126.0,0.548317
3001.0,127.0,0.517328
3001.0,128.0,0.466373
3001.0,129.0,0.49477
3001.0,130.0,0.55625
3001.0,131.0,0.487471
3001.0,132.0,0.485274
3001.0,133.0,0.548527
3001.0,134.0,0.444546
3001.0,135.0,0.457283
3001.0,136.0,0.485576
3001.0,137.0,0.483099
3001.0,138.0,0.480779
3001.0,139.0,0.501517
3001.0,140.0,0.479908
3001.0,141.0,0.479809
3001.0,142.0,0.510951
3001.0,143.0,0.497952
3001.0,144.0,0.555315
3001.0,145.0,0.479338
3001.0,146.0,0.465613
3001.0,147.0,0.491001
3001.0,148.0,0.530209
3001.0,149.0,0.523647
3002.0,0.0,0.467779
3002.0,1.0,0.495692
3002.0,2.0,0.48518
3002.0,3.0,0.48027
3002.0,4.0,0.531995
3002.0,5.0,0.506783
3002.0,6.0,0.524896
3002.0,7.0,0.503421
3002.0,8.0,0.499976
3002.0,9.0,0.498411
3002.0,10.0,0.467104
3002.0,11.0,0.522133
3002.0,12.0,0.499137
3002.0,13.0,0.533412
3002.0,14.0,0.561753
3002.0,15.0,0.522813
3002.0,16.0,0.467178
3002.0,17.0,0.490997
3002.0,18.0,0.50264
3002.0,19.0,0.468176
3002.0,20.0,0.473447
3002.0,21.0,0.459362
3002.0,22.0,0.505716
3002.0,23.0,0.471694
3002.0,24.0,0.515396
3002.0,25.0,0.507304
3002.0,26.0,0.505581
3002.0,27.0,0.476319
3002.0,28.0,0.474749
3002.0,29.0,0.486207
3002.0,30.0,0.450603
3002.0,31.0,0.494427
3002.0,32.0,0.520997
3002.0,33.0,0.503346
3002.0,34.0,0.478004
3002.0,35.0,0.521681
3002.0,36.0,0.499867
3002.0,37.0,0.467618
3002.0,38.0,0.47841
3002.0,39.0,0.53342
3002.0,40.0,0.489833
3002.0,41.0,0.450998
3002.0,42.0,0.485312
3002.0,43.0,0.487306
3002.0,44.0,0.515602
3002.0,45.0,0.505469
3002.0,46.0,0.460687
3002.0,47.0,0.495712
3002.0,48.0,0.522405
3002.0,49.0,0.45892
3002.0,50.0,0.492124
3002.0,51.0,0.438068
3002.0,52.0,0.462212
3002.0,53.0,0.506108
3002.0,54.0,0.527133
3002.0,55.0,0.535952
3002.0,56.0,0.511699
3002.0,57.0,0.512049
3002.0,58.0,0.475105
3002.0,59.0,0.4789
3002.0,60.0,0.534342
3002.0,61.0,0.507667
3002.0,62.0,0.462143
3002.0,63.0,0.449688
3002.0,64.0,0.469334
3002.0,65.0,0.497753
3002.0,66.0,0.543805
3002.0,67.0,0.530949
3002.0,68.0,0.499432
3002.0,69.0,0.532285
3002.0,70.0,0.490489
3002.0,71.0,0.513265
3002.0,72.0,0.491664
3002.0,73.0,0.493469
3002.0,74.0,0.532534
3002.0,75.0,0.510857
3002.0,76.0,0.530534
3002.0,77.0,0.559467
3002.0,78.0,0.511922
3002.0,79.0,0.497172
3002.0,80.0,0.464057
3002.0,81.0,0.506038
3002.0,82.0,0.518188
3002.0,83.0,0.486245
3002.0,84.0,0.498307
3002.0,85.0,0.503858
3002.0,86.0,0.471301
3002.0,87.0,0.520647
3002.0,88.0,0.481585
3002.0,89.0,0.539255
3002.0,90.0,0.512797
3002.0,91.0,0.511081
3002.0,92.0,0.476663
3002.0,93.0,0.501367
3002.0,94.0,0.488659
3002.0,95.0,0.477963
3002.0,96.0,0.489921
3002.0,97.0,0.526574
3002.0,98.0,0.558002
3002.0,99.0,0.506582
3002.0,100.0,0.493951
3002.0,101.0,0.54189
3002.0,102.0,0.483329
3002.0,103.0,0.472598
3002.0,104.0,0.540767
3002.0,105.0,0.575294
3002.0,106.0,0.51302
3002.0,107.0,0.512144
3002.0,108.0,0.526596
3002.0,109.0,0.497756
3002.0,110.0,0.52776
3002.0,111.0,0.487496
3002.0,112.0,0.509784
3002.0,113.0,0.477394
3002.0,114.0,0.484337
3002.0,115.0,0.517264
3002.0,116.0,0.525941
3002.0,117.0,0.499874
3002.0,118.0,0.527641
3002.0,119.0,0.54088
3002.0,120.0,0.483303
3002.0,121.0,0.485677
3002.0,122.0,0.544453
3002.0,123.0,0.499704
3002.0,124.0,0.525126
3002.0,125.0,0.533702
3002.0,126.0,0.548829
3002.0,127.0,0.517481
3002.0,128.0,0.466371
3002.0,129.0,0.494317
3002.0,130.0,0.555835
3002.0,131.0,0.487046
3002.0,132.0,0.485505
3002.0,133.0,0.548373
3002.0,134.0,0.444937
3002.0,135.0,0.456886
3002.0,136.0,0.485099
3002.0,137.0,0.483253
3002.0,138.0,0.480224
3002.0,139.0,0.501035
3002.0,140.0,0.479917
3002.0,141.0,0.478799
3002.0,142.0,0.510746
3002.0,143.0,0.496992
3002.0,144.0,0.554463
3002.0,145.0,0.479593
3002.0,146.0,0.465821
3002.0,147.0,0.491669
3002.0,148.0,0.530074
3002.0,149.0,0.522809
3003.0,0.0,0.467535
3003.0,1.0,0.496035
3003.0,2.0,0.484335
3003.0,3.0,0.479544
3003.0,4.0,0.53194
3003.0,5.0,0.506833
3003.0,6.0,0.524543
3003.0,7.0,0.50448
3003.0,8.0,0.500387
3003.0,9.0,0.499299
3003.0,10.0,0.466383
3003.0,11.0,0.522225
3003.0,12.0,0.499243
3003.0,13.0,0.533076
3003.0,14.0,0.561921
3003.0,15.0,0.522111
3003.0,16.0,0.4662
3003.0,17.0,0.490638
3003.0,18.0,0.502217
3003.0,19.0,0.468622
3003.0,20.0,0.473719
3003.0,21.0,0.459346
3003.0,22.0,0.506482
3003.0,23.0,0.471485
3003.0,24.0,0.515357
3003.0,25.0,0.50681
3003.0,26.0,0.506759
3003.0,27.0,0.477621
3003.0,28.0,0.474753
3003.0,29.0,0.486218
3003.0,30.0,0.451005
3003.0,31.0,0.494386
3003.0,32.0,0.520921
3003.0,33.0,0.503531
3003.0,34.0,0.477126
3003.0,35.0,0.521173
3003.0,36.0,0.499264
3003.0,37.0,0.467003
3003.0,38.0,0.477618
3003.0,39.0,0.533123
3003.0,40.0,0.489518
3003.0,41.0,0.450928
3003.0,42.0,0.485285
3003.0,43.0,0.487226
3003.0,44.0,0.51538
3003.0,45.0,0.505189
3003.0,46.0,0.460823
3003.0,47.0,0.494826
3003.0,48.0,0.522255
3003.0,49.0,0.458379
3003.0,50.0,0.492795
3003.0,51.0,0.437972
3003.0,52.0,0.462494
3003.0,53.0,0.506325
3003.0,54.0,0.526842
3003.0,55.0,0.53494
3003.0,56.0,0.512549
3003.0,57.0,0.511484
3003.0,58.0,0.474554
3003.0,59.0,0.478921
3003.0,60.0,0.534174
3003.0,61.0,0.507995
3003.0,62.0,0.462234
3003.0,63.0,0.450781
3003.0,64.0,0.469454
3003.0,65.0,0.498106
3003.0,66.0,0.544027
3003.0,67.0,0.531198
3003.0,68.0,0.499247
3003.0,69.0,0.532593
3003.0,70.0,0.490193
3003.0,71.0,0.513151
3003.0,72.0,0.491848
3003.0,73.0,0.493677
3003.0,74.0,0.533393
3003.0,75.0,0.511504
3003.0,76.0,0.531422
3003.0,77.0,0.559267
3003.0,78.0,0.512605
3003.0,79.0,0.497378
3003.0,80.0,0.464058
3003.0,81.0,0.506416
3003.0,82.0,0.518433
3003.0,83.0,0.485175
3003.0,84.0,0.49768
3003.0,85.0,0.503984
3003.0,86.0,0.471189
3003.0,87.0,0.519903
3003.0,88.0,0.481486
3003.0,89.0,0.53895
3003.0,90.0,0.512557
3003.0,91.0,0.511289
3003.0,92.0,0.47703
3003.0,93.0,0.501224
3003.0,94.0,0.488702
3003.0,95.0,0.47796
3003.0,96.0,0.490706
3003.0,97.0,0.527507
3003.0,98.0,0.558664
3003.0,99.0,0.506931
3003.0,100.0,0.49356
3003.0,101.0,0.542942
3003.0,102.0,0.483059
3003.0,103.0,0.472177
3003.0,104.0,0.541028
3003.0,105.0,0.575581
3003.0,106.0,0.512958
3003.0,107.0,0.511884
3003.0,108.0,0.526431
3003.0,109.0,0.497418
3003.0,110.0,0.526821
3003.0,111.0,0.488983
3003.0,112.0,0.509227
3003.0,113.0,0.476874
3003.0,114.0,0.484128
3003.0,115.0,0.518008
3003.0,116.0,0.526616
3003.0,117.0,0.500637
3003.0,118.0,0.526684
3003.0,119.0,0.541951
3003.0,120.0,0.483841
3003.0,121.0,0.484822
3003.0,122.0,0.543658
3003.0,123.0,0.499974
3003.0,124.0,0.524506
3003.0,125.0,0.533277
3003.0,126.0,0.547222
3003.0,127.0,0.517287
3003.0,128.0,0.465707
3003.0,129.0,0.494106
3003.0,130.0,0.555179
3003.0,131.0,0.486826
3003.0,132.0,0.485459
3003.0,133.0,0.547995
3003.0,134.0,0.444269
3003.0,135.0,0.457047
3003.0,136.0,0.485397
3003.0,137.0,0.483562
3003.0,138.0,0.479701
3003.0,139.0,0.50053
3003.0,140.0,0.480663
3003.0,141.0,0.479029
3003.0,142.0,0.510598
3003.0,143.0,0.498054
3003.0,144.0,0.554056
3003.0,145.0,0.478556
3003.0,146.0,0.465915
3003.0,147.0,0.491476
3003.0,148.0,0.530517
3003.0,149.0,0.521842
3004.0,0.0,0.467579
3004.0,1.0,0.496249
3004.0,2.0,0.484385
3004.0,3.0,0.47879
3004.0,4.0,0.532827
3004.0,5.0,0.506974
3004.0,6.0,0.524542
3004.0,7.0,0.505136
3004.0,8.0,0.500421
3004.0,9.0,0.499001
3004.0,10.0,0.465669
3004.0,11.0,0.522512
3004.0,12.0,0.499315
3004.0,13.0,0.532683
3004.0,14.0,0.561744
3004.0,15.0,0.52229
3004.0,16.0,0.46626
3004.0,17.0,0.4909
3004.0,18.0,0.502506
3004.0,19.0,0.468082
3004.0,20.0,0.474106
3004.0,21.0,0.460423
3004.0,22.0,0.506845
3004.0,23.0,0.472526
3004.0,24.0,0.515554
3004.0,25.0,0.506711
3004.0,26.0,0.50602
3004.0,27.0,0.47722
3004.0,28.0,0.475127
3004.0,29.0,0.485819
3004.0,30.0,0.45145
3004.0,31.0,0.49455
3004.0,32.0,0.520341
3004.0,33.0,0.503838
3004.0,34.0,0.477639
3004.0,35.0,0.520603
3004.0,36.0,0.499652
3004.0,37.0,0.467124
3004.0,38.0,0.477451
3004.0,39.0,0.53412
3004.0,40.0,0.489724
3004.0,41.0,0.45153
3004.0,42.0,0.485579
3004.0,43.0,0.487045
3004.0,44.0,0.515242
3004.0,45.0,0.50504
3004.0,46.0,0.46063
3004.0,47.0,0.494393
3004.0,48.0,0.522234
3004.0,49.0,0.45873
3004.0,50.0,0.49298
3004.0,51.0,0.437871
3004.0,52.0,0.462789
3004.0,53.0,0.506409
3004.0,54.0,0.526998
3004.0,55.0,0.533968
3004.0,56.0,0.513691
3004.0,57.0,0.511816
3004.0,58.0,0.475195
3004.0,59.0,0.479438
3004.0,60.0,0.534188
3004.0,61.0,0.509127
3004.0,62.0,0.461691
3004.0,63.0,0.45106
3004.0,64.0,0.469344
3004.0,65.0,0.498328
3004.0,66.0,0.544469
3004.0,67.0,0.531053
3004.0,68.0,0.499072
3004.0,69.0,0.533026
3004.0,70.0,0.490423
3004.0,71.0,0.512839
3004.0,72.0,0.492001
3004.0,73.0,0.493616
3004.0,74.0,0.533532
3004.0,75.0,0.511337
3004.0,76.0,0.53238
3004.0,77.0,0.559473
3004.0,78.0,0.51257
3004.0,79.0,0.498009
3004.0,80.0,0.463893
3004.0,81.0,0.506867
3004.0,82.0,0.517967
3004.0,83.0,0.484084
3004.0,84.0,0.497703
3004.0,85.0,0.50408
3004.0,86.0,0.471604
3004.0,87.0,0.519511
3004.0,88.0,0.480784
3004.0,89.0,0.538839
3004.0,90.0,0.511458
3004.0,91.0,0.512009
3004.0,92.0,0.476043
3004.0,93.0,0.501185
3004.0,94.0,0.488815
3004.0,95.0,0.478524
3004.0,96.0,0.489165
3004.0,97.0,0.52798
3004.0,98.0,0.558448
3004.0,99.0,0.507573
3004.0,100.0,0.493842
3004.0,101.0,0.54355
3004.0,102.0,0.483561
3004.0,103.0,0.472888
3004.0,104.0,0.540646
3004.0,105.0,0.575354
3004.0,106.0,0.513837
3004.0,107.0,0.512032
3004.0,108.0,0.52572
3004.0,109.0,0.497853
3004.0,110.0,0.526934
3004.0,111.0,0.488915
3004.0,112.0,0.509036
3004.0,113.0,0.476897
3004.0,114.0,0.483729
3004.0,115.0,0.518069
3004.0,116.0,0.526195
3004.0,117.0,0.500185
3004.0,118.0,0.526719
3004.0,119.0,0.541672
3004.0,120.0,0.483291
3004.0,121.0,0.484649
3004.0,122.0,0.544518
3004.0,123.0,0.500023
3004.0,124.0,0.52539
3004.0,125.0,0.533299
3004.0,126.0,0.547514
3004.0,127.0,0.517196
3004.0,128.0,0.466185
3004.0,129.0,0.493063
3004.0,130.0,0.556258
3004.0,131.0,0.48697
3004.0,132.0,0.485573
3004.0,133.0,0.548158
3004.0,134.0,0.444502
3004.0,135.0,0.457971
3004.0,136.0,0.486443
3004.0,137.0,0.484806
3004.0,138.0,0.478932
3004.0,139.0,0.500305
3004.0,140.0,0.480166
3004.0,141.0,0.479822
3004.0,142.0,0.510319
3004.0,143.0,0.498518
3004.0,144.0,0.555044
3004.0,145.0,0.478733
3004.0,146.0,0.46633
3004.0,147.0,0.490821
3004.0,148.0,0.53026
3004.0,149.0,0.521939
3005.0,0.0,0.467496
3005.0,1.0,0.496292
3005.0,2.0,0.484073
3005.0,3.0,0.479313
3005.0,4.0,0.532072
3005.0,5.0,0.50667
3005.0,6.0,0.524166
3005.0,7.0,0.505844
3005.0,8.0,0.501071
3005.0,9.0,0.499134
3005.0,10.0,0.466049
3005.0,11.0,0.522681
3005.0,12.0,0.498988
3005.0,13.0,0.532173
3005.0,14.0,0.562154
3005.0,15.0,0.521762
3005.0,16.0,0.465929
3005.0,17.0,0.490676
3005.0,18.0,0.50307
3005.0,19.0,0.469005
3005.0,20.0,0.474019
3005.0,21.0,0.46093
3005.0,22.0,0.506818
3005.0,23.0,0.472832
3005.0,24.0,0.515007
3005.0,25.0,0.507158
3005.0,26.0,0.505988
3005.0,27.0,0.478298
3005.0,28.0,0.475284
3005.0,29.0,0.485648
3005.0,30.0,0.451266
3005.0,31.0,0.495079
3005.0,32.0,0.521172
3005.0,33.0,0.503545
3005.0,34.0,0.477296
3005.0,35.0,0.520279
3005.0,36.0,0.499561
3005.0,37.0,0.467472
3005.0,38.0,0.477541
3005.0,39.0,0.53316
3005.0,40.0,0.490598
3005.0,41.0,0.451318
3005.0,42.0,0.485843
3005.0,43.0,0.487346
3005.0,44.0,0.51488
3005.0,45.0,0.504936
3005.0,46.0,0.460778
3005.0,47.0,0.494946
3005.0,48.0,0.52195
3005.0,49.0,0.45848
3005.0,50.0,0.493399
3005.0,51.0,0.437568
3005.0,52.0,0.46264
3005.0,53.0,0.506071
3005.0,54.0,0.527056
3005.0,55.0,0.533976
3005.0,56.0,0.513025
3005.0,57.0,0.512894
3005.0,58.0,0.473526
3005.0,59.0,0.47875
3005.0,60.0,0.53377
3005.0,61.0,0.509052
3005.0,62.0,0.462238
3005.0,63.0,0.451365
3005.0,64.0,0.469337
3005.0,65.0,0.498677
3005.0,66.0,0.544255
3005.0,67.0,0.531018
3005.0,68.0,0.498542
3005.0,69.0,0.531838
3005.0,70.0,0.490819
3005.0,71.0,0.513677
3005.0,72.0,0.491144
3005.0,73.0,0.49278
3005.0,74.0,0.533029
3005.0,75.0,0.510991
3005.0,76.0,0.532129
3005.0,77.0,0.559398
3005.0,78.0,0.513696
3005.0,79.0,0.497469
3005.0,80.0,0.46304
3005.0,81.0,0.506986
3005.0,82.0,0.518105
3005.0,83.0,0.482758
3005.0,84.0,0.497508
3005.0,85.0,0.503439
3005.0,86.0,0.471901
3005.0,87.0,0.518622
3005.0,88.0,0.480993
3005.0,89.0,0.538927
3005.0,90.0,0.510899
3005.0,91.0,0.512428
3005.0,92.0,0.475898
3005.0,93.0,0.500521
3005.0,94.0,0.488821
3005.0,95.0,0.478926
3005.0,96.0,0.48896
3005.0,97.0,0.528122
3005.0,98.0,0.558081
3005.0,99.0,0.507508
3005.0,100.0,0.493613
3005.0,101.0,0.543582
3005.0,102.0,0.484116
3005.0,103.0,0.472804
3005.0,104.0,0.540767
3005.0,105.0,0.574867
3005.0,106.0,0.513662
3005.0,107.0,0.512787
3005.0,108.0,0.526184
3005.0,109.0,0.497281
3005.0,110.0,0.527337
3005.0,111.0,0.488897
3005.0,112.0,0.508089
3005.0,113.0,0.475176
3005.0,114.0,0.483014
3005.0,115.0,0.517487
3005.0,116.0,0.52581
3005.0,117.0,0.50049
3005.0,118.0,0.52562
3005.0,119.0,0.5419
3005.0,120.0,0.484182
3005.0,121.0,0.484723
3005.0,122.0,0.54467
3005.0,123.0,0.499288
3005.0,124.0,0.525646
3005.0,125.0,0.532981
3005.0,126.0,0.546797
3005.0,127.0,0.516362
3005.0,128.0,0.465594
3005.0,129.0,0.493262
3005.0,130.0,0.556218
3005.0,131.0,0.487026
3005.0,132.0,0.48579
3005.0,133.0,0.54929
3005.0,134.0,0.444548
3005.0,135.0,0.459064
3005.0,136.0,0.486439
3005.0,137.0,0.485312
3005.0,138.0,0.479648
3005.0,139.0,0.500379
3005.0,140.0,0.479959
3005.0,141.0,0.479595
3005.0,142.0,0.510965
3005.0,143.0,0.498327
3005.0,144.0,0.554708
3005.0,145.0,0.478768
3005.0,146.0,0.466199
3005.0,147.0,0.489829
3005.0,148.0,0.530797
3005.0,149.0,0.52127
3006.0,0.0,0.467755
3006.0,1.0,0.496446
3006.0,2.0,0.484657
3006.0,3.0,0.479688
3006.0,4.0,0.532163
3006.0,5.0,0.506426
3006.0,6.0,0.524697
3006.0,7.0,0.505996
3006.0,8.0,0.501285
3006.0,9.0,0.498672
3006.0,10.0,0.466448
3006.0,11.0,0.522889
3006.0,12.0,0.499662
3006.0,13.0,0.532356
3006.0,14.0,0.563065
3006.0,15.0,0.521208
3006.0,16.0,0.465435
3006.0,17.0,0.489532
3006.0,18.0,0.503347
3006.0,19.0,0.468351
3006.0,20.0,0.474065
3006.0,21.0,0.46159
3006.0,22.0,0.506857
3006.0,23.0,0.472833
3006.0,24.0,0.514423
3006.0,25.0,0.507638
3006.0,26.0,0.505393
3006.0,27.0,0.477218
3006.0,28.0,0.476292
3006.0,29.0,0.485369
3006.0,30.0,0.450558
3006.0,31.0,0.4956
3006.0,32.0,0.520651
3006.0,33.0,0.50404
3006.0,34.0,0.476911
3006.0,35.0,0.520659
3006.0,36.0,0.499503
3006.0,37.0,0.46785
3006.0,38.0,0.477942
3006.0,39.0,0.533569
3006.0,40.0,0.49053
3006.0,41.0,0.451096
3006.0,42.0,0.485161
3006.0,43.0,0.486831
3006.0,44.0,0.514025
3006.0,45.0,0.505051
3006.0,46.0,0.46005
3006.0,47.0,0.495663
3006.0,48.0,0.522406
3006.0,49.0,0.457934
3006.0,50.0,0.493476
3006.0,51.0,0.437605
3006.0,52.0,0.462416
3006.0,53.0,0.506393
3006.0,54.0,0.527085
3006.0,55.0,0.534674
3006.0,56.0,0.513322
3006.0,57.0,0.513368
3006.0,58.0,0.473542
3006.0,59.0,0.478316
3006.0,60.0,0.533888
3006.0,61.0,0.509577
3006.0,62.0,0.462471
3006.0,63.0,0.450622
3006.0,64.0,0.469145
3006.0,65.0,0.498734
3006.0,66.0,0.543842
3006.0,67.0,0.530295
3006.0,68.0,0.49893
3006.0,69.0,0.531644
3006.0,70.0,0.491209
3006.0,71.0,0.513352
3006.0,72.0,0.490778
3006.0,73.0,0.492342
3006.0,74.0,0.533059
3006.0,75.0,0.511177
3006.0,76.0,0.531661
3006.0,77.0,0.558872
3006.0,78.0,0.51334
3006.0,79.0,0.49822
3006.0,80.0,0.462162
3006.0,81.0,0.506456
3006.0,82.0,0.518236
3006.0,83.0,0.482668
3006.0,84.0,0.498096
3006.0,85.0,0.50276
3006.0,86.0,0.471981
3006.0,87.0,0.519164
3006.0,88.0,0.481151
3006.0,89.0,0.53946
3006.0,90.0,0.510943
3006.0,91.0,0.512195
3006.0,92.0,0.47644
3006.0,93.0,0.500937
3006.0,94.0,0.489263
3006.0,95.0,0.478336
3006.0,96.0,0.489134
3006.0,97.0,0.52849
3006.0,98.0,0.558531
3006.0,99.0,0.508341
3006.0,100.0,0.49315
3006.0,101.0,0.543732
3006.0,102.0,0.483776
3006.0,103.0,0.473115
3006.0,104.0,0.540541
3006.0,105.0,0.575338
3006.0,106.0,0.514112
3006.0,107.0,0.512765
3006.0,108.0,0.526654
3006.0,109.0,0.496673
3006.0,110.0,0.526913
3006.0,111.0,0.488851
3006.0,112.0,0.50734
3006.0,113.0,0.474443
3006.0,114.0,0.482964
3006.0,115.0,0.516773
3006.0,116.0,0.525658
3006.0,117.0,0.500847
3006.0,118.0,0.525242
3006.0,119.0,0.542325
3006.0,120.0,0.484131
3006.0,121.0,0.485344
3006.0,122.0,0.54425
3006.0,123.0,0.499212
3006.0,124.0,0.525063
3006.0,125.0,0.53408
3006.0,126.0,0.546959
3006.0,127.0,0.517042
3006.0,128.0,0.465903
3006.0,129.0,0.493273
3006.0,130.0,0.555833
3006.0,131.0,0.486815
3006.0,132.0,0.486651
3006.0,133.0,0.548859
3006.0,134.0,0.444884
3006.0,135.0,0.459592
3006.0,136.0,0.485991
3006.0,137.0,0.484757
3006.0,138.0,0.479263
3006.0,139.0,0.500137
3006.0,140.0,0.479537
3006.0,141.0,0.479492
3006.0,142.0,0.511228
3006.0,143.0,0.498008
3006.0,144.0,0.554902
3006.0,145.0,0.477871
3006.0,146.0,0.46577
3006.0,147.0,0.490655
3006.0,148.0,0.531025
3006.0,149.0,0.520788
3007.0,0.0,0.468711
3007.0,1.0,0.496096
3007.0,2.0,0.483708
3007.0,3.0,0.480004
3007.0,4.0,0.533745
3007.0,5.0,0.506257
3007.0,6.0,0.524435
3007.0,7.0,0.50546
3007.0,8.0,0.501403
3007.0,9.0,0.497907
3007.0,10.0,0.467308
3007.0,11.0,0.522425
3007.0,12.0,0.500403
3007.0,13.0,0.532151
3007.0,14.0,0.563195
3007.0,15.0,0.521268
3007.0,16.0,0.465255
3007.0,17.0,0.489307
3007.0,18.0,0.50274
3007.0,19.0,0.468158
3007.0,20.0,0.474082
3007.0,21.0,0.461447
3007.0,22.0,0.506675
3007.0,23.0,0.472169
3007.0,24.0,0.514854
3007.0,25.0,0.508662
3007.0,26.0,0.504611
3007.0,27.0,0.477558
3007.0,28.0,0.476039
3007.0,29.0,0.48458
3007.0,30.0,0.451277
3007.0,31.0,0.496148
3007.0,32.0,0.520971
3007.0,33.0,0.504462
3007.0,34.0,0.476729
3007.0,35.0,0.520814
3007.0,36.0,0.499806
3007.0,37.0,0.467178
3007.0,38.0,0.47746
3007.0,39.0,0.534485
3007.0,40.0,0.490436
3007.0,41.0,0.451694
3007.0,42.0,0.48479
3007.0,43.0,0.487083
3007.0,44.0,0.514095
3007.0,45.0,0.505874
3007.0,46.0,0.45915
3007.0,47.0,0.496681
3007.0,48.0,0.522761
3007.0,49.0,0.457695
3007.0,50.0,0.493517
3007.0,51.0,0.437865
3007.0,52.0,0.463167
3007.0,53.0,0.505922
3007.0,54.0,0.527321
3007.0,55.0,0.535795
3007.0,56.0,0.514243
3007.0,57.0,0.513915
3007.0,58.0,0.473261
3007.0,59.0,0.478737
3007.0,60.0,0.534302
3007.0,61.0,0.509999
3007.0,62.0,0.463879
3007.0,63.0,0.449331
3007.0,64.0,0.469329
3007.0,65.0,0.498901
3007.0,66.0,0.543592
3007.0,67.0,0.530309
3007.0,68.0,0.499189
3007.0,69.0,0.530725
3007.0,70.0,0.492459
3007.0,71.0,0.512859
3007.0,72.0,0.491197
3007.0,73.0,0.491957
3007.0,74.0,0.532567
3007.0,75.0,0.511945
3007.0,76.0,0.531828
3007.0,77.0,0.559197
3007.0,78.0,0.513322
3007.0,79.0,0.49815
3007.0,80.0,0.462202
3007.0,81.0,0.507179
3007.0,82.0,0.518122
3007.0,83.0,0.483586
3007.0,84.0,0.497657
3007.0,85.0,0.502892
3007.0,86.0,0.471867
3007.0,87.0,0.519311
3007.0,88.0,0.480832
3007.0,89.0,0.540179
3007.0,90.0,0.510283
3007.0,91.0,0.51228
3007.0,92.0,0.477162
3007.0,93.0,0.500247
3007.0,94.0,0.489928
3007.0,95.0,0.478363
3007.0,96.0,0.48866
3007.0,97.0,0.528181
3007.0,98.0,0.558894
3007.0,99.0,0.508011
3007.0,100.0,0.493544
3007.0,101.0,0.54376
3007.0,102.0,0.483956
3007.0,103.0,0.474658
3007.0,104.0,0.540814
3007.0,105.0,0.575816
3007.0,106.0,0.514324
3007.0,107.0,0.51261
3007.0,108.0,0.5264
3007.0,109.0,0.496058
3007.0,110.0,0.526684
3007.0,111.0,0.489019
3007.0,112.0,0.506869
3007.0,113.0,0.474491
3007.0,114.0,0.482575
3007.0,115.0,0.516959
3007.0,116.0,0.526306
3007.0,117.0,0.500674
3007.0,118.0,0.525086
3007.0,119.0,0.542955
3007.0,120.0,0.484138
3007.0,121.0,0.485622
3007.0,122.0,0.544291
3007.0,123.0,0.499545
3007.0,124.0,0.524906
3007.0,125.0,0.534141
3007.0,126.0,0.547373
3007.0,127.0,0.517029
3007.0,128.0,0.466095
3007.0,129.0,0.493083
3007.0,130.0,0.556287
3007.0,131.0,0.487084
3007.0,132.0,0.486754
3007.0,133.0,0.54909
3007.0,134.0,0.445095
3007.0,135.0,0.45959
3007.0,136.0,0.486858
3007.0,137.0,0.485
3007.0,138.0,0.47927
3007.0,139.0,0.499735
3007.0,140.0,0.479241
3007.0,141.0,0.480612
3007.0,142.0,0.511152
3007.0,143.0,0.498109
3007.0,144.0,0.554667
3007.0,145.0,0.478278
3007.0,146.0,0.465642
3007.0,147.0,0.49109
3007.0,148.0,0.530467
3007.0,149.0,0.521276
3008.0,0.0,0.4689
3008.0,1.0,0.495507
3008.0,2.0,0.483985
3008.0,3.0,0.479733
3008.0,4.0,0.533735
3008.0,5.0,0.505973
3008.0,6.0,0.524587
3008.0,7.0,0.506236
3008.0,8.0,0.501814
3008.0,9.0,0.498599
3008.0,10.0,0.467949
3008.0,11.0,0.522363
3008.0,12.0,0.501328
3008.0,13.0,0.531566
3008.0,14.0,0.562983
3008.0,15.0,0.521585
3008.0,16.0,0.464345
3008.0,17.0,0.48974
3008.0,18.0,0.503577
3008.0,19.0,0.468357
3008.0,20.0,0.4736
3008.0,21.0,0.461781
3008.0,22.0,0.507555
3008.0,23.0,0.471932
3008.0,24.0,0.514444
3008.0,25.0,0.508656
3008.0,26.0,0.504701
3008.0,27.0,0.478047
3008.0,28.0,0.476134
3008.0,29.0,0.483236
3008.0,30.0,0.451094
3008.0,31.0,0.495918
3008.0,32.0,0.520913
3008.0,33.0,0.504233
3008.0,34.0,0.477349
3008.0,35.0,0.520647
3008.0,36.0,0.499872
3008.0,37.0,0.468049
3008.0,38.0,0.476964
3008.0,39.0,0.534319
3008.0,40.0,0.490216
3008.0,41.0,0.452076
3008.0,42.0,0.484794
3008.0,43.0,0.487051
3008.0,44.0,0.515311
3008.0,45.0,0.505515
3008.0,46.0,0.459547
3008.0,47.0,0.496951
3008.0,48.0,0.522908
3008.0,49.0,0.457972
3008.0,50.0,0.494373
3008.0,51.0,0.438195
3008.0,52.0,0.463879
3008.0,53.0,0.506444
3008.0,54.0,0.528024
3008.0,55.0,0.535815
3008.0,56.0,0.514265
3008.0,57.0,0.514773
3008.0,58.0,0.473104
3008.0,59.0,0.478974
3008.0,60.0,0.535007
3008.0,61.0,0.510419
3008.0,62.0,0.463969
3008.0,63.0,0.449488
3008.0,64.0,0.469024
3008.0,65.0,0.49874
3008.0,66.0,0.543325
3008.0,67.0,0.531446
3008.0,68.0,0.498807
3008.0,69.0,0.530295
3008.0,70.0,0.492199
3008.0,71.0,0.513171
3008.0,72.0,0.490791
3008.0,73.0,0.491916
3008.0,74.0,0.532876
3008.0,75.0,0.511491
3008.0,76.0,0.532041
3008.0,77.0,0.55985
3008.0,78.0,0.513783
3008.0,79.0,0.498448
3008.0,80.0,0.461607
3008.0,81.0,0.506125
3008.0,82.0,0.51862
3008.0,83.0,0.484369
3008.0,84.0,0.497903
3008.0,85.0,0.502639
3008.0,86.0,0.472095
3008.0,87.0,0.519349
3008.0,88.0,0.481102
3008.0,89.0,0.540356
3008.0,90.0,0.509549
3008.0,91.0,0.512332
3008.0,92.0,0.47696
3008.0,93.0,0.499781
3008.0,94.0,0.490085
3008.0,95.0,0.477566
3008.0,96.0,0.489273
3008.0,97.0,0.52853
3008.0,98.0,0.55932
3008.0,99.0,0.508393
3008.0,100.0,0.494077
3008.0,101.0,0.544528
3008.0,102.0,0.48332
3008.0,103.0,0.474353
3008.0,104.0,0.541063
3008.0,105.0,0.575857
3008.0,106.0,0.513881
3008.0,107.0,0.512053
3008.0,108.0,0.526616
3008.0,109.0,0.495624
3008.0,110.0,0.526225
3008.0,111.0,0.489511
3008.0,112.0,0.507298
3008.0,113.0,0.474755
3008.0,114.0,0.482441
3008.0,115.0,0.517124
3008.0,116.0,0.526744
3008.0,117.0,0.500978
3008.0,118.0,0.524321
3008.0,119.0,0.543124
3008.0,120.0,0.483418
3008.0,121.0,0.485994
3008.0,122.0,0.544395
3008.0,123.0,0.499801
3008.0,124.0,0.524756
3008.0,125.0,0.533615
3008.0,126.0,0.546552
3008.0,127.0,0.516872
3008.0,128.0,0.465445
3008.0,129.0,0.492933
3008.0,130.0,0.55609
3008.0,131.0,0.487305
3008.0,132.0,0.486725
3008.0,133.0,0.54785
3008.0,134.0,0.444469
3008.0,135.0,0.459812
3008.0,136.0,0.485741
3008.0,137.0,0.484387
3008.0,138.0,0.478893
3008.0,139.0,0.50041
3008.0,140.0,0.478839
3008.0,141.0,0.481253
3008.0,142.0,0.51137
3008.0,143.0,0.497764
3008.0,144.0,0.555182
3008.0,145.0,0.478008
3008.0,146.0,0.466229
3008.0,147.0,0.490924
3008.0,148.0,0.530803
3008.0,149.0,0.521304
3009.0,0.0,0.468292
3009.0,1.0,0.494514
3009.0,2.0,0.484051
3009.0,3.0,0.479996
3009.0,4.0,0.533691
3009.0,5.0,0.505286
3009.0,6.0,0.524874
3009.0,7.0,0.506906
3009.0,8.0,0.502742
3009.0,9.0,0.498346
3009.0,10.0,0.467335
3009.0,11.0,0.522323
3009.0,12.0,0.501486
3009.0,13.0,0.531212
3009.0,14.0,0.563555
3009.0,15.0,0.52326
3009.0,16.0,0.464751
3009.0,17.0,0.489518
3009.0,18.0,0.503337
3009.0,19.0,0.46844
3009.0,20.0,0.473404
3009.0,21.0,0.461638
3009.0,22.0,0.507502
3009.0,23.0,0.471748
3009.0,24.0,0.514961
3009.0,25.0,0.508742
3009.0,26.0,0.504358
3009.0,27.0,0.47827
3009.0,28.0,0.475967
3009.0,29.0,0.482571
3009.0,30.0,0.45087
3009.0,31.0,0.494929
3009.0,32.0,0.521195
3009.0,33.0,0.503403
3009.0,34.0,0.477145
3009.0,35.0,0.521312
3009.0,36.0,0.500081
3009.0,37.0,0.467736
3009.0,38.0,0.477074
3009.0,39.0,0.534299
3009.0,40.0,0.490539
3009.0,41.0,0.451883
3009.0,42.0,0.483617
3009.0,43.0,0.487122
3009.0,44.0,0.514745
3009.0,45.0,0.505499
3009.0,46.0,0.459917
3009.0,47.0,0.49757
3009.0,48.0,0.522921
3009.0,49.0,0.458021
3009.0,50.0,0.494361
3009.0,51.0,0.438195
3009.0,52.0,0.464455
3009.0,53.0,0.506075
3009.0,54.0,0.527992
3009.0,55.0,0.534684
3009.0,56.0,0.514055
3009.0,57.0,0.51508
3009.0,58.0,0.473072
3009.0,59.0,0.479258
3009.0,60.0,0.535405
3009.0,61.0,0.510379
3009.0,62.0,0.464124
3009.0,63.0,0.449306
3009.0,64.0,0.469099
3009.0,65.0,0.49886
3009.0,66.0,0.542805
3009.0,67.0,0.531945
3009.0,68.0,0.498503
3009.0,69.0,0.530248
3009.0,70.0,0.491794
3009.0,71.0,0.513936
3009.0,72.0,0.491229
3009.0,73.0,0.492154
3009.0,74.0,0.533175
3009.0,75.0,0.511717
3009.0,76.0,0.533043
3009.0,77.0,0.55922
3009.0,78.0,0.513676
3009.0,79.0,0.499554
3009.0,80.0,0.461928
3009.0,81.0,0.506133
3009.0,82.0,0.51939
3009.0,83.0,0.483555
3009.0,84.0,0.497566
3009.0,85.0,0.50245
3009.0,86.0,0.472077
3009.0,87.0,0.520378
3009.0,88.0,0.481005
3009.0,89.0,0.540758
3009.0,90.0,0.509987
3009.0,91.0,0.512444
3009.0,92.0,0.476494
3009.0,93.0,0.499915
3009.0,94.0,0.490212
3009.0,95.0,0.47673
3009.0,96.0,0.489117
3009.0,97.0,0.529183
3009.0,98.0,0.559255
3009.0,99.0,0.507854
3009.0,100.0,0.494102
3009.0,101.0,0.544249
3009.0,102.0,0.484034
3009.0,103.0,0.474232
3009.0,104.0,0.540592
3009.0,105.0,0.576131
3009.0,106.0,0.513624
3009.0,107.0,0.512719
3009.0,108.0,0.526196
3009.0,109.0,0.495607
3009.0,110.0,0.525382
3009.0,111.0,0.489249
3009.0,112.0,0.508081
3009.0,113.0,0.475182
3009.0,114.0,0.482228
3009.0,115.0,0.517175
3009.0,116.0,0.526467
3009.0,117.0,0.500763
3009.0,118.0,0.524569
3009.0,119.0,0.543018
3009.0,120.0,0.483687
3009.0,121.0,0.48623
3009.0,122.0,0.544337
3009.0,123.0,0.499966
3009.0,124.0,0.524838
3009.0,125.0,0.533278
3009.0,126.0,0.546579
3009.0,127.0,0.517035
3009.0,128.0,0.466872
3009.0,129.0,0.493015
3009.0,130.0,0.555343
3009.0,131.0,0.48724
3009.0,132.0,0.486898
3009.0,133.0,0.54738
3009.0,134.0,0.443837
3009.0,135.0,0.45968
3009.0,136.0,0.486503
3009.0,137.0,0.484301
3009.0,138.0,0.478898
3009.0,139.0,0.499725
3009.0,140.0,0.478446
3009.0,141.0,0.482027
3009.0,142.0,0.511398
3009.0,143.0,0.498669
3009.0,144.0,0.555026
3009.0,145.0,0.477695
3009.0,146.0,0.465903
3009.0,147.0,0.491143
3009.0,148.0,0.530025
3009.0,149.0,0.520381
3010.0,0.0,0.467766
3010.0,1.0,0.493445
3010.0,2.0,0.483767
3010.0,3.0,0.479509
3010.0,4.0,0.53361
3010.0,5.0,0.506021
3010.0,6.0,0.525461
3010.0,7.0,0.507257
3010.0,8.0,0.501947
3010.0,9.0,0.497664
3010.0,10.0,0.467118
3010.0,11.0,0.522172
3010.0,12.0,0.501813
3010.0,13.0,0.531343
3010.0,14.0,0.563405
3010.0,15.0,0.522812
3010.0,16.0,0.464904
3010.0,17.0,0.489348
3010.0,18.0,0.503843
3010.0,19.0,0.469044
3010.0,20.0,0.473389
3010.0,21.0,0.460902
3010.0,22.0,0.507208
3010.0,23.0,0.472071
3010.0,24.0,0.514424
3010.0,25.0,0.508761
3010.0,26.0,0.503139
3010.0,27.0,0.478465
3010.0,28.0,0.476411
3010.0,29.0,0.482839
3010.0,30.0,0.451861
3010.0,31.0,0.495713
3010.0,32.0,0.521849
3010.0,33.0,0.502861
3010.0,34.0,0.476749
3010.0,35.0,0.521596
3010.0,36.0,0.500003
3010.0,37.0,0.46721
3010.0,38.0,0.477682
3010.0,39.0,0.534612
3010.0,40.0,0.490211
3010.0,41.0,0.451242
3010.0,42.0,0.483291
3010.0,43.0,0.487597
3010.0,44.0,0.514651
3010.0,45.0,0.504638
3010.0,46.0,0.459579
3010.0,47.0,0.496545
3010.0,48.0,0.522866
3010.0,49.0,0.457903
3010.0,50.0,0.494537
3010.0,51.0,0.438972
3010.0,52.0,0.465143
3010.0,53.0,0.506748
3010.0,54.0,0.52787
3010.0,55.0,0.534178
3010.0,56.0,0.514303
3010.0,57.0,0.514051
3010.0,58.0,0.472798
3010.0,59.0,0.479467
3010.0,60.0,0.534871
3010.0,61.0,0.510276
3010.0,62.0,0.464613
3010.0,63.0,0.449214
3010.0,64.0,0.468298
3010.0,65.0,0.49921
3010.0,66.0,0.542928
3010.0,67.0,0.531538
3010.0,68.0,0.498726
3010.0,69.0,0.530019
3010.0,70.0,0.491431
3010.0,71.0,0.513548
3010.0,72.0,0.490379
3010.0,73.0,0.492593
3010.0,74.0,0.533532
3010.0,75.0,0.511273
3010.0,76.0,0.532899
3010.0,77.0,0.559189
3010.0,78.0,0.513126
3010.0,79.0,0.500353
3010.0,80.0,0.462215
3010.0,81.0,0.505956
3010.0,82.0,0.519205
3010.0,83.0,0.482761
3010.0,84.0,0.496928
3010.0,85.0,0.503126
3010.0,86.0,0.472137
3010.0,87.0,0.520753
3010.0,88.0,0.480519
3010.0,89.0,0.541065
3010.0,90.0,0.510435
3010.0,91.0,0.512179
3010.0,92.0,0.476732
3010.0,93.0,0.500387
3010.0,94.0,0.490765
3010.0,95.0,0.477025
3010.0,96.0,0.489488
3010.0,97.0,0.529261
3010.0,98.0,0.559905
3010.0,99.0,0.507403
3010.0,100.0,0.494277
3010.0,101.0,0.543836
3010.0,102.0,0.483822
3010.0,103.0,0.475231
3010.0,104.0,0.541457
3010.0,105.0,0.575172
3010.0,106.0,0.513598
3010.0,107.0,0.513207
3010.0,108.0,0.525425
3010.0,109.0,0.495036
3010.0,110.0,0.525332
3010.0,111.0,0.489986
3010.0,112.0,0.508619
3010.0,113.0,0.475391
3010.0,114.0,0.481449
3010.0,115.0,0.518312
3010.0,116.0,0.526677
3010.0,117.0,0.500957
3010.0,118.0,0.525285
3010.0,119.0,0.542728
3010.0,120.0,0.483847
3010.0,121.0,0.487052
3010.0,122.0,0.545314
3010.0,123.0,0.499634
3010.0,124.0,0.524783
3010.0,125.0,0.53248
3010.0,126.0,0.546396
3010.0,127.0,0.515845
3010.0,128.0,0.467225
3010.0,129.0,0.493169
3010.0,130.0,0.555
3010.0,131.0,0.486568
3010.0,132.0,0.487433
3010.0,133.0,0.547645
3010.0,134.0,0.443756
3010.0,135.0,0.46056
3010.0,136.0,0.486157
3010.0,137.0,0.485158
3010.0,138.0,0.47834
3010.0,139.0,0.499628
3010.0,140.0,0.478206
3010.0,141.0,0.481195
3010.0,142.0,0.511172
3010.0,143.0,0.498195
3010.0,144.0,0.555027
3010.0,145.0,0.477489
3010.0,146.0,0.466253
3010.0,147.0,0.49186
3010.0,148.0,0.529575
3010.0,149.0,0.520442
4000.0,0.0,0.476782
4000.0,1.0,0.489915
4000.0,2.0,0.475567
4000.0,3.0,0.47608
4000.0,4.0,0.524769
4000.0,5.0,0.497365
4000.0,6.0,0.54275
4000.0,7.0,0.521566
4000.0,8.0,0.483092
4000.0,9.0,0.506653
4000.0,10.0,0.439446
4000.0,11.0,0.547683
4000.0,12.0,0.538466
4000.0,13.0,0.534649
4000.0,14.0,0.561474
4000.0,15.0,0.520369
4000.0,16.0,0.477406
4000.0,17.0,0.491878
4000.0,18.0,0.550413
4000.0,19.0,0.487604
4000.0,20.0,0.492203
4000.0,21.0,0.47813
4000.0,22.0,0.49611
4000.0,23.0,0.476639
4000.0,24.0,0.523531
4000.0,25.0,0.5282
4000.0,26.0,0.515721
4000.0,27.0,0.473772
4000.0,28.0,0.459607
4000.0,29.0,0.497981
4000.0,30.0,0.442995
4000.0,31.0,0.504965
4000.0,32.0,0.524005
4000.0,33.0,0.528252
4000.0,34.0,0.474025
4000.0,35.0,0.534287
4000.0,36.0,0.479055
4000.0,37.0,0.467211
4000.0,38.0,0.498998
4000.0,39.0,0.522089
4000.0,40.0,0.501281
4000.0,41.0,0.473421
4000.0,42.0,0.477328
4000.0,43.0,0.506556
4000.0,44.0,0.519148
4000.0,45.0,0.482735
4000.0,46.0,0.437011
4000.0,47.0,0.495864
4000.0,48.0,0.494038
4000.0,49.0,0.455745
4000.0,50.0,0.489556
4000.0,51.0,0.467559
4000.0,52.0,0.476694
4000.0,53.0,0.492462
4000.0,54.0,0.525558
4000.0,55.0,0.552321
4000.0,56.0,0.514037
4000.0,57.0,0.503996
4000.0,58.0,0.454825
4000.0,59.0,0.502081
4000.0,60.0,0.515875
4000.0,61.0,0.485043
4000.0,62.0,0.479042
4000.0,63.0,0.431914
4000.0,64.0,0.463693
4000.0,65.0,0.488733
4000.0,66.0,0.549479
4000.0,67.0,0.526503
4000.0,68.0,0.50247
4000.0,69.0,0.499876
4000.0,70.0,0.504053
4000.0,71.0,0.508716
4000.0,72.0,0.504078
4000.0,73.0,0.484278
4000.0,74.0,0.515308
4000.0,75.0,0.538585
4000.0,76.0,0.515748
4000.0,77.0,0.533369
4000.0,78.0,0.508827
4000.0,79.0,0.494187
4000.0,80.0,0.461496
4000.0,81.0,0.474528
4000.0,82.0,0.504386
4000.0,83.0,0.489724
4000.0,84.0,0.488852
4000.0,85.0,0.502584
4000.0,86.0,0.459943
4000.0,87.0,0.52293
4000.0,88.0,0.479699
4000.0,89.0,0.533137
4000.0,90.0,0.506284
4000.0,91.0,0.508747
4000.0,92.0,0.4781
4000.0,93.0,0.502217
4000.0,94.0,0.500854
4000.0,95.0,0.471413
4000.0,96.0,0.486983
4000.0,97.0,0.549407
4000.0,98.0,0.550341
4000.0,99.0,0.513336
4000.0,100.0,0.523716
4000.0,101.0,0.540503
4000.0,102.0,0.481539
4000.0,103.0,0.463168
4000.0,104.0,0.534854
4000.0,105.0,0.580173
4000.0,106.0,0.52038
4000.0,107.0,0.507694
4000.0,108.0,0.563468
4000.0,109.0,0.47874
4000.0,110.0,0.526797
4000.0,111.0,0.510452
4000.0,112.0,0.46496
4000.0,113.0,0.475751
4000.0,114.0,0.510125
4000.0,115.0,0.49266
4000.0,116.0,0.508903
4000.0,117.0,0.503365
4000.0,118.0,0.541034
4000.0,119.0,0.539681
4000.0,120.0,0.487038
4000.0,121.0,0.493301
4000.0,122.0,0.547664
4000.0,123.0,0.495148
4000.0,124.0,0.52981
4000.0,125.0,0.527026
4000.0,126.0,0.530149
4000.0,127.0,0.524575
4000.0,128.0,0.457115
4000.0,129.0,0.493631
4000.0,130.0,0.573251
4000.0,131.0,0.504254
4000.0,132.0,0.486266
4000.0,133.0,0.52755
4000.0,134.0,0.418768
4000.0,135.0,0.462994
4000.0,136.0,0.518509
4000.0,137.0,0.483456
4000.0,138.0,0.472377
4000.0,139.0,0.498271
4000.0,140.0,0.45639
4000.0,141.0,0.472946
4000.0,142.0,0.488961
4000.0,143.0,0.504923
4000.0,144.0,0.546622
4000.0,145.0,0.434809
4000.0,146.0,0.466863
4000.0,147.0,0.513525
4000.0,148.0,0.525024
4000.0,149.0,0.480824
4001.0,0.0,0.476355
4001.0,1.0,0.490336
4001.0,2.0,0.475316
4001.0,3.0,0.475857
4001.0,4.0,0.525439
4001.0,5.0,0.496658
4001.0,6.0,0.542654
4001.0,7.0,0.521119
4001.0,8.0,0.483036
4001.0,9.0,0.50714
4001.0,10.0,0.439794
4001.0,11.0,0.547299
4001.0,12.0,0.538793
4001.0,13.0,0.535085
4001.0,14.0,0.561673
4001.0,15.0,0.520924
4001.0,16.0,0.477034
4001.0,17.0,0.491941
4001.0,18.0,0.549778
4001.0,19.0,0.48748
4001.0,20.0,0.493329
4001.0,21.0,0.478104
4001.0,22.0,0.49636
4001.0,23.0,0.476644
4001.0,24.0,0.523691
4001.0,25.0,0.528633
4001.0,26.0,0.515884
4001.0,27.0,0.472768
4001.0,28.0,0.459491
4001.0,29.0,0.499275
4001.0,30.0,0.441949
4001.0,31.0,0.504668
4001.0,32.0,0.523738
4001.0,33.0,0.526936
4001.0,34.0,0.474402
4001.0,35.0,0.534799
4001.0,36.0,0.479149
4001.0,37.0,0.467989
4001.0,38.0,0.499038
4001.0,39.0,0.522566
4001.0,40.0,0.500994
4001.0,41.0,0.472809
4001.0,42.0,0.476897
4001.0,43.0,0.5067
4001.0,44.0,0.519073
4001.0,45.0,0.482075
4001.0,46.0,0.436738
4001.0,47.0,0.496112
4001.0,48.0,0.494333
4001.0,49.0,0.456108
4001.0,50.0,0.489199
4001.0,51.0,0.468119
4001.0,52.0,0.475804
4001.0,53.0,0.492866
4001.0,54.0,0.525527
4001.0,55.0,0.55287
4001.0,56.0,0.514453
4001.0,57.0,0.503883
4001.0,58.0,0.45563
4001.0,59.0,0.501812
4001.0,60.0,0.516037
4001.0,61.0,0.484268
4001.0,62.0,0.479097
4001.0,63.0,0.432726
4001.0,64.0,0.463807
4001.0,65.0,0.489591
4001.0,66.0,0.549929
4001.0,67.0,0.526367
4001.0,68.0,0.503091
4001.0,69.0,0.500329
4001.0,70.0,0.504402
4001.0,71.0,0.508008
4001.0,72.0,0.503074
4001.0,73.0,0.484067
4001.0,74.0,0.515642
4001.0,75.0,0.537246
4001.0,76.0,0.516241
4001.0,77.0,0.533984
4001.0,78.0,0.509477
4001.0,79.0,0.494266
4001.0,80.0,0.461866
4001.0,81.0,0.473905
4001.0,82.0,0.504697
4001.0,83.0,0.490334
4001.0,84.0,0.489039
4001.0,85.0,0.502111
4001.0,86.0,0.459636
4001.0,87.0,0.523303
4001.0,88.0,0.479919
4001.0,89.0,0.532607
4001.0,90.0,0.506867
4001.0,91.0,0.508809
4001.0,92.0,0.478337
4001.0,93.0,0.502484
4001.0,94.0,0.501046
4001.0,95.0,0.471363
4001.0,96.0,0.488021
4001.0,97.0,0.549499
4001.0,98.0,0.550754
4001.0,99.0,0.512447
4001.0,100.0,0.523729
4001.0,101.0,0.540413
4001.0,102.0,0.481784
4001.0,103.0,0.462827
4001.0,104.0,0.535029
4001.0,105.0,0.580801
4001.0,106.0,0.520615
4001.0,107.0,0.507723
4001.0,108.0,0.562957
4001.0,109.0,0.47908
4001.0,110.0,0.526126
4001.0,111.0,0.510533
4001.0,112.0,0.465434
4001.0,113.0,0.475799
4001.0,114.0,0.510793
4001.0,115.0,0.49237
4001.0,116.0,0.509519
4001.0,117.0,0.503402
4001.0,118.0,0.541903
4001.0,119.0,0.540107
4001.0,120.0,0.487306
4001.0,121.0,0.492558
4001.0,122.0,0.548331
4001.0,123.0,0.495982
4001.0,124.0,0.530567
4001.0,125.0,0.527551
4001.0,126.0,0.530143
4001.0,127.0,0.523816
4001.0,128.0,0.456763
4001.0,129.0,0.492259
4001.0,130.0,0.573416
4001.0,131.0,0.503798
4001.0,132.0,0.48636
4001.0,133.0,0.527811
4001.0,134.0,0.418834
4001.0,135.0,0.462895
4001.0,136.0,0.519266
4001.0,137.0,0.483505
4001.0,138.0,0.47262
4001.0,139.0,0.497525
4001.0,140.0,0.455758
4001.0,141.0,0.472099
4001.0,142.0,0.490154
4001.0,143.0,0.505473
4001.0,144.0,0.547718
4001.0,145.0,0.435168
4001.0,146.0,0.468069
4001.0,147.0,0.513879
4001.0,148.0,0.524963
4001.0,149.0,0.481096
4002.0,0.0,0.476372
4002.0,1.0,0.491039
4002.0,2.0,0.475508
4002.0,3.0,0.476289
4002.0,4.0,0.526236
4002.0,5.0,0.497222
4002.0,6.0,0.542109
4002.0,7.0,0.521083
4002.0,8.0,0.483216
4002.0,9.0,0.507916
4002.0,10.0,0.439355
4002.0,11.0,0.547587
4002.0,12.0,0.538074
4002.0,13.0,0.535331
4002.0,14.0,0.561581
4002.0,15.0,0.520714
4002.0,16.0,0.476368
4002.0,17.0,0.49215
4002.0,18.0,0.549832
4002.0,19.0,0.487525
4002.0,20.0,0.49365
4002.0,21.0,0.478065
4002.0,22.0,0.496299
4002.0,23.0,0.476044
4002.0,24.0,0.523681
4002.0,25.0,0.529259
4002.0,26.0,0.516173
4002.0,27.0,0.472809
4002.0,28.0,0.45961
4002.0,29.0,0.499554
4002.0,30.0,0.442695
4002.0,31.0,0.504311
4002.0,32.0,0.524435
4002.0,33.0,0.527593
4002.0,34.0,0.47456
4002.0,35.0,0.535499
4002.0,36.0,0.47912
4002.0,37.0,0.46847
4002.0,38.0,0.499671
4002.0,39.0,0.522101
4002.0,40.0,0.500876
4002.0,41.0,0.473179
4002.0,42.0,0.476394
4002.0,43.0,0.505697
4002.0,44.0,0.519292
4002.0,45.0,0.482175
4002.0,46.0,0.437401
4002.0,47.0,0.496359
4002.0,48.0,0.494579
4002.0,49.0,0.456092
4002.0,50.0,0.488682
4002.0,51.0,0.468979
4002.0,52.0,0.475135
4002.0,53.0,0.491665
4002.0,54.0,0.526021
4002.0,55.0,0.552512
4002.0,56.0,0.515105
4002.0,57.0,0.503013
4002.0,58.0,0.455351
4002.0,59.0,0.502097
4002.0,60.0,0.515663
4002.0,61.0,0.485252
4002.0,62.0,0.478401
4002.0,63.0,0.431875
4002.0,64.0,0.46421
4002.0,65.0,0.490291
4002.0,66.0,0.549762
4002.0,67.0,0.526387
4002.0,68.0,0.503119
4002.0,69.0,0.500852
4002.0,70.0,0.504295
4002.0,71.0,0.508661
4002.0,72.0,0.502891
4002.0,73.0,0.484855
4002.0,74.0,0.515437
4002.0,75.0,0.53715
4002.0,76.0,0.515562
4002.0,77.0,0.534813
4002.0,78.0,0.509075
4002.0,79.0,0.495329
4002.0,80.0,0.462363
4002.0,81.0,0.473619
4002.0,82.0,0.504145
4002.0,83.0,0.489645
4002.0,84.0,0.489152
4002.0,85.0,0.502291
4002.0,86.0,0.459512
4002.0,87.0,0.52431
4002.0,88.0,0.480849
4002.0,89.0,0.532361
4002.0,90.0,0.506959
4002.0,91.0,0.508377
4002.0,92.0,0.479258
4002.0,93.0,0.501589
4002.0,94.0,0.501016
4002.0,95.0,0.47153
4002.0,96.0,0.4879
4002.0,97.0,0.548909
4002.0,98.0,0.550374
4002.0,99.0,0.512445
4002.0,100.0,0.523692
4002.0,101.0,0.540238
4002.0,102.0,0.48184
4002.0,103.0,0.463163
4002.0,104.0,0.534906
4002.0,105.0,0.580827
4002.0,106.0,0.520386
4002.0,107.0,0.507559
4002.0,108.0,0.562824
4002.0,109.0,0.479286
4002.0,110.0,0.526018
4002.0,111.0,0.510511
4002.0,112.0,0.465826
4002.0,113.0,0.475637
4002.0,114.0,0.510887
4002.0,115.0,0.492798
4002.0,116.0,0.509126
4002.0,117.0,0.503339
4002.0,118.0,0.541613
4002.0,119.0,0.540751
4002.0,120.0,0.487436
4002.0,121.0,0.491689
4002.0,122.0,0.548603
4002.0,123.0,0.495831
4002.0,124.0,0.530369
4002.0,125.0,0.527762
4002.0,126.0,0.53039
4002.0,127.0,0.524344
4002.0,128.0,0.45657
4002.0,129.0,0.491934
4002.0,130.0,0.572944
4002.0,131.0,0.503992
4002.0,132.0,0.485844
4002.0,133.0,0.527587
4002.0,134.0,0.418349
4002.0,135.0,0.46295
4002.0,136.0,0.519219
4002.0,137.0,0.483495
4002.0,138.0,0.472913
4002.0,139.0,0.496912
4002.0,140.0,0.456341
4002.0,141.0,0.472332
4002.0,142.0,0.490178
4002.0,143.0,0.505681
4002.0,144.0,0.548123
4002.0,145.0,0.435431
4002.0,146.0,0.469266
4002.0,147.0,0.513827
4002.0,148.0,0.525101
4002.0,149.0,0.48074
4003.0,0.0,0.476311
4003.0,1.0,0.491235
4003.0,2.0,0.476036
4003.0,3.0,0.47603
4003.0,4.0,0.526296
4003.0,5.0,0.497907
4003.0,6.0,0.541601
4003.0,7.0,0.520103
4003.0,8.0,0.482782
4003.0,9.0,0.509128
4003.0,10.0,0.439599
4003.0,11.0,0.548178
4003.0,12.0,0.538009
4003.0,13.0,0.535493
4003.0,14.0,0.561274
4003.0,15.0,0.520443
4003.0,16.0,0.476024
4003.0,17.0,0.492501
4003.0,18.0,0.549629
4003.0,19.0,0.487939
4003.0,20.0,0.493815
4003.0,21.0,0.478424
4003.0,22.0,0.496195
4003.0,23.0,0.475756
4003.0,24.0,0.523045
4003.0,25.0,0.528651
4003.0,26.0,0.516013
4003.0,27.0,0.472921
4003.0,28.0,0.459841
4003.0,29.0,0.500077
4003.0,30.0,0.442724
4003.0,31.0,0.504198
4003.0,32.0,0.524136
4003.0,33.0,0.527292
4003.0,34.0,0.474145
4003.0,35.0,0.535894
4003.0,36.0,0.479226
4003.0,37.0,0.467551
4003.0,38.0,0.500536
4003.0,39.0,0.522122
4003.0,40.0,0.501357
4003.0,41.0,0.473299
4003.0,42.0,0.477099
4003.0,43.0,0.506045
4003.0,44.0,0.519688
4003.0,45.0,0.4817
4003.0,46.0,0.437651
4003.0,47.0,0.496308
4003.0,48.0,0.494389
4003.0,49.0,0.455997
4003.0,50.0,0.489768
4003.0,51.0,0.468729
4003.0,52.0,0.47486
4003.0,53.0,0.491571
4003.0,54.0,0.52543
4003.0,55.0,0.552438
4003.0,56.0,0.515451
4003.0,57.0,0.503339
4003.0,58.0,0.454304
4003.0,59.0,0.502046
4003.0,60.0,0.515086
4003.0,61.0,0.485623
4003.0,62.0,0.478712
4003.0,63.0,0.432232
4003.0,64.0,0.463956
4003.0,65.0,0.490616
4003.0,66.0,0.549257
4003.0,67.0,0.526032
4003.0,68.0,0.502962
4003.0,69.0,0.500349
4003.0,70.0,0.504177
4003.0,71.0,0.509429
4003.0,72.0,0.503041
4003.0,73.0,0.485159
4003.0,74.0,0.514801
4003.0,75.0,0.536096
4003.0,76.0,0.515412
4003.0,77.0,0.534196
4003.0,78.0,0.50898
4003.0,79.0,0.494554
4003.0,80.0,0.462277
4003.0,81.0,0.474239
4003.0,82.0,0.503492
4003.0,83.0,0.489475
4003.0,84.0,0.489558
4003.0,85.0,0.50242
4003.0,86.0,0.459606
4003.0,87.0,0.523274
4003.0,88.0,0.480592
4003.0,89.0,0.532685
4003.0,90.0,0.507433
4003.0,91.0,0.50903
4003.0,92.0,0.479199
4003.0,93.0,0.501335
4003.0,94.0,0.502012
4003.0,95.0,0.471713
4003.0,96.0,0.487624
4003.0,97.0,0.549144
4003.0,98.0,0.550434
4003.0,99.0,0.513153
4003.0,100.0,0.523577
4003.0,101.0,0.540396
4003.0,102.0,0.48178
4003.0,103.0,0.463739
4003.0,104.0,0.534586
4003.0,105.0,0.580207
4003.0,106.0,0.52086
4003.0,107.0,0.507439
4003.0,108.0,0.562932
4003.0,109.0,0.478364
4003.0,110.0,0.525024
4003.0,111.0,0.510835
4003.0,112.0,0.46572
4003.0,113.0,0.47585
4003.0,114.0,0.511274
4003.0,115.0,0.491792
4003.0,116.0,0.509478
4003.0,117.0,0.503074
4003.0,118.0,0.54259
4003.0,119.0,0.541245
4003.0,120.0,0.487198
4003.0,121.0,0.492064
4003.0,122.0,0.548192
4003.0,123.0,0.495738
4003.0,124.0,0.530116
4003.0,125.0,0.527877
4003.0,126.0,0.529858
4003.0,127.0,0.523828
4003.0,128.0,0.45653
4003.0,129.0,0.492889
4003.0,130.0,0.573071
4003.0,131.0,0.504265
4003.0,132.0,0.485125
4003.0,133.0,0.527669
4003.0,134.0,0.418583
4003.0,135.0,0.46338
4003.0,136.0,0.519242
4003.0,137.0,0.483391
4003.0,138.0,0.473131
4003.0,139.0,0.49684
4003.0,140.0,0.456591
4003.0,141.0,0.472686
4003.0,142.0,0.490112
4003.0,143.0,0.50456
4003.0,144.0,0.548344
4003.0,145.0,0.435419
4003.0,146.0,0.468804
4003.0,147.0,0.514896
4003.0,148.0,0.525266
4003.0,149.0,0.481361
4004.0,0.0,0.476547
4004.0,1.0,0.491878
4004.0,2.0,0.476111
4004.0,3.0,0.475877
4004.0,4.0,0.527333
4004.0,5.0,0.497977
4004.0,6.0,0.541318
4004.0,7.0,0.52049
4004.0,8.0,0.483616
4004.0,9.0,0.509179
4004.0,10.0,0.439508
4004.0,11.0,0.54881
4004.0,12.0,0.538514
4004.0,13.0,0.535107
4004.0,14.0,0.56211
4004.0,15.0,0.520082
4004.0,16.0,0.475718
4004.0,17.0,0.49281
4004.0,18.0,0.549499
4004.0,19.0,0.489095
4004.0,20.0,0.49391
4004.0,21.0,0.477864
4004.0,22.0,0.495925
4004.0,23.0,0.474386
4004.0,24.0,0.522663
4004.0,25.0,0.528537
4004.0,26.0,0.515919
4004.0,27.0,0.472914
4004.0,28.0,0.459577
4004.0,29.0,0.50046
4004.0,30.0,0.442951
4004.0,31.0,0.504382
4004.0,32.0,0.524805
4004.0,33.0,0.527788
4004.0,34.0,0.473569
4004.0,35.0,0.536877
4004.0,36.0,0.478882
4004.0,37.0,0.466796
4004.0,38.0,0.499424
4004.0,39.0,0.522153
4004.0,40.0,0.501258
4004.0,41.0,0.47385
4004.0,42.0,0.47676
4004.0,43.0,0.506007
4004.0,44.0,0.519163
4004.0,45.0,0.481722
4004.0,46.0,0.437211
4004.0,47.0,0.495147
4004.0,48.0,0.494077
4004.0,49.0,0.456343
4004.0,50.0,0.489336
4004.0,51.0,0.468643
4004.0,52.0,0.474961
4004.0,53.0,0.490736
4004.0,54.0,0.525007
4004.0,55.0,0.55239
4004.0,56.0,0.514758
4004.0,57.0,0.502455
4004.0,58.0,0.455032
4004.0,59.0,0.502968
4004.0,60.0,0.514804
4004.0,61.0,0.486729
4004.0,62.0,0.479215
4004.0,63.0,0.431938
4004.0,64.0,0.464002
4004.0,65.0,0.490751
4004.0,66.0,0.548801
4004.0,67.0,0.525453
4004.0,68.0,0.503881
4004.0,69.0,0.499817
4004.0,70.0,0.504856
4004.0,71.0,0.509652
4004.0,72.0,0.502728
4004.0,73.0,0.485325
4004.0,74.0,0.515765
4004.0,75.0,0.535333
4004.0,76.0,0.515311
4004.0,77.0,0.534304
4004.0,78.0,0.508745
4004.0,79.0,0.494771
4004.0,80.0,0.46276
4004.0,81.0,0.473765
4004.0,82.0,0.503747
4004.0,83.0,0.489589
4004.0,84.0,0.489495
4004.0,85.0,0.502236
4004.0,86.0,0.459889
4004.0,87.0,0.523249
4004.0,88.0,0.480015
4004.0,89.0,0.532845
4004.0,90.0,0.507202
4004.0,91.0,0.509194
4004.0,92.0,0.479523
4004.0,93.0,0.500994
4004.0,94.0,0.502401
4004.0,95.0,0.471555
4004.0,96.0,0.487232
4004.0,97.0,0.54977
4004.0,98.0,0.54997
4004.0,99.0,0.513152
4004.0,100.0,0.523059
4004.0,101.0,0.539744
4004.0,102.0,0.480744
4004.0,103.0,0.464302
4004.0,104.0,0.53422
4004.0,105.0,0.580603
4004.0,106.0,0.520588
4004.0,107.0,0.508161
4004.0,108.0,0.56341
4004.0,109.0,0.478426
4004.0,110.0,0.525544
4004.0,111.0,0.511181
4004.0,112.0,0.465419
4004.0,113.0,0.476015
4004.0,114.0,0.511909
4004.0,115.0,0.491935
4004.0,116.0,0.509457
4004.0,117.0,0.502903
4004.0,118.0,0.541366
4004.0,119.0,0.541642
4004.0,120.0,0.487283
4004.0,121.0,0.492224
4004.0,122.0,0.548373
4004.0,123.0,0.495535
4004.0,124.0,0.529929
4004.0,125.0,0.527274
4004.0,126.0,0.530005
4004.0,127.0,0.523043
4004.0,128.0,0.456383
4004.0,129.0,0.49248
4004.0,130.0,0.573258
4004.0,131.0,0.504117
4004.0,132.0,0.484535
4004.0,133.0,0.527561
4004.0,134.0,0.418425
4004.0,135.0,0.462582
4004.0,136.0,0.518997
4004.0,137.0,0.484094
4004.0,138.0,0.473258
4004.0,139.0,0.497195
4004.0,140.0,0.456483
4004.0,141.0,0.472632
4004.0,142.0,0.48942
4004.0,143.0,0.504765
4004.0,144.0,0.548373
4004.0,145.0,0.435405
4004.0,146.0,0.469172
4004.0,147.0,0.515236
4004.0,148.0,0.525412
4004.0,149.0,0.481165
4005.0,0.0,0.477445
4005.0,1.0,0.492255
4005.0,2.0,0.476542
4005.0,3.0,0.47558
4005.0,4.0,0.52653
4005.0,5.0,0.498186
4005.0,6.0,0.54059
4005.0,7.0,0.520252
4005.0,8.0,0.483623
4005.0,9.0,0.509203
4005.0,10.0,0.439433
4005.0,11.0,0.548781
4005.0,12.0,0.538803
4005.0,13.0,0.536085
4005.0,14.0,0.562719
4005.0,15.0,0.520369
4005.0,16.0,0.475474
4005.0,17.0,0.492642
4005.0,18.0,0.549593
4005.0,19.0,0.489264
4005.0,20.0,0.494078
4005.0,21.0,0.478085
4005.0,22.0,0.495401
4005.0,23.0,0.473796
4005.0,24.0,0.522636
4005.0,25.0,0.527867
4005.0,26.0,0.516176
4005.0,27.0,0.473583
4005.0,28.0,0.460461
4005.0,29.0,0.49989
4005.0,30.0,0.442325
4005.0,31.0,0.505142
4005.0,32.0,0.525567
4005.0,33.0,0.528562
4005.0,34.0,0.472988
4005.0,35.0,0.536296
4005.0,36.0,0.479428
4005.0,37.0,0.466469
4005.0,38.0,0.499446
4005.0,39.0,0.522155
4005.0,40.0,0.500781
4005.0,41.0,0.472959
4005.0,42.0,0.476411
4005.0,43.0,0.505773
4005.0,44.0,0.518402
4005.0,45.0,0.482134
4005.0,46.0,0.4373
4005.0,47.0,0.495103
4005.0,48.0,0.493866
4005.0,49.0,0.456317
4005.0,50.0,0.489347
4005.0,51.0,0.46923
4005.0,52.0,0.475485
4005.0,53.0,0.490423
4005.0,54.0,0.525375
4005.0,55.0,0.55342
4005.0,56.0,0.514505
4005.0,57.0,0.502533
4005.0,58.0,0.454803
4005.0,59.0,0.503565
4005.0,60.0,0.514958
4005.0,61.0,0.486918
4005.0,62.0,0.478876
4005.0,63.0,0.431818
4005.0,64.0,0.463958
4005.0,65.0,0.490702
4005.0,66.0,0.548416
4005.0,67.0,0.525606
4005.0,68.0,0.503257
4005.0,69.0,0.499386
4005.0,70.0,0.504788
4005.0,71.0,0.510506
4005.0,72.0,0.5036
4005.0,73.0,0.485294
4005.0,74.0,0.515849
4005.0,75.0,0.534544
4005.0,76.0,0.514277
4005.0,77.0,0.534314
4005.0,78.0,0.509183
4005.0,79.0,0.494864
4005.0,80.0,0.462387
4005.0,81.0,0.474128
4005.0,82.0,0.504304
4005.0,83.0,0.490004
4005.0,84.0,0.48888
4005.0,85.0,0.502415
4005.0,86.0,0.459111
4005.0,87.0,0.522956
4005.0,88.0,0.479295
4005.0,89.0,0.532684
4005.0,90.0,0.508016
4005.0,91.0,0.50841
4005.0,92.0,0.480129
4005.0,93.0,0.500452
4005.0,94.0,0.502517
4005.0,95.0,0.471391
4005.0,96.0,0.487145
4005.0,97.0,0.549277
4005.0,98.0,0.54987
4005.0,99.0,0.513122
4005.0,100.0,0.523424
4005.0,101.0,0.539583
4005.0,102.0,0.480471
4005.0,103.0,0.464279
4005.0,104.0,0.533997
4005.0,105.0,0.580191
4005.0,106.0,0.520198
4005.0,107.0,0.50853
4005.0,108.0,0.562206
4005.0,109.0,0.476713
4005.0,110.0,0.52634
4005.0,111.0,0.511661
4005.0,112.0,0.464997
4005.0,113.0,0.476019
4005.0,114.0,0.511929
4005.0,115.0,0.490987
4005.0,116.0,0.510384
4005.0,117.0,0.50287
4005.0,118.0,0.541326
4005.0,119.0,0.542186
4005.0,120.0,0.487443
4005.0,121.0,0.492475
4005.0,122.0,0.547812
4005.0,123.0,0.495322
4005.0,124.0,0.529822
4005.0,125.0,0.52684
4005.0,126.0,0.529707
4005.0,127.0,0.521716
4005.0,128.0,0.456108
4005.0,129.0,0.492956
4005.0,130.0,0.573969
4005.0,131.0,0.503713
4005.0,132.0,0.483726
4005.0,133.0,0.528053
4005.0,134.0,0.417894
4005.0,135.0,0.46255
4005.0,136.0,0.519213
4005.0,137.0,0.483731
4005.0,138.0,0.473307
4005.0,139.0,0.496905
4005.0,140.0,0.456232
4005.0,141.0,0.473079
4005.0,142.0,0.48988
4005.0,143.0,0.504306
4005.0,144.0,0.548477
4005.0,145.0,0.436146
4005.0,146.0,0.469413
4005.0,147.0,0.515181
4005.0,148.0,0.52593
4005.0,149.0,0.480785
4006.0,0.0,0.478028
4006.0,1.0,0.491864
4006.0,2.0,0.476892
4006.0,3.0,0.475257
4006.0,4.0,0.525107
4006.0,5.0,0.497796
4006.0,6.0,0.540706
4006.0,7.0,0.520428
4006.0,8.0,0.483563
4006.0,9.0,0.508594
4006.0,10.0,0.438918
4006.0,11.0,0.548514
4006.0,12.0,0.539785
4006.0,13.0,0.535963
4006.0,14.0,0.563245
4006.0,15.0,0.520514
4006.0,16.0,0.475932
4006.0,17.0,0.493278
4006.0,18.0,0.550218
4006.0,19.0,0.488576
4006.0,20.0,0.493468
4006.0,21.0,0.477454
4006.0,22.0,0.495041
4006.0,23.0,0.473641
4006.0,24.0,0.523402
4006.0,25.0,0.527764
4006.0,26.0,0.516103
4006.0,27.0,0.475244
4006.0,28.0,0.461172
4006.0,29.0,0.50042
4006.0,30.0,0.441791
4006.0,31.0,0.504871
4006.0,32.0,0.525284
4006.0,33.0,0.527948
4006.0,34.0,0.473391
4006.0,35.0,0.535944
4006.0,36.0,0.479646
4006.0,37.0,0.46566
4006.0,38.0,0.499451
4006.0,39.0,0.522312
4006.0,40.0,0.501233
4006.0,41.0,0.472837
4006.0,42.0,0.476081
4006.0,43.0,0.505923
4006.0,44.0,0.517901
4006.0,45.0,0.482494
4006.0,46.0,0.437767
4006.0,47.0,0.494563
4006.0,48.0,0.494315
4006.0,49.0,0.456179
4006.0,50.0,0.48937
4006.0,51.0,0.469685
4006.0,52.0,0.475761
4006.0,53.0,0.490569
4006.0,54.0,0.524719
4006.0,55.0,0.553351
4006.0,56.0,0.51467
4006.0,57.0,0.503259
4006.0,58.0,0.455554
4006.0,59.0,0.503763
4006.0,60.0,0.514033
4006.0,61.0,0.486085
4006.0,62.0,0.479047
4006.0,63.0,0.432119
4006.0,64.0,0.464684
4006.0,65.0,0.491008
4006.0,66.0,0.548236
4006.0,67.0,0.525671
4006.0,68.0,0.503085
4006.0,69.0,0.500608
4006.0,70.0,0.505428
4006.0,71.0,0.510246
4006.0,72.0,0.503711
4006.0,73.0,0.484893
4006.0,74.0,0.516377
4006.0,75.0,0.534568
4006.0,76.0,0.513233
4006.0,77.0,0.534808
4006.0,78.0,0.508736
4006.0,79.0,0.494289
4006.0,80.0,0.462816
4006.0,81.0,0.474242
4006.0,82.0,0.504635
4006.0,83.0,0.489545
4006.0,84.0,0.488653
4006.0,85.0,0.501807
4006.0,86.0,0.45959
4006.0,87.0,0.522927
4006.0,88.0,0.479223
4006.0,89.0,0.53248
4006.0,90.0,0.507817
4006.0,91.0,0.507419
4006.0,92.0,0.479824
4006.0,93.0,0.499476
4006.0,94.0,0.503112
4006.0,95.0,0.470977
4006.0,96.0,0.487543
4006.0,97.0,0.548538
4006.0,98.0,0.549816
4006.0,99.0,0.512861
4006.0,100.0,0.523595
4006.0,101.0,0.539364
4006.0,102.0,0.480267
4006.0,103.0,0.463678
4006.0,104.0,0.534662
4006.0,105.0,0.581371
4006.0,106.0,0.51954
4006.0,107.0,0.509419
4006.0,108.0,0.562122
4006.0,109.0,0.47632
4006.0,110.0,0.526655
4006.0,111.0,0.511641
4006.0,112.0,0.465315
4006.0,113.0,0.477114
4006.0,114.0,0.512171
4006.0,115.0,0.490649
4006.0,116.0,0.511027
4006.0,117.0,0.503051
4006.0,118.0,0.541951
4006.0,119.0,0.542374
4006.0,120.0,0.487558
4006.0,121.0,0.491475
4006.0,122.0,0.547144
4006.0,123.0,0.495136
4006.0,124.0,0.529836
4006.0,125.0,0.525593
4006.0,126.0,0.529617
4006.0,127.0,0.521907
4006.0,128.0,0.456334
4006.0,129.0,0.493651
4006.0,130.0,0.574028
4006.0,131.0,0.504418
4006.0,132.0,0.4833
4006.0,133.0,0.528315
4006.0,134.0,0.417414
4006.0,135.0,0.462598
4006.0,136.0,0.519229
4006.0,137.0,0.484799
4006.0,138.0,0.474036
4006.0,139.0,0.496691
4006.0,140.0,0.455399
4006.0,141.0,0.473706
4006.0,142.0,0.489356
4006.0,143.0,0.504393
4006.0,144.0,0.548636
4006.0,145.0,0.43725
4006.0,146.0,0.468649
4006.0,147.0,0.515134
4006.0,148.0,0.52644
4006.0,149.0,0.480918
4007.0,0.0,0.478385
4007.0,1.0,0.492057
4007.0,2.0,0.47702
4007.0,3.0,0.474919
4007.0,4.0,0.52511
4007.0,5.0,0.497194
4007.0,6.0,0.540608
4007.0,7.0,0.520014
4007.0,8.0,0.483865
4007.0,9.0,0.508383
4007.0,10.0,0.438827
4007.0,11.0,0.548016
4007.0,12.0,0.539712
4007.0,13.0,0.535823
4007.0,14.0,0.563475
4007.0,15.0,0.521236
4007.0,16.0,0.477377
4007.0,17.0,0.493285
4007.0,18.0,0.550308
4007.0,19.0,0.489272
4007.0,20.0,0.493399
4007.0,21.0,0.477046
4007.0,22.0,0.49515
4007.0,23.0,0.473302
4007.0,24.0,0.523851
4007.0,25.0,0.527371
4007.0,26.0,0.516201
4007.0,27.0,0.474969
4007.0,28.0,0.461307
4007.0,29.0,0.500257
4007.0,30.0,0.441766
4007.0,31.0,0.504907
4007.0,32.0,0.524655
4007.0,33.0,0.528498
4007.0,34.0,0.47414
4007.0,35.0,0.535629
4007.0,36.0,0.479454
4007.0,37.0,0.465319
4007.0,38.0,0.499937
4007.0,39.0,0.522261
4007.0,40.0,0.50101
4007.0,41.0,0.47274
4007.0,42.0,0.476052
4007.0,43.0,0.507348
4007.0,44.0,0.517329
4007.0,45.0,0.483145
4007.0,46.0,0.437648
4007.0,47.0,0.494371
4007.0,48.0,0.494009
4007.0,49.0,0.455801
4007.0,50.0,0.489331
4007.0,51.0,0.46897
4007.0,52.0,0.475179
4007.0,53.0,0.490671
4007.0,54.0,0.524501
4007.0,55.0,0.553375
4007.0,56.0,0.515141
4007.0,57.0,0.503696
4007.0,58.0,0.455661
4007.0,59.0,0.502801
4007.0,60.0,0.513827
4007.0,61.0,0.485867
4007.0,62.0,0.478984
4007.0,63.0,0.432424
4007.0,64.0,0.464306
4007.0,65.0,0.491085
4007.0,66.0,0.548604
4007.0,67.0,0.525972
4007.0,68.0,0.502864
4007.0,69.0,0.500899
4007.0,70.0,0.504884
4007.0,71.0,0.510523
4007.0,72.0,0.503694
4007.0,73.0,0.484752
4007.0,74.0,0.516429
4007.0,75.0,0.534727
4007.0,76.0,0.513424
4007.0,77.0,0.535207
4007.0,78.0,0.509082
4007.0,79.0,0.494547
4007.0,80.0,0.463162
4007.0,81.0,0.474019
4007.0,82.0,0.50374
4007.0,83.0,0.489782
4007.0,84.0,0.488366
4007.0,85.0,0.502378
4007.0,86.0,0.459351
4007.0,87.0,0.523661
4007.0,88.0,0.479607
4007.0,89.0,0.532957
4007.0,90.0,0.507516
4007.0,91.0,0.507553
4007.0,92.0,0.47941
4007.0,93.0,0.499174
4007.0,94.0,0.50287
4007.0,95.0,0.471207
4007.0,96.0,0.486941
4007.0,97.0,0.548567
4007.0,98.0,0.549359
4007.0,99.0,0.513606
4007.0,100.0,0.523369
4007.0,101.0,0.539266
4007.0,102.0,0.481016
4007.0,103.0,0.463589
4007.0,104.0,0.534827
4007.0,105.0,0.581274
4007.0,106.0,0.519472
4007.0,107.0,0.509779
4007.0,108.0,0.562358
4007.0,109.0,0.476394
4007.0,110.0,0.526059
4007.0,111.0,0.511408
4007.0,112.0,0.465683
4007.0,113.0,0.477161
4007.0,114.0,0.512239
4007.0,115.0,0.490848
4007.0,116.0,0.510548
4007.0,117.0,0.502815
4007.0,118.0,0.542001
4007.0,119.0,0.542217
4007.0,120.0,0.487237
4007.0,121.0,0.491223
4007.0,122.0,0.546986
4007.0,123.0,0.494136
4007.0,124.0,0.529874
4007.0,125.0,0.526182
4007.0,126.0,0.529246
4007.0,127.0,0.52142
4007.0,128.0,0.456367
4007.0,129.0,0.493685
4007.0,130.0,0.574431
4007.0,131.0,0.504298
4007.0,132.0,0.48321
4007.0,133.0,0.528195
4007.0,134.0,0.416444
4007.0,135.0,0.462322
4007.0,136.0,0.518621
4007.0,137.0,0.484499
4007.0,138.0,0.473821
4007.0,139.0,0.495451
4007.0,140.0,0.455533
4007.0,141.0,0.472849
4007.0,142.0,0.490048
4007.0,143.0,0.504527
4007.0,144.0,0.547839
4007.0,145.0,0.436827
4007.0,146.0,0.469282
4007.0,147.0,0.515079
4007.0,148.0,0.526327
4007.0,149.0,0.481349
4008.0,0.0,0.478327
4008.0,1.0,0.492353
4008.0,2.0,0.476425
4008.0,3.0,0.474011
4008.0,4.0,0.525466
4008.0,5.0,0.496489
4008.0,6.0,0.540917
4008.0,7.0,0.519599
4008.0,8.0,0.483866
4008.0,9.0,0.508542
4008.0,10.0,0.439013
4008.0,11.0,0.547905
4008.0,12.0,0.539517
4008.0,13.0,0.535706
4008.0,14.0,0.563959
4008.0,15.0,0.521526
4008.0,16.0,0.476695
4008.0,17.0,0.492869
4008.0,18.0,0.549422
4008.0,19.0,0.48833
4008.0,20.0,0.492764
4008.0,21.0,0.477336
4008.0,22.0,0.495576
4008.0,23.0,0.473327
4008.0,24.0,0.52351
4008.0,25.0,0.52636
4008.0,26.0,0.516208
4008.0,27.0,0.474828
4008.0,28.0,0.461544
4008.0,29.0,0.500498
4008.0,30.0,0.441406
4008.0,31.0,0.505033
4008.0,32.0,0.524967
4008.0,33.0,0.528776
4008.0,34.0,0.473757
4008.0,35.0,0.535879
4008.0,36.0,0.479763
4008.0,37.0,0.465416
4008.0,38.0,0.500527
4008.0,39.0,0.522884
4008.0,40.0,0.500961
4008.0,41.0,0.472926
4008.0,42.0,0.47628
4008.0,43.0,0.507666
4008.0,44.0,0.51681
4008.0,45.0,0.482339
4008.0,46.0,0.437459
4008.0,47.0,0.494311
4008.0,48.0,0.494101
4008.0,49.0,0.455645
4008.0,50.0,0.489635
4008.0,51.0,0.468655
4008.0,52.0,0.47515
4008.0,53.0,0.4906
4008.0,54.0,0.524825
4008.0,55.0,0.552865
4008.0,56.0,0.514858
4008.0,57.0,0.502897
4008.0,58.0,0.455353
4008.0,59.0,0.503007
4008.0,60.0,0.513583
4008.0,61.0,0.485897
4008.0,62.0,0.478965
4008.0,63.0,0.432036
4008.0,64.0,0.464153
4008.0,65.0,0.49116
4008.0,66.0,0.548407
4008.0,67.0,0.52612
4008.0,68.0,0.502648
4008.0,69.0,0.500889
4008.0,70.0,0.504745
4008.0,71.0,0.510339
4008.0,72.0,0.504031
4008.0,73.0,0.484085
4008.0,74.0,0.516468
4008.0,75.0,0.534652
4008.0,76.0,0.512877
4008.0,77.0,0.535226
4008.0,78.0,0.508839
4008.0,79.0,0.494307
4008.0,80.0,0.462455
4008.0,81.0,0.474671
4008.0,82.0,0.504291
4008.0,83.0,0.489175
4008.0,84.0,0.488581
4008.0,85.0,0.502546
4008.0,86.0,0.459308
4008.0,87.0,0.524122
4008.0,88.0,0.47971
4008.0,89.0,0.53416
4008.0,90.0,0.506732
4008.0,91.0,0.507871
4008.0,92.0,0.480007
4008.0,93.0,0.49911
4008.0,94.0,0.502284
4008.0,95.0,0.470982
4008.0,96.0,0.487219
4008.0,97.0,0.548698
4008.0,98.0,0.55063
4008.0,99.0,0.512372
4008.0,100.0,0.523248
4008.0,101.0,0.537999
4008.0,102.0,0.480955
4008.0,103.0,0.46394
4008.0,104.0,0.534816
4008.0,105.0,0.581067
4008.0,106.0,0.519495
4008.0,107.0,0.509718
4008.0,108.0,0.562614
4008.0,109.0,0.47622
4008.0,110.0,0.526202
4008.0,111.0,0.510885
4008.0,112.0,0.465532
4008.0,113.0,0.477648
4008.0,114.0,0.512557
4008.0,115.0,0.490816
4008.0,116.0,0.510722
4008.0,117.0,0.502147
4008.0,118.0,0.54255
4008.0,119.0,0.541864
4008.0,120.0,0.487997
4008.0,121.0,0.490895
4008.0,122.0,0.546355
4008.0,123.0,0.494849
4008.0,124.0,0.528907
4008.0,125.0,0.526453
4008.0,126.0,0.529187
4008.0,127.0,0.521482
4008.0,128.0,0.456187
4008.0,129.0,0.493854
4008.0,130.0,0.57426
4008.0,131.0,0.503538
4008.0,132.0,0.483678
4008.0,133.0,0.527934
4008.0,134.0,0.416336
4008.0,135.0,0.462372
4008.0,136.0,0.51886
4008.0,137.0,0.484369
4008.0,138.0,0.474414
4008.0,139.0,0.496257
4008.0,140.0,0.454425
4008.0,141.0,0.47246
4008.0,142.0,0.489102
4008.0,143.0,0.504532
4008.0,144.0,0.547993
4008.0,145.0,0.436409
4008.0,146.0,0.468377
4008.0,147.0,0.515271
4008.0,148.0,0.526387
4008.0,149.0,0.481835
4009.0,0.0,0.477257
4009.0,1.0,0.492291
4009.0,2.0,0.476836
4009.0,3.0,0.474076
4009.0,4.0,0.524626
4009.0,5.0,0.49642
4009.0,6.0,0.541602
4009.0,7.0,0.519439
4009.0,8.0,0.484048
4009.0,9.0,0.508531
4009.0,10.0,0.43824
4009.0,11.0,0.548331
4009.0,12.0,0.540485
4009.0,13.0,0.535272
4009.0,14.0,0.563914
4009.0,15.0,0.521031
4009.0,16.0,0.476224
4009.0,17.0,0.492222
4009.0,18.0,0.54927
4009.0,19.0,0.489267
4009.0,20.0,0.492838
4009.0,21.0,0.477377
4009.0,22.0,0.495249
4009.0,23.0,0.473794
4009.0,24.0,0.522834
4009.0,25.0,0.527136
4009.0,26.0,0.516173
4009.0,27.0,0.474987
4009.0,28.0,0.461556
4009.0,29.0,0.499915
4009.0,30.0,0.44013
4009.0,31.0,0.505035
4009.0,32.0,0.524648
4009.0,33.0,0.528861
4009.0,34.0,0.473631
4009.0,35.0,0.536161
4009.0,36.0,0.480822
4009.0,37.0,0.465576
4009.0,38.0,0.50069
4009.0,39.0,0.522272
4009.0,40.0,0.501377
4009.0,41.0,0.473012
4009.0,42.0,0.476272
4009.0,43.0,0.507786
4009.0,44.0,0.517954
4009.0,45.0,0.482089
4009.0,46.0,0.437228
4009.0,47.0,0.494421
4009.0,48.0,0.493311
4009.0,49.0,0.45533
4009.0,50.0,0.48997
4009.0,51.0,0.468531
4009.0,52.0,0.475573
4009.0,53.0,0.490633
4009.0,54.0,0.524702
4009.0,55.0,0.552273
4009.0,56.0,0.514406
4009.0,57.0,0.503002
4009.0,58.0,0.455446
4009.0,59.0,0.503361
4009.0,60.0,0.51281
4009.0,61.0,0.485082
4009.0,62.0,0.479666
4009.0,63.0,0.431865
4009.0,64.0,0.463018
4009.0,65.0,0.491867
4009.0,66.0,0.549334
4009.0,67.0,0.525571
4009.0,68.0,0.502187
4009.0,69.0,0.501138
4009.0,70.0,0.504898
4009.0,71.0,0.5109
4009.0,72.0,0.503723
4009.0,73.0,0.484591
4009.0,74.0,0.516569
4009.0,75.0,0.534245
4009.0,76.0,0.511408
4009.0,77.0,0.535995
4009.0,78.0,0.508307
4009.0,79.0,0.494355
4009.0,80.0,0.462394
4009.0,81.0,0.474692
4009.0,82.0,0.50462
4009.0,83.0,0.489518
4009.0,84.0,0.487565
4009.0,85.0,0.502791
4009.0,86.0,0.460303
4009.0,87.0,0.524392
4009.0,88.0,0.480305
4009.0,89.0,0.534331
4009.0,90.0,0.506915
4009.0,91.0,0.507623
4009.0,92.0,0.479973
4009.0,93.0,0.498534
4009.0,94.0,0.502313
4009.0,95.0,0.471228
4009.0,96.0,0.487031
4009.0,97.0,0.549139
4009.0,98.0,0.550245
4009.0,99.0,0.511738
4009.0,100.0,0.523671
4009.0,101.0,0.537039
4009.0,102.0,0.480647
4009.0,103.0,0.463038
4009.0,104.0,0.535202
4009.0,105.0,0.581128
4009.0,106.0,0.519625
4009.0,107.0,0.509276
4009.0,108.0,0.563191
4009.0,109.0,0.476187
4009.0,110.0,0.5266
4009.0,111.0,0.510477
4009.0,112.0,0.465817
4009.0,113.0,0.478103
4009.0,114.0,0.512746
4009.0,115.0,0.49043
4009.0,116.0,0.510798
4009.0,117.0,0.50274
4009.0,118.0,0.542892
4009.0,119.0,0.541392
4009.0,120.0,0.487802
4009.0,121.0,0.490426
4009.0,122.0,0.545379
4009.0,123.0,0.494851
4009.0,124.0,0.528569
4009.0,125.0,0.527292
4009.0,126.0,0.529506
4009.0,127.0,0.521335
4009.0,128.0,0.455298
4009.0,129.0,0.493483
4009.0,130.0,0.57361
4009.0,131.0,0.503329
4009.0,132.0,0.483085
4009.0,133.0,0.528582
4009.0,134.0,0.416506
4009.0,135.0,0.461819
4009.0,136.0,0.518899
4009.0,137.0,0.485025
4009.0,138.0,0.47372
4009.0,139.0,0.496053
4009.0,140.0,0.453733
4009.0,141.0,0.473195
4009.0,142.0,0.488816
4009.0,143.0,0.505143
4009.0,144.0,0.548015
4009.0,145.0,0.435927
4009.0,146.0,0.467979
4009.0,147.0,0.515768
4009.0,148.0,0.525847
4009.0,149.0,0.481765
4010.0,0.0,0.478145
4010.0,1.0,0.491979
4010.0,2.0,0.47663
4010.0,3.0,0.474329
4010.0,4.0,0.524187
4010.0,5.0,0.496894
4010.0,6.0,0.541075
4010.0,7.0,0.520164
4010.0,8.0,0.483542
4010.0,9.0,0.507916
4010.0,10.0,0.438643
4010.0,11.0,0.548988
4010.0,12.0,0.541285
4010.0,13.0,0.535275
4010.0,14.0,0.564471
4010.0,15.0,0.520624
4010.0,16.0,0.476876
4010.0,17.0,0.492369
4010.0,18.0,0.548604
4010.0,19.0,0.489315
4010.0,20.0,0.492422
4010.0,21.0,0.478128
4010.0,22.0,0.495037
4010.0,23.0,0.474144
4010.0,24.0,0.522502
4010.0,25.0,0.527304
4010.0,26.0,0.516036
4010.0,27.0,0.474978
4010.0,28.0,0.461817
4010.0,29.0,0.500053
4010.0,30.0,0.439862
4010.0,31.0,0.505362
4010.0,32.0,0.524326
4010.0,33.0,0.529705
4010.0,34.0,0.47402
4010.0,35.0,0.53566
4010.0,36.0,0.480864
4010.0,37.0,0.465451
4010.0,38.0,0.500299
4010.0,39.0,0.521259
4010.0,40.0,0.501509
4010.0,41.0,0.472771
4010.0,42.0,0.476265
4010.0,43.0,0.506904
4010.0,44.0,0.517799
4010.0,45.0,0.481616
4010.0,46.0,0.437058
4010.0,47.0,0.495024
4010.0,48.0,0.494069
4010.0,49.0,0.454843
4010.0,50.0,0.490049
4010.0,51.0,0.46843
4010.0,52.0,0.475018
4010.0,53.0,0.489965
4010.0,54.0,0.52557
4010.0,55.0,0.552067
4010.0,56.0,0.514338
4010.0,57.0,0.50276
4010.0,58.0,0.45454
4010.0,59.0,0.503378
4010.0,60.0,0.512665
4010.0,61.0,0.484839
4010.0,62.0,0.479952
4010.0,63.0,0.431677
4010.0,64.0,0.463181
4010.0,65.0,0.491634
4010.0,66.0,0.550393
4010.0,67.0,0.52455
4010.0,68.0,0.502167
4010.0,69.0,0.500747
4010.0,70.0,0.505295
4010.0,71.0,0.510386
4010.0,72.0,0.502999
4010.0,73.0,0.484408
4010.0,74.0,0.516482
4010.0,75.0,0.533765
4010.0,76.0,0.510519
4010.0,77.0,0.535912
4010.0,78.0,0.509564
4010.0,79.0,0.495027
4010.0,80.0,0.462199
4010.0,81.0,0.474904
4010.0,82.0,0.505047
4010.0,83.0,0.489779
4010.0,84.0,0.486618
4010.0,85.0,0.502825
4010.0,86.0,0.460709
4010.0,87.0,0.525002
4010.0,88.0,0.480317
4010.0,89.0,0.53435
4010.0,90.0,0.507498
4010.0,91.0,0.507742
4010.0,92.0,0.479232
4010.0,93.0,0.498588
4010.0,94.0,0.502205
4010.0,95.0,0.471393
4010.0,96.0,0.486576
4010.0,97.0,0.548815
4010.0,98.0,0.55065
4010.0,99.0,0.511176
4010.0,100.0,0.523447
4010.0,101.0,0.536964
4010.0,102.0,0.480515
4010.0,103.0,0.46313
4010.0,104.0,0.535278
4010.0,105.0,0.5813
4010.0,106.0,0.518561
4010.0,107.0,0.508989
4010.0,108.0,0.563918
4010.0,109.0,0.476065
4010.0,110.0,0.526338
4010.0,111.0,0.510411
4010.0,112.0,0.467014
4010.0,113.0,0.478442
4010.0,114.0,0.513785
4010.0,115.0,0.490362
4010.0,116.0,0.510681
4010.0,117.0,0.501439
4010.0,118.0,0.543194
4010.0,119.0,0.541612
4010.0,120.0,0.486493
4010.0,121.0,0.490033
4010.0,122.0,0.545659
4010.0,123.0,0.495301
4010.0,124.0,0.528225
4010.0,125.0,0.526229
4010.0,126.0,0.529917
4010.0,127.0,0.520769
4010.0,128.0,0.45571
4010.0,129.0,0.493096
4010.0,130.0,0.573876
4010.0,131.0,0.503722
4010.0,132.0,0.482846
4010.0,133.0,0.527555
4010.0,134.0,0.416109
4010.0,135.0,0.462859
4010.0,136.0,0.51813
4010.0,137.0,0.484328
4010.0,138.0,0.473865
4010.0,139.0,0.496539
4010.0,140.0,0.453716
4010.0,141.0,0.473058
4010.0,142.0,0.489134
4010.0,143.0,0.505255
4010.0,144.0,0.548161
4010.0,145.0,0.436129
4010.0,146.0,0.46765
4010.0,147.0,0.51557
4010.0,148.0,0.526517
4010.0,149.0,0.481828
5000.0,0.0,0.481942
5000.0,1.0,0.472591
5000.0,2.0,0.474097
5000.0,3.0,0.458976
5000.0,4.0,0.498232
5000.0,5.0,0.503594
5000.0,6.0,0.553847
5000.0,7.0,0.532571
5000.0,8.0,0.479445
5000.0,9.0,0.5078
5000.0,10.0,0.42719
5000.0,11.0,0.56926
5000.0,12.0,0.51107
5000.0,13.0,0.527735
5000.0,14.0,0.586522
5000.0,15.0,0.500873
5000.0,16.0,0.501923
5000.0,17.0,0.489908
5000.0,18.0,0.542498
5000.0,19.0,0.455533
5000.0,20.0,0.482387
5000.0,21.0,0.467755
5000.0,22.0,0.489959
5000.0,23.0,0.470495
5000.0,24.0,0.553045
5000.0,25.0,0.52761
5000.0,26.0,0.497772
5000.0,27.0,0.498076
5000.0,28.0,0.461037
5000.0,29.0,0.467305
5000.0,30.0,0.446419
5000.0,31.0,0.515656
5000.0,32.0,0.535527
5000.0,33.0,0.54163
5000.0,34.0,0.466983
5000.0,35.0,0.544189
5000.0,36.0,0.467988
5000.0,37.0,0.490058
5000.0,38.0,0.496
5000.0,39.0,0.505637
5000.0,40.0,0.505588
5000.0,41.0,0.466281
5000.0,42.0,0.470596
5000.0,43.0,0.51044
5000.0,44.0,0.56099
5000.0,45.0,0.47558
5000.0,46.0,0.427745
5000.0,47.0,0.484812
5000.0,48.0,0.491534
5000.0,49.0,0.461126
5000.0,50.0,0.49372
5000.0,51.0,0.467561
5000.0,52.0,0.466104
5000.0,53.0,0.487764
5000.0,54.0,0.500253
5000.0,55.0,0.545892
5000.0,56.0,0.509034
5000.0,57.0,0.481666
5000.0,58.0,0.427703
5000.0,59.0,0.496395
5000.0,60.0,0.535005
5000.0,61.0,0.474827
5000.0,62.0,0.477009
5000.0,63.0,0.423993
5000.0,64.0,0.421973
5000.0,65.0,0.490654
5000.0,66.0,0.530579
5000.0,67.0,0.480297
5000.0,68.0,0.535139
5000.0,69.0,0.505258
5000.0,70.0,0.485086
5000.0,71.0,0.489829
5000.0,72.0,0.493052
5000.0,73.0,0.460725
5000.0,74.0,0.523087
5000.0,75.0,0.52411
5000.0,76.0,0.468203
5000.0,77.0,0.526628
5000.0,78.0,0.525434
5000.0,79.0,0.500492
5000.0,80.0,0.451056
5000.0,81.0,0.475213
5000.0,82.0,0.486038
5000.0,83.0,0.468208
5000.0,84.0,0.492439
5000.0,85.0,0.514564
5000.0,86.0,0.452045
5000.0,87.0,0.538791
5000.0,88.0,0.506736
5000.0,89.0,0.520049
5000.0,90.0,0.512544
5000.0,91.0,0.526339
5000.0,92.0,0.441117
5000.0,93.0,0.536744
5000.0,94.0,0.474158
5000.0,95.0,0.482893
5000.0,96.0,0.489023
5000.0,97.0,0.533718
5000.0,98.0,0.571456
5000.0,99.0,0.504943
5000.0,100.0,0.503401
5000.0,101.0,0.524191
5000.0,102.0,0.479361
5000.0,103.0,0.469006
5000.0,104.0,0.551878
5000.0,105.0,0.620464
5000.0,106.0,0.534536
5000.0,107.0,0.523729
5000.0,108.0,0.58567
5000.0,109.0,0.481488
5000.0,110.0,0.511514
5000.0,111.0,0.51585
5000.0,112.0,0.461814
5000.0,113.0,0.469923
5000.0,114.0,0.497144
5000.0,115.0,0.501499
5000.0,116.0,0.496917
5000.0,117.0,0.510495
5000.0,118.0,0.533631
5000.0,119.0,0.542769
5000.0,120.0,0.479702
5000.0,121.0,0.50363
5000.0,122.0,0.535269
5000.0,123.0,0.512125
5000.0,124.0,0.54133
5000.0,125.0,0.513757
5000.0,126.0,0.522353
5000.0,127.0,0.503863
5000.0,128.0,0.482375
5000.0,129.0,0.49254
5000.0,130.0,0.574834
5000.0,131.0,0.509183
5000.0,132.0,0.476214
5000.0,133.0,0.520053
5000.0,134.0,0.40578
5000.0,135.0,0.478295
5000.0,136.0,0.502516
5000.0,137.0,0.517321
5000.0,138.0,0.460431
5000.0,139.0,0.508445
5000.0,140.0,0.415653
5000.0,141.0,0.490819
5000.0,142.0,0.504851
5000.0,143.0,0.48338
5000.0,144.0,0.569228
5000.0,145.0,0.438718
5000.0,146.0,0.494851
5000.0,147.0,0.480264
5000.0,148.0,0.514468
5000.0,149.0,0.489101
5001.0,0.0,0.481325
5001.0,1.0,0.472382
5001.0,2.0,0.47455
5001.0,3.0,0.458853
5001.0,4.0,0.498225
5001.0,5.0,0.50369
5001.0,6.0,0.553804
5001.0,7.0,0.532102
5001.0,8.0,0.479523
5001.0,9.0,0.50708
5001.0,10.0,0.426649
5001.0,11.0,0.569233
5001.0,12.0,0.511884
5001.0,13.0,0.527855
5001.0,14.0,0.585659
5001.0,15.0,0.501314
5001.0,16.0,0.501312
5001.0,17.0,0.490709
5001.0,18.0,0.542045
5001.0,19.0,0.454957
5001.0,20.0,0.482266
5001.0,21.0,0.46717
5001.0,22.0,0.489937
5001.0,23.0,0.470986
5001.0,24.0,0.552519
5001.0,25.0,0.528135
5001.0,26.0,0.49833
5001.0,27.0,0.498399
5001.0,28.0,0.461338
5001.0,29.0,0.467232
5001.0,30.0,0.4466
5001.0,31.0,0.515199
5001.0,32.0,0.535174
5001.0,33.0,0.541032
5001.0,34.0,0.467723
5001.0,35.0,0.54363
5001.0,36.0,0.467161
5001.0,37.0,0.489898
5001.0,38.0,0.495485
5001.0,39.0,0.505631
5001.0,40.0,0.505615
5001.0,41.0,0.46698
5001.0,42.0,0.471757
5001.0,43.0,0.511388
5001.0,44.0,0.561379
5001.0,45.0,0.475479
5001.0,46.0,0.427508
5001.0,47.0,0.485379
5001.0,48.0,0.4916
5001.0,49.0,0.461505
5001.0,50.0,0.493717
5001.0,51.0,0.467678
5001.0,52.0,0.466604
5001.0,53.0,0.488619
5001.0,54.0,0.50022
5001.0,55.0,0.545393
5001.0,56.0,0.509633
5001.0,57.0,0.481268
5001.0,58.0,0.427211
5001.0,59.0,0.497126
5001.0,60.0,0.534575
5001.0,61.0,0.475077
5001.0,62.0,0.477868
5001.0,63.0,0.423734
5001.0,64.0,0.422203
5001.0,65.0,0.490844
5001.0,66.0,0.530592
5001.0,67.0,0.47995
5001.0,68.0,0.535938
5001.0,69.0,0.504906
5001.0,70.0,0.485278
5001.0,71.0,0.490165
5001.0,72.0,0.49293
5001.0,73.0,0.459787
5001.0,74.0,0.5229
5001.0,75.0,0.523813
5001.0,76.0,0.467998
5001.0,77.0,0.526708
5001.0,78.0,0.524833
5001.0,79.0,0.500398
5001.0,80.0,0.450751
5001.0,81.0,0.475473
5001.0,82.0,0.485953
5001.0,83.0,0.468381
5001.0,84.0,0.493135
5001.0,85.0,0.514273
5001.0,86.0,0.451081
5001.0,87.0,0.538929
5001.0,88.0,0.506986
5001.0,89.0,0.519804
5001.0,90.0,0.512916
5001.0,91.0,0.526196
5001.0,92.0,0.440436
5001.0,93.0,0.537225
5001.0,94.0,0.474052
5001.0,95.0,0.482857
5001.0,96.0,0.489004
5001.0,97.0,0.534037
5001.0,98.0,0.571939
5001.0,99.0,0.50515
5001.0,100.0,0.502849
5001.0,101.0,0.524692
5001.0,102.0,0.479402
5001.0,103.0,0.468915
5001.0,104.0,0.552061
5001.0,105.0,0.62069
5001.0,106.0,0.533875
5001.0,107.0,0.523636
5001.0,108.0,0.585558
5001.0,109.0,0.481108
5001.0,110.0,0.512151
5001.0,111.0,0.516246
5001.0,112.0,0.461778
5001.0,113.0,0.470011
5001.0,114.0,0.497041
5001.0,115.0,0.501498
5001.0,116.0,0.496138
5001.0,117.0,0.509911
5001.0,118.0,0.53379
5001.0,119.0,0.54231
5001.0,120.0,0.479716
5001.0,121.0,0.503252
5001.0,122.0,0.53532
5001.0,123.0,0.512003
5001.0,124.0,0.54146
5001.0,125.0,0.513911
5001.0,126.0,0.523062
5001.0,127.0,0.504737
5001.0,128.0,0.482267
5001.0,129.0,0.492275
5001.0,130.0,0.575745
5001.0,131.0,0.508464
5001.0,132.0,0.476122
5001.0,133.0,0.520221
5001.0,134.0,0.405776
5001.0,135.0,0.477963
5001.0,136.0,0.501937
5001.0,137.0,0.516733
5001.0,138.0,0.459983
5001.0,139.0,0.507944
5001.0,140.0,0.415277
5001.0,141.0,0.490747
5001.0,142.0,0.504919
5001.0,143.0,0.483776
5001.0,144.0,0.569251
5001.0,145.0,0.43778
5001.0,146.0,0.495514
5001.0,147.0,0.480717
5001.0,148.0,0.515048
5001.0,149.0,0.489575
5002.0,0.0,0.480928
5002.0,1.0,0.471966
5002.0,2.0,0.474172
5002.0,3.0,0.457938
5002.0,4.0,0.497705
5002.0,5.0,0.503586
5002.0,6.0,0.553186
5002.0,7.0,0.5316
5002.0,8.0,0.480332
5002.0,9.0,0.507553
5002.0,10.0,0.426657
5002.0,11.0,0.569487
5002.0,12.0,0.51225
5002.0,13.0,0.527249
5002.0,14.0,0.586181
5002.0,15.0,0.500766
5002.0,16.0,0.500812
5002.0,17.0,0.491562
5002.0,18.0,0.540885
5002.0,19.0,0.455024
5002.0,20.0,0.482742
5002.0,21.0,0.467582
5002.0,22.0,0.490212
5002.0,23.0,0.471093
5002.0,24.0,0.551943
5002.0,25.0,0.528181
5002.0,26.0,0.498404
5002.0,27.0,0.499308
5002.0,28.0,0.461723
5002.0,29.0,0.467908
5002.0,30.0,0.44706
5002.0,31.0,0.515392
5002.0,32.0,0.534651
5002.0,33.0,0.54146
5002.0,34.0,0.467604
5002.0,35.0,0.543255
5002.0,36.0,0.466642
5002.0,37.0,0.490144
5002.0,38.0,0.496075
5002.0,39.0,0.50572
5002.0,40.0,0.50473
5002.0,41.0,0.466381
5002.0,42.0,0.471713
5002.0,43.0,0.511919
5002.0,44.0,0.561206
5002.0,45.0,0.475213
5002.0,46.0,0.427699
5002.0,47.0,0.486136
5002.0,48.0,0.491406
5002.0,49.0,0.461915
5002.0,50.0,0.494106
5002.0,51.0,0.466656
5002.0,52.0,0.466737
5002.0,53.0,0.488394
5002.0,54.0,0.500276
5002.0,55.0,0.546225
5002.0,56.0,0.508448
5002.0,57.0,0.481193
5002.0,58.0,0.427495
5002.0,59.0,0.497221
5002.0,60.0,0.534764
5002.0,61.0,0.475874
5002.0,62.0,0.478639
5002.0,63.0,0.424013
5002.0,64.0,0.422656
5002.0,65.0,0.490782
5002.0,66.0,0.530014
5002.0,67.0,0.479769
5002.0,68.0,0.536222
5002.0,69.0,0.504732
5002.0,70.0,0.485521
5002.0,71.0,0.490936
5002.0,72.0,0.49338
5002.0,73.0,0.459425
5002.0,74.0,0.522421
5002.0,75.0,0.524197
5002.0,76.0,0.46755
5002.0,77.0,0.526766
5002.0,78.0,0.525445
5002.0,79.0,0.501075
5002.0,80.0,0.450214
5002.0,81.0,0.475667
5002.0,82.0,0.48628
5002.0,83.0,0.468553
5002.0,84.0,0.493354
5002.0,85.0,0.513914
5002.0,86.0,0.450853
5002.0,87.0,0.539589
5002.0,88.0,0.507246
5002.0,89.0,0.520042
5002.0,90.0,0.513212
5002.0,91.0,0.526205
5002.0,92.0,0.439543
5002.0,93.0,0.537081
5002.0,94.0,0.475172
5002.0,95.0,0.482574
5002.0,96.0,0.488929
5002.0,97.0,0.53309
5002.0,98.0,0.570979
5002.0,99.0,0.504573
5002.0,100.0,0.501682
5002.0,101.0,0.524614
5002.0,102.0,0.479484
5002.0,103.0,0.469522
5002.0,104.0,0.551836
5002.0,105.0,0.620811
5002.0,106.0,0.533785
5002.0,107.0,0.523217
5002.0,108.0,0.585532
5002.0,109.0,0.480578
5002.0,110.0,0.511532
5002.0,111.0,0.51623
5002.0,112.0,0.462606
5002.0,113.0,0.470159
5002.0,114.0,0.496938
5002.0,115.0,0.500697
5002.0,116.0,0.496676
5002.0,117.0,0.509042
5002.0,118.0,0.534667
5002.0,119.0,0.542086
5002.0,120.0,0.479419
5002.0,121.0,0.503109
5002.0,122.0,0.535693
5002.0,123.0,0.512864
5002.0,124.0,0.541798
5002.0,125.0,0.514343
5002.0,126.0,0.523644
5002.0,127.0,0.505148
5002.0,128.0,0.481961
5002.0,129.0,0.491381
5002.0,130.0,0.577068
5002.0,131.0,0.508456
5002.0,132.0,0.475742
5002.0,133.0,0.520505
5002.0,134.0,0.405853
5002.0,135.0,0.478113
5002.0,136.0,0.501619
5002.0,137.0,0.516519
5002.0,138.0,0.459981
5002.0,139.0,0.507335
5002.0,140.0,0.415724
5002.0,141.0,0.490602
5002.0,142.0,0.504064
5002.0,143.0,0.483186
5002.0,144.0,0.568918
5002.0,145.0,0.437634
5002.0,146.0,0.495854
5002.0,147.0,0.481796
5002.0,148.0,0.515216
5002.0,149.0,0.489339
5003.0,0.0,0.481578
5003.0,1.0,0.472992
5003.0,2.0,0.474316
5003.0,3.0,0.458553
5003.0,4.0,0.497734
5003.0,5.0,0.503761
5003.0,6.0,0.552443
5003.0,7.0,0.531262
5003.0,8.0,0.480015
5003.0,9.0,0.508152
5003.0,10.0,0.426049
5003.0,11.0,0.569127
5003.0,12.0,0.512997
5003.0,13.0,0.52687
5003.0,14.0,0.586632
5003.0,15.0,0.500613
5003.0,16.0,0.500874
5003.0,17.0,0.491249
5003.0,18.0,0.54139
5003.0,19.0,0.454671
5003.0,20.0,0.482141
5003.0,21.0,0.467756
5003.0,22.0,0.490177
5003.0,23.0,0.471514
5003.0,24.0,0.552524
5003.0,25.0,0.528398
5003.0,26.0,0.497431
5003.0,27.0,0.499553
5003.0,28.0,0.461771
5003.0,29.0,0.468034
5003.0,30.0,0.447475
5003.0,31.0,0.515633
5003.0,32.0,0.53425
5003.0,33.0,0.541082
5003.0,34.0,0.467533
5003.0,35.0,0.543744
5003.0,36.0,0.466615
5003.0,37.0,0.490344
5003.0,38.0,0.495777
5003.0,39.0,0.505451
5003.0,40.0,0.50492
5003.0,41.0,0.466556
5003.0,42.0,0.472461
5003.0,43.0,0.511623
5003.0,44.0,0.561803
5003.0,45.0,0.47513
5003.0,46.0,0.427675
5003.0,47.0,0.48594
5003.0,48.0,0.491359
5003.0,49.0,0.461454
5003.0,50.0,0.493869
5003.0,51.0,0.466879
5003.0,52.0,0.466615
5003.0,53.0,0.487349
5003.0,54.0,0.500603
5003.0,55.0,0.546247
5003.0,56.0,0.508692
5003.0,57.0,0.480996
5003.0,58.0,0.427172
5003.0,59.0,0.497951
5003.0,60.0,0.535545
5003.0,61.0,0.476121
5003.0,62.0,0.478562
5003.0,63.0,0.424431
5003.0,64.0,0.423209
5003.0,65.0,0.491177
5003.0,66.0,0.530827
5003.0,67.0,0.480196
5003.0,68.0,0.535999
5003.0,69.0,0.504706
5003.0,70.0,0.485229
5003.0,71.0,0.491793
5003.0,72.0,0.494416
5003.0,73.0,0.459323
5003.0,74.0,0.522751
5003.0,75.0,0.524573
5003.0,76.0,0.466843
5003.0,77.0,0.526489
5003.0,78.0,0.526093
5003.0,79.0,0.501587
5003.0,80.0,0.450805
5003.0,81.0,0.476273
5003.0,82.0,0.486492
5003.0,83.0,0.46872
5003.0,84.0,0.492193
5003.0,85.0,0.513639
5003.0,86.0,0.45022
5003.0,87.0,0.539642
5003.0,88.0,0.508449
5003.0,89.0,0.520758
5003.0,90.0,0.512767
5003.0,91.0,0.525965
5003.0,92.0,0.439409
5003.0,93.0,0.536287
5003.0,94.0,0.475364
5003.0,95.0,0.481673
5003.0,96.0,0.48908
5003.0,97.0,0.532785
5003.0,98.0,0.570503
5003.0,99.0,0.505032
5003.0,100.0,0.502034
5003.0,101.0,0.525292
5003.0,102.0,0.479134
5003.0,103.0,0.470833
5003.0,104.0,0.551601
5003.0,105.0,0.620549
5003.0,106.0,0.533765
5003.0,107.0,0.522893
5003.0,108.0,0.585505
5003.0,109.0,0.480541
5003.0,110.0,0.511414
5003.0,111.0,0.516513
5003.0,112.0,0.463869
5003.0,113.0,0.470329
5003.0,114.0,0.497802
5003.0,115.0,0.500145
5003.0,116.0,0.496733
5003.0,117.0,0.509785
5003.0,118.0,0.534287
5003.0,119.0,0.542438
5003.0,120.0,0.480341
5003.0,121.0,0.503378
5003.0,122.0,0.535891
5003.0,123.0,0.513305
5003.0,124.0,0.542477
5003.0,125.0,0.513897
5003.0,126.0,0.522858
5003.0,127.0,0.50524
5003.0,128.0,0.482378
5003.0,129.0,0.490899
5003.0,130.0,0.576592
5003.0,131.0,0.508563
5003.0,132.0,0.475722
5003.0,133.0,0.520283
5003.0,134.0,0.406076
5003.0,135.0,0.477382
5003.0,136.0,0.500944
5003.0,137.0,0.517119
5003.0,138.0,0.459883
5003.0,139.0,0.506218
5003.0,140.0,0.416529
5003.0,141.0,0.490852
5003.0,142.0,0.504118
5003.0,143.0,0.482818
5003.0,144.0,0.56871
5003.0,145.0,0.437368
5003.0,146.0,0.496452
5003.0,147.0,0.482046
5003.0,148.0,0.515046
5003.0,149.0,0.490093
5004.0,0.0,0.481617
5004.0,1.0,0.473585
5004.0,2.0,0.474211
5004.0,3.0,0.458731
5004.0,4.0,0.498718
5004.0,5.0,0.504321
5004.0,6.0,0.552071
5004.0,7.0,0.53124
5004.0,8.0,0.48094
5004.0,9.0,0.508114
5004.0,10.0,0.426175
5004.0,11.0,0.568817
5004.0,12.0,0.511949
5004.0,13.0,0.526373
5004.0,14.0,0.587073
5004.0,15.0,0.500884
5004.0,16.0,0.500493
5004.0,17.0,0.491765
5004.0,18.0,0.541308
5004.0,19.0,0.455164
5004.0,20.0,0.482377
5004.0,21.0,0.46838
5004.0,22.0,0.489387
5004.0,23.0,0.471432
5004.0,24.0,0.552329
5004.0,25.0,0.528473
5004.0,26.0,0.497066
5004.0,27.0,0.499198
5004.0,28.0,0.461814
5004.0,29.0,0.466997
5004.0,30.0,0.446882
5004.0,31.0,0.516144
5004.0,32.0,0.534207
5004.0,33.0,0.540806
5004.0,34.0,0.468287
5004.0,35.0,0.543796
5004.0,36.0,0.466995
5004.0,37.0,0.489754
5004.0,38.0,0.495036
5004.0,39.0,0.505693
5004.0,40.0,0.505685
5004.0,41.0,0.467028
5004.0,42.0,0.473055
5004.0,43.0,0.512114
5004.0,44.0,0.560735
5004.0,45.0,0.4755
5004.0,46.0,0.427193
5004.0,47.0,0.485238
5004.0,48.0,0.49139
5004.0,49.0,0.461209
5004.0,50.0,0.494518
5004.0,51.0,0.466909
5004.0,52.0,0.465877
5004.0,53.0,0.488044
5004.0,54.0,0.500589
5004.0,55.0,0.545814
5004.0,56.0,0.509302
5004.0,57.0,0.481253
5004.0,58.0,0.427648
5004.0,59.0,0.498702
5004.0,60.0,0.535806
5004.0,61.0,0.476097
5004.0,62.0,0.479003
5004.0,63.0,0.425153
5004.0,64.0,0.42269
5004.0,65.0,0.490834
5004.0,66.0,0.531083
5004.0,67.0,0.479394
5004.0,68.0,0.535811
5004.0,69.0,0.504483
5004.0,70.0,0.483939
5004.0,71.0,0.49092
5004.0,72.0,0.494526
5004.0,73.0,0.458557
5004.0,74.0,0.521842
5004.0,75.0,0.524017
5004.0,76.0,0.467007
5004.0,77.0,0.526371
5004.0,78.0,0.526896
5004.0,79.0,0.501465
5004.0,80.0,0.450417
5004.0,81.0,0.476452
5004.0,82.0,0.485766
5004.0,83.0,0.468738
5004.0,84.0,0.492201
5004.0,85.0,0.51331
5004.0,86.0,0.450587
5004.0,87.0,0.539852
5004.0,88.0,0.508647
5004.0,89.0,0.51994
5004.0,90.0,0.513615
5004.0,91.0,0.525843
5004.0,92.0,0.439409
5004.0,93.0,0.536149
5004.0,94.0,0.475507
5004.0,95.0,0.482026
5004.0,96.0,0.488788
5004.0,97.0,0.532577
5004.0,98.0,0.570853
5004.0,99.0,0.504744
5004.0,100.0,0.501602
5004.0,101.0,0.525645
5004.0,102.0,0.479488
5004.0,103.0,0.470466
5004.0,104.0,0.551624
5004.0,105.0,0.620248
5004.0,106.0,0.533742
5004.0,107.0,0.522768
5004.0,108.0,0.585593
5004.0,109.0,0.4801
5004.0,110.0,0.510195
5004.0,111.0,0.516329
5004.0,112.0,0.464408
5004.0,113.0,0.469638
5004.0,114.0,0.498797
5004.0,115.0,0.501269
5004.0,116.0,0.495553
5004.0,117.0,0.510576
5004.0,118.0,0.533917
5004.0,119.0,0.542766
5004.0,120.0,0.480268
5004.0,121.0,0.504239
5004.0,122.0,0.536917
5004.0,123.0,0.513338
5004.0,124.0,0.542354
5004.0,125.0,0.51423
5004.0,126.0,0.52236
5004.0,127.0,0.505547
5004.0,128.0,0.482433
5004.0,129.0,0.490253
5004.0,130.0,0.575758
5004.0,131.0,0.508466
5004.0,132.0,0.47601
5004.0,133.0,0.520324
5004.0,134.0,0.406056
5004.0,135.0,0.477689
5004.0,136.0,0.5004
5004.0,137.0,0.517782
5004.0,138.0,0.460416
5004.0,139.0,0.505742
5004.0,140.0,0.41634
5004.0,141.0,0.490833
5004.0,142.0,0.504163
5004.0,143.0,0.482287
5004.0,144.0,0.569292
5004.0,145.0,0.437529
5004.0,146.0,0.496501
5004.0,147.0,0.481384
5004.0,148.0,0.515222
5004.0,149.0,0.489807
5005.0,0.0,0.481293
5005.0,1.0,0.473319
5005.0,2.0,0.475363
5005.0,3.0,0.458738
5005.0,4.0,0.498616
5005.0,5.0,0.504672
5005.0,6.0,0.551739
5005.0,7.0,0.531377
5005.0,8.0,0.480565
5005.0,9.0,0.507965
5005.0,10.0,0.426154
5005.0,11.0,0.568485
5005.0,12.0,0.51185
5005.0,13.0,0.527803
5005.0,14.0,0.586689
5005.0,15.0,0.501471
5005.0,16.0,0.501128
5005.0,17.0,0.491261
5005.0,18.0,0.541607
5005.0,19.0,0.455469
5005.0,20.0,0.482176
5005.0,21.0,0.468973
5005.0,22.0,0.489719
5005.0,23.0,0.471369
5005.0,24.0,0.551353
5005.0,25.0,0.528437
5005.0,26.0,0.497517
5005.0,27.0,0.499916
5005.0,28.0,0.462087
5005.0,29.0,0.466835
5005.0,30.0,0.447877
5005.0,31.0,0.516035
5005.0,32.0,0.533768
5005.0,33.0,0.540145
5005.0,34.0,0.468601
5005.0,35.0,0.543653
5005.0,36.0,0.466983
5005.0,37.0,0.489974
5005.0,38.0,0.495734
5005.0,39.0,0.506229
5005.0,40.0,0.505893
5005.0,41.0,0.467249
5005.0,42.0,0.472992
5005.0,43.0,0.512111
5005.0,44.0,0.561519
5005.0,45.0,0.475947
5005.0,46.0,0.427029
5005.0,47.0,0.485153
5005.0,48.0,0.491879
5005.0,49.0,0.461049
5005.0,50.0,0.493861
5005.0,51.0,0.466882
5005.0,52.0,0.465553
5005.0,53.0,0.487926
5005.0,54.0,0.500051
5005.0,55.0,0.545568
5005.0,56.0,0.508462
5005.0,57.0,0.481345
5005.0,58.0,0.427897
5005.0,59.0,0.49842
5005.0,60.0,0.536897
5005.0,61.0,0.476264
5005.0,62.0,0.478935
5005.0,63.0,0.425344
5005.0,64.0,0.422545
5005.0,65.0,0.491404
5005.0,66.0,0.530535
5005.0,67.0,0.479244
5005.0,68.0,0.535266
5005.0,69.0,0.504495
5005.0,70.0,0.483833
5005.0,71.0,0.491013
5005.0,72.0,0.494719
5005.0,73.0,0.457658
5005.0,74.0,0.521779
5005.0,75.0,0.52407
5005.0,76.0,0.467539
5005.0,77.0,0.526257
5005.0,78.0,0.5264
5005.0,79.0,0.500297
5005.0,80.0,0.451517
5005.0,81.0,0.47645
5005.0,82.0,0.48553
5005.0,83.0,0.469119
5005.0,84.0,0.491664
5005.0,85.0,0.512003
5005.0,86.0,0.450966
5005.0,87.0,0.539652
5005.0,88.0,0.507945
5005.0,89.0,0.520286
5005.0,90.0,0.514331
5005.0,91.0,0.525515
5005.0,92.0,0.439802
5005.0,93.0,0.536267
5005.0,94.0,0.475545
5005.0,95.0,0.482802
5005.0,96.0,0.488059
5005.0,97.0,0.53317
5005.0,98.0,0.570694
5005.0,99.0,0.505004
5005.0,100.0,0.501232
5005.0,101.0,0.525169
5005.0,102.0,0.479877
5005.0,103.0,0.470804
5005.0,104.0,0.551568
5005.0,105.0,0.619395
5005.0,106.0,0.533713
5005.0,107.0,0.52336
5005.0,108.0,0.585676
5005.0,109.0,0.480283
5005.0,110.0,0.510314
5005.0,111.0,0.515844
5005.0,112.0,0.46469
5005.0,113.0,0.470439
5005.0,114.0,0.498932
5005.0,115.0,0.500813
5005.0,116.0,0.495807
5005.0,117.0,0.510857
5005.0,118.0,0.533605
5005.0,119.0,0.542658
5005.0,120.0,0.480463
5005.0,121.0,0.504545
5005.0,122.0,0.536422
5005.0,123.0,0.51343
5005.0,124.0,0.542109
5005.0,125.0,0.514751
5005.0,126.0,0.522475
5005.0,127.0,0.504545
5005.0,128.0,0.481716
5005.0,129.0,0.490486
5005.0,130.0,0.576222
5005.0,131.0,0.508352
5005.0,132.0,0.476356
5005.0,133.0,0.520179
5005.0,134.0,0.405424
5005.0,135.0,0.477978
5005.0,136.0,0.500691
5005.0,137.0,0.517629
5005.0,138.0,0.460844
5005.0,139.0,0.505732
5005.0,140.0,0.416646
5005.0,141.0,0.490452
5005.0,142.0,0.503416
5005.0,143.0,0.482
5005.0,144.0,0.569562
5005.0,145.0,0.437478
5005.0,146.0,0.49668
5005.0,147.0,0.481411
5005.0,148.0,0.515821
5005.0,149.0,0.489902
5006.0,0.0,0.481161
5006.0,1.0,0.473639
5006.0,2.0,0.474786
5006.0,3.0,0.458804
5006.0,4.0,0.498271
5006.0,5.0,0.504851
5006.0,6.0,0.551781
5006.0,7.0,0.531069
5006.0,8.0,0.47961
5006.0,9.0,0.50881
5006.0,10.0,0.425724
5006.0,11.0,0.568489
5006.0,12.0,0.511967
5006.0,13.0,0.527966
5006.0,14.0,0.586145
5006.0,15.0,0.50202
5006.0,16.0,0.501966
5006.0,17.0,0.491337
5006.0,18.0,0.541062
5006.0,19.0,0.455604
5006.0,20.0,0.481916
5006.0,21.0,0.469691
5006.0,22.0,0.490016
5006.0,23.0,0.471722
5006.0,24.0,0.551736
5006.0,25.0,0.528895
5006.0,26.0,0.497176
5006.0,27.0,0.499555
5006.0,28.0,0.462286
5006.0,29.0,0.467288
5006.0,30.0,0.448051
5006.0,31.0,0.516015
5006.0,32.0,0.534552
5006.0,33.0,0.540434
5006.0,34.0,0.46935
5006.0,35.0,0.543509
5006.0,36.0,0.467845
5006.0,37.0,0.489747
5006.0,38.0,0.496155
5006.0,39.0,0.50637
5006.0,40.0,0.506159
5006.0,41.0,0.46706
5006.0,42.0,0.473487
5006.0,43.0,0.512306
5006.0,44.0,0.562574
5006.0,45.0,0.476026
5006.0,46.0,0.42674
5006.0,47.0,0.484619
5006.0,48.0,0.492238
5006.0,49.0,0.460509
5006.0,50.0,0.492963
5006.0,51.0,0.467165
5006.0,52.0,0.465382
5006.0,53.0,0.488284
5006.0,54.0,0.499663
5006.0,55.0,0.545094
5006.0,56.0,0.508169
5006.0,57.0,0.480955
5006.0,58.0,0.428645
5006.0,59.0,0.497767
5006.0,60.0,0.537025
5006.0,61.0,0.476696
5006.0,62.0,0.478841
5006.0,63.0,0.425648
5006.0,64.0,0.422428
5006.0,65.0,0.491295
5006.0,66.0,0.530494
5006.0,67.0,0.479048
5006.0,68.0,0.535138
5006.0,69.0,0.504288
5006.0,70.0,0.483218
5006.0,71.0,0.490587
5006.0,72.0,0.494591
5006.0,73.0,0.457467
5006.0,74.0,0.521571
5006.0,75.0,0.523988
5006.0,76.0,0.467263
5006.0,77.0,0.526643
5006.0,78.0,0.526373
5006.0,79.0,0.500378
5006.0,80.0,0.451925
5006.0,81.0,0.476721
5006.0,82.0,0.485502
5006.0,83.0,0.469467
5006.0,84.0,0.490889
5006.0,85.0,0.512483
5006.0,86.0,0.450958
5006.0,87.0,0.53987
5006.0,88.0,0.508107
5006.0,89.0,0.52053
5006.0,90.0,0.514509
5006.0,91.0,0.525322
5006.0,92.0,0.440287
5006.0,93.0,0.53707
5006.0,94.0,0.475061
5006.0,95.0,0.48322
5006.0,96.0,0.488097
5006.0,97.0,0.533041
5006.0,98.0,0.570238
5006.0,99.0,0.504766
5006.0,100.0,0.500628
5006.0,101.0,0.524531
5006.0,102.0,0.480045
5006.0,103.0,0.47107
5006.0,104.0,0.5512
5006.0,105.0,0.619588
5006.0,106.0,0.53387
5006.0,107.0,0.523851
5006.0,108.0,0.585817
5006.0,109.0,0.480641
5006.0,110.0,0.510808
5006.0,111.0,0.51541
5006.0,112.0,0.465424
5006.0,113.0,0.470399
5006.0,114.0,0.499198
5006.0,115.0,0.500315
5006.0,116.0,0.495005
5006.0,117.0,0.510222
5006.0,118.0,0.533058
5006.0,119.0,0.542744
5006.0,120.0,0.480406
5006.0,121.0,0.504618
5006.0,122.0,0.536687
5006.0,123.0,0.513402
5006.0,124.0,0.542656
5006.0,125.0,0.513939
5006.0,126.0,0.522468
5006.0,127.0,0.504058
5006.0,128.0,0.481224
5006.0,129.0,0.491054
5006.0,130.0,0.576843
5006.0,131.0,0.508556
5006.0,132.0,0.47658
5006.0,133.0,0.519439
5006.0,134.0,0.405108
5006.0,135.0,0.477277
5006.0,136.0,0.50106
5006.0,137.0,0.517718
5006.0,138.0,0.460689
5006.0,139.0,0.50617
5006.0,140.0,0.41675
5006.0,141.0,0.490436
5006.0,142.0,0.503537
5006.0,143.0,0.48188
5006.0,144.0,0.569745
5006.0,145.0,0.438856
5006.0,146.0,0.496756
5006.0,147.0,0.481868
5006.0,148.0,0.515523
5006.0,149.0,0.490825
5007.0,0.0,0.48154
5007.0,1.0,0.473433
5007.0,2.0,0.475038
5007.0,3.0,0.458581
5007.0,4.0,0.497796
5007.0,5.0,0.506463
5007.0,6.0,0.552267
5007.0,7.0,0.530975
5007.0,8.0,0.478712
5007.0,9.0,0.508629
5007.0,10.0,0.425011
5007.0,11.0,0.568568
5007.0,12.0,0.510667
5007.0,13.0,0.528282
5007.0,14.0,0.58563
5007.0,15.0,0.501064
5007.0,16.0,0.502147
5007.0,17.0,0.492187
5007.0,18.0,0.541335
5007.0,19.0,0.45572
5007.0,20.0,0.482503
5007.0,21.0,0.46999
5007.0,22.0,0.490051
5007.0,23.0,0.472108
5007.0,24.0,0.551306
5007.0,25.0,0.528826
5007.0,26.0,0.497004
5007.0,27.0,0.499317
5007.0,28.0,0.463425
5007.0,29.0,0.46837
5007.0,30.0,0.448573
5007.0,31.0,0.515407
5007.0,32.0,0.53449
5007.0,33.0,0.541042
5007.0,34.0,0.469493
5007.0,35.0,0.544193
5007.0,36.0,0.468555
5007.0,37.0,0.490182
5007.0,38.0,0.495961
5007.0,39.0,0.505728
5007.0,40.0,0.506147
5007.0,41.0,0.467421
5007.0,42.0,0.473781
5007.0,43.0,0.512117
5007.0,44.0,0.562364
5007.0,45.0,0.476429
5007.0,46.0,0.42644
5007.0,47.0,0.48456
5007.0,48.0,0.49209
5007.0,49.0,0.460515
5007.0,50.0,0.4929
5007.0,51.0,0.467625
5007.0,52.0,0.464863
5007.0,53.0,0.488032
5007.0,54.0,0.498958
5007.0,55.0,0.545924
5007.0,56.0,0.507289
5007.0,57.0,0.480029
5007.0,58.0,0.428105
5007.0,59.0,0.498348
5007.0,60.0,0.537309
5007.0,61.0,0.476149
5007.0,62.0,0.478461
5007.0,63.0,0.425761
5007.0,64.0,0.422449
5007.0,65.0,0.490809
5007.0,66.0,0.530804
5007.0,67.0,0.47888
5007.0,68.0,0.535395
5007.0,69.0,0.505331
5007.0,70.0,0.483173
5007.0,71.0,0.491318
5007.0,72.0,0.493943
5007.0,73.0,0.457448
5007.0,74.0,0.521257
5007.0,75.0,0.52399
5007.0,76.0,0.467346
5007.0,77.0,0.527339
5007.0,78.0,0.526359
5007.0,79.0,0.500158
5007.0,80.0,0.452724
5007.0,81.0,0.476451
5007.0,82.0,0.485467
5007.0,83.0,0.469919
5007.0,84.0,0.490631
5007.0,85.0,0.51285
5007.0,86.0,0.451203
5007.0,87.0,0.539766
5007.0,88.0,0.507877
5007.0,89.0,0.521023
5007.0,90.0,0.514769
5007.0,91.0,0.525192
5007.0,92.0,0.44037
5007.0,93.0,0.537247
5007.0,94.0,0.474577
5007.0,95.0,0.483096
5007.0,96.0,0.488385
5007.0,97.0,0.532772
5007.0,98.0,0.570576
5007.0,99.0,0.504629
5007.0,100.0,0.500881
5007.0,101.0,0.525092
5007.0,102.0,0.480066
5007.0,103.0,0.469888
5007.0,104.0,0.551091
5007.0,105.0,0.619437
5007.0,106.0,0.533901
5007.0,107.0,0.523878
5007.0,108.0,0.585411
5007.0,109.0,0.480775
5007.0,110.0,0.511505
5007.0,111.0,0.513896
5007.0,112.0,0.464304
5007.0,113.0,0.470121
5007.0,114.0,0.499405
5007.0,115.0,0.500136
5007.0,116.0,0.495458
5007.0,117.0,0.509576
5007.0,118.0,0.533361
5007.0,119.0,0.542673
5007.0,120.0,0.480925
5007.0,121.0,0.505222
5007.0,122.0,0.535891
5007.0,123.0,0.514263
5007.0,124.0,0.542376
5007.0,125.0,0.514368
5007.0,126.0,0.523107
5007.0,127.0,0.503853
5007.0,128.0,0.481654
5007.0,129.0,0.49066
5007.0,130.0,0.577635
5007.0,131.0,0.507827
5007.0,132.0,0.476066
5007.0,133.0,0.519597
5007.0,134.0,0.404548
5007.0,135.0,0.477061
5007.0,136.0,0.500739
5007.0,137.0,0.517701
5007.0,138.0,0.46102
5007.0,139.0,0.506478
5007.0,140.0,0.416277
5007.0,141.0,0.491008
5007.0,142.0,0.502772
5007.0,143.0,0.481981
5007.0,144.0,0.570458
5007.0,145.0,0.438359
5007.0,146.0,0.496216
5007.0,147.0,0.482625
5007.0,148.0,0.516315
5007.0,149.0,0.490814
5008.0,0.0,0.481973
5008.0,1.0,0.473569
5008.0,2.0,0.475315
5008.0,3.0,0.458323
5008.0,4.0,0.497987
5008.0,5.0,0.506391
5008.0,6.0,0.551715
5008.0,7.0,0.530179
5008.0,8.0,0.478525
5008.0,9.0,0.508883
5008.0,10.0,0.424883
5008.0,11.0,0.568562
5008.0,12.0,0.510127
5008.0,13.0,0.52793
5008.0,14.0,0.58669
5008.0,15.0,0.501441
5008.0,16.0,0.502455
5008.0,17.0,0.492316
5008.0,18.0,0.540953
5008.0,19.0,0.455769
5008.0,20.0,0.482872
5008.0,21.0,0.470093
5008.0,22.0,0.490014
5008.0,23.0,0.47167
5008.0,24.0,0.551149
5008.0,25.0,0.528985
5008.0,26.0,0.495873
5008.0,27.0,0.498916
5008.0,28.0,0.463183
5008.0,29.0,0.468332
5008.0,30.0,0.448361
5008.0,31.0,0.515221
5008.0,32.0,0.532974
5008.0,33.0,0.540746
5008.0,34.0,0.470204
5008.0,35.0,0.544537
5008.0,36.0,0.469159
5008.0,37.0,0.490158
5008.0,38.0,0.495598
5008.0,39.0,0.505986
5008.0,40.0,0.505883
5008.0,41.0,0.467939
5008.0,42.0,0.473947
5008.0,43.0,0.512067
5008.0,44.0,0.562441
5008.0,45.0,0.477183
5008.0,46.0,0.425629
5008.0,47.0,0.485343
5008.0,48.0,0.492638
5008.0,49.0,0.460179
5008.0,50.0,0.492694
5008.0,51.0,0.467484
5008.0,52.0,0.465044
5008.0,53.0,0.488432
5008.0,54.0,0.499437
5008.0,55.0,0.546338
5008.0,56.0,0.508025
5008.0,57.0,0.480635
5008.0,58.0,0.428411
5008.0,59.0,0.499232
5008.0,60.0,0.536803
5008.0,61.0,0.476197
5008.0,62.0,0.477995
5008.0,63.0,0.425611
5008.0,64.0,0.422092
5008.0,65.0,0.489997
5008.0,66.0,0.530685
5008.0,67.0,0.479463
5008.0,68.0,0.535602
5008.0,69.0,0.505076
5008.0,70.0,0.483233
5008.0,71.0,0.491301
5008.0,72.0,0.493995
5008.0,73.0,0.456735
5008.0,74.0,0.521566
5008.0,75.0,0.52377
5008.0,76.0,0.467751
5008.0,77.0,0.527092
5008.0,78.0,0.525775
5008.0,79.0,0.4998
5008.0,80.0,0.452357
5008.0,81.0,0.476817
5008.0,82.0,0.484306
5008.0,83.0,0.470382
5008.0,84.0,0.490899
5008.0,85.0,0.512729
5008.0,86.0,0.451423
5008.0,87.0,0.538943
5008.0,88.0,0.507948
5008.0,89.0,0.520695
5008.0,90.0,0.515009
5008.0,91.0,0.524782
5008.0,92.0,0.440794
5008.0,93.0,0.536166
5008.0,94.0,0.474812
5008.0,95.0,0.483522
5008.0,96.0,0.48836
5008.0,97.0,0.533515
5008.0,98.0,0.571134
5008.0,99.0,0.504452
5008.0,100.0,0.500619
5008.0,101.0,0.525303
5008.0,102.0,0.479763
5008.0,103.0,0.470966
5008.0,104.0,0.551517
5008.0,105.0,0.619413
5008.0,106.0,0.532923
5008.0,107.0,0.523697
5008.0,108.0,0.585826
5008.0,109.0,0.48061
5008.0,110.0,0.510926
5008.0,111.0,0.513494
5008.0,112.0,0.464187
5008.0,113.0,0.470136
5008.0,114.0,0.499372
5008.0,115.0,0.500628
5008.0,116.0,0.495795
5008.0,117.0,0.509916
5008.0,118.0,0.534243
5008.0,119.0,0.542609
5008.0,120.0,0.480342
5008.0,121.0,0.504544
5008.0,122.0,0.536188
5008.0,123.0,0.514479
5008.0,124.0,0.542123
5008.0,125.0,0.514491
5008.0,126.0,0.52346
5008.0,127.0,0.503653
5008.0,128.0,0.481846
5008.0,129.0,0.490111
5008.0,130.0,0.577468
5008.0,131.0,0.5078
5008.0,132.0,0.475814
5008.0,133.0,0.519767
5008.0,134.0,0.404478
5008.0,135.0,0.47687
5008.0,136.0,0.500902
5008.0,137.0,0.517583
5008.0,138.0,0.460289
5008.0,139.0,0.506833
5008.0,140.0,0.416491
5008.0,141.0,0.491586
5008.0,142.0,0.502725
5008.0,143.0,0.481547
5008.0,144.0,0.570212
5008.0,145.0,0.438802
5008.0,146.0,0.496288
5008.0,147.0,0.481969
5008.0,148.0,0.516526
5008.0,149.0,0.491201
5009.0,0.0,0.482232
5009.0,1.0,0.474068
5009.0,2.0,0.475608
5009.0,3.0,0.457965
5009.0,4.0,0.497569
5009.0,5.0,0.507048
5009.0,6.0,0.551717
5009.0,7.0,0.530403
5009.0,8.0,0.478163
5009.0,9.0,0.508025
5009.0,10.0,0.425125
5009.0,11.0,0.5681
5009.0,12.0,0.510384
5009.0,13.0,0.527627
5009.0,14.0,0.586433
5009.0,15.0,0.502071
5009.0,16.0,0.502687
5009.0,17.0,0.492942
5009.0,18.0,0.54088
5009.0,19.0,0.455869
5009.0,20.0,0.483057
5009.0,21.0,0.470549
5009.0,22.0,0.490092
5009.0,23.0,0.472449
5009.0,24.0,0.550652
5009.0,25.0,0.529397
5009.0,26.0,0.496217
5009.0,27.0,0.499815
5009.0,28.0,0.463674
5009.0,29.0,0.46836
5009.0,30.0,0.447934
5009.0,31.0,0.515232
5009.0,32.0,0.533581
5009.0,33.0,0.540822
5009.0,34.0,0.470729
5009.0,35.0,0.544202
5009.0,36.0,0.469738
5009.0,37.0,0.491601
5009.0,38.0,0.495767
5009.0,39.0,0.505151
5009.0,40.0,0.505826
5009.0,41.0,0.468312
5009.0,42.0,0.473923
5009.0,43.0,0.51169
5009.0,44.0,0.562932
5009.0,45.0,0.476856
5009.0,46.0,0.425877
5009.0,47.0,0.484734
5009.0,48.0,0.492537
5009.0,49.0,0.458957
5009.0,50.0,0.49323
5009.0,51.0,0.467604
5009.0,52.0,0.464734
5009.0,53.0,0.488273
5009.0,54.0,0.499435
5009.0,55.0,0.546252
5009.0,56.0,0.508379
5009.0,57.0,0.48119
5009.0,58.0,0.427372
5009.0,59.0,0.49952
5009.0,60.0,0.536918
5009.0,61.0,0.476475
5009.0,62.0,0.477781
5009.0,63.0,0.425518
5009.0,64.0,0.422088
5009.0,65.0,0.489764
5009.0,66.0,0.530642
5009.0,67.0,0.479596
5009.0,68.0,0.535531
5009.0,69.0,0.505763
5009.0,70.0,0.483827
5009.0,71.0,0.491063
5009.0,72.0,0.494072
5009.0,73.0,0.455905
5009.0,74.0,0.521746
5009.0,75.0,0.523112
5009.0,76.0,0.468418
5009.0,77.0,0.52768
5009.0,78.0,0.525943
5009.0,79.0,0.499666
5009.0,80.0,0.451859
5009.0,81.0,0.476471
5009.0,82.0,0.484978
5009.0,83.0,0.469965
5009.0,84.0,0.490118
5009.0,85.0,0.513304
5009.0,86.0,0.451101
5009.0,87.0,0.539263
5009.0,88.0,0.5074
5009.0,89.0,0.519935
5009.0,90.0,0.515014
5009.0,91.0,0.523705
5009.0,92.0,0.440654
5009.0,93.0,0.535113
5009.0,94.0,0.475578
5009.0,95.0,0.483713
5009.0,96.0,0.488357
5009.0,97.0,0.533322
5009.0,98.0,0.570837
5009.0,99.0,0.504562
5009.0,100.0,0.501311
5009.0,101.0,0.525172
5009.0,102.0,0.479366
5009.0,103.0,0.46993
5009.0,104.0,0.552534
5009.0,105.0,0.619939
5009.0,106.0,0.533451
5009.0,107.0,0.524249
5009.0,108.0,0.586475
5009.0,109.0,0.480793
5009.0,110.0,0.510125
5009.0,111.0,0.513192
5009.0,112.0,0.465269
5009.0,113.0,0.46966
5009.0,114.0,0.499577
5009.0,115.0,0.500658
5009.0,116.0,0.495982
5009.0,117.0,0.509999
5009.0,118.0,0.534692
5009.0,119.0,0.542809
5009.0,120.0,0.480324
5009.0,121.0,0.504639
5009.0,122.0,0.535789
5009.0,123.0,0.514804
5009.0,124.0,0.54204
5009.0,125.0,0.515283
5009.0,126.0,0.523506
5009.0,127.0,0.503287
5009.0,128.0,0.482375
5009.0,129.0,0.489991
5009.0,130.0,0.577008
5009.0,131.0,0.508002
5009.0,132.0,0.476229
5009.0,133.0,0.519554
5009.0,134.0,0.403833
5009.0,135.0,0.476972
5009.0,136.0,0.501136
5009.0,137.0,0.517703
5009.0,138.0,0.460717
5009.0,139.0,0.506231
5009.0,140.0,0.41588
5009.0,141.0,0.49144
5009.0,142.0,0.502655
5009.0,143.0,0.481332
5009.0,144.0,0.570313
5009.0,145.0,0.439307
5009.0,146.0,0.496004
5009.0,147.0,0.482025
5009.0,148.0,0.516567
5009.0,149.0,0.490083
5010.0,0.0,0.482739
5010.0,1.0,0.473953
5010.0,2.0,0.475839
5010.0,3.0,0.458166
5010.0,4.0,0.4974
5010.0,5.0,0.507404
5010.0,6.0,0.551875
5010.0,7.0,0.530464
5010.0,8.0,0.478367
5010.0,9.0,0.508586
5010.0,10.0,0.425371
5010.0,11.0,0.568052
5010.0,12.0,0.51057
5010.0,13.0,0.529349
5010.0,14.0,0.586787
5010.0,15.0,0.501616
5010.0,16.0,0.50251
5010.0,17.0,0.492676
5010.0,18.0,0.54051
5010.0,19.0,0.455525
5010.0,20.0,0.482911
5010.0,21.0,0.471328
5010.0,22.0,0.490008
5010.0,23.0,0.472443
5010.0,24.0,0.551335
5010.0,25.0,0.528753
5010.0,26.0,0.496637
5010.0,27.0,0.499082
5010.0,28.0,0.462568
5010.0,29.0,0.46825
5010.0,30.0,0.447677
5010.0,31.0,0.514856
5010.0,32.0,0.533421
5010.0,33.0,0.53959
5010.0,34.0,0.470816
5010.0,35.0,0.544267
5010.0,36.0,0.469329
5010.0,37.0,0.492041
5010.0,38.0,0.49597
5010.0,39.0,0.504865
5010.0,40.0,0.506068
5010.0,41.0,0.46852
5010.0,42.0,0.473802
5010.0,43.0,0.511395
5010.0,44.0,0.563051
5010.0,45.0,0.477419
5010.0,46.0,0.425683
5010.0,47.0,0.483972
5010.0,48.0,0.492086
5010.0,49.0,0.458483
5010.0,50.0,0.493655
5010.0,51.0,0.468058
5010.0,52.0,0.464768
5010.0,53.0,0.48813
5010.0,54.0,0.499937
5010.0,55.0,0.547386
5010.0,56.0,0.508494
5010.0,57.0,0.481257
5010.0,58.0,0.426912
5010.0,59.0,0.499617
5010.0,60.0,0.537413
5010.0,61.0,0.476751
5010.0,62.0,0.478399
5010.0,63.0,0.424269
5010.0,64.0,0.421808
5010.0,65.0,0.49019
5010.0,66.0,0.530062
5010.0,67.0,0.479115
5010.0,68.0,0.535852
5010.0,69.0,0.505489
5010.0,70.0,0.483619
5010.0,71.0,0.491202
5010.0,72.0,0.49405
5010.0,73.0,0.455237
5010.0,74.0,0.52259
5010.0,75.0,0.52258
5010.0,76.0,0.468343
5010.0,77.0,0.527476
5010.0,78.0,0.525445
5010.0,79.0,0.500018
5010.0,80.0,0.451427
5010.0,81.0,0.47706
5010.0,82.0,0.485111
5010.0,83.0,0.470018
5010.0,84.0,0.489969
5010.0,85.0,0.513967
5010.0,86.0,0.45196
5010.0,87.0,0.538925
5010.0,88.0,0.506822
5010.0,89.0,0.519812
5010.0,90.0,0.51596
5010.0,91.0,0.523805
5010.0,92.0,0.441316
5010.0,93.0,0.535586
5010.0,94.0,0.475377
5010.0,95.0,0.483639
5010.0,96.0,0.487786
5010.0,97.0,0.533953
5010.0,98.0,0.570562
5010.0,99.0,0.504758
5010.0,100.0,0.501245
5010.0,101.0,0.525351
5010.0,102.0,0.478563
5010.0,103.0,0.46944
5010.0,104.0,0.552843
5010.0,105.0,0.619506
5010.0,106.0,0.533477
5010.0,107.0,0.524118
5010.0,108.0,0.586124
5010.0,109.0,0.480631
5010.0,110.0,0.510306
5010.0,111.0,0.513037
5010.0,112.0,0.46533
5010.0,113.0,0.470397
5010.0,114.0,0.499756
5010.0,115.0,0.500618
5010.0,116.0,0.495973
5010.0,117.0,0.50915
5010.0,118.0,0.534033
5010.0,119.0,0.541889
5010.0,120.0,0.480702
5010.0,121.0,0.505129
5010.0,122.0,0.535444
5010.0,123.0,0.515046
5010.0,124.0,0.541735
5010.0,125.0,0.515966
5010.0,126.0,0.523432
5010.0,127.0,0.502927
5010.0,128.0,0.482719
5010.0,129.0,0.489927
5010.0,130.0,0.577781
5010.0,131.0,0.506799
5010.0,132.0,0.476288
5010.0,133.0,0.519636
5010.0,134.0,0.403728
5010.0,135.0,0.477144
5010.0,136.0,0.500487
5010.0,137.0,0.517801
5010.0,138.0,0.460729
5010.0,139.0,0.506962
5010.0,140.0,0.415909
5010.0,141.0,0.490442
5010.0,142.0,0.503074
5010.0,143.0,0.480223
5010.0,144.0,0.570289
5010.0,145.0,0.438594
5010.0,146.0,0.495602
5010.0,147.0,0.481452
5010.0,148.0,0.517439
5010.0,149.0,0.489764
6000.0,0.0,0.467707
6000.0,1.0,0.482564
6000.0,2.0,0.491943
6000.0,3.0,0.479093
6000.0,4.0,0.478867
6000.0,5.0,0.487897
6000.0,6.0,0.542131
6000.0,7.0,0.514277
6000.0,8.0,0.452887
6000.0,9.0,0.504785
6000.0,10.0,0.413321
6000.0,11.0,0.567829
6000.0,12.0,0.521876
6000.0,13.0,0.521264
6000.0,14.0,0.564231
6000.0,15.0,0.50318
6000.0,16.0,0.520824
6000.0,17.0,0.50996
6000.0,18.0,0.553709
6000.0,19.0,0.44374
6000.0,20.0,0.470013
6000.0,21.0,0.480638
6000.0,22.0,0.484321
6000.0,23.0,0.465708
6000.0,24.0,0.562274
6000.0,25.0,0.534641
6000.0,26.0,0.492263
6000.0,27.0,0.503563
6000.0,28.0,0.459332
6000.0,29.0,0.493685
6000.0,30.0,0.456035
6000.0,31.0,0.495763
6000.0,32.0,0.502985
6000.0,33.0,0.550052
6000.0,34.0,0.482009
6000.0,35.0,0.564002
6000.0,36.0,0.472091
6000.0,37.0,0.508039
6000.0,38.0,0.510156
6000.0,39.0,0.50926
6000.0,40.0,0.51008
6000.0,41.0,0.464256
6000.0,42.0,0.492233
6000.0,43.0,0.513512
6000.0,44.0,0.546165
6000.0,45.0,0.479504
6000.0,46.0,0.39308
6000.0,47.0,0.493814
6000.0,48.0,0.489597
6000.0,49.0,0.459262
6000.0,50.0,0.466018
6000.0,51.0,0.448906
6000.0,52.0,0.474181
6000.0,53.0,0.493133
6000.0,54.0,0.513041
6000.0,55.0,0.547306
6000.0,56.0,0.506049
6000.0,57.0,0.49144
6000.0,58.0,0.404788
6000.0,59.0,0.481548
6000.0,60.0,0.516341
6000.0,61.0,0.476572
6000.0,62.0,0.46221
6000.0,63.0,0.415741
6000.0,64.0,0.408562
6000.0,65.0,0.487197
6000.0,66.0,0.5205
6000.0,67.0,0.484707
6000.0,68.0,0.524049
6000.0,69.0,0.507298
6000.0,70.0,0.49156
6000.0,71.0,0.490989
6000.0,72.0,0.494632
6000.0,73.0,0.461841
6000.0,74.0,0.531015
6000.0,75.0,0.511109
6000.0,76.0,0.421815
6000.0,77.0,0.539164
6000.0,78.0,0.514904
6000.0,79.0,0.48613
6000.0,80.0,0.455495
6000.0,81.0,0.472603
6000.0,82.0,0.491401
6000.0,83.0,0.471433
6000.0,84.0,0.516259
6000.0,85.0,0.49881
6000.0,86.0,0.442402
6000.0,87.0,0.568623
6000.0,88.0,0.528618
6000.0,89.0,0.513706
6000.0,90.0,0.513326
6000.0,91.0,0.533233
6000.0,92.0,0.455853
6000.0,93.0,0.530871
6000.0,94.0,0.491336
6000.0,95.0,0.495022
6000.0,96.0,0.487888
6000.0,97.0,0.535585
6000.0,98.0,0.553493
6000.0,99.0,0.507098
6000.0,100.0,0.488164
6000.0,101.0,0.543635
6000.0,102.0,0.472505
6000.0,103.0,0.437126
6000.0,104.0,0.563179
6000.0,105.0,0.605404
6000.0,106.0,0.531618
6000.0,107.0,0.53089
6000.0,108.0,0.608208
6000.0,109.0,0.490974
6000.0,110.0,0.513798
6000.0,111.0,0.533532
6000.0,112.0,0.467012
6000.0,113.0,0.459933
6000.0,114.0,0.492254
6000.0,115.0,0.494007
6000.0,116.0,0.509129
6000.0,117.0,0.492875
6000.0,118.0,0.532048
6000.0,119.0,0.553547
6000.0,120.0,0.489955
6000.0,121.0,0.483423
6000.0,122.0,0.544505
6000.0,123.0,0.507939
6000.0,124.0,0.541869
6000.0,125.0,0.488668
6000.0,126.0,0.537444
6000.0,127.0,0.52065
6000.0,128.0,0.481139
6000.0,129.0,0.505831
6000.0,130.0,0.605514
6000.0,131.0,0.498933
6000.0,132.0,0.471553
6000.0,133.0,0.51708
6000.0,134.0,0.409618
6000.0,135.0,0.468986
6000.0,136.0,0.505613
6000.0,137.0,0.497826
6000.0,138.0,0.466295
6000.0,139.0,0.483566
6000.0,140.0,0.418437
6000.0,141.0,0.465434
6000.0,142.0,0.493266
6000.0,143.0,0.486619
6000.0,144.0,0.561354
6000.0,145.0,0.456233
6000.0,146.0,0.493974
6000.0,147.0,0.49818
6000.0,148.0,0.524696
6000.0,149.0,0.477097
6001.0,0.0,0.468414
6001.0,1.0,0.482596
6001.0,2.0,0.491501
6001.0,3.0,0.479811
6001.0,4.0,0.477769
6001.0,5.0,0.487485
6001.0,6.0,0.542831
6001.0,7.0,0.513575
6001.0,8.0,0.453612
6001.0,9.0,0.504187
6001.0,10.0,0.413161
6001.0,11.0,0.567578
6001.0,12.0,0.521799
6001.0,13.0,0.521624
6001.0,14.0,0.56429
6001.0,15.0,0.503339
6001.0,16.0,0.520897
6001.0,17.0,0.508834
6001.0,18.0,0.55338
6001.0,19.0,0.443232
6001.0,20.0,0.469963
6001.0,21.0,0.480361
6001.0,22.0,0.485644
6001.0,23.0,0.465213
6001.0,24.0,0.563011
6001.0,25.0,0.535559
6001.0,26.0,0.491632
6001.0,27.0,0.503538
6001.0,28.0,0.45886
6001.0,29.0,0.49381
6001.0,30.0,0.455713
6001.0,31.0,0.495928
6001.0,32.0,0.502293
6001.0,33.0,0.550225
6001.0,34.0,0.482805
6001.0,35.0,0.563684
6001.0,36.0,0.472238
6001.0,37.0,0.508053
6001.0,38.0,0.510507
6001.0,39.0,0.508754
6001.0,40.0,0.510289
6001.0,41.0,0.463912
6001.0,42.0,0.492213
6001.0,43.0,0.513525
6001.0,44.0,0.546996
6001.0,45.0,0.479449
6001.0,46.0,0.393361
6001.0,47.0,0.493212
6001.0,48.0,0.48925
6001.0,49.0,0.460267
6001.0,50.0,0.466449
6001.0,51.0,0.449927
6001.0,52.0,0.474091
6001.0,53.0,0.493557
6001.0,54.0,0.512757
6001.0,55.0,0.547269
6001.0,56.0,0.506112
6001.0,57.0,0.491883
6001.0,58.0,0.405533
6001.0,59.0,0.482165
6001.0,60.0,0.516342
6001.0,61.0,0.477009
6001.0,62.0,0.462867
6001.0,63.0,0.415328
6001.0,64.0,0.409642
6001.0,65.0,0.487457
6001.0,66.0,0.520652
6001.0,67.0,0.484031
6001.0,68.0,0.52335
6001.0,69.0,0.506991
6001.0,70.0,0.491223
6001.0,71.0,0.491895
6001.0,72.0,0.494814
6001.0,73.0,0.460648
6001.0,74.0,0.531417
6001.0,75.0,0.51219
6001.0,76.0,0.421481
6001.0,77.0,0.539731
6001.0,78.0,0.514401
6001.0,79.0,0.486132
6001.0,80.0,0.455576
6001.0,81.0,0.473191
6001.0,82.0,0.49178
6001.0,83.0,0.472242
6001.0,84.0,0.515617
6001.0,85.0,0.499073
6001.0,86.0,0.442672
6001.0,87.0,0.569088
6001.0,88.0,0.529569
6001.0,89.0,0.51433
6001.0,90.0,0.513364
6001.0,91.0,0.534082
6001.0,92.0,0.455869
6001.0,93.0,0.530396
6001.0,94.0,0.491177
6001.0,95.0,0.495306
6001.0,96.0,0.488014
6001.0,97.0,0.535659
6001.0,98.0,0.553336
6001.0,99.0,0.507512
6001.0,100.0,0.488142
6001.0,101.0,0.544558
6001.0,102.0,0.472227
6001.0,103.0,0.436599
6001.0,104.0,0.562314
6001.0,105.0,0.604921
6001.0,106.0,0.531705
6001.0,107.0,0.531226
6001.0,108.0,0.608087
6001.0,109.0,0.490105
6001.0,110.0,0.513514
6001.0,111.0,0.533174
6001.0,112.0,0.46635
6001.0,113.0,0.460011
6001.0,114.0,0.491897
6001.0,115.0,0.494714
6001.0,116.0,0.508721
6001.0,117.0,0.491988
6001.0,118.0,0.531903
6001.0,119.0,0.554182
6001.0,120.0,0.489484
6001.0,121.0,0.483942
6001.0,122.0,0.544252
6001.0,123.0,0.508307
6001.0,124.0,0.54085
6001.0,125.0,0.488388
6001.0,126.0,0.53742
6001.0,127.0,0.521507
6001.0,128.0,0.480986
6001.0,129.0,0.505876
6001.0,130.0,0.60508
6001.0,131.0,0.499078
6001.0,132.0,0.471429
6001.0,133.0,0.517358
6001.0,134.0,0.409685
6001.0,135.0,0.470006
6001.0,136.0,0.506216
6001.0,137.0,0.497222
6001.0,138.0,0.466182
6001.0,139.0,0.483479
6001.0,140.0,0.418469
6001.0,141.0,0.464701
6001.0,142.0,0.493712
6001.0,143.0,0.486117
6001.0,144.0,0.561099
6001.0,145.0,0.456099
6001.0,146.0,0.494075
6001.0,147.0,0.497581
6001.0,148.0,0.525043
6001.0,149.0,0.476489
6002.0,0.0,0.468281
6002.0,1.0,0.483608
6002.0,2.0,0.491229
6002.0,3.0,0.48
6002.0,4.0,0.476929
6002.0,5.0,0.487514
6002.0,6.0,0.542322
6002.0,7.0,0.513401
6002.0,8.0,0.453048
6002.0,9.0,0.503892
6002.0,10.0,0.41328
6002.0,11.0,0.567831
6002.0,12.0,0.522362
6002.0,13.0,0.521883
6002.0,14.0,0.564979
6002.0,15.0,0.50351
6002.0,16.0,0.521449
6002.0,17.0,0.509743
6002.0,18.0,0.55337
6002.0,19.0,0.443402
6002.0,20.0,0.470488
6002.0,21.0,0.480331
6002.0,22.0,0.486051
6002.0,23.0,0.464911
6002.0,24.0,0.563199
6002.0,25.0,0.53572
6002.0,26.0,0.491768
6002.0,27.0,0.503248
6002.0,28.0,0.457955
6002.0,29.0,0.493191
6002.0,30.0,0.456795
6002.0,31.0,0.496855
6002.0,32.0,0.503001
6002.0,33.0,0.550414
6002.0,34.0,0.482322
6002.0,35.0,0.563096
6002.0,36.0,0.471451
6002.0,37.0,0.507408
6002.0,38.0,0.510103
6002.0,39.0,0.508663
6002.0,40.0,0.509891
6002.0,41.0,0.463892
6002.0,42.0,0.491854
6002.0,43.0,0.513478
6002.0,44.0,0.546289
6002.0,45.0,0.479558
6002.0,46.0,0.393614
6002.0,47.0,0.493372
6002.0,48.0,0.489654
6002.0,49.0,0.459854
6002.0,50.0,0.466507
6002.0,51.0,0.449269
6002.0,52.0,0.473997
6002.0,53.0,0.49348
6002.0,54.0,0.513196
6002.0,55.0,0.546978
6002.0,56.0,0.506028
6002.0,57.0,0.491583
6002.0,58.0,0.404907
6002.0,59.0,0.48196
6002.0,60.0,0.516468
6002.0,61.0,0.47701
6002.0,62.0,0.462747
6002.0,63.0,0.415521
6002.0,64.0,0.409692
6002.0,65.0,0.487169
6002.0,66.0,0.520101
6002.0,67.0,0.483153
6002.0,68.0,0.522074
6002.0,69.0,0.506703
6002.0,70.0,0.491032
6002.0,71.0,0.4917
6002.0,72.0,0.494642
6002.0,73.0,0.460279
6002.0,74.0,0.531358
6002.0,75.0,0.512107
6002.0,76.0,0.421789
6002.0,77.0,0.539317
6002.0,78.0,0.514257
6002.0,79.0,0.486235
6002.0,80.0,0.456292
6002.0,81.0,0.472912
6002.0,82.0,0.491771
6002.0,83.0,0.472999
6002.0,84.0,0.515756
6002.0,85.0,0.498929
6002.0,86.0,0.443287
6002.0,87.0,0.569143
6002.0,88.0,0.529308
6002.0,89.0,0.514586
6002.0,90.0,0.513667
6002.0,91.0,0.534158
6002.0,92.0,0.456241
6002.0,93.0,0.529986
6002.0,94.0,0.491799
6002.0,95.0,0.495745
6002.0,96.0,0.488204
6002.0,97.0,0.535254
6002.0,98.0,0.553373
6002.0,99.0,0.507753
6002.0,100.0,0.48772
6002.0,101.0,0.544732
6002.0,102.0,0.471936
6002.0,103.0,0.436098
6002.0,104.0,0.562204
6002.0,105.0,0.605581
6002.0,106.0,0.53211
6002.0,107.0,0.530242
6002.0,108.0,0.607442
6002.0,109.0,0.48991
6002.0,110.0,0.514003
6002.0,111.0,0.533135
6002.0,112.0,0.466893
6002.0,113.0,0.459963
6002.0,114.0,0.491576
6002.0,115.0,0.494512
6002.0,116.0,0.509038
6002.0,117.0,0.491958
6002.0,118.0,0.532158
6002.0,119.0,0.555349
6002.0,120.0,0.489627
6002.0,121.0,0.483074
6002.0,122.0,0.543985
6002.0,123.0,0.508393
6002.0,124.0,0.541106
6002.0,125.0,0.488341
6002.0,126.0,0.536535
6002.0,127.0,0.521025
6002.0,128.0,0.480979
6002.0,129.0,0.504755
6002.0,130.0,0.605214
6002.0,131.0,0.498723
6002.0,132.0,0.471181
6002.0,133.0,0.517036
6002.0,134.0,0.40929
6002.0,135.0,0.469521
6002.0,136.0,0.506165
6002.0,137.0,0.49772
6002.0,138.0,0.466574
6002.0,139.0,0.483679
6002.0,140.0,0.419335
6002.0,141.0,0.464406
6002.0,142.0,0.493433
6002.0,143.0,0.486381
6002.0,144.0,0.56111
6002.0,145.0,0.456629
6002.0,146.0,0.493284
6002.0,147.0,0.497905
6002.0,148.0,0.524672
6002.0,149.0,0.476738
6003.0,0.0,0.46794
6003.0,1.0,0.483158
6003.0,2.0,0.491066
6003.0,3.0,0.480492
6003.0,4.0,0.477564
6003.0,5.0,0.488397
6003.0,6.0,0.54168
6003.0,7.0,0.513483
6003.0,8.0,0.452722
6003.0,9.0,0.503389
6003.0,10.0,0.412887
6003.0,11.0,0.566738
6003.0,12.0,0.522144
6003.0,13.0,0.522481
6003.0,14.0,0.56484
6003.0,15.0,0.504429
6003.0,16.0,0.521167
6003.0,17.0,0.509354
6003.0,18.0,0.553117
6003.0,19.0,0.443595
6003.0,20.0,0.470298
6003.0,21.0,0.479964
6003.0,22.0,0.485589
6003.0,23.0,0.465663
6003.0,24.0,0.562788
6003.0,25.0,0.53553
6003.0,26.0,0.49161
6003.0,27.0,0.50429
6003.0,28.0,0.457265
6003.0,29.0,0.49329
6003.0,30.0,0.456945
6003.0,31.0,0.496234
6003.0,32.0,0.50302
6003.0,33.0,0.550398
6003.0,34.0,0.482167
6003.0,35.0,0.563695
6003.0,36.0,0.472048
6003.0,37.0,0.506427
6003.0,38.0,0.509867
6003.0,39.0,0.508734
6003.0,40.0,0.509326
6003.0,41.0,0.463583
6003.0,42.0,0.491406
6003.0,43.0,0.513565
6003.0,44.0,0.545802
6003.0,45.0,0.479898
6003.0,46.0,0.393519
6003.0,47.0,0.49398
6003.0,48.0,0.489505
6003.0,49.0,0.458584
6003.0,50.0,0.466474
6003.0,51.0,0.449224
6003.0,52.0,0.474099
6003.0,53.0,0.493431
6003.0,54.0,0.513078
6003.0,55.0,0.546536
6003.0,56.0,0.505316
6003.0,57.0,0.491811
6003.0,58.0,0.405007
6003.0,59.0,0.481986
6003.0,60.0,0.516425
6003.0,61.0,0.476741
6003.0,62.0,0.462266
6003.0,63.0,0.415847
6003.0,64.0,0.40986
6003.0,65.0,0.487594
6003.0,66.0,0.519581
6003.0,67.0,0.482867
6003.0,68.0,0.52165
6003.0,69.0,0.506587
6003.0,70.0,0.490271
6003.0,71.0,0.491172
6003.0,72.0,0.495356
6003.0,73.0,0.461157
6003.0,74.0,0.531161
6003.0,75.0,0.512214
6003.0,76.0,0.421135
6003.0,77.0,0.538585
6003.0,78.0,0.514615
6003.0,79.0,0.486093
6003.0,80.0,0.455694
6003.0,81.0,0.473175
6003.0,82.0,0.492171
6003.0,83.0,0.472015
6003.0,84.0,0.515419
6003.0,85.0,0.498397
6003.0,86.0,0.443313
6003.0,87.0,0.569472
6003.0,88.0,0.530113
6003.0,89.0,0.514904
6003.0,90.0,0.514282
6003.0,91.0,0.532853
6003.0,92.0,0.457076
6003.0,93.0,0.529698
6003.0,94.0,0.491841
6003.0,95.0,0.495073
6003.0,96.0,0.48793
6003.0,97.0,0.535057
6003.0,98.0,0.554021
6003.0,99.0,0.507451
6003.0,100.0,0.488128
6003.0,101.0,0.545304
6003.0,102.0,0.471992
6003.0,103.0,0.435895
6003.0,104.0,0.562517
6003.0,105.0,0.605532
6003.0,106.0,0.532213
6003.0,107.0,0.530676
6003.0,108.0,0.607236
6003.0,109.0,0.489759
6003.0,110.0,0.513542
6003.0,111.0,0.532615
6003.0,112.0,0.466518
6003.0,113.0,0.458853
6003.0,114.0,0.492167
6003.0,115.0,0.495749
6003.0,116.0,0.509099
6003.0,117.0,0.49165
6003.0,118.0,0.532582
6003.0,119.0,0.555856
6003.0,120.0,0.489818
6003.0,121.0,0.482839
6003.0,122.0,0.544417
6003.0,123.0,0.508162
6003.0,124.0,0.540329
6003.0,125.0,0.488246
6003.0,126.0,0.536548
6003.0,127.0,0.521452
6003.0,128.0,0.480182
6003.0,129.0,0.504872
6003.0,130.0,0.605086
6003.0,131.0,0.498598
6003.0,132.0,0.471374
6003.0,133.0,0.517171
6003.0,134.0,0.409631
6003.0,135.0,0.469644
6003.0,136.0,0.506978
6003.0,137.0,0.497711
6003.0,138.0,0.466637
6003.0,139.0,0.482277
6003.0,140.0,0.418689
6003.0,141.0,0.464499
6003.0,142.0,0.493317
6003.0,143.0,0.48569
6003.0,144.0,0.561189
6003.0,145.0,0.457675
6003.0,146.0,0.493072
6003.0,147.0,0.497798
6003.0,148.0,0.52442
6003.0,149.0,0.476092
6004.0,0.0,0.467282
6004.0,1.0,0.482954
6004.0,2.0,0.490635
6004.0,3.0,0.479613
6004.0,4.0,0.477052
6004.0,5.0,0.488404
6004.0,6.0,0.541222
6004.0,7.0,0.513733
6004.0,8.0,0.452809
6004.0,9.0,0.502123
6004.0,10.0,0.412944
6004.0,11.0,0.567699
6004.0,12.0,0.521897
6004.0,13.0,0.522548
6004.0,14.0,0.565097
6004.0,15.0,0.505481
6004.0,16.0,0.520928
6004.0,17.0,0.509491
6004.0,18.0,0.553513
6004.0,19.0,0.443196
6004.0,20.0,0.470748
6004.0,21.0,0.479996
6004.0,22.0,0.485346
6004.0,23.0,0.465769
6004.0,24.0,0.563354
6004.0,25.0,0.536713
6004.0,26.0,0.491196
6004.0,27.0,0.504498
6004.0,28.0,0.457524
6004.0,29.0,0.493803
6004.0,30.0,0.456068
6004.0,31.0,0.495867
6004.0,32.0,0.503663
6004.0,33.0,0.550409
6004.0,34.0,0.482144
6004.0,35.0,0.564157
6004.0,36.0,0.471844
6004.0,37.0,0.506271
6004.0,38.0,0.50943
6004.0,39.0,0.509273
6004.0,40.0,0.509414
6004.0,41.0,0.463298
6004.0,42.0,0.491344
6004.0,43.0,0.513647
6004.0,44.0,0.545682
6004.0,45.0,0.479605
6004.0,46.0,0.394483
6004.0,47.0,0.492935
6004.0,48.0,0.488839
6004.0,49.0,0.458837
6004.0,50.0,0.466214
6004.0,51.0,0.449211
6004.0,52.0,0.474206
6004.0,53.0,0.494285
6004.0,54.0,0.512728
6004.0,55.0,0.546837
6004.0,56.0,0.505181
6004.0,57.0,0.491883
6004.0,58.0,0.405077
6004.0,59.0,0.481312
6004.0,60.0,0.515809
6004.0,61.0,0.47573
6004.0,62.0,0.463531
6004.0,63.0,0.415706
6004.0,64.0,0.409904
6004.0,65.0,0.487471
6004.0,66.0,0.519601
6004.0,67.0,0.482214
6004.0,68.0,0.521578
6004.0,69.0,0.506458
6004.0,70.0,0.489269
6004.0,71.0,0.491612
6004.0,72.0,0.495267
6004.0,73.0,0.460832
6004.0,74.0,0.531827
6004.0,75.0,0.51227
6004.0,76.0,0.421042
6004.0,77.0,0.53861
6004.0,78.0,0.513538
6004.0,79.0,0.48609
6004.0,80.0,0.455062
6004.0,81.0,0.474112
6004.0,82.0,0.49233
6004.0,83.0,0.471688
6004.0,84.0,0.515367
6004.0,85.0,0.498933
6004.0,86.0,0.444529
6004.0,87.0,0.569375
6004.0,88.0,0.529067
6004.0,89.0,0.514829
6004.0,90.0,0.512996
6004.0,91.0,0.532631
6004.0,92.0,0.456726
6004.0,93.0,0.529451
6004.0,94.0,0.491783
6004.0,95.0,0.495179
6004.0,96.0,0.487881
6004.0,97.0,0.534897
6004.0,98.0,0.554234
6004.0,99.0,0.507831
6004.0,100.0,0.488007
6004.0,101.0,0.545742
6004.0,102.0,0.472027
6004.0,103.0,0.436091
6004.0,104.0,0.562675
6004.0,105.0,0.605087
6004.0,106.0,0.531315
6004.0,107.0,0.529921
6004.0,108.0,0.60742
6004.0,109.0,0.489692
6004.0,110.0,0.513869
6004.0,111.0,0.533162
6004.0,112.0,0.4665
6004.0,113.0,0.458453
6004.0,114.0,0.493201
6004.0,115.0,0.496064
6004.0,116.0,0.50948
6004.0,117.0,0.491316
6004.0,118.0,0.533594
6004.0,119.0,0.555955
6004.0,120.0,0.490514
6004.0,121.0,0.483092
6004.0,122.0,0.545198
6004.0,123.0,0.507632
6004.0,124.0,0.541131
6004.0,125.0,0.48832
6004.0,126.0,0.536978
6004.0,127.0,0.52129
6004.0,128.0,0.480408
6004.0,129.0,0.504814
6004.0,130.0,0.605687
6004.0,131.0,0.498866
6004.0,132.0,0.471453
6004.0,133.0,0.51756
6004.0,134.0,0.409482
6004.0,135.0,0.469822
6004.0,136.0,0.507558
6004.0,137.0,0.498038
6004.0,138.0,0.466911
6004.0,139.0,0.482676
6004.0,140.0,0.418697
6004.0,141.0,0.464839
6004.0,142.0,0.493368
6004.0,143.0,0.485632
6004.0,144.0,0.561619
6004.0,145.0,0.45791
6004.0,146.0,0.493186
6004.0,147.0,0.497399
6004.0,148.0,0.52414
6004.0,149.0,0.475971
6005.0,0.0,0.466792
6005.0,1.0,0.482543
6005.0,2.0,0.490737
6005.0,3.0,0.480017
6005.0,4.0,0.476721
6005.0,5.0,0.488608
6005.0,6.0,0.541887
6005.0,7.0,0.513948
6005.0,8.0,0.452107
6005.0,9.0,0.501581
6005.0,10.0,0.413855
6005.0,11.0,0.568006
6005.0,12.0,0.521426
6005.0,13.0,0.522909
6005.0,14.0,0.565348
6005.0,15.0,0.505253
6005.0,16.0,0.521023
6005.0,17.0,0.508845
6005.0,18.0,0.553359
6005.0,19.0,0.443466
6005.0,20.0,0.470538
6005.0,21.0,0.479364
6005.0,22.0,0.485177
6005.0,23.0,0.465936
6005.0,24.0,0.563321
6005.0,25.0,0.536954
6005.0,26.0,0.491677
6005.0,27.0,0.504458
6005.0,28.0,0.457978
6005.0,29.0,0.494515
6005.0,30.0,0.456261
6005.0,31.0,0.495879
6005.0,32.0,0.504242
6005.0,33.0,0.550924
6005.0,34.0,0.482491
6005.0,35.0,0.563877
6005.0,36.0,0.472742
6005.0,37.0,0.506733
6005.0,38.0,0.509371
6005.0,39.0,0.508869
6005.0,40.0,0.510035
6005.0,41.0,0.462774
6005.0,42.0,0.490799
6005.0,43.0,0.513828
6005.0,44.0,0.545437
6005.0,45.0,0.480495
6005.0,46.0,0.394397
6005.0,47.0,0.492499
6005.0,48.0,0.489189
6005.0,49.0,0.458975
6005.0,50.0,0.465908
6005.0,51.0,0.448798
6005.0,52.0,0.473512
6005.0,53.0,0.493591
6005.0,54.0,0.513055
6005.0,55.0,0.546719
6005.0,56.0,0.505683
6005.0,57.0,0.491828
6005.0,58.0,0.404771
6005.0,59.0,0.482312
6005.0,60.0,0.51597
6005.0,61.0,0.475996
6005.0,62.0,0.464165
6005.0,63.0,0.416159
6005.0,64.0,0.409178
6005.0,65.0,0.487717
6005.0,66.0,0.519696
6005.0,67.0,0.482579
6005.0,68.0,0.521085
6005.0,69.0,0.506844
6005.0,70.0,0.489423
6005.0,71.0,0.491845
6005.0,72.0,0.496074
6005.0,73.0,0.461484
6005.0,74.0,0.531778
6005.0,75.0,0.512207
6005.0,76.0,0.420216
6005.0,77.0,0.539093
6005.0,78.0,0.513574
6005.0,79.0,0.48653
6005.0,80.0,0.455642
6005.0,81.0,0.473668
6005.0,82.0,0.49271
6005.0,83.0,0.471858
6005.0,84.0,0.51515
6005.0,85.0,0.499599
6005.0,86.0,0.444652
6005.0,87.0,0.570187
6005.0,88.0,0.528788
6005.0,89.0,0.515089
6005.0,90.0,0.512909
6005.0,91.0,0.532077
6005.0,92.0,0.456831
6005.0,93.0,0.52898
6005.0,94.0,0.491822
6005.0,95.0,0.495355
6005.0,96.0,0.488264
6005.0,97.0,0.534406
6005.0,98.0,0.554565
6005.0,99.0,0.507999
6005.0,100.0,0.487892
6005.0,101.0,0.546547
6005.0,102.0,0.472174
6005.0,103.0,0.43576
6005.0,104.0,0.562545
6005.0,105.0,0.604861
6005.0,106.0,0.530719
6005.0,107.0,0.53011
6005.0,108.0,0.607925
6005.0,109.0,0.489617
6005.0,110.0,0.513072
6005.0,111.0,0.532741
6005.0,112.0,0.467177
6005.0,113.0,0.459228
6005.0,114.0,0.492223
6005.0,115.0,0.496718
6005.0,116.0,0.509299
6005.0,117.0,0.49107
6005.0,118.0,0.532592
6005.0,119.0,0.556288
6005.0,120.0,0.490533
6005.0,121.0,0.483045
6005.0,122.0,0.544871
6005.0,123.0,0.508625
6005.0,124.0,0.540867
6005.0,125.0,0.488861
6005.0,126.0,0.537403
6005.0,127.0,0.521944
6005.0,128.0,0.480063
6005.0,129.0,0.504437
6005.0,130.0,0.605406
6005.0,131.0,0.499187
6005.0,132.0,0.471729
6005.0,133.0,0.518211
6005.0,134.0,0.410065
6005.0,135.0,0.469766
6005.0,136.0,0.508412
6005.0,137.0,0.498185
6005.0,138.0,0.466923
6005.0,139.0,0.482637
6005.0,140.0,0.418461
6005.0,141.0,0.465284
6005.0,142.0,0.49383
6005.0,143.0,0.485335
6005.0,144.0,0.561705
6005.0,145.0,0.457765
6005.0,146.0,0.49364
6005.0,147.0,0.496094
6005.0,148.0,0.524332
6005.0,149.0,0.475832
6006.0,0.0,0.466826
6006.0,1.0,0.483338
6006.0,2.0,0.491068
6006.0,3.0,0.479631
6006.0,4.0,0.4769
6006.0,5.0,0.488361
6006.0,6.0,0.541891
6006.0,7.0,0.513323
6006.0,8.0,0.45168
6006.0,9.0,0.501978
6006.0,10.0,0.413718
6006.0,11.0,0.567222
6006.0,12.0,0.520506
6006.0,13.0,0.522645
6006.0,14.0,0.565099
6006.0,15.0,0.505142
6006.0,16.0,0.52115
6006.0,17.0,0.509157
6006.0,18.0,0.553173
6006.0,19.0,0.443196
6006.0,20.0,0.470399
6006.0,21.0,0.479334
6006.0,22.0,0.48418
6006.0,23.0,0.466933
6006.0,24.0,0.563314
6006.0,25.0,0.537282
6006.0,26.0,0.492352
6006.0,27.0,0.503562
6006.0,28.0,0.458688
6006.0,29.0,0.494689
6006.0,30.0,0.456431
6006.0,31.0,0.496108
6006.0,32.0,0.503833
6006.0,33.0,0.551131
6006.0,34.0,0.482749
6006.0,35.0,0.563934
6006.0,36.0,0.473614
6006.0,37.0,0.506393
6006.0,38.0,0.509315
6006.0,39.0,0.50819
6006.0,40.0,0.51037
6006.0,41.0,0.462286
6006.0,42.0,0.490732
6006.0,43.0,0.513415
6006.0,44.0,0.545566
6006.0,45.0,0.479714
6006.0,46.0,0.394624
6006.0,47.0,0.492597
6006.0,48.0,0.490204
6006.0,49.0,0.458531
6006.0,50.0,0.46674
6006.0,51.0,0.448185
6006.0,52.0,0.474038
6006.0,53.0,0.492642
6006.0,54.0,0.512513
6006.0,55.0,0.547182
6006.0,56.0,0.505446
6006.0,57.0,0.49173
6006.0,58.0,0.403099
6006.0,59.0,0.482278
6006.0,60.0,0.51635
6006.0,61.0,0.475943
6006.0,62.0,0.464156
6006.0,63.0,0.416303
6006.0,64.0,0.409467
6006.0,65.0,0.487972
6006.0,66.0,0.519663
6006.0,67.0,0.48245
6006.0,68.0,0.52192
6006.0,69.0,0.506758
6006.0,70.0,0.489495
6006.0,71.0,0.490925
6006.0,72.0,0.496046
6006.0,73.0,0.462304
6006.0,74.0,0.530733
6006.0,75.0,0.512569
6006.0,76.0,0.420956
6006.0,77.0,0.538156
6006.0,78.0,0.513419
6006.0,79.0,0.485971
6006.0,80.0,0.455687
6006.0,81.0,0.473603
6006.0,82.0,0.49316
6006.0,83.0,0.472412
6006.0,84.0,0.515141
6006.0,85.0,0.498902
6006.0,86.0,0.444266
6006.0,87.0,0.570134
6006.0,88.0,0.528412
6006.0,89.0,0.514127
6006.0,90.0,0.512783
6006.0,91.0,0.532358
6006.0,92.0,0.456807
6006.0,93.0,0.528753
6006.0,94.0,0.491746
6006.0,95.0,0.495462
6006.0,96.0,0.489051
6006.0,97.0,0.534707
6006.0,98.0,0.55431
6006.0,99.0,0.507944
6006.0,100.0,0.487028
6006.0,101.0,0.546181
6006.0,102.0,0.473183
6006.0,103.0,0.435793
6006.0,104.0,0.562863
6006.0,105.0,0.604871
6006.0,106.0,0.530195
6006.0,107.0,0.529906
6006.0,108.0,0.607472
6006.0,109.0,0.488689
6006.0,110.0,0.512909
6006.0,111.0,0.53275
6006.0,112.0,0.467649
6006.0,113.0,0.458664
6006.0,114.0,0.492889
6006.0,115.0,0.496352
6006.0,116.0,0.509596
6006.0,117.0,0.490506
6006.0,118.0,0.532818
6006.0,119.0,0.556181
6006.0,120.0,0.490222
6006.0,121.0,0.482844
6006.0,122.0,0.545209
6006.0,123.0,0.508767
6006.0,124.0,0.54205
6006.0,125.0,0.488949
6006.0,126.0,0.538693
6006.0,127.0,0.522203
6006.0,128.0,0.480602
6006.0,129.0,0.504674
6006.0,130.0,0.605073
6006.0,131.0,0.499319
6006.0,132.0,0.472152
6006.0,133.0,0.518063
6006.0,134.0,0.40988
6006.0,135.0,0.470139
6006.0,136.0,0.508198
6006.0,137.0,0.498298
6006.0,138.0,0.467578
6006.0,139.0,0.482041
6006.0,140.0,0.418627
6006.0,141.0,0.464579
6006.0,142.0,0.493754
6006.0,143.0,0.485535
6006.0,144.0,0.561049
6006.0,145.0,0.456892
6006.0,146.0,0.493224
6006.0,147.0,0.496437
6006.0,148.0,0.52324
6006.0,149.0,0.475291
6007.0,0.0,0.466806
6007.0,1.0,0.483341
6007.0,2.0,0.490326
6007.0,3.0,0.47917
6007.0,4.0,0.476919
6007.0,5.0,0.488316
6007.0,6.0,0.541744
6007.0,7.0,0.513392
6007.0,8.0,0.452384
6007.0,9.0,0.502893
6007.0,10.0,0.413439
6007.0,11.0,0.566921
6007.0,12.0,0.520151
6007.0,13.0,0.522171
6007.0,14.0,0.56412
6007.0,15.0,0.505608
6007.0,16.0,0.520928
6007.0,17.0,0.509795
6007.0,18.0,0.553479
6007.0,19.0,0.442622
6007.0,20.0,0.469661
6007.0,21.0,0.478192
6007.0,22.0,0.483968
6007.0,23.0,0.467577
6007.0,24.0,0.56296
6007.0,25.0,0.537474
6007.0,26.0,0.491517
6007.0,27.0,0.50349
6007.0,28.0,0.458746
6007.0,29.0,0.494795
6007.0,30.0,0.456389
6007.0,31.0,0.495812
6007.0,32.0,0.503175
6007.0,33.0,0.551288
6007.0,34.0,0.48328
6007.0,35.0,0.564144
6007.0,36.0,0.473816
6007.0,37.0,0.507154
6007.0,38.0,0.509223
6007.0,39.0,0.507254
6007.0,40.0,0.510472
6007.0,41.0,0.462402
6007.0,42.0,0.49064
6007.0,43.0,0.514109
6007.0,44.0,0.54615
6007.0,45.0,0.480331
6007.0,46.0,0.393997
6007.0,47.0,0.492782
6007.0,48.0,0.490108
6007.0,49.0,0.458647
6007.0,50.0,0.465899
6007.0,51.0,0.448542
6007.0,52.0,0.474167
6007.0,53.0,0.493508
6007.0,54.0,0.513412
6007.0,55.0,0.547627
6007.0,56.0,0.505319
6007.0,57.0,0.492343
6007.0,58.0,0.402696
6007.0,59.0,0.481797
6007.0,60.0,0.516445
6007.0,61.0,0.475872
6007.0,62.0,0.46438
6007.0,63.0,0.415588
6007.0,64.0,0.409334
6007.0,65.0,0.487788
6007.0,66.0,0.519061
6007.0,67.0,0.48329
6007.0,68.0,0.522022
6007.0,69.0,0.507055
6007.0,70.0,0.489615
6007.0,71.0,0.490226
6007.0,72.0,0.496743
6007.0,73.0,0.463052
6007.0,74.0,0.530916
6007.0,75.0,0.512806
6007.0,76.0,0.420885
6007.0,77.0,0.538805
6007.0,78.0,0.512278
6007.0,79.0,0.48591
6007.0,80.0,0.455674
6007.0,81.0,0.473818
6007.0,82.0,0.493024
6007.0,83.0,0.47182
6007.0,84.0,0.515022
6007.0,85.0,0.498585
6007.0,86.0,0.444082
6007.0,87.0,0.570464
6007.0,88.0,0.527782
6007.0,89.0,0.515173
6007.0,90.0,0.513334
6007.0,91.0,0.532982
6007.0,92.0,0.456225
6007.0,93.0,0.528782
6007.0,94.0,0.491786
6007.0,95.0,0.495385
6007.0,96.0,0.488444
6007.0,97.0,0.534957
6007.0,98.0,0.553779
6007.0,99.0,0.508064
6007.0,100.0,0.487404
6007.0,101.0,0.545896
6007.0,102.0,0.473844
6007.0,103.0,0.436791
6007.0,104.0,0.563175
6007.0,105.0,0.604608
6007.0,106.0,0.529839
6007.0,107.0,0.530486
6007.0,108.0,0.607183
6007.0,109.0,0.488955
6007.0,110.0,0.513209
6007.0,111.0,0.533097
6007.0,112.0,0.467813
6007.0,113.0,0.458749
6007.0,114.0,0.492467
6007.0,115.0,0.49638
6007.0,116.0,0.508832
6007.0,117.0,0.490361
6007.0,118.0,0.533572
6007.0,119.0,0.556271
6007.0,120.0,0.490938
6007.0,121.0,0.482976
6007.0,122.0,0.545985
6007.0,123.0,0.509641
6007.0,124.0,0.541818
6007.0,125.0,0.488841
6007.0,126.0,0.53813
6007.0,127.0,0.521287
6007.0,128.0,0.480033
6007.0,129.0,0.504322
6007.0,130.0,0.603822
6007.0,131.0,0.498562
6007.0,132.0,0.471703
6007.0,133.0,0.51875
6007.0,134.0,0.409606
6007.0,135.0,0.470888
6007.0,136.0,0.507857
6007.0,137.0,0.497729
6007.0,138.0,0.467757
6007.0,139.0,0.482136
6007.0,140.0,0.417979
6007.0,141.0,0.464203
6007.0,142.0,0.493987
6007.0,143.0,0.485252
6007.0,144.0,0.562257
6007.0,145.0,0.457075
6007.0,146.0,0.493664
6007.0,147.0,0.496914
6007.0,148.0,0.523382
6007.0,149.0,0.475521
6008.0,0.0,0.467771
6008.0,1.0,0.482768
6008.0,2.0,0.491677
6008.0,3.0,0.478833
6008.0,4.0,0.476636
6008.0,5.0,0.487887
6008.0,6.0,0.542165
6008.0,7.0,0.513646
6008.0,8.0,0.452004
6008.0,9.0,0.502767
6008.0,10.0,0.413316
6008.0,11.0,0.56729
6008.0,12.0,0.52037
6008.0,13.0,0.521329
6008.0,14.0,0.563238
6008.0,15.0,0.505893
6008.0,16.0,0.521972
6008.0,17.0,0.50899
6008.0,18.0,0.553966
6008.0,19.0,0.442149
6008.0,20.0,0.469655
6008.0,21.0,0.478066
6008.0,22.0,0.484107
6008.0,23.0,0.466873
6008.0,24.0,0.56327
6008.0,25.0,0.537643
6008.0,26.0,0.49087
6008.0,27.0,0.503287
6008.0,28.0,0.46005
6008.0,29.0,0.495309
6008.0,30.0,0.456296
6008.0,31.0,0.495694
6008.0,32.0,0.502987
6008.0,33.0,0.551482
6008.0,34.0,0.483133
6008.0,35.0,0.564288
6008.0,36.0,0.474717
6008.0,37.0,0.50837
6008.0,38.0,0.509342
6008.0,39.0,0.507114
6008.0,40.0,0.509951
6008.0,41.0,0.461518
6008.0,42.0,0.491096
6008.0,43.0,0.514186
6008.0,44.0,0.54566
6008.0,45.0,0.480851
6008.0,46.0,0.393853
6008.0,47.0,0.491457
6008.0,48.0,0.4903
6008.0,49.0,0.458804
6008.0,50.0,0.464668
6008.0,51.0,0.448688
6008.0,52.0,0.474176
6008.0,53.0,0.493616
6008.0,54.0,0.513006
6008.0,55.0,0.547302
6008.0,56.0,0.505579
6008.0,57.0,0.491664
6008.0,58.0,0.40263
6008.0,59.0,0.482118
6008.0,60.0,0.516732
6008.0,61.0,0.476365
6008.0,62.0,0.46403
6008.0,63.0,0.415696
6008.0,64.0,0.409811
6008.0,65.0,0.487669
6008.0,66.0,0.51908
6008.0,67.0,0.48279
6008.0,68.0,0.522045
6008.0,69.0,0.506769
6008.0,70.0,0.490087
6008.0,71.0,0.490245
6008.0,72.0,0.497003
6008.0,73.0,0.462239
6008.0,74.0,0.530441
6008.0,75.0,0.513389
6008.0,76.0,0.420584
6008.0,77.0,0.539635
6008.0,78.0,0.5122
6008.0,79.0,0.486161
6008.0,80.0,0.455047
6008.0,81.0,0.474402
6008.0,82.0,0.493051
6008.0,83.0,0.471624
6008.0,84.0,0.514467
6008.0,85.0,0.498452
6008.0,86.0,0.443406
6008.0,87.0,0.570032
6008.0,88.0,0.527599
6008.0,89.0,0.515018
6008.0,90.0,0.512942
6008.0,91.0,0.531966
6008.0,92.0,0.45619
6008.0,93.0,0.528879
6008.0,94.0,0.491437
6008.0,95.0,0.494471
6008.0,96.0,0.48862
6008.0,97.0,0.534454
6008.0,98.0,0.553052
6008.0,99.0,0.508217
6008.0,100.0,0.487792
6008.0,101.0,0.545671
6008.0,102.0,0.472819
6008.0,103.0,0.436732
6008.0,104.0,0.563574
6008.0,105.0,0.605128
6008.0,106.0,0.530808
6008.0,107.0,0.530902
6008.0,108.0,0.607133
6008.0,109.0,0.488723
6008.0,110.0,0.513051
6008.0,111.0,0.533024
6008.0,112.0,0.469399
6008.0,113.0,0.458667
6008.0,114.0,0.492937
6008.0,115.0,0.496369
6008.0,116.0,0.507646
6008.0,117.0,0.489464
6008.0,118.0,0.534281
6008.0,119.0,0.556941
6008.0,120.0,0.489948
6008.0,121.0,0.483358
6008.0,122.0,0.546183
6008.0,123.0,0.511137
6008.0,124.0,0.542107
6008.0,125.0,0.488394
6008.0,126.0,0.537634
6008.0,127.0,0.521542
6008.0,128.0,0.479792
6008.0,129.0,0.504531
6008.0,130.0,0.604664
6008.0,131.0,0.498729
6008.0,132.0,0.471669
6008.0,133.0,0.518647
6008.0,134.0,0.409803
6008.0,135.0,0.470599
6008.0,136.0,0.508812
6008.0,137.0,0.497212
6008.0,138.0,0.467641
6008.0,139.0,0.482239
6008.0,140.0,0.418719
6008.0,141.0,0.463412
6008.0,142.0,0.493867
6008.0,143.0,0.484826
6008.0,144.0,0.562239
6008.0,145.0,0.456757
6008.0,146.0,0.493895
6008.0,147.0,0.496481
6008.0,148.0,0.522978
6008.0,149.0,0.475087
6009.0,0.0,0.467609
6009.0,1.0,0.482038
6009.0,2.0,0.491543
6009.0,3.0,0.478542
6009.0,4.0,0.476704
6009.0,5.0,0.487348
6009.0,6.0,0.542509
6009.0,7.0,0.512894
6009.0,8.0,0.451593
6009.0,9.0,0.502117
6009.0,10.0,0.412981
6009.0,11.0,0.56815
6009.0,12.0,0.520196
6009.0,13.0,0.521118
6009.0,14.0,0.562717
6009.0,15.0,0.50569
6009.0,16.0,0.521603
6009.0,17.0,0.508387
6009.0,18.0,0.554897
6009.0,19.0,0.441595
6009.0,20.0,0.469242
6009.0,21.0,0.478048
6009.0,22.0,0.484008
6009.0,23.0,0.466906
6009.0,24.0,0.563014
6009.0,25.0,0.537728
6009.0,26.0,0.490506
6009.0,27.0,0.502636
6009.0,28.0,0.460962
6009.0,29.0,0.494913
6009.0,30.0,0.457022
6009.0,31.0,0.49613
6009.0,32.0,0.502983
6009.0,33.0,0.551145
6009.0,34.0,0.483233
6009.0,35.0,0.564701
6009.0,36.0,0.474409
6009.0,37.0,0.508841
6009.0,38.0,0.509396
6009.0,39.0,0.507137
6009.0,40.0,0.509996
6009.0,41.0,0.461543
6009.0,42.0,0.491107
6009.0,43.0,0.514479
6009.0,44.0,0.545455
6009.0,45.0,0.480712
6009.0,46.0,0.394085
6009.0,47.0,0.491347
6009.0,48.0,0.490565
6009.0,49.0,0.459335
6009.0,50.0,0.464434
6009.0,51.0,0.448495
6009.0,52.0,0.474087
6009.0,53.0,0.493935
6009.0,54.0,0.512845
6009.0,55.0,0.547471
6009.0,56.0,0.505754
6009.0,57.0,0.490749
6009.0,58.0,0.402243
6009.0,59.0,0.482764
6009.0,60.0,0.516519
6009.0,61.0,0.477359
6009.0,62.0,0.463421
6009.0,63.0,0.416528
6009.0,64.0,0.409668
6009.0,65.0,0.487572
6009.0,66.0,0.519383
6009.0,67.0,0.481905
6009.0,68.0,0.521655
6009.0,69.0,0.507019
6009.0,70.0,0.489902
6009.0,71.0,0.490653
6009.0,72.0,0.496373
6009.0,73.0,0.461518
6009.0,74.0,0.530481
6009.0,75.0,0.513665
6009.0,76.0,0.42057
6009.0,77.0,0.539518
6009.0,78.0,0.512493
6009.0,79.0,0.486823
6009.0,80.0,0.45505
6009.0,81.0,0.474521
6009.0,82.0,0.493643
6009.0,83.0,0.471287
6009.0,84.0,0.515077
6009.0,85.0,0.497698
6009.0,86.0,0.443796
6009.0,87.0,0.570279
6009.0,88.0,0.528929
6009.0,89.0,0.515818
6009.0,90.0,0.512851
6009.0,91.0,0.532415
6009.0,92.0,0.45673
6009.0,93.0,0.529478
6009.0,94.0,0.491402
6009.0,95.0,0.494783
6009.0,96.0,0.488733
6009.0,97.0,0.533844
6009.0,98.0,0.552427
6009.0,99.0,0.508624
6009.0,100.0,0.488844
6009.0,101.0,0.545939
6009.0,102.0,0.471649
6009.0,103.0,0.436045
6009.0,104.0,0.563435
6009.0,105.0,0.60531
6009.0,106.0,0.531719
6009.0,107.0,0.531708
6009.0,108.0,0.606543
6009.0,109.0,0.488608
6009.0,110.0,0.513491
6009.0,111.0,0.532164
6009.0,112.0,0.468727
6009.0,113.0,0.458557
6009.0,114.0,0.492928
6009.0,115.0,0.496028
6009.0,116.0,0.507441
6009.0,117.0,0.489393
6009.0,118.0,0.534468
6009.0,119.0,0.558041
6009.0,120.0,0.490031
6009.0,121.0,0.482958
6009.0,122.0,0.545496
6009.0,123.0,0.51101
6009.0,124.0,0.542071
6009.0,125.0,0.488193
6009.0,126.0,0.53738
6009.0,127.0,0.520682
6009.0,128.0,0.479314
6009.0,129.0,0.504931
6009.0,130.0,0.604088
6009.0,131.0,0.498455
6009.0,132.0,0.472238
6009.0,133.0,0.519027
6009.0,134.0,0.409509
6009.0,135.0,0.471554
6009.0,136.0,0.508955
6009.0,137.0,0.49657
6009.0,138.0,0.467122
6009.0,139.0,0.483074
6009.0,140.0,0.418589
6009.0,141.0,0.463757
6009.0,142.0,0.493976
6009.0,143.0,0.485032
6009.0,144.0,0.56289
6009.0,145.0,0.457434
6009.0,146.0,0.49444
6009.0,147.0,0.496399
6009.0,148.0,0.521339
6009.0,149.0,0.47541
6010.0,0.0,0.467047
6010.0,1.0,0.481886
6010.0,2.0,0.49193
6010.0,3.0,0.477886
6010.0,4.0,0.476818
6010.0,5.0,0.487129
6010.0,6.0,0.542461
6010.0,7.0,0.513878
6010.0,8.0,0.451039
6010.0,9.0,0.50272
6010.0,10.0,0.411972
6010.0,11.0,0.567514
6010.0,12.0,0.521012
6010.0,13.0,0.521379
6010.0,14.0,0.562481
6010.0,15.0,0.505567
6010.0,16.0,0.521605
6010.0,17.0,0.508958
6010.0,18.0,0.555551
6010.0,19.0,0.441714
6010.0,20.0,0.469228
6010.0,21.0,0.478012
6010.0,22.0,0.48471
6010.0,23.0,0.466646
6010.0,24.0,0.562006
6010.0,25.0,0.53759
6010.0,26.0,0.490237
6010.0,27.0,0.501874
6010.0,28.0,0.46076
6010.0,29.0,0.494348
6010.0,30.0,0.457126
6010.0,31.0,0.495359
6010.0,32.0,0.502585
6010.0,33.0,0.550972
6010.0,34.0,0.481928
6010.0,35.0,0.565147
6010.0,36.0,0.474415
6010.0,37.0,0.508245
6010.0,38.0,0.509771
6010.0,39.0,0.50615
6010.0,40.0,0.510506
6010.0,41.0,0.461912
6010.0,42.0,0.492106
6010.0,43.0,0.51439
6010.0,44.0,0.545841
6010.0,45.0,0.480977
6010.0,46.0,0.393777
6010.0,47.0,0.492336
6010.0,48.0,0.490846
6010.0,49.0,0.459615
6010.0,50.0,0.464386
6010.0,51.0,0.448025
6010.0,52.0,0.474392
6010.0,53.0,0.494846
6010.0,54.0,0.512052
6010.0,55.0,0.547348
6010.0,56.0,0.506171
6010.0,57.0,0.491693
6010.0,58.0,0.402036
6010.0,59.0,0.483002
6010.0,60.0,0.517802
6010.0,61.0,0.478466
6010.0,62.0,0.463728
6010.0,63.0,0.415939
6010.0,64.0,0.409264
6010.0,65.0,0.488551
6010.0,66.0,0.519496
6010.0,67.0,0.482681
6010.0,68.0,0.521903
6010.0,69.0,0.506577
6010.0,70.0,0.49025
6010.0,71.0,0.490177
6010.0,72.0,0.49529
6010.0,73.0,0.460967
6010.0,74.0,0.530612
6010.0,75.0,0.513394
6010.0,76.0,0.420858
6010.0,77.0,0.54045
6010.0,78.0,0.512768
6010.0,79.0,0.486143
6010.0,80.0,0.454164
6010.0,81.0,0.473563
6010.0,82.0,0.493541
6010.0,83.0,0.471816
6010.0,84.0,0.514358
6010.0,85.0,0.498024
6010.0,86.0,0.44365
6010.0,87.0,0.570009
6010.0,88.0,0.529062
6010.0,89.0,0.515574
6010.0,90.0,0.512715
6010.0,91.0,0.532459
6010.0,92.0,0.456007
6010.0,93.0,0.529346
6010.0,94.0,0.491097
6010.0,95.0,0.494867
6010.0,96.0,0.488451
6010.0,97.0,0.533428
6010.0,98.0,0.552244
6010.0,99.0,0.507644
6010.0,100.0,0.488324
6010.0,101.0,0.545486
6010.0,102.0,0.471579
6010.0,103.0,0.435682
6010.0,104.0,0.564111
6010.0,105.0,0.604975
6010.0,106.0,0.532321
6010.0,107.0,0.531281
6010.0,108.0,0.606555
6010.0,109.0,0.48867
6010.0,110.0,0.513255
6010.0,111.0,0.532394
6010.0,112.0,0.468744
6010.0,113.0,0.45841
6010.0,114.0,0.492966
6010.0,115.0,0.495722
6010.0,116.0,0.507872
6010.0,117.0,0.489533
6010.0,118.0,0.534365
6010.0,119.0,0.557891
6010.0,120.0,0.490637
6010.0,121.0,0.48217
6010.0,122.0,0.545522
6010.0,123.0,0.511468
6010.0,124.0,0.542518
6010.0,125.0,0.488147
6010.0,126.0,0.537147
6010.0,127.0,0.520923
6010.0,128.0,0.479796
6010.0,129.0,0.504963
6010.0,130.0,0.604267
6010.0,131.0,0.498547
6010.0,132.0,0.471178
6010.0,133.0,0.518287
6010.0,134.0,0.408893
6010.0,135.0,0.471689
6010.0,136.0,0.508924
6010.0,137.0,0.496582
6010.0,138.0,0.467708
6010.0,139.0,0.483119
6010.0,140.0,0.419126
6010.0,141.0,0.463611
6010.0,142.0,0.494389
6010.0,143.0,0.485758
6010.0,144.0,0.564123
6010.0,145.0,0.456593
6010.0,146.0,0.493986
6010.0,147.0,0.496805
6010.0,148.0,0.520632
6010.0,149.0,0.476445
7000.0,0.0,0.469021
7000.0,1.0,0.460936
7000.0,2.0,0.474624
7000.0,3.0,0.504448
7000.0,4.0,0.478236
7000.0,5.0,0.489371
7000.0,6.0,0.556387
7000.0,7.0,0.51065
7000.0,8.0,0.452024
7000.0,9.0,0.483915
7000.0,10.0,0.422403
7000.0,11.0,0.56458
7000.0,12.0,0.535398
7000.0,13.0,0.536608
7000.0,14.0,0.563692
7000.0,15.0,0.526859
7000.0,16.0,0.519667
7000.0,17.0,0.504568
7000.0,18.0,0.566413
7000.0,19.0,0.428521
7000.0,20.0,0.436589
7000.0,21.0,0.47696
7000.0,22.0,0.444589
7000.0,23.0,0.435391
7000.0,24.0,0.557401
7000.0,25.0,0.558852
7000.0,26.0,0.49909
7000.0,27.0,0.474409
7000.0,28.0,0.431524
7000.0,29.0,0.483611
7000.0,30.0,0.430889
7000.0,31.0,0.486947
7000.0,32.0,0.51927
7000.0,33.0,0.550648
7000.0,34.0,0.48182
7000.0,35.0,0.563799
7000.0,36.0,0.477738
7000.0,37.0,0.532717
7000.0,38.0,0.53917
7000.0,39.0,0.4914
7000.0,40.0,0.521698
7000.0,41.0,0.461866
7000.0,42.0,0.494501
7000.0,43.0,0.518481
7000.0,44.0,0.536615
7000.0,45.0,0.494757
7000.0,46.0,0.387427
7000.0,47.0,0.479739
7000.0,48.0,0.516472
7000.0,49.0,0.473294
7000.0,50.0,0.486153
7000.0,51.0,0.456558
7000.0,52.0,0.464872
7000.0,53.0,0.512605
7000.0,54.0,0.505223
7000.0,55.0,0.560565
7000.0,56.0,0.529001
7000.0,57.0,0.4867
7000.0,58.0,0.385901
7000.0,59.0,0.467959
7000.0,60.0,0.505356
7000.0,61.0,0.491944
7000.0,62.0,0.450673
7000.0,63.0,0.432831
7000.0,64.0,0.40977
7000.0,65.0,0.501448
7000.0,66.0,0.543186
7000.0,67.0,0.499146
7000.0,68.0,0.524076
7000.0,69.0,0.526793
7000.0,70.0,0.481329
7000.0,71.0,0.496591
7000.0,72.0,0.500837
7000.0,73.0,0.468152
7000.0,74.0,0.553361
7000.0,75.0,0.534602
7000.0,76.0,0.432389
7000.0,77.0,0.545272
7000.0,78.0,0.491276
7000.0,79.0,0.486381
7000.0,80.0,0.462711
7000.0,81.0,0.483156
7000.0,82.0,0.501276
7000.0,83.0,0.467236
7000.0,84.0,0.516222
7000.0,85.0,0.507028
7000.0,86.0,0.417612
7000.0,87.0,0.550727
7000.0,88.0,0.502931
7000.0,89.0,0.501032
7000.0,90.0,0.503796
7000.0,91.0,0.537675
7000.0,92.0,0.435158
7000.0,93.0,0.496942
7000.0,94.0,0.502661
7000.0,95.0,0.497279
7000.0,96.0,0.463406
7000.0,97.0,0.531598
7000.0,98.0,0.543083
7000.0,99.0,0.520521
7000.0,100.0,0.496347
7000.0,101.0,0.527359
7000.0,102.0,0.487489
7000.0,103.0,0.425563
7000.0,104.0,0.58793
7000.0,105.0,0.61538
7000.0,106.0,0.515455
7000.0,107.0,0.517669
7000.0,108.0,0.58296
7000.0,109.0,0.525188
7000.0,110.0,0.540756
7000.0,111.0,0.541359
7000.0,112.0,0.457016
7000.0,113.0,0.488653
7000.0,114.0,0.516165
7000.0,115.0,0.526497
7000.0,116.0,0.505173
7000.0,117.0,0.478342
7000.0,118.0,0.529082
7000.0,119.0,0.557866
7000.0,120.0,0.495557
7000.0,121.0,0.476674
7000.0,122.0,0.566299
7000.0,123.0,0.544995
7000.0,124.0,0.52686
7000.0,125.0,0.500924
7000.0,126.0,0.524512
7000.0,127.0,0.518774
7000.0,128.0,0.480364
7000.0,129.0,0.480895
7000.0,130.0,0.632587
7000.0,131.0,0.512116
7000.0,132.0,0.465454
7000.0,133.0,0.528964
7000.0,134.0,0.416234
7000.0,135.0,0.460176
7000.0,136.0,0.509122
7000.0,137.0,0.454984
7000.0,138.0,0.471914
7000.0,139.0,0.489661
7000.0,140.0,0.416789
7000.0,141.0,0.447601
7000.0,142.0,0.496307
7000.0,143.0,0.456521
7000.0,144.0,0.559514
7000.0,145.0,0.444173
7000.0,146.0,0.508752
7000.0,147.0,0.493762
7000.0,148.0,0.532978
7000.0,149.0,0.467301
7001.0,0.0,0.469721
7001.0,1.0,0.460564
7001.0,2.0,0.474617
7001.0,3.0,0.504702
7001.0,4.0,0.479216
7001.0,5.0,0.488387
7001.0,6.0,0.556065
7001.0,7.0,0.510512
7001.0,8.0,0.451311
7001.0,9.0,0.483215
7001.0,10.0,0.422904
7001.0,11.0,0.564961
7001.0,12.0,0.535596
7001.0,13.0,0.536995
7001.0,14.0,0.563543
7001.0,15.0,0.526875
7001.0,16.0,0.51966
7001.0,17.0,0.504574
7001.0,18.0,0.566333
7001.0,19.0,0.427681
7001.0,20.0,0.43673
7001.0,21.0,0.477313
7001.0,22.0,0.444362
7001.0,23.0,0.435635
7001.0,24.0,0.558256
7001.0,25.0,0.559198
7001.0,26.0,0.498673
7001.0,27.0,0.474324
7001.0,28.0,0.43129
7001.0,29.0,0.483234
7001.0,30.0,0.431032
7001.0,31.0,0.486806
7001.0,32.0,0.518576
7001.0,33.0,0.551648
7001.0,34.0,0.481412
7001.0,35.0,0.564153
7001.0,36.0,0.477935
7001.0,37.0,0.532544
7001.0,38.0,0.538369
7001.0,39.0,0.492174
7001.0,40.0,0.522007
7001.0,41.0,0.462033
7001.0,42.0,0.494451
7001.0,43.0,0.518434
7001.0,44.0,0.536216
7001.0,45.0,0.494838
7001.0,46.0,0.387454
7001.0,47.0,0.480731
7001.0,48.0,0.516572
7001.0,49.0,0.473796
7001.0,50.0,0.485785
7001.0,51.0,0.45691
7001.0,52.0,0.464118
7001.0,53.0,0.513748
7001.0,54.0,0.50498
7001.0,55.0,0.559978
7001.0,56.0,0.529144
7001.0,57.0,0.487403
7001.0,58.0,0.386811
7001.0,59.0,0.467343
7001.0,60.0,0.506021
7001.0,61.0,0.491509
7001.0,62.0,0.450088
7001.0,63.0,0.431528
7001.0,64.0,0.409717
7001.0,65.0,0.501622
7001.0,66.0,0.543103
7001.0,67.0,0.498844
7001.0,68.0,0.524185
7001.0,69.0,0.526603
7001.0,70.0,0.481278
7001.0,71.0,0.496017
7001.0,72.0,0.500786
7001.0,73.0,0.467714
7001.0,74.0,0.554299
7001.0,75.0,0.534324
7001.0,76.0,0.432935
7001.0,77.0,0.545163
7001.0,78.0,0.491521
7001.0,79.0,0.486322
7001.0,80.0,0.463049
7001.0,81.0,0.483573
7001.0,82.0,0.501469
7001.0,83.0,0.466766
7001.0,84.0,0.515726
7001.0,85.0,0.507312
7001.0,86.0,0.417784
7001.0,87.0,0.550559
7001.0,88.0,0.503906
7001.0,89.0,0.500432
7001.0,90.0,0.504738
7001.0,91.0,0.537871
7001.0,92.0,0.43464
7001.0,93.0,0.49645
7001.0,94.0,0.502967
7001.0,95.0,0.497277
7001.0,96.0,0.46324
7001.0,97.0,0.531431
7001.0,98.0,0.544101
7001.0,99.0,0.520923
7001.0,100.0,0.496706
7001.0,101.0,0.527595
7001.0,102.0,0.487757
7001.0,103.0,0.424505
7001.0,104.0,0.587915
7001.0,105.0,0.615392
7001.0,106.0,0.515779
7001.0,107.0,0.517168
7001.0,108.0,0.582853
7001.0,109.0,0.52579
7001.0,110.0,0.539799
7001.0,111.0,0.540575
7001.0,112.0,0.456409
7001.0,113.0,0.488321
7001.0,114.0,0.515624
7001.0,115.0,0.525925
7001.0,116.0,0.505549
7001.0,117.0,0.478563
7001.0,118.0,0.529094
7001.0,119.0,0.557711
7001.0,120.0,0.49452
7001.0,121.0,0.476733
7001.0,122.0,0.56733
7001.0,123.0,0.544187
7001.0,124.0,0.526441
7001.0,125.0,0.501493
7001.0,126.0,0.524622
7001.0,127.0,0.518378
7001.0,128.0,0.480359
7001.0,129.0,0.481809
7001.0,130.0,0.633525
7001.0,131.0,0.511638
7001.0,132.0,0.464855
7001.0,133.0,0.528475
7001.0,134.0,0.417295
7001.0,135.0,0.460267
7001.0,136.0,0.508798
7001.0,137.0,0.454826
7001.0,138.0,0.471746
7001.0,139.0,0.489557
7001.0,140.0,0.416349
7001.0,141.0,0.448849
7001.0,142.0,0.495691
7001.0,143.0,0.455832
7001.0,144.0,0.559548
7001.0,145.0,0.443884
7001.0,146.0,0.508737
7001.0,147.0,0.49417
7001.0,148.0,0.533251
7001.0,149.0,0.467614
7002.0,0.0,0.470597
7002.0,1.0,0.460717
7002.0,2.0,0.474535
7002.0,3.0,0.504674
7002.0,4.0,0.479811
7002.0,5.0,0.488509
7002.0,6.0,0.556519
7002.0,7.0,0.511369
7002.0,8.0,0.452019
7002.0,9.0,0.483701
7002.0,10.0,0.422598
7002.0,11.0,0.564503
7002.0,12.0,0.535934
7002.0,13.0,0.537271
7002.0,14.0,0.564096
7002.0,15.0,0.526619
7002.0,16.0,0.518846
7002.0,17.0,0.504937
7002.0,18.0,0.565998
7002.0,19.0,0.427992
7002.0,20.0,0.437436
7002.0,21.0,0.476778
7002.0,22.0,0.443495
7002.0,23.0,0.435396
7002.0,24.0,0.558333
7002.0,25.0,0.558903
7002.0,26.0,0.498914
7002.0,27.0,0.474554
7002.0,28.0,0.4315
7002.0,29.0,0.482556
7002.0,30.0,0.43139
7002.0,31.0,0.487143
7002.0,32.0,0.517782
7002.0,33.0,0.552389
7002.0,34.0,0.480968
7002.0,35.0,0.563881
7002.0,36.0,0.477384
7002.0,37.0,0.532841
7002.0,38.0,0.538082
7002.0,39.0,0.492573
7002.0,40.0,0.521645
7002.0,41.0,0.462345
7002.0,42.0,0.494609
7002.0,43.0,0.518516
7002.0,44.0,0.537257
7002.0,45.0,0.495282
7002.0,46.0,0.386928
7002.0,47.0,0.480704
7002.0,48.0,0.516717
7002.0,49.0,0.473157
7002.0,50.0,0.485494
7002.0,51.0,0.457573
7002.0,52.0,0.463854
7002.0,53.0,0.513807
7002.0,54.0,0.504539
7002.0,55.0,0.559002
7002.0,56.0,0.529527
7002.0,57.0,0.487931
7002.0,58.0,0.386685
7002.0,59.0,0.467772
7002.0,60.0,0.506524
7002.0,61.0,0.490546
7002.0,62.0,0.449448
7002.0,63.0,0.431656
7002.0,64.0,0.409961
7002.0,65.0,0.501901
7002.0,66.0,0.542665
7002.0,67.0,0.498912
7002.0,68.0,0.522891
7002.0,69.0,0.525931
7002.0,70.0,0.482498
7002.0,71.0,0.496111
7002.0,72.0,0.501021
7002.0,73.0,0.468838
7002.0,74.0,0.554001
7002.0,75.0,0.534048
7002.0,76.0,0.432427
7002.0,77.0,0.544452
7002.0,78.0,0.491762
7002.0,79.0,0.486756
7002.0,80.0,0.463676
7002.0,81.0,0.483252
7002.0,82.0,0.501541
7002.0,83.0,0.466686
7002.0,84.0,0.515726
7002.0,85.0,0.506816
7002.0,86.0,0.418155
7002.0,87.0,0.550324
7002.0,88.0,0.503349
7002.0,89.0,0.50037
7002.0,90.0,0.504682
7002.0,91.0,0.537464
7002.0,92.0,0.435379
7002.0,93.0,0.496322
7002.0,94.0,0.502556
7002.0,95.0,0.497481
7002.0,96.0,0.462563
7002.0,97.0,0.531921
7002.0,98.0,0.543691
7002.0,99.0,0.520866
7002.0,100.0,0.496164
7002.0,101.0,0.527728
7002.0,102.0,0.488001
7002.0,103.0,0.423997
7002.0,104.0,0.587973
7002.0,105.0,0.614772
7002.0,106.0,0.51599
7002.0,107.0,0.517268
7002.0,108.0,0.583535
7002.0,109.0,0.525922
7002.0,110.0,0.539633
7002.0,111.0,0.540296
7002.0,112.0,0.456724
7002.0,113.0,0.488315
7002.0,114.0,0.51603
7002.0,115.0,0.525674
7002.0,116.0,0.505512
7002.0,117.0,0.478238
7002.0,118.0,0.529116
7002.0,119.0,0.557449
7002.0,120.0,0.494566
7002.0,121.0,0.476983
7002.0,122.0,0.567586
7002.0,123.0,0.544464
7002.0,124.0,0.52668
7002.0,125.0,0.502355
7002.0,126.0,0.525279
7002.0,127.0,0.518294
7002.0,128.0,0.480004
7002.0,129.0,0.481262
7002.0,130.0,0.633742
7002.0,131.0,0.511841
7002.0,132.0,0.465418
7002.0,133.0,0.528866
7002.0,134.0,0.416885
7002.0,135.0,0.459872
7002.0,136.0,0.510256
7002.0,137.0,0.454578
7002.0,138.0,0.471147
7002.0,139.0,0.490052
7002.0,140.0,0.41651
7002.0,141.0,0.449449
7002.0,142.0,0.495455
7002.0,143.0,0.456268
7002.0,144.0,0.559603
7002.0,145.0,0.444054
7002.0,146.0,0.50875
7002.0,147.0,0.493571
7002.0,148.0,0.532472
7002.0,149.0,0.467017
7003.0,0.0,0.470618
7003.0,1.0,0.460365
7003.0,2.0,0.474919
7003.0,3.0,0.505048
7003.0,4.0,0.480561
7003.0,5.0,0.488097
7003.0,6.0,0.556008
7003.0,7.0,0.510699
7003.0,8.0,0.452454
7003.0,9.0,0.483762
7003.0,10.0,0.422596
7003.0,11.0,0.5646
7003.0,12.0,0.535975
7003.0,13.0,0.536464
7003.0,14.0,0.564355
7003.0,15.0,0.526468
7003.0,16.0,0.518683
7003.0,17.0,0.504407
7003.0,18.0,0.566482
7003.0,19.0,0.428219
7003.0,20.0,0.437421
7003.0,21.0,0.476955
7003.0,22.0,0.443284
7003.0,23.0,0.435462
7003.0,24.0,0.558519
7003.0,25.0,0.559221
7003.0,26.0,0.498863
7003.0,27.0,0.475275
7003.0,28.0,0.432087
7003.0,29.0,0.482109
7003.0,30.0,0.430955
7003.0,31.0,0.486633
7003.0,32.0,0.518041
7003.0,33.0,0.552516
7003.0,34.0,0.481111
7003.0,35.0,0.562853
7003.0,36.0,0.477479
7003.0,37.0,0.532476
7003.0,38.0,0.538103
7003.0,39.0,0.492462
7003.0,40.0,0.522076
7003.0,41.0,0.463233
7003.0,42.0,0.494063
7003.0,43.0,0.518517
7003.0,44.0,0.536174
7003.0,45.0,0.49492
7003.0,46.0,0.387404
7003.0,47.0,0.481563
7003.0,48.0,0.516509
7003.0,49.0,0.473176
7003.0,50.0,0.485694
7003.0,51.0,0.457131
7003.0,52.0,0.463786
7003.0,53.0,0.513272
7003.0,54.0,0.504264
7003.0,55.0,0.55884
7003.0,56.0,0.529368
7003.0,57.0,0.488943
7003.0,58.0,0.387335
7003.0,59.0,0.468079
7003.0,60.0,0.507051
7003.0,61.0,0.49059
7003.0,62.0,0.449789
7003.0,63.0,0.431719
7003.0,64.0,0.410521
7003.0,65.0,0.501439
7003.0,66.0,0.541954
7003.0,67.0,0.49929
7003.0,68.0,0.522319
7003.0,69.0,0.526025
7003.0,70.0,0.4829
7003.0,71.0,0.496384
7003.0,72.0,0.500014
7003.0,73.0,0.468786
7003.0,74.0,0.555061
7003.0,75.0,0.53457
7003.0,76.0,0.433213
7003.0,77.0,0.544295
7003.0,78.0,0.491608
7003.0,79.0,0.486427
7003.0,80.0,0.463724
7003.0,81.0,0.483299
7003.0,82.0,0.50199
7003.0,83.0,0.46658
7003.0,84.0,0.51646
7003.0,85.0,0.506579
7003.0,86.0,0.418593
7003.0,87.0,0.550387
7003.0,88.0,0.502649
7003.0,89.0,0.499511
7003.0,90.0,0.504788
7003.0,91.0,0.538234
7003.0,92.0,0.435472
7003.0,93.0,0.495908
7003.0,94.0,0.502176
7003.0,95.0,0.498069
7003.0,96.0,0.461227
7003.0,97.0,0.532146
7003.0,98.0,0.543608
7003.0,99.0,0.521343
7003.0,100.0,0.496257
7003.0,101.0,0.52778
7003.0,102.0,0.487853
7003.0,103.0,0.423956
7003.0,104.0,0.588004
7003.0,105.0,0.614527
7003.0,106.0,0.515647
7003.0,107.0,0.516869
7003.0,108.0,0.583265
7003.0,109.0,0.526219
7003.0,110.0,0.540424
7003.0,111.0,0.53985
7003.0,112.0,0.456694
7003.0,113.0,0.488318
7003.0,114.0,0.517209
7003.0,115.0,0.527218
7003.0,116.0,0.505613
7003.0,117.0,0.478544
7003.0,118.0,0.52894
7003.0,119.0,0.557152
7003.0,120.0,0.494102
7003.0,121.0,0.476663
7003.0,122.0,0.567101
7003.0,123.0,0.54344
7003.0,124.0,0.526068
7003.0,125.0,0.501484
7003.0,126.0,0.525674
7003.0,127.0,0.518217
7003.0,128.0,0.479045
7003.0,129.0,0.481461
7003.0,130.0,0.633533
7003.0,131.0,0.512435
7003.0,132.0,0.466138
7003.0,133.0,0.528362
7003.0,134.0,0.417672
7003.0,135.0,0.460157
7003.0,136.0,0.511016
7003.0,137.0,0.454513
7003.0,138.0,0.471155
7003.0,139.0,0.489585
7003.0,140.0,0.416702
7003.0,141.0,0.450175
7003.0,142.0,0.49483
7003.0,143.0,0.456355
7003.0,144.0,0.560385
7003.0,145.0,0.443509
7003.0,146.0,0.509305
7003.0,147.0,0.494312
7003.0,148.0,0.532384
7003.0,149.0,0.467361
7004.0,0.0,0.470775
7004.0,1.0,0.460114
7004.0,2.0,0.474547
7004.0,3.0,0.504882
7004.0,4.0,0.480903
7004.0,5.0,0.488726
7004.0,6.0,0.555602
7004.0,7.0,0.510566
7004.0,8.0,0.452446
7004.0,9.0,0.483092
7004.0,10.0,0.42234
7004.0,11.0,0.564301
7004.0,12.0,0.536593
7004.0,13.0,0.536656
7004.0,14.0,0.565139
7004.0,15.0,0.526144
7004.0,16.0,0.518636
7004.0,17.0,0.50527
7004.0,18.0,0.566274
7004.0,19.0,0.427094
7004.0,20.0,0.437375
7004.0,21.0,0.47654
7004.0,22.0,0.4424
7004.0,23.0,0.43529
7004.0,24.0,0.558619
7004.0,25.0,0.559149
7004.0,26.0,0.498062
7004.0,27.0,0.475867
7004.0,28.0,0.431144
7004.0,29.0,0.481224
7004.0,30.0,0.431516
7004.0,31.0,0.486267
7004.0,32.0,0.518718
7004.0,33.0,0.552065
7004.0,34.0,0.480845
7004.0,35.0,0.562382
7004.0,36.0,0.477377
7004.0,37.0,0.532175
7004.0,38.0,0.538094
7004.0,39.0,0.49228
7004.0,40.0,0.522493
7004.0,41.0,0.463406
7004.0,42.0,0.494608
7004.0,43.0,0.517387
7004.0,44.0,0.536291
7004.0,45.0,0.495269
7004.0,46.0,0.387217
7004.0,47.0,0.481042
7004.0,48.0,0.516495
7004.0,49.0,0.473065
7004.0,50.0,0.486152
7004.0,51.0,0.457375
7004.0,52.0,0.462975
7004.0,53.0,0.51293
7004.0,54.0,0.504733
7004.0,55.0,0.558449
7004.0,56.0,0.529584
7004.0,57.0,0.488842
7004.0,58.0,0.387889
7004.0,59.0,0.468502
7004.0,60.0,0.506766
7004.0,61.0,0.490323
7004.0,62.0,0.450483
7004.0,63.0,0.432137
7004.0,64.0,0.410438
7004.0,65.0,0.50113
7004.0,66.0,0.542102
7004.0,67.0,0.49865
7004.0,68.0,0.523276
7004.0,69.0,0.525654
7004.0,70.0,0.482336
7004.0,71.0,0.496163
7004.0,72.0,0.500148
7004.0,73.0,0.469798
7004.0,74.0,0.555183
7004.0,75.0,0.534112
7004.0,76.0,0.433168
7004.0,77.0,0.544062
7004.0,78.0,0.491756
7004.0,79.0,0.486754
7004.0,80.0,0.464269
7004.0,81.0,0.483296
7004.0,82.0,0.501888
7004.0,83.0,0.467181
7004.0,84.0,0.51668
7004.0,85.0,0.507429
7004.0,86.0,0.419409
7004.0,87.0,0.551045
7004.0,88.0,0.50252
7004.0,89.0,0.499636
7004.0,90.0,0.503641
7004.0,91.0,0.538564
7004.0,92.0,0.436064
7004.0,93.0,0.496014
7004.0,94.0,0.503441
7004.0,95.0,0.498372
7004.0,96.0,0.460446
7004.0,97.0,0.53236
7004.0,98.0,0.543563
7004.0,99.0,0.521115
7004.0,100.0,0.496265
7004.0,101.0,0.528226
7004.0,102.0,0.487626
7004.0,103.0,0.42487
7004.0,104.0,0.588048
7004.0,105.0,0.614584
7004.0,106.0,0.516093
7004.0,107.0,0.516797
7004.0,108.0,0.583998
7004.0,109.0,0.526256
7004.0,110.0,0.540333
7004.0,111.0,0.540255
7004.0,112.0,0.456409
7004.0,113.0,0.487994
7004.0,114.0,0.516846
7004.0,115.0,0.5273
7004.0,116.0,0.505932
7004.0,117.0,0.478585
7004.0,118.0,0.528947
7004.0,119.0,0.55849
7004.0,120.0,0.494231
7004.0,121.0,0.477154
7004.0,122.0,0.567276
7004.0,123.0,0.543378
7004.0,124.0,0.525838
7004.0,125.0,0.501627
7004.0,126.0,0.52575
7004.0,127.0,0.517569
7004.0,128.0,0.478622
7004.0,129.0,0.481392
7004.0,130.0,0.633871
7004.0,131.0,0.51252
7004.0,132.0,0.466178
7004.0,133.0,0.529213
7004.0,134.0,0.417652
7004.0,135.0,0.45992
7004.0,136.0,0.511217
7004.0,137.0,0.454193
7004.0,138.0,0.471393
7004.0,139.0,0.489141
7004.0,140.0,0.417003
7004.0,141.0,0.449676
7004.0,142.0,0.493758
7004.0,143.0,0.456219
7004.0,144.0,0.560447
7004.0,145.0,0.443888
7004.0,146.0,0.509103
7004.0,147.0,0.494123
7004.0,148.0,0.532655
7004.0,149.0,0.467577
7005.0,0.0,0.469545
7005.0,1.0,0.460001
7005.0,2.0,0.474833
7005.0,3.0,0.504686
7005.0,4.0,0.481354
7005.0,5.0,0.488392
7005.0,6.0,0.55484
7005.0,7.0,0.51008
7005.0,8.0,0.45156
7005.0,9.0,0.48419
7005.0,10.0,0.422532
7005.0,11.0,0.564413
7005.0,12.0,0.536819
7005.0,13.0,0.537336
7005.0,14.0,0.564948
7005.0,15.0,0.525634
7005.0,16.0,0.51793
7005.0,17.0,0.505813
7005.0,18.0,0.566878
7005.0,19.0,0.426784
7005.0,20.0,0.438341
7005.0,21.0,0.47573
7005.0,22.0,0.441485
7005.0,23.0,0.435799
7005.0,24.0,0.557938
7005.0,25.0,0.558547
7005.0,26.0,0.498027
7005.0,27.0,0.476157
7005.0,28.0,0.431313
7005.0,29.0,0.480361
7005.0,30.0,0.432155
7005.0,31.0,0.485857
7005.0,32.0,0.51979
7005.0,33.0,0.551103
7005.0,34.0,0.481035
7005.0,35.0,0.562451
7005.0,36.0,0.478436
7005.0,37.0,0.531782
7005.0,38.0,0.538126
7005.0,39.0,0.491715
7005.0,40.0,0.521906
7005.0,41.0,0.463204
7005.0,42.0,0.494336
7005.0,43.0,0.517412
7005.0,44.0,0.536587
7005.0,45.0,0.495211
7005.0,46.0,0.38651
7005.0,47.0,0.48061
7005.0,48.0,0.516176
7005.0,49.0,0.473689
7005.0,50.0,0.485717
7005.0,51.0,0.457951
7005.0,52.0,0.46279
7005.0,53.0,0.512817
7005.0,54.0,0.504183
7005.0,55.0,0.559114
7005.0,56.0,0.530164
7005.0,57.0,0.489522
7005.0,58.0,0.387305
7005.0,59.0,0.469834
7005.0,60.0,0.506954
7005.0,61.0,0.489679
7005.0,62.0,0.45113
7005.0,63.0,0.431909
7005.0,64.0,0.410791
7005.0,65.0,0.501387
7005.0,66.0,0.54254
7005.0,67.0,0.498543
7005.0,68.0,0.522056
7005.0,69.0,0.525715
7005.0,70.0,0.482209
7005.0,71.0,0.496685
7005.0,72.0,0.500422
7005.0,73.0,0.469241
7005.0,74.0,0.554734
7005.0,75.0,0.534106
7005.0,76.0,0.433558
7005.0,77.0,0.544342
7005.0,78.0,0.490429
7005.0,79.0,0.486511
7005.0,80.0,0.46444
7005.0,81.0,0.482754
7005.0,82.0,0.501528
7005.0,83.0,0.46784
7005.0,84.0,0.516457
7005.0,85.0,0.507977
7005.0,86.0,0.419924
7005.0,87.0,0.550892
7005.0,88.0,0.502063
7005.0,89.0,0.49936
7005.0,90.0,0.503346
7005.0,91.0,0.538032
7005.0,92.0,0.436006
7005.0,93.0,0.49586
7005.0,94.0,0.503717
7005.0,95.0,0.497723
7005.0,96.0,0.460538
7005.0,97.0,0.53239
7005.0,98.0,0.543865
7005.0,99.0,0.520839
7005.0,100.0,0.496433
7005.0,101.0,0.527955
7005.0,102.0,0.48764
7005.0,103.0,0.425457
7005.0,104.0,0.587476
7005.0,105.0,0.614577
7005.0,106.0,0.516631
7005.0,107.0,0.516691
7005.0,108.0,0.583971
7005.0,109.0,0.526932
7005.0,110.0,0.540617
7005.0,111.0,0.541141
7005.0,112.0,0.456439
7005.0,113.0,0.488993
7005.0,114.0,0.516485
7005.0,115.0,0.528029
7005.0,116.0,0.50599
7005.0,117.0,0.478516
7005.0,118.0,0.528526
7005.0,119.0,0.557888
7005.0,120.0,0.49405
7005.0,121.0,0.477997
7005.0,122.0,0.56656
7005.0,123.0,0.544042
7005.0,124.0,0.526061
7005.0,125.0,0.501975
7005.0,126.0,0.526293
7005.0,127.0,0.517088
7005.0,128.0,0.477763
7005.0,129.0,0.481408
7005.0,130.0,0.63391
7005.0,131.0,0.513162
7005.0,132.0,0.466297
7005.0,133.0,0.529383
7005.0,134.0,0.417098
7005.0,135.0,0.459823
7005.0,136.0,0.511349
7005.0,137.0,0.45424
7005.0,138.0,0.471328
7005.0,139.0,0.489046
7005.0,140.0,0.418391
7005.0,141.0,0.450449
7005.0,142.0,0.493896
7005.0,143.0,0.455657
7005.0,144.0,0.560248
7005.0,145.0,0.444028
7005.0,146.0,0.509104
7005.0,147.0,0.494294
7005.0,148.0,0.532508
7005.0,149.0,0.468452
7006.0,0.0,0.468813
7006.0,1.0,0.460343
7006.0,2.0,0.474528
7006.0,3.0,0.504233
7006.0,4.0,0.481228
7006.0,5.0,0.488464
7006.0,6.0,0.55506
7006.0,7.0,0.510693
7006.0,8.0,0.451569
7006.0,9.0,0.484505
7006.0,10.0,0.422518
7006.0,11.0,0.564029
7006.0,12.0,0.536785
7006.0,13.0,0.538038
7006.0,14.0,0.565691
7006.0,15.0,0.526236
7006.0,16.0,0.517972
7006.0,17.0,0.505506
7006.0,18.0,0.566402
7006.0,19.0,0.425949
7006.0,20.0,0.43789
7006.0,21.0,0.475868
7006.0,22.0,0.441322
7006.0,23.0,0.43534
7006.0,24.0,0.558799
7006.0,25.0,0.558648
7006.0,26.0,0.497532
7006.0,27.0,0.475144
7006.0,28.0,0.431643
7006.0,29.0,0.480799
7006.0,30.0,0.432557
7006.0,31.0,0.486011
7006.0,32.0,0.519887
7006.0,33.0,0.550809
7006.0,34.0,0.481065
7006.0,35.0,0.562589
7006.0,36.0,0.478318
7006.0,37.0,0.532567
7006.0,38.0,0.538327
7006.0,39.0,0.490695
7006.0,40.0,0.522463
7006.0,41.0,0.463344
7006.0,42.0,0.494115
7006.0,43.0,0.517407
7006.0,44.0,0.535803
7006.0,45.0,0.494827
7006.0,46.0,0.386659
7006.0,47.0,0.482075
7006.0,48.0,0.515752
7006.0,49.0,0.473649
7006.0,50.0,0.486616
7006.0,51.0,0.458016
7006.0,52.0,0.462918
7006.0,53.0,0.513876
7006.0,54.0,0.504667
7006.0,55.0,0.559271
7006.0,56.0,0.529699
7006.0,57.0,0.489347
7006.0,58.0,0.387414
7006.0,59.0,0.469844
7006.0,60.0,0.506364
7006.0,61.0,0.48859
7006.0,62.0,0.450857
7006.0,63.0,0.432693
7006.0,64.0,0.410409
7006.0,65.0,0.501663
7006.0,66.0,0.542233
7006.0,67.0,0.498335
7006.0,68.0,0.521943
7006.0,69.0,0.525648
7006.0,70.0,0.482429
7006.0,71.0,0.497266
7006.0,72.0,0.500424
7006.0,73.0,0.469389
7006.0,74.0,0.554647
7006.0,75.0,0.53456
7006.0,76.0,0.43371
7006.0,77.0,0.543979
7006.0,78.0,0.491052
7006.0,79.0,0.487118
7006.0,80.0,0.465148
7006.0,81.0,0.48235
7006.0,82.0,0.502282
7006.0,83.0,0.467694
7006.0,84.0,0.516459
7006.0,85.0,0.50761
7006.0,86.0,0.419528
7006.0,87.0,0.550168
7006.0,88.0,0.501453
7006.0,89.0,0.498601
7006.0,90.0,0.50375
7006.0,91.0,0.538001
7006.0,92.0,0.436834
7006.0,93.0,0.49556
7006.0,94.0,0.504107
7006.0,95.0,0.497235
7006.0,96.0,0.459592
7006.0,97.0,0.533478
7006.0,98.0,0.543458
7006.0,99.0,0.521055
7006.0,100.0,0.496871
7006.0,101.0,0.527501
7006.0,102.0,0.486615
7006.0,103.0,0.425577
7006.0,104.0,0.586582
7006.0,105.0,0.61503
7006.0,106.0,0.517066
7006.0,107.0,0.51656
7006.0,108.0,0.582957
7006.0,109.0,0.526801
7006.0,110.0,0.540948
7006.0,111.0,0.540187
7006.0,112.0,0.456838
7006.0,113.0,0.488683
7006.0,114.0,0.517528
7006.0,115.0,0.527683
7006.0,116.0,0.50578
7006.0,117.0,0.478252
7006.0,118.0,0.528142
7006.0,119.0,0.557943
7006.0,120.0,0.494008
7006.0,121.0,0.478578
7006.0,122.0,0.56676
7006.0,123.0,0.543769
7006.0,124.0,0.525702
7006.0,125.0,0.503582
7006.0,126.0,0.526085
7006.0,127.0,0.516708
7006.0,128.0,0.477295
7006.0,129.0,0.481942
7006.0,130.0,0.633434
7006.0,131.0,0.513644
7006.0,132.0,0.465505
7006.0,133.0,0.529541
7006.0,134.0,0.417181
7006.0,135.0,0.459467
7006.0,136.0,0.511635
7006.0,137.0,0.454456
7006.0,138.0,0.471941
7006.0,139.0,0.489423
7006.0,140.0,0.41726
7006.0,141.0,0.451103
7006.0,142.0,0.493595
7006.0,143.0,0.455421
7006.0,144.0,0.560161
7006.0,145.0,0.443735
7006.0,146.0,0.508777
7006.0,147.0,0.494855
7006.0,148.0,0.532927
7006.0,149.0,0.469024
7007.0,0.0,0.468304
7007.0,1.0,0.460508
7007.0,2.0,0.475007
7007.0,3.0,0.504999
7007.0,4.0,0.480412
7007.0,5.0,0.488514
7007.0,6.0,0.554674
7007.0,7.0,0.510612
7007.0,8.0,0.45111
7007.0,9.0,0.484194
7007.0,10.0,0.422894
7007.0,11.0,0.563752
7007.0,12.0,0.53656
7007.0,13.0,0.538475
7007.0,14.0,0.565473
7007.0,15.0,0.526443
7007.0,16.0,0.518528
7007.0,17.0,0.505064
7007.0,18.0,0.566746
7007.0,19.0,0.426723
7007.0,20.0,0.438705
7007.0,21.0,0.476052
7007.0,22.0,0.440762
7007.0,23.0,0.4348
7007.0,24.0,0.559705
7007.0,25.0,0.558755
7007.0,26.0,0.498584
7007.0,27.0,0.474981
7007.0,28.0,0.432311
7007.0,29.0,0.480756
7007.0,30.0,0.432142
7007.0,31.0,0.486594
7007.0,32.0,0.520384
7007.0,33.0,0.550424
7007.0,34.0,0.481909
7007.0,35.0,0.563702
7007.0,36.0,0.478529
7007.0,37.0,0.532675
7007.0,38.0,0.538306
7007.0,39.0,0.49166
7007.0,40.0,0.523536
7007.0,41.0,0.462751
7007.0,42.0,0.494428
7007.0,43.0,0.517339
7007.0,44.0,0.534957
7007.0,45.0,0.494072
7007.0,46.0,0.387498
7007.0,47.0,0.481457
7007.0,48.0,0.515772
7007.0,49.0,0.473224
7007.0,50.0,0.4869
7007.0,51.0,0.457786
7007.0,52.0,0.462878
7007.0,53.0,0.514438
7007.0,54.0,0.503904
7007.0,55.0,0.559064
7007.0,56.0,0.529811
7007.0,57.0,0.488962
7007.0,58.0,0.386718
7007.0,59.0,0.468855
7007.0,60.0,0.507031
7007.0,61.0,0.487589
7007.0,62.0,0.45082
7007.0,63.0,0.43296
7007.0,64.0,0.410024
7007.0,65.0,0.501717
7007.0,66.0,0.542734
7007.0,67.0,0.498403
7007.0,68.0,0.522119
7007.0,69.0,0.525585
7007.0,70.0,0.481798
7007.0,71.0,0.498104
7007.0,72.0,0.501398
7007.0,73.0,0.469259
7007.0,74.0,0.554845
7007.0,75.0,0.53392
7007.0,76.0,0.433896
7007.0,77.0,0.544203
7007.0,78.0,0.490794
7007.0,79.0,0.487157
7007.0,80.0,0.465742
7007.0,81.0,0.482391
7007.0,82.0,0.502376
7007.0,83.0,0.467909
7007.0,84.0,0.516421
7007.0,85.0,0.508746
7007.0,86.0,0.41944
7007.0,87.0,0.550303
7007.0,88.0,0.501494
7007.0,89.0,0.498252
7007.0,90.0,0.503458
7007.0,91.0,0.538673
7007.0,92.0,0.436733
7007.0,93.0,0.496514
7007.0,94.0,0.502641
7007.0,95.0,0.498157
7007.0,96.0,0.459146
7007.0,97.0,0.533723
7007.0,98.0,0.544035
7007.0,99.0,0.522056
7007.0,100.0,0.497204
7007.0,101.0,0.526597
7007.0,102.0,0.486905
7007.0,103.0,0.425527
7007.0,104.0,0.586663
7007.0,105.0,0.614416
7007.0,106.0,0.517873
7007.0,107.0,0.516981
7007.0,108.0,0.583578
7007.0,109.0,0.527216
7007.0,110.0,0.541326
7007.0,111.0,0.540363
7007.0,112.0,0.456717
7007.0,113.0,0.488695
7007.0,114.0,0.517234
7007.0,115.0,0.527449
7007.0,116.0,0.505494
7007.0,117.0,0.478226
7007.0,118.0,0.52761
7007.0,119.0,0.557813
7007.0,120.0,0.493591
7007.0,121.0,0.478012
7007.0,122.0,0.56667
7007.0,123.0,0.544474
7007.0,124.0,0.525496
7007.0,125.0,0.502751
7007.0,126.0,0.526513
7007.0,127.0,0.516926
7007.0,128.0,0.477657
7007.0,129.0,0.481793
7007.0,130.0,0.632918
7007.0,131.0,0.512973
7007.0,132.0,0.465212
7007.0,133.0,0.529272
7007.0,134.0,0.417095
7007.0,135.0,0.459333
7007.0,136.0,0.511974
7007.0,137.0,0.453956
7007.0,138.0,0.472783
7007.0,139.0,0.489712
7007.0,140.0,0.418201
7007.0,141.0,0.45089
7007.0,142.0,0.49425
7007.0,143.0,0.455733
7007.0,144.0,0.560541
7007.0,145.0,0.445399
7007.0,146.0,0.508608
7007.0,147.0,0.495627
7007.0,148.0,0.533476
7007.0,149.0,0.469087
7008.0,0.0,0.467909
7008.0,1.0,0.461038
7008.0,2.0,0.474513
7008.0,3.0,0.505273
7008.0,4.0,0.48112
7008.0,5.0,0.489133
7008.0,6.0,0.555142
7008.0,7.0,0.511742
7008.0,8.0,0.451164
7008.0,9.0,0.484573
7008.0,10.0,0.422368
7008.0,11.0,0.563418
7008.0,12.0,0.536067
7008.0,13.0,0.538499
7008.0,14.0,0.565553
7008.0,15.0,0.525916
7008.0,16.0,0.518138
7008.0,17.0,0.505212
7008.0,18.0,0.567127
7008.0,19.0,0.426966
7008.0,20.0,0.438859
7008.0,21.0,0.476516
7008.0,22.0,0.440635
7008.0,23.0,0.434434
7008.0,24.0,0.559719
7008.0,25.0,0.558455
7008.0,26.0,0.498266
7008.0,27.0,0.475181
7008.0,28.0,0.43169
7008.0,29.0,0.481064
7008.0,30.0,0.43187
7008.0,31.0,0.486674
7008.0,32.0,0.520289
7008.0,33.0,0.550688
7008.0,34.0,0.482195
7008.0,35.0,0.564303
7008.0,36.0,0.47891
7008.0,37.0,0.532544
7008.0,38.0,0.538483
7008.0,39.0,0.491647
7008.0,40.0,0.523935
7008.0,41.0,0.463057
7008.0,42.0,0.493866
7008.0,43.0,0.517433
7008.0,44.0,0.535382
7008.0,45.0,0.493606
7008.0,46.0,0.38774
7008.0,47.0,0.482022
7008.0,48.0,0.515182
7008.0,49.0,0.472676
7008.0,50.0,0.486885
7008.0,51.0,0.457961
7008.0,52.0,0.462873
7008.0,53.0,0.514867
7008.0,54.0,0.504228
7008.0,55.0,0.559449
7008.0,56.0,0.529904
7008.0,57.0,0.489228
7008.0,58.0,0.386225
7008.0,59.0,0.468148
7008.0,60.0,0.50726
7008.0,61.0,0.486566
7008.0,62.0,0.449832
7008.0,63.0,0.43333
7008.0,64.0,0.40982
7008.0,65.0,0.50129
7008.0,66.0,0.543383
7008.0,67.0,0.499324
7008.0,68.0,0.521426
7008.0,69.0,0.525173
7008.0,70.0,0.481956
7008.0,71.0,0.497875
7008.0,72.0,0.502245
7008.0,73.0,0.46925
7008.0,74.0,0.554888
7008.0,75.0,0.53361
7008.0,76.0,0.434528
7008.0,77.0,0.544137
7008.0,78.0,0.491194
7008.0,79.0,0.487153
7008.0,80.0,0.46584
7008.0,81.0,0.482135
7008.0,82.0,0.501595
7008.0,83.0,0.467611
7008.0,84.0,0.515524
7008.0,85.0,0.507862
7008.0,86.0,0.419016
7008.0,87.0,0.550533
7008.0,88.0,0.501394
7008.0,89.0,0.498388
7008.0,90.0,0.503266
7008.0,91.0,0.538306
7008.0,92.0,0.436375
7008.0,93.0,0.495897
7008.0,94.0,0.502329
7008.0,95.0,0.498031
7008.0,96.0,0.459238
7008.0,97.0,0.533413
7008.0,98.0,0.54392
7008.0,99.0,0.522897
7008.0,100.0,0.497429
7008.0,101.0,0.526667
7008.0,102.0,0.486166
7008.0,103.0,0.425965
7008.0,104.0,0.587448
7008.0,105.0,0.614019
7008.0,106.0,0.517805
7008.0,107.0,0.516805
7008.0,108.0,0.583818
7008.0,109.0,0.527586
7008.0,110.0,0.540723
7008.0,111.0,0.540043
7008.0,112.0,0.456795
7008.0,113.0,0.488565
7008.0,114.0,0.517308
7008.0,115.0,0.527452
7008.0,116.0,0.504584
7008.0,117.0,0.478154
7008.0,118.0,0.527234
7008.0,119.0,0.55776
7008.0,120.0,0.492984
7008.0,121.0,0.477839
7008.0,122.0,0.565621
7008.0,123.0,0.545202
7008.0,124.0,0.525629
7008.0,125.0,0.503315
7008.0,126.0,0.527236
7008.0,127.0,0.516748
7008.0,128.0,0.477125
7008.0,129.0,0.481481
7008.0,130.0,0.633143
7008.0,131.0,0.512112
7008.0,132.0,0.466107
7008.0,133.0,0.528653
7008.0,134.0,0.418046
7008.0,135.0,0.460152
7008.0,136.0,0.511648
7008.0,137.0,0.454069
7008.0,138.0,0.472879
7008.0,139.0,0.489095
7008.0,140.0,0.41881
7008.0,141.0,0.450769
7008.0,142.0,0.493467
7008.0,143.0,0.455237
7008.0,144.0,0.560232
7008.0,145.0,0.445431
7008.0,146.0,0.508742
7008.0,147.0,0.49594
7008.0,148.0,0.532963
7008.0,149.0,0.469464
7009.0,0.0,0.467496
7009.0,1.0,0.461311
7009.0,2.0,0.474318
7009.0,3.0,0.505549
7009.0,4.0,0.480947
7009.0,5.0,0.48887
7009.0,6.0,0.554805
7009.0,7.0,0.510878
7009.0,8.0,0.450852
7009.0,9.0,0.484707
7009.0,10.0,0.422349
7009.0,11.0,0.563531
7009.0,12.0,0.536693
7009.0,13.0,0.538577
7009.0,14.0,0.566262
7009.0,15.0,0.525833
7009.0,16.0,0.518235
7009.0,17.0,0.50479
7009.0,18.0,0.566552
7009.0,19.0,0.425646
7009.0,20.0,0.439016
7009.0,21.0,0.476403
7009.0,22.0,0.440957
7009.0,23.0,0.433885
7009.0,24.0,0.559622
7009.0,25.0,0.557881
7009.0,26.0,0.49842
7009.0,27.0,0.474963
7009.0,28.0,0.431659
7009.0,29.0,0.480857
7009.0,30.0,0.431415
7009.0,31.0,0.485972
7009.0,32.0,0.520638
7009.0,33.0,0.549955
7009.0,34.0,0.482219
7009.0,35.0,0.564301
7009.0,36.0,0.479196
7009.0,37.0,0.532406
7009.0,38.0,0.537992
7009.0,39.0,0.491399
7009.0,40.0,0.524042
7009.0,41.0,0.463515
7009.0,42.0,0.493294
7009.0,43.0,0.516647
7009.0,44.0,0.53576
7009.0,45.0,0.493355
7009.0,46.0,0.388473
7009.0,47.0,0.482236
7009.0,48.0,0.514365
7009.0,49.0,0.473512
7009.0,50.0,0.48683
7009.0,51.0,0.458467
7009.0,52.0,0.462866
7009.0,53.0,0.514816
7009.0,54.0,0.504342
7009.0,55.0,0.559495
7009.0,56.0,0.529876
7009.0,57.0,0.488235
7009.0,58.0,0.386313
7009.0,59.0,0.467976
7009.0,60.0,0.507431
7009.0,61.0,0.486204
7009.0,62.0,0.449688
7009.0,63.0,0.433743
7009.0,64.0,0.41047
7009.0,65.0,0.501456
7009.0,66.0,0.543338
7009.0,67.0,0.499184
7009.0,68.0,0.520887
7009.0,69.0,0.525643
7009.0,70.0,0.482055
7009.0,71.0,0.49779
7009.0,72.0,0.502735
7009.0,73.0,0.469555
7009.0,74.0,0.554974
7009.0,75.0,0.533685
7009.0,76.0,0.43399
7009.0,77.0,0.54413
7009.0,78.0,0.491814
7009.0,79.0,0.486299
7009.0,80.0,0.465608
7009.0,81.0,0.481776
7009.0,82.0,0.502268
7009.0,83.0,0.467852
7009.0,84.0,0.515082
7009.0,85.0,0.507666
7009.0,86.0,0.418368
7009.0,87.0,0.550769
7009.0,88.0,0.502606
7009.0,89.0,0.497769
7009.0,90.0,0.503288
7009.0,91.0,0.537647
7009.0,92.0,0.436333
7009.0,93.0,0.495567
7009.0,94.0,0.502228
7009.0,95.0,0.497251
7009.0,96.0,0.458933
7009.0,97.0,0.533002
7009.0,98.0,0.544736
7009.0,99.0,0.523153
7009.0,100.0,0.497805
7009.0,101.0,0.526687
7009.0,102.0,0.485755
7009.0,103.0,0.426123
7009.0,104.0,0.586605
7009.0,105.0,0.613554
7009.0,106.0,0.517953
7009.0,107.0,0.516072
7009.0,108.0,0.584282
7009.0,109.0,0.528054
7009.0,110.0,0.540808
7009.0,111.0,0.54014
7009.0,112.0,0.457076
7009.0,113.0,0.488579
7009.0,114.0,0.516964
7009.0,115.0,0.52763
7009.0,116.0,0.50439
7009.0,117.0,0.477796
7009.0,118.0,0.526859
7009.0,119.0,0.557128
7009.0,120.0,0.492914
7009.0,121.0,0.47757
7009.0,122.0,0.564477
7009.0,123.0,0.545237
7009.0,124.0,0.525736
7009.0,125.0,0.503462
7009.0,126.0,0.527586
7009.0,127.0,0.516701
7009.0,128.0,0.477274
7009.0,129.0,0.48135
7009.0,130.0,0.632921
7009.0,131.0,0.511574
7009.0,132.0,0.465769
7009.0,133.0,0.528614
7009.0,134.0,0.419005
7009.0,135.0,0.460471
7009.0,136.0,0.511085
7009.0,137.0,0.453498
7009.0,138.0,0.47304
7009.0,139.0,0.489935
7009.0,140.0,0.418641
7009.0,141.0,0.451192
7009.0,142.0,0.493668
7009.0,143.0,0.454208
7009.0,144.0,0.56071
7009.0,145.0,0.445649
7009.0,146.0,0.508678
7009.0,147.0,0.495198
7009.0,148.0,0.532791
7009.0,149.0,0.469691
7010.0,0.0,0.466706
7010.0,1.0,0.46227
7010.0,2.0,0.473072
7010.0,3.0,0.503996
7010.0,4.0,0.480966
7010.0,5.0,0.489203
7010.0,6.0,0.554536
7010.0,7.0,0.510872
7010.0,8.0,0.450539
7010.0,9.0,0.485024
7010.0,10.0,0.4212
7010.0,11.0,0.563875
7010.0,12.0,0.535409
7010.0,13.0,0.538813
7010.0,14.0,0.566278
7010.0,15.0,0.526178
7010.0,16.0,0.518695
7010.0,17.0,0.50398
7010.0,18.0,0.566868
7010.0,19.0,0.425719
7010.0,20.0,0.438954
7010.0,21.0,0.475995
7010.0,22.0,0.441055
7010.0,23.0,0.433401
7010.0,24.0,0.560173
7010.0,25.0,0.5576
7010.0,26.0,0.498581
7010.0,27.0,0.47451
7010.0,28.0,0.431601
7010.0,29.0,0.480975
7010.0,30.0,0.431285
7010.0,31.0,0.486197
7010.0,32.0,0.520962
7010.0,33.0,0.550951
7010.0,34.0,0.482996
7010.0,35.0,0.564551
7010.0,36.0,0.479388
7010.0,37.0,0.532866
7010.0,38.0,0.537751
7010.0,39.0,0.491019
7010.0,40.0,0.524283
7010.0,41.0,0.462948
7010.0,42.0,0.493753
7010.0,43.0,0.517062
7010.0,44.0,0.535193
7010.0,45.0,0.494457
7010.0,46.0,0.388666
7010.0,47.0,0.481704
7010.0,48.0,0.514939
7010.0,49.0,0.474113
7010.0,50.0,0.486771
7010.0,51.0,0.459059
7010.0,52.0,0.462192
7010.0,53.0,0.515029
7010.0,54.0,0.504195
7010.0,55.0,0.558388
7010.0,56.0,0.53039
7010.0,57.0,0.488381
7010.0,58.0,0.386676
7010.0,59.0,0.469137
7010.0,60.0,0.507638
7010.0,61.0,0.48634
7010.0,62.0,0.449654
7010.0,63.0,0.433332
7010.0,64.0,0.410037
7010.0,65.0,0.501447
7010.0,66.0,0.543841
7010.0,67.0,0.499682
7010.0,68.0,0.52095
7010.0,69.0,0.525596
7010.0,70.0,0.481773
7010.0,71.0,0.49748
7010.0,72.0,0.502524
7010.0,73.0,0.469349
7010.0,74.0,0.554729
7010.0,75.0,0.534289
7010.0,76.0,0.434383
7010.0,77.0,0.5449
7010.0,78.0,0.491657
7010.0,79.0,0.486994
7010.0,80.0,0.466111
7010.0,81.0,0.482301
7010.0,82.0,0.501708
7010.0,83.0,0.467588
7010.0,84.0,0.513901
7010.0,85.0,0.507307
7010.0,86.0,0.418285
7010.0,87.0,0.550801
7010.0,88.0,0.50279
7010.0,89.0,0.497242
7010.0,90.0,0.503306
7010.0,91.0,0.537341
7010.0,92.0,0.436377
7010.0,93.0,0.49542
7010.0,94.0,0.502768
7010.0,95.0,0.498011
7010.0,96.0,0.45926
7010.0,97.0,0.532717
7010.0,98.0,0.54374
7010.0,99.0,0.52407
7010.0,100.0,0.498085
7010.0,101.0,0.52634
7010.0,102.0,0.486107
7010.0,103.0,0.426399
7010.0,104.0,0.585709
7010.0,105.0,0.614032
7010.0,106.0,0.517309
7010.0,107.0,0.51561
7010.0,108.0,0.584524
7010.0,109.0,0.528327
7010.0,110.0,0.54015
7010.0,111.0,0.540702
7010.0,112.0,0.457167
7010.0,113.0,0.488803
7010.0,114.0,0.51638
7010.0,115.0,0.528425
7010.0,116.0,0.504025
7010.0,117.0,0.477338
7010.0,118.0,0.526902
7010.0,119.0,0.556928
7010.0,120.0,0.493397
7010.0,121.0,0.476895
7010.0,122.0,0.563855
7010.0,123.0,0.545577
7010.0,124.0,0.525725
7010.0,125.0,0.503912
7010.0,126.0,0.52778
7010.0,127.0,0.516938
7010.0,128.0,0.477364
7010.0,129.0,0.481828
7010.0,130.0,0.632449
7010.0,131.0,0.512139
7010.0,132.0,0.465477
7010.0,133.0,0.528912
7010.0,134.0,0.41886
7010.0,135.0,0.460616
7010.0,136.0,0.511282
7010.0,137.0,0.453298
7010.0,138.0,0.47241
7010.0,139.0,0.48989
7010.0,140.0,0.418046
7010.0,141.0,0.451084
7010.0,142.0,0.494123
7010.0,143.0,0.454379
7010.0,144.0,0.560182
7010.0,145.0,0.446016
7010.0,146.0,0.509083
7010.0,147.0,0.495642
7010.0,148.0,0.532519
7010.0,149.0,0.469691
8000.0,0.0,0.465523
8000.0,1.0,0.455221
8000.0,2.0,0.474166
8000.0,3.0,0.519377
8000.0,4.0,0.491915
8000.0,5.0,0.497987
8000.0,6.0,0.545131
8000.0,7.0,0.512572
8000.0,8.0,0.440097
8000.0,9.0,0.490555
8000.0,10.0,0.415112
8000.0,11.0,0.570354
8000.0,12.0,0.549064
8000.0,13.0,0.539559
8000.0,14.0,0.557398
8000.0,15.0,0.536982
8000.0,16.0,0.464425
8000.0,17.0,0.511255
8000.0,18.0,0.563855
8000.0,19.0,0.425232
8000.0,20.0,0.450996
8000.0,21.0,0.507998
8000.0,22.0,0.422523
8000.0,23.0,0.441004
8000.0,24.0,0.553132
8000.0,25.0,0.565802
8000.0,26.0,0.485235
8000.0,27.0,0.501999
8000.0,28.0,0.436985
8000.0,29.0,0.464523
8000.0,30.0,0.422773
8000.0,31.0,0.491465
8000.0,32.0,0.528265
8000.0,33.0,0.56383
8000.0,34.0,0.476585
8000.0,35.0,0.556149
8000.0,36.0,0.461087
8000.0,37.0,0.569537
8000.0,38.0,0.530025
8000.0,39.0,0.497495
8000.0,40.0,0.526118
8000.0,41.0,0.450582
8000.0,42.0,0.472657
8000.0,43.0,0.515809
8000.0,44.0,0.555349
8000.0,45.0,0.502102
8000.0,46.0,0.37585
8000.0,47.0,0.479074
8000.0,48.0,0.496098
8000.0,49.0,0.458033
8000.0,50.0,0.479366
8000.0,51.0,0.475413
8000.0,52.0,0.46623
8000.0,53.0,0.503041
8000.0,54.0,0.518395
8000.0,55.0,0.551943
8000.0,56.0,0.539714
8000.0,57.0,0.492434
8000.0,58.0,0.390965
8000.0,59.0,0.46506
8000.0,60.0,0.511761
8000.0,61.0,0.477098
8000.0,62.0,0.470464
8000.0,63.0,0.435284
8000.0,64.0,0.387538
8000.0,65.0,0.507094
8000.0,66.0,0.54667
8000.0,67.0,0.475902
8000.0,68.0,0.518647
8000.0,69.0,0.505226
8000.0,70.0,0.464681
8000.0,71.0,0.492509
8000.0,72.0,0.517037
8000.0,73.0,0.470885
8000.0,74.0,0.550942
8000.0,75.0,0.531236
8000.0,76.0,0.431711
8000.0,77.0,0.543744
8000.0,78.0,0.466599
8000.0,79.0,0.488195
8000.0,80.0,0.450467
8000.0,81.0,0.469207
8000.0,82.0,0.497262
8000.0,83.0,0.444153
8000.0,84.0,0.460376
8000.0,85.0,0.504509
8000.0,86.0,0.403214
8000.0,87.0,0.559666
8000.0,88.0,0.510885
8000.0,89.0,0.489525
8000.0,90.0,0.475529
8000.0,91.0,0.53689
8000.0,92.0,0.458002
8000.0,93.0,0.462848
8000.0,94.0,0.503175
8000.0,95.0,0.473598
8000.0,96.0,0.441698
8000.0,97.0,0.538496
8000.0,98.0,0.567247
8000.0,99.0,0.523898
8000.0,100.0,0.488454
8000.0,101.0,0.535848
8000.0,102.0,0.489961
8000.0,103.0,0.407769
8000.0,104.0,0.568422
8000.0,105.0,0.628876
8000.0,106.0,0.523415
8000.0,107.0,0.526269
8000.0,108.0,0.598304
8000.0,109.0,0.512178
8000.0,110.0,0.534399
8000.0,111.0,0.534611
8000.0,112.0,0.458194
8000.0,113.0,0.488405
8000.0,114.0,0.509503
8000.0,115.0,0.495822
8000.0,116.0,0.48964
8000.0,117.0,0.472169
8000.0,118.0,0.515632
8000.0,119.0,0.569701
8000.0,120.0,0.466717
8000.0,121.0,0.436823
8000.0,122.0,0.570995
8000.0,123.0,0.536911
8000.0,124.0,0.52283
8000.0,125.0,0.497794
8000.0,126.0,0.553214
8000.0,127.0,0.545283
8000.0,128.0,0.464111
8000.0,129.0,0.479077
8000.0,130.0,0.635533
8000.0,131.0,0.511296
8000.0,132.0,0.416753
8000.0,133.0,0.518931
8000.0,134.0,0.433003
8000.0,135.0,0.445971
8000.0,136.0,0.497582
8000.0,137.0,0.467087
8000.0,138.0,0.494091
8000.0,139.0,0.506512
8000.0,140.0,0.424673
8000.0,141.0,0.447922
8000.0,142.0,0.486611
8000.0,143.0,0.451543
8000.0,144.0,0.551562
8000.0,145.0,0.477667
8000.0,146.0,0.518159
8000.0,147.0,0.482656
8000.0,148.0,0.507262
8000.0,149.0,0.450094
8001.0,0.0,0.465744
8001.0,1.0,0.455625
8001.0,2.0,0.474218
8001.0,3.0,0.519991
8001.0,4.0,0.49144
8001.0,5.0,0.498633
8001.0,6.0,0.545962
8001.0,7.0,0.512474
8001.0,8.0,0.43981
8001.0,9.0,0.490787
8001.0,10.0,0.416114
8001.0,11.0,0.570666
8001.0,12.0,0.549743
8001.0,13.0,0.538494
8001.0,14.0,0.557985
8001.0,15.0,0.536397
8001.0,16.0,0.464608
8001.0,17.0,0.512546
8001.0,18.0,0.563776
8001.0,19.0,0.42594
8001.0,20.0,0.44962
8001.0,21.0,0.507198
8001.0,22.0,0.422183
8001.0,23.0,0.441331
8001.0,24.0,0.552727
8001.0,25.0,0.566867
8001.0,26.0,0.484895
8001.0,27.0,0.501822
8001.0,28.0,0.436961
8001.0,29.0,0.465489
8001.0,30.0,0.422656
8001.0,31.0,0.491276
8001.0,32.0,0.528214
8001.0,33.0,0.564264
8001.0,34.0,0.476787
8001.0,35.0,0.556139
8001.0,36.0,0.462032
8001.0,37.0,0.570091
8001.0,38.0,0.529785
8001.0,39.0,0.497919
8001.0,40.0,0.526243
8001.0,41.0,0.450321
8001.0,42.0,0.471708
8001.0,43.0,0.516011
8001.0,44.0,0.55579
8001.0,45.0,0.501951
8001.0,46.0,0.376166
8001.0,47.0,0.479082
8001.0,48.0,0.496381
8001.0,49.0,0.457968
8001.0,50.0,0.479163
8001.0,51.0,0.474915
8001.0,52.0,0.465262
8001.0,53.0,0.502386
8001.0,54.0,0.51844
8001.0,55.0,0.551025
8001.0,56.0,0.539474
8001.0,57.0,0.492446
8001.0,58.0,0.390636
8001.0,59.0,0.465183
8001.0,60.0,0.511385
8001.0,61.0,0.476469
8001.0,62.0,0.471315
8001.0,63.0,0.435477
8001.0,64.0,0.387376
8001.0,65.0,0.507267
8001.0,66.0,0.546607
8001.0,67.0,0.476225
8001.0,68.0,0.518858
8001.0,69.0,0.505707
8001.0,70.0,0.464091
8001.0,71.0,0.492411
8001.0,72.0,0.516999
8001.0,73.0,0.471162
8001.0,74.0,0.550168
8001.0,75.0,0.531157
8001.0,76.0,0.431559
8001.0,77.0,0.543651
8001.0,78.0,0.466114
8001.0,79.0,0.488236
8001.0,80.0,0.44911
8001.0,81.0,0.469487
8001.0,82.0,0.497302
8001.0,83.0,0.444169
8001.0,84.0,0.461418
8001.0,85.0,0.504269
8001.0,86.0,0.40335
8001.0,87.0,0.559514
8001.0,88.0,0.510586
8001.0,89.0,0.48939
8001.0,90.0,0.474718
8001.0,91.0,0.537055
8001.0,92.0,0.458272
8001.0,93.0,0.462169
8001.0,94.0,0.50322
8001.0,95.0,0.472655
8001.0,96.0,0.440943
8001.0,97.0,0.537389
8001.0,98.0,0.567132
8001.0,99.0,0.524789
8001.0,100.0,0.487723
8001.0,101.0,0.535643
8001.0,102.0,0.489358
8001.0,103.0,0.407625
8001.0,104.0,0.568028
8001.0,105.0,0.629284
8001.0,106.0,0.523547
8001.0,107.0,0.526746
8001.0,108.0,0.598284
8001.0,109.0,0.512663
8001.0,110.0,0.534836
8001.0,111.0,0.534646
8001.0,112.0,0.45857
8001.0,113.0,0.488355
8001.0,114.0,0.509483
8001.0,115.0,0.495964
8001.0,116.0,0.489754
8001.0,117.0,0.47201
8001.0,118.0,0.516294
8001.0,119.0,0.569056
8001.0,120.0,0.466899
8001.0,121.0,0.437048
8001.0,122.0,0.570964
8001.0,123.0,0.536289
8001.0,124.0,0.522732
8001.0,125.0,0.497262
8001.0,126.0,0.553262
8001.0,127.0,0.544495
8001.0,128.0,0.464758
8001.0,129.0,0.478833
8001.0,130.0,0.636117
8001.0,131.0,0.510609
8001.0,132.0,0.41655
8001.0,133.0,0.5189
8001.0,134.0,0.43231
8001.0,135.0,0.446434
8001.0,136.0,0.497819
8001.0,137.0,0.467397
8001.0,138.0,0.495135
8001.0,139.0,0.506089
8001.0,140.0,0.425396
8001.0,141.0,0.447896
8001.0,142.0,0.486572
8001.0,143.0,0.45106
8001.0,144.0,0.550963
8001.0,145.0,0.477053
8001.0,146.0,0.518022
8001.0,147.0,0.483119
8001.0,148.0,0.506806
8001.0,149.0,0.449382
8002.0,0.0,0.46584
8002.0,1.0,0.45564
8002.0,2.0,0.474673
8002.0,3.0,0.519475
8002.0,4.0,0.491777
8002.0,5.0,0.499488
8002.0,6.0,0.546914
8002.0,7.0,0.512799
8002.0,8.0,0.43986
8002.0,9.0,0.491541
8002.0,10.0,0.415942
8002.0,11.0,0.570441
8002.0,12.0,0.550077
8002.0,13.0,0.538461
8002.0,14.0,0.557703
8002.0,15.0,0.536971
8002.0,16.0,0.464343
8002.0,17.0,0.513029
8002.0,18.0,0.5636
8002.0,19.0,0.42597
8002.0,20.0,0.4504
8002.0,21.0,0.507132
8002.0,22.0,0.422472
8002.0,23.0,0.441086
8002.0,24.0,0.553173
8002.0,25.0,0.567215
8002.0,26.0,0.486614
8002.0,27.0,0.501333
8002.0,28.0,0.437394
8002.0,29.0,0.465327
8002.0,30.0,0.423134
8002.0,31.0,0.491334
8002.0,32.0,0.528694
8002.0,33.0,0.564138
8002.0,34.0,0.476165
8002.0,35.0,0.55642
8002.0,36.0,0.460413
8002.0,37.0,0.570369
8002.0,38.0,0.529854
8002.0,39.0,0.498435
8002.0,40.0,0.526601
8002.0,41.0,0.45152
8002.0,42.0,0.471196
8002.0,43.0,0.516628
8002.0,44.0,0.554798
8002.0,45.0,0.502214
8002.0,46.0,0.375295
8002.0,47.0,0.479309
8002.0,48.0,0.496322
8002.0,49.0,0.458146
8002.0,50.0,0.480089
8002.0,51.0,0.47515
8002.0,52.0,0.466011
8002.0,53.0,0.502337
8002.0,54.0,0.518409
8002.0,55.0,0.551707
8002.0,56.0,0.539441
8002.0,57.0,0.492111
8002.0,58.0,0.390486
8002.0,59.0,0.465156
8002.0,60.0,0.511973
8002.0,61.0,0.477595
8002.0,62.0,0.471244
8002.0,63.0,0.435198
8002.0,64.0,0.386639
8002.0,65.0,0.507621
8002.0,66.0,0.547685
8002.0,67.0,0.476415
8002.0,68.0,0.519037
8002.0,69.0,0.50598
8002.0,70.0,0.463315
8002.0,71.0,0.492959
8002.0,72.0,0.515644
8002.0,73.0,0.471487
8002.0,74.0,0.550139
8002.0,75.0,0.530878
8002.0,76.0,0.432123
8002.0,77.0,0.543204
8002.0,78.0,0.466743
8002.0,79.0,0.487162
8002.0,80.0,0.449216
8002.0,81.0,0.469601
8002.0,82.0,0.497376
8002.0,83.0,0.444026
8002.0,84.0,0.461243
8002.0,85.0,0.504977
8002.0,86.0,0.402931
8002.0,87.0,0.559756
8002.0,88.0,0.509591
8002.0,89.0,0.489282
8002.0,90.0,0.474279
8002.0,91.0,0.53599
8002.0,92.0,0.457924
8002.0,93.0,0.462626
8002.0,94.0,0.50311
8002.0,95.0,0.472181
8002.0,96.0,0.441544
8002.0,97.0,0.537292
8002.0,98.0,0.5671
8002.0,99.0,0.523928
8002.0,100.0,0.488272
8002.0,101.0,0.535405
8002.0,102.0,0.488745
8002.0,103.0,0.407544
8002.0,104.0,0.568234
8002.0,105.0,0.628418
8002.0,106.0,0.523577
8002.0,107.0,0.52628
8002.0,108.0,0.598525
8002.0,109.0,0.512786
8002.0,110.0,0.535483
8002.0,111.0,0.535259
8002.0,112.0,0.458323
8002.0,113.0,0.487658
8002.0,114.0,0.509405
8002.0,115.0,0.496199
8002.0,116.0,0.489713
8002.0,117.0,0.471406
8002.0,118.0,0.515922
8002.0,119.0,0.569014
8002.0,120.0,0.467094
8002.0,121.0,0.437134
8002.0,122.0,0.571334
8002.0,123.0,0.536138
8002.0,124.0,0.52275
8002.0,125.0,0.49749
8002.0,126.0,0.553741
8002.0,127.0,0.544617
8002.0,128.0,0.464821
8002.0,129.0,0.478258
8002.0,130.0,0.636287
8002.0,131.0,0.511194
8002.0,132.0,0.416528
8002.0,133.0,0.519092
8002.0,134.0,0.431917
8002.0,135.0,0.446063
8002.0,136.0,0.498048
8002.0,137.0,0.467523
8002.0,138.0,0.49528
8002.0,139.0,0.505762
8002.0,140.0,0.425786
8002.0,141.0,0.448953
8002.0,142.0,0.487301
8002.0,143.0,0.451393
8002.0,144.0,0.551077
8002.0,145.0,0.476153
8002.0,146.0,0.518232
8002.0,147.0,0.482333
8002.0,148.0,0.50674
8002.0,149.0,0.449408
8003.0,0.0,0.465764
8003.0,1.0,0.456701
8003.0,2.0,0.474633
8003.0,3.0,0.519758
8003.0,4.0,0.490918
8003.0,5.0,0.499005
8003.0,6.0,0.546994
8003.0,7.0,0.513545
8003.0,8.0,0.440036
8003.0,9.0,0.491488
8003.0,10.0,0.416075
8003.0,11.0,0.570448
8003.0,12.0,0.54987
8003.0,13.0,0.538425
8003.0,14.0,0.558685
8003.0,15.0,0.537093
8003.0,16.0,0.463885
8003.0,17.0,0.51298
8003.0,18.0,0.564155
8003.0,19.0,0.426048
8003.0,20.0,0.450492
8003.0,21.0,0.507148
8003.0,22.0,0.422263
8003.0,23.0,0.44184
8003.0,24.0,0.553421
8003.0,25.0,0.566384
8003.0,26.0,0.486771
8003.0,27.0,0.50128
8003.0,28.0,0.437874
8003.0,29.0,0.46582
8003.0,30.0,0.423519
8003.0,31.0,0.490715
8003.0,32.0,0.52975
8003.0,33.0,0.563489
8003.0,34.0,0.476033
8003.0,35.0,0.556617
8003.0,36.0,0.460768
8003.0,37.0,0.570561
8003.0,38.0,0.529879
8003.0,39.0,0.497517
8003.0,40.0,0.52536
8003.0,41.0,0.450981
8003.0,42.0,0.470672
8003.0,43.0,0.516542
8003.0,44.0,0.554471
8003.0,45.0,0.50241
8003.0,46.0,0.374776
8003.0,47.0,0.479675
8003.0,48.0,0.496369
8003.0,49.0,0.45742
8003.0,50.0,0.479292
8003.0,51.0,0.475076
8003.0,52.0,0.465966
8003.0,53.0,0.502103
8003.0,54.0,0.517864
8003.0,55.0,0.551123
8003.0,56.0,0.540553
8003.0,57.0,0.493191
8003.0,58.0,0.390442
8003.0,59.0,0.465146
8003.0,60.0,0.512506
8003.0,61.0,0.477009
8003.0,62.0,0.47153
8003.0,63.0,0.435621
8003.0,64.0,0.386568
8003.0,65.0,0.506591
8003.0,66.0,0.547201
8003.0,67.0,0.475546
8003.0,68.0,0.518683
8003.0,69.0,0.505532
8003.0,70.0,0.463794
8003.0,71.0,0.493561
8003.0,72.0,0.516213
8003.0,73.0,0.472057
8003.0,74.0,0.549691
8003.0,75.0,0.530332
8003.0,76.0,0.431784
8003.0,77.0,0.543355
8003.0,78.0,0.466764
8003.0,79.0,0.486672
8003.0,80.0,0.449202
8003.0,81.0,0.470305
8003.0,82.0,0.497941
8003.0,83.0,0.443919
8003.0,84.0,0.460939
8003.0,85.0,0.50516
8003.0,86.0,0.40357
8003.0,87.0,0.55924
8003.0,88.0,0.509874
8003.0,89.0,0.489695
8003.0,90.0,0.474426
8003.0,91.0,0.535783
8003.0,92.0,0.457634
8003.0,93.0,0.462506
8003.0,94.0,0.502824
8003.0,95.0,0.472096
8003.0,96.0,0.441787
8003.0,97.0,0.536884
8003.0,98.0,0.567127
8003.0,99.0,0.524323
8003.0,100.0,0.487994
8003.0,101.0,0.536754
8003.0,102.0,0.489227
8003.0,103.0,0.408562
8003.0,104.0,0.56816
8003.0,105.0,0.627799
8003.0,106.0,0.52343
8003.0,107.0,0.52595
8003.0,108.0,0.598498
8003.0,109.0,0.512757
8003.0,110.0,0.535889
8003.0,111.0,0.535806
8003.0,112.0,0.458076
8003.0,113.0,0.488302
8003.0,114.0,0.50913
8003.0,115.0,0.495798
8003.0,116.0,0.489466
8003.0,117.0,0.471254
8003.0,118.0,0.516048
8003.0,119.0,0.569425
8003.0,120.0,0.46623
8003.0,121.0,0.43708
8003.0,122.0,0.57174
8003.0,123.0,0.536269
8003.0,124.0,0.522584
8003.0,125.0,0.497959
8003.0,126.0,0.554447
8003.0,127.0,0.544428
8003.0,128.0,0.46424
8003.0,129.0,0.477964
8003.0,130.0,0.637223
8003.0,131.0,0.511304
8003.0,132.0,0.416153
8003.0,133.0,0.519661
8003.0,134.0,0.431768
8003.0,135.0,0.446349
8003.0,136.0,0.498676
8003.0,137.0,0.466917
8003.0,138.0,0.495283
8003.0,139.0,0.506808
8003.0,140.0,0.426109
8003.0,141.0,0.449198
8003.0,142.0,0.48787
8003.0,143.0,0.451354
8003.0,144.0,0.55065
8003.0,145.0,0.476925
8003.0,146.0,0.517898
8003.0,147.0,0.481858
8003.0,148.0,0.506652
8003.0,149.0,0.449345
8004.0,0.0,0.465594
8004.0,1.0,0.457249
8004.0,2.0,0.476112
8004.0,3.0,0.520523
8004.0,4.0,0.490735
8004.0,5.0,0.498968
8004.0,6.0,0.547869
8004.0,7.0,0.512602
8004.0,8.0,0.440726
8004.0,9.0,0.4916
8004.0,10.0,0.4164
8004.0,11.0,0.570445
8004.0,12.0,0.549728
8004.0,13.0,0.538212
8004.0,14.0,0.557887
8004.0,15.0,0.53746
8004.0,16.0,0.46445
8004.0,17.0,0.511932
8004.0,18.0,0.563723
8004.0,19.0,0.426157
8004.0,20.0,0.450808
8004.0,21.0,0.507849
8004.0,22.0,0.42248
8004.0,23.0,0.441625
8004.0,24.0,0.55335
8004.0,25.0,0.566172
8004.0,26.0,0.48683
8004.0,27.0,0.501574
8004.0,28.0,0.438315
8004.0,29.0,0.465441
8004.0,30.0,0.422902
8004.0,31.0,0.490873
8004.0,32.0,0.530234
8004.0,33.0,0.564
8004.0,34.0,0.47632
8004.0,35.0,0.557038
8004.0,36.0,0.46149
8004.0,37.0,0.570447
8004.0,38.0,0.530082
8004.0,39.0,0.497297
8004.0,40.0,0.526623
8004.0,41.0,0.451948
8004.0,42.0,0.472087
8004.0,43.0,0.516819
8004.0,44.0,0.555308
8004.0,45.0,0.502669
8004.0,46.0,0.374791
8004.0,47.0,0.47993
8004.0,48.0,0.496011
8004.0,49.0,0.458123
8004.0,50.0,0.478455
8004.0,51.0,0.475657
8004.0,52.0,0.465476
8004.0,53.0,0.502085
8004.0,54.0,0.518332
8004.0,55.0,0.550411
8004.0,56.0,0.54099
8004.0,57.0,0.493239
8004.0,58.0,0.390516
8004.0,59.0,0.466269
8004.0,60.0,0.512488
8004.0,61.0,0.476767
8004.0,62.0,0.472783
8004.0,63.0,0.435554
8004.0,64.0,0.38652
8004.0,65.0,0.506596
8004.0,66.0,0.547721
8004.0,67.0,0.475976
8004.0,68.0,0.51961
8004.0,69.0,0.504773
8004.0,70.0,0.464157
8004.0,71.0,0.494145
8004.0,72.0,0.515765
8004.0,73.0,0.471734
8004.0,74.0,0.550049
8004.0,75.0,0.53042
8004.0,76.0,0.432157
8004.0,77.0,0.543731
8004.0,78.0,0.466528
8004.0,79.0,0.487142
8004.0,80.0,0.449374
8004.0,81.0,0.469637
8004.0,82.0,0.496725
8004.0,83.0,0.444502
8004.0,84.0,0.460062
8004.0,85.0,0.505772
8004.0,86.0,0.403983
8004.0,87.0,0.558865
8004.0,88.0,0.511101
8004.0,89.0,0.48997
8004.0,90.0,0.473673
8004.0,91.0,0.536184
8004.0,92.0,0.457672
8004.0,93.0,0.462518
8004.0,94.0,0.503229
8004.0,95.0,0.472658
8004.0,96.0,0.442812
8004.0,97.0,0.536218
8004.0,98.0,0.566919
8004.0,99.0,0.524134
8004.0,100.0,0.488404
8004.0,101.0,0.53741
8004.0,102.0,0.489489
8004.0,103.0,0.408122
8004.0,104.0,0.568048
8004.0,105.0,0.627873
8004.0,106.0,0.52276
8004.0,107.0,0.524941
8004.0,108.0,0.598928
8004.0,109.0,0.512788
8004.0,110.0,0.535495
8004.0,111.0,0.536101
8004.0,112.0,0.458401
8004.0,113.0,0.48838
8004.0,114.0,0.510706
8004.0,115.0,0.496075
8004.0,116.0,0.489655
8004.0,117.0,0.470727
8004.0,118.0,0.516083
8004.0,119.0,0.569174
8004.0,120.0,0.465787
8004.0,121.0,0.437514
8004.0,122.0,0.571096
8004.0,123.0,0.535874
8004.0,124.0,0.523066
8004.0,125.0,0.498397
8004.0,126.0,0.554527
8004.0,127.0,0.545195
8004.0,128.0,0.464164
8004.0,129.0,0.478485
8004.0,130.0,0.636179
8004.0,131.0,0.511319
8004.0,132.0,0.415752
8004.0,133.0,0.519969
8004.0,134.0,0.432122
8004.0,135.0,0.44583
8004.0,136.0,0.498681
8004.0,137.0,0.466942
8004.0,138.0,0.496069
8004.0,139.0,0.5073
8004.0,140.0,0.425999
8004.0,141.0,0.449438
8004.0,142.0,0.487378
8004.0,143.0,0.451315
8004.0,144.0,0.550566
8004.0,145.0,0.477526
8004.0,146.0,0.517672
8004.0,147.0,0.481935
8004.0,148.0,0.506635
8004.0,149.0,0.448604
8005.0,0.0,0.465584
8005.0,1.0,0.456733
8005.0,2.0,0.476123
8005.0,3.0,0.520521
8005.0,4.0,0.490618
8005.0,5.0,0.499197
8005.0,6.0,0.547075
8005.0,7.0,0.512428
8005.0,8.0,0.441282
8005.0,9.0,0.491262
8005.0,10.0,0.415785
8005.0,11.0,0.570577
8005.0,12.0,0.549364
8005.0,13.0,0.538201
8005.0,14.0,0.558043
8005.0,15.0,0.537667
8005.0,16.0,0.46466
8005.0,17.0,0.511828
8005.0,18.0,0.564191
8005.0,19.0,0.426733
8005.0,20.0,0.450883
8005.0,21.0,0.507014
8005.0,22.0,0.422125
8005.0,23.0,0.441365
8005.0,24.0,0.554127
8005.0,25.0,0.566753
8005.0,26.0,0.485931
8005.0,27.0,0.501711
8005.0,28.0,0.438165
8005.0,29.0,0.465579
8005.0,30.0,0.423195
8005.0,31.0,0.49157
8005.0,32.0,0.530827
8005.0,33.0,0.564235
8005.0,34.0,0.475523
8005.0,35.0,0.556907
8005.0,36.0,0.462246
8005.0,37.0,0.570339
8005.0,38.0,0.530004
8005.0,39.0,0.497313
8005.0,40.0,0.526128
8005.0,41.0,0.451652
8005.0,42.0,0.471917
8005.0,43.0,0.516777
8005.0,44.0,0.555407
8005.0,45.0,0.502973
8005.0,46.0,0.375101
8005.0,47.0,0.478989
8005.0,48.0,0.496102
8005.0,49.0,0.45793
8005.0,50.0,0.47862
8005.0,51.0,0.476086
8005.0,52.0,0.464776
8005.0,53.0,0.501414
8005.0,54.0,0.518904
8005.0,55.0,0.550702
8005.0,56.0,0.540179
8005.0,57.0,0.49231
8005.0,58.0,0.390214
8005.0,59.0,0.466516
8005.0,60.0,0.512098
8005.0,61.0,0.476822
8005.0,62.0,0.471845
8005.0,63.0,0.435229
8005.0,64.0,0.386353
8005.0,65.0,0.506326
8005.0,66.0,0.54806
8005.0,67.0,0.475977
8005.0,68.0,0.52011
8005.0,69.0,0.505456
8005.0,70.0,0.464415
8005.0,71.0,0.493703
8005.0,72.0,0.515484
8005.0,73.0,0.472234
8005.0,74.0,0.550144
8005.0,75.0,0.530469
8005.0,76.0,0.431966
8005.0,77.0,0.543517
8005.0,78.0,0.46697
8005.0,79.0,0.487285
8005.0,80.0,0.449468
8005.0,81.0,0.470012
8005.0,82.0,0.497424
8005.0,83.0,0.443955
8005.0,84.0,0.460333
8005.0,85.0,0.505532
8005.0,86.0,0.403823
8005.0,87.0,0.558899
8005.0,88.0,0.510523
8005.0,89.0,0.489592
8005.0,90.0,0.474434
8005.0,91.0,0.536372
8005.0,92.0,0.458161
8005.0,93.0,0.462769
8005.0,94.0,0.503269
8005.0,95.0,0.472642
8005.0,96.0,0.443625
8005.0,97.0,0.535763
8005.0,98.0,0.566474
8005.0,99.0,0.524285
8005.0,100.0,0.489384
8005.0,101.0,0.536972
8005.0,102.0,0.49019
8005.0,103.0,0.407574
8005.0,104.0,0.567866
8005.0,105.0,0.627656
8005.0,106.0,0.52241
8005.0,107.0,0.524378
8005.0,108.0,0.598947
8005.0,109.0,0.512667
8005.0,110.0,0.535244
8005.0,111.0,0.536507
8005.0,112.0,0.458447
8005.0,113.0,0.487985
8005.0,114.0,0.510568
8005.0,115.0,0.496116
8005.0,116.0,0.489559
8005.0,117.0,0.470984
8005.0,118.0,0.516573
8005.0,119.0,0.569388
8005.0,120.0,0.466184
8005.0,121.0,0.437659
8005.0,122.0,0.571249
8005.0,123.0,0.535764
8005.0,124.0,0.522632
8005.0,125.0,0.497814
8005.0,126.0,0.553684
8005.0,127.0,0.544906
8005.0,128.0,0.46384
8005.0,129.0,0.478906
8005.0,130.0,0.637031
8005.0,131.0,0.5112
8005.0,132.0,0.415626
8005.0,133.0,0.520286
8005.0,134.0,0.43246
8005.0,135.0,0.446038
8005.0,136.0,0.498877
8005.0,137.0,0.467523
8005.0,138.0,0.496389
8005.0,139.0,0.507102
8005.0,140.0,0.425385
8005.0,141.0,0.449859
8005.0,142.0,0.487097
8005.0,143.0,0.451194
8005.0,144.0,0.550834
8005.0,145.0,0.477065
8005.0,146.0,0.517869
8005.0,147.0,0.481568
8005.0,148.0,0.507052
8005.0,149.0,0.44734
8006.0,0.0,0.465675
8006.0,1.0,0.45745
8006.0,2.0,0.476429
8006.0,3.0,0.521063
8006.0,4.0,0.491434
8006.0,5.0,0.499369
8006.0,6.0,0.546441
8006.0,7.0,0.511297
8006.0,8.0,0.44149
8006.0,9.0,0.491282
8006.0,10.0,0.415507
8006.0,11.0,0.570786
8006.0,12.0,0.549354
8006.0,13.0,0.537962
8006.0,14.0,0.557426
8006.0,15.0,0.537924
8006.0,16.0,0.465472
8006.0,17.0,0.511324
8006.0,18.0,0.564445
8006.0,19.0,0.427251
8006.0,20.0,0.450679
8006.0,21.0,0.507378
8006.0,22.0,0.422298
8006.0,23.0,0.441084
8006.0,24.0,0.553599
8006.0,25.0,0.566548
8006.0,26.0,0.486356
8006.0,27.0,0.502585
8006.0,28.0,0.437925
8006.0,29.0,0.46593
8006.0,30.0,0.422695
8006.0,31.0,0.491555
8006.0,32.0,0.530501
8006.0,33.0,0.56385
8006.0,34.0,0.475425
8006.0,35.0,0.55645
8006.0,36.0,0.46203
8006.0,37.0,0.570386
8006.0,38.0,0.529196
8006.0,39.0,0.497771
8006.0,40.0,0.525853
8006.0,41.0,0.451951
8006.0,42.0,0.471583
8006.0,43.0,0.517452
8006.0,44.0,0.555033
8006.0,45.0,0.503271
8006.0,46.0,0.375144
8006.0,47.0,0.479353
8006.0,48.0,0.496243
8006.0,49.0,0.457953
8006.0,50.0,0.479014
8006.0,51.0,0.475988
8006.0,52.0,0.464558
8006.0,53.0,0.501292
8006.0,54.0,0.518906
8006.0,55.0,0.551269
8006.0,56.0,0.540466
8006.0,57.0,0.492646
8006.0,58.0,0.390657
8006.0,59.0,0.466204
8006.0,60.0,0.511961
8006.0,61.0,0.478272
8006.0,62.0,0.471837
8006.0,63.0,0.43497
8006.0,64.0,0.386266
8006.0,65.0,0.506319
8006.0,66.0,0.548851
8006.0,67.0,0.475709
8006.0,68.0,0.519757
8006.0,69.0,0.505563
8006.0,70.0,0.463627
8006.0,71.0,0.493662
8006.0,72.0,0.515703
8006.0,73.0,0.472346
8006.0,74.0,0.550541
8006.0,75.0,0.531398
8006.0,76.0,0.431725
8006.0,77.0,0.543467
8006.0,78.0,0.466102
8006.0,79.0,0.487712
8006.0,80.0,0.448908
8006.0,81.0,0.471256
8006.0,82.0,0.497616
8006.0,83.0,0.443934
8006.0,84.0,0.459775
8006.0,85.0,0.505927
8006.0,86.0,0.403215
8006.0,87.0,0.559274
8006.0,88.0,0.5109
8006.0,89.0,0.489764
8006.0,90.0,0.474865
8006.0,91.0,0.53739
8006.0,92.0,0.459138
8006.0,93.0,0.462403
8006.0,94.0,0.504196
8006.0,95.0,0.473038
8006.0,96.0,0.443709
8006.0,97.0,0.535473
8006.0,98.0,0.566608
8006.0,99.0,0.524395
8006.0,100.0,0.489664
8006.0,101.0,0.53731
8006.0,102.0,0.489591
8006.0,103.0,0.407511
8006.0,104.0,0.567344
8006.0,105.0,0.627846
8006.0,106.0,0.522405
8006.0,107.0,0.524339
8006.0,108.0,0.599263
8006.0,109.0,0.512856
8006.0,110.0,0.536012
8006.0,111.0,0.537109
8006.0,112.0,0.458075
8006.0,113.0,0.488229
8006.0,114.0,0.510499
8006.0,115.0,0.496189
8006.0,116.0,0.48997
8006.0,117.0,0.470902
8006.0,118.0,0.516251
8006.0,119.0,0.569211
8006.0,120.0,0.465726
8006.0,121.0,0.438135
8006.0,122.0,0.57055
8006.0,123.0,0.53532
8006.0,124.0,0.523304
8006.0,125.0,0.498219
8006.0,126.0,0.554884
8006.0,127.0,0.544468
8006.0,128.0,0.46369
8006.0,129.0,0.478815
8006.0,130.0,0.637427
8006.0,131.0,0.511339
8006.0,132.0,0.416062
8006.0,133.0,0.519935
8006.0,134.0,0.432516
8006.0,135.0,0.4452
8006.0,136.0,0.498614
8006.0,137.0,0.467475
8006.0,138.0,0.496835
8006.0,139.0,0.507392
8006.0,140.0,0.425801
8006.0,141.0,0.449404
8006.0,142.0,0.487417
8006.0,143.0,0.452167
8006.0,144.0,0.550941
8006.0,145.0,0.476621
8006.0,146.0,0.517947
8006.0,147.0,0.481999
8006.0,148.0,0.506916
8006.0,149.0,0.44724
8007.0,0.0,0.464779
8007.0,1.0,0.457522
8007.0,2.0,0.476533
8007.0,3.0,0.521074
8007.0,4.0,0.491189
8007.0,5.0,0.498476
8007.0,6.0,0.547162
8007.0,7.0,0.510999
8007.0,8.0,0.441731
8007.0,9.0,0.492032
8007.0,10.0,0.414673
8007.0,11.0,0.5705
8007.0,12.0,0.548195
8007.0,13.0,0.53716
8007.0,14.0,0.556706
8007.0,15.0,0.537573
8007.0,16.0,0.465858
8007.0,17.0,0.510437
8007.0,18.0,0.564927
8007.0,19.0,0.426895
8007.0,20.0,0.45093
8007.0,21.0,0.507059
8007.0,22.0,0.422623
8007.0,23.0,0.441066
8007.0,24.0,0.553747
8007.0,25.0,0.567014
8007.0,26.0,0.486398
8007.0,27.0,0.502711
8007.0,28.0,0.439312
8007.0,29.0,0.465286
8007.0,30.0,0.42304
8007.0,31.0,0.490812
8007.0,32.0,0.531313
8007.0,33.0,0.563193
8007.0,34.0,0.475331
8007.0,35.0,0.556422
8007.0,36.0,0.461551
8007.0,37.0,0.57018
8007.0,38.0,0.52825
8007.0,39.0,0.498123
8007.0,40.0,0.525593
8007.0,41.0,0.452493
8007.0,42.0,0.471863
8007.0,43.0,0.517058
8007.0,44.0,0.555985
8007.0,45.0,0.502899
8007.0,46.0,0.374871
8007.0,47.0,0.479251
8007.0,48.0,0.496941
8007.0,49.0,0.457847
8007.0,50.0,0.479414
8007.0,51.0,0.475948
8007.0,52.0,0.465001
8007.0,53.0,0.501141
8007.0,54.0,0.51763
8007.0,55.0,0.551378
8007.0,56.0,0.540453
8007.0,57.0,0.492674
8007.0,58.0,0.390803
8007.0,59.0,0.466235
8007.0,60.0,0.512145
8007.0,61.0,0.477706
8007.0,62.0,0.471809
8007.0,63.0,0.434895
8007.0,64.0,0.386558
8007.0,65.0,0.506421
8007.0,66.0,0.549119
8007.0,67.0,0.475766
8007.0,68.0,0.520228
8007.0,69.0,0.505684
8007.0,70.0,0.464041
8007.0,71.0,0.49415
8007.0,72.0,0.515796
8007.0,73.0,0.471936
8007.0,74.0,0.551247
8007.0,75.0,0.531852
8007.0,76.0,0.431988
8007.0,77.0,0.543453
8007.0,78.0,0.465965
8007.0,79.0,0.48821
8007.0,80.0,0.448707
8007.0,81.0,0.471656
8007.0,82.0,0.498354
8007.0,83.0,0.444767
8007.0,84.0,0.460373
8007.0,85.0,0.505674
8007.0,86.0,0.403034
8007.0,87.0,0.559841
8007.0,88.0,0.510137
8007.0,89.0,0.490378
8007.0,90.0,0.474385
8007.0,91.0,0.537702
8007.0,92.0,0.4591
8007.0,93.0,0.462513
8007.0,94.0,0.505593
8007.0,95.0,0.472818
8007.0,96.0,0.443468
8007.0,97.0,0.534471
8007.0,98.0,0.56639
8007.0,99.0,0.523657
8007.0,100.0,0.488956
8007.0,101.0,0.537458
8007.0,102.0,0.488927
8007.0,103.0,0.407809
8007.0,104.0,0.567617
8007.0,105.0,0.627776
8007.0,106.0,0.52304
8007.0,107.0,0.524518
8007.0,108.0,0.599416
8007.0,109.0,0.513394
8007.0,110.0,0.536263
8007.0,111.0,0.53653
8007.0,112.0,0.458474
8007.0,113.0,0.488507
8007.0,114.0,0.511076
8007.0,115.0,0.496056
8007.0,116.0,0.490472
8007.0,117.0,0.470862
8007.0,118.0,0.515828
8007.0,119.0,0.569323
8007.0,120.0,0.465821
8007.0,121.0,0.438493
8007.0,122.0,0.571759
8007.0,123.0,0.53559
8007.0,124.0,0.523154
8007.0,125.0,0.498953
8007.0,126.0,0.554915
8007.0,127.0,0.543936
8007.0,128.0,0.464351
8007.0,129.0,0.47922
8007.0,130.0,0.637651
8007.0,131.0,0.511005
8007.0,132.0,0.416823
8007.0,133.0,0.519665
8007.0,134.0,0.43259
8007.0,135.0,0.445748
8007.0,136.0,0.498194
8007.0,137.0,0.467375
8007.0,138.0,0.497012
8007.0,139.0,0.507656
8007.0,140.0,0.426203
8007.0,141.0,0.449777
8007.0,142.0,0.486925
8007.0,143.0,0.451989
8007.0,144.0,0.550616
8007.0,145.0,0.475687
8007.0,146.0,0.517895
8007.0,147.0,0.482134
8007.0,148.0,0.50723
8007.0,149.0,0.447751
8008.0,0.0,0.464597
8008.0,1.0,0.458456
8008.0,2.0,0.476847
8008.0,3.0,0.521751
8008.0,4.0,0.490499
8008.0,5.0,0.498449
8008.0,6.0,0.54706
8008.0,7.0,0.510829
8008.0,8.0,0.440931
8008.0,9.0,0.49093
8008.0,10.0,0.414976
8008.0,11.0,0.57057
8008.0,12.0,0.548044
8008.0,13.0,0.536534
8008.0,14.0,0.557102
8008.0,15.0,0.538363
8008.0,16.0,0.466725
8008.0,17.0,0.510021
8008.0,18.0,0.563742
8008.0,19.0,0.426974
8008.0,20.0,0.450995
8008.0,21.0,0.506143
8008.0,22.0,0.421837
8008.0,23.0,0.440986
8008.0,24.0,0.554206
8008.0,25.0,0.567667
8008.0,26.0,0.486575
8008.0,27.0,0.5037
8008.0,28.0,0.439329
8008.0,29.0,0.466509
8008.0,30.0,0.423317
8008.0,31.0,0.491205
8008.0,32.0,0.53124
8008.0,33.0,0.562699
8008.0,34.0,0.475083
8008.0,35.0,0.556291
8008.0,36.0,0.460829
8008.0,37.0,0.570441
8008.0,38.0,0.528044
8008.0,39.0,0.497486
8008.0,40.0,0.525765
8008.0,41.0,0.451723
8008.0,42.0,0.472489
8008.0,43.0,0.517251
8008.0,44.0,0.555993
8008.0,45.0,0.503717
8008.0,46.0,0.374617
8008.0,47.0,0.47938
8008.0,48.0,0.496372
8008.0,49.0,0.458313
8008.0,50.0,0.47969
8008.0,51.0,0.476067
8008.0,52.0,0.464268
8008.0,53.0,0.501353
8008.0,54.0,0.517649
8008.0,55.0,0.551467
8008.0,56.0,0.540188
8008.0,57.0,0.49203
8008.0,58.0,0.389694
8008.0,59.0,0.466674
8008.0,60.0,0.51265
8008.0,61.0,0.478045
8008.0,62.0,0.471632
8008.0,63.0,0.434964
8008.0,64.0,0.386049
8008.0,65.0,0.506676
8008.0,66.0,0.549305
8008.0,67.0,0.475842
8008.0,68.0,0.52014
8008.0,69.0,0.506315
8008.0,70.0,0.464192
8008.0,71.0,0.494109
8008.0,72.0,0.515347
8008.0,73.0,0.472584
8008.0,74.0,0.550895
8008.0,75.0,0.53176
8008.0,76.0,0.432074
8008.0,77.0,0.543103
8008.0,78.0,0.465736
8008.0,79.0,0.487491
8008.0,80.0,0.448558
8008.0,81.0,0.471672
8008.0,82.0,0.499237
8008.0,83.0,0.445101
8008.0,84.0,0.460882
8008.0,85.0,0.505682
8008.0,86.0,0.403331
8008.0,87.0,0.560155
8008.0,88.0,0.510062
8008.0,89.0,0.490854
8008.0,90.0,0.474129
8008.0,91.0,0.536555
8008.0,92.0,0.459707
8008.0,93.0,0.462608
8008.0,94.0,0.505616
8008.0,95.0,0.473585
8008.0,96.0,0.443965
8008.0,97.0,0.535707
8008.0,98.0,0.565665
8008.0,99.0,0.523444
8008.0,100.0,0.488777
8008.0,101.0,0.537141
8008.0,102.0,0.489274
8008.0,103.0,0.407474
8008.0,104.0,0.567284
8008.0,105.0,0.627596
8008.0,106.0,0.523298
8008.0,107.0,0.52506
8008.0,108.0,0.599637
8008.0,109.0,0.51388
8008.0,110.0,0.536572
8008.0,111.0,0.537497
8008.0,112.0,0.459299
8008.0,113.0,0.488209
8008.0,114.0,0.509978
8008.0,115.0,0.496157
8008.0,116.0,0.490262
8008.0,117.0,0.469908
8008.0,118.0,0.514911
8008.0,119.0,0.569262
8008.0,120.0,0.465941
8008.0,121.0,0.437776
8008.0,122.0,0.572175
8008.0,123.0,0.535012
8008.0,124.0,0.523128
8008.0,125.0,0.498532
8008.0,126.0,0.554562
8008.0,127.0,0.543738
8008.0,128.0,0.463934
8008.0,129.0,0.47937
8008.0,130.0,0.637212
8008.0,131.0,0.510876
8008.0,132.0,0.416239
8008.0,133.0,0.519718
8008.0,134.0,0.432527
8008.0,135.0,0.446132
8008.0,136.0,0.498102
8008.0,137.0,0.466653
8008.0,138.0,0.496802
8008.0,139.0,0.507302
8008.0,140.0,0.426417
8008.0,141.0,0.449716
8008.0,142.0,0.487129
8008.0,143.0,0.452051
8008.0,144.0,0.550546
8008.0,145.0,0.475239
8008.0,146.0,0.519268
8008.0,147.0,0.482255
8008.0,148.0,0.507222
8008.0,149.0,0.448563
8009.0,0.0,0.463922
8009.0,1.0,0.458111
8009.0,2.0,0.477413
8009.0,3.0,0.522029
8009.0,4.0,0.491295
8009.0,5.0,0.49752
8009.0,6.0,0.547163
8009.0,7.0,0.510705
8009.0,8.0,0.441228
8009.0,9.0,0.490911
8009.0,10.0,0.414501
8009.0,11.0,0.570623
8009.0,12.0,0.54701
8009.0,13.0,0.536718
8009.0,14.0,0.557579
8009.0,15.0,0.538443
8009.0,16.0,0.466795
8009.0,17.0,0.509429
8009.0,18.0,0.56368
8009.0,19.0,0.427122
8009.0,20.0,0.451362
8009.0,21.0,0.506356
8009.0,22.0,0.420617
8009.0,23.0,0.442212
8009.0,24.0,0.554547
8009.0,25.0,0.567197
8009.0,26.0,0.486757
8009.0,27.0,0.504113
8009.0,28.0,0.439476
8009.0,29.0,0.466532
8009.0,30.0,0.423064
8009.0,31.0,0.491122
8009.0,32.0,0.531473
8009.0,33.0,0.562161
8009.0,34.0,0.475719
8009.0,35.0,0.555783
8009.0,36.0,0.460718
8009.0,37.0,0.570929
8009.0,38.0,0.528459
8009.0,39.0,0.497005
8009.0,40.0,0.526713
8009.0,41.0,0.45065
8009.0,42.0,0.472074
8009.0,43.0,0.516351
8009.0,44.0,0.556261
8009.0,45.0,0.503531
8009.0,46.0,0.374972
8009.0,47.0,0.479758
8009.0,48.0,0.496261
8009.0,49.0,0.458456
8009.0,50.0,0.478872
8009.0,51.0,0.475852
8009.0,52.0,0.463916
8009.0,53.0,0.50208
8009.0,54.0,0.517544
8009.0,55.0,0.551882
8009.0,56.0,0.54024
8009.0,57.0,0.491902
8009.0,58.0,0.38972
8009.0,59.0,0.466321
8009.0,60.0,0.511786
8009.0,61.0,0.478451
8009.0,62.0,0.471968
8009.0,63.0,0.434693
8009.0,64.0,0.386115
8009.0,65.0,0.507063
8009.0,66.0,0.548923
8009.0,67.0,0.475798
8009.0,68.0,0.520775
8009.0,69.0,0.50659
8009.0,70.0,0.46403
8009.0,71.0,0.493577
8009.0,72.0,0.515562
8009.0,73.0,0.473125
8009.0,74.0,0.551336
8009.0,75.0,0.531545
8009.0,76.0,0.431696
8009.0,77.0,0.543612
8009.0,78.0,0.465898
8009.0,79.0,0.487186
8009.0,80.0,0.449259
8009.0,81.0,0.471754
8009.0,82.0,0.499454
8009.0,83.0,0.446017
8009.0,84.0,0.461146
8009.0,85.0,0.505265
8009.0,86.0,0.403111
8009.0,87.0,0.561297
8009.0,88.0,0.50939
8009.0,89.0,0.49131
8009.0,90.0,0.473725
8009.0,91.0,0.536997
8009.0,92.0,0.459684
8009.0,93.0,0.461915
8009.0,94.0,0.505622
8009.0,95.0,0.474261
8009.0,96.0,0.443535
8009.0,97.0,0.536837
8009.0,98.0,0.56527
8009.0,99.0,0.523322
8009.0,100.0,0.488282
8009.0,101.0,0.537193
8009.0,102.0,0.488479
8009.0,103.0,0.407955
8009.0,104.0,0.566721
8009.0,105.0,0.627493
8009.0,106.0,0.523867
8009.0,107.0,0.524868
8009.0,108.0,0.600118
8009.0,109.0,0.513098
8009.0,110.0,0.535804
8009.0,111.0,0.537952
8009.0,112.0,0.458232
8009.0,113.0,0.48803
8009.0,114.0,0.509783
8009.0,115.0,0.496096
8009.0,116.0,0.489599
8009.0,117.0,0.469812
8009.0,118.0,0.514007
8009.0,119.0,0.568859
8009.0,120.0,0.466655
8009.0,121.0,0.437602
8009.0,122.0,0.571595
8009.0,123.0,0.534686
8009.0,124.0,0.523883
8009.0,125.0,0.497529
8009.0,126.0,0.554199
8009.0,127.0,0.542837
8009.0,128.0,0.463775
8009.0,129.0,0.479697
8009.0,130.0,0.636797
8009.0,131.0,0.510452
8009.0,132.0,0.416246
8009.0,133.0,0.520113
8009.0,134.0,0.433157
8009.0,135.0,0.445486
8009.0,136.0,0.49779
8009.0,137.0,0.466533
8009.0,138.0,0.496705
8009.0,139.0,0.507295
8009.0,140.0,0.426165
8009.0,141.0,0.449774
8009.0,142.0,0.488279
8009.0,143.0,0.451664
8009.0,144.0,0.550646
8009.0,145.0,0.47514
8009.0,146.0,0.518713
8009.0,147.0,0.483257
8009.0,148.0,0.50709
8009.0,149.0,0.448803
8010.0,0.0,0.464238
8010.0,1.0,0.457228
8010.0,2.0,0.477239
8010.0,3.0,0.52167
8010.0,4.0,0.490742
8010.0,5.0,0.49746
8010.0,6.0,0.545963
8010.0,7.0,0.510234
8010.0,8.0,0.441032
8010.0,9.0,0.490249
8010.0,10.0,0.414768
8010.0,11.0,0.570585
8010.0,12.0,0.546211
8010.0,13.0,0.537431
8010.0,14.0,0.557744
8010.0,15.0,0.538227
8010.0,16.0,0.466245
8010.0,17.0,0.509572
8010.0,18.0,0.564005
8010.0,19.0,0.42635
8010.0,20.0,0.451017
8010.0,21.0,0.505956
8010.0,22.0,0.419054
8010.0,23.0,0.442323
8010.0,24.0,0.55376
8010.0,25.0,0.568299
8010.0,26.0,0.48655
8010.0,27.0,0.503099
8010.0,28.0,0.438355
8010.0,29.0,0.466816
8010.0,30.0,0.423225
8010.0,31.0,0.491464
8010.0,32.0,0.531064
8010.0,33.0,0.561433
8010.0,34.0,0.474749
8010.0,35.0,0.556079
8010.0,36.0,0.460233
8010.0,37.0,0.570544
8010.0,38.0,0.527361
8010.0,39.0,0.496706
8010.0,40.0,0.526886
8010.0,41.0,0.45043
8010.0,42.0,0.472011
8010.0,43.0,0.51623
8010.0,44.0,0.557144
8010.0,45.0,0.503498
8010.0,46.0,0.374858
8010.0,47.0,0.479831
8010.0,48.0,0.495809
8010.0,49.0,0.458609
8010.0,50.0,0.479161
8010.0,51.0,0.475744
8010.0,52.0,0.463961
8010.0,53.0,0.501716
8010.0,54.0,0.516858
8010.0,55.0,0.552497
8010.0,56.0,0.540677
8010.0,57.0,0.491307
8010.0,58.0,0.389213
8010.0,59.0,0.466063
8010.0,60.0,0.512017
8010.0,61.0,0.478183
8010.0,62.0,0.472042
8010.0,63.0,0.43442
8010.0,64.0,0.385987
8010.0,65.0,0.507773
8010.0,66.0,0.547889
8010.0,67.0,0.475835
8010.0,68.0,0.520879
8010.0,69.0,0.506737
8010.0,70.0,0.463942
8010.0,71.0,0.494514
8010.0,72.0,0.515725
8010.0,73.0,0.473022
8010.0,74.0,0.551999
8010.0,75.0,0.531081
8010.0,76.0,0.430801
8010.0,77.0,0.544434
8010.0,78.0,0.466325
8010.0,79.0,0.487087
8010.0,80.0,0.449538
8010.0,81.0,0.472097
8010.0,82.0,0.500274
8010.0,83.0,0.445736
8010.0,84.0,0.461078
8010.0,85.0,0.505669
8010.0,86.0,0.403163
8010.0,87.0,0.561017
8010.0,88.0,0.50954
8010.0,89.0,0.491243
8010.0,90.0,0.473129
8010.0,91.0,0.537298
8010.0,92.0,0.458906
8010.0,93.0,0.462542
8010.0,94.0,0.506513
8010.0,95.0,0.474334
8010.0,96.0,0.443717
8010.0,97.0,0.537219
8010.0,98.0,0.56592
8010.0,99.0,0.523857
8010.0,100.0,0.487973
8010.0,101.0,0.53739
8010.0,102.0,0.488844
8010.0,103.0,0.407751
8010.0,104.0,0.566767
8010.0,105.0,0.628039
8010.0,106.0,0.523448
8010.0,107.0,0.524873
8010.0,108.0,0.599924
8010.0,109.0,0.51333
8010.0,110.0,0.536209
8010.0,111.0,0.538111
8010.0,112.0,0.457995
8010.0,113.0,0.487454
8010.0,114.0,0.509895
8010.0,115.0,0.496266
8010.0,116.0,0.489867
8010.0,117.0,0.470549
8010.0,118.0,0.513648
8010.0,119.0,0.568061
8010.0,120.0,0.467463
8010.0,121.0,0.437283
8010.0,122.0,0.571775
8010.0,123.0,0.533961
8010.0,124.0,0.523807
8010.0,125.0,0.497283
8010.0,126.0,0.553085
8010.0,127.0,0.542793
8010.0,128.0,0.463798
8010.0,129.0,0.479649
8010.0,130.0,0.637404
8010.0,131.0,0.509938
8010.0,132.0,0.416136
8010.0,133.0,0.520456
8010.0,134.0,0.431953
8010.0,135.0,0.444656
8010.0,136.0,0.49823
8010.0,137.0,0.465783
8010.0,138.0,0.497568
8010.0,139.0,0.506836
8010.0,140.0,0.425918
8010.0,141.0,0.449767
8010.0,142.0,0.488318
8010.0,143.0,0.451738
8010.0,144.0,0.550452
8010.0,145.0,0.474807
8010.0,146.0,0.517571
8010.0,147.0,0.483498
8010.0,148.0,0.506742
8010.0,149.0,0.449702
9000.0,0.0,0.478939
9000.0,1.0,0.437201
9000.0,2.0,0.478742
9000.0,3.0,0.516003
9000.0,4.0,0.492665
9000.0,5.0,0.498625
9000.0,6.0,0.519023
9000.0,7.0,0.481266
9000.0,8.0,0.43095
9000.0,9.0,0.477667
9000.0,10.0,0.384812
9000.0,11.0,0.555939
9000.0,12.0,0.569255
9000.0,13.0,0.522739
9000.0,14.0,0.551852
9000.0,15.0,0.53665
9000.0,16.0,0.480705
9000.0,17.0,0.510909
9000.0,18.0,0.529247
9000.0,19.0,0.419724
9000.0,20.0,0.442241
9000.0,21.0,0.49985
9000.0,22.0,0.437492
9000.0,23.0,0.4518
9000.0,24.0,0.524339
9000.0,25.0,0.569467
9000.0,26.0,0.481421
9000.0,27.0,0.508564
9000.0,28.0,0.454231
9000.0,29.0,0.47151
9000.0,30.0,0.407704
9000.0,31.0,0.516509
9000.0,32.0,0.512383
9000.0,33.0,0.546181
9000.0,34.0,0.495005
9000.0,35.0,0.545239
9000.0,36.0,0.466708
9000.0,37.0,0.579938
9000.0,38.0,0.560439
9000.0,39.0,0.493958
9000.0,40.0,0.521771
9000.0,41.0,0.432908
9000.0,42.0,0.484893
9000.0,43.0,0.514119
9000.0,44.0,0.553308
9000.0,45.0,0.516025
9000.0,46.0,0.397821
9000.0,47.0,0.492814
9000.0,48.0,0.501765
9000.0,49.0,0.453212
9000.0,50.0,0.458113
9000.0,51.0,0.47294
9000.0,52.0,0.436478
9000.0,53.0,0.519644
9000.0,54.0,0.542114
9000.0,55.0,0.561073
9000.0,56.0,0.503501
9000.0,57.0,0.481065
9000.0,58.0,0.379202
9000.0,59.0,0.464475
9000.0,60.0,0.524739
9000.0,61.0,0.492349
9000.0,62.0,0.462777
9000.0,63.0,0.424904
9000.0,64.0,0.380507
9000.0,65.0,0.477765
9000.0,66.0,0.5562
9000.0,67.0,0.477667
9000.0,68.0,0.499224
9000.0,69.0,0.506303
9000.0,70.0,0.459242
9000.0,71.0,0.487775
9000.0,72.0,0.5184
9000.0,73.0,0.467739
9000.0,74.0,0.568596
9000.0,75.0,0.534407
9000.0,76.0,0.418788
9000.0,77.0,0.538258
9000.0,78.0,0.458828
9000.0,79.0,0.49411
9000.0,80.0,0.427379
9000.0,81.0,0.482362
9000.0,82.0,0.457159
9000.0,83.0,0.441777
9000.0,84.0,0.444607
9000.0,85.0,0.486655
9000.0,86.0,0.427733
9000.0,87.0,0.565042
9000.0,88.0,0.534776
9000.0,89.0,0.472183
9000.0,90.0,0.472223
9000.0,91.0,0.539966
9000.0,92.0,0.444511
9000.0,93.0,0.422289
9000.0,94.0,0.536046
9000.0,95.0,0.48023
9000.0,96.0,0.450104
9000.0,97.0,0.515881
9000.0,98.0,0.565042
9000.0,99.0,0.495492
9000.0,100.0,0.483329
9000.0,101.0,0.562551
9000.0,102.0,0.453157
9000.0,103.0,0.400986
9000.0,104.0,0.53927
9000.0,105.0,0.617579
9000.0,106.0,0.521249
9000.0,107.0,0.54552
9000.0,108.0,0.615609
9000.0,109.0,0.521339
9000.0,110.0,0.520747
9000.0,111.0,0.541445
9000.0,112.0,0.446324
9000.0,113.0,0.496146
9000.0,114.0,0.499285
9000.0,115.0,0.485258
9000.0,116.0,0.490615
9000.0,117.0,0.457678
9000.0,118.0,0.483022
9000.0,119.0,0.555105
9000.0,120.0,0.474566
9000.0,121.0,0.413464
9000.0,122.0,0.569435
9000.0,123.0,0.521583
9000.0,124.0,0.526402
9000.0,125.0,0.525967
9000.0,126.0,0.542188
9000.0,127.0,0.533379
9000.0,128.0,0.449257
9000.0,129.0,0.473079
9000.0,130.0,0.652092
9000.0,131.0,0.525303
9000.0,132.0,0.417887
9000.0,133.0,0.496948
9000.0,134.0,0.421139
9000.0,135.0,0.435198
9000.0,136.0,0.473896
9000.0,137.0,0.463968
9000.0,138.0,0.529126
9000.0,139.0,0.489455
9000.0,140.0,0.391841
9000.0,141.0,0.438857
9000.0,142.0,0.498403
9000.0,143.0,0.442914
9000.0,144.0,0.513853
9000.0,145.0,0.504521
9000.0,146.0,0.512743
9000.0,147.0,0.484751
9000.0,148.0,0.507467
9000.0,149.0,0.471975
9001.0,0.0,0.478886
9001.0,1.0,0.437802
9001.0,2.0,0.478963
9001.0,3.0,0.516126
9001.0,4.0,0.491788
9001.0,5.0,0.498239
9001.0,6.0,0.519546
9001.0,7.0,0.481714
9001.0,8.0,0.431142
9001.0,9.0,0.477022
9001.0,10.0,0.384985
9001.0,11.0,0.555684
9001.0,12.0,0.569361
9001.0,13.0,0.523125
9001.0,14.0,0.551795
9001.0,15.0,0.536236
9001.0,16.0,0.480575
9001.0,17.0,0.510581
9001.0,18.0,0.530165
9001.0,19.0,0.420327
9001.0,20.0,0.441205
9001.0,21.0,0.500088
9001.0,22.0,0.437983
9001.0,23.0,0.451956
9001.0,24.0,0.523852
9001.0,25.0,0.56995
9001.0,26.0,0.481424
9001.0,27.0,0.508676
9001.0,28.0,0.453312
9001.0,29.0,0.471974
9001.0,30.0,0.408097
9001.0,31.0,0.516643
9001.0,32.0,0.511877
9001.0,33.0,0.545981
9001.0,34.0,0.493858
9001.0,35.0,0.544368
9001.0,36.0,0.466674
9001.0,37.0,0.579487
9001.0,38.0,0.560415
9001.0,39.0,0.492597
9001.0,40.0,0.521088
9001.0,41.0,0.433344
9001.0,42.0,0.484675
9001.0,43.0,0.513659
9001.0,44.0,0.55328
9001.0,45.0,0.515172
9001.0,46.0,0.398349
9001.0,47.0,0.492363
9001.0,48.0,0.502537
9001.0,49.0,0.45259
9001.0,50.0,0.458199
9001.0,51.0,0.47334
9001.0,52.0,0.436382
9001.0,53.0,0.519527
9001.0,54.0,0.542201
9001.0,55.0,0.560511
9001.0,56.0,0.503738
9001.0,57.0,0.480735
9001.0,58.0,0.379098
9001.0,59.0,0.463774
9001.0,60.0,0.524832
9001.0,61.0,0.492339
9001.0,62.0,0.4627
9001.0,63.0,0.424287
9001.0,64.0,0.379792
9001.0,65.0,0.477652
9001.0,66.0,0.556688
9001.0,67.0,0.477047
9001.0,68.0,0.499526
9001.0,69.0,0.506604
9001.0,70.0,0.458458
9001.0,71.0,0.48818
9001.0,72.0,0.517855
9001.0,73.0,0.467499
9001.0,74.0,0.56813
9001.0,75.0,0.535355
9001.0,76.0,0.418359
9001.0,77.0,0.538248
9001.0,78.0,0.458928
9001.0,79.0,0.493858
9001.0,80.0,0.428229
9001.0,81.0,0.482441
9001.0,82.0,0.456991
9001.0,83.0,0.440952
9001.0,84.0,0.444178
9001.0,85.0,0.486818
9001.0,86.0,0.427484
9001.0,87.0,0.563864
9001.0,88.0,0.535237
9001.0,89.0,0.471713
9001.0,90.0,0.472294
9001.0,91.0,0.54016
9001.0,92.0,0.444494
9001.0,93.0,0.422679
9001.0,94.0,0.537555
9001.0,95.0,0.480795
9001.0,96.0,0.450028
9001.0,97.0,0.51594
9001.0,98.0,0.565353
9001.0,99.0,0.495274
9001.0,100.0,0.484486
9001.0,101.0,0.562365
9001.0,102.0,0.453218
9001.0,103.0,0.400692
9001.0,104.0,0.53915
9001.0,105.0,0.617588
9001.0,106.0,0.52144
9001.0,107.0,0.545599
9001.0,108.0,0.61619
9001.0,109.0,0.520424
9001.0,110.0,0.520228
9001.0,111.0,0.540642
9001.0,112.0,0.446243
9001.0,113.0,0.496487
9001.0,114.0,0.498308
9001.0,115.0,0.486188
9001.0,116.0,0.490401
9001.0,117.0,0.457936
9001.0,118.0,0.483259
9001.0,119.0,0.554428
9001.0,120.0,0.474262
9001.0,121.0,0.413605
9001.0,122.0,0.569056
9001.0,123.0,0.521581
9001.0,124.0,0.525955
9001.0,125.0,0.52571
9001.0,126.0,0.543128
9001.0,127.0,0.533949
9001.0,128.0,0.449399
9001.0,129.0,0.472133
9001.0,130.0,0.652107
9001.0,131.0,0.524934
9001.0,132.0,0.418125
9001.0,133.0,0.497315
9001.0,134.0,0.421736
9001.0,135.0,0.435526
9001.0,136.0,0.473487
9001.0,137.0,0.46341
9001.0,138.0,0.529818
9001.0,139.0,0.489896
9001.0,140.0,0.392314
9001.0,141.0,0.438243
9001.0,142.0,0.498127
9001.0,143.0,0.443709
9001.0,144.0,0.514178
9001.0,145.0,0.50441
9001.0,146.0,0.512468
9001.0,147.0,0.484536
9001.0,148.0,0.507902
9001.0,149.0,0.472742
9002.0,0.0,0.479214
9002.0,1.0,0.438361
9002.0,2.0,0.479385
9002.0,3.0,0.51614
9002.0,4.0,0.491376
9002.0,5.0,0.498423
9002.0,6.0,0.520614
9002.0,7.0,0.481174
9002.0,8.0,0.43074
9002.0,9.0,0.476684
9002.0,10.0,0.385295
9002.0,11.0,0.555583
9002.0,12.0,0.568537
9002.0,13.0,0.522119
9002.0,14.0,0.552283
9002.0,15.0,0.536806
9002.0,16.0,0.479901
9002.0,17.0,0.510472
9002.0,18.0,0.53111
9002.0,19.0,0.419406
9002.0,20.0,0.442433
9002.0,21.0,0.499776
9002.0,22.0,0.438209
9002.0,23.0,0.45169
9002.0,24.0,0.523908
9002.0,25.0,0.569848
9002.0,26.0,0.481838
9002.0,27.0,0.508848
9002.0,28.0,0.452856
9002.0,29.0,0.471787
9002.0,30.0,0.408662
9002.0,31.0,0.51685
9002.0,32.0,0.511407
9002.0,33.0,0.546119
9002.0,34.0,0.494347
9002.0,35.0,0.545233
9002.0,36.0,0.466428
9002.0,37.0,0.57984
9002.0,38.0,0.560136
9002.0,39.0,0.492596
9002.0,40.0,0.520854
9002.0,41.0,0.434121
9002.0,42.0,0.485413
9002.0,43.0,0.51295
9002.0,44.0,0.553332
9002.0,45.0,0.515581
9002.0,46.0,0.398264
9002.0,47.0,0.491472
9002.0,48.0,0.503194
9002.0,49.0,0.452658
9002.0,50.0,0.457718
9002.0,51.0,0.473649
9002.0,52.0,0.436933
9002.0,53.0,0.520402
9002.0,54.0,0.542505
9002.0,55.0,0.559942
9002.0,56.0,0.503556
9002.0,57.0,0.480534
9002.0,58.0,0.379079
9002.0,59.0,0.464322
9002.0,60.0,0.524353
9002.0,61.0,0.492155
9002.0,62.0,0.461662
9002.0,63.0,0.424971
9002.0,64.0,0.37887
9002.0,65.0,0.477361
9002.0,66.0,0.557359
9002.0,67.0,0.47692
9002.0,68.0,0.49962
9002.0,69.0,0.506476
9002.0,70.0,0.458307
9002.0,71.0,0.488407
9002.0,72.0,0.51811
9002.0,73.0,0.468023
9002.0,74.0,0.56805
9002.0,75.0,0.534958
9002.0,76.0,0.417165
9002.0,77.0,0.537649
9002.0,78.0,0.458564
9002.0,79.0,0.493714
9002.0,80.0,0.428031
9002.0,81.0,0.483438
9002.0,82.0,0.456613
9002.0,83.0,0.441473
9002.0,84.0,0.444006
9002.0,85.0,0.487308
9002.0,86.0,0.427651
9002.0,87.0,0.563844
9002.0,88.0,0.535614
9002.0,89.0,0.471629
9002.0,90.0,0.472189
9002.0,91.0,0.539971
9002.0,92.0,0.443862
9002.0,93.0,0.423598
9002.0,94.0,0.538349
9002.0,95.0,0.479984
9002.0,96.0,0.449257
9002.0,97.0,0.516485
9002.0,98.0,0.565626
9002.0,99.0,0.495158
9002.0,100.0,0.484545
9002.0,101.0,0.562596
9002.0,102.0,0.452838
9002.0,103.0,0.400618
9002.0,104.0,0.538869
9002.0,105.0,0.617436
9002.0,106.0,0.521128
9002.0,107.0,0.545696
9002.0,108.0,0.616451
9002.0,109.0,0.520285
9002.0,110.0,0.520784
9002.0,111.0,0.540998
9002.0,112.0,0.445885
9002.0,113.0,0.496045
9002.0,114.0,0.49861
9002.0,115.0,0.485949
9002.0,116.0,0.489629
9002.0,117.0,0.458487
9002.0,118.0,0.482069
9002.0,119.0,0.554296
9002.0,120.0,0.47406
9002.0,121.0,0.414167
9002.0,122.0,0.56895
9002.0,123.0,0.521378
9002.0,124.0,0.526238
9002.0,125.0,0.525405
9002.0,126.0,0.543629
9002.0,127.0,0.53507
9002.0,128.0,0.448881
9002.0,129.0,0.471675
9002.0,130.0,0.652183
9002.0,131.0,0.524662
9002.0,132.0,0.418962
9002.0,133.0,0.496651
9002.0,134.0,0.421792
9002.0,135.0,0.435991
9002.0,136.0,0.472766
9002.0,137.0,0.463555
9002.0,138.0,0.529546
9002.0,139.0,0.490066
9002.0,140.0,0.39185
9002.0,141.0,0.438195
9002.0,142.0,0.497844
9002.0,143.0,0.444102
9002.0,144.0,0.514496
9002.0,145.0,0.504645
9002.0,146.0,0.512755
9002.0,147.0,0.484563
9002.0,148.0,0.507846
9002.0,149.0,0.472225
9003.0,0.0,0.478955
9003.0,1.0,0.438007
9003.0,2.0,0.478813
9003.0,3.0,0.516308
9003.0,4.0,0.490905
9003.0,5.0,0.49843
9003.0,6.0,0.520308
9003.0,7.0,0.481376
9003.0,8.0,0.431107
9003.0,9.0,0.476881
9003.0,10.0,0.385939
9003.0,11.0,0.555816
9003.0,12.0,0.568207
9003.0,13.0,0.520918
9003.0,14.0,0.552407
9003.0,15.0,0.53686
9003.0,16.0,0.480287
9003.0,17.0,0.510927
9003.0,18.0,0.531127
9003.0,19.0,0.419785
9003.0,20.0,0.442847
9003.0,21.0,0.499192
9003.0,22.0,0.439274
9003.0,23.0,0.452172
9003.0,24.0,0.523543
9003.0,25.0,0.568321
9003.0,26.0,0.48254
9003.0,27.0,0.508563
9003.0,28.0,0.453274
9003.0,29.0,0.471368
9003.0,30.0,0.409069
9003.0,31.0,0.516724
9003.0,32.0,0.512331
9003.0,33.0,0.545404
9003.0,34.0,0.494546
9003.0,35.0,0.544929
9003.0,36.0,0.46742
9003.0,37.0,0.579326
9003.0,38.0,0.560228
9003.0,39.0,0.492579
9003.0,40.0,0.520102
9003.0,41.0,0.434612
9003.0,42.0,0.485842
9003.0,43.0,0.513221
9003.0,44.0,0.552754
9003.0,45.0,0.515718
9003.0,46.0,0.398307
9003.0,47.0,0.490875
9003.0,48.0,0.502663
9003.0,49.0,0.452368
9003.0,50.0,0.458501
9003.0,51.0,0.473327
9003.0,52.0,0.437406
9003.0,53.0,0.519913
9003.0,54.0,0.542428
9003.0,55.0,0.559826
9003.0,56.0,0.503931
9003.0,57.0,0.481242
9003.0,58.0,0.37924
9003.0,59.0,0.464265
9003.0,60.0,0.52544
9003.0,61.0,0.492307
9003.0,62.0,0.462038
9003.0,63.0,0.424238
9003.0,64.0,0.379006
9003.0,65.0,0.477987
9003.0,66.0,0.557725
9003.0,67.0,0.47631
9003.0,68.0,0.49978
9003.0,69.0,0.506811
9003.0,70.0,0.458143
9003.0,71.0,0.488682
9003.0,72.0,0.518546
9003.0,73.0,0.468549
9003.0,74.0,0.567578
9003.0,75.0,0.534905
9003.0,76.0,0.416489
9003.0,77.0,0.538434
9003.0,78.0,0.457263
9003.0,79.0,0.493955
9003.0,80.0,0.428255
9003.0,81.0,0.483448
9003.0,82.0,0.456794
9003.0,83.0,0.442217
9003.0,84.0,0.443491
9003.0,85.0,0.488055
9003.0,86.0,0.427615
9003.0,87.0,0.564035
9003.0,88.0,0.535691
9003.0,89.0,0.471154
9003.0,90.0,0.47289
9003.0,91.0,0.539357
9003.0,92.0,0.443595
9003.0,93.0,0.423872
9003.0,94.0,0.538732
9003.0,95.0,0.479914
9003.0,96.0,0.449171
9003.0,97.0,0.516068
9003.0,98.0,0.566588
9003.0,99.0,0.495936
9003.0,100.0,0.484363
9003.0,101.0,0.563302
9003.0,102.0,0.453488
9003.0,103.0,0.400526
9003.0,104.0,0.539113
9003.0,105.0,0.618026
9003.0,106.0,0.522012
9003.0,107.0,0.545953
9003.0,108.0,0.61685
9003.0,109.0,0.520361
9003.0,110.0,0.519818
9003.0,111.0,0.541417
9003.0,112.0,0.446402
9003.0,113.0,0.496098
9003.0,114.0,0.499054
9003.0,115.0,0.485963
9003.0,116.0,0.490379
9003.0,117.0,0.458017
9003.0,118.0,0.481416
9003.0,119.0,0.554775
9003.0,120.0,0.474441
9003.0,121.0,0.413961
9003.0,122.0,0.568185
9003.0,123.0,0.521885
9003.0,124.0,0.526817
9003.0,125.0,0.525777
9003.0,126.0,0.543013
9003.0,127.0,0.534434
9003.0,128.0,0.448405
9003.0,129.0,0.471653
9003.0,130.0,0.652416
9003.0,131.0,0.524902
9003.0,132.0,0.418657
9003.0,133.0,0.496528
9003.0,134.0,0.42125
9003.0,135.0,0.435767
9003.0,136.0,0.472509
9003.0,137.0,0.463377
9003.0,138.0,0.529198
9003.0,139.0,0.490382
9003.0,140.0,0.391939
9003.0,141.0,0.438241
9003.0,142.0,0.497702
9003.0,143.0,0.44341
9003.0,144.0,0.514699
9003.0,145.0,0.504319
9003.0,146.0,0.512749
9003.0,147.0,0.484707
9003.0,148.0,0.508415
9003.0,149.0,0.472663
9004.0,0.0,0.47909
9004.0,1.0,0.438028
9004.0,2.0,0.479118
9004.0,3.0,0.516753
9004.0,4.0,0.491069
9004.0,5.0,0.498886
9004.0,6.0,0.520106
9004.0,7.0,0.481764
9004.0,8.0,0.431499
9004.0,9.0,0.477322
9004.0,10.0,0.386516
9004.0,11.0,0.556175
9004.0,12.0,0.568104
9004.0,13.0,0.520599
9004.0,14.0,0.55269
9004.0,15.0,0.536599
9004.0,16.0,0.479867
9004.0,17.0,0.512043
9004.0,18.0,0.531365
9004.0,19.0,0.420268
9004.0,20.0,0.442763
9004.0,21.0,0.498504
9004.0,22.0,0.439629
9004.0,23.0,0.451758
9004.0,24.0,0.524244
9004.0,25.0,0.568083
9004.0,26.0,0.482526
9004.0,27.0,0.508297
9004.0,28.0,0.453321
9004.0,29.0,0.471092
9004.0,30.0,0.408402
9004.0,31.0,0.516927
9004.0,32.0,0.511728
9004.0,33.0,0.546932
9004.0,34.0,0.494588
9004.0,35.0,0.544966
9004.0,36.0,0.46654
9004.0,37.0,0.579415
9004.0,38.0,0.559776
9004.0,39.0,0.492677
9004.0,40.0,0.519911
9004.0,41.0,0.432987
9004.0,42.0,0.486173
9004.0,43.0,0.513731
9004.0,44.0,0.552805
9004.0,45.0,0.514973
9004.0,46.0,0.398356
9004.0,47.0,0.490539
9004.0,48.0,0.503051
9004.0,49.0,0.453338
9004.0,50.0,0.457945
9004.0,51.0,0.472817
9004.0,52.0,0.4375
9004.0,53.0,0.519768
9004.0,54.0,0.542321
9004.0,55.0,0.55999
9004.0,56.0,0.503741
9004.0,57.0,0.480875
9004.0,58.0,0.379319
9004.0,59.0,0.46402
9004.0,60.0,0.526074
9004.0,61.0,0.49166
9004.0,62.0,0.461724
9004.0,63.0,0.423901
9004.0,64.0,0.379155
9004.0,65.0,0.476731
9004.0,66.0,0.55873
9004.0,67.0,0.476638
9004.0,68.0,0.499641
9004.0,69.0,0.506802
9004.0,70.0,0.457315
9004.0,71.0,0.488131
9004.0,72.0,0.518503
9004.0,73.0,0.467287
9004.0,74.0,0.567385
9004.0,75.0,0.535408
9004.0,76.0,0.417519
9004.0,77.0,0.537887
9004.0,78.0,0.456964
9004.0,79.0,0.493115
9004.0,80.0,0.429095
9004.0,81.0,0.483203
9004.0,82.0,0.456357
9004.0,83.0,0.44203
9004.0,84.0,0.443464
9004.0,85.0,0.487943
9004.0,86.0,0.427383
9004.0,87.0,0.564567
9004.0,88.0,0.535417
9004.0,89.0,0.471201
9004.0,90.0,0.473379
9004.0,91.0,0.53924
9004.0,92.0,0.443425
9004.0,93.0,0.423824
9004.0,94.0,0.53779
9004.0,95.0,0.479858
9004.0,96.0,0.448815
9004.0,97.0,0.516072
9004.0,98.0,0.565947
9004.0,99.0,0.496051
9004.0,100.0,0.484438
9004.0,101.0,0.563912
9004.0,102.0,0.453347
9004.0,103.0,0.40004
9004.0,104.0,0.538707
9004.0,105.0,0.618574
9004.0,106.0,0.522141
9004.0,107.0,0.546225
9004.0,108.0,0.615637
9004.0,109.0,0.520227
9004.0,110.0,0.52042
9004.0,111.0,0.541315
9004.0,112.0,0.447027
9004.0,113.0,0.495815
9004.0,114.0,0.499939
9004.0,115.0,0.486262
9004.0,116.0,0.489618
9004.0,117.0,0.457116
9004.0,118.0,0.481773
9004.0,119.0,0.55529
9004.0,120.0,0.474365
9004.0,121.0,0.413893
9004.0,122.0,0.568658
9004.0,123.0,0.521595
9004.0,124.0,0.525842
9004.0,125.0,0.525359
9004.0,126.0,0.543442
9004.0,127.0,0.534573
9004.0,128.0,0.449
9004.0,129.0,0.472077
9004.0,130.0,0.652928
9004.0,131.0,0.526066
9004.0,132.0,0.418428
9004.0,133.0,0.496437
9004.0,134.0,0.421367
9004.0,135.0,0.435225
9004.0,136.0,0.472523
9004.0,137.0,0.462843
9004.0,138.0,0.528984
9004.0,139.0,0.489944
9004.0,140.0,0.391994
9004.0,141.0,0.438486
9004.0,142.0,0.497741
9004.0,143.0,0.443556
9004.0,144.0,0.515278
9004.0,145.0,0.503318
9004.0,146.0,0.512316
9004.0,147.0,0.484408
9004.0,148.0,0.508676
9004.0,149.0,0.472016
9005.0,0.0,0.479536
9005.0,1.0,0.438713
9005.0,2.0,0.478572
9005.0,3.0,0.516989
9005.0,4.0,0.490864
9005.0,5.0,0.498837
9005.0,6.0,0.520568
9005.0,7.0,0.482204
9005.0,8.0,0.431375
9005.0,9.0,0.477936
9005.0,10.0,0.386521
9005.0,11.0,0.556514
9005.0,12.0,0.567862
9005.0,13.0,0.520823
9005.0,14.0,0.553122
9005.0,15.0,0.537078
9005.0,16.0,0.479232
9005.0,17.0,0.512027
9005.0,18.0,0.531083
9005.0,19.0,0.420618
9005.0,20.0,0.442962
9005.0,21.0,0.49887
9005.0,22.0,0.439563
9005.0,23.0,0.451564
9005.0,24.0,0.524096
9005.0,25.0,0.567659
9005.0,26.0,0.482348
9005.0,27.0,0.508236
9005.0,28.0,0.453785
9005.0,29.0,0.472039
9005.0,30.0,0.408731
9005.0,31.0,0.516468
9005.0,32.0,0.512603
9005.0,33.0,0.546298
9005.0,34.0,0.495299
9005.0,35.0,0.544546
9005.0,36.0,0.466436
9005.0,37.0,0.579634
9005.0,38.0,0.559016
9005.0,39.0,0.493333
9005.0,40.0,0.519933
9005.0,41.0,0.432886
9005.0,42.0,0.485915
9005.0,43.0,0.512745
9005.0,44.0,0.552668
9005.0,45.0,0.515017
9005.0,46.0,0.398788
9005.0,47.0,0.491203
9005.0,48.0,0.503547
9005.0,49.0,0.45302
9005.0,50.0,0.457857
9005.0,51.0,0.472806
9005.0,52.0,0.437966
9005.0,53.0,0.519846
9005.0,54.0,0.542643
9005.0,55.0,0.559175
9005.0,56.0,0.503185
9005.0,57.0,0.480726
9005.0,58.0,0.378645
9005.0,59.0,0.464213
9005.0,60.0,0.525295
9005.0,61.0,0.491576
9005.0,62.0,0.462144
9005.0,63.0,0.424096
9005.0,64.0,0.379538
9005.0,65.0,0.477163
9005.0,66.0,0.558032
9005.0,67.0,0.477373
9005.0,68.0,0.499496
9005.0,69.0,0.506928
9005.0,70.0,0.457826
9005.0,71.0,0.487679
9005.0,72.0,0.51946
9005.0,73.0,0.467661
9005.0,74.0,0.567176
9005.0,75.0,0.535408
9005.0,76.0,0.41728
9005.0,77.0,0.537948
9005.0,78.0,0.457206
9005.0,79.0,0.493519
9005.0,80.0,0.428562
9005.0,81.0,0.483038
9005.0,82.0,0.45601
9005.0,83.0,0.44207
9005.0,84.0,0.444388
9005.0,85.0,0.489036
9005.0,86.0,0.42759
9005.0,87.0,0.563729
9005.0,88.0,0.535183
9005.0,89.0,0.471351
9005.0,90.0,0.473687
9005.0,91.0,0.539379
9005.0,92.0,0.443284
9005.0,93.0,0.422958
9005.0,94.0,0.537648
9005.0,95.0,0.480243
9005.0,96.0,0.448041
9005.0,97.0,0.515705
9005.0,98.0,0.566454
9005.0,99.0,0.496451
9005.0,100.0,0.484686
9005.0,101.0,0.56417
9005.0,102.0,0.453331
9005.0,103.0,0.400324
9005.0,104.0,0.538878
9005.0,105.0,0.618246
9005.0,106.0,0.521359
9005.0,107.0,0.546523
9005.0,108.0,0.615267
9005.0,109.0,0.520174
9005.0,110.0,0.520959
9005.0,111.0,0.541347
9005.0,112.0,0.446926
9005.0,113.0,0.494348
9005.0,114.0,0.500377
9005.0,115.0,0.486296
9005.0,116.0,0.488816
9005.0,117.0,0.457434
9005.0,118.0,0.481558
9005.0,119.0,0.555394
9005.0,120.0,0.474292
9005.0,121.0,0.41414
9005.0,122.0,0.569366
9005.0,123.0,0.521686
9005.0,124.0,0.525006
9005.0,125.0,0.52487
9005.0,126.0,0.543409
9005.0,127.0,0.535426
9005.0,128.0,0.447896
9005.0,129.0,0.472489
9005.0,130.0,0.653266
9005.0,131.0,0.527055
9005.0,132.0,0.419095
9005.0,133.0,0.49634
9005.0,134.0,0.421096
9005.0,135.0,0.435896
9005.0,136.0,0.472736
9005.0,137.0,0.463382
9005.0,138.0,0.528242
9005.0,139.0,0.490472
9005.0,140.0,0.390473
9005.0,141.0,0.43903
9005.0,142.0,0.497387
9005.0,143.0,0.443513
9005.0,144.0,0.515866
9005.0,145.0,0.503839
9005.0,146.0,0.512324
9005.0,147.0,0.485325
9005.0,148.0,0.508425
9005.0,149.0,0.47254
9006.0,0.0,0.479791
9006.0,1.0,0.437938
9006.0,2.0,0.478952
9006.0,3.0,0.51616
9006.0,4.0,0.490637
9006.0,5.0,0.499478
9006.0,6.0,0.52051
9006.0,7.0,0.481735
9006.0,8.0,0.431442
9006.0,9.0,0.478077
9006.0,10.0,0.386174
9006.0,11.0,0.556071
9006.0,12.0,0.568156
9006.0,13.0,0.520419
9006.0,14.0,0.553176
9006.0,15.0,0.53676
9006.0,16.0,0.478828
9006.0,17.0,0.511749
9006.0,18.0,0.530708
9006.0,19.0,0.420677
9006.0,20.0,0.44254
9006.0,21.0,0.499155
9006.0,22.0,0.439497
9006.0,23.0,0.451818
9006.0,24.0,0.523763
9006.0,25.0,0.568109
9006.0,26.0,0.482153
9006.0,27.0,0.508391
9006.0,28.0,0.454021
9006.0,29.0,0.471933
9006.0,30.0,0.408399
9006.0,31.0,0.516834
9006.0,32.0,0.512532
9006.0,33.0,0.545715
9006.0,34.0,0.496041
9006.0,35.0,0.545584
9006.0,36.0,0.466858
9006.0,37.0,0.579464
9006.0,38.0,0.558818
9006.0,39.0,0.492568
9006.0,40.0,0.521304
9006.0,41.0,0.432897
9006.0,42.0,0.485592
9006.0,43.0,0.512462
9006.0,44.0,0.552963
9006.0,45.0,0.514724
9006.0,46.0,0.398933
9006.0,47.0,0.490976
9006.0,48.0,0.503277
9006.0,49.0,0.45287
9006.0,50.0,0.457479
9006.0,51.0,0.472363
9006.0,52.0,0.43792
9006.0,53.0,0.519445
9006.0,54.0,0.542654
9006.0,55.0,0.560047
9006.0,56.0,0.503682
9006.0,57.0,0.480613
9006.0,58.0,0.378501
9006.0,59.0,0.464695
9006.0,60.0,0.526354
9006.0,61.0,0.49101
9006.0,62.0,0.462109
9006.0,63.0,0.423238
9006.0,64.0,0.380055
9006.0,65.0,0.477221
9006.0,66.0,0.557498
9006.0,67.0,0.478165
9006.0,68.0,0.49913
9006.0,69.0,0.506163
9006.0,70.0,0.457241
9006.0,71.0,0.487649
9006.0,72.0,0.51925
9006.0,73.0,0.468086
9006.0,74.0,0.567292
9006.0,75.0,0.535494
9006.0,76.0,0.418201
9006.0,77.0,0.537889
9006.0,78.0,0.457404
9006.0,79.0,0.493431
9006.0,80.0,0.429354
9006.0,81.0,0.483533
9006.0,82.0,0.455466
9006.0,83.0,0.442388
9006.0,84.0,0.445131
9006.0,85.0,0.488716
9006.0,86.0,0.428027
9006.0,87.0,0.564278
9006.0,88.0,0.535277
9006.0,89.0,0.471588
9006.0,90.0,0.474747
9006.0,91.0,0.540586
9006.0,92.0,0.443408
9006.0,93.0,0.4231
9006.0,94.0,0.537247
9006.0,95.0,0.480079
9006.0,96.0,0.448094
9006.0,97.0,0.515352
9006.0,98.0,0.56629
9006.0,99.0,0.496839
9006.0,100.0,0.485114
9006.0,101.0,0.564511
9006.0,102.0,0.453436
9006.0,103.0,0.400414
9006.0,104.0,0.538369
9006.0,105.0,0.618586
9006.0,106.0,0.521423
9006.0,107.0,0.546061
9006.0,108.0,0.615721
9006.0,109.0,0.521005
9006.0,110.0,0.520636
9006.0,111.0,0.541816
9006.0,112.0,0.446869
9006.0,113.0,0.494253
9006.0,114.0,0.499946
9006.0,115.0,0.486386
9006.0,116.0,0.489413
9006.0,117.0,0.457353
9006.0,118.0,0.481706
9006.0,119.0,0.55506
9006.0,120.0,0.47395
9006.0,121.0,0.414255
9006.0,122.0,0.569462
9006.0,123.0,0.521382
9006.0,124.0,0.52464
9006.0,125.0,0.52458
9006.0,126.0,0.542484
9006.0,127.0,0.535472
9006.0,128.0,0.447815
9006.0,129.0,0.472112
9006.0,130.0,0.653882
9006.0,131.0,0.526906
9006.0,132.0,0.417921
9006.0,133.0,0.496229
9006.0,134.0,0.421584
9006.0,135.0,0.435464
9006.0,136.0,0.472743
9006.0,137.0,0.463657
9006.0,138.0,0.528752
9006.0,139.0,0.490732
9006.0,140.0,0.390636
9006.0,141.0,0.439679
9006.0,142.0,0.497973
9006.0,143.0,0.443884
9006.0,144.0,0.515289
9006.0,145.0,0.5035
9006.0,146.0,0.512067
9006.0,147.0,0.484812
9006.0,148.0,0.508291
9006.0,149.0,0.473164
9007.0,0.0,0.479875
9007.0,1.0,0.437632
9007.0,2.0,0.479269
9007.0,3.0,0.516354
9007.0,4.0,0.490799
9007.0,5.0,0.499414
9007.0,6.0,0.520328
9007.0,7.0,0.481442
9007.0,8.0,0.432441
9007.0,9.0,0.477993
9007.0,10.0,0.386472
9007.0,11.0,0.555928
9007.0,12.0,0.568319
9007.0,13.0,0.520646
9007.0,14.0,0.552742
9007.0,15.0,0.536719
9007.0,16.0,0.479407
9007.0,17.0,0.511184
9007.0,18.0,0.53041
9007.0,19.0,0.420935
9007.0,20.0,0.441841
9007.0,21.0,0.499853
9007.0,22.0,0.439194
9007.0,23.0,0.451859
9007.0,24.0,0.523836
9007.0,25.0,0.568243
9007.0,26.0,0.481724
9007.0,27.0,0.508008
9007.0,28.0,0.454092
9007.0,29.0,0.471669
9007.0,30.0,0.408263
9007.0,31.0,0.517265
9007.0,32.0,0.51307
9007.0,33.0,0.545836
9007.0,34.0,0.496096
9007.0,35.0,0.545704
9007.0,36.0,0.467351
9007.0,37.0,0.579943
9007.0,38.0,0.558525
9007.0,39.0,0.493391
9007.0,40.0,0.521611
9007.0,41.0,0.432405
9007.0,42.0,0.485398
9007.0,43.0,0.511684
9007.0,44.0,0.553542
9007.0,45.0,0.513913
9007.0,46.0,0.398787
9007.0,47.0,0.490614
9007.0,48.0,0.503712
9007.0,49.0,0.454098
9007.0,50.0,0.457635
9007.0,51.0,0.472747
9007.0,52.0,0.437738
9007.0,53.0,0.519263
9007.0,54.0,0.542353
9007.0,55.0,0.559458
9007.0,56.0,0.504219
9007.0,57.0,0.481022
9007.0,58.0,0.378399
9007.0,59.0,0.464695
9007.0,60.0,0.52638
9007.0,61.0,0.490942
9007.0,62.0,0.462301
9007.0,63.0,0.423663
9007.0,64.0,0.38029
9007.0,65.0,0.478048
9007.0,66.0,0.557155
9007.0,67.0,0.478063
9007.0,68.0,0.498778
9007.0,69.0,0.506078
9007.0,70.0,0.455889
9007.0,71.0,0.487613
9007.0,72.0,0.518674
9007.0,73.0,0.468229
9007.0,74.0,0.567603
9007.0,75.0,0.534779
9007.0,76.0,0.418751
9007.0,77.0,0.537919
9007.0,78.0,0.457323
9007.0,79.0,0.493384
9007.0,80.0,0.429775
9007.0,81.0,0.482932
9007.0,82.0,0.45591
9007.0,83.0,0.441949
9007.0,84.0,0.445272
9007.0,85.0,0.488494
9007.0,86.0,0.428613
9007.0,87.0,0.56368
9007.0,88.0,0.53562
9007.0,89.0,0.47116
9007.0,90.0,0.474844
9007.0,91.0,0.54033
9007.0,92.0,0.444133
9007.0,93.0,0.423841
9007.0,94.0,0.53736
9007.0,95.0,0.479292
9007.0,96.0,0.447249
9007.0,97.0,0.515054
9007.0,98.0,0.56625
9007.0,99.0,0.496683
9007.0,100.0,0.48485
9007.0,101.0,0.564507
9007.0,102.0,0.453371
9007.0,103.0,0.40096
9007.0,104.0,0.538316
9007.0,105.0,0.618691
9007.0,106.0,0.520673
9007.0,107.0,0.546315
9007.0,108.0,0.616236
9007.0,109.0,0.520964
9007.0,110.0,0.520565
9007.0,111.0,0.541386
9007.0,112.0,0.446016
9007.0,113.0,0.494382
9007.0,114.0,0.500916
9007.0,115.0,0.485949
9007.0,116.0,0.489625
9007.0,117.0,0.458212
9007.0,118.0,0.481423
9007.0,119.0,0.554743
9007.0,120.0,0.473164
9007.0,121.0,0.414324
9007.0,122.0,0.569597
9007.0,123.0,0.5219
9007.0,124.0,0.524315
9007.0,125.0,0.523617
9007.0,126.0,0.542427
9007.0,127.0,0.535331
9007.0,128.0,0.447907
9007.0,129.0,0.472745
9007.0,130.0,0.653132
9007.0,131.0,0.528216
9007.0,132.0,0.417382
9007.0,133.0,0.496653
9007.0,134.0,0.421625
9007.0,135.0,0.434719
9007.0,136.0,0.471918
9007.0,137.0,0.463443
9007.0,138.0,0.529033
9007.0,139.0,0.490171
9007.0,140.0,0.391027
9007.0,141.0,0.438862
9007.0,142.0,0.497407
9007.0,143.0,0.443606
9007.0,144.0,0.515163
9007.0,145.0,0.503334
9007.0,146.0,0.513172
9007.0,147.0,0.484675
9007.0,148.0,0.50816
9007.0,149.0,0.472631
9008.0,0.0,0.481213
9008.0,1.0,0.437905
9008.0,2.0,0.480063
9008.0,3.0,0.51624
9008.0,4.0,0.489881
9008.0,5.0,0.499008
9008.0,6.0,0.520832
9008.0,7.0,0.48145
9008.0,8.0,0.431447
9008.0,9.0,0.477467
9008.0,10.0,0.386582
9008.0,11.0,0.55566
9008.0,12.0,0.568518
9008.0,13.0,0.520071
9008.0,14.0,0.552509
9008.0,15.0,0.536193
9008.0,16.0,0.47943
9008.0,17.0,0.510182
9008.0,18.0,0.530129
9008.0,19.0,0.420599
9008.0,20.0,0.442476
9008.0,21.0,0.500259
9008.0,22.0,0.437433
9008.0,23.0,0.451545
9008.0,24.0,0.523594
9008.0,25.0,0.569241
9008.0,26.0,0.481424
9008.0,27.0,0.50803
9008.0,28.0,0.45366
9008.0,29.0,0.471638
9008.0,30.0,0.408147
9008.0,31.0,0.516851
9008.0,32.0,0.512516
9008.0,33.0,0.544823
9008.0,34.0,0.495268
9008.0,35.0,0.545582
9008.0,36.0,0.467334
9008.0,37.0,0.579614
9008.0,38.0,0.558046
9008.0,39.0,0.493382
9008.0,40.0,0.521477
9008.0,41.0,0.432477
9008.0,42.0,0.485195
9008.0,43.0,0.511358
9008.0,44.0,0.55409
9008.0,45.0,0.514254
9008.0,46.0,0.399257
9008.0,47.0,0.490502
9008.0,48.0,0.504038
9008.0,49.0,0.453635
9008.0,50.0,0.457184
9008.0,51.0,0.473232
9008.0,52.0,0.437915
9008.0,53.0,0.519292
9008.0,54.0,0.543124
9008.0,55.0,0.559627
9008.0,56.0,0.50478
9008.0,57.0,0.480926
9008.0,58.0,0.378277
9008.0,59.0,0.465699
9008.0,60.0,0.526161
9008.0,61.0,0.491886
9008.0,62.0,0.461647
9008.0,63.0,0.423009
9008.0,64.0,0.380931
9008.0,65.0,0.478661
9008.0,66.0,0.556775
9008.0,67.0,0.477898
9008.0,68.0,0.497625
9008.0,69.0,0.506363
9008.0,70.0,0.455738
9008.0,71.0,0.488221
9008.0,72.0,0.517715
9008.0,73.0,0.467469
9008.0,74.0,0.56782
9008.0,75.0,0.534505
9008.0,76.0,0.417376
9008.0,77.0,0.537965
9008.0,78.0,0.457021
9008.0,79.0,0.492896
9008.0,80.0,0.428929
9008.0,81.0,0.482147
9008.0,82.0,0.455687
9008.0,83.0,0.441798
9008.0,84.0,0.444637
9008.0,85.0,0.488926
9008.0,86.0,0.427944
9008.0,87.0,0.564172
9008.0,88.0,0.536019
9008.0,89.0,0.471045
9008.0,90.0,0.474712
9008.0,91.0,0.539831
9008.0,92.0,0.444195
9008.0,93.0,0.424351
9008.0,94.0,0.537334
9008.0,95.0,0.479742
9008.0,96.0,0.44751
9008.0,97.0,0.514816
9008.0,98.0,0.566273
9008.0,99.0,0.497561
9008.0,100.0,0.485531
9008.0,101.0,0.565024
9008.0,102.0,0.453504
9008.0,103.0,0.401103
9008.0,104.0,0.538324
9008.0,105.0,0.618458
9008.0,106.0,0.5201
9008.0,107.0,0.547111
9008.0,108.0,0.615324
9008.0,109.0,0.521259
9008.0,110.0,0.520173
9008.0,111.0,0.541371
9008.0,112.0,0.445968
9008.0,113.0,0.494965
9008.0,114.0,0.500995
9008.0,115.0,0.485967
9008.0,116.0,0.489815
9008.0,117.0,0.457846
9008.0,118.0,0.481688
9008.0,119.0,0.554296
9008.0,120.0,0.472975
9008.0,121.0,0.41438
9008.0,122.0,0.569189
9008.0,123.0,0.522241
9008.0,124.0,0.523381
9008.0,125.0,0.52361
9008.0,126.0,0.541559
9008.0,127.0,0.535481
9008.0,128.0,0.448189
9008.0,129.0,0.47305
9008.0,130.0,0.653317
9008.0,131.0,0.528403
9008.0,132.0,0.417966
9008.0,133.0,0.496884
9008.0,134.0,0.421419
9008.0,135.0,0.434584
9008.0,136.0,0.47137
9008.0,137.0,0.463798
9008.0,138.0,0.528884
9008.0,139.0,0.490989
9008.0,140.0,0.391249
9008.0,141.0,0.439741
9008.0,142.0,0.497203
9008.0,143.0,0.443838
9008.0,144.0,0.514736
9008.0,145.0,0.502902
9008.0,146.0,0.512929
9008.0,147.0,0.484502
9008.0,148.0,0.508052
9008.0,149.0,0.472847
9009.0,0.0,0.480436
9009.0,1.0,0.437219
9009.0,2.0,0.481052
9009.0,3.0,0.516451
9009.0,4.0,0.489703
9009.0,5.0,0.499874
9009.0,6.0,0.521441
9009.0,7.0,0.481417
9009.0,8.0,0.431941
9009.0,9.0,0.477933
9009.0,10.0,0.386561
9009.0,11.0,0.555246
9009.0,12.0,0.56935
9009.0,13.0,0.519011
9009.0,14.0,0.552108
9009.0,15.0,0.536264
9009.0,16.0,0.479548
9009.0,17.0,0.50977
9009.0,18.0,0.530414
9009.0,19.0,0.420477
9009.0,20.0,0.442282
9009.0,21.0,0.500289
9009.0,22.0,0.438951
9009.0,23.0,0.45165
9009.0,24.0,0.523249
9009.0,25.0,0.569143
9009.0,26.0,0.480895
9009.0,27.0,0.508633
9009.0,28.0,0.453335
9009.0,29.0,0.47214
9009.0,30.0,0.408185
9009.0,31.0,0.517186
9009.0,32.0,0.513282
9009.0,33.0,0.545468
9009.0,34.0,0.495403
9009.0,35.0,0.545283
9009.0,36.0,0.466491
9009.0,37.0,0.58029
9009.0,38.0,0.558283
9009.0,39.0,0.493616
9009.0,40.0,0.52255
9009.0,41.0,0.432902
9009.0,42.0,0.484812
9009.0,43.0,0.511847
9009.0,44.0,0.553785
9009.0,45.0,0.514812
9009.0,46.0,0.399501
9009.0,47.0,0.489973
9009.0,48.0,0.504311
9009.0,49.0,0.453633
9009.0,50.0,0.457071
9009.0,51.0,0.473745
9009.0,52.0,0.437473
9009.0,53.0,0.518989
9009.0,54.0,0.542306
9009.0,55.0,0.559718
9009.0,56.0,0.505253
9009.0,57.0,0.481256
9009.0,58.0,0.377833
9009.0,59.0,0.465732
9009.0,60.0,0.525416
9009.0,61.0,0.49205
9009.0,62.0,0.461704
9009.0,63.0,0.42346
9009.0,64.0,0.381198
9009.0,65.0,0.478715
9009.0,66.0,0.556137
9009.0,67.0,0.4778
9009.0,68.0,0.498159
9009.0,69.0,0.506081
9009.0,70.0,0.455631
9009.0,71.0,0.488236
9009.0,72.0,0.518066
9009.0,73.0,0.468072
9009.0,74.0,0.568643
9009.0,75.0,0.53453
9009.0,76.0,0.417467
9009.0,77.0,0.537433
9009.0,78.0,0.457202
9009.0,79.0,0.492898
9009.0,80.0,0.429275
9009.0,81.0,0.481422
9009.0,82.0,0.455599
9009.0,83.0,0.442376
9009.0,84.0,0.445231
9009.0,85.0,0.488191
9009.0,86.0,0.428184
9009.0,87.0,0.563919
9009.0,88.0,0.535895
9009.0,89.0,0.470521
9009.0,90.0,0.475051
9009.0,91.0,0.539626
9009.0,92.0,0.443991
9009.0,93.0,0.424695
9009.0,94.0,0.537249
9009.0,95.0,0.4806
9009.0,96.0,0.447202
9009.0,97.0,0.514807
9009.0,98.0,0.567116
9009.0,99.0,0.496758
9009.0,100.0,0.484955
9009.0,101.0,0.56563
9009.0,102.0,0.453862
9009.0,103.0,0.402058
9009.0,104.0,0.538373
9009.0,105.0,0.61838
9009.0,106.0,0.519235
9009.0,107.0,0.547112
9009.0,108.0,0.615263
9009.0,109.0,0.520904
9009.0,110.0,0.520224
9009.0,111.0,0.54137
9009.0,112.0,0.445382
9009.0,113.0,0.495362
9009.0,114.0,0.500528
9009.0,115.0,0.486358
9009.0,116.0,0.489901
9009.0,117.0,0.458409
9009.0,118.0,0.48165
9009.0,119.0,0.55458
9009.0,120.0,0.472775
9009.0,121.0,0.414434
9009.0,122.0,0.569547
9009.0,123.0,0.522838
9009.0,124.0,0.523252
9009.0,125.0,0.523099
9009.0,126.0,0.541759
9009.0,127.0,0.534662
9009.0,128.0,0.447956
9009.0,129.0,0.473806
9009.0,130.0,0.653459
9009.0,131.0,0.528876
9009.0,132.0,0.418094
9009.0,133.0,0.497332
9009.0,134.0,0.421661
9009.0,135.0,0.43496
9009.0,136.0,0.470716
9009.0,137.0,0.46347
9009.0,138.0,0.529171
9009.0,139.0,0.490888
9009.0,140.0,0.391173
9009.0,141.0,0.439068
9009.0,142.0,0.496777
9009.0,143.0,0.443752
9009.0,144.0,0.514341
9009.0,145.0,0.502964
9009.0,146.0,0.513082
9009.0,147.0,0.484342
9009.0,148.0,0.507927
9009.0,149.0,0.472227
9010.0,0.0,0.480301
9010.0,1.0,0.437063
9010.0,2.0,0.481193
9010.0,3.0,0.516283
9010.0,4.0,0.489963
9010.0,5.0,0.499775
9010.0,6.0,0.52131
9010.0,7.0,0.481896
9010.0,8.0,0.432525
9010.0,9.0,0.47774
9010.0,10.0,0.387066
9010.0,11.0,0.555008
9010.0,12.0,0.569238
9010.0,13.0,0.518603
9010.0,14.0,0.552966
9010.0,15.0,0.536774
9010.0,16.0,0.479286
9010.0,17.0,0.510055
9010.0,18.0,0.530148
9010.0,19.0,0.42067
9010.0,20.0,0.441944
9010.0,21.0,0.500216
9010.0,22.0,0.438942
9010.0,23.0,0.452058
9010.0,24.0,0.523355
9010.0,25.0,0.568365
9010.0,26.0,0.480659
9010.0,27.0,0.508858
9010.0,28.0,0.452895
9010.0,29.0,0.471842
9010.0,30.0,0.408167
9010.0,31.0,0.516746
9010.0,32.0,0.513545
9010.0,33.0,0.545651
9010.0,34.0,0.495425
9010.0,35.0,0.54481
9010.0,36.0,0.467128
9010.0,37.0,0.580114
9010.0,38.0,0.558447
9010.0,39.0,0.494412
9010.0,40.0,0.522943
9010.0,41.0,0.433558
9010.0,42.0,0.484883
9010.0,43.0,0.511611
9010.0,44.0,0.55351
9010.0,45.0,0.514881
9010.0,46.0,0.399235
9010.0,47.0,0.489972
9010.0,48.0,0.504531
9010.0,49.0,0.45445
9010.0,50.0,0.457072
9010.0,51.0,0.473735
9010.0,52.0,0.437752
9010.0,53.0,0.519063
9010.0,54.0,0.542108
9010.0,55.0,0.558849
9010.0,56.0,0.505591
9010.0,57.0,0.481618
9010.0,58.0,0.378264
9010.0,59.0,0.466035
9010.0,60.0,0.525184
9010.0,61.0,0.492492
9010.0,62.0,0.461475
9010.0,63.0,0.424134
9010.0,64.0,0.380454
9010.0,65.0,0.479134
9010.0,66.0,0.555788
9010.0,67.0,0.477907
9010.0,68.0,0.498164
9010.0,69.0,0.507058
9010.0,70.0,0.455508
9010.0,71.0,0.487867
9010.0,72.0,0.518262
9010.0,73.0,0.467811
9010.0,74.0,0.568178
9010.0,75.0,0.535144
9010.0,76.0,0.417894
9010.0,77.0,0.53617
9010.0,78.0,0.456674
9010.0,79.0,0.493075
9010.0,80.0,0.428887
9010.0,81.0,0.480767
9010.0,82.0,0.455523
9010.0,83.0,0.441664
9010.0,84.0,0.445428
9010.0,85.0,0.487992
9010.0,86.0,0.428335
9010.0,87.0,0.56385
9010.0,88.0,0.53652
9010.0,89.0,0.471793
9010.0,90.0,0.475608
9010.0,91.0,0.539694
9010.0,92.0,0.443836
9010.0,93.0,0.425016
9010.0,94.0,0.536947
9010.0,95.0,0.481055
9010.0,96.0,0.448017
9010.0,97.0,0.514089
9010.0,98.0,0.567136
9010.0,99.0,0.49681
9010.0,100.0,0.484316
9010.0,101.0,0.565706
9010.0,102.0,0.453986
9010.0,103.0,0.402456
9010.0,104.0,0.538984
9010.0,105.0,0.618695
9010.0,106.0,0.519162
9010.0,107.0,0.547104
9010.0,108.0,0.615331
9010.0,109.0,0.520434
9010.0,110.0,0.520555
9010.0,111.0,0.541526
9010.0,112.0,0.445089
9010.0,113.0,0.495406
9010.0,114.0,0.500022
9010.0,115.0,0.486375
9010.0,116.0,0.490044
9010.0,117.0,0.459167
9010.0,118.0,0.481341
9010.0,119.0,0.555679
9010.0,120.0,0.472847
9010.0,121.0,0.415423
9010.0,122.0,0.569623
9010.0,123.0,0.522925
9010.0,124.0,0.523646
9010.0,125.0,0.523181
9010.0,126.0,0.542275
9010.0,127.0,0.534296
9010.0,128.0,0.447766
9010.0,129.0,0.474221
9010.0,130.0,0.652904
9010.0,131.0,0.529297
9010.0,132.0,0.417916
9010.0,133.0,0.497096
9010.0,134.0,0.422399
9010.0,135.0,0.435545
9010.0,136.0,0.470483
9010.0,137.0,0.463182
9010.0,138.0,0.529493
9010.0,139.0,0.491216
9010.0,140.0,0.391685
9010.0,141.0,0.438331
9010.0,142.0,0.496788
9010.0,143.0,0.443806
9010.0,144.0,0.514946
9010.0,145.0,0.502345
9010.0,146.0,0.513559
9010.0,147.0,0.484968
9010.0,148.0,0.509617
9010.0,149.0,0.472332
10000.0,0.0,0.490663
10000.0,1.0,0.45521
10000.0,2.0,0.474435
10000.0,3.0,0.527763
10000.0,4.0,0.478832
10000.0,5.0,0.509778
10000.0,6.0,0.500042
10000.0,7.0,0.486088
10000.0,8.0,0.448493
10000.0,9.0,0.471054
10000.0,10.0,0.377212
10000.0,11.0,0.5398
10000.0,12.0,0.58683
10000.0,13.0,0.523001
10000.0,14.0,0.532262
10000.0,15.0,0.529024
10000.0,16.0,0.467765
10000.0,17.0,0.507082
10000.0,18.0,0.541653
10000.0,19.0,0.400692
10000.0,20.0,0.45424
10000.0,21.0,0.477179
10000.0,22.0,0.446074
10000.0,23.0,0.458843
10000.0,24.0,0.53457
10000.0,25.0,0.546438
10000.0,26.0,0.473791
10000.0,27.0,0.501743
10000.0,28.0,0.461257
10000.0,29.0,0.452768
10000.0,30.0,0.406011
10000.0,31.0,0.496285
10000.0,32.0,0.521281
10000.0,33.0,0.546626
10000.0,34.0,0.504255
10000.0,35.0,0.564516
10000.0,36.0,0.449809
10000.0,37.0,0.587678
10000.0,38.0,0.552854
10000.0,39.0,0.495641
10000.0,40.0,0.512597
10000.0,41.0,0.444233
10000.0,42.0,0.493092
10000.0,43.0,0.517264
10000.0,44.0,0.580072
10000.0,45.0,0.5073
10000.0,46.0,0.397531
10000.0,47.0,0.457713
10000.0,48.0,0.500874
10000.0,49.0,0.456925
10000.0,50.0,0.500811
10000.0,51.0,0.473946
10000.0,52.0,0.476986
10000.0,53.0,0.530227
10000.0,54.0,0.57412
10000.0,55.0,0.582671
10000.0,56.0,0.526695
10000.0,57.0,0.464235
10000.0,58.0,0.37521
10000.0,59.0,0.485346
10000.0,60.0,0.495669
10000.0,61.0,0.499763
10000.0,62.0,0.46216
10000.0,63.0,0.419386
10000.0,64.0,0.380349
10000.0,65.0,0.475811
10000.0,66.0,0.521468
10000.0,67.0,0.478511
10000.0,68.0,0.503075
10000.0,69.0,0.500327
10000.0,70.0,0.448197
10000.0,71.0,0.492899
10000.0,72.0,0.528857
10000.0,73.0,0.468247
10000.0,74.0,0.540648
10000.0,75.0,0.576198
10000.0,76.0,0.420535
10000.0,77.0,0.546433
10000.0,78.0,0.472432
10000.0,79.0,0.495453
10000.0,80.0,0.448532
10000.0,81.0,0.469596
10000.0,82.0,0.455133
10000.0,83.0,0.428237
10000.0,84.0,0.443854
10000.0,85.0,0.484668
10000.0,86.0,0.425151
10000.0,87.0,0.574135
10000.0,88.0,0.546633
10000.0,89.0,0.483095
10000.0,90.0,0.44373
10000.0,91.0,0.55202
10000.0,92.0,0.446571
10000.0,93.0,0.443839
10000.0,94.0,0.534229
10000.0,95.0,0.519039
10000.0,96.0,0.460036
10000.0,97.0,0.523612
10000.0,98.0,0.569494
10000.0,99.0,0.484746
10000.0,100.0,0.492055
10000.0,101.0,0.573801
10000.0,102.0,0.449798
10000.0,103.0,0.393337
10000.0,104.0,0.528433
10000.0,105.0,0.610364
10000.0,106.0,0.533775
10000.0,107.0,0.554878
10000.0,108.0,0.622248
10000.0,109.0,0.513412
10000.0,110.0,0.507635
10000.0,111.0,0.557043
10000.0,112.0,0.442178
10000.0,113.0,0.530652
10000.0,114.0,0.500398
10000.0,115.0,0.477169
10000.0,116.0,0.526673
10000.0,117.0,0.460021
10000.0,118.0,0.476276
10000.0,119.0,0.540483
10000.0,120.0,0.482183
10000.0,121.0,0.416462
10000.0,122.0,0.54763
10000.0,123.0,0.526407
10000.0,124.0,0.533397
10000.0,125.0,0.514886
10000.0,126.0,0.543632
10000.0,127.0,0.555923
10000.0,128.0,0.449204
10000.0,129.0,0.47552
10000.0,130.0,0.674545
10000.0,131.0,0.521058
10000.0,132.0,0.425848
10000.0,133.0,0.522992
10000.0,134.0,0.447495
10000.0,135.0,0.43784
10000.0,136.0,0.446529
10000.0,137.0,0.463958
10000.0,138.0,0.54718
10000.0,139.0,0.500087
10000.0,140.0,0.364197
10000.0,141.0,0.444633
10000.0,142.0,0.477555
10000.0,143.0,0.442186
10000.0,144.0,0.520006
10000.0,145.0,0.495179
10000.0,146.0,0.54413
10000.0,147.0,0.468932
10000.0,148.0,0.479228
10000.0,149.0,0.437898
10001.0,0.0,0.490853
10001.0,1.0,0.455253
10001.0,2.0,0.474688
10001.0,3.0,0.528546
10001.0,4.0,0.479078
10001.0,5.0,0.509615
10001.0,6.0,0.500624
10001.0,7.0,0.485151
10001.0,8.0,0.448447
10001.0,9.0,0.470608
10001.0,10.0,0.376909
10001.0,11.0,0.539744
10001.0,12.0,0.586265
10001.0,13.0,0.52345
10001.0,14.0,0.532553
10001.0,15.0,0.529096
10001.0,16.0,0.466702
10001.0,17.0,0.506496
10001.0,18.0,0.542026
10001.0,19.0,0.40067
10001.0,20.0,0.454406
10001.0,21.0,0.477456
10001.0,22.0,0.44565
10001.0,23.0,0.459791
10001.0,24.0,0.53493
10001.0,25.0,0.547138
10001.0,26.0,0.474118
10001.0,27.0,0.501537
10001.0,28.0,0.460856
10001.0,29.0,0.452558
10001.0,30.0,0.407033
10001.0,31.0,0.495869
10001.0,32.0,0.521073
10001.0,33.0,0.547306
10001.0,34.0,0.503908
10001.0,35.0,0.563788
10001.0,36.0,0.450688
10001.0,37.0,0.588155
10001.0,38.0,0.552594
10001.0,39.0,0.495873
10001.0,40.0,0.51174
10001.0,41.0,0.444641
10001.0,42.0,0.493387
10001.0,43.0,0.517639
10001.0,44.0,0.580803
10001.0,45.0,0.507332
10001.0,46.0,0.397467
10001.0,47.0,0.457989
10001.0,48.0,0.500319
10001.0,49.0,0.457565
10001.0,50.0,0.500789
10001.0,51.0,0.474244
10001.0,52.0,0.476207
10001.0,53.0,0.53056
10001.0,54.0,0.574031
10001.0,55.0,0.582383
10001.0,56.0,0.527413
10001.0,57.0,0.463824
10001.0,58.0,0.374967
10001.0,59.0,0.485377
10001.0,60.0,0.496278
10001.0,61.0,0.499685
10001.0,62.0,0.46142
10001.0,63.0,0.418635
10001.0,64.0,0.380153
10001.0,65.0,0.475913
10001.0,66.0,0.521146
10001.0,67.0,0.478763
10001.0,68.0,0.503593
10001.0,69.0,0.50023
10001.0,70.0,0.447733
10001.0,71.0,0.493178
10001.0,72.0,0.529652
10001.0,73.0,0.467946
10001.0,74.0,0.540132
10001.0,75.0,0.576091
10001.0,76.0,0.419562
10001.0,77.0,0.545925
10001.0,78.0,0.472336
10001.0,79.0,0.494098
10001.0,80.0,0.448984
10001.0,81.0,0.469041
10001.0,82.0,0.455943
10001.0,83.0,0.427597
10001.0,84.0,0.444689
10001.0,85.0,0.485049
10001.0,86.0,0.42489
10001.0,87.0,0.574651
10001.0,88.0,0.546564
10001.0,89.0,0.482693
10001.0,90.0,0.443328
10001.0,91.0,0.552713
10001.0,92.0,0.446559
10001.0,93.0,0.444244
10001.0,94.0,0.533925
10001.0,95.0,0.519082
10001.0,96.0,0.460522
10001.0,97.0,0.52398
10001.0,98.0,0.568975
10001.0,99.0,0.484883
10001.0,100.0,0.492262
10001.0,101.0,0.573282
10001.0,102.0,0.449227
10001.0,103.0,0.393302
10001.0,104.0,0.528578
10001.0,105.0,0.610319
10001.0,106.0,0.534611
10001.0,107.0,0.554817
10001.0,108.0,0.622175
10001.0,109.0,0.512885
10001.0,110.0,0.508639
10001.0,111.0,0.557417
10001.0,112.0,0.440931
10001.0,113.0,0.529898
10001.0,114.0,0.500842
10001.0,115.0,0.476811
10001.0,116.0,0.526395
10001.0,117.0,0.460092
10001.0,118.0,0.476557
10001.0,119.0,0.540701
10001.0,120.0,0.481031
10001.0,121.0,0.416243
10001.0,122.0,0.54736
10001.0,123.0,0.525591
10001.0,124.0,0.533582
10001.0,125.0,0.515139
10001.0,126.0,0.543604
10001.0,127.0,0.555549
10001.0,128.0,0.448903
10001.0,129.0,0.475396
10001.0,130.0,0.675396
10001.0,131.0,0.521691
10001.0,132.0,0.426089
10001.0,133.0,0.522564
10001.0,134.0,0.447301
10001.0,135.0,0.437741
10001.0,136.0,0.446872
10001.0,137.0,0.464038
10001.0,138.0,0.547584
10001.0,139.0,0.500727
10001.0,140.0,0.36519
10001.0,141.0,0.444997
10001.0,142.0,0.477608
10001.0,143.0,0.44324
10001.0,144.0,0.52071
10001.0,145.0,0.495149
10001.0,146.0,0.544781
10001.0,147.0,0.468775
10001.0,148.0,0.480235
10001.0,149.0,0.437944
10002.0,0.0,0.490729
10002.0,1.0,0.455001
10002.0,2.0,0.474751
10002.0,3.0,0.52815
10002.0,4.0,0.47942
10002.0,5.0,0.510724
10002.0,6.0,0.500553
10002.0,7.0,0.484504
10002.0,8.0,0.448044
10002.0,9.0,0.471602
10002.0,10.0,0.37778
10002.0,11.0,0.53992
10002.0,12.0,0.586241
10002.0,13.0,0.522581
10002.0,14.0,0.533227
10002.0,15.0,0.52983
10002.0,16.0,0.467409
10002.0,17.0,0.506886
10002.0,18.0,0.542179
10002.0,19.0,0.400574
10002.0,20.0,0.454552
10002.0,21.0,0.478292
10002.0,22.0,0.445258
10002.0,23.0,0.460111
10002.0,24.0,0.534913
10002.0,25.0,0.546323
10002.0,26.0,0.474543
10002.0,27.0,0.500824
10002.0,28.0,0.460575
10002.0,29.0,0.452536
10002.0,30.0,0.406008
10002.0,31.0,0.496175
10002.0,32.0,0.521134
10002.0,33.0,0.547501
10002.0,34.0,0.504415
10002.0,35.0,0.563643
10002.0,36.0,0.450675
10002.0,37.0,0.58764
10002.0,38.0,0.552784
10002.0,39.0,0.494885
10002.0,40.0,0.511873
10002.0,41.0,0.444465
10002.0,42.0,0.49334
10002.0,43.0,0.517278
10002.0,44.0,0.579888
10002.0,45.0,0.507593
10002.0,46.0,0.39722
10002.0,47.0,0.457021
10002.0,48.0,0.49974
10002.0,49.0,0.456928
10002.0,50.0,0.500762
10002.0,51.0,0.474143
10002.0,52.0,0.476194
10002.0,53.0,0.530186
10002.0,54.0,0.574153
10002.0,55.0,0.582562
10002.0,56.0,0.527543
10002.0,57.0,0.463796
10002.0,58.0,0.374557
10002.0,59.0,0.485245
10002.0,60.0,0.496749
10002.0,61.0,0.49951
10002.0,62.0,0.461528
10002.0,63.0,0.419038
10002.0,64.0,0.379731
10002.0,65.0,0.47601
10002.0,66.0,0.520021
10002.0,67.0,0.478644
10002.0,68.0,0.503764
10002.0,69.0,0.499946
10002.0,70.0,0.447832
10002.0,71.0,0.493588
10002.0,72.0,0.530204
10002.0,73.0,0.468164
10002.0,74.0,0.540467
10002.0,75.0,0.575101
10002.0,76.0,0.41877
10002.0,77.0,0.546464
10002.0,78.0,0.47352
10002.0,79.0,0.494452
10002.0,80.0,0.448167
10002.0,81.0,0.468705
10002.0,82.0,0.456133
10002.0,83.0,0.427656
10002.0,84.0,0.444204
10002.0,85.0,0.484251
10002.0,86.0,0.42604
10002.0,87.0,0.574342
10002.0,88.0,0.54667
10002.0,89.0,0.482839
10002.0,90.0,0.44316
10002.0,91.0,0.552087
10002.0,92.0,0.447179
10002.0,93.0,0.444072
10002.0,94.0,0.533219
10002.0,95.0,0.519012
10002.0,96.0,0.459936
10002.0,97.0,0.523599
10002.0,98.0,0.568531
10002.0,99.0,0.484852
10002.0,100.0,0.491306
10002.0,101.0,0.573666
10002.0,102.0,0.449206
10002.0,103.0,0.39406
10002.0,104.0,0.529568
10002.0,105.0,0.611074
10002.0,106.0,0.534298
10002.0,107.0,0.554442
10002.0,108.0,0.622008
10002.0,109.0,0.512874
10002.0,110.0,0.508635
10002.0,111.0,0.556645
10002.0,112.0,0.441045
10002.0,113.0,0.530648
10002.0,114.0,0.501011
10002.0,115.0,0.47675
10002.0,116.0,0.526716
10002.0,117.0,0.459972
10002.0,118.0,0.477416
10002.0,119.0,0.540872
10002.0,120.0,0.481332
10002.0,121.0,0.416221
10002.0,122.0,0.547007
10002.0,123.0,0.525603
10002.0,124.0,0.533501
10002.0,125.0,0.516604
10002.0,126.0,0.544296
10002.0,127.0,0.555417
10002.0,128.0,0.449038
10002.0,129.0,0.474605
10002.0,130.0,0.675257
10002.0,131.0,0.522156
10002.0,132.0,0.425924
10002.0,133.0,0.522605
10002.0,134.0,0.44756
10002.0,135.0,0.437718
10002.0,136.0,0.446103
10002.0,137.0,0.46442
10002.0,138.0,0.547248
10002.0,139.0,0.499906
10002.0,140.0,0.364554
10002.0,141.0,0.444991
10002.0,142.0,0.477961
10002.0,143.0,0.443697
10002.0,144.0,0.520612
10002.0,145.0,0.49531
10002.0,146.0,0.544389
10002.0,147.0,0.469201
10002.0,148.0,0.480137
10002.0,149.0,0.437721
10003.0,0.0,0.49108
10003.0,1.0,0.45482
10003.0,2.0,0.474683
10003.0,3.0,0.528173
10003.0,4.0,0.479215
10003.0,5.0,0.510897
10003.0,6.0,0.501647
10003.0,7.0,0.484169
10003.0,8.0,0.447977
10003.0,9.0,0.472256
10003.0,10.0,0.377389
10003.0,11.0,0.540696
10003.0,12.0,0.586313
10003.0,13.0,0.522243
10003.0,14.0,0.533601
10003.0,15.0,0.530077
10003.0,16.0,0.468169
10003.0,17.0,0.506826
10003.0,18.0,0.542213
10003.0,19.0,0.400229
10003.0,20.0,0.455171
10003.0,21.0,0.478626
10003.0,22.0,0.44515
10003.0,23.0,0.460123
10003.0,24.0,0.534699
10003.0,25.0,0.545892
10003.0,26.0,0.475212
10003.0,27.0,0.50068
10003.0,28.0,0.460769
10003.0,29.0,0.453084
10003.0,30.0,0.406569
10003.0,31.0,0.496073
10003.0,32.0,0.521896
10003.0,33.0,0.5482
10003.0,34.0,0.504537
10003.0,35.0,0.563239
10003.0,36.0,0.450797
10003.0,37.0,0.587356
10003.0,38.0,0.553021
10003.0,39.0,0.495344
10003.0,40.0,0.51209
10003.0,41.0,0.443977
10003.0,42.0,0.492923
10003.0,43.0,0.517637
10003.0,44.0,0.580066
10003.0,45.0,0.507685
10003.0,46.0,0.39651
10003.0,47.0,0.456781
10003.0,48.0,0.49894
10003.0,49.0,0.456425
10003.0,50.0,0.500863
10003.0,51.0,0.474302
10003.0,52.0,0.475206
10003.0,53.0,0.530656
10003.0,54.0,0.574703
10003.0,55.0,0.582341
10003.0,56.0,0.526487
10003.0,57.0,0.462823
10003.0,58.0,0.375024
10003.0,59.0,0.484618
10003.0,60.0,0.496697
10003.0,61.0,0.499474
10003.0,62.0,0.461628
10003.0,63.0,0.418764
10003.0,64.0,0.379621
10003.0,65.0,0.476257
10003.0,66.0,0.520381
10003.0,67.0,0.478135
10003.0,68.0,0.503493
10003.0,69.0,0.500757
10003.0,70.0,0.447628
10003.0,71.0,0.494208
10003.0,72.0,0.528831
10003.0,73.0,0.468672
10003.0,74.0,0.540113
10003.0,75.0,0.57431
10003.0,76.0,0.419443
10003.0,77.0,0.54608
10003.0,78.0,0.474138
10003.0,79.0,0.494387
10003.0,80.0,0.44836
10003.0,81.0,0.468431
10003.0,82.0,0.455401
10003.0,83.0,0.427752
10003.0,84.0,0.44438
10003.0,85.0,0.483602
10003.0,86.0,0.42613
10003.0,87.0,0.574667
10003.0,88.0,0.546787
10003.0,89.0,0.482706
10003.0,90.0,0.442912
10003.0,91.0,0.551938
10003.0,92.0,0.447114
10003.0,93.0,0.444144
10003.0,94.0,0.533976
10003.0,95.0,0.518925
10003.0,96.0,0.460399
10003.0,97.0,0.523974
10003.0,98.0,0.569051
10003.0,99.0,0.484668
10003.0,100.0,0.49156
10003.0,101.0,0.57367
10003.0,102.0,0.449076
10003.0,103.0,0.39399
10003.0,104.0,0.529876
10003.0,105.0,0.611366
10003.0,106.0,0.53371
10003.0,107.0,0.554992
10003.0,108.0,0.621852
10003.0,109.0,0.512935
10003.0,110.0,0.508636
10003.0,111.0,0.556626
10003.0,112.0,0.441278
10003.0,113.0,0.530513
10003.0,114.0,0.501374
10003.0,115.0,0.476231
10003.0,116.0,0.526983
10003.0,117.0,0.460066
10003.0,118.0,0.47766
10003.0,119.0,0.542148
10003.0,120.0,0.480361
10003.0,121.0,0.415986
10003.0,122.0,0.547252
10003.0,123.0,0.525837
10003.0,124.0,0.533576
10003.0,125.0,0.516585
10003.0,126.0,0.544922
10003.0,127.0,0.555707
10003.0,128.0,0.449965
10003.0,129.0,0.473399
10003.0,130.0,0.675405
10003.0,131.0,0.522301
10003.0,132.0,0.42637
10003.0,133.0,0.522468
10003.0,134.0,0.447418
10003.0,135.0,0.437595
10003.0,136.0,0.446046
10003.0,137.0,0.463739
10003.0,138.0,0.546923
10003.0,139.0,0.499664
10003.0,140.0,0.364014
10003.0,141.0,0.444746
10003.0,142.0,0.477172
10003.0,143.0,0.443756
10003.0,144.0,0.520739
10003.0,145.0,0.495194
10003.0,146.0,0.544691
10003.0,147.0,0.468993
10003.0,148.0,0.479619
10003.0,149.0,0.437887
10004.0,0.0,0.491022
10004.0,1.0,0.454961
10004.0,2.0,0.474208
10004.0,3.0,0.528182
10004.0,4.0,0.479413
10004.0,5.0,0.511671
10004.0,6.0,0.500747
10004.0,7.0,0.484818
10004.0,8.0,0.448869
10004.0,9.0,0.471699
10004.0,10.0,0.377668
10004.0,11.0,0.540452
10004.0,12.0,0.587003
10004.0,13.0,0.522176
10004.0,14.0,0.533248
10004.0,15.0,0.530723
10004.0,16.0,0.468489
10004.0,17.0,0.50657
10004.0,18.0,0.541296
10004.0,19.0,0.399323
10004.0,20.0,0.455557
10004.0,21.0,0.478752
10004.0,22.0,0.445914
10004.0,23.0,0.460258
10004.0,24.0,0.534366
10004.0,25.0,0.545464
10004.0,26.0,0.475834
10004.0,27.0,0.500337
10004.0,28.0,0.460585
10004.0,29.0,0.452965
10004.0,30.0,0.406763
10004.0,31.0,0.495734
10004.0,32.0,0.522035
10004.0,33.0,0.547636
10004.0,34.0,0.504448
10004.0,35.0,0.563402
10004.0,36.0,0.450903
10004.0,37.0,0.58697
10004.0,38.0,0.552899
10004.0,39.0,0.49525
10004.0,40.0,0.512356
10004.0,41.0,0.445302
10004.0,42.0,0.493076
10004.0,43.0,0.518116
10004.0,44.0,0.580096
10004.0,45.0,0.507876
10004.0,46.0,0.397284
10004.0,47.0,0.456494
10004.0,48.0,0.500036
10004.0,49.0,0.456498
10004.0,50.0,0.501308
10004.0,51.0,0.473674
10004.0,52.0,0.476556
10004.0,53.0,0.53051
10004.0,54.0,0.575307
10004.0,55.0,0.582276
10004.0,56.0,0.526391
10004.0,57.0,0.462441
10004.0,58.0,0.375195
10004.0,59.0,0.484679
10004.0,60.0,0.497119
10004.0,61.0,0.499003
10004.0,62.0,0.461497
10004.0,63.0,0.419298
10004.0,64.0,0.379732
10004.0,65.0,0.477057
10004.0,66.0,0.520064
10004.0,67.0,0.478397
10004.0,68.0,0.502753
10004.0,69.0,0.501227
10004.0,70.0,0.447768
10004.0,71.0,0.494629
10004.0,72.0,0.528475
10004.0,73.0,0.467937
10004.0,74.0,0.539066
10004.0,75.0,0.574368
10004.0,76.0,0.419168
10004.0,77.0,0.546897
10004.0,78.0,0.473926
10004.0,79.0,0.495193
10004.0,80.0,0.447535
10004.0,81.0,0.467702
10004.0,82.0,0.455237
10004.0,83.0,0.427476
10004.0,84.0,0.445086
10004.0,85.0,0.48394
10004.0,86.0,0.426516
10004.0,87.0,0.573985
10004.0,88.0,0.546518
10004.0,89.0,0.483293
10004.0,90.0,0.442657
10004.0,91.0,0.552228
10004.0,92.0,0.447385
10004.0,93.0,0.443522
10004.0,94.0,0.533969
10004.0,95.0,0.517896
10004.0,96.0,0.460328
10004.0,97.0,0.523652
10004.0,98.0,0.568908
10004.0,99.0,0.484977
10004.0,100.0,0.492106
10004.0,101.0,0.573309
10004.0,102.0,0.450014
10004.0,103.0,0.394066
10004.0,104.0,0.529466
10004.0,105.0,0.612034
10004.0,106.0,0.534027
10004.0,107.0,0.554831
10004.0,108.0,0.621961
10004.0,109.0,0.514008
10004.0,110.0,0.509313
10004.0,111.0,0.557039
10004.0,112.0,0.441274
10004.0,113.0,0.530184
10004.0,114.0,0.501382
10004.0,115.0,0.47553
10004.0,116.0,0.526876
10004.0,117.0,0.459389
10004.0,118.0,0.477645
10004.0,119.0,0.542196
10004.0,120.0,0.479573
10004.0,121.0,0.415198
10004.0,122.0,0.547461
10004.0,123.0,0.525402
10004.0,124.0,0.534342
10004.0,125.0,0.516442
10004.0,126.0,0.545082
10004.0,127.0,0.556285
10004.0,128.0,0.450198
10004.0,129.0,0.473775
10004.0,130.0,0.675303
10004.0,131.0,0.522397
10004.0,132.0,0.427143
10004.0,133.0,0.523009
10004.0,134.0,0.447782
10004.0,135.0,0.437599
10004.0,136.0,0.44643
10004.0,137.0,0.463821
10004.0,138.0,0.546416
10004.0,139.0,0.499689
10004.0,140.0,0.36409
10004.0,141.0,0.444093
10004.0,142.0,0.476497
10004.0,143.0,0.444011
10004.0,144.0,0.520276
10004.0,145.0,0.495134
10004.0,146.0,0.54571
10004.0,147.0,0.469411
10004.0,148.0,0.480136
10004.0,149.0,0.437939
10005.0,0.0,0.490554
10005.0,1.0,0.455445
10005.0,2.0,0.473715
10005.0,3.0,0.528536
10005.0,4.0,0.479098
10005.0,5.0,0.511838
10005.0,6.0,0.500474
10005.0,7.0,0.483929
10005.0,8.0,0.449113
10005.0,9.0,0.472037
10005.0,10.0,0.3771
10005.0,11.0,0.539662
10005.0,12.0,0.58553
10005.0,13.0,0.522564
10005.0,14.0,0.533956
10005.0,15.0,0.529944
10005.0,16.0,0.468776
10005.0,17.0,0.506168
10005.0,18.0,0.541743
10005.0,19.0,0.399613
10005.0,20.0,0.455411
10005.0,21.0,0.479545
10005.0,22.0,0.445695
10005.0,23.0,0.460499
10005.0,24.0,0.535044
10005.0,25.0,0.545861
10005.0,26.0,0.476011
10005.0,27.0,0.499732
10005.0,28.0,0.460245
10005.0,29.0,0.452626
10005.0,30.0,0.406641
10005.0,31.0,0.496624
10005.0,32.0,0.521633
10005.0,33.0,0.547845
10005.0,34.0,0.50448
10005.0,35.0,0.563132
10005.0,36.0,0.45055
10005.0,37.0,0.587456
10005.0,38.0,0.553561
10005.0,39.0,0.495362
10005.0,40.0,0.512859
10005.0,41.0,0.446417
10005.0,42.0,0.494002
10005.0,43.0,0.517836
10005.0,44.0,0.579544
10005.0,45.0,0.508459
10005.0,46.0,0.397643
10005.0,47.0,0.45642
10005.0,48.0,0.499906
10005.0,49.0,0.457091
10005.0,50.0,0.500746
10005.0,51.0,0.47383
10005.0,52.0,0.476021
10005.0,53.0,0.530628
10005.0,54.0,0.575518
10005.0,55.0,0.582092
10005.0,56.0,0.526446
10005.0,57.0,0.462634
10005.0,58.0,0.375282
10005.0,59.0,0.484493
10005.0,60.0,0.497551
10005.0,61.0,0.499386
10005.0,62.0,0.460914
10005.0,63.0,0.419082
10005.0,64.0,0.379592
10005.0,65.0,0.477217
10005.0,66.0,0.520027
10005.0,67.0,0.478412
10005.0,68.0,0.503596
10005.0,69.0,0.500492
10005.0,70.0,0.448035
10005.0,71.0,0.495016
10005.0,72.0,0.529087
10005.0,73.0,0.467964
10005.0,74.0,0.538783
10005.0,75.0,0.57512
10005.0,76.0,0.419117
10005.0,77.0,0.546869
10005.0,78.0,0.473559
10005.0,79.0,0.494663
10005.0,80.0,0.448159
10005.0,81.0,0.46764
10005.0,82.0,0.456682
10005.0,83.0,0.427562
10005.0,84.0,0.444679
10005.0,85.0,0.483451
10005.0,86.0,0.426475
10005.0,87.0,0.573276
10005.0,88.0,0.546801
10005.0,89.0,0.483618
10005.0,90.0,0.442868
10005.0,91.0,0.552518
10005.0,92.0,0.447306
10005.0,93.0,0.44346
10005.0,94.0,0.533744
10005.0,95.0,0.518174
10005.0,96.0,0.461294
10005.0,97.0,0.523702
10005.0,98.0,0.569595
10005.0,99.0,0.485452
10005.0,100.0,0.49182
10005.0,101.0,0.573875
10005.0,102.0,0.450594
10005.0,103.0,0.392676
10005.0,104.0,0.530125
10005.0,105.0,0.61223
10005.0,106.0,0.533597
10005.0,107.0,0.555191
10005.0,108.0,0.622581
10005.0,109.0,0.514459
10005.0,110.0,0.50885
10005.0,111.0,0.557417
10005.0,112.0,0.44106
10005.0,113.0,0.530091
10005.0,114.0,0.501303
10005.0,115.0,0.475707
10005.0,116.0,0.527549
10005.0,117.0,0.459713
10005.0,118.0,0.476997
10005.0,119.0,0.541583
10005.0,120.0,0.479085
10005.0,121.0,0.415806
10005.0,122.0,0.547474
10005.0,123.0,0.525001
10005.0,124.0,0.534295
10005.0,125.0,0.516638
10005.0,126.0,0.544753
10005.0,127.0,0.555405
10005.0,128.0,0.450048
10005.0,129.0,0.473137
10005.0,130.0,0.675954
10005.0,131.0,0.523186
10005.0,132.0,0.42722
10005.0,133.0,0.523149
10005.0,134.0,0.448409
10005.0,135.0,0.437589
10005.0,136.0,0.446529
10005.0,137.0,0.463522
10005.0,138.0,0.545984
10005.0,139.0,0.499076
10005.0,140.0,0.364656
10005.0,141.0,0.443949
10005.0,142.0,0.476746
10005.0,143.0,0.443841
10005.0,144.0,0.520816
10005.0,145.0,0.494986
10005.0,146.0,0.546635
10005.0,147.0,0.469482
10005.0,148.0,0.479715
10005.0,149.0,0.437721
10006.0,0.0,0.490982
10006.0,1.0,0.454902
10006.0,2.0,0.473455
10006.0,3.0,0.527975
10006.0,4.0,0.478699
10006.0,5.0,0.512471
10006.0,6.0,0.499521
10006.0,7.0,0.484041
10006.0,8.0,0.449585
10006.0,9.0,0.473172
10006.0,10.0,0.376538
10006.0,11.0,0.539952
10006.0,12.0,0.585894
10006.0,13.0,0.522534
10006.0,14.0,0.533898
10006.0,15.0,0.529877
10006.0,16.0,0.468965
10006.0,17.0,0.506084
10006.0,18.0,0.541261
10006.0,19.0,0.400096
10006.0,20.0,0.456392
10006.0,21.0,0.47935
10006.0,22.0,0.445831
10006.0,23.0,0.460914
10006.0,24.0,0.535083
10006.0,25.0,0.544661
10006.0,26.0,0.474769
10006.0,27.0,0.499228
10006.0,28.0,0.459699
10006.0,29.0,0.452151
10006.0,30.0,0.406963
10006.0,31.0,0.497488
10006.0,32.0,0.521911
10006.0,33.0,0.548883
10006.0,34.0,0.50444
10006.0,35.0,0.562499
10006.0,36.0,0.450039
10006.0,37.0,0.587034
10006.0,38.0,0.55344
10006.0,39.0,0.494971
10006.0,40.0,0.512415
10006.0,41.0,0.446697
10006.0,42.0,0.493481
10006.0,43.0,0.517952
10006.0,44.0,0.579041
10006.0,45.0,0.508341
10006.0,46.0,0.398285
10006.0,47.0,0.456868
10006.0,48.0,0.499907
10006.0,49.0,0.457912
10006.0,50.0,0.501052
10006.0,51.0,0.473291
10006.0,52.0,0.475804
10006.0,53.0,0.530195
10006.0,54.0,0.574806
10006.0,55.0,0.582778
10006.0,56.0,0.52721
10006.0,57.0,0.462827
10006.0,58.0,0.37521
10006.0,59.0,0.485104
10006.0,60.0,0.496974
10006.0,61.0,0.499611
10006.0,62.0,0.460721
10006.0,63.0,0.418088
10006.0,64.0,0.378447
10006.0,65.0,0.476753
10006.0,66.0,0.519627
10006.0,67.0,0.477999
10006.0,68.0,0.503679
10006.0,69.0,0.499848
10006.0,70.0,0.448712
10006.0,71.0,0.494193
10006.0,72.0,0.529578
10006.0,73.0,0.467641
10006.0,74.0,0.539297
10006.0,75.0,0.574453
10006.0,76.0,0.418648
10006.0,77.0,0.546899
10006.0,78.0,0.473196
10006.0,79.0,0.494314
10006.0,80.0,0.448035
10006.0,81.0,0.467846
10006.0,82.0,0.456021
10006.0,83.0,0.428004
10006.0,84.0,0.444584
10006.0,85.0,0.483628
10006.0,86.0,0.426361
10006.0,87.0,0.57415
10006.0,88.0,0.546053
10006.0,89.0,0.483726
10006.0,90.0,0.442842
10006.0,91.0,0.552063
10006.0,92.0,0.447459
10006.0,93.0,0.443439
10006.0,94.0,0.534457
10006.0,95.0,0.518317
10006.0,96.0,0.46111
10006.0,97.0,0.524081
10006.0,98.0,0.569281
10006.0,99.0,0.485072
10006.0,100.0,0.491696
10006.0,101.0,0.573222
10006.0,102.0,0.451405
10006.0,103.0,0.393182
10006.0,104.0,0.529571
10006.0,105.0,0.612151
10006.0,106.0,0.532584
10006.0,107.0,0.554681
10006.0,108.0,0.623229
10006.0,109.0,0.515303
10006.0,110.0,0.508549
10006.0,111.0,0.558219
10006.0,112.0,0.441736
10006.0,113.0,0.529598
10006.0,114.0,0.501471
10006.0,115.0,0.476336
10006.0,116.0,0.526161
10006.0,117.0,0.459179
10006.0,118.0,0.477399
10006.0,119.0,0.541489
10006.0,120.0,0.479398
10006.0,121.0,0.415374
10006.0,122.0,0.547186
10006.0,123.0,0.524971
10006.0,124.0,0.534068
10006.0,125.0,0.516453
10006.0,126.0,0.544941
10006.0,127.0,0.555526
10006.0,128.0,0.450997
10006.0,129.0,0.473305
10006.0,130.0,0.676887
10006.0,131.0,0.522954
10006.0,132.0,0.427885
10006.0,133.0,0.522462
10006.0,134.0,0.448926
10006.0,135.0,0.437852
10006.0,136.0,0.446474
10006.0,137.0,0.463808
10006.0,138.0,0.546141
10006.0,139.0,0.499692
10006.0,140.0,0.364766
10006.0,141.0,0.443682
10006.0,142.0,0.477017
10006.0,143.0,0.443592
10006.0,144.0,0.520313
10006.0,145.0,0.494775
10006.0,146.0,0.545805
10006.0,147.0,0.4695
10006.0,148.0,0.479068
10006.0,149.0,0.437852
10007.0,0.0,0.490802
10007.0,1.0,0.454975
10007.0,2.0,0.47308
10007.0,3.0,0.52748
10007.0,4.0,0.478631
10007.0,5.0,0.512495
10007.0,6.0,0.499091
10007.0,7.0,0.484634
10007.0,8.0,0.449787
10007.0,9.0,0.472327
10007.0,10.0,0.37571
10007.0,11.0,0.539663
10007.0,12.0,0.585505
10007.0,13.0,0.522982
10007.0,14.0,0.532719
10007.0,15.0,0.530014
10007.0,16.0,0.469274
10007.0,17.0,0.506664
10007.0,18.0,0.541693
10007.0,19.0,0.399728
10007.0,20.0,0.456375
10007.0,21.0,0.479243
10007.0,22.0,0.44582
10007.0,23.0,0.461434
10007.0,24.0,0.534561
10007.0,25.0,0.544083
10007.0,26.0,0.474355
10007.0,27.0,0.499459
10007.0,28.0,0.459346
10007.0,29.0,0.452371
10007.0,30.0,0.406362
10007.0,31.0,0.496711
10007.0,32.0,0.521535
10007.0,33.0,0.54949
10007.0,34.0,0.504385
10007.0,35.0,0.562427
10007.0,36.0,0.450253
10007.0,37.0,0.586415
10007.0,38.0,0.553901
10007.0,39.0,0.494994
10007.0,40.0,0.512034
10007.0,41.0,0.445788
10007.0,42.0,0.493128
10007.0,43.0,0.518126
10007.0,44.0,0.579487
10007.0,45.0,0.508147
10007.0,46.0,0.39858
10007.0,47.0,0.45649
10007.0,48.0,0.499446
10007.0,49.0,0.458408
10007.0,50.0,0.500765
10007.0,51.0,0.473713
10007.0,52.0,0.475855
10007.0,53.0,0.529736
10007.0,54.0,0.574507
10007.0,55.0,0.583259
10007.0,56.0,0.526881
10007.0,57.0,0.463207
10007.0,58.0,0.375278
10007.0,59.0,0.485352
10007.0,60.0,0.497659
10007.0,61.0,0.498957
10007.0,62.0,0.46008
10007.0,63.0,0.417326
10007.0,64.0,0.378529
10007.0,65.0,0.47636
10007.0,66.0,0.520105
10007.0,67.0,0.477679
10007.0,68.0,0.503732
10007.0,69.0,0.500655
10007.0,70.0,0.449497
10007.0,71.0,0.493877
10007.0,72.0,0.529912
10007.0,73.0,0.46698
10007.0,74.0,0.539701
10007.0,75.0,0.574347
10007.0,76.0,0.418811
10007.0,77.0,0.546902
10007.0,78.0,0.47399
10007.0,79.0,0.494683
10007.0,80.0,0.447281
10007.0,81.0,0.466994
10007.0,82.0,0.455204
10007.0,83.0,0.427401
10007.0,84.0,0.444942
10007.0,85.0,0.483116
10007.0,86.0,0.426089
10007.0,87.0,0.573365
10007.0,88.0,0.546477
10007.0,89.0,0.483668
10007.0,90.0,0.442276
10007.0,91.0,0.553235
10007.0,92.0,0.447455
10007.0,93.0,0.44379
10007.0,94.0,0.534812
10007.0,95.0,0.518311
10007.0,96.0,0.461804
10007.0,97.0,0.523857
10007.0,98.0,0.569652
10007.0,99.0,0.484488
10007.0,100.0,0.491359
10007.0,101.0,0.573351
10007.0,102.0,0.450958
10007.0,103.0,0.392867
10007.0,104.0,0.529569
10007.0,105.0,0.61172
10007.0,106.0,0.531931
10007.0,107.0,0.555325
10007.0,108.0,0.623277
10007.0,109.0,0.515154
10007.0,110.0,0.50862
10007.0,111.0,0.558675
10007.0,112.0,0.441716
10007.0,113.0,0.528978
10007.0,114.0,0.501055
10007.0,115.0,0.477075
10007.0,116.0,0.526857
10007.0,117.0,0.458808
10007.0,118.0,0.477835
10007.0,119.0,0.541741
10007.0,120.0,0.478646
10007.0,121.0,0.415563
10007.0,122.0,0.547152
10007.0,123.0,0.52494
10007.0,124.0,0.535134
10007.0,125.0,0.5166
10007.0,126.0,0.545159
10007.0,127.0,0.555894
10007.0,128.0,0.451191
10007.0,129.0,0.473284
10007.0,130.0,0.677301
10007.0,131.0,0.522709
10007.0,132.0,0.427877
10007.0,133.0,0.522424
10007.0,134.0,0.448938
10007.0,135.0,0.437801
10007.0,136.0,0.446583
10007.0,137.0,0.464123
10007.0,138.0,0.545309
10007.0,139.0,0.499225
10007.0,140.0,0.365584
10007.0,141.0,0.443711
10007.0,142.0,0.47701
10007.0,143.0,0.44302
10007.0,144.0,0.519488
10007.0,145.0,0.494632
10007.0,146.0,0.546344
10007.0,147.0,0.468375
10007.0,148.0,0.47934
10007.0,149.0,0.437942
10008.0,0.0,0.491044
10008.0,1.0,0.455542
10008.0,2.0,0.472664
10008.0,3.0,0.527161
10008.0,4.0,0.477814
10008.0,5.0,0.512915
10008.0,6.0,0.498728
10008.0,7.0,0.484856
10008.0,8.0,0.449049
10008.0,9.0,0.471967
10008.0,10.0,0.375619
10008.0,11.0,0.540693
10008.0,12.0,0.585797
10008.0,13.0,0.522121
10008.0,14.0,0.53295
10008.0,15.0,0.52979
10008.0,16.0,0.468957
10008.0,17.0,0.505648
10008.0,18.0,0.542184
10008.0,19.0,0.400508
10008.0,20.0,0.457271
10008.0,21.0,0.479001
10008.0,22.0,0.445751
10008.0,23.0,0.461219
10008.0,24.0,0.535098
10008.0,25.0,0.543762
10008.0,26.0,0.474335
10008.0,27.0,0.498641
10008.0,28.0,0.459074
10008.0,29.0,0.452603
10008.0,30.0,0.407144
10008.0,31.0,0.496831
10008.0,32.0,0.521527
10008.0,33.0,0.549944
10008.0,34.0,0.504333
10008.0,35.0,0.561989
10008.0,36.0,0.449875
10008.0,37.0,0.586023
10008.0,38.0,0.553517
10008.0,39.0,0.495262
10008.0,40.0,0.511921
10008.0,41.0,0.446037
10008.0,42.0,0.494188
10008.0,43.0,0.517898
10008.0,44.0,0.579429
10008.0,45.0,0.508157
10008.0,46.0,0.398115
10008.0,47.0,0.456911
10008.0,48.0,0.499902
10008.0,49.0,0.458605
10008.0,50.0,0.500681
10008.0,51.0,0.472733
10008.0,52.0,0.475613
10008.0,53.0,0.529672
10008.0,54.0,0.574219
10008.0,55.0,0.583627
10008.0,56.0,0.527208
10008.0,57.0,0.46302
10008.0,58.0,0.37543
10008.0,59.0,0.486055
10008.0,60.0,0.497692
10008.0,61.0,0.498682
10008.0,62.0,0.459939
10008.0,63.0,0.41752
10008.0,64.0,0.378933
10008.0,65.0,0.476463
10008.0,66.0,0.519338
10008.0,67.0,0.47802
10008.0,68.0,0.503242
10008.0,69.0,0.500851
10008.0,70.0,0.449912
10008.0,71.0,0.494711
10008.0,72.0,0.530322
10008.0,73.0,0.468039
10008.0,74.0,0.539284
10008.0,75.0,0.573973
10008.0,76.0,0.418773
10008.0,77.0,0.546707
10008.0,78.0,0.474525
10008.0,79.0,0.494442
10008.0,80.0,0.446902
10008.0,81.0,0.467327
10008.0,82.0,0.455861
10008.0,83.0,0.427673
10008.0,84.0,0.444258
10008.0,85.0,0.482817
10008.0,86.0,0.426485
10008.0,87.0,0.573632
10008.0,88.0,0.547162
10008.0,89.0,0.483295
10008.0,90.0,0.442448
10008.0,91.0,0.552626
10008.0,92.0,0.447504
10008.0,93.0,0.444065
10008.0,94.0,0.534954
10008.0,95.0,0.518126
10008.0,96.0,0.461257
10008.0,97.0,0.523938
10008.0,98.0,0.56974
10008.0,99.0,0.484713
10008.0,100.0,0.491826
10008.0,101.0,0.573442
10008.0,102.0,0.451336
10008.0,103.0,0.392762
10008.0,104.0,0.529373
10008.0,105.0,0.611103
10008.0,106.0,0.532314
10008.0,107.0,0.555999
10008.0,108.0,0.623258
10008.0,109.0,0.514992
10008.0,110.0,0.508775
10008.0,111.0,0.55836
10008.0,112.0,0.441279
10008.0,113.0,0.52874
10008.0,114.0,0.500898
10008.0,115.0,0.476213
10008.0,116.0,0.526775
10008.0,117.0,0.459441
10008.0,118.0,0.47732
10008.0,119.0,0.541026
10008.0,120.0,0.478514
10008.0,121.0,0.415621
10008.0,122.0,0.547036
10008.0,123.0,0.525241
10008.0,124.0,0.535032
10008.0,125.0,0.516181
10008.0,126.0,0.545399
10008.0,127.0,0.556339
10008.0,128.0,0.45103
10008.0,129.0,0.473273
10008.0,130.0,0.676407
10008.0,131.0,0.522411
10008.0,132.0,0.428574
10008.0,133.0,0.522346
10008.0,134.0,0.449782
10008.0,135.0,0.437312
10008.0,136.0,0.44611
10008.0,137.0,0.464653
10008.0,138.0,0.545017
10008.0,139.0,0.498867
10008.0,140.0,0.365969
10008.0,141.0,0.444808
10008.0,142.0,0.476371
10008.0,143.0,0.442607
10008.0,144.0,0.520061
10008.0,145.0,0.494735
10008.0,146.0,0.545712
10008.0,147.0,0.469166
10008.0,148.0,0.478899
10008.0,149.0,0.43716
10009.0,0.0,0.490684
10009.0,1.0,0.455289
10009.0,2.0,0.472588
10009.0,3.0,0.526726
10009.0,4.0,0.47738
10009.0,5.0,0.512692
10009.0,6.0,0.497966
10009.0,7.0,0.484277
10009.0,8.0,0.448244
10009.0,9.0,0.472243
10009.0,10.0,0.375167
10009.0,11.0,0.539747
10009.0,12.0,0.586068
10009.0,13.0,0.521782
10009.0,14.0,0.532595
10009.0,15.0,0.530056
10009.0,16.0,0.469037
10009.0,17.0,0.506482
10009.0,18.0,0.542471
10009.0,19.0,0.400343
10009.0,20.0,0.456804
10009.0,21.0,0.479478
10009.0,22.0,0.444971
10009.0,23.0,0.461887
10009.0,24.0,0.535061
10009.0,25.0,0.543342
10009.0,26.0,0.474134
10009.0,27.0,0.49827
10009.0,28.0,0.459839
10009.0,29.0,0.451661
10009.0,30.0,0.407319
10009.0,31.0,0.497621
10009.0,32.0,0.52057
10009.0,33.0,0.550366
10009.0,34.0,0.504124
10009.0,35.0,0.562967
10009.0,36.0,0.449875
10009.0,37.0,0.58589
10009.0,38.0,0.553533
10009.0,39.0,0.494857
10009.0,40.0,0.511508
10009.0,41.0,0.446266
10009.0,42.0,0.494272
10009.0,43.0,0.518787
10009.0,44.0,0.58021
10009.0,45.0,0.507837
10009.0,46.0,0.397809
10009.0,47.0,0.45712
10009.0,48.0,0.499964
10009.0,49.0,0.459424
10009.0,50.0,0.499847
10009.0,51.0,0.47359
10009.0,52.0,0.475038
10009.0,53.0,0.529095
10009.0,54.0,0.573823
10009.0,55.0,0.583006
10009.0,56.0,0.526485
10009.0,57.0,0.462852
10009.0,58.0,0.375803
10009.0,59.0,0.485868
10009.0,60.0,0.497238
10009.0,61.0,0.498602
10009.0,62.0,0.459473
10009.0,63.0,0.416999
10009.0,64.0,0.379925
10009.0,65.0,0.476535
10009.0,66.0,0.519785
10009.0,67.0,0.477339
10009.0,68.0,0.503671
10009.0,69.0,0.500388
10009.0,70.0,0.450036
10009.0,71.0,0.494697
10009.0,72.0,0.529968
10009.0,73.0,0.467783
10009.0,74.0,0.538378
10009.0,75.0,0.573843
10009.0,76.0,0.419414
10009.0,77.0,0.546587
10009.0,78.0,0.474819
10009.0,79.0,0.494028
10009.0,80.0,0.446654
10009.0,81.0,0.467882
10009.0,82.0,0.455395
10009.0,83.0,0.427147
10009.0,84.0,0.444368
10009.0,85.0,0.482889
10009.0,86.0,0.42632
10009.0,87.0,0.573863
10009.0,88.0,0.547417
10009.0,89.0,0.483487
10009.0,90.0,0.442766
10009.0,91.0,0.552695
10009.0,92.0,0.447613
10009.0,93.0,0.444926
10009.0,94.0,0.53499
10009.0,95.0,0.517799
10009.0,96.0,0.461693
10009.0,97.0,0.523912
10009.0,98.0,0.5696
10009.0,99.0,0.485308
10009.0,100.0,0.491837
10009.0,101.0,0.573676
10009.0,102.0,0.450992
10009.0,103.0,0.393026
10009.0,104.0,0.52969
10009.0,105.0,0.611751
10009.0,106.0,0.531825
10009.0,107.0,0.555932
10009.0,108.0,0.623149
10009.0,109.0,0.514174
10009.0,110.0,0.509047
10009.0,111.0,0.557634
10009.0,112.0,0.440925
10009.0,113.0,0.528919
10009.0,114.0,0.500708
10009.0,115.0,0.475703
10009.0,116.0,0.527562
10009.0,117.0,0.459224
10009.0,118.0,0.476657
10009.0,119.0,0.541309
10009.0,120.0,0.479118
10009.0,121.0,0.415885
10009.0,122.0,0.547485
10009.0,123.0,0.525353
10009.0,124.0,0.534412
10009.0,125.0,0.516142
10009.0,126.0,0.545407
10009.0,127.0,0.556611
10009.0,128.0,0.451785
10009.0,129.0,0.472968
10009.0,130.0,0.676501
10009.0,131.0,0.523339
10009.0,132.0,0.428465
10009.0,133.0,0.522352
10009.0,134.0,0.449366
10009.0,135.0,0.436947
10009.0,136.0,0.446347
10009.0,137.0,0.464625
10009.0,138.0,0.545513
10009.0,139.0,0.498036
10009.0,140.0,0.366618
10009.0,141.0,0.445139
10009.0,142.0,0.476539
10009.0,143.0,0.442611
10009.0,144.0,0.519774
10009.0,145.0,0.494688
10009.0,146.0,0.546403
10009.0,147.0,0.46975
10009.0,148.0,0.478879
10009.0,149.0,0.436995
10010.0,0.0,0.490317
10010.0,1.0,0.456027
10010.0,2.0,0.472534
10010.0,3.0,0.525981
10010.0,4.0,0.476991
10010.0,5.0,0.512978
10010.0,6.0,0.497912
10010.0,7.0,0.484015
10010.0,8.0,0.448937
10010.0,9.0,0.472238
10010.0,10.0,0.37565
10010.0,11.0,0.539363
10010.0,12.0,0.585509
10010.0,13.0,0.52201
10010.0,14.0,0.532089
10010.0,15.0,0.530481
10010.0,16.0,0.468946
10010.0,17.0,0.505991
10010.0,18.0,0.543247
10010.0,19.0,0.399829
10010.0,20.0,0.456933
10010.0,21.0,0.478873
10010.0,22.0,0.444923
10010.0,23.0,0.461627
10010.0,24.0,0.534701
10010.0,25.0,0.543568
10010.0,26.0,0.474612
10010.0,27.0,0.498228
10010.0,28.0,0.459651
10010.0,29.0,0.452357
10010.0,30.0,0.40702
10010.0,31.0,0.497114
10010.0,32.0,0.519754
10010.0,33.0,0.551121
10010.0,34.0,0.504104
10010.0,35.0,0.562733
10010.0,36.0,0.450381
10010.0,37.0,0.585091
10010.0,38.0,0.553845
10010.0,39.0,0.494739
10010.0,40.0,0.511747
10010.0,41.0,0.446516
10010.0,42.0,0.494966
10010.0,43.0,0.519229
10010.0,44.0,0.580252
10010.0,45.0,0.507602
10010.0,46.0,0.398878
10010.0,47.0,0.456972
10010.0,48.0,0.500221
10010.0,49.0,0.459481
10010.0,50.0,0.499812
10010.0,51.0,0.473254
10010.0,52.0,0.474569
10010.0,53.0,0.528401
10010.0,54.0,0.574141
10010.0,55.0,0.583641
10010.0,56.0,0.526854
10010.0,57.0,0.462818
10010.0,58.0,0.376167
10010.0,59.0,0.485781
10010.0,60.0,0.497789
10010.0,61.0,0.498741
10010.0,62.0,0.459465
10010.0,63.0,0.417345
10010.0,64.0,0.379692
10010.0,65.0,0.475951
10010.0,66.0,0.519302
10010.0,67.0,0.476536
10010.0,68.0,0.504422
10010.0,69.0,0.500395
10010.0,70.0,0.44974
10010.0,71.0,0.493839
10010.0,72.0,0.530149
10010.0,73.0,0.468281
10010.0,74.0,0.538652
10010.0,75.0,0.573206
10010.0,76.0,0.419479
10010.0,77.0,0.546987
10010.0,78.0,0.475487
10010.0,79.0,0.494033
10010.0,80.0,0.446466
10010.0,81.0,0.4683
10010.0,82.0,0.454997
10010.0,83.0,0.427506
10010.0,84.0,0.445195
10010.0,85.0,0.482049
10010.0,86.0,0.426353
10010.0,87.0,0.5737
10010.0,88.0,0.547029
10010.0,89.0,0.482777
10010.0,90.0,0.443586
10010.0,91.0,0.55207
10010.0,92.0,0.447368
10010.0,93.0,0.444456
10010.0,94.0,0.534932
10010.0,95.0,0.51657
10010.0,96.0,0.461428
10010.0,97.0,0.523505
10010.0,98.0,0.569546
10010.0,99.0,0.485445
10010.0,100.0,0.491368
10010.0,101.0,0.573314
10010.0,102.0,0.451437
10010.0,103.0,0.392819
10010.0,104.0,0.528964
10010.0,105.0,0.612036
10010.0,106.0,0.531544
10010.0,107.0,0.555666
10010.0,108.0,0.623302
10010.0,109.0,0.513685
10010.0,110.0,0.509397
10010.0,111.0,0.55752
10010.0,112.0,0.440924
10010.0,113.0,0.528843
10010.0,114.0,0.500755
10010.0,115.0,0.475271
10010.0,116.0,0.526855
10010.0,117.0,0.458568
10010.0,118.0,0.477364
10010.0,119.0,0.541168
10010.0,120.0,0.479151
10010.0,121.0,0.416455
10010.0,122.0,0.54828
10010.0,123.0,0.525217
10010.0,124.0,0.53466
10010.0,125.0,0.515845
10010.0,126.0,0.545705
10010.0,127.0,0.55572
10010.0,128.0,0.451839
10010.0,129.0,0.473353
10010.0,130.0,0.676366
10010.0,131.0,0.523707
10010.0,132.0,0.428629
10010.0,133.0,0.521802
10010.0,134.0,0.449222
10010.0,135.0,0.436719
10010.0,136.0,0.44511
10010.0,137.0,0.466089
10010.0,138.0,0.545908
10010.0,139.0,0.498384
10010.0,140.0,0.366786
10010.0,141.0,0.445092
10010.0,142.0,0.476719
10010.0,143.0,0.442061
10010.0,144.0,0.519949
10010.0,145.0,0.494662
10010.0,146.0,0.545383
10010.0,147.0,0.469832
10010.0,148.0,0.478324
10010.0,149.0,0.43809
