FREQUENCIES 
Gen,mut_id,mut_freq
1.0,0.0,0.5
1.0,1.0,0.5
1.0,2.0,0.5
1.0,3.0,0.5
1.0,4.0,0.5
1.0,5.0,0.5
1.0,6.0,0.5
1.0,7.0,0.5
1.0,8.0,0.5
1.0,9.0,0.5
1.0,10.0,0.5
1.0,11.0,0.5
1.0,12.0,0.5
1.0,13.0,0.5
1.0,14.0,0.5
1.0,15.0,0.5
1.0,16.0,0.5
1.0,17.0,0.5
1.0,18.0,0.5
1.0,19.0,0.5
1.0,20.0,0.5
1.0,21.0,0.5
1.0,22.0,0.5
1.0,23.0,0.5
1.0,24.0,0.5
1.0,25.0,0.5
1.0,26.0,0.5
1.0,27.0,0.5
1.0,28.0,0.5
1.0,29.0,0.5
1.0,30.0,0.5
1.0,31.0,0.5
1.0,32.0,0.5
1.0,33.0,0.5
1.0,34.0,0.5
1.0,35.0,0.5
1.0,36.0,0.5
1.0,37.0,0.5
1.0,38.0,0.5
1.0,39.0,0.5
1.0,40.0,0.5
1.0,41.0,0.5
1.0,42.0,0.5
1.0,43.0,0.5
1.0,44.0,0.5
1.0,45.0,0.5
1.0,46.0,0.5
1.0,47.0,0.5
1.0,48.0,0.5
1.0,49.0,0.5
1.0,50.0,0.5
1.0,51.0,0.5
1.0,52.0,0.5
1.0,53.0,0.5
1.0,54.0,0.5
1.0,55.0,0.5
1.0,56.0,0.5
1.0,57.0,0.5
1.0,58.0,0.5
1.0,59.0,0.5
1.0,60.0,0.5
1.0,61.0,0.5
1.0,62.0,0.5
1.0,63.0,0.5
1.0,64.0,0.5
1.0,65.0,0.5
1.0,66.0,0.5
1.0,67.0,0.5
1.0,68.0,0.5
1.0,69.0,0.5
1.0,70.0,0.5
1.0,71.0,0.5
1.0,72.0,0.5
1.0,73.0,0.5
1.0,74.0,0.5
1.0,75.0,0.5
1.0,76.0,0.5
1.0,77.0,0.5
1.0,78.0,0.5
1.0,79.0,0.5
1.0,80.0,0.5
1.0,81.0,0.5
1.0,82.0,0.5
1.0,83.0,0.5
1.0,84.0,0.5
1.0,85.0,0.5
1.0,86.0,0.5
1.0,87.0,0.5
1.0,88.0,0.5
1.0,89.0,0.5
1.0,90.0,0.5
1.0,91.0,0.5
1.0,92.0,0.5
1.0,93.0,0.5
1.0,94.0,0.5
1.0,95.0,0.5
1.0,96.0,0.5
1.0,97.0,0.5
1.0,98.0,0.5
1.0,99.0,0.5
1.0,100.0,0.5
1.0,101.0,0.5
1.0,102.0,0.5
1.0,103.0,0.5
1.0,104.0,0.5
1.0,105.0,0.5
1.0,106.0,0.5
1.0,107.0,0.5
1.0,108.0,0.5
1.0,109.0,0.5
1.0,110.0,0.5
1.0,111.0,0.5
1.0,112.0,0.5
1.0,113.0,0.5
1.0,114.0,0.5
1.0,115.0,0.5
1.0,116.0,0.5
1.0,117.0,0.5
1.0,118.0,0.5
1.0,119.0,0.5
1.0,120.0,0.5
1.0,121.0,0.5
1.0,122.0,0.5
1.0,123.0,0.5
1.0,124.0,0.5
1.0,125.0,0.5
1.0,126.0,0.5
1000.0,0.0,0.146201
1000.0,1.0,0.537455
1000.0,2.0,0.71472
1000.0,3.0,0.625564
1000.0,4.0,0.355596
1000.0,5.0,0.949064
1000.0,6.0,0.830097
1000.0,7.0,0.0
1000.0,8.0,0.294202
1000.0,9.0,0.21261
1000.0,10.0,0.578177
1000.0,11.0,0.557665
1000.0,12.0,0.899916
1000.0,13.0,0.348429
1000.0,14.0,0.319519
1000.0,15.0,0.400161
1000.0,16.0,0.292191
1000.0,17.0,0.472147
1000.0,18.0,0.635701
1000.0,19.0,0.128702
1000.0,20.0,0.578777
1000.0,21.0,0.668909
1000.0,22.0,0.299187
1000.0,23.0,1.0
1000.0,24.0,0.896386
1000.0,25.0,0.577208
1000.0,26.0,0.026154
1000.0,27.0,0.410939
1000.0,28.0,0.402407
1000.0,29.0,0.313441
1000.0,30.0,0.769656
1000.0,31.0,0.535021
1000.0,32.0,0.000342
1000.0,33.0,0.0
1000.0,34.0,1.0
1000.0,35.0,0.666426
1000.0,36.0,0.376224
1000.0,37.0,0.924204
1000.0,38.0,0.09175
1000.0,39.0,0.000496
1000.0,40.0,0.547812
1000.0,41.0,0.387793
1000.0,42.0,0.494741
1000.0,43.0,0.431602
1000.0,44.0,0.672137
1000.0,45.0,0.459826
1000.0,46.0,0.563629
1000.0,47.0,0.575125
1000.0,48.0,0.631558
1000.0,49.0,1.0
1000.0,50.0,0.332383
1000.0,51.0,0.319859
1000.0,52.0,0.0
1000.0,53.0,0.662572
1000.0,54.0,0.814717
1000.0,55.0,0.335564
1000.0,56.0,0.597691
1000.0,57.0,0.134094
1000.0,58.0,0.572626
1000.0,59.0,1.0
1000.0,60.0,0.148891
1000.0,61.0,0.384451
1000.0,62.0,0.473694
1000.0,63.0,0.844428
1000.0,64.0,0.701456
1000.0,65.0,0.140795
1000.0,66.0,1.0
1000.0,67.0,0.802849
1000.0,68.0,0.672585
1000.0,69.0,0.572517
1000.0,70.0,0.893155
1000.0,71.0,0.0
1000.0,72.0,0.261359
1000.0,73.0,0.250494
1000.0,74.0,0.34537
1000.0,75.0,0.50267
1000.0,76.0,0.319467
1000.0,77.0,0.306998
1000.0,78.0,0.756417
1000.0,79.0,0.554568
1000.0,80.0,0.38486
1000.0,81.0,0.996977
1000.0,82.0,0.125294
1000.0,83.0,0.036177
1000.0,84.0,0.472178
1000.0,85.0,0.330644
1000.0,86.0,0.45633
1000.0,87.0,0.577524
1000.0,88.0,0.9792
1000.0,89.0,0.897567
1000.0,90.0,0.073884
1000.0,91.0,1.0
1000.0,92.0,0.657084
1000.0,93.0,0.441838
1000.0,94.0,0.515115
1000.0,95.0,0.0
1000.0,96.0,0.254412
1000.0,97.0,0.778884
1000.0,98.0,0.32397
1000.0,99.0,0.655378
1000.0,100.0,0.69781
1000.0,101.0,0.0
1000.0,102.0,0.786122
1000.0,103.0,0.543306
1000.0,104.0,0.987992
1000.0,105.0,0.046072
1000.0,106.0,0.746896
1000.0,107.0,0.087219
1000.0,108.0,0.185467
1000.0,109.0,0.292086
1000.0,110.0,0.60535
1000.0,111.0,0.32933
1000.0,112.0,0.957122
1000.0,113.0,0.641614
1000.0,114.0,0.403949
1000.0,115.0,0.037885
1000.0,116.0,0.043484
1000.0,117.0,0.353327
1000.0,118.0,1.0
1000.0,119.0,0.402093
1000.0,120.0,0.291046
1000.0,121.0,0.400908
1000.0,122.0,0.563525
1000.0,123.0,0.253968
1000.0,124.0,0.469325
1000.0,125.0,1.0
1000.0,126.0,0.599655
1001.0,0.0,0.153718
1001.0,1.0,0.543615
1001.0,2.0,0.716453
1001.0,3.0,0.644209
1001.0,4.0,0.357842
1001.0,5.0,0.949789
1001.0,6.0,0.833493
1001.0,7.0,0.0
1001.0,8.0,0.297164
1001.0,9.0,0.220262
1001.0,10.0,0.616484
1001.0,11.0,0.53979
1001.0,12.0,0.906319
1001.0,13.0,0.369512
1001.0,14.0,0.349257
1001.0,15.0,0.414802
1001.0,16.0,0.319009
1001.0,17.0,0.474747
1001.0,18.0,0.650819
1001.0,19.0,0.170957
1001.0,20.0,0.580199
1001.0,21.0,0.670902
1001.0,22.0,0.300686
1001.0,23.0,1.0
1001.0,24.0,0.903526
1001.0,25.0,0.587867
1001.0,26.0,0.027331
1001.0,27.0,0.425239
1001.0,28.0,0.410712
1001.0,29.0,0.313905
1001.0,30.0,0.772431
1001.0,31.0,0.540906
1001.0,32.0,0.00035
1001.0,33.0,0.0
1001.0,34.0,1.0
1001.0,35.0,0.675292
1001.0,36.0,0.39645
1001.0,37.0,0.93123
1001.0,38.0,0.091134
1001.0,39.0,0.000493
1001.0,40.0,0.550739
1001.0,41.0,0.395431
1001.0,42.0,0.525036
1001.0,43.0,0.444048
1001.0,44.0,0.683099
1001.0,45.0,0.475624
1001.0,46.0,0.718969
1001.0,47.0,0.581027
1001.0,48.0,0.663831
1001.0,49.0,1.0
1001.0,50.0,0.339372
1001.0,51.0,0.343765
1001.0,52.0,0.0
1001.0,53.0,0.689357
1001.0,54.0,0.816269
1001.0,55.0,0.364668
1001.0,56.0,0.612408
1001.0,57.0,0.136995
1001.0,58.0,0.576686
1001.0,59.0,1.0
1001.0,60.0,0.152246
1001.0,61.0,0.404814
1001.0,62.0,0.474977
1001.0,63.0,0.861446
1001.0,64.0,0.719278
1001.0,65.0,0.144609
1001.0,66.0,1.0
1001.0,67.0,0.805177
1001.0,68.0,0.677472
1001.0,69.0,0.577356
1001.0,70.0,0.904469
1001.0,71.0,0.0
1001.0,72.0,0.263661
1001.0,73.0,0.282482
1001.0,74.0,0.361416
1001.0,75.0,0.50935
1001.0,76.0,0.36171
1001.0,77.0,0.366796
1001.0,78.0,0.752561
1001.0,79.0,0.56441
1001.0,80.0,0.394928
1001.0,81.0,0.997207
1001.0,82.0,0.128427
1001.0,83.0,0.040581
1001.0,84.0,0.481655
1001.0,85.0,0.340158
1001.0,86.0,0.465829
1001.0,87.0,0.597969
1001.0,88.0,0.980012
1001.0,89.0,0.899371
1001.0,90.0,0.094472
1001.0,91.0,1.0
1001.0,92.0,0.663165
1001.0,93.0,0.458763
1001.0,94.0,0.534284
1001.0,95.0,0.0
1001.0,96.0,0.26862
1001.0,97.0,0.79383
1001.0,98.0,0.326802
1001.0,99.0,0.666574
1001.0,100.0,0.705722
1001.0,101.0,0.0
1001.0,102.0,0.805516
1001.0,103.0,0.556653
1001.0,104.0,0.987977
1001.0,105.0,0.046644
1001.0,106.0,0.752205
1001.0,107.0,0.089525
1001.0,108.0,0.221874
1001.0,109.0,0.295264
1001.0,110.0,0.603326
1001.0,111.0,0.340084
1001.0,112.0,0.956758
1001.0,113.0,0.651366
1001.0,114.0,0.412168
1001.0,115.0,0.039458
1001.0,116.0,0.045171
1001.0,117.0,0.362514
1001.0,118.0,1.0
1001.0,119.0,0.436374
1001.0,120.0,0.29435
1001.0,121.0,0.403051
1001.0,122.0,0.573036
1001.0,123.0,0.294927
1001.0,124.0,0.502597
1001.0,125.0,1.0
1001.0,126.0,0.60345
1002.0,0.0,0.161214
1002.0,1.0,0.550765
1002.0,2.0,0.718972
1002.0,3.0,0.66122
1002.0,4.0,0.360589
1002.0,5.0,0.950497
1002.0,6.0,0.836731
1002.0,7.0,0.0
1002.0,8.0,0.30022
1002.0,9.0,0.227004
1002.0,10.0,0.650877
1002.0,11.0,0.520028
1002.0,12.0,0.912734
1002.0,13.0,0.39042
1002.0,14.0,0.376843
1002.0,15.0,0.42981
1002.0,16.0,0.346743
1002.0,17.0,0.477453
1002.0,18.0,0.665482
1002.0,19.0,0.219391
1002.0,20.0,0.580915
1002.0,21.0,0.672392
1002.0,22.0,0.301652
1002.0,23.0,1.0
1002.0,24.0,0.90983
1002.0,25.0,0.597466
1002.0,26.0,0.028025
1002.0,27.0,0.440378
1002.0,28.0,0.419251
1002.0,29.0,0.314757
1002.0,30.0,0.773887
1002.0,31.0,0.547777
1002.0,32.0,0.000352
1002.0,33.0,0.0
1002.0,34.0,1.0
1002.0,35.0,0.682832
1002.0,36.0,0.416133
1002.0,37.0,0.936997
1002.0,38.0,0.091209
1002.0,39.0,0.000491
1002.0,40.0,0.553385
1002.0,41.0,0.401562
1002.0,42.0,0.554375
1002.0,43.0,0.45492
1002.0,44.0,0.693278
1002.0,45.0,0.491759
1002.0,46.0,0.824079
1002.0,47.0,0.587468
1002.0,48.0,0.693019
1002.0,49.0,1.0
1002.0,50.0,0.345991
1002.0,51.0,0.369961
1002.0,52.0,0.0
1002.0,53.0,0.713719
1002.0,54.0,0.817761
1002.0,55.0,0.39249
1002.0,56.0,0.623167
1002.0,57.0,0.140492
1002.0,58.0,0.580968
1002.0,59.0,1.0
1002.0,60.0,0.155949
1002.0,61.0,0.424467
1002.0,62.0,0.475226
1002.0,63.0,0.876931
1002.0,64.0,0.73515
1002.0,65.0,0.148994
1002.0,66.0,1.0
1002.0,67.0,0.808866
1002.0,68.0,0.681915
1002.0,69.0,0.582328
1002.0,70.0,0.913867
1002.0,71.0,0.0
1002.0,72.0,0.266507
1002.0,73.0,0.319107
1002.0,74.0,0.377031
1002.0,75.0,0.514653
1002.0,76.0,0.403968
1002.0,77.0,0.424349
1002.0,78.0,0.748393
1002.0,79.0,0.575108
1002.0,80.0,0.405711
1002.0,81.0,0.997328
1002.0,82.0,0.131114
1002.0,83.0,0.045922
1002.0,84.0,0.491544
1002.0,85.0,0.349893
1002.0,86.0,0.475428
1002.0,87.0,0.617644
1002.0,88.0,0.980669
1002.0,89.0,0.901643
1002.0,90.0,0.118782
1002.0,91.0,1.0
1002.0,92.0,0.667721
1002.0,93.0,0.475614
1002.0,94.0,0.552935
1002.0,95.0,0.0
1002.0,96.0,0.282038
1002.0,97.0,0.805893
1002.0,98.0,0.329583
1002.0,99.0,0.678201
1002.0,100.0,0.714389
1002.0,101.0,0.0
1002.0,102.0,0.824915
1002.0,103.0,0.570346
1002.0,104.0,0.988155
1002.0,105.0,0.047604
1002.0,106.0,0.758146
1002.0,107.0,0.091717
1002.0,108.0,0.262927
1002.0,109.0,0.29773
1002.0,110.0,0.600712
1002.0,111.0,0.348672
1002.0,112.0,0.956825
1002.0,113.0,0.662812
1002.0,114.0,0.419738
1002.0,115.0,0.041388
1002.0,116.0,0.046362
1002.0,117.0,0.370599
1002.0,118.0,1.0
1002.0,119.0,0.467772
1002.0,120.0,0.295745
1002.0,121.0,0.404867
1002.0,122.0,0.583729
1002.0,123.0,0.336684
1002.0,124.0,0.534932
1002.0,125.0,1.0
1002.0,126.0,0.606182
1003.0,0.0,0.168477
1003.0,1.0,0.557023
1003.0,2.0,0.721767
1003.0,3.0,0.676077
1003.0,4.0,0.3637
1003.0,5.0,0.951487
1003.0,6.0,0.839909
1003.0,7.0,0.0
1003.0,8.0,0.303693
1003.0,9.0,0.234647
1003.0,10.0,0.681603
1003.0,11.0,0.49827
1003.0,12.0,0.919184
1003.0,13.0,0.410258
1003.0,14.0,0.403747
1003.0,15.0,0.445347
1003.0,16.0,0.374774
1003.0,17.0,0.479865
1003.0,18.0,0.678989
1003.0,19.0,0.273315
1003.0,20.0,0.580478
1003.0,21.0,0.675687
1003.0,22.0,0.301777
1003.0,23.0,1.0
1003.0,24.0,0.915872
1003.0,25.0,0.606788
1003.0,26.0,0.028597
1003.0,27.0,0.455791
1003.0,28.0,0.425504
1003.0,29.0,0.315012
1003.0,30.0,0.77499
1003.0,31.0,0.554874
1003.0,32.0,0.000385
1003.0,33.0,0.0
1003.0,34.0,1.0
1003.0,35.0,0.69043
1003.0,36.0,0.435252
1003.0,37.0,0.94282
1003.0,38.0,0.091601
1003.0,39.0,0.000519
1003.0,40.0,0.557467
1003.0,41.0,0.4084
1003.0,42.0,0.58315
1003.0,43.0,0.465135
1003.0,44.0,0.703039
1003.0,45.0,0.507043
1003.0,46.0,0.891719
1003.0,47.0,0.594771
1003.0,48.0,0.717935
1003.0,49.0,1.0
1003.0,50.0,0.353426
1003.0,51.0,0.398404
1003.0,52.0,0.0
1003.0,53.0,0.736821
1003.0,54.0,0.819732
1003.0,55.0,0.420352
1003.0,56.0,0.63463
1003.0,57.0,0.143801
1003.0,58.0,0.584027
1003.0,59.0,1.0
1003.0,60.0,0.159485
1003.0,61.0,0.443575
1003.0,62.0,0.475666
1003.0,63.0,0.890942
1003.0,64.0,0.749952
1003.0,65.0,0.152863
1003.0,66.0,1.0
1003.0,67.0,0.811082
1003.0,68.0,0.687781
1003.0,69.0,0.587049
1003.0,70.0,0.922288
1003.0,71.0,0.0
1003.0,72.0,0.270001
1003.0,73.0,0.357074
1003.0,74.0,0.395568
1003.0,75.0,0.51969
1003.0,76.0,0.44465
1003.0,77.0,0.476776
1003.0,78.0,0.744231
1003.0,79.0,0.586388
1003.0,80.0,0.414712
1003.0,81.0,0.997614
1003.0,82.0,0.133378
1003.0,83.0,0.051556
1003.0,84.0,0.499915
1003.0,85.0,0.358833
1003.0,86.0,0.484883
1003.0,87.0,0.635731
1003.0,88.0,0.981431
1003.0,89.0,0.903236
1003.0,90.0,0.146496
1003.0,91.0,1.0
1003.0,92.0,0.672771
1003.0,93.0,0.49184
1003.0,94.0,0.569311
1003.0,95.0,0.0
1003.0,96.0,0.296077
1003.0,97.0,0.818163
1003.0,98.0,0.332796
1003.0,99.0,0.688216
1003.0,100.0,0.722372
1003.0,101.0,0.0
1003.0,102.0,0.842245
1003.0,103.0,0.583592
1003.0,104.0,0.988149
1003.0,105.0,0.048683
1003.0,106.0,0.764077
1003.0,107.0,0.094083
1003.0,108.0,0.310528
1003.0,109.0,0.299267
1003.0,110.0,0.596234
1003.0,111.0,0.357661
1003.0,112.0,0.956574
1003.0,113.0,0.672377
1003.0,114.0,0.427809
1003.0,115.0,0.043074
1003.0,116.0,0.047508
1003.0,117.0,0.379495
1003.0,118.0,1.0
1003.0,119.0,0.498089
1003.0,120.0,0.297812
1003.0,121.0,0.406811
1003.0,122.0,0.594268
1003.0,123.0,0.379902
1003.0,124.0,0.565774
1003.0,125.0,1.0
1003.0,126.0,0.608913
1004.0,0.0,0.17553
1004.0,1.0,0.562764
1004.0,2.0,0.724068
1004.0,3.0,0.691521
1004.0,4.0,0.36599
1004.0,5.0,0.952667
1004.0,6.0,0.84263
1004.0,7.0,0.0
1004.0,8.0,0.306357
1004.0,9.0,0.240824
1004.0,10.0,0.709848
1004.0,11.0,0.473683
1004.0,12.0,0.924811
1004.0,13.0,0.430963
1004.0,14.0,0.428657
1004.0,15.0,0.459322
1004.0,16.0,0.40371
1004.0,17.0,0.481336
1004.0,18.0,0.690829
1004.0,19.0,0.330486
1004.0,20.0,0.581114
1004.0,21.0,0.677841
1004.0,22.0,0.301606
1004.0,23.0,1.0
1004.0,24.0,0.921696
1004.0,25.0,0.614986
1004.0,26.0,0.029283
1004.0,27.0,0.472447
1004.0,28.0,0.432732
1004.0,29.0,0.315078
1004.0,30.0,0.775171
1004.0,31.0,0.562363
1004.0,32.0,0.000399
1004.0,33.0,0.0
1004.0,34.0,1.0
1004.0,35.0,0.697933
1004.0,36.0,0.454419
1004.0,37.0,0.948317
1004.0,38.0,0.091928
1004.0,39.0,0.000558
1004.0,40.0,0.55834
1004.0,41.0,0.414753
1004.0,42.0,0.610273
1004.0,43.0,0.476096
1004.0,44.0,0.712057
1004.0,45.0,0.522033
1004.0,46.0,0.933527
1004.0,47.0,0.601056
1004.0,48.0,0.741486
1004.0,49.0,1.0
1004.0,50.0,0.360689
1004.0,51.0,0.430571
1004.0,52.0,0.0
1004.0,53.0,0.757541
1004.0,54.0,0.821355
1004.0,55.0,0.446753
1004.0,56.0,0.645434
1004.0,57.0,0.147512
1004.0,58.0,0.586871
1004.0,59.0,1.0
1004.0,60.0,0.163398
1004.0,61.0,0.461909
1004.0,62.0,0.476958
1004.0,63.0,0.90316
1004.0,64.0,0.764722
1004.0,65.0,0.156976
1004.0,66.0,1.0
1004.0,67.0,0.813653
1004.0,68.0,0.693537
1004.0,69.0,0.591219
1004.0,70.0,0.929649
1004.0,71.0,0.0
1004.0,72.0,0.273911
1004.0,73.0,0.397041
1004.0,74.0,0.412422
1004.0,75.0,0.52396
1004.0,76.0,0.483307
1004.0,77.0,0.524834
1004.0,78.0,0.738725
1004.0,79.0,0.596949
1004.0,80.0,0.425015
1004.0,81.0,0.99781
1004.0,82.0,0.136929
1004.0,83.0,0.057863
1004.0,84.0,0.509101
1004.0,85.0,0.367517
1004.0,86.0,0.494365
1004.0,87.0,0.654623
1004.0,88.0,0.98189
1004.0,89.0,0.904208
1004.0,90.0,0.178583
1004.0,91.0,1.0
1004.0,92.0,0.678858
1004.0,93.0,0.506971
1004.0,94.0,0.584866
1004.0,95.0,0.0
1004.0,96.0,0.310826
1004.0,97.0,0.829796
1004.0,98.0,0.335414
1004.0,99.0,0.7004
1004.0,100.0,0.730619
1004.0,101.0,0.0
1004.0,102.0,0.857669
1004.0,103.0,0.595773
1004.0,104.0,0.988115
1004.0,105.0,0.049841
1004.0,106.0,0.769493
1004.0,107.0,0.096757
1004.0,108.0,0.364619
1004.0,109.0,0.301129
1004.0,110.0,0.591177
1004.0,111.0,0.367108
1004.0,112.0,0.956742
1004.0,113.0,0.681285
1004.0,114.0,0.436723
1004.0,115.0,0.04453
1004.0,116.0,0.049239
1004.0,117.0,0.386637
1004.0,118.0,1.0
1004.0,119.0,0.526174
1004.0,120.0,0.299944
1004.0,121.0,0.40891
1004.0,122.0,0.604119
1004.0,123.0,0.426137
1004.0,124.0,0.595603
1004.0,125.0,1.0
1004.0,126.0,0.612644
1005.0,0.0,0.182591
1005.0,1.0,0.569189
1005.0,2.0,0.72701
1005.0,3.0,0.706161
1005.0,4.0,0.368938
1005.0,5.0,0.953445
1005.0,6.0,0.846414
1005.0,7.0,0.0
1005.0,8.0,0.308269
1005.0,9.0,0.24766
1005.0,10.0,0.734905
1005.0,11.0,0.448337
1005.0,12.0,0.929662
1005.0,13.0,0.450322
1005.0,14.0,0.45266
1005.0,15.0,0.47104
1005.0,16.0,0.433169
1005.0,17.0,0.483503
1005.0,18.0,0.701883
1005.0,19.0,0.38787
1005.0,20.0,0.581838
1005.0,21.0,0.681418
1005.0,22.0,0.300881
1005.0,23.0,1.0
1005.0,24.0,0.926487
1005.0,25.0,0.623024
1005.0,26.0,0.030228
1005.0,27.0,0.488939
1005.0,28.0,0.439845
1005.0,29.0,0.314799
1005.0,30.0,0.7766
1005.0,31.0,0.568972
1005.0,32.0,0.000387
1005.0,33.0,0.0
1005.0,34.0,1.0
1005.0,35.0,0.703856
1005.0,36.0,0.472735
1005.0,37.0,0.953313
1005.0,38.0,0.093191
1005.0,39.0,0.000554
1005.0,40.0,0.56183
1005.0,41.0,0.421266
1005.0,42.0,0.6355
1005.0,43.0,0.485538
1005.0,44.0,0.720972
1005.0,45.0,0.535523
1005.0,46.0,0.959078
1005.0,47.0,0.608116
1005.0,48.0,0.761498
1005.0,49.0,1.0
1005.0,50.0,0.368035
1005.0,51.0,0.465708
1005.0,52.0,0.0
1005.0,53.0,0.775919
1005.0,54.0,0.822818
1005.0,55.0,0.472218
1005.0,56.0,0.655629
1005.0,57.0,0.151413
1005.0,58.0,0.59033
1005.0,59.0,1.0
1005.0,60.0,0.168167
1005.0,61.0,0.479836
1005.0,62.0,0.47802
1005.0,63.0,0.914076
1005.0,64.0,0.777838
1005.0,65.0,0.161
1005.0,66.0,1.0
1005.0,67.0,0.816794
1005.0,68.0,0.699094
1005.0,69.0,0.595386
1005.0,70.0,0.936434
1005.0,71.0,0.0
1005.0,72.0,0.277544
1005.0,73.0,0.440132
1005.0,74.0,0.429757
1005.0,75.0,0.529064
1005.0,76.0,0.519342
1005.0,77.0,0.567204
1005.0,78.0,0.732753
1005.0,79.0,0.606657
1005.0,80.0,0.435723
1005.0,81.0,0.997989
1005.0,82.0,0.139469
1005.0,83.0,0.064589
1005.0,84.0,0.518162
1005.0,85.0,0.376961
1005.0,86.0,0.503454
1005.0,87.0,0.671693
1005.0,88.0,0.982268
1005.0,89.0,0.90477
1005.0,90.0,0.212899
1005.0,91.0,1.0
1005.0,92.0,0.685416
1005.0,93.0,0.523697
1005.0,94.0,0.600506
1005.0,95.0,0.0
1005.0,96.0,0.325562
1005.0,97.0,0.840168
1005.0,98.0,0.33836
1005.0,99.0,0.712112
1005.0,100.0,0.738101
1005.0,101.0,0.0
1005.0,102.0,0.870796
1005.0,103.0,0.607128
1005.0,104.0,0.988109
1005.0,105.0,0.050899
1005.0,106.0,0.774133
1005.0,107.0,0.099389
1005.0,108.0,0.425758
1005.0,109.0,0.303666
1005.0,110.0,0.586022
1005.0,111.0,0.376088
1005.0,112.0,0.957112
1005.0,113.0,0.690338
1005.0,114.0,0.44394
1005.0,115.0,0.046115
1005.0,116.0,0.05061
1005.0,117.0,0.393713
1005.0,118.0,1.0
1005.0,119.0,0.551548
1005.0,120.0,0.302065
1005.0,121.0,0.410584
1005.0,122.0,0.614496
1005.0,123.0,0.473049
1005.0,124.0,0.624376
1005.0,125.0,1.0
1005.0,126.0,0.616443
1006.0,0.0,0.17417
1006.0,1.0,0.563591
1006.0,2.0,0.724699
1006.0,3.0,0.688601
1006.0,4.0,0.365916
1006.0,5.0,0.953038
1006.0,6.0,0.844989
1006.0,7.0,0.0
1006.0,8.0,0.305198
1006.0,9.0,0.240073
1006.0,10.0,0.705177
1006.0,11.0,0.491438
1006.0,12.0,0.923823
1006.0,13.0,0.428449
1006.0,14.0,0.425709
1006.0,15.0,0.455798
1006.0,16.0,0.398328
1006.0,17.0,0.480098
1006.0,18.0,0.687531
1006.0,19.0,0.312678
1006.0,20.0,0.580497
1006.0,21.0,0.677665
1006.0,22.0,0.299549
1006.0,23.0,1.0
1006.0,24.0,0.921141
1006.0,25.0,0.616534
1006.0,26.0,0.029416
1006.0,27.0,0.47019
1006.0,28.0,0.430752
1006.0,29.0,0.313846
1006.0,30.0,0.776374
1006.0,31.0,0.560805
1006.0,32.0,0.000373
1006.0,33.0,0.0
1006.0,34.0,1.0
1006.0,35.0,0.697634
1006.0,36.0,0.452902
1006.0,37.0,0.947987
1006.0,38.0,0.092345
1006.0,39.0,0.00054
1006.0,40.0,0.558076
1006.0,41.0,0.413348
1006.0,42.0,0.60714
1006.0,43.0,0.474582
1006.0,44.0,0.711243
1006.0,45.0,0.51919
1006.0,46.0,0.928404
1006.0,47.0,0.59929
1006.0,48.0,0.735048
1006.0,49.0,1.0
1006.0,50.0,0.359957
1006.0,51.0,0.42709
1006.0,52.0,0.0
1006.0,53.0,0.753874
1006.0,54.0,0.821311
1006.0,55.0,0.437561
1006.0,56.0,0.642069
1006.0,57.0,0.147402
1006.0,58.0,0.587463
1006.0,59.0,1.0
1006.0,60.0,0.163584
1006.0,61.0,0.458569
1006.0,62.0,0.476092
1006.0,63.0,0.901334
1006.0,64.0,0.762395
1006.0,65.0,0.156457
1006.0,66.0,1.0
1006.0,67.0,0.813343
1006.0,68.0,0.692986
1006.0,69.0,0.591431
1006.0,70.0,0.928752
1006.0,71.0,0.0
1006.0,72.0,0.274266
1006.0,73.0,0.388057
1006.0,74.0,0.411854
1006.0,75.0,0.522698
1006.0,76.0,0.467698
1006.0,77.0,0.521098
1006.0,78.0,0.743011
1006.0,79.0,0.594698
1006.0,80.0,0.423274
1006.0,81.0,0.997901
1006.0,82.0,0.136492
1006.0,83.0,0.057317
1006.0,84.0,0.507584
1006.0,85.0,0.367201
1006.0,86.0,0.493406
1006.0,87.0,0.651571
1006.0,88.0,0.981776
1006.0,89.0,0.904037
1006.0,90.0,0.171553
1006.0,91.0,1.0
1006.0,92.0,0.678705
1006.0,93.0,0.505813
1006.0,94.0,0.582141
1006.0,95.0,0.0
1006.0,96.0,0.308654
1006.0,97.0,0.828706
1006.0,98.0,0.334727
1006.0,99.0,0.6979
1006.0,100.0,0.730278
1006.0,101.0,0.0
1006.0,102.0,0.854141
1006.0,103.0,0.59321
1006.0,104.0,0.988377
1006.0,105.0,0.049552
1006.0,106.0,0.768727
1006.0,107.0,0.097323
1006.0,108.0,0.340243
1006.0,109.0,0.301502
1006.0,110.0,0.598623
1006.0,111.0,0.364405
1006.0,112.0,0.957354
1006.0,113.0,0.679662
1006.0,114.0,0.435469
1006.0,115.0,0.044
1006.0,116.0,0.048472
1006.0,117.0,0.385783
1006.0,118.0,1.0
1006.0,119.0,0.513663
1006.0,120.0,0.299007
1006.0,121.0,0.408107
1006.0,122.0,0.601899
1006.0,123.0,0.403408
1006.0,124.0,0.591628
1006.0,125.0,1.0
1006.0,126.0,0.612824
1007.0,0.0,0.166431
1007.0,1.0,0.558363
1007.0,2.0,0.72443
1007.0,3.0,0.67151
1007.0,4.0,0.363007
1007.0,5.0,0.952658
1007.0,6.0,0.843061
1007.0,7.0,0.0
1007.0,8.0,0.301511
1007.0,9.0,0.232149
1007.0,10.0,0.674024
1007.0,11.0,0.519346
1007.0,12.0,0.91794
1007.0,13.0,0.405914
1007.0,14.0,0.397969
1007.0,15.0,0.440491
1007.0,16.0,0.368053
1007.0,17.0,0.47675
1007.0,18.0,0.674603
1007.0,19.0,0.250541
1007.0,20.0,0.578919
1007.0,21.0,0.675001
1007.0,22.0,0.298856
1007.0,23.0,1.0
1007.0,24.0,0.915091
1007.0,25.0,0.607857
1007.0,26.0,0.028478
1007.0,27.0,0.452589
1007.0,28.0,0.42218
1007.0,29.0,0.313392
1007.0,30.0,0.775817
1007.0,31.0,0.554039
1007.0,32.0,0.000362
1007.0,33.0,0.0
1007.0,34.0,1.0
1007.0,35.0,0.689758
1007.0,36.0,0.433961
1007.0,37.0,0.942155
1007.0,38.0,0.091888
1007.0,39.0,0.000526
1007.0,40.0,0.554915
1007.0,41.0,0.407601
1007.0,42.0,0.578046
1007.0,43.0,0.463382
1007.0,44.0,0.700488
1007.0,45.0,0.502882
1007.0,46.0,0.87919
1007.0,47.0,0.592168
1007.0,48.0,0.70878
1007.0,49.0,1.0
1007.0,50.0,0.352784
1007.0,51.0,0.39372
1007.0,52.0,0.0
1007.0,53.0,0.730739
1007.0,54.0,0.8193
1007.0,55.0,0.406802
1007.0,56.0,0.63023
1007.0,57.0,0.143437
1007.0,58.0,0.583384
1007.0,59.0,1.0
1007.0,60.0,0.159061
1007.0,61.0,0.438111
1007.0,62.0,0.474767
1007.0,63.0,0.887244
1007.0,64.0,0.746902
1007.0,65.0,0.152445
1007.0,66.0,1.0
1007.0,67.0,0.810041
1007.0,68.0,0.68638
1007.0,69.0,0.586181
1007.0,70.0,0.92102
1007.0,71.0,0.0
1007.0,72.0,0.270836
1007.0,73.0,0.343939
1007.0,74.0,0.393339
1007.0,75.0,0.517039
1007.0,76.0,0.422383
1007.0,77.0,0.47073
1007.0,78.0,0.748727
1007.0,79.0,0.583445
1007.0,80.0,0.410828
1007.0,81.0,0.997807
1007.0,82.0,0.132738
1007.0,83.0,0.051311
1007.0,84.0,0.498858
1007.0,85.0,0.358252
1007.0,86.0,0.482975
1007.0,87.0,0.631581
1007.0,88.0,0.981255
1007.0,89.0,0.903386
1007.0,90.0,0.138709
1007.0,91.0,1.0
1007.0,92.0,0.672811
1007.0,93.0,0.488898
1007.0,94.0,0.563917
1007.0,95.0,0.0
1007.0,96.0,0.291865
1007.0,97.0,0.815423
1007.0,98.0,0.332004
1007.0,99.0,0.686659
1007.0,100.0,0.722874
1007.0,101.0,0.0
1007.0,102.0,0.837035
1007.0,103.0,0.579659
1007.0,104.0,0.988473
1007.0,105.0,0.04846
1007.0,106.0,0.762295
1007.0,107.0,0.095314
1007.0,108.0,0.280868
1007.0,109.0,0.298598
1007.0,110.0,0.605441
1007.0,111.0,0.355609
1007.0,112.0,0.957598
1007.0,113.0,0.67005
1007.0,114.0,0.427219
1007.0,115.0,0.041727
1007.0,116.0,0.046443
1007.0,117.0,0.378012
1007.0,118.0,1.0
1007.0,119.0,0.482258
1007.0,120.0,0.296714
1007.0,121.0,0.405355
1007.0,122.0,0.591424
1007.0,123.0,0.351576
1007.0,124.0,0.559325
1007.0,125.0,1.0
1007.0,126.0,0.610684
1008.0,0.0,0.159468
1008.0,1.0,0.552256
1008.0,2.0,0.723536
1008.0,3.0,0.654738
1008.0,4.0,0.359724
1008.0,5.0,0.952205
1008.0,6.0,0.840712
1008.0,7.0,0.0
1008.0,8.0,0.298625
1008.0,9.0,0.225367
1008.0,10.0,0.642342
1008.0,11.0,0.53836
1008.0,12.0,0.912062
1008.0,13.0,0.385385
1008.0,14.0,0.370735
1008.0,15.0,0.426931
1008.0,16.0,0.339898
1008.0,17.0,0.474827
1008.0,18.0,0.66271
1008.0,19.0,0.200657
1008.0,20.0,0.577249
1008.0,21.0,0.673116
1008.0,22.0,0.29799
1008.0,23.0,1.0
1008.0,24.0,0.908676
1008.0,25.0,0.598586
1008.0,26.0,0.027911
1008.0,27.0,0.43633
1008.0,28.0,0.414209
1008.0,29.0,0.3138
1008.0,30.0,0.775133
1008.0,31.0,0.548054
1008.0,32.0,0.000342
1008.0,33.0,0.0
1008.0,34.0,1.0
1008.0,35.0,0.683693
1008.0,36.0,0.414984
1008.0,37.0,0.936189
1008.0,38.0,0.090635
1008.0,39.0,0.000521
1008.0,40.0,0.551627
1008.0,41.0,0.400952
1008.0,42.0,0.549948
1008.0,43.0,0.451896
1008.0,44.0,0.689712
1008.0,45.0,0.486899
1008.0,46.0,0.804086
1008.0,47.0,0.584694
1008.0,48.0,0.683782
1008.0,49.0,1.0
1008.0,50.0,0.345915
1008.0,51.0,0.365107
1008.0,52.0,0.0
1008.0,53.0,0.707919
1008.0,54.0,0.818732
1008.0,55.0,0.380285
1008.0,56.0,0.619042
1008.0,57.0,0.139967
1008.0,58.0,0.580385
1008.0,59.0,1.0
1008.0,60.0,0.155392
1008.0,61.0,0.41939
1008.0,62.0,0.473552
1008.0,63.0,0.872736
1008.0,64.0,0.732496
1008.0,65.0,0.148522
1008.0,66.0,1.0
1008.0,67.0,0.807239
1008.0,68.0,0.681162
1008.0,69.0,0.580754
1008.0,70.0,0.91285
1008.0,71.0,0.0
1008.0,72.0,0.266705
1008.0,73.0,0.307524
1008.0,74.0,0.374936
1008.0,75.0,0.510981
1008.0,76.0,0.382899
1008.0,77.0,0.418769
1008.0,78.0,0.753
1008.0,79.0,0.572381
1008.0,80.0,0.400653
1008.0,81.0,0.997806
1008.0,82.0,0.129207
1008.0,83.0,0.045658
1008.0,84.0,0.490214
1008.0,85.0,0.349021
1008.0,86.0,0.472916
1008.0,87.0,0.611491
1008.0,88.0,0.980926
1008.0,89.0,0.903033
1008.0,90.0,0.112403
1008.0,91.0,1.0
1008.0,92.0,0.666156
1008.0,93.0,0.472981
1008.0,94.0,0.545408
1008.0,95.0,0.0
1008.0,96.0,0.278957
1008.0,97.0,0.803651
1008.0,98.0,0.32875
1008.0,99.0,0.674867
1008.0,100.0,0.715501
1008.0,101.0,0.0
1008.0,102.0,0.819832
1008.0,103.0,0.565833
1008.0,104.0,0.988156
1008.0,105.0,0.047832
1008.0,106.0,0.755626
1008.0,107.0,0.093502
1008.0,108.0,0.238379
1008.0,109.0,0.295857
1008.0,110.0,0.608112
1008.0,111.0,0.347244
1008.0,112.0,0.958049
1008.0,113.0,0.660278
1008.0,114.0,0.419981
1008.0,115.0,0.039712
1008.0,116.0,0.044651
1008.0,117.0,0.370007
1008.0,118.0,1.0
1008.0,119.0,0.452866
1008.0,120.0,0.294192
1008.0,121.0,0.402738
1008.0,122.0,0.581085
1008.0,123.0,0.311185
1008.0,124.0,0.528098
1008.0,125.0,1.0
1008.0,126.0,0.607767
1009.0,0.0,0.15186
1009.0,1.0,0.546356
1009.0,2.0,0.723078
1009.0,3.0,0.638908
1009.0,4.0,0.357108
1009.0,5.0,0.952063
1009.0,6.0,0.837639
1009.0,7.0,0.0
1009.0,8.0,0.294939
1009.0,9.0,0.218372
1009.0,10.0,0.611732
1009.0,11.0,0.550263
1009.0,12.0,0.906096
1009.0,13.0,0.365289
1009.0,14.0,0.343443
1009.0,15.0,0.412789
1009.0,16.0,0.315418
1009.0,17.0,0.472652
1009.0,18.0,0.650505
1009.0,19.0,0.161166
1009.0,20.0,0.575702
1009.0,21.0,0.671943
1009.0,22.0,0.296777
1009.0,23.0,1.0
1009.0,24.0,0.902243
1009.0,25.0,0.586209
1009.0,26.0,0.026923
1009.0,27.0,0.420904
1009.0,28.0,0.407102
1009.0,29.0,0.313408
1009.0,30.0,0.773331
1009.0,31.0,0.541596
1009.0,32.0,0.000278
1009.0,33.0,0.0
1009.0,34.0,1.0
1009.0,35.0,0.675797
1009.0,36.0,0.397479
1009.0,37.0,0.929683
1009.0,38.0,0.090707
1009.0,39.0,0.000509
1009.0,40.0,0.547525
1009.0,41.0,0.394238
1009.0,42.0,0.522106
1009.0,43.0,0.441271
1009.0,44.0,0.67845
1009.0,45.0,0.473692
1009.0,46.0,0.699302
1009.0,47.0,0.577141
1009.0,48.0,0.657954
1009.0,49.0,1.0
1009.0,50.0,0.339261
1009.0,51.0,0.340169
1009.0,52.0,0.0
1009.0,53.0,0.685117
1009.0,54.0,0.817069
1009.0,55.0,0.357054
1009.0,56.0,0.608811
1009.0,57.0,0.136416
1009.0,58.0,0.576633
1009.0,59.0,1.0
1009.0,60.0,0.151783
1009.0,61.0,0.401893
1009.0,62.0,0.472676
1009.0,63.0,0.857215
1009.0,64.0,0.718031
1009.0,65.0,0.145579
1009.0,66.0,1.0
1009.0,67.0,0.803654
1009.0,68.0,0.675834
1009.0,69.0,0.576014
1009.0,70.0,0.904243
1009.0,71.0,0.0
1009.0,72.0,0.262494
1009.0,73.0,0.276101
1009.0,74.0,0.357249
1009.0,75.0,0.506149
1009.0,76.0,0.348801
1009.0,77.0,0.365811
1009.0,78.0,0.754079
1009.0,79.0,0.561606
1009.0,80.0,0.390315
1009.0,81.0,0.997634
1009.0,82.0,0.126188
1009.0,83.0,0.040575
1009.0,84.0,0.483502
1009.0,85.0,0.340763
1009.0,86.0,0.463566
1009.0,87.0,0.591981
1009.0,88.0,0.980608
1009.0,89.0,0.902962
1009.0,90.0,0.091189
1009.0,91.0,1.0
1009.0,92.0,0.660488
1009.0,93.0,0.458466
1009.0,94.0,0.527318
1009.0,95.0,0.0
1009.0,96.0,0.266062
1009.0,97.0,0.791365
1009.0,98.0,0.325771
1009.0,99.0,0.664713
1009.0,100.0,0.708411
1009.0,101.0,0.0
1009.0,102.0,0.802161
1009.0,103.0,0.552651
1009.0,104.0,0.987939
1009.0,105.0,0.046948
1009.0,106.0,0.750831
1009.0,107.0,0.090829
1009.0,108.0,0.207667
1009.0,109.0,0.295015
1009.0,110.0,0.607755
1009.0,111.0,0.339326
1009.0,112.0,0.95897
1009.0,113.0,0.651416
1009.0,114.0,0.411845
1009.0,115.0,0.037756
1009.0,116.0,0.042703
1009.0,117.0,0.362417
1009.0,118.0,1.0
1009.0,119.0,0.427822
1009.0,120.0,0.293127
1009.0,121.0,0.401379
1009.0,122.0,0.570889
1009.0,123.0,0.280144
1009.0,124.0,0.497887
1009.0,125.0,1.0
1009.0,126.0,0.605582
1010.0,0.0,0.1458
1010.0,1.0,0.540907
1010.0,2.0,0.722396
1010.0,3.0,0.623438
1010.0,4.0,0.354215
1010.0,5.0,0.951398
1010.0,6.0,0.834116
1010.0,7.0,0.0
1010.0,8.0,0.292642
1010.0,9.0,0.21189
1010.0,10.0,0.579974
1010.0,11.0,0.557123
1010.0,12.0,0.900754
1010.0,13.0,0.345672
1010.0,14.0,0.317382
1010.0,15.0,0.399935
1010.0,16.0,0.291938
1010.0,17.0,0.470468
1010.0,18.0,0.64028
1010.0,19.0,0.129091
1010.0,20.0,0.574343
1010.0,21.0,0.669605
1010.0,22.0,0.295046
1010.0,23.0,1.0
1010.0,24.0,0.89572
1010.0,25.0,0.576096
1010.0,26.0,0.026361
1010.0,27.0,0.407415
1010.0,28.0,0.400972
1010.0,29.0,0.314188
1010.0,30.0,0.771451
1010.0,31.0,0.535196
1010.0,32.0,0.000218
1010.0,33.0,0.0
1010.0,34.0,1.0
1010.0,35.0,0.668571
1010.0,36.0,0.379577
1010.0,37.0,0.923937
1010.0,38.0,0.090787
1010.0,39.0,0.000479
1010.0,40.0,0.544257
1010.0,41.0,0.388284
1010.0,42.0,0.493958
1010.0,43.0,0.431006
1010.0,44.0,0.669131
1010.0,45.0,0.459171
1010.0,46.0,0.568364
1010.0,47.0,0.568913
1010.0,48.0,0.633397
1010.0,49.0,1.0
1010.0,50.0,0.333592
1010.0,51.0,0.31931
1010.0,52.0,0.0
1010.0,53.0,0.660725
1010.0,54.0,0.815079
1010.0,55.0,0.336776
1010.0,56.0,0.597799
1010.0,57.0,0.133522
1010.0,58.0,0.573872
1010.0,59.0,1.0
1010.0,60.0,0.147957
1010.0,61.0,0.385347
1010.0,62.0,0.471392
1010.0,63.0,0.840784
1010.0,64.0,0.703758
1010.0,65.0,0.141655
1010.0,66.0,1.0
1010.0,67.0,0.800303
1010.0,68.0,0.67121
1010.0,69.0,0.57185
1010.0,70.0,0.894691
1010.0,71.0,0.0
1010.0,72.0,0.259566
1010.0,73.0,0.248743
1010.0,74.0,0.340418
1010.0,75.0,0.499645
1010.0,76.0,0.318383
1010.0,77.0,0.311485
1010.0,78.0,0.753915
1010.0,79.0,0.550532
1010.0,80.0,0.380798
1010.0,81.0,0.997567
1010.0,82.0,0.123735
1010.0,83.0,0.036063
1010.0,84.0,0.476316
1010.0,85.0,0.333616
1010.0,86.0,0.455821
1010.0,87.0,0.572547
1010.0,88.0,0.980423
1010.0,89.0,0.903462
1010.0,90.0,0.073989
1010.0,91.0,1.0
1010.0,92.0,0.65357
1010.0,93.0,0.442957
1010.0,94.0,0.510427
1010.0,95.0,0.0
1010.0,96.0,0.254775
1010.0,97.0,0.778474
1010.0,98.0,0.322997
1010.0,99.0,0.65513
1010.0,100.0,0.701207
1010.0,101.0,0.0
1010.0,102.0,0.784565
1010.0,103.0,0.539607
1010.0,104.0,0.987867
1010.0,105.0,0.045586
1010.0,106.0,0.744373
1010.0,107.0,0.089005
1010.0,108.0,0.183568
1010.0,109.0,0.292957
1010.0,110.0,0.605289
1010.0,111.0,0.330094
1010.0,112.0,0.959388
1010.0,113.0,0.643455
1010.0,114.0,0.404864
1010.0,115.0,0.036196
1010.0,116.0,0.04075
1010.0,117.0,0.356158
1010.0,118.0,1.0
1010.0,119.0,0.403984
1010.0,120.0,0.290647
1010.0,121.0,0.399508
1010.0,122.0,0.562001
1010.0,123.0,0.254203
1010.0,124.0,0.470384
1010.0,125.0,1.0
1010.0,126.0,0.60332
2000.0,0.0,0.153602
2000.0,1.0,0.544473
2000.0,2.0,0.749417
2000.0,3.0,0.62082
2000.0,4.0,0.319128
2000.0,5.0,0.983479
2000.0,6.0,0.822917
2000.0,7.0,0.0
2000.0,8.0,0.286283
2000.0,9.0,0.217191
2000.0,10.0,0.580959
2000.0,11.0,0.568865
2000.0,12.0,0.915501
2000.0,13.0,0.339984
2000.0,14.0,0.318991
2000.0,15.0,0.397745
2000.0,16.0,0.296716
2000.0,17.0,0.463873
2000.0,18.0,0.62956
2000.0,19.0,0.130434
2000.0,20.0,0.573882
2000.0,21.0,0.690254
2000.0,22.0,0.260113
2000.0,23.0,1.0
2000.0,24.0,0.993571
2000.0,25.0,0.567413
2000.0,26.0,0.000463
2000.0,27.0,0.416118
2000.0,28.0,0.392803
2000.0,29.0,0.141648
2000.0,30.0,0.793374
2000.0,31.0,0.530246
2000.0,32.0,0.0
2000.0,33.0,0.0
2000.0,34.0,1.0
2000.0,35.0,0.675458
2000.0,36.0,0.36864
2000.0,37.0,0.94893
2000.0,38.0,0.030045
2000.0,39.0,0.0
2000.0,40.0,0.561262
2000.0,41.0,0.39489
2000.0,42.0,0.487966
2000.0,43.0,0.437093
2000.0,44.0,0.661081
2000.0,45.0,0.46336
2000.0,46.0,0.567279
2000.0,47.0,0.576638
2000.0,48.0,0.634696
2000.0,49.0,1.0
2000.0,50.0,0.327885
2000.0,51.0,0.308446
2000.0,52.0,0.0
2000.0,53.0,0.65864
2000.0,54.0,0.877365
2000.0,55.0,0.337707
2000.0,56.0,0.596001
2000.0,57.0,0.109504
2000.0,58.0,0.567535
2000.0,59.0,1.0
2000.0,60.0,0.148268
2000.0,61.0,0.394031
2000.0,62.0,0.46945
2000.0,63.0,0.845316
2000.0,64.0,0.695985
2000.0,65.0,0.042793
2000.0,66.0,1.0
2000.0,67.0,0.79081
2000.0,68.0,0.683199
2000.0,69.0,0.554944
2000.0,70.0,0.903881
2000.0,71.0,0.0
2000.0,72.0,0.231903
2000.0,73.0,0.251766
2000.0,74.0,0.348153
2000.0,75.0,0.492285
2000.0,76.0,0.319897
2000.0,77.0,0.310973
2000.0,78.0,0.736997
2000.0,79.0,0.554897
2000.0,80.0,0.379789
2000.0,81.0,1.0
2000.0,82.0,0.025625
2000.0,83.0,0.039929
2000.0,84.0,0.464884
2000.0,85.0,0.340703
2000.0,86.0,0.454435
2000.0,87.0,0.576203
2000.0,88.0,0.999701
2000.0,89.0,0.931654
2000.0,90.0,0.074465
2000.0,91.0,1.0
2000.0,92.0,0.655801
2000.0,93.0,0.429648
2000.0,94.0,0.519978
2000.0,95.0,0.0
2000.0,96.0,0.252895
2000.0,97.0,0.811194
2000.0,98.0,0.248462
2000.0,99.0,0.656186
2000.0,100.0,0.706187
2000.0,101.0,0.0
2000.0,102.0,0.782059
2000.0,103.0,0.53411
2000.0,104.0,0.996895
2000.0,105.0,0.020028
2000.0,106.0,0.737684
2000.0,107.0,0.08776
2000.0,108.0,0.186006
2000.0,109.0,0.285222
2000.0,110.0,0.596048
2000.0,111.0,0.331054
2000.0,112.0,0.99147
2000.0,113.0,0.635541
2000.0,114.0,0.409063
2000.0,115.0,0.017556
2000.0,116.0,0.004929
2000.0,117.0,0.358381
2000.0,118.0,1.0
2000.0,119.0,0.398551
2000.0,120.0,0.270087
2000.0,121.0,0.320599
2000.0,122.0,0.556588
2000.0,123.0,0.256977
2000.0,124.0,0.480267
2000.0,125.0,1.0
2000.0,126.0,0.604167
2001.0,0.0,0.161453
2001.0,1.0,0.549721
2001.0,2.0,0.751374
2001.0,3.0,0.638848
2001.0,4.0,0.321537
2001.0,5.0,0.984184
2001.0,6.0,0.825765
2001.0,7.0,0.0
2001.0,8.0,0.291348
2001.0,9.0,0.22373
2001.0,10.0,0.619939
2001.0,11.0,0.549481
2001.0,12.0,0.92091
2001.0,13.0,0.362252
2001.0,14.0,0.349163
2001.0,15.0,0.411888
2001.0,16.0,0.324864
2001.0,17.0,0.463624
2001.0,18.0,0.644115
2001.0,19.0,0.173709
2001.0,20.0,0.573173
2001.0,21.0,0.692331
2001.0,22.0,0.261087
2001.0,23.0,1.0
2001.0,24.0,0.994008
2001.0,25.0,0.579436
2001.0,26.0,0.000457
2001.0,27.0,0.433246
2001.0,28.0,0.398614
2001.0,29.0,0.142375
2001.0,30.0,0.793378
2001.0,31.0,0.536045
2001.0,32.0,0.0
2001.0,33.0,0.0
2001.0,34.0,1.0
2001.0,35.0,0.683484
2001.0,36.0,0.390911
2001.0,37.0,0.953312
2001.0,38.0,0.03003
2001.0,39.0,0.0
2001.0,40.0,0.564323
2001.0,41.0,0.401485
2001.0,42.0,0.519769
2001.0,43.0,0.449222
2001.0,44.0,0.672816
2001.0,45.0,0.47763
2001.0,46.0,0.720203
2001.0,47.0,0.58314
2001.0,48.0,0.668002
2001.0,49.0,1.0
2001.0,50.0,0.33572
2001.0,51.0,0.331855
2001.0,52.0,0.0
2001.0,53.0,0.686019
2001.0,54.0,0.878519
2001.0,55.0,0.366034
2001.0,56.0,0.609444
2001.0,57.0,0.111681
2001.0,58.0,0.570118
2001.0,59.0,1.0
2001.0,60.0,0.152453
2001.0,61.0,0.412855
2001.0,62.0,0.46783
2001.0,63.0,0.862436
2001.0,64.0,0.715526
2001.0,65.0,0.044261
2001.0,66.0,1.0
2001.0,67.0,0.794261
2001.0,68.0,0.687601
2001.0,69.0,0.560354
2001.0,70.0,0.913423
2001.0,71.0,0.0
2001.0,72.0,0.234659
2001.0,73.0,0.284992
2001.0,74.0,0.366725
2001.0,75.0,0.498723
2001.0,76.0,0.363201
2001.0,77.0,0.37025
2001.0,78.0,0.727808
2001.0,79.0,0.56748
2001.0,80.0,0.390905
2001.0,81.0,1.0
2001.0,82.0,0.026197
2001.0,83.0,0.044971
2001.0,84.0,0.475568
2001.0,85.0,0.349146
2001.0,86.0,0.462149
2001.0,87.0,0.598471
2001.0,88.0,0.999743
2001.0,89.0,0.93217
2001.0,90.0,0.093743
2001.0,91.0,1.0
2001.0,92.0,0.661858
2001.0,93.0,0.446409
2001.0,94.0,0.540433
2001.0,95.0,0.0
2001.0,96.0,0.266573
2001.0,97.0,0.823121
2001.0,98.0,0.251524
2001.0,99.0,0.66758
2001.0,100.0,0.713539
2001.0,101.0,0.0
2001.0,102.0,0.80259
2001.0,103.0,0.547643
2001.0,104.0,0.996827
2001.0,105.0,0.020125
2001.0,106.0,0.743843
2001.0,107.0,0.089411
2001.0,108.0,0.221554
2001.0,109.0,0.286381
2001.0,110.0,0.594691
2001.0,111.0,0.339362
2001.0,112.0,0.991842
2001.0,113.0,0.647072
2001.0,114.0,0.416642
2001.0,115.0,0.018387
2001.0,116.0,0.005223
2001.0,117.0,0.367218
2001.0,118.0,1.0
2001.0,119.0,0.432495
2001.0,120.0,0.272949
2001.0,121.0,0.322295
2001.0,122.0,0.56775
2001.0,123.0,0.294622
2001.0,124.0,0.512765
2001.0,125.0,1.0
2001.0,126.0,0.60675
2002.0,0.0,0.16855
2002.0,1.0,0.556498
2002.0,2.0,0.753535
2002.0,3.0,0.656188
2002.0,4.0,0.323279
2002.0,5.0,0.98461
2002.0,6.0,0.828009
2002.0,7.0,0.0
2002.0,8.0,0.29447
2002.0,9.0,0.230713
2002.0,10.0,0.654772
2002.0,11.0,0.527696
2002.0,12.0,0.926541
2002.0,13.0,0.384394
2002.0,14.0,0.378669
2002.0,15.0,0.425247
2002.0,16.0,0.351959
2002.0,17.0,0.464479
2002.0,18.0,0.657905
2002.0,19.0,0.223386
2002.0,20.0,0.571813
2002.0,21.0,0.695482
2002.0,22.0,0.261368
2002.0,23.0,1.0
2002.0,24.0,0.994384
2002.0,25.0,0.590353
2002.0,26.0,0.000447
2002.0,27.0,0.450672
2002.0,28.0,0.404861
2002.0,29.0,0.142703
2002.0,30.0,0.794029
2002.0,31.0,0.542938
2002.0,32.0,0.0
2002.0,33.0,0.0
2002.0,34.0,1.0
2002.0,35.0,0.691108
2002.0,36.0,0.412944
2002.0,37.0,0.957292
2002.0,38.0,0.030062
2002.0,39.0,0.0
2002.0,40.0,0.566573
2002.0,41.0,0.409615
2002.0,42.0,0.550463
2002.0,43.0,0.459465
2002.0,44.0,0.683653
2002.0,45.0,0.492197
2002.0,46.0,0.825235
2002.0,47.0,0.59066
2002.0,48.0,0.696492
2002.0,49.0,1.0
2002.0,50.0,0.344519
2002.0,51.0,0.358204
2002.0,52.0,0.0
2002.0,53.0,0.7105
2002.0,54.0,0.879945
2002.0,55.0,0.393779
2002.0,56.0,0.621396
2002.0,57.0,0.114318
2002.0,58.0,0.57282
2002.0,59.0,1.0
2002.0,60.0,0.156326
2002.0,61.0,0.429382
2002.0,62.0,0.465796
2002.0,63.0,0.878339
2002.0,64.0,0.731955
2002.0,65.0,0.045905
2002.0,66.0,1.0
2002.0,67.0,0.797677
2002.0,68.0,0.69201
2002.0,69.0,0.565426
2002.0,70.0,0.921647
2002.0,71.0,0.0
2002.0,72.0,0.236706
2002.0,73.0,0.319978
2002.0,74.0,0.38565
2002.0,75.0,0.5053
2002.0,76.0,0.405229
2002.0,77.0,0.426839
2002.0,78.0,0.717276
2002.0,79.0,0.580648
2002.0,80.0,0.402043
2002.0,81.0,1.0
2002.0,82.0,0.027031
2002.0,83.0,0.050559
2002.0,84.0,0.484368
2002.0,85.0,0.358884
2002.0,86.0,0.470715
2002.0,87.0,0.618385
2002.0,88.0,0.999758
2002.0,89.0,0.932649
2002.0,90.0,0.117071
2002.0,91.0,1.0
2002.0,92.0,0.668371
2002.0,93.0,0.46335
2002.0,94.0,0.559381
2002.0,95.0,0.0
2002.0,96.0,0.28039
2002.0,97.0,0.834212
2002.0,98.0,0.253906
2002.0,99.0,0.678546
2002.0,100.0,0.720186
2002.0,101.0,0.0
2002.0,102.0,0.821809
2002.0,103.0,0.56023
2002.0,104.0,0.996968
2002.0,105.0,0.020588
2002.0,106.0,0.75066
2002.0,107.0,0.091813
2002.0,108.0,0.262581
2002.0,109.0,0.288702
2002.0,110.0,0.590827
2002.0,111.0,0.348268
2002.0,112.0,0.992143
2002.0,113.0,0.657754
2002.0,114.0,0.424355
2002.0,115.0,0.019424
2002.0,116.0,0.005399
2002.0,117.0,0.375125
2002.0,118.0,1.0
2002.0,119.0,0.464469
2002.0,120.0,0.276199
2002.0,121.0,0.323922
2002.0,122.0,0.578427
2002.0,123.0,0.335699
2002.0,124.0,0.544461
2002.0,125.0,1.0
2002.0,126.0,0.608736
2003.0,0.0,0.175341
2003.0,1.0,0.561657
2003.0,2.0,0.755538
2003.0,3.0,0.672592
2003.0,4.0,0.325852
2003.0,5.0,0.984612
2003.0,6.0,0.830053
2003.0,7.0,0.0
2003.0,8.0,0.297713
2003.0,9.0,0.237334
2003.0,10.0,0.685211
2003.0,11.0,0.505115
2003.0,12.0,0.931098
2003.0,13.0,0.406139
2003.0,14.0,0.407327
2003.0,15.0,0.438634
2003.0,16.0,0.380862
2003.0,17.0,0.466353
2003.0,18.0,0.670576
2003.0,19.0,0.278049
2003.0,20.0,0.57108
2003.0,21.0,0.698654
2003.0,22.0,0.263155
2003.0,23.0,1.0
2003.0,24.0,0.994775
2003.0,25.0,0.599953
2003.0,26.0,0.000454
2003.0,27.0,0.466862
2003.0,28.0,0.41202
2003.0,29.0,0.143281
2003.0,30.0,0.79393
2003.0,31.0,0.550257
2003.0,32.0,0.0
2003.0,33.0,0.0
2003.0,34.0,1.0
2003.0,35.0,0.698347
2003.0,36.0,0.434268
2003.0,37.0,0.961099
2003.0,38.0,0.030422
2003.0,39.0,0.0
2003.0,40.0,0.570088
2003.0,41.0,0.415606
2003.0,42.0,0.577546
2003.0,43.0,0.469584
2003.0,44.0,0.694375
2003.0,45.0,0.505321
2003.0,46.0,0.891783
2003.0,47.0,0.598014
2003.0,48.0,0.721951
2003.0,49.0,1.0
2003.0,50.0,0.35159
2003.0,51.0,0.387472
2003.0,52.0,0.0
2003.0,53.0,0.733262
2003.0,54.0,0.881187
2003.0,55.0,0.421396
2003.0,56.0,0.633351
2003.0,57.0,0.117245
2003.0,58.0,0.577159
2003.0,59.0,1.0
2003.0,60.0,0.160809
2003.0,61.0,0.446697
2003.0,62.0,0.464774
2003.0,63.0,0.892222
2003.0,64.0,0.747564
2003.0,65.0,0.047549
2003.0,66.0,1.0
2003.0,67.0,0.801193
2003.0,68.0,0.697171
2003.0,69.0,0.569621
2003.0,70.0,0.929313
2003.0,71.0,0.0
2003.0,72.0,0.237316
2003.0,73.0,0.357893
2003.0,74.0,0.403859
2003.0,75.0,0.511446
2003.0,76.0,0.445149
2003.0,77.0,0.47939
2003.0,78.0,0.707928
2003.0,79.0,0.593017
2003.0,80.0,0.412485
2003.0,81.0,1.0
2003.0,82.0,0.027503
2003.0,83.0,0.056921
2003.0,84.0,0.493181
2003.0,85.0,0.368373
2003.0,86.0,0.480121
2003.0,87.0,0.638332
2003.0,88.0,0.999761
2003.0,89.0,0.932895
2003.0,90.0,0.144583
2003.0,91.0,1.0
2003.0,92.0,0.674943
2003.0,93.0,0.478386
2003.0,94.0,0.575634
2003.0,95.0,0.0
2003.0,96.0,0.29546
2003.0,97.0,0.845198
2003.0,98.0,0.255607
2003.0,99.0,0.689542
2003.0,100.0,0.72628
2003.0,101.0,0.0
2003.0,102.0,0.839041
2003.0,103.0,0.573467
2003.0,104.0,0.997045
2003.0,105.0,0.020984
2003.0,106.0,0.757838
2003.0,107.0,0.09373
2003.0,108.0,0.311347
2003.0,109.0,0.291291
2003.0,110.0,0.586956
2003.0,111.0,0.357748
2003.0,112.0,0.992567
2003.0,113.0,0.667827
2003.0,114.0,0.431196
2003.0,115.0,0.020418
2003.0,116.0,0.005713
2003.0,117.0,0.382362
2003.0,118.0,1.0
2003.0,119.0,0.495488
2003.0,120.0,0.279469
2003.0,121.0,0.326196
2003.0,122.0,0.588495
2003.0,123.0,0.376291
2003.0,124.0,0.575487
2003.0,125.0,1.0
2003.0,126.0,0.611255
2004.0,0.0,0.183062
2004.0,1.0,0.566988
2004.0,2.0,0.757039
2004.0,3.0,0.687915
2004.0,4.0,0.326899
2004.0,5.0,0.984841
2004.0,6.0,0.83186
2004.0,7.0,0.0
2004.0,8.0,0.301078
2004.0,9.0,0.244661
2004.0,10.0,0.712065
2004.0,11.0,0.480069
2004.0,12.0,0.936277
2004.0,13.0,0.427275
2004.0,14.0,0.433366
2004.0,15.0,0.451573
2004.0,16.0,0.409803
2004.0,17.0,0.466171
2004.0,18.0,0.683554
2004.0,19.0,0.334996
2004.0,20.0,0.570817
2004.0,21.0,0.701977
2004.0,22.0,0.26458
2004.0,23.0,1.0
2004.0,24.0,0.995107
2004.0,25.0,0.608817
2004.0,26.0,0.000454
2004.0,27.0,0.483165
2004.0,28.0,0.419491
2004.0,29.0,0.143644
2004.0,30.0,0.793721
2004.0,31.0,0.556189
2004.0,32.0,0.0
2004.0,33.0,0.0
2004.0,34.0,1.0
2004.0,35.0,0.705809
2004.0,36.0,0.453764
2004.0,37.0,0.964366
2004.0,38.0,0.030574
2004.0,39.0,0.0
2004.0,40.0,0.572486
2004.0,41.0,0.422859
2004.0,42.0,0.603222
2004.0,43.0,0.478791
2004.0,44.0,0.704659
2004.0,45.0,0.51936
2004.0,46.0,0.934124
2004.0,47.0,0.605514
2004.0,48.0,0.744598
2004.0,49.0,1.0
2004.0,50.0,0.359439
2004.0,51.0,0.418273
2004.0,52.0,0.0
2004.0,53.0,0.753747
2004.0,54.0,0.881705
2004.0,55.0,0.447958
2004.0,56.0,0.643854
2004.0,57.0,0.119446
2004.0,58.0,0.58073
2004.0,59.0,1.0
2004.0,60.0,0.165312
2004.0,61.0,0.4636
2004.0,62.0,0.463286
2004.0,63.0,0.904955
2004.0,64.0,0.762322
2004.0,65.0,0.04913
2004.0,66.0,1.0
2004.0,67.0,0.804708
2004.0,68.0,0.70228
2004.0,69.0,0.574296
2004.0,70.0,0.936709
2004.0,71.0,0.0
2004.0,72.0,0.237887
2004.0,73.0,0.398623
2004.0,74.0,0.422415
2004.0,75.0,0.518154
2004.0,76.0,0.483727
2004.0,77.0,0.526719
2004.0,78.0,0.697741
2004.0,79.0,0.604275
2004.0,80.0,0.423483
2004.0,81.0,1.0
2004.0,82.0,0.027955
2004.0,83.0,0.063715
2004.0,84.0,0.501167
2004.0,85.0,0.377096
2004.0,86.0,0.488673
2004.0,87.0,0.656544
2004.0,88.0,0.999773
2004.0,89.0,0.933433
2004.0,90.0,0.175901
2004.0,91.0,1.0
2004.0,92.0,0.679812
2004.0,93.0,0.494368
2004.0,94.0,0.590688
2004.0,95.0,0.0
2004.0,96.0,0.3096
2004.0,97.0,0.855013
2004.0,98.0,0.256938
2004.0,99.0,0.700603
2004.0,100.0,0.733007
2004.0,101.0,0.0
2004.0,102.0,0.854366
2004.0,103.0,0.585683
2004.0,104.0,0.997058
2004.0,105.0,0.021318
2004.0,106.0,0.763712
2004.0,107.0,0.095842
2004.0,108.0,0.365413
2004.0,109.0,0.293162
2004.0,110.0,0.582477
2004.0,111.0,0.366682
2004.0,112.0,0.992852
2004.0,113.0,0.677183
2004.0,114.0,0.43758
2004.0,115.0,0.020904
2004.0,116.0,0.005891
2004.0,117.0,0.390372
2004.0,118.0,1.0
2004.0,119.0,0.523035
2004.0,120.0,0.282913
2004.0,121.0,0.329105
2004.0,122.0,0.598021
2004.0,123.0,0.418363
2004.0,124.0,0.605167
2004.0,125.0,1.0
2004.0,126.0,0.615043
2005.0,0.0,0.191556
2005.0,1.0,0.572561
2005.0,2.0,0.75895
2005.0,3.0,0.70259
2005.0,4.0,0.327564
2005.0,5.0,0.985261
2005.0,6.0,0.834732
2005.0,7.0,0.0
2005.0,8.0,0.303388
2005.0,9.0,0.251434
2005.0,10.0,0.737092
2005.0,11.0,0.454116
2005.0,12.0,0.941756
2005.0,13.0,0.447423
2005.0,14.0,0.460003
2005.0,15.0,0.464913
2005.0,16.0,0.439542
2005.0,17.0,0.46788
2005.0,18.0,0.695476
2005.0,19.0,0.390799
2005.0,20.0,0.569114
2005.0,21.0,0.704366
2005.0,22.0,0.266175
2005.0,23.0,1.0
2005.0,24.0,0.995491
2005.0,25.0,0.617579
2005.0,26.0,0.000459
2005.0,27.0,0.499276
2005.0,28.0,0.425371
2005.0,29.0,0.143637
2005.0,30.0,0.794735
2005.0,31.0,0.561171
2005.0,32.0,0.0
2005.0,33.0,0.0
2005.0,34.0,1.0
2005.0,35.0,0.713116
2005.0,36.0,0.472742
2005.0,37.0,0.967594
2005.0,38.0,0.031091
2005.0,39.0,0.0
2005.0,40.0,0.575074
2005.0,41.0,0.428758
2005.0,42.0,0.628511
2005.0,43.0,0.487412
2005.0,44.0,0.714558
2005.0,45.0,0.533626
2005.0,46.0,0.959267
2005.0,47.0,0.61143
2005.0,48.0,0.764419
2005.0,49.0,1.0
2005.0,50.0,0.367254
2005.0,51.0,0.452139
2005.0,52.0,0.0
2005.0,53.0,0.772902
2005.0,54.0,0.882512
2005.0,55.0,0.473352
2005.0,56.0,0.654256
2005.0,57.0,0.122354
2005.0,58.0,0.583849
2005.0,59.0,1.0
2005.0,60.0,0.16948
2005.0,61.0,0.478773
2005.0,62.0,0.463218
2005.0,63.0,0.916446
2005.0,64.0,0.776093
2005.0,65.0,0.050816
2005.0,66.0,1.0
2005.0,67.0,0.808559
2005.0,68.0,0.706819
2005.0,69.0,0.577696
2005.0,70.0,0.943285
2005.0,71.0,0.0
2005.0,72.0,0.239603
2005.0,73.0,0.441088
2005.0,74.0,0.441738
2005.0,75.0,0.524516
2005.0,76.0,0.519822
2005.0,77.0,0.569416
2005.0,78.0,0.688567
2005.0,79.0,0.614712
2005.0,80.0,0.434101
2005.0,81.0,1.0
2005.0,82.0,0.028557
2005.0,83.0,0.070567
2005.0,84.0,0.509976
2005.0,85.0,0.385605
2005.0,86.0,0.497557
2005.0,87.0,0.674249
2005.0,88.0,0.999792
2005.0,89.0,0.934128
2005.0,90.0,0.208601
2005.0,91.0,1.0
2005.0,92.0,0.685173
2005.0,93.0,0.510674
2005.0,94.0,0.605353
2005.0,95.0,0.0
2005.0,96.0,0.323635
2005.0,97.0,0.865065
2005.0,98.0,0.256976
2005.0,99.0,0.710445
2005.0,100.0,0.740416
2005.0,101.0,0.0
2005.0,102.0,0.868359
2005.0,103.0,0.596823
2005.0,104.0,0.99708
2005.0,105.0,0.02141
2005.0,106.0,0.770637
2005.0,107.0,0.097627
2005.0,108.0,0.42534
2005.0,109.0,0.293759
2005.0,110.0,0.578315
2005.0,111.0,0.37494
2005.0,112.0,0.993031
2005.0,113.0,0.685588
2005.0,114.0,0.444144
2005.0,115.0,0.021125
2005.0,116.0,0.006131
2005.0,117.0,0.398308
2005.0,118.0,1.0
2005.0,119.0,0.55019
2005.0,120.0,0.286155
2005.0,121.0,0.331783
2005.0,122.0,0.607764
2005.0,123.0,0.460238
2005.0,124.0,0.634199
2005.0,125.0,1.0
2005.0,126.0,0.61798
2006.0,0.0,0.182346
2006.0,1.0,0.566683
2006.0,2.0,0.756145
2006.0,3.0,0.686212
2006.0,4.0,0.326289
2006.0,5.0,0.985044
2006.0,6.0,0.83308
2006.0,7.0,0.0
2006.0,8.0,0.299598
2006.0,9.0,0.243428
2006.0,10.0,0.706715
2006.0,11.0,0.497724
2006.0,12.0,0.936738
2006.0,13.0,0.425218
2006.0,14.0,0.430661
2006.0,15.0,0.450826
2006.0,16.0,0.405573
2006.0,17.0,0.465638
2006.0,18.0,0.681612
2006.0,19.0,0.316341
2006.0,20.0,0.567821
2006.0,21.0,0.701459
2006.0,22.0,0.265404
2006.0,23.0,1.0
2006.0,24.0,0.995298
2006.0,25.0,0.611175
2006.0,26.0,0.000411
2006.0,27.0,0.480445
2006.0,28.0,0.418637
2006.0,29.0,0.142772
2006.0,30.0,0.794972
2006.0,31.0,0.555461
2006.0,32.0,0.0
2006.0,33.0,0.0
2006.0,34.0,1.0
2006.0,35.0,0.705338
2006.0,36.0,0.450268
2006.0,37.0,0.964178
2006.0,38.0,0.030264
2006.0,39.0,0.0
2006.0,40.0,0.572277
2006.0,41.0,0.421924
2006.0,42.0,0.600275
2006.0,43.0,0.478437
2006.0,44.0,0.703196
2006.0,45.0,0.517954
2006.0,46.0,0.928088
2006.0,47.0,0.604163
2006.0,48.0,0.73865
2006.0,49.0,1.0
2006.0,50.0,0.358299
2006.0,51.0,0.415657
2006.0,52.0,0.0
2006.0,53.0,0.751251
2006.0,54.0,0.882545
2006.0,55.0,0.438369
2006.0,56.0,0.643528
2006.0,57.0,0.11843
2006.0,58.0,0.579847
2006.0,59.0,1.0
2006.0,60.0,0.164607
2006.0,61.0,0.459412
2006.0,62.0,0.464361
2006.0,63.0,0.903961
2006.0,64.0,0.760582
2006.0,65.0,0.048686
2006.0,66.0,1.0
2006.0,67.0,0.805092
2006.0,68.0,0.701996
2006.0,69.0,0.574374
2006.0,70.0,0.936809
2006.0,71.0,0.0
2006.0,72.0,0.238801
2006.0,73.0,0.388756
2006.0,74.0,0.421583
2006.0,75.0,0.517423
2006.0,76.0,0.468688
2006.0,77.0,0.522259
2006.0,78.0,0.705985
2006.0,79.0,0.603089
2006.0,80.0,0.422233
2006.0,81.0,1.0
2006.0,82.0,0.027698
2006.0,83.0,0.062993
2006.0,84.0,0.501334
2006.0,85.0,0.375798
2006.0,86.0,0.487392
2006.0,87.0,0.653725
2006.0,88.0,0.999787
2006.0,89.0,0.933623
2006.0,90.0,0.169413
2006.0,91.0,1.0
2006.0,92.0,0.678476
2006.0,93.0,0.492685
2006.0,94.0,0.587067
2006.0,95.0,0.0
2006.0,96.0,0.307947
2006.0,97.0,0.855088
2006.0,98.0,0.257805
2006.0,99.0,0.698393
2006.0,100.0,0.731556
2006.0,101.0,0.0
2006.0,102.0,0.85165
2006.0,103.0,0.583263
2006.0,104.0,0.997175
2006.0,105.0,0.020879
2006.0,106.0,0.763736
2006.0,107.0,0.095668
2006.0,108.0,0.340899
2006.0,109.0,0.293009
2006.0,110.0,0.590004
2006.0,111.0,0.365316
2006.0,112.0,0.992855
2006.0,113.0,0.675766
2006.0,114.0,0.436698
2006.0,115.0,0.020314
2006.0,116.0,0.005825
2006.0,117.0,0.390562
2006.0,118.0,1.0
2006.0,119.0,0.51347
2006.0,120.0,0.283259
2006.0,121.0,0.329769
2006.0,122.0,0.596656
2006.0,123.0,0.396464
2006.0,124.0,0.599824
2006.0,125.0,1.0
2006.0,126.0,0.614087
2007.0,0.0,0.173924
2007.0,1.0,0.561028
2007.0,2.0,0.754908
2007.0,3.0,0.669653
2007.0,4.0,0.325548
2007.0,5.0,0.984731
2007.0,6.0,0.830326
2007.0,7.0,0.0
2007.0,8.0,0.297386
2007.0,9.0,0.236283
2007.0,10.0,0.676136
2007.0,11.0,0.526521
2007.0,12.0,0.931276
2007.0,13.0,0.403033
2007.0,14.0,0.402157
2007.0,15.0,0.436619
2007.0,16.0,0.373822
2007.0,17.0,0.463769
2007.0,18.0,0.668323
2007.0,19.0,0.253539
2007.0,20.0,0.569006
2007.0,21.0,0.698691
2007.0,22.0,0.263818
2007.0,23.0,1.0
2007.0,24.0,0.995047
2007.0,25.0,0.601332
2007.0,26.0,0.000366
2007.0,27.0,0.463668
2007.0,28.0,0.411512
2007.0,29.0,0.14283
2007.0,30.0,0.794742
2007.0,31.0,0.549005
2007.0,32.0,0.0
2007.0,33.0,0.0
2007.0,34.0,1.0
2007.0,35.0,0.698377
2007.0,36.0,0.427897
2007.0,37.0,0.960938
2007.0,38.0,0.03032
2007.0,39.0,0.0
2007.0,40.0,0.571477
2007.0,41.0,0.41456
2007.0,42.0,0.570897
2007.0,43.0,0.468135
2007.0,44.0,0.692477
2007.0,45.0,0.503462
2007.0,46.0,0.877984
2007.0,47.0,0.595758
2007.0,48.0,0.711693
2007.0,49.0,1.0
2007.0,50.0,0.349866
2007.0,51.0,0.384737
2007.0,52.0,0.0
2007.0,53.0,0.728537
2007.0,54.0,0.88244
2007.0,55.0,0.408194
2007.0,56.0,0.632682
2007.0,57.0,0.114916
2007.0,58.0,0.576929
2007.0,59.0,1.0
2007.0,60.0,0.160601
2007.0,61.0,0.441297
2007.0,62.0,0.46411
2007.0,63.0,0.891464
2007.0,64.0,0.744753
2007.0,65.0,0.047002
2007.0,66.0,1.0
2007.0,67.0,0.802298
2007.0,68.0,0.695886
2007.0,69.0,0.570325
2007.0,70.0,0.929829
2007.0,71.0,0.0
2007.0,72.0,0.23703
2007.0,73.0,0.344428
2007.0,74.0,0.402797
2007.0,75.0,0.510688
2007.0,76.0,0.423862
2007.0,77.0,0.471691
2007.0,78.0,0.717865
2007.0,79.0,0.590986
2007.0,80.0,0.4101
2007.0,81.0,1.0
2007.0,82.0,0.026837
2007.0,83.0,0.056245
2007.0,84.0,0.49225
2007.0,85.0,0.366562
2007.0,86.0,0.478619
2007.0,87.0,0.633382
2007.0,88.0,0.999776
2007.0,89.0,0.933537
2007.0,90.0,0.137105
2007.0,91.0,1.0
2007.0,92.0,0.673504
2007.0,93.0,0.47575
2007.0,94.0,0.570154
2007.0,95.0,0.0
2007.0,96.0,0.293397
2007.0,97.0,0.844865
2007.0,98.0,0.256698
2007.0,99.0,0.686741
2007.0,100.0,0.724119
2007.0,101.0,0.0
2007.0,102.0,0.834618
2007.0,103.0,0.568168
2007.0,104.0,0.997287
2007.0,105.0,0.020625
2007.0,106.0,0.758614
2007.0,107.0,0.093417
2007.0,108.0,0.282332
2007.0,109.0,0.291321
2007.0,110.0,0.595824
2007.0,111.0,0.356668
2007.0,112.0,0.992761
2007.0,113.0,0.665766
2007.0,114.0,0.428619
2007.0,115.0,0.019732
2007.0,116.0,0.005434
2007.0,117.0,0.383943
2007.0,118.0,1.0
2007.0,119.0,0.480093
2007.0,120.0,0.280542
2007.0,121.0,0.327663
2007.0,122.0,0.585952
2007.0,123.0,0.348309
2007.0,124.0,0.568245
2007.0,125.0,1.0
2007.0,126.0,0.609966
2008.0,0.0,0.166287
2008.0,1.0,0.555494
2008.0,2.0,0.753155
2008.0,3.0,0.654072
2008.0,4.0,0.323073
2008.0,5.0,0.984348
2008.0,6.0,0.827481
2008.0,7.0,0.0
2008.0,8.0,0.294316
2008.0,9.0,0.229574
2008.0,10.0,0.644074
2008.0,11.0,0.545024
2008.0,12.0,0.926099
2008.0,13.0,0.381515
2008.0,14.0,0.374445
2008.0,15.0,0.423825
2008.0,16.0,0.345461
2008.0,17.0,0.462411
2008.0,18.0,0.654744
2008.0,19.0,0.20275
2008.0,20.0,0.570559
2008.0,21.0,0.69631
2008.0,22.0,0.261976
2008.0,23.0,1.0
2008.0,24.0,0.994886
2008.0,25.0,0.589567
2008.0,26.0,0.000394
2008.0,27.0,0.446873
2008.0,28.0,0.4041
2008.0,29.0,0.143236
2008.0,30.0,0.794733
2008.0,31.0,0.544048
2008.0,32.0,0.0
2008.0,33.0,0.0
2008.0,34.0,1.0
2008.0,35.0,0.690517
2008.0,36.0,0.407095
2008.0,37.0,0.95743
2008.0,38.0,0.030359
2008.0,39.0,0.0
2008.0,40.0,0.570155
2008.0,41.0,0.407519
2008.0,42.0,0.541696
2008.0,43.0,0.458039
2008.0,44.0,0.681714
2008.0,45.0,0.489422
2008.0,46.0,0.801521
2008.0,47.0,0.588807
2008.0,48.0,0.684746
2008.0,49.0,1.0
2008.0,50.0,0.341249
2008.0,51.0,0.357142
2008.0,52.0,0.0
2008.0,53.0,0.704901
2008.0,54.0,0.882224
2008.0,55.0,0.380535
2008.0,56.0,0.62102
2008.0,57.0,0.112661
2008.0,58.0,0.573564
2008.0,59.0,1.0
2008.0,60.0,0.157444
2008.0,61.0,0.423756
2008.0,62.0,0.464084
2008.0,63.0,0.877056
2008.0,64.0,0.728677
2008.0,65.0,0.045376
2008.0,66.0,1.0
2008.0,67.0,0.799381
2008.0,68.0,0.688791
2008.0,69.0,0.566803
2008.0,70.0,0.921912
2008.0,71.0,0.0
2008.0,72.0,0.23443
2008.0,73.0,0.307777
2008.0,74.0,0.383823
2008.0,75.0,0.504665
2008.0,76.0,0.384629
2008.0,77.0,0.418927
2008.0,78.0,0.725405
2008.0,79.0,0.579653
2008.0,80.0,0.398669
2008.0,81.0,1.0
2008.0,82.0,0.025791
2008.0,83.0,0.050639
2008.0,84.0,0.483738
2008.0,85.0,0.357962
2008.0,86.0,0.470861
2008.0,87.0,0.612537
2008.0,88.0,0.999768
2008.0,89.0,0.932754
2008.0,90.0,0.111854
2008.0,91.0,1.0
2008.0,92.0,0.668086
2008.0,93.0,0.459699
2008.0,94.0,0.552531
2008.0,95.0,0.0
2008.0,96.0,0.278543
2008.0,97.0,0.835291
2008.0,98.0,0.254596
2008.0,99.0,0.676039
2008.0,100.0,0.717288
2008.0,101.0,0.0
2008.0,102.0,0.817453
2008.0,103.0,0.554607
2008.0,104.0,0.997234
2008.0,105.0,0.020197
2008.0,106.0,0.752508
2008.0,107.0,0.090985
2008.0,108.0,0.23918
2008.0,109.0,0.289639
2008.0,110.0,0.59738
2008.0,111.0,0.349359
2008.0,112.0,0.992524
2008.0,113.0,0.655403
2008.0,114.0,0.421936
2008.0,115.0,0.019001
2008.0,116.0,0.005066
2008.0,117.0,0.377083
2008.0,118.0,1.0
2008.0,119.0,0.450646
2008.0,120.0,0.27834
2008.0,121.0,0.325867
2008.0,122.0,0.575384
2008.0,123.0,0.311601
2008.0,124.0,0.538898
2008.0,125.0,1.0
2008.0,126.0,0.607294
2009.0,0.0,0.159631
2009.0,1.0,0.549746
2009.0,2.0,0.751208
2009.0,3.0,0.639594
2009.0,4.0,0.321945
2009.0,5.0,0.983858
2009.0,6.0,0.824308
2009.0,7.0,0.0
2009.0,8.0,0.290303
2009.0,9.0,0.223398
2009.0,10.0,0.613381
2009.0,11.0,0.556816
2009.0,12.0,0.920646
2009.0,13.0,0.361013
2009.0,14.0,0.34727
2009.0,15.0,0.409904
2009.0,16.0,0.320016
2009.0,17.0,0.462167
2009.0,18.0,0.640412
2009.0,19.0,0.162638
2009.0,20.0,0.570786
2009.0,21.0,0.694143
2009.0,22.0,0.260869
2009.0,23.0,1.0
2009.0,24.0,0.99458
2009.0,25.0,0.576401
2009.0,26.0,0.000382
2009.0,27.0,0.433359
2009.0,28.0,0.398813
2009.0,29.0,0.142596
2009.0,30.0,0.793716
2009.0,31.0,0.537461
2009.0,32.0,0.0
2009.0,33.0,0.0
2009.0,34.0,1.0
2009.0,35.0,0.682688
2009.0,36.0,0.386968
2009.0,37.0,0.953593
2009.0,38.0,0.030175
2009.0,39.0,0.0
2009.0,40.0,0.567468
2009.0,41.0,0.400608
2009.0,42.0,0.511826
2009.0,43.0,0.447411
2009.0,44.0,0.672256
2009.0,45.0,0.475921
2009.0,46.0,0.69493
2009.0,47.0,0.583239
2009.0,48.0,0.65857
2009.0,49.0,1.0
2009.0,50.0,0.333425
2009.0,51.0,0.333133
2009.0,52.0,0.0
2009.0,53.0,0.680729
2009.0,54.0,0.881894
2009.0,55.0,0.357448
2009.0,56.0,0.609968
2009.0,57.0,0.110859
2009.0,58.0,0.570347
2009.0,59.0,1.0
2009.0,60.0,0.153782
2009.0,61.0,0.406554
2009.0,62.0,0.464717
2009.0,63.0,0.863015
2009.0,64.0,0.712325
2009.0,65.0,0.044221
2009.0,66.0,1.0
2009.0,67.0,0.795862
2009.0,68.0,0.683967
2009.0,69.0,0.562455
2009.0,70.0,0.914018
2009.0,71.0,0.0
2009.0,72.0,0.231944
2009.0,73.0,0.275435
2009.0,74.0,0.366987
2009.0,75.0,0.500948
2009.0,76.0,0.349301
2009.0,77.0,0.365036
2009.0,78.0,0.73125
2009.0,79.0,0.568148
2009.0,80.0,0.388987
2009.0,81.0,1.0
2009.0,82.0,0.024737
2009.0,83.0,0.045521
2009.0,84.0,0.475243
2009.0,85.0,0.349513
2009.0,86.0,0.462495
2009.0,87.0,0.593504
2009.0,88.0,0.999751
2009.0,89.0,0.933144
2009.0,90.0,0.09115
2009.0,91.0,1.0
2009.0,92.0,0.6628
2009.0,93.0,0.443584
2009.0,94.0,0.534388
2009.0,95.0,0.0
2009.0,96.0,0.267092
2009.0,97.0,0.824424
2009.0,98.0,0.252722
2009.0,99.0,0.666609
2009.0,100.0,0.710195
2009.0,101.0,0.0
2009.0,102.0,0.800349
2009.0,103.0,0.542278
2009.0,104.0,0.997132
2009.0,105.0,0.019981
2009.0,106.0,0.746613
2009.0,107.0,0.089057
2009.0,108.0,0.208069
2009.0,109.0,0.288703
2009.0,110.0,0.5952
2009.0,111.0,0.342186
2009.0,112.0,0.992435
2009.0,113.0,0.645263
2009.0,114.0,0.414193
2009.0,115.0,0.018501
2009.0,116.0,0.004752
2009.0,117.0,0.368857
2009.0,118.0,1.0
2009.0,119.0,0.424315
2009.0,120.0,0.276365
2009.0,121.0,0.323576
2009.0,122.0,0.564735
2009.0,123.0,0.282714
2009.0,124.0,0.510612
2009.0,125.0,1.0
2009.0,126.0,0.603496
2010.0,0.0,0.152538
2010.0,1.0,0.544477
2010.0,2.0,0.748817
2010.0,3.0,0.624375
2010.0,4.0,0.320367
2010.0,5.0,0.983556
2010.0,6.0,0.821176
2010.0,7.0,0.0
2010.0,8.0,0.287196
2010.0,9.0,0.215746
2010.0,10.0,0.583355
2010.0,11.0,0.563907
2010.0,12.0,0.915374
2010.0,13.0,0.339926
2010.0,14.0,0.320604
2010.0,15.0,0.39746
2010.0,16.0,0.296867
2010.0,17.0,0.460394
2010.0,18.0,0.627186
2010.0,19.0,0.130185
2010.0,20.0,0.570264
2010.0,21.0,0.690143
2010.0,22.0,0.258919
2010.0,23.0,1.0
2010.0,24.0,0.994246
2010.0,25.0,0.564175
2010.0,26.0,0.000346
2010.0,27.0,0.421241
2010.0,28.0,0.393932
2010.0,29.0,0.141555
2010.0,30.0,0.793137
2010.0,31.0,0.531404
2010.0,32.0,0.0
2010.0,33.0,0.0
2010.0,34.0,1.0
2010.0,35.0,0.674638
2010.0,36.0,0.368887
2010.0,37.0,0.949378
2010.0,38.0,0.030116
2010.0,39.0,0.0
2010.0,40.0,0.565016
2010.0,41.0,0.394968
2010.0,42.0,0.482657
2010.0,43.0,0.43788
2010.0,44.0,0.662339
2010.0,45.0,0.461704
2010.0,46.0,0.563583
2010.0,47.0,0.578504
2010.0,48.0,0.633151
2010.0,49.0,1.0
2010.0,50.0,0.327039
2010.0,51.0,0.312681
2010.0,52.0,0.0
2010.0,53.0,0.656002
2010.0,54.0,0.880844
2010.0,55.0,0.337002
2010.0,56.0,0.598682
2010.0,57.0,0.107767
2010.0,58.0,0.567185
2010.0,59.0,1.0
2010.0,60.0,0.150191
2010.0,61.0,0.390621
2010.0,62.0,0.464863
2010.0,63.0,0.847925
2010.0,64.0,0.696552
2010.0,65.0,0.043042
2010.0,66.0,1.0
2010.0,67.0,0.793415
2010.0,68.0,0.680057
2010.0,69.0,0.558451
2010.0,70.0,0.90543
2010.0,71.0,0.0
2010.0,72.0,0.229211
2010.0,73.0,0.249302
2010.0,74.0,0.350006
2010.0,75.0,0.497103
2010.0,76.0,0.318893
2010.0,77.0,0.310307
2010.0,78.0,0.735296
2010.0,79.0,0.556932
2010.0,80.0,0.378469
2010.0,81.0,1.0
2010.0,82.0,0.023599
2010.0,83.0,0.041369
2010.0,84.0,0.467996
2010.0,85.0,0.341828
2010.0,86.0,0.455122
2010.0,87.0,0.574137
2010.0,88.0,0.999785
2010.0,89.0,0.933432
2010.0,90.0,0.074399
2010.0,91.0,1.0
2010.0,92.0,0.658495
2010.0,93.0,0.428062
2010.0,94.0,0.517054
2010.0,95.0,0.0
2010.0,96.0,0.255545
2010.0,97.0,0.813081
2010.0,98.0,0.250846
2010.0,99.0,0.657256
2010.0,100.0,0.702566
2010.0,101.0,0.0
2010.0,102.0,0.783268
2010.0,103.0,0.53005
2010.0,104.0,0.99708
2010.0,105.0,0.019221
2010.0,106.0,0.740622
2010.0,107.0,0.086544
2010.0,108.0,0.184619
2010.0,109.0,0.287443
2010.0,110.0,0.592397
2010.0,111.0,0.335222
2010.0,112.0,0.991938
2010.0,113.0,0.634997
2010.0,114.0,0.406906
2010.0,115.0,0.018109
2010.0,116.0,0.004461
2010.0,117.0,0.362385
2010.0,118.0,1.0
2010.0,119.0,0.400124
2010.0,120.0,0.273864
2010.0,121.0,0.322273
2010.0,122.0,0.554
2010.0,123.0,0.259001
2010.0,124.0,0.483051
2010.0,125.0,1.0
2010.0,126.0,0.599379
3000.0,0.0,0.145972
3000.0,1.0,0.548158
3000.0,2.0,0.753245
3000.0,3.0,0.632762
3000.0,4.0,0.314189
3000.0,5.0,0.985438
3000.0,6.0,0.827267
3000.0,7.0,0.0
3000.0,8.0,0.293367
3000.0,9.0,0.208717
3000.0,10.0,0.584478
3000.0,11.0,0.565438
3000.0,12.0,0.938117
3000.0,13.0,0.350887
3000.0,14.0,0.319071
3000.0,15.0,0.401204
3000.0,16.0,0.288778
3000.0,17.0,0.468083
3000.0,18.0,0.632212
3000.0,19.0,0.130227
3000.0,20.0,0.585136
3000.0,21.0,0.685696
3000.0,22.0,0.258846
3000.0,23.0,1.0
3000.0,24.0,0.999463
3000.0,25.0,0.570404
3000.0,26.0,0.0
3000.0,27.0,0.407101
3000.0,28.0,0.405742
3000.0,29.0,0.070124
3000.0,30.0,0.816499
3000.0,31.0,0.54186
3000.0,32.0,0.0
3000.0,33.0,0.0
3000.0,34.0,1.0
3000.0,35.0,0.6827
3000.0,36.0,0.370798
3000.0,37.0,0.955569
3000.0,38.0,0.013422
3000.0,39.0,0.0
3000.0,40.0,0.545668
3000.0,41.0,0.388804
3000.0,42.0,0.494273
3000.0,43.0,0.44116
3000.0,44.0,0.663361
3000.0,45.0,0.451011
3000.0,46.0,0.562095
3000.0,47.0,0.571579
3000.0,48.0,0.632063
3000.0,49.0,1.0
3000.0,50.0,0.335232
3000.0,51.0,0.316616
3000.0,52.0,0.0
3000.0,53.0,0.666322
3000.0,54.0,0.894813
3000.0,55.0,0.337816
3000.0,56.0,0.600255
3000.0,57.0,0.119609
3000.0,58.0,0.558155
3000.0,59.0,1.0
3000.0,60.0,0.147702
3000.0,61.0,0.391957
3000.0,62.0,0.465533
3000.0,63.0,0.838503
3000.0,64.0,0.70043
3000.0,65.0,0.009922
3000.0,66.0,1.0
3000.0,67.0,0.797378
3000.0,68.0,0.701603
3000.0,69.0,0.546472
3000.0,70.0,0.905279
3000.0,71.0,0.0
3000.0,72.0,0.244236
3000.0,73.0,0.247508
3000.0,74.0,0.345104
3000.0,75.0,0.480169
3000.0,76.0,0.319266
3000.0,77.0,0.318609
3000.0,78.0,0.728482
3000.0,79.0,0.565762
3000.0,80.0,0.37448
3000.0,81.0,1.0
3000.0,82.0,0.005928
3000.0,83.0,0.036785
3000.0,84.0,0.477447
3000.0,85.0,0.331611
3000.0,86.0,0.44905
3000.0,87.0,0.575262
3000.0,88.0,1.0
3000.0,89.0,0.948451
3000.0,90.0,0.07206
3000.0,91.0,1.0
3000.0,92.0,0.647984
3000.0,93.0,0.444389
3000.0,94.0,0.504097
3000.0,95.0,0.0
3000.0,96.0,0.253912
3000.0,97.0,0.803246
3000.0,98.0,0.224425
3000.0,99.0,0.658133
3000.0,100.0,0.704943
3000.0,101.0,0.0
3000.0,102.0,0.786376
3000.0,103.0,0.534837
3000.0,104.0,0.999755
3000.0,105.0,0.008645
3000.0,106.0,0.734913
3000.0,107.0,0.07878
3000.0,108.0,0.186682
3000.0,109.0,0.292478
3000.0,110.0,0.603695
3000.0,111.0,0.3214
3000.0,112.0,0.997072
3000.0,113.0,0.642097
3000.0,114.0,0.402238
3000.0,115.0,0.008779
3000.0,116.0,0.000889
3000.0,117.0,0.358039
3000.0,118.0,1.0
3000.0,119.0,0.404741
3000.0,120.0,0.283245
3000.0,121.0,0.307502
3000.0,122.0,0.574973
3000.0,123.0,0.257417
3000.0,124.0,0.470634
3000.0,125.0,1.0
3000.0,126.0,0.595574
3001.0,0.0,0.153386
3001.0,1.0,0.554329
3001.0,2.0,0.75603
3001.0,3.0,0.649792
3001.0,4.0,0.316691
3001.0,5.0,0.985866
3001.0,6.0,0.828751
3001.0,7.0,0.0
3001.0,8.0,0.295869
3001.0,9.0,0.217178
3001.0,10.0,0.623392
3001.0,11.0,0.546858
3001.0,12.0,0.942736
3001.0,13.0,0.372892
3001.0,14.0,0.349476
3001.0,15.0,0.415537
3001.0,16.0,0.316163
3001.0,17.0,0.468852
3001.0,18.0,0.646689
3001.0,19.0,0.173792
3001.0,20.0,0.58674
3001.0,21.0,0.688338
3001.0,22.0,0.25998
3001.0,23.0,1.0
3001.0,24.0,0.999482
3001.0,25.0,0.580093
3001.0,26.0,0.0
3001.0,27.0,0.424708
3001.0,28.0,0.412248
3001.0,29.0,0.06979
3001.0,30.0,0.817314
3001.0,31.0,0.545884
3001.0,32.0,0.0
3001.0,33.0,0.0
3001.0,34.0,1.0
3001.0,35.0,0.690418
3001.0,36.0,0.391391
3001.0,37.0,0.959183
3001.0,38.0,0.013381
3001.0,39.0,0.0
3001.0,40.0,0.549341
3001.0,41.0,0.393789
3001.0,42.0,0.525031
3001.0,43.0,0.450747
3001.0,44.0,0.674635
3001.0,45.0,0.465875
3001.0,46.0,0.716201
3001.0,47.0,0.578195
3001.0,48.0,0.665667
3001.0,49.0,1.0
3001.0,50.0,0.343585
3001.0,51.0,0.340442
3001.0,52.0,0.0
3001.0,53.0,0.694877
3001.0,54.0,0.894815
3001.0,55.0,0.366391
3001.0,56.0,0.612954
3001.0,57.0,0.122355
3001.0,58.0,0.561718
3001.0,59.0,1.0
3001.0,60.0,0.150986
3001.0,61.0,0.410097
3001.0,62.0,0.463221
3001.0,63.0,0.856931
3001.0,64.0,0.718667
3001.0,65.0,0.01029
3001.0,66.0,1.0
3001.0,67.0,0.801191
3001.0,68.0,0.710225
3001.0,69.0,0.551229
3001.0,70.0,0.914421
3001.0,71.0,0.0
3001.0,72.0,0.245614
3001.0,73.0,0.280206
3001.0,74.0,0.36296
3001.0,75.0,0.485008
3001.0,76.0,0.361899
3001.0,77.0,0.376572
3001.0,78.0,0.718894
3001.0,79.0,0.577415
3001.0,80.0,0.386672
3001.0,81.0,1.0
3001.0,82.0,0.00601
3001.0,83.0,0.040955
3001.0,84.0,0.487237
3001.0,85.0,0.340509
3001.0,86.0,0.458545
3001.0,87.0,0.596714
3001.0,88.0,1.0
3001.0,89.0,0.94893
3001.0,90.0,0.091871
3001.0,91.0,1.0
3001.0,92.0,0.655042
3001.0,93.0,0.45912
3001.0,94.0,0.527542
3001.0,95.0,0.0
3001.0,96.0,0.267371
3001.0,97.0,0.81685
3001.0,98.0,0.22634
3001.0,99.0,0.667754
3001.0,100.0,0.711513
3001.0,101.0,0.0
3001.0,102.0,0.807557
3001.0,103.0,0.548941
3001.0,104.0,0.999758
3001.0,105.0,0.008781
3001.0,106.0,0.739884
3001.0,107.0,0.080741
3001.0,108.0,0.222606
3001.0,109.0,0.295102
3001.0,110.0,0.601244
3001.0,111.0,0.330851
3001.0,112.0,0.99713
3001.0,113.0,0.652317
3001.0,114.0,0.409703
3001.0,115.0,0.009239
3001.0,116.0,0.000912
3001.0,117.0,0.367838
3001.0,118.0,1.0
3001.0,119.0,0.438803
3001.0,120.0,0.283024
3001.0,121.0,0.309666
3001.0,122.0,0.586296
3001.0,123.0,0.293981
3001.0,124.0,0.503826
3001.0,125.0,1.0
3001.0,126.0,0.599653
3002.0,0.0,0.160797
3002.0,1.0,0.560755
3002.0,2.0,0.758525
3002.0,3.0,0.665792
3002.0,4.0,0.319104
3002.0,5.0,0.98626
3002.0,6.0,0.828618
3002.0,7.0,0.0
3002.0,8.0,0.300265
3002.0,9.0,0.224635
3002.0,10.0,0.658246
3002.0,11.0,0.527308
3002.0,12.0,0.946872
3002.0,13.0,0.395421
3002.0,14.0,0.378635
3002.0,15.0,0.43029
3002.0,16.0,0.343931
3002.0,17.0,0.469721
3002.0,18.0,0.661117
3002.0,19.0,0.223664
3002.0,20.0,0.586947
3002.0,21.0,0.690862
3002.0,22.0,0.260358
3002.0,23.0,1.0
3002.0,24.0,0.999541
3002.0,25.0,0.589314
3002.0,26.0,0.0
3002.0,27.0,0.442036
3002.0,28.0,0.417824
3002.0,29.0,0.069623
3002.0,30.0,0.818053
3002.0,31.0,0.550765
3002.0,32.0,0.0
3002.0,33.0,0.0
3002.0,34.0,1.0
3002.0,35.0,0.69883
3002.0,36.0,0.411842
3002.0,37.0,0.962989
3002.0,38.0,0.013365
3002.0,39.0,0.0
3002.0,40.0,0.551136
3002.0,41.0,0.399063
3002.0,42.0,0.554456
3002.0,43.0,0.460974
3002.0,44.0,0.685172
3002.0,45.0,0.48004
3002.0,46.0,0.822324
3002.0,47.0,0.586151
3002.0,48.0,0.695367
3002.0,49.0,1.0
3002.0,50.0,0.351485
3002.0,51.0,0.367207
3002.0,52.0,0.0
3002.0,53.0,0.719868
3002.0,54.0,0.894673
3002.0,55.0,0.394581
3002.0,56.0,0.625528
3002.0,57.0,0.124653
3002.0,58.0,0.564039
3002.0,59.0,1.0
3002.0,60.0,0.155492
3002.0,61.0,0.428531
3002.0,62.0,0.459128
3002.0,63.0,0.872644
3002.0,64.0,0.73587
3002.0,65.0,0.010748
3002.0,66.0,1.0
3002.0,67.0,0.804981
3002.0,68.0,0.716641
3002.0,69.0,0.555817
3002.0,70.0,0.922207
3002.0,71.0,0.0
3002.0,72.0,0.246318
3002.0,73.0,0.314513
3002.0,74.0,0.381126
3002.0,75.0,0.490792
3002.0,76.0,0.403614
3002.0,77.0,0.433795
3002.0,78.0,0.707169
3002.0,79.0,0.588479
3002.0,80.0,0.398178
3002.0,81.0,1.0
3002.0,82.0,0.006061
3002.0,83.0,0.045573
3002.0,84.0,0.496241
3002.0,85.0,0.349169
3002.0,86.0,0.467551
3002.0,87.0,0.617086
3002.0,88.0,1.0
3002.0,89.0,0.948754
3002.0,90.0,0.115436
3002.0,91.0,1.0
3002.0,92.0,0.661583
3002.0,93.0,0.473373
3002.0,94.0,0.549192
3002.0,95.0,0.0
3002.0,96.0,0.28118
3002.0,97.0,0.829113
3002.0,98.0,0.228111
3002.0,99.0,0.676208
3002.0,100.0,0.719404
3002.0,101.0,0.0
3002.0,102.0,0.826824
3002.0,103.0,0.562214
3002.0,104.0,0.999824
3002.0,105.0,0.009068
3002.0,106.0,0.745462
3002.0,107.0,0.082667
3002.0,108.0,0.263159
3002.0,109.0,0.297283
3002.0,110.0,0.598192
3002.0,111.0,0.340397
3002.0,112.0,0.997179
3002.0,113.0,0.661976
3002.0,114.0,0.418203
3002.0,115.0,0.009611
3002.0,116.0,0.00098
3002.0,117.0,0.375563
3002.0,118.0,1.0
3002.0,119.0,0.469312
3002.0,120.0,0.284399
3002.0,121.0,0.311736
3002.0,122.0,0.597048
3002.0,123.0,0.332132
3002.0,124.0,0.536081
3002.0,125.0,1.0
3002.0,126.0,0.603496
3003.0,0.0,0.168043
3003.0,1.0,0.567604
3003.0,2.0,0.761313
3003.0,3.0,0.681612
3003.0,4.0,0.321104
3003.0,5.0,0.986543
3003.0,6.0,0.829033
3003.0,7.0,0.0
3003.0,8.0,0.303487
3003.0,9.0,0.231559
3003.0,10.0,0.689681
3003.0,11.0,0.506443
3003.0,12.0,0.950616
3003.0,13.0,0.415941
3003.0,14.0,0.406982
3003.0,15.0,0.443544
3003.0,16.0,0.371127
3003.0,17.0,0.471036
3003.0,18.0,0.672744
3003.0,19.0,0.27901
3003.0,20.0,0.586869
3003.0,21.0,0.693924
3003.0,22.0,0.261079
3003.0,23.0,1.0
3003.0,24.0,0.999609
3003.0,25.0,0.597368
3003.0,26.0,0.0
3003.0,27.0,0.46003
3003.0,28.0,0.42319
3003.0,29.0,0.069515
3003.0,30.0,0.818208
3003.0,31.0,0.555321
3003.0,32.0,0.0
3003.0,33.0,0.0
3003.0,34.0,1.0
3003.0,35.0,0.707209
3003.0,36.0,0.432297
3003.0,37.0,0.966359
3003.0,38.0,0.013223
3003.0,39.0,0.0
3003.0,40.0,0.55335
3003.0,41.0,0.404206
3003.0,42.0,0.583097
3003.0,43.0,0.469861
3003.0,44.0,0.696189
3003.0,45.0,0.494473
3003.0,46.0,0.890435
3003.0,47.0,0.594612
3003.0,48.0,0.721179
3003.0,49.0,1.0
3003.0,50.0,0.359736
3003.0,51.0,0.396037
3003.0,52.0,0.0
3003.0,53.0,0.743146
3003.0,54.0,0.895314
3003.0,55.0,0.420731
3003.0,56.0,0.637652
3003.0,57.0,0.127367
3003.0,58.0,0.566388
3003.0,59.0,1.0
3003.0,60.0,0.159421
3003.0,61.0,0.447815
3003.0,62.0,0.455921
3003.0,63.0,0.886962
3003.0,64.0,0.751963
3003.0,65.0,0.011039
3003.0,66.0,1.0
3003.0,67.0,0.808716
3003.0,68.0,0.722823
3003.0,69.0,0.55853
3003.0,70.0,0.929985
3003.0,71.0,0.0
3003.0,72.0,0.247753
3003.0,73.0,0.351678
3003.0,74.0,0.399212
3003.0,75.0,0.49583
3003.0,76.0,0.443148
3003.0,77.0,0.486013
3003.0,78.0,0.696025
3003.0,79.0,0.60018
3003.0,80.0,0.410126
3003.0,81.0,1.0
3003.0,82.0,0.005999
3003.0,83.0,0.050334
3003.0,84.0,0.505537
3003.0,85.0,0.357974
3003.0,86.0,0.476869
3003.0,87.0,0.637132
3003.0,88.0,1.0
3003.0,89.0,0.948908
3003.0,90.0,0.142118
3003.0,91.0,1.0
3003.0,92.0,0.66627
3003.0,93.0,0.490174
3003.0,94.0,0.569707
3003.0,95.0,0.0
3003.0,96.0,0.295758
3003.0,97.0,0.840271
3003.0,98.0,0.229861
3003.0,99.0,0.686706
3003.0,100.0,0.726654
3003.0,101.0,0.0
3003.0,102.0,0.84358
3003.0,103.0,0.574996
3003.0,104.0,0.99985
3003.0,105.0,0.009149
3003.0,106.0,0.751039
3003.0,107.0,0.085021
3003.0,108.0,0.310874
3003.0,109.0,0.299173
3003.0,110.0,0.59393
3003.0,111.0,0.348914
3003.0,112.0,0.997236
3003.0,113.0,0.67138
3003.0,114.0,0.425823
3003.0,115.0,0.009857
3003.0,116.0,0.000979
3003.0,117.0,0.382865
3003.0,118.0,1.0
3003.0,119.0,0.499152
3003.0,120.0,0.284577
3003.0,121.0,0.313903
3003.0,122.0,0.607784
3003.0,123.0,0.370802
3003.0,124.0,0.567421
3003.0,125.0,1.0
3003.0,126.0,0.606333
3004.0,0.0,0.175902
3004.0,1.0,0.57292
3004.0,2.0,0.763262
3004.0,3.0,0.697024
3004.0,4.0,0.322009
3004.0,5.0,0.986497
3004.0,6.0,0.829184
3004.0,7.0,0.0
3004.0,8.0,0.306688
3004.0,9.0,0.238793
3004.0,10.0,0.717811
3004.0,11.0,0.484961
3004.0,12.0,0.954168
3004.0,13.0,0.437302
3004.0,14.0,0.435374
3004.0,15.0,0.456118
3004.0,16.0,0.400183
3004.0,17.0,0.473086
3004.0,18.0,0.684945
3004.0,19.0,0.335098
3004.0,20.0,0.587774
3004.0,21.0,0.69727
3004.0,22.0,0.261859
3004.0,23.0,1.0
3004.0,24.0,0.999663
3004.0,25.0,0.606583
3004.0,26.0,0.0
3004.0,27.0,0.477095
3004.0,28.0,0.428269
3004.0,29.0,0.069946
3004.0,30.0,0.819567
3004.0,31.0,0.559795
3004.0,32.0,0.0
3004.0,33.0,0.0
3004.0,34.0,1.0
3004.0,35.0,0.714976
3004.0,36.0,0.45263
3004.0,37.0,0.969298
3004.0,38.0,0.013117
3004.0,39.0,0.0
3004.0,40.0,0.554938
3004.0,41.0,0.409405
3004.0,42.0,0.609845
3004.0,43.0,0.479759
3004.0,44.0,0.706925
3004.0,45.0,0.508268
3004.0,46.0,0.932614
3004.0,47.0,0.602607
3004.0,48.0,0.743556
3004.0,49.0,1.0
3004.0,50.0,0.366567
3004.0,51.0,0.427161
3004.0,52.0,0.0
3004.0,53.0,0.763787
3004.0,54.0,0.895637
3004.0,55.0,0.447548
3004.0,56.0,0.648549
3004.0,57.0,0.129949
3004.0,58.0,0.569347
3004.0,59.0,1.0
3004.0,60.0,0.163919
3004.0,61.0,0.464377
3004.0,62.0,0.453484
3004.0,63.0,0.900118
3004.0,64.0,0.76545
3004.0,65.0,0.011368
3004.0,66.0,1.0
3004.0,67.0,0.812691
3004.0,68.0,0.729219
3004.0,69.0,0.56403
3004.0,70.0,0.936853
3004.0,71.0,0.0
3004.0,72.0,0.249706
3004.0,73.0,0.390764
3004.0,74.0,0.417071
3004.0,75.0,0.501329
3004.0,76.0,0.482089
3004.0,77.0,0.532866
3004.0,78.0,0.68464
3004.0,79.0,0.611001
3004.0,80.0,0.421136
3004.0,81.0,1.0
3004.0,82.0,0.006181
3004.0,83.0,0.056051
3004.0,84.0,0.514887
3004.0,85.0,0.366997
3004.0,86.0,0.486682
3004.0,87.0,0.654884
3004.0,88.0,1.0
3004.0,89.0,0.949514
3004.0,90.0,0.172823
3004.0,91.0,1.0
3004.0,92.0,0.671621
3004.0,93.0,0.504803
3004.0,94.0,0.588563
3004.0,95.0,0.0
3004.0,96.0,0.309891
3004.0,97.0,0.851126
3004.0,98.0,0.231024
3004.0,99.0,0.696896
3004.0,100.0,0.733389
3004.0,101.0,0.0
3004.0,102.0,0.859256
3004.0,103.0,0.586552
3004.0,104.0,0.999872
3004.0,105.0,0.009311
3004.0,106.0,0.755898
3004.0,107.0,0.087418
3004.0,108.0,0.365465
3004.0,109.0,0.301774
3004.0,110.0,0.590959
3004.0,111.0,0.357451
3004.0,112.0,0.997142
3004.0,113.0,0.680866
3004.0,114.0,0.43311
3004.0,115.0,0.010203
3004.0,116.0,0.001016
3004.0,117.0,0.389925
3004.0,118.0,1.0
3004.0,119.0,0.527172
3004.0,120.0,0.285429
3004.0,121.0,0.315375
3004.0,122.0,0.616522
3004.0,123.0,0.41042
3004.0,124.0,0.596753
3004.0,125.0,1.0
3004.0,126.0,0.608986
3005.0,0.0,0.184528
3005.0,1.0,0.578948
3005.0,2.0,0.764987
3005.0,3.0,0.710045
3005.0,4.0,0.324284
3005.0,5.0,0.98671
3005.0,6.0,0.828721
3005.0,7.0,0.0
3005.0,8.0,0.309642
3005.0,9.0,0.24619
3005.0,10.0,0.74181
3005.0,11.0,0.460858
3005.0,12.0,0.957416
3005.0,13.0,0.458685
3005.0,14.0,0.461255
3005.0,15.0,0.469401
3005.0,16.0,0.42834
3005.0,17.0,0.474693
3005.0,18.0,0.695035
3005.0,19.0,0.392742
3005.0,20.0,0.589391
3005.0,21.0,0.700122
3005.0,22.0,0.262518
3005.0,23.0,1.0
3005.0,24.0,0.999713
3005.0,25.0,0.615188
3005.0,26.0,0.0
3005.0,27.0,0.494606
3005.0,28.0,0.433583
3005.0,29.0,0.070141
3005.0,30.0,0.819942
3005.0,31.0,0.563587
3005.0,32.0,0.0
3005.0,33.0,0.0
3005.0,34.0,1.0
3005.0,35.0,0.722138
3005.0,36.0,0.472513
3005.0,37.0,0.9716
3005.0,38.0,0.013115
3005.0,39.0,0.0
3005.0,40.0,0.557036
3005.0,41.0,0.413371
3005.0,42.0,0.63478
3005.0,43.0,0.489726
3005.0,44.0,0.7175
3005.0,45.0,0.521781
3005.0,46.0,0.95826
3005.0,47.0,0.608608
3005.0,48.0,0.76383
3005.0,49.0,1.0
3005.0,50.0,0.372888
3005.0,51.0,0.461467
3005.0,52.0,0.0
3005.0,53.0,0.783173
3005.0,54.0,0.89619
3005.0,55.0,0.473243
3005.0,56.0,0.658638
3005.0,57.0,0.132216
3005.0,58.0,0.571433
3005.0,59.0,1.0
3005.0,60.0,0.168514
3005.0,61.0,0.480677
3005.0,62.0,0.450716
3005.0,63.0,0.911795
3005.0,64.0,0.778592
3005.0,65.0,0.011617
3005.0,66.0,1.0
3005.0,67.0,0.816737
3005.0,68.0,0.735356
3005.0,69.0,0.569619
3005.0,70.0,0.943482
3005.0,71.0,0.0
3005.0,72.0,0.252104
3005.0,73.0,0.43262
3005.0,74.0,0.435831
3005.0,75.0,0.507308
3005.0,76.0,0.518936
3005.0,77.0,0.574978
3005.0,78.0,0.672609
3005.0,79.0,0.621876
3005.0,80.0,0.432603
3005.0,81.0,1.0
3005.0,82.0,0.006117
3005.0,83.0,0.062643
3005.0,84.0,0.523816
3005.0,85.0,0.376732
3005.0,86.0,0.495346
3005.0,87.0,0.672514
3005.0,88.0,1.0
3005.0,89.0,0.950272
3005.0,90.0,0.206563
3005.0,91.0,1.0
3005.0,92.0,0.677456
3005.0,93.0,0.518554
3005.0,94.0,0.605988
3005.0,95.0,0.0
3005.0,96.0,0.323932
3005.0,97.0,0.861682
3005.0,98.0,0.232138
3005.0,99.0,0.706155
3005.0,100.0,0.740027
3005.0,101.0,0.0
3005.0,102.0,0.871936
3005.0,103.0,0.597975
3005.0,104.0,0.999879
3005.0,105.0,0.009256
3005.0,106.0,0.761079
3005.0,107.0,0.089807
3005.0,108.0,0.425222
3005.0,109.0,0.304653
3005.0,110.0,0.585897
3005.0,111.0,0.36623
3005.0,112.0,0.997217
3005.0,113.0,0.689317
3005.0,114.0,0.439711
3005.0,115.0,0.010355
3005.0,116.0,0.001061
3005.0,117.0,0.39596
3005.0,118.0,1.0
3005.0,119.0,0.553061
3005.0,120.0,0.285851
3005.0,121.0,0.316069
3005.0,122.0,0.627411
3005.0,123.0,0.451456
3005.0,124.0,0.626105
3005.0,125.0,1.0
3005.0,126.0,0.611561
3006.0,0.0,0.175552
3006.0,1.0,0.57269
3006.0,2.0,0.763657
3006.0,3.0,0.694033
3006.0,4.0,0.323123
3006.0,5.0,0.98679
3006.0,6.0,0.832104
3006.0,7.0,0.0
3006.0,8.0,0.305912
3006.0,9.0,0.237941
3006.0,10.0,0.712621
3006.0,11.0,0.50023
3006.0,12.0,0.954091
3006.0,13.0,0.434673
3006.0,14.0,0.43113
3006.0,15.0,0.453645
3006.0,16.0,0.394534
3006.0,17.0,0.472447
3006.0,18.0,0.68205
3006.0,19.0,0.317555
3006.0,20.0,0.588529
3006.0,21.0,0.697238
3006.0,22.0,0.261323
3006.0,23.0,1.0
3006.0,24.0,0.999635
3006.0,25.0,0.609743
3006.0,26.0,0.0
3006.0,27.0,0.474694
3006.0,28.0,0.426795
3006.0,29.0,0.070241
3006.0,30.0,0.819313
3006.0,31.0,0.558372
3006.0,32.0,0.0
3006.0,33.0,0.0
3006.0,34.0,1.0
3006.0,35.0,0.713755
3006.0,36.0,0.449319
3006.0,37.0,0.968655
3006.0,38.0,0.013024
3006.0,39.0,0.0
3006.0,40.0,0.555246
3006.0,41.0,0.407881
3006.0,42.0,0.606503
3006.0,43.0,0.479065
3006.0,44.0,0.707069
3006.0,45.0,0.506722
3006.0,46.0,0.926963
3006.0,47.0,0.599838
3006.0,48.0,0.736997
3006.0,49.0,1.0
3006.0,50.0,0.36475
3006.0,51.0,0.423249
3006.0,52.0,0.0
3006.0,53.0,0.76045
3006.0,54.0,0.895655
3006.0,55.0,0.4391
3006.0,56.0,0.64662
3006.0,57.0,0.129039
3006.0,58.0,0.568181
3006.0,59.0,1.0
3006.0,60.0,0.163945
3006.0,61.0,0.461278
3006.0,62.0,0.453798
3006.0,63.0,0.898763
3006.0,64.0,0.763008
3006.0,65.0,0.011101
3006.0,66.0,1.0
3006.0,67.0,0.812571
3006.0,68.0,0.72795
3006.0,69.0,0.565345
3006.0,70.0,0.936893
3006.0,71.0,0.0
3006.0,72.0,0.249811
3006.0,73.0,0.380476
3006.0,74.0,0.416775
3006.0,75.0,0.50065
3006.0,76.0,0.467682
3006.0,77.0,0.528138
3006.0,78.0,0.693561
3006.0,79.0,0.610564
3006.0,80.0,0.421134
3006.0,81.0,1.0
3006.0,82.0,0.005942
3006.0,83.0,0.055979
3006.0,84.0,0.513151
3006.0,85.0,0.366304
3006.0,86.0,0.486034
3006.0,87.0,0.652462
3006.0,88.0,1.0
3006.0,89.0,0.949749
3006.0,90.0,0.166929
3006.0,91.0,1.0
3006.0,92.0,0.671794
3006.0,93.0,0.502518
3006.0,94.0,0.584694
3006.0,95.0,0.0
3006.0,96.0,0.30622
3006.0,97.0,0.850055
3006.0,98.0,0.23111
3006.0,99.0,0.694124
3006.0,100.0,0.733974
3006.0,101.0,0.0
3006.0,102.0,0.855828
3006.0,103.0,0.585627
3006.0,104.0,0.999862
3006.0,105.0,0.009363
3006.0,106.0,0.754605
3006.0,107.0,0.086877
3006.0,108.0,0.34014
3006.0,109.0,0.301113
3006.0,110.0,0.597212
3006.0,111.0,0.356757
3006.0,112.0,0.99719
3006.0,113.0,0.67917
3006.0,114.0,0.431846
3006.0,115.0,0.009887
3006.0,116.0,0.001008
3006.0,117.0,0.387442
3006.0,118.0,1.0
3006.0,119.0,0.514633
3006.0,120.0,0.284924
3006.0,121.0,0.315062
3006.0,122.0,0.616027
3006.0,123.0,0.390614
3006.0,124.0,0.591858
3006.0,125.0,1.0
3006.0,126.0,0.607997
3007.0,0.0,0.166843
3007.0,1.0,0.567062
3007.0,2.0,0.761219
3007.0,3.0,0.67832
3007.0,4.0,0.32042
3007.0,5.0,0.986846
3007.0,6.0,0.833427
3007.0,7.0,0.0
3007.0,8.0,0.302506
3007.0,9.0,0.229907
3007.0,10.0,0.680532
3007.0,11.0,0.526963
3007.0,12.0,0.950737
3007.0,13.0,0.41219
3007.0,14.0,0.401621
3007.0,15.0,0.438778
3007.0,16.0,0.36357
3007.0,17.0,0.470186
3007.0,18.0,0.668566
3007.0,19.0,0.254935
3007.0,20.0,0.58579
3007.0,21.0,0.695297
3007.0,22.0,0.260252
3007.0,23.0,1.0
3007.0,24.0,0.999606
3007.0,25.0,0.602175
3007.0,26.0,0.0
3007.0,27.0,0.457414
3007.0,28.0,0.421538
3007.0,29.0,0.070008
3007.0,30.0,0.818514
3007.0,31.0,0.553724
3007.0,32.0,0.0
3007.0,33.0,0.0
3007.0,34.0,1.0
3007.0,35.0,0.704806
3007.0,36.0,0.427209
3007.0,37.0,0.965333
3007.0,38.0,0.013111
3007.0,39.0,0.0
3007.0,40.0,0.553073
3007.0,41.0,0.403385
3007.0,42.0,0.577552
3007.0,43.0,0.468224
3007.0,44.0,0.697162
3007.0,45.0,0.492255
3007.0,46.0,0.876539
3007.0,47.0,0.593158
3007.0,48.0,0.711326
3007.0,49.0,1.0
3007.0,50.0,0.355752
3007.0,51.0,0.389585
3007.0,52.0,0.0
3007.0,53.0,0.736571
3007.0,54.0,0.895448
3007.0,55.0,0.409271
3007.0,56.0,0.634437
3007.0,57.0,0.126395
3007.0,58.0,0.565266
3007.0,59.0,1.0
3007.0,60.0,0.16026
3007.0,61.0,0.44365
3007.0,62.0,0.455869
3007.0,63.0,0.884396
3007.0,64.0,0.746997
3007.0,65.0,0.010668
3007.0,66.0,1.0
3007.0,67.0,0.809366
3007.0,68.0,0.721228
3007.0,69.0,0.561102
3007.0,70.0,0.929579
3007.0,71.0,0.0
3007.0,72.0,0.24739
3007.0,73.0,0.335738
3007.0,74.0,0.397708
3007.0,75.0,0.494058
3007.0,76.0,0.422057
3007.0,77.0,0.478851
3007.0,78.0,0.708104
3007.0,79.0,0.599033
3007.0,80.0,0.409894
3007.0,81.0,1.0
3007.0,82.0,0.005767
3007.0,83.0,0.050248
3007.0,84.0,0.503152
3007.0,85.0,0.356422
3007.0,86.0,0.476847
3007.0,87.0,0.632603
3007.0,88.0,1.0
3007.0,89.0,0.949271
3007.0,90.0,0.135283
3007.0,91.0,1.0
3007.0,92.0,0.667171
3007.0,93.0,0.487522
3007.0,94.0,0.564689
3007.0,95.0,0.0
3007.0,96.0,0.289894
3007.0,97.0,0.83845
3007.0,98.0,0.229516
3007.0,99.0,0.68275
3007.0,100.0,0.727603
3007.0,101.0,0.0
3007.0,102.0,0.837302
3007.0,103.0,0.571945
3007.0,104.0,0.999835
3007.0,105.0,0.009261
3007.0,106.0,0.749401
3007.0,107.0,0.084258
3007.0,108.0,0.282673
3007.0,109.0,0.299097
3007.0,110.0,0.602685
3007.0,111.0,0.346714
3007.0,112.0,0.997042
3007.0,113.0,0.669653
3007.0,114.0,0.424846
3007.0,115.0,0.009439
3007.0,116.0,0.000943
3007.0,117.0,0.379278
3007.0,118.0,1.0
3007.0,119.0,0.481604
3007.0,120.0,0.283905
3007.0,121.0,0.313602
3007.0,122.0,0.604655
3007.0,123.0,0.344749
3007.0,124.0,0.557868
3007.0,125.0,1.0
3007.0,126.0,0.604569
3008.0,0.0,0.159632
3008.0,1.0,0.561904
3008.0,2.0,0.758971
3008.0,3.0,0.661751
3008.0,4.0,0.318617
3008.0,5.0,0.986746
3008.0,6.0,0.83332
3008.0,7.0,0.0
3008.0,8.0,0.298949
3008.0,9.0,0.221874
3008.0,10.0,0.649972
3008.0,11.0,0.54388
3008.0,12.0,0.946772
3008.0,13.0,0.390661
3008.0,14.0,0.373526
3008.0,15.0,0.424118
3008.0,16.0,0.336346
3008.0,17.0,0.467516
3008.0,18.0,0.65535
3008.0,19.0,0.204738
3008.0,20.0,0.584261
3008.0,21.0,0.693182
3008.0,22.0,0.258976
3008.0,23.0,1.0
3008.0,24.0,0.999577
3008.0,25.0,0.59264
3008.0,26.0,0.0
3008.0,27.0,0.441177
3008.0,28.0,0.415177
3008.0,29.0,0.06986
3008.0,30.0,0.818169
3008.0,31.0,0.549334
3008.0,32.0,0.0
3008.0,33.0,0.0
3008.0,34.0,1.0
3008.0,35.0,0.695876
3008.0,36.0,0.406078
3008.0,37.0,0.962049
3008.0,38.0,0.012826
3008.0,39.0,0.0
3008.0,40.0,0.550596
3008.0,41.0,0.397564
3008.0,42.0,0.548987
3008.0,43.0,0.457063
3008.0,44.0,0.68538
3008.0,45.0,0.479879
3008.0,46.0,0.799621
3008.0,47.0,0.585282
3008.0,48.0,0.685452
3008.0,49.0,1.0
3008.0,50.0,0.347571
3008.0,51.0,0.360962
3008.0,52.0,0.0
3008.0,53.0,0.712633
3008.0,54.0,0.895263
3008.0,55.0,0.381055
3008.0,56.0,0.622516
3008.0,57.0,0.124396
3008.0,58.0,0.564155
3008.0,59.0,1.0
3008.0,60.0,0.156093
3008.0,61.0,0.425216
3008.0,62.0,0.459619
3008.0,63.0,0.868768
3008.0,64.0,0.73152
3008.0,65.0,0.01026
3008.0,66.0,1.0
3008.0,67.0,0.805835
3008.0,68.0,0.715327
3008.0,69.0,0.556174
3008.0,70.0,0.92124
3008.0,71.0,0.0
3008.0,72.0,0.245733
3008.0,73.0,0.300248
3008.0,74.0,0.37909
3008.0,75.0,0.487862
3008.0,76.0,0.383284
3008.0,77.0,0.425035
3008.0,78.0,0.718589
3008.0,79.0,0.589006
3008.0,80.0,0.399229
3008.0,81.0,1.0
3008.0,82.0,0.005572
3008.0,83.0,0.045095
3008.0,84.0,0.494739
3008.0,85.0,0.347789
3008.0,86.0,0.468373
3008.0,87.0,0.611947
3008.0,88.0,1.0
3008.0,89.0,0.948786
3008.0,90.0,0.110645
3008.0,91.0,1.0
3008.0,92.0,0.66162
3008.0,93.0,0.471406
3008.0,94.0,0.545351
3008.0,95.0,0.0
3008.0,96.0,0.275044
3008.0,97.0,0.826635
3008.0,98.0,0.227679
3008.0,99.0,0.672688
3008.0,100.0,0.720199
3008.0,101.0,0.0
3008.0,102.0,0.819305
3008.0,103.0,0.559496
3008.0,104.0,0.999835
3008.0,105.0,0.009238
3008.0,106.0,0.742838
3008.0,107.0,0.081726
3008.0,108.0,0.240208
3008.0,109.0,0.296161
3008.0,110.0,0.603122
3008.0,111.0,0.337714
3008.0,112.0,0.997002
3008.0,113.0,0.661555
3008.0,114.0,0.418726
3008.0,115.0,0.009096
3008.0,116.0,0.000866
3008.0,117.0,0.371983
3008.0,118.0,1.0
3008.0,119.0,0.452106
3008.0,120.0,0.283128
3008.0,121.0,0.312853
3008.0,122.0,0.59474
3008.0,123.0,0.309879
3008.0,124.0,0.526909
3008.0,125.0,1.0
3008.0,126.0,0.602218
3009.0,0.0,0.152943
3009.0,1.0,0.556183
3009.0,2.0,0.757013
3009.0,3.0,0.646302
3009.0,4.0,0.317207
3009.0,5.0,0.986507
3009.0,6.0,0.831701
3009.0,7.0,0.0
3009.0,8.0,0.29558
3009.0,9.0,0.215226
3009.0,10.0,0.617744
3009.0,11.0,0.554983
3009.0,12.0,0.942468
3009.0,13.0,0.370723
3009.0,14.0,0.34479
3009.0,15.0,0.410677
3009.0,16.0,0.311336
3009.0,17.0,0.465108
3009.0,18.0,0.642641
3009.0,19.0,0.163807
3009.0,20.0,0.584783
3009.0,21.0,0.6908
3009.0,22.0,0.257996
3009.0,23.0,1.0
3009.0,24.0,0.999486
3009.0,25.0,0.582119
3009.0,26.0,0.0
3009.0,27.0,0.426026
3009.0,28.0,0.408645
3009.0,29.0,0.069467
3009.0,30.0,0.817773
3009.0,31.0,0.543692
3009.0,32.0,0.0
3009.0,33.0,0.0
3009.0,34.0,1.0
3009.0,35.0,0.688223
3009.0,36.0,0.385589
3009.0,37.0,0.958158
3009.0,38.0,0.012539
3009.0,39.0,0.0
3009.0,40.0,0.549291
3009.0,41.0,0.392773
3009.0,42.0,0.520782
3009.0,43.0,0.445468
3009.0,44.0,0.675445
3009.0,45.0,0.466365
3009.0,46.0,0.691964
3009.0,47.0,0.578914
3009.0,48.0,0.660694
3009.0,49.0,1.0
3009.0,50.0,0.339808
3009.0,51.0,0.334832
3009.0,52.0,0.0
3009.0,53.0,0.688912
3009.0,54.0,0.895272
3009.0,55.0,0.35835
3009.0,56.0,0.610778
3009.0,57.0,0.122274
3009.0,58.0,0.561724
3009.0,59.0,1.0
3009.0,60.0,0.152357
3009.0,61.0,0.409224
3009.0,62.0,0.462465
3009.0,63.0,0.852705
3009.0,64.0,0.716589
3009.0,65.0,0.009818
3009.0,66.0,1.0
3009.0,67.0,0.802402
3009.0,68.0,0.708743
3009.0,69.0,0.551556
3009.0,70.0,0.912996
3009.0,71.0,0.0
3009.0,72.0,0.244623
3009.0,73.0,0.2705
3009.0,74.0,0.360413
3009.0,75.0,0.482015
3009.0,76.0,0.34939
3009.0,77.0,0.370437
3009.0,78.0,0.725749
3009.0,79.0,0.578089
3009.0,80.0,0.389005
3009.0,81.0,1.0
3009.0,82.0,0.005429
3009.0,83.0,0.0409
3009.0,84.0,0.485944
3009.0,85.0,0.339964
3009.0,86.0,0.459817
3009.0,87.0,0.592972
3009.0,88.0,1.0
3009.0,89.0,0.948289
3009.0,90.0,0.090427
3009.0,91.0,1.0
3009.0,92.0,0.655105
3009.0,93.0,0.45717
3009.0,94.0,0.527258
3009.0,95.0,0.0
3009.0,96.0,0.262409
3009.0,97.0,0.815694
3009.0,98.0,0.225054
3009.0,99.0,0.66343
3009.0,100.0,0.712942
3009.0,101.0,0.0
3009.0,102.0,0.800154
3009.0,103.0,0.546667
3009.0,104.0,0.999826
3009.0,105.0,0.009205
3009.0,106.0,0.737237
3009.0,107.0,0.079536
3009.0,108.0,0.209109
3009.0,109.0,0.293437
3009.0,110.0,0.60289
3009.0,111.0,0.329624
3009.0,112.0,0.996906
3009.0,113.0,0.653316
3009.0,114.0,0.410818
3009.0,115.0,0.008766
3009.0,116.0,0.000853
3009.0,117.0,0.364664
3009.0,118.0,1.0
3009.0,119.0,0.426271
3009.0,120.0,0.281912
3009.0,121.0,0.3107
3009.0,122.0,0.584828
3009.0,123.0,0.281657
3009.0,124.0,0.496724
3009.0,125.0,1.0
3009.0,126.0,0.598734
3010.0,0.0,0.147441
3010.0,1.0,0.550369
3010.0,2.0,0.754931
3010.0,3.0,0.631749
3010.0,4.0,0.314494
3010.0,5.0,0.986547
3010.0,6.0,0.83019
3010.0,7.0,0.0
3010.0,8.0,0.292639
3010.0,9.0,0.209174
3010.0,10.0,0.586066
3010.0,11.0,0.562111
3010.0,12.0,0.938591
3010.0,13.0,0.351466
3010.0,14.0,0.316842
3010.0,15.0,0.396291
3010.0,16.0,0.287371
3010.0,17.0,0.463709
3010.0,18.0,0.631612
3010.0,19.0,0.130859
3010.0,20.0,0.585103
3010.0,21.0,0.690687
3010.0,22.0,0.257042
3010.0,23.0,1.0
3010.0,24.0,0.999411
3010.0,25.0,0.57128
3010.0,26.0,0.0
3010.0,27.0,0.412242
3010.0,28.0,0.401782
3010.0,29.0,0.068953
3010.0,30.0,0.81678
3010.0,31.0,0.53878
3010.0,32.0,0.0
3010.0,33.0,0.0
3010.0,34.0,1.0
3010.0,35.0,0.680963
3010.0,36.0,0.3678
3010.0,37.0,0.954087
3010.0,38.0,0.012333
3010.0,39.0,0.0
3010.0,40.0,0.546228
3010.0,41.0,0.388172
3010.0,42.0,0.492563
3010.0,43.0,0.433923
3010.0,44.0,0.66541
3010.0,45.0,0.453909
3010.0,46.0,0.559527
3010.0,47.0,0.573075
3010.0,48.0,0.63447
3010.0,49.0,1.0
3010.0,50.0,0.330938
3010.0,51.0,0.313425
3010.0,52.0,0.0
3010.0,53.0,0.663354
3010.0,54.0,0.894617
3010.0,55.0,0.337482
3010.0,56.0,0.598257
3010.0,57.0,0.120228
3010.0,58.0,0.558949
3010.0,59.0,1.0
3010.0,60.0,0.148937
3010.0,61.0,0.395059
3010.0,62.0,0.464818
3010.0,63.0,0.83504
3010.0,64.0,0.701528
3010.0,65.0,0.009335
3010.0,66.0,1.0
3010.0,67.0,0.799323
3010.0,68.0,0.703573
3010.0,69.0,0.547331
3010.0,70.0,0.904574
3010.0,71.0,0.0
3010.0,72.0,0.243803
3010.0,73.0,0.245195
3010.0,74.0,0.343628
3010.0,75.0,0.476908
3010.0,76.0,0.319028
3010.0,77.0,0.316745
3010.0,78.0,0.730597
3010.0,79.0,0.56806
3010.0,80.0,0.379386
3010.0,81.0,1.0
3010.0,82.0,0.005238
3010.0,83.0,0.037
3010.0,84.0,0.476817
3010.0,85.0,0.331932
3010.0,86.0,0.451933
3010.0,87.0,0.573316
3010.0,88.0,1.0
3010.0,89.0,0.948244
3010.0,90.0,0.074872
3010.0,91.0,1.0
3010.0,92.0,0.649775
3010.0,93.0,0.443351
3010.0,94.0,0.507832
3010.0,95.0,0.0
3010.0,96.0,0.249556
3010.0,97.0,0.80425
3010.0,98.0,0.223144
3010.0,99.0,0.654526
3010.0,100.0,0.70531
3010.0,101.0,0.0
3010.0,102.0,0.781525
3010.0,103.0,0.535553
3010.0,104.0,0.999803
3010.0,105.0,0.00923
3010.0,106.0,0.732377
3010.0,107.0,0.077922
3010.0,108.0,0.185119
3010.0,109.0,0.290821
3010.0,110.0,0.600909
3010.0,111.0,0.321583
3010.0,112.0,0.996731
3010.0,113.0,0.645056
3010.0,114.0,0.40392
3010.0,115.0,0.008447
3010.0,116.0,0.000743
3010.0,117.0,0.35704
3010.0,118.0,1.0
3010.0,119.0,0.402672
3010.0,120.0,0.280396
3010.0,121.0,0.309082
3010.0,122.0,0.57489
3010.0,123.0,0.258255
3010.0,124.0,0.468728
3010.0,125.0,1.0
3010.0,126.0,0.595614
4000.0,0.0,0.153256
4000.0,1.0,0.53696
4000.0,2.0,0.76074
4000.0,3.0,0.635393
4000.0,4.0,0.292208
4000.0,5.0,0.99236
4000.0,6.0,0.831232
4000.0,7.0,0.0
4000.0,8.0,0.287553
4000.0,9.0,0.216755
4000.0,10.0,0.579665
4000.0,11.0,0.567608
4000.0,12.0,0.936449
4000.0,13.0,0.356245
4000.0,14.0,0.323787
4000.0,15.0,0.391822
4000.0,16.0,0.29322
4000.0,17.0,0.464594
4000.0,18.0,0.636942
4000.0,19.0,0.130418
4000.0,20.0,0.573711
4000.0,21.0,0.671158
4000.0,22.0,0.262517
4000.0,23.0,1.0
4000.0,24.0,1.0
4000.0,25.0,0.572516
4000.0,26.0,0.0
4000.0,27.0,0.411719
4000.0,28.0,0.403337
4000.0,29.0,0.033775
4000.0,30.0,0.783024
4000.0,31.0,0.540554
4000.0,32.0,0.0
4000.0,33.0,0.0
4000.0,34.0,1.0
4000.0,35.0,0.684958
4000.0,36.0,0.368657
4000.0,37.0,0.952005
4000.0,38.0,0.00682
4000.0,39.0,0.0
4000.0,40.0,0.563762
4000.0,41.0,0.389472
4000.0,42.0,0.504466
4000.0,43.0,0.44415
4000.0,44.0,0.671199
4000.0,45.0,0.457933
4000.0,46.0,0.556024
4000.0,47.0,0.576373
4000.0,48.0,0.634239
4000.0,49.0,1.0
4000.0,50.0,0.337142
4000.0,51.0,0.324677
4000.0,52.0,0.0
4000.0,53.0,0.659813
4000.0,54.0,0.899589
4000.0,55.0,0.340314
4000.0,56.0,0.595946
4000.0,57.0,0.09103
4000.0,58.0,0.566122
4000.0,59.0,1.0
4000.0,60.0,0.148792
4000.0,61.0,0.38978
4000.0,62.0,0.48278
4000.0,63.0,0.851715
4000.0,64.0,0.704767
4000.0,65.0,0.004231
4000.0,66.0,1.0
4000.0,67.0,0.806124
4000.0,68.0,0.702626
4000.0,69.0,0.565525
4000.0,70.0,0.905685
4000.0,71.0,0.0
4000.0,72.0,0.24905
4000.0,73.0,0.247265
4000.0,74.0,0.352317
4000.0,75.0,0.500812
4000.0,76.0,0.319511
4000.0,77.0,0.319105
4000.0,78.0,0.740204
4000.0,79.0,0.559221
4000.0,80.0,0.381783
4000.0,81.0,1.0
4000.0,82.0,0.0
4000.0,83.0,0.032094
4000.0,84.0,0.472025
4000.0,85.0,0.336414
4000.0,86.0,0.456896
4000.0,87.0,0.575863
4000.0,88.0,1.0
4000.0,89.0,0.94171
4000.0,90.0,0.071972
4000.0,91.0,1.0
4000.0,92.0,0.662655
4000.0,93.0,0.460076
4000.0,94.0,0.510801
4000.0,95.0,0.0
4000.0,96.0,0.261513
4000.0,97.0,0.803621
4000.0,98.0,0.239931
4000.0,99.0,0.663564
4000.0,100.0,0.704331
4000.0,101.0,0.0
4000.0,102.0,0.779861
4000.0,103.0,0.540034
4000.0,104.0,1.0
4000.0,105.0,0.011764
4000.0,106.0,0.734867
4000.0,107.0,0.07989
4000.0,108.0,0.183925
4000.0,109.0,0.284018
4000.0,110.0,0.598527
4000.0,111.0,0.329679
4000.0,112.0,0.997765
4000.0,113.0,0.641909
4000.0,114.0,0.406199
4000.0,115.0,0.00528
4000.0,116.0,0.0
4000.0,117.0,0.361854
4000.0,118.0,1.0
4000.0,119.0,0.395304
4000.0,120.0,0.286819
4000.0,121.0,0.302836
4000.0,122.0,0.565403
4000.0,123.0,0.261337
4000.0,124.0,0.469861
4000.0,125.0,1.0
4000.0,126.0,0.600996
4001.0,0.0,0.159975
4001.0,1.0,0.543813
4001.0,2.0,0.761849
4001.0,3.0,0.653541
4001.0,4.0,0.293971
4001.0,5.0,0.992538
4001.0,6.0,0.829467
4001.0,7.0,0.0
4001.0,8.0,0.289834
4001.0,9.0,0.223805
4001.0,10.0,0.619002
4001.0,11.0,0.548029
4001.0,12.0,0.941307
4001.0,13.0,0.377611
4001.0,14.0,0.353586
4001.0,15.0,0.407284
4001.0,16.0,0.32162
4001.0,17.0,0.466357
4001.0,18.0,0.651191
4001.0,19.0,0.173827
4001.0,20.0,0.57513
4001.0,21.0,0.674715
4001.0,22.0,0.264698
4001.0,23.0,1.0
4001.0,24.0,1.0
4001.0,25.0,0.585546
4001.0,26.0,0.0
4001.0,27.0,0.425974
4001.0,28.0,0.408243
4001.0,29.0,0.032932
4001.0,30.0,0.784264
4001.0,31.0,0.54388
4001.0,32.0,0.0
4001.0,33.0,0.0
4001.0,34.0,1.0
4001.0,35.0,0.692635
4001.0,36.0,0.388734
4001.0,37.0,0.955658
4001.0,38.0,0.006853
4001.0,39.0,0.0
4001.0,40.0,0.56643
4001.0,41.0,0.397153
4001.0,42.0,0.535854
4001.0,43.0,0.455763
4001.0,44.0,0.68196
4001.0,45.0,0.473739
4001.0,46.0,0.71179
4001.0,47.0,0.583917
4001.0,48.0,0.667509
4001.0,49.0,1.0
4001.0,50.0,0.345529
4001.0,51.0,0.349974
4001.0,52.0,0.0
4001.0,53.0,0.689085
4001.0,54.0,0.899668
4001.0,55.0,0.369384
4001.0,56.0,0.609661
4001.0,57.0,0.093407
4001.0,58.0,0.569321
4001.0,59.0,1.0
4001.0,60.0,0.153818
4001.0,61.0,0.409125
4001.0,62.0,0.477995
4001.0,63.0,0.868487
4001.0,64.0,0.721191
4001.0,65.0,0.004339
4001.0,66.0,1.0
4001.0,67.0,0.809612
4001.0,68.0,0.706856
4001.0,69.0,0.570885
4001.0,70.0,0.915242
4001.0,71.0,0.0
4001.0,72.0,0.248264
4001.0,73.0,0.279738
4001.0,74.0,0.367286
4001.0,75.0,0.505873
4001.0,76.0,0.362403
4001.0,77.0,0.378119
4001.0,78.0,0.726246
4001.0,79.0,0.570974
4001.0,80.0,0.393265
4001.0,81.0,1.0
4001.0,82.0,0.0
4001.0,83.0,0.03665
4001.0,84.0,0.481451
4001.0,85.0,0.345295
4001.0,86.0,0.467136
4001.0,87.0,0.597973
4001.0,88.0,1.0
4001.0,89.0,0.941949
4001.0,90.0,0.091758
4001.0,91.0,1.0
4001.0,92.0,0.668122
4001.0,93.0,0.474337
4001.0,94.0,0.531208
4001.0,95.0,0.0
4001.0,96.0,0.274852
4001.0,97.0,0.816258
4001.0,98.0,0.241897
4001.0,99.0,0.674734
4001.0,100.0,0.711051
4001.0,101.0,0.0
4001.0,102.0,0.801919
4001.0,103.0,0.553276
4001.0,104.0,1.0
4001.0,105.0,0.011857
4001.0,106.0,0.741325
4001.0,107.0,0.082709
4001.0,108.0,0.219958
4001.0,109.0,0.285352
4001.0,110.0,0.598004
4001.0,111.0,0.339976
4001.0,112.0,0.997986
4001.0,113.0,0.650902
4001.0,114.0,0.414408
4001.0,115.0,0.005552
4001.0,116.0,0.0
4001.0,117.0,0.370027
4001.0,118.0,1.0
4001.0,119.0,0.430975
4001.0,120.0,0.289259
4001.0,121.0,0.303506
4001.0,122.0,0.575566
4001.0,123.0,0.299177
4001.0,124.0,0.501898
4001.0,125.0,1.0
4001.0,126.0,0.604361
4002.0,0.0,0.168514
4002.0,1.0,0.550386
4002.0,2.0,0.763402
4002.0,3.0,0.669525
4002.0,4.0,0.295881
4002.0,5.0,0.992608
4002.0,6.0,0.827613
4002.0,7.0,0.0
4002.0,8.0,0.292804
4002.0,9.0,0.231704
4002.0,10.0,0.654354
4002.0,11.0,0.528737
4002.0,12.0,0.946081
4002.0,13.0,0.398434
4002.0,14.0,0.382882
4002.0,15.0,0.422801
4002.0,16.0,0.349913
4002.0,17.0,0.468644
4002.0,18.0,0.664555
4002.0,19.0,0.223713
4002.0,20.0,0.575965
4002.0,21.0,0.678435
4002.0,22.0,0.266099
4002.0,23.0,1.0
4002.0,24.0,1.0
4002.0,25.0,0.597934
4002.0,26.0,0.0
4002.0,27.0,0.440891
4002.0,28.0,0.412186
4002.0,29.0,0.03201
4002.0,30.0,0.785589
4002.0,31.0,0.547053
4002.0,32.0,0.0
4002.0,33.0,0.0
4002.0,34.0,1.0
4002.0,35.0,0.699774
4002.0,36.0,0.408096
4002.0,37.0,0.959918
4002.0,38.0,0.006885
4002.0,39.0,0.0
4002.0,40.0,0.569252
4002.0,41.0,0.403859
4002.0,42.0,0.566077
4002.0,43.0,0.466934
4002.0,44.0,0.691523
4002.0,45.0,0.489287
4002.0,46.0,0.819613
4002.0,47.0,0.590897
4002.0,48.0,0.696099
4002.0,49.0,1.0
4002.0,50.0,0.353236
4002.0,51.0,0.377519
4002.0,52.0,0.0
4002.0,53.0,0.71503
4002.0,54.0,0.899376
4002.0,55.0,0.398273
4002.0,56.0,0.621585
4002.0,57.0,0.095712
4002.0,58.0,0.57297
4002.0,59.0,1.0
4002.0,60.0,0.158749
4002.0,61.0,0.426088
4002.0,62.0,0.475743
4002.0,63.0,0.88359
4002.0,64.0,0.736962
4002.0,65.0,0.00439
4002.0,66.0,1.0
4002.0,67.0,0.811966
4002.0,68.0,0.711823
4002.0,69.0,0.575315
4002.0,70.0,0.923089
4002.0,71.0,0.0
4002.0,72.0,0.247764
4002.0,73.0,0.314474
4002.0,74.0,0.384554
4002.0,75.0,0.5116
4002.0,76.0,0.403283
4002.0,77.0,0.4351
4002.0,78.0,0.712635
4002.0,79.0,0.582433
4002.0,80.0,0.40499
4002.0,81.0,1.0
4002.0,82.0,0.0
4002.0,83.0,0.041215
4002.0,84.0,0.49217
4002.0,85.0,0.354355
4002.0,86.0,0.477282
4002.0,87.0,0.618631
4002.0,88.0,1.0
4002.0,89.0,0.942282
4002.0,90.0,0.115017
4002.0,91.0,1.0
4002.0,92.0,0.674381
4002.0,93.0,0.487604
4002.0,94.0,0.551279
4002.0,95.0,0.0
4002.0,96.0,0.289387
4002.0,97.0,0.828415
4002.0,98.0,0.243065
4002.0,99.0,0.68472
4002.0,100.0,0.718465
4002.0,101.0,0.0
4002.0,102.0,0.821615
4002.0,103.0,0.567275
4002.0,104.0,1.0
4002.0,105.0,0.011999
4002.0,106.0,0.746229
4002.0,107.0,0.08461
4002.0,108.0,0.260977
4002.0,109.0,0.286149
4002.0,110.0,0.596617
4002.0,111.0,0.34941
4002.0,112.0,0.998146
4002.0,113.0,0.660634
4002.0,114.0,0.422345
4002.0,115.0,0.005742
4002.0,116.0,0.0
4002.0,117.0,0.37739
4002.0,118.0,1.0
4002.0,119.0,0.462171
4002.0,120.0,0.291558
4002.0,121.0,0.304136
4002.0,122.0,0.585002
4002.0,123.0,0.337014
4002.0,124.0,0.533611
4002.0,125.0,1.0
4002.0,126.0,0.60807
4003.0,0.0,0.176187
4003.0,1.0,0.557232
4003.0,2.0,0.765319
4003.0,3.0,0.683796
4003.0,4.0,0.296529
4003.0,5.0,0.99286
4003.0,6.0,0.825766
4003.0,7.0,0.0
4003.0,8.0,0.295209
4003.0,9.0,0.238813
4003.0,10.0,0.686872
4003.0,11.0,0.507015
4003.0,12.0,0.950991
4003.0,13.0,0.419153
4003.0,14.0,0.410612
4003.0,15.0,0.43712
4003.0,16.0,0.378897
4003.0,17.0,0.470362
4003.0,18.0,0.678021
4003.0,19.0,0.278561
4003.0,20.0,0.576242
4003.0,21.0,0.682729
4003.0,22.0,0.267362
4003.0,23.0,1.0
4003.0,24.0,1.0
4003.0,25.0,0.607319
4003.0,26.0,0.0
4003.0,27.0,0.456589
4003.0,28.0,0.415517
4003.0,29.0,0.031073
4003.0,30.0,0.787381
4003.0,31.0,0.550294
4003.0,32.0,0.0
4003.0,33.0,0.0
4003.0,34.0,1.0
4003.0,35.0,0.7062
4003.0,36.0,0.427609
4003.0,37.0,0.963889
4003.0,38.0,0.006923
4003.0,39.0,0.0
4003.0,40.0,0.57113
4003.0,41.0,0.410711
4003.0,42.0,0.594338
4003.0,43.0,0.477677
4003.0,44.0,0.701793
4003.0,45.0,0.505094
4003.0,46.0,0.888552
4003.0,47.0,0.597702
4003.0,48.0,0.721399
4003.0,49.0,1.0
4003.0,50.0,0.36138
4003.0,51.0,0.407917
4003.0,52.0,0.0
4003.0,53.0,0.737194
4003.0,54.0,0.899597
4003.0,55.0,0.424199
4003.0,56.0,0.634536
4003.0,57.0,0.098089
4003.0,58.0,0.57503
4003.0,59.0,1.0
4003.0,60.0,0.163022
4003.0,61.0,0.44338
4003.0,62.0,0.471793
4003.0,63.0,0.8971
4003.0,64.0,0.751245
4003.0,65.0,0.004485
4003.0,66.0,1.0
4003.0,67.0,0.815023
4003.0,68.0,0.715723
4003.0,69.0,0.579794
4003.0,70.0,0.930142
4003.0,71.0,0.0
4003.0,72.0,0.247966
4003.0,73.0,0.351465
4003.0,74.0,0.401195
4003.0,75.0,0.517358
4003.0,76.0,0.442804
4003.0,77.0,0.487031
4003.0,78.0,0.698549
4003.0,79.0,0.59354
4003.0,80.0,0.415555
4003.0,81.0,1.0
4003.0,82.0,0.0
4003.0,83.0,0.045894
4003.0,84.0,0.501352
4003.0,85.0,0.362445
4003.0,86.0,0.486742
4003.0,87.0,0.638246
4003.0,88.0,1.0
4003.0,89.0,0.943038
4003.0,90.0,0.141677
4003.0,91.0,1.0
4003.0,92.0,0.680129
4003.0,93.0,0.500808
4003.0,94.0,0.570275
4003.0,95.0,0.0
4003.0,96.0,0.304165
4003.0,97.0,0.839481
4003.0,98.0,0.244616
4003.0,99.0,0.694559
4003.0,100.0,0.72555
4003.0,101.0,0.0
4003.0,102.0,0.839433
4003.0,103.0,0.579466
4003.0,104.0,1.0
4003.0,105.0,0.012097
4003.0,106.0,0.752737
4003.0,107.0,0.087068
4003.0,108.0,0.308271
4003.0,109.0,0.288245
4003.0,110.0,0.594757
4003.0,111.0,0.358274
4003.0,112.0,0.998261
4003.0,113.0,0.670676
4003.0,114.0,0.430846
4003.0,115.0,0.005937
4003.0,116.0,0.0
4003.0,117.0,0.383882
4003.0,118.0,1.0
4003.0,119.0,0.49188
4003.0,120.0,0.294364
4003.0,121.0,0.306195
4003.0,122.0,0.595954
4003.0,123.0,0.376142
4003.0,124.0,0.56464
4003.0,125.0,1.0
4003.0,126.0,0.612177
4004.0,0.0,0.1846
4004.0,1.0,0.564054
4004.0,2.0,0.768226
4004.0,3.0,0.697958
4004.0,4.0,0.297546
4004.0,5.0,0.993043
4004.0,6.0,0.824136
4004.0,7.0,0.0
4004.0,8.0,0.298151
4004.0,9.0,0.246287
4004.0,10.0,0.715167
4004.0,11.0,0.484072
4004.0,12.0,0.955136
4004.0,13.0,0.439743
4004.0,14.0,0.437467
4004.0,15.0,0.450496
4004.0,16.0,0.408555
4004.0,17.0,0.472421
4004.0,18.0,0.689951
4004.0,19.0,0.335692
4004.0,20.0,0.575562
4004.0,21.0,0.68621
4004.0,22.0,0.269683
4004.0,23.0,1.0
4004.0,24.0,1.0
4004.0,25.0,0.617365
4004.0,26.0,0.0
4004.0,27.0,0.472505
4004.0,28.0,0.419353
4004.0,29.0,0.030516
4004.0,30.0,0.788941
4004.0,31.0,0.553229
4004.0,32.0,0.0
4004.0,33.0,0.0
4004.0,34.0,1.0
4004.0,35.0,0.713094
4004.0,36.0,0.446443
4004.0,37.0,0.967337
4004.0,38.0,0.006884
4004.0,39.0,0.0
4004.0,40.0,0.572879
4004.0,41.0,0.417837
4004.0,42.0,0.621018
4004.0,43.0,0.488608
4004.0,44.0,0.710997
4004.0,45.0,0.520084
4004.0,46.0,0.931417
4004.0,47.0,0.603511
4004.0,48.0,0.744278
4004.0,49.0,1.0
4004.0,50.0,0.368792
4004.0,51.0,0.438679
4004.0,52.0,0.0
4004.0,53.0,0.758413
4004.0,54.0,0.90035
4004.0,55.0,0.45075
4004.0,56.0,0.645778
4004.0,57.0,0.100628
4004.0,58.0,0.577748
4004.0,59.0,1.0
4004.0,60.0,0.167346
4004.0,61.0,0.459744
4004.0,62.0,0.469316
4004.0,63.0,0.908596
4004.0,64.0,0.765883
4004.0,65.0,0.004574
4004.0,66.0,1.0
4004.0,67.0,0.817487
4004.0,68.0,0.721029
4004.0,69.0,0.584159
4004.0,70.0,0.937324
4004.0,71.0,0.0
4004.0,72.0,0.248921
4004.0,73.0,0.391929
4004.0,74.0,0.417617
4004.0,75.0,0.524299
4004.0,76.0,0.481356
4004.0,77.0,0.532478
4004.0,78.0,0.683744
4004.0,79.0,0.604494
4004.0,80.0,0.426418
4004.0,81.0,1.0
4004.0,82.0,0.0
4004.0,83.0,0.051048
4004.0,84.0,0.510002
4004.0,85.0,0.371797
4004.0,86.0,0.495776
4004.0,87.0,0.656281
4004.0,88.0,1.0
4004.0,89.0,0.943517
4004.0,90.0,0.172939
4004.0,91.0,1.0
4004.0,92.0,0.685034
4004.0,93.0,0.514185
4004.0,94.0,0.587463
4004.0,95.0,0.0
4004.0,96.0,0.320228
4004.0,97.0,0.849533
4004.0,98.0,0.245625
4004.0,99.0,0.704028
4004.0,100.0,0.732273
4004.0,101.0,0.0
4004.0,102.0,0.854853
4004.0,103.0,0.591272
4004.0,104.0,1.0
4004.0,105.0,0.012193
4004.0,106.0,0.75948
4004.0,107.0,0.089549
4004.0,108.0,0.361759
4004.0,109.0,0.288415
4004.0,110.0,0.591616
4004.0,111.0,0.36694
4004.0,112.0,0.998341
4004.0,113.0,0.679751
4004.0,114.0,0.438755
4004.0,115.0,0.006223
4004.0,116.0,0.0
4004.0,117.0,0.391576
4004.0,118.0,1.0
4004.0,119.0,0.51997
4004.0,120.0,0.295278
4004.0,121.0,0.308027
4004.0,122.0,0.605551
4004.0,123.0,0.416885
4004.0,124.0,0.594948
4004.0,125.0,1.0
4004.0,126.0,0.615948
4005.0,0.0,0.192472
4005.0,1.0,0.571352
4005.0,2.0,0.769454
4005.0,3.0,0.711413
4005.0,4.0,0.29895
4005.0,5.0,0.993106
4005.0,6.0,0.823371
4005.0,7.0,0.0
4005.0,8.0,0.29961
4005.0,9.0,0.253525
4005.0,10.0,0.740181
4005.0,11.0,0.458821
4005.0,12.0,0.959002
4005.0,13.0,0.459291
4005.0,14.0,0.462392
4005.0,15.0,0.463146
4005.0,16.0,0.438381
4005.0,17.0,0.474434
4005.0,18.0,0.701124
4005.0,19.0,0.392849
4005.0,20.0,0.575478
4005.0,21.0,0.689078
4005.0,22.0,0.271841
4005.0,23.0,1.0
4005.0,24.0,1.0
4005.0,25.0,0.625932
4005.0,26.0,0.0
4005.0,27.0,0.487031
4005.0,28.0,0.424245
4005.0,29.0,0.029787
4005.0,30.0,0.790434
4005.0,31.0,0.555564
4005.0,32.0,0.0
4005.0,33.0,0.0
4005.0,34.0,1.0
4005.0,35.0,0.719711
4005.0,36.0,0.465765
4005.0,37.0,0.970236
4005.0,38.0,0.006869
4005.0,39.0,0.0
4005.0,40.0,0.575235
4005.0,41.0,0.424865
4005.0,42.0,0.645598
4005.0,43.0,0.498551
4005.0,44.0,0.718807
4005.0,45.0,0.534209
4005.0,46.0,0.957683
4005.0,47.0,0.609828
4005.0,48.0,0.764261
4005.0,49.0,1.0
4005.0,50.0,0.374638
4005.0,51.0,0.472572
4005.0,52.0,0.0
4005.0,53.0,0.777674
4005.0,54.0,0.901686
4005.0,55.0,0.476109
4005.0,56.0,0.655998
4005.0,57.0,0.103842
4005.0,58.0,0.580815
4005.0,59.0,1.0
4005.0,60.0,0.172414
4005.0,61.0,0.476795
4005.0,62.0,0.465496
4005.0,63.0,0.918889
4005.0,64.0,0.778674
4005.0,65.0,0.004564
4005.0,66.0,1.0
4005.0,67.0,0.820365
4005.0,68.0,0.727119
4005.0,69.0,0.588862
4005.0,70.0,0.943837
4005.0,71.0,0.0
4005.0,72.0,0.249061
4005.0,73.0,0.434585
4005.0,74.0,0.433643
4005.0,75.0,0.530643
4005.0,76.0,0.517122
4005.0,77.0,0.573934
4005.0,78.0,0.66886
4005.0,79.0,0.61408
4005.0,80.0,0.437411
4005.0,81.0,1.0
4005.0,82.0,0.0
4005.0,83.0,0.056965
4005.0,84.0,0.518836
4005.0,85.0,0.381795
4005.0,86.0,0.505134
4005.0,87.0,0.674572
4005.0,88.0,1.0
4005.0,89.0,0.94466
4005.0,90.0,0.205817
4005.0,91.0,1.0
4005.0,92.0,0.689025
4005.0,93.0,0.527683
4005.0,94.0,0.603476
4005.0,95.0,0.0
4005.0,96.0,0.335936
4005.0,97.0,0.859204
4005.0,98.0,0.247894
4005.0,99.0,0.71516
4005.0,100.0,0.738532
4005.0,101.0,0.0
4005.0,102.0,0.868894
4005.0,103.0,0.601744
4005.0,104.0,1.0
4005.0,105.0,0.012465
4005.0,106.0,0.766452
4005.0,107.0,0.091555
4005.0,108.0,0.420127
4005.0,109.0,0.289022
4005.0,110.0,0.588958
4005.0,111.0,0.37619
4005.0,112.0,0.998368
4005.0,113.0,0.68953
4005.0,114.0,0.445655
4005.0,115.0,0.006538
4005.0,116.0,0.0
4005.0,117.0,0.397094
4005.0,118.0,1.0
4005.0,119.0,0.546172
4005.0,120.0,0.297832
4005.0,121.0,0.310676
4005.0,122.0,0.615751
4005.0,123.0,0.458489
4005.0,124.0,0.623297
4005.0,125.0,1.0
4005.0,126.0,0.619264
4006.0,0.0,0.182787
4006.0,1.0,0.563743
4006.0,2.0,0.767055
4006.0,3.0,0.694673
4006.0,4.0,0.297552
4006.0,5.0,0.992798
4006.0,6.0,0.827415
4006.0,7.0,0.0
4006.0,8.0,0.297464
4006.0,9.0,0.245614
4006.0,10.0,0.710807
4006.0,11.0,0.500378
4006.0,12.0,0.955001
4006.0,13.0,0.437538
4006.0,14.0,0.433549
4006.0,15.0,0.447568
4006.0,16.0,0.403492
4006.0,17.0,0.471809
4006.0,18.0,0.687503
4006.0,19.0,0.3172
4006.0,20.0,0.575256
4006.0,21.0,0.686052
4006.0,22.0,0.269594
4006.0,23.0,1.0
4006.0,24.0,1.0
4006.0,25.0,0.618233
4006.0,26.0,0.0
4006.0,27.0,0.467371
4006.0,28.0,0.420768
4006.0,29.0,0.03029
4006.0,30.0,0.789942
4006.0,31.0,0.553662
4006.0,32.0,0.0
4006.0,33.0,0.0
4006.0,34.0,1.0
4006.0,35.0,0.711998
4006.0,36.0,0.443283
4006.0,37.0,0.967574
4006.0,38.0,0.006957
4006.0,39.0,0.0
4006.0,40.0,0.57095
4006.0,41.0,0.416504
4006.0,42.0,0.617524
4006.0,43.0,0.486748
4006.0,44.0,0.708668
4006.0,45.0,0.517785
4006.0,46.0,0.926746
4006.0,47.0,0.602901
4006.0,48.0,0.738793
4006.0,49.0,1.0
4006.0,50.0,0.366193
4006.0,51.0,0.434084
4006.0,52.0,0.0
4006.0,53.0,0.754554
4006.0,54.0,0.900438
4006.0,55.0,0.441118
4006.0,56.0,0.643512
4006.0,57.0,0.100172
4006.0,58.0,0.577141
4006.0,59.0,1.0
4006.0,60.0,0.167219
4006.0,61.0,0.458008
4006.0,62.0,0.469725
4006.0,63.0,0.906965
4006.0,64.0,0.762895
4006.0,65.0,0.004437
4006.0,66.0,1.0
4006.0,67.0,0.816278
4006.0,68.0,0.721463
4006.0,69.0,0.583553
4006.0,70.0,0.9367
4006.0,71.0,0.0
4006.0,72.0,0.248177
4006.0,73.0,0.382577
4006.0,74.0,0.417093
4006.0,75.0,0.525319
4006.0,76.0,0.466092
4006.0,77.0,0.527513
4006.0,78.0,0.694428
4006.0,79.0,0.602999
4006.0,80.0,0.424687
4006.0,81.0,1.0
4006.0,82.0,0.0
4006.0,83.0,0.050817
4006.0,84.0,0.509493
4006.0,85.0,0.370906
4006.0,86.0,0.493409
4006.0,87.0,0.653638
4006.0,88.0,1.0
4006.0,89.0,0.944181
4006.0,90.0,0.166271
4006.0,91.0,1.0
4006.0,92.0,0.683996
4006.0,93.0,0.51179
4006.0,94.0,0.582951
4006.0,95.0,0.0
4006.0,96.0,0.317117
4006.0,97.0,0.848823
4006.0,98.0,0.245315
4006.0,99.0,0.702448
4006.0,100.0,0.731744
4006.0,101.0,0.0
4006.0,102.0,0.85172
4006.0,103.0,0.589928
4006.0,104.0,1.0
4006.0,105.0,0.012188
4006.0,106.0,0.759064
4006.0,107.0,0.088905
4006.0,108.0,0.336345
4006.0,109.0,0.287894
4006.0,110.0,0.600349
4006.0,111.0,0.364356
4006.0,112.0,0.998356
4006.0,113.0,0.679995
4006.0,114.0,0.438065
4006.0,115.0,0.006235
4006.0,116.0,0.0
4006.0,117.0,0.389164
4006.0,118.0,1.0
4006.0,119.0,0.509169
4006.0,120.0,0.296608
4006.0,121.0,0.308164
4006.0,122.0,0.604191
4006.0,123.0,0.396345
4006.0,124.0,0.589592
4006.0,125.0,1.0
4006.0,126.0,0.615568
4007.0,0.0,0.17456
4007.0,1.0,0.555957
4007.0,2.0,0.765507
4007.0,3.0,0.677671
4007.0,4.0,0.295551
4007.0,5.0,0.992518
4007.0,6.0,0.829107
4007.0,7.0,0.0
4007.0,8.0,0.295211
4007.0,9.0,0.236713
4007.0,10.0,0.679852
4007.0,11.0,0.52738
4007.0,12.0,0.951119
4007.0,13.0,0.414291
4007.0,14.0,0.405143
4007.0,15.0,0.432108
4007.0,16.0,0.372799
4007.0,17.0,0.470386
4007.0,18.0,0.674128
4007.0,19.0,0.255061
4007.0,20.0,0.575675
4007.0,21.0,0.682772
4007.0,22.0,0.267703
4007.0,23.0,1.0
4007.0,24.0,1.0
4007.0,25.0,0.607844
4007.0,26.0,0.0
4007.0,27.0,0.448747
4007.0,28.0,0.416366
4007.0,29.0,0.030533
4007.0,30.0,0.789088
4007.0,31.0,0.551196
4007.0,32.0,0.0
4007.0,33.0,0.0
4007.0,34.0,1.0
4007.0,35.0,0.704605
4007.0,36.0,0.422214
4007.0,37.0,0.964288
4007.0,38.0,0.00718
4007.0,39.0,0.0
4007.0,40.0,0.568076
4007.0,41.0,0.408837
4007.0,42.0,0.589088
4007.0,43.0,0.475836
4007.0,44.0,0.69857
4007.0,45.0,0.501501
4007.0,46.0,0.875342
4007.0,47.0,0.595847
4007.0,48.0,0.713311
4007.0,49.0,1.0
4007.0,50.0,0.358625
4007.0,51.0,0.400864
4007.0,52.0,0.0
4007.0,53.0,0.732119
4007.0,54.0,0.89939
4007.0,55.0,0.410425
4007.0,56.0,0.629434
4007.0,57.0,0.09677
4007.0,58.0,0.5747
4007.0,59.0,1.0
4007.0,60.0,0.161778
4007.0,61.0,0.440168
4007.0,62.0,0.47367
4007.0,63.0,0.893118
4007.0,64.0,0.747478
4007.0,65.0,0.004231
4007.0,66.0,1.0
4007.0,67.0,0.812824
4007.0,68.0,0.716877
4007.0,69.0,0.579114
4007.0,70.0,0.928331
4007.0,71.0,0.0
4007.0,72.0,0.247497
4007.0,73.0,0.338986
4007.0,74.0,0.398471
4007.0,75.0,0.52004
4007.0,76.0,0.420768
4007.0,77.0,0.479278
4007.0,78.0,0.711875
4007.0,79.0,0.591739
4007.0,80.0,0.41308
4007.0,81.0,1.0
4007.0,82.0,0.0
4007.0,83.0,0.045389
4007.0,84.0,0.500884
4007.0,85.0,0.361343
4007.0,86.0,0.481314
4007.0,87.0,0.633114
4007.0,88.0,1.0
4007.0,89.0,0.944233
4007.0,90.0,0.133592
4007.0,91.0,1.0
4007.0,92.0,0.678937
4007.0,93.0,0.495965
4007.0,94.0,0.563625
4007.0,95.0,0.0
4007.0,96.0,0.300882
4007.0,97.0,0.83775
4007.0,98.0,0.242112
4007.0,99.0,0.690961
4007.0,100.0,0.725809
4007.0,101.0,0.0
4007.0,102.0,0.833151
4007.0,103.0,0.576142
4007.0,104.0,1.0
4007.0,105.0,0.012138
4007.0,106.0,0.752505
4007.0,107.0,0.086259
4007.0,108.0,0.280613
4007.0,109.0,0.287048
4007.0,110.0,0.604592
4007.0,111.0,0.355596
4007.0,112.0,0.998271
4007.0,113.0,0.671252
4007.0,114.0,0.430384
4007.0,115.0,0.006035
4007.0,116.0,0.0
4007.0,117.0,0.381491
4007.0,118.0,1.0
4007.0,119.0,0.47581
4007.0,120.0,0.294257
4007.0,121.0,0.305792
4007.0,122.0,0.592684
4007.0,123.0,0.350407
4007.0,124.0,0.558389
4007.0,125.0,1.0
4007.0,126.0,0.612476
4008.0,0.0,0.167681
4008.0,1.0,0.549135
4008.0,2.0,0.764034
4008.0,3.0,0.661764
4008.0,4.0,0.292935
4008.0,5.0,0.992365
4008.0,6.0,0.829695
4008.0,7.0,0.0
4008.0,8.0,0.292664
4008.0,9.0,0.229467
4008.0,10.0,0.648717
4008.0,11.0,0.54542
4008.0,12.0,0.947249
4008.0,13.0,0.392918
4008.0,14.0,0.376286
4008.0,15.0,0.417236
4008.0,16.0,0.344349
4008.0,17.0,0.468697
4008.0,18.0,0.662204
4008.0,19.0,0.203838
4008.0,20.0,0.575666
4008.0,21.0,0.680217
4008.0,22.0,0.266165
4008.0,23.0,1.0
4008.0,24.0,1.0
4008.0,25.0,0.597333
4008.0,26.0,0.0
4008.0,27.0,0.431778
4008.0,28.0,0.41314
4008.0,29.0,0.030735
4008.0,30.0,0.788017
4008.0,31.0,0.549133
4008.0,32.0,0.0
4008.0,33.0,0.0
4008.0,34.0,1.0
4008.0,35.0,0.696845
4008.0,36.0,0.40116
4008.0,37.0,0.960804
4008.0,38.0,0.007207
4008.0,39.0,0.0
4008.0,40.0,0.564841
4008.0,41.0,0.402733
4008.0,42.0,0.561259
4008.0,43.0,0.464922
4008.0,44.0,0.688481
4008.0,45.0,0.486919
4008.0,46.0,0.798198
4008.0,47.0,0.59094
4008.0,48.0,0.687931
4008.0,49.0,1.0
4008.0,50.0,0.351323
4008.0,51.0,0.371574
4008.0,52.0,0.0
4008.0,53.0,0.708387
4008.0,54.0,0.898646
4008.0,55.0,0.383813
4008.0,56.0,0.616876
4008.0,57.0,0.094121
4008.0,58.0,0.570561
4008.0,59.0,1.0
4008.0,60.0,0.157113
4008.0,61.0,0.423166
4008.0,62.0,0.477697
4008.0,63.0,0.879348
4008.0,64.0,0.730722
4008.0,65.0,0.004053
4008.0,66.0,1.0
4008.0,67.0,0.809817
4008.0,68.0,0.712557
4008.0,69.0,0.57466
4008.0,70.0,0.920697
4008.0,71.0,0.0
4008.0,72.0,0.247043
4008.0,73.0,0.303228
4008.0,74.0,0.382354
4008.0,75.0,0.513776
4008.0,76.0,0.380999
4008.0,77.0,0.427361
4008.0,78.0,0.724984
4008.0,79.0,0.57933
4008.0,80.0,0.401191
4008.0,81.0,1.0
4008.0,82.0,0.0
4008.0,83.0,0.040776
4008.0,84.0,0.492864
4008.0,85.0,0.352622
4008.0,86.0,0.470704
4008.0,87.0,0.61352
4008.0,88.0,1.0
4008.0,89.0,0.944372
4008.0,90.0,0.108768
4008.0,91.0,1.0
4008.0,92.0,0.67448
4008.0,93.0,0.480328
4008.0,94.0,0.543931
4008.0,95.0,0.0
4008.0,96.0,0.285757
4008.0,97.0,0.825778
4008.0,98.0,0.240264
4008.0,99.0,0.680761
4008.0,100.0,0.719282
4008.0,101.0,0.0
4008.0,102.0,0.815436
4008.0,103.0,0.563436
4008.0,104.0,1.0
4008.0,105.0,0.012051
4008.0,106.0,0.747285
4008.0,107.0,0.084179
4008.0,108.0,0.239935
4008.0,109.0,0.286161
4008.0,110.0,0.605556
4008.0,111.0,0.346019
4008.0,112.0,0.998188
4008.0,113.0,0.662431
4008.0,114.0,0.422611
4008.0,115.0,0.006021
4008.0,116.0,0.0
4008.0,117.0,0.373957
4008.0,118.0,1.0
4008.0,119.0,0.446025
4008.0,120.0,0.29255
4008.0,121.0,0.303428
4008.0,122.0,0.582591
4008.0,123.0,0.314363
4008.0,124.0,0.527755
4008.0,125.0,1.0
4008.0,126.0,0.609172
4009.0,0.0,0.161432
4009.0,1.0,0.543261
4009.0,2.0,0.7618
4009.0,3.0,0.646312
4009.0,4.0,0.290737
4009.0,5.0,0.992379
4009.0,6.0,0.828611
4009.0,7.0,0.0
4009.0,8.0,0.290785
4009.0,9.0,0.223322
4009.0,10.0,0.616455
4009.0,11.0,0.557593
4009.0,12.0,0.942603
4009.0,13.0,0.373976
4009.0,14.0,0.346679
4009.0,15.0,0.403829
4009.0,16.0,0.318569
4009.0,17.0,0.468526
4009.0,18.0,0.649798
4009.0,19.0,0.163076
4009.0,20.0,0.575191
4009.0,21.0,0.677755
4009.0,22.0,0.26436
4009.0,23.0,1.0
4009.0,24.0,1.0
4009.0,25.0,0.585711
4009.0,26.0,0.0
4009.0,27.0,0.417788
4009.0,28.0,0.408953
4009.0,29.0,0.031024
4009.0,30.0,0.78685
4009.0,31.0,0.546701
4009.0,32.0,0.0
4009.0,33.0,0.0
4009.0,34.0,1.0
4009.0,35.0,0.689253
4009.0,36.0,0.383079
4009.0,37.0,0.956603
4009.0,38.0,0.007244
4009.0,39.0,0.0
4009.0,40.0,0.559851
4009.0,41.0,0.396007
4009.0,42.0,0.532754
4009.0,43.0,0.455015
4009.0,44.0,0.679171
4009.0,45.0,0.473062
4009.0,46.0,0.691982
4009.0,47.0,0.585785
4009.0,48.0,0.663178
4009.0,49.0,1.0
4009.0,50.0,0.344955
4009.0,51.0,0.346915
4009.0,52.0,0.0
4009.0,53.0,0.684786
4009.0,54.0,0.898033
4009.0,55.0,0.360247
4009.0,56.0,0.604029
4009.0,57.0,0.091789
4009.0,58.0,0.567108
4009.0,59.0,1.0
4009.0,60.0,0.152716
4009.0,61.0,0.40681
4009.0,62.0,0.480868
4009.0,63.0,0.864881
4009.0,64.0,0.714261
4009.0,65.0,0.003998
4009.0,66.0,1.0
4009.0,67.0,0.806882
4009.0,68.0,0.708163
4009.0,69.0,0.571448
4009.0,70.0,0.912429
4009.0,71.0,0.0
4009.0,72.0,0.246503
4009.0,73.0,0.27263
4009.0,74.0,0.366101
4009.0,75.0,0.507033
4009.0,76.0,0.347553
4009.0,77.0,0.372991
4009.0,78.0,0.734928
4009.0,79.0,0.568828
4009.0,80.0,0.390093
4009.0,81.0,1.0
4009.0,82.0,0.0
4009.0,83.0,0.036787
4009.0,84.0,0.484359
4009.0,85.0,0.344565
4009.0,86.0,0.46
4009.0,87.0,0.593981
4009.0,88.0,1.0
4009.0,89.0,0.944279
4009.0,90.0,0.088318
4009.0,91.0,1.0
4009.0,92.0,0.669695
4009.0,93.0,0.466378
4009.0,94.0,0.525245
4009.0,95.0,0.0
4009.0,96.0,0.271582
4009.0,97.0,0.813616
4009.0,98.0,0.237816
4009.0,99.0,0.671641
4009.0,100.0,0.711777
4009.0,101.0,0.0
4009.0,102.0,0.79663
4009.0,103.0,0.550357
4009.0,104.0,1.0
4009.0,105.0,0.011916
4009.0,106.0,0.741586
4009.0,107.0,0.082308
4009.0,108.0,0.210112
4009.0,109.0,0.284021
4009.0,110.0,0.603553
4009.0,111.0,0.33671
4009.0,112.0,0.99818
4009.0,113.0,0.654224
4009.0,114.0,0.416784
4009.0,115.0,0.005789
4009.0,116.0,0.0
4009.0,117.0,0.366964
4009.0,118.0,1.0
4009.0,119.0,0.418513
4009.0,120.0,0.291103
4009.0,121.0,0.302866
4009.0,122.0,0.572638
4009.0,123.0,0.285347
4009.0,124.0,0.499576
4009.0,125.0,1.0
4009.0,126.0,0.605981
4010.0,0.0,0.154731
4010.0,1.0,0.537214
4010.0,2.0,0.760237
4010.0,3.0,0.630843
4010.0,4.0,0.289027
4010.0,5.0,0.992376
4010.0,6.0,0.827651
4010.0,7.0,0.0
4010.0,8.0,0.289073
4010.0,9.0,0.217427
4010.0,10.0,0.585104
4010.0,11.0,0.563973
4010.0,12.0,0.938332
4010.0,13.0,0.355588
4010.0,14.0,0.318549
4010.0,15.0,0.391765
4010.0,16.0,0.295857
4010.0,17.0,0.46804
4010.0,18.0,0.638174
4010.0,19.0,0.130641
4010.0,20.0,0.575084
4010.0,21.0,0.674558
4010.0,22.0,0.262601
4010.0,23.0,1.0
4010.0,24.0,1.0
4010.0,25.0,0.572782
4010.0,26.0,0.0
4010.0,27.0,0.403483
4010.0,28.0,0.405232
4010.0,29.0,0.031413
4010.0,30.0,0.786285
4010.0,31.0,0.5429
4010.0,32.0,0.0
4010.0,33.0,0.0
4010.0,34.0,1.0
4010.0,35.0,0.682382
4010.0,36.0,0.364239
4010.0,37.0,0.952684
4010.0,38.0,0.007357
4010.0,39.0,0.0
4010.0,40.0,0.555683
4010.0,41.0,0.389058
4010.0,42.0,0.504924
4010.0,43.0,0.444527
4010.0,44.0,0.67011
4010.0,45.0,0.460495
4010.0,46.0,0.560981
4010.0,47.0,0.580113
4010.0,48.0,0.638374
4010.0,49.0,1.0
4010.0,50.0,0.338701
4010.0,51.0,0.323767
4010.0,52.0,0.0
4010.0,53.0,0.66055
4010.0,54.0,0.897448
4010.0,55.0,0.337858
4010.0,56.0,0.593334
4010.0,57.0,0.089001
4010.0,58.0,0.563891
4010.0,59.0,1.0
4010.0,60.0,0.149229
4010.0,61.0,0.39144
4010.0,62.0,0.484185
4010.0,63.0,0.849206
4010.0,64.0,0.698336
4010.0,65.0,0.00383
4010.0,66.0,1.0
4010.0,67.0,0.803837
4010.0,68.0,0.704855
4010.0,69.0,0.568048
4010.0,70.0,0.90352
4010.0,71.0,0.0
4010.0,72.0,0.246599
4010.0,73.0,0.247131
4010.0,74.0,0.351178
4010.0,75.0,0.501269
4010.0,76.0,0.319583
4010.0,77.0,0.319542
4010.0,78.0,0.740566
4010.0,79.0,0.557193
4010.0,80.0,0.379375
4010.0,81.0,1.0
4010.0,82.0,0.0
4010.0,83.0,0.033518
4010.0,84.0,0.4775
4010.0,85.0,0.336338
4010.0,86.0,0.450262
4010.0,87.0,0.573803
4010.0,88.0,1.0
4010.0,89.0,0.944215
4010.0,90.0,0.071969
4010.0,91.0,1.0
4010.0,92.0,0.663854
4010.0,93.0,0.453292
4010.0,94.0,0.506081
4010.0,95.0,0.0
4010.0,96.0,0.259845
4010.0,97.0,0.802476
4010.0,98.0,0.235292
4010.0,99.0,0.66095
4010.0,100.0,0.7055
4010.0,101.0,0.0
4010.0,102.0,0.778597
4010.0,103.0,0.53766
4010.0,104.0,1.0
4010.0,105.0,0.011682
4010.0,106.0,0.735746
4010.0,107.0,0.08037
4010.0,108.0,0.186717
4010.0,109.0,0.282264
4010.0,110.0,0.599027
4010.0,111.0,0.328622
4010.0,112.0,0.998172
4010.0,113.0,0.644644
4010.0,114.0,0.409631
4010.0,115.0,0.00557
4010.0,116.0,0.0
4010.0,117.0,0.35979
4010.0,118.0,1.0
4010.0,119.0,0.394594
4010.0,120.0,0.289274
4010.0,121.0,0.302575
4010.0,122.0,0.56141
4010.0,123.0,0.261885
4010.0,124.0,0.471867
4010.0,125.0,1.0
4010.0,126.0,0.602816
5000.0,0.0,0.150091
5000.0,1.0,0.54853
5000.0,2.0,0.768811
5000.0,3.0,0.628313
5000.0,4.0,0.305488
5000.0,5.0,0.994278
5000.0,6.0,0.81511
5000.0,7.0,0.0
5000.0,8.0,0.282322
5000.0,9.0,0.209251
5000.0,10.0,0.588968
5000.0,11.0,0.551659
5000.0,12.0,0.937458
5000.0,13.0,0.345453
5000.0,14.0,0.321794
5000.0,15.0,0.392626
5000.0,16.0,0.292819
5000.0,17.0,0.482014
5000.0,18.0,0.634542
5000.0,19.0,0.13192
5000.0,20.0,0.578922
5000.0,21.0,0.676992
5000.0,22.0,0.240064
5000.0,23.0,1.0
5000.0,24.0,1.0
5000.0,25.0,0.570352
5000.0,26.0,0.0
5000.0,27.0,0.412029
5000.0,28.0,0.388718
5000.0,29.0,0.008254
5000.0,30.0,0.796083
5000.0,31.0,0.538977
5000.0,32.0,0.0
5000.0,33.0,0.0
5000.0,34.0,1.0
5000.0,35.0,0.662021
5000.0,36.0,0.373099
5000.0,37.0,0.957346
5000.0,38.0,0.00012
5000.0,39.0,0.0
5000.0,40.0,0.562736
5000.0,41.0,0.390006
5000.0,42.0,0.491665
5000.0,43.0,0.433402
5000.0,44.0,0.66817
5000.0,45.0,0.459157
5000.0,46.0,0.561673
5000.0,47.0,0.572594
5000.0,48.0,0.632286
5000.0,49.0,1.0
5000.0,50.0,0.31592
5000.0,51.0,0.312688
5000.0,52.0,0.0
5000.0,53.0,0.66505
5000.0,54.0,0.888029
5000.0,55.0,0.337899
5000.0,56.0,0.596622
5000.0,57.0,0.105614
5000.0,58.0,0.570449
5000.0,59.0,1.0
5000.0,60.0,0.15037
5000.0,61.0,0.391915
5000.0,62.0,0.47885
5000.0,63.0,0.847755
5000.0,64.0,0.71082
5000.0,65.0,0.000272
5000.0,66.0,1.0
5000.0,67.0,0.801368
5000.0,68.0,0.670084
5000.0,69.0,0.566377
5000.0,70.0,0.923704
5000.0,71.0,0.0
5000.0,72.0,0.241318
5000.0,73.0,0.246682
5000.0,74.0,0.349582
5000.0,75.0,0.483562
5000.0,76.0,0.318795
5000.0,77.0,0.298035
5000.0,78.0,0.71916
5000.0,79.0,0.554035
5000.0,80.0,0.373828
5000.0,81.0,1.0
5000.0,82.0,0.0
5000.0,83.0,0.041895
5000.0,84.0,0.475159
5000.0,85.0,0.33704
5000.0,86.0,0.449988
5000.0,87.0,0.583147
5000.0,88.0,1.0
5000.0,89.0,0.938942
5000.0,90.0,0.073958
5000.0,91.0,1.0
5000.0,92.0,0.662115
5000.0,93.0,0.448582
5000.0,94.0,0.50477
5000.0,95.0,0.0
5000.0,96.0,0.258708
5000.0,97.0,0.803313
5000.0,98.0,0.226251
5000.0,99.0,0.655942
5000.0,100.0,0.706614
5000.0,101.0,0.0
5000.0,102.0,0.789141
5000.0,103.0,0.539325
5000.0,104.0,1.0
5000.0,105.0,0.004781
5000.0,106.0,0.732711
5000.0,107.0,0.076824
5000.0,108.0,0.186407
5000.0,109.0,0.293212
5000.0,110.0,0.598306
5000.0,111.0,0.335251
5000.0,112.0,1.0
5000.0,113.0,0.644388
5000.0,114.0,0.408834
5000.0,115.0,0.011292
5000.0,116.0,0.0
5000.0,117.0,0.359282
5000.0,118.0,1.0
5000.0,119.0,0.404127
5000.0,120.0,0.26727
5000.0,121.0,0.284535
5000.0,122.0,0.557286
5000.0,123.0,0.266357
5000.0,124.0,0.469366
5000.0,125.0,1.0
5000.0,126.0,0.60111
5001.0,0.0,0.157297
5001.0,1.0,0.555758
5001.0,2.0,0.769406
5001.0,3.0,0.646661
5001.0,4.0,0.308691
5001.0,5.0,0.994362
5001.0,6.0,0.814893
5001.0,7.0,0.0
5001.0,8.0,0.284937
5001.0,9.0,0.215441
5001.0,10.0,0.626426
5001.0,11.0,0.536366
5001.0,12.0,0.941977
5001.0,13.0,0.368011
5001.0,14.0,0.350891
5001.0,15.0,0.407099
5001.0,16.0,0.320038
5001.0,17.0,0.48234
5001.0,18.0,0.648557
5001.0,19.0,0.175421
5001.0,20.0,0.580708
5001.0,21.0,0.680191
5001.0,22.0,0.242001
5001.0,23.0,1.0
5001.0,24.0,1.0
5001.0,25.0,0.584077
5001.0,26.0,0.0
5001.0,27.0,0.428123
5001.0,28.0,0.397364
5001.0,29.0,0.008251
5001.0,30.0,0.796826
5001.0,31.0,0.541423
5001.0,32.0,0.0
5001.0,33.0,0.0
5001.0,34.0,1.0
5001.0,35.0,0.670423
5001.0,36.0,0.392446
5001.0,37.0,0.96098
5001.0,38.0,9.2e-05
5001.0,39.0,0.0
5001.0,40.0,0.566141
5001.0,41.0,0.395012
5001.0,42.0,0.522771
5001.0,43.0,0.44493
5001.0,44.0,0.679276
5001.0,45.0,0.473706
5001.0,46.0,0.716536
5001.0,47.0,0.580498
5001.0,48.0,0.665205
5001.0,49.0,1.0
5001.0,50.0,0.323414
5001.0,51.0,0.337326
5001.0,52.0,0.0
5001.0,53.0,0.692301
5001.0,54.0,0.888831
5001.0,55.0,0.367414
5001.0,56.0,0.610959
5001.0,57.0,0.108598
5001.0,58.0,0.573065
5001.0,59.0,1.0
5001.0,60.0,0.154055
5001.0,61.0,0.41114
5001.0,62.0,0.474853
5001.0,63.0,0.865247
5001.0,64.0,0.728184
5001.0,65.0,0.000273
5001.0,66.0,1.0
5001.0,67.0,0.804873
5001.0,68.0,0.673125
5001.0,69.0,0.570659
5001.0,70.0,0.930124
5001.0,71.0,0.0
5001.0,72.0,0.243922
5001.0,73.0,0.279656
5001.0,74.0,0.366453
5001.0,75.0,0.489476
5001.0,76.0,0.361586
5001.0,77.0,0.357402
5001.0,78.0,0.703656
5001.0,79.0,0.566434
5001.0,80.0,0.385419
5001.0,81.0,1.0
5001.0,82.0,0.0
5001.0,83.0,0.047119
5001.0,84.0,0.48387
5001.0,85.0,0.34606
5001.0,86.0,0.459289
5001.0,87.0,0.604437
5001.0,88.0,1.0
5001.0,89.0,0.939777
5001.0,90.0,0.093745
5001.0,91.0,1.0
5001.0,92.0,0.667024
5001.0,93.0,0.463784
5001.0,94.0,0.526984
5001.0,95.0,0.0
5001.0,96.0,0.27355
5001.0,97.0,0.815971
5001.0,98.0,0.228192
5001.0,99.0,0.666862
5001.0,100.0,0.713306
5001.0,101.0,0.0
5001.0,102.0,0.807624
5001.0,103.0,0.553502
5001.0,104.0,1.0
5001.0,105.0,0.004911
5001.0,106.0,0.738792
5001.0,107.0,0.078836
5001.0,108.0,0.222343
5001.0,109.0,0.293855
5001.0,110.0,0.595255
5001.0,111.0,0.344449
5001.0,112.0,1.0
5001.0,113.0,0.653788
5001.0,114.0,0.416622
5001.0,115.0,0.011264
5001.0,116.0,0.0
5001.0,117.0,0.36661
5001.0,118.0,1.0
5001.0,119.0,0.438165
5001.0,120.0,0.269735
5001.0,121.0,0.28683
5001.0,122.0,0.567617
5001.0,123.0,0.300834
5001.0,124.0,0.502091
5001.0,125.0,1.0
5001.0,126.0,0.604724
5002.0,0.0,0.163644
5002.0,1.0,0.563654
5002.0,2.0,0.770871
5002.0,3.0,0.664502
5002.0,4.0,0.310706
5002.0,5.0,0.994534
5002.0,6.0,0.813801
5002.0,7.0,0.0
5002.0,8.0,0.287588
5002.0,9.0,0.22127
5002.0,10.0,0.659546
5002.0,11.0,0.519424
5002.0,12.0,0.946397
5002.0,13.0,0.389495
5002.0,14.0,0.379965
5002.0,15.0,0.421811
5002.0,16.0,0.349163
5002.0,17.0,0.484571
5002.0,18.0,0.662373
5002.0,19.0,0.224388
5002.0,20.0,0.582327
5002.0,21.0,0.683411
5002.0,22.0,0.244298
5002.0,23.0,1.0
5002.0,24.0,1.0
5002.0,25.0,0.59763
5002.0,26.0,0.0
5002.0,27.0,0.443416
5002.0,28.0,0.406352
5002.0,29.0,0.008223
5002.0,30.0,0.796069
5002.0,31.0,0.544175
5002.0,32.0,0.0
5002.0,33.0,0.0
5002.0,34.0,1.0
5002.0,35.0,0.678593
5002.0,36.0,0.412783
5002.0,37.0,0.964209
5002.0,38.0,8.1e-05
5002.0,39.0,0.0
5002.0,40.0,0.569469
5002.0,41.0,0.400479
5002.0,42.0,0.552832
5002.0,43.0,0.455464
5002.0,44.0,0.69003
5002.0,45.0,0.487869
5002.0,46.0,0.822748
5002.0,47.0,0.587889
5002.0,48.0,0.695241
5002.0,49.0,1.0
5002.0,50.0,0.330986
5002.0,51.0,0.364063
5002.0,52.0,0.0
5002.0,53.0,0.716999
5002.0,54.0,0.88899
5002.0,55.0,0.395437
5002.0,56.0,0.623339
5002.0,57.0,0.11072
5002.0,58.0,0.575442
5002.0,59.0,1.0
5002.0,60.0,0.158385
5002.0,61.0,0.428591
5002.0,62.0,0.470816
5002.0,63.0,0.880817
5002.0,64.0,0.744064
5002.0,65.0,0.000258
5002.0,66.0,1.0
5002.0,67.0,0.808932
5002.0,68.0,0.676489
5002.0,69.0,0.575464
5002.0,70.0,0.937038
5002.0,71.0,0.0
5002.0,72.0,0.246383
5002.0,73.0,0.315506
5002.0,74.0,0.383224
5002.0,75.0,0.495186
5002.0,76.0,0.403312
5002.0,77.0,0.414284
5002.0,78.0,0.6866
5002.0,79.0,0.577106
5002.0,80.0,0.396683
5002.0,81.0,1.0
5002.0,82.0,0.0
5002.0,83.0,0.053042
5002.0,84.0,0.49199
5002.0,85.0,0.354545
5002.0,86.0,0.468827
5002.0,87.0,0.6249
5002.0,88.0,1.0
5002.0,89.0,0.94077
5002.0,90.0,0.116787
5002.0,91.0,1.0
5002.0,92.0,0.672144
5002.0,93.0,0.478041
5002.0,94.0,0.54653
5002.0,95.0,0.0
5002.0,96.0,0.288699
5002.0,97.0,0.827156
5002.0,98.0,0.229348
5002.0,99.0,0.677495
5002.0,100.0,0.719435
5002.0,101.0,0.0
5002.0,102.0,0.825975
5002.0,103.0,0.565937
5002.0,104.0,1.0
5002.0,105.0,0.005139
5002.0,106.0,0.744322
5002.0,107.0,0.081085
5002.0,108.0,0.263674
5002.0,109.0,0.29563
5002.0,110.0,0.591383
5002.0,111.0,0.35446
5002.0,112.0,1.0
5002.0,113.0,0.663956
5002.0,114.0,0.423678
5002.0,115.0,0.011385
5002.0,116.0,0.0
5002.0,117.0,0.375189
5002.0,118.0,1.0
5002.0,119.0,0.468992
5002.0,120.0,0.272345
5002.0,121.0,0.288848
5002.0,122.0,0.577793
5002.0,123.0,0.336341
5002.0,124.0,0.534516
5002.0,125.0,1.0
5002.0,126.0,0.607758
5003.0,0.0,0.169986
5003.0,1.0,0.570112
5003.0,2.0,0.773211
5003.0,3.0,0.680907
5003.0,4.0,0.312415
5003.0,5.0,0.99461
5003.0,6.0,0.81256
5003.0,7.0,0.0
5003.0,8.0,0.290956
5003.0,9.0,0.228183
5003.0,10.0,0.689487
5003.0,11.0,0.501715
5003.0,12.0,0.950266
5003.0,13.0,0.410358
5003.0,14.0,0.407438
5003.0,15.0,0.436021
5003.0,16.0,0.377721
5003.0,17.0,0.487088
5003.0,18.0,0.676745
5003.0,19.0,0.27806
5003.0,20.0,0.582832
5003.0,21.0,0.686867
5003.0,22.0,0.246649
5003.0,23.0,1.0
5003.0,24.0,1.0
5003.0,25.0,0.610745
5003.0,26.0,0.0
5003.0,27.0,0.459789
5003.0,28.0,0.413197
5003.0,29.0,0.00842
5003.0,30.0,0.79514
5003.0,31.0,0.546431
5003.0,32.0,0.0
5003.0,33.0,0.0
5003.0,34.0,1.0
5003.0,35.0,0.686143
5003.0,36.0,0.431972
5003.0,37.0,0.967248
5003.0,38.0,6.0e-05
5003.0,39.0,0.0
5003.0,40.0,0.573477
5003.0,41.0,0.40594
5003.0,42.0,0.581228
5003.0,43.0,0.466434
5003.0,44.0,0.700648
5003.0,45.0,0.502527
5003.0,46.0,0.890709
5003.0,47.0,0.594588
5003.0,48.0,0.72167
5003.0,49.0,1.0
5003.0,50.0,0.338715
5003.0,51.0,0.393188
5003.0,52.0,0.0
5003.0,53.0,0.740109
5003.0,54.0,0.889424
5003.0,55.0,0.423294
5003.0,56.0,0.634526
5003.0,57.0,0.113411
5003.0,58.0,0.578384
5003.0,59.0,1.0
5003.0,60.0,0.163108
5003.0,61.0,0.446522
5003.0,62.0,0.466397
5003.0,63.0,0.894934
5003.0,64.0,0.758531
5003.0,65.0,0.000283
5003.0,66.0,1.0
5003.0,67.0,0.813263
5003.0,68.0,0.680532
5003.0,69.0,0.580661
5003.0,70.0,0.942867
5003.0,71.0,0.0
5003.0,72.0,0.248227
5003.0,73.0,0.35391
5003.0,74.0,0.40038
5003.0,75.0,0.501714
5003.0,76.0,0.442445
5003.0,77.0,0.468169
5003.0,78.0,0.669514
5003.0,79.0,0.588183
5003.0,80.0,0.408573
5003.0,81.0,1.0
5003.0,82.0,0.0
5003.0,83.0,0.059274
5003.0,84.0,0.500159
5003.0,85.0,0.364783
5003.0,86.0,0.478809
5003.0,87.0,0.64349
5003.0,88.0,1.0
5003.0,89.0,0.941521
5003.0,90.0,0.144153
5003.0,91.0,1.0
5003.0,92.0,0.676417
5003.0,93.0,0.492615
5003.0,94.0,0.565276
5003.0,95.0,0.0
5003.0,96.0,0.303196
5003.0,97.0,0.837614
5003.0,98.0,0.230413
5003.0,99.0,0.688527
5003.0,100.0,0.726977
5003.0,101.0,0.0
5003.0,102.0,0.842879
5003.0,103.0,0.578914
5003.0,104.0,1.0
5003.0,105.0,0.005179
5003.0,106.0,0.7488
5003.0,107.0,0.082953
5003.0,108.0,0.312472
5003.0,109.0,0.297019
5003.0,110.0,0.586356
5003.0,111.0,0.364764
5003.0,112.0,1.0
5003.0,113.0,0.672758
5003.0,114.0,0.430731
5003.0,115.0,0.011727
5003.0,116.0,0.0
5003.0,117.0,0.382078
5003.0,118.0,1.0
5003.0,119.0,0.498632
5003.0,120.0,0.27388
5003.0,121.0,0.290529
5003.0,122.0,0.588166
5003.0,123.0,0.371787
5003.0,124.0,0.566862
5003.0,125.0,1.0
5003.0,126.0,0.611028
5004.0,0.0,0.177083
5004.0,1.0,0.57669
5004.0,2.0,0.775127
5004.0,3.0,0.695263
5004.0,4.0,0.313627
5004.0,5.0,0.994782
5004.0,6.0,0.811564
5004.0,7.0,0.0
5004.0,8.0,0.293149
5004.0,9.0,0.234731
5004.0,10.0,0.716238
5004.0,11.0,0.480948
5004.0,12.0,0.953828
5004.0,13.0,0.431621
5004.0,14.0,0.433348
5004.0,15.0,0.450316
5004.0,16.0,0.405831
5004.0,17.0,0.487517
5004.0,18.0,0.689055
5004.0,19.0,0.333779
5004.0,20.0,0.583141
5004.0,21.0,0.690472
5004.0,22.0,0.24869
5004.0,23.0,1.0
5004.0,24.0,1.0
5004.0,25.0,0.623576
5004.0,26.0,0.0
5004.0,27.0,0.477055
5004.0,28.0,0.418907
5004.0,29.0,0.008558
5004.0,30.0,0.794612
5004.0,31.0,0.548563
5004.0,32.0,0.0
5004.0,33.0,0.0
5004.0,34.0,1.0
5004.0,35.0,0.694145
5004.0,36.0,0.451606
5004.0,37.0,0.96997
5004.0,38.0,7.0e-05
5004.0,39.0,0.0
5004.0,40.0,0.576674
5004.0,41.0,0.411895
5004.0,42.0,0.607635
5004.0,43.0,0.478161
5004.0,44.0,0.709792
5004.0,45.0,0.516962
5004.0,46.0,0.933033
5004.0,47.0,0.6021
5004.0,48.0,0.744784
5004.0,49.0,1.0
5004.0,50.0,0.34689
5004.0,51.0,0.425842
5004.0,52.0,0.0
5004.0,53.0,0.760622
5004.0,54.0,0.890101
5004.0,55.0,0.450384
5004.0,56.0,0.646776
5004.0,57.0,0.116107
5004.0,58.0,0.581472
5004.0,59.0,1.0
5004.0,60.0,0.167543
5004.0,61.0,0.463415
5004.0,62.0,0.463973
5004.0,63.0,0.907372
5004.0,64.0,0.772012
5004.0,65.0,0.000278
5004.0,66.0,1.0
5004.0,67.0,0.816465
5004.0,68.0,0.685038
5004.0,69.0,0.585499
5004.0,70.0,0.948363
5004.0,71.0,0.0
5004.0,72.0,0.250366
5004.0,73.0,0.395178
5004.0,74.0,0.418294
5004.0,75.0,0.507839
5004.0,76.0,0.481214
5004.0,77.0,0.517052
5004.0,78.0,0.652172
5004.0,79.0,0.59889
5004.0,80.0,0.419532
5004.0,81.0,1.0
5004.0,82.0,0.0
5004.0,83.0,0.06595
5004.0,84.0,0.508471
5004.0,85.0,0.37441
5004.0,86.0,0.488517
5004.0,87.0,0.661448
5004.0,88.0,1.0
5004.0,89.0,0.942124
5004.0,90.0,0.175235
5004.0,91.0,1.0
5004.0,92.0,0.680296
5004.0,93.0,0.506473
5004.0,94.0,0.581532
5004.0,95.0,0.0
5004.0,96.0,0.318103
5004.0,97.0,0.84745
5004.0,98.0,0.230854
5004.0,99.0,0.699017
5004.0,100.0,0.733323
5004.0,101.0,0.0
5004.0,102.0,0.858426
5004.0,103.0,0.591909
5004.0,104.0,1.0
5004.0,105.0,0.005237
5004.0,106.0,0.754792
5004.0,107.0,0.084989
5004.0,108.0,0.367157
5004.0,109.0,0.297156
5004.0,110.0,0.580757
5004.0,111.0,0.374953
5004.0,112.0,1.0
5004.0,113.0,0.683093
5004.0,114.0,0.43733
5004.0,115.0,0.012151
5004.0,116.0,0.0
5004.0,117.0,0.38851
5004.0,118.0,1.0
5004.0,119.0,0.524227
5004.0,120.0,0.276507
5004.0,121.0,0.292605
5004.0,122.0,0.598217
5004.0,123.0,0.409529
5004.0,124.0,0.597264
5004.0,125.0,1.0
5004.0,126.0,0.612946
5005.0,0.0,0.183484
5005.0,1.0,0.583896
5005.0,2.0,0.777311
5005.0,3.0,0.709826
5005.0,4.0,0.315421
5005.0,5.0,0.995076
5005.0,6.0,0.80964
5005.0,7.0,0.0
5005.0,8.0,0.295277
5005.0,9.0,0.241298
5005.0,10.0,0.741296
5005.0,11.0,0.458197
5005.0,12.0,0.956971
5005.0,13.0,0.451127
5005.0,14.0,0.458576
5005.0,15.0,0.464551
5005.0,16.0,0.434056
5005.0,17.0,0.488588
5005.0,18.0,0.700007
5005.0,19.0,0.3898
5005.0,20.0,0.583813
5005.0,21.0,0.694309
5005.0,22.0,0.250767
5005.0,23.0,1.0
5005.0,24.0,1.0
5005.0,25.0,0.635293
5005.0,26.0,0.0
5005.0,27.0,0.493083
5005.0,28.0,0.425396
5005.0,29.0,0.008869
5005.0,30.0,0.793799
5005.0,31.0,0.550326
5005.0,32.0,0.0
5005.0,33.0,0.0
5005.0,34.0,1.0
5005.0,35.0,0.700736
5005.0,36.0,0.470523
5005.0,37.0,0.972051
5005.0,38.0,6.1e-05
5005.0,39.0,0.0
5005.0,40.0,0.580613
5005.0,41.0,0.418446
5005.0,42.0,0.63314
5005.0,43.0,0.488062
5005.0,44.0,0.719049
5005.0,45.0,0.531133
5005.0,46.0,0.958975
5005.0,47.0,0.608413
5005.0,48.0,0.765335
5005.0,49.0,1.0
5005.0,50.0,0.354746
5005.0,51.0,0.460759
5005.0,52.0,0.0
5005.0,53.0,0.7801
5005.0,54.0,0.891543
5005.0,55.0,0.47598
5005.0,56.0,0.65813
5005.0,57.0,0.11892
5005.0,58.0,0.583506
5005.0,59.0,1.0
5005.0,60.0,0.172278
5005.0,61.0,0.479532
5005.0,62.0,0.4604
5005.0,63.0,0.918733
5005.0,64.0,0.785612
5005.0,65.0,0.000255
5005.0,66.0,1.0
5005.0,67.0,0.820147
5005.0,68.0,0.690778
5005.0,69.0,0.589715
5005.0,70.0,0.953732
5005.0,71.0,0.0
5005.0,72.0,0.252162
5005.0,73.0,0.437266
5005.0,74.0,0.436484
5005.0,75.0,0.514024
5005.0,76.0,0.517864
5005.0,77.0,0.559934
5005.0,78.0,0.633824
5005.0,79.0,0.609013
5005.0,80.0,0.429422
5005.0,81.0,1.0
5005.0,82.0,0.0
5005.0,83.0,0.073573
5005.0,84.0,0.516874
5005.0,85.0,0.384147
5005.0,86.0,0.497771
5005.0,87.0,0.67944
5005.0,88.0,1.0
5005.0,89.0,0.942107
5005.0,90.0,0.2098
5005.0,91.0,1.0
5005.0,92.0,0.686047
5005.0,93.0,0.520698
5005.0,94.0,0.597453
5005.0,95.0,0.0
5005.0,96.0,0.332166
5005.0,97.0,0.857368
5005.0,98.0,0.233239
5005.0,99.0,0.70935
5005.0,100.0,0.740591
5005.0,101.0,0.0
5005.0,102.0,0.87163
5005.0,103.0,0.603712
5005.0,104.0,1.0
5005.0,105.0,0.005353
5005.0,106.0,0.759933
5005.0,107.0,0.086659
5005.0,108.0,0.426703
5005.0,109.0,0.296984
5005.0,110.0,0.574855
5005.0,111.0,0.38519
5005.0,112.0,1.0
5005.0,113.0,0.691482
5005.0,114.0,0.443698
5005.0,115.0,0.012513
5005.0,116.0,0.0
5005.0,117.0,0.39585
5005.0,118.0,1.0
5005.0,119.0,0.549019
5005.0,120.0,0.2794
5005.0,121.0,0.295223
5005.0,122.0,0.608051
5005.0,123.0,0.449414
5005.0,124.0,0.62599
5005.0,125.0,1.0
5005.0,126.0,0.614448
5006.0,0.0,0.176123
5006.0,1.0,0.576661
5006.0,2.0,0.775232
5006.0,3.0,0.693169
5006.0,4.0,0.314355
5006.0,5.0,0.994903
5006.0,6.0,0.815357
5006.0,7.0,0.0
5006.0,8.0,0.292715
5006.0,9.0,0.233735
5006.0,10.0,0.709924
5006.0,11.0,0.494982
5006.0,12.0,0.953309
5006.0,13.0,0.429271
5006.0,14.0,0.4304
5006.0,15.0,0.4478
5006.0,16.0,0.399932
5006.0,17.0,0.487022
5006.0,18.0,0.68617
5006.0,19.0,0.314903
5006.0,20.0,0.582976
5006.0,21.0,0.690373
5006.0,22.0,0.248927
5006.0,23.0,1.0
5006.0,24.0,1.0
5006.0,25.0,0.622719
5006.0,26.0,0.0
5006.0,27.0,0.473528
5006.0,28.0,0.419349
5006.0,29.0,0.008473
5006.0,30.0,0.793872
5006.0,31.0,0.548231
5006.0,32.0,0.0
5006.0,33.0,0.0
5006.0,34.0,1.0
5006.0,35.0,0.692881
5006.0,36.0,0.450322
5006.0,37.0,0.969988
5006.0,38.0,7.1e-05
5006.0,39.0,0.0
5006.0,40.0,0.57664
5006.0,41.0,0.411799
5006.0,42.0,0.604622
5006.0,43.0,0.476995
5006.0,44.0,0.708106
5006.0,45.0,0.515437
5006.0,46.0,0.927525
5006.0,47.0,0.600632
5006.0,48.0,0.738285
5006.0,49.0,1.0
5006.0,50.0,0.345
5006.0,51.0,0.423332
5006.0,52.0,0.0
5006.0,53.0,0.757639
5006.0,54.0,0.889888
5006.0,55.0,0.441183
5006.0,56.0,0.644833
5006.0,57.0,0.116319
5006.0,58.0,0.580427
5006.0,59.0,1.0
5006.0,60.0,0.166612
5006.0,61.0,0.46144
5006.0,62.0,0.464505
5006.0,63.0,0.906862
5006.0,64.0,0.770255
5006.0,65.0,0.000289
5006.0,66.0,1.0
5006.0,67.0,0.815715
5006.0,68.0,0.686809
5006.0,69.0,0.584173
5006.0,70.0,0.948161
5006.0,71.0,0.0
5006.0,72.0,0.250784
5006.0,73.0,0.383863
5006.0,74.0,0.419005
5006.0,75.0,0.508122
5006.0,76.0,0.466113
5006.0,77.0,0.512353
5006.0,78.0,0.66369
5006.0,79.0,0.597338
5006.0,80.0,0.416774
5006.0,81.0,1.0
5006.0,82.0,0.0
5006.0,83.0,0.065219
5006.0,84.0,0.508143
5006.0,85.0,0.373972
5006.0,86.0,0.487607
5006.0,87.0,0.659429
5006.0,88.0,1.0
5006.0,89.0,0.941817
5006.0,90.0,0.168804
5006.0,91.0,1.0
5006.0,92.0,0.680324
5006.0,93.0,0.504603
5006.0,94.0,0.577959
5006.0,95.0,0.0
5006.0,96.0,0.315007
5006.0,97.0,0.847243
5006.0,98.0,0.232274
5006.0,99.0,0.697724
5006.0,100.0,0.733734
5006.0,101.0,0.0
5006.0,102.0,0.85587
5006.0,103.0,0.589293
5006.0,104.0,1.0
5006.0,105.0,0.00522
5006.0,106.0,0.753854
5006.0,107.0,0.084614
5006.0,108.0,0.341779
5006.0,109.0,0.296966
5006.0,110.0,0.589889
5006.0,111.0,0.37277
5006.0,112.0,1.0
5006.0,113.0,0.681625
5006.0,114.0,0.436039
5006.0,115.0,0.011994
5006.0,116.0,0.0
5006.0,117.0,0.388139
5006.0,118.0,1.0
5006.0,119.0,0.512798
5006.0,120.0,0.276607
5006.0,121.0,0.293368
5006.0,122.0,0.594083
5006.0,123.0,0.391936
5006.0,124.0,0.591054
5006.0,125.0,1.0
5006.0,126.0,0.611266
5007.0,0.0,0.170215
5007.0,1.0,0.569611
5007.0,2.0,0.772627
5007.0,3.0,0.676265
5007.0,4.0,0.311123
5007.0,5.0,0.994686
5007.0,6.0,0.81815
5007.0,7.0,0.0
5007.0,8.0,0.28972
5007.0,9.0,0.226126
5007.0,10.0,0.678953
5007.0,11.0,0.521594
5007.0,12.0,0.949326
5007.0,13.0,0.407551
5007.0,14.0,0.401884
5007.0,15.0,0.432739
5007.0,16.0,0.369401
5007.0,17.0,0.485373
5007.0,18.0,0.673188
5007.0,19.0,0.252907
5007.0,20.0,0.582192
5007.0,21.0,0.686755
5007.0,22.0,0.247863
5007.0,23.0,1.0
5007.0,24.0,1.0
5007.0,25.0,0.608269
5007.0,26.0,0.0
5007.0,27.0,0.455157
5007.0,28.0,0.413032
5007.0,29.0,0.007941
5007.0,30.0,0.793428
5007.0,31.0,0.546553
5007.0,32.0,0.0
5007.0,33.0,0.0
5007.0,34.0,1.0
5007.0,35.0,0.684185
5007.0,36.0,0.430872
5007.0,37.0,0.967545
5007.0,38.0,8.3e-05
5007.0,39.0,0.0
5007.0,40.0,0.572385
5007.0,41.0,0.405042
5007.0,42.0,0.57522
5007.0,43.0,0.466049
5007.0,44.0,0.695982
5007.0,45.0,0.500694
5007.0,46.0,0.876921
5007.0,47.0,0.593755
5007.0,48.0,0.712549
5007.0,49.0,1.0
5007.0,50.0,0.336654
5007.0,51.0,0.391228
5007.0,52.0,0.0
5007.0,53.0,0.734591
5007.0,54.0,0.889559
5007.0,55.0,0.411423
5007.0,56.0,0.631848
5007.0,57.0,0.113017
5007.0,58.0,0.577149
5007.0,59.0,1.0
5007.0,60.0,0.162181
5007.0,61.0,0.443253
5007.0,62.0,0.469183
5007.0,63.0,0.893638
5007.0,64.0,0.754442
5007.0,65.0,0.000316
5007.0,66.0,1.0
5007.0,67.0,0.812776
5007.0,68.0,0.681431
5007.0,69.0,0.579091
5007.0,70.0,0.942582
5007.0,71.0,0.0
5007.0,72.0,0.247959
5007.0,73.0,0.34043
5007.0,74.0,0.399742
5007.0,75.0,0.502195
5007.0,76.0,0.420942
5007.0,77.0,0.460705
5007.0,78.0,0.686493
5007.0,79.0,0.585736
5007.0,80.0,0.404696
5007.0,81.0,1.0
5007.0,82.0,0.0
5007.0,83.0,0.058563
5007.0,84.0,0.499817
5007.0,85.0,0.364649
5007.0,86.0,0.477656
5007.0,87.0,0.640879
5007.0,88.0,1.0
5007.0,89.0,0.941475
5007.0,90.0,0.136648
5007.0,91.0,1.0
5007.0,92.0,0.674576
5007.0,93.0,0.489537
5007.0,94.0,0.558428
5007.0,95.0,0.0
5007.0,96.0,0.298973
5007.0,97.0,0.836801
5007.0,98.0,0.23121
5007.0,99.0,0.685983
5007.0,100.0,0.727869
5007.0,101.0,0.0
5007.0,102.0,0.838399
5007.0,103.0,0.57617
5007.0,104.0,1.0
5007.0,105.0,0.00508
5007.0,106.0,0.7477
5007.0,107.0,0.082205
5007.0,108.0,0.282428
5007.0,109.0,0.296804
5007.0,110.0,0.599116
5007.0,111.0,0.362521
5007.0,112.0,1.0
5007.0,113.0,0.671088
5007.0,114.0,0.428939
5007.0,115.0,0.011667
5007.0,116.0,0.0
5007.0,117.0,0.380165
5007.0,118.0,1.0
5007.0,119.0,0.480473
5007.0,120.0,0.274717
5007.0,121.0,0.290932
5007.0,122.0,0.582553
5007.0,123.0,0.346472
5007.0,124.0,0.557771
5007.0,125.0,1.0
5007.0,126.0,0.608333
5008.0,0.0,0.163801
5008.0,1.0,0.563408
5008.0,2.0,0.770661
5008.0,3.0,0.659589
5008.0,4.0,0.309092
5008.0,5.0,0.994539
5008.0,6.0,0.818141
5008.0,7.0,0.0
5008.0,8.0,0.287234
5008.0,9.0,0.21888
5008.0,10.0,0.64746
5008.0,11.0,0.536702
5008.0,12.0,0.945232
5008.0,13.0,0.386527
5008.0,14.0,0.373497
5008.0,15.0,0.417403
5008.0,16.0,0.340527
5008.0,17.0,0.484618
5008.0,18.0,0.660049
5008.0,19.0,0.202545
5008.0,20.0,0.581542
5008.0,21.0,0.684451
5008.0,22.0,0.246065
5008.0,23.0,1.0
5008.0,24.0,1.0
5008.0,25.0,0.594261
5008.0,26.0,0.0
5008.0,27.0,0.438388
5008.0,28.0,0.407904
5008.0,29.0,0.007559
5008.0,30.0,0.793704
5008.0,31.0,0.544835
5008.0,32.0,0.0
5008.0,33.0,0.0
5008.0,34.0,1.0
5008.0,35.0,0.67626
5008.0,36.0,0.411374
5008.0,37.0,0.964458
5008.0,38.0,8.7e-05
5008.0,39.0,0.0
5008.0,40.0,0.567847
5008.0,41.0,0.399172
5008.0,42.0,0.547212
5008.0,43.0,0.455399
5008.0,44.0,0.685817
5008.0,45.0,0.487357
5008.0,46.0,0.800063
5008.0,47.0,0.586101
5008.0,48.0,0.685655
5008.0,49.0,1.0
5008.0,50.0,0.329738
5008.0,51.0,0.363307
5008.0,52.0,0.0
5008.0,53.0,0.710257
5008.0,54.0,0.889642
5008.0,55.0,0.385326
5008.0,56.0,0.619715
5008.0,57.0,0.110642
5008.0,58.0,0.574228
5008.0,59.0,1.0
5008.0,60.0,0.158159
5008.0,61.0,0.426729
5008.0,62.0,0.472778
5008.0,63.0,0.879599
5008.0,64.0,0.738219
5008.0,65.0,0.000307
5008.0,66.0,1.0
5008.0,67.0,0.809237
5008.0,68.0,0.677596
5008.0,69.0,0.574419
5008.0,70.0,0.936148
5008.0,71.0,0.0
5008.0,72.0,0.246587
5008.0,73.0,0.304531
5008.0,74.0,0.382058
5008.0,75.0,0.49769
5008.0,76.0,0.382412
5008.0,77.0,0.406791
5008.0,78.0,0.701919
5008.0,79.0,0.576218
5008.0,80.0,0.394028
5008.0,81.0,1.0
5008.0,82.0,0.0
5008.0,83.0,0.052459
5008.0,84.0,0.49097
5008.0,85.0,0.355388
5008.0,86.0,0.468034
5008.0,87.0,0.621493
5008.0,88.0,1.0
5008.0,89.0,0.940726
5008.0,90.0,0.110442
5008.0,91.0,1.0
5008.0,92.0,0.667891
5008.0,93.0,0.475024
5008.0,94.0,0.53958
5008.0,95.0,0.0
5008.0,96.0,0.283579
5008.0,97.0,0.825733
5008.0,98.0,0.231756
5008.0,99.0,0.674972
5008.0,100.0,0.723149
5008.0,101.0,0.0
5008.0,102.0,0.82113
5008.0,103.0,0.565038
5008.0,104.0,1.0
5008.0,105.0,0.00482
5008.0,106.0,0.742308
5008.0,107.0,0.080228
5008.0,108.0,0.24139
5008.0,109.0,0.297375
5008.0,110.0,0.602568
5008.0,111.0,0.353013
5008.0,112.0,1.0
5008.0,113.0,0.660146
5008.0,114.0,0.422092
5008.0,115.0,0.011146
5008.0,116.0,0.0
5008.0,117.0,0.372973
5008.0,118.0,1.0
5008.0,119.0,0.451493
5008.0,120.0,0.271656
5008.0,121.0,0.290137
5008.0,122.0,0.57219
5008.0,123.0,0.312342
5008.0,124.0,0.526505
5008.0,125.0,1.0
5008.0,126.0,0.604796
5009.0,0.0,0.157542
5009.0,1.0,0.555197
5009.0,2.0,0.76818
5009.0,3.0,0.644308
5009.0,4.0,0.306156
5009.0,5.0,0.994521
5009.0,6.0,0.817174
5009.0,7.0,0.0
5009.0,8.0,0.284615
5009.0,9.0,0.21167
5009.0,10.0,0.615742
5009.0,11.0,0.546384
5009.0,12.0,0.94129
5009.0,13.0,0.366431
5009.0,14.0,0.346213
5009.0,15.0,0.403159
5009.0,16.0,0.315003
5009.0,17.0,0.483321
5009.0,18.0,0.647886
5009.0,19.0,0.161836
5009.0,20.0,0.580909
5009.0,21.0,0.682026
5009.0,22.0,0.243751
5009.0,23.0,1.0
5009.0,24.0,1.0
5009.0,25.0,0.580315
5009.0,26.0,0.0
5009.0,27.0,0.422919
5009.0,28.0,0.403288
5009.0,29.0,0.007349
5009.0,30.0,0.792665
5009.0,31.0,0.54287
5009.0,32.0,0.0
5009.0,33.0,0.0
5009.0,34.0,1.0
5009.0,35.0,0.668627
5009.0,36.0,0.392359
5009.0,37.0,0.961153
5009.0,38.0,7.1e-05
5009.0,39.0,0.0
5009.0,40.0,0.564499
5009.0,41.0,0.394965
5009.0,42.0,0.520024
5009.0,43.0,0.444156
5009.0,44.0,0.675868
5009.0,45.0,0.474333
5009.0,46.0,0.693391
5009.0,47.0,0.578675
5009.0,48.0,0.660203
5009.0,49.0,1.0
5009.0,50.0,0.321811
5009.0,51.0,0.339357
5009.0,52.0,0.0
5009.0,53.0,0.685454
5009.0,54.0,0.889476
5009.0,55.0,0.360977
5009.0,56.0,0.607819
5009.0,57.0,0.107642
5009.0,58.0,0.571118
5009.0,59.0,1.0
5009.0,60.0,0.154682
5009.0,61.0,0.410586
5009.0,62.0,0.476968
5009.0,63.0,0.86446
5009.0,64.0,0.722129
5009.0,65.0,0.000306
5009.0,66.0,1.0
5009.0,67.0,0.80596
5009.0,68.0,0.673284
5009.0,69.0,0.570495
5009.0,70.0,0.929873
5009.0,71.0,0.0
5009.0,72.0,0.244264
5009.0,73.0,0.273493
5009.0,74.0,0.36465
5009.0,75.0,0.492308
5009.0,76.0,0.3491
5009.0,77.0,0.350733
5009.0,78.0,0.712892
5009.0,79.0,0.565873
5009.0,80.0,0.383674
5009.0,81.0,1.0
5009.0,82.0,0.0
5009.0,83.0,0.04745
5009.0,84.0,0.483221
5009.0,85.0,0.346545
5009.0,86.0,0.46006
5009.0,87.0,0.601899
5009.0,88.0,1.0
5009.0,89.0,0.940542
5009.0,90.0,0.089907
5009.0,91.0,1.0
5009.0,92.0,0.662218
5009.0,93.0,0.461147
5009.0,94.0,0.521626
5009.0,95.0,0.0
5009.0,96.0,0.270622
5009.0,97.0,0.814816
5009.0,98.0,0.231369
5009.0,99.0,0.666202
5009.0,100.0,0.717762
5009.0,101.0,0.0
5009.0,102.0,0.804375
5009.0,103.0,0.554041
5009.0,104.0,1.0
5009.0,105.0,0.004695
5009.0,106.0,0.737667
5009.0,107.0,0.078634
5009.0,108.0,0.209914
5009.0,109.0,0.296527
5009.0,110.0,0.603701
5009.0,111.0,0.343636
5009.0,112.0,1.0
5009.0,113.0,0.651413
5009.0,114.0,0.414897
5009.0,115.0,0.010666
5009.0,116.0,0.0
5009.0,117.0,0.366444
5009.0,118.0,1.0
5009.0,119.0,0.425364
5009.0,120.0,0.269326
5009.0,121.0,0.287602
5009.0,122.0,0.561533
5009.0,123.0,0.28558
5009.0,124.0,0.496935
5009.0,125.0,1.0
5009.0,126.0,0.601787
5010.0,0.0,0.151758
5010.0,1.0,0.546576
5010.0,2.0,0.765627
5010.0,3.0,0.629788
5010.0,4.0,0.304655
5010.0,5.0,0.994413
5010.0,6.0,0.814867
5010.0,7.0,0.0
5010.0,8.0,0.28275
5010.0,9.0,0.205071
5010.0,10.0,0.586326
5010.0,11.0,0.550265
5010.0,12.0,0.937182
5010.0,13.0,0.346172
5010.0,14.0,0.319942
5010.0,15.0,0.388983
5010.0,16.0,0.29158
5010.0,17.0,0.481009
5010.0,18.0,0.635848
5010.0,19.0,0.129262
5010.0,20.0,0.580234
5010.0,21.0,0.67922
5010.0,22.0,0.242311
5010.0,23.0,1.0
5010.0,24.0,1.0
5010.0,25.0,0.566484
5010.0,26.0,0.0
5010.0,27.0,0.408582
5010.0,28.0,0.397938
5010.0,29.0,0.007474
5010.0,30.0,0.79258
5010.0,31.0,0.540731
5010.0,32.0,0.0
5010.0,33.0,0.0
5010.0,34.0,1.0
5010.0,35.0,0.661815
5010.0,36.0,0.375387
5010.0,37.0,0.957727
5010.0,38.0,6.5e-05
5010.0,39.0,0.0
5010.0,40.0,0.561387
5010.0,41.0,0.389277
5010.0,42.0,0.49171
5010.0,43.0,0.433444
5010.0,44.0,0.666962
5010.0,45.0,0.461624
5010.0,46.0,0.562976
5010.0,47.0,0.571735
5010.0,48.0,0.633888
5010.0,49.0,1.0
5010.0,50.0,0.315325
5010.0,51.0,0.317119
5010.0,52.0,0.0
5010.0,53.0,0.660568
5010.0,54.0,0.889485
5010.0,55.0,0.339129
5010.0,56.0,0.596412
5010.0,57.0,0.105336
5010.0,58.0,0.567558
5010.0,59.0,1.0
5010.0,60.0,0.150399
5010.0,61.0,0.395417
5010.0,62.0,0.480543
5010.0,63.0,0.848414
5010.0,64.0,0.706007
5010.0,65.0,0.000292
5010.0,66.0,1.0
5010.0,67.0,0.8033
5010.0,68.0,0.670726
5010.0,69.0,0.565578
5010.0,70.0,0.923254
5010.0,71.0,0.0
5010.0,72.0,0.241814
5010.0,73.0,0.247297
5010.0,74.0,0.349371
5010.0,75.0,0.4874
5010.0,76.0,0.319616
5010.0,77.0,0.297104
5010.0,78.0,0.720383
5010.0,79.0,0.554611
5010.0,80.0,0.373998
5010.0,81.0,1.0
5010.0,82.0,0.0
5010.0,83.0,0.042214
5010.0,84.0,0.475988
5010.0,85.0,0.338408
5010.0,86.0,0.451786
5010.0,87.0,0.583737
5010.0,88.0,1.0
5010.0,89.0,0.940354
5010.0,90.0,0.073309
5010.0,91.0,1.0
5010.0,92.0,0.656888
5010.0,93.0,0.448201
5010.0,94.0,0.504592
5010.0,95.0,0.0
5010.0,96.0,0.258436
5010.0,97.0,0.803797
5010.0,98.0,0.23053
5010.0,99.0,0.656249
5010.0,100.0,0.711296
5010.0,101.0,0.0
5010.0,102.0,0.789816
5010.0,103.0,0.543314
5010.0,104.0,1.0
5010.0,105.0,0.004701
5010.0,106.0,0.734125
5010.0,107.0,0.076864
5010.0,108.0,0.18571
5010.0,109.0,0.296171
5010.0,110.0,0.602378
5010.0,111.0,0.335326
5010.0,112.0,1.0
5010.0,113.0,0.642437
5010.0,114.0,0.40921
5010.0,115.0,0.010239
5010.0,116.0,0.0
5010.0,117.0,0.358769
5010.0,118.0,1.0
5010.0,119.0,0.402025
5010.0,120.0,0.267807
5010.0,121.0,0.285865
5010.0,122.0,0.551634
5010.0,123.0,0.264193
5010.0,124.0,0.468721
5010.0,125.0,1.0
5010.0,126.0,0.59856
6000.0,0.0,0.14011
6000.0,1.0,0.537582
6000.0,2.0,0.745843
6000.0,3.0,0.626912
6000.0,4.0,0.31348
6000.0,5.0,0.996129
6000.0,6.0,0.810116
6000.0,7.0,0.0
6000.0,8.0,0.288027
6000.0,9.0,0.213076
6000.0,10.0,0.586809
6000.0,11.0,0.562748
6000.0,12.0,0.930662
6000.0,13.0,0.343004
6000.0,14.0,0.332463
6000.0,15.0,0.393778
6000.0,16.0,0.294804
6000.0,17.0,0.465262
6000.0,18.0,0.628838
6000.0,19.0,0.130603
6000.0,20.0,0.593092
6000.0,21.0,0.671057
6000.0,22.0,0.246804
6000.0,23.0,1.0
6000.0,24.0,1.0
6000.0,25.0,0.572107
6000.0,26.0,0.0
6000.0,27.0,0.412288
6000.0,28.0,0.389478
6000.0,29.0,0.003039
6000.0,30.0,0.803985
6000.0,31.0,0.544815
6000.0,32.0,0.0
6000.0,33.0,0.0
6000.0,34.0,1.0
6000.0,35.0,0.67433
6000.0,36.0,0.368416
6000.0,37.0,0.954614
6000.0,38.0,0.0
6000.0,39.0,0.0
6000.0,40.0,0.561882
6000.0,41.0,0.395747
6000.0,42.0,0.498876
6000.0,43.0,0.438569
6000.0,44.0,0.670566
6000.0,45.0,0.455244
6000.0,46.0,0.570524
6000.0,47.0,0.576692
6000.0,48.0,0.635748
6000.0,49.0,1.0
6000.0,50.0,0.324684
6000.0,51.0,0.315425
6000.0,52.0,0.0
6000.0,53.0,0.660831
6000.0,54.0,0.88372
6000.0,55.0,0.336113
6000.0,56.0,0.596922
6000.0,57.0,0.104203
6000.0,58.0,0.559932
6000.0,59.0,1.0
6000.0,60.0,0.156826
6000.0,61.0,0.398084
6000.0,62.0,0.48616
6000.0,63.0,0.857379
6000.0,64.0,0.696359
6000.0,65.0,0.0
6000.0,66.0,1.0
6000.0,67.0,0.796336
6000.0,68.0,0.686213
6000.0,69.0,0.575292
6000.0,70.0,0.92953
6000.0,71.0,0.0
6000.0,72.0,0.246343
6000.0,73.0,0.245233
6000.0,74.0,0.333718
6000.0,75.0,0.488834
6000.0,76.0,0.321583
6000.0,77.0,0.305287
6000.0,78.0,0.722747
6000.0,79.0,0.554887
6000.0,80.0,0.373214
6000.0,81.0,1.0
6000.0,82.0,0.0
6000.0,83.0,0.036324
6000.0,84.0,0.469117
6000.0,85.0,0.334648
6000.0,86.0,0.451287
6000.0,87.0,0.582421
6000.0,88.0,1.0
6000.0,89.0,0.961303
6000.0,90.0,0.075871
6000.0,91.0,1.0
6000.0,92.0,0.657636
6000.0,93.0,0.448201
6000.0,94.0,0.509196
6000.0,95.0,0.0
6000.0,96.0,0.263166
6000.0,97.0,0.79442
6000.0,98.0,0.203667
6000.0,99.0,0.650465
6000.0,100.0,0.712099
6000.0,101.0,0.0
6000.0,102.0,0.780233
6000.0,103.0,0.544555
6000.0,104.0,1.0
6000.0,105.0,0.01069
6000.0,106.0,0.731546
6000.0,107.0,0.079606
6000.0,108.0,0.183973
6000.0,109.0,0.285141
6000.0,110.0,0.597889
6000.0,111.0,0.327068
6000.0,112.0,1.0
6000.0,113.0,0.640236
6000.0,114.0,0.403667
6000.0,115.0,0.012402
6000.0,116.0,0.0
6000.0,117.0,0.350231
6000.0,118.0,1.0
6000.0,119.0,0.401657
6000.0,120.0,0.290774
6000.0,121.0,0.273134
6000.0,122.0,0.563863
6000.0,123.0,0.265201
6000.0,124.0,0.468345
6000.0,125.0,1.0
6000.0,126.0,0.617263
6001.0,0.0,0.146962
6001.0,1.0,0.544114
6001.0,2.0,0.74741
6001.0,3.0,0.64477
6001.0,4.0,0.315972
6001.0,5.0,0.996097
6001.0,6.0,0.805159
6001.0,7.0,0.0
6001.0,8.0,0.289345
6001.0,9.0,0.218675
6001.0,10.0,0.622774
6001.0,11.0,0.545998
6001.0,12.0,0.935967
6001.0,13.0,0.364155
6001.0,14.0,0.361326
6001.0,15.0,0.409441
6001.0,16.0,0.322445
6001.0,17.0,0.46654
6001.0,18.0,0.643882
6001.0,19.0,0.173444
6001.0,20.0,0.592436
6001.0,21.0,0.674676
6001.0,22.0,0.249
6001.0,23.0,1.0
6001.0,24.0,1.0
6001.0,25.0,0.585225
6001.0,26.0,0.0
6001.0,27.0,0.42773
6001.0,28.0,0.396033
6001.0,29.0,0.003176
6001.0,30.0,0.80473
6001.0,31.0,0.546155
6001.0,32.0,0.0
6001.0,33.0,0.0
6001.0,34.0,1.0
6001.0,35.0,0.681678
6001.0,36.0,0.389248
6001.0,37.0,0.95851
6001.0,38.0,0.0
6001.0,39.0,0.0
6001.0,40.0,0.564891
6001.0,41.0,0.402196
6001.0,42.0,0.531475
6001.0,43.0,0.449393
6001.0,44.0,0.681605
6001.0,45.0,0.47037
6001.0,46.0,0.722612
6001.0,47.0,0.582867
6001.0,48.0,0.668584
6001.0,49.0,1.0
6001.0,50.0,0.331562
6001.0,51.0,0.340404
6001.0,52.0,0.0
6001.0,53.0,0.688313
6001.0,54.0,0.883992
6001.0,55.0,0.364884
6001.0,56.0,0.610167
6001.0,57.0,0.106922
6001.0,58.0,0.562884
6001.0,59.0,1.0
6001.0,60.0,0.160613
6001.0,61.0,0.415905
6001.0,62.0,0.479506
6001.0,63.0,0.873992
6001.0,64.0,0.713977
6001.0,65.0,0.0
6001.0,66.0,1.0
6001.0,67.0,0.799895
6001.0,68.0,0.690656
6001.0,69.0,0.579934
6001.0,70.0,0.936926
6001.0,71.0,0.0
6001.0,72.0,0.246671
6001.0,73.0,0.278249
6001.0,74.0,0.351797
6001.0,75.0,0.495003
6001.0,76.0,0.364349
6001.0,77.0,0.366487
6001.0,78.0,0.706635
6001.0,79.0,0.566101
6001.0,80.0,0.384581
6001.0,81.0,1.0
6001.0,82.0,0.0
6001.0,83.0,0.04065
6001.0,84.0,0.478714
6001.0,85.0,0.344935
6001.0,86.0,0.461059
6001.0,87.0,0.605146
6001.0,88.0,1.0
6001.0,89.0,0.961109
6001.0,90.0,0.096228
6001.0,91.0,1.0
6001.0,92.0,0.662228
6001.0,93.0,0.462524
6001.0,94.0,0.531096
6001.0,95.0,0.0
6001.0,96.0,0.277448
6001.0,97.0,0.806842
6001.0,98.0,0.204999
6001.0,99.0,0.662111
6001.0,100.0,0.718634
6001.0,101.0,0.0
6001.0,102.0,0.801048
6001.0,103.0,0.559386
6001.0,104.0,1.0
6001.0,105.0,0.010834
6001.0,106.0,0.737636
6001.0,107.0,0.082106
6001.0,108.0,0.220021
6001.0,109.0,0.286616
6001.0,110.0,0.598297
6001.0,111.0,0.335651
6001.0,112.0,1.0
6001.0,113.0,0.648989
6001.0,114.0,0.411633
6001.0,115.0,0.012758
6001.0,116.0,0.0
6001.0,117.0,0.358239
6001.0,118.0,1.0
6001.0,119.0,0.433851
6001.0,120.0,0.290741
6001.0,121.0,0.274196
6001.0,122.0,0.575002
6001.0,123.0,0.301399
6001.0,124.0,0.499739
6001.0,125.0,1.0
6001.0,126.0,0.619605
6002.0,0.0,0.154779
6002.0,1.0,0.549226
6002.0,2.0,0.748537
6002.0,3.0,0.660947
6002.0,4.0,0.319034
6002.0,5.0,0.996198
6002.0,6.0,0.799438
6002.0,7.0,0.0
6002.0,8.0,0.291263
6002.0,9.0,0.225187
6002.0,10.0,0.656107
6002.0,11.0,0.526268
6002.0,12.0,0.940886
6002.0,13.0,0.385857
6002.0,14.0,0.38836
6002.0,15.0,0.424906
6002.0,16.0,0.351401
6002.0,17.0,0.468345
6002.0,18.0,0.658185
6002.0,19.0,0.223633
6002.0,20.0,0.591112
6002.0,21.0,0.677876
6002.0,22.0,0.250217
6002.0,23.0,1.0
6002.0,24.0,1.0
6002.0,25.0,0.598251
6002.0,26.0,0.0
6002.0,27.0,0.442655
6002.0,28.0,0.401601
6002.0,29.0,0.003107
6002.0,30.0,0.805801
6002.0,31.0,0.547768
6002.0,32.0,0.0
6002.0,33.0,0.0
6002.0,34.0,1.0
6002.0,35.0,0.689693
6002.0,36.0,0.40944
6002.0,37.0,0.962217
6002.0,38.0,0.0
6002.0,39.0,0.0
6002.0,40.0,0.568092
6002.0,41.0,0.407157
6002.0,42.0,0.560802
6002.0,43.0,0.460003
6002.0,44.0,0.691798
6002.0,45.0,0.486238
6002.0,46.0,0.82666
6002.0,47.0,0.588701
6002.0,48.0,0.696795
6002.0,49.0,1.0
6002.0,50.0,0.33835
6002.0,51.0,0.366754
6002.0,52.0,0.0
6002.0,53.0,0.713683
6002.0,54.0,0.883732
6002.0,55.0,0.392556
6002.0,56.0,0.621904
6002.0,57.0,0.110052
6002.0,58.0,0.565116
6002.0,59.0,1.0
6002.0,60.0,0.164768
6002.0,61.0,0.432375
6002.0,62.0,0.4733
6002.0,63.0,0.888901
6002.0,64.0,0.730398
6002.0,65.0,0.0
6002.0,66.0,1.0
6002.0,67.0,0.804456
6002.0,68.0,0.697727
6002.0,69.0,0.584432
6002.0,70.0,0.943274
6002.0,71.0,0.0
6002.0,72.0,0.246991
6002.0,73.0,0.312425
6002.0,74.0,0.37043
6002.0,75.0,0.500241
6002.0,76.0,0.405947
6002.0,77.0,0.424416
6002.0,78.0,0.689201
6002.0,79.0,0.577342
6002.0,80.0,0.396599
6002.0,81.0,1.0
6002.0,82.0,0.0
6002.0,83.0,0.045729
6002.0,84.0,0.488576
6002.0,85.0,0.354807
6002.0,86.0,0.471465
6002.0,87.0,0.624929
6002.0,88.0,1.0
6002.0,89.0,0.961503
6002.0,90.0,0.120104
6002.0,91.0,1.0
6002.0,92.0,0.666905
6002.0,93.0,0.476603
6002.0,94.0,0.550416
6002.0,95.0,0.0
6002.0,96.0,0.29114
6002.0,97.0,0.819616
6002.0,98.0,0.207276
6002.0,99.0,0.674057
6002.0,100.0,0.725202
6002.0,101.0,0.0
6002.0,102.0,0.8205
6002.0,103.0,0.570718
6002.0,104.0,1.0
6002.0,105.0,0.01098
6002.0,106.0,0.743657
6002.0,107.0,0.083892
6002.0,108.0,0.261229
6002.0,109.0,0.289226
6002.0,110.0,0.597875
6002.0,111.0,0.342095
6002.0,112.0,1.0
6002.0,113.0,0.659436
6002.0,114.0,0.41983
6002.0,115.0,0.012736
6002.0,116.0,0.0
6002.0,117.0,0.36622
6002.0,118.0,1.0
6002.0,119.0,0.465835
6002.0,120.0,0.290722
6002.0,121.0,0.275729
6002.0,122.0,0.585109
6002.0,123.0,0.338895
6002.0,124.0,0.531403
6002.0,125.0,1.0
6002.0,126.0,0.622296
6003.0,0.0,0.162477
6003.0,1.0,0.555203
6003.0,2.0,0.750282
6003.0,3.0,0.676307
6003.0,4.0,0.321316
6003.0,5.0,0.996443
6003.0,6.0,0.793807
6003.0,7.0,0.0
6003.0,8.0,0.293183
6003.0,9.0,0.232014
6003.0,10.0,0.685415
6003.0,11.0,0.505785
6003.0,12.0,0.945368
6003.0,13.0,0.407638
6003.0,14.0,0.414359
6003.0,15.0,0.439853
6003.0,16.0,0.379339
6003.0,17.0,0.469058
6003.0,18.0,0.671566
6003.0,19.0,0.277941
6003.0,20.0,0.591265
6003.0,21.0,0.681357
6003.0,22.0,0.251614
6003.0,23.0,1.0
6003.0,24.0,1.0
6003.0,25.0,0.610105
6003.0,26.0,0.0
6003.0,27.0,0.458272
6003.0,28.0,0.406803
6003.0,29.0,0.003111
6003.0,30.0,0.805948
6003.0,31.0,0.549566
6003.0,32.0,0.0
6003.0,33.0,0.0
6003.0,34.0,1.0
6003.0,35.0,0.697767
6003.0,36.0,0.428375
6003.0,37.0,0.965717
6003.0,38.0,0.0
6003.0,39.0,0.0
6003.0,40.0,0.570227
6003.0,41.0,0.41314
6003.0,42.0,0.588459
6003.0,43.0,0.471484
6003.0,44.0,0.701782
6003.0,45.0,0.499735
6003.0,46.0,0.893208
6003.0,47.0,0.594343
6003.0,48.0,0.721679
6003.0,49.0,1.0
6003.0,50.0,0.345356
6003.0,51.0,0.396407
6003.0,52.0,0.0
6003.0,53.0,0.736427
6003.0,54.0,0.88395
6003.0,55.0,0.419386
6003.0,56.0,0.633945
6003.0,57.0,0.112097
6003.0,58.0,0.567868
6003.0,59.0,1.0
6003.0,60.0,0.168589
6003.0,61.0,0.447078
6003.0,62.0,0.468904
6003.0,63.0,0.901923
6003.0,64.0,0.74499
6003.0,65.0,0.0
6003.0,66.0,1.0
6003.0,67.0,0.808629
6003.0,68.0,0.703591
6003.0,69.0,0.589194
6003.0,70.0,0.949131
6003.0,71.0,0.0
6003.0,72.0,0.247311
6003.0,73.0,0.349795
6003.0,74.0,0.388395
6003.0,75.0,0.504393
6003.0,76.0,0.445918
6003.0,77.0,0.478313
6003.0,78.0,0.670758
6003.0,79.0,0.589303
6003.0,80.0,0.408069
6003.0,81.0,1.0
6003.0,82.0,0.0
6003.0,83.0,0.050988
6003.0,84.0,0.497683
6003.0,85.0,0.364197
6003.0,86.0,0.480811
6003.0,87.0,0.644887
6003.0,88.0,1.0
6003.0,89.0,0.961271
6003.0,90.0,0.147769
6003.0,91.0,1.0
6003.0,92.0,0.671708
6003.0,93.0,0.48928
6003.0,94.0,0.56884
6003.0,95.0,0.0
6003.0,96.0,0.305507
6003.0,97.0,0.830426
6003.0,98.0,0.207761
6003.0,99.0,0.686157
6003.0,100.0,0.731279
6003.0,101.0,0.0
6003.0,102.0,0.837834
6003.0,103.0,0.582756
6003.0,104.0,1.0
6003.0,105.0,0.011144
6003.0,106.0,0.749235
6003.0,107.0,0.085715
6003.0,108.0,0.308422
6003.0,109.0,0.290355
6003.0,110.0,0.596
6003.0,111.0,0.349156
6003.0,112.0,1.0
6003.0,113.0,0.669199
6003.0,114.0,0.428003
6003.0,115.0,0.012964
6003.0,116.0,0.0
6003.0,117.0,0.374663
6003.0,118.0,1.0
6003.0,119.0,0.496405
6003.0,120.0,0.291629
6003.0,121.0,0.276936
6003.0,122.0,0.594856
6003.0,123.0,0.377271
6003.0,124.0,0.562804
6003.0,125.0,1.0
6003.0,126.0,0.625981
6004.0,0.0,0.170991
6004.0,1.0,0.560646
6004.0,2.0,0.751217
6004.0,3.0,0.691425
6004.0,4.0,0.32281
6004.0,5.0,0.996461
6004.0,6.0,0.788586
6004.0,7.0,0.0
6004.0,8.0,0.296117
6004.0,9.0,0.239531
6004.0,10.0,0.711574
6004.0,11.0,0.482663
6004.0,12.0,0.9498
6004.0,13.0,0.428145
6004.0,14.0,0.439207
6004.0,15.0,0.454486
6004.0,16.0,0.408309
6004.0,17.0,0.470202
6004.0,18.0,0.684125
6004.0,19.0,0.333857
6004.0,20.0,0.591066
6004.0,21.0,0.684214
6004.0,22.0,0.252341
6004.0,23.0,1.0
6004.0,24.0,1.0
6004.0,25.0,0.621448
6004.0,26.0,0.0
6004.0,27.0,0.472991
6004.0,28.0,0.412369
6004.0,29.0,0.002987
6004.0,30.0,0.806006
6004.0,31.0,0.551078
6004.0,32.0,0.0
6004.0,33.0,0.0
6004.0,34.0,1.0
6004.0,35.0,0.70442
6004.0,36.0,0.447316
6004.0,37.0,0.968623
6004.0,38.0,0.0
6004.0,39.0,0.0
6004.0,40.0,0.571824
6004.0,41.0,0.418811
6004.0,42.0,0.615847
6004.0,43.0,0.480441
6004.0,44.0,0.711529
6004.0,45.0,0.513688
6004.0,46.0,0.934668
6004.0,47.0,0.60155
6004.0,48.0,0.743888
6004.0,49.0,1.0
6004.0,50.0,0.353312
6004.0,51.0,0.428476
6004.0,52.0,0.0
6004.0,53.0,0.757342
6004.0,54.0,0.885139
6004.0,55.0,0.446488
6004.0,56.0,0.645789
6004.0,57.0,0.115436
6004.0,58.0,0.569258
6004.0,59.0,1.0
6004.0,60.0,0.172775
6004.0,61.0,0.461432
6004.0,62.0,0.465288
6004.0,63.0,0.913828
6004.0,64.0,0.758889
6004.0,65.0,0.0
6004.0,66.0,1.0
6004.0,67.0,0.812306
6004.0,68.0,0.710317
6004.0,69.0,0.593429
6004.0,70.0,0.954216
6004.0,71.0,0.0
6004.0,72.0,0.247018
6004.0,73.0,0.389111
6004.0,74.0,0.405673
6004.0,75.0,0.509823
6004.0,76.0,0.483591
6004.0,77.0,0.525827
6004.0,78.0,0.652307
6004.0,79.0,0.601416
6004.0,80.0,0.418025
6004.0,81.0,1.0
6004.0,82.0,0.0
6004.0,83.0,0.057063
6004.0,84.0,0.507245
6004.0,85.0,0.373248
6004.0,86.0,0.491487
6004.0,87.0,0.662525
6004.0,88.0,1.0
6004.0,89.0,0.961507
6004.0,90.0,0.178924
6004.0,91.0,1.0
6004.0,92.0,0.675959
6004.0,93.0,0.502452
6004.0,94.0,0.584058
6004.0,95.0,0.0
6004.0,96.0,0.32067
6004.0,97.0,0.841504
6004.0,98.0,0.209166
6004.0,99.0,0.69927
6004.0,100.0,0.736068
6004.0,101.0,0.0
6004.0,102.0,0.853657
6004.0,103.0,0.595243
6004.0,104.0,1.0
6004.0,105.0,0.011324
6004.0,106.0,0.753951
6004.0,107.0,0.087747
6004.0,108.0,0.362345
6004.0,109.0,0.291981
6004.0,110.0,0.594812
6004.0,111.0,0.356551
6004.0,112.0,1.0
6004.0,113.0,0.67808
6004.0,114.0,0.435292
6004.0,115.0,0.013063
6004.0,116.0,0.0
6004.0,117.0,0.38235
6004.0,118.0,1.0
6004.0,119.0,0.523649
6004.0,120.0,0.291728
6004.0,121.0,0.279644
6004.0,122.0,0.605596
6004.0,123.0,0.417076
6004.0,124.0,0.59322
6004.0,125.0,1.0
6004.0,126.0,0.62878
6005.0,0.0,0.178746
6005.0,1.0,0.566299
6005.0,2.0,0.752938
6005.0,3.0,0.704405
6005.0,4.0,0.324271
6005.0,5.0,0.996392
6005.0,6.0,0.783068
6005.0,7.0,0.0
6005.0,8.0,0.297867
6005.0,9.0,0.247578
6005.0,10.0,0.735883
6005.0,11.0,0.458439
6005.0,12.0,0.953294
6005.0,13.0,0.449263
6005.0,14.0,0.46295
6005.0,15.0,0.467595
6005.0,16.0,0.437748
6005.0,17.0,0.471394
6005.0,18.0,0.695499
6005.0,19.0,0.391078
6005.0,20.0,0.592124
6005.0,21.0,0.687418
6005.0,22.0,0.254809
6005.0,23.0,1.0
6005.0,24.0,1.0
6005.0,25.0,0.633455
6005.0,26.0,0.0
6005.0,27.0,0.48853
6005.0,28.0,0.416199
6005.0,29.0,0.00288
6005.0,30.0,0.806306
6005.0,31.0,0.551508
6005.0,32.0,0.0
6005.0,33.0,0.0
6005.0,34.0,1.0
6005.0,35.0,0.711132
6005.0,36.0,0.46622
6005.0,37.0,0.971497
6005.0,38.0,0.0
6005.0,39.0,0.0
6005.0,40.0,0.573506
6005.0,41.0,0.423323
6005.0,42.0,0.641491
6005.0,43.0,0.488514
6005.0,44.0,0.72016
6005.0,45.0,0.528166
6005.0,46.0,0.959772
6005.0,47.0,0.607805
6005.0,48.0,0.764022
6005.0,49.0,1.0
6005.0,50.0,0.361968
6005.0,51.0,0.462344
6005.0,52.0,0.0
6005.0,53.0,0.77662
6005.0,54.0,0.88571
6005.0,55.0,0.471651
6005.0,56.0,0.655772
6005.0,57.0,0.119128
6005.0,58.0,0.571429
6005.0,59.0,1.0
6005.0,60.0,0.177148
6005.0,61.0,0.475648
6005.0,62.0,0.46199
6005.0,63.0,0.924422
6005.0,64.0,0.771616
6005.0,65.0,0.0
6005.0,66.0,1.0
6005.0,67.0,0.815762
6005.0,68.0,0.716523
6005.0,69.0,0.597816
6005.0,70.0,0.95918
6005.0,71.0,0.0
6005.0,72.0,0.247707
6005.0,73.0,0.43207
6005.0,74.0,0.423661
6005.0,75.0,0.514867
6005.0,76.0,0.520539
6005.0,77.0,0.568306
6005.0,78.0,0.633579
6005.0,79.0,0.612399
6005.0,80.0,0.429258
6005.0,81.0,1.0
6005.0,82.0,0.0
6005.0,83.0,0.06408
6005.0,84.0,0.516682
6005.0,85.0,0.383228
6005.0,86.0,0.502528
6005.0,87.0,0.679536
6005.0,88.0,1.0
6005.0,89.0,0.961929
6005.0,90.0,0.212516
6005.0,91.0,1.0
6005.0,92.0,0.681119
6005.0,93.0,0.515917
6005.0,94.0,0.597988
6005.0,95.0,0.0
6005.0,96.0,0.335451
6005.0,97.0,0.851983
6005.0,98.0,0.210304
6005.0,99.0,0.712217
6005.0,100.0,0.742699
6005.0,101.0,0.0
6005.0,102.0,0.86827
6005.0,103.0,0.60743
6005.0,104.0,1.0
6005.0,105.0,0.011431
6005.0,106.0,0.760135
6005.0,107.0,0.089797
6005.0,108.0,0.42377
6005.0,109.0,0.294801
6005.0,110.0,0.593095
6005.0,111.0,0.364911
6005.0,112.0,1.0
6005.0,113.0,0.687417
6005.0,114.0,0.442658
6005.0,115.0,0.01303
6005.0,116.0,0.0
6005.0,117.0,0.390006
6005.0,118.0,1.0
6005.0,119.0,0.548587
6005.0,120.0,0.292885
6005.0,121.0,0.281391
6005.0,122.0,0.616226
6005.0,123.0,0.457504
6005.0,124.0,0.623041
6005.0,125.0,1.0
6005.0,126.0,0.63223
6006.0,0.0,0.169679
6006.0,1.0,0.558765
6006.0,2.0,0.750797
6006.0,3.0,0.687901
6006.0,4.0,0.322749
6006.0,5.0,0.996148
6006.0,6.0,0.793416
6006.0,7.0,0.0
6006.0,8.0,0.296088
6006.0,9.0,0.239159
6006.0,10.0,0.706246
6006.0,11.0,0.499804
6006.0,12.0,0.949448
6006.0,13.0,0.426341
6006.0,14.0,0.436868
6006.0,15.0,0.451183
6006.0,16.0,0.402731
6006.0,17.0,0.470022
6006.0,18.0,0.68138
6006.0,19.0,0.315908
6006.0,20.0,0.591582
6006.0,21.0,0.685151
6006.0,22.0,0.25302
6006.0,23.0,1.0
6006.0,24.0,1.0
6006.0,25.0,0.621722
6006.0,26.0,0.0
6006.0,27.0,0.470575
6006.0,28.0,0.411304
6006.0,29.0,0.002868
6006.0,30.0,0.80578
6006.0,31.0,0.550789
6006.0,32.0,0.0
6006.0,33.0,0.0
6006.0,34.0,1.0
6006.0,35.0,0.702922
6006.0,36.0,0.443902
6006.0,37.0,0.968243
6006.0,38.0,0.0
6006.0,39.0,0.0
6006.0,40.0,0.571307
6006.0,41.0,0.417302
6006.0,42.0,0.614006
6006.0,43.0,0.479973
6006.0,44.0,0.709974
6006.0,45.0,0.513468
6006.0,46.0,0.929282
6006.0,47.0,0.600051
6006.0,48.0,0.736849
6006.0,49.0,1.0
6006.0,50.0,0.354232
6006.0,51.0,0.423144
6006.0,52.0,0.0
6006.0,53.0,0.754801
6006.0,54.0,0.885377
6006.0,55.0,0.438934
6006.0,56.0,0.643607
6006.0,57.0,0.115725
6006.0,58.0,0.56962
6006.0,59.0,1.0
6006.0,60.0,0.172255
6006.0,61.0,0.459804
6006.0,62.0,0.467201
6006.0,63.0,0.912798
6006.0,64.0,0.754866
6006.0,65.0,0.0
6006.0,66.0,1.0
6006.0,67.0,0.811961
6006.0,68.0,0.709904
6006.0,69.0,0.592917
6006.0,70.0,0.95421
6006.0,71.0,0.0
6006.0,72.0,0.246977
6006.0,73.0,0.378873
6006.0,74.0,0.404313
6006.0,75.0,0.508704
6006.0,76.0,0.469313
6006.0,77.0,0.518919
6006.0,78.0,0.66501
6006.0,79.0,0.601459
6006.0,80.0,0.417535
6006.0,81.0,1.0
6006.0,82.0,0.0
6006.0,83.0,0.056441
6006.0,84.0,0.506471
6006.0,85.0,0.372271
6006.0,86.0,0.490375
6006.0,87.0,0.659281
6006.0,88.0,1.0
6006.0,89.0,0.961806
6006.0,90.0,0.171645
6006.0,91.0,1.0
6006.0,92.0,0.676723
6006.0,93.0,0.501865
6006.0,94.0,0.580853
6006.0,95.0,0.0
6006.0,96.0,0.318234
6006.0,97.0,0.839874
6006.0,98.0,0.208752
6006.0,99.0,0.698443
6006.0,100.0,0.735777
6006.0,101.0,0.0
6006.0,102.0,0.851188
6006.0,103.0,0.593403
6006.0,104.0,1.0
6006.0,105.0,0.011332
6006.0,106.0,0.754004
6006.0,107.0,0.087551
6006.0,108.0,0.339698
6006.0,109.0,0.292944
6006.0,110.0,0.602926
6006.0,111.0,0.356288
6006.0,112.0,1.0
6006.0,113.0,0.677743
6006.0,114.0,0.434551
6006.0,115.0,0.012919
6006.0,116.0,0.0
6006.0,117.0,0.380996
6006.0,118.0,1.0
6006.0,119.0,0.512241
6006.0,120.0,0.292316
6006.0,121.0,0.279036
6006.0,122.0,0.604908
6006.0,123.0,0.396805
6006.0,124.0,0.589809
6006.0,125.0,1.0
6006.0,126.0,0.629613
6007.0,0.0,0.162291
6007.0,1.0,0.553177
6007.0,2.0,0.749871
6007.0,3.0,0.671829
6007.0,4.0,0.320489
6007.0,5.0,0.996077
6007.0,6.0,0.801065
6007.0,7.0,0.0
6007.0,8.0,0.293284
6007.0,9.0,0.232073
6007.0,10.0,0.675566
6007.0,11.0,0.527986
6007.0,12.0,0.945547
6007.0,13.0,0.403336
6007.0,14.0,0.410311
6007.0,15.0,0.435449
6007.0,16.0,0.371275
6007.0,17.0,0.469068
6007.0,18.0,0.668595
6007.0,19.0,0.254435
6007.0,20.0,0.590788
6007.0,21.0,0.682582
6007.0,22.0,0.251431
6007.0,23.0,1.0
6007.0,24.0,1.0
6007.0,25.0,0.608455
6007.0,26.0,0.0
6007.0,27.0,0.45395
6007.0,28.0,0.405921
6007.0,29.0,0.002928
6007.0,30.0,0.806218
6007.0,31.0,0.549202
6007.0,32.0,0.0
6007.0,33.0,0.0
6007.0,34.0,1.0
6007.0,35.0,0.695516
6007.0,36.0,0.422529
6007.0,37.0,0.964907
6007.0,38.0,0.0
6007.0,39.0,0.0
6007.0,40.0,0.568803
6007.0,41.0,0.41194
6007.0,42.0,0.585787
6007.0,43.0,0.470714
6007.0,44.0,0.699809
6007.0,45.0,0.499663
6007.0,46.0,0.880336
6007.0,47.0,0.592294
6007.0,48.0,0.710974
6007.0,49.0,1.0
6007.0,50.0,0.346762
6007.0,51.0,0.390112
6007.0,52.0,0.0
6007.0,53.0,0.731287
6007.0,54.0,0.884524
6007.0,55.0,0.407313
6007.0,56.0,0.632318
6007.0,57.0,0.112667
6007.0,58.0,0.566995
6007.0,59.0,1.0
6007.0,60.0,0.168438
6007.0,61.0,0.443582
6007.0,62.0,0.472642
6007.0,63.0,0.89983
6007.0,64.0,0.737714
6007.0,65.0,0.0
6007.0,66.0,1.0
6007.0,67.0,0.808234
6007.0,68.0,0.702727
6007.0,69.0,0.587516
6007.0,70.0,0.94876
6007.0,71.0,0.0
6007.0,72.0,0.246654
6007.0,73.0,0.3356
6007.0,74.0,0.386018
6007.0,75.0,0.501674
6007.0,76.0,0.425643
6007.0,77.0,0.467342
6007.0,78.0,0.687768
6007.0,79.0,0.589317
6007.0,80.0,0.406321
6007.0,81.0,1.0
6007.0,82.0,0.0
6007.0,83.0,0.050209
6007.0,84.0,0.496516
6007.0,85.0,0.362966
6007.0,86.0,0.479464
6007.0,87.0,0.639954
6007.0,88.0,1.0
6007.0,89.0,0.961402
6007.0,90.0,0.139511
6007.0,91.0,1.0
6007.0,92.0,0.67068
6007.0,93.0,0.487362
6007.0,94.0,0.562927
6007.0,95.0,0.0
6007.0,96.0,0.303122
6007.0,97.0,0.828407
6007.0,98.0,0.20748
6007.0,99.0,0.687574
6007.0,100.0,0.730218
6007.0,101.0,0.0
6007.0,102.0,0.833551
6007.0,103.0,0.57838
6007.0,104.0,1.0
6007.0,105.0,0.010841
6007.0,106.0,0.748249
6007.0,107.0,0.084966
6007.0,108.0,0.281658
6007.0,109.0,0.289815
6007.0,110.0,0.606321
6007.0,111.0,0.347408
6007.0,112.0,1.0
6007.0,113.0,0.668538
6007.0,114.0,0.426457
6007.0,115.0,0.012751
6007.0,116.0,0.0
6007.0,117.0,0.371403
6007.0,118.0,1.0
6007.0,119.0,0.479631
6007.0,120.0,0.291492
6007.0,121.0,0.275941
6007.0,122.0,0.593891
6007.0,123.0,0.351248
6007.0,124.0,0.556994
6007.0,125.0,1.0
6007.0,126.0,0.625654
6008.0,0.0,0.15425
6008.0,1.0,0.547905
6008.0,2.0,0.747974
6008.0,3.0,0.656324
6008.0,4.0,0.31728
6008.0,5.0,0.99613
6008.0,6.0,0.806171
6008.0,7.0,0.0
6008.0,8.0,0.289819
6008.0,9.0,0.224142
6008.0,10.0,0.642964
6008.0,11.0,0.546124
6008.0,12.0,0.941381
6008.0,13.0,0.381999
6008.0,14.0,0.384275
6008.0,15.0,0.420936
6008.0,16.0,0.342305
6008.0,17.0,0.468508
6008.0,18.0,0.655571
6008.0,19.0,0.204319
6008.0,20.0,0.589612
6008.0,21.0,0.679788
6008.0,22.0,0.250475
6008.0,23.0,1.0
6008.0,24.0,1.0
6008.0,25.0,0.594509
6008.0,26.0,0.0
6008.0,27.0,0.437369
6008.0,28.0,0.400403
6008.0,29.0,0.00296
6008.0,30.0,0.805474
6008.0,31.0,0.547468
6008.0,32.0,0.0
6008.0,33.0,0.0
6008.0,34.0,1.0
6008.0,35.0,0.687718
6008.0,36.0,0.402575
6008.0,37.0,0.961491
6008.0,38.0,0.0
6008.0,39.0,0.0
6008.0,40.0,0.566626
6008.0,41.0,0.406049
6008.0,42.0,0.557499
6008.0,43.0,0.461379
6008.0,44.0,0.689393
6008.0,45.0,0.486495
6008.0,46.0,0.805003
6008.0,47.0,0.584255
6008.0,48.0,0.684517
6008.0,49.0,1.0
6008.0,50.0,0.340241
6008.0,51.0,0.361258
6008.0,52.0,0.0
6008.0,53.0,0.708873
6008.0,54.0,0.884016
6008.0,55.0,0.379018
6008.0,56.0,0.620717
6008.0,57.0,0.10928
6008.0,58.0,0.56509
6008.0,59.0,1.0
6008.0,60.0,0.164424
6008.0,61.0,0.428015
6008.0,62.0,0.477244
6008.0,63.0,0.886287
6008.0,64.0,0.721645
6008.0,65.0,0.0
6008.0,66.0,1.0
6008.0,67.0,0.804548
6008.0,68.0,0.696551
6008.0,69.0,0.58301
6008.0,70.0,0.943587
6008.0,71.0,0.0
6008.0,72.0,0.246595
6008.0,73.0,0.298534
6008.0,74.0,0.368327
6008.0,75.0,0.494154
6008.0,76.0,0.386686
6008.0,77.0,0.411755
6008.0,78.0,0.70494
6008.0,79.0,0.579178
6008.0,80.0,0.395595
6008.0,81.0,1.0
6008.0,82.0,0.0
6008.0,83.0,0.044264
6008.0,84.0,0.486923
6008.0,85.0,0.355197
6008.0,86.0,0.470035
6008.0,87.0,0.621713
6008.0,88.0,1.0
6008.0,89.0,0.960828
6008.0,90.0,0.113888
6008.0,91.0,1.0
6008.0,92.0,0.666575
6008.0,93.0,0.474641
6008.0,94.0,0.544735
6008.0,95.0,0.0
6008.0,96.0,0.288623
6008.0,97.0,0.815986
6008.0,98.0,0.205396
6008.0,99.0,0.675284
6008.0,100.0,0.724477
6008.0,101.0,0.0
6008.0,102.0,0.814856
6008.0,103.0,0.565673
6008.0,104.0,1.0
6008.0,105.0,0.010837
6008.0,106.0,0.740986
6008.0,107.0,0.083075
6008.0,108.0,0.24074
6008.0,109.0,0.287713
6008.0,110.0,0.606445
6008.0,111.0,0.339715
6008.0,112.0,1.0
6008.0,113.0,0.65944
6008.0,114.0,0.41876
6008.0,115.0,0.012634
6008.0,116.0,0.0
6008.0,117.0,0.363252
6008.0,118.0,1.0
6008.0,119.0,0.450373
6008.0,120.0,0.291396
6008.0,121.0,0.274571
6008.0,122.0,0.583937
6008.0,123.0,0.316044
6008.0,124.0,0.525785
6008.0,125.0,1.0
6008.0,126.0,0.622296
6009.0,0.0,0.147134
6009.0,1.0,0.543228
6009.0,2.0,0.745479
6009.0,3.0,0.641612
6009.0,4.0,0.315056
6009.0,5.0,0.995996
6009.0,6.0,0.809629
6009.0,7.0,0.0
6009.0,8.0,0.287048
6009.0,9.0,0.217373
6009.0,10.0,0.610435
6009.0,11.0,0.556719
6009.0,12.0,0.936387
6009.0,13.0,0.362438
6009.0,14.0,0.358674
6009.0,15.0,0.406893
6009.0,16.0,0.316766
6009.0,17.0,0.468023
6009.0,18.0,0.642943
6009.0,19.0,0.164464
6009.0,20.0,0.589003
6009.0,21.0,0.677717
6009.0,22.0,0.25004
6009.0,23.0,1.0
6009.0,24.0,1.0
6009.0,25.0,0.581269
6009.0,26.0,0.0
6009.0,27.0,0.421675
6009.0,28.0,0.395762
6009.0,29.0,0.002913
6009.0,30.0,0.804512
6009.0,31.0,0.545039
6009.0,32.0,0.0
6009.0,33.0,0.0
6009.0,34.0,1.0
6009.0,35.0,0.679998
6009.0,36.0,0.382718
6009.0,37.0,0.957918
6009.0,38.0,0.0
6009.0,39.0,0.0
6009.0,40.0,0.563778
6009.0,41.0,0.400739
6009.0,42.0,0.529945
6009.0,43.0,0.451208
6009.0,44.0,0.679063
6009.0,45.0,0.473443
6009.0,46.0,0.699021
6009.0,47.0,0.577062
6009.0,48.0,0.658746
6009.0,49.0,1.0
6009.0,50.0,0.33315
6009.0,51.0,0.336219
6009.0,52.0,0.0
6009.0,53.0,0.685474
6009.0,54.0,0.882732
6009.0,55.0,0.355247
6009.0,56.0,0.608621
6009.0,57.0,0.10741
6009.0,58.0,0.562857
6009.0,59.0,1.0
6009.0,60.0,0.160335
6009.0,61.0,0.41299
6009.0,62.0,0.481241
6009.0,63.0,0.872259
6009.0,64.0,0.705636
6009.0,65.0,0.0
6009.0,66.0,1.0
6009.0,67.0,0.800158
6009.0,68.0,0.691081
6009.0,69.0,0.578661
6009.0,70.0,0.937117
6009.0,71.0,0.0
6009.0,72.0,0.245862
6009.0,73.0,0.267971
6009.0,74.0,0.351041
6009.0,75.0,0.488684
6009.0,76.0,0.352491
6009.0,77.0,0.356346
6009.0,78.0,0.717352
6009.0,79.0,0.568954
6009.0,80.0,0.386218
6009.0,81.0,1.0
6009.0,82.0,0.0
6009.0,83.0,0.039457
6009.0,84.0,0.478098
6009.0,85.0,0.345766
6009.0,86.0,0.460701
6009.0,87.0,0.60416
6009.0,88.0,1.0
6009.0,89.0,0.960307
6009.0,90.0,0.092785
6009.0,91.0,1.0
6009.0,92.0,0.661593
6009.0,93.0,0.462429
6009.0,94.0,0.52691
6009.0,95.0,0.0
6009.0,96.0,0.276006
6009.0,97.0,0.803668
6009.0,98.0,0.203995
6009.0,99.0,0.66419
6009.0,100.0,0.719131
6009.0,101.0,0.0
6009.0,102.0,0.79728
6009.0,103.0,0.553771
6009.0,104.0,1.0
6009.0,105.0,0.010477
6009.0,106.0,0.73456
6009.0,107.0,0.081237
6009.0,108.0,0.210447
6009.0,109.0,0.285746
6009.0,110.0,0.604667
6009.0,111.0,0.331974
6009.0,112.0,1.0
6009.0,113.0,0.652076
6009.0,114.0,0.411808
6009.0,115.0,0.012612
6009.0,116.0,0.0
6009.0,117.0,0.355043
6009.0,118.0,1.0
6009.0,119.0,0.424426
6009.0,120.0,0.290939
6009.0,121.0,0.272958
6009.0,122.0,0.574216
6009.0,123.0,0.287788
6009.0,124.0,0.496445
6009.0,125.0,1.0
6009.0,126.0,0.619126
6010.0,0.0,0.140506
6010.0,1.0,0.538735
6010.0,2.0,0.743174
6010.0,3.0,0.6263
6010.0,4.0,0.312311
6010.0,5.0,0.996016
6010.0,6.0,0.811303
6010.0,7.0,0.0
6010.0,8.0,0.284222
6010.0,9.0,0.211711
6010.0,10.0,0.57857
6010.0,11.0,0.562178
6010.0,12.0,0.931684
6010.0,13.0,0.342779
6010.0,14.0,0.333328
6010.0,15.0,0.39351
6010.0,16.0,0.294404
6010.0,17.0,0.46726
6010.0,18.0,0.630558
6010.0,19.0,0.132488
6010.0,20.0,0.588941
6010.0,21.0,0.67435
6010.0,22.0,0.249316
6010.0,23.0,1.0
6010.0,24.0,1.0
6010.0,25.0,0.567138
6010.0,26.0,0.0
6010.0,27.0,0.407111
6010.0,28.0,0.390883
6010.0,29.0,0.002839
6010.0,30.0,0.803325
6010.0,31.0,0.543413
6010.0,32.0,0.0
6010.0,33.0,0.0
6010.0,34.0,1.0
6010.0,35.0,0.672221
6010.0,36.0,0.364331
6010.0,37.0,0.954319
6010.0,38.0,0.0
6010.0,39.0,0.0
6010.0,40.0,0.560813
6010.0,41.0,0.395662
6010.0,42.0,0.503607
6010.0,43.0,0.442061
6010.0,44.0,0.669943
6010.0,45.0,0.459826
6010.0,46.0,0.56884
6010.0,47.0,0.569781
6010.0,48.0,0.632301
6010.0,49.0,1.0
6010.0,50.0,0.326305
6010.0,51.0,0.314114
6010.0,52.0,0.0
6010.0,53.0,0.662119
6010.0,54.0,0.881566
6010.0,55.0,0.335151
6010.0,56.0,0.597505
6010.0,57.0,0.104216
6010.0,58.0,0.561107
6010.0,59.0,1.0
6010.0,60.0,0.156383
6010.0,61.0,0.398752
6010.0,62.0,0.483875
6010.0,63.0,0.856506
6010.0,64.0,0.689612
6010.0,65.0,0.0
6010.0,66.0,1.0
6010.0,67.0,0.796759
6010.0,68.0,0.686117
6010.0,69.0,0.57489
6010.0,70.0,0.93064
6010.0,71.0,0.0
6010.0,72.0,0.244686
6010.0,73.0,0.240999
6010.0,74.0,0.334195
6010.0,75.0,0.48432
6010.0,76.0,0.322291
6010.0,77.0,0.302015
6010.0,78.0,0.72596
6010.0,79.0,0.559028
6010.0,80.0,0.376102
6010.0,81.0,1.0
6010.0,82.0,0.0
6010.0,83.0,0.034983
6010.0,84.0,0.469187
6010.0,85.0,0.337399
6010.0,86.0,0.452872
6010.0,87.0,0.584951
6010.0,88.0,1.0
6010.0,89.0,0.959963
6010.0,90.0,0.075944
6010.0,91.0,1.0
6010.0,92.0,0.656566
6010.0,93.0,0.449939
6010.0,94.0,0.509436
6010.0,95.0,0.0
6010.0,96.0,0.262486
6010.0,97.0,0.792463
6010.0,98.0,0.201444
6010.0,99.0,0.65389
6010.0,100.0,0.714292
6010.0,101.0,0.0
6010.0,102.0,0.779793
6010.0,103.0,0.542266
6010.0,104.0,1.0
6010.0,105.0,0.01012
6010.0,106.0,0.728597
6010.0,107.0,0.079521
6010.0,108.0,0.187602
6010.0,109.0,0.283229
6010.0,110.0,0.599933
6010.0,111.0,0.325066
6010.0,112.0,1.0
6010.0,113.0,0.644384
6010.0,114.0,0.405158
6010.0,115.0,0.012517
6010.0,116.0,0.0
6010.0,117.0,0.348504
6010.0,118.0,1.0
6010.0,119.0,0.401367
6010.0,120.0,0.290169
6010.0,121.0,0.270407
6010.0,122.0,0.564436
6010.0,123.0,0.265086
6010.0,124.0,0.46903
6010.0,125.0,1.0
6010.0,126.0,0.615563
7000.0,0.0,0.154071
7000.0,1.0,0.528716
7000.0,2.0,0.738115
7000.0,3.0,0.623339
7000.0,4.0,0.311491
7000.0,5.0,0.9936
7000.0,6.0,0.808122
7000.0,7.0,0.0
7000.0,8.0,0.294875
7000.0,9.0,0.212724
7000.0,10.0,0.582797
7000.0,11.0,0.570206
7000.0,12.0,0.944079
7000.0,13.0,0.336748
7000.0,14.0,0.318905
7000.0,15.0,0.395686
7000.0,16.0,0.291149
7000.0,17.0,0.474732
7000.0,18.0,0.634192
7000.0,19.0,0.129193
7000.0,20.0,0.611665
7000.0,21.0,0.667361
7000.0,22.0,0.238338
7000.0,23.0,1.0
7000.0,24.0,1.0
7000.0,25.0,0.565003
7000.0,26.0,0.0
7000.0,27.0,0.405607
7000.0,28.0,0.399887
7000.0,29.0,0.000808
7000.0,30.0,0.784491
7000.0,31.0,0.544016
7000.0,32.0,0.0
7000.0,33.0,0.0
7000.0,34.0,1.0
7000.0,35.0,0.669627
7000.0,36.0,0.373271
7000.0,37.0,0.964857
7000.0,38.0,0.0
7000.0,39.0,0.0
7000.0,40.0,0.543038
7000.0,41.0,0.381408
7000.0,42.0,0.495083
7000.0,43.0,0.4381
7000.0,44.0,0.669846
7000.0,45.0,0.46195
7000.0,46.0,0.569407
7000.0,47.0,0.572632
7000.0,48.0,0.640005
7000.0,49.0,1.0
7000.0,50.0,0.328147
7000.0,51.0,0.31754
7000.0,52.0,0.0
7000.0,53.0,0.653823
7000.0,54.0,0.883845
7000.0,55.0,0.340628
7000.0,56.0,0.597726
7000.0,57.0,0.107439
7000.0,58.0,0.569457
7000.0,59.0,1.0
7000.0,60.0,0.151127
7000.0,61.0,0.390466
7000.0,62.0,0.480657
7000.0,63.0,0.839145
7000.0,64.0,0.692822
7000.0,65.0,0.0
7000.0,66.0,1.0
7000.0,67.0,0.801062
7000.0,68.0,0.687276
7000.0,69.0,0.571168
7000.0,70.0,0.918154
7000.0,71.0,0.0
7000.0,72.0,0.24327
7000.0,73.0,0.246288
7000.0,74.0,0.339231
7000.0,75.0,0.4814
7000.0,76.0,0.321512
7000.0,77.0,0.320306
7000.0,78.0,0.71723
7000.0,79.0,0.555201
7000.0,80.0,0.379045
7000.0,81.0,1.0
7000.0,82.0,0.0
7000.0,83.0,0.037902
7000.0,84.0,0.474081
7000.0,85.0,0.341656
7000.0,86.0,0.456262
7000.0,87.0,0.573873
7000.0,88.0,1.0
7000.0,89.0,0.967354
7000.0,90.0,0.073374
7000.0,91.0,1.0
7000.0,92.0,0.648625
7000.0,93.0,0.447588
7000.0,94.0,0.502087
7000.0,95.0,0.0
7000.0,96.0,0.252799
7000.0,97.0,0.799525
7000.0,98.0,0.202074
7000.0,99.0,0.647796
7000.0,100.0,0.701018
7000.0,101.0,0.0
7000.0,102.0,0.784304
7000.0,103.0,0.539045
7000.0,104.0,1.0
7000.0,105.0,0.003324
7000.0,106.0,0.733756
7000.0,107.0,0.072136
7000.0,108.0,0.183267
7000.0,109.0,0.290871
7000.0,110.0,0.608486
7000.0,111.0,0.323296
7000.0,112.0,1.0
7000.0,113.0,0.63656
7000.0,114.0,0.401898
7000.0,115.0,0.007916
7000.0,116.0,0.0
7000.0,117.0,0.354624
7000.0,118.0,1.0
7000.0,119.0,0.398804
7000.0,120.0,0.284511
7000.0,121.0,0.275922
7000.0,122.0,0.554218
7000.0,123.0,0.263848
7000.0,124.0,0.472825
7000.0,125.0,1.0
7000.0,126.0,0.605276
7001.0,0.0,0.162015
7001.0,1.0,0.533449
7001.0,2.0,0.740433
7001.0,3.0,0.642338
7001.0,4.0,0.313181
7001.0,5.0,0.993776
7001.0,6.0,0.803103
7001.0,7.0,0.0
7001.0,8.0,0.299044
7001.0,9.0,0.220812
7001.0,10.0,0.621246
7001.0,11.0,0.551446
7001.0,12.0,0.947773
7001.0,13.0,0.358856
7001.0,14.0,0.349134
7001.0,15.0,0.41005
7001.0,16.0,0.319811
7001.0,17.0,0.477654
7001.0,18.0,0.649349
7001.0,19.0,0.172238
7001.0,20.0,0.612864
7001.0,21.0,0.669954
7001.0,22.0,0.239863
7001.0,23.0,1.0
7001.0,24.0,1.0
7001.0,25.0,0.580616
7001.0,26.0,0.0
7001.0,27.0,0.422063
7001.0,28.0,0.405002
7001.0,29.0,0.000768
7001.0,30.0,0.785493
7001.0,31.0,0.544816
7001.0,32.0,0.0
7001.0,33.0,0.0
7001.0,34.0,1.0
7001.0,35.0,0.677434
7001.0,36.0,0.392985
7001.0,37.0,0.968321
7001.0,38.0,0.0
7001.0,39.0,0.0
7001.0,40.0,0.546057
7001.0,41.0,0.387535
7001.0,42.0,0.525695
7001.0,43.0,0.448419
7001.0,44.0,0.681562
7001.0,45.0,0.476547
7001.0,46.0,0.721738
7001.0,47.0,0.579916
7001.0,48.0,0.672064
7001.0,49.0,1.0
7001.0,50.0,0.33598
7001.0,51.0,0.343603
7001.0,52.0,0.0
7001.0,53.0,0.684881
7001.0,54.0,0.884615
7001.0,55.0,0.370294
7001.0,56.0,0.610924
7001.0,57.0,0.110734
7001.0,58.0,0.573014
7001.0,59.0,1.0
7001.0,60.0,0.155432
7001.0,61.0,0.409226
7001.0,62.0,0.474738
7001.0,63.0,0.857637
7001.0,64.0,0.711434
7001.0,65.0,0.0
7001.0,66.0,1.0
7001.0,67.0,0.804391
7001.0,68.0,0.691589
7001.0,69.0,0.575568
7001.0,70.0,0.926111
7001.0,71.0,0.0
7001.0,72.0,0.245386
7001.0,73.0,0.277607
7001.0,74.0,0.356617
7001.0,75.0,0.486729
7001.0,76.0,0.365304
7001.0,77.0,0.380865
7001.0,78.0,0.698592
7001.0,79.0,0.568164
7001.0,80.0,0.390728
7001.0,81.0,1.0
7001.0,82.0,0.0
7001.0,83.0,0.04186
7001.0,84.0,0.482928
7001.0,85.0,0.350289
7001.0,86.0,0.465301
7001.0,87.0,0.595561
7001.0,88.0,1.0
7001.0,89.0,0.968394
7001.0,90.0,0.093059
7001.0,91.0,1.0
7001.0,92.0,0.653807
7001.0,93.0,0.461799
7001.0,94.0,0.525274
7001.0,95.0,0.0
7001.0,96.0,0.266853
7001.0,97.0,0.812357
7001.0,98.0,0.204235
7001.0,99.0,0.659377
7001.0,100.0,0.70806
7001.0,101.0,0.0
7001.0,102.0,0.804507
7001.0,103.0,0.553243
7001.0,104.0,1.0
7001.0,105.0,0.003261
7001.0,106.0,0.739665
7001.0,107.0,0.074087
7001.0,108.0,0.218733
7001.0,109.0,0.294616
7001.0,110.0,0.605845
7001.0,111.0,0.332075
7001.0,112.0,1.0
7001.0,113.0,0.647229
7001.0,114.0,0.408791
7001.0,115.0,0.008104
7001.0,116.0,0.0
7001.0,117.0,0.362823
7001.0,118.0,1.0
7001.0,119.0,0.431896
7001.0,120.0,0.285117
7001.0,121.0,0.279218
7001.0,122.0,0.566249
7001.0,123.0,0.300409
7001.0,124.0,0.505428
7001.0,125.0,1.0
7001.0,126.0,0.609048
7002.0,0.0,0.169825
7002.0,1.0,0.537978
7002.0,2.0,0.741287
7002.0,3.0,0.659936
7002.0,4.0,0.315246
7002.0,5.0,0.993897
7002.0,6.0,0.797945
7002.0,7.0,0.0
7002.0,8.0,0.302692
7002.0,9.0,0.228361
7002.0,10.0,0.656319
7002.0,11.0,0.531523
7002.0,12.0,0.95119
7002.0,13.0,0.379646
7002.0,14.0,0.378611
7002.0,15.0,0.424973
7002.0,16.0,0.347713
7002.0,17.0,0.47943
7002.0,18.0,0.663705
7002.0,19.0,0.221551
7002.0,20.0,0.614468
7002.0,21.0,0.673246
7002.0,22.0,0.241561
7002.0,23.0,1.0
7002.0,24.0,1.0
7002.0,25.0,0.595291
7002.0,26.0,0.0
7002.0,27.0,0.438949
7002.0,28.0,0.409337
7002.0,29.0,0.000711
7002.0,30.0,0.786695
7002.0,31.0,0.546249
7002.0,32.0,0.0
7002.0,33.0,0.0
7002.0,34.0,1.0
7002.0,35.0,0.685203
7002.0,36.0,0.412924
7002.0,37.0,0.971006
7002.0,38.0,0.0
7002.0,39.0,0.0
7002.0,40.0,0.547862
7002.0,41.0,0.39346
7002.0,42.0,0.555227
7002.0,43.0,0.458665
7002.0,44.0,0.692128
7002.0,45.0,0.491241
7002.0,46.0,0.825371
7002.0,47.0,0.588504
7002.0,48.0,0.700841
7002.0,49.0,1.0
7002.0,50.0,0.345037
7002.0,51.0,0.372477
7002.0,52.0,0.0
7002.0,53.0,0.713135
7002.0,54.0,0.884834
7002.0,55.0,0.398073
7002.0,56.0,0.622741
7002.0,57.0,0.113603
7002.0,58.0,0.576017
7002.0,59.0,1.0
7002.0,60.0,0.160542
7002.0,61.0,0.427107
7002.0,62.0,0.469361
7002.0,63.0,0.874566
7002.0,64.0,0.729441
7002.0,65.0,0.0
7002.0,66.0,1.0
7002.0,67.0,0.807295
7002.0,68.0,0.698106
7002.0,69.0,0.579389
7002.0,70.0,0.933071
7002.0,71.0,0.0
7002.0,72.0,0.245693
7002.0,73.0,0.312454
7002.0,74.0,0.373016
7002.0,75.0,0.493033
7002.0,76.0,0.406386
7002.0,77.0,0.438036
7002.0,78.0,0.680238
7002.0,79.0,0.57933
7002.0,80.0,0.402453
7002.0,81.0,1.0
7002.0,82.0,0.0
7002.0,83.0,0.046845
7002.0,84.0,0.492504
7002.0,85.0,0.35899
7002.0,86.0,0.474418
7002.0,87.0,0.616063
7002.0,88.0,1.0
7002.0,89.0,0.969118
7002.0,90.0,0.11625
7002.0,91.0,1.0
7002.0,92.0,0.658628
7002.0,93.0,0.475277
7002.0,94.0,0.546568
7002.0,95.0,0.0
7002.0,96.0,0.281779
7002.0,97.0,0.823881
7002.0,98.0,0.207153
7002.0,99.0,0.671136
7002.0,100.0,0.714607
7002.0,101.0,0.0
7002.0,102.0,0.823137
7002.0,103.0,0.566296
7002.0,104.0,1.0
7002.0,105.0,0.003207
7002.0,106.0,0.744607
7002.0,107.0,0.076276
7002.0,108.0,0.260072
7002.0,109.0,0.297021
7002.0,110.0,0.602929
7002.0,111.0,0.341425
7002.0,112.0,1.0
7002.0,113.0,0.658338
7002.0,114.0,0.416198
7002.0,115.0,0.00856
7002.0,116.0,0.0
7002.0,117.0,0.372719
7002.0,118.0,1.0
7002.0,119.0,0.463052
7002.0,120.0,0.285346
7002.0,121.0,0.281884
7002.0,122.0,0.577343
7002.0,123.0,0.338161
7002.0,124.0,0.536424
7002.0,125.0,1.0
7002.0,126.0,0.612927
7003.0,0.0,0.177803
7003.0,1.0,0.543953
7003.0,2.0,0.742412
7003.0,3.0,0.676438
7003.0,4.0,0.315778
7003.0,5.0,0.993963
7003.0,6.0,0.79285
7003.0,7.0,0.0
7003.0,8.0,0.305437
7003.0,9.0,0.235456
7003.0,10.0,0.686834
7003.0,11.0,0.510269
7003.0,12.0,0.954263
7003.0,13.0,0.401277
7003.0,14.0,0.407043
7003.0,15.0,0.439256
7003.0,16.0,0.376511
7003.0,17.0,0.481417
7003.0,18.0,0.675246
7003.0,19.0,0.275499
7003.0,20.0,0.616437
7003.0,21.0,0.676956
7003.0,22.0,0.242843
7003.0,23.0,1.0
7003.0,24.0,1.0
7003.0,25.0,0.608789
7003.0,26.0,0.0
7003.0,27.0,0.455223
7003.0,28.0,0.413889
7003.0,29.0,0.000634
7003.0,30.0,0.787875
7003.0,31.0,0.547986
7003.0,32.0,0.0
7003.0,33.0,0.0
7003.0,34.0,1.0
7003.0,35.0,0.693377
7003.0,36.0,0.432943
7003.0,37.0,0.973266
7003.0,38.0,0.0
7003.0,39.0,0.0
7003.0,40.0,0.548685
7003.0,41.0,0.40021
7003.0,42.0,0.583262
7003.0,43.0,0.469236
7003.0,44.0,0.702357
7003.0,45.0,0.50599
7003.0,46.0,0.892162
7003.0,47.0,0.596393
7003.0,48.0,0.725059
7003.0,49.0,1.0
7003.0,50.0,0.353024
7003.0,51.0,0.404145
7003.0,52.0,0.0
7003.0,53.0,0.738177
7003.0,54.0,0.885767
7003.0,55.0,0.423647
7003.0,56.0,0.634477
7003.0,57.0,0.116748
7003.0,58.0,0.578548
7003.0,59.0,1.0
7003.0,60.0,0.165245
7003.0,61.0,0.444098
7003.0,62.0,0.464356
7003.0,63.0,0.890092
7003.0,64.0,0.745213
7003.0,65.0,0.0
7003.0,66.0,1.0
7003.0,67.0,0.809968
7003.0,68.0,0.703772
7003.0,69.0,0.58293
7003.0,70.0,0.939171
7003.0,71.0,0.0
7003.0,72.0,0.246224
7003.0,73.0,0.349827
7003.0,74.0,0.390933
7003.0,75.0,0.499034
7003.0,76.0,0.447761
7003.0,77.0,0.490392
7003.0,78.0,0.661257
7003.0,79.0,0.59005
7003.0,80.0,0.413124
7003.0,81.0,1.0
7003.0,82.0,0.0
7003.0,83.0,0.052235
7003.0,84.0,0.501069
7003.0,85.0,0.368612
7003.0,86.0,0.484221
7003.0,87.0,0.636054
7003.0,88.0,1.0
7003.0,89.0,0.970057
7003.0,90.0,0.143145
7003.0,91.0,1.0
7003.0,92.0,0.662789
7003.0,93.0,0.488001
7003.0,94.0,0.565298
7003.0,95.0,0.0
7003.0,96.0,0.296623
7003.0,97.0,0.835829
7003.0,98.0,0.208469
7003.0,99.0,0.683461
7003.0,100.0,0.721101
7003.0,101.0,0.0
7003.0,102.0,0.840219
7003.0,103.0,0.578692
7003.0,104.0,1.0
7003.0,105.0,0.003132
7003.0,106.0,0.750587
7003.0,107.0,0.078917
7003.0,108.0,0.308565
7003.0,109.0,0.299003
7003.0,110.0,0.599192
7003.0,111.0,0.35141
7003.0,112.0,1.0
7003.0,113.0,0.668527
7003.0,114.0,0.423196
7003.0,115.0,0.009002
7003.0,116.0,0.0
7003.0,117.0,0.380049
7003.0,118.0,1.0
7003.0,119.0,0.49325
7003.0,120.0,0.286817
7003.0,121.0,0.284231
7003.0,122.0,0.58763
7003.0,123.0,0.376566
7003.0,124.0,0.567403
7003.0,125.0,1.0
7003.0,126.0,0.616878
7004.0,0.0,0.185596
7004.0,1.0,0.550438
7004.0,2.0,0.744663
7004.0,3.0,0.692032
7004.0,4.0,0.315937
7004.0,5.0,0.993976
7004.0,6.0,0.788314
7004.0,7.0,0.0
7004.0,8.0,0.308727
7004.0,9.0,0.243296
7004.0,10.0,0.71416
7004.0,11.0,0.487595
7004.0,12.0,0.957698
7004.0,13.0,0.421616
7004.0,14.0,0.43462
7004.0,15.0,0.451831
7004.0,16.0,0.406531
7004.0,17.0,0.483392
7004.0,18.0,0.686746
7004.0,19.0,0.331581
7004.0,20.0,0.6174
7004.0,21.0,0.68047
7004.0,22.0,0.244545
7004.0,23.0,1.0
7004.0,24.0,1.0
7004.0,25.0,0.621266
7004.0,26.0,0.0
7004.0,27.0,0.471466
7004.0,28.0,0.417684
7004.0,29.0,0.000586
7004.0,30.0,0.789343
7004.0,31.0,0.549874
7004.0,32.0,0.0
7004.0,33.0,0.0
7004.0,34.0,1.0
7004.0,35.0,0.700221
7004.0,36.0,0.451674
7004.0,37.0,0.975411
7004.0,38.0,0.0
7004.0,39.0,0.0
7004.0,40.0,0.550349
7004.0,41.0,0.406774
7004.0,42.0,0.609707
7004.0,43.0,0.47821
7004.0,44.0,0.711191
7004.0,45.0,0.518866
7004.0,46.0,0.934161
7004.0,47.0,0.602701
7004.0,48.0,0.747136
7004.0,49.0,1.0
7004.0,50.0,0.361886
7004.0,51.0,0.439049
7004.0,52.0,0.0
7004.0,53.0,0.760512
7004.0,54.0,0.886768
7004.0,55.0,0.45026
7004.0,56.0,0.645339
7004.0,57.0,0.120437
7004.0,58.0,0.58022
7004.0,59.0,1.0
7004.0,60.0,0.169152
7004.0,61.0,0.46061
7004.0,62.0,0.459366
7004.0,63.0,0.902727
7004.0,64.0,0.760118
7004.0,65.0,0.0
7004.0,66.0,1.0
7004.0,67.0,0.813064
7004.0,68.0,0.710739
7004.0,69.0,0.586916
7004.0,70.0,0.944891
7004.0,71.0,0.0
7004.0,72.0,0.247159
7004.0,73.0,0.389284
7004.0,74.0,0.407991
7004.0,75.0,0.505927
7004.0,76.0,0.486828
7004.0,77.0,0.53676
7004.0,78.0,0.643003
7004.0,79.0,0.600229
7004.0,80.0,0.42366
7004.0,81.0,1.0
7004.0,82.0,0.0
7004.0,83.0,0.057985
7004.0,84.0,0.509984
7004.0,85.0,0.378711
7004.0,86.0,0.493653
7004.0,87.0,0.654715
7004.0,88.0,1.0
7004.0,89.0,0.970519
7004.0,90.0,0.174423
7004.0,91.0,1.0
7004.0,92.0,0.667665
7004.0,93.0,0.501463
7004.0,94.0,0.583048
7004.0,95.0,0.0
7004.0,96.0,0.310904
7004.0,97.0,0.847361
7004.0,98.0,0.211122
7004.0,99.0,0.696092
7004.0,100.0,0.727871
7004.0,101.0,0.0
7004.0,102.0,0.855344
7004.0,103.0,0.589934
7004.0,104.0,1.0
7004.0,105.0,0.003031
7004.0,106.0,0.75551
7004.0,107.0,0.080957
7004.0,108.0,0.362954
7004.0,109.0,0.300747
7004.0,110.0,0.595081
7004.0,111.0,0.360529
7004.0,112.0,1.0
7004.0,113.0,0.679566
7004.0,114.0,0.430441
7004.0,115.0,0.009345
7004.0,116.0,0.0
7004.0,117.0,0.387234
7004.0,118.0,1.0
7004.0,119.0,0.521076
7004.0,120.0,0.287704
7004.0,121.0,0.286619
7004.0,122.0,0.598267
7004.0,123.0,0.415191
7004.0,124.0,0.597202
7004.0,125.0,1.0
7004.0,126.0,0.619728
7005.0,0.0,0.193057
7005.0,1.0,0.555829
7005.0,2.0,0.74699
7005.0,3.0,0.70633
7005.0,4.0,0.316935
7005.0,5.0,0.994133
7005.0,6.0,0.782411
7005.0,7.0,0.0
7005.0,8.0,0.311664
7005.0,9.0,0.25156
7005.0,10.0,0.738629
7005.0,11.0,0.462674
7005.0,12.0,0.96091
7005.0,13.0,0.441512
7005.0,14.0,0.460602
7005.0,15.0,0.464861
7005.0,16.0,0.435116
7005.0,17.0,0.485837
7005.0,18.0,0.697701
7005.0,19.0,0.387926
7005.0,20.0,0.619878
7005.0,21.0,0.682886
7005.0,22.0,0.246024
7005.0,23.0,1.0
7005.0,24.0,1.0
7005.0,25.0,0.633195
7005.0,26.0,0.0
7005.0,27.0,0.487905
7005.0,28.0,0.420964
7005.0,29.0,0.000641
7005.0,30.0,0.790637
7005.0,31.0,0.551447
7005.0,32.0,0.0
7005.0,33.0,0.0
7005.0,34.0,1.0
7005.0,35.0,0.707412
7005.0,36.0,0.471164
7005.0,37.0,0.977579
7005.0,38.0,0.0
7005.0,39.0,0.0
7005.0,40.0,0.552755
7005.0,41.0,0.413011
7005.0,42.0,0.635678
7005.0,43.0,0.486845
7005.0,44.0,0.720208
7005.0,45.0,0.53316
7005.0,46.0,0.959381
7005.0,47.0,0.608946
7005.0,48.0,0.766851
7005.0,49.0,1.0
7005.0,50.0,0.369475
7005.0,51.0,0.476089
7005.0,52.0,0.0
7005.0,53.0,0.781561
7005.0,54.0,0.88695
7005.0,55.0,0.475164
7005.0,56.0,0.65556
7005.0,57.0,0.123701
7005.0,58.0,0.585079
7005.0,59.0,1.0
7005.0,60.0,0.172769
7005.0,61.0,0.47607
7005.0,62.0,0.454665
7005.0,63.0,0.91438
7005.0,64.0,0.774173
7005.0,65.0,0.0
7005.0,66.0,1.0
7005.0,67.0,0.815744
7005.0,68.0,0.716287
7005.0,69.0,0.591917
7005.0,70.0,0.950268
7005.0,71.0,0.0
7005.0,72.0,0.247969
7005.0,73.0,0.432502
7005.0,74.0,0.425547
7005.0,75.0,0.511866
7005.0,76.0,0.52259
7005.0,77.0,0.577656
7005.0,78.0,0.624058
7005.0,79.0,0.610122
7005.0,80.0,0.434486
7005.0,81.0,1.0
7005.0,82.0,0.0
7005.0,83.0,0.064238
7005.0,84.0,0.517844
7005.0,85.0,0.386911
7005.0,86.0,0.504066
7005.0,87.0,0.67253
7005.0,88.0,1.0
7005.0,89.0,0.970775
7005.0,90.0,0.209256
7005.0,91.0,1.0
7005.0,92.0,0.672492
7005.0,93.0,0.515128
7005.0,94.0,0.600979
7005.0,95.0,0.0
7005.0,96.0,0.325451
7005.0,97.0,0.856672
7005.0,98.0,0.212354
7005.0,99.0,0.708625
7005.0,100.0,0.733968
7005.0,101.0,0.0
7005.0,102.0,0.868885
7005.0,103.0,0.601728
7005.0,104.0,1.0
7005.0,105.0,0.003037
7005.0,106.0,0.761248
7005.0,107.0,0.082728
7005.0,108.0,0.422466
7005.0,109.0,0.30194
7005.0,110.0,0.590739
7005.0,111.0,0.371244
7005.0,112.0,1.0
7005.0,113.0,0.689107
7005.0,114.0,0.437632
7005.0,115.0,0.009597
7005.0,116.0,0.0
7005.0,117.0,0.393812
7005.0,118.0,1.0
7005.0,119.0,0.546335
7005.0,120.0,0.289916
7005.0,121.0,0.288884
7005.0,122.0,0.607925
7005.0,123.0,0.454897
7005.0,124.0,0.625747
7005.0,125.0,1.0
7005.0,126.0,0.62375
7006.0,0.0,0.184335
7006.0,1.0,0.548884
7006.0,2.0,0.744602
7006.0,3.0,0.691076
7006.0,4.0,0.314656
7006.0,5.0,0.993981
7006.0,6.0,0.793944
7006.0,7.0,0.0
7006.0,8.0,0.30821
7006.0,9.0,0.243281
7006.0,10.0,0.709402
7006.0,11.0,0.503391
7006.0,12.0,0.957846
7006.0,13.0,0.419197
7006.0,14.0,0.431336
7006.0,15.0,0.449646
7006.0,16.0,0.400117
7006.0,17.0,0.484205
7006.0,18.0,0.685482
7006.0,19.0,0.314106
7006.0,20.0,0.61856
7006.0,21.0,0.680476
7006.0,22.0,0.245789
7006.0,23.0,1.0
7006.0,24.0,1.0
7006.0,25.0,0.619754
7006.0,26.0,0.0
7006.0,27.0,0.468766
7006.0,28.0,0.417234
7006.0,29.0,0.000583
7006.0,30.0,0.789146
7006.0,31.0,0.550954
7006.0,32.0,0.0
7006.0,33.0,0.0
7006.0,34.0,1.0
7006.0,35.0,0.700306
7006.0,36.0,0.450045
7006.0,37.0,0.97568
7006.0,38.0,0.0
7006.0,39.0,0.0
7006.0,40.0,0.550701
7006.0,41.0,0.405266
7006.0,42.0,0.60661
7006.0,43.0,0.477576
7006.0,44.0,0.710345
7006.0,45.0,0.517692
7006.0,46.0,0.927764
7006.0,47.0,0.602354
7006.0,48.0,0.741291
7006.0,49.0,1.0
7006.0,50.0,0.360317
7006.0,51.0,0.434742
7006.0,52.0,0.0
7006.0,53.0,0.758099
7006.0,54.0,0.886688
7006.0,55.0,0.440197
7006.0,56.0,0.642671
7006.0,57.0,0.11957
7006.0,58.0,0.582257
7006.0,59.0,1.0
7006.0,60.0,0.168817
7006.0,61.0,0.457152
7006.0,62.0,0.461271
7006.0,63.0,0.901475
7006.0,64.0,0.758246
7006.0,65.0,0.0
7006.0,66.0,1.0
7006.0,67.0,0.812475
7006.0,68.0,0.710354
7006.0,69.0,0.58656
7006.0,70.0,0.943996
7006.0,71.0,0.0
7006.0,72.0,0.247785
7006.0,73.0,0.380937
7006.0,74.0,0.406397
7006.0,75.0,0.50596
7006.0,76.0,0.470862
7006.0,77.0,0.530353
7006.0,78.0,0.655319
7006.0,79.0,0.598967
7006.0,80.0,0.423408
7006.0,81.0,1.0
7006.0,82.0,0.0
7006.0,83.0,0.057413
7006.0,84.0,0.5082
7006.0,85.0,0.377793
7006.0,86.0,0.492516
7006.0,87.0,0.652486
7006.0,88.0,1.0
7006.0,89.0,0.970301
7006.0,90.0,0.169561
7006.0,91.0,1.0
7006.0,92.0,0.666079
7006.0,93.0,0.501059
7006.0,94.0,0.58061
7006.0,95.0,0.0
7006.0,96.0,0.306737
7006.0,97.0,0.845789
7006.0,98.0,0.21011
7006.0,99.0,0.695011
7006.0,100.0,0.728972
7006.0,101.0,0.0
7006.0,102.0,0.85279
7006.0,103.0,0.587768
7006.0,104.0,1.0
7006.0,105.0,0.002967
7006.0,106.0,0.754532
7006.0,107.0,0.080903
7006.0,108.0,0.338911
7006.0,109.0,0.29981
7006.0,110.0,0.602751
7006.0,111.0,0.36021
7006.0,112.0,1.0
7006.0,113.0,0.677961
7006.0,114.0,0.430256
7006.0,115.0,0.009338
7006.0,116.0,0.0
7006.0,117.0,0.385996
7006.0,118.0,1.0
7006.0,119.0,0.510355
7006.0,120.0,0.289365
7006.0,121.0,0.286192
7006.0,122.0,0.596508
7006.0,123.0,0.395494
7006.0,124.0,0.590393
7006.0,125.0,1.0
7006.0,126.0,0.620137
7007.0,0.0,0.175209
7007.0,1.0,0.542008
7007.0,2.0,0.742453
7007.0,3.0,0.67465
7007.0,4.0,0.312667
7007.0,5.0,0.993833
7007.0,6.0,0.800006
7007.0,7.0,0.0
7007.0,8.0,0.304898
7007.0,9.0,0.235664
7007.0,10.0,0.678766
7007.0,11.0,0.530072
7007.0,12.0,0.954596
7007.0,13.0,0.397383
7007.0,14.0,0.403098
7007.0,15.0,0.434728
7007.0,16.0,0.368821
7007.0,17.0,0.481524
7007.0,18.0,0.672171
7007.0,19.0,0.251433
7007.0,20.0,0.617789
7007.0,21.0,0.676855
7007.0,22.0,0.244458
7007.0,23.0,1.0
7007.0,24.0,1.0
7007.0,25.0,0.605774
7007.0,26.0,0.0
7007.0,27.0,0.451638
7007.0,28.0,0.413408
7007.0,29.0,0.000536
7007.0,30.0,0.787508
7007.0,31.0,0.549937
7007.0,32.0,0.0
7007.0,33.0,0.0
7007.0,34.0,1.0
7007.0,35.0,0.693603
7007.0,36.0,0.429917
7007.0,37.0,0.973413
7007.0,38.0,0.0
7007.0,39.0,0.0
7007.0,40.0,0.548362
7007.0,41.0,0.398607
7007.0,42.0,0.577491
7007.0,43.0,0.468474
7007.0,44.0,0.700474
7007.0,45.0,0.50154
7007.0,46.0,0.87788
7007.0,47.0,0.595408
7007.0,48.0,0.716772
7007.0,49.0,1.0
7007.0,50.0,0.351751
7007.0,51.0,0.399558
7007.0,52.0,0.0
7007.0,53.0,0.733873
7007.0,54.0,0.886171
7007.0,55.0,0.409563
7007.0,56.0,0.629589
7007.0,57.0,0.116163
7007.0,58.0,0.578868
7007.0,59.0,1.0
7007.0,60.0,0.164309
7007.0,61.0,0.438903
7007.0,62.0,0.466794
7007.0,63.0,0.888092
7007.0,64.0,0.741918
7007.0,65.0,0.0
7007.0,66.0,1.0
7007.0,67.0,0.809135
7007.0,68.0,0.704279
7007.0,69.0,0.582215
7007.0,70.0,0.937275
7007.0,71.0,0.0
7007.0,72.0,0.246695
7007.0,73.0,0.338051
7007.0,74.0,0.388823
7007.0,75.0,0.498682
7007.0,76.0,0.425468
7007.0,77.0,0.47927
7007.0,78.0,0.677288
7007.0,79.0,0.588501
7007.0,80.0,0.412265
7007.0,81.0,1.0
7007.0,82.0,0.0
7007.0,83.0,0.050994
7007.0,84.0,0.500729
7007.0,85.0,0.36755
7007.0,86.0,0.481884
7007.0,87.0,0.633059
7007.0,88.0,1.0
7007.0,89.0,0.96992
7007.0,90.0,0.136764
7007.0,91.0,1.0
7007.0,92.0,0.660808
7007.0,93.0,0.486841
7007.0,94.0,0.559994
7007.0,95.0,0.0
7007.0,96.0,0.289983
7007.0,97.0,0.834773
7007.0,98.0,0.208771
7007.0,99.0,0.68356
7007.0,100.0,0.721914
7007.0,101.0,0.0
7007.0,102.0,0.835373
7007.0,103.0,0.574542
7007.0,104.0,1.0
7007.0,105.0,0.002948
7007.0,106.0,0.748296
7007.0,107.0,0.079271
7007.0,108.0,0.281014
7007.0,109.0,0.297593
7007.0,110.0,0.609262
7007.0,111.0,0.349843
7007.0,112.0,1.0
7007.0,113.0,0.667317
7007.0,114.0,0.42197
7007.0,115.0,0.009002
7007.0,116.0,0.0
7007.0,117.0,0.379059
7007.0,118.0,1.0
7007.0,119.0,0.477877
7007.0,120.0,0.288327
7007.0,121.0,0.283579
7007.0,122.0,0.586178
7007.0,123.0,0.351391
7007.0,124.0,0.557734
7007.0,125.0,1.0
7007.0,126.0,0.617264
7008.0,0.0,0.16841
7008.0,1.0,0.534702
7008.0,2.0,0.740692
7008.0,3.0,0.658721
7008.0,4.0,0.310534
7008.0,5.0,0.99377
7008.0,6.0,0.803995
7008.0,7.0,0.0
7008.0,8.0,0.300021
7008.0,9.0,0.228549
7008.0,10.0,0.647263
7008.0,11.0,0.547881
7008.0,12.0,0.951485
7008.0,13.0,0.376902
7008.0,14.0,0.375018
7008.0,15.0,0.420292
7008.0,16.0,0.340019
7008.0,17.0,0.478678
7008.0,18.0,0.659671
7008.0,19.0,0.200555
7008.0,20.0,0.617233
7008.0,21.0,0.674134
7008.0,22.0,0.243527
7008.0,23.0,1.0
7008.0,24.0,1.0
7008.0,25.0,0.592618
7008.0,26.0,0.0
7008.0,27.0,0.43661
7008.0,28.0,0.407304
7008.0,29.0,0.000489
7008.0,30.0,0.785123
7008.0,31.0,0.548116
7008.0,32.0,0.0
7008.0,33.0,0.0
7008.0,34.0,1.0
7008.0,35.0,0.686909
7008.0,36.0,0.410251
7008.0,37.0,0.971152
7008.0,38.0,0.0
7008.0,39.0,0.0
7008.0,40.0,0.54562
7008.0,41.0,0.391675
7008.0,42.0,0.548392
7008.0,43.0,0.458814
7008.0,44.0,0.690595
7008.0,45.0,0.486428
7008.0,46.0,0.801239
7008.0,47.0,0.588491
7008.0,48.0,0.692264
7008.0,49.0,1.0
7008.0,50.0,0.344182
7008.0,51.0,0.368674
7008.0,52.0,0.0
7008.0,53.0,0.709287
7008.0,54.0,0.884958
7008.0,55.0,0.382417
7008.0,56.0,0.616342
7008.0,57.0,0.112698
7008.0,58.0,0.57605
7008.0,59.0,1.0
7008.0,60.0,0.160154
7008.0,61.0,0.422107
7008.0,62.0,0.472262
7008.0,63.0,0.872931
7008.0,64.0,0.726334
7008.0,65.0,0.0
7008.0,66.0,1.0
7008.0,67.0,0.806012
7008.0,68.0,0.698436
7008.0,69.0,0.578472
7008.0,70.0,0.93041
7008.0,71.0,0.0
7008.0,72.0,0.246483
7008.0,73.0,0.301619
7008.0,74.0,0.372634
7008.0,75.0,0.494025
7008.0,76.0,0.386474
7008.0,77.0,0.426869
7008.0,78.0,0.69388
7008.0,79.0,0.578126
7008.0,80.0,0.401263
7008.0,81.0,1.0
7008.0,82.0,0.0
7008.0,83.0,0.046201
7008.0,84.0,0.490952
7008.0,85.0,0.358388
7008.0,86.0,0.472437
7008.0,87.0,0.614026
7008.0,88.0,1.0
7008.0,89.0,0.969758
7008.0,90.0,0.111001
7008.0,91.0,1.0
7008.0,92.0,0.656027
7008.0,93.0,0.473221
7008.0,94.0,0.540566
7008.0,95.0,0.0
7008.0,96.0,0.276392
7008.0,97.0,0.823626
7008.0,98.0,0.207155
7008.0,99.0,0.672406
7008.0,100.0,0.7142
7008.0,101.0,0.0
7008.0,102.0,0.818131
7008.0,103.0,0.561152
7008.0,104.0,1.0
7008.0,105.0,0.002886
7008.0,106.0,0.742282
7008.0,107.0,0.077437
7008.0,108.0,0.23946
7008.0,109.0,0.295412
7008.0,110.0,0.612246
7008.0,111.0,0.341419
7008.0,112.0,1.0
7008.0,113.0,0.656554
7008.0,114.0,0.414587
7008.0,115.0,0.008709
7008.0,116.0,0.0
7008.0,117.0,0.37274
7008.0,118.0,1.0
7008.0,119.0,0.447395
7008.0,120.0,0.286385
7008.0,121.0,0.281094
7008.0,122.0,0.575374
7008.0,123.0,0.317024
7008.0,124.0,0.526917
7008.0,125.0,1.0
7008.0,126.0,0.614288
7009.0,0.0,0.160342
7009.0,1.0,0.528219
7009.0,2.0,0.739246
7009.0,3.0,0.644691
7009.0,4.0,0.308056
7009.0,5.0,0.993578
7009.0,6.0,0.806458
7009.0,7.0,0.0
7009.0,8.0,0.296906
7009.0,9.0,0.222122
7009.0,10.0,0.615379
7009.0,11.0,0.558205
7009.0,12.0,0.948232
7009.0,13.0,0.357534
7009.0,14.0,0.347669
7009.0,15.0,0.406119
7009.0,16.0,0.31438
7009.0,17.0,0.476001
7009.0,18.0,0.646964
7009.0,19.0,0.160192
7009.0,20.0,0.617304
7009.0,21.0,0.670691
7009.0,22.0,0.243197
7009.0,23.0,1.0
7009.0,24.0,1.0
7009.0,25.0,0.579179
7009.0,26.0,0.0
7009.0,27.0,0.423029
7009.0,28.0,0.40162
7009.0,29.0,0.000469
7009.0,30.0,0.783652
7009.0,31.0,0.546406
7009.0,32.0,0.0
7009.0,33.0,0.0
7009.0,34.0,1.0
7009.0,35.0,0.67959
7009.0,36.0,0.391643
7009.0,37.0,0.96857
7009.0,38.0,0.0
7009.0,39.0,0.0
7009.0,40.0,0.542494
7009.0,41.0,0.386089
7009.0,42.0,0.519938
7009.0,43.0,0.448759
7009.0,44.0,0.680236
7009.0,45.0,0.472564
7009.0,46.0,0.693843
7009.0,47.0,0.581287
7009.0,48.0,0.666407
7009.0,49.0,1.0
7009.0,50.0,0.336866
7009.0,51.0,0.340622
7009.0,52.0,0.0
7009.0,53.0,0.683858
7009.0,54.0,0.884241
7009.0,55.0,0.35881
7009.0,56.0,0.605628
7009.0,57.0,0.109702
7009.0,58.0,0.5735
7009.0,59.0,1.0
7009.0,60.0,0.15631
7009.0,61.0,0.405868
7009.0,62.0,0.476867
7009.0,63.0,0.856519
7009.0,64.0,0.709935
7009.0,65.0,0.0
7009.0,66.0,1.0
7009.0,67.0,0.802568
7009.0,68.0,0.693472
7009.0,69.0,0.574118
7009.0,70.0,0.924105
7009.0,71.0,0.0
7009.0,72.0,0.246375
7009.0,73.0,0.271641
7009.0,74.0,0.357713
7009.0,75.0,0.488024
7009.0,76.0,0.351609
7009.0,77.0,0.372017
7009.0,78.0,0.705447
7009.0,79.0,0.568178
7009.0,80.0,0.390435
7009.0,81.0,1.0
7009.0,82.0,0.0
7009.0,83.0,0.04151
7009.0,84.0,0.481771
7009.0,85.0,0.350095
7009.0,86.0,0.464998
7009.0,87.0,0.595405
7009.0,88.0,1.0
7009.0,89.0,0.969304
7009.0,90.0,0.090297
7009.0,91.0,1.0
7009.0,92.0,0.650581
7009.0,93.0,0.460346
7009.0,94.0,0.520855
7009.0,95.0,0.0
7009.0,96.0,0.26302
7009.0,97.0,0.812014
7009.0,98.0,0.205532
7009.0,99.0,0.661595
7009.0,100.0,0.708003
7009.0,101.0,0.0
7009.0,102.0,0.801284
7009.0,103.0,0.548705
7009.0,104.0,1.0
7009.0,105.0,0.002906
7009.0,106.0,0.736789
7009.0,107.0,0.075391
7009.0,108.0,0.208785
7009.0,109.0,0.292561
7009.0,110.0,0.612783
7009.0,111.0,0.332663
7009.0,112.0,1.0
7009.0,113.0,0.64723
7009.0,114.0,0.408203
7009.0,115.0,0.008394
7009.0,116.0,0.0
7009.0,117.0,0.364867
7009.0,118.0,1.0
7009.0,119.0,0.421078
7009.0,120.0,0.28447
7009.0,121.0,0.279807
7009.0,122.0,0.566098
7009.0,123.0,0.290313
7009.0,124.0,0.497836
7009.0,125.0,1.0
7009.0,126.0,0.611369
7010.0,0.0,0.153757
7010.0,1.0,0.523101
7010.0,2.0,0.736896
7010.0,3.0,0.630638
7010.0,4.0,0.30519
7010.0,5.0,0.993494
7010.0,6.0,0.807899
7010.0,7.0,0.0
7010.0,8.0,0.293157
7010.0,9.0,0.216374
7010.0,10.0,0.582538
7010.0,11.0,0.564159
7010.0,12.0,0.944594
7010.0,13.0,0.338242
7010.0,14.0,0.3208
7010.0,15.0,0.393244
7010.0,16.0,0.291373
7010.0,17.0,0.473688
7010.0,18.0,0.633841
7010.0,19.0,0.128481
7010.0,20.0,0.616025
7010.0,21.0,0.667596
7010.0,22.0,0.24269
7010.0,23.0,1.0
7010.0,24.0,1.0
7010.0,25.0,0.565258
7010.0,26.0,0.0
7010.0,27.0,0.410576
7010.0,28.0,0.397398
7010.0,29.0,0.000521
7010.0,30.0,0.782695
7010.0,31.0,0.545387
7010.0,32.0,0.0
7010.0,33.0,0.0
7010.0,34.0,1.0
7010.0,35.0,0.671466
7010.0,36.0,0.374438
7010.0,37.0,0.965935
7010.0,38.0,0.0
7010.0,39.0,0.0
7010.0,40.0,0.539352
7010.0,41.0,0.379896
7010.0,42.0,0.491524
7010.0,43.0,0.437624
7010.0,44.0,0.669631
7010.0,45.0,0.459182
7010.0,46.0,0.562798
7010.0,47.0,0.576333
7010.0,48.0,0.641846
7010.0,49.0,1.0
7010.0,50.0,0.329718
7010.0,51.0,0.315738
7010.0,52.0,0.0
7010.0,53.0,0.65801
7010.0,54.0,0.883707
7010.0,55.0,0.337678
7010.0,56.0,0.594012
7010.0,57.0,0.106638
7010.0,58.0,0.571286
7010.0,59.0,1.0
7010.0,60.0,0.152203
7010.0,61.0,0.390514
7010.0,62.0,0.480482
7010.0,63.0,0.839934
7010.0,64.0,0.69353
7010.0,65.0,0.0
7010.0,66.0,1.0
7010.0,67.0,0.797844
7010.0,68.0,0.687579
7010.0,69.0,0.570322
7010.0,70.0,0.917106
7010.0,71.0,0.0
7010.0,72.0,0.24591
7010.0,73.0,0.246258
7010.0,74.0,0.342554
7010.0,75.0,0.481773
7010.0,76.0,0.321263
7010.0,77.0,0.317157
7010.0,78.0,0.714506
7010.0,79.0,0.558149
7010.0,80.0,0.37974
7010.0,81.0,1.0
7010.0,82.0,0.0
7010.0,83.0,0.037712
7010.0,84.0,0.473972
7010.0,85.0,0.343187
7010.0,86.0,0.458132
7010.0,87.0,0.577324
7010.0,88.0,1.0
7010.0,89.0,0.968909
7010.0,90.0,0.074122
7010.0,91.0,1.0
7010.0,92.0,0.644551
7010.0,93.0,0.448061
7010.0,94.0,0.501979
7010.0,95.0,0.0
7010.0,96.0,0.251259
7010.0,97.0,0.800933
7010.0,98.0,0.204448
7010.0,99.0,0.651984
7010.0,100.0,0.700668
7010.0,101.0,0.0
7010.0,102.0,0.784649
7010.0,103.0,0.53748
7010.0,104.0,1.0
7010.0,105.0,0.002864
7010.0,106.0,0.730666
7010.0,107.0,0.074017
7010.0,108.0,0.184724
7010.0,109.0,0.290151
7010.0,110.0,0.610234
7010.0,111.0,0.325721
7010.0,112.0,1.0
7010.0,113.0,0.638746
7010.0,114.0,0.401765
7010.0,115.0,0.008016
7010.0,116.0,0.0
7010.0,117.0,0.357325
7010.0,118.0,1.0
7010.0,119.0,0.39706
7010.0,120.0,0.283521
7010.0,121.0,0.279079
7010.0,122.0,0.558186
7010.0,123.0,0.267795
7010.0,124.0,0.470741
7010.0,125.0,1.0
7010.0,126.0,0.608647
8000.0,0.0,0.150948
8000.0,1.0,0.52059
8000.0,2.0,0.725657
8000.0,3.0,0.625516
8000.0,4.0,0.294081
8000.0,5.0,0.999848
8000.0,6.0,0.815111
8000.0,7.0,0.0
8000.0,8.0,0.281389
8000.0,9.0,0.217951
8000.0,10.0,0.583518
8000.0,11.0,0.564288
8000.0,12.0,0.938579
8000.0,13.0,0.351007
8000.0,14.0,0.326133
8000.0,15.0,0.392399
8000.0,16.0,0.293427
8000.0,17.0,0.461555
8000.0,18.0,0.635893
8000.0,19.0,0.128752
8000.0,20.0,0.623467
8000.0,21.0,0.672147
8000.0,22.0,0.232534
8000.0,23.0,1.0
8000.0,24.0,1.0
8000.0,25.0,0.567564
8000.0,26.0,0.0
8000.0,27.0,0.407161
8000.0,28.0,0.407561
8000.0,29.0,0.0
8000.0,30.0,0.810788
8000.0,31.0,0.554883
8000.0,32.0,0.0
8000.0,33.0,0.0
8000.0,34.0,1.0
8000.0,35.0,0.6729
8000.0,36.0,0.372604
8000.0,37.0,0.977081
8000.0,38.0,0.0
8000.0,39.0,0.0
8000.0,40.0,0.565306
8000.0,41.0,0.387182
8000.0,42.0,0.489957
8000.0,43.0,0.428124
8000.0,44.0,0.667888
8000.0,45.0,0.464935
8000.0,46.0,0.565272
8000.0,47.0,0.567619
8000.0,48.0,0.635019
8000.0,49.0,1.0
8000.0,50.0,0.325426
8000.0,51.0,0.324605
8000.0,52.0,0.0
8000.0,53.0,0.666246
8000.0,54.0,0.865172
8000.0,55.0,0.33621
8000.0,56.0,0.596114
8000.0,57.0,0.108625
8000.0,58.0,0.551216
8000.0,59.0,1.0
8000.0,60.0,0.147424
8000.0,61.0,0.391608
8000.0,62.0,0.487472
8000.0,63.0,0.85146
8000.0,64.0,0.696917
8000.0,65.0,0.0
8000.0,66.0,1.0
8000.0,67.0,0.805822
8000.0,68.0,0.686269
8000.0,69.0,0.565689
8000.0,70.0,0.908383
8000.0,71.0,0.0
8000.0,72.0,0.233959
8000.0,73.0,0.247406
8000.0,74.0,0.341758
8000.0,75.0,0.481033
8000.0,76.0,0.318608
8000.0,77.0,0.327057
8000.0,78.0,0.709053
8000.0,79.0,0.548513
8000.0,80.0,0.385916
8000.0,81.0,1.0
8000.0,82.0,0.0
8000.0,83.0,0.036843
8000.0,84.0,0.479028
8000.0,85.0,0.330585
8000.0,86.0,0.455021
8000.0,87.0,0.587709
8000.0,88.0,1.0
8000.0,89.0,0.965433
8000.0,90.0,0.074311
8000.0,91.0,1.0
8000.0,92.0,0.655762
8000.0,93.0,0.436412
8000.0,94.0,0.512515
8000.0,95.0,0.0
8000.0,96.0,0.249182
8000.0,97.0,0.803189
8000.0,98.0,0.204719
8000.0,99.0,0.651474
8000.0,100.0,0.706805
8000.0,101.0,0.0
8000.0,102.0,0.780905
8000.0,103.0,0.54451
8000.0,104.0,1.0
8000.0,105.0,0.0
8000.0,106.0,0.730601
8000.0,107.0,0.08113
8000.0,108.0,0.18747
8000.0,109.0,0.291431
8000.0,110.0,0.60408
8000.0,111.0,0.32551
8000.0,112.0,1.0
8000.0,113.0,0.643144
8000.0,114.0,0.419422
8000.0,115.0,0.007855
8000.0,116.0,0.0
8000.0,117.0,0.365795
8000.0,118.0,1.0
8000.0,119.0,0.401711
8000.0,120.0,0.284958
8000.0,121.0,0.281421
8000.0,122.0,0.557392
8000.0,123.0,0.264125
8000.0,124.0,0.473245
8000.0,125.0,1.0
8000.0,126.0,0.618536
8001.0,0.0,0.157684
8001.0,1.0,0.526899
8001.0,2.0,0.72749
8001.0,3.0,0.644021
8001.0,4.0,0.29549
8001.0,5.0,0.999892
8001.0,6.0,0.809163
8001.0,7.0,0.0
8001.0,8.0,0.285208
8001.0,9.0,0.225109
8001.0,10.0,0.621518
8001.0,11.0,0.548002
8001.0,12.0,0.943866
8001.0,13.0,0.372091
8001.0,14.0,0.355321
8001.0,15.0,0.408017
8001.0,16.0,0.32162
8001.0,17.0,0.462262
8001.0,18.0,0.650602
8001.0,19.0,0.17066
8001.0,20.0,0.624746
8001.0,21.0,0.674778
8001.0,22.0,0.234425
8001.0,23.0,1.0
8001.0,24.0,1.0
8001.0,25.0,0.582573
8001.0,26.0,0.0
8001.0,27.0,0.423081
8001.0,28.0,0.411438
8001.0,29.0,0.0
8001.0,30.0,0.812192
8001.0,31.0,0.554047
8001.0,32.0,0.0
8001.0,33.0,0.0
8001.0,34.0,1.0
8001.0,35.0,0.680288
8001.0,36.0,0.395508
8001.0,37.0,0.979337
8001.0,38.0,0.0
8001.0,39.0,0.0
8001.0,40.0,0.568808
8001.0,41.0,0.392462
8001.0,42.0,0.522325
8001.0,43.0,0.439964
8001.0,44.0,0.679029
8001.0,45.0,0.478912
8001.0,46.0,0.718946
8001.0,47.0,0.575461
8001.0,48.0,0.666768
8001.0,49.0,1.0
8001.0,50.0,0.3317
8001.0,51.0,0.349743
8001.0,52.0,0.0
8001.0,53.0,0.692877
8001.0,54.0,0.866468
8001.0,55.0,0.366298
8001.0,56.0,0.608904
8001.0,57.0,0.111446
8001.0,58.0,0.555246
8001.0,59.0,1.0
8001.0,60.0,0.151361
8001.0,61.0,0.411131
8001.0,62.0,0.482217
8001.0,63.0,0.868824
8001.0,64.0,0.71442
8001.0,65.0,0.0
8001.0,66.0,1.0
8001.0,67.0,0.809521
8001.0,68.0,0.691375
8001.0,69.0,0.571538
8001.0,70.0,0.917443
8001.0,71.0,0.0
8001.0,72.0,0.233477
8001.0,73.0,0.279535
8001.0,74.0,0.359776
8001.0,75.0,0.487287
8001.0,76.0,0.36216
8001.0,77.0,0.386344
8001.0,78.0,0.693059
8001.0,79.0,0.561382
8001.0,80.0,0.396918
8001.0,81.0,1.0
8001.0,82.0,0.0
8001.0,83.0,0.041383
8001.0,84.0,0.489393
8001.0,85.0,0.341048
8001.0,86.0,0.464149
8001.0,87.0,0.608933
8001.0,88.0,1.0
8001.0,89.0,0.965593
8001.0,90.0,0.095233
8001.0,91.0,1.0
8001.0,92.0,0.661134
8001.0,93.0,0.450303
8001.0,94.0,0.533855
8001.0,95.0,0.0
8001.0,96.0,0.263588
8001.0,97.0,0.816235
8001.0,98.0,0.205695
8001.0,99.0,0.662953
8001.0,100.0,0.713447
8001.0,101.0,0.0
8001.0,102.0,0.801936
8001.0,103.0,0.557996
8001.0,104.0,1.0
8001.0,105.0,0.0
8001.0,106.0,0.737323
8001.0,107.0,0.08192
8001.0,108.0,0.222897
8001.0,109.0,0.294949
8001.0,110.0,0.601699
8001.0,111.0,0.335705
8001.0,112.0,1.0
8001.0,113.0,0.65294
8001.0,114.0,0.426787
8001.0,115.0,0.008122
8001.0,116.0,0.0
8001.0,117.0,0.373642
8001.0,118.0,1.0
8001.0,119.0,0.435116
8001.0,120.0,0.28721
8001.0,121.0,0.28479
8001.0,122.0,0.568742
8001.0,123.0,0.29829
8001.0,124.0,0.507193
8001.0,125.0,1.0
8001.0,126.0,0.621391
8002.0,0.0,0.164156
8002.0,1.0,0.533471
8002.0,2.0,0.729476
8002.0,3.0,0.660521
8002.0,4.0,0.297338
8002.0,5.0,0.999924
8002.0,6.0,0.803375
8002.0,7.0,0.0
8002.0,8.0,0.28863
8002.0,9.0,0.232407
8002.0,10.0,0.655808
8002.0,11.0,0.530058
8002.0,12.0,0.947751
8002.0,13.0,0.393164
8002.0,14.0,0.382373
8002.0,15.0,0.422755
8002.0,16.0,0.350064
8002.0,17.0,0.464473
8002.0,18.0,0.665105
8002.0,19.0,0.219489
8002.0,20.0,0.625382
8002.0,21.0,0.67711
8002.0,22.0,0.235631
8002.0,23.0,1.0
8002.0,24.0,1.0
8002.0,25.0,0.597723
8002.0,26.0,0.0
8002.0,27.0,0.439496
8002.0,28.0,0.416799
8002.0,29.0,0.0
8002.0,30.0,0.813322
8002.0,31.0,0.553603
8002.0,32.0,0.0
8002.0,33.0,0.0
8002.0,34.0,1.0
8002.0,35.0,0.688647
8002.0,36.0,0.417201
8002.0,37.0,0.981045
8002.0,38.0,0.0
8002.0,39.0,0.0
8002.0,40.0,0.57189
8002.0,41.0,0.397954
8002.0,42.0,0.552717
8002.0,43.0,0.451299
8002.0,44.0,0.689921
8002.0,45.0,0.49283
8002.0,46.0,0.825057
8002.0,47.0,0.582958
8002.0,48.0,0.695443
8002.0,49.0,1.0
8002.0,50.0,0.340152
8002.0,51.0,0.376229
8002.0,52.0,0.0
8002.0,53.0,0.717535
8002.0,54.0,0.867357
8002.0,55.0,0.393402
8002.0,56.0,0.621397
8002.0,57.0,0.114582
8002.0,58.0,0.558306
8002.0,59.0,1.0
8002.0,60.0,0.154435
8002.0,61.0,0.428907
8002.0,62.0,0.476965
8002.0,63.0,0.884375
8002.0,64.0,0.732134
8002.0,65.0,0.0
8002.0,66.0,1.0
8002.0,67.0,0.812923
8002.0,68.0,0.696733
8002.0,69.0,0.576841
8002.0,70.0,0.924864
8002.0,71.0,0.0
8002.0,72.0,0.233737
8002.0,73.0,0.314621
8002.0,74.0,0.377509
8002.0,75.0,0.493194
8002.0,76.0,0.402488
8002.0,77.0,0.441376
8002.0,78.0,0.676574
8002.0,79.0,0.573757
8002.0,80.0,0.408295
8002.0,81.0,1.0
8002.0,82.0,0.0
8002.0,83.0,0.0464
8002.0,84.0,0.498319
8002.0,85.0,0.350517
8002.0,86.0,0.472077
8002.0,87.0,0.629128
8002.0,88.0,1.0
8002.0,89.0,0.965543
8002.0,90.0,0.119216
8002.0,91.0,1.0
8002.0,92.0,0.666608
8002.0,93.0,0.463113
8002.0,94.0,0.554575
8002.0,95.0,0.0
8002.0,96.0,0.278055
8002.0,97.0,0.828099
8002.0,98.0,0.2074
8002.0,99.0,0.675841
8002.0,100.0,0.720499
8002.0,101.0,0.0
8002.0,102.0,0.821372
8002.0,103.0,0.57065
8002.0,104.0,1.0
8002.0,105.0,0.0
8002.0,106.0,0.743799
8002.0,107.0,0.083375
8002.0,108.0,0.264025
8002.0,109.0,0.297623
8002.0,110.0,0.597907
8002.0,111.0,0.344734
8002.0,112.0,1.0
8002.0,113.0,0.663554
8002.0,114.0,0.434047
8002.0,115.0,0.008343
8002.0,116.0,0.0
8002.0,117.0,0.381242
8002.0,118.0,1.0
8002.0,119.0,0.46767
8002.0,120.0,0.289762
8002.0,121.0,0.287
8002.0,122.0,0.578773
8002.0,123.0,0.333851
8002.0,124.0,0.540076
8002.0,125.0,1.0
8002.0,126.0,0.625236
8003.0,0.0,0.171059
8003.0,1.0,0.539754
8003.0,2.0,0.730636
8003.0,3.0,0.676116
8003.0,4.0,0.298452
8003.0,5.0,0.999948
8003.0,6.0,0.797747
8003.0,7.0,0.0
8003.0,8.0,0.292853
8003.0,9.0,0.240043
8003.0,10.0,0.687073
8003.0,11.0,0.510008
8003.0,12.0,0.95207
8003.0,13.0,0.414449
8003.0,14.0,0.409188
8003.0,15.0,0.437198
8003.0,16.0,0.37889
8003.0,17.0,0.465649
8003.0,18.0,0.678384
8003.0,19.0,0.272987
8003.0,20.0,0.626121
8003.0,21.0,0.679694
8003.0,22.0,0.238088
8003.0,23.0,1.0
8003.0,24.0,1.0
8003.0,25.0,0.611781
8003.0,26.0,0.0
8003.0,27.0,0.456814
8003.0,28.0,0.42248
8003.0,29.0,0.0
8003.0,30.0,0.814478
8003.0,31.0,0.554099
8003.0,32.0,0.0
8003.0,33.0,0.0
8003.0,34.0,1.0
8003.0,35.0,0.695706
8003.0,36.0,0.437965
8003.0,37.0,0.982795
8003.0,38.0,0.0
8003.0,39.0,0.0
8003.0,40.0,0.574631
8003.0,41.0,0.402234
8003.0,42.0,0.580831
8003.0,43.0,0.462688
8003.0,44.0,0.70025
8003.0,45.0,0.506448
8003.0,46.0,0.892182
8003.0,47.0,0.589954
8003.0,48.0,0.72135
8003.0,49.0,1.0
8003.0,50.0,0.348079
8003.0,51.0,0.406119
8003.0,52.0,0.0
8003.0,53.0,0.739134
8003.0,54.0,0.867549
8003.0,55.0,0.421184
8003.0,56.0,0.632854
8003.0,57.0,0.117278
8003.0,58.0,0.560308
8003.0,59.0,1.0
8003.0,60.0,0.158987
8003.0,61.0,0.445925
8003.0,62.0,0.472038
8003.0,63.0,0.898712
8003.0,64.0,0.74796
8003.0,65.0,0.0
8003.0,66.0,1.0
8003.0,67.0,0.816824
8003.0,68.0,0.703067
8003.0,69.0,0.581589
8003.0,70.0,0.932364
8003.0,71.0,0.0
8003.0,72.0,0.23347
8003.0,73.0,0.351725
8003.0,74.0,0.395706
8003.0,75.0,0.4978
8003.0,76.0,0.442293
8003.0,77.0,0.4929
8003.0,78.0,0.658841
8003.0,79.0,0.585695
8003.0,80.0,0.419561
8003.0,81.0,1.0
8003.0,82.0,0.0
8003.0,83.0,0.052288
8003.0,84.0,0.508315
8003.0,85.0,0.359101
8003.0,86.0,0.481382
8003.0,87.0,0.647808
8003.0,88.0,1.0
8003.0,89.0,0.965344
8003.0,90.0,0.146929
8003.0,91.0,1.0
8003.0,92.0,0.671228
8003.0,93.0,0.475467
8003.0,94.0,0.572168
8003.0,95.0,0.0
8003.0,96.0,0.291938
8003.0,97.0,0.839205
8003.0,98.0,0.208809
8003.0,99.0,0.688217
8003.0,100.0,0.727434
8003.0,101.0,0.0
8003.0,102.0,0.838435
8003.0,103.0,0.583251
8003.0,104.0,1.0
8003.0,105.0,0.0
8003.0,106.0,0.750277
8003.0,107.0,0.084576
8003.0,108.0,0.311012
8003.0,109.0,0.299567
8003.0,110.0,0.592861
8003.0,111.0,0.354462
8003.0,112.0,1.0
8003.0,113.0,0.67346
8003.0,114.0,0.442095
8003.0,115.0,0.008798
8003.0,116.0,0.0
8003.0,117.0,0.38852
8003.0,118.0,1.0
8003.0,119.0,0.497478
8003.0,120.0,0.293281
8003.0,121.0,0.288383
8003.0,122.0,0.590107
8003.0,123.0,0.370645
8003.0,124.0,0.570678
8003.0,125.0,1.0
8003.0,126.0,0.629847
8004.0,0.0,0.17861
8004.0,1.0,0.546297
8004.0,2.0,0.732286
8004.0,3.0,0.690941
8004.0,4.0,0.300275
8004.0,5.0,0.999965
8004.0,6.0,0.791787
8004.0,7.0,0.0
8004.0,8.0,0.295749
8004.0,9.0,0.247713
8004.0,10.0,0.714787
8004.0,11.0,0.488218
8004.0,12.0,0.95544
8004.0,13.0,0.435242
8004.0,14.0,0.434692
8004.0,15.0,0.452151
8004.0,16.0,0.408116
8004.0,17.0,0.466237
8004.0,18.0,0.689945
8004.0,19.0,0.330589
8004.0,20.0,0.627226
8004.0,21.0,0.683777
8004.0,22.0,0.240173
8004.0,23.0,1.0
8004.0,24.0,1.0
8004.0,25.0,0.624792
8004.0,26.0,0.0
8004.0,27.0,0.473169
8004.0,28.0,0.428562
8004.0,29.0,0.0
8004.0,30.0,0.815177
8004.0,31.0,0.553741
8004.0,32.0,0.0
8004.0,33.0,0.0
8004.0,34.0,1.0
8004.0,35.0,0.703586
8004.0,36.0,0.458995
8004.0,37.0,0.984409
8004.0,38.0,0.0
8004.0,39.0,0.0
8004.0,40.0,0.577278
8004.0,41.0,0.407055
8004.0,42.0,0.60785
8004.0,43.0,0.473179
8004.0,44.0,0.710642
8004.0,45.0,0.519622
8004.0,46.0,0.934238
8004.0,47.0,0.597145
8004.0,48.0,0.743997
8004.0,49.0,1.0
8004.0,50.0,0.356231
8004.0,51.0,0.438589
8004.0,52.0,0.0
8004.0,53.0,0.760131
8004.0,54.0,0.868815
8004.0,55.0,0.447654
8004.0,56.0,0.643541
8004.0,57.0,0.119979
8004.0,58.0,0.563323
8004.0,59.0,1.0
8004.0,60.0,0.162602
8004.0,61.0,0.462288
8004.0,62.0,0.468047
8004.0,63.0,0.911308
8004.0,64.0,0.76267
8004.0,65.0,0.0
8004.0,66.0,1.0
8004.0,67.0,0.820162
8004.0,68.0,0.709086
8004.0,69.0,0.586308
8004.0,70.0,0.939148
8004.0,71.0,0.0
8004.0,72.0,0.234711
8004.0,73.0,0.391345
8004.0,74.0,0.413241
8004.0,75.0,0.503273
8004.0,76.0,0.480041
8004.0,77.0,0.53939
8004.0,78.0,0.639861
8004.0,79.0,0.59732
8004.0,80.0,0.430849
8004.0,81.0,1.0
8004.0,82.0,0.0
8004.0,83.0,0.058509
8004.0,84.0,0.516786
8004.0,85.0,0.366698
8004.0,86.0,0.489489
8004.0,87.0,0.665403
8004.0,88.0,1.0
8004.0,89.0,0.965358
8004.0,90.0,0.178069
8004.0,91.0,1.0
8004.0,92.0,0.675862
8004.0,93.0,0.488179
8004.0,94.0,0.589805
8004.0,95.0,0.0
8004.0,96.0,0.305397
8004.0,97.0,0.849627
8004.0,98.0,0.210165
8004.0,99.0,0.700482
8004.0,100.0,0.73481
8004.0,101.0,0.0
8004.0,102.0,0.853792
8004.0,103.0,0.595594
8004.0,104.0,1.0
8004.0,105.0,0.0
8004.0,106.0,0.757639
8004.0,107.0,0.085797
8004.0,108.0,0.36511
8004.0,109.0,0.301749
8004.0,110.0,0.586744
8004.0,111.0,0.365931
8004.0,112.0,1.0
8004.0,113.0,0.682709
8004.0,114.0,0.450435
8004.0,115.0,0.009308
8004.0,116.0,0.0
8004.0,117.0,0.396139
8004.0,118.0,1.0
8004.0,119.0,0.525342
8004.0,120.0,0.296281
8004.0,121.0,0.289202
8004.0,122.0,0.602039
8004.0,123.0,0.408719
8004.0,124.0,0.600623
8004.0,125.0,1.0
8004.0,126.0,0.633859
8005.0,0.0,0.18685
8005.0,1.0,0.552489
8005.0,2.0,0.734367
8005.0,3.0,0.704088
8005.0,4.0,0.303174
8005.0,5.0,0.999975
8005.0,6.0,0.786904
8005.0,7.0,0.0
8005.0,8.0,0.299917
8005.0,9.0,0.255628
8005.0,10.0,0.739235
8005.0,11.0,0.466903
8005.0,12.0,0.958632
8005.0,13.0,0.455742
8005.0,14.0,0.458906
8005.0,15.0,0.465645
8005.0,16.0,0.437358
8005.0,17.0,0.467826
8005.0,18.0,0.69962
8005.0,19.0,0.387316
8005.0,20.0,0.627301
8005.0,21.0,0.686399
8005.0,22.0,0.242301
8005.0,23.0,1.0
8005.0,24.0,1.0
8005.0,25.0,0.638696
8005.0,26.0,0.0
8005.0,27.0,0.489719
8005.0,28.0,0.434365
8005.0,29.0,0.0
8005.0,30.0,0.817001
8005.0,31.0,0.553413
8005.0,32.0,0.0
8005.0,33.0,0.0
8005.0,34.0,1.0
8005.0,35.0,0.710493
8005.0,36.0,0.479608
8005.0,37.0,0.985551
8005.0,38.0,0.0
8005.0,39.0,0.0
8005.0,40.0,0.579609
8005.0,41.0,0.412292
8005.0,42.0,0.633186
8005.0,43.0,0.482957
8005.0,44.0,0.719147
8005.0,45.0,0.533351
8005.0,46.0,0.959388
8005.0,47.0,0.60457
8005.0,48.0,0.764536
8005.0,49.0,1.0
8005.0,50.0,0.363438
8005.0,51.0,0.473864
8005.0,52.0,0.0
8005.0,53.0,0.778121
8005.0,54.0,0.869523
8005.0,55.0,0.47176
8005.0,56.0,0.65378
8005.0,57.0,0.122743
8005.0,58.0,0.565795
8005.0,59.0,1.0
8005.0,60.0,0.166604
8005.0,61.0,0.479526
8005.0,62.0,0.463047
8005.0,63.0,0.92234
8005.0,64.0,0.776478
8005.0,65.0,0.0
8005.0,66.0,1.0
8005.0,67.0,0.823113
8005.0,68.0,0.714525
8005.0,69.0,0.590831
8005.0,70.0,0.945398
8005.0,71.0,0.0
8005.0,72.0,0.235064
8005.0,73.0,0.433849
8005.0,74.0,0.430992
8005.0,75.0,0.508114
8005.0,76.0,0.514542
8005.0,77.0,0.579233
8005.0,78.0,0.621358
8005.0,79.0,0.609404
8005.0,80.0,0.441356
8005.0,81.0,1.0
8005.0,82.0,0.0
8005.0,83.0,0.065807
8005.0,84.0,0.524871
8005.0,85.0,0.376118
8005.0,86.0,0.498969
8005.0,87.0,0.682263
8005.0,88.0,1.0
8005.0,89.0,0.965626
8005.0,90.0,0.213112
8005.0,91.0,1.0
8005.0,92.0,0.681752
8005.0,93.0,0.501275
8005.0,94.0,0.60681
8005.0,95.0,0.0
8005.0,96.0,0.319231
8005.0,97.0,0.858893
8005.0,98.0,0.213075
8005.0,99.0,0.712633
8005.0,100.0,0.742018
8005.0,101.0,0.0
8005.0,102.0,0.86747
8005.0,103.0,0.606473
8005.0,104.0,1.0
8005.0,105.0,0.0
8005.0,106.0,0.763633
8005.0,107.0,0.087283
8005.0,108.0,0.424863
8005.0,109.0,0.304946
8005.0,110.0,0.581371
8005.0,111.0,0.376944
8005.0,112.0,1.0
8005.0,113.0,0.691254
8005.0,114.0,0.457479
8005.0,115.0,0.009774
8005.0,116.0,0.0
8005.0,117.0,0.403256
8005.0,118.0,1.0
8005.0,119.0,0.551658
8005.0,120.0,0.298423
8005.0,121.0,0.291775
8005.0,122.0,0.61169
8005.0,123.0,0.446247
8005.0,124.0,0.629544
8005.0,125.0,1.0
8005.0,126.0,0.636634
8006.0,0.0,0.177757
8006.0,1.0,0.542733
8006.0,2.0,0.732258
8006.0,3.0,0.688532
8006.0,4.0,0.30017
8006.0,5.0,0.999988
8006.0,6.0,0.798806
8006.0,7.0,0.0
8006.0,8.0,0.297123
8006.0,9.0,0.247982
8006.0,10.0,0.708258
8006.0,11.0,0.504805
8006.0,12.0,0.955735
8006.0,13.0,0.432671
8006.0,14.0,0.431702
8006.0,15.0,0.449349
8006.0,16.0,0.403323
8006.0,17.0,0.467342
8006.0,18.0,0.686366
8006.0,19.0,0.312992
8006.0,20.0,0.627172
8006.0,21.0,0.684226
8006.0,22.0,0.239344
8006.0,23.0,1.0
8006.0,24.0,1.0
8006.0,25.0,0.625139
8006.0,26.0,0.0
8006.0,27.0,0.470288
8006.0,28.0,0.427717
8006.0,29.0,0.0
8006.0,30.0,0.816605
8006.0,31.0,0.553619
8006.0,32.0,0.0
8006.0,33.0,0.0
8006.0,34.0,1.0
8006.0,35.0,0.702705
8006.0,36.0,0.454514
8006.0,37.0,0.98397
8006.0,38.0,0.0
8006.0,39.0,0.0
8006.0,40.0,0.577562
8006.0,41.0,0.406946
8006.0,42.0,0.604359
8006.0,43.0,0.47356
8006.0,44.0,0.708275
8006.0,45.0,0.517692
8006.0,46.0,0.928265
8006.0,47.0,0.59728
8006.0,48.0,0.73784
8006.0,49.0,1.0
8006.0,50.0,0.355262
8006.0,51.0,0.435133
8006.0,52.0,0.0
8006.0,53.0,0.756189
8006.0,54.0,0.869067
8006.0,55.0,0.437488
8006.0,56.0,0.641649
8006.0,57.0,0.119999
8006.0,58.0,0.562572
8006.0,59.0,1.0
8006.0,60.0,0.16307
8006.0,61.0,0.460894
8006.0,62.0,0.46909
8006.0,63.0,0.909711
8006.0,64.0,0.760138
8006.0,65.0,0.0
8006.0,66.0,1.0
8006.0,67.0,0.820538
8006.0,68.0,0.707382
8006.0,69.0,0.585375
8006.0,70.0,0.939195
8006.0,71.0,0.0
8006.0,72.0,0.235488
8006.0,73.0,0.380536
8006.0,74.0,0.412283
8006.0,75.0,0.500633
8006.0,76.0,0.463419
8006.0,77.0,0.534614
8006.0,78.0,0.651231
8006.0,79.0,0.598176
8006.0,80.0,0.429848
8006.0,81.0,1.0
8006.0,82.0,0.0
8006.0,83.0,0.058093
8006.0,84.0,0.514914
8006.0,85.0,0.36705
8006.0,86.0,0.48972
8006.0,87.0,0.662543
8006.0,88.0,1.0
8006.0,89.0,0.965613
8006.0,90.0,0.172411
8006.0,91.0,1.0
8006.0,92.0,0.676966
8006.0,93.0,0.487106
8006.0,94.0,0.587108
8006.0,95.0,0.0
8006.0,96.0,0.303218
8006.0,97.0,0.848461
8006.0,98.0,0.210052
8006.0,99.0,0.698069
8006.0,100.0,0.734044
8006.0,101.0,0.0
8006.0,102.0,0.850947
8006.0,103.0,0.592578
8006.0,104.0,1.0
8006.0,105.0,0.0
8006.0,106.0,0.757413
8006.0,107.0,0.085274
8006.0,108.0,0.339914
8006.0,109.0,0.302996
8006.0,110.0,0.594309
8006.0,111.0,0.365499
8006.0,112.0,1.0
8006.0,113.0,0.681025
8006.0,114.0,0.45003
8006.0,115.0,0.009119
8006.0,116.0,0.0
8006.0,117.0,0.395002
8006.0,118.0,1.0
8006.0,119.0,0.514547
8006.0,120.0,0.29635
8006.0,121.0,0.289611
8006.0,122.0,0.599793
8006.0,123.0,0.388771
8006.0,124.0,0.595896
8006.0,125.0,1.0
8006.0,126.0,0.63245
8007.0,0.0,0.16968
8007.0,1.0,0.536051
8007.0,2.0,0.730594
8007.0,3.0,0.671664
8007.0,4.0,0.297434
8007.0,5.0,0.999983
8007.0,6.0,0.806584
8007.0,7.0,0.0
8007.0,8.0,0.294332
8007.0,9.0,0.240151
8007.0,10.0,0.677108
8007.0,11.0,0.53115
8007.0,12.0,0.952085
8007.0,13.0,0.410415
8007.0,14.0,0.40422
8007.0,15.0,0.433503
8007.0,16.0,0.371513
8007.0,17.0,0.465624
8007.0,18.0,0.673146
8007.0,19.0,0.25203
8007.0,20.0,0.626927
8007.0,21.0,0.681975
8007.0,22.0,0.2377
8007.0,23.0,1.0
8007.0,24.0,1.0
8007.0,25.0,0.610723
8007.0,26.0,0.0
8007.0,27.0,0.45185
8007.0,28.0,0.421879
8007.0,29.0,0.0
8007.0,30.0,0.815415
8007.0,31.0,0.554175
8007.0,32.0,0.0
8007.0,33.0,0.0
8007.0,34.0,1.0
8007.0,35.0,0.693687
8007.0,36.0,0.431671
8007.0,37.0,0.982265
8007.0,38.0,0.0
8007.0,39.0,0.0
8007.0,40.0,0.57541
8007.0,41.0,0.401423
8007.0,42.0,0.575387
8007.0,43.0,0.462694
8007.0,44.0,0.697818
8007.0,45.0,0.503555
8007.0,46.0,0.876846
8007.0,47.0,0.589516
8007.0,48.0,0.712422
8007.0,49.0,1.0
8007.0,50.0,0.346546
8007.0,51.0,0.40159
8007.0,52.0,0.0
8007.0,53.0,0.733886
8007.0,54.0,0.86838
8007.0,55.0,0.407723
8007.0,56.0,0.62961
8007.0,57.0,0.116544
8007.0,58.0,0.56019
8007.0,59.0,1.0
8007.0,60.0,0.159841
8007.0,61.0,0.441969
8007.0,62.0,0.473365
8007.0,63.0,0.897217
8007.0,64.0,0.743653
8007.0,65.0,0.0
8007.0,66.0,1.0
8007.0,67.0,0.816121
8007.0,68.0,0.701491
8007.0,69.0,0.579335
8007.0,70.0,0.932297
8007.0,71.0,0.0
8007.0,72.0,0.234653
8007.0,73.0,0.338329
8007.0,74.0,0.394411
8007.0,75.0,0.494325
8007.0,76.0,0.418726
8007.0,77.0,0.485313
8007.0,78.0,0.673681
8007.0,79.0,0.587439
8007.0,80.0,0.417879
8007.0,81.0,1.0
8007.0,82.0,0.0
8007.0,83.0,0.051312
8007.0,84.0,0.505158
8007.0,85.0,0.357939
8007.0,86.0,0.481231
8007.0,87.0,0.643664
8007.0,88.0,1.0
8007.0,89.0,0.965342
8007.0,90.0,0.139026
8007.0,91.0,1.0
8007.0,92.0,0.671972
8007.0,93.0,0.474054
8007.0,94.0,0.56741
8007.0,95.0,0.0
8007.0,96.0,0.288377
8007.0,97.0,0.837597
8007.0,98.0,0.208978
8007.0,99.0,0.684822
8007.0,100.0,0.727082
8007.0,101.0,0.0
8007.0,102.0,0.83381
8007.0,103.0,0.578891
8007.0,104.0,1.0
8007.0,105.0,0.0
8007.0,106.0,0.751459
8007.0,107.0,0.083801
8007.0,108.0,0.280574
8007.0,109.0,0.299656
8007.0,110.0,0.602391
8007.0,111.0,0.35478
8007.0,112.0,1.0
8007.0,113.0,0.669639
8007.0,114.0,0.441705
8007.0,115.0,0.008723
8007.0,116.0,0.0
8007.0,117.0,0.386914
8007.0,118.0,1.0
8007.0,119.0,0.48228
8007.0,120.0,0.29294
8007.0,121.0,0.287574
8007.0,122.0,0.588935
8007.0,123.0,0.345341
8007.0,124.0,0.56349
8007.0,125.0,1.0
8007.0,126.0,0.629142
8008.0,0.0,0.161671
8008.0,1.0,0.529003
8008.0,2.0,0.728334
8008.0,3.0,0.655978
8008.0,4.0,0.295431
8008.0,5.0,0.999993
8008.0,6.0,0.811727
8008.0,7.0,0.0
8008.0,8.0,0.291012
8008.0,9.0,0.23175
8008.0,10.0,0.646015
8008.0,11.0,0.548868
8008.0,12.0,0.948396
8008.0,13.0,0.388359
8008.0,14.0,0.37729
8008.0,15.0,0.41946
8008.0,16.0,0.342364
8008.0,17.0,0.464275
8008.0,18.0,0.660237
8008.0,19.0,0.201745
8008.0,20.0,0.627441
8008.0,21.0,0.679189
8008.0,22.0,0.236222
8008.0,23.0,1.0
8008.0,24.0,1.0
8008.0,25.0,0.595037
8008.0,26.0,0.0
8008.0,27.0,0.434901
8008.0,28.0,0.416356
8008.0,29.0,0.0
8008.0,30.0,0.814021
8008.0,31.0,0.554246
8008.0,32.0,0.0
8008.0,33.0,0.0
8008.0,34.0,1.0
8008.0,35.0,0.686264
8008.0,36.0,0.411062
8008.0,37.0,0.98058
8008.0,38.0,0.0
8008.0,39.0,0.0
8008.0,40.0,0.572433
8008.0,41.0,0.396828
8008.0,42.0,0.547194
8008.0,43.0,0.452456
8008.0,44.0,0.688418
8008.0,45.0,0.488952
8008.0,46.0,0.799218
8008.0,47.0,0.582502
8008.0,48.0,0.686095
8008.0,49.0,1.0
8008.0,50.0,0.338744
8008.0,51.0,0.371385
8008.0,52.0,0.0
8008.0,53.0,0.710986
8008.0,54.0,0.867371
8008.0,55.0,0.380213
8008.0,56.0,0.618551
8008.0,57.0,0.113992
8008.0,58.0,0.557905
8008.0,59.0,1.0
8008.0,60.0,0.155967
8008.0,61.0,0.42488
8008.0,62.0,0.476739
8008.0,63.0,0.883272
8008.0,64.0,0.72674
8008.0,65.0,0.0
8008.0,66.0,1.0
8008.0,67.0,0.812224
8008.0,68.0,0.69541
8008.0,69.0,0.574184
8008.0,70.0,0.925602
8008.0,71.0,0.0
8008.0,72.0,0.233068
8008.0,73.0,0.301286
8008.0,74.0,0.375285
8008.0,75.0,0.489561
8008.0,76.0,0.380148
8008.0,77.0,0.43355
8008.0,78.0,0.6895
8008.0,79.0,0.577142
8008.0,80.0,0.407053
8008.0,81.0,1.0
8008.0,82.0,0.0
8008.0,83.0,0.045781
8008.0,84.0,0.496256
8008.0,85.0,0.349724
8008.0,86.0,0.472821
8008.0,87.0,0.625031
8008.0,88.0,1.0
8008.0,89.0,0.964842
8008.0,90.0,0.111777
8008.0,91.0,1.0
8008.0,92.0,0.666264
8008.0,93.0,0.462143
8008.0,94.0,0.549194
8008.0,95.0,0.0
8008.0,96.0,0.274012
8008.0,97.0,0.826611
8008.0,98.0,0.206611
8008.0,99.0,0.672673
8008.0,100.0,0.720269
8008.0,101.0,0.0
8008.0,102.0,0.817138
8008.0,103.0,0.566794
8008.0,104.0,1.0
8008.0,105.0,0.0
8008.0,106.0,0.745502
8008.0,107.0,0.082566
8008.0,108.0,0.237533
8008.0,109.0,0.298119
8008.0,110.0,0.605165
8008.0,111.0,0.344609
8008.0,112.0,1.0
8008.0,113.0,0.659323
8008.0,114.0,0.434349
8008.0,115.0,0.008486
8008.0,116.0,0.0
8008.0,117.0,0.379819
8008.0,118.0,1.0
8008.0,119.0,0.454569
8008.0,120.0,0.291333
8008.0,121.0,0.285904
8008.0,122.0,0.578527
8008.0,123.0,0.311607
8008.0,124.0,0.530951
8008.0,125.0,1.0
8008.0,126.0,0.625848
8009.0,0.0,0.154051
8009.0,1.0,0.523224
8009.0,2.0,0.726025
8009.0,3.0,0.640193
8009.0,4.0,0.294216
8009.0,5.0,0.999993
8009.0,6.0,0.814559
8009.0,7.0,0.0
8009.0,8.0,0.28744
8009.0,9.0,0.224426
8009.0,10.0,0.615003
8009.0,11.0,0.559039
8009.0,12.0,0.944168
8009.0,13.0,0.367991
8009.0,14.0,0.350017
8009.0,15.0,0.405677
8009.0,16.0,0.316214
8009.0,17.0,0.462027
8009.0,18.0,0.646154
8009.0,19.0,0.161606
8009.0,20.0,0.62735
8009.0,21.0,0.67609
8009.0,22.0,0.234564
8009.0,23.0,1.0
8009.0,24.0,1.0
8009.0,25.0,0.578758
8009.0,26.0,0.0
8009.0,27.0,0.419761
8009.0,28.0,0.410496
8009.0,29.0,0.0
8009.0,30.0,0.812665
8009.0,31.0,0.554514
8009.0,32.0,0.0
8009.0,33.0,0.0
8009.0,34.0,1.0
8009.0,35.0,0.67846
8009.0,36.0,0.39037
8009.0,37.0,0.978322
8009.0,38.0,0.0
8009.0,39.0,0.0
8009.0,40.0,0.568106
8009.0,41.0,0.392348
8009.0,42.0,0.518765
8009.0,43.0,0.441756
8009.0,44.0,0.678106
8009.0,45.0,0.475178
8009.0,46.0,0.692131
8009.0,47.0,0.576045
8009.0,48.0,0.659758
8009.0,49.0,1.0
8009.0,50.0,0.330802
8009.0,51.0,0.345932
8009.0,52.0,0.0
8009.0,53.0,0.687903
8009.0,54.0,0.866934
8009.0,55.0,0.356481
8009.0,56.0,0.607699
8009.0,57.0,0.111687
8009.0,58.0,0.554577
8009.0,59.0,1.0
8009.0,60.0,0.15245
8009.0,61.0,0.407497
8009.0,62.0,0.481678
8009.0,63.0,0.868635
8009.0,64.0,0.710973
8009.0,65.0,0.0
8009.0,66.0,1.0
8009.0,67.0,0.809083
8009.0,68.0,0.690117
8009.0,69.0,0.569089
8009.0,70.0,0.918281
8009.0,71.0,0.0
8009.0,72.0,0.231447
8009.0,73.0,0.271483
8009.0,74.0,0.358494
8009.0,75.0,0.485586
8009.0,76.0,0.346452
8009.0,77.0,0.380444
8009.0,78.0,0.70023
8009.0,79.0,0.565448
8009.0,80.0,0.39692
8009.0,81.0,1.0
8009.0,82.0,0.0
8009.0,83.0,0.041102
8009.0,84.0,0.486313
8009.0,85.0,0.340981
8009.0,86.0,0.463852
8009.0,87.0,0.606574
8009.0,88.0,1.0
8009.0,89.0,0.964877
8009.0,90.0,0.09066
8009.0,91.0,1.0
8009.0,92.0,0.66097
8009.0,93.0,0.449794
8009.0,94.0,0.530602
8009.0,95.0,0.0
8009.0,96.0,0.262005
8009.0,97.0,0.815848
8009.0,98.0,0.204808
8009.0,99.0,0.661441
8009.0,100.0,0.713529
8009.0,101.0,0.0
8009.0,102.0,0.799794
8009.0,103.0,0.553678
8009.0,104.0,1.0
8009.0,105.0,0.0
8009.0,106.0,0.740361
8009.0,107.0,0.081079
8009.0,108.0,0.20565
8009.0,109.0,0.294993
8009.0,110.0,0.603677
8009.0,111.0,0.336227
8009.0,112.0,1.0
8009.0,113.0,0.649419
8009.0,114.0,0.427963
8009.0,115.0,0.007992
8009.0,116.0,0.0
8009.0,117.0,0.372676
8009.0,118.0,1.0
8009.0,119.0,0.429662
8009.0,120.0,0.289521
8009.0,121.0,0.283058
8009.0,122.0,0.569308
8009.0,123.0,0.285998
8009.0,124.0,0.500964
8009.0,125.0,1.0
8009.0,126.0,0.622937
8010.0,0.0,0.147187
8010.0,1.0,0.517076
8010.0,2.0,0.724398
8010.0,3.0,0.624851
8010.0,4.0,0.29331
8010.0,5.0,0.999991
8010.0,6.0,0.816401
8010.0,7.0,0.0
8010.0,8.0,0.284693
8010.0,9.0,0.218125
8010.0,10.0,0.583683
8010.0,11.0,0.563969
8010.0,12.0,0.939826
8010.0,13.0,0.349317
8010.0,14.0,0.323914
8010.0,15.0,0.393516
8010.0,16.0,0.291929
8010.0,17.0,0.460053
8010.0,18.0,0.633655
8010.0,19.0,0.129023
8010.0,20.0,0.625824
8010.0,21.0,0.673492
8010.0,22.0,0.232777
8010.0,23.0,1.0
8010.0,24.0,1.0
8010.0,25.0,0.563814
8010.0,26.0,0.0
8010.0,27.0,0.406684
8010.0,28.0,0.406011
8010.0,29.0,0.0
8010.0,30.0,0.810946
8010.0,31.0,0.554708
8010.0,32.0,0.0
8010.0,33.0,0.0
8010.0,34.0,1.0
8010.0,35.0,0.671058
8010.0,36.0,0.371134
8010.0,37.0,0.976408
8010.0,38.0,0.0
8010.0,39.0,0.0
8010.0,40.0,0.5641
8010.0,41.0,0.387894
8010.0,42.0,0.490699
8010.0,43.0,0.432205
8010.0,44.0,0.668434
8010.0,45.0,0.462697
8010.0,46.0,0.559023
8010.0,47.0,0.570669
8010.0,48.0,0.633516
8010.0,49.0,1.0
8010.0,50.0,0.323644
8010.0,51.0,0.32345
8010.0,52.0,0.0
8010.0,53.0,0.663111
8010.0,54.0,0.865492
8010.0,55.0,0.335896
8010.0,56.0,0.597876
8010.0,57.0,0.108727
8010.0,58.0,0.551538
8010.0,59.0,1.0
8010.0,60.0,0.14809
8010.0,61.0,0.392236
8010.0,62.0,0.484413
8010.0,63.0,0.852644
8010.0,64.0,0.695692
8010.0,65.0,0.0
8010.0,66.0,1.0
8010.0,67.0,0.805613
8010.0,68.0,0.685836
8010.0,69.0,0.56486
8010.0,70.0,0.910009
8010.0,71.0,0.0
8010.0,72.0,0.230202
8010.0,73.0,0.246283
8010.0,74.0,0.341967
8010.0,75.0,0.481491
8010.0,76.0,0.317419
8010.0,77.0,0.327181
8010.0,78.0,0.708013
8010.0,79.0,0.554168
8010.0,80.0,0.386095
8010.0,81.0,1.0
8010.0,82.0,0.0
8010.0,83.0,0.037059
8010.0,84.0,0.478052
8010.0,85.0,0.333186
8010.0,86.0,0.455603
8010.0,87.0,0.589181
8010.0,88.0,1.0
8010.0,89.0,0.964567
8010.0,90.0,0.073196
8010.0,91.0,1.0
8010.0,92.0,0.65615
8010.0,93.0,0.438591
8010.0,94.0,0.51157
8010.0,95.0,0.0
8010.0,96.0,0.249895
8010.0,97.0,0.805458
8010.0,98.0,0.202794
8010.0,99.0,0.650732
8010.0,100.0,0.706528
8010.0,101.0,0.0
8010.0,102.0,0.783844
8010.0,103.0,0.541155
8010.0,104.0,1.0
8010.0,105.0,0.0
8010.0,106.0,0.7346
8010.0,107.0,0.079878
8010.0,108.0,0.182418
8010.0,109.0,0.292045
8010.0,110.0,0.601132
8010.0,111.0,0.327699
8010.0,112.0,1.0
8010.0,113.0,0.6387
8010.0,114.0,0.421339
8010.0,115.0,0.007573
8010.0,116.0,0.0
8010.0,117.0,0.366256
8010.0,118.0,1.0
8010.0,119.0,0.407191
8010.0,120.0,0.287587
8010.0,121.0,0.280452
8010.0,122.0,0.559965
8010.0,123.0,0.265273
8010.0,124.0,0.472536
8010.0,125.0,1.0
8010.0,126.0,0.620538
9000.0,0.0,0.159311
9000.0,1.0,0.507901
9000.0,2.0,0.742646
9000.0,3.0,0.623375
9000.0,4.0,0.278759
9000.0,5.0,1.0
9000.0,6.0,0.799442
9000.0,7.0,0.0
9000.0,8.0,0.26936
9000.0,9.0,0.198968
9000.0,10.0,0.577148
9000.0,11.0,0.563511
9000.0,12.0,0.929739
9000.0,13.0,0.350288
9000.0,14.0,0.320285
9000.0,15.0,0.391677
9000.0,16.0,0.293423
9000.0,17.0,0.474956
9000.0,18.0,0.626434
9000.0,19.0,0.130852
9000.0,20.0,0.599322
9000.0,21.0,0.675886
9000.0,22.0,0.241571
9000.0,23.0,1.0
9000.0,24.0,1.0
9000.0,25.0,0.56797
9000.0,26.0,0.0
9000.0,27.0,0.406436
9000.0,28.0,0.395593
9000.0,29.0,0.0
9000.0,30.0,0.803042
9000.0,31.0,0.54581
9000.0,32.0,0.0
9000.0,33.0,0.0
9000.0,34.0,1.0
9000.0,35.0,0.681416
9000.0,36.0,0.373104
9000.0,37.0,0.975006
9000.0,38.0,0.0
9000.0,39.0,0.0
9000.0,40.0,0.552366
9000.0,41.0,0.389439
9000.0,42.0,0.489691
9000.0,43.0,0.437776
9000.0,44.0,0.670439
9000.0,45.0,0.463747
9000.0,46.0,0.566386
9000.0,47.0,0.58825
9000.0,48.0,0.632126
9000.0,49.0,1.0
9000.0,50.0,0.33347
9000.0,51.0,0.324248
9000.0,52.0,0.0
9000.0,53.0,0.66823
9000.0,54.0,0.875172
9000.0,55.0,0.334935
9000.0,56.0,0.592064
9000.0,57.0,0.098181
9000.0,58.0,0.571411
9000.0,59.0,1.0
9000.0,60.0,0.152948
9000.0,61.0,0.39411
9000.0,62.0,0.473868
9000.0,63.0,0.853336
9000.0,64.0,0.701565
9000.0,65.0,0.0
9000.0,66.0,1.0
9000.0,67.0,0.797939
9000.0,68.0,0.689674
9000.0,69.0,0.56079
9000.0,70.0,0.917553
9000.0,71.0,0.0
9000.0,72.0,0.248644
9000.0,73.0,0.246785
9000.0,74.0,0.352257
9000.0,75.0,0.480236
9000.0,76.0,0.323507
9000.0,77.0,0.309276
9000.0,78.0,0.712179
9000.0,79.0,0.56092
9000.0,80.0,0.37878
9000.0,81.0,1.0
9000.0,82.0,0.0
9000.0,83.0,0.037998
9000.0,84.0,0.465111
9000.0,85.0,0.329259
9000.0,86.0,0.45003
9000.0,87.0,0.582526
9000.0,88.0,1.0
9000.0,89.0,0.964793
9000.0,90.0,0.074142
9000.0,91.0,1.0
9000.0,92.0,0.6592
9000.0,93.0,0.449814
9000.0,94.0,0.50607
9000.0,95.0,0.0
9000.0,96.0,0.254851
9000.0,97.0,0.795876
9000.0,98.0,0.21364
9000.0,99.0,0.655863
9000.0,100.0,0.708727
9000.0,101.0,0.0
9000.0,102.0,0.784816
9000.0,103.0,0.542371
9000.0,104.0,1.0
9000.0,105.0,0.0
9000.0,106.0,0.730437
9000.0,107.0,0.086204
9000.0,108.0,0.185472
9000.0,109.0,0.282679
9000.0,110.0,0.599202
9000.0,111.0,0.322584
9000.0,112.0,1.0
9000.0,113.0,0.639093
9000.0,114.0,0.404382
9000.0,115.0,0.006622
9000.0,116.0,0.0
9000.0,117.0,0.35974
9000.0,118.0,1.0
9000.0,119.0,0.404848
9000.0,120.0,0.295414
9000.0,121.0,0.302346
9000.0,122.0,0.568889
9000.0,123.0,0.267364
9000.0,124.0,0.468815
9000.0,125.0,1.0
9000.0,126.0,0.597934
9001.0,0.0,0.165482
9001.0,1.0,0.513855
9001.0,2.0,0.745746
9001.0,3.0,0.641293
9001.0,4.0,0.281369
9001.0,5.0,1.0
9001.0,6.0,0.795765
9001.0,7.0,0.0
9001.0,8.0,0.272006
9001.0,9.0,0.206192
9001.0,10.0,0.615591
9001.0,11.0,0.548301
9001.0,12.0,0.934087
9001.0,13.0,0.372302
9001.0,14.0,0.350186
9001.0,15.0,0.40626
9001.0,16.0,0.321321
9001.0,17.0,0.477472
9001.0,18.0,0.641832
9001.0,19.0,0.173998
9001.0,20.0,0.600613
9001.0,21.0,0.678995
9001.0,22.0,0.243676
9001.0,23.0,1.0
9001.0,24.0,1.0
9001.0,25.0,0.582044
9001.0,26.0,0.0
9001.0,27.0,0.423122
9001.0,28.0,0.402192
9001.0,29.0,0.0
9001.0,30.0,0.804376
9001.0,31.0,0.545142
9001.0,32.0,0.0
9001.0,33.0,0.0
9001.0,34.0,1.0
9001.0,35.0,0.688763
9001.0,36.0,0.394082
9001.0,37.0,0.977583
9001.0,38.0,0.0
9001.0,39.0,0.0
9001.0,40.0,0.554905
9001.0,41.0,0.394105
9001.0,42.0,0.520987
9001.0,43.0,0.44837
9001.0,44.0,0.68195
9001.0,45.0,0.476868
9001.0,46.0,0.71992
9001.0,47.0,0.595049
9001.0,48.0,0.663491
9001.0,49.0,1.0
9001.0,50.0,0.342233
9001.0,51.0,0.349705
9001.0,52.0,0.0
9001.0,53.0,0.694723
9001.0,54.0,0.875719
9001.0,55.0,0.363287
9001.0,56.0,0.60474
9001.0,57.0,0.101906
9001.0,58.0,0.57505
9001.0,59.0,1.0
9001.0,60.0,0.157285
9001.0,61.0,0.412951
9001.0,62.0,0.468771
9001.0,63.0,0.87063
9001.0,64.0,0.718903
9001.0,65.0,0.0
9001.0,66.0,1.0
9001.0,67.0,0.801979
9001.0,68.0,0.692597
9001.0,69.0,0.565082
9001.0,70.0,0.92567
9001.0,71.0,0.0
9001.0,72.0,0.250431
9001.0,73.0,0.279078
9001.0,74.0,0.369859
9001.0,75.0,0.487559
9001.0,76.0,0.366049
9001.0,77.0,0.369772
9001.0,78.0,0.694459
9001.0,79.0,0.574289
9001.0,80.0,0.389742
9001.0,81.0,1.0
9001.0,82.0,0.0
9001.0,83.0,0.042678
9001.0,84.0,0.476002
9001.0,85.0,0.338941
9001.0,86.0,0.46038
9001.0,87.0,0.603225
9001.0,88.0,1.0
9001.0,89.0,0.964814
9001.0,90.0,0.09436
9001.0,91.0,1.0
9001.0,92.0,0.665686
9001.0,93.0,0.463342
9001.0,94.0,0.528649
9001.0,95.0,0.0
9001.0,96.0,0.268964
9001.0,97.0,0.809036
9001.0,98.0,0.213363
9001.0,99.0,0.667879
9001.0,100.0,0.716463
9001.0,101.0,0.0
9001.0,102.0,0.804959
9001.0,103.0,0.55509
9001.0,104.0,1.0
9001.0,105.0,0.0
9001.0,106.0,0.738073
9001.0,107.0,0.087779
9001.0,108.0,0.221544
9001.0,109.0,0.285787
9001.0,110.0,0.597529
9001.0,111.0,0.33288
9001.0,112.0,1.0
9001.0,113.0,0.649822
9001.0,114.0,0.41352
9001.0,115.0,0.007063
9001.0,116.0,0.0
9001.0,117.0,0.369281
9001.0,118.0,1.0
9001.0,119.0,0.436609
9001.0,120.0,0.295943
9001.0,121.0,0.303473
9001.0,122.0,0.581086
9001.0,123.0,0.30205
9001.0,124.0,0.503054
9001.0,125.0,1.0
9001.0,126.0,0.601612
9002.0,0.0,0.172911
9002.0,1.0,0.520056
9002.0,2.0,0.747899
9002.0,3.0,0.658158
9002.0,4.0,0.283916
9002.0,5.0,1.0
9002.0,6.0,0.79184
9002.0,7.0,0.0
9002.0,8.0,0.274708
9002.0,9.0,0.213012
9002.0,10.0,0.650983
9002.0,11.0,0.531618
9002.0,12.0,0.938692
9002.0,13.0,0.393928
9002.0,14.0,0.378975
9002.0,15.0,0.419069
9002.0,16.0,0.349504
9002.0,17.0,0.479523
9002.0,18.0,0.65688
9002.0,19.0,0.223873
9002.0,20.0,0.601999
9002.0,21.0,0.681961
9002.0,22.0,0.245439
9002.0,23.0,1.0
9002.0,24.0,1.0
9002.0,25.0,0.596188
9002.0,26.0,0.0
9002.0,27.0,0.440393
9002.0,28.0,0.40824
9002.0,29.0,0.0
9002.0,30.0,0.806337
9002.0,31.0,0.544673
9002.0,32.0,0.0
9002.0,33.0,0.0
9002.0,34.0,1.0
9002.0,35.0,0.696233
9002.0,36.0,0.414759
9002.0,37.0,0.979494
9002.0,38.0,0.0
9002.0,39.0,0.0
9002.0,40.0,0.558213
9002.0,41.0,0.399102
9002.0,42.0,0.551271
9002.0,43.0,0.458508
9002.0,44.0,0.693653
9002.0,45.0,0.489706
9002.0,46.0,0.824871
9002.0,47.0,0.600543
9002.0,48.0,0.691752
9002.0,49.0,1.0
9002.0,50.0,0.349013
9002.0,51.0,0.376975
9002.0,52.0,0.0
9002.0,53.0,0.719597
9002.0,54.0,0.87629
9002.0,55.0,0.391909
9002.0,56.0,0.615172
9002.0,57.0,0.105074
9002.0,58.0,0.577584
9002.0,59.0,1.0
9002.0,60.0,0.161352
9002.0,61.0,0.431527
9002.0,62.0,0.464139
9002.0,63.0,0.88598
9002.0,64.0,0.735312
9002.0,65.0,0.0
9002.0,66.0,1.0
9002.0,67.0,0.805818
9002.0,68.0,0.696857
9002.0,69.0,0.56894
9002.0,70.0,0.933334
9002.0,71.0,0.0
9002.0,72.0,0.253601
9002.0,73.0,0.314304
9002.0,74.0,0.38824
9002.0,75.0,0.494619
9002.0,76.0,0.408068
9002.0,77.0,0.427374
9002.0,78.0,0.675893
9002.0,79.0,0.586186
9002.0,80.0,0.401369
9002.0,81.0,1.0
9002.0,82.0,0.0
9002.0,83.0,0.047577
9002.0,84.0,0.485755
9002.0,85.0,0.347952
9002.0,86.0,0.471161
9002.0,87.0,0.623502
9002.0,88.0,1.0
9002.0,89.0,0.964889
9002.0,90.0,0.118095
9002.0,91.0,1.0
9002.0,92.0,0.671421
9002.0,93.0,0.476926
9002.0,94.0,0.549044
9002.0,95.0,0.0
9002.0,96.0,0.282882
9002.0,97.0,0.820936
9002.0,98.0,0.214529
9002.0,99.0,0.679753
9002.0,100.0,0.724489
9002.0,101.0,0.0
9002.0,102.0,0.822837
9002.0,103.0,0.567339
9002.0,104.0,1.0
9002.0,105.0,0.0
9002.0,106.0,0.744014
9002.0,107.0,0.090037
9002.0,108.0,0.264171
9002.0,109.0,0.289288
9002.0,110.0,0.595567
9002.0,111.0,0.342585
9002.0,112.0,1.0
9002.0,113.0,0.660029
9002.0,114.0,0.419738
9002.0,115.0,0.007198
9002.0,116.0,0.0
9002.0,117.0,0.379274
9002.0,118.0,1.0
9002.0,119.0,0.467887
9002.0,120.0,0.297402
9002.0,121.0,0.305554
9002.0,122.0,0.590617
9002.0,123.0,0.337859
9002.0,124.0,0.536215
9002.0,125.0,1.0
9002.0,126.0,0.604768
9003.0,0.0,0.18094
9003.0,1.0,0.526853
9003.0,2.0,0.749387
9003.0,3.0,0.675216
9003.0,4.0,0.286737
9003.0,5.0,1.0
9003.0,6.0,0.788219
9003.0,7.0,0.0
9003.0,8.0,0.277664
9003.0,9.0,0.219135
9003.0,10.0,0.683008
9003.0,11.0,0.513526
9003.0,12.0,0.942629
9003.0,13.0,0.415162
9003.0,14.0,0.407747
9003.0,15.0,0.433595
9003.0,16.0,0.377858
9003.0,17.0,0.482132
9003.0,18.0,0.669822
9003.0,19.0,0.278081
9003.0,20.0,0.602741
9003.0,21.0,0.684652
9003.0,22.0,0.246434
9003.0,23.0,1.0
9003.0,24.0,1.0
9003.0,25.0,0.608907
9003.0,26.0,0.0
9003.0,27.0,0.457542
9003.0,28.0,0.413261
9003.0,29.0,0.0
9003.0,30.0,0.80766
9003.0,31.0,0.543704
9003.0,32.0,0.0
9003.0,33.0,0.0
9003.0,34.0,1.0
9003.0,35.0,0.703123
9003.0,36.0,0.435328
9003.0,37.0,0.981412
9003.0,38.0,0.0
9003.0,39.0,0.0
9003.0,40.0,0.560564
9003.0,41.0,0.404182
9003.0,42.0,0.579867
9003.0,43.0,0.468571
9003.0,44.0,0.704708
9003.0,45.0,0.502142
9003.0,46.0,0.891551
9003.0,47.0,0.608518
9003.0,48.0,0.717084
9003.0,49.0,1.0
9003.0,50.0,0.356673
9003.0,51.0,0.407081
9003.0,52.0,0.0
9003.0,53.0,0.741343
9003.0,54.0,0.87641
9003.0,55.0,0.418761
9003.0,56.0,0.627107
9003.0,57.0,0.108688
9003.0,58.0,0.580638
9003.0,59.0,1.0
9003.0,60.0,0.16557
9003.0,61.0,0.448938
9003.0,62.0,0.459613
9003.0,63.0,0.899062
9003.0,64.0,0.751472
9003.0,65.0,0.0
9003.0,66.0,1.0
9003.0,67.0,0.808452
9003.0,68.0,0.70203
9003.0,69.0,0.572894
9003.0,70.0,0.940156
9003.0,71.0,0.0
9003.0,72.0,0.256301
9003.0,73.0,0.35228
9003.0,74.0,0.406257
9003.0,75.0,0.500783
9003.0,76.0,0.448582
9003.0,77.0,0.481157
9003.0,78.0,0.658037
9003.0,79.0,0.59779
9003.0,80.0,0.411972
9003.0,81.0,1.0
9003.0,82.0,0.0
9003.0,83.0,0.053229
9003.0,84.0,0.495179
9003.0,85.0,0.357435
9003.0,86.0,0.480954
9003.0,87.0,0.643463
9003.0,88.0,1.0
9003.0,89.0,0.965052
9003.0,90.0,0.145753
9003.0,91.0,1.0
9003.0,92.0,0.676883
9003.0,93.0,0.490012
9003.0,94.0,0.568019
9003.0,95.0,0.0
9003.0,96.0,0.296828
9003.0,97.0,0.831868
9003.0,98.0,0.21494
9003.0,99.0,0.690415
9003.0,100.0,0.732174
9003.0,101.0,0.0
9003.0,102.0,0.84004
9003.0,103.0,0.579975
9003.0,104.0,1.0
9003.0,105.0,0.0
9003.0,106.0,0.749437
9003.0,107.0,0.091944
9003.0,108.0,0.311578
9003.0,109.0,0.291723
9003.0,110.0,0.592309
9003.0,111.0,0.352331
9003.0,112.0,1.0
9003.0,113.0,0.670005
9003.0,114.0,0.426113
9003.0,115.0,0.007618
9003.0,116.0,0.0
9003.0,117.0,0.388012
9003.0,118.0,1.0
9003.0,119.0,0.496509
9003.0,120.0,0.299597
9003.0,121.0,0.307266
9003.0,122.0,0.600653
9003.0,123.0,0.374145
9003.0,124.0,0.566521
9003.0,125.0,1.0
9003.0,126.0,0.608941
9004.0,0.0,0.187548
9004.0,1.0,0.533606
9004.0,2.0,0.752136
9004.0,3.0,0.690197
9004.0,4.0,0.289398
9004.0,5.0,1.0
9004.0,6.0,0.783996
9004.0,7.0,0.0
9004.0,8.0,0.281779
9004.0,9.0,0.226205
9004.0,10.0,0.711196
9004.0,11.0,0.492425
9004.0,12.0,0.946605
9004.0,13.0,0.435047
9004.0,14.0,0.436373
9004.0,15.0,0.448231
9004.0,16.0,0.406463
9004.0,17.0,0.484182
9004.0,18.0,0.681474
9004.0,19.0,0.335705
9004.0,20.0,0.604089
9004.0,21.0,0.687704
9004.0,22.0,0.247696
9004.0,23.0,1.0
9004.0,24.0,1.0
9004.0,25.0,0.621576
9004.0,26.0,0.0
9004.0,27.0,0.473802
9004.0,28.0,0.418362
9004.0,29.0,0.0
9004.0,30.0,0.808658
9004.0,31.0,0.542634
9004.0,32.0,0.0
9004.0,33.0,0.0
9004.0,34.0,1.0
9004.0,35.0,0.709117
9004.0,36.0,0.456478
9004.0,37.0,0.98333
9004.0,38.0,0.0
9004.0,39.0,0.0
9004.0,40.0,0.563826
9004.0,41.0,0.410107
9004.0,42.0,0.607331
9004.0,43.0,0.477922
9004.0,44.0,0.714721
9004.0,45.0,0.515004
9004.0,46.0,0.933272
9004.0,47.0,0.616232
9004.0,48.0,0.738807
9004.0,49.0,1.0
9004.0,50.0,0.365478
9004.0,51.0,0.439213
9004.0,52.0,0.0
9004.0,53.0,0.761718
9004.0,54.0,0.876186
9004.0,55.0,0.444763
9004.0,56.0,0.636663
9004.0,57.0,0.112684
9004.0,58.0,0.583709
9004.0,59.0,1.0
9004.0,60.0,0.170161
9004.0,61.0,0.465383
9004.0,62.0,0.455972
9004.0,63.0,0.910464
9004.0,64.0,0.765501
9004.0,65.0,0.0
9004.0,66.0,1.0
9004.0,67.0,0.811388
9004.0,68.0,0.707556
9004.0,69.0,0.5768
9004.0,70.0,0.946204
9004.0,71.0,0.0
9004.0,72.0,0.256888
9004.0,73.0,0.392648
9004.0,74.0,0.423866
9004.0,75.0,0.506863
9004.0,76.0,0.487404
9004.0,77.0,0.528844
9004.0,78.0,0.638246
9004.0,79.0,0.608312
9004.0,80.0,0.423011
9004.0,81.0,1.0
9004.0,82.0,0.0
9004.0,83.0,0.059415
9004.0,84.0,0.503837
9004.0,85.0,0.366465
9004.0,86.0,0.490622
9004.0,87.0,0.661003
9004.0,88.0,1.0
9004.0,89.0,0.965545
9004.0,90.0,0.176605
9004.0,91.0,1.0
9004.0,92.0,0.682637
9004.0,93.0,0.502885
9004.0,94.0,0.585748
9004.0,95.0,0.0
9004.0,96.0,0.311798
9004.0,97.0,0.842673
9004.0,98.0,0.215702
9004.0,99.0,0.702919
9004.0,100.0,0.739336
9004.0,101.0,0.0
9004.0,102.0,0.85488
9004.0,103.0,0.591806
9004.0,104.0,1.0
9004.0,105.0,0.0
9004.0,106.0,0.754609
9004.0,107.0,0.094033
9004.0,108.0,0.366008
9004.0,109.0,0.295503
9004.0,110.0,0.588545
9004.0,111.0,0.361643
9004.0,112.0,1.0
9004.0,113.0,0.681198
9004.0,114.0,0.434222
9004.0,115.0,0.007956
9004.0,116.0,0.0
9004.0,117.0,0.396095
9004.0,118.0,1.0
9004.0,119.0,0.524192
9004.0,120.0,0.301062
9004.0,121.0,0.309765
9004.0,122.0,0.609974
9004.0,123.0,0.412514
9004.0,124.0,0.595715
9004.0,125.0,1.0
9004.0,126.0,0.612247
9005.0,0.0,0.195029
9005.0,1.0,0.539669
9005.0,2.0,0.753464
9005.0,3.0,0.703895
9005.0,4.0,0.291581
9005.0,5.0,1.0
9005.0,6.0,0.779848
9005.0,7.0,0.0
9005.0,8.0,0.285162
9005.0,9.0,0.232753
9005.0,10.0,0.736887
9005.0,11.0,0.470091
9005.0,12.0,0.950259
9005.0,13.0,0.455251
9005.0,14.0,0.46229
9005.0,15.0,0.460948
9005.0,16.0,0.435712
9005.0,17.0,0.485075
9005.0,18.0,0.693154
9005.0,19.0,0.39335
9005.0,20.0,0.604885
9005.0,21.0,0.690068
9005.0,22.0,0.248917
9005.0,23.0,1.0
9005.0,24.0,1.0
9005.0,25.0,0.634178
9005.0,26.0,0.0
9005.0,27.0,0.490775
9005.0,28.0,0.425015
9005.0,29.0,0.0
9005.0,30.0,0.809685
9005.0,31.0,0.54079
9005.0,32.0,0.0
9005.0,33.0,0.0
9005.0,34.0,1.0
9005.0,35.0,0.715397
9005.0,36.0,0.475808
9005.0,37.0,0.984709
9005.0,38.0,0.0
9005.0,39.0,0.0
9005.0,40.0,0.565956
9005.0,41.0,0.415443
9005.0,42.0,0.633306
9005.0,43.0,0.486525
9005.0,44.0,0.723543
9005.0,45.0,0.52687
9005.0,46.0,0.958969
9005.0,47.0,0.624498
9005.0,48.0,0.759551
9005.0,49.0,1.0
9005.0,50.0,0.374927
9005.0,51.0,0.474938
9005.0,52.0,0.0
9005.0,53.0,0.781076
9005.0,54.0,0.876474
9005.0,55.0,0.469555
9005.0,56.0,0.645838
9005.0,57.0,0.117119
9005.0,58.0,0.586414
9005.0,59.0,1.0
9005.0,60.0,0.174635
9005.0,61.0,0.48097
9005.0,62.0,0.452113
9005.0,63.0,0.921106
9005.0,64.0,0.778677
9005.0,65.0,0.0
9005.0,66.0,1.0
9005.0,67.0,0.814511
9005.0,68.0,0.712917
9005.0,69.0,0.579798
9005.0,70.0,0.951259
9005.0,71.0,0.0
9005.0,72.0,0.258715
9005.0,73.0,0.436632
9005.0,74.0,0.440712
9005.0,75.0,0.511693
9005.0,76.0,0.52375
9005.0,77.0,0.571735
9005.0,78.0,0.61971
9005.0,79.0,0.618213
9005.0,80.0,0.433715
9005.0,81.0,1.0
9005.0,82.0,0.0
9005.0,83.0,0.066187
9005.0,84.0,0.512624
9005.0,85.0,0.375512
9005.0,86.0,0.499416
9005.0,87.0,0.677858
9005.0,88.0,1.0
9005.0,89.0,0.965788
9005.0,90.0,0.210327
9005.0,91.0,1.0
9005.0,92.0,0.686943
9005.0,93.0,0.515871
9005.0,94.0,0.602319
9005.0,95.0,0.0
9005.0,96.0,0.326483
9005.0,97.0,0.853492
9005.0,98.0,0.216047
9005.0,99.0,0.715129
9005.0,100.0,0.746159
9005.0,101.0,0.0
9005.0,102.0,0.868637
9005.0,103.0,0.603556
9005.0,104.0,1.0
9005.0,105.0,0.0
9005.0,106.0,0.760538
9005.0,107.0,0.095739
9005.0,108.0,0.426348
9005.0,109.0,0.298239
9005.0,110.0,0.585538
9005.0,111.0,0.370932
9005.0,112.0,1.0
9005.0,113.0,0.689917
9005.0,114.0,0.441884
9005.0,115.0,0.008438
9005.0,116.0,0.0
9005.0,117.0,0.404317
9005.0,118.0,1.0
9005.0,119.0,0.549881
9005.0,120.0,0.301664
9005.0,121.0,0.311953
9005.0,122.0,0.62033
9005.0,123.0,0.450647
9005.0,124.0,0.624439
9005.0,125.0,1.0
9005.0,126.0,0.615983
9006.0,0.0,0.185921
9006.0,1.0,0.532148
9006.0,2.0,0.750441
9006.0,3.0,0.686644
9006.0,4.0,0.290153
9006.0,5.0,1.0
9006.0,6.0,0.791655
9006.0,7.0,0.0
9006.0,8.0,0.282495
9006.0,9.0,0.225188
9006.0,10.0,0.705504
9006.0,11.0,0.508399
9006.0,12.0,0.946603
9006.0,13.0,0.433313
9006.0,14.0,0.432721
9006.0,15.0,0.446723
9006.0,16.0,0.400912
9006.0,17.0,0.483124
9006.0,18.0,0.677998
9006.0,19.0,0.319289
9006.0,20.0,0.603439
9006.0,21.0,0.687345
9006.0,22.0,0.247239
9006.0,23.0,1.0
9006.0,24.0,1.0
9006.0,25.0,0.621752
9006.0,26.0,0.0
9006.0,27.0,0.470262
9006.0,28.0,0.419747
9006.0,29.0,0.0
9006.0,30.0,0.808427
9006.0,31.0,0.541479
9006.0,32.0,0.0
9006.0,33.0,0.0
9006.0,34.0,1.0
9006.0,35.0,0.70833
9006.0,36.0,0.453064
9006.0,37.0,0.983143
9006.0,38.0,0.0
9006.0,39.0,0.0
9006.0,40.0,0.562162
9006.0,41.0,0.409805
9006.0,42.0,0.60446
9006.0,43.0,0.476265
9006.0,44.0,0.713548
9006.0,45.0,0.511804
9006.0,46.0,0.927629
9006.0,47.0,0.616577
9006.0,48.0,0.733175
9006.0,49.0,1.0
9006.0,50.0,0.365427
9006.0,51.0,0.435498
9006.0,52.0,0.0
9006.0,53.0,0.759492
9006.0,54.0,0.875344
9006.0,55.0,0.436495
9006.0,56.0,0.634179
9006.0,57.0,0.112977
9006.0,58.0,0.584213
9006.0,59.0,1.0
9006.0,60.0,0.169235
9006.0,61.0,0.462176
9006.0,62.0,0.457965
9006.0,63.0,0.908844
9006.0,64.0,0.763514
9006.0,65.0,0.0
9006.0,66.0,1.0
9006.0,67.0,0.810723
9006.0,68.0,0.708558
9006.0,69.0,0.574964
9006.0,70.0,0.945031
9006.0,71.0,0.0
9006.0,72.0,0.256361
9006.0,73.0,0.383554
9006.0,74.0,0.422151
9006.0,75.0,0.505632
9006.0,76.0,0.471912
9006.0,77.0,0.524639
9006.0,78.0,0.65275
9006.0,79.0,0.606958
9006.0,80.0,0.422008
9006.0,81.0,1.0
9006.0,82.0,0.0
9006.0,83.0,0.058751
9006.0,84.0,0.502631
9006.0,85.0,0.36466
9006.0,86.0,0.489414
9006.0,87.0,0.658272
9006.0,88.0,1.0
9006.0,89.0,0.965185
9006.0,90.0,0.169673
9006.0,91.0,1.0
9006.0,92.0,0.680387
9006.0,93.0,0.501906
9006.0,94.0,0.58279
9006.0,95.0,0.0
9006.0,96.0,0.310225
9006.0,97.0,0.842228
9006.0,98.0,0.215772
9006.0,99.0,0.701083
9006.0,100.0,0.738578
9006.0,101.0,0.0
9006.0,102.0,0.8533
9006.0,103.0,0.58989
9006.0,104.0,1.0
9006.0,105.0,0.0
9006.0,106.0,0.75371
9006.0,107.0,0.094081
9006.0,108.0,0.341193
9006.0,109.0,0.295214
9006.0,110.0,0.596964
9006.0,111.0,0.360179
9006.0,112.0,1.0
9006.0,113.0,0.67963
9006.0,114.0,0.432818
9006.0,115.0,0.007788
9006.0,116.0,0.0
9006.0,117.0,0.395267
9006.0,118.0,1.0
9006.0,119.0,0.513519
9006.0,120.0,0.30119
9006.0,121.0,0.309983
9006.0,122.0,0.608611
9006.0,123.0,0.392194
9006.0,124.0,0.591468
9006.0,125.0,1.0
9006.0,126.0,0.612994
9007.0,0.0,0.177665
9007.0,1.0,0.525137
9007.0,2.0,0.74776
9007.0,3.0,0.670155
9007.0,4.0,0.288605
9007.0,5.0,1.0
9007.0,6.0,0.799023
9007.0,7.0,0.0
9007.0,8.0,0.278522
9007.0,9.0,0.218752
9007.0,10.0,0.67315
9007.0,11.0,0.533488
9007.0,12.0,0.942136
9007.0,13.0,0.411298
9007.0,14.0,0.404164
9007.0,15.0,0.430643
9007.0,16.0,0.368868
9007.0,17.0,0.480738
9007.0,18.0,0.664444
9007.0,19.0,0.256664
9007.0,20.0,0.60219
9007.0,21.0,0.6848
9007.0,22.0,0.24618
9007.0,23.0,1.0
9007.0,24.0,1.0
9007.0,25.0,0.609636
9007.0,26.0,0.0
9007.0,27.0,0.451042
9007.0,28.0,0.413972
9007.0,29.0,0.0
9007.0,30.0,0.806991
9007.0,31.0,0.543179
9007.0,32.0,0.0
9007.0,33.0,0.0
9007.0,34.0,1.0
9007.0,35.0,0.701364
9007.0,36.0,0.432949
9007.0,37.0,0.981076
9007.0,38.0,0.0
9007.0,39.0,0.0
9007.0,40.0,0.558524
9007.0,41.0,0.404577
9007.0,42.0,0.575659
9007.0,43.0,0.465491
9007.0,44.0,0.703273
9007.0,45.0,0.49619
9007.0,46.0,0.876959
9007.0,47.0,0.608189
9007.0,48.0,0.706661
9007.0,49.0,1.0
9007.0,50.0,0.356752
9007.0,51.0,0.402322
9007.0,52.0,0.0
9007.0,53.0,0.737
9007.0,54.0,0.874567
9007.0,55.0,0.405972
9007.0,56.0,0.621752
9007.0,57.0,0.109006
9007.0,58.0,0.582567
9007.0,59.0,1.0
9007.0,60.0,0.164783
9007.0,61.0,0.443323
9007.0,62.0,0.46275
9007.0,63.0,0.895845
9007.0,64.0,0.748088
9007.0,65.0,0.0
9007.0,66.0,1.0
9007.0,67.0,0.806839
9007.0,68.0,0.702508
9007.0,69.0,0.570763
9007.0,70.0,0.938733
9007.0,71.0,0.0
9007.0,72.0,0.253873
9007.0,73.0,0.339664
9007.0,74.0,0.403355
9007.0,75.0,0.500378
9007.0,76.0,0.426278
9007.0,77.0,0.47367
9007.0,78.0,0.676307
9007.0,79.0,0.596369
9007.0,80.0,0.410199
9007.0,81.0,1.0
9007.0,82.0,0.0
9007.0,83.0,0.052475
9007.0,84.0,0.4934
9007.0,85.0,0.354135
9007.0,86.0,0.479937
9007.0,87.0,0.638065
9007.0,88.0,1.0
9007.0,89.0,0.96449
9007.0,90.0,0.137063
9007.0,91.0,1.0
9007.0,92.0,0.67485
9007.0,93.0,0.488014
9007.0,94.0,0.562566
9007.0,95.0,0.0
9007.0,96.0,0.293768
9007.0,97.0,0.830851
9007.0,98.0,0.215711
9007.0,99.0,0.688589
9007.0,100.0,0.730542
9007.0,101.0,0.0
9007.0,102.0,0.83679
9007.0,103.0,0.576543
9007.0,104.0,1.0
9007.0,105.0,0.0
9007.0,106.0,0.746688
9007.0,107.0,0.091622
9007.0,108.0,0.28243
9007.0,109.0,0.291993
9007.0,110.0,0.603926
9007.0,111.0,0.349362
9007.0,112.0,1.0
9007.0,113.0,0.669311
9007.0,114.0,0.42524
9007.0,115.0,0.007286
9007.0,116.0,0.0
9007.0,117.0,0.386801
9007.0,118.0,1.0
9007.0,119.0,0.480451
9007.0,120.0,0.299705
9007.0,121.0,0.308267
9007.0,122.0,0.597815
9007.0,123.0,0.348173
9007.0,124.0,0.557405
9007.0,125.0,1.0
9007.0,126.0,0.609549
9008.0,0.0,0.170051
9008.0,1.0,0.51756
9008.0,2.0,0.745058
9008.0,3.0,0.654886
9008.0,4.0,0.286819
9008.0,5.0,1.0
9008.0,6.0,0.803792
9008.0,7.0,0.0
9008.0,8.0,0.275938
9008.0,9.0,0.211981
9008.0,10.0,0.641698
9008.0,11.0,0.54877
9008.0,12.0,0.938165
9008.0,13.0,0.389923
9008.0,14.0,0.375645
9008.0,15.0,0.417003
9008.0,16.0,0.339781
9008.0,17.0,0.479701
9008.0,18.0,0.651433
9008.0,19.0,0.205216
9008.0,20.0,0.600092
9008.0,21.0,0.681383
9008.0,22.0,0.246438
9008.0,23.0,1.0
9008.0,24.0,1.0
9008.0,25.0,0.596206
9008.0,26.0,0.0
9008.0,27.0,0.434524
9008.0,28.0,0.407477
9008.0,29.0,0.0
9008.0,30.0,0.805879
9008.0,31.0,0.544665
9008.0,32.0,0.0
9008.0,33.0,0.0
9008.0,34.0,1.0
9008.0,35.0,0.694871
9008.0,36.0,0.413138
9008.0,37.0,0.978812
9008.0,38.0,0.0
9008.0,39.0,0.0
9008.0,40.0,0.554297
9008.0,41.0,0.400253
9008.0,42.0,0.548237
9008.0,43.0,0.455897
9008.0,44.0,0.693501
9008.0,45.0,0.481764
9008.0,46.0,0.79989
9008.0,47.0,0.59981
9008.0,48.0,0.680929
9008.0,49.0,1.0
9008.0,50.0,0.348669
9008.0,51.0,0.372783
9008.0,52.0,0.0
9008.0,53.0,0.714403
9008.0,54.0,0.873922
9008.0,55.0,0.379294
9008.0,56.0,0.610693
9008.0,57.0,0.105318
9008.0,58.0,0.580187
9008.0,59.0,1.0
9008.0,60.0,0.161361
9008.0,61.0,0.42565
9008.0,62.0,0.466718
9008.0,63.0,0.882218
9008.0,64.0,0.732172
9008.0,65.0,0.0
9008.0,66.0,1.0
9008.0,67.0,0.802611
9008.0,68.0,0.69779
9008.0,69.0,0.567528
9008.0,70.0,0.931975
9008.0,71.0,0.0
9008.0,72.0,0.252347
9008.0,73.0,0.303956
9008.0,74.0,0.384332
9008.0,75.0,0.495348
9008.0,76.0,0.386907
9008.0,77.0,0.42016
9008.0,78.0,0.692562
9008.0,79.0,0.586118
9008.0,80.0,0.399357
9008.0,81.0,1.0
9008.0,82.0,0.0
9008.0,83.0,0.046819
9008.0,84.0,0.48417
9008.0,85.0,0.34465
9008.0,86.0,0.47118
9008.0,87.0,0.617464
9008.0,88.0,1.0
9008.0,89.0,0.963779
9008.0,90.0,0.110633
9008.0,91.0,1.0
9008.0,92.0,0.668835
9008.0,93.0,0.475757
9008.0,94.0,0.544162
9008.0,95.0,0.0
9008.0,96.0,0.279425
9008.0,97.0,0.817964
9008.0,98.0,0.215173
9008.0,99.0,0.677184
9008.0,100.0,0.723684
9008.0,101.0,0.0
9008.0,102.0,0.819761
9008.0,103.0,0.562314
9008.0,104.0,1.0
9008.0,105.0,0.0
9008.0,106.0,0.740604
9008.0,107.0,0.090058
9008.0,108.0,0.242343
9008.0,109.0,0.288388
9008.0,110.0,0.604985
9008.0,111.0,0.339628
9008.0,112.0,1.0
9008.0,113.0,0.659125
9008.0,114.0,0.418782
9008.0,115.0,0.00703
9008.0,116.0,0.0
9008.0,117.0,0.379606
9008.0,118.0,1.0
9008.0,119.0,0.450883
9008.0,120.0,0.298706
9008.0,121.0,0.306599
9008.0,122.0,0.588432
9008.0,123.0,0.314744
9008.0,124.0,0.526202
9008.0,125.0,1.0
9008.0,126.0,0.607087
9009.0,0.0,0.162517
9009.0,1.0,0.511642
9009.0,2.0,0.743397
9009.0,3.0,0.639618
9009.0,4.0,0.285382
9009.0,5.0,1.0
9009.0,6.0,0.806338
9009.0,7.0,0.0
9009.0,8.0,0.273502
9009.0,9.0,0.206052
9009.0,10.0,0.609868
9009.0,11.0,0.558356
9009.0,12.0,0.934049
9009.0,13.0,0.36946
9009.0,14.0,0.349357
9009.0,15.0,0.403303
9009.0,16.0,0.314682
9009.0,17.0,0.476371
9009.0,18.0,0.637995
9009.0,19.0,0.16423
9009.0,20.0,0.598199
9009.0,21.0,0.678541
9009.0,22.0,0.245712
9009.0,23.0,1.0
9009.0,24.0,1.0
9009.0,25.0,0.582327
9009.0,26.0,0.0
9009.0,27.0,0.419406
9009.0,28.0,0.401951
9009.0,29.0,0.0
9009.0,30.0,0.804254
9009.0,31.0,0.545676
9009.0,32.0,0.0
9009.0,33.0,0.0
9009.0,34.0,1.0
9009.0,35.0,0.687603
9009.0,36.0,0.394184
9009.0,37.0,0.976649
9009.0,38.0,0.0
9009.0,39.0,0.0
9009.0,40.0,0.55051
9009.0,41.0,0.395667
9009.0,42.0,0.520634
9009.0,43.0,0.445449
9009.0,44.0,0.68331
9009.0,45.0,0.468782
9009.0,46.0,0.692506
9009.0,47.0,0.590671
9009.0,48.0,0.656675
9009.0,49.0,1.0
9009.0,50.0,0.341184
9009.0,51.0,0.346962
9009.0,52.0,0.0
9009.0,53.0,0.690398
9009.0,54.0,0.873908
9009.0,55.0,0.356664
9009.0,56.0,0.600247
9009.0,57.0,0.102669
9009.0,58.0,0.577865
9009.0,59.0,1.0
9009.0,60.0,0.158294
9009.0,61.0,0.409792
9009.0,62.0,0.4705
9009.0,63.0,0.867737
9009.0,64.0,0.715767
9009.0,65.0,0.0
9009.0,66.0,1.0
9009.0,67.0,0.798084
9009.0,68.0,0.69276
9009.0,69.0,0.562645
9009.0,70.0,0.924464
9009.0,71.0,0.0
9009.0,72.0,0.250673
9009.0,73.0,0.2736
9009.0,74.0,0.365958
9009.0,75.0,0.4914
9009.0,76.0,0.352661
9009.0,77.0,0.365493
9009.0,78.0,0.703946
9009.0,79.0,0.576683
9009.0,80.0,0.389117
9009.0,81.0,1.0
9009.0,82.0,0.0
9009.0,83.0,0.041421
9009.0,84.0,0.475102
9009.0,85.0,0.337134
9009.0,86.0,0.462251
9009.0,87.0,0.598309
9009.0,88.0,1.0
9009.0,89.0,0.962788
9009.0,90.0,0.090477
9009.0,91.0,1.0
9009.0,92.0,0.662714
9009.0,93.0,0.463567
9009.0,94.0,0.525742
9009.0,95.0,0.0
9009.0,96.0,0.266203
9009.0,97.0,0.805912
9009.0,98.0,0.215039
9009.0,99.0,0.666914
9009.0,100.0,0.71683
9009.0,101.0,0.0
9009.0,102.0,0.803439
9009.0,103.0,0.550521
9009.0,104.0,1.0
9009.0,105.0,0.0
9009.0,106.0,0.734126
9009.0,107.0,0.088564
9009.0,108.0,0.211626
9009.0,109.0,0.285523
9009.0,110.0,0.602343
9009.0,111.0,0.331514
9009.0,112.0,1.0
9009.0,113.0,0.649301
9009.0,114.0,0.411775
9009.0,115.0,0.006969
9009.0,116.0,0.0
9009.0,117.0,0.371243
9009.0,118.0,1.0
9009.0,119.0,0.424571
9009.0,120.0,0.295847
9009.0,121.0,0.30413
9009.0,122.0,0.5779
9009.0,123.0,0.288089
9009.0,124.0,0.497862
9009.0,125.0,1.0
9009.0,126.0,0.604417
9010.0,0.0,0.156075
9010.0,1.0,0.505853
9010.0,2.0,0.742044
9010.0,3.0,0.625071
9010.0,4.0,0.283877
9010.0,5.0,1.0
9010.0,6.0,0.80566
9010.0,7.0,0.0
9010.0,8.0,0.271021
9010.0,9.0,0.200243
9010.0,10.0,0.578287
9010.0,11.0,0.563242
9010.0,12.0,0.929746
9010.0,13.0,0.349793
9010.0,14.0,0.32433
9010.0,15.0,0.390212
9010.0,16.0,0.291703
9010.0,17.0,0.474622
9010.0,18.0,0.626568
9010.0,19.0,0.131564
9010.0,20.0,0.597105
9010.0,21.0,0.677201
9010.0,22.0,0.245066
9010.0,23.0,1.0
9010.0,24.0,1.0
9010.0,25.0,0.567816
9010.0,26.0,0.0
9010.0,27.0,0.405372
9010.0,28.0,0.395683
9010.0,29.0,0.0
9010.0,30.0,0.803448
9010.0,31.0,0.546675
9010.0,32.0,0.0
9010.0,33.0,0.0
9010.0,34.0,1.0
9010.0,35.0,0.680849
9010.0,36.0,0.375622
9010.0,37.0,0.974107
9010.0,38.0,0.0
9010.0,39.0,0.0
9010.0,40.0,0.548375
9010.0,41.0,0.391823
9010.0,42.0,0.49348
9010.0,43.0,0.43491
9010.0,44.0,0.674513
9010.0,45.0,0.456979
9010.0,46.0,0.560399
9010.0,47.0,0.583331
9010.0,48.0,0.631874
9010.0,49.0,1.0
9010.0,50.0,0.333676
9010.0,51.0,0.323612
9010.0,52.0,0.0
9010.0,53.0,0.666821
9010.0,54.0,0.873562
9010.0,55.0,0.336293
9010.0,56.0,0.589384
9010.0,57.0,0.099491
9010.0,58.0,0.575407
9010.0,59.0,1.0
9010.0,60.0,0.155006
9010.0,61.0,0.395117
9010.0,62.0,0.473829
9010.0,63.0,0.851873
9010.0,64.0,0.699053
9010.0,65.0,0.0
9010.0,66.0,1.0
9010.0,67.0,0.79494
9010.0,68.0,0.688663
9010.0,69.0,0.558795
9010.0,70.0,0.917444
9010.0,71.0,0.0
9010.0,72.0,0.248105
9010.0,73.0,0.247685
9010.0,74.0,0.348832
9010.0,75.0,0.487488
9010.0,76.0,0.321158
9010.0,77.0,0.310331
9010.0,78.0,0.711403
9010.0,79.0,0.566252
9010.0,80.0,0.379148
9010.0,81.0,1.0
9010.0,82.0,0.0
9010.0,83.0,0.037276
9010.0,84.0,0.466167
9010.0,85.0,0.329118
9010.0,86.0,0.453696
9010.0,87.0,0.579881
9010.0,88.0,1.0
9010.0,89.0,0.96236
9010.0,90.0,0.073416
9010.0,91.0,1.0
9010.0,92.0,0.657017
9010.0,93.0,0.452303
9010.0,94.0,0.508115
9010.0,95.0,0.0
9010.0,96.0,0.254717
9010.0,97.0,0.793588
9010.0,98.0,0.214405
9010.0,99.0,0.655805
9010.0,100.0,0.709451
9010.0,101.0,0.0
9010.0,102.0,0.786802
9010.0,103.0,0.536135
9010.0,104.0,1.0
9010.0,105.0,0.0
9010.0,106.0,0.727661
9010.0,107.0,0.08681
9010.0,108.0,0.186961
9010.0,109.0,0.282043
9010.0,110.0,0.597693
9010.0,111.0,0.32211
9010.0,112.0,1.0
9010.0,113.0,0.639743
9010.0,114.0,0.405572
9010.0,115.0,0.006937
9010.0,116.0,0.0
9010.0,117.0,0.36462
9010.0,118.0,1.0
9010.0,119.0,0.401905
9010.0,120.0,0.293385
9010.0,121.0,0.302531
9010.0,122.0,0.569084
9010.0,123.0,0.266729
9010.0,124.0,0.47028
9010.0,125.0,1.0
9010.0,126.0,0.601402
10000.0,0.0,0.143993
10000.0,1.0,0.528085
10000.0,2.0,0.752111
10000.0,3.0,0.623128
10000.0,4.0,0.270346
10000.0,5.0,1.0
10000.0,6.0,0.807152
10000.0,7.0,0.0
10000.0,8.0,0.287404
10000.0,9.0,0.202354
10000.0,10.0,0.58155
10000.0,11.0,0.565335
10000.0,12.0,0.939084
10000.0,13.0,0.35572
10000.0,14.0,0.323005
10000.0,15.0,0.398357
10000.0,16.0,0.294158
10000.0,17.0,0.466282
10000.0,18.0,0.636856
10000.0,19.0,0.128366
10000.0,20.0,0.590642
10000.0,21.0,0.661953
10000.0,22.0,0.265053
10000.0,23.0,1.0
10000.0,24.0,1.0
10000.0,25.0,0.56061
10000.0,26.0,0.0
10000.0,27.0,0.407203
10000.0,28.0,0.400906
10000.0,29.0,0.0
10000.0,30.0,0.809716
10000.0,31.0,0.545219
10000.0,32.0,0.0
10000.0,33.0,0.0
10000.0,34.0,1.0
10000.0,35.0,0.679085
10000.0,36.0,0.374163
10000.0,37.0,0.964938
10000.0,38.0,0.0
10000.0,39.0,0.0
10000.0,40.0,0.562442
10000.0,41.0,0.373774
10000.0,42.0,0.499738
10000.0,43.0,0.441444
10000.0,44.0,0.669283
10000.0,45.0,0.464487
10000.0,46.0,0.56059
10000.0,47.0,0.570248
10000.0,48.0,0.63107
10000.0,49.0,1.0
10000.0,50.0,0.321847
10000.0,51.0,0.321396
10000.0,52.0,0.0
10000.0,53.0,0.665846
10000.0,54.0,0.890936
10000.0,55.0,0.339532
10000.0,56.0,0.597957
10000.0,57.0,0.101966
10000.0,58.0,0.580228
10000.0,59.0,1.0
10000.0,60.0,0.146409
10000.0,61.0,0.389699
10000.0,62.0,0.488488
10000.0,63.0,0.847884
10000.0,64.0,0.700946
10000.0,65.0,0.0
10000.0,66.0,1.0
10000.0,67.0,0.80066
10000.0,68.0,0.67183
10000.0,69.0,0.568975
10000.0,70.0,0.898646
10000.0,71.0,0.0
10000.0,72.0,0.250616
10000.0,73.0,0.246227
10000.0,74.0,0.352825
10000.0,75.0,0.503949
10000.0,76.0,0.316372
10000.0,77.0,0.302636
10000.0,78.0,0.718683
10000.0,79.0,0.562593
10000.0,80.0,0.375094
10000.0,81.0,1.0
10000.0,82.0,0.0
10000.0,83.0,0.03322
10000.0,84.0,0.470966
10000.0,85.0,0.335702
10000.0,86.0,0.459773
10000.0,87.0,0.58208
10000.0,88.0,1.0
10000.0,89.0,0.971169
10000.0,90.0,0.074065
10000.0,91.0,1.0
10000.0,92.0,0.661462
10000.0,93.0,0.45991
10000.0,94.0,0.507771
10000.0,95.0,0.0
10000.0,96.0,0.253216
10000.0,97.0,0.808022
10000.0,98.0,0.207889
10000.0,99.0,0.655996
10000.0,100.0,0.717569
10000.0,101.0,0.0
10000.0,102.0,0.787483
10000.0,103.0,0.538514
10000.0,104.0,1.0
10000.0,105.0,0.0
10000.0,106.0,0.733172
10000.0,107.0,0.081687
10000.0,108.0,0.186977
10000.0,109.0,0.295034
10000.0,110.0,0.604647
10000.0,111.0,0.321221
10000.0,112.0,1.0
10000.0,113.0,0.638296
10000.0,114.0,0.400987
10000.0,115.0,0.011648
10000.0,116.0,0.0
10000.0,117.0,0.361224
10000.0,118.0,1.0
10000.0,119.0,0.402995
10000.0,120.0,0.302724
10000.0,121.0,0.346302
10000.0,122.0,0.554703
10000.0,123.0,0.272511
10000.0,124.0,0.468831
10000.0,125.0,1.0
10000.0,126.0,0.600589
10001.0,0.0,0.149647
10001.0,1.0,0.534796
10001.0,2.0,0.752948
10001.0,3.0,0.641595
10001.0,4.0,0.270769
10001.0,5.0,1.0
10001.0,6.0,0.801139
10001.0,7.0,0.0
10001.0,8.0,0.290499
10001.0,9.0,0.209955
10001.0,10.0,0.619135
10001.0,11.0,0.547808
10001.0,12.0,0.942961
10001.0,13.0,0.37624
10001.0,14.0,0.352258
10001.0,15.0,0.413546
10001.0,16.0,0.32191
10001.0,17.0,0.468669
10001.0,18.0,0.650616
10001.0,19.0,0.172955
10001.0,20.0,0.590985
10001.0,21.0,0.664181
10001.0,22.0,0.265835
10001.0,23.0,1.0
10001.0,24.0,1.0
10001.0,25.0,0.572833
10001.0,26.0,0.0
10001.0,27.0,0.42165
10001.0,28.0,0.405274
10001.0,29.0,0.0
10001.0,30.0,0.811228
10001.0,31.0,0.546098
10001.0,32.0,0.0
10001.0,33.0,0.0
10001.0,34.0,1.0
10001.0,35.0,0.687256
10001.0,36.0,0.396123
10001.0,37.0,0.968024
10001.0,38.0,0.0
10001.0,39.0,0.0
10001.0,40.0,0.56513
10001.0,41.0,0.378861
10001.0,42.0,0.531529
10001.0,43.0,0.452194
10001.0,44.0,0.681042
10001.0,45.0,0.478052
10001.0,46.0,0.717175
10001.0,47.0,0.577144
10001.0,48.0,0.662844
10001.0,49.0,1.0
10001.0,50.0,0.330548
10001.0,51.0,0.345931
10001.0,52.0,0.0
10001.0,53.0,0.694988
10001.0,54.0,0.890834
10001.0,55.0,0.368961
10001.0,56.0,0.610697
10001.0,57.0,0.104181
10001.0,58.0,0.582874
10001.0,59.0,1.0
10001.0,60.0,0.149397
10001.0,61.0,0.408345
10001.0,62.0,0.4842
10001.0,63.0,0.865276
10001.0,64.0,0.719263
10001.0,65.0,0.0
10001.0,66.0,1.0
10001.0,67.0,0.804437
10001.0,68.0,0.676836
10001.0,69.0,0.573225
10001.0,70.0,0.908053
10001.0,71.0,0.0
10001.0,72.0,0.252578
10001.0,73.0,0.278848
10001.0,74.0,0.370615
10001.0,75.0,0.510146
10001.0,76.0,0.359053
10001.0,77.0,0.363182
10001.0,78.0,0.701045
10001.0,79.0,0.573637
10001.0,80.0,0.387215
10001.0,81.0,1.0
10001.0,82.0,0.0
10001.0,83.0,0.037239
10001.0,84.0,0.48007
10001.0,85.0,0.344921
10001.0,86.0,0.467948
10001.0,87.0,0.601967
10001.0,88.0,1.0
10001.0,89.0,0.971446
10001.0,90.0,0.09388
10001.0,91.0,1.0
10001.0,92.0,0.667276
10001.0,93.0,0.471257
10001.0,94.0,0.529532
10001.0,95.0,0.0
10001.0,96.0,0.265856
10001.0,97.0,0.820854
10001.0,98.0,0.208467
10001.0,99.0,0.666185
10001.0,100.0,0.723179
10001.0,101.0,0.0
10001.0,102.0,0.808759
10001.0,103.0,0.553151
10001.0,104.0,1.0
10001.0,105.0,0.0
10001.0,106.0,0.740902
10001.0,107.0,0.083807
10001.0,108.0,0.222709
10001.0,109.0,0.298166
10001.0,110.0,0.601051
10001.0,111.0,0.330537
10001.0,112.0,1.0
10001.0,113.0,0.64872
10001.0,114.0,0.408305
10001.0,115.0,0.011815
10001.0,116.0,0.0
10001.0,117.0,0.367934
10001.0,118.0,1.0
10001.0,119.0,0.436863
10001.0,120.0,0.304877
10001.0,121.0,0.348412
10001.0,122.0,0.565316
10001.0,123.0,0.307163
10001.0,124.0,0.501063
10001.0,125.0,1.0
10001.0,126.0,0.604679
10002.0,0.0,0.155997
10002.0,1.0,0.541565
10002.0,2.0,0.755493
10002.0,3.0,0.659173
10002.0,4.0,0.272092
10002.0,5.0,1.0
10002.0,6.0,0.794695
10002.0,7.0,0.0
10002.0,8.0,0.294683
10002.0,9.0,0.217229
10002.0,10.0,0.653208
10002.0,11.0,0.529278
10002.0,12.0,0.947043
10002.0,13.0,0.396909
10002.0,14.0,0.380642
10002.0,15.0,0.429825
10002.0,16.0,0.349974
10002.0,17.0,0.469805
10002.0,18.0,0.663438
10002.0,19.0,0.223857
10002.0,20.0,0.592036
10002.0,21.0,0.666559
10002.0,22.0,0.267077
10002.0,23.0,1.0
10002.0,24.0,1.0
10002.0,25.0,0.585359
10002.0,26.0,0.0
10002.0,27.0,0.435169
10002.0,28.0,0.411185
10002.0,29.0,0.0
10002.0,30.0,0.811618
10002.0,31.0,0.546088
10002.0,32.0,0.0
10002.0,33.0,0.0
10002.0,34.0,1.0
10002.0,35.0,0.694481
10002.0,36.0,0.417679
10002.0,37.0,0.971159
10002.0,38.0,0.0
10002.0,39.0,0.0
10002.0,40.0,0.567595
10002.0,41.0,0.384727
10002.0,42.0,0.561654
10002.0,43.0,0.462075
10002.0,44.0,0.692031
10002.0,45.0,0.492651
10002.0,46.0,0.824641
10002.0,47.0,0.585431
10002.0,48.0,0.692766
10002.0,49.0,1.0
10002.0,50.0,0.338964
10002.0,51.0,0.373971
10002.0,52.0,0.0
10002.0,53.0,0.718932
10002.0,54.0,0.890837
10002.0,55.0,0.397477
10002.0,56.0,0.62152
10002.0,57.0,0.106849
10002.0,58.0,0.584996
10002.0,59.0,1.0
10002.0,60.0,0.152934
10002.0,61.0,0.427031
10002.0,62.0,0.47901
10002.0,63.0,0.880695
10002.0,64.0,0.736072
10002.0,65.0,0.0
10002.0,66.0,1.0
10002.0,67.0,0.808709
10002.0,68.0,0.683217
10002.0,69.0,0.57786
10002.0,70.0,0.916999
10002.0,71.0,0.0
10002.0,72.0,0.253346
10002.0,73.0,0.313487
10002.0,74.0,0.388773
10002.0,75.0,0.516217
10002.0,76.0,0.401012
10002.0,77.0,0.421273
10002.0,78.0,0.68324
10002.0,79.0,0.584331
10002.0,80.0,0.400492
10002.0,81.0,1.0
10002.0,82.0,0.0
10002.0,83.0,0.041624
10002.0,84.0,0.489397
10002.0,85.0,0.353303
10002.0,86.0,0.476434
10002.0,87.0,0.622264
10002.0,88.0,1.0
10002.0,89.0,0.971729
10002.0,90.0,0.116558
10002.0,91.0,1.0
10002.0,92.0,0.672932
10002.0,93.0,0.483495
10002.0,94.0,0.550793
10002.0,95.0,0.0
10002.0,96.0,0.279971
10002.0,97.0,0.832752
10002.0,98.0,0.20919
10002.0,99.0,0.676183
10002.0,100.0,0.729956
10002.0,101.0,0.0
10002.0,102.0,0.82735
10002.0,103.0,0.566805
10002.0,104.0,1.0
10002.0,105.0,0.0
10002.0,106.0,0.746605
10002.0,107.0,0.085765
10002.0,108.0,0.263851
10002.0,109.0,0.2998
10002.0,110.0,0.595422
10002.0,111.0,0.340239
10002.0,112.0,1.0
10002.0,113.0,0.65905
10002.0,114.0,0.416355
10002.0,115.0,0.012093
10002.0,116.0,0.0
10002.0,117.0,0.374244
10002.0,118.0,1.0
10002.0,119.0,0.467764
10002.0,120.0,0.306889
10002.0,121.0,0.351494
10002.0,122.0,0.576099
10002.0,123.0,0.34266
10002.0,124.0,0.5333
10002.0,125.0,1.0
10002.0,126.0,0.608634
10003.0,0.0,0.161677
10003.0,1.0,0.547888
10003.0,2.0,0.756756
10003.0,3.0,0.674807
10003.0,4.0,0.273321
10003.0,5.0,1.0
10003.0,6.0,0.788364
10003.0,7.0,0.0
10003.0,8.0,0.298459
10003.0,9.0,0.224958
10003.0,10.0,0.684529
10003.0,11.0,0.509697
10003.0,12.0,0.95088
10003.0,13.0,0.417448
10003.0,14.0,0.409417
10003.0,15.0,0.444568
10003.0,16.0,0.378717
10003.0,17.0,0.471015
10003.0,18.0,0.674382
10003.0,19.0,0.278938
10003.0,20.0,0.593884
10003.0,21.0,0.66912
10003.0,22.0,0.268846
10003.0,23.0,1.0
10003.0,24.0,1.0
10003.0,25.0,0.596727
10003.0,26.0,0.0
10003.0,27.0,0.450931
10003.0,28.0,0.418288
10003.0,29.0,0.0
10003.0,30.0,0.812957
10003.0,31.0,0.546568
10003.0,32.0,0.0
10003.0,33.0,0.0
10003.0,34.0,1.0
10003.0,35.0,0.702235
10003.0,36.0,0.438656
10003.0,37.0,0.974273
10003.0,38.0,0.0
10003.0,39.0,0.0
10003.0,40.0,0.56965
10003.0,41.0,0.390956
10003.0,42.0,0.589231
10003.0,43.0,0.473016
10003.0,44.0,0.703074
10003.0,45.0,0.507063
10003.0,46.0,0.891971
10003.0,47.0,0.593215
10003.0,48.0,0.718434
10003.0,49.0,1.0
10003.0,50.0,0.348164
10003.0,51.0,0.404663
10003.0,52.0,0.0
10003.0,53.0,0.740883
10003.0,54.0,0.891176
10003.0,55.0,0.425467
10003.0,56.0,0.631299
10003.0,57.0,0.109991
10003.0,58.0,0.586799
10003.0,59.0,1.0
10003.0,60.0,0.156964
10003.0,61.0,0.444798
10003.0,62.0,0.474997
10003.0,63.0,0.894197
10003.0,64.0,0.751541
10003.0,65.0,0.0
10003.0,66.0,1.0
10003.0,67.0,0.813159
10003.0,68.0,0.689498
10003.0,69.0,0.582776
10003.0,70.0,0.924668
10003.0,71.0,0.0
10003.0,72.0,0.254734
10003.0,73.0,0.351128
10003.0,74.0,0.407679
10003.0,75.0,0.521767
10003.0,76.0,0.441166
10003.0,77.0,0.475583
10003.0,78.0,0.664529
10003.0,79.0,0.594997
10003.0,80.0,0.413161
10003.0,81.0,1.0
10003.0,82.0,0.0
10003.0,83.0,0.046433
10003.0,84.0,0.498421
10003.0,85.0,0.361279
10003.0,86.0,0.486441
10003.0,87.0,0.640984
10003.0,88.0,1.0
10003.0,89.0,0.972227
10003.0,90.0,0.143348
10003.0,91.0,1.0
10003.0,92.0,0.679274
10003.0,93.0,0.49619
10003.0,94.0,0.569761
10003.0,95.0,0.0
10003.0,96.0,0.294902
10003.0,97.0,0.843998
10003.0,98.0,0.209943
10003.0,99.0,0.686719
10003.0,100.0,0.736673
10003.0,101.0,0.0
10003.0,102.0,0.844249
10003.0,103.0,0.579549
10003.0,104.0,1.0
10003.0,105.0,0.0
10003.0,106.0,0.754017
10003.0,107.0,0.087912
10003.0,108.0,0.310464
10003.0,109.0,0.302836
10003.0,110.0,0.591066
10003.0,111.0,0.349374
10003.0,112.0,1.0
10003.0,113.0,0.668632
10003.0,114.0,0.42323
10003.0,115.0,0.012696
10003.0,116.0,0.0
10003.0,117.0,0.380427
10003.0,118.0,1.0
10003.0,119.0,0.498479
10003.0,120.0,0.307758
10003.0,121.0,0.354008
10003.0,122.0,0.586055
10003.0,123.0,0.37869
10003.0,124.0,0.564691
10003.0,125.0,1.0
10003.0,126.0,0.611788
10004.0,0.0,0.168474
10004.0,1.0,0.553622
10004.0,2.0,0.757454
10004.0,3.0,0.689372
10004.0,4.0,0.274679
10004.0,5.0,1.0
10004.0,6.0,0.781743
10004.0,7.0,0.0
10004.0,8.0,0.30246
10004.0,9.0,0.231835
10004.0,10.0,0.711676
10004.0,11.0,0.48862
10004.0,12.0,0.954247
10004.0,13.0,0.437145
10004.0,14.0,0.436259
10004.0,15.0,0.460061
10004.0,16.0,0.406634
10004.0,17.0,0.472271
10004.0,18.0,0.686139
10004.0,19.0,0.335794
10004.0,20.0,0.593334
10004.0,21.0,0.671877
10004.0,22.0,0.270578
10004.0,23.0,1.0
10004.0,24.0,1.0
10004.0,25.0,0.606208
10004.0,26.0,0.0
10004.0,27.0,0.467553
10004.0,28.0,0.423862
10004.0,29.0,0.0
10004.0,30.0,0.814604
10004.0,31.0,0.547987
10004.0,32.0,0.0
10004.0,33.0,0.0
10004.0,34.0,1.0
10004.0,35.0,0.709496
10004.0,36.0,0.459652
10004.0,37.0,0.976959
10004.0,38.0,0.0
10004.0,39.0,0.0
10004.0,40.0,0.572094
10004.0,41.0,0.397464
10004.0,42.0,0.615789
10004.0,43.0,0.482167
10004.0,44.0,0.71257
10004.0,45.0,0.520364
10004.0,46.0,0.933933
10004.0,47.0,0.599922
10004.0,48.0,0.740425
10004.0,49.0,1.0
10004.0,50.0,0.356734
10004.0,51.0,0.437161
10004.0,52.0,0.0
10004.0,53.0,0.762263
10004.0,54.0,0.891759
10004.0,55.0,0.452781
10004.0,56.0,0.641871
10004.0,57.0,0.113428
10004.0,58.0,0.588212
10004.0,59.0,1.0
10004.0,60.0,0.160778
10004.0,61.0,0.461171
10004.0,62.0,0.471497
10004.0,63.0,0.906764
10004.0,64.0,0.76571
10004.0,65.0,0.0
10004.0,66.0,1.0
10004.0,67.0,0.816957
10004.0,68.0,0.696134
10004.0,69.0,0.587616
10004.0,70.0,0.931467
10004.0,71.0,0.0
10004.0,72.0,0.256535
10004.0,73.0,0.391108
10004.0,74.0,0.424396
10004.0,75.0,0.528865
10004.0,76.0,0.479074
10004.0,77.0,0.524862
10004.0,78.0,0.644835
10004.0,79.0,0.60597
10004.0,80.0,0.425288
10004.0,81.0,1.0
10004.0,82.0,0.0
10004.0,83.0,0.052216
10004.0,84.0,0.507932
10004.0,85.0,0.37021
10004.0,86.0,0.494523
10004.0,87.0,0.659458
10004.0,88.0,1.0
10004.0,89.0,0.972737
10004.0,90.0,0.173041
10004.0,91.0,1.0
10004.0,92.0,0.684935
10004.0,93.0,0.508358
10004.0,94.0,0.587747
10004.0,95.0,0.0
10004.0,96.0,0.309591
10004.0,97.0,0.854376
10004.0,98.0,0.211173
10004.0,99.0,0.696854
10004.0,100.0,0.742618
10004.0,101.0,0.0
10004.0,102.0,0.859822
10004.0,103.0,0.59216
10004.0,104.0,1.0
10004.0,105.0,0.0
10004.0,106.0,0.760811
10004.0,107.0,0.090045
10004.0,108.0,0.364091
10004.0,109.0,0.304506
10004.0,110.0,0.586003
10004.0,111.0,0.35896
10004.0,112.0,1.0
10004.0,113.0,0.678814
10004.0,114.0,0.430574
10004.0,115.0,0.01302
10004.0,116.0,0.0
10004.0,117.0,0.387829
10004.0,118.0,1.0
10004.0,119.0,0.526991
10004.0,120.0,0.309091
10004.0,121.0,0.356298
10004.0,122.0,0.595167
10004.0,123.0,0.415198
10004.0,124.0,0.594705
10004.0,125.0,1.0
10004.0,126.0,0.61523
10005.0,0.0,0.175694
10005.0,1.0,0.559854
10005.0,2.0,0.759575
10005.0,3.0,0.703759
10005.0,4.0,0.275251
10005.0,5.0,1.0
10005.0,6.0,0.776107
10005.0,7.0,0.0
10005.0,8.0,0.306094
10005.0,9.0,0.238786
10005.0,10.0,0.736333
10005.0,11.0,0.467059
10005.0,12.0,0.957865
10005.0,13.0,0.457636
10005.0,14.0,0.461376
10005.0,15.0,0.47355
10005.0,16.0,0.435019
10005.0,17.0,0.473188
10005.0,18.0,0.697558
10005.0,19.0,0.391424
10005.0,20.0,0.59642
10005.0,21.0,0.674198
10005.0,22.0,0.27219
10005.0,23.0,1.0
10005.0,24.0,1.0
10005.0,25.0,0.616153
10005.0,26.0,0.0
10005.0,27.0,0.483456
10005.0,28.0,0.429702
10005.0,29.0,0.0
10005.0,30.0,0.815949
10005.0,31.0,0.548605
10005.0,32.0,0.0
10005.0,33.0,0.0
10005.0,34.0,1.0
10005.0,35.0,0.71521
10005.0,36.0,0.480261
10005.0,37.0,0.978706
10005.0,38.0,0.0
10005.0,39.0,0.0
10005.0,40.0,0.573983
10005.0,41.0,0.402087
10005.0,42.0,0.641296
10005.0,43.0,0.491099
10005.0,44.0,0.721446
10005.0,45.0,0.533765
10005.0,46.0,0.9594
10005.0,47.0,0.606197
10005.0,48.0,0.761064
10005.0,49.0,1.0
10005.0,50.0,0.363984
10005.0,51.0,0.472595
10005.0,52.0,0.0
10005.0,53.0,0.781615
10005.0,54.0,0.892816
10005.0,55.0,0.477154
10005.0,56.0,0.65243
10005.0,57.0,0.116493
10005.0,58.0,0.590993
10005.0,59.0,1.0
10005.0,60.0,0.164573
10005.0,61.0,0.478368
10005.0,62.0,0.46768
10005.0,63.0,0.917583
10005.0,64.0,0.778528
10005.0,65.0,0.0
10005.0,66.0,1.0
10005.0,67.0,0.820626
10005.0,68.0,0.701791
10005.0,69.0,0.591683
10005.0,70.0,0.937897
10005.0,71.0,0.0
10005.0,72.0,0.258694
10005.0,73.0,0.434154
10005.0,74.0,0.441552
10005.0,75.0,0.535996
10005.0,76.0,0.515389
10005.0,77.0,0.568293
10005.0,78.0,0.626999
10005.0,79.0,0.617163
10005.0,80.0,0.437022
10005.0,81.0,1.0
10005.0,82.0,0.0
10005.0,83.0,0.058131
10005.0,84.0,0.516886
10005.0,85.0,0.377645
10005.0,86.0,0.50337
10005.0,87.0,0.676621
10005.0,88.0,1.0
10005.0,89.0,0.972906
10005.0,90.0,0.206928
10005.0,91.0,1.0
10005.0,92.0,0.690269
10005.0,93.0,0.520554
10005.0,94.0,0.604919
10005.0,95.0,0.0
10005.0,96.0,0.323598
10005.0,97.0,0.863926
10005.0,98.0,0.212003
10005.0,99.0,0.707514
10005.0,100.0,0.749247
10005.0,101.0,0.0
10005.0,102.0,0.872618
10005.0,103.0,0.603654
10005.0,104.0,1.0
10005.0,105.0,0.0
10005.0,106.0,0.76665
10005.0,107.0,0.092284
10005.0,108.0,0.423004
10005.0,109.0,0.306308
10005.0,110.0,0.581217
10005.0,111.0,0.368118
10005.0,112.0,1.0
10005.0,113.0,0.6877
10005.0,114.0,0.438458
10005.0,115.0,0.013569
10005.0,116.0,0.0
10005.0,117.0,0.395523
10005.0,118.0,1.0
10005.0,119.0,0.552137
10005.0,120.0,0.312401
10005.0,121.0,0.358066
10005.0,122.0,0.60554
10005.0,123.0,0.452188
10005.0,124.0,0.624107
10005.0,125.0,1.0
10005.0,126.0,0.619217
10006.0,0.0,0.168001
10006.0,1.0,0.55255
10006.0,2.0,0.758177
10006.0,3.0,0.686654
10006.0,4.0,0.273223
10006.0,5.0,1.0
10006.0,6.0,0.787915
10006.0,7.0,0.0
10006.0,8.0,0.30103
10006.0,9.0,0.230842
10006.0,10.0,0.705618
10006.0,11.0,0.504134
10006.0,12.0,0.953962
10006.0,13.0,0.436162
10006.0,14.0,0.432402
10006.0,15.0,0.456565
10006.0,16.0,0.400507
10006.0,17.0,0.472007
10006.0,18.0,0.683123
10006.0,19.0,0.315706
10006.0,20.0,0.594566
10006.0,21.0,0.671222
10006.0,22.0,0.271439
10006.0,23.0,1.0
10006.0,24.0,1.0
10006.0,25.0,0.606928
10006.0,26.0,0.0
10006.0,27.0,0.463116
10006.0,28.0,0.422971
10006.0,29.0,0.0
10006.0,30.0,0.815181
10006.0,31.0,0.548801
10006.0,32.0,0.0
10006.0,33.0,0.0
10006.0,34.0,1.0
10006.0,35.0,0.707104
10006.0,36.0,0.456083
10006.0,37.0,0.976627
10006.0,38.0,0.0
10006.0,39.0,0.0
10006.0,40.0,0.57308
10006.0,41.0,0.396488
10006.0,42.0,0.613514
10006.0,43.0,0.48107
10006.0,44.0,0.710444
10006.0,45.0,0.517476
10006.0,46.0,0.929042
10006.0,47.0,0.597746
10006.0,48.0,0.735399
10006.0,49.0,1.0
10006.0,50.0,0.355977
10006.0,51.0,0.433385
10006.0,52.0,0.0
10006.0,53.0,0.758526
10006.0,54.0,0.891991
10006.0,55.0,0.441954
10006.0,56.0,0.640452
10006.0,57.0,0.11343
10006.0,58.0,0.589945
10006.0,59.0,1.0
10006.0,60.0,0.160385
10006.0,61.0,0.45881
10006.0,62.0,0.472023
10006.0,63.0,0.905807
10006.0,64.0,0.763929
10006.0,65.0,0.0
10006.0,66.0,1.0
10006.0,67.0,0.816581
10006.0,68.0,0.695776
10006.0,69.0,0.588229
10006.0,70.0,0.930453
10006.0,71.0,0.0
10006.0,72.0,0.257794
10006.0,73.0,0.381895
10006.0,74.0,0.423861
10006.0,75.0,0.528629
10006.0,76.0,0.464519
10006.0,77.0,0.520084
10006.0,78.0,0.658764
10006.0,79.0,0.605274
10006.0,80.0,0.423271
10006.0,81.0,1.0
10006.0,82.0,0.0
10006.0,83.0,0.051539
10006.0,84.0,0.50631
10006.0,85.0,0.368197
10006.0,86.0,0.493575
10006.0,87.0,0.65723
10006.0,88.0,1.0
10006.0,89.0,0.97314
10006.0,90.0,0.16764
10006.0,91.0,1.0
10006.0,92.0,0.683239
10006.0,93.0,0.507043
10006.0,94.0,0.58598
10006.0,95.0,0.0
10006.0,96.0,0.306612
10006.0,97.0,0.854081
10006.0,98.0,0.210649
10006.0,99.0,0.694746
10006.0,100.0,0.742129
10006.0,101.0,0.0
10006.0,102.0,0.855908
10006.0,103.0,0.588748
10006.0,104.0,1.0
10006.0,105.0,0.0
10006.0,106.0,0.760089
10006.0,107.0,0.090203
10006.0,108.0,0.340594
10006.0,109.0,0.304265
10006.0,110.0,0.595092
10006.0,111.0,0.357228
10006.0,112.0,1.0
10006.0,113.0,0.676655
10006.0,114.0,0.430657
10006.0,115.0,0.013141
10006.0,116.0,0.0
10006.0,117.0,0.38787
10006.0,118.0,1.0
10006.0,119.0,0.514702
10006.0,120.0,0.310729
10006.0,121.0,0.354505
10006.0,122.0,0.595853
10006.0,123.0,0.396053
10006.0,124.0,0.590397
10006.0,125.0,1.0
10006.0,126.0,0.616091
10007.0,0.0,0.160831
10007.0,1.0,0.545981
10007.0,2.0,0.756302
10007.0,3.0,0.671003
10007.0,4.0,0.271231
10007.0,5.0,1.0
10007.0,6.0,0.795688
10007.0,7.0,0.0
10007.0,8.0,0.297413
10007.0,9.0,0.222916
10007.0,10.0,0.674153
10007.0,11.0,0.529601
10007.0,12.0,0.950233
10007.0,13.0,0.413617
10007.0,14.0,0.405557
10007.0,15.0,0.44099
10007.0,16.0,0.369634
10007.0,17.0,0.470821
10007.0,18.0,0.670484
10007.0,19.0,0.25284
10007.0,20.0,0.593202
10007.0,21.0,0.668113
10007.0,22.0,0.270175
10007.0,23.0,1.0
10007.0,24.0,1.0
10007.0,25.0,0.595947
10007.0,26.0,0.0
10007.0,27.0,0.445471
10007.0,28.0,0.417357
10007.0,29.0,0.0
10007.0,30.0,0.814844
10007.0,31.0,0.547135
10007.0,32.0,0.0
10007.0,33.0,0.0
10007.0,34.0,1.0
10007.0,35.0,0.699751
10007.0,36.0,0.434205
10007.0,37.0,0.974028
10007.0,38.0,0.0
10007.0,39.0,0.0
10007.0,40.0,0.570306
10007.0,41.0,0.391196
10007.0,42.0,0.586114
10007.0,43.0,0.472468
10007.0,44.0,0.700322
10007.0,45.0,0.50209
10007.0,46.0,0.878928
10007.0,47.0,0.590297
10007.0,48.0,0.710205
10007.0,49.0,1.0
10007.0,50.0,0.347648
10007.0,51.0,0.399445
10007.0,52.0,0.0
10007.0,53.0,0.735288
10007.0,54.0,0.890908
10007.0,55.0,0.411681
10007.0,56.0,0.628733
10007.0,57.0,0.110046
10007.0,58.0,0.58745
10007.0,59.0,1.0
10007.0,60.0,0.156896
10007.0,61.0,0.440682
10007.0,62.0,0.476778
10007.0,63.0,0.892677
10007.0,64.0,0.748386
10007.0,65.0,0.0
10007.0,66.0,1.0
10007.0,67.0,0.81355
10007.0,68.0,0.689224
10007.0,69.0,0.58325
10007.0,70.0,0.922779
10007.0,71.0,0.0
10007.0,72.0,0.255096
10007.0,73.0,0.337688
10007.0,74.0,0.404821
10007.0,75.0,0.522197
10007.0,76.0,0.418378
10007.0,77.0,0.469019
10007.0,78.0,0.680585
10007.0,79.0,0.593823
10007.0,80.0,0.411588
10007.0,81.0,1.0
10007.0,82.0,0.0
10007.0,83.0,0.046179
10007.0,84.0,0.4963
10007.0,85.0,0.359554
10007.0,86.0,0.483842
10007.0,87.0,0.637539
10007.0,88.0,1.0
10007.0,89.0,0.972877
10007.0,90.0,0.136102
10007.0,91.0,1.0
10007.0,92.0,0.677316
10007.0,93.0,0.494974
10007.0,94.0,0.567155
10007.0,95.0,0.0
10007.0,96.0,0.290898
10007.0,97.0,0.843745
10007.0,98.0,0.209726
10007.0,99.0,0.682529
10007.0,100.0,0.735142
10007.0,101.0,0.0
10007.0,102.0,0.83985
10007.0,103.0,0.575314
10007.0,104.0,1.0
10007.0,105.0,0.0
10007.0,106.0,0.75331
10007.0,107.0,0.088816
10007.0,108.0,0.282531
10007.0,109.0,0.302083
10007.0,110.0,0.602583
10007.0,111.0,0.347381
10007.0,112.0,1.0
10007.0,113.0,0.66584
10007.0,114.0,0.42312
10007.0,115.0,0.012813
10007.0,116.0,0.0
10007.0,117.0,0.380192
10007.0,118.0,1.0
10007.0,119.0,0.482103
10007.0,120.0,0.308286
10007.0,121.0,0.35102
10007.0,122.0,0.586094
10007.0,123.0,0.353512
10007.0,124.0,0.558175
10007.0,125.0,1.0
10007.0,126.0,0.613988
10008.0,0.0,0.153849
10008.0,1.0,0.538911
10008.0,2.0,0.755052
10008.0,3.0,0.655311
10008.0,4.0,0.269499
10008.0,5.0,1.0
10008.0,6.0,0.800323
10008.0,7.0,0.0
10008.0,8.0,0.293436
10008.0,9.0,0.215443
10008.0,10.0,0.642892
10008.0,11.0,0.546193
10008.0,12.0,0.946187
10008.0,13.0,0.392953
10008.0,14.0,0.377142
10008.0,15.0,0.426408
10008.0,16.0,0.3421
10008.0,17.0,0.468444
10008.0,18.0,0.658198
10008.0,19.0,0.202107
10008.0,20.0,0.592895
10008.0,21.0,0.665164
10008.0,22.0,0.269297
10008.0,23.0,1.0
10008.0,24.0,1.0
10008.0,25.0,0.584577
10008.0,26.0,0.0
10008.0,27.0,0.430395
10008.0,28.0,0.410515
10008.0,29.0,0.0
10008.0,30.0,0.814727
10008.0,31.0,0.547698
10008.0,32.0,0.0
10008.0,33.0,0.0
10008.0,34.0,1.0
10008.0,35.0,0.692361
10008.0,36.0,0.412808
10008.0,37.0,0.971094
10008.0,38.0,0.0
10008.0,39.0,0.0
10008.0,40.0,0.568518
10008.0,41.0,0.385609
10008.0,42.0,0.557663
10008.0,43.0,0.46259
10008.0,44.0,0.689997
10008.0,45.0,0.487241
10008.0,46.0,0.802945
10008.0,47.0,0.583003
10008.0,48.0,0.684784
10008.0,49.0,1.0
10008.0,50.0,0.339889
10008.0,51.0,0.369965
10008.0,52.0,0.0
10008.0,53.0,0.711654
10008.0,54.0,0.890018
10008.0,55.0,0.386672
10008.0,56.0,0.618296
10008.0,57.0,0.106649
10008.0,58.0,0.584816
10008.0,59.0,1.0
10008.0,60.0,0.152283
10008.0,61.0,0.424582
10008.0,62.0,0.481655
10008.0,63.0,0.87895
10008.0,64.0,0.734373
10008.0,65.0,0.0
10008.0,66.0,1.0
10008.0,67.0,0.81076
10008.0,68.0,0.684786
10008.0,69.0,0.579023
10008.0,70.0,0.915339
10008.0,71.0,0.0
10008.0,72.0,0.2529
10008.0,73.0,0.301522
10008.0,74.0,0.387544
10008.0,75.0,0.51563
10008.0,76.0,0.379345
10008.0,77.0,0.416299
10008.0,78.0,0.69701
10008.0,79.0,0.582607
10008.0,80.0,0.399517
10008.0,81.0,1.0
10008.0,82.0,0.0
10008.0,83.0,0.041197
10008.0,84.0,0.486514
10008.0,85.0,0.351039
10008.0,86.0,0.474262
10008.0,87.0,0.617427
10008.0,88.0,1.0
10008.0,89.0,0.972871
10008.0,90.0,0.110489
10008.0,91.0,1.0
10008.0,92.0,0.671735
10008.0,93.0,0.482047
10008.0,94.0,0.547207
10008.0,95.0,0.0
10008.0,96.0,0.275437
10008.0,97.0,0.833057
10008.0,98.0,0.209146
10008.0,99.0,0.671429
10008.0,100.0,0.729216
10008.0,101.0,0.0
10008.0,102.0,0.823859
10008.0,103.0,0.56307
10008.0,104.0,1.0
10008.0,105.0,0.0
10008.0,106.0,0.746757
10008.0,107.0,0.086715
10008.0,108.0,0.240602
10008.0,109.0,0.299704
10008.0,110.0,0.605337
10008.0,111.0,0.339296
10008.0,112.0,1.0
10008.0,113.0,0.655832
10008.0,114.0,0.416925
10008.0,115.0,0.012668
10008.0,116.0,0.0
10008.0,117.0,0.373249
10008.0,118.0,1.0
10008.0,119.0,0.452259
10008.0,120.0,0.305891
10008.0,121.0,0.35034
10008.0,122.0,0.575394
10008.0,123.0,0.320448
10008.0,124.0,0.526616
10008.0,125.0,1.0
10008.0,126.0,0.611916
10009.0,0.0,0.14762
10009.0,1.0,0.53269
10009.0,2.0,0.751974
10009.0,3.0,0.640627
10009.0,4.0,0.266451
10009.0,5.0,1.0
10009.0,6.0,0.8028
10009.0,7.0,0.0
10009.0,8.0,0.289942
10009.0,9.0,0.209214
10009.0,10.0,0.610759
10009.0,11.0,0.556909
10009.0,12.0,0.94285
10009.0,13.0,0.373331
10009.0,14.0,0.350172
10009.0,15.0,0.412129
10009.0,16.0,0.3171
10009.0,17.0,0.466656
10009.0,18.0,0.64564
10009.0,19.0,0.160687
10009.0,20.0,0.590357
10009.0,21.0,0.66289
10009.0,22.0,0.267629
10009.0,23.0,1.0
10009.0,24.0,1.0
10009.0,25.0,0.573488
10009.0,26.0,0.0
10009.0,27.0,0.416483
10009.0,28.0,0.404082
10009.0,29.0,0.0
10009.0,30.0,0.813996
10009.0,31.0,0.548202
10009.0,32.0,0.0
10009.0,33.0,0.0
10009.0,34.0,1.0
10009.0,35.0,0.685724
10009.0,36.0,0.393747
10009.0,37.0,0.968262
10009.0,38.0,0.0
10009.0,39.0,0.0
10009.0,40.0,0.565305
10009.0,41.0,0.381282
10009.0,42.0,0.529686
10009.0,43.0,0.452447
10009.0,44.0,0.679878
10009.0,45.0,0.472422
10009.0,46.0,0.697849
10009.0,47.0,0.57686
10009.0,48.0,0.659856
10009.0,49.0,1.0
10009.0,50.0,0.33219
10009.0,51.0,0.344241
10009.0,52.0,0.0
10009.0,53.0,0.687989
10009.0,54.0,0.889437
10009.0,55.0,0.362479
10009.0,56.0,0.607032
10009.0,57.0,0.103676
10009.0,58.0,0.582652
10009.0,59.0,1.0
10009.0,60.0,0.149265
10009.0,61.0,0.408776
10009.0,62.0,0.485757
10009.0,63.0,0.864365
10009.0,64.0,0.720432
10009.0,65.0,0.0
10009.0,66.0,1.0
10009.0,67.0,0.807886
10009.0,68.0,0.679413
10009.0,69.0,0.574544
10009.0,70.0,0.907007
10009.0,71.0,0.0
10009.0,72.0,0.251346
10009.0,73.0,0.271336
10009.0,74.0,0.370721
10009.0,75.0,0.51166
10009.0,76.0,0.3461
10009.0,77.0,0.362011
10009.0,78.0,0.708526
10009.0,79.0,0.571933
10009.0,80.0,0.38897
10009.0,81.0,1.0
10009.0,82.0,0.0
10009.0,83.0,0.037193
10009.0,84.0,0.478519
10009.0,85.0,0.343961
10009.0,86.0,0.465907
10009.0,87.0,0.596775
10009.0,88.0,1.0
10009.0,89.0,0.97288
10009.0,90.0,0.090188
10009.0,91.0,1.0
10009.0,92.0,0.666389
10009.0,93.0,0.468749
10009.0,94.0,0.529078
10009.0,95.0,0.0
10009.0,96.0,0.262056
10009.0,97.0,0.821634
10009.0,98.0,0.2095
10009.0,99.0,0.6612
10009.0,100.0,0.722617
10009.0,101.0,0.0
10009.0,102.0,0.807427
10009.0,103.0,0.551086
10009.0,104.0,1.0
10009.0,105.0,0.0
10009.0,106.0,0.74055
10009.0,107.0,0.085659
10009.0,108.0,0.21037
10009.0,109.0,0.298338
10009.0,110.0,0.605685
10009.0,111.0,0.330714
10009.0,112.0,1.0
10009.0,113.0,0.646547
10009.0,114.0,0.409757
10009.0,115.0,0.012299
10009.0,116.0,0.0
10009.0,117.0,0.36567
10009.0,118.0,1.0
10009.0,119.0,0.424392
10009.0,120.0,0.302882
10009.0,121.0,0.348688
10009.0,122.0,0.565947
10009.0,123.0,0.294211
10009.0,124.0,0.498077
10009.0,125.0,1.0
10009.0,126.0,0.609691
10010.0,0.0,0.141493
10010.0,1.0,0.526813
10010.0,2.0,0.750401
10010.0,3.0,0.625901
10010.0,4.0,0.26444
10010.0,5.0,1.0
10010.0,6.0,0.804517
10010.0,7.0,0.0
10010.0,8.0,0.286196
10010.0,9.0,0.203091
10010.0,10.0,0.578623
10010.0,11.0,0.563941
10010.0,12.0,0.93972
10010.0,13.0,0.353634
10010.0,14.0,0.323984
10010.0,15.0,0.398431
10010.0,16.0,0.292322
10010.0,17.0,0.464532
10010.0,18.0,0.632452
10010.0,19.0,0.128364
10010.0,20.0,0.588699
10010.0,21.0,0.659931
10010.0,22.0,0.265917
10010.0,23.0,1.0
10010.0,24.0,1.0
10010.0,25.0,0.561588
10010.0,26.0,0.0
10010.0,27.0,0.402979
10010.0,28.0,0.398952
10010.0,29.0,0.0
10010.0,30.0,0.812527
10010.0,31.0,0.548216
10010.0,32.0,0.0
10010.0,33.0,0.0
10010.0,34.0,1.0
10010.0,35.0,0.678063
10010.0,36.0,0.375263
10010.0,37.0,0.964451
10010.0,38.0,0.0
10010.0,39.0,0.0
10010.0,40.0,0.562353
10010.0,41.0,0.378124
10010.0,42.0,0.502422
10010.0,43.0,0.444503
10010.0,44.0,0.67011
10010.0,45.0,0.45914
10010.0,46.0,0.567538
10010.0,47.0,0.571249
10010.0,48.0,0.635189
10010.0,49.0,1.0
10010.0,50.0,0.325784
10010.0,51.0,0.321486
10010.0,52.0,0.0
10010.0,53.0,0.663213
10010.0,54.0,0.888774
10010.0,55.0,0.340465
10010.0,56.0,0.595622
10010.0,57.0,0.101856
10010.0,58.0,0.580142
10010.0,59.0,1.0
10010.0,60.0,0.145761
10010.0,61.0,0.393703
10010.0,62.0,0.489619
10010.0,63.0,0.848677
10010.0,64.0,0.707193
10010.0,65.0,0.0
10010.0,66.0,1.0
10010.0,67.0,0.805378
10010.0,68.0,0.675374
10010.0,69.0,0.571394
10010.0,70.0,0.897729
10010.0,71.0,0.0
10010.0,72.0,0.249054
10010.0,73.0,0.246387
10010.0,74.0,0.354672
10010.0,75.0,0.507003
10010.0,76.0,0.316428
10010.0,77.0,0.307148
10010.0,78.0,0.717789
10010.0,79.0,0.561541
10010.0,80.0,0.377283
10010.0,81.0,1.0
10010.0,82.0,0.0
10010.0,83.0,0.033384
10010.0,84.0,0.47096
10010.0,85.0,0.336725
10010.0,86.0,0.457671
10010.0,87.0,0.577281
10010.0,88.0,1.0
10010.0,89.0,0.973257
10010.0,90.0,0.073485
10010.0,91.0,1.0
10010.0,92.0,0.660414
10010.0,93.0,0.457181
10010.0,94.0,0.509372
10010.0,95.0,0.0
10010.0,96.0,0.250259
10010.0,97.0,0.810848
10010.0,98.0,0.208717
10010.0,99.0,0.651718
10010.0,100.0,0.715924
10010.0,101.0,0.0
10010.0,102.0,0.790879
10010.0,103.0,0.538486
10010.0,104.0,1.0
10010.0,105.0,0.0
10010.0,106.0,0.734013
10010.0,107.0,0.084491
10010.0,108.0,0.185975
10010.0,109.0,0.295438
10010.0,110.0,0.605169
10010.0,111.0,0.321616
10010.0,112.0,1.0
10010.0,113.0,0.638257
10010.0,114.0,0.403673
10010.0,115.0,0.012172
10010.0,116.0,0.0
10010.0,117.0,0.358196
10010.0,118.0,1.0
10010.0,119.0,0.400205
10010.0,120.0,0.300309
10010.0,121.0,0.345957
10010.0,122.0,0.555387
10010.0,123.0,0.271545
10010.0,124.0,0.471383
10010.0,125.0,1.0
10010.0,126.0,0.60854
