FREQUENCIES 
Gen,mut_id,mut_freq
1.0,0.0,0.5
1.0,1.0,0.5
1.0,2.0,0.5
1.0,3.0,0.5
1.0,4.0,0.5
1.0,5.0,0.5
1.0,6.0,0.5
1.0,7.0,0.5
1.0,8.0,0.5
1.0,9.0,0.5
1.0,10.0,0.5
1.0,11.0,0.5
1.0,12.0,0.5
1.0,13.0,0.5
1.0,14.0,0.5
1.0,15.0,0.5
1.0,16.0,0.5
1.0,17.0,0.5
1.0,18.0,0.5
1.0,19.0,0.5
1.0,20.0,0.5
1.0,21.0,0.5
1.0,22.0,0.5
1.0,23.0,0.5
1.0,24.0,0.5
1.0,25.0,0.5
1.0,26.0,0.5
1.0,27.0,0.5
1.0,28.0,0.5
1.0,29.0,0.5
1.0,30.0,0.5
1.0,31.0,0.5
1.0,32.0,0.5
1.0,33.0,0.5
1.0,34.0,0.5
1.0,35.0,0.5
1.0,36.0,0.5
1.0,37.0,0.5
1.0,38.0,0.5
1.0,39.0,0.5
1.0,40.0,0.5
1.0,41.0,0.5
1.0,42.0,0.5
1.0,43.0,0.5
1.0,44.0,0.5
1.0,45.0,0.5
1.0,46.0,0.5
1.0,47.0,0.5
1.0,48.0,0.5
1.0,49.0,0.5
1.0,50.0,0.5
1.0,51.0,0.5
1.0,52.0,0.5
1.0,53.0,0.5
1.0,54.0,0.5
1.0,55.0,0.5
1.0,56.0,0.5
1.0,57.0,0.5
1.0,58.0,0.5
1.0,59.0,0.5
1.0,60.0,0.5
1.0,61.0,0.5
1.0,62.0,0.5
1.0,63.0,0.5
1.0,64.0,0.5
1.0,65.0,0.5
1.0,66.0,0.5
1.0,67.0,0.5
1.0,68.0,0.5
1.0,69.0,0.5
1.0,70.0,0.5
1.0,71.0,0.5
1.0,72.0,0.5
1.0,73.0,0.5
1.0,74.0,0.5
1.0,75.0,0.5
1.0,76.0,0.5
1.0,77.0,0.5
1.0,78.0,0.5
1.0,79.0,0.5
1.0,80.0,0.5
1.0,81.0,0.5
1.0,82.0,0.5
1.0,83.0,0.5
1.0,84.0,0.5
1.0,85.0,0.5
1.0,86.0,0.5
1.0,87.0,0.5
1.0,88.0,0.5
1.0,89.0,0.5
1.0,90.0,0.5
1.0,91.0,0.5
1.0,92.0,0.5
1.0,93.0,0.5
1.0,94.0,0.5
1.0,95.0,0.5
1.0,96.0,0.5
1.0,97.0,0.5
1.0,98.0,0.5
1.0,99.0,0.5
1.0,100.0,0.5
1.0,101.0,0.5
1.0,102.0,0.5
1.0,103.0,0.5
1.0,104.0,0.5
1.0,105.0,0.5
1.0,106.0,0.5
1.0,107.0,0.5
1.0,108.0,0.5
1.0,109.0,0.5
1.0,110.0,0.5
1.0,111.0,0.5
1.0,112.0,0.5
1.0,113.0,0.5
1.0,114.0,0.5
1.0,115.0,0.5
1.0,116.0,0.5
1.0,117.0,0.5
1.0,118.0,0.5
1.0,119.0,0.5
1.0,120.0,0.5
1.0,121.0,0.5
1.0,122.0,0.5
1.0,123.0,0.5
1.0,124.0,0.5
1.0,125.0,0.5
1.0,126.0,0.5
1.0,127.0,0.5
1.0,128.0,0.5
1.0,129.0,0.5
1.0,130.0,0.5
1.0,131.0,0.5
1.0,132.0,0.5
1.0,133.0,0.5
1.0,134.0,0.5
1.0,135.0,0.5
1.0,136.0,0.5
1.0,137.0,0.5
1.0,138.0,0.5
1.0,139.0,0.5
1.0,140.0,0.5
1.0,141.0,0.5
1.0,142.0,0.5
1.0,143.0,0.5
1.0,144.0,0.5
1.0,145.0,0.5
1.0,146.0,0.5
1.0,147.0,0.5
1000.0,0.0,0.363879
1000.0,1.0,1.0
1000.0,2.0,0.003656
1000.0,3.0,1.0
1000.0,4.0,0.656122
1000.0,5.0,0.553357
1000.0,6.0,0.360814
1000.0,7.0,0.604366
1000.0,8.0,0.809582
1000.0,9.0,0.734607
1000.0,10.0,0.309171
1000.0,11.0,0.433689
1000.0,12.0,0.425562
1000.0,13.0,0.831402
1000.0,14.0,0.352205
1000.0,15.0,0.265543
1000.0,16.0,0.1158
1000.0,17.0,0.122944
1000.0,18.0,3.8e-05
1000.0,19.0,0.410359
1000.0,20.0,0.994662
1000.0,21.0,0.784714
1000.0,22.0,0.063289
1000.0,23.0,5.0e-05
1000.0,24.0,0.227526
1000.0,25.0,0.283915
1000.0,26.0,0.773867
1000.0,27.0,0.968494
1000.0,28.0,0.565558
1000.0,29.0,0.996958
1000.0,30.0,0.998805
1000.0,31.0,0.51675
1000.0,32.0,0.0
1000.0,33.0,0.750314
1000.0,34.0,0.859389
1000.0,35.0,0.534847
1000.0,36.0,0.830673
1000.0,37.0,0.054937
1000.0,38.0,0.597004
1000.0,39.0,0.538993
1000.0,40.0,0.784987
1000.0,41.0,0.597192
1000.0,42.0,0.475527
1000.0,43.0,0.06422
1000.0,44.0,0.863978
1000.0,45.0,0.5337
1000.0,46.0,0.375027
1000.0,47.0,0.634912
1000.0,48.0,0.99763
1000.0,49.0,0.549407
1000.0,50.0,0.386806
1000.0,51.0,0.986232
1000.0,52.0,0.626621
1000.0,53.0,0.744318
1000.0,54.0,0.122993
1000.0,55.0,0.610256
1000.0,56.0,1.0
1000.0,57.0,0.498745
1000.0,58.0,0.658925
1000.0,59.0,0.690252
1000.0,60.0,0.52082
1000.0,61.0,0.526468
1000.0,62.0,0.997793
1000.0,63.0,0.025945
1000.0,64.0,0.622348
1000.0,65.0,0.41817
1000.0,66.0,0.744309
1000.0,67.0,0.412705
1000.0,68.0,0.362634
1000.0,69.0,0.280664
1000.0,70.0,0.715792
1000.0,71.0,0.265564
1000.0,72.0,0.165253
1000.0,73.0,0.673037
1000.0,74.0,0.624489
1000.0,75.0,0.982517
1000.0,76.0,1.0
1000.0,77.0,0.109887
1000.0,78.0,0.059104
1000.0,79.0,0.825781
1000.0,80.0,0.926097
1000.0,81.0,0.537032
1000.0,82.0,0.098254
1000.0,83.0,0.164542
1000.0,84.0,0.374499
1000.0,85.0,0.0
1000.0,86.0,0.610953
1000.0,87.0,0.72265
1000.0,88.0,0.049273
1000.0,89.0,0.422242
1000.0,90.0,0.0
1000.0,91.0,0.538533
1000.0,92.0,0.421038
1000.0,93.0,0.654653
1000.0,94.0,0.806474
1000.0,95.0,0.452636
1000.0,96.0,0.99977
1000.0,97.0,0.466296
1000.0,98.0,0.551027
1000.0,99.0,0.016952
1000.0,100.0,0.616277
1000.0,101.0,1.0
1000.0,102.0,0.39934
1000.0,103.0,0.255403
1000.0,104.0,0.422261
1000.0,105.0,0.75989
1000.0,106.0,0.782705
1000.0,107.0,0.576817
1000.0,108.0,0.438162
1000.0,109.0,0.511498
1000.0,110.0,0.999973
1000.0,111.0,0.467545
1000.0,112.0,0.456997
1000.0,113.0,0.205036
1000.0,114.0,1.0
1000.0,115.0,0.892958
1000.0,116.0,0.908522
1000.0,117.0,0.081363
1000.0,118.0,0.473807
1000.0,119.0,1.0
1000.0,120.0,0.910208
1000.0,121.0,0.406279
1000.0,122.0,0.284297
1000.0,123.0,0.293354
1000.0,124.0,0.285795
1000.0,125.0,0.396382
1000.0,126.0,0.687145
1000.0,127.0,0.120612
1000.0,128.0,0.65514
1000.0,129.0,0.52584
1000.0,130.0,0.438816
1000.0,131.0,0.420419
1000.0,132.0,0.66112
1000.0,133.0,0.638732
1000.0,134.0,0.208232
1000.0,135.0,0.591019
1000.0,136.0,0.519088
1000.0,137.0,0.459752
1000.0,138.0,4.0e-06
1000.0,139.0,0.388071
1000.0,140.0,0.271987
1000.0,141.0,0.312971
1000.0,142.0,1.0
1000.0,143.0,0.422738
1000.0,144.0,0.506789
1000.0,145.0,0.268505
1000.0,146.0,0.000283
1000.0,147.0,1.0
1001.0,0.0,0.367416
1001.0,1.0,1.0
1001.0,2.0,0.003762
1001.0,3.0,1.0
1001.0,4.0,0.65941
1001.0,5.0,0.554127
1001.0,6.0,0.403089
1001.0,7.0,0.615768
1001.0,8.0,0.811707
1001.0,9.0,0.742209
1001.0,10.0,0.313801
1001.0,11.0,0.43909
1001.0,12.0,0.4252
1001.0,13.0,0.836591
1001.0,14.0,0.363174
1001.0,15.0,0.312582
1001.0,16.0,0.1263
1001.0,17.0,0.12656
1001.0,18.0,5.0e-05
1001.0,19.0,0.410866
1001.0,20.0,0.994805
1001.0,21.0,0.788374
1001.0,22.0,0.072073
1001.0,23.0,5.0e-05
1001.0,24.0,0.242619
1001.0,25.0,0.283212
1001.0,26.0,0.778395
1001.0,27.0,0.969143
1001.0,28.0,0.566675
1001.0,29.0,0.997044
1001.0,30.0,0.998877
1001.0,31.0,0.52372
1001.0,32.0,0.0
1001.0,33.0,0.750412
1001.0,34.0,0.869028
1001.0,35.0,0.55921
1001.0,36.0,0.836543
1001.0,37.0,0.054855
1001.0,38.0,0.612348
1001.0,39.0,0.541938
1001.0,40.0,0.787294
1001.0,41.0,0.601446
1001.0,42.0,0.481344
1001.0,43.0,0.06539
1001.0,44.0,0.866474
1001.0,45.0,0.536339
1001.0,46.0,0.385084
1001.0,47.0,0.645511
1001.0,48.0,0.997758
1001.0,49.0,0.553631
1001.0,50.0,0.402837
1001.0,51.0,0.986675
1001.0,52.0,0.647513
1001.0,53.0,0.748377
1001.0,54.0,0.123832
1001.0,55.0,0.616951
1001.0,56.0,1.0
1001.0,57.0,0.505666
1001.0,58.0,0.66241
1001.0,59.0,0.694066
1001.0,60.0,0.525064
1001.0,61.0,0.533787
1001.0,62.0,0.997873
1001.0,63.0,0.026199
1001.0,64.0,0.624005
1001.0,65.0,0.42524
1001.0,66.0,0.752893
1001.0,67.0,0.416155
1001.0,68.0,0.380448
1001.0,69.0,0.306442
1001.0,70.0,0.718436
1001.0,71.0,0.277414
1001.0,72.0,0.180417
1001.0,73.0,0.694442
1001.0,74.0,0.626873
1001.0,75.0,0.983477
1001.0,76.0,1.0
1001.0,77.0,0.112057
1001.0,78.0,0.060115
1001.0,79.0,0.827101
1001.0,80.0,0.927833
1001.0,81.0,0.543725
1001.0,82.0,0.103298
1001.0,83.0,0.165648
1001.0,84.0,0.387143
1001.0,85.0,0.0
1001.0,86.0,0.622161
1001.0,87.0,0.73356
1001.0,88.0,0.053068
1001.0,89.0,0.429513
1001.0,90.0,0.0
1001.0,91.0,0.558598
1001.0,92.0,0.42985
1001.0,93.0,0.673196
1001.0,94.0,0.811783
1001.0,95.0,0.462627
1001.0,96.0,0.999803
1001.0,97.0,0.473483
1001.0,98.0,0.552046
1001.0,99.0,0.017497
1001.0,100.0,0.623537
1001.0,101.0,1.0
1001.0,102.0,0.412666
1001.0,103.0,0.262685
1001.0,104.0,0.429936
1001.0,105.0,0.769844
1001.0,106.0,0.783461
1001.0,107.0,0.577738
1001.0,108.0,0.450152
1001.0,109.0,0.514601
1001.0,110.0,0.999984
1001.0,111.0,0.477233
1001.0,112.0,0.598459
1001.0,113.0,0.211874
1001.0,114.0,1.0
1001.0,115.0,0.896212
1001.0,116.0,0.913142
1001.0,117.0,0.082063
1001.0,118.0,0.496504
1001.0,119.0,1.0
1001.0,120.0,0.911408
1001.0,121.0,0.440765
1001.0,122.0,0.28622
1001.0,123.0,0.299761
1001.0,124.0,0.290538
1001.0,125.0,0.415888
1001.0,126.0,0.692075
1001.0,127.0,0.126619
1001.0,128.0,0.597603
1001.0,129.0,0.54218
1001.0,130.0,0.439218
1001.0,131.0,0.424884
1001.0,132.0,0.671595
1001.0,133.0,0.641955
1001.0,134.0,0.211629
1001.0,135.0,0.607238
1001.0,136.0,0.528146
1001.0,137.0,0.493422
1001.0,138.0,4.0e-06
1001.0,139.0,0.404467
1001.0,140.0,0.278589
1001.0,141.0,0.315531
1001.0,142.0,1.0
1001.0,143.0,0.42708
1001.0,144.0,0.513356
1001.0,145.0,0.278391
1001.0,146.0,0.000282
1001.0,147.0,1.0
1002.0,0.0,0.370676
1002.0,1.0,1.0
1002.0,2.0,0.003753
1002.0,3.0,1.0
1002.0,4.0,0.663595
1002.0,5.0,0.555094
1002.0,6.0,0.44563
1002.0,7.0,0.627414
1002.0,8.0,0.813443
1002.0,9.0,0.749083
1002.0,10.0,0.318429
1002.0,11.0,0.445203
1002.0,12.0,0.426434
1002.0,13.0,0.842191
1002.0,14.0,0.372986
1002.0,15.0,0.361532
1002.0,16.0,0.137678
1002.0,17.0,0.129519
1002.0,18.0,6.6e-05
1002.0,19.0,0.41077
1002.0,20.0,0.994979
1002.0,21.0,0.792926
1002.0,22.0,0.081294
1002.0,23.0,4.8e-05
1002.0,24.0,0.258273
1002.0,25.0,0.282667
1002.0,26.0,0.78299
1002.0,27.0,0.969883
1002.0,28.0,0.567938
1002.0,29.0,0.99716
1002.0,30.0,0.998937
1002.0,31.0,0.529852
1002.0,32.0,0.0
1002.0,33.0,0.751808
1002.0,34.0,0.877203
1002.0,35.0,0.581843
1002.0,36.0,0.841853
1002.0,37.0,0.05535
1002.0,38.0,0.627893
1002.0,39.0,0.545122
1002.0,40.0,0.789534
1002.0,41.0,0.604581
1002.0,42.0,0.487204
1002.0,43.0,0.066649
1002.0,44.0,0.869029
1002.0,45.0,0.539162
1002.0,46.0,0.395941
1002.0,47.0,0.655601
1002.0,48.0,0.9979
1002.0,49.0,0.558798
1002.0,50.0,0.419316
1002.0,51.0,0.98722
1002.0,52.0,0.66592
1002.0,53.0,0.75314
1002.0,54.0,0.12538
1002.0,55.0,0.624004
1002.0,56.0,1.0
1002.0,57.0,0.511458
1002.0,58.0,0.66485
1002.0,59.0,0.697693
1002.0,60.0,0.528647
1002.0,61.0,0.541533
1002.0,62.0,0.997954
1002.0,63.0,0.02641
1002.0,64.0,0.626905
1002.0,65.0,0.432428
1002.0,66.0,0.761946
1002.0,67.0,0.424774
1002.0,68.0,0.397359
1002.0,69.0,0.332073
1002.0,70.0,0.721061
1002.0,71.0,0.287966
1002.0,72.0,0.196089
1002.0,73.0,0.71241
1002.0,74.0,0.628496
1002.0,75.0,0.984406
1002.0,76.0,1.0
1002.0,77.0,0.113464
1002.0,78.0,0.061524
1002.0,79.0,0.828394
1002.0,80.0,0.929661
1002.0,81.0,0.551212
1002.0,82.0,0.107783
1002.0,83.0,0.1661
1002.0,84.0,0.399561
1002.0,85.0,0.0
1002.0,86.0,0.633439
1002.0,87.0,0.74236
1002.0,88.0,0.056731
1002.0,89.0,0.43485
1002.0,90.0,0.0
1002.0,91.0,0.57769
1002.0,92.0,0.437166
1002.0,93.0,0.689481
1002.0,94.0,0.816945
1002.0,95.0,0.471723
1002.0,96.0,0.999838
1002.0,97.0,0.481275
1002.0,98.0,0.553417
1002.0,99.0,0.017799
1002.0,100.0,0.629497
1002.0,101.0,1.0
1002.0,102.0,0.426424
1002.0,103.0,0.268948
1002.0,104.0,0.436327
1002.0,105.0,0.779199
1002.0,106.0,0.784143
1002.0,107.0,0.579033
1002.0,108.0,0.462127
1002.0,109.0,0.51745
1002.0,110.0,0.999989
1002.0,111.0,0.486504
1002.0,112.0,0.690498
1002.0,113.0,0.218663
1002.0,114.0,1.0
1002.0,115.0,0.899358
1002.0,116.0,0.917868
1002.0,117.0,0.083062
1002.0,118.0,0.51837
1002.0,119.0,1.0
1002.0,120.0,0.912238
1002.0,121.0,0.472363
1002.0,122.0,0.287859
1002.0,123.0,0.3046
1002.0,124.0,0.294627
1002.0,125.0,0.434977
1002.0,126.0,0.697129
1002.0,127.0,0.133769
1002.0,128.0,0.565602
1002.0,129.0,0.558727
1002.0,130.0,0.440722
1002.0,131.0,0.429153
1002.0,132.0,0.680905
1002.0,133.0,0.646753
1002.0,134.0,0.215344
1002.0,135.0,0.621407
1002.0,136.0,0.537075
1002.0,137.0,0.525594
1002.0,138.0,8.0e-06
1002.0,139.0,0.4206
1002.0,140.0,0.284788
1002.0,141.0,0.318374
1002.0,142.0,1.0
1002.0,143.0,0.431709
1002.0,144.0,0.520579
1002.0,145.0,0.288328
1002.0,146.0,0.000275
1002.0,147.0,1.0
1003.0,0.0,0.37251
1003.0,1.0,1.0
1003.0,2.0,0.003756
1003.0,3.0,1.0
1003.0,4.0,0.666969
1003.0,5.0,0.556693
1003.0,6.0,0.488811
1003.0,7.0,0.638307
1003.0,8.0,0.814505
1003.0,9.0,0.756332
1003.0,10.0,0.322383
1003.0,11.0,0.451258
1003.0,12.0,0.4272
1003.0,13.0,0.847039
1003.0,14.0,0.383611
1003.0,15.0,0.409477
1003.0,16.0,0.150244
1003.0,17.0,0.132398
1003.0,18.0,9.3e-05
1003.0,19.0,0.410508
1003.0,20.0,0.995071
1003.0,21.0,0.796312
1003.0,22.0,0.091546
1003.0,23.0,7.3e-05
1003.0,24.0,0.273575
1003.0,25.0,0.282127
1003.0,26.0,0.787904
1003.0,27.0,0.970864
1003.0,28.0,0.568874
1003.0,29.0,0.997231
1003.0,30.0,0.998856
1003.0,31.0,0.535837
1003.0,32.0,0.0
1003.0,33.0,0.753261
1003.0,34.0,0.885115
1003.0,35.0,0.601691
1003.0,36.0,0.846999
1003.0,37.0,0.055867
1003.0,38.0,0.64227
1003.0,39.0,0.547492
1003.0,40.0,0.790358
1003.0,41.0,0.60804
1003.0,42.0,0.493553
1003.0,43.0,0.067534
1003.0,44.0,0.870806
1003.0,45.0,0.541763
1003.0,46.0,0.406737
1003.0,47.0,0.665421
1003.0,48.0,0.998136
1003.0,49.0,0.56204
1003.0,50.0,0.436282
1003.0,51.0,0.987545
1003.0,52.0,0.683803
1003.0,53.0,0.757234
1003.0,54.0,0.126388
1003.0,55.0,0.631288
1003.0,56.0,1.0
1003.0,57.0,0.516219
1003.0,58.0,0.669964
1003.0,59.0,0.700262
1003.0,60.0,0.53374
1003.0,61.0,0.549028
1003.0,62.0,0.998024
1003.0,63.0,0.027318
1003.0,64.0,0.629354
1003.0,65.0,0.437852
1003.0,66.0,0.769927
1003.0,67.0,0.43613
1003.0,68.0,0.414611
1003.0,69.0,0.357727
1003.0,70.0,0.723063
1003.0,71.0,0.29816
1003.0,72.0,0.213485
1003.0,73.0,0.730224
1003.0,74.0,0.631169
1003.0,75.0,0.98533
1003.0,76.0,1.0
1003.0,77.0,0.116483
1003.0,78.0,0.061933
1003.0,79.0,0.82974
1003.0,80.0,0.931439
1003.0,81.0,0.557805
1003.0,82.0,0.113229
1003.0,83.0,0.166544
1003.0,84.0,0.410769
1003.0,85.0,0.0
1003.0,86.0,0.643936
1003.0,87.0,0.751015
1003.0,88.0,0.060029
1003.0,89.0,0.441928
1003.0,90.0,0.0
1003.0,91.0,0.596327
1003.0,92.0,0.443867
1003.0,93.0,0.706022
1003.0,94.0,0.822481
1003.0,95.0,0.480449
1003.0,96.0,0.999858
1003.0,97.0,0.488633
1003.0,98.0,0.554473
1003.0,99.0,0.018149
1003.0,100.0,0.636437
1003.0,101.0,1.0
1003.0,102.0,0.440795
1003.0,103.0,0.276072
1003.0,104.0,0.442935
1003.0,105.0,0.787572
1003.0,106.0,0.784456
1003.0,107.0,0.580021
1003.0,108.0,0.474737
1003.0,109.0,0.520184
1003.0,110.0,0.999987
1003.0,111.0,0.494798
1003.0,112.0,0.753341
1003.0,113.0,0.225701
1003.0,114.0,1.0
1003.0,115.0,0.902124
1003.0,116.0,0.922386
1003.0,117.0,0.083611
1003.0,118.0,0.542251
1003.0,119.0,1.0
1003.0,120.0,0.912264
1003.0,121.0,0.501128
1003.0,122.0,0.289741
1003.0,123.0,0.309381
1003.0,124.0,0.297757
1003.0,125.0,0.453167
1003.0,126.0,0.702115
1003.0,127.0,0.139987
1003.0,128.0,0.548255
1003.0,129.0,0.573998
1003.0,130.0,0.441446
1003.0,131.0,0.432853
1003.0,132.0,0.691375
1003.0,133.0,0.650671
1003.0,134.0,0.21995
1003.0,135.0,0.634533
1003.0,136.0,0.54469
1003.0,137.0,0.554961
1003.0,138.0,6.0e-06
1003.0,139.0,0.437135
1003.0,140.0,0.292313
1003.0,141.0,0.3216
1003.0,142.0,1.0
1003.0,143.0,0.436908
1003.0,144.0,0.526051
1003.0,145.0,0.299322
1003.0,146.0,0.00031
1003.0,147.0,1.0
1004.0,0.0,0.3754
1004.0,1.0,1.0
1004.0,2.0,0.003904
1004.0,3.0,1.0
1004.0,4.0,0.670092
1004.0,5.0,0.557441
1004.0,6.0,0.530665
1004.0,7.0,0.648331
1004.0,8.0,0.815892
1004.0,9.0,0.76179
1004.0,10.0,0.327359
1004.0,11.0,0.457442
1004.0,12.0,0.427134
1004.0,13.0,0.851881
1004.0,14.0,0.394564
1004.0,15.0,0.455242
1004.0,16.0,0.16377
1004.0,17.0,0.135439
1004.0,18.0,0.000121
1004.0,19.0,0.41014
1004.0,20.0,0.995155
1004.0,21.0,0.799304
1004.0,22.0,0.102735
1004.0,23.0,7.8e-05
1004.0,24.0,0.289453
1004.0,25.0,0.283376
1004.0,26.0,0.792239
1004.0,27.0,0.971593
1004.0,28.0,0.569879
1004.0,29.0,0.997373
1004.0,30.0,0.998954
1004.0,31.0,0.541576
1004.0,32.0,0.0
1004.0,33.0,0.754616
1004.0,34.0,0.892361
1004.0,35.0,0.621003
1004.0,36.0,0.851787
1004.0,37.0,0.05691
1004.0,38.0,0.656344
1004.0,39.0,0.550091
1004.0,40.0,0.791109
1004.0,41.0,0.609857
1004.0,42.0,0.498606
1004.0,43.0,0.068588
1004.0,44.0,0.873034
1004.0,45.0,0.544375
1004.0,46.0,0.417763
1004.0,47.0,0.675269
1004.0,48.0,0.998269
1004.0,49.0,0.566086
1004.0,50.0,0.452184
1004.0,51.0,0.987866
1004.0,52.0,0.701366
1004.0,53.0,0.76006
1004.0,54.0,0.127388
1004.0,55.0,0.637535
1004.0,56.0,1.0
1004.0,57.0,0.522126
1004.0,58.0,0.673885
1004.0,59.0,0.703549
1004.0,60.0,0.538846
1004.0,61.0,0.555021
1004.0,62.0,0.998033
1004.0,63.0,0.027663
1004.0,64.0,0.630687
1004.0,65.0,0.443301
1004.0,66.0,0.777655
1004.0,67.0,0.450926
1004.0,68.0,0.430543
1004.0,69.0,0.385042
1004.0,70.0,0.725472
1004.0,71.0,0.308448
1004.0,72.0,0.231094
1004.0,73.0,0.746343
1004.0,74.0,0.633204
1004.0,75.0,0.985968
1004.0,76.0,1.0
1004.0,77.0,0.118085
1004.0,78.0,0.062714
1004.0,79.0,0.83056
1004.0,80.0,0.932637
1004.0,81.0,0.564337
1004.0,82.0,0.118489
1004.0,83.0,0.166893
1004.0,84.0,0.422105
1004.0,85.0,0.0
1004.0,86.0,0.654351
1004.0,87.0,0.759174
1004.0,88.0,0.063755
1004.0,89.0,0.448755
1004.0,90.0,0.0
1004.0,91.0,0.613758
1004.0,92.0,0.451624
1004.0,93.0,0.721382
1004.0,94.0,0.827513
1004.0,95.0,0.489364
1004.0,96.0,0.999878
1004.0,97.0,0.496567
1004.0,98.0,0.556861
1004.0,99.0,0.018492
1004.0,100.0,0.643068
1004.0,101.0,1.0
1004.0,102.0,0.454199
1004.0,103.0,0.283806
1004.0,104.0,0.449843
1004.0,105.0,0.796548
1004.0,106.0,0.785706
1004.0,107.0,0.582719
1004.0,108.0,0.486135
1004.0,109.0,0.523418
1004.0,110.0,0.999985
1004.0,111.0,0.504218
1004.0,112.0,0.796798
1004.0,113.0,0.232524
1004.0,114.0,1.0
1004.0,115.0,0.904361
1004.0,116.0,0.926059
1004.0,117.0,0.084655
1004.0,118.0,0.565305
1004.0,119.0,1.0
1004.0,120.0,0.913042
1004.0,121.0,0.529601
1004.0,122.0,0.291271
1004.0,123.0,0.313435
1004.0,124.0,0.301895
1004.0,125.0,0.472436
1004.0,126.0,0.706728
1004.0,127.0,0.146123
1004.0,128.0,0.540645
1004.0,129.0,0.58935
1004.0,130.0,0.442874
1004.0,131.0,0.436141
1004.0,132.0,0.700826
1004.0,133.0,0.65472
1004.0,134.0,0.22459
1004.0,135.0,0.645594
1004.0,136.0,0.55265
1004.0,137.0,0.581735
1004.0,138.0,5.0e-06
1004.0,139.0,0.452535
1004.0,140.0,0.30036
1004.0,141.0,0.32413
1004.0,142.0,1.0
1004.0,143.0,0.441845
1004.0,144.0,0.53252
1004.0,145.0,0.310315
1004.0,146.0,0.000333
1004.0,147.0,1.0
1005.0,0.0,0.376789
1005.0,1.0,1.0
1005.0,2.0,0.003971
1005.0,3.0,1.0
1005.0,4.0,0.674206
1005.0,5.0,0.557381
1005.0,6.0,0.569872
1005.0,7.0,0.658541
1005.0,8.0,0.818142
1005.0,9.0,0.767425
1005.0,10.0,0.332663
1005.0,11.0,0.463471
1005.0,12.0,0.427021
1005.0,13.0,0.856699
1005.0,14.0,0.40488
1005.0,15.0,0.499553
1005.0,16.0,0.178146
1005.0,17.0,0.13892
1005.0,18.0,0.000169
1005.0,19.0,0.410004
1005.0,20.0,0.995207
1005.0,21.0,0.80303
1005.0,22.0,0.114369
1005.0,23.0,7.8e-05
1005.0,24.0,0.304471
1005.0,25.0,0.285486
1005.0,26.0,0.796985
1005.0,27.0,0.972317
1005.0,28.0,0.570591
1005.0,29.0,0.997501
1005.0,30.0,0.998968
1005.0,31.0,0.54795
1005.0,32.0,0.0
1005.0,33.0,0.756127
1005.0,34.0,0.899273
1005.0,35.0,0.638574
1005.0,36.0,0.857039
1005.0,37.0,0.057852
1005.0,38.0,0.669569
1005.0,39.0,0.552675
1005.0,40.0,0.792486
1005.0,41.0,0.612409
1005.0,42.0,0.504184
1005.0,43.0,0.069673
1005.0,44.0,0.874757
1005.0,45.0,0.548258
1005.0,46.0,0.428568
1005.0,47.0,0.685187
1005.0,48.0,0.998398
1005.0,49.0,0.569886
1005.0,50.0,0.46798
1005.0,51.0,0.988226
1005.0,52.0,0.717378
1005.0,53.0,0.764002
1005.0,54.0,0.128381
1005.0,55.0,0.642723
1005.0,56.0,1.0
1005.0,57.0,0.527111
1005.0,58.0,0.677795
1005.0,59.0,0.705932
1005.0,60.0,0.543996
1005.0,61.0,0.561458
1005.0,62.0,0.998098
1005.0,63.0,0.02832
1005.0,64.0,0.631775
1005.0,65.0,0.449258
1005.0,66.0,0.784767
1005.0,67.0,0.466854
1005.0,68.0,0.446121
1005.0,69.0,0.413162
1005.0,70.0,0.72684
1005.0,71.0,0.319633
1005.0,72.0,0.248736
1005.0,73.0,0.76063
1005.0,74.0,0.634987
1005.0,75.0,0.986833
1005.0,76.0,1.0
1005.0,77.0,0.12074
1005.0,78.0,0.063247
1005.0,79.0,0.832237
1005.0,80.0,0.933992
1005.0,81.0,0.570907
1005.0,82.0,0.124379
1005.0,83.0,0.167301
1005.0,84.0,0.433435
1005.0,85.0,0.0
1005.0,86.0,0.664269
1005.0,87.0,0.76685
1005.0,88.0,0.068047
1005.0,89.0,0.454066
1005.0,90.0,0.0
1005.0,91.0,0.631277
1005.0,92.0,0.45779
1005.0,93.0,0.736122
1005.0,94.0,0.832246
1005.0,95.0,0.498495
1005.0,96.0,0.999877
1005.0,97.0,0.504757
1005.0,98.0,0.556896
1005.0,99.0,0.018975
1005.0,100.0,0.649778
1005.0,101.0,1.0
1005.0,102.0,0.467386
1005.0,103.0,0.290411
1005.0,104.0,0.456701
1005.0,105.0,0.804623
1005.0,106.0,0.7861
1005.0,107.0,0.584159
1005.0,108.0,0.496554
1005.0,109.0,0.52619
1005.0,110.0,0.999979
1005.0,111.0,0.513013
1005.0,112.0,0.828595
1005.0,113.0,0.240018
1005.0,114.0,1.0
1005.0,115.0,0.906901
1005.0,116.0,0.929617
1005.0,117.0,0.085543
1005.0,118.0,0.589148
1005.0,119.0,1.0
1005.0,120.0,0.912548
1005.0,121.0,0.555237
1005.0,122.0,0.293601
1005.0,123.0,0.318671
1005.0,124.0,0.306026
1005.0,125.0,0.491639
1005.0,126.0,0.710105
1005.0,127.0,0.153409
1005.0,128.0,0.540307
1005.0,129.0,0.603347
1005.0,130.0,0.444825
1005.0,131.0,0.438989
1005.0,132.0,0.709429
1005.0,133.0,0.658435
1005.0,134.0,0.22926
1005.0,135.0,0.656168
1005.0,136.0,0.560748
1005.0,137.0,0.606874
1005.0,138.0,3.0e-06
1005.0,139.0,0.467878
1005.0,140.0,0.306977
1005.0,141.0,0.326442
1005.0,142.0,1.0
1005.0,143.0,0.447065
1005.0,144.0,0.539324
1005.0,145.0,0.321648
1005.0,146.0,0.00032
1005.0,147.0,1.0
1006.0,0.0,0.373422
1006.0,1.0,1.0
1006.0,2.0,0.003899
1006.0,3.0,1.0
1006.0,4.0,0.669636
1006.0,5.0,0.557316
1006.0,6.0,0.520691
1006.0,7.0,0.646614
1006.0,8.0,0.816605
1006.0,9.0,0.761865
1006.0,10.0,0.327555
1006.0,11.0,0.456266
1006.0,12.0,0.426979
1006.0,13.0,0.851297
1006.0,14.0,0.393261
1006.0,15.0,0.445526
1006.0,16.0,0.162255
1006.0,17.0,0.135807
1006.0,18.0,0.000135
1006.0,19.0,0.410466
1006.0,20.0,0.995176
1006.0,21.0,0.798686
1006.0,22.0,0.100872
1006.0,23.0,8.4e-05
1006.0,24.0,0.286301
1006.0,25.0,0.284013
1006.0,26.0,0.792116
1006.0,27.0,0.971875
1006.0,28.0,0.569316
1006.0,29.0,0.997241
1006.0,30.0,0.998955
1006.0,31.0,0.542251
1006.0,32.0,0.0
1006.0,33.0,0.754657
1006.0,34.0,0.891129
1006.0,35.0,0.616626
1006.0,36.0,0.851715
1006.0,37.0,0.056699
1006.0,38.0,0.654396
1006.0,39.0,0.549848
1006.0,40.0,0.791324
1006.0,41.0,0.609114
1006.0,42.0,0.497915
1006.0,43.0,0.068023
1006.0,44.0,0.872668
1006.0,45.0,0.546028
1006.0,46.0,0.416862
1006.0,47.0,0.675087
1006.0,48.0,0.998317
1006.0,49.0,0.566064
1006.0,50.0,0.44975
1006.0,51.0,0.98787
1006.0,52.0,0.698374
1006.0,53.0,0.760367
1006.0,54.0,0.126967
1006.0,55.0,0.636386
1006.0,56.0,1.0
1006.0,57.0,0.52074
1006.0,58.0,0.672742
1006.0,59.0,0.703388
1006.0,60.0,0.540153
1006.0,61.0,0.553141
1006.0,62.0,0.998075
1006.0,63.0,0.02767
1006.0,64.0,0.63023
1006.0,65.0,0.442487
1006.0,66.0,0.776535
1006.0,67.0,0.455549
1006.0,68.0,0.429121
1006.0,69.0,0.378595
1006.0,70.0,0.724345
1006.0,71.0,0.30716
1006.0,72.0,0.228433
1006.0,73.0,0.744235
1006.0,74.0,0.632431
1006.0,75.0,0.986265
1006.0,76.0,1.0
1006.0,77.0,0.118074
1006.0,78.0,0.062398
1006.0,79.0,0.831091
1006.0,80.0,0.932636
1006.0,81.0,0.563347
1006.0,82.0,0.117904
1006.0,83.0,0.167295
1006.0,84.0,0.420383
1006.0,85.0,0.0
1006.0,86.0,0.65397
1006.0,87.0,0.757729
1006.0,88.0,0.06329
1006.0,89.0,0.446409
1006.0,90.0,0.0
1006.0,91.0,0.61121
1006.0,92.0,0.451336
1006.0,93.0,0.720596
1006.0,94.0,0.827561
1006.0,95.0,0.489054
1006.0,96.0,0.999868
1006.0,97.0,0.496367
1006.0,98.0,0.55674
1006.0,99.0,0.018518
1006.0,100.0,0.642379
1006.0,101.0,1.0
1006.0,102.0,0.452002
1006.0,103.0,0.282809
1006.0,104.0,0.449511
1006.0,105.0,0.795697
1006.0,106.0,0.786217
1006.0,107.0,0.583272
1006.0,108.0,0.483044
1006.0,109.0,0.52279
1006.0,110.0,0.999987
1006.0,111.0,0.503635
1006.0,112.0,0.752479
1006.0,113.0,0.232716
1006.0,114.0,1.0
1006.0,115.0,0.904508
1006.0,116.0,0.925638
1006.0,117.0,0.084182
1006.0,118.0,0.563369
1006.0,119.0,1.0
1006.0,120.0,0.912394
1006.0,121.0,0.521219
1006.0,122.0,0.290361
1006.0,123.0,0.313804
1006.0,124.0,0.302492
1006.0,125.0,0.470577
1006.0,126.0,0.705987
1006.0,127.0,0.14642
1006.0,128.0,0.561272
1006.0,129.0,0.588175
1006.0,130.0,0.443924
1006.0,131.0,0.434576
1006.0,132.0,0.698875
1006.0,133.0,0.653762
1006.0,134.0,0.223937
1006.0,135.0,0.644106
1006.0,136.0,0.552033
1006.0,137.0,0.57304
1006.0,138.0,2.0e-06
1006.0,139.0,0.450361
1006.0,140.0,0.298473
1006.0,141.0,0.322307
1006.0,142.0,1.0
1006.0,143.0,0.441111
1006.0,144.0,0.532592
1006.0,145.0,0.30965
1006.0,146.0,0.0003
1006.0,147.0,1.0
1007.0,0.0,0.370782
1007.0,1.0,1.0
1007.0,2.0,0.00372
1007.0,3.0,1.0
1007.0,4.0,0.666275
1007.0,5.0,0.557023
1007.0,6.0,0.475244
1007.0,7.0,0.635982
1007.0,8.0,0.815226
1007.0,9.0,0.755705
1007.0,10.0,0.322073
1007.0,11.0,0.450131
1007.0,12.0,0.426243
1007.0,13.0,0.846665
1007.0,14.0,0.382427
1007.0,15.0,0.393749
1007.0,16.0,0.148631
1007.0,17.0,0.133552
1007.0,18.0,0.000117
1007.0,19.0,0.410407
1007.0,20.0,0.995011
1007.0,21.0,0.795283
1007.0,22.0,0.089108
1007.0,23.0,7.3e-05
1007.0,24.0,0.269535
1007.0,25.0,0.281925
1007.0,26.0,0.787963
1007.0,27.0,0.971284
1007.0,28.0,0.567796
1007.0,29.0,0.997059
1007.0,30.0,0.998923
1007.0,31.0,0.536354
1007.0,32.0,0.0
1007.0,33.0,0.752678
1007.0,34.0,0.883154
1007.0,35.0,0.595213
1007.0,36.0,0.846423
1007.0,37.0,0.055775
1007.0,38.0,0.638284
1007.0,39.0,0.546757
1007.0,40.0,0.790178
1007.0,41.0,0.6056
1007.0,42.0,0.491708
1007.0,43.0,0.066913
1007.0,44.0,0.871287
1007.0,45.0,0.542133
1007.0,46.0,0.405012
1007.0,47.0,0.663206
1007.0,48.0,0.998251
1007.0,49.0,0.562634
1007.0,50.0,0.431961
1007.0,51.0,0.987543
1007.0,52.0,0.679458
1007.0,53.0,0.75664
1007.0,54.0,0.125555
1007.0,55.0,0.629505
1007.0,56.0,1.0
1007.0,57.0,0.514963
1007.0,58.0,0.66835
1007.0,59.0,0.701496
1007.0,60.0,0.535488
1007.0,61.0,0.545615
1007.0,62.0,0.998
1007.0,63.0,0.026998
1007.0,64.0,0.628018
1007.0,65.0,0.437286
1007.0,66.0,0.76903
1007.0,67.0,0.446123
1007.0,68.0,0.412003
1007.0,69.0,0.348639
1007.0,70.0,0.722833
1007.0,71.0,0.295837
1007.0,72.0,0.210162
1007.0,73.0,0.727055
1007.0,74.0,0.629949
1007.0,75.0,0.985785
1007.0,76.0,1.0
1007.0,77.0,0.11559
1007.0,78.0,0.061492
1007.0,79.0,0.830498
1007.0,80.0,0.931151
1007.0,81.0,0.556305
1007.0,82.0,0.111807
1007.0,83.0,0.167445
1007.0,84.0,0.407812
1007.0,85.0,0.0
1007.0,86.0,0.643562
1007.0,87.0,0.748663
1007.0,88.0,0.059123
1007.0,89.0,0.439869
1007.0,90.0,0.0
1007.0,91.0,0.591924
1007.0,92.0,0.444716
1007.0,93.0,0.703717
1007.0,94.0,0.822234
1007.0,95.0,0.479828
1007.0,96.0,0.99987
1007.0,97.0,0.487829
1007.0,98.0,0.556036
1007.0,99.0,0.018184
1007.0,100.0,0.636078
1007.0,101.0,1.0
1007.0,102.0,0.437998
1007.0,103.0,0.27555
1007.0,104.0,0.443606
1007.0,105.0,0.787451
1007.0,106.0,0.785929
1007.0,107.0,0.581991
1007.0,108.0,0.470517
1007.0,109.0,0.519386
1007.0,110.0,0.99999
1007.0,111.0,0.4941
1007.0,112.0,0.6704
1007.0,113.0,0.225575
1007.0,114.0,1.0
1007.0,115.0,0.901835
1007.0,116.0,0.922244
1007.0,117.0,0.083463
1007.0,118.0,0.539705
1007.0,119.0,1.0
1007.0,120.0,0.911687
1007.0,121.0,0.489055
1007.0,122.0,0.288885
1007.0,123.0,0.308571
1007.0,124.0,0.29844
1007.0,125.0,0.450793
1007.0,126.0,0.701755
1007.0,127.0,0.140174
1007.0,128.0,0.587761
1007.0,129.0,0.572697
1007.0,130.0,0.442521
1007.0,131.0,0.429783
1007.0,132.0,0.688948
1007.0,133.0,0.649226
1007.0,134.0,0.219194
1007.0,135.0,0.63294
1007.0,136.0,0.542173
1007.0,137.0,0.542018
1007.0,138.0,1.0e-06
1007.0,139.0,0.433432
1007.0,140.0,0.290905
1007.0,141.0,0.319772
1007.0,142.0,1.0
1007.0,143.0,0.43542
1007.0,144.0,0.525108
1007.0,145.0,0.298071
1007.0,146.0,0.000254
1007.0,147.0,1.0
1008.0,0.0,0.368132
1008.0,1.0,1.0
1008.0,2.0,0.003707
1008.0,3.0,1.0
1008.0,4.0,0.662306
1008.0,5.0,0.555875
1008.0,6.0,0.43432
1008.0,7.0,0.625112
1008.0,8.0,0.813611
1008.0,9.0,0.749924
1008.0,10.0,0.316225
1008.0,11.0,0.444159
1008.0,12.0,0.426093
1008.0,13.0,0.842434
1008.0,14.0,0.371357
1008.0,15.0,0.348079
1008.0,16.0,0.136269
1008.0,17.0,0.130813
1008.0,18.0,9.4e-05
1008.0,19.0,0.411269
1008.0,20.0,0.994741
1008.0,21.0,0.791633
1008.0,22.0,0.079098
1008.0,23.0,6.5e-05
1008.0,24.0,0.254986
1008.0,25.0,0.281213
1008.0,26.0,0.7829
1008.0,27.0,0.970289
1008.0,28.0,0.566617
1008.0,29.0,0.996884
1008.0,30.0,0.998868
1008.0,31.0,0.529396
1008.0,32.0,0.0
1008.0,33.0,0.75049
1008.0,34.0,0.87499
1008.0,35.0,0.574574
1008.0,36.0,0.840517
1008.0,37.0,0.054774
1008.0,38.0,0.623038
1008.0,39.0,0.544205
1008.0,40.0,0.788729
1008.0,41.0,0.601761
1008.0,42.0,0.486016
1008.0,43.0,0.065714
1008.0,44.0,0.869953
1008.0,45.0,0.538965
1008.0,46.0,0.395105
1008.0,47.0,0.652158
1008.0,48.0,0.998142
1008.0,49.0,0.557389
1008.0,50.0,0.415338
1008.0,51.0,0.987138
1008.0,52.0,0.661467
1008.0,53.0,0.753401
1008.0,54.0,0.123975
1008.0,55.0,0.6237
1008.0,56.0,1.0
1008.0,57.0,0.508076
1008.0,58.0,0.663145
1008.0,59.0,0.698097
1008.0,60.0,0.53052
1008.0,61.0,0.537526
1008.0,62.0,0.997988
1008.0,63.0,0.026253
1008.0,64.0,0.626002
1008.0,65.0,0.432038
1008.0,66.0,0.760821
1008.0,67.0,0.436128
1008.0,68.0,0.395396
1008.0,69.0,0.321901
1008.0,70.0,0.721429
1008.0,71.0,0.284216
1008.0,72.0,0.193422
1008.0,73.0,0.70952
1008.0,74.0,0.628039
1008.0,75.0,0.985197
1008.0,76.0,1.0
1008.0,77.0,0.112583
1008.0,78.0,0.060257
1008.0,79.0,0.82956
1008.0,80.0,0.929381
1008.0,81.0,0.549767
1008.0,82.0,0.106505
1008.0,83.0,0.167836
1008.0,84.0,0.395837
1008.0,85.0,0.0
1008.0,86.0,0.632642
1008.0,87.0,0.740057
1008.0,88.0,0.055708
1008.0,89.0,0.433808
1008.0,90.0,0.0
1008.0,91.0,0.572866
1008.0,92.0,0.437912
1008.0,93.0,0.687274
1008.0,94.0,0.817593
1008.0,95.0,0.471162
1008.0,96.0,0.999876
1008.0,97.0,0.480092
1008.0,98.0,0.55493
1008.0,99.0,0.017702
1008.0,100.0,0.62916
1008.0,101.0,1.0
1008.0,102.0,0.424467
1008.0,103.0,0.268195
1008.0,104.0,0.436258
1008.0,105.0,0.778896
1008.0,106.0,0.786387
1008.0,107.0,0.580696
1008.0,108.0,0.459496
1008.0,109.0,0.51544
1008.0,110.0,0.999987
1008.0,111.0,0.484653
1008.0,112.0,0.59085
1008.0,113.0,0.218442
1008.0,114.0,1.0
1008.0,115.0,0.899877
1008.0,116.0,0.918139
1008.0,117.0,0.08249
1008.0,118.0,0.517365
1008.0,119.0,1.0
1008.0,120.0,0.911345
1008.0,121.0,0.459037
1008.0,122.0,0.286105
1008.0,123.0,0.303937
1008.0,124.0,0.294312
1008.0,125.0,0.43075
1008.0,126.0,0.696447
1008.0,127.0,0.133382
1008.0,128.0,0.613091
1008.0,129.0,0.558094
1008.0,130.0,0.441906
1008.0,131.0,0.425151
1008.0,132.0,0.679448
1008.0,133.0,0.644832
1008.0,134.0,0.215957
1008.0,135.0,0.620184
1008.0,136.0,0.533757
1008.0,137.0,0.513145
1008.0,138.0,0.0
1008.0,139.0,0.417083
1008.0,140.0,0.283113
1008.0,141.0,0.317724
1008.0,142.0,1.0
1008.0,143.0,0.431331
1008.0,144.0,0.517237
1008.0,145.0,0.287019
1008.0,146.0,0.000258
1008.0,147.0,1.0
1009.0,0.0,0.365107
1009.0,1.0,1.0
1009.0,2.0,0.003711
1009.0,3.0,1.0
1009.0,4.0,0.65809
1009.0,5.0,0.555471
1009.0,6.0,0.396657
1009.0,7.0,0.614558
1009.0,8.0,0.812672
1009.0,9.0,0.7424
1009.0,10.0,0.312702
1009.0,11.0,0.437513
1009.0,12.0,0.425822
1009.0,13.0,0.836935
1009.0,14.0,0.36219
1009.0,15.0,0.304772
1009.0,16.0,0.126002
1009.0,17.0,0.128808
1009.0,18.0,7.7e-05
1009.0,19.0,0.411029
1009.0,20.0,0.994507
1009.0,21.0,0.788771
1009.0,22.0,0.070398
1009.0,23.0,5.4e-05
1009.0,24.0,0.24067
1009.0,25.0,0.280432
1009.0,26.0,0.778214
1009.0,27.0,0.969547
1009.0,28.0,0.565309
1009.0,29.0,0.996748
1009.0,30.0,0.998822
1009.0,31.0,0.523424
1009.0,32.0,0.0
1009.0,33.0,0.747765
1009.0,34.0,0.86653
1009.0,35.0,0.554561
1009.0,36.0,0.835045
1009.0,37.0,0.053678
1009.0,38.0,0.608805
1009.0,39.0,0.540524
1009.0,40.0,0.787833
1009.0,41.0,0.59741
1009.0,42.0,0.480584
1009.0,43.0,0.064887
1009.0,44.0,0.868411
1009.0,45.0,0.536891
1009.0,46.0,0.384654
1009.0,47.0,0.641744
1009.0,48.0,0.997894
1009.0,49.0,0.552035
1009.0,50.0,0.400484
1009.0,51.0,0.986588
1009.0,52.0,0.643367
1009.0,53.0,0.749448
1009.0,54.0,0.122565
1009.0,55.0,0.618309
1009.0,56.0,1.0
1009.0,57.0,0.502503
1009.0,58.0,0.658424
1009.0,59.0,0.694659
1009.0,60.0,0.526206
1009.0,61.0,0.529771
1009.0,62.0,0.99805
1009.0,63.0,0.02529
1009.0,64.0,0.623728
1009.0,65.0,0.426913
1009.0,66.0,0.753328
1009.0,67.0,0.424949
1009.0,68.0,0.378081
1009.0,69.0,0.298571
1009.0,70.0,0.719424
1009.0,71.0,0.272971
1009.0,72.0,0.178252
1009.0,73.0,0.691142
1009.0,74.0,0.626337
1009.0,75.0,0.984774
1009.0,76.0,1.0
1009.0,77.0,0.1101
1009.0,78.0,0.059279
1009.0,79.0,0.827771
1009.0,80.0,0.927711
1009.0,81.0,0.543198
1009.0,82.0,0.101542
1009.0,83.0,0.167826
1009.0,84.0,0.384571
1009.0,85.0,0.0
1009.0,86.0,0.622004
1009.0,87.0,0.730721
1009.0,88.0,0.051972
1009.0,89.0,0.428094
1009.0,90.0,0.0
1009.0,91.0,0.553059
1009.0,92.0,0.432106
1009.0,93.0,0.670647
1009.0,94.0,0.812843
1009.0,95.0,0.462159
1009.0,96.0,0.999878
1009.0,97.0,0.472917
1009.0,98.0,0.555026
1009.0,99.0,0.017372
1009.0,100.0,0.621682
1009.0,101.0,1.0
1009.0,102.0,0.4111
1009.0,103.0,0.261232
1009.0,104.0,0.429323
1009.0,105.0,0.770199
1009.0,106.0,0.786708
1009.0,107.0,0.578382
1009.0,108.0,0.447368
1009.0,109.0,0.512595
1009.0,110.0,0.99999
1009.0,111.0,0.477025
1009.0,112.0,0.518694
1009.0,113.0,0.21147
1009.0,114.0,1.0
1009.0,115.0,0.897052
1009.0,116.0,0.913928
1009.0,117.0,0.08152
1009.0,118.0,0.495035
1009.0,119.0,1.0
1009.0,120.0,0.910889
1009.0,121.0,0.431298
1009.0,122.0,0.283798
1009.0,123.0,0.298835
1009.0,124.0,0.290163
1009.0,125.0,0.412649
1009.0,126.0,0.690608
1009.0,127.0,0.127242
1009.0,128.0,0.637345
1009.0,129.0,0.542111
1009.0,130.0,0.44151
1009.0,131.0,0.421589
1009.0,132.0,0.669829
1009.0,133.0,0.639889
1009.0,134.0,0.211779
1009.0,135.0,0.607618
1009.0,136.0,0.526394
1009.0,137.0,0.485595
1009.0,138.0,0.0
1009.0,139.0,0.402278
1009.0,140.0,0.276545
1009.0,141.0,0.314826
1009.0,142.0,1.0
1009.0,143.0,0.425572
1009.0,144.0,0.510287
1009.0,145.0,0.276949
1009.0,146.0,0.00022
1009.0,147.0,1.0
1010.0,0.0,0.361034
1010.0,1.0,1.0
1010.0,2.0,0.003682
1010.0,3.0,1.0
1010.0,4.0,0.653771
1010.0,5.0,0.554643
1010.0,6.0,0.362436
1010.0,7.0,0.602641
1010.0,8.0,0.811509
1010.0,9.0,0.735404
1010.0,10.0,0.308733
1010.0,11.0,0.43205
1010.0,12.0,0.425602
1010.0,13.0,0.832016
1010.0,14.0,0.352386
1010.0,15.0,0.265946
1010.0,16.0,0.117155
1010.0,17.0,0.126163
1010.0,18.0,6.0e-05
1010.0,19.0,0.410594
1010.0,20.0,0.994271
1010.0,21.0,0.785661
1010.0,22.0,0.062188
1010.0,23.0,5.8e-05
1010.0,24.0,0.227141
1010.0,25.0,0.279397
1010.0,26.0,0.774097
1010.0,27.0,0.968322
1010.0,28.0,0.563697
1010.0,29.0,0.996614
1010.0,30.0,0.998829
1010.0,31.0,0.516103
1010.0,32.0,0.0
1010.0,33.0,0.746582
1010.0,34.0,0.857026
1010.0,35.0,0.53484
1010.0,36.0,0.829545
1010.0,37.0,0.052582
1010.0,38.0,0.594713
1010.0,39.0,0.536635
1010.0,40.0,0.785508
1010.0,41.0,0.59342
1010.0,42.0,0.475328
1010.0,43.0,0.064482
1010.0,44.0,0.866533
1010.0,45.0,0.535071
1010.0,46.0,0.375436
1010.0,47.0,0.631144
1010.0,48.0,0.997758
1010.0,49.0,0.547942
1010.0,50.0,0.385227
1010.0,51.0,0.986037
1010.0,52.0,0.625078
1010.0,53.0,0.745471
1010.0,54.0,0.121549
1010.0,55.0,0.612577
1010.0,56.0,1.0
1010.0,57.0,0.496813
1010.0,58.0,0.654583
1010.0,59.0,0.691547
1010.0,60.0,0.522741
1010.0,61.0,0.522777
1010.0,62.0,0.998065
1010.0,63.0,0.024412
1010.0,64.0,0.621998
1010.0,65.0,0.420562
1010.0,66.0,0.74512
1010.0,67.0,0.414231
1010.0,68.0,0.361763
1010.0,69.0,0.279526
1010.0,70.0,0.717588
1010.0,71.0,0.262489
1010.0,72.0,0.16397
1010.0,73.0,0.672245
1010.0,74.0,0.623857
1010.0,75.0,0.984213
1010.0,76.0,1.0
1010.0,77.0,0.107901
1010.0,78.0,0.058274
1010.0,79.0,0.82691
1010.0,80.0,0.92604
1010.0,81.0,0.536131
1010.0,82.0,0.097632
1010.0,83.0,0.167316
1010.0,84.0,0.374054
1010.0,85.0,0.0
1010.0,86.0,0.611106
1010.0,87.0,0.721609
1010.0,88.0,0.048913
1010.0,89.0,0.42257
1010.0,90.0,0.0
1010.0,91.0,0.534783
1010.0,92.0,0.426088
1010.0,93.0,0.65468
1010.0,94.0,0.807951
1010.0,95.0,0.454015
1010.0,96.0,0.99986
1010.0,97.0,0.465648
1010.0,98.0,0.555421
1010.0,99.0,0.016789
1010.0,100.0,0.615942
1010.0,101.0,1.0
1010.0,102.0,0.399198
1010.0,103.0,0.255462
1010.0,104.0,0.422848
1010.0,105.0,0.760654
1010.0,106.0,0.786719
1010.0,107.0,0.576857
1010.0,108.0,0.436682
1010.0,109.0,0.509772
1010.0,110.0,0.999992
1010.0,111.0,0.468225
1010.0,112.0,0.457165
1010.0,113.0,0.204575
1010.0,114.0,1.0
1010.0,115.0,0.894424
1010.0,116.0,0.910175
1010.0,117.0,0.08046
1010.0,118.0,0.472318
1010.0,119.0,1.0
1010.0,120.0,0.911071
1010.0,121.0,0.405833
1010.0,122.0,0.281624
1010.0,123.0,0.294552
1010.0,124.0,0.286372
1010.0,125.0,0.394079
1010.0,126.0,0.6853
1010.0,127.0,0.121619
1010.0,128.0,0.657322
1010.0,129.0,0.527309
1010.0,130.0,0.440625
1010.0,131.0,0.418066
1010.0,132.0,0.660598
1010.0,133.0,0.636409
1010.0,134.0,0.208839
1010.0,135.0,0.595352
1010.0,136.0,0.518278
1010.0,137.0,0.458519
1010.0,138.0,0.0
1010.0,139.0,0.388461
1010.0,140.0,0.26957
1010.0,141.0,0.3119
1010.0,142.0,1.0
1010.0,143.0,0.420293
1010.0,144.0,0.504846
1010.0,145.0,0.267853
1010.0,146.0,0.0002
1010.0,147.0,1.0
2000.0,0.0,0.37275
2000.0,1.0,1.0
2000.0,2.0,0.0
2000.0,3.0,1.0
2000.0,4.0,0.678446
2000.0,5.0,0.535541
2000.0,6.0,0.362471
2000.0,7.0,0.589396
2000.0,8.0,0.882419
2000.0,9.0,0.735344
2000.0,10.0,0.308644
2000.0,11.0,0.425881
2000.0,12.0,0.41293
2000.0,13.0,0.908233
2000.0,14.0,0.358674
2000.0,15.0,0.263754
2000.0,16.0,0.116165
2000.0,17.0,0.125277
2000.0,18.0,0.0
2000.0,19.0,0.391369
2000.0,20.0,1.0
2000.0,21.0,0.772681
2000.0,22.0,0.064018
2000.0,23.0,0.0
2000.0,24.0,0.234145
2000.0,25.0,0.262122
2000.0,26.0,0.768007
2000.0,27.0,0.999865
2000.0,28.0,0.575321
2000.0,29.0,1.0
2000.0,30.0,1.0
2000.0,31.0,0.517378
2000.0,32.0,0.0
2000.0,33.0,0.840459
2000.0,34.0,0.860141
2000.0,35.0,0.529456
2000.0,36.0,0.84966
2000.0,37.0,0.011759
2000.0,38.0,0.597736
2000.0,39.0,0.555377
2000.0,40.0,0.864178
2000.0,41.0,0.585516
2000.0,42.0,0.473898
2000.0,43.0,0.060597
2000.0,44.0,0.96995
2000.0,45.0,0.574513
2000.0,46.0,0.380754
2000.0,47.0,0.623101
2000.0,48.0,1.0
2000.0,49.0,0.53726
2000.0,50.0,0.380231
2000.0,51.0,1.0
2000.0,52.0,0.619074
2000.0,53.0,0.74055
2000.0,54.0,0.053599
2000.0,55.0,0.623216
2000.0,56.0,1.0
2000.0,57.0,0.500619
2000.0,58.0,0.695015
2000.0,59.0,0.702243
2000.0,60.0,0.517876
2000.0,61.0,0.521607
2000.0,62.0,0.999874
2000.0,63.0,0.001822
2000.0,64.0,0.638411
2000.0,65.0,0.420464
2000.0,66.0,0.742739
2000.0,67.0,0.412375
2000.0,68.0,0.348776
2000.0,69.0,0.281525
2000.0,70.0,0.849041
2000.0,71.0,0.264737
2000.0,72.0,0.164207
2000.0,73.0,0.65987
2000.0,74.0,0.62758
2000.0,75.0,0.999752
2000.0,76.0,1.0
2000.0,77.0,0.115084
2000.0,78.0,0.032202
2000.0,79.0,0.855807
2000.0,80.0,0.931303
2000.0,81.0,0.538694
2000.0,82.0,0.098717
2000.0,83.0,0.114536
2000.0,84.0,0.377888
2000.0,85.0,0.0
2000.0,86.0,0.59566
2000.0,87.0,0.714004
2000.0,88.0,0.022001
2000.0,89.0,0.416865
2000.0,90.0,0.0
2000.0,91.0,0.534113
2000.0,92.0,0.419549
2000.0,93.0,0.647918
2000.0,94.0,0.795724
2000.0,95.0,0.44918
2000.0,96.0,1.0
2000.0,97.0,0.469609
2000.0,98.0,0.549557
2000.0,99.0,0.00682
2000.0,100.0,0.618279
2000.0,101.0,1.0
2000.0,102.0,0.399571
2000.0,103.0,0.249302
2000.0,104.0,0.420509
2000.0,105.0,0.784921
2000.0,106.0,0.908085
2000.0,107.0,0.653183
2000.0,108.0,0.447299
2000.0,109.0,0.479436
2000.0,110.0,1.0
2000.0,111.0,0.459969
2000.0,112.0,0.457258
2000.0,113.0,0.203536
2000.0,114.0,1.0
2000.0,115.0,0.967783
2000.0,116.0,0.978661
2000.0,117.0,0.021181
2000.0,118.0,0.467
2000.0,119.0,1.0
2000.0,120.0,0.986144
2000.0,121.0,0.407547
2000.0,122.0,0.208592
2000.0,123.0,0.264393
2000.0,124.0,0.258217
2000.0,125.0,0.396531
2000.0,126.0,0.690407
2000.0,127.0,0.120225
2000.0,128.0,0.650929
2000.0,129.0,0.534014
2000.0,130.0,0.415697
2000.0,131.0,0.431068
2000.0,132.0,0.659345
2000.0,133.0,0.637574
2000.0,134.0,0.200382
2000.0,135.0,0.597217
2000.0,136.0,0.509804
2000.0,137.0,0.462178
2000.0,138.0,0.0
2000.0,139.0,0.394092
2000.0,140.0,0.282895
2000.0,141.0,0.307324
2000.0,142.0,1.0
2000.0,143.0,0.428038
2000.0,144.0,0.482674
2000.0,145.0,0.264564
2000.0,146.0,0.0
2000.0,147.0,1.0
2001.0,0.0,0.376066
2001.0,1.0,1.0
2001.0,2.0,0.0
2001.0,3.0,1.0
2001.0,4.0,0.682242
2001.0,5.0,0.537017
2001.0,6.0,0.405268
2001.0,7.0,0.60133
2001.0,8.0,0.883168
2001.0,9.0,0.742172
2001.0,10.0,0.313644
2001.0,11.0,0.431515
2001.0,12.0,0.412983
2001.0,13.0,0.911307
2001.0,14.0,0.368816
2001.0,15.0,0.31009
2001.0,16.0,0.126605
2001.0,17.0,0.12764
2001.0,18.0,0.0
2001.0,19.0,0.390924
2001.0,20.0,1.0
2001.0,21.0,0.776863
2001.0,22.0,0.072425
2001.0,23.0,0.0
2001.0,24.0,0.247136
2001.0,25.0,0.263316
2001.0,26.0,0.772656
2001.0,27.0,0.999881
2001.0,28.0,0.575998
2001.0,29.0,1.0
2001.0,30.0,1.0
2001.0,31.0,0.525217
2001.0,32.0,0.0
2001.0,33.0,0.840322
2001.0,34.0,0.869379
2001.0,35.0,0.55367
2001.0,36.0,0.854972
2001.0,37.0,0.011943
2001.0,38.0,0.611631
2001.0,39.0,0.558538
2001.0,40.0,0.865797
2001.0,41.0,0.588974
2001.0,42.0,0.479361
2001.0,43.0,0.06095
2001.0,44.0,0.970449
2001.0,45.0,0.576732
2001.0,46.0,0.391683
2001.0,47.0,0.63423
2001.0,48.0,1.0
2001.0,49.0,0.542001
2001.0,50.0,0.396178
2001.0,51.0,1.0
2001.0,52.0,0.6404
2001.0,53.0,0.743784
2001.0,54.0,0.054797
2001.0,55.0,0.629129
2001.0,56.0,1.0
2001.0,57.0,0.50698
2001.0,58.0,0.699755
2001.0,59.0,0.706707
2001.0,60.0,0.522158
2001.0,61.0,0.527967
2001.0,62.0,0.999868
2001.0,63.0,0.001879
2001.0,64.0,0.639013
2001.0,65.0,0.426367
2001.0,66.0,0.751091
2001.0,67.0,0.412523
2001.0,68.0,0.367187
2001.0,69.0,0.306234
2001.0,70.0,0.849694
2001.0,71.0,0.275528
2001.0,72.0,0.1806
2001.0,73.0,0.682226
2001.0,74.0,0.629505
2001.0,75.0,0.999762
2001.0,76.0,1.0
2001.0,77.0,0.117624
2001.0,78.0,0.032963
2001.0,79.0,0.857039
2001.0,80.0,0.932956
2001.0,81.0,0.545781
2001.0,82.0,0.103599
2001.0,83.0,0.115254
2001.0,84.0,0.389342
2001.0,85.0,0.0
2001.0,86.0,0.608581
2001.0,87.0,0.724817
2001.0,88.0,0.023202
2001.0,89.0,0.422279
2001.0,90.0,0.0
2001.0,91.0,0.555074
2001.0,92.0,0.425598
2001.0,93.0,0.667391
2001.0,94.0,0.802396
2001.0,95.0,0.458314
2001.0,96.0,1.0
2001.0,97.0,0.477131
2001.0,98.0,0.551139
2001.0,99.0,0.006917
2001.0,100.0,0.624723
2001.0,101.0,1.0
2001.0,102.0,0.414836
2001.0,103.0,0.256066
2001.0,104.0,0.427351
2001.0,105.0,0.792504
2001.0,106.0,0.907971
2001.0,107.0,0.654882
2001.0,108.0,0.458792
2001.0,109.0,0.481497
2001.0,110.0,1.0
2001.0,111.0,0.468136
2001.0,112.0,0.598804
2001.0,113.0,0.211112
2001.0,114.0,1.0
2001.0,115.0,0.968606
2001.0,116.0,0.979808
2001.0,117.0,0.021799
2001.0,118.0,0.488373
2001.0,119.0,1.0
2001.0,120.0,0.986501
2001.0,121.0,0.440654
2001.0,122.0,0.209788
2001.0,123.0,0.268932
2001.0,124.0,0.263328
2001.0,125.0,0.416548
2001.0,126.0,0.694961
2001.0,127.0,0.127122
2001.0,128.0,0.588999
2001.0,129.0,0.549423
2001.0,130.0,0.418157
2001.0,131.0,0.433385
2001.0,132.0,0.669691
2001.0,133.0,0.641824
2001.0,134.0,0.204392
2001.0,135.0,0.607881
2001.0,136.0,0.517209
2001.0,137.0,0.494453
2001.0,138.0,0.0
2001.0,139.0,0.409982
2001.0,140.0,0.288783
2001.0,141.0,0.310526
2001.0,142.0,1.0
2001.0,143.0,0.433157
2001.0,144.0,0.488806
2001.0,145.0,0.275277
2001.0,146.0,0.0
2001.0,147.0,1.0
2002.0,0.0,0.37998
2002.0,1.0,1.0
2002.0,2.0,0.0
2002.0,3.0,1.0
2002.0,4.0,0.68696
2002.0,5.0,0.538508
2002.0,6.0,0.448484
2002.0,7.0,0.612203
2002.0,8.0,0.88414
2002.0,9.0,0.749452
2002.0,10.0,0.318282
2002.0,11.0,0.438497
2002.0,12.0,0.413547
2002.0,13.0,0.914462
2002.0,14.0,0.380177
2002.0,15.0,0.35831
2002.0,16.0,0.137876
2002.0,17.0,0.13094
2002.0,18.0,0.0
2002.0,19.0,0.390753
2002.0,20.0,1.0
2002.0,21.0,0.780788
2002.0,22.0,0.081725
2002.0,23.0,0.0
2002.0,24.0,0.259069
2002.0,25.0,0.264086
2002.0,26.0,0.776028
2002.0,27.0,0.999889
2002.0,28.0,0.576715
2002.0,29.0,1.0
2002.0,30.0,1.0
2002.0,31.0,0.530897
2002.0,32.0,0.0
2002.0,33.0,0.840622
2002.0,34.0,0.878192
2002.0,35.0,0.576104
2002.0,36.0,0.860118
2002.0,37.0,0.01213
2002.0,38.0,0.625489
2002.0,39.0,0.561502
2002.0,40.0,0.867129
2002.0,41.0,0.592711
2002.0,42.0,0.484902
2002.0,43.0,0.061846
2002.0,44.0,0.971318
2002.0,45.0,0.580264
2002.0,46.0,0.40258
2002.0,47.0,0.645516
2002.0,48.0,1.0
2002.0,49.0,0.546775
2002.0,50.0,0.413008
2002.0,51.0,1.0
2002.0,52.0,0.660332
2002.0,53.0,0.74759
2002.0,54.0,0.055425
2002.0,55.0,0.635927
2002.0,56.0,1.0
2002.0,57.0,0.513066
2002.0,58.0,0.703942
2002.0,59.0,0.710218
2002.0,60.0,0.526035
2002.0,61.0,0.534749
2002.0,62.0,0.999871
2002.0,63.0,0.001812
2002.0,64.0,0.640621
2002.0,65.0,0.432833
2002.0,66.0,0.75982
2002.0,67.0,0.419865
2002.0,68.0,0.384379
2002.0,69.0,0.332952
2002.0,70.0,0.85052
2002.0,71.0,0.286474
2002.0,72.0,0.197827
2002.0,73.0,0.702628
2002.0,74.0,0.631846
2002.0,75.0,0.999767
2002.0,76.0,1.0
2002.0,77.0,0.11999
2002.0,78.0,0.033765
2002.0,79.0,0.857752
2002.0,80.0,0.934497
2002.0,81.0,0.552693
2002.0,82.0,0.108793
2002.0,83.0,0.116149
2002.0,84.0,0.400228
2002.0,85.0,0.0
2002.0,86.0,0.620161
2002.0,87.0,0.734238
2002.0,88.0,0.024738
2002.0,89.0,0.428098
2002.0,90.0,0.0
2002.0,91.0,0.574957
2002.0,92.0,0.432007
2002.0,93.0,0.685326
2002.0,94.0,0.808575
2002.0,95.0,0.469169
2002.0,96.0,1.0
2002.0,97.0,0.484996
2002.0,98.0,0.552323
2002.0,99.0,0.006932
2002.0,100.0,0.630915
2002.0,101.0,1.0
2002.0,102.0,0.428662
2002.0,103.0,0.264492
2002.0,104.0,0.434904
2002.0,105.0,0.800714
2002.0,106.0,0.907791
2002.0,107.0,0.656466
2002.0,108.0,0.471332
2002.0,109.0,0.483331
2002.0,110.0,1.0
2002.0,111.0,0.476328
2002.0,112.0,0.690257
2002.0,113.0,0.217237
2002.0,114.0,1.0
2002.0,115.0,0.969712
2002.0,116.0,0.980654
2002.0,117.0,0.021951
2002.0,118.0,0.510783
2002.0,119.0,1.0
2002.0,120.0,0.986794
2002.0,121.0,0.47162
2002.0,122.0,0.211881
2002.0,123.0,0.272941
2002.0,124.0,0.267547
2002.0,125.0,0.437831
2002.0,126.0,0.698585
2002.0,127.0,0.134787
2002.0,128.0,0.554029
2002.0,129.0,0.565005
2002.0,130.0,0.418736
2002.0,131.0,0.437396
2002.0,132.0,0.680071
2002.0,133.0,0.646696
2002.0,134.0,0.208251
2002.0,135.0,0.618521
2002.0,136.0,0.525161
2002.0,137.0,0.52518
2002.0,138.0,0.0
2002.0,139.0,0.426229
2002.0,140.0,0.295632
2002.0,141.0,0.313315
2002.0,142.0,1.0
2002.0,143.0,0.439363
2002.0,144.0,0.495132
2002.0,145.0,0.285921
2002.0,146.0,0.0
2002.0,147.0,1.0
2003.0,0.0,0.383689
2003.0,1.0,1.0
2003.0,2.0,0.0
2003.0,3.0,1.0
2003.0,4.0,0.690964
2003.0,5.0,0.540259
2003.0,6.0,0.490572
2003.0,7.0,0.622543
2003.0,8.0,0.885577
2003.0,9.0,0.755386
2003.0,10.0,0.322912
2003.0,11.0,0.444066
2003.0,12.0,0.413804
2003.0,13.0,0.917655
2003.0,14.0,0.39027
2003.0,15.0,0.405934
2003.0,16.0,0.150159
2003.0,17.0,0.134002
2003.0,18.0,0.0
2003.0,19.0,0.391045
2003.0,20.0,1.0
2003.0,21.0,0.785379
2003.0,22.0,0.092727
2003.0,23.0,0.0
2003.0,24.0,0.272548
2003.0,25.0,0.265084
2003.0,26.0,0.779605
2003.0,27.0,0.999897
2003.0,28.0,0.57873
2003.0,29.0,1.0
2003.0,30.0,1.0
2003.0,31.0,0.53739
2003.0,32.0,0.0
2003.0,33.0,0.840807
2003.0,34.0,0.886365
2003.0,35.0,0.597337
2003.0,36.0,0.864968
2003.0,37.0,0.012228
2003.0,38.0,0.639476
2003.0,39.0,0.564696
2003.0,40.0,0.867963
2003.0,41.0,0.596866
2003.0,42.0,0.490577
2003.0,43.0,0.062962
2003.0,44.0,0.971931
2003.0,45.0,0.583071
2003.0,46.0,0.413799
2003.0,47.0,0.655904
2003.0,48.0,1.0
2003.0,49.0,0.552733
2003.0,50.0,0.428353
2003.0,51.0,1.0
2003.0,52.0,0.679936
2003.0,53.0,0.750807
2003.0,54.0,0.055736
2003.0,55.0,0.642514
2003.0,56.0,1.0
2003.0,57.0,0.519027
2003.0,58.0,0.707628
2003.0,59.0,0.713472
2003.0,60.0,0.531017
2003.0,61.0,0.541806
2003.0,62.0,0.999879
2003.0,63.0,0.001882
2003.0,64.0,0.641325
2003.0,65.0,0.439652
2003.0,66.0,0.768188
2003.0,67.0,0.432011
2003.0,68.0,0.401712
2003.0,69.0,0.358324
2003.0,70.0,0.85209
2003.0,71.0,0.297938
2003.0,72.0,0.215506
2003.0,73.0,0.721098
2003.0,74.0,0.634997
2003.0,75.0,0.999802
2003.0,76.0,1.0
2003.0,77.0,0.122231
2003.0,78.0,0.03439
2003.0,79.0,0.858853
2003.0,80.0,0.935948
2003.0,81.0,0.560219
2003.0,82.0,0.113616
2003.0,83.0,0.116978
2003.0,84.0,0.411432
2003.0,85.0,0.0
2003.0,86.0,0.630894
2003.0,87.0,0.743427
2003.0,88.0,0.0261
2003.0,89.0,0.433692
2003.0,90.0,0.0
2003.0,91.0,0.593529
2003.0,92.0,0.439138
2003.0,93.0,0.701737
2003.0,94.0,0.8146
2003.0,95.0,0.478658
2003.0,96.0,1.0
2003.0,97.0,0.493427
2003.0,98.0,0.552999
2003.0,99.0,0.006896
2003.0,100.0,0.636741
2003.0,101.0,1.0
2003.0,102.0,0.442669
2003.0,103.0,0.271884
2003.0,104.0,0.441264
2003.0,105.0,0.806548
2003.0,106.0,0.907351
2003.0,107.0,0.657109
2003.0,108.0,0.482325
2003.0,109.0,0.486135
2003.0,110.0,1.0
2003.0,111.0,0.484971
2003.0,112.0,0.750973
2003.0,113.0,0.223921
2003.0,114.0,1.0
2003.0,115.0,0.970695
2003.0,116.0,0.98165
2003.0,117.0,0.022379
2003.0,118.0,0.532819
2003.0,119.0,1.0
2003.0,120.0,0.986806
2003.0,121.0,0.501049
2003.0,122.0,0.213756
2003.0,123.0,0.276985
2003.0,124.0,0.272922
2003.0,125.0,0.457893
2003.0,126.0,0.703072
2003.0,127.0,0.141178
2003.0,128.0,0.535791
2003.0,129.0,0.580545
2003.0,130.0,0.420236
2003.0,131.0,0.441654
2003.0,132.0,0.69004
2003.0,133.0,0.651086
2003.0,134.0,0.211574
2003.0,135.0,0.627065
2003.0,136.0,0.533154
2003.0,137.0,0.553864
2003.0,138.0,0.0
2003.0,139.0,0.442484
2003.0,140.0,0.303673
2003.0,141.0,0.316314
2003.0,142.0,1.0
2003.0,143.0,0.44418
2003.0,144.0,0.501703
2003.0,145.0,0.296574
2003.0,146.0,0.0
2003.0,147.0,1.0
2004.0,0.0,0.387682
2004.0,1.0,1.0
2004.0,2.0,0.0
2004.0,3.0,1.0
2004.0,4.0,0.69519
2004.0,5.0,0.542476
2004.0,6.0,0.532041
2004.0,7.0,0.631519
2004.0,8.0,0.8858
2004.0,9.0,0.76211
2004.0,10.0,0.327623
2004.0,11.0,0.451024
2004.0,12.0,0.41457
2004.0,13.0,0.920174
2004.0,14.0,0.400908
2004.0,15.0,0.452329
2004.0,16.0,0.163051
2004.0,17.0,0.137628
2004.0,18.0,0.0
2004.0,19.0,0.391754
2004.0,20.0,1.0
2004.0,21.0,0.788941
2004.0,22.0,0.103957
2004.0,23.0,0.0
2004.0,24.0,0.285295
2004.0,25.0,0.265842
2004.0,26.0,0.782436
2004.0,27.0,0.999888
2004.0,28.0,0.579317
2004.0,29.0,1.0
2004.0,30.0,1.0
2004.0,31.0,0.544295
2004.0,32.0,0.0
2004.0,33.0,0.841793
2004.0,34.0,0.893808
2004.0,35.0,0.616583
2004.0,36.0,0.869518
2004.0,37.0,0.012384
2004.0,38.0,0.652833
2004.0,39.0,0.567573
2004.0,40.0,0.869344
2004.0,41.0,0.600136
2004.0,42.0,0.496159
2004.0,43.0,0.063469
2004.0,44.0,0.973003
2004.0,45.0,0.585964
2004.0,46.0,0.42505
2004.0,47.0,0.666316
2004.0,48.0,1.0
2004.0,49.0,0.556872
2004.0,50.0,0.444146
2004.0,51.0,1.0
2004.0,52.0,0.697023
2004.0,53.0,0.754488
2004.0,54.0,0.05634
2004.0,55.0,0.648231
2004.0,56.0,1.0
2004.0,57.0,0.525804
2004.0,58.0,0.710753
2004.0,59.0,0.716991
2004.0,60.0,0.535716
2004.0,61.0,0.548883
2004.0,62.0,0.999882
2004.0,63.0,0.001777
2004.0,64.0,0.641596
2004.0,65.0,0.445043
2004.0,66.0,0.774928
2004.0,67.0,0.446598
2004.0,68.0,0.417314
2004.0,69.0,0.38338
2004.0,70.0,0.853963
2004.0,71.0,0.308843
2004.0,72.0,0.232512
2004.0,73.0,0.738104
2004.0,74.0,0.638045
2004.0,75.0,0.999834
2004.0,76.0,1.0
2004.0,77.0,0.125088
2004.0,78.0,0.034892
2004.0,79.0,0.859266
2004.0,80.0,0.937395
2004.0,81.0,0.567082
2004.0,82.0,0.117958
2004.0,83.0,0.118087
2004.0,84.0,0.421524
2004.0,85.0,0.0
2004.0,86.0,0.641144
2004.0,87.0,0.752029
2004.0,88.0,0.027894
2004.0,89.0,0.43862
2004.0,90.0,0.0
2004.0,91.0,0.611781
2004.0,92.0,0.44674
2004.0,93.0,0.717604
2004.0,94.0,0.820099
2004.0,95.0,0.488008
2004.0,96.0,1.0
2004.0,97.0,0.50222
2004.0,98.0,0.553446
2004.0,99.0,0.007034
2004.0,100.0,0.642816
2004.0,101.0,1.0
2004.0,102.0,0.455364
2004.0,103.0,0.279531
2004.0,104.0,0.447758
2004.0,105.0,0.812999
2004.0,106.0,0.907896
2004.0,107.0,0.657719
2004.0,108.0,0.493279
2004.0,109.0,0.48802
2004.0,110.0,1.0
2004.0,111.0,0.492853
2004.0,112.0,0.795339
2004.0,113.0,0.2305
2004.0,114.0,1.0
2004.0,115.0,0.971351
2004.0,116.0,0.98235
2004.0,117.0,0.022685
2004.0,118.0,0.555809
2004.0,119.0,1.0
2004.0,120.0,0.986928
2004.0,121.0,0.527895
2004.0,122.0,0.215633
2004.0,123.0,0.279798
2004.0,124.0,0.277703
2004.0,125.0,0.477249
2004.0,126.0,0.706857
2004.0,127.0,0.147847
2004.0,128.0,0.52658
2004.0,129.0,0.596036
2004.0,130.0,0.422803
2004.0,131.0,0.445347
2004.0,132.0,0.698824
2004.0,133.0,0.655356
2004.0,134.0,0.21485
2004.0,135.0,0.635939
2004.0,136.0,0.540751
2004.0,137.0,0.581199
2004.0,138.0,0.0
2004.0,139.0,0.45818
2004.0,140.0,0.311571
2004.0,141.0,0.319715
2004.0,142.0,1.0
2004.0,143.0,0.449174
2004.0,144.0,0.507892
2004.0,145.0,0.30703
2004.0,146.0,0.0
2004.0,147.0,1.0
2005.0,0.0,0.390384
2005.0,1.0,1.0
2005.0,2.0,0.0
2005.0,3.0,1.0
2005.0,4.0,0.699267
2005.0,5.0,0.544218
2005.0,6.0,0.572583
2005.0,7.0,0.642345
2005.0,8.0,0.886242
2005.0,9.0,0.768639
2005.0,10.0,0.333761
2005.0,11.0,0.457028
2005.0,12.0,0.414971
2005.0,13.0,0.922778
2005.0,14.0,0.411452
2005.0,15.0,0.496501
2005.0,16.0,0.176121
2005.0,17.0,0.140445
2005.0,18.0,0.0
2005.0,19.0,0.39325
2005.0,20.0,1.0
2005.0,21.0,0.79251
2005.0,22.0,0.11599
2005.0,23.0,0.0
2005.0,24.0,0.297776
2005.0,25.0,0.267444
2005.0,26.0,0.785974
2005.0,27.0,0.999907
2005.0,28.0,0.580558
2005.0,29.0,1.0
2005.0,30.0,1.0
2005.0,31.0,0.550914
2005.0,32.0,0.0
2005.0,33.0,0.842846
2005.0,34.0,0.900557
2005.0,35.0,0.635779
2005.0,36.0,0.874628
2005.0,37.0,0.012606
2005.0,38.0,0.665548
2005.0,39.0,0.571468
2005.0,40.0,0.871327
2005.0,41.0,0.603421
2005.0,42.0,0.501513
2005.0,43.0,0.064486
2005.0,44.0,0.973479
2005.0,45.0,0.58842
2005.0,46.0,0.436692
2005.0,47.0,0.675825
2005.0,48.0,1.0
2005.0,49.0,0.561025
2005.0,50.0,0.460083
2005.0,51.0,1.0
2005.0,52.0,0.714187
2005.0,53.0,0.758105
2005.0,54.0,0.057276
2005.0,55.0,0.654142
2005.0,56.0,1.0
2005.0,57.0,0.532265
2005.0,58.0,0.715106
2005.0,59.0,0.720956
2005.0,60.0,0.539436
2005.0,61.0,0.556742
2005.0,62.0,0.999876
2005.0,63.0,0.001783
2005.0,64.0,0.641614
2005.0,65.0,0.451055
2005.0,66.0,0.782195
2005.0,67.0,0.462611
2005.0,68.0,0.433753
2005.0,69.0,0.40924
2005.0,70.0,0.855201
2005.0,71.0,0.319526
2005.0,72.0,0.250842
2005.0,73.0,0.754056
2005.0,74.0,0.640341
2005.0,75.0,0.999847
2005.0,76.0,1.0
2005.0,77.0,0.12761
2005.0,78.0,0.035783
2005.0,79.0,0.85983
2005.0,80.0,0.938807
2005.0,81.0,0.573908
2005.0,82.0,0.124048
2005.0,83.0,0.119056
2005.0,84.0,0.431034
2005.0,85.0,0.0
2005.0,86.0,0.651837
2005.0,87.0,0.759431
2005.0,88.0,0.029738
2005.0,89.0,0.443723
2005.0,90.0,0.0
2005.0,91.0,0.629105
2005.0,92.0,0.453976
2005.0,93.0,0.732305
2005.0,94.0,0.825442
2005.0,95.0,0.498175
2005.0,96.0,1.0
2005.0,97.0,0.510534
2005.0,98.0,0.553676
2005.0,99.0,0.00716
2005.0,100.0,0.648883
2005.0,101.0,1.0
2005.0,102.0,0.468539
2005.0,103.0,0.287534
2005.0,104.0,0.454904
2005.0,105.0,0.819294
2005.0,106.0,0.907452
2005.0,107.0,0.659129
2005.0,108.0,0.504835
2005.0,109.0,0.49026
2005.0,110.0,1.0
2005.0,111.0,0.501166
2005.0,112.0,0.827617
2005.0,113.0,0.237247
2005.0,114.0,1.0
2005.0,115.0,0.972165
2005.0,116.0,0.983284
2005.0,117.0,0.023199
2005.0,118.0,0.580134
2005.0,119.0,1.0
2005.0,120.0,0.98713
2005.0,121.0,0.553798
2005.0,122.0,0.217445
2005.0,123.0,0.283473
2005.0,124.0,0.283233
2005.0,125.0,0.496712
2005.0,126.0,0.711445
2005.0,127.0,0.155201
2005.0,128.0,0.523291
2005.0,129.0,0.611459
2005.0,130.0,0.424145
2005.0,131.0,0.449251
2005.0,132.0,0.708036
2005.0,133.0,0.660363
2005.0,134.0,0.217935
2005.0,135.0,0.644614
2005.0,136.0,0.54932
2005.0,137.0,0.605675
2005.0,138.0,0.0
2005.0,139.0,0.473126
2005.0,140.0,0.318118
2005.0,141.0,0.322682
2005.0,142.0,1.0
2005.0,143.0,0.452793
2005.0,144.0,0.513517
2005.0,145.0,0.317524
2005.0,146.0,0.0
2005.0,147.0,1.0
2006.0,0.0,0.386222
2006.0,1.0,1.0
2006.0,2.0,0.0
2006.0,3.0,1.0
2006.0,4.0,0.696263
2006.0,5.0,0.542719
2006.0,6.0,0.523016
2006.0,7.0,0.631116
2006.0,8.0,0.885246
2006.0,9.0,0.7616
2006.0,10.0,0.328556
2006.0,11.0,0.450682
2006.0,12.0,0.414184
2006.0,13.0,0.920256
2006.0,14.0,0.399352
2006.0,15.0,0.442844
2006.0,16.0,0.160086
2006.0,17.0,0.137371
2006.0,18.0,0.0
2006.0,19.0,0.392588
2006.0,20.0,1.0
2006.0,21.0,0.788736
2006.0,22.0,0.102373
2006.0,23.0,0.0
2006.0,24.0,0.283262
2006.0,25.0,0.265938
2006.0,26.0,0.782164
2006.0,27.0,0.999895
2006.0,28.0,0.579146
2006.0,29.0,1.0
2006.0,30.0,1.0
2006.0,31.0,0.544637
2006.0,32.0,0.0
2006.0,33.0,0.841684
2006.0,34.0,0.893356
2006.0,35.0,0.613259
2006.0,36.0,0.86946
2006.0,37.0,0.012481
2006.0,38.0,0.652231
2006.0,39.0,0.568505
2006.0,40.0,0.870454
2006.0,41.0,0.60012
2006.0,42.0,0.496072
2006.0,43.0,0.06337
2006.0,44.0,0.973232
2006.0,45.0,0.585086
2006.0,46.0,0.424283
2006.0,47.0,0.664764
2006.0,48.0,1.0
2006.0,49.0,0.556339
2006.0,50.0,0.443163
2006.0,51.0,1.0
2006.0,52.0,0.694979
2006.0,53.0,0.754161
2006.0,54.0,0.056722
2006.0,55.0,0.648262
2006.0,56.0,1.0
2006.0,57.0,0.525827
2006.0,58.0,0.710714
2006.0,59.0,0.718221
2006.0,60.0,0.534959
2006.0,61.0,0.548213
2006.0,62.0,0.999876
2006.0,63.0,0.001753
2006.0,64.0,0.640134
2006.0,65.0,0.444222
2006.0,66.0,0.775083
2006.0,67.0,0.451069
2006.0,68.0,0.416675
2006.0,69.0,0.376374
2006.0,70.0,0.853839
2006.0,71.0,0.307858
2006.0,72.0,0.229784
2006.0,73.0,0.737502
2006.0,74.0,0.637254
2006.0,75.0,0.999822
2006.0,76.0,1.0
2006.0,77.0,0.123873
2006.0,78.0,0.035482
2006.0,79.0,0.858197
2006.0,80.0,0.936889
2006.0,81.0,0.567219
2006.0,82.0,0.118696
2006.0,83.0,0.118161
2006.0,84.0,0.418323
2006.0,85.0,0.0
2006.0,86.0,0.640722
2006.0,87.0,0.751351
2006.0,88.0,0.027907
2006.0,89.0,0.438461
2006.0,90.0,0.0
2006.0,91.0,0.608624
2006.0,92.0,0.446878
2006.0,93.0,0.715333
2006.0,94.0,0.82056
2006.0,95.0,0.487505
2006.0,96.0,1.0
2006.0,97.0,0.501287
2006.0,98.0,0.552971
2006.0,99.0,0.007038
2006.0,100.0,0.641596
2006.0,101.0,1.0
2006.0,102.0,0.453656
2006.0,103.0,0.279138
2006.0,104.0,0.447165
2006.0,105.0,0.813056
2006.0,106.0,0.907886
2006.0,107.0,0.657537
2006.0,108.0,0.493165
2006.0,109.0,0.48753
2006.0,110.0,1.0
2006.0,111.0,0.491559
2006.0,112.0,0.751442
2006.0,113.0,0.230076
2006.0,114.0,1.0
2006.0,115.0,0.971222
2006.0,116.0,0.982397
2006.0,117.0,0.022953
2006.0,118.0,0.555957
2006.0,119.0,1.0
2006.0,120.0,0.986982
2006.0,121.0,0.520616
2006.0,122.0,0.215633
2006.0,123.0,0.278784
2006.0,124.0,0.277495
2006.0,125.0,0.475508
2006.0,126.0,0.70728
2006.0,127.0,0.146993
2006.0,128.0,0.547447
2006.0,129.0,0.594888
2006.0,130.0,0.422362
2006.0,131.0,0.445305
2006.0,132.0,0.697703
2006.0,133.0,0.656563
2006.0,134.0,0.213745
2006.0,135.0,0.635449
2006.0,136.0,0.541584
2006.0,137.0,0.574469
2006.0,138.0,0.0
2006.0,139.0,0.455775
2006.0,140.0,0.310095
2006.0,141.0,0.319922
2006.0,142.0,1.0
2006.0,143.0,0.448176
2006.0,144.0,0.506368
2006.0,145.0,0.305753
2006.0,146.0,0.0
2006.0,147.0,1.0
2007.0,0.0,0.382693
2007.0,1.0,1.0
2007.0,2.0,0.0
2007.0,3.0,1.0
2007.0,4.0,0.69292
2007.0,5.0,0.541019
2007.0,6.0,0.477147
2007.0,7.0,0.619954
2007.0,8.0,0.884503
2007.0,9.0,0.755395
2007.0,10.0,0.323752
2007.0,11.0,0.443713
2007.0,12.0,0.413209
2007.0,13.0,0.917431
2007.0,14.0,0.387888
2007.0,15.0,0.392648
2007.0,16.0,0.14587
2007.0,17.0,0.133941
2007.0,18.0,0.0
2007.0,19.0,0.392128
2007.0,20.0,1.0
2007.0,21.0,0.784562
2007.0,22.0,0.090122
2007.0,23.0,0.0
2007.0,24.0,0.269952
2007.0,25.0,0.263882
2007.0,26.0,0.778072
2007.0,27.0,0.999872
2007.0,28.0,0.577538
2007.0,29.0,1.0
2007.0,30.0,1.0
2007.0,31.0,0.538723
2007.0,32.0,0.0
2007.0,33.0,0.840936
2007.0,34.0,0.885224
2007.0,35.0,0.591701
2007.0,36.0,0.864711
2007.0,37.0,0.012351
2007.0,38.0,0.637742
2007.0,39.0,0.565526
2007.0,40.0,0.869106
2007.0,41.0,0.596154
2007.0,42.0,0.490647
2007.0,43.0,0.062453
2007.0,44.0,0.972767
2007.0,45.0,0.583835
2007.0,46.0,0.412769
2007.0,47.0,0.65392
2007.0,48.0,1.0
2007.0,49.0,0.55185
2007.0,50.0,0.425598
2007.0,51.0,1.0
2007.0,52.0,0.676863
2007.0,53.0,0.750012
2007.0,54.0,0.056267
2007.0,55.0,0.641896
2007.0,56.0,1.0
2007.0,57.0,0.519118
2007.0,58.0,0.707406
2007.0,59.0,0.715391
2007.0,60.0,0.52993
2007.0,61.0,0.540911
2007.0,62.0,0.999874
2007.0,63.0,0.001729
2007.0,64.0,0.638944
2007.0,65.0,0.438085
2007.0,66.0,0.768712
2007.0,67.0,0.440651
2007.0,68.0,0.399387
2007.0,69.0,0.348517
2007.0,70.0,0.852933
2007.0,71.0,0.296586
2007.0,72.0,0.211445
2007.0,73.0,0.719545
2007.0,74.0,0.634792
2007.0,75.0,0.999812
2007.0,76.0,1.0
2007.0,77.0,0.121429
2007.0,78.0,0.034391
2007.0,79.0,0.857129
2007.0,80.0,0.935627
2007.0,81.0,0.560587
2007.0,82.0,0.112979
2007.0,83.0,0.117801
2007.0,84.0,0.406929
2007.0,85.0,0.0
2007.0,86.0,0.62982
2007.0,87.0,0.742419
2007.0,88.0,0.026324
2007.0,89.0,0.432867
2007.0,90.0,0.0
2007.0,91.0,0.589066
2007.0,92.0,0.440075
2007.0,93.0,0.698051
2007.0,94.0,0.814156
2007.0,95.0,0.478797
2007.0,96.0,1.0
2007.0,97.0,0.492601
2007.0,98.0,0.552022
2007.0,99.0,0.007072
2007.0,100.0,0.634893
2007.0,101.0,1.0
2007.0,102.0,0.439303
2007.0,103.0,0.270425
2007.0,104.0,0.440029
2007.0,105.0,0.806361
2007.0,106.0,0.908431
2007.0,107.0,0.656757
2007.0,108.0,0.481799
2007.0,109.0,0.485697
2007.0,110.0,1.0
2007.0,111.0,0.482285
2007.0,112.0,0.669973
2007.0,113.0,0.223876
2007.0,114.0,1.0
2007.0,115.0,0.970064
2007.0,116.0,0.981735
2007.0,117.0,0.022764
2007.0,118.0,0.533176
2007.0,119.0,1.0
2007.0,120.0,0.98685
2007.0,121.0,0.490107
2007.0,122.0,0.214787
2007.0,123.0,0.274263
2007.0,124.0,0.273137
2007.0,125.0,0.455132
2007.0,126.0,0.703212
2007.0,127.0,0.139293
2007.0,128.0,0.575278
2007.0,129.0,0.579256
2007.0,130.0,0.421034
2007.0,131.0,0.442612
2007.0,132.0,0.687746
2007.0,133.0,0.652093
2007.0,134.0,0.21034
2007.0,135.0,0.627306
2007.0,136.0,0.53407
2007.0,137.0,0.543631
2007.0,138.0,0.0
2007.0,139.0,0.439397
2007.0,140.0,0.303673
2007.0,141.0,0.318285
2007.0,142.0,1.0
2007.0,143.0,0.442308
2007.0,144.0,0.500355
2007.0,145.0,0.294713
2007.0,146.0,0.0
2007.0,147.0,1.0
2008.0,0.0,0.378418
2008.0,1.0,1.0
2008.0,2.0,0.0
2008.0,3.0,1.0
2008.0,4.0,0.689301
2008.0,5.0,0.539692
2008.0,6.0,0.434429
2008.0,7.0,0.608729
2008.0,8.0,0.883544
2008.0,9.0,0.748773
2008.0,10.0,0.318819
2008.0,11.0,0.437465
2008.0,12.0,0.412255
2008.0,13.0,0.914489
2008.0,14.0,0.377014
2008.0,15.0,0.345735
2008.0,16.0,0.134656
2008.0,17.0,0.131509
2008.0,18.0,0.0
2008.0,19.0,0.391591
2008.0,20.0,1.0
2008.0,21.0,0.78162
2008.0,22.0,0.079608
2008.0,23.0,0.0
2008.0,24.0,0.256336
2008.0,25.0,0.262955
2008.0,26.0,0.773637
2008.0,27.0,0.999857
2008.0,28.0,0.576447
2008.0,29.0,1.0
2008.0,30.0,1.0
2008.0,31.0,0.53186
2008.0,32.0,0.0
2008.0,33.0,0.84036
2008.0,34.0,0.876952
2008.0,35.0,0.569632
2008.0,36.0,0.86059
2008.0,37.0,0.012135
2008.0,38.0,0.624275
2008.0,39.0,0.56196
2008.0,40.0,0.868467
2008.0,41.0,0.59216
2008.0,42.0,0.486131
2008.0,43.0,0.06172
2008.0,44.0,0.972395
2008.0,45.0,0.581144
2008.0,46.0,0.401881
2008.0,47.0,0.6429
2008.0,48.0,1.0
2008.0,49.0,0.547528
2008.0,50.0,0.4103
2008.0,51.0,1.0
2008.0,52.0,0.657715
2008.0,53.0,0.746123
2008.0,54.0,0.055488
2008.0,55.0,0.635604
2008.0,56.0,1.0
2008.0,57.0,0.512883
2008.0,58.0,0.703471
2008.0,59.0,0.711826
2008.0,60.0,0.524347
2008.0,61.0,0.533893
2008.0,62.0,0.999896
2008.0,63.0,0.001726
2008.0,64.0,0.638045
2008.0,65.0,0.432016
2008.0,66.0,0.76311
2008.0,67.0,0.431418
2008.0,68.0,0.383171
2008.0,69.0,0.323773
2008.0,70.0,0.851483
2008.0,71.0,0.286005
2008.0,72.0,0.194707
2008.0,73.0,0.702519
2008.0,74.0,0.631344
2008.0,75.0,0.999772
2008.0,76.0,1.0
2008.0,77.0,0.118592
2008.0,78.0,0.033593
2008.0,79.0,0.856557
2008.0,80.0,0.93429
2008.0,81.0,0.553821
2008.0,82.0,0.108394
2008.0,83.0,0.117805
2008.0,84.0,0.396191
2008.0,85.0,0.0
2008.0,86.0,0.618783
2008.0,87.0,0.732723
2008.0,88.0,0.024633
2008.0,89.0,0.426969
2008.0,90.0,0.0
2008.0,91.0,0.569468
2008.0,92.0,0.432842
2008.0,93.0,0.680977
2008.0,94.0,0.807397
2008.0,95.0,0.470693
2008.0,96.0,1.0
2008.0,97.0,0.483486
2008.0,98.0,0.551042
2008.0,99.0,0.006971
2008.0,100.0,0.628326
2008.0,101.0,1.0
2008.0,102.0,0.426603
2008.0,103.0,0.262712
2008.0,104.0,0.432712
2008.0,105.0,0.800007
2008.0,106.0,0.908257
2008.0,107.0,0.654513
2008.0,108.0,0.470863
2008.0,109.0,0.483316
2008.0,110.0,1.0
2008.0,111.0,0.474401
2008.0,112.0,0.590339
2008.0,113.0,0.217698
2008.0,114.0,1.0
2008.0,115.0,0.968736
2008.0,116.0,0.980657
2008.0,117.0,0.022442
2008.0,118.0,0.510996
2008.0,119.0,1.0
2008.0,120.0,0.986662
2008.0,121.0,0.461474
2008.0,122.0,0.212791
2008.0,123.0,0.270143
2008.0,124.0,0.267926
2008.0,125.0,0.43599
2008.0,126.0,0.69923
2008.0,127.0,0.132181
2008.0,128.0,0.60341
2008.0,129.0,0.562417
2008.0,130.0,0.419216
2008.0,131.0,0.439755
2008.0,132.0,0.678924
2008.0,133.0,0.648303
2008.0,134.0,0.207622
2008.0,135.0,0.619561
2008.0,136.0,0.527027
2008.0,137.0,0.515058
2008.0,138.0,0.0
2008.0,139.0,0.423926
2008.0,140.0,0.297111
2008.0,141.0,0.316069
2008.0,142.0,1.0
2008.0,143.0,0.437004
2008.0,144.0,0.494231
2008.0,145.0,0.283783
2008.0,146.0,0.0
2008.0,147.0,1.0
2009.0,0.0,0.374182
2009.0,1.0,1.0
2009.0,2.0,0.0
2009.0,3.0,1.0
2009.0,4.0,0.687063
2009.0,5.0,0.538427
2009.0,6.0,0.396419
2009.0,7.0,0.598545
2009.0,8.0,0.883043
2009.0,9.0,0.742247
2009.0,10.0,0.314283
2009.0,11.0,0.430844
2009.0,12.0,0.411675
2009.0,13.0,0.911893
2009.0,14.0,0.367436
2009.0,15.0,0.302512
2009.0,16.0,0.124505
2009.0,17.0,0.128487
2009.0,18.0,0.0
2009.0,19.0,0.390864
2009.0,20.0,1.0
2009.0,21.0,0.778004
2009.0,22.0,0.06996
2009.0,23.0,0.0
2009.0,24.0,0.244349
2009.0,25.0,0.262383
2009.0,26.0,0.76979
2009.0,27.0,0.99983
2009.0,28.0,0.576097
2009.0,29.0,1.0
2009.0,30.0,1.0
2009.0,31.0,0.525706
2009.0,32.0,0.0
2009.0,33.0,0.839455
2009.0,34.0,0.868976
2009.0,35.0,0.548673
2009.0,36.0,0.855272
2009.0,37.0,0.011683
2009.0,38.0,0.610546
2009.0,39.0,0.558705
2009.0,40.0,0.867752
2009.0,41.0,0.588245
2009.0,42.0,0.480928
2009.0,43.0,0.06101
2009.0,44.0,0.971828
2009.0,45.0,0.578246
2009.0,46.0,0.391715
2009.0,47.0,0.631674
2009.0,48.0,1.0
2009.0,49.0,0.542966
2009.0,50.0,0.395914
2009.0,51.0,1.0
2009.0,52.0,0.638751
2009.0,53.0,0.742267
2009.0,54.0,0.055252
2009.0,55.0,0.629609
2009.0,56.0,1.0
2009.0,57.0,0.507466
2009.0,58.0,0.699673
2009.0,59.0,0.708371
2009.0,60.0,0.519463
2009.0,61.0,0.527892
2009.0,62.0,0.999866
2009.0,63.0,0.001737
2009.0,64.0,0.635964
2009.0,65.0,0.42568
2009.0,66.0,0.756479
2009.0,67.0,0.421127
2009.0,68.0,0.36662
2009.0,69.0,0.302611
2009.0,70.0,0.849987
2009.0,71.0,0.275062
2009.0,72.0,0.17789
2009.0,73.0,0.683211
2009.0,74.0,0.628768
2009.0,75.0,0.999744
2009.0,76.0,1.0
2009.0,77.0,0.116357
2009.0,78.0,0.032925
2009.0,79.0,0.855243
2009.0,80.0,0.932614
2009.0,81.0,0.546879
2009.0,82.0,0.10338
2009.0,83.0,0.117353
2009.0,84.0,0.3865
2009.0,85.0,0.0
2009.0,86.0,0.608553
2009.0,87.0,0.722612
2009.0,88.0,0.023118
2009.0,89.0,0.421934
2009.0,90.0,0.0
2009.0,91.0,0.549831
2009.0,92.0,0.425297
2009.0,93.0,0.663998
2009.0,94.0,0.801313
2009.0,95.0,0.461661
2009.0,96.0,1.0
2009.0,97.0,0.476619
2009.0,98.0,0.550475
2009.0,99.0,0.006912
2009.0,100.0,0.621943
2009.0,101.0,1.0
2009.0,102.0,0.414234
2009.0,103.0,0.255871
2009.0,104.0,0.426535
2009.0,105.0,0.792482
2009.0,106.0,0.90849
2009.0,107.0,0.653269
2009.0,108.0,0.459536
2009.0,109.0,0.481582
2009.0,110.0,1.0
2009.0,111.0,0.465369
2009.0,112.0,0.519398
2009.0,113.0,0.211259
2009.0,114.0,1.0
2009.0,115.0,0.967824
2009.0,116.0,0.979466
2009.0,117.0,0.021931
2009.0,118.0,0.489769
2009.0,119.0,1.0
2009.0,120.0,0.986273
2009.0,121.0,0.43466
2009.0,122.0,0.210771
2009.0,123.0,0.266411
2009.0,124.0,0.263264
2009.0,125.0,0.417524
2009.0,126.0,0.695052
2009.0,127.0,0.126309
2009.0,128.0,0.629011
2009.0,129.0,0.547653
2009.0,130.0,0.418238
2009.0,131.0,0.436323
2009.0,132.0,0.669234
2009.0,133.0,0.644992
2009.0,134.0,0.203981
2009.0,135.0,0.610918
2009.0,136.0,0.519564
2009.0,137.0,0.487817
2009.0,138.0,0.0
2009.0,139.0,0.409
2009.0,140.0,0.291429
2009.0,141.0,0.314027
2009.0,142.0,1.0
2009.0,143.0,0.431388
2009.0,144.0,0.488168
2009.0,145.0,0.27377
2009.0,146.0,0.0
2009.0,147.0,1.0
2010.0,0.0,0.37034
2010.0,1.0,1.0
2010.0,2.0,0.0
2010.0,3.0,1.0
2010.0,4.0,0.684045
2010.0,5.0,0.537371
2010.0,6.0,0.362995
2010.0,7.0,0.587466
2010.0,8.0,0.882561
2010.0,9.0,0.735377
2010.0,10.0,0.310042
2010.0,11.0,0.424701
2010.0,12.0,0.411352
2010.0,13.0,0.909069
2010.0,14.0,0.358916
2010.0,15.0,0.263563
2010.0,16.0,0.115579
2010.0,17.0,0.12599
2010.0,18.0,0.0
2010.0,19.0,0.391035
2010.0,20.0,1.0
2010.0,21.0,0.773967
2010.0,22.0,0.062254
2010.0,23.0,0.0
2010.0,24.0,0.232517
2010.0,25.0,0.260839
2010.0,26.0,0.765847
2010.0,27.0,0.999784
2010.0,28.0,0.576485
2010.0,29.0,1.0
2010.0,30.0,1.0
2010.0,31.0,0.519662
2010.0,32.0,0.0
2010.0,33.0,0.838402
2010.0,34.0,0.860458
2010.0,35.0,0.528832
2010.0,36.0,0.85073
2010.0,37.0,0.011502
2010.0,38.0,0.596681
2010.0,39.0,0.554989
2010.0,40.0,0.866835
2010.0,41.0,0.5846
2010.0,42.0,0.475908
2010.0,43.0,0.059887
2010.0,44.0,0.971219
2010.0,45.0,0.576925
2010.0,46.0,0.381081
2010.0,47.0,0.620723
2010.0,48.0,1.0
2010.0,49.0,0.537375
2010.0,50.0,0.381197
2010.0,51.0,1.0
2010.0,52.0,0.618464
2010.0,53.0,0.738821
2010.0,54.0,0.054599
2010.0,55.0,0.623112
2010.0,56.0,1.0
2010.0,57.0,0.502128
2010.0,58.0,0.695726
2010.0,59.0,0.705264
2010.0,60.0,0.514084
2010.0,61.0,0.521736
2010.0,62.0,0.999857
2010.0,63.0,0.001741
2010.0,64.0,0.634908
2010.0,65.0,0.419234
2010.0,66.0,0.749336
2010.0,67.0,0.411281
2010.0,68.0,0.350936
2010.0,69.0,0.28232
2010.0,70.0,0.848767
2010.0,71.0,0.264894
2010.0,72.0,0.164057
2010.0,73.0,0.664264
2010.0,74.0,0.625315
2010.0,75.0,0.999726
2010.0,76.0,1.0
2010.0,77.0,0.114027
2010.0,78.0,0.032033
2010.0,79.0,0.85396
2010.0,80.0,0.930744
2010.0,81.0,0.540572
2010.0,82.0,0.098364
2010.0,83.0,0.116455
2010.0,84.0,0.376267
2010.0,85.0,0.0
2010.0,86.0,0.597795
2010.0,87.0,0.713134
2010.0,88.0,0.021835
2010.0,89.0,0.41693
2010.0,90.0,0.0
2010.0,91.0,0.531153
2010.0,92.0,0.418939
2010.0,93.0,0.647465
2010.0,94.0,0.793722
2010.0,95.0,0.451973
2010.0,96.0,1.0
2010.0,97.0,0.468306
2010.0,98.0,0.549532
2010.0,99.0,0.006793
2010.0,100.0,0.615507
2010.0,101.0,1.0
2010.0,102.0,0.401799
2010.0,103.0,0.24973
2010.0,104.0,0.419942
2010.0,105.0,0.784793
2010.0,106.0,0.908595
2010.0,107.0,0.651928
2010.0,108.0,0.448716
2010.0,109.0,0.480176
2010.0,110.0,1.0
2010.0,111.0,0.456996
2010.0,112.0,0.457482
2010.0,113.0,0.205314
2010.0,114.0,1.0
2010.0,115.0,0.967035
2010.0,116.0,0.977943
2010.0,117.0,0.021334
2010.0,118.0,0.469118
2010.0,119.0,1.0
2010.0,120.0,0.986129
2010.0,121.0,0.408753
2010.0,122.0,0.209323
2010.0,123.0,0.262617
2010.0,124.0,0.257537
2010.0,125.0,0.398732
2010.0,126.0,0.690076
2010.0,127.0,0.120664
2010.0,128.0,0.650457
2010.0,129.0,0.532299
2010.0,130.0,0.416463
2010.0,131.0,0.432779
2010.0,132.0,0.659271
2010.0,133.0,0.641871
2010.0,134.0,0.200038
2010.0,135.0,0.601634
2010.0,136.0,0.512381
2010.0,137.0,0.460555
2010.0,138.0,0.0
2010.0,139.0,0.39372
2010.0,140.0,0.286724
2010.0,141.0,0.311508
2010.0,142.0,1.0
2010.0,143.0,0.425695
2010.0,144.0,0.480819
2010.0,145.0,0.26445
2010.0,146.0,0.0
2010.0,147.0,1.0
3000.0,0.0,0.351774
3000.0,1.0,1.0
3000.0,2.0,0.0
3000.0,3.0,1.0
3000.0,4.0,0.715555
3000.0,5.0,0.545733
3000.0,6.0,0.361499
3000.0,7.0,0.598656
3000.0,8.0,0.916389
3000.0,9.0,0.732476
3000.0,10.0,0.306116
3000.0,11.0,0.431655
3000.0,12.0,0.397859
3000.0,13.0,0.96315
3000.0,14.0,0.359018
3000.0,15.0,0.265142
3000.0,16.0,0.1166
3000.0,17.0,0.120607
3000.0,18.0,0.0
3000.0,19.0,0.347885
3000.0,20.0,1.0
3000.0,21.0,0.792197
3000.0,22.0,0.057241
3000.0,23.0,0.0
3000.0,24.0,0.241879
3000.0,25.0,0.250999
3000.0,26.0,0.772066
3000.0,27.0,1.0
3000.0,28.0,0.553292
3000.0,29.0,1.0
3000.0,30.0,1.0
3000.0,31.0,0.524689
3000.0,32.0,0.0
3000.0,33.0,0.870416
3000.0,34.0,0.851365
3000.0,35.0,0.538496
3000.0,36.0,0.870761
3000.0,37.0,0.002018
3000.0,38.0,0.590937
3000.0,39.0,0.548068
3000.0,40.0,0.885853
3000.0,41.0,0.578158
3000.0,42.0,0.472887
3000.0,43.0,0.060012
3000.0,44.0,0.998941
3000.0,45.0,0.630189
3000.0,46.0,0.368156
3000.0,47.0,0.623336
3000.0,48.0,1.0
3000.0,49.0,0.546114
3000.0,50.0,0.388423
3000.0,51.0,1.0
3000.0,52.0,0.625599
3000.0,53.0,0.741799
3000.0,54.0,0.028895
3000.0,55.0,0.618753
3000.0,56.0,1.0
3000.0,57.0,0.503696
3000.0,58.0,0.685931
3000.0,59.0,0.708813
3000.0,60.0,0.498791
3000.0,61.0,0.529897
3000.0,62.0,1.0
3000.0,63.0,4.3e-05
3000.0,64.0,0.649335
3000.0,65.0,0.428585
3000.0,66.0,0.744911
3000.0,67.0,0.404494
3000.0,68.0,0.356773
3000.0,69.0,0.278189
3000.0,70.0,0.878287
3000.0,71.0,0.249997
3000.0,72.0,0.168508
3000.0,73.0,0.665629
3000.0,74.0,0.613196
3000.0,75.0,1.0
3000.0,76.0,1.0
3000.0,77.0,0.124316
3000.0,78.0,0.019721
3000.0,79.0,0.861174
3000.0,80.0,0.937011
3000.0,81.0,0.544683
3000.0,82.0,0.094608
3000.0,83.0,0.110792
3000.0,84.0,0.369039
3000.0,85.0,0.0
3000.0,86.0,0.603432
3000.0,87.0,0.717161
3000.0,88.0,0.009616
3000.0,89.0,0.41925
3000.0,90.0,0.0
3000.0,91.0,0.528752
3000.0,92.0,0.408507
3000.0,93.0,0.64639
3000.0,94.0,0.795296
3000.0,95.0,0.448885
3000.0,96.0,1.0
3000.0,97.0,0.459483
3000.0,98.0,0.55233
3000.0,99.0,0.001864
3000.0,100.0,0.625572
3000.0,101.0,1.0
3000.0,102.0,0.404719
3000.0,103.0,0.238664
3000.0,104.0,0.421753
3000.0,105.0,0.800603
3000.0,106.0,0.938102
3000.0,107.0,0.667811
3000.0,108.0,0.442897
3000.0,109.0,0.472021
3000.0,110.0,1.0
3000.0,111.0,0.448298
3000.0,112.0,0.457034
3000.0,113.0,0.205654
3000.0,114.0,1.0
3000.0,115.0,0.991056
3000.0,116.0,0.995316
3000.0,117.0,0.002553
3000.0,118.0,0.469883
3000.0,119.0,1.0
3000.0,120.0,0.999287
3000.0,121.0,0.405312
3000.0,122.0,0.171717
3000.0,123.0,0.275283
3000.0,124.0,0.266215
3000.0,125.0,0.39532
3000.0,126.0,0.690396
3000.0,127.0,0.116495
3000.0,128.0,0.654118
3000.0,129.0,0.52608
3000.0,130.0,0.410364
3000.0,131.0,0.421364
3000.0,132.0,0.662542
3000.0,133.0,0.632638
3000.0,134.0,0.202781
3000.0,135.0,0.60559
3000.0,136.0,0.519924
3000.0,137.0,0.46406
3000.0,138.0,0.0
3000.0,139.0,0.385241
3000.0,140.0,0.273237
3000.0,141.0,0.320506
3000.0,142.0,1.0
3000.0,143.0,0.431819
3000.0,144.0,0.440861
3000.0,145.0,0.268045
3000.0,146.0,0.0
3000.0,147.0,1.0
3001.0,0.0,0.355748
3001.0,1.0,1.0
3001.0,2.0,0.0
3001.0,3.0,1.0
3001.0,4.0,0.718999
3001.0,5.0,0.54806
3001.0,6.0,0.404999
3001.0,7.0,0.610632
3001.0,8.0,0.916872
3001.0,9.0,0.738339
3001.0,10.0,0.310481
3001.0,11.0,0.43754
3001.0,12.0,0.398855
3001.0,13.0,0.964414
3001.0,14.0,0.370383
3001.0,15.0,0.312049
3001.0,16.0,0.126285
3001.0,17.0,0.123068
3001.0,18.0,0.0
3001.0,19.0,0.348722
3001.0,20.0,1.0
3001.0,21.0,0.795693
3001.0,22.0,0.064985
3001.0,23.0,0.0
3001.0,24.0,0.252673
3001.0,25.0,0.251803
3001.0,26.0,0.776895
3001.0,27.0,1.0
3001.0,28.0,0.554026
3001.0,29.0,1.0
3001.0,30.0,1.0
3001.0,31.0,0.530061
3001.0,32.0,0.0
3001.0,33.0,0.871508
3001.0,34.0,0.861989
3001.0,35.0,0.562264
3001.0,36.0,0.874996
3001.0,37.0,0.001993
3001.0,38.0,0.60783
3001.0,39.0,0.551847
3001.0,40.0,0.886851
3001.0,41.0,0.582793
3001.0,42.0,0.479682
3001.0,43.0,0.060782
3001.0,44.0,0.998984
3001.0,45.0,0.632737
3001.0,46.0,0.379383
3001.0,47.0,0.635135
3001.0,48.0,1.0
3001.0,49.0,0.551448
3001.0,50.0,0.404583
3001.0,51.0,1.0
3001.0,52.0,0.646472
3001.0,53.0,0.745382
3001.0,54.0,0.028793
3001.0,55.0,0.624706
3001.0,56.0,1.0
3001.0,57.0,0.511141
3001.0,58.0,0.690174
3001.0,59.0,0.711458
3001.0,60.0,0.505104
3001.0,61.0,0.538202
3001.0,62.0,1.0
3001.0,63.0,4.1e-05
3001.0,64.0,0.650345
3001.0,65.0,0.435413
3001.0,66.0,0.753696
3001.0,67.0,0.409169
3001.0,68.0,0.373428
3001.0,69.0,0.302483
3001.0,70.0,0.87982
3001.0,71.0,0.262109
3001.0,72.0,0.186051
3001.0,73.0,0.686975
3001.0,74.0,0.616866
3001.0,75.0,1.0
3001.0,76.0,1.0
3001.0,77.0,0.126151
3001.0,78.0,0.019889
3001.0,79.0,0.86202
3001.0,80.0,0.938291
3001.0,81.0,0.551844
3001.0,82.0,0.099293
3001.0,83.0,0.110744
3001.0,84.0,0.381208
3001.0,85.0,0.0
3001.0,86.0,0.615213
3001.0,87.0,0.727827
3001.0,88.0,0.010289
3001.0,89.0,0.425709
3001.0,90.0,0.0
3001.0,91.0,0.549302
3001.0,92.0,0.415869
3001.0,93.0,0.666782
3001.0,94.0,0.802221
3001.0,95.0,0.457224
3001.0,96.0,1.0
3001.0,97.0,0.468899
3001.0,98.0,0.552435
3001.0,99.0,0.001935
3001.0,100.0,0.632012
3001.0,101.0,1.0
3001.0,102.0,0.419014
3001.0,103.0,0.246601
3001.0,104.0,0.428315
3001.0,105.0,0.807763
3001.0,106.0,0.938167
3001.0,107.0,0.669403
3001.0,108.0,0.455461
3001.0,109.0,0.47305
3001.0,110.0,1.0
3001.0,111.0,0.458214
3001.0,112.0,0.598971
3001.0,113.0,0.213014
3001.0,114.0,1.0
3001.0,115.0,0.991484
3001.0,116.0,0.99567
3001.0,117.0,0.002582
3001.0,118.0,0.49009
3001.0,119.0,1.0
3001.0,120.0,0.999298
3001.0,121.0,0.440047
3001.0,122.0,0.17351
3001.0,123.0,0.279757
3001.0,124.0,0.269398
3001.0,125.0,0.416716
3001.0,126.0,0.695738
3001.0,127.0,0.123074
3001.0,128.0,0.58651
3001.0,129.0,0.541172
3001.0,130.0,0.41207
3001.0,131.0,0.425234
3001.0,132.0,0.673116
3001.0,133.0,0.636551
3001.0,134.0,0.206795
3001.0,135.0,0.614224
3001.0,136.0,0.528895
3001.0,137.0,0.49735
3001.0,138.0,0.0
3001.0,139.0,0.402806
3001.0,140.0,0.280116
3001.0,141.0,0.323178
3001.0,142.0,1.0
3001.0,143.0,0.438133
3001.0,144.0,0.447968
3001.0,145.0,0.278188
3001.0,146.0,0.0
3001.0,147.0,1.0
3002.0,0.0,0.359812
3002.0,1.0,1.0
3002.0,2.0,0.0
3002.0,3.0,1.0
3002.0,4.0,0.722211
3002.0,5.0,0.549694
3002.0,6.0,0.448247
3002.0,7.0,0.6219
3002.0,8.0,0.91759
3002.0,9.0,0.744605
3002.0,10.0,0.316039
3002.0,11.0,0.443735
3002.0,12.0,0.39927
3002.0,13.0,0.965785
3002.0,14.0,0.380754
3002.0,15.0,0.359286
3002.0,16.0,0.13666
3002.0,17.0,0.126495
3002.0,18.0,0.0
3002.0,19.0,0.348208
3002.0,20.0,1.0
3002.0,21.0,0.799452
3002.0,22.0,0.073336
3002.0,23.0,0.0
3002.0,24.0,0.264227
3002.0,25.0,0.253935
3002.0,26.0,0.781072
3002.0,27.0,1.0
3002.0,28.0,0.554472
3002.0,29.0,1.0
3002.0,30.0,1.0
3002.0,31.0,0.535068
3002.0,32.0,0.0
3002.0,33.0,0.871456
3002.0,34.0,0.871624
3002.0,35.0,0.583918
3002.0,36.0,0.879504
3002.0,37.0,0.002053
3002.0,38.0,0.624057
3002.0,39.0,0.554632
3002.0,40.0,0.88811
3002.0,41.0,0.587202
3002.0,42.0,0.484414
3002.0,43.0,0.061965
3002.0,44.0,0.998995
3002.0,45.0,0.634999
3002.0,46.0,0.390397
3002.0,47.0,0.646482
3002.0,48.0,1.0
3002.0,49.0,0.556606
3002.0,50.0,0.421375
3002.0,51.0,1.0
3002.0,52.0,0.666663
3002.0,53.0,0.749259
3002.0,54.0,0.029124
3002.0,55.0,0.630986
3002.0,56.0,1.0
3002.0,57.0,0.517724
3002.0,58.0,0.694007
3002.0,59.0,0.714247
3002.0,60.0,0.511741
3002.0,61.0,0.545538
3002.0,62.0,1.0
3002.0,63.0,4.6e-05
3002.0,64.0,0.651639
3002.0,65.0,0.441227
3002.0,66.0,0.76214
3002.0,67.0,0.419581
3002.0,68.0,0.39105
3002.0,69.0,0.328283
3002.0,70.0,0.880806
3002.0,71.0,0.271841
3002.0,72.0,0.203372
3002.0,73.0,0.706661
3002.0,74.0,0.621236
3002.0,75.0,1.0
3002.0,76.0,1.0
3002.0,77.0,0.127733
3002.0,78.0,0.020449
3002.0,79.0,0.863081
3002.0,80.0,0.939469
3002.0,81.0,0.558016
3002.0,82.0,0.104601
3002.0,83.0,0.111348
3002.0,84.0,0.393338
3002.0,85.0,0.0
3002.0,86.0,0.626186
3002.0,87.0,0.736894
3002.0,88.0,0.010936
3002.0,89.0,0.432181
3002.0,90.0,0.0
3002.0,91.0,0.569973
3002.0,92.0,0.423188
3002.0,93.0,0.685033
3002.0,94.0,0.808608
3002.0,95.0,0.466563
3002.0,96.0,1.0
3002.0,97.0,0.476809
3002.0,98.0,0.553136
3002.0,99.0,0.002031
3002.0,100.0,0.639243
3002.0,101.0,1.0
3002.0,102.0,0.434046
3002.0,103.0,0.253247
3002.0,104.0,0.435314
3002.0,105.0,0.813704
3002.0,106.0,0.938314
3002.0,107.0,0.670243
3002.0,108.0,0.467333
3002.0,109.0,0.47388
3002.0,110.0,1.0
3002.0,111.0,0.468561
3002.0,112.0,0.690674
3002.0,113.0,0.220281
3002.0,114.0,1.0
3002.0,115.0,0.991677
3002.0,116.0,0.995964
3002.0,117.0,0.002672
3002.0,118.0,0.511691
3002.0,119.0,1.0
3002.0,120.0,0.999307
3002.0,121.0,0.471459
3002.0,122.0,0.174745
3002.0,123.0,0.284205
3002.0,124.0,0.273885
3002.0,125.0,0.437801
3002.0,126.0,0.699696
3002.0,127.0,0.129954
3002.0,128.0,0.548931
3002.0,129.0,0.556519
3002.0,130.0,0.413594
3002.0,131.0,0.428244
3002.0,132.0,0.682233
3002.0,133.0,0.641776
3002.0,134.0,0.209892
3002.0,135.0,0.621344
3002.0,136.0,0.536351
3002.0,137.0,0.529131
3002.0,138.0,0.0
3002.0,139.0,0.419358
3002.0,140.0,0.287164
3002.0,141.0,0.324749
3002.0,142.0,1.0
3002.0,143.0,0.443167
3002.0,144.0,0.45519
3002.0,145.0,0.288208
3002.0,146.0,0.0
3002.0,147.0,1.0
3003.0,0.0,0.363566
3003.0,1.0,1.0
3003.0,2.0,0.0
3003.0,3.0,1.0
3003.0,4.0,0.725676
3003.0,5.0,0.551978
3003.0,6.0,0.490461
3003.0,7.0,0.63327
3003.0,8.0,0.917939
3003.0,9.0,0.751706
3003.0,10.0,0.321007
3003.0,11.0,0.44919
3003.0,12.0,0.400894
3003.0,13.0,0.967205
3003.0,14.0,0.391767
3003.0,15.0,0.407359
3003.0,16.0,0.148614
3003.0,17.0,0.129407
3003.0,18.0,0.0
3003.0,19.0,0.348775
3003.0,20.0,1.0
3003.0,21.0,0.802282
3003.0,22.0,0.083194
3003.0,23.0,0.0
3003.0,24.0,0.274838
3003.0,25.0,0.255501
3003.0,26.0,0.785589
3003.0,27.0,1.0
3003.0,28.0,0.555057
3003.0,29.0,1.0
3003.0,30.0,1.0
3003.0,31.0,0.541645
3003.0,32.0,0.0
3003.0,33.0,0.872268
3003.0,34.0,0.880011
3003.0,35.0,0.604565
3003.0,36.0,0.883746
3003.0,37.0,0.002095
3003.0,38.0,0.638218
3003.0,39.0,0.55675
3003.0,40.0,0.888649
3003.0,41.0,0.590928
3003.0,42.0,0.490198
3003.0,43.0,0.06293
3003.0,44.0,0.999044
3003.0,45.0,0.637054
3003.0,46.0,0.400776
3003.0,47.0,0.657476
3003.0,48.0,1.0
3003.0,49.0,0.561549
3003.0,50.0,0.437558
3003.0,51.0,1.0
3003.0,52.0,0.684727
3003.0,53.0,0.75395
3003.0,54.0,0.029415
3003.0,55.0,0.636409
3003.0,56.0,1.0
3003.0,57.0,0.523623
3003.0,58.0,0.697981
3003.0,59.0,0.716474
3003.0,60.0,0.517798
3003.0,61.0,0.55279
3003.0,62.0,1.0
3003.0,63.0,5.2e-05
3003.0,64.0,0.65204
3003.0,65.0,0.448053
3003.0,66.0,0.769894
3003.0,67.0,0.432747
3003.0,68.0,0.407965
3003.0,69.0,0.354634
3003.0,70.0,0.882483
3003.0,71.0,0.282518
3003.0,72.0,0.221674
3003.0,73.0,0.724027
3003.0,74.0,0.625089
3003.0,75.0,1.0
3003.0,76.0,1.0
3003.0,77.0,0.129753
3003.0,78.0,0.021025
3003.0,79.0,0.86409
3003.0,80.0,0.940582
3003.0,81.0,0.565386
3003.0,82.0,0.110137
3003.0,83.0,0.111749
3003.0,84.0,0.404086
3003.0,85.0,0.0
3003.0,86.0,0.638953
3003.0,87.0,0.745691
3003.0,88.0,0.011635
3003.0,89.0,0.438216
3003.0,90.0,0.0
3003.0,91.0,0.589427
3003.0,92.0,0.430663
3003.0,93.0,0.702434
3003.0,94.0,0.813997
3003.0,95.0,0.476231
3003.0,96.0,1.0
3003.0,97.0,0.485067
3003.0,98.0,0.553553
3003.0,99.0,0.002058
3003.0,100.0,0.645059
3003.0,101.0,1.0
3003.0,102.0,0.448094
3003.0,103.0,0.259743
3003.0,104.0,0.441498
3003.0,105.0,0.819734
3003.0,106.0,0.938003
3003.0,107.0,0.671422
3003.0,108.0,0.479327
3003.0,109.0,0.474101
3003.0,110.0,1.0
3003.0,111.0,0.477813
3003.0,112.0,0.752577
3003.0,113.0,0.226771
3003.0,114.0,1.0
3003.0,115.0,0.992097
3003.0,116.0,0.996227
3003.0,117.0,0.00263
3003.0,118.0,0.532463
3003.0,119.0,1.0
3003.0,120.0,0.999252
3003.0,121.0,0.500668
3003.0,122.0,0.176235
3003.0,123.0,0.288545
3003.0,124.0,0.277442
3003.0,125.0,0.457552
3003.0,126.0,0.704505
3003.0,127.0,0.137287
3003.0,128.0,0.527986
3003.0,129.0,0.572516
3003.0,130.0,0.414432
3003.0,131.0,0.432418
3003.0,132.0,0.692702
3003.0,133.0,0.646168
3003.0,134.0,0.214266
3003.0,135.0,0.626947
3003.0,136.0,0.544289
3003.0,137.0,0.558876
3003.0,138.0,0.0
3003.0,139.0,0.436308
3003.0,140.0,0.293363
3003.0,141.0,0.327774
3003.0,142.0,1.0
3003.0,143.0,0.448248
3003.0,144.0,0.462308
3003.0,145.0,0.299197
3003.0,146.0,0.0
3003.0,147.0,1.0
3004.0,0.0,0.367071
3004.0,1.0,1.0
3004.0,2.0,0.0
3004.0,3.0,1.0
3004.0,4.0,0.728059
3004.0,5.0,0.553633
3004.0,6.0,0.532845
3004.0,7.0,0.643572
3004.0,8.0,0.918899
3004.0,9.0,0.758195
3004.0,10.0,0.326329
3004.0,11.0,0.455164
3004.0,12.0,0.402127
3004.0,13.0,0.968317
3004.0,14.0,0.402429
3004.0,15.0,0.453523
3004.0,16.0,0.161491
3004.0,17.0,0.13209
3004.0,18.0,0.0
3004.0,19.0,0.350427
3004.0,20.0,1.0
3004.0,21.0,0.805223
3004.0,22.0,0.09359
3004.0,23.0,0.0
3004.0,24.0,0.286212
3004.0,25.0,0.256093
3004.0,26.0,0.789786
3004.0,27.0,1.0
3004.0,28.0,0.556359
3004.0,29.0,1.0
3004.0,30.0,1.0
3004.0,31.0,0.548033
3004.0,32.0,0.0
3004.0,33.0,0.872737
3004.0,34.0,0.88807
3004.0,35.0,0.622839
3004.0,36.0,0.888177
3004.0,37.0,0.002112
3004.0,38.0,0.652859
3004.0,39.0,0.559609
3004.0,40.0,0.889229
3004.0,41.0,0.596029
3004.0,42.0,0.495463
3004.0,43.0,0.064017
3004.0,44.0,0.999155
3004.0,45.0,0.639963
3004.0,46.0,0.411103
3004.0,47.0,0.668406
3004.0,48.0,1.0
3004.0,49.0,0.566601
3004.0,50.0,0.454303
3004.0,51.0,1.0
3004.0,52.0,0.702181
3004.0,53.0,0.757846
3004.0,54.0,0.029627
3004.0,55.0,0.642152
3004.0,56.0,1.0
3004.0,57.0,0.52879
3004.0,58.0,0.702655
3004.0,59.0,0.720141
3004.0,60.0,0.524096
3004.0,61.0,0.559517
3004.0,62.0,1.0
3004.0,63.0,4.3e-05
3004.0,64.0,0.654021
3004.0,65.0,0.453682
3004.0,66.0,0.776989
3004.0,67.0,0.448756
3004.0,68.0,0.423955
3004.0,69.0,0.382267
3004.0,70.0,0.883509
3004.0,71.0,0.293401
3004.0,72.0,0.239911
3004.0,73.0,0.74014
3004.0,74.0,0.627804
3004.0,75.0,1.0
3004.0,76.0,1.0
3004.0,77.0,0.132348
3004.0,78.0,0.021505
3004.0,79.0,0.865132
3004.0,80.0,0.941648
3004.0,81.0,0.571359
3004.0,82.0,0.115641
3004.0,83.0,0.112478
3004.0,84.0,0.413835
3004.0,85.0,0.0
3004.0,86.0,0.649542
3004.0,87.0,0.754832
3004.0,88.0,0.01239
3004.0,89.0,0.443882
3004.0,90.0,0.0
3004.0,91.0,0.608548
3004.0,92.0,0.436722
3004.0,93.0,0.718572
3004.0,94.0,0.819866
3004.0,95.0,0.485157
3004.0,96.0,1.0
3004.0,97.0,0.493004
3004.0,98.0,0.554306
3004.0,99.0,0.00215
3004.0,100.0,0.651716
3004.0,101.0,1.0
3004.0,102.0,0.462158
3004.0,103.0,0.267106
3004.0,104.0,0.448257
3004.0,105.0,0.825442
3004.0,106.0,0.937793
3004.0,107.0,0.672398
3004.0,108.0,0.491376
3004.0,109.0,0.474856
3004.0,110.0,1.0
3004.0,111.0,0.486502
3004.0,112.0,0.795478
3004.0,113.0,0.233844
3004.0,114.0,1.0
3004.0,115.0,0.992464
3004.0,116.0,0.996402
3004.0,117.0,0.002579
3004.0,118.0,0.555239
3004.0,119.0,1.0
3004.0,120.0,0.999164
3004.0,121.0,0.527646
3004.0,122.0,0.177882
3004.0,123.0,0.293122
3004.0,124.0,0.28129
3004.0,125.0,0.477815
3004.0,126.0,0.709022
3004.0,127.0,0.144299
3004.0,128.0,0.518177
3004.0,129.0,0.587896
3004.0,130.0,0.416879
3004.0,131.0,0.436012
3004.0,132.0,0.702242
3004.0,133.0,0.650965
3004.0,134.0,0.21873
3004.0,135.0,0.632554
3004.0,136.0,0.551205
3004.0,137.0,0.584964
3004.0,138.0,0.0
3004.0,139.0,0.452113
3004.0,140.0,0.29951
3004.0,141.0,0.329954
3004.0,142.0,1.0
3004.0,143.0,0.452951
3004.0,144.0,0.468529
3004.0,145.0,0.309269
3004.0,146.0,0.0
3004.0,147.0,1.0
3005.0,0.0,0.370785
3005.0,1.0,1.0
3005.0,2.0,0.0
3005.0,3.0,1.0
3005.0,4.0,0.731024
3005.0,5.0,0.554465
3005.0,6.0,0.573436
3005.0,7.0,0.653488
3005.0,8.0,0.919128
3005.0,9.0,0.764966
3005.0,10.0,0.331306
3005.0,11.0,0.461762
3005.0,12.0,0.401817
3005.0,13.0,0.969582
3005.0,14.0,0.413205
3005.0,15.0,0.498381
3005.0,16.0,0.175365
3005.0,17.0,0.13482
3005.0,18.0,0.0
3005.0,19.0,0.350372
3005.0,20.0,1.0
3005.0,21.0,0.808154
3005.0,22.0,0.105265
3005.0,23.0,0.0
3005.0,24.0,0.296756
3005.0,25.0,0.256939
3005.0,26.0,0.792903
3005.0,27.0,1.0
3005.0,28.0,0.557885
3005.0,29.0,1.0
3005.0,30.0,1.0
3005.0,31.0,0.553961
3005.0,32.0,0.0
3005.0,33.0,0.873754
3005.0,34.0,0.895533
3005.0,35.0,0.640263
3005.0,36.0,0.892558
3005.0,37.0,0.002228
3005.0,38.0,0.666206
3005.0,39.0,0.562664
3005.0,40.0,0.890084
3005.0,41.0,0.599493
3005.0,42.0,0.501138
3005.0,43.0,0.065152
3005.0,44.0,0.999242
3005.0,45.0,0.642904
3005.0,46.0,0.422575
3005.0,47.0,0.678721
3005.0,48.0,1.0
3005.0,49.0,0.570517
3005.0,50.0,0.471403
3005.0,51.0,1.0
3005.0,52.0,0.717367
3005.0,53.0,0.760857
3005.0,54.0,0.029665
3005.0,55.0,0.647774
3005.0,56.0,1.0
3005.0,57.0,0.53448
3005.0,58.0,0.707196
3005.0,59.0,0.723123
3005.0,60.0,0.529543
3005.0,61.0,0.566981
3005.0,62.0,1.0
3005.0,63.0,3.4e-05
3005.0,64.0,0.655229
3005.0,65.0,0.459891
3005.0,66.0,0.783466
3005.0,67.0,0.465457
3005.0,68.0,0.439747
3005.0,69.0,0.40845
3005.0,70.0,0.885155
3005.0,71.0,0.305635
3005.0,72.0,0.258915
3005.0,73.0,0.755453
3005.0,74.0,0.631718
3005.0,75.0,1.0
3005.0,76.0,1.0
3005.0,77.0,0.134867
3005.0,78.0,0.021897
3005.0,79.0,0.865729
3005.0,80.0,0.943024
3005.0,81.0,0.577197
3005.0,82.0,0.121167
3005.0,83.0,0.113123
3005.0,84.0,0.423582
3005.0,85.0,0.0
3005.0,86.0,0.659915
3005.0,87.0,0.763471
3005.0,88.0,0.01323
3005.0,89.0,0.449714
3005.0,90.0,0.0
3005.0,91.0,0.624884
3005.0,92.0,0.442612
3005.0,93.0,0.733737
3005.0,94.0,0.825379
3005.0,95.0,0.494385
3005.0,96.0,1.0
3005.0,97.0,0.500979
3005.0,98.0,0.555022
3005.0,99.0,0.002182
3005.0,100.0,0.657032
3005.0,101.0,1.0
3005.0,102.0,0.474732
3005.0,103.0,0.274073
3005.0,104.0,0.454879
3005.0,105.0,0.830987
3005.0,106.0,0.937701
3005.0,107.0,0.674567
3005.0,108.0,0.502543
3005.0,109.0,0.476242
3005.0,110.0,1.0
3005.0,111.0,0.495847
3005.0,112.0,0.827873
3005.0,113.0,0.242217
3005.0,114.0,1.0
3005.0,115.0,0.992659
3005.0,116.0,0.99669
3005.0,117.0,0.002628
3005.0,118.0,0.577231
3005.0,119.0,1.0
3005.0,120.0,0.99909
3005.0,121.0,0.554148
3005.0,122.0,0.179736
3005.0,123.0,0.298054
3005.0,124.0,0.28548
3005.0,125.0,0.497782
3005.0,126.0,0.713206
3005.0,127.0,0.152253
3005.0,128.0,0.515347
3005.0,129.0,0.603105
3005.0,130.0,0.418417
3005.0,131.0,0.439833
3005.0,132.0,0.711
3005.0,133.0,0.654831
3005.0,134.0,0.222401
3005.0,135.0,0.638174
3005.0,136.0,0.559331
3005.0,137.0,0.60924
3005.0,138.0,0.0
3005.0,139.0,0.468648
3005.0,140.0,0.306567
3005.0,141.0,0.332651
3005.0,142.0,1.0
3005.0,143.0,0.458786
3005.0,144.0,0.47434
3005.0,145.0,0.319987
3005.0,146.0,0.0
3005.0,147.0,1.0
3006.0,0.0,0.365978
3006.0,1.0,1.0
3006.0,2.0,0.0
3006.0,3.0,1.0
3006.0,4.0,0.727636
3006.0,5.0,0.552643
3006.0,6.0,0.522519
3006.0,7.0,0.641969
3006.0,8.0,0.918457
3006.0,9.0,0.758037
3006.0,10.0,0.325606
3006.0,11.0,0.454573
3006.0,12.0,0.400955
3006.0,13.0,0.967947
3006.0,14.0,0.401659
3006.0,15.0,0.443599
3006.0,16.0,0.159892
3006.0,17.0,0.132226
3006.0,18.0,0.0
3006.0,19.0,0.350384
3006.0,20.0,1.0
3006.0,21.0,0.804274
3006.0,22.0,0.093375
3006.0,23.0,0.0
3006.0,24.0,0.284391
3006.0,25.0,0.256638
3006.0,26.0,0.788245
3006.0,27.0,1.0
3006.0,28.0,0.555998
3006.0,29.0,1.0
3006.0,30.0,1.0
3006.0,31.0,0.546856
3006.0,32.0,0.0
3006.0,33.0,0.872627
3006.0,34.0,0.887082
3006.0,35.0,0.618813
3006.0,36.0,0.888276
3006.0,37.0,0.002141
3006.0,38.0,0.650987
3006.0,39.0,0.560086
3006.0,40.0,0.889357
3006.0,41.0,0.594479
3006.0,42.0,0.494738
3006.0,43.0,0.063974
3006.0,44.0,0.99919
3006.0,45.0,0.640167
3006.0,46.0,0.411323
3006.0,47.0,0.668301
3006.0,48.0,1.0
3006.0,49.0,0.565928
3006.0,50.0,0.451981
3006.0,51.0,1.0
3006.0,52.0,0.697821
3006.0,53.0,0.757842
3006.0,54.0,0.029369
3006.0,55.0,0.640999
3006.0,56.0,1.0
3006.0,57.0,0.527531
3006.0,58.0,0.70316
3006.0,59.0,0.718999
3006.0,60.0,0.523705
3006.0,61.0,0.558923
3006.0,62.0,1.0
3006.0,63.0,3.8e-05
3006.0,64.0,0.652891
3006.0,65.0,0.453382
3006.0,66.0,0.776192
3006.0,67.0,0.451324
3006.0,68.0,0.422744
3006.0,69.0,0.375289
3006.0,70.0,0.883647
3006.0,71.0,0.293
3006.0,72.0,0.237229
3006.0,73.0,0.738399
3006.0,74.0,0.627881
3006.0,75.0,1.0
3006.0,76.0,1.0
3006.0,77.0,0.131986
3006.0,78.0,0.021312
3006.0,79.0,0.865328
3006.0,80.0,0.941438
3006.0,81.0,0.569302
3006.0,82.0,0.115438
3006.0,83.0,0.112838
3006.0,84.0,0.410825
3006.0,85.0,0.0
3006.0,86.0,0.648572
3006.0,87.0,0.754066
3006.0,88.0,0.0126
3006.0,89.0,0.44303
3006.0,90.0,0.0
3006.0,91.0,0.604262
3006.0,92.0,0.435458
3006.0,93.0,0.715999
3006.0,94.0,0.819481
3006.0,95.0,0.484111
3006.0,96.0,1.0
3006.0,97.0,0.492368
3006.0,98.0,0.553685
3006.0,99.0,0.002175
3006.0,100.0,0.649681
3006.0,101.0,1.0
3006.0,102.0,0.458842
3006.0,103.0,0.266327
3006.0,104.0,0.447171
3006.0,105.0,0.824445
3006.0,106.0,0.937927
3006.0,107.0,0.672325
3006.0,108.0,0.49001
3006.0,109.0,0.475281
3006.0,110.0,1.0
3006.0,111.0,0.486636
3006.0,112.0,0.752282
3006.0,113.0,0.233944
3006.0,114.0,1.0
3006.0,115.0,0.992484
3006.0,116.0,0.996523
3006.0,117.0,0.002489
3006.0,118.0,0.552324
3006.0,119.0,1.0
3006.0,120.0,0.999142
3006.0,121.0,0.520458
3006.0,122.0,0.17829
3006.0,123.0,0.294643
3006.0,124.0,0.280916
3006.0,125.0,0.47507
3006.0,126.0,0.708622
3006.0,127.0,0.144531
3006.0,128.0,0.5418
3006.0,129.0,0.58588
3006.0,130.0,0.416616
3006.0,131.0,0.435202
3006.0,132.0,0.701045
3006.0,133.0,0.651464
3006.0,134.0,0.218105
3006.0,135.0,0.632655
3006.0,136.0,0.552603
3006.0,137.0,0.576301
3006.0,138.0,0.0
3006.0,139.0,0.450194
3006.0,140.0,0.299807
3006.0,141.0,0.330279
3006.0,142.0,1.0
3006.0,143.0,0.453938
3006.0,144.0,0.468011
3006.0,145.0,0.308937
3006.0,146.0,0.0
3006.0,147.0,1.0
3007.0,0.0,0.361955
3007.0,1.0,1.0
3007.0,2.0,0.0
3007.0,3.0,1.0
3007.0,4.0,0.724387
3007.0,5.0,0.550425
3007.0,6.0,0.47614
3007.0,7.0,0.630897
3007.0,8.0,0.918529
3007.0,9.0,0.751161
3007.0,10.0,0.320568
3007.0,11.0,0.449027
3007.0,12.0,0.400603
3007.0,13.0,0.966189
3007.0,14.0,0.389998
3007.0,15.0,0.392868
3007.0,16.0,0.147796
3007.0,17.0,0.12959
3007.0,18.0,0.0
3007.0,19.0,0.349939
3007.0,20.0,1.0
3007.0,21.0,0.800262
3007.0,22.0,0.082887
3007.0,23.0,0.0
3007.0,24.0,0.273184
3007.0,25.0,0.256065
3007.0,26.0,0.783634
3007.0,27.0,1.0
3007.0,28.0,0.555212
3007.0,29.0,1.0
3007.0,30.0,1.0
3007.0,31.0,0.541031
3007.0,32.0,0.0
3007.0,33.0,0.872159
3007.0,34.0,0.878697
3007.0,35.0,0.597941
3007.0,36.0,0.883958
3007.0,37.0,0.002041
3007.0,38.0,0.636189
3007.0,39.0,0.558086
3007.0,40.0,0.889404
3007.0,41.0,0.590501
3007.0,42.0,0.489397
3007.0,43.0,0.062839
3007.0,44.0,0.999227
3007.0,45.0,0.637609
3007.0,46.0,0.401037
3007.0,47.0,0.657586
3007.0,48.0,1.0
3007.0,49.0,0.561428
3007.0,50.0,0.435152
3007.0,51.0,1.0
3007.0,52.0,0.678861
3007.0,53.0,0.754144
3007.0,54.0,0.029053
3007.0,55.0,0.635341
3007.0,56.0,1.0
3007.0,57.0,0.521271
3007.0,58.0,0.697962
3007.0,59.0,0.715759
3007.0,60.0,0.517198
3007.0,61.0,0.55155
3007.0,62.0,1.0
3007.0,63.0,2.4e-05
3007.0,64.0,0.652116
3007.0,65.0,0.446918
3007.0,66.0,0.768992
3007.0,67.0,0.438613
3007.0,68.0,0.404502
3007.0,69.0,0.346002
3007.0,70.0,0.882303
3007.0,71.0,0.281493
3007.0,72.0,0.217888
3007.0,73.0,0.720333
3007.0,74.0,0.62501
3007.0,75.0,1.0
3007.0,76.0,1.0
3007.0,77.0,0.129228
3007.0,78.0,0.021116
3007.0,79.0,0.865112
3007.0,80.0,0.940518
3007.0,81.0,0.562687
3007.0,82.0,0.110165
3007.0,83.0,0.112633
3007.0,84.0,0.399039
3007.0,85.0,0.0
3007.0,86.0,0.637707
3007.0,87.0,0.744215
3007.0,88.0,0.011661
3007.0,89.0,0.435882
3007.0,90.0,0.0
3007.0,91.0,0.584038
3007.0,92.0,0.428522
3007.0,93.0,0.69803
3007.0,94.0,0.814185
3007.0,95.0,0.475065
3007.0,96.0,1.0
3007.0,97.0,0.483903
3007.0,98.0,0.551677
3007.0,99.0,0.002067
3007.0,100.0,0.641548
3007.0,101.0,1.0
3007.0,102.0,0.444147
3007.0,103.0,0.258186
3007.0,104.0,0.439985
3007.0,105.0,0.818224
3007.0,106.0,0.938255
3007.0,107.0,0.670469
3007.0,108.0,0.478481
3007.0,109.0,0.473948
3007.0,110.0,1.0
3007.0,111.0,0.476395
3007.0,112.0,0.669271
3007.0,113.0,0.226798
3007.0,114.0,1.0
3007.0,115.0,0.992279
3007.0,116.0,0.996364
3007.0,117.0,0.002467
3007.0,118.0,0.528591
3007.0,119.0,1.0
3007.0,120.0,0.9992
3007.0,121.0,0.489052
3007.0,122.0,0.176408
3007.0,123.0,0.290468
3007.0,124.0,0.276689
3007.0,125.0,0.454083
3007.0,126.0,0.704395
3007.0,127.0,0.137723
3007.0,128.0,0.572569
3007.0,129.0,0.569214
3007.0,130.0,0.415802
3007.0,131.0,0.430191
3007.0,132.0,0.691631
3007.0,133.0,0.646955
3007.0,134.0,0.213274
3007.0,135.0,0.625975
3007.0,136.0,0.543997
3007.0,137.0,0.545482
3007.0,138.0,0.0
3007.0,139.0,0.43284
3007.0,140.0,0.292921
3007.0,141.0,0.32756
3007.0,142.0,1.0
3007.0,143.0,0.448104
3007.0,144.0,0.461234
3007.0,145.0,0.29783
3007.0,146.0,0.0
3007.0,147.0,1.0
3008.0,0.0,0.358896
3008.0,1.0,1.0
3008.0,2.0,0.0
3008.0,3.0,1.0
3008.0,4.0,0.720491
3008.0,5.0,0.54808
3008.0,6.0,0.43402
3008.0,7.0,0.619192
3008.0,8.0,0.918123
3008.0,9.0,0.744935
3008.0,10.0,0.316043
3008.0,11.0,0.443204
3008.0,12.0,0.400425
3008.0,13.0,0.964968
3008.0,14.0,0.37906
3008.0,15.0,0.345146
3008.0,16.0,0.135751
3008.0,17.0,0.127809
3008.0,18.0,0.0
3008.0,19.0,0.34914
3008.0,20.0,1.0
3008.0,21.0,0.797066
3008.0,22.0,0.073525
3008.0,23.0,0.0
3008.0,24.0,0.262324
3008.0,25.0,0.255574
3008.0,26.0,0.778728
3008.0,27.0,1.0
3008.0,28.0,0.555087
3008.0,29.0,1.0
3008.0,30.0,1.0
3008.0,31.0,0.534633
3008.0,32.0,0.0
3008.0,33.0,0.872328
3008.0,34.0,0.869856
3008.0,35.0,0.576995
3008.0,36.0,0.879582
3008.0,37.0,0.002005
3008.0,38.0,0.62114
3008.0,39.0,0.555611
3008.0,40.0,0.889112
3008.0,41.0,0.585679
3008.0,42.0,0.48457
3008.0,43.0,0.06178
3008.0,44.0,0.999291
3008.0,45.0,0.634922
3008.0,46.0,0.39075
3008.0,47.0,0.647463
3008.0,48.0,1.0
3008.0,49.0,0.557058
3008.0,50.0,0.419138
3008.0,51.0,1.0
3008.0,52.0,0.660633
3008.0,53.0,0.749959
3008.0,54.0,0.028938
3008.0,55.0,0.62976
3008.0,56.0,1.0
3008.0,57.0,0.515268
3008.0,58.0,0.692833
3008.0,59.0,0.71172
3008.0,60.0,0.510934
3008.0,61.0,0.544464
3008.0,62.0,1.0
3008.0,63.0,2.2e-05
3008.0,64.0,0.651069
3008.0,65.0,0.440018
3008.0,66.0,0.760536
3008.0,67.0,0.427755
3008.0,68.0,0.38756
3008.0,69.0,0.320076
3008.0,70.0,0.881277
3008.0,71.0,0.270982
3008.0,72.0,0.199463
3008.0,73.0,0.701906
3008.0,74.0,0.62085
3008.0,75.0,1.0
3008.0,76.0,1.0
3008.0,77.0,0.127072
3008.0,78.0,0.020533
3008.0,79.0,0.864695
3008.0,80.0,0.939371
3008.0,81.0,0.555812
3008.0,82.0,0.105418
3008.0,83.0,0.112207
3008.0,84.0,0.387697
3008.0,85.0,0.0
3008.0,86.0,0.62709
3008.0,87.0,0.735427
3008.0,88.0,0.011103
3008.0,89.0,0.430789
3008.0,90.0,0.0
3008.0,91.0,0.56391
3008.0,92.0,0.420883
3008.0,93.0,0.680334
3008.0,94.0,0.809045
3008.0,95.0,0.465337
3008.0,96.0,1.0
3008.0,97.0,0.475399
3008.0,98.0,0.550943
3008.0,99.0,0.001989
3008.0,100.0,0.635277
3008.0,101.0,1.0
3008.0,102.0,0.430779
3008.0,103.0,0.251055
3008.0,104.0,0.432991
3008.0,105.0,0.810749
3008.0,106.0,0.938462
3008.0,107.0,0.66781
3008.0,108.0,0.466289
3008.0,109.0,0.471767
3008.0,110.0,1.0
3008.0,111.0,0.46724
3008.0,112.0,0.589427
3008.0,113.0,0.219275
3008.0,114.0,1.0
3008.0,115.0,0.992067
3008.0,116.0,0.996225
3008.0,117.0,0.002387
3008.0,118.0,0.506283
3008.0,119.0,1.0
3008.0,120.0,0.999245
3008.0,121.0,0.459371
3008.0,122.0,0.175151
3008.0,123.0,0.286338
3008.0,124.0,0.272953
3008.0,125.0,0.433595
3008.0,126.0,0.699163
3008.0,127.0,0.131033
3008.0,128.0,0.603329
3008.0,129.0,0.552828
3008.0,130.0,0.414086
3008.0,131.0,0.425805
3008.0,132.0,0.681402
3008.0,133.0,0.643624
3008.0,134.0,0.209456
3008.0,135.0,0.618926
3008.0,136.0,0.536287
3008.0,137.0,0.515036
3008.0,138.0,0.0
3008.0,139.0,0.416565
3008.0,140.0,0.286584
3008.0,141.0,0.325133
3008.0,142.0,1.0
3008.0,143.0,0.442228
3008.0,144.0,0.454112
3008.0,145.0,0.286226
3008.0,146.0,0.0
3008.0,147.0,1.0
3009.0,0.0,0.354512
3009.0,1.0,1.0
3009.0,2.0,0.0
3009.0,3.0,1.0
3009.0,4.0,0.715843
3009.0,5.0,0.545946
3009.0,6.0,0.396612
3009.0,7.0,0.607296
3009.0,8.0,0.917981
3009.0,9.0,0.738064
3009.0,10.0,0.311236
3009.0,11.0,0.43749
3009.0,12.0,0.399399
3009.0,13.0,0.96347
3009.0,14.0,0.368403
3009.0,15.0,0.301123
3009.0,16.0,0.125329
3009.0,17.0,0.125442
3009.0,18.0,0.0
3009.0,19.0,0.348449
3009.0,20.0,1.0
3009.0,21.0,0.794028
3009.0,22.0,0.065525
3009.0,23.0,0.0
3009.0,24.0,0.251986
3009.0,25.0,0.254503
3009.0,26.0,0.774441
3009.0,27.0,1.0
3009.0,28.0,0.55458
3009.0,29.0,1.0
3009.0,30.0,1.0
3009.0,31.0,0.527671
3009.0,32.0,0.0
3009.0,33.0,0.871995
3009.0,34.0,0.860678
3009.0,35.0,0.557186
3009.0,36.0,0.875446
3009.0,37.0,0.00197
3009.0,38.0,0.606106
3009.0,39.0,0.552857
3009.0,40.0,0.888131
3009.0,41.0,0.580231
3009.0,42.0,0.478135
3009.0,43.0,0.060148
3009.0,44.0,0.9993
3009.0,45.0,0.632669
3009.0,46.0,0.380285
3009.0,47.0,0.636942
3009.0,48.0,1.0
3009.0,49.0,0.551712
3009.0,50.0,0.40373
3009.0,51.0,1.0
3009.0,52.0,0.642463
3009.0,53.0,0.7456
3009.0,54.0,0.028765
3009.0,55.0,0.623873
3009.0,56.0,1.0
3009.0,57.0,0.509134
3009.0,58.0,0.688218
3009.0,59.0,0.708154
3009.0,60.0,0.504092
3009.0,61.0,0.537824
3009.0,62.0,1.0
3009.0,63.0,2.5e-05
3009.0,64.0,0.65002
3009.0,65.0,0.434495
3009.0,66.0,0.751357
3009.0,67.0,0.416342
3009.0,68.0,0.371182
3009.0,69.0,0.297073
3009.0,70.0,0.880197
3009.0,71.0,0.261192
3009.0,72.0,0.182526
3009.0,73.0,0.683367
3009.0,74.0,0.618467
3009.0,75.0,1.0
3009.0,76.0,1.0
3009.0,77.0,0.124295
3009.0,78.0,0.019979
3009.0,79.0,0.863925
3009.0,80.0,0.938455
3009.0,81.0,0.548355
3009.0,82.0,0.100392
3009.0,83.0,0.111354
3009.0,84.0,0.377462
3009.0,85.0,0.0
3009.0,86.0,0.616979
3009.0,87.0,0.725699
3009.0,88.0,0.010386
3009.0,89.0,0.425331
3009.0,90.0,0.0
3009.0,91.0,0.544635
3009.0,92.0,0.412983
3009.0,93.0,0.663293
3009.0,94.0,0.803259
3009.0,95.0,0.45654
3009.0,96.0,1.0
3009.0,97.0,0.466977
3009.0,98.0,0.550924
3009.0,99.0,0.00194
3009.0,100.0,0.62838
3009.0,101.0,1.0
3009.0,102.0,0.417626
3009.0,103.0,0.244054
3009.0,104.0,0.426595
3009.0,105.0,0.804065
3009.0,106.0,0.938749
3009.0,107.0,0.66653
3009.0,108.0,0.455474
3009.0,109.0,0.470393
3009.0,110.0,1.0
3009.0,111.0,0.457495
3009.0,112.0,0.517357
3009.0,113.0,0.212525
3009.0,114.0,1.0
3009.0,115.0,0.99181
3009.0,116.0,0.996092
3009.0,117.0,0.002322
3009.0,118.0,0.485571
3009.0,119.0,1.0
3009.0,120.0,0.999292
3009.0,121.0,0.431903
3009.0,122.0,0.174774
3009.0,123.0,0.281979
3009.0,124.0,0.269207
3009.0,125.0,0.414177
3009.0,126.0,0.694588
3009.0,127.0,0.124334
3009.0,128.0,0.631352
3009.0,129.0,0.537478
3009.0,130.0,0.412848
3009.0,131.0,0.421499
3009.0,132.0,0.671857
3009.0,133.0,0.639664
3009.0,134.0,0.205474
3009.0,135.0,0.612045
3009.0,136.0,0.527835
3009.0,137.0,0.487146
3009.0,138.0,0.0
3009.0,139.0,0.401197
3009.0,140.0,0.279747
3009.0,141.0,0.323561
3009.0,142.0,1.0
3009.0,143.0,0.436601
3009.0,144.0,0.448311
3009.0,145.0,0.275851
3009.0,146.0,0.0
3009.0,147.0,1.0
3010.0,0.0,0.350563
3010.0,1.0,1.0
3010.0,2.0,0.0
3010.0,3.0,1.0
3010.0,4.0,0.712187
3010.0,5.0,0.543537
3010.0,6.0,0.363044
3010.0,7.0,0.596961
3010.0,8.0,0.917714
3010.0,9.0,0.731729
3010.0,10.0,0.306883
3010.0,11.0,0.431815
3010.0,12.0,0.398943
3010.0,13.0,0.961741
3010.0,14.0,0.358139
3010.0,15.0,0.262164
3010.0,16.0,0.116817
3010.0,17.0,0.123027
3010.0,18.0,0.0
3010.0,19.0,0.34805
3010.0,20.0,1.0
3010.0,21.0,0.790226
3010.0,22.0,0.058694
3010.0,23.0,0.0
3010.0,24.0,0.241614
3010.0,25.0,0.254335
3010.0,26.0,0.770685
3010.0,27.0,1.0
3010.0,28.0,0.553744
3010.0,29.0,1.0
3010.0,30.0,1.0
3010.0,31.0,0.521931
3010.0,32.0,0.0
3010.0,33.0,0.872006
3010.0,34.0,0.851248
3010.0,35.0,0.537398
3010.0,36.0,0.871212
3010.0,37.0,0.001959
3010.0,38.0,0.590799
3010.0,39.0,0.549754
3010.0,40.0,0.888114
3010.0,41.0,0.576296
3010.0,42.0,0.472919
3010.0,43.0,0.059251
3010.0,44.0,0.999267
3010.0,45.0,0.630558
3010.0,46.0,0.36986
3010.0,47.0,0.626672
3010.0,48.0,1.0
3010.0,49.0,0.547603
3010.0,50.0,0.389265
3010.0,51.0,1.0
3010.0,52.0,0.62408
3010.0,53.0,0.741761
3010.0,54.0,0.028586
3010.0,55.0,0.6179
3010.0,56.0,1.0
3010.0,57.0,0.503138
3010.0,58.0,0.683337
3010.0,59.0,0.704205
3010.0,60.0,0.49793
3010.0,61.0,0.53009
3010.0,62.0,1.0
3010.0,63.0,1.8e-05
3010.0,64.0,0.648166
3010.0,65.0,0.428593
3010.0,66.0,0.743598
3010.0,67.0,0.403739
3010.0,68.0,0.355138
3010.0,69.0,0.277366
3010.0,70.0,0.879393
3010.0,71.0,0.250446
3010.0,72.0,0.167548
3010.0,73.0,0.663998
3010.0,74.0,0.616091
3010.0,75.0,1.0
3010.0,76.0,1.0
3010.0,77.0,0.121684
3010.0,78.0,0.01958
3010.0,79.0,0.863042
3010.0,80.0,0.937051
3010.0,81.0,0.542155
3010.0,82.0,0.096503
3010.0,83.0,0.111096
3010.0,84.0,0.367738
3010.0,85.0,0.0
3010.0,86.0,0.605182
3010.0,87.0,0.715704
3010.0,88.0,0.009698
3010.0,89.0,0.419394
3010.0,90.0,0.0
3010.0,91.0,0.525891
3010.0,92.0,0.405292
3010.0,93.0,0.645874
3010.0,94.0,0.796714
3010.0,95.0,0.447842
3010.0,96.0,1.0
3010.0,97.0,0.458979
3010.0,98.0,0.549783
3010.0,99.0,0.001875
3010.0,100.0,0.621879
3010.0,101.0,1.0
3010.0,102.0,0.404641
3010.0,103.0,0.23739
3010.0,104.0,0.420024
3010.0,105.0,0.797498
3010.0,106.0,0.93843
3010.0,107.0,0.664934
3010.0,108.0,0.444162
3010.0,109.0,0.469424
3010.0,110.0,1.0
3010.0,111.0,0.447607
3010.0,112.0,0.455952
3010.0,113.0,0.205941
3010.0,114.0,1.0
3010.0,115.0,0.991701
3010.0,116.0,0.995906
3010.0,117.0,0.002239
3010.0,118.0,0.466108
3010.0,119.0,1.0
3010.0,120.0,0.999314
3010.0,121.0,0.4063
3010.0,122.0,0.174224
3010.0,123.0,0.277678
3010.0,124.0,0.265498
3010.0,125.0,0.396988
3010.0,126.0,0.688846
3010.0,127.0,0.118447
3010.0,128.0,0.654655
3010.0,129.0,0.522284
3010.0,130.0,0.411223
3010.0,131.0,0.417919
3010.0,132.0,0.66263
3010.0,133.0,0.636442
3010.0,134.0,0.201995
3010.0,135.0,0.6059
3010.0,136.0,0.520224
3010.0,137.0,0.461997
3010.0,138.0,0.0
3010.0,139.0,0.386762
3010.0,140.0,0.2743
3010.0,141.0,0.321194
3010.0,142.0,1.0
3010.0,143.0,0.430282
3010.0,144.0,0.442471
3010.0,145.0,0.267249
3010.0,146.0,0.0
3010.0,147.0,1.0
4000.0,0.0,0.359603
4000.0,1.0,1.0
4000.0,2.0,0.0
4000.0,3.0,1.0
4000.0,4.0,0.687052
4000.0,5.0,0.572737
4000.0,6.0,0.360931
4000.0,7.0,0.592002
4000.0,8.0,0.948457
4000.0,9.0,0.745825
4000.0,10.0,0.320059
4000.0,11.0,0.42504
4000.0,12.0,0.372787
4000.0,13.0,0.975206
4000.0,14.0,0.367779
4000.0,15.0,0.264093
4000.0,16.0,0.117273
4000.0,17.0,0.119805
4000.0,18.0,0.0
4000.0,19.0,0.344615
4000.0,20.0,1.0
4000.0,21.0,0.772858
4000.0,22.0,0.061005
4000.0,23.0,0.0
4000.0,24.0,0.237591
4000.0,25.0,0.261705
4000.0,26.0,0.764552
4000.0,27.0,1.0
4000.0,28.0,0.573128
4000.0,29.0,1.0
4000.0,30.0,1.0
4000.0,31.0,0.51804
4000.0,32.0,0.0
4000.0,33.0,0.885215
4000.0,34.0,0.848209
4000.0,35.0,0.535936
4000.0,36.0,0.881973
4000.0,37.0,0.001903
4000.0,38.0,0.599689
4000.0,39.0,0.535927
4000.0,40.0,0.902214
4000.0,41.0,0.583971
4000.0,42.0,0.470286
4000.0,43.0,0.063637
4000.0,44.0,1.0
4000.0,45.0,0.610513
4000.0,46.0,0.374176
4000.0,47.0,0.624948
4000.0,48.0,1.0
4000.0,49.0,0.543288
4000.0,50.0,0.375712
4000.0,51.0,1.0
4000.0,52.0,0.623468
4000.0,53.0,0.724917
4000.0,54.0,0.017591
4000.0,55.0,0.623967
4000.0,56.0,1.0
4000.0,57.0,0.509774
4000.0,58.0,0.696023
4000.0,59.0,0.683407
4000.0,60.0,0.528681
4000.0,61.0,0.520208
4000.0,62.0,1.0
4000.0,63.0,0.0
4000.0,64.0,0.646553
4000.0,65.0,0.423262
4000.0,66.0,0.74568
4000.0,67.0,0.410958
4000.0,68.0,0.353045
4000.0,69.0,0.278707
4000.0,70.0,0.935839
4000.0,71.0,0.261616
4000.0,72.0,0.163938
4000.0,73.0,0.662866
4000.0,74.0,0.635719
4000.0,75.0,1.0
4000.0,76.0,1.0
4000.0,77.0,0.116337
4000.0,78.0,0.018081
4000.0,79.0,0.878336
4000.0,80.0,0.935521
4000.0,81.0,0.540366
4000.0,82.0,0.098893
4000.0,83.0,0.104019
4000.0,84.0,0.368025
4000.0,85.0,0.0
4000.0,86.0,0.602901
4000.0,87.0,0.721539
4000.0,88.0,0.002882
4000.0,89.0,0.414151
4000.0,90.0,0.0
4000.0,91.0,0.534836
4000.0,92.0,0.411809
4000.0,93.0,0.644335
4000.0,94.0,0.805907
4000.0,95.0,0.444702
4000.0,96.0,1.0
4000.0,97.0,0.478211
4000.0,98.0,0.539172
4000.0,99.0,0.0
4000.0,100.0,0.622736
4000.0,101.0,1.0
4000.0,102.0,0.399572
4000.0,103.0,0.249606
4000.0,104.0,0.423429
4000.0,105.0,0.806311
4000.0,106.0,0.961123
4000.0,107.0,0.633368
4000.0,108.0,0.443364
4000.0,109.0,0.443808
4000.0,110.0,1.0
4000.0,111.0,0.454169
4000.0,112.0,0.455373
4000.0,113.0,0.197501
4000.0,114.0,1.0
4000.0,115.0,0.998929
4000.0,116.0,0.999521
4000.0,117.0,0.000188
4000.0,118.0,0.461609
4000.0,119.0,1.0
4000.0,120.0,1.0
4000.0,121.0,0.405668
4000.0,122.0,0.160473
4000.0,123.0,0.288687
4000.0,124.0,0.246164
4000.0,125.0,0.396548
4000.0,126.0,0.686049
4000.0,127.0,0.118975
4000.0,128.0,0.6506
4000.0,129.0,0.523328
4000.0,130.0,0.405622
4000.0,131.0,0.415317
4000.0,132.0,0.656304
4000.0,133.0,0.610707
4000.0,134.0,0.206767
4000.0,135.0,0.607522
4000.0,136.0,0.521777
4000.0,137.0,0.463108
4000.0,138.0,0.0
4000.0,139.0,0.384678
4000.0,140.0,0.28252
4000.0,141.0,0.304833
4000.0,142.0,1.0
4000.0,143.0,0.425578
4000.0,144.0,0.454563
4000.0,145.0,0.266046
4000.0,146.0,0.0
4000.0,147.0,1.0
4001.0,0.0,0.362513
4001.0,1.0,1.0
4001.0,2.0,0.0
4001.0,3.0,1.0
4001.0,4.0,0.689908
4001.0,5.0,0.574145
4001.0,6.0,0.404328
4001.0,7.0,0.604515
4001.0,8.0,0.948378
4001.0,9.0,0.751968
4001.0,10.0,0.325633
4001.0,11.0,0.431747
4001.0,12.0,0.373002
4001.0,13.0,0.976271
4001.0,14.0,0.379434
4001.0,15.0,0.311693
4001.0,16.0,0.127391
4001.0,17.0,0.123319
4001.0,18.0,0.0
4001.0,19.0,0.345327
4001.0,20.0,1.0
4001.0,21.0,0.777113
4001.0,22.0,0.069646
4001.0,23.0,0.0
4001.0,24.0,0.248847
4001.0,25.0,0.262251
4001.0,26.0,0.768457
4001.0,27.0,1.0
4001.0,28.0,0.573215
4001.0,29.0,1.0
4001.0,30.0,1.0
4001.0,31.0,0.523865
4001.0,32.0,0.0
4001.0,33.0,0.884999
4001.0,34.0,0.858572
4001.0,35.0,0.560215
4001.0,36.0,0.886106
4001.0,37.0,0.001921
4001.0,38.0,0.615164
4001.0,39.0,0.540911
4001.0,40.0,0.903261
4001.0,41.0,0.587777
4001.0,42.0,0.477953
4001.0,43.0,0.064805
4001.0,44.0,1.0
4001.0,45.0,0.612122
4001.0,46.0,0.383869
4001.0,47.0,0.636309
4001.0,48.0,1.0
4001.0,49.0,0.548132
4001.0,50.0,0.391913
4001.0,51.0,1.0
4001.0,52.0,0.644939
4001.0,53.0,0.729017
4001.0,54.0,0.018058
4001.0,55.0,0.630731
4001.0,56.0,1.0
4001.0,57.0,0.516243
4001.0,58.0,0.699239
4001.0,59.0,0.687208
4001.0,60.0,0.535106
4001.0,61.0,0.527339
4001.0,62.0,1.0
4001.0,63.0,0.0
4001.0,64.0,0.647919
4001.0,65.0,0.429382
4001.0,66.0,0.75326
4001.0,67.0,0.413035
4001.0,68.0,0.370446
4001.0,69.0,0.304458
4001.0,70.0,0.936066
4001.0,71.0,0.273613
4001.0,72.0,0.180258
4001.0,73.0,0.684176
4001.0,74.0,0.637943
4001.0,75.0,1.0
4001.0,76.0,1.0
4001.0,77.0,0.11718
4001.0,78.0,0.018354
4001.0,79.0,0.879243
4001.0,80.0,0.936184
4001.0,81.0,0.546113
4001.0,82.0,0.103253
4001.0,83.0,0.103866
4001.0,84.0,0.380643
4001.0,85.0,0.0
4001.0,86.0,0.615301
4001.0,87.0,0.731284
4001.0,88.0,0.003167
4001.0,89.0,0.421664
4001.0,90.0,0.0
4001.0,91.0,0.555627
4001.0,92.0,0.420571
4001.0,93.0,0.663102
4001.0,94.0,0.812687
4001.0,95.0,0.453618
4001.0,96.0,1.0
4001.0,97.0,0.487438
4001.0,98.0,0.540266
4001.0,99.0,0.0
4001.0,100.0,0.629849
4001.0,101.0,1.0
4001.0,102.0,0.414237
4001.0,103.0,0.256467
4001.0,104.0,0.42924
4001.0,105.0,0.813657
4001.0,106.0,0.960852
4001.0,107.0,0.636071
4001.0,108.0,0.45586
4001.0,109.0,0.444234
4001.0,110.0,1.0
4001.0,111.0,0.464868
4001.0,112.0,0.598476
4001.0,113.0,0.203564
4001.0,114.0,1.0
4001.0,115.0,0.999009
4001.0,116.0,0.999609
4001.0,117.0,0.000207
4001.0,118.0,0.482619
4001.0,119.0,1.0
4001.0,120.0,1.0
4001.0,121.0,0.440368
4001.0,122.0,0.162894
4001.0,123.0,0.293243
4001.0,124.0,0.251594
4001.0,125.0,0.415738
4001.0,126.0,0.691805
4001.0,127.0,0.125444
4001.0,128.0,0.58869
4001.0,129.0,0.537584
4001.0,130.0,0.407716
4001.0,131.0,0.420424
4001.0,132.0,0.66732
4001.0,133.0,0.615244
4001.0,134.0,0.210826
4001.0,135.0,0.61524
4001.0,136.0,0.529418
4001.0,137.0,0.497182
4001.0,138.0,0.0
4001.0,139.0,0.402493
4001.0,140.0,0.288325
4001.0,141.0,0.307584
4001.0,142.0,1.0
4001.0,143.0,0.432079
4001.0,144.0,0.460707
4001.0,145.0,0.27654
4001.0,146.0,0.0
4001.0,147.0,1.0
4002.0,0.0,0.365869
4002.0,1.0,1.0
4002.0,2.0,0.0
4002.0,3.0,1.0
4002.0,4.0,0.693604
4002.0,5.0,0.574987
4002.0,6.0,0.446734
4002.0,7.0,0.615788
4002.0,8.0,0.948789
4002.0,9.0,0.758691
4002.0,10.0,0.330051
4002.0,11.0,0.437404
4002.0,12.0,0.373047
4002.0,13.0,0.977297
4002.0,14.0,0.390857
4002.0,15.0,0.359376
4002.0,16.0,0.13799
4002.0,17.0,0.125672
4002.0,18.0,0.0
4002.0,19.0,0.345826
4002.0,20.0,1.0
4002.0,21.0,0.780442
4002.0,22.0,0.078959
4002.0,23.0,0.0
4002.0,24.0,0.26044
4002.0,25.0,0.263666
4002.0,26.0,0.772658
4002.0,27.0,1.0
4002.0,28.0,0.574474
4002.0,29.0,1.0
4002.0,30.0,1.0
4002.0,31.0,0.530317
4002.0,32.0,0.0
4002.0,33.0,0.885448
4002.0,34.0,0.866599
4002.0,35.0,0.581788
4002.0,36.0,0.890247
4002.0,37.0,0.001898
4002.0,38.0,0.630631
4002.0,39.0,0.544017
4002.0,40.0,0.904202
4002.0,41.0,0.591199
4002.0,42.0,0.484621
4002.0,43.0,0.065763
4002.0,44.0,1.0
4002.0,45.0,0.614237
4002.0,46.0,0.394337
4002.0,47.0,0.647171
4002.0,48.0,1.0
4002.0,49.0,0.553494
4002.0,50.0,0.408252
4002.0,51.0,1.0
4002.0,52.0,0.664999
4002.0,53.0,0.732437
4002.0,54.0,0.018095
4002.0,55.0,0.638167
4002.0,56.0,1.0
4002.0,57.0,0.5226
4002.0,58.0,0.702649
4002.0,59.0,0.691224
4002.0,60.0,0.54116
4002.0,61.0,0.533689
4002.0,62.0,1.0
4002.0,63.0,0.0
4002.0,64.0,0.647805
4002.0,65.0,0.43696
4002.0,66.0,0.761447
4002.0,67.0,0.424126
4002.0,68.0,0.388296
4002.0,69.0,0.331497
4002.0,70.0,0.936436
4002.0,71.0,0.284929
4002.0,72.0,0.197147
4002.0,73.0,0.704181
4002.0,74.0,0.640008
4002.0,75.0,1.0
4002.0,76.0,1.0
4002.0,77.0,0.118231
4002.0,78.0,0.018781
4002.0,79.0,0.879213
4002.0,80.0,0.936959
4002.0,81.0,0.552152
4002.0,82.0,0.107865
4002.0,83.0,0.104262
4002.0,84.0,0.392039
4002.0,85.0,0.0
4002.0,86.0,0.626018
4002.0,87.0,0.741735
4002.0,88.0,0.003355
4002.0,89.0,0.426943
4002.0,90.0,0.0
4002.0,91.0,0.575819
4002.0,92.0,0.42745
4002.0,93.0,0.680074
4002.0,94.0,0.818354
4002.0,95.0,0.463952
4002.0,96.0,1.0
4002.0,97.0,0.495351
4002.0,98.0,0.542321
4002.0,99.0,0.0
4002.0,100.0,0.636156
4002.0,101.0,1.0
4002.0,102.0,0.429213
4002.0,103.0,0.263938
4002.0,104.0,0.435627
4002.0,105.0,0.820418
4002.0,106.0,0.960973
4002.0,107.0,0.637061
4002.0,108.0,0.468695
4002.0,109.0,0.444259
4002.0,110.0,1.0
4002.0,111.0,0.474127
4002.0,112.0,0.689724
4002.0,113.0,0.209726
4002.0,114.0,1.0
4002.0,115.0,0.999066
4002.0,116.0,0.999678
4002.0,117.0,0.0002
4002.0,118.0,0.503825
4002.0,119.0,1.0
4002.0,120.0,1.0
4002.0,121.0,0.471857
4002.0,122.0,0.164994
4002.0,123.0,0.298271
4002.0,124.0,0.257298
4002.0,125.0,0.435512
4002.0,126.0,0.697455
4002.0,127.0,0.131887
4002.0,128.0,0.55481
4002.0,129.0,0.552739
4002.0,130.0,0.409506
4002.0,131.0,0.42618
4002.0,132.0,0.677333
4002.0,133.0,0.618892
4002.0,134.0,0.215591
4002.0,135.0,0.621899
4002.0,136.0,0.536131
4002.0,137.0,0.527827
4002.0,138.0,0.0
4002.0,139.0,0.419666
4002.0,140.0,0.293508
4002.0,141.0,0.310147
4002.0,142.0,1.0
4002.0,143.0,0.438184
4002.0,144.0,0.468465
4002.0,145.0,0.286199
4002.0,146.0,0.0
4002.0,147.0,1.0
4003.0,0.0,0.369113
4003.0,1.0,1.0
4003.0,2.0,0.0
4003.0,3.0,1.0
4003.0,4.0,0.696292
4003.0,5.0,0.576325
4003.0,6.0,0.489984
4003.0,7.0,0.626137
4003.0,8.0,0.948751
4003.0,9.0,0.764889
4003.0,10.0,0.334311
4003.0,11.0,0.443019
4003.0,12.0,0.373011
4003.0,13.0,0.978372
4003.0,14.0,0.402321
4003.0,15.0,0.407791
4003.0,16.0,0.149279
4003.0,17.0,0.127989
4003.0,18.0,0.0
4003.0,19.0,0.346618
4003.0,20.0,1.0
4003.0,21.0,0.785575
4003.0,22.0,0.089591
4003.0,23.0,0.0
4003.0,24.0,0.271689
4003.0,25.0,0.265238
4003.0,26.0,0.777332
4003.0,27.0,1.0
4003.0,28.0,0.574739
4003.0,29.0,1.0
4003.0,30.0,1.0
4003.0,31.0,0.536287
4003.0,32.0,0.0
4003.0,33.0,0.885776
4003.0,34.0,0.87462
4003.0,35.0,0.602897
4003.0,36.0,0.894325
4003.0,37.0,0.001806
4003.0,38.0,0.645065
4003.0,39.0,0.548119
4003.0,40.0,0.904873
4003.0,41.0,0.595277
4003.0,42.0,0.492028
4003.0,43.0,0.066662
4003.0,44.0,1.0
4003.0,45.0,0.616422
4003.0,46.0,0.404201
4003.0,47.0,0.657753
4003.0,48.0,1.0
4003.0,49.0,0.558475
4003.0,50.0,0.424726
4003.0,51.0,1.0
4003.0,52.0,0.683208
4003.0,53.0,0.736306
4003.0,54.0,0.018223
4003.0,55.0,0.644351
4003.0,56.0,1.0
4003.0,57.0,0.528137
4003.0,58.0,0.706327
4003.0,59.0,0.694671
4003.0,60.0,0.547281
4003.0,61.0,0.540356
4003.0,62.0,1.0
4003.0,63.0,0.0
4003.0,64.0,0.648574
4003.0,65.0,0.443695
4003.0,66.0,0.768611
4003.0,67.0,0.436376
4003.0,68.0,0.405869
4003.0,69.0,0.357224
4003.0,70.0,0.93731
4003.0,71.0,0.296497
4003.0,72.0,0.214738
4003.0,73.0,0.722348
4003.0,74.0,0.643121
4003.0,75.0,1.0
4003.0,76.0,1.0
4003.0,77.0,0.119809
4003.0,78.0,0.019159
4003.0,79.0,0.879207
4003.0,80.0,0.93814
4003.0,81.0,0.557751
4003.0,82.0,0.11352
4003.0,83.0,0.105032
4003.0,84.0,0.404722
4003.0,85.0,0.0
4003.0,86.0,0.63691
4003.0,87.0,0.750617
4003.0,88.0,0.003687
4003.0,89.0,0.433247
4003.0,90.0,0.0
4003.0,91.0,0.594268
4003.0,92.0,0.435163
4003.0,93.0,0.697104
4003.0,94.0,0.823554
4003.0,95.0,0.474421
4003.0,96.0,1.0
4003.0,97.0,0.504337
4003.0,98.0,0.54262
4003.0,99.0,0.0
4003.0,100.0,0.641676
4003.0,101.0,1.0
4003.0,102.0,0.442385
4003.0,103.0,0.271991
4003.0,104.0,0.441764
4003.0,105.0,0.826281
4003.0,106.0,0.960562
4003.0,107.0,0.639282
4003.0,108.0,0.48083
4003.0,109.0,0.444565
4003.0,110.0,1.0
4003.0,111.0,0.483333
4003.0,112.0,0.750543
4003.0,113.0,0.216569
4003.0,114.0,1.0
4003.0,115.0,0.999104
4003.0,116.0,0.999682
4003.0,117.0,0.000206
4003.0,118.0,0.526042
4003.0,119.0,1.0
4003.0,120.0,1.0
4003.0,121.0,0.501869
4003.0,122.0,0.167249
4003.0,123.0,0.302807
4003.0,124.0,0.261778
4003.0,125.0,0.454882
4003.0,126.0,0.702206
4003.0,127.0,0.138845
4003.0,128.0,0.537023
4003.0,129.0,0.569222
4003.0,130.0,0.410539
4003.0,131.0,0.430868
4003.0,132.0,0.687233
4003.0,133.0,0.622948
4003.0,134.0,0.219464
4003.0,135.0,0.629437
4003.0,136.0,0.543813
4003.0,137.0,0.557049
4003.0,138.0,0.0
4003.0,139.0,0.435978
4003.0,140.0,0.299174
4003.0,141.0,0.313308
4003.0,142.0,1.0
4003.0,143.0,0.442783
4003.0,144.0,0.476024
4003.0,145.0,0.29577
4003.0,146.0,0.0
4003.0,147.0,1.0
4004.0,0.0,0.371552
4004.0,1.0,1.0
4004.0,2.0,0.0
4004.0,3.0,1.0
4004.0,4.0,0.699449
4004.0,5.0,0.576535
4004.0,6.0,0.531208
4004.0,7.0,0.636603
4004.0,8.0,0.948717
4004.0,9.0,0.771651
4004.0,10.0,0.338379
4004.0,11.0,0.448329
4004.0,12.0,0.372942
4004.0,13.0,0.979321
4004.0,14.0,0.413013
4004.0,15.0,0.454157
4004.0,16.0,0.162216
4004.0,17.0,0.131262
4004.0,18.0,0.0
4004.0,19.0,0.346944
4004.0,20.0,1.0
4004.0,21.0,0.789358
4004.0,22.0,0.100637
4004.0,23.0,0.0
4004.0,24.0,0.283383
4004.0,25.0,0.266922
4004.0,26.0,0.781979
4004.0,27.0,1.0
4004.0,28.0,0.57648
4004.0,29.0,1.0
4004.0,30.0,1.0
4004.0,31.0,0.543612
4004.0,32.0,0.0
4004.0,33.0,0.885973
4004.0,34.0,0.882816
4004.0,35.0,0.62205
4004.0,36.0,0.898209
4004.0,37.0,0.001826
4004.0,38.0,0.658108
4004.0,39.0,0.552061
4004.0,40.0,0.906036
4004.0,41.0,0.598413
4004.0,42.0,0.49925
4004.0,43.0,0.067418
4004.0,44.0,1.0
4004.0,45.0,0.619167
4004.0,46.0,0.415235
4004.0,47.0,0.668686
4004.0,48.0,1.0
4004.0,49.0,0.564344
4004.0,50.0,0.440826
4004.0,51.0,1.0
4004.0,52.0,0.701449
4004.0,53.0,0.740466
4004.0,54.0,0.018346
4004.0,55.0,0.65036
4004.0,56.0,1.0
4004.0,57.0,0.533211
4004.0,58.0,0.710099
4004.0,59.0,0.6988
4004.0,60.0,0.552784
4004.0,61.0,0.547264
4004.0,62.0,1.0
4004.0,63.0,0.0
4004.0,64.0,0.650266
4004.0,65.0,0.44904
4004.0,66.0,0.775802
4004.0,67.0,0.4517
4004.0,68.0,0.42348
4004.0,69.0,0.383141
4004.0,70.0,0.937776
4004.0,71.0,0.307154
4004.0,72.0,0.231583
4004.0,73.0,0.738385
4004.0,74.0,0.644742
4004.0,75.0,1.0
4004.0,76.0,1.0
4004.0,77.0,0.12197
4004.0,78.0,0.019251
4004.0,79.0,0.879975
4004.0,80.0,0.939389
4004.0,81.0,0.562963
4004.0,82.0,0.118441
4004.0,83.0,0.105914
4004.0,84.0,0.416514
4004.0,85.0,0.0
4004.0,86.0,0.647346
4004.0,87.0,0.759333
4004.0,88.0,0.004002
4004.0,89.0,0.439199
4004.0,90.0,0.0
4004.0,91.0,0.614004
4004.0,92.0,0.442425
4004.0,93.0,0.713342
4004.0,94.0,0.827964
4004.0,95.0,0.484463
4004.0,96.0,1.0
4004.0,97.0,0.512119
4004.0,98.0,0.543528
4004.0,99.0,0.0
4004.0,100.0,0.648158
4004.0,101.0,1.0
4004.0,102.0,0.455831
4004.0,103.0,0.280377
4004.0,104.0,0.447865
4004.0,105.0,0.831977
4004.0,106.0,0.960161
4004.0,107.0,0.640435
4004.0,108.0,0.49225
4004.0,109.0,0.445175
4004.0,110.0,1.0
4004.0,111.0,0.493044
4004.0,112.0,0.794917
4004.0,113.0,0.223629
4004.0,114.0,1.0
4004.0,115.0,0.9991
4004.0,116.0,0.999696
4004.0,117.0,0.000228
4004.0,118.0,0.549156
4004.0,119.0,1.0
4004.0,120.0,1.0
4004.0,121.0,0.529783
4004.0,122.0,0.16844
4004.0,123.0,0.307358
4004.0,124.0,0.266629
4004.0,125.0,0.474638
4004.0,126.0,0.707888
4004.0,127.0,0.14579
4004.0,128.0,0.528471
4004.0,129.0,0.585314
4004.0,130.0,0.411986
4004.0,131.0,0.434971
4004.0,132.0,0.696438
4004.0,133.0,0.627015
4004.0,134.0,0.223345
4004.0,135.0,0.635109
4004.0,136.0,0.550482
4004.0,137.0,0.584461
4004.0,138.0,0.0
4004.0,139.0,0.450714
4004.0,140.0,0.306264
4004.0,141.0,0.316622
4004.0,142.0,1.0
4004.0,143.0,0.447278
4004.0,144.0,0.482418
4004.0,145.0,0.305895
4004.0,146.0,0.0
4004.0,147.0,1.0
4005.0,0.0,0.374976
4005.0,1.0,1.0
4005.0,2.0,0.0
4005.0,3.0,1.0
4005.0,4.0,0.703586
4005.0,5.0,0.577921
4005.0,6.0,0.571474
4005.0,7.0,0.647119
4005.0,8.0,0.949103
4005.0,9.0,0.778622
4005.0,10.0,0.34326
4005.0,11.0,0.455027
4005.0,12.0,0.372795
4005.0,13.0,0.980102
4005.0,14.0,0.42365
4005.0,15.0,0.499223
4005.0,16.0,0.175397
4005.0,17.0,0.133494
4005.0,18.0,0.0
4005.0,19.0,0.348062
4005.0,20.0,1.0
4005.0,21.0,0.793052
4005.0,22.0,0.112736
4005.0,23.0,0.0
4005.0,24.0,0.295521
4005.0,25.0,0.268169
4005.0,26.0,0.78615
4005.0,27.0,1.0
4005.0,28.0,0.577538
4005.0,29.0,1.0
4005.0,30.0,1.0
4005.0,31.0,0.550116
4005.0,32.0,0.0
4005.0,33.0,0.886367
4005.0,34.0,0.890423
4005.0,35.0,0.639031
4005.0,36.0,0.901762
4005.0,37.0,0.001785
4005.0,38.0,0.669773
4005.0,39.0,0.55536
4005.0,40.0,0.906769
4005.0,41.0,0.602721
4005.0,42.0,0.506597
4005.0,43.0,0.0679
4005.0,44.0,1.0
4005.0,45.0,0.621187
4005.0,46.0,0.426211
4005.0,47.0,0.678561
4005.0,48.0,1.0
4005.0,49.0,0.570386
4005.0,50.0,0.456203
4005.0,51.0,1.0
4005.0,52.0,0.717258
4005.0,53.0,0.744102
4005.0,54.0,0.018009
4005.0,55.0,0.656096
4005.0,56.0,1.0
4005.0,57.0,0.538821
4005.0,58.0,0.714258
4005.0,59.0,0.701605
4005.0,60.0,0.55848
4005.0,61.0,0.555133
4005.0,62.0,1.0
4005.0,63.0,0.0
4005.0,64.0,0.65129
4005.0,65.0,0.456089
4005.0,66.0,0.782515
4005.0,67.0,0.468729
4005.0,68.0,0.43832
4005.0,69.0,0.409435
4005.0,70.0,0.938667
4005.0,71.0,0.318588
4005.0,72.0,0.248892
4005.0,73.0,0.754092
4005.0,74.0,0.647471
4005.0,75.0,1.0
4005.0,76.0,1.0
4005.0,77.0,0.124585
4005.0,78.0,0.019621
4005.0,79.0,0.880765
4005.0,80.0,0.940131
4005.0,81.0,0.568236
4005.0,82.0,0.12419
4005.0,83.0,0.106484
4005.0,84.0,0.427913
4005.0,85.0,0.0
4005.0,86.0,0.658008
4005.0,87.0,0.767074
4005.0,88.0,0.004219
4005.0,89.0,0.444704
4005.0,90.0,0.0
4005.0,91.0,0.630645
4005.0,92.0,0.44907
4005.0,93.0,0.72932
4005.0,94.0,0.833093
4005.0,95.0,0.493128
4005.0,96.0,1.0
4005.0,97.0,0.520184
4005.0,98.0,0.544407
4005.0,99.0,0.0
4005.0,100.0,0.654412
4005.0,101.0,1.0
4005.0,102.0,0.468695
4005.0,103.0,0.286679
4005.0,104.0,0.453797
4005.0,105.0,0.837572
4005.0,106.0,0.960415
4005.0,107.0,0.640745
4005.0,108.0,0.503908
4005.0,109.0,0.445458
4005.0,110.0,1.0
4005.0,111.0,0.502736
4005.0,112.0,0.826606
4005.0,113.0,0.230317
4005.0,114.0,1.0
4005.0,115.0,0.999175
4005.0,116.0,0.999699
4005.0,117.0,0.000223
4005.0,118.0,0.572251
4005.0,119.0,1.0
4005.0,120.0,1.0
4005.0,121.0,0.555673
4005.0,122.0,0.170065
4005.0,123.0,0.311604
4005.0,124.0,0.271047
4005.0,125.0,0.49313
4005.0,126.0,0.713156
4005.0,127.0,0.152146
4005.0,128.0,0.525909
4005.0,129.0,0.600257
4005.0,130.0,0.41353
4005.0,131.0,0.439307
4005.0,132.0,0.705391
4005.0,133.0,0.630334
4005.0,134.0,0.22802
4005.0,135.0,0.640581
4005.0,136.0,0.558916
4005.0,137.0,0.609362
4005.0,138.0,0.0
4005.0,139.0,0.466394
4005.0,140.0,0.312977
4005.0,141.0,0.318974
4005.0,142.0,1.0
4005.0,143.0,0.451248
4005.0,144.0,0.489803
4005.0,145.0,0.316429
4005.0,146.0,0.0
4005.0,147.0,1.0
4006.0,0.0,0.371751
4006.0,1.0,1.0
4006.0,2.0,0.0
4006.0,3.0,1.0
4006.0,4.0,0.700423
4006.0,5.0,0.576017
4006.0,6.0,0.520741
4006.0,7.0,0.635763
4006.0,8.0,0.948931
4006.0,9.0,0.77202
4006.0,10.0,0.337238
4006.0,11.0,0.44938
4006.0,12.0,0.372322
4006.0,13.0,0.979302
4006.0,14.0,0.411636
4006.0,15.0,0.444803
4006.0,16.0,0.159669
4006.0,17.0,0.131098
4006.0,18.0,0.0
4006.0,19.0,0.348058
4006.0,20.0,1.0
4006.0,21.0,0.790034
4006.0,22.0,0.099772
4006.0,23.0,0.0
4006.0,24.0,0.28233
4006.0,25.0,0.267007
4006.0,26.0,0.781987
4006.0,27.0,1.0
4006.0,28.0,0.575897
4006.0,29.0,1.0
4006.0,30.0,1.0
4006.0,31.0,0.543581
4006.0,32.0,0.0
4006.0,33.0,0.885771
4006.0,34.0,0.882665
4006.0,35.0,0.616923
4006.0,36.0,0.897914
4006.0,37.0,0.001799
4006.0,38.0,0.655361
4006.0,39.0,0.551069
4006.0,40.0,0.90547
4006.0,41.0,0.598912
4006.0,42.0,0.498354
4006.0,43.0,0.066517
4006.0,44.0,1.0
4006.0,45.0,0.619213
4006.0,46.0,0.415049
4006.0,47.0,0.666844
4006.0,48.0,1.0
4006.0,49.0,0.563702
4006.0,50.0,0.438331
4006.0,51.0,1.0
4006.0,52.0,0.697723
4006.0,53.0,0.73915
4006.0,54.0,0.017961
4006.0,55.0,0.65029
4006.0,56.0,1.0
4006.0,57.0,0.532909
4006.0,58.0,0.710381
4006.0,59.0,0.697794
4006.0,60.0,0.551788
4006.0,61.0,0.548171
4006.0,62.0,1.0
4006.0,63.0,0.0
4006.0,64.0,0.6497
4006.0,65.0,0.449772
4006.0,66.0,0.774517
4006.0,67.0,0.455616
4006.0,68.0,0.4206
4006.0,69.0,0.376819
4006.0,70.0,0.938064
4006.0,71.0,0.305789
4006.0,72.0,0.228826
4006.0,73.0,0.736911
4006.0,74.0,0.644857
4006.0,75.0,1.0
4006.0,76.0,1.0
4006.0,77.0,0.123219
4006.0,78.0,0.019008
4006.0,79.0,0.879992
4006.0,80.0,0.939465
4006.0,81.0,0.561853
4006.0,82.0,0.11844
4006.0,83.0,0.105562
4006.0,84.0,0.414593
4006.0,85.0,0.0
4006.0,86.0,0.645903
4006.0,87.0,0.758751
4006.0,88.0,0.00383
4006.0,89.0,0.437415
4006.0,90.0,0.0
4006.0,91.0,0.609761
4006.0,92.0,0.442807
4006.0,93.0,0.713021
4006.0,94.0,0.828069
4006.0,95.0,0.482692
4006.0,96.0,1.0
4006.0,97.0,0.510774
4006.0,98.0,0.543121
4006.0,99.0,0.0
4006.0,100.0,0.647537
4006.0,101.0,1.0
4006.0,102.0,0.454247
4006.0,103.0,0.278575
4006.0,104.0,0.447326
4006.0,105.0,0.830731
4006.0,106.0,0.960581
4006.0,107.0,0.638462
4006.0,108.0,0.491317
4006.0,109.0,0.445206
4006.0,110.0,1.0
4006.0,111.0,0.492523
4006.0,112.0,0.750445
4006.0,113.0,0.223724
4006.0,114.0,1.0
4006.0,115.0,0.999164
4006.0,116.0,0.999697
4006.0,117.0,0.000217
4006.0,118.0,0.547663
4006.0,119.0,1.0
4006.0,120.0,1.0
4006.0,121.0,0.520781
4006.0,122.0,0.168417
4006.0,123.0,0.306877
4006.0,124.0,0.265305
4006.0,125.0,0.471445
4006.0,126.0,0.708522
4006.0,127.0,0.144266
4006.0,128.0,0.549418
4006.0,129.0,0.583889
4006.0,130.0,0.411027
4006.0,131.0,0.435125
4006.0,132.0,0.694349
4006.0,133.0,0.627275
4006.0,134.0,0.22332
4006.0,135.0,0.634446
4006.0,136.0,0.549556
4006.0,137.0,0.5778
4006.0,138.0,0.0
4006.0,139.0,0.449523
4006.0,140.0,0.30508
4006.0,141.0,0.315812
4006.0,142.0,1.0
4006.0,143.0,0.445808
4006.0,144.0,0.482879
4006.0,145.0,0.305065
4006.0,146.0,0.0
4006.0,147.0,1.0
4007.0,0.0,0.368015
4007.0,1.0,1.0
4007.0,2.0,0.0
4007.0,3.0,1.0
4007.0,4.0,0.696984
4007.0,5.0,0.573371
4007.0,6.0,0.474378
4007.0,7.0,0.623967
4007.0,8.0,0.948528
4007.0,9.0,0.764556
4007.0,10.0,0.3308
4007.0,11.0,0.443405
4007.0,12.0,0.372146
4007.0,13.0,0.978529
4007.0,14.0,0.400783
4007.0,15.0,0.392947
4007.0,16.0,0.146893
4007.0,17.0,0.127919
4007.0,18.0,0.0
4007.0,19.0,0.347795
4007.0,20.0,1.0
4007.0,21.0,0.786291
4007.0,22.0,0.087756
4007.0,23.0,0.0
4007.0,24.0,0.270355
4007.0,25.0,0.265915
4007.0,26.0,0.777452
4007.0,27.0,1.0
4007.0,28.0,0.574594
4007.0,29.0,1.0
4007.0,30.0,1.0
4007.0,31.0,0.536537
4007.0,32.0,0.0
4007.0,33.0,0.885985
4007.0,34.0,0.874201
4007.0,35.0,0.596259
4007.0,36.0,0.893982
4007.0,37.0,0.001918
4007.0,38.0,0.640336
4007.0,39.0,0.547841
4007.0,40.0,0.904495
4007.0,41.0,0.594459
4007.0,42.0,0.491347
4007.0,43.0,0.0658
4007.0,44.0,1.0
4007.0,45.0,0.617337
4007.0,46.0,0.404025
4007.0,47.0,0.655183
4007.0,48.0,1.0
4007.0,49.0,0.557956
4007.0,50.0,0.421661
4007.0,51.0,1.0
4007.0,52.0,0.679773
4007.0,53.0,0.73449
4007.0,54.0,0.017962
4007.0,55.0,0.643839
4007.0,56.0,1.0
4007.0,57.0,0.526307
4007.0,58.0,0.706226
4007.0,59.0,0.694197
4007.0,60.0,0.546183
4007.0,61.0,0.540987
4007.0,62.0,1.0
4007.0,63.0,0.0
4007.0,64.0,0.649269
4007.0,65.0,0.443375
4007.0,66.0,0.766967
4007.0,67.0,0.443762
4007.0,68.0,0.403806
4007.0,69.0,0.348557
4007.0,70.0,0.93772
4007.0,71.0,0.294436
4007.0,72.0,0.211202
4007.0,73.0,0.720341
4007.0,74.0,0.642272
4007.0,75.0,1.0
4007.0,76.0,1.0
4007.0,77.0,0.121674
4007.0,78.0,0.018548
4007.0,79.0,0.878767
4007.0,80.0,0.938547
4007.0,81.0,0.556039
4007.0,82.0,0.113178
4007.0,83.0,0.105357
4007.0,84.0,0.40199
4007.0,85.0,0.0
4007.0,86.0,0.634373
4007.0,87.0,0.749631
4007.0,88.0,0.003611
4007.0,89.0,0.432246
4007.0,90.0,0.0
4007.0,91.0,0.589917
4007.0,92.0,0.436227
4007.0,93.0,0.696196
4007.0,94.0,0.823495
4007.0,95.0,0.472244
4007.0,96.0,1.0
4007.0,97.0,0.502226
4007.0,98.0,0.542623
4007.0,99.0,0.0
4007.0,100.0,0.640532
4007.0,101.0,1.0
4007.0,102.0,0.439311
4007.0,103.0,0.271813
4007.0,104.0,0.439922
4007.0,105.0,0.824422
4007.0,106.0,0.960992
4007.0,107.0,0.636237
4007.0,108.0,0.479532
4007.0,109.0,0.444678
4007.0,110.0,1.0
4007.0,111.0,0.482473
4007.0,112.0,0.668331
4007.0,113.0,0.216597
4007.0,114.0,1.0
4007.0,115.0,0.999108
4007.0,116.0,0.999712
4007.0,117.0,0.000203
4007.0,118.0,0.523108
4007.0,119.0,1.0
4007.0,120.0,1.0
4007.0,121.0,0.489265
4007.0,122.0,0.166091
4007.0,123.0,0.302393
4007.0,124.0,0.260692
4007.0,125.0,0.451646
4007.0,126.0,0.703203
4007.0,127.0,0.137772
4007.0,128.0,0.578108
4007.0,129.0,0.567681
4007.0,130.0,0.40897
4007.0,131.0,0.430353
4007.0,132.0,0.683691
4007.0,133.0,0.62351
4007.0,134.0,0.219356
4007.0,135.0,0.627925
4007.0,136.0,0.54102
4007.0,137.0,0.548281
4007.0,138.0,0.0
4007.0,139.0,0.432709
4007.0,140.0,0.298395
4007.0,141.0,0.312812
4007.0,142.0,1.0
4007.0,143.0,0.439924
4007.0,144.0,0.477031
4007.0,145.0,0.293698
4007.0,146.0,0.0
4007.0,147.0,1.0
4008.0,0.0,0.364364
4008.0,1.0,1.0
4008.0,2.0,0.0
4008.0,3.0,1.0
4008.0,4.0,0.694663
4008.0,5.0,0.570798
4008.0,6.0,0.432864
4008.0,7.0,0.613086
4008.0,8.0,0.948573
4008.0,9.0,0.757559
4008.0,10.0,0.325196
4008.0,11.0,0.437736
4008.0,12.0,0.370899
4008.0,13.0,0.977862
4008.0,14.0,0.3893
4008.0,15.0,0.345729
4008.0,16.0,0.134987
4008.0,17.0,0.125157
4008.0,18.0,0.0
4008.0,19.0,0.347311
4008.0,20.0,1.0
4008.0,21.0,0.782352
4008.0,22.0,0.077897
4008.0,23.0,0.0
4008.0,24.0,0.259435
4008.0,25.0,0.264354
4008.0,26.0,0.772691
4008.0,27.0,1.0
4008.0,28.0,0.573692
4008.0,29.0,1.0
4008.0,30.0,1.0
4008.0,31.0,0.529705
4008.0,32.0,0.0
4008.0,33.0,0.886724
4008.0,34.0,0.8649
4008.0,35.0,0.576457
4008.0,36.0,0.889819
4008.0,37.0,0.001994
4008.0,38.0,0.62561
4008.0,39.0,0.543567
4008.0,40.0,0.903744
4008.0,41.0,0.590932
4008.0,42.0,0.48473
4008.0,43.0,0.064842
4008.0,44.0,1.0
4008.0,45.0,0.615399
4008.0,46.0,0.393011
4008.0,47.0,0.644121
4008.0,48.0,1.0
4008.0,49.0,0.55142
4008.0,50.0,0.405514
4008.0,51.0,1.0
4008.0,52.0,0.660099
4008.0,53.0,0.730247
4008.0,54.0,0.017625
4008.0,55.0,0.638557
4008.0,56.0,1.0
4008.0,57.0,0.519715
4008.0,58.0,0.702956
4008.0,59.0,0.691168
4008.0,60.0,0.54052
4008.0,61.0,0.533411
4008.0,62.0,1.0
4008.0,63.0,0.0
4008.0,64.0,0.647396
4008.0,65.0,0.436876
4008.0,66.0,0.759591
4008.0,67.0,0.432819
4008.0,68.0,0.386691
4008.0,69.0,0.323423
4008.0,70.0,0.937265
4008.0,71.0,0.283763
4008.0,72.0,0.194673
4008.0,73.0,0.703038
4008.0,74.0,0.639112
4008.0,75.0,1.0
4008.0,76.0,1.0
4008.0,77.0,0.120076
4008.0,78.0,0.017971
4008.0,79.0,0.877166
4008.0,80.0,0.937913
4008.0,81.0,0.55038
4008.0,82.0,0.107913
4008.0,83.0,0.104567
4008.0,84.0,0.389209
4008.0,85.0,0.0
4008.0,86.0,0.622546
4008.0,87.0,0.74081
4008.0,88.0,0.003339
4008.0,89.0,0.425894
4008.0,90.0,0.0
4008.0,91.0,0.571474
4008.0,92.0,0.429498
4008.0,93.0,0.678972
4008.0,94.0,0.817918
4008.0,95.0,0.462989
4008.0,96.0,1.0
4008.0,97.0,0.494095
4008.0,98.0,0.541934
4008.0,99.0,0.0
4008.0,100.0,0.634851
4008.0,101.0,1.0
4008.0,102.0,0.425999
4008.0,103.0,0.26382
4008.0,104.0,0.433687
4008.0,105.0,0.818309
4008.0,106.0,0.961087
4008.0,107.0,0.634589
4008.0,108.0,0.467845
4008.0,109.0,0.444063
4008.0,110.0,1.0
4008.0,111.0,0.473773
4008.0,112.0,0.587797
4008.0,113.0,0.210005
4008.0,114.0,1.0
4008.0,115.0,0.999061
4008.0,116.0,0.999702
4008.0,117.0,0.000209
4008.0,118.0,0.500699
4008.0,119.0,1.0
4008.0,120.0,1.0
4008.0,121.0,0.459164
4008.0,122.0,0.164052
4008.0,123.0,0.297567
4008.0,124.0,0.255631
4008.0,125.0,0.432074
4008.0,126.0,0.697392
4008.0,127.0,0.131572
4008.0,128.0,0.606932
4008.0,129.0,0.551777
4008.0,130.0,0.407105
4008.0,131.0,0.425468
4008.0,132.0,0.673202
4008.0,133.0,0.620424
4008.0,134.0,0.215578
4008.0,135.0,0.621307
4008.0,136.0,0.533152
4008.0,137.0,0.518489
4008.0,138.0,0.0
4008.0,139.0,0.417444
4008.0,140.0,0.290749
4008.0,141.0,0.310575
4008.0,142.0,1.0
4008.0,143.0,0.434566
4008.0,144.0,0.470091
4008.0,145.0,0.283021
4008.0,146.0,0.0
4008.0,147.0,1.0
4009.0,0.0,0.361451
4009.0,1.0,1.0
4009.0,2.0,0.0
4009.0,3.0,1.0
4009.0,4.0,0.69165
4009.0,5.0,0.568519
4009.0,6.0,0.394597
4009.0,7.0,0.601737
4009.0,8.0,0.948408
4009.0,9.0,0.751488
4009.0,10.0,0.320411
4009.0,11.0,0.431974
4009.0,12.0,0.371052
4009.0,13.0,0.97698
4009.0,14.0,0.379537
4009.0,15.0,0.302042
4009.0,16.0,0.124568
4009.0,17.0,0.123211
4009.0,18.0,0.0
4009.0,19.0,0.346929
4009.0,20.0,1.0
4009.0,21.0,0.778628
4009.0,22.0,0.068953
4009.0,23.0,0.0
4009.0,24.0,0.248578
4009.0,25.0,0.262772
4009.0,26.0,0.76706
4009.0,27.0,1.0
4009.0,28.0,0.572653
4009.0,29.0,1.0
4009.0,30.0,1.0
4009.0,31.0,0.523084
4009.0,32.0,0.0
4009.0,33.0,0.885925
4009.0,34.0,0.855981
4009.0,35.0,0.556173
4009.0,36.0,0.885741
4009.0,37.0,0.002006
4009.0,38.0,0.610472
4009.0,39.0,0.539843
4009.0,40.0,0.901926
4009.0,41.0,0.58768
4009.0,42.0,0.478482
4009.0,43.0,0.063898
4009.0,44.0,1.0
4009.0,45.0,0.612753
4009.0,46.0,0.382644
4009.0,47.0,0.633471
4009.0,48.0,1.0
4009.0,49.0,0.546834
4009.0,50.0,0.39015
4009.0,51.0,1.0
4009.0,52.0,0.640696
4009.0,53.0,0.726502
4009.0,54.0,0.017686
4009.0,55.0,0.631757
4009.0,56.0,1.0
4009.0,57.0,0.512631
4009.0,58.0,0.699071
4009.0,59.0,0.687437
4009.0,60.0,0.534796
4009.0,61.0,0.526611
4009.0,62.0,1.0
4009.0,63.0,0.0
4009.0,64.0,0.646385
4009.0,65.0,0.430075
4009.0,66.0,0.751392
4009.0,67.0,0.421842
4009.0,68.0,0.370813
4009.0,69.0,0.301165
4009.0,70.0,0.936636
4009.0,71.0,0.271987
4009.0,72.0,0.178775
4009.0,73.0,0.684085
4009.0,74.0,0.636899
4009.0,75.0,1.0
4009.0,76.0,1.0
4009.0,77.0,0.119051
4009.0,78.0,0.01756
4009.0,79.0,0.876106
4009.0,80.0,0.937054
4009.0,81.0,0.543695
4009.0,82.0,0.103218
4009.0,83.0,0.104071
4009.0,84.0,0.377604
4009.0,85.0,0.0
4009.0,86.0,0.611837
4009.0,87.0,0.731587
4009.0,88.0,0.003084
4009.0,89.0,0.420005
4009.0,90.0,0.0
4009.0,91.0,0.551849
4009.0,92.0,0.423871
4009.0,93.0,0.661958
4009.0,94.0,0.813075
4009.0,95.0,0.453769
4009.0,96.0,1.0
4009.0,97.0,0.485632
4009.0,98.0,0.541483
4009.0,99.0,0.0
4009.0,100.0,0.627529
4009.0,101.0,1.0
4009.0,102.0,0.413586
4009.0,103.0,0.256695
4009.0,104.0,0.427203
4009.0,105.0,0.812599
4009.0,106.0,0.961057
4009.0,107.0,0.633473
4009.0,108.0,0.456616
4009.0,109.0,0.443659
4009.0,110.0,1.0
4009.0,111.0,0.464478
4009.0,112.0,0.515957
4009.0,113.0,0.203268
4009.0,114.0,1.0
4009.0,115.0,0.99899
4009.0,116.0,0.999675
4009.0,117.0,0.000197
4009.0,118.0,0.47979
4009.0,119.0,1.0
4009.0,120.0,1.0
4009.0,121.0,0.430562
4009.0,122.0,0.163235
4009.0,123.0,0.292297
4009.0,124.0,0.25138
4009.0,125.0,0.413556
4009.0,126.0,0.691712
4009.0,127.0,0.124814
4009.0,128.0,0.632202
4009.0,129.0,0.536112
4009.0,130.0,0.405656
4009.0,131.0,0.420945
4009.0,132.0,0.663275
4009.0,133.0,0.615913
4009.0,134.0,0.211346
4009.0,135.0,0.614338
4009.0,136.0,0.525781
4009.0,137.0,0.490631
4009.0,138.0,0.0
4009.0,139.0,0.400587
4009.0,140.0,0.283822
4009.0,141.0,0.308465
4009.0,142.0,1.0
4009.0,143.0,0.429259
4009.0,144.0,0.463418
4009.0,145.0,0.273745
4009.0,146.0,0.0
4009.0,147.0,1.0
4010.0,0.0,0.358253
4010.0,1.0,1.0
4010.0,2.0,0.0
4010.0,3.0,1.0
4010.0,4.0,0.687659
4010.0,5.0,0.565529
4010.0,6.0,0.360218
4010.0,7.0,0.590987
4010.0,8.0,0.948153
4010.0,9.0,0.744917
4010.0,10.0,0.315362
4010.0,11.0,0.42607
4010.0,12.0,0.370529
4010.0,13.0,0.976041
4010.0,14.0,0.368671
4010.0,15.0,0.26218
4010.0,16.0,0.115406
4010.0,17.0,0.121005
4010.0,18.0,0.0
4010.0,19.0,0.346173
4010.0,20.0,1.0
4010.0,21.0,0.774061
4010.0,22.0,0.061189
4010.0,23.0,0.0
4010.0,24.0,0.238384
4010.0,25.0,0.261028
4010.0,26.0,0.762316
4010.0,27.0,1.0
4010.0,28.0,0.571886
4010.0,29.0,1.0
4010.0,30.0,1.0
4010.0,31.0,0.517254
4010.0,32.0,0.0
4010.0,33.0,0.885686
4010.0,34.0,0.84646
4010.0,35.0,0.537353
4010.0,36.0,0.882226
4010.0,37.0,0.002
4010.0,38.0,0.595804
4010.0,39.0,0.536159
4010.0,40.0,0.900444
4010.0,41.0,0.58431
4010.0,42.0,0.471718
4010.0,43.0,0.06256
4010.0,44.0,1.0
4010.0,45.0,0.609992
4010.0,46.0,0.372982
4010.0,47.0,0.622931
4010.0,48.0,1.0
4010.0,49.0,0.542042
4010.0,50.0,0.376114
4010.0,51.0,1.0
4010.0,52.0,0.622629
4010.0,53.0,0.722589
4010.0,54.0,0.017503
4010.0,55.0,0.626206
4010.0,56.0,1.0
4010.0,57.0,0.506961
4010.0,58.0,0.696419
4010.0,59.0,0.684411
4010.0,60.0,0.52829
4010.0,61.0,0.519593
4010.0,62.0,1.0
4010.0,63.0,0.0
4010.0,64.0,0.644507
4010.0,65.0,0.424651
4010.0,66.0,0.743534
4010.0,67.0,0.410253
4010.0,68.0,0.354329
4010.0,69.0,0.280967
4010.0,70.0,0.935914
4010.0,71.0,0.26221
4010.0,72.0,0.164071
4010.0,73.0,0.665061
4010.0,74.0,0.634102
4010.0,75.0,1.0
4010.0,76.0,1.0
4010.0,77.0,0.117572
4010.0,78.0,0.0171
4010.0,79.0,0.875349
4010.0,80.0,0.935932
4010.0,81.0,0.538251
4010.0,82.0,0.099133
4010.0,83.0,0.103687
4010.0,84.0,0.36582
4010.0,85.0,0.0
4010.0,86.0,0.601322
4010.0,87.0,0.721624
4010.0,88.0,0.002888
4010.0,89.0,0.414263
4010.0,90.0,0.0
4010.0,91.0,0.533333
4010.0,92.0,0.417094
4010.0,93.0,0.645143
4010.0,94.0,0.808135
4010.0,95.0,0.443951
4010.0,96.0,1.0
4010.0,97.0,0.477734
4010.0,98.0,0.541072
4010.0,99.0,0.0
4010.0,100.0,0.620852
4010.0,101.0,1.0
4010.0,102.0,0.401626
4010.0,103.0,0.249607
4010.0,104.0,0.420184
4010.0,105.0,0.805143
4010.0,106.0,0.961273
4010.0,107.0,0.631946
4010.0,108.0,0.445339
4010.0,109.0,0.443896
4010.0,110.0,1.0
4010.0,111.0,0.455719
4010.0,112.0,0.453961
4010.0,113.0,0.197292
4010.0,114.0,1.0
4010.0,115.0,0.998931
4010.0,116.0,0.999635
4010.0,117.0,0.000208
4010.0,118.0,0.460216
4010.0,119.0,1.0
4010.0,120.0,1.0
4010.0,121.0,0.404895
4010.0,122.0,0.16123
4010.0,123.0,0.287308
4010.0,124.0,0.247624
4010.0,125.0,0.395407
4010.0,126.0,0.685583
4010.0,127.0,0.118623
4010.0,128.0,0.65348
4010.0,129.0,0.522036
4010.0,130.0,0.403813
4010.0,131.0,0.416112
4010.0,132.0,0.654251
4010.0,133.0,0.610294
4010.0,134.0,0.207283
4010.0,135.0,0.607401
4010.0,136.0,0.518631
4010.0,137.0,0.464017
4010.0,138.0,0.0
4010.0,139.0,0.386146
4010.0,140.0,0.276566
4010.0,141.0,0.306271
4010.0,142.0,1.0
4010.0,143.0,0.424285
4010.0,144.0,0.457239
4010.0,145.0,0.264883
4010.0,146.0,0.0
4010.0,147.0,1.0
5000.0,0.0,0.354075
5000.0,1.0,1.0
5000.0,2.0,0.0
5000.0,3.0,1.0
5000.0,4.0,0.678074
5000.0,5.0,0.537256
5000.0,6.0,0.359919
5000.0,7.0,0.606418
5000.0,8.0,0.952997
5000.0,9.0,0.732462
5000.0,10.0,0.308438
5000.0,11.0,0.432343
5000.0,12.0,0.360399
5000.0,13.0,0.989988
5000.0,14.0,0.359677
5000.0,15.0,0.259328
5000.0,16.0,0.114463
5000.0,17.0,0.117019
5000.0,18.0,0.0
5000.0,19.0,0.359423
5000.0,20.0,1.0
5000.0,21.0,0.77818
5000.0,22.0,0.056905
5000.0,23.0,0.0
5000.0,24.0,0.244299
5000.0,25.0,0.250765
5000.0,26.0,0.772656
5000.0,27.0,1.0
5000.0,28.0,0.54808
5000.0,29.0,1.0
5000.0,30.0,1.0
5000.0,31.0,0.516777
5000.0,32.0,0.0
5000.0,33.0,0.902224
5000.0,34.0,0.838894
5000.0,35.0,0.533198
5000.0,36.0,0.888759
5000.0,37.0,0.000197
5000.0,38.0,0.590272
5000.0,39.0,0.544831
5000.0,40.0,0.911521
5000.0,41.0,0.579755
5000.0,42.0,0.466662
5000.0,43.0,0.06403
5000.0,44.0,1.0
5000.0,45.0,0.654687
5000.0,46.0,0.381671
5000.0,47.0,0.62375
5000.0,48.0,1.0
5000.0,49.0,0.536382
5000.0,50.0,0.377796
5000.0,51.0,1.0
5000.0,52.0,0.625546
5000.0,53.0,0.742141
5000.0,54.0,0.008792
5000.0,55.0,0.615319
5000.0,56.0,1.0
5000.0,57.0,0.495812
5000.0,58.0,0.685367
5000.0,59.0,0.70315
5000.0,60.0,0.553328
5000.0,61.0,0.517498
5000.0,62.0,1.0
5000.0,63.0,0.0
5000.0,64.0,0.634258
5000.0,65.0,0.421103
5000.0,66.0,0.74836
5000.0,67.0,0.411445
5000.0,68.0,0.362677
5000.0,69.0,0.279785
5000.0,70.0,0.954445
5000.0,71.0,0.255713
5000.0,72.0,0.163836
5000.0,73.0,0.668158
5000.0,74.0,0.62457
5000.0,75.0,1.0
5000.0,76.0,1.0
5000.0,77.0,0.123112
5000.0,78.0,0.015598
5000.0,79.0,0.88025
5000.0,80.0,0.938345
5000.0,81.0,0.535027
5000.0,82.0,0.099424
5000.0,83.0,0.098139
5000.0,84.0,0.371183
5000.0,85.0,0.0
5000.0,86.0,0.606133
5000.0,87.0,0.716729
5000.0,88.0,0.002582
5000.0,89.0,0.416852
5000.0,90.0,0.0
5000.0,91.0,0.532095
5000.0,92.0,0.41513
5000.0,93.0,0.654344
5000.0,94.0,0.800539
5000.0,95.0,0.463932
5000.0,96.0,1.0
5000.0,97.0,0.464943
5000.0,98.0,0.532088
5000.0,99.0,0.0
5000.0,100.0,0.619491
5000.0,101.0,1.0
5000.0,102.0,0.401606
5000.0,103.0,0.25295
5000.0,104.0,0.421728
5000.0,105.0,0.819284
5000.0,106.0,0.973812
5000.0,107.0,0.640129
5000.0,108.0,0.437505
5000.0,109.0,0.424768
5000.0,110.0,1.0
5000.0,111.0,0.45642
5000.0,112.0,0.458296
5000.0,113.0,0.19367
5000.0,114.0,1.0
5000.0,115.0,0.999767
5000.0,116.0,1.0
5000.0,117.0,0.0
5000.0,118.0,0.467283
5000.0,119.0,1.0
5000.0,120.0,1.0
5000.0,121.0,0.406073
5000.0,122.0,0.132631
5000.0,123.0,0.276477
5000.0,124.0,0.268627
5000.0,125.0,0.395541
5000.0,126.0,0.689071
5000.0,127.0,0.121924
5000.0,128.0,0.655706
5000.0,129.0,0.525925
5000.0,130.0,0.40529
5000.0,131.0,0.419463
5000.0,132.0,0.665216
5000.0,133.0,0.63452
5000.0,134.0,0.200935
5000.0,135.0,0.611203
5000.0,136.0,0.516856
5000.0,137.0,0.461914
5000.0,138.0,0.0
5000.0,139.0,0.383085
5000.0,140.0,0.280037
5000.0,141.0,0.295076
5000.0,142.0,1.0
5000.0,143.0,0.423037
5000.0,144.0,0.473479
5000.0,145.0,0.267966
5000.0,146.0,0.0
5000.0,147.0,1.0
5001.0,0.0,0.357897
5001.0,1.0,1.0
5001.0,2.0,0.0
5001.0,3.0,1.0
5001.0,4.0,0.68199
5001.0,5.0,0.538573
5001.0,6.0,0.402639
5001.0,7.0,0.617873
5001.0,8.0,0.953003
5001.0,9.0,0.73844
5001.0,10.0,0.312668
5001.0,11.0,0.438649
5001.0,12.0,0.361231
5001.0,13.0,0.990367
5001.0,14.0,0.3708
5001.0,15.0,0.306444
5001.0,16.0,0.125487
5001.0,17.0,0.119896
5001.0,18.0,0.0
5001.0,19.0,0.359429
5001.0,20.0,1.0
5001.0,21.0,0.781651
5001.0,22.0,0.065016
5001.0,23.0,0.0
5001.0,24.0,0.254945
5001.0,25.0,0.251767
5001.0,26.0,0.777071
5001.0,27.0,1.0
5001.0,28.0,0.548094
5001.0,29.0,1.0
5001.0,30.0,1.0
5001.0,31.0,0.522331
5001.0,32.0,0.0
5001.0,33.0,0.902899
5001.0,34.0,0.8503
5001.0,35.0,0.558159
5001.0,36.0,0.893144
5001.0,37.0,0.000203
5001.0,38.0,0.606784
5001.0,39.0,0.548555
5001.0,40.0,0.912636
5001.0,41.0,0.584197
5001.0,42.0,0.47305
5001.0,43.0,0.065758
5001.0,44.0,1.0
5001.0,45.0,0.657531
5001.0,46.0,0.39305
5001.0,47.0,0.634986
5001.0,48.0,1.0
5001.0,49.0,0.542744
5001.0,50.0,0.394133
5001.0,51.0,1.0
5001.0,52.0,0.647369
5001.0,53.0,0.746411
5001.0,54.0,0.008814
5001.0,55.0,0.620998
5001.0,56.0,1.0
5001.0,57.0,0.502997
5001.0,58.0,0.690064
5001.0,59.0,0.707089
5001.0,60.0,0.558242
5001.0,61.0,0.525003
5001.0,62.0,1.0
5001.0,63.0,0.0
5001.0,64.0,0.635527
5001.0,65.0,0.427372
5001.0,66.0,0.755001
5001.0,67.0,0.412246
5001.0,68.0,0.379612
5001.0,69.0,0.304764
5001.0,70.0,0.954858
5001.0,71.0,0.268134
5001.0,72.0,0.17977
5001.0,73.0,0.690115
5001.0,74.0,0.627975
5001.0,75.0,1.0
5001.0,76.0,1.0
5001.0,77.0,0.124065
5001.0,78.0,0.015848
5001.0,79.0,0.881703
5001.0,80.0,0.939248
5001.0,81.0,0.541667
5001.0,82.0,0.103817
5001.0,83.0,0.098449
5001.0,84.0,0.383083
5001.0,85.0,0.0
5001.0,86.0,0.617281
5001.0,87.0,0.727879
5001.0,88.0,0.002782
5001.0,89.0,0.422868
5001.0,90.0,0.0
5001.0,91.0,0.553556
5001.0,92.0,0.422056
5001.0,93.0,0.673528
5001.0,94.0,0.806638
5001.0,95.0,0.474181
5001.0,96.0,1.0
5001.0,97.0,0.473557
5001.0,98.0,0.533286
5001.0,99.0,0.0
5001.0,100.0,0.625949
5001.0,101.0,1.0
5001.0,102.0,0.416499
5001.0,103.0,0.259248
5001.0,104.0,0.429335
5001.0,105.0,0.826939
5001.0,106.0,0.974233
5001.0,107.0,0.642172
5001.0,108.0,0.449465
5001.0,109.0,0.425535
5001.0,110.0,1.0
5001.0,111.0,0.466061
5001.0,112.0,0.599466
5001.0,113.0,0.200764
5001.0,114.0,1.0
5001.0,115.0,0.999777
5001.0,116.0,1.0
5001.0,117.0,0.0
5001.0,118.0,0.490077
5001.0,119.0,1.0
5001.0,120.0,1.0
5001.0,121.0,0.439087
5001.0,122.0,0.134223
5001.0,123.0,0.280501
5001.0,124.0,0.272896
5001.0,125.0,0.415847
5001.0,126.0,0.693789
5001.0,127.0,0.128857
5001.0,128.0,0.592185
5001.0,129.0,0.54144
5001.0,130.0,0.406758
5001.0,131.0,0.423973
5001.0,132.0,0.674503
5001.0,133.0,0.639598
5001.0,134.0,0.20404
5001.0,135.0,0.618553
5001.0,136.0,0.524771
5001.0,137.0,0.495494
5001.0,138.0,0.0
5001.0,139.0,0.401396
5001.0,140.0,0.286193
5001.0,141.0,0.297157
5001.0,142.0,1.0
5001.0,143.0,0.429254
5001.0,144.0,0.47972
5001.0,145.0,0.27868
5001.0,146.0,0.0
5001.0,147.0,1.0
5002.0,0.0,0.361051
5002.0,1.0,1.0
5002.0,2.0,0.0
5002.0,3.0,1.0
5002.0,4.0,0.68599
5002.0,5.0,0.539905
5002.0,6.0,0.445048
5002.0,7.0,0.628476
5002.0,8.0,0.953497
5002.0,9.0,0.743788
5002.0,10.0,0.317938
5002.0,11.0,0.443346
5002.0,12.0,0.36175
5002.0,13.0,0.990677
5002.0,14.0,0.381809
5002.0,15.0,0.353296
5002.0,16.0,0.135746
5002.0,17.0,0.122412
5002.0,18.0,0.0
5002.0,19.0,0.360115
5002.0,20.0,1.0
5002.0,21.0,0.785194
5002.0,22.0,0.073713
5002.0,23.0,0.0
5002.0,24.0,0.265166
5002.0,25.0,0.252546
5002.0,26.0,0.781322
5002.0,27.0,1.0
5002.0,28.0,0.548452
5002.0,29.0,1.0
5002.0,30.0,1.0
5002.0,31.0,0.52907
5002.0,32.0,0.0
5002.0,33.0,0.903483
5002.0,34.0,0.860146
5002.0,35.0,0.580365
5002.0,36.0,0.896949
5002.0,37.0,0.000208
5002.0,38.0,0.62172
5002.0,39.0,0.552398
5002.0,40.0,0.913132
5002.0,41.0,0.588601
5002.0,42.0,0.480091
5002.0,43.0,0.066561
5002.0,44.0,1.0
5002.0,45.0,0.659245
5002.0,46.0,0.403154
5002.0,47.0,0.646472
5002.0,48.0,1.0
5002.0,49.0,0.548691
5002.0,50.0,0.410655
5002.0,51.0,1.0
5002.0,52.0,0.66734
5002.0,53.0,0.75027
5002.0,54.0,0.008868
5002.0,55.0,0.627416
5002.0,56.0,1.0
5002.0,57.0,0.509544
5002.0,58.0,0.693723
5002.0,59.0,0.71054
5002.0,60.0,0.564318
5002.0,61.0,0.533155
5002.0,62.0,1.0
5002.0,63.0,0.0
5002.0,64.0,0.637804
5002.0,65.0,0.433719
5002.0,66.0,0.761016
5002.0,67.0,0.420174
5002.0,68.0,0.396918
5002.0,69.0,0.330401
5002.0,70.0,0.955013
5002.0,71.0,0.278957
5002.0,72.0,0.197093
5002.0,73.0,0.708975
5002.0,74.0,0.6311
5002.0,75.0,1.0
5002.0,76.0,1.0
5002.0,77.0,0.125284
5002.0,78.0,0.016133
5002.0,79.0,0.882468
5002.0,80.0,0.940882
5002.0,81.0,0.547707
5002.0,82.0,0.107873
5002.0,83.0,0.099016
5002.0,84.0,0.394216
5002.0,85.0,0.0
5002.0,86.0,0.629148
5002.0,87.0,0.736869
5002.0,88.0,0.002949
5002.0,89.0,0.429635
5002.0,90.0,0.0
5002.0,91.0,0.573796
5002.0,92.0,0.428029
5002.0,93.0,0.690232
5002.0,94.0,0.812571
5002.0,95.0,0.482885
5002.0,96.0,1.0
5002.0,97.0,0.482709
5002.0,98.0,0.533346
5002.0,99.0,0.0
5002.0,100.0,0.633362
5002.0,101.0,1.0
5002.0,102.0,0.430916
5002.0,103.0,0.265669
5002.0,104.0,0.435725
5002.0,105.0,0.83327
5002.0,106.0,0.97408
5002.0,107.0,0.643634
5002.0,108.0,0.461493
5002.0,109.0,0.427341
5002.0,110.0,1.0
5002.0,111.0,0.475438
5002.0,112.0,0.690281
5002.0,113.0,0.207135
5002.0,114.0,1.0
5002.0,115.0,0.999792
5002.0,116.0,1.0
5002.0,117.0,0.0
5002.0,118.0,0.512935
5002.0,119.0,1.0
5002.0,120.0,1.0
5002.0,121.0,0.470692
5002.0,122.0,0.13521
5002.0,123.0,0.285977
5002.0,124.0,0.277778
5002.0,125.0,0.436804
5002.0,126.0,0.698037
5002.0,127.0,0.13554
5002.0,128.0,0.556451
5002.0,129.0,0.556777
5002.0,130.0,0.407901
5002.0,131.0,0.428508
5002.0,132.0,0.683049
5002.0,133.0,0.6449
5002.0,134.0,0.207443
5002.0,135.0,0.62552
5002.0,136.0,0.532901
5002.0,137.0,0.526672
5002.0,138.0,0.0
5002.0,139.0,0.41888
5002.0,140.0,0.293163
5002.0,141.0,0.299862
5002.0,142.0,1.0
5002.0,143.0,0.435772
5002.0,144.0,0.487121
5002.0,145.0,0.288545
5002.0,146.0,0.0
5002.0,147.0,1.0
5003.0,0.0,0.36414
5003.0,1.0,1.0
5003.0,2.0,0.0
5003.0,3.0,1.0
5003.0,4.0,0.690352
5003.0,5.0,0.541245
5003.0,6.0,0.488094
5003.0,7.0,0.639748
5003.0,8.0,0.954534
5003.0,9.0,0.749212
5003.0,10.0,0.32223
5003.0,11.0,0.448775
5003.0,12.0,0.362342
5003.0,13.0,0.991074
5003.0,14.0,0.392621
5003.0,15.0,0.401729
5003.0,16.0,0.146768
5003.0,17.0,0.125567
5003.0,18.0,0.0
5003.0,19.0,0.359632
5003.0,20.0,1.0
5003.0,21.0,0.789235
5003.0,22.0,0.083704
5003.0,23.0,0.0
5003.0,24.0,0.276039
5003.0,25.0,0.254648
5003.0,26.0,0.785752
5003.0,27.0,1.0
5003.0,28.0,0.549635
5003.0,29.0,1.0
5003.0,30.0,1.0
5003.0,31.0,0.535229
5003.0,32.0,0.0
5003.0,33.0,0.903783
5003.0,34.0,0.869264
5003.0,35.0,0.601143
5003.0,36.0,0.900303
5003.0,37.0,0.000193
5003.0,38.0,0.634998
5003.0,39.0,0.556109
5003.0,40.0,0.913891
5003.0,41.0,0.5919
5003.0,42.0,0.487017
5003.0,43.0,0.067671
5003.0,44.0,1.0
5003.0,45.0,0.66032
5003.0,46.0,0.414897
5003.0,47.0,0.65644
5003.0,48.0,1.0
5003.0,49.0,0.554289
5003.0,50.0,0.426784
5003.0,51.0,1.0
5003.0,52.0,0.686354
5003.0,53.0,0.754099
5003.0,54.0,0.008912
5003.0,55.0,0.634139
5003.0,56.0,1.0
5003.0,57.0,0.51665
5003.0,58.0,0.697147
5003.0,59.0,0.713738
5003.0,60.0,0.569886
5003.0,61.0,0.540687
5003.0,62.0,1.0
5003.0,63.0,0.0
5003.0,64.0,0.640497
5003.0,65.0,0.439622
5003.0,66.0,0.767339
5003.0,67.0,0.431684
5003.0,68.0,0.414072
5003.0,69.0,0.355955
5003.0,70.0,0.955469
5003.0,71.0,0.289686
5003.0,72.0,0.214419
5003.0,73.0,0.7258
5003.0,74.0,0.634443
5003.0,75.0,1.0
5003.0,76.0,1.0
5003.0,77.0,0.127421
5003.0,78.0,0.01641
5003.0,79.0,0.883544
5003.0,80.0,0.942082
5003.0,81.0,0.55323
5003.0,82.0,0.112942
5003.0,83.0,0.09942
5003.0,84.0,0.404684
5003.0,85.0,0.0
5003.0,86.0,0.640835
5003.0,87.0,0.745656
5003.0,88.0,0.003225
5003.0,89.0,0.435861
5003.0,90.0,0.0
5003.0,91.0,0.593783
5003.0,92.0,0.435281
5003.0,93.0,0.706162
5003.0,94.0,0.819188
5003.0,95.0,0.491636
5003.0,96.0,1.0
5003.0,97.0,0.490127
5003.0,98.0,0.534057
5003.0,99.0,0.0
5003.0,100.0,0.639145
5003.0,101.0,1.0
5003.0,102.0,0.444969
5003.0,103.0,0.272828
5003.0,104.0,0.443235
5003.0,105.0,0.839112
5003.0,106.0,0.973952
5003.0,107.0,0.646165
5003.0,108.0,0.472728
5003.0,109.0,0.428785
5003.0,110.0,1.0
5003.0,111.0,0.482767
5003.0,112.0,0.751939
5003.0,113.0,0.213545
5003.0,114.0,1.0
5003.0,115.0,0.999817
5003.0,116.0,1.0
5003.0,117.0,0.0
5003.0,118.0,0.536432
5003.0,119.0,1.0
5003.0,120.0,1.0
5003.0,121.0,0.500499
5003.0,122.0,0.136175
5003.0,123.0,0.28986
5003.0,124.0,0.283146
5003.0,125.0,0.456324
5003.0,126.0,0.702731
5003.0,127.0,0.142498
5003.0,128.0,0.53709
5003.0,129.0,0.572555
5003.0,130.0,0.408728
5003.0,131.0,0.433332
5003.0,132.0,0.692854
5003.0,133.0,0.649082
5003.0,134.0,0.210952
5003.0,135.0,0.631553
5003.0,136.0,0.540981
5003.0,137.0,0.555308
5003.0,138.0,0.0
5003.0,139.0,0.435981
5003.0,140.0,0.300644
5003.0,141.0,0.302642
5003.0,142.0,1.0
5003.0,143.0,0.441509
5003.0,144.0,0.493204
5003.0,145.0,0.298041
5003.0,146.0,0.0
5003.0,147.0,1.0
5004.0,0.0,0.367074
5004.0,1.0,1.0
5004.0,2.0,0.0
5004.0,3.0,1.0
5004.0,4.0,0.693374
5004.0,5.0,0.543386
5004.0,6.0,0.530501
5004.0,7.0,0.650001
5004.0,8.0,0.954607
5004.0,9.0,0.755823
5004.0,10.0,0.327211
5004.0,11.0,0.453192
5004.0,12.0,0.362645
5004.0,13.0,0.991362
5004.0,14.0,0.403964
5004.0,15.0,0.447735
5004.0,16.0,0.159318
5004.0,17.0,0.128212
5004.0,18.0,0.0
5004.0,19.0,0.360207
5004.0,20.0,1.0
5004.0,21.0,0.793209
5004.0,22.0,0.094327
5004.0,23.0,0.0
5004.0,24.0,0.286876
5004.0,25.0,0.255752
5004.0,26.0,0.789952
5004.0,27.0,1.0
5004.0,28.0,0.549983
5004.0,29.0,1.0
5004.0,30.0,1.0
5004.0,31.0,0.542762
5004.0,32.0,0.0
5004.0,33.0,0.903273
5004.0,34.0,0.877193
5004.0,35.0,0.620375
5004.0,36.0,0.904089
5004.0,37.0,0.000186
5004.0,38.0,0.647626
5004.0,39.0,0.558987
5004.0,40.0,0.914793
5004.0,41.0,0.595747
5004.0,42.0,0.492553
5004.0,43.0,0.069212
5004.0,44.0,1.0
5004.0,45.0,0.662423
5004.0,46.0,0.425251
5004.0,47.0,0.667974
5004.0,48.0,1.0
5004.0,49.0,0.560257
5004.0,50.0,0.443642
5004.0,51.0,1.0
5004.0,52.0,0.703032
5004.0,53.0,0.757399
5004.0,54.0,0.008837
5004.0,55.0,0.640218
5004.0,56.0,1.0
5004.0,57.0,0.521796
5004.0,58.0,0.70083
5004.0,59.0,0.716732
5004.0,60.0,0.575306
5004.0,61.0,0.54773
5004.0,62.0,1.0
5004.0,63.0,0.0
5004.0,64.0,0.641951
5004.0,65.0,0.44528
5004.0,66.0,0.7723
5004.0,67.0,0.445543
5004.0,68.0,0.43048
5004.0,69.0,0.382482
5004.0,70.0,0.955874
5004.0,71.0,0.300697
5004.0,72.0,0.232415
5004.0,73.0,0.742394
5004.0,74.0,0.637791
5004.0,75.0,1.0
5004.0,76.0,1.0
5004.0,77.0,0.130509
5004.0,78.0,0.016804
5004.0,79.0,0.884839
5004.0,80.0,0.942807
5004.0,81.0,0.558875
5004.0,82.0,0.117641
5004.0,83.0,0.099913
5004.0,84.0,0.416002
5004.0,85.0,0.0
5004.0,86.0,0.651815
5004.0,87.0,0.754276
5004.0,88.0,0.003446
5004.0,89.0,0.442947
5004.0,90.0,0.0
5004.0,91.0,0.611391
5004.0,92.0,0.442149
5004.0,93.0,0.721296
5004.0,94.0,0.824264
5004.0,95.0,0.500968
5004.0,96.0,1.0
5004.0,97.0,0.497789
5004.0,98.0,0.535433
5004.0,99.0,0.0
5004.0,100.0,0.645822
5004.0,101.0,1.0
5004.0,102.0,0.458172
5004.0,103.0,0.280061
5004.0,104.0,0.450727
5004.0,105.0,0.844814
5004.0,106.0,0.973897
5004.0,107.0,0.647079
5004.0,108.0,0.483687
5004.0,109.0,0.429677
5004.0,110.0,1.0
5004.0,111.0,0.490793
5004.0,112.0,0.79526
5004.0,113.0,0.220782
5004.0,114.0,1.0
5004.0,115.0,0.999826
5004.0,116.0,1.0
5004.0,117.0,0.0
5004.0,118.0,0.55922
5004.0,119.0,1.0
5004.0,120.0,1.0
5004.0,121.0,0.528464
5004.0,122.0,0.136646
5004.0,123.0,0.294041
5004.0,124.0,0.287222
5004.0,125.0,0.477074
5004.0,126.0,0.706779
5004.0,127.0,0.149312
5004.0,128.0,0.52707
5004.0,129.0,0.588139
5004.0,130.0,0.410979
5004.0,131.0,0.43739
5004.0,132.0,0.701839
5004.0,133.0,0.652927
5004.0,134.0,0.214672
5004.0,135.0,0.636907
5004.0,136.0,0.548314
5004.0,137.0,0.581911
5004.0,138.0,0.0
5004.0,139.0,0.451733
5004.0,140.0,0.30729
5004.0,141.0,0.305013
5004.0,142.0,1.0
5004.0,143.0,0.44667
5004.0,144.0,0.499311
5004.0,145.0,0.308742
5004.0,146.0,0.0
5004.0,147.0,1.0
5005.0,0.0,0.370742
5005.0,1.0,1.0
5005.0,2.0,0.0
5005.0,3.0,1.0
5005.0,4.0,0.697833
5005.0,5.0,0.544913
5005.0,6.0,0.571162
5005.0,7.0,0.660014
5005.0,8.0,0.954983
5005.0,9.0,0.762064
5005.0,10.0,0.332508
5005.0,11.0,0.459147
5005.0,12.0,0.361872
5005.0,13.0,0.991512
5005.0,14.0,0.413536
5005.0,15.0,0.493601
5005.0,16.0,0.173466
5005.0,17.0,0.131251
5005.0,18.0,0.0
5005.0,19.0,0.360317
5005.0,20.0,1.0
5005.0,21.0,0.797012
5005.0,22.0,0.105707
5005.0,23.0,0.0
5005.0,24.0,0.298237
5005.0,25.0,0.257107
5005.0,26.0,0.794502
5005.0,27.0,1.0
5005.0,28.0,0.551744
5005.0,29.0,1.0
5005.0,30.0,1.0
5005.0,31.0,0.549443
5005.0,32.0,0.0
5005.0,33.0,0.903734
5005.0,34.0,0.885366
5005.0,35.0,0.638279
5005.0,36.0,0.907535
5005.0,37.0,0.00018
5005.0,38.0,0.660865
5005.0,39.0,0.562005
5005.0,40.0,0.915617
5005.0,41.0,0.598439
5005.0,42.0,0.498352
5005.0,43.0,0.069862
5005.0,44.0,1.0
5005.0,45.0,0.663848
5005.0,46.0,0.43564
5005.0,47.0,0.679002
5005.0,48.0,1.0
5005.0,49.0,0.566942
5005.0,50.0,0.459596
5005.0,51.0,1.0
5005.0,52.0,0.718751
5005.0,53.0,0.760433
5005.0,54.0,0.008919
5005.0,55.0,0.645739
5005.0,56.0,1.0
5005.0,57.0,0.528099
5005.0,58.0,0.704549
5005.0,59.0,0.720059
5005.0,60.0,0.580286
5005.0,61.0,0.554608
5005.0,62.0,1.0
5005.0,63.0,0.0
5005.0,64.0,0.643831
5005.0,65.0,0.450689
5005.0,66.0,0.778186
5005.0,67.0,0.461741
5005.0,68.0,0.445554
5005.0,69.0,0.409174
5005.0,70.0,0.956695
5005.0,71.0,0.311427
5005.0,72.0,0.251514
5005.0,73.0,0.757488
5005.0,74.0,0.640868
5005.0,75.0,1.0
5005.0,76.0,1.0
5005.0,77.0,0.133275
5005.0,78.0,0.017455
5005.0,79.0,0.885256
5005.0,80.0,0.94347
5005.0,81.0,0.565111
5005.0,82.0,0.122691
5005.0,83.0,0.100441
5005.0,84.0,0.427327
5005.0,85.0,0.0
5005.0,86.0,0.662
5005.0,87.0,0.762727
5005.0,88.0,0.003664
5005.0,89.0,0.447744
5005.0,90.0,0.0
5005.0,91.0,0.628112
5005.0,92.0,0.449528
5005.0,93.0,0.735237
5005.0,94.0,0.828758
5005.0,95.0,0.510257
5005.0,96.0,1.0
5005.0,97.0,0.505787
5005.0,98.0,0.536715
5005.0,99.0,0.0
5005.0,100.0,0.651356
5005.0,101.0,1.0
5005.0,102.0,0.470595
5005.0,103.0,0.287899
5005.0,104.0,0.457103
5005.0,105.0,0.850779
5005.0,106.0,0.974002
5005.0,107.0,0.648759
5005.0,108.0,0.494312
5005.0,109.0,0.430862
5005.0,110.0,1.0
5005.0,111.0,0.50072
5005.0,112.0,0.8276
5005.0,113.0,0.228062
5005.0,114.0,1.0
5005.0,115.0,0.999851
5005.0,116.0,1.0
5005.0,117.0,0.0
5005.0,118.0,0.582572
5005.0,119.0,1.0
5005.0,120.0,1.0
5005.0,121.0,0.554818
5005.0,122.0,0.137114
5005.0,123.0,0.299002
5005.0,124.0,0.291824
5005.0,125.0,0.496934
5005.0,126.0,0.709959
5005.0,127.0,0.156766
5005.0,128.0,0.523416
5005.0,129.0,0.603649
5005.0,130.0,0.4124
5005.0,131.0,0.441294
5005.0,132.0,0.710736
5005.0,133.0,0.657391
5005.0,134.0,0.218485
5005.0,135.0,0.642653
5005.0,136.0,0.555469
5005.0,137.0,0.605927
5005.0,138.0,0.0
5005.0,139.0,0.46683
5005.0,140.0,0.314637
5005.0,141.0,0.307653
5005.0,142.0,1.0
5005.0,143.0,0.452243
5005.0,144.0,0.507093
5005.0,145.0,0.319189
5005.0,146.0,0.0
5005.0,147.0,1.0
5006.0,0.0,0.367005
5006.0,1.0,1.0
5006.0,2.0,0.0
5006.0,3.0,1.0
5006.0,4.0,0.694206
5006.0,5.0,0.543776
5006.0,6.0,0.520202
5006.0,7.0,0.648894
5006.0,8.0,0.954871
5006.0,9.0,0.756453
5006.0,10.0,0.327094
5006.0,11.0,0.453314
5006.0,12.0,0.361553
5006.0,13.0,0.991106
5006.0,14.0,0.401502
5006.0,15.0,0.43978
5006.0,16.0,0.157726
5006.0,17.0,0.128251
5006.0,18.0,0.0
5006.0,19.0,0.359446
5006.0,20.0,1.0
5006.0,21.0,0.793777
5006.0,22.0,0.093422
5006.0,23.0,0.0
5006.0,24.0,0.285649
5006.0,25.0,0.255868
5006.0,26.0,0.789446
5006.0,27.0,1.0
5006.0,28.0,0.5504
5006.0,29.0,1.0
5006.0,30.0,1.0
5006.0,31.0,0.543136
5006.0,32.0,0.0
5006.0,33.0,0.904198
5006.0,34.0,0.876584
5006.0,35.0,0.615949
5006.0,36.0,0.904295
5006.0,37.0,0.000169
5006.0,38.0,0.646992
5006.0,39.0,0.558458
5006.0,40.0,0.914971
5006.0,41.0,0.594128
5006.0,42.0,0.491745
5006.0,43.0,0.068575
5006.0,44.0,1.0
5006.0,45.0,0.661956
5006.0,46.0,0.422893
5006.0,47.0,0.667503
5006.0,48.0,1.0
5006.0,49.0,0.560479
5006.0,50.0,0.441031
5006.0,51.0,1.0
5006.0,52.0,0.699643
5006.0,53.0,0.756933
5006.0,54.0,0.009072
5006.0,55.0,0.639545
5006.0,56.0,1.0
5006.0,57.0,0.521063
5006.0,58.0,0.700035
5006.0,59.0,0.716844
5006.0,60.0,0.574375
5006.0,61.0,0.546197
5006.0,62.0,1.0
5006.0,63.0,0.0
5006.0,64.0,0.643005
5006.0,65.0,0.444324
5006.0,66.0,0.771664
5006.0,67.0,0.449613
5006.0,68.0,0.427737
5006.0,69.0,0.37645
5006.0,70.0,0.956487
5006.0,71.0,0.299615
5006.0,72.0,0.231037
5006.0,73.0,0.739986
5006.0,74.0,0.636987
5006.0,75.0,1.0
5006.0,76.0,1.0
5006.0,77.0,0.129937
5006.0,78.0,0.016902
5006.0,79.0,0.884549
5006.0,80.0,0.94232
5006.0,81.0,0.55896
5006.0,82.0,0.11701
5006.0,83.0,0.100241
5006.0,84.0,0.413531
5006.0,85.0,0.0
5006.0,86.0,0.650586
5006.0,87.0,0.753036
5006.0,88.0,0.003444
5006.0,89.0,0.442816
5006.0,90.0,0.0
5006.0,91.0,0.606979
5006.0,92.0,0.442039
5006.0,93.0,0.717849
5006.0,94.0,0.824222
5006.0,95.0,0.499329
5006.0,96.0,1.0
5006.0,97.0,0.497491
5006.0,98.0,0.534955
5006.0,99.0,0.0
5006.0,100.0,0.644489
5006.0,101.0,1.0
5006.0,102.0,0.456033
5006.0,103.0,0.279982
5006.0,104.0,0.44969
5006.0,105.0,0.845476
5006.0,106.0,0.973673
5006.0,107.0,0.647896
5006.0,108.0,0.483105
5006.0,109.0,0.429029
5006.0,110.0,1.0
5006.0,111.0,0.492701
5006.0,112.0,0.751502
5006.0,113.0,0.219937
5006.0,114.0,1.0
5006.0,115.0,0.999836
5006.0,116.0,1.0
5006.0,117.0,0.0
5006.0,118.0,0.557887
5006.0,119.0,1.0
5006.0,120.0,1.0
5006.0,121.0,0.520112
5006.0,122.0,0.13664
5006.0,123.0,0.294663
5006.0,124.0,0.286935
5006.0,125.0,0.475155
5006.0,126.0,0.70529
5006.0,127.0,0.149476
5006.0,128.0,0.548195
5006.0,129.0,0.587906
5006.0,130.0,0.411086
5006.0,131.0,0.436801
5006.0,132.0,0.701078
5006.0,133.0,0.65442
5006.0,134.0,0.215255
5006.0,135.0,0.636033
5006.0,136.0,0.548045
5006.0,137.0,0.57393
5006.0,138.0,0.0
5006.0,139.0,0.448371
5006.0,140.0,0.307527
5006.0,141.0,0.304721
5006.0,142.0,1.0
5006.0,143.0,0.446341
5006.0,144.0,0.49933
5006.0,145.0,0.306721
5006.0,146.0,0.0
5006.0,147.0,1.0
5007.0,0.0,0.363469
5007.0,1.0,1.0
5007.0,2.0,0.0
5007.0,3.0,1.0
5007.0,4.0,0.690503
5007.0,5.0,0.542231
5007.0,6.0,0.474116
5007.0,7.0,0.63764
5007.0,8.0,0.954922
5007.0,9.0,0.750354
5007.0,10.0,0.322859
5007.0,11.0,0.447742
5007.0,12.0,0.36088
5007.0,13.0,0.990646
5007.0,14.0,0.390427
5007.0,15.0,0.387605
5007.0,16.0,0.144449
5007.0,17.0,0.1251
5007.0,18.0,0.0
5007.0,19.0,0.360019
5007.0,20.0,1.0
5007.0,21.0,0.789408
5007.0,22.0,0.082407
5007.0,23.0,0.0
5007.0,24.0,0.27404
5007.0,25.0,0.253603
5007.0,26.0,0.785447
5007.0,27.0,1.0
5007.0,28.0,0.54897
5007.0,29.0,1.0
5007.0,30.0,1.0
5007.0,31.0,0.536956
5007.0,32.0,0.0
5007.0,33.0,0.904145
5007.0,34.0,0.867718
5007.0,35.0,0.594863
5007.0,36.0,0.89993
5007.0,37.0,0.000171
5007.0,38.0,0.633158
5007.0,39.0,0.555203
5007.0,40.0,0.914164
5007.0,41.0,0.590342
5007.0,42.0,0.484944
5007.0,43.0,0.06735
5007.0,44.0,1.0
5007.0,45.0,0.659306
5007.0,46.0,0.411497
5007.0,47.0,0.65669
5007.0,48.0,1.0
5007.0,49.0,0.555274
5007.0,50.0,0.423997
5007.0,51.0,1.0
5007.0,52.0,0.681091
5007.0,53.0,0.752845
5007.0,54.0,0.008965
5007.0,55.0,0.633454
5007.0,56.0,1.0
5007.0,57.0,0.51493
5007.0,58.0,0.696243
5007.0,59.0,0.713294
5007.0,60.0,0.567953
5007.0,61.0,0.538479
5007.0,62.0,1.0
5007.0,63.0,0.0
5007.0,64.0,0.641852
5007.0,65.0,0.438205
5007.0,66.0,0.766728
5007.0,67.0,0.439863
5007.0,68.0,0.410662
5007.0,69.0,0.347762
5007.0,70.0,0.956502
5007.0,71.0,0.287957
5007.0,72.0,0.212678
5007.0,73.0,0.721662
5007.0,74.0,0.633818
5007.0,75.0,1.0
5007.0,76.0,1.0
5007.0,77.0,0.127793
5007.0,78.0,0.016652
5007.0,79.0,0.883894
5007.0,80.0,0.941204
5007.0,81.0,0.552771
5007.0,82.0,0.111557
5007.0,83.0,0.099732
5007.0,84.0,0.400641
5007.0,85.0,0.0
5007.0,86.0,0.639528
5007.0,87.0,0.744107
5007.0,88.0,0.003247
5007.0,89.0,0.436808
5007.0,90.0,0.0
5007.0,91.0,0.587244
5007.0,92.0,0.434541
5007.0,93.0,0.701838
5007.0,94.0,0.819223
5007.0,95.0,0.489607
5007.0,96.0,1.0
5007.0,97.0,0.48942
5007.0,98.0,0.533752
5007.0,99.0,0.0
5007.0,100.0,0.637163
5007.0,101.0,1.0
5007.0,102.0,0.44134
5007.0,103.0,0.272572
5007.0,104.0,0.4427
5007.0,105.0,0.84024
5007.0,106.0,0.973461
5007.0,107.0,0.646638
5007.0,108.0,0.471546
5007.0,109.0,0.427442
5007.0,110.0,1.0
5007.0,111.0,0.484155
5007.0,112.0,0.669503
5007.0,113.0,0.21336
5007.0,114.0,1.0
5007.0,115.0,0.99982
5007.0,116.0,1.0
5007.0,117.0,0.0
5007.0,118.0,0.533837
5007.0,119.0,1.0
5007.0,120.0,1.0
5007.0,121.0,0.488178
5007.0,122.0,0.13534
5007.0,123.0,0.289144
5007.0,124.0,0.283231
5007.0,125.0,0.454699
5007.0,126.0,0.702086
5007.0,127.0,0.141857
5007.0,128.0,0.577425
5007.0,129.0,0.571592
5007.0,130.0,0.410286
5007.0,131.0,0.431982
5007.0,132.0,0.692014
5007.0,133.0,0.651569
5007.0,134.0,0.211784
5007.0,135.0,0.629863
5007.0,136.0,0.539856
5007.0,137.0,0.543198
5007.0,138.0,0.0
5007.0,139.0,0.431373
5007.0,140.0,0.300467
5007.0,141.0,0.301816
5007.0,142.0,1.0
5007.0,143.0,0.441475
5007.0,144.0,0.491524
5007.0,145.0,0.294789
5007.0,146.0,0.0
5007.0,147.0,1.0
5008.0,0.0,0.3596
5008.0,1.0,1.0
5008.0,2.0,0.0
5008.0,3.0,1.0
5008.0,4.0,0.687141
5008.0,5.0,0.541357
5008.0,6.0,0.432763
5008.0,7.0,0.626355
5008.0,8.0,0.954952
5008.0,9.0,0.744677
5008.0,10.0,0.318334
5008.0,11.0,0.443175
5008.0,12.0,0.360285
5008.0,13.0,0.990503
5008.0,14.0,0.379851
5008.0,15.0,0.340264
5008.0,16.0,0.132746
5008.0,17.0,0.122279
5008.0,18.0,0.0
5008.0,19.0,0.359481
5008.0,20.0,1.0
5008.0,21.0,0.785507
5008.0,22.0,0.072971
5008.0,23.0,0.0
5008.0,24.0,0.263362
5008.0,25.0,0.252478
5008.0,26.0,0.781288
5008.0,27.0,1.0
5008.0,28.0,0.547283
5008.0,29.0,1.0
5008.0,30.0,1.0
5008.0,31.0,0.530739
5008.0,32.0,0.0
5008.0,33.0,0.90387
5008.0,34.0,0.858402
5008.0,35.0,0.57356
5008.0,36.0,0.895842
5008.0,37.0,0.000175
5008.0,38.0,0.619425
5008.0,39.0,0.55317
5008.0,40.0,0.913263
5008.0,41.0,0.586075
5008.0,42.0,0.478341
5008.0,43.0,0.066348
5008.0,44.0,1.0
5008.0,45.0,0.657444
5008.0,46.0,0.401269
5008.0,47.0,0.646217
5008.0,48.0,1.0
5008.0,49.0,0.549535
5008.0,50.0,0.408312
5008.0,51.0,1.0
5008.0,52.0,0.661836
5008.0,53.0,0.749528
5008.0,54.0,0.008989
5008.0,55.0,0.627367
5008.0,56.0,1.0
5008.0,57.0,0.509191
5008.0,58.0,0.692815
5008.0,59.0,0.709897
5008.0,60.0,0.562362
5008.0,61.0,0.531629
5008.0,62.0,1.0
5008.0,63.0,0.0
5008.0,64.0,0.640969
5008.0,65.0,0.43291
5008.0,66.0,0.761599
5008.0,67.0,0.429584
5008.0,68.0,0.39287
5008.0,69.0,0.322321
5008.0,70.0,0.955472
5008.0,71.0,0.275966
5008.0,72.0,0.195605
5008.0,73.0,0.703052
5008.0,74.0,0.631112
5008.0,75.0,1.0
5008.0,76.0,1.0
5008.0,77.0,0.125347
5008.0,78.0,0.016251
5008.0,79.0,0.883034
5008.0,80.0,0.939861
5008.0,81.0,0.548324
5008.0,82.0,0.107173
5008.0,83.0,0.099427
5008.0,84.0,0.38925
5008.0,85.0,0.0
5008.0,86.0,0.628523
5008.0,87.0,0.734685
5008.0,88.0,0.003084
5008.0,89.0,0.430457
5008.0,90.0,0.0
5008.0,91.0,0.568985
5008.0,92.0,0.427336
5008.0,93.0,0.686012
5008.0,94.0,0.814807
5008.0,95.0,0.480414
5008.0,96.0,1.0
5008.0,97.0,0.481759
5008.0,98.0,0.533167
5008.0,99.0,0.0
5008.0,100.0,0.631196
5008.0,101.0,1.0
5008.0,102.0,0.427009
5008.0,103.0,0.265618
5008.0,104.0,0.435445
5008.0,105.0,0.834096
5008.0,106.0,0.973176
5008.0,107.0,0.645596
5008.0,108.0,0.460436
5008.0,109.0,0.426336
5008.0,110.0,1.0
5008.0,111.0,0.474388
5008.0,112.0,0.589918
5008.0,113.0,0.207382
5008.0,114.0,1.0
5008.0,115.0,0.999831
5008.0,116.0,1.0
5008.0,117.0,0.0
5008.0,118.0,0.511815
5008.0,119.0,1.0
5008.0,120.0,1.0
5008.0,121.0,0.458159
5008.0,122.0,0.134224
5008.0,123.0,0.284886
5008.0,124.0,0.277853
5008.0,125.0,0.43462
5008.0,126.0,0.698413
5008.0,127.0,0.134969
5008.0,128.0,0.605951
5008.0,129.0,0.555416
5008.0,130.0,0.408706
5008.0,131.0,0.427378
5008.0,132.0,0.682496
5008.0,133.0,0.64784
5008.0,134.0,0.207745
5008.0,135.0,0.623346
5008.0,136.0,0.531566
5008.0,137.0,0.514563
5008.0,138.0,0.0
5008.0,139.0,0.415577
5008.0,140.0,0.29377
5008.0,141.0,0.299422
5008.0,142.0,1.0
5008.0,143.0,0.436142
5008.0,144.0,0.483043
5008.0,145.0,0.284745
5008.0,146.0,0.0
5008.0,147.0,1.0
5009.0,0.0,0.356798
5009.0,1.0,1.0
5009.0,2.0,0.0
5009.0,3.0,1.0
5009.0,4.0,0.683267
5009.0,5.0,0.540224
5009.0,6.0,0.395338
5009.0,7.0,0.616272
5009.0,8.0,0.95452
5009.0,9.0,0.737919
5009.0,10.0,0.31487
5009.0,11.0,0.436187
5009.0,12.0,0.359718
5009.0,13.0,0.990311
5009.0,14.0,0.369108
5009.0,15.0,0.296487
5009.0,16.0,0.122962
5009.0,17.0,0.119593
5009.0,18.0,0.0
5009.0,19.0,0.358803
5009.0,20.0,1.0
5009.0,21.0,0.782445
5009.0,22.0,0.0648
5009.0,23.0,0.0
5009.0,24.0,0.252113
5009.0,25.0,0.252254
5009.0,26.0,0.776559
5009.0,27.0,1.0
5009.0,28.0,0.547753
5009.0,29.0,1.0
5009.0,30.0,1.0
5009.0,31.0,0.5236
5009.0,32.0,0.0
5009.0,33.0,0.903319
5009.0,34.0,0.84905
5009.0,35.0,0.552567
5009.0,36.0,0.891596
5009.0,37.0,0.000192
5009.0,38.0,0.604944
5009.0,39.0,0.550924
5009.0,40.0,0.912397
5009.0,41.0,0.582112
5009.0,42.0,0.472776
5009.0,43.0,0.065549
5009.0,44.0,1.0
5009.0,45.0,0.656378
5009.0,46.0,0.391754
5009.0,47.0,0.635754
5009.0,48.0,1.0
5009.0,49.0,0.542919
5009.0,50.0,0.392935
5009.0,51.0,1.0
5009.0,52.0,0.643924
5009.0,53.0,0.746237
5009.0,54.0,0.008969
5009.0,55.0,0.621752
5009.0,56.0,1.0
5009.0,57.0,0.502308
5009.0,58.0,0.689041
5009.0,59.0,0.706231
5009.0,60.0,0.557114
5009.0,61.0,0.525772
5009.0,62.0,1.0
5009.0,63.0,0.0
5009.0,64.0,0.641009
5009.0,65.0,0.427032
5009.0,66.0,0.755674
5009.0,67.0,0.420665
5009.0,68.0,0.376131
5009.0,69.0,0.299725
5009.0,70.0,0.954804
5009.0,71.0,0.265964
5009.0,72.0,0.17993
5009.0,73.0,0.684048
5009.0,74.0,0.627389
5009.0,75.0,1.0
5009.0,76.0,1.0
5009.0,77.0,0.122991
5009.0,78.0,0.015947
5009.0,79.0,0.882375
5009.0,80.0,0.938877
5009.0,81.0,0.543316
5009.0,82.0,0.103268
5009.0,83.0,0.098411
5009.0,84.0,0.377
5009.0,85.0,0.0
5009.0,86.0,0.617708
5009.0,87.0,0.726015
5009.0,88.0,0.00283
5009.0,89.0,0.424882
5009.0,90.0,0.0
5009.0,91.0,0.550239
5009.0,92.0,0.420487
5009.0,93.0,0.668495
5009.0,94.0,0.809528
5009.0,95.0,0.471465
5009.0,96.0,1.0
5009.0,97.0,0.473664
5009.0,98.0,0.533155
5009.0,99.0,0.0
5009.0,100.0,0.624242
5009.0,101.0,1.0
5009.0,102.0,0.414477
5009.0,103.0,0.259004
5009.0,104.0,0.428249
5009.0,105.0,0.827269
5009.0,106.0,0.973028
5009.0,107.0,0.644231
5009.0,108.0,0.448827
5009.0,109.0,0.425096
5009.0,110.0,1.0
5009.0,111.0,0.464978
5009.0,112.0,0.518043
5009.0,113.0,0.201266
5009.0,114.0,1.0
5009.0,115.0,0.999834
5009.0,116.0,1.0
5009.0,117.0,0.0
5009.0,118.0,0.490431
5009.0,119.0,1.0
5009.0,120.0,1.0
5009.0,121.0,0.430693
5009.0,122.0,0.133212
5009.0,123.0,0.280419
5009.0,124.0,0.273404
5009.0,125.0,0.415533
5009.0,126.0,0.694097
5009.0,127.0,0.127898
5009.0,128.0,0.633079
5009.0,129.0,0.539555
5009.0,130.0,0.406325
5009.0,131.0,0.423462
5009.0,132.0,0.672437
5009.0,133.0,0.643956
5009.0,134.0,0.203802
5009.0,135.0,0.617129
5009.0,136.0,0.52318
5009.0,137.0,0.486223
5009.0,138.0,0.0
5009.0,139.0,0.40025
5009.0,140.0,0.2864
5009.0,141.0,0.297359
5009.0,142.0,1.0
5009.0,143.0,0.43069
5009.0,144.0,0.476702
5009.0,145.0,0.27497
5009.0,146.0,0.0
5009.0,147.0,1.0
5010.0,0.0,0.353364
5010.0,1.0,1.0
5010.0,2.0,0.0
5010.0,3.0,1.0
5010.0,4.0,0.679566
5010.0,5.0,0.538373
5010.0,6.0,0.361177
5010.0,7.0,0.60552
5010.0,8.0,0.954593
5010.0,9.0,0.732153
5010.0,10.0,0.309701
5010.0,11.0,0.429793
5010.0,12.0,0.359511
5010.0,13.0,0.989944
5010.0,14.0,0.35927
5010.0,15.0,0.257746
5010.0,16.0,0.113689
5010.0,17.0,0.117382
5010.0,18.0,0.0
5010.0,19.0,0.358047
5010.0,20.0,1.0
5010.0,21.0,0.779319
5010.0,22.0,0.057926
5010.0,23.0,0.0
5010.0,24.0,0.241769
5010.0,25.0,0.251556
5010.0,26.0,0.772019
5010.0,27.0,1.0
5010.0,28.0,0.546373
5010.0,29.0,1.0
5010.0,30.0,1.0
5010.0,31.0,0.516902
5010.0,32.0,0.0
5010.0,33.0,0.903498
5010.0,34.0,0.839811
5010.0,35.0,0.532988
5010.0,36.0,0.887005
5010.0,37.0,0.000196
5010.0,38.0,0.589324
5010.0,39.0,0.548575
5010.0,40.0,0.91207
5010.0,41.0,0.57776
5010.0,42.0,0.466157
5010.0,43.0,0.064343
5010.0,44.0,1.0
5010.0,45.0,0.654662
5010.0,46.0,0.380831
5010.0,47.0,0.625847
5010.0,48.0,1.0
5010.0,49.0,0.537748
5010.0,50.0,0.379381
5010.0,51.0,1.0
5010.0,52.0,0.625356
5010.0,53.0,0.742737
5010.0,54.0,0.00898
5010.0,55.0,0.615318
5010.0,56.0,1.0
5010.0,57.0,0.496466
5010.0,58.0,0.685336
5010.0,59.0,0.703266
5010.0,60.0,0.552286
5010.0,61.0,0.51935
5010.0,62.0,1.0
5010.0,63.0,0.0
5010.0,64.0,0.640916
5010.0,65.0,0.420645
5010.0,66.0,0.749835
5010.0,67.0,0.410364
5010.0,68.0,0.359888
5010.0,69.0,0.279604
5010.0,70.0,0.954231
5010.0,71.0,0.254669
5010.0,72.0,0.165535
5010.0,73.0,0.664256
5010.0,74.0,0.622959
5010.0,75.0,1.0
5010.0,76.0,1.0
5010.0,77.0,0.121004
5010.0,78.0,0.015672
5010.0,79.0,0.88144
5010.0,80.0,0.937605
5010.0,81.0,0.537643
5010.0,82.0,0.099456
5010.0,83.0,0.097797
5010.0,84.0,0.366276
5010.0,85.0,0.0
5010.0,86.0,0.608338
5010.0,87.0,0.71647
5010.0,88.0,0.002666
5010.0,89.0,0.419377
5010.0,90.0,0.0
5010.0,91.0,0.531238
5010.0,92.0,0.412972
5010.0,93.0,0.65224
5010.0,94.0,0.805508
5010.0,95.0,0.462611
5010.0,96.0,1.0
5010.0,97.0,0.465383
5010.0,98.0,0.533124
5010.0,99.0,0.0
5010.0,100.0,0.617004
5010.0,101.0,1.0
5010.0,102.0,0.402534
5010.0,103.0,0.253059
5010.0,104.0,0.422197
5010.0,105.0,0.821104
5010.0,106.0,0.97298
5010.0,107.0,0.643153
5010.0,108.0,0.437434
5010.0,109.0,0.423711
5010.0,110.0,1.0
5010.0,111.0,0.456808
5010.0,112.0,0.455804
5010.0,113.0,0.195546
5010.0,114.0,1.0
5010.0,115.0,0.999817
5010.0,116.0,1.0
5010.0,117.0,0.0
5010.0,118.0,0.46936
5010.0,119.0,1.0
5010.0,120.0,1.0
5010.0,121.0,0.40496
5010.0,122.0,0.132353
5010.0,123.0,0.276735
5010.0,124.0,0.269166
5010.0,125.0,0.398106
5010.0,126.0,0.689264
5010.0,127.0,0.121667
5010.0,128.0,0.655261
5010.0,129.0,0.525244
5010.0,130.0,0.405032
5010.0,131.0,0.419543
5010.0,132.0,0.663057
5010.0,133.0,0.639935
5010.0,134.0,0.200393
5010.0,135.0,0.610246
5010.0,136.0,0.514689
5010.0,137.0,0.460892
5010.0,138.0,0.0
5010.0,139.0,0.386007
5010.0,140.0,0.280496
5010.0,141.0,0.295323
5010.0,142.0,1.0
5010.0,143.0,0.425984
5010.0,144.0,0.46993
5010.0,145.0,0.265193
5010.0,146.0,0.0
5010.0,147.0,1.0
6000.0,0.0,0.373206
6000.0,1.0,1.0
6000.0,2.0,0.0
6000.0,3.0,1.0
6000.0,4.0,0.683321
6000.0,5.0,0.536277
6000.0,6.0,0.364842
6000.0,7.0,0.589842
6000.0,8.0,0.966975
6000.0,9.0,0.721284
6000.0,10.0,0.303839
6000.0,11.0,0.424347
6000.0,12.0,0.359523
6000.0,13.0,0.994429
6000.0,14.0,0.361241
6000.0,15.0,0.260352
6000.0,16.0,0.118733
6000.0,17.0,0.127862
6000.0,18.0,0.0
6000.0,19.0,0.355972
6000.0,20.0,1.0
6000.0,21.0,0.795799
6000.0,22.0,0.060307
6000.0,23.0,0.0
6000.0,24.0,0.240205
6000.0,25.0,0.257609
6000.0,26.0,0.770913
6000.0,27.0,1.0
6000.0,28.0,0.554862
6000.0,29.0,1.0
6000.0,30.0,1.0
6000.0,31.0,0.517083
6000.0,32.0,0.0
6000.0,33.0,0.904108
6000.0,34.0,0.841203
6000.0,35.0,0.529962
6000.0,36.0,0.868131
6000.0,37.0,0.00034
6000.0,38.0,0.591361
6000.0,39.0,0.544158
6000.0,40.0,0.918778
6000.0,41.0,0.58778
6000.0,42.0,0.481888
6000.0,43.0,0.062647
6000.0,44.0,1.0
6000.0,45.0,0.70156
6000.0,46.0,0.374845
6000.0,47.0,0.620185
6000.0,48.0,1.0
6000.0,49.0,0.538309
6000.0,50.0,0.382083
6000.0,51.0,1.0
6000.0,52.0,0.621854
6000.0,53.0,0.736557
6000.0,54.0,0.006482
6000.0,55.0,0.616961
6000.0,56.0,1.0
6000.0,57.0,0.505262
6000.0,58.0,0.673327
6000.0,59.0,0.710992
6000.0,60.0,0.521992
6000.0,61.0,0.51764
6000.0,62.0,1.0
6000.0,63.0,0.0
6000.0,64.0,0.634792
6000.0,65.0,0.416837
6000.0,66.0,0.738499
6000.0,67.0,0.40883
6000.0,68.0,0.348916
6000.0,69.0,0.279363
6000.0,70.0,0.975569
6000.0,71.0,0.263293
6000.0,72.0,0.164988
6000.0,73.0,0.669626
6000.0,74.0,0.630628
6000.0,75.0,1.0
6000.0,76.0,1.0
6000.0,77.0,0.118632
6000.0,78.0,0.01342
6000.0,79.0,0.877954
6000.0,80.0,0.939539
6000.0,81.0,0.546732
6000.0,82.0,0.095806
6000.0,83.0,0.108314
6000.0,84.0,0.368966
6000.0,85.0,0.0
6000.0,86.0,0.598404
6000.0,87.0,0.716149
6000.0,88.0,0.00014
6000.0,89.0,0.413489
6000.0,90.0,0.0
6000.0,91.0,0.532832
6000.0,92.0,0.412998
6000.0,93.0,0.644072
6000.0,94.0,0.797229
6000.0,95.0,0.454968
6000.0,96.0,1.0
6000.0,97.0,0.477733
6000.0,98.0,0.530306
6000.0,99.0,0.0
6000.0,100.0,0.625795
6000.0,101.0,1.0
6000.0,102.0,0.406218
6000.0,103.0,0.237268
6000.0,104.0,0.426699
6000.0,105.0,0.818281
6000.0,106.0,0.987411
6000.0,107.0,0.659022
6000.0,108.0,0.444062
6000.0,109.0,0.397393
6000.0,110.0,1.0
6000.0,111.0,0.463444
6000.0,112.0,0.456183
6000.0,113.0,0.201228
6000.0,114.0,1.0
6000.0,115.0,0.999582
6000.0,116.0,1.0
6000.0,117.0,0.0
6000.0,118.0,0.461074
6000.0,119.0,1.0
6000.0,120.0,1.0
6000.0,121.0,0.404596
6000.0,122.0,0.144765
6000.0,123.0,0.277675
6000.0,124.0,0.270216
6000.0,125.0,0.39333
6000.0,126.0,0.688893
6000.0,127.0,0.118021
6000.0,128.0,0.650884
6000.0,129.0,0.528042
6000.0,130.0,0.403756
6000.0,131.0,0.41624
6000.0,132.0,0.664288
6000.0,133.0,0.639698
6000.0,134.0,0.201752
6000.0,135.0,0.606429
6000.0,136.0,0.514669
6000.0,137.0,0.462908
6000.0,138.0,0.0
6000.0,139.0,0.387111
6000.0,140.0,0.283303
6000.0,141.0,0.310979
6000.0,142.0,1.0
6000.0,143.0,0.424953
6000.0,144.0,0.443655
6000.0,145.0,0.268167
6000.0,146.0,0.0
6000.0,147.0,1.0
6001.0,0.0,0.3782
6001.0,1.0,1.0
6001.0,2.0,0.0
6001.0,3.0,1.0
6001.0,4.0,0.687304
6001.0,5.0,0.538043
6001.0,6.0,0.407263
6001.0,7.0,0.601232
6001.0,8.0,0.966754
6001.0,9.0,0.727577
6001.0,10.0,0.310172
6001.0,11.0,0.431162
6001.0,12.0,0.360158
6001.0,13.0,0.994665
6001.0,14.0,0.371803
6001.0,15.0,0.307556
6001.0,16.0,0.130155
6001.0,17.0,0.130517
6001.0,18.0,0.0
6001.0,19.0,0.356674
6001.0,20.0,1.0
6001.0,21.0,0.799767
6001.0,22.0,0.068396
6001.0,23.0,0.0
6001.0,24.0,0.249435
6001.0,25.0,0.257699
6001.0,26.0,0.774359
6001.0,27.0,1.0
6001.0,28.0,0.557101
6001.0,29.0,1.0
6001.0,30.0,1.0
6001.0,31.0,0.522983
6001.0,32.0,0.0
6001.0,33.0,0.90432
6001.0,34.0,0.852233
6001.0,35.0,0.555021
6001.0,36.0,0.873314
6001.0,37.0,0.000368
6001.0,38.0,0.607862
6001.0,39.0,0.548277
6001.0,40.0,0.920143
6001.0,41.0,0.592733
6001.0,42.0,0.488125
6001.0,43.0,0.063065
6001.0,44.0,1.0
6001.0,45.0,0.704188
6001.0,46.0,0.386541
6001.0,47.0,0.632372
6001.0,48.0,1.0
6001.0,49.0,0.543731
6001.0,50.0,0.398476
6001.0,51.0,1.0
6001.0,52.0,0.643158
6001.0,53.0,0.74041
6001.0,54.0,0.006332
6001.0,55.0,0.621968
6001.0,56.0,1.0
6001.0,57.0,0.511679
6001.0,58.0,0.677688
6001.0,59.0,0.714113
6001.0,60.0,0.526106
6001.0,61.0,0.525088
6001.0,62.0,1.0
6001.0,63.0,0.0
6001.0,64.0,0.63658
6001.0,65.0,0.422116
6001.0,66.0,0.746878
6001.0,67.0,0.411262
6001.0,68.0,0.367636
6001.0,69.0,0.30404
6001.0,70.0,0.975941
6001.0,71.0,0.275161
6001.0,72.0,0.181228
6001.0,73.0,0.690882
6001.0,74.0,0.633942
6001.0,75.0,1.0
6001.0,76.0,1.0
6001.0,77.0,0.120154
6001.0,78.0,0.013769
6001.0,79.0,0.878736
6001.0,80.0,0.94064
6001.0,81.0,0.551066
6001.0,82.0,0.099575
6001.0,83.0,0.107821
6001.0,84.0,0.381035
6001.0,85.0,0.0
6001.0,86.0,0.610974
6001.0,87.0,0.726863
6001.0,88.0,0.000163
6001.0,89.0,0.419295
6001.0,90.0,0.0
6001.0,91.0,0.554401
6001.0,92.0,0.42137
6001.0,93.0,0.663591
6001.0,94.0,0.803077
6001.0,95.0,0.464848
6001.0,96.0,1.0
6001.0,97.0,0.484951
6001.0,98.0,0.53192
6001.0,99.0,0.0
6001.0,100.0,0.631179
6001.0,101.0,1.0
6001.0,102.0,0.420527
6001.0,103.0,0.244779
6001.0,104.0,0.434099
6001.0,105.0,0.825572
6001.0,106.0,0.987842
6001.0,107.0,0.659942
6001.0,108.0,0.456575
6001.0,109.0,0.396746
6001.0,110.0,1.0
6001.0,111.0,0.472279
6001.0,112.0,0.599084
6001.0,113.0,0.207765
6001.0,114.0,1.0
6001.0,115.0,0.999586
6001.0,116.0,1.0
6001.0,117.0,0.0
6001.0,118.0,0.482563
6001.0,119.0,1.0
6001.0,120.0,1.0
6001.0,121.0,0.438435
6001.0,122.0,0.145758
6001.0,123.0,0.282216
6001.0,124.0,0.275212
6001.0,125.0,0.412824
6001.0,126.0,0.69291
6001.0,127.0,0.125056
6001.0,128.0,0.588137
6001.0,129.0,0.544119
6001.0,130.0,0.403749
6001.0,131.0,0.41913
6001.0,132.0,0.672757
6001.0,133.0,0.643937
6001.0,134.0,0.204413
6001.0,135.0,0.614516
6001.0,136.0,0.522349
6001.0,137.0,0.495439
6001.0,138.0,0.0
6001.0,139.0,0.403907
6001.0,140.0,0.289406
6001.0,141.0,0.313814
6001.0,142.0,1.0
6001.0,143.0,0.430793
6001.0,144.0,0.449999
6001.0,145.0,0.27799
6001.0,146.0,0.0
6001.0,147.0,1.0
6002.0,0.0,0.382364
6002.0,1.0,1.0
6002.0,2.0,0.0
6002.0,3.0,1.0
6002.0,4.0,0.691512
6002.0,5.0,0.540062
6002.0,6.0,0.449751
6002.0,7.0,0.61243
6002.0,8.0,0.96658
6002.0,9.0,0.734054
6002.0,10.0,0.314837
6002.0,11.0,0.438494
6002.0,12.0,0.361196
6002.0,13.0,0.994914
6002.0,14.0,0.381797
6002.0,15.0,0.356904
6002.0,16.0,0.141483
6002.0,17.0,0.133896
6002.0,18.0,0.0
6002.0,19.0,0.357384
6002.0,20.0,1.0
6002.0,21.0,0.802884
6002.0,22.0,0.077622
6002.0,23.0,0.0
6002.0,24.0,0.25842
6002.0,25.0,0.258441
6002.0,26.0,0.777529
6002.0,27.0,1.0
6002.0,28.0,0.558403
6002.0,29.0,1.0
6002.0,30.0,1.0
6002.0,31.0,0.529045
6002.0,32.0,0.0
6002.0,33.0,0.9046
6002.0,34.0,0.862436
6002.0,35.0,0.577078
6002.0,36.0,0.878086
6002.0,37.0,0.000365
6002.0,38.0,0.623576
6002.0,39.0,0.55179
6002.0,40.0,0.921527
6002.0,41.0,0.596049
6002.0,42.0,0.492629
6002.0,43.0,0.064014
6002.0,44.0,1.0
6002.0,45.0,0.706899
6002.0,46.0,0.397873
6002.0,47.0,0.643542
6002.0,48.0,1.0
6002.0,49.0,0.548778
6002.0,50.0,0.414366
6002.0,51.0,1.0
6002.0,52.0,0.663039
6002.0,53.0,0.744129
6002.0,54.0,0.006279
6002.0,55.0,0.627483
6002.0,56.0,1.0
6002.0,57.0,0.518784
6002.0,58.0,0.681987
6002.0,59.0,0.716932
6002.0,60.0,0.530162
6002.0,61.0,0.532042
6002.0,62.0,1.0
6002.0,63.0,0.0
6002.0,64.0,0.637128
6002.0,65.0,0.428676
6002.0,66.0,0.755867
6002.0,67.0,0.418528
6002.0,68.0,0.384254
6002.0,69.0,0.329354
6002.0,70.0,0.976123
6002.0,71.0,0.286183
6002.0,72.0,0.197682
6002.0,73.0,0.710186
6002.0,74.0,0.636293
6002.0,75.0,1.0
6002.0,76.0,1.0
6002.0,77.0,0.122025
6002.0,78.0,0.014129
6002.0,79.0,0.87992
6002.0,80.0,0.941442
6002.0,81.0,0.554543
6002.0,82.0,0.103803
6002.0,83.0,0.107793
6002.0,84.0,0.392692
6002.0,85.0,0.0
6002.0,86.0,0.622982
6002.0,87.0,0.737673
6002.0,88.0,0.000156
6002.0,89.0,0.425162
6002.0,90.0,0.0
6002.0,91.0,0.573433
6002.0,92.0,0.428693
6002.0,93.0,0.681601
6002.0,94.0,0.807885
6002.0,95.0,0.474066
6002.0,96.0,1.0
6002.0,97.0,0.492806
6002.0,98.0,0.532573
6002.0,99.0,0.0
6002.0,100.0,0.636654
6002.0,101.0,1.0
6002.0,102.0,0.434433
6002.0,103.0,0.251547
6002.0,104.0,0.441285
6002.0,105.0,0.832904
6002.0,106.0,0.988133
6002.0,107.0,0.661614
6002.0,108.0,0.46848
6002.0,109.0,0.397076
6002.0,110.0,1.0
6002.0,111.0,0.480158
6002.0,112.0,0.691464
6002.0,113.0,0.214302
6002.0,114.0,1.0
6002.0,115.0,0.999573
6002.0,116.0,1.0
6002.0,117.0,0.0
6002.0,118.0,0.504537
6002.0,119.0,1.0
6002.0,120.0,1.0
6002.0,121.0,0.470055
6002.0,122.0,0.14713
6002.0,123.0,0.287094
6002.0,124.0,0.279315
6002.0,125.0,0.431831
6002.0,126.0,0.697216
6002.0,127.0,0.132438
6002.0,128.0,0.553592
6002.0,129.0,0.560233
6002.0,130.0,0.404296
6002.0,131.0,0.423351
6002.0,132.0,0.683311
6002.0,133.0,0.64854
6002.0,134.0,0.208101
6002.0,135.0,0.622295
6002.0,136.0,0.53002
6002.0,137.0,0.527004
6002.0,138.0,0.0
6002.0,139.0,0.419708
6002.0,140.0,0.296063
6002.0,141.0,0.316626
6002.0,142.0,1.0
6002.0,143.0,0.437018
6002.0,144.0,0.456682
6002.0,145.0,0.288723
6002.0,146.0,0.0
6002.0,147.0,1.0
6003.0,0.0,0.386962
6003.0,1.0,1.0
6003.0,2.0,0.0
6003.0,3.0,1.0
6003.0,4.0,0.695426
6003.0,5.0,0.541385
6003.0,6.0,0.492525
6003.0,7.0,0.624234
6003.0,8.0,0.966891
6003.0,9.0,0.740963
6003.0,10.0,0.319617
6003.0,11.0,0.445266
6003.0,12.0,0.361151
6003.0,13.0,0.995083
6003.0,14.0,0.393251
6003.0,15.0,0.40527
6003.0,16.0,0.153814
6003.0,17.0,0.13717
6003.0,18.0,0.0
6003.0,19.0,0.358147
6003.0,20.0,1.0
6003.0,21.0,0.806077
6003.0,22.0,0.08766
6003.0,23.0,0.0
6003.0,24.0,0.267443
6003.0,25.0,0.258689
6003.0,26.0,0.782268
6003.0,27.0,1.0
6003.0,28.0,0.560037
6003.0,29.0,1.0
6003.0,30.0,1.0
6003.0,31.0,0.534911
6003.0,32.0,0.0
6003.0,33.0,0.905859
6003.0,34.0,0.871924
6003.0,35.0,0.597503
6003.0,36.0,0.882781
6003.0,37.0,0.000376
6003.0,38.0,0.637363
6003.0,39.0,0.554789
6003.0,40.0,0.922438
6003.0,41.0,0.600349
6003.0,42.0,0.497724
6003.0,43.0,0.064882
6003.0,44.0,1.0
6003.0,45.0,0.70868
6003.0,46.0,0.408448
6003.0,47.0,0.654628
6003.0,48.0,1.0
6003.0,49.0,0.554917
6003.0,50.0,0.429362
6003.0,51.0,1.0
6003.0,52.0,0.681806
6003.0,53.0,0.7485
6003.0,54.0,0.006351
6003.0,55.0,0.632856
6003.0,56.0,1.0
6003.0,57.0,0.52562
6003.0,58.0,0.686323
6003.0,59.0,0.720292
6003.0,60.0,0.535202
6003.0,61.0,0.538215
6003.0,62.0,1.0
6003.0,63.0,0.0
6003.0,64.0,0.637841
6003.0,65.0,0.434965
6003.0,66.0,0.763297
6003.0,67.0,0.431575
6003.0,68.0,0.401577
6003.0,69.0,0.355301
6003.0,70.0,0.976394
6003.0,71.0,0.296898
6003.0,72.0,0.214522
6003.0,73.0,0.728128
6003.0,74.0,0.637914
6003.0,75.0,1.0
6003.0,76.0,1.0
6003.0,77.0,0.124445
6003.0,78.0,0.014356
6003.0,79.0,0.880698
6003.0,80.0,0.942045
6003.0,81.0,0.55848
6003.0,82.0,0.107638
6003.0,83.0,0.108138
6003.0,84.0,0.403466
6003.0,85.0,0.0
6003.0,86.0,0.6344
6003.0,87.0,0.747061
6003.0,88.0,0.000173
6003.0,89.0,0.432079
6003.0,90.0,0.0
6003.0,91.0,0.593553
6003.0,92.0,0.435477
6003.0,93.0,0.698266
6003.0,94.0,0.812545
6003.0,95.0,0.482995
6003.0,96.0,1.0
6003.0,97.0,0.501344
6003.0,98.0,0.533262
6003.0,99.0,0.0
6003.0,100.0,0.642248
6003.0,101.0,1.0
6003.0,102.0,0.448463
6003.0,103.0,0.258519
6003.0,104.0,0.448275
6003.0,105.0,0.839027
6003.0,106.0,0.988086
6003.0,107.0,0.663237
6003.0,108.0,0.480012
6003.0,109.0,0.397163
6003.0,110.0,1.0
6003.0,111.0,0.48968
6003.0,112.0,0.753502
6003.0,113.0,0.22214
6003.0,114.0,1.0
6003.0,115.0,0.999574
6003.0,116.0,1.0
6003.0,117.0,0.0
6003.0,118.0,0.527038
6003.0,119.0,1.0
6003.0,120.0,1.0
6003.0,121.0,0.499111
6003.0,122.0,0.14808
6003.0,123.0,0.291408
6003.0,124.0,0.283183
6003.0,125.0,0.452586
6003.0,126.0,0.700877
6003.0,127.0,0.139728
6003.0,128.0,0.53559
6003.0,129.0,0.576112
6003.0,130.0,0.405905
6003.0,131.0,0.427577
6003.0,132.0,0.691047
6003.0,133.0,0.652965
6003.0,134.0,0.212127
6003.0,135.0,0.629372
6003.0,136.0,0.53823
6003.0,137.0,0.555338
6003.0,138.0,0.0
6003.0,139.0,0.43637
6003.0,140.0,0.302044
6003.0,141.0,0.320319
6003.0,142.0,1.0
6003.0,143.0,0.443561
6003.0,144.0,0.463847
6003.0,145.0,0.299698
6003.0,146.0,0.0
6003.0,147.0,1.0
6004.0,0.0,0.391456
6004.0,1.0,1.0
6004.0,2.0,0.0
6004.0,3.0,1.0
6004.0,4.0,0.699432
6004.0,5.0,0.544426
6004.0,6.0,0.534101
6004.0,7.0,0.635638
6004.0,8.0,0.967156
6004.0,9.0,0.747561
6004.0,10.0,0.324751
6004.0,11.0,0.450786
6004.0,12.0,0.360729
6004.0,13.0,0.995422
6004.0,14.0,0.404247
6004.0,15.0,0.451475
6004.0,16.0,0.167162
6004.0,17.0,0.140529
6004.0,18.0,0.0
6004.0,19.0,0.358637
6004.0,20.0,1.0
6004.0,21.0,0.808895
6004.0,22.0,0.09828
6004.0,23.0,0.0
6004.0,24.0,0.277748
6004.0,25.0,0.259454
6004.0,26.0,0.786952
6004.0,27.0,1.0
6004.0,28.0,0.561365
6004.0,29.0,1.0
6004.0,30.0,1.0
6004.0,31.0,0.539991
6004.0,32.0,0.0
6004.0,33.0,0.906959
6004.0,34.0,0.880216
6004.0,35.0,0.615857
6004.0,36.0,0.887076
6004.0,37.0,0.000371
6004.0,38.0,0.651596
6004.0,39.0,0.557562
6004.0,40.0,0.922894
6004.0,41.0,0.604031
6004.0,42.0,0.502521
6004.0,43.0,0.066167
6004.0,44.0,1.0
6004.0,45.0,0.711279
6004.0,46.0,0.419748
6004.0,47.0,0.665182
6004.0,48.0,1.0
6004.0,49.0,0.559983
6004.0,50.0,0.446251
6004.0,51.0,1.0
6004.0,52.0,0.699661
6004.0,53.0,0.751491
6004.0,54.0,0.00632
6004.0,55.0,0.638366
6004.0,56.0,1.0
6004.0,57.0,0.531545
6004.0,58.0,0.691309
6004.0,59.0,0.723135
6004.0,60.0,0.540493
6004.0,61.0,0.544874
6004.0,62.0,1.0
6004.0,63.0,0.0
6004.0,64.0,0.638594
6004.0,65.0,0.441429
6004.0,66.0,0.770741
6004.0,67.0,0.445824
6004.0,68.0,0.417427
6004.0,69.0,0.381826
6004.0,70.0,0.976679
6004.0,71.0,0.307729
6004.0,72.0,0.231758
6004.0,73.0,0.743811
6004.0,74.0,0.640028
6004.0,75.0,1.0
6004.0,76.0,1.0
6004.0,77.0,0.126601
6004.0,78.0,0.014633
6004.0,79.0,0.881691
6004.0,80.0,0.942544
6004.0,81.0,0.562265
6004.0,82.0,0.113016
6004.0,83.0,0.108729
6004.0,84.0,0.414055
6004.0,85.0,0.0
6004.0,86.0,0.644477
6004.0,87.0,0.755441
6004.0,88.0,0.000177
6004.0,89.0,0.438249
6004.0,90.0,0.0
6004.0,91.0,0.611325
6004.0,92.0,0.442503
6004.0,93.0,0.713163
6004.0,94.0,0.817361
6004.0,95.0,0.491972
6004.0,96.0,1.0
6004.0,97.0,0.508976
6004.0,98.0,0.534349
6004.0,99.0,0.0
6004.0,100.0,0.648411
6004.0,101.0,1.0
6004.0,102.0,0.461238
6004.0,103.0,0.265297
6004.0,104.0,0.45451
6004.0,105.0,0.845353
6004.0,106.0,0.988341
6004.0,107.0,0.664935
6004.0,108.0,0.491432
6004.0,109.0,0.397156
6004.0,110.0,1.0
6004.0,111.0,0.498707
6004.0,112.0,0.796956
6004.0,113.0,0.228611
6004.0,114.0,1.0
6004.0,115.0,0.999601
6004.0,116.0,1.0
6004.0,117.0,0.0
6004.0,118.0,0.550358
6004.0,119.0,1.0
6004.0,120.0,1.0
6004.0,121.0,0.527969
6004.0,122.0,0.149702
6004.0,123.0,0.294532
6004.0,124.0,0.287154
6004.0,125.0,0.472446
6004.0,126.0,0.704496
6004.0,127.0,0.146833
6004.0,128.0,0.527669
6004.0,129.0,0.592791
6004.0,130.0,0.406494
6004.0,131.0,0.430746
6004.0,132.0,0.699644
6004.0,133.0,0.656624
6004.0,134.0,0.216541
6004.0,135.0,0.635004
6004.0,136.0,0.546233
6004.0,137.0,0.58277
6004.0,138.0,0.0
6004.0,139.0,0.452427
6004.0,140.0,0.309127
6004.0,141.0,0.322898
6004.0,142.0,1.0
6004.0,143.0,0.449185
6004.0,144.0,0.470003
6004.0,145.0,0.308871
6004.0,146.0,0.0
6004.0,147.0,1.0
6005.0,0.0,0.396477
6005.0,1.0,1.0
6005.0,2.0,0.0
6005.0,3.0,1.0
6005.0,4.0,0.704118
6005.0,5.0,0.545412
6005.0,6.0,0.574973
6005.0,7.0,0.646284
6005.0,8.0,0.9672
6005.0,9.0,0.7544
6005.0,10.0,0.330049
6005.0,11.0,0.456477
6005.0,12.0,0.360153
6005.0,13.0,0.995627
6005.0,14.0,0.415335
6005.0,15.0,0.495136
6005.0,16.0,0.181518
6005.0,17.0,0.143583
6005.0,18.0,0.0
6005.0,19.0,0.358589
6005.0,20.0,1.0
6005.0,21.0,0.811654
6005.0,22.0,0.109589
6005.0,23.0,0.0
6005.0,24.0,0.288336
6005.0,25.0,0.260524
6005.0,26.0,0.791251
6005.0,27.0,1.0
6005.0,28.0,0.56226
6005.0,29.0,1.0
6005.0,30.0,1.0
6005.0,31.0,0.546165
6005.0,32.0,0.0
6005.0,33.0,0.908539
6005.0,34.0,0.888164
6005.0,35.0,0.633705
6005.0,36.0,0.891233
6005.0,37.0,0.000361
6005.0,38.0,0.66528
6005.0,39.0,0.560945
6005.0,40.0,0.924087
6005.0,41.0,0.6078
6005.0,42.0,0.506846
6005.0,43.0,0.067178
6005.0,44.0,1.0
6005.0,45.0,0.713215
6005.0,46.0,0.430149
6005.0,47.0,0.675233
6005.0,48.0,1.0
6005.0,49.0,0.566021
6005.0,50.0,0.462803
6005.0,51.0,1.0
6005.0,52.0,0.715534
6005.0,53.0,0.754725
6005.0,54.0,0.006417
6005.0,55.0,0.643766
6005.0,56.0,1.0
6005.0,57.0,0.537417
6005.0,58.0,0.695092
6005.0,59.0,0.725603
6005.0,60.0,0.545163
6005.0,61.0,0.552655
6005.0,62.0,1.0
6005.0,63.0,0.0
6005.0,64.0,0.640374
6005.0,65.0,0.447388
6005.0,66.0,0.778373
6005.0,67.0,0.462687
6005.0,68.0,0.433591
6005.0,69.0,0.40867
6005.0,70.0,0.976811
6005.0,71.0,0.318779
6005.0,72.0,0.249832
6005.0,73.0,0.759386
6005.0,74.0,0.642007
6005.0,75.0,1.0
6005.0,76.0,1.0
6005.0,77.0,0.128988
6005.0,78.0,0.014937
6005.0,79.0,0.882448
6005.0,80.0,0.943099
6005.0,81.0,0.565276
6005.0,82.0,0.118254
6005.0,83.0,0.109055
6005.0,84.0,0.423952
6005.0,85.0,0.0
6005.0,86.0,0.654477
6005.0,87.0,0.763554
6005.0,88.0,0.000206
6005.0,89.0,0.444397
6005.0,90.0,0.0
6005.0,91.0,0.628813
6005.0,92.0,0.449249
6005.0,93.0,0.727891
6005.0,94.0,0.822614
6005.0,95.0,0.500776
6005.0,96.0,1.0
6005.0,97.0,0.51714
6005.0,98.0,0.534818
6005.0,99.0,0.0
6005.0,100.0,0.65483
6005.0,101.0,1.0
6005.0,102.0,0.474469
6005.0,103.0,0.272179
6005.0,104.0,0.460823
6005.0,105.0,0.851042
6005.0,106.0,0.988256
6005.0,107.0,0.66647
6005.0,108.0,0.502782
6005.0,109.0,0.39672
6005.0,110.0,1.0
6005.0,111.0,0.508067
6005.0,112.0,0.828821
6005.0,113.0,0.235136
6005.0,114.0,1.0
6005.0,115.0,0.999577
6005.0,116.0,1.0
6005.0,117.0,0.0
6005.0,118.0,0.574639
6005.0,119.0,1.0
6005.0,120.0,1.0
6005.0,121.0,0.553285
6005.0,122.0,0.150574
6005.0,123.0,0.298918
6005.0,124.0,0.291023
6005.0,125.0,0.49221
6005.0,126.0,0.709263
6005.0,127.0,0.153854
6005.0,128.0,0.5259
6005.0,129.0,0.608673
6005.0,130.0,0.406767
6005.0,131.0,0.434471
6005.0,132.0,0.708225
6005.0,133.0,0.660069
6005.0,134.0,0.219608
6005.0,135.0,0.640438
6005.0,136.0,0.554631
6005.0,137.0,0.608074
6005.0,138.0,0.0
6005.0,139.0,0.46831
6005.0,140.0,0.315665
6005.0,141.0,0.326119
6005.0,142.0,1.0
6005.0,143.0,0.454722
6005.0,144.0,0.47578
6005.0,145.0,0.320057
6005.0,146.0,0.0
6005.0,147.0,1.0
6006.0,0.0,0.392207
6006.0,1.0,1.0
6006.0,2.0,0.0
6006.0,3.0,1.0
6006.0,4.0,0.699189
6006.0,5.0,0.542792
6006.0,6.0,0.524884
6006.0,7.0,0.635574
6006.0,8.0,0.966913
6006.0,9.0,0.747894
6006.0,10.0,0.325055
6006.0,11.0,0.449757
6006.0,12.0,0.358508
6006.0,13.0,0.995455
6006.0,14.0,0.404377
6006.0,15.0,0.43972
6006.0,16.0,0.164885
6006.0,17.0,0.140305
6006.0,18.0,0.0
6006.0,19.0,0.358401
6006.0,20.0,1.0
6006.0,21.0,0.808324
6006.0,22.0,0.097423
6006.0,23.0,0.0
6006.0,24.0,0.276483
6006.0,25.0,0.259335
6006.0,26.0,0.786771
6006.0,27.0,1.0
6006.0,28.0,0.561236
6006.0,29.0,1.0
6006.0,30.0,1.0
6006.0,31.0,0.540865
6006.0,32.0,0.0
6006.0,33.0,0.907201
6006.0,34.0,0.87938
6006.0,35.0,0.612692
6006.0,36.0,0.887207
6006.0,37.0,0.000344
6006.0,38.0,0.649328
6006.0,39.0,0.557558
6006.0,40.0,0.923308
6006.0,41.0,0.602682
6006.0,42.0,0.5014
6006.0,43.0,0.065527
6006.0,44.0,1.0
6006.0,45.0,0.711511
6006.0,46.0,0.418293
6006.0,47.0,0.664261
6006.0,48.0,1.0
6006.0,49.0,0.559711
6006.0,50.0,0.445075
6006.0,51.0,1.0
6006.0,52.0,0.696337
6006.0,53.0,0.750589
6006.0,54.0,0.006445
6006.0,55.0,0.637024
6006.0,56.0,1.0
6006.0,57.0,0.532089
6006.0,58.0,0.690609
6006.0,59.0,0.722372
6006.0,60.0,0.540242
6006.0,61.0,0.544679
6006.0,62.0,1.0
6006.0,63.0,0.0
6006.0,64.0,0.638618
6006.0,65.0,0.440803
6006.0,66.0,0.770831
6006.0,67.0,0.450304
6006.0,68.0,0.415435
6006.0,69.0,0.375206
6006.0,70.0,0.97683
6006.0,71.0,0.306403
6006.0,72.0,0.229115
6006.0,73.0,0.742658
6006.0,74.0,0.639366
6006.0,75.0,1.0
6006.0,76.0,1.0
6006.0,77.0,0.12613
6006.0,78.0,0.014642
6006.0,79.0,0.881903
6006.0,80.0,0.941977
6006.0,81.0,0.562179
6006.0,82.0,0.112561
6006.0,83.0,0.108287
6006.0,84.0,0.410467
6006.0,85.0,0.0
6006.0,86.0,0.643213
6006.0,87.0,0.755989
6006.0,88.0,0.000196
6006.0,89.0,0.437568
6006.0,90.0,0.0
6006.0,91.0,0.608351
6006.0,92.0,0.442783
6006.0,93.0,0.710619
6006.0,94.0,0.817419
6006.0,95.0,0.491182
6006.0,96.0,1.0
6006.0,97.0,0.508647
6006.0,98.0,0.534313
6006.0,99.0,0.0
6006.0,100.0,0.647316
6006.0,101.0,1.0
6006.0,102.0,0.459761
6006.0,103.0,0.264474
6006.0,104.0,0.452688
6006.0,105.0,0.845156
6006.0,106.0,0.987879
6006.0,107.0,0.664736
6006.0,108.0,0.490284
6006.0,109.0,0.397345
6006.0,110.0,1.0
6006.0,111.0,0.497789
6006.0,112.0,0.752784
6006.0,113.0,0.227409
6006.0,114.0,1.0
6006.0,115.0,0.999544
6006.0,116.0,1.0
6006.0,117.0,0.0
6006.0,118.0,0.549604
6006.0,119.0,1.0
6006.0,120.0,1.0
6006.0,121.0,0.51849
6006.0,122.0,0.149633
6006.0,123.0,0.295141
6006.0,124.0,0.285985
6006.0,125.0,0.470688
6006.0,126.0,0.705004
6006.0,127.0,0.146502
6006.0,128.0,0.549491
6006.0,129.0,0.593099
6006.0,130.0,0.406173
6006.0,131.0,0.430202
6006.0,132.0,0.697582
6006.0,133.0,0.657091
6006.0,134.0,0.215869
6006.0,135.0,0.63391
6006.0,136.0,0.546771
6006.0,137.0,0.576625
6006.0,138.0,0.0
6006.0,139.0,0.450465
6006.0,140.0,0.307793
6006.0,141.0,0.32322
6006.0,142.0,1.0
6006.0,143.0,0.448647
6006.0,144.0,0.469013
6006.0,145.0,0.307296
6006.0,146.0,0.0
6006.0,147.0,1.0
6007.0,0.0,0.38749
6007.0,1.0,1.0
6007.0,2.0,0.0
6007.0,3.0,1.0
6007.0,4.0,0.69476
6007.0,5.0,0.540214
6007.0,6.0,0.478565
6007.0,7.0,0.624432
6007.0,8.0,0.966678
6007.0,9.0,0.740704
6007.0,10.0,0.319771
6007.0,11.0,0.442947
6007.0,12.0,0.359019
6007.0,13.0,0.995428
6007.0,14.0,0.394149
6007.0,15.0,0.388328
6007.0,16.0,0.151195
6007.0,17.0,0.137178
6007.0,18.0,0.0
6007.0,19.0,0.357943
6007.0,20.0,1.0
6007.0,21.0,0.805736
6007.0,22.0,0.086335
6007.0,23.0,0.0
6007.0,24.0,0.265967
6007.0,25.0,0.258384
6007.0,26.0,0.782716
6007.0,27.0,1.0
6007.0,28.0,0.560055
6007.0,29.0,1.0
6007.0,30.0,1.0
6007.0,31.0,0.535261
6007.0,32.0,0.0
6007.0,33.0,0.906329
6007.0,34.0,0.870326
6007.0,35.0,0.591582
6007.0,36.0,0.882554
6007.0,37.0,0.000283
6007.0,38.0,0.63338
6007.0,39.0,0.553789
6007.0,40.0,0.922358
6007.0,41.0,0.598063
6007.0,42.0,0.497149
6007.0,43.0,0.065004
6007.0,44.0,1.0
6007.0,45.0,0.709769
6007.0,46.0,0.406906
6007.0,47.0,0.652667
6007.0,48.0,1.0
6007.0,49.0,0.554264
6007.0,50.0,0.428
6007.0,51.0,1.0
6007.0,52.0,0.676929
6007.0,53.0,0.747216
6007.0,54.0,0.00647
6007.0,55.0,0.632564
6007.0,56.0,1.0
6007.0,57.0,0.527071
6007.0,58.0,0.687577
6007.0,59.0,0.720108
6007.0,60.0,0.534084
6007.0,61.0,0.537599
6007.0,62.0,1.0
6007.0,63.0,0.0
6007.0,64.0,0.63686
6007.0,65.0,0.434646
6007.0,66.0,0.762618
6007.0,67.0,0.439097
6007.0,68.0,0.398244
6007.0,69.0,0.346184
6007.0,70.0,0.976663
6007.0,71.0,0.29532
6007.0,72.0,0.210882
6007.0,73.0,0.725264
6007.0,74.0,0.637068
6007.0,75.0,1.0
6007.0,76.0,1.0
6007.0,77.0,0.12399
6007.0,78.0,0.014125
6007.0,79.0,0.88153
6007.0,80.0,0.940791
6007.0,81.0,0.558583
6007.0,82.0,0.107585
6007.0,83.0,0.108607
6007.0,84.0,0.39871
6007.0,85.0,0.0
6007.0,86.0,0.632939
6007.0,87.0,0.747665
6007.0,88.0,0.000156
6007.0,89.0,0.431846
6007.0,90.0,0.0
6007.0,91.0,0.589114
6007.0,92.0,0.435812
6007.0,93.0,0.693925
6007.0,94.0,0.812146
6007.0,95.0,0.482135
6007.0,96.0,1.0
6007.0,97.0,0.500508
6007.0,98.0,0.534096
6007.0,99.0,0.0
6007.0,100.0,0.641073
6007.0,101.0,1.0
6007.0,102.0,0.445512
6007.0,103.0,0.257664
6007.0,104.0,0.445355
6007.0,105.0,0.837815
6007.0,106.0,0.987458
6007.0,107.0,0.663662
6007.0,108.0,0.477961
6007.0,109.0,0.395918
6007.0,110.0,1.0
6007.0,111.0,0.488013
6007.0,112.0,0.670674
6007.0,113.0,0.220644
6007.0,114.0,1.0
6007.0,115.0,0.999549
6007.0,116.0,1.0
6007.0,117.0,0.0
6007.0,118.0,0.525845
6007.0,119.0,1.0
6007.0,120.0,1.0
6007.0,121.0,0.487019
6007.0,122.0,0.147858
6007.0,123.0,0.290636
6007.0,124.0,0.280696
6007.0,125.0,0.449646
6007.0,126.0,0.700726
6007.0,127.0,0.139691
6007.0,128.0,0.577488
6007.0,129.0,0.576517
6007.0,130.0,0.403981
6007.0,131.0,0.425123
6007.0,132.0,0.688535
6007.0,133.0,0.653012
6007.0,134.0,0.211091
6007.0,135.0,0.627048
6007.0,136.0,0.538272
6007.0,137.0,0.546881
6007.0,138.0,0.0
6007.0,139.0,0.433612
6007.0,140.0,0.300809
6007.0,141.0,0.319695
6007.0,142.0,1.0
6007.0,143.0,0.442826
6007.0,144.0,0.461284
6007.0,145.0,0.296288
6007.0,146.0,0.0
6007.0,147.0,1.0
6008.0,0.0,0.382594
6008.0,1.0,1.0
6008.0,2.0,0.0
6008.0,3.0,1.0
6008.0,4.0,0.691142
6008.0,5.0,0.537893
6008.0,6.0,0.437206
6008.0,7.0,0.613084
6008.0,8.0,0.966417
6008.0,9.0,0.733212
6008.0,10.0,0.315836
6008.0,11.0,0.436454
6008.0,12.0,0.358778
6008.0,13.0,0.995182
6008.0,14.0,0.382829
6008.0,15.0,0.342468
6008.0,16.0,0.139251
6008.0,17.0,0.134707
6008.0,18.0,0.0
6008.0,19.0,0.356837
6008.0,20.0,1.0
6008.0,21.0,0.803044
6008.0,22.0,0.0767
6008.0,23.0,0.0
6008.0,24.0,0.255668
6008.0,25.0,0.256386
6008.0,26.0,0.777941
6008.0,27.0,1.0
6008.0,28.0,0.560278
6008.0,29.0,1.0
6008.0,30.0,1.0
6008.0,31.0,0.528437
6008.0,32.0,0.0
6008.0,33.0,0.905188
6008.0,34.0,0.861033
6008.0,35.0,0.571406
6008.0,36.0,0.87767
6008.0,37.0,0.000228
6008.0,38.0,0.617957
6008.0,39.0,0.550232
6008.0,40.0,0.92151
6008.0,41.0,0.593952
6008.0,42.0,0.491642
6008.0,43.0,0.064177
6008.0,44.0,1.0
6008.0,45.0,0.707071
6008.0,46.0,0.395564
6008.0,47.0,0.642202
6008.0,48.0,1.0
6008.0,49.0,0.550123
6008.0,50.0,0.412052
6008.0,51.0,1.0
6008.0,52.0,0.658141
6008.0,53.0,0.743708
6008.0,54.0,0.006501
6008.0,55.0,0.627203
6008.0,56.0,1.0
6008.0,57.0,0.521459
6008.0,58.0,0.683673
6008.0,59.0,0.716752
6008.0,60.0,0.528727
6008.0,61.0,0.530896
6008.0,62.0,1.0
6008.0,63.0,0.0
6008.0,64.0,0.634923
6008.0,65.0,0.429048
6008.0,66.0,0.755097
6008.0,67.0,0.429467
6008.0,68.0,0.380224
6008.0,69.0,0.320518
6008.0,70.0,0.976499
6008.0,71.0,0.284968
6008.0,72.0,0.194157
6008.0,73.0,0.707699
6008.0,74.0,0.63463
6008.0,75.0,1.0
6008.0,76.0,1.0
6008.0,77.0,0.122245
6008.0,78.0,0.013856
6008.0,79.0,0.881113
6008.0,80.0,0.939879
6008.0,81.0,0.555548
6008.0,82.0,0.103314
6008.0,83.0,0.108367
6008.0,84.0,0.386595
6008.0,85.0,0.0
6008.0,86.0,0.621976
6008.0,87.0,0.738477
6008.0,88.0,0.00014
6008.0,89.0,0.426073
6008.0,90.0,0.0
6008.0,91.0,0.569443
6008.0,92.0,0.428559
6008.0,93.0,0.676258
6008.0,94.0,0.807975
6008.0,95.0,0.473804
6008.0,96.0,1.0
6008.0,97.0,0.493138
6008.0,98.0,0.533388
6008.0,99.0,0.0
6008.0,100.0,0.634319
6008.0,101.0,1.0
6008.0,102.0,0.430961
6008.0,103.0,0.250664
6008.0,104.0,0.437883
6008.0,105.0,0.830704
6008.0,106.0,0.987154
6008.0,107.0,0.662297
6008.0,108.0,0.466311
6008.0,109.0,0.396303
6008.0,110.0,1.0
6008.0,111.0,0.478516
6008.0,112.0,0.590162
6008.0,113.0,0.213563
6008.0,114.0,1.0
6008.0,115.0,0.999578
6008.0,116.0,1.0
6008.0,117.0,0.0
6008.0,118.0,0.502976
6008.0,119.0,1.0
6008.0,120.0,1.0
6008.0,121.0,0.457576
6008.0,122.0,0.146467
6008.0,123.0,0.287573
6008.0,124.0,0.276224
6008.0,125.0,0.429922
6008.0,126.0,0.696456
6008.0,127.0,0.133139
6008.0,128.0,0.605801
6008.0,129.0,0.560134
6008.0,130.0,0.40431
6008.0,131.0,0.420641
6008.0,132.0,0.679525
6008.0,133.0,0.649951
6008.0,134.0,0.207547
6008.0,135.0,0.62104
6008.0,136.0,0.53081
6008.0,137.0,0.519398
6008.0,138.0,0.0
6008.0,139.0,0.418468
6008.0,140.0,0.295263
6008.0,141.0,0.31633
6008.0,142.0,1.0
6008.0,143.0,0.436063
6008.0,144.0,0.454369
6008.0,145.0,0.285834
6008.0,146.0,0.0
6008.0,147.0,1.0
6009.0,0.0,0.377262
6009.0,1.0,1.0
6009.0,2.0,0.0
6009.0,3.0,1.0
6009.0,4.0,0.688125
6009.0,5.0,0.53568
6009.0,6.0,0.399442
6009.0,7.0,0.603368
6009.0,8.0,0.966218
6009.0,9.0,0.726474
6009.0,10.0,0.311078
6009.0,11.0,0.429551
6009.0,12.0,0.358507
6009.0,13.0,0.995098
6009.0,14.0,0.37291
6009.0,15.0,0.299262
6009.0,16.0,0.128414
6009.0,17.0,0.131978
6009.0,18.0,0.0
6009.0,19.0,0.355487
6009.0,20.0,1.0
6009.0,21.0,0.80047
6009.0,22.0,0.067627
6009.0,23.0,0.0
6009.0,24.0,0.246192
6009.0,25.0,0.255313
6009.0,26.0,0.77286
6009.0,27.0,1.0
6009.0,28.0,0.558211
6009.0,29.0,1.0
6009.0,30.0,1.0
6009.0,31.0,0.522524
6009.0,32.0,0.0
6009.0,33.0,0.904634
6009.0,34.0,0.851643
6009.0,35.0,0.551224
6009.0,36.0,0.873177
6009.0,37.0,0.00021
6009.0,38.0,0.603936
6009.0,39.0,0.547139
6009.0,40.0,0.920768
6009.0,41.0,0.589164
6009.0,42.0,0.486498
6009.0,43.0,0.063614
6009.0,44.0,1.0
6009.0,45.0,0.705089
6009.0,46.0,0.384764
6009.0,47.0,0.630225
6009.0,48.0,1.0
6009.0,49.0,0.544667
6009.0,50.0,0.396328
6009.0,51.0,1.0
6009.0,52.0,0.639706
6009.0,53.0,0.740657
6009.0,54.0,0.006464
6009.0,55.0,0.621831
6009.0,56.0,1.0
6009.0,57.0,0.514874
6009.0,58.0,0.679725
6009.0,59.0,0.713466
6009.0,60.0,0.523819
6009.0,61.0,0.524608
6009.0,62.0,1.0
6009.0,63.0,0.0
6009.0,64.0,0.633595
6009.0,65.0,0.422014
6009.0,66.0,0.747218
6009.0,67.0,0.419282
6009.0,68.0,0.363003
6009.0,69.0,0.298132
6009.0,70.0,0.976377
6009.0,71.0,0.274426
6009.0,72.0,0.178378
6009.0,73.0,0.689714
6009.0,74.0,0.630785
6009.0,75.0,1.0
6009.0,76.0,1.0
6009.0,77.0,0.121172
6009.0,78.0,0.013415
6009.0,79.0,0.880296
6009.0,80.0,0.938509
6009.0,81.0,0.551896
6009.0,82.0,0.098828
6009.0,83.0,0.107871
6009.0,84.0,0.375564
6009.0,85.0,0.0
6009.0,86.0,0.610633
6009.0,87.0,0.729649
6009.0,88.0,0.000132
6009.0,89.0,0.421083
6009.0,90.0,0.0
6009.0,91.0,0.550223
6009.0,92.0,0.42191
6009.0,93.0,0.659626
6009.0,94.0,0.803185
6009.0,95.0,0.464314
6009.0,96.0,1.0
6009.0,97.0,0.485613
6009.0,98.0,0.532991
6009.0,99.0,0.0
6009.0,100.0,0.627621
6009.0,101.0,1.0
6009.0,102.0,0.418402
6009.0,103.0,0.244367
6009.0,104.0,0.432395
6009.0,105.0,0.822988
6009.0,106.0,0.986907
6009.0,107.0,0.66066
6009.0,108.0,0.455573
6009.0,109.0,0.396779
6009.0,110.0,1.0
6009.0,111.0,0.467573
6009.0,112.0,0.517522
6009.0,113.0,0.206848
6009.0,114.0,1.0
6009.0,115.0,0.999605
6009.0,116.0,1.0
6009.0,117.0,0.0
6009.0,118.0,0.48125
6009.0,119.0,1.0
6009.0,120.0,1.0
6009.0,121.0,0.431595
6009.0,122.0,0.144902
6009.0,123.0,0.283588
6009.0,124.0,0.272668
6009.0,125.0,0.410477
6009.0,126.0,0.69182
6009.0,127.0,0.126758
6009.0,128.0,0.631434
6009.0,129.0,0.545275
6009.0,130.0,0.403185
6009.0,131.0,0.416221
6009.0,132.0,0.669941
6009.0,133.0,0.645355
6009.0,134.0,0.204051
6009.0,135.0,0.613514
6009.0,136.0,0.522511
6009.0,137.0,0.492675
6009.0,138.0,0.0
6009.0,139.0,0.404348
6009.0,140.0,0.289107
6009.0,141.0,0.312823
6009.0,142.0,1.0
6009.0,143.0,0.429889
6009.0,144.0,0.447655
6009.0,145.0,0.276269
6009.0,146.0,0.0
6009.0,147.0,1.0
6010.0,0.0,0.373924
6010.0,1.0,1.0
6010.0,2.0,0.0
6010.0,3.0,1.0
6010.0,4.0,0.684649
6010.0,5.0,0.534518
6010.0,6.0,0.364621
6010.0,7.0,0.591623
6010.0,8.0,0.965989
6010.0,9.0,0.720211
6010.0,10.0,0.307441
6010.0,11.0,0.423355
6010.0,12.0,0.358571
6010.0,13.0,0.994889
6010.0,14.0,0.362782
6010.0,15.0,0.260895
6010.0,16.0,0.118923
6010.0,17.0,0.129843
6010.0,18.0,0.0
6010.0,19.0,0.354368
6010.0,20.0,1.0
6010.0,21.0,0.797447
6010.0,22.0,0.05993
6010.0,23.0,0.0
6010.0,24.0,0.237232
6010.0,25.0,0.25373
6010.0,26.0,0.768599
6010.0,27.0,1.0
6010.0,28.0,0.556634
6010.0,29.0,1.0
6010.0,30.0,1.0
6010.0,31.0,0.516215
6010.0,32.0,0.0
6010.0,33.0,0.904111
6010.0,34.0,0.841087
6010.0,35.0,0.531623
6010.0,36.0,0.869235
6010.0,37.0,0.000195
6010.0,38.0,0.589164
6010.0,39.0,0.544026
6010.0,40.0,0.919769
6010.0,41.0,0.5857
6010.0,42.0,0.481349
6010.0,43.0,0.062938
6010.0,44.0,1.0
6010.0,45.0,0.703477
6010.0,46.0,0.375003
6010.0,47.0,0.619204
6010.0,48.0,1.0
6010.0,49.0,0.540036
6010.0,50.0,0.381478
6010.0,51.0,1.0
6010.0,52.0,0.620709
6010.0,53.0,0.737513
6010.0,54.0,0.006371
6010.0,55.0,0.615994
6010.0,56.0,1.0
6010.0,57.0,0.509159
6010.0,58.0,0.675617
6010.0,59.0,0.709616
6010.0,60.0,0.51761
6010.0,61.0,0.517255
6010.0,62.0,1.0
6010.0,63.0,0.0
6010.0,64.0,0.632734
6010.0,65.0,0.416031
6010.0,66.0,0.739325
6010.0,67.0,0.408795
6010.0,68.0,0.347043
6010.0,69.0,0.278414
6010.0,70.0,0.97618
6010.0,71.0,0.264256
6010.0,72.0,0.163634
6010.0,73.0,0.670536
6010.0,74.0,0.627426
6010.0,75.0,1.0
6010.0,76.0,1.0
6010.0,77.0,0.119956
6010.0,78.0,0.013027
6010.0,79.0,0.879453
6010.0,80.0,0.937392
6010.0,81.0,0.547905
6010.0,82.0,0.094434
6010.0,83.0,0.107873
6010.0,84.0,0.366516
6010.0,85.0,0.0
6010.0,86.0,0.599983
6010.0,87.0,0.720166
6010.0,88.0,0.000131
6010.0,89.0,0.415357
6010.0,90.0,0.0
6010.0,91.0,0.531441
6010.0,92.0,0.414404
6010.0,93.0,0.642488
6010.0,94.0,0.797555
6010.0,95.0,0.455564
6010.0,96.0,1.0
6010.0,97.0,0.478006
6010.0,98.0,0.532288
6010.0,99.0,0.0
6010.0,100.0,0.621386
6010.0,101.0,1.0
6010.0,102.0,0.406526
6010.0,103.0,0.238924
6010.0,104.0,0.425429
6010.0,105.0,0.815652
6010.0,106.0,0.986781
6010.0,107.0,0.659545
6010.0,108.0,0.445333
6010.0,109.0,0.39569
6010.0,110.0,1.0
6010.0,111.0,0.457553
6010.0,112.0,0.456294
6010.0,113.0,0.200277
6010.0,114.0,1.0
6010.0,115.0,0.999595
6010.0,116.0,1.0
6010.0,117.0,0.0
6010.0,118.0,0.460597
6010.0,119.0,1.0
6010.0,120.0,1.0
6010.0,121.0,0.406183
6010.0,122.0,0.143199
6010.0,123.0,0.280475
6010.0,124.0,0.268934
6010.0,125.0,0.392499
6010.0,126.0,0.687692
6010.0,127.0,0.12057
6010.0,128.0,0.651658
6010.0,129.0,0.529839
6010.0,130.0,0.401664
6010.0,131.0,0.412274
6010.0,132.0,0.660277
6010.0,133.0,0.640712
6010.0,134.0,0.200895
6010.0,135.0,0.607122
6010.0,136.0,0.515092
6010.0,137.0,0.466325
6010.0,138.0,0.0
6010.0,139.0,0.389843
6010.0,140.0,0.282552
6010.0,141.0,0.310336
6010.0,142.0,1.0
6010.0,143.0,0.424581
6010.0,144.0,0.441306
6010.0,145.0,0.26685
6010.0,146.0,0.0
6010.0,147.0,1.0
7000.0,0.0,0.367407
7000.0,1.0,1.0
7000.0,2.0,0.0
7000.0,3.0,1.0
7000.0,4.0,0.676456
7000.0,5.0,0.556037
7000.0,6.0,0.360896
7000.0,7.0,0.604385
7000.0,8.0,0.972456
7000.0,9.0,0.728059
7000.0,10.0,0.313067
7000.0,11.0,0.42278
7000.0,12.0,0.368042
7000.0,13.0,0.994316
7000.0,14.0,0.360366
7000.0,15.0,0.260416
7000.0,16.0,0.114616
7000.0,17.0,0.121604
7000.0,18.0,0.0
7000.0,19.0,0.322336
7000.0,20.0,1.0
7000.0,21.0,0.786105
7000.0,22.0,0.056327
7000.0,23.0,0.0
7000.0,24.0,0.244234
7000.0,25.0,0.255877
7000.0,26.0,0.758921
7000.0,27.0,1.0
7000.0,28.0,0.575671
7000.0,29.0,1.0
7000.0,30.0,1.0
7000.0,31.0,0.510274
7000.0,32.0,0.0
7000.0,33.0,0.926395
7000.0,34.0,0.85171
7000.0,35.0,0.531853
7000.0,36.0,0.884154
7000.0,37.0,0.0
7000.0,38.0,0.592225
7000.0,39.0,0.524828
7000.0,40.0,0.905482
7000.0,41.0,0.589216
7000.0,42.0,0.477405
7000.0,43.0,0.05369
7000.0,44.0,1.0
7000.0,45.0,0.722862
7000.0,46.0,0.374928
7000.0,47.0,0.628674
7000.0,48.0,1.0
7000.0,49.0,0.540827
7000.0,50.0,0.380966
7000.0,51.0,1.0
7000.0,52.0,0.623443
7000.0,53.0,0.738086
7000.0,54.0,0.002628
7000.0,55.0,0.615107
7000.0,56.0,1.0
7000.0,57.0,0.497985
7000.0,58.0,0.687684
7000.0,59.0,0.703596
7000.0,60.0,0.500397
7000.0,61.0,0.526793
7000.0,62.0,1.0
7000.0,63.0,0.0
7000.0,64.0,0.630422
7000.0,65.0,0.429492
7000.0,66.0,0.743823
7000.0,67.0,0.413191
7000.0,68.0,0.344754
7000.0,69.0,0.281357
7000.0,70.0,0.986476
7000.0,71.0,0.255302
7000.0,72.0,0.166428
7000.0,73.0,0.661235
7000.0,74.0,0.628859
7000.0,75.0,1.0
7000.0,76.0,1.0
7000.0,77.0,0.111749
7000.0,78.0,0.01219
7000.0,79.0,0.880733
7000.0,80.0,0.941698
7000.0,81.0,0.549743
7000.0,82.0,0.100462
7000.0,83.0,0.120319
7000.0,84.0,0.369566
7000.0,85.0,0.0
7000.0,86.0,0.601728
7000.0,87.0,0.724021
7000.0,88.0,0.0
7000.0,89.0,0.415499
7000.0,90.0,0.0
7000.0,91.0,0.527582
7000.0,92.0,0.399083
7000.0,93.0,0.64943
7000.0,94.0,0.798779
7000.0,95.0,0.448352
7000.0,96.0,1.0
7000.0,97.0,0.465642
7000.0,98.0,0.504927
7000.0,99.0,0.0
7000.0,100.0,0.610008
7000.0,101.0,1.0
7000.0,102.0,0.400862
7000.0,103.0,0.253163
7000.0,104.0,0.418841
7000.0,105.0,0.817807
7000.0,106.0,0.990741
7000.0,107.0,0.658066
7000.0,108.0,0.441707
7000.0,109.0,0.364083
7000.0,110.0,1.0
7000.0,111.0,0.46128
7000.0,112.0,0.455323
7000.0,113.0,0.200892
7000.0,114.0,1.0
7000.0,115.0,1.0
7000.0,116.0,1.0
7000.0,117.0,0.0
7000.0,118.0,0.456653
7000.0,119.0,1.0
7000.0,120.0,1.0
7000.0,121.0,0.401909
7000.0,122.0,0.122355
7000.0,123.0,0.26546
7000.0,124.0,0.260654
7000.0,125.0,0.401272
7000.0,126.0,0.693522
7000.0,127.0,0.114724
7000.0,128.0,0.65072
7000.0,129.0,0.524896
7000.0,130.0,0.394543
7000.0,131.0,0.424057
7000.0,132.0,0.652094
7000.0,133.0,0.639447
7000.0,134.0,0.211629
7000.0,135.0,0.602502
7000.0,136.0,0.519397
7000.0,137.0,0.46289
7000.0,138.0,0.0
7000.0,139.0,0.386855
7000.0,140.0,0.281725
7000.0,141.0,0.318081
7000.0,142.0,1.0
7000.0,143.0,0.423324
7000.0,144.0,0.454382
7000.0,145.0,0.273503
7000.0,146.0,0.0
7000.0,147.0,1.0
7001.0,0.0,0.370611
7001.0,1.0,1.0
7001.0,2.0,0.0
7001.0,3.0,1.0
7001.0,4.0,0.680528
7001.0,5.0,0.559776
7001.0,6.0,0.403722
7001.0,7.0,0.615712
7001.0,8.0,0.972887
7001.0,9.0,0.73449
7001.0,10.0,0.318594
7001.0,11.0,0.430175
7001.0,12.0,0.369477
7001.0,13.0,0.994577
7001.0,14.0,0.37166
7001.0,15.0,0.306562
7001.0,16.0,0.124992
7001.0,17.0,0.124521
7001.0,18.0,0.0
7001.0,19.0,0.322019
7001.0,20.0,1.0
7001.0,21.0,0.789724
7001.0,22.0,0.064337
7001.0,23.0,0.0
7001.0,24.0,0.253831
7001.0,25.0,0.256859
7001.0,26.0,0.76433
7001.0,27.0,1.0
7001.0,28.0,0.5769
7001.0,29.0,1.0
7001.0,30.0,1.0
7001.0,31.0,0.51719
7001.0,32.0,0.0
7001.0,33.0,0.926625
7001.0,34.0,0.862033
7001.0,35.0,0.556663
7001.0,36.0,0.889182
7001.0,37.0,0.0
7001.0,38.0,0.60957
7001.0,39.0,0.529344
7001.0,40.0,0.905684
7001.0,41.0,0.593488
7001.0,42.0,0.483562
7001.0,43.0,0.054993
7001.0,44.0,1.0
7001.0,45.0,0.724749
7001.0,46.0,0.38592
7001.0,47.0,0.640252
7001.0,48.0,1.0
7001.0,49.0,0.546612
7001.0,50.0,0.397594
7001.0,51.0,1.0
7001.0,52.0,0.644587
7001.0,53.0,0.740317
7001.0,54.0,0.002371
7001.0,55.0,0.621452
7001.0,56.0,1.0
7001.0,57.0,0.50421
7001.0,58.0,0.690325
7001.0,59.0,0.705489
7001.0,60.0,0.504475
7001.0,61.0,0.53376
7001.0,62.0,1.0
7001.0,63.0,0.0
7001.0,64.0,0.631314
7001.0,65.0,0.434874
7001.0,66.0,0.750548
7001.0,67.0,0.414367
7001.0,68.0,0.362434
7001.0,69.0,0.306573
7001.0,70.0,0.98673
7001.0,71.0,0.265547
7001.0,72.0,0.182957
7001.0,73.0,0.682892
7001.0,74.0,0.632995
7001.0,75.0,1.0
7001.0,76.0,1.0
7001.0,77.0,0.113874
7001.0,78.0,0.012228
7001.0,79.0,0.881397
7001.0,80.0,0.942989
7001.0,81.0,0.551874
7001.0,82.0,0.105554
7001.0,83.0,0.121275
7001.0,84.0,0.380599
7001.0,85.0,0.0
7001.0,86.0,0.614306
7001.0,87.0,0.735129
7001.0,88.0,0.0
7001.0,89.0,0.422424
7001.0,90.0,0.0
7001.0,91.0,0.547615
7001.0,92.0,0.406231
7001.0,93.0,0.668212
7001.0,94.0,0.804184
7001.0,95.0,0.45804
7001.0,96.0,1.0
7001.0,97.0,0.474303
7001.0,98.0,0.506723
7001.0,99.0,0.0
7001.0,100.0,0.618538
7001.0,101.0,1.0
7001.0,102.0,0.414758
7001.0,103.0,0.258806
7001.0,104.0,0.425327
7001.0,105.0,0.824112
7001.0,106.0,0.990475
7001.0,107.0,0.659618
7001.0,108.0,0.453622
7001.0,109.0,0.364557
7001.0,110.0,1.0
7001.0,111.0,0.471112
7001.0,112.0,0.597199
7001.0,113.0,0.207244
7001.0,114.0,1.0
7001.0,115.0,1.0
7001.0,116.0,1.0
7001.0,117.0,0.0
7001.0,118.0,0.47754
7001.0,119.0,1.0
7001.0,120.0,1.0
7001.0,121.0,0.435478
7001.0,122.0,0.124139
7001.0,123.0,0.269775
7001.0,124.0,0.264769
7001.0,125.0,0.421244
7001.0,126.0,0.698688
7001.0,127.0,0.121307
7001.0,128.0,0.587442
7001.0,129.0,0.540665
7001.0,130.0,0.396017
7001.0,131.0,0.428516
7001.0,132.0,0.661915
7001.0,133.0,0.643455
7001.0,134.0,0.216013
7001.0,135.0,0.611959
7001.0,136.0,0.528041
7001.0,137.0,0.496331
7001.0,138.0,0.0
7001.0,139.0,0.404522
7001.0,140.0,0.287226
7001.0,141.0,0.320626
7001.0,142.0,1.0
7001.0,143.0,0.430455
7001.0,144.0,0.461843
7001.0,145.0,0.284339
7001.0,146.0,0.0
7001.0,147.0,1.0
7002.0,0.0,0.373372
7002.0,1.0,1.0
7002.0,2.0,0.0
7002.0,3.0,1.0
7002.0,4.0,0.683891
7002.0,5.0,0.56188
7002.0,6.0,0.446107
7002.0,7.0,0.627029
7002.0,8.0,0.973149
7002.0,9.0,0.741082
7002.0,10.0,0.323051
7002.0,11.0,0.436406
7002.0,12.0,0.370173
7002.0,13.0,0.994811
7002.0,14.0,0.38256
7002.0,15.0,0.354591
7002.0,16.0,0.135827
7002.0,17.0,0.127312
7002.0,18.0,0.0
7002.0,19.0,0.323038
7002.0,20.0,1.0
7002.0,21.0,0.792981
7002.0,22.0,0.072803
7002.0,23.0,0.0
7002.0,24.0,0.263099
7002.0,25.0,0.25777
7002.0,26.0,0.769156
7002.0,27.0,1.0
7002.0,28.0,0.578137
7002.0,29.0,1.0
7002.0,30.0,1.0
7002.0,31.0,0.522607
7002.0,32.0,0.0
7002.0,33.0,0.927081
7002.0,34.0,0.871348
7002.0,35.0,0.579015
7002.0,36.0,0.893057
7002.0,37.0,0.0
7002.0,38.0,0.624537
7002.0,39.0,0.532188
7002.0,40.0,0.906499
7002.0,41.0,0.597804
7002.0,42.0,0.489992
7002.0,43.0,0.055523
7002.0,44.0,1.0
7002.0,45.0,0.726166
7002.0,46.0,0.396735
7002.0,47.0,0.650128
7002.0,48.0,1.0
7002.0,49.0,0.551721
7002.0,50.0,0.413536
7002.0,51.0,1.0
7002.0,52.0,0.66491
7002.0,53.0,0.743953
7002.0,54.0,0.002366
7002.0,55.0,0.628034
7002.0,56.0,1.0
7002.0,57.0,0.510926
7002.0,58.0,0.694128
7002.0,59.0,0.70921
7002.0,60.0,0.510914
7002.0,61.0,0.541062
7002.0,62.0,1.0
7002.0,63.0,0.0
7002.0,64.0,0.632698
7002.0,65.0,0.440518
7002.0,66.0,0.757827
7002.0,67.0,0.422118
7002.0,68.0,0.378271
7002.0,69.0,0.332739
7002.0,70.0,0.987016
7002.0,71.0,0.276441
7002.0,72.0,0.200713
7002.0,73.0,0.701929
7002.0,74.0,0.636556
7002.0,75.0,1.0
7002.0,76.0,1.0
7002.0,77.0,0.116005
7002.0,78.0,0.01247
7002.0,79.0,0.882165
7002.0,80.0,0.944147
7002.0,81.0,0.554021
7002.0,82.0,0.110163
7002.0,83.0,0.121718
7002.0,84.0,0.392161
7002.0,85.0,0.0
7002.0,86.0,0.625922
7002.0,87.0,0.744366
7002.0,88.0,0.0
7002.0,89.0,0.42964
7002.0,90.0,0.0
7002.0,91.0,0.566365
7002.0,92.0,0.41289
7002.0,93.0,0.68566
7002.0,94.0,0.809503
7002.0,95.0,0.466878
7002.0,96.0,1.0
7002.0,97.0,0.481772
7002.0,98.0,0.507911
7002.0,99.0,0.0
7002.0,100.0,0.625436
7002.0,101.0,1.0
7002.0,102.0,0.42801
7002.0,103.0,0.26484
7002.0,104.0,0.432661
7002.0,105.0,0.830854
7002.0,106.0,0.990062
7002.0,107.0,0.66141
7002.0,108.0,0.464899
7002.0,109.0,0.364735
7002.0,110.0,1.0
7002.0,111.0,0.480608
7002.0,112.0,0.689173
7002.0,113.0,0.213213
7002.0,114.0,1.0
7002.0,115.0,1.0
7002.0,116.0,1.0
7002.0,117.0,0.0
7002.0,118.0,0.499294
7002.0,119.0,1.0
7002.0,120.0,1.0
7002.0,121.0,0.468077
7002.0,122.0,0.125001
7002.0,123.0,0.274454
7002.0,124.0,0.269263
7002.0,125.0,0.441563
7002.0,126.0,0.702953
7002.0,127.0,0.127655
7002.0,128.0,0.551675
7002.0,129.0,0.556389
7002.0,130.0,0.396897
7002.0,131.0,0.433187
7002.0,132.0,0.672544
7002.0,133.0,0.646737
7002.0,134.0,0.219331
7002.0,135.0,0.619815
7002.0,136.0,0.537748
7002.0,137.0,0.527345
7002.0,138.0,0.0
7002.0,139.0,0.419944
7002.0,140.0,0.293611
7002.0,141.0,0.323328
7002.0,142.0,1.0
7002.0,143.0,0.435852
7002.0,144.0,0.468085
7002.0,145.0,0.294783
7002.0,146.0,0.0
7002.0,147.0,1.0
7003.0,0.0,0.376023
7003.0,1.0,1.0
7003.0,2.0,0.0
7003.0,3.0,1.0
7003.0,4.0,0.687654
7003.0,5.0,0.564407
7003.0,6.0,0.487903
7003.0,7.0,0.637787
7003.0,8.0,0.973306
7003.0,9.0,0.747299
7003.0,10.0,0.32836
7003.0,11.0,0.442853
7003.0,12.0,0.369906
7003.0,13.0,0.994976
7003.0,14.0,0.393858
7003.0,15.0,0.402726
7003.0,16.0,0.147476
7003.0,17.0,0.129938
7003.0,18.0,0.0
7003.0,19.0,0.322797
7003.0,20.0,1.0
7003.0,21.0,0.795583
7003.0,22.0,0.08247
7003.0,23.0,0.0
7003.0,24.0,0.272939
7003.0,25.0,0.257983
7003.0,26.0,0.773361
7003.0,27.0,1.0
7003.0,28.0,0.579319
7003.0,29.0,1.0
7003.0,30.0,1.0
7003.0,31.0,0.529556
7003.0,32.0,0.0
7003.0,33.0,0.927809
7003.0,34.0,0.880072
7003.0,35.0,0.600205
7003.0,36.0,0.897501
7003.0,37.0,0.0
7003.0,38.0,0.63897
7003.0,39.0,0.53539
7003.0,40.0,0.908363
7003.0,41.0,0.602821
7003.0,42.0,0.49547
7003.0,43.0,0.056016
7003.0,44.0,1.0
7003.0,45.0,0.727738
7003.0,46.0,0.407219
7003.0,47.0,0.660231
7003.0,48.0,1.0
7003.0,49.0,0.556665
7003.0,50.0,0.429091
7003.0,51.0,1.0
7003.0,52.0,0.683611
7003.0,53.0,0.74802
7003.0,54.0,0.002373
7003.0,55.0,0.634543
7003.0,56.0,1.0
7003.0,57.0,0.517117
7003.0,58.0,0.698325
7003.0,59.0,0.712858
7003.0,60.0,0.515929
7003.0,61.0,0.548056
7003.0,62.0,1.0
7003.0,63.0,0.0
7003.0,64.0,0.634055
7003.0,65.0,0.445772
7003.0,66.0,0.764635
7003.0,67.0,0.43366
7003.0,68.0,0.395272
7003.0,69.0,0.358459
7003.0,70.0,0.987031
7003.0,71.0,0.286301
7003.0,72.0,0.217693
7003.0,73.0,0.720548
7003.0,74.0,0.639157
7003.0,75.0,1.0
7003.0,76.0,1.0
7003.0,77.0,0.118421
7003.0,78.0,0.012641
7003.0,79.0,0.882354
7003.0,80.0,0.945249
7003.0,81.0,0.556207
7003.0,82.0,0.115135
7003.0,83.0,0.122007
7003.0,84.0,0.402941
7003.0,85.0,0.0
7003.0,86.0,0.637976
7003.0,87.0,0.753104
7003.0,88.0,0.0
7003.0,89.0,0.43553
7003.0,90.0,0.0
7003.0,91.0,0.586695
7003.0,92.0,0.419498
7003.0,93.0,0.700648
7003.0,94.0,0.815624
7003.0,95.0,0.477161
7003.0,96.0,1.0
7003.0,97.0,0.49001
7003.0,98.0,0.5095
7003.0,99.0,0.0
7003.0,100.0,0.632835
7003.0,101.0,1.0
7003.0,102.0,0.441739
7003.0,103.0,0.271854
7003.0,104.0,0.439042
7003.0,105.0,0.837116
7003.0,106.0,0.989778
7003.0,107.0,0.663149
7003.0,108.0,0.475586
7003.0,109.0,0.365348
7003.0,110.0,1.0
7003.0,111.0,0.490975
7003.0,112.0,0.750532
7003.0,113.0,0.219677
7003.0,114.0,1.0
7003.0,115.0,1.0
7003.0,116.0,1.0
7003.0,117.0,0.0
7003.0,118.0,0.521581
7003.0,119.0,1.0
7003.0,120.0,1.0
7003.0,121.0,0.49995
7003.0,122.0,0.125956
7003.0,123.0,0.279019
7003.0,124.0,0.273827
7003.0,125.0,0.461442
7003.0,126.0,0.707194
7003.0,127.0,0.134431
7003.0,128.0,0.532636
7003.0,129.0,0.572787
7003.0,130.0,0.398764
7003.0,131.0,0.436787
7003.0,132.0,0.681719
7003.0,133.0,0.651272
7003.0,134.0,0.223268
7003.0,135.0,0.627927
7003.0,136.0,0.545337
7003.0,137.0,0.556763
7003.0,138.0,0.0
7003.0,139.0,0.436228
7003.0,140.0,0.299366
7003.0,141.0,0.326296
7003.0,142.0,1.0
7003.0,143.0,0.441841
7003.0,144.0,0.474691
7003.0,145.0,0.305571
7003.0,146.0,0.0
7003.0,147.0,1.0
7004.0,0.0,0.379262
7004.0,1.0,1.0
7004.0,2.0,0.0
7004.0,3.0,1.0
7004.0,4.0,0.692272
7004.0,5.0,0.56644
7004.0,6.0,0.529779
7004.0,7.0,0.647754
7004.0,8.0,0.973309
7004.0,9.0,0.753568
7004.0,10.0,0.333032
7004.0,11.0,0.449161
7004.0,12.0,0.369979
7004.0,13.0,0.995108
7004.0,14.0,0.404275
7004.0,15.0,0.45049
7004.0,16.0,0.160045
7004.0,17.0,0.132108
7004.0,18.0,0.0
7004.0,19.0,0.322976
7004.0,20.0,1.0
7004.0,21.0,0.798375
7004.0,22.0,0.093054
7004.0,23.0,0.0
7004.0,24.0,0.282635
7004.0,25.0,0.259433
7004.0,26.0,0.777409
7004.0,27.0,1.0
7004.0,28.0,0.580639
7004.0,29.0,1.0
7004.0,30.0,1.0
7004.0,31.0,0.535799
7004.0,32.0,0.0
7004.0,33.0,0.927935
7004.0,34.0,0.88823
7004.0,35.0,0.619933
7004.0,36.0,0.901633
7004.0,37.0,0.0
7004.0,38.0,0.652494
7004.0,39.0,0.538132
7004.0,40.0,0.909707
7004.0,41.0,0.606716
7004.0,42.0,0.501643
7004.0,43.0,0.056558
7004.0,44.0,1.0
7004.0,45.0,0.728944
7004.0,46.0,0.418818
7004.0,47.0,0.671175
7004.0,48.0,1.0
7004.0,49.0,0.561353
7004.0,50.0,0.444592
7004.0,51.0,1.0
7004.0,52.0,0.700221
7004.0,53.0,0.751521
7004.0,54.0,0.002251
7004.0,55.0,0.640214
7004.0,56.0,1.0
7004.0,57.0,0.522886
7004.0,58.0,0.701968
7004.0,59.0,0.716442
7004.0,60.0,0.52078
7004.0,61.0,0.555514
7004.0,62.0,1.0
7004.0,63.0,0.0
7004.0,64.0,0.635329
7004.0,65.0,0.451048
7004.0,66.0,0.77043
7004.0,67.0,0.448419
7004.0,68.0,0.411168
7004.0,69.0,0.385871
7004.0,70.0,0.987273
7004.0,71.0,0.297108
7004.0,72.0,0.236389
7004.0,73.0,0.737705
7004.0,74.0,0.642087
7004.0,75.0,1.0
7004.0,76.0,1.0
7004.0,77.0,0.121153
7004.0,78.0,0.012859
7004.0,79.0,0.883422
7004.0,80.0,0.946717
7004.0,81.0,0.557678
7004.0,82.0,0.119924
7004.0,83.0,0.122597
7004.0,84.0,0.414341
7004.0,85.0,0.0
7004.0,86.0,0.64864
7004.0,87.0,0.761585
7004.0,88.0,0.0
7004.0,89.0,0.441493
7004.0,90.0,0.0
7004.0,91.0,0.605677
7004.0,92.0,0.42558
7004.0,93.0,0.716086
7004.0,94.0,0.821173
7004.0,95.0,0.485999
7004.0,96.0,1.0
7004.0,97.0,0.497389
7004.0,98.0,0.510415
7004.0,99.0,0.0
7004.0,100.0,0.639719
7004.0,101.0,1.0
7004.0,102.0,0.455288
7004.0,103.0,0.2785
7004.0,104.0,0.445979
7004.0,105.0,0.842945
7004.0,106.0,0.989516
7004.0,107.0,0.664328
7004.0,108.0,0.486736
7004.0,109.0,0.365483
7004.0,110.0,1.0
7004.0,111.0,0.500827
7004.0,112.0,0.794248
7004.0,113.0,0.226866
7004.0,114.0,1.0
7004.0,115.0,1.0
7004.0,116.0,1.0
7004.0,117.0,0.0
7004.0,118.0,0.545818
7004.0,119.0,1.0
7004.0,120.0,1.0
7004.0,121.0,0.527285
7004.0,122.0,0.127349
7004.0,123.0,0.282923
7004.0,124.0,0.278453
7004.0,125.0,0.481561
7004.0,126.0,0.711349
7004.0,127.0,0.140947
7004.0,128.0,0.523269
7004.0,129.0,0.589617
7004.0,130.0,0.400828
7004.0,131.0,0.441575
7004.0,132.0,0.691267
7004.0,133.0,0.655111
7004.0,134.0,0.226971
7004.0,135.0,0.634861
7004.0,136.0,0.552642
7004.0,137.0,0.58398
7004.0,138.0,0.0
7004.0,139.0,0.452983
7004.0,140.0,0.305097
7004.0,141.0,0.329411
7004.0,142.0,1.0
7004.0,143.0,0.448542
7004.0,144.0,0.480363
7004.0,145.0,0.315981
7004.0,146.0,0.0
7004.0,147.0,1.0
7005.0,0.0,0.382001
7005.0,1.0,1.0
7005.0,2.0,0.0
7005.0,3.0,1.0
7005.0,4.0,0.696022
7005.0,5.0,0.56929
7005.0,6.0,0.570555
7005.0,7.0,0.658162
7005.0,8.0,0.973357
7005.0,9.0,0.760117
7005.0,10.0,0.337113
7005.0,11.0,0.455168
7005.0,12.0,0.37043
7005.0,13.0,0.995217
7005.0,14.0,0.416489
7005.0,15.0,0.494744
7005.0,16.0,0.174454
7005.0,17.0,0.134692
7005.0,18.0,0.0
7005.0,19.0,0.323829
7005.0,20.0,1.0
7005.0,21.0,0.801294
7005.0,22.0,0.104114
7005.0,23.0,0.0
7005.0,24.0,0.292614
7005.0,25.0,0.259928
7005.0,26.0,0.781833
7005.0,27.0,1.0
7005.0,28.0,0.581448
7005.0,29.0,1.0
7005.0,30.0,1.0
7005.0,31.0,0.543617
7005.0,32.0,0.0
7005.0,33.0,0.928215
7005.0,34.0,0.895847
7005.0,35.0,0.638227
7005.0,36.0,0.905468
7005.0,37.0,0.0
7005.0,38.0,0.665702
7005.0,39.0,0.540426
7005.0,40.0,0.91062
7005.0,41.0,0.611014
7005.0,42.0,0.506389
7005.0,43.0,0.057588
7005.0,44.0,1.0
7005.0,45.0,0.730981
7005.0,46.0,0.429278
7005.0,47.0,0.682616
7005.0,48.0,1.0
7005.0,49.0,0.565529
7005.0,50.0,0.46075
7005.0,51.0,1.0
7005.0,52.0,0.716452
7005.0,53.0,0.754233
7005.0,54.0,0.002254
7005.0,55.0,0.646223
7005.0,56.0,1.0
7005.0,57.0,0.5276
7005.0,58.0,0.70675
7005.0,59.0,0.719003
7005.0,60.0,0.525519
7005.0,61.0,0.563342
7005.0,62.0,1.0
7005.0,63.0,0.0
7005.0,64.0,0.636489
7005.0,65.0,0.455527
7005.0,66.0,0.777957
7005.0,67.0,0.464997
7005.0,68.0,0.426635
7005.0,69.0,0.413841
7005.0,70.0,0.987308
7005.0,71.0,0.308315
7005.0,72.0,0.254841
7005.0,73.0,0.752376
7005.0,74.0,0.645655
7005.0,75.0,1.0
7005.0,76.0,1.0
7005.0,77.0,0.123955
7005.0,78.0,0.01311
7005.0,79.0,0.883775
7005.0,80.0,0.947974
7005.0,81.0,0.559364
7005.0,82.0,0.125189
7005.0,83.0,0.123147
7005.0,84.0,0.426306
7005.0,85.0,0.0
7005.0,86.0,0.659165
7005.0,87.0,0.770241
7005.0,88.0,0.0
7005.0,89.0,0.447417
7005.0,90.0,0.0
7005.0,91.0,0.623906
7005.0,92.0,0.431708
7005.0,93.0,0.731276
7005.0,94.0,0.825899
7005.0,95.0,0.494713
7005.0,96.0,1.0
7005.0,97.0,0.504871
7005.0,98.0,0.511334
7005.0,99.0,0.0
7005.0,100.0,0.645836
7005.0,101.0,1.0
7005.0,102.0,0.468043
7005.0,103.0,0.284955
7005.0,104.0,0.452163
7005.0,105.0,0.848655
7005.0,106.0,0.989347
7005.0,107.0,0.66487
7005.0,108.0,0.497875
7005.0,109.0,0.366017
7005.0,110.0,1.0
7005.0,111.0,0.510528
7005.0,112.0,0.827429
7005.0,113.0,0.234136
7005.0,114.0,1.0
7005.0,115.0,1.0
7005.0,116.0,1.0
7005.0,117.0,0.0
7005.0,118.0,0.569746
7005.0,119.0,1.0
7005.0,120.0,1.0
7005.0,121.0,0.553573
7005.0,122.0,0.128771
7005.0,123.0,0.287481
7005.0,124.0,0.282449
7005.0,125.0,0.501247
7005.0,126.0,0.715916
7005.0,127.0,0.148157
7005.0,128.0,0.518883
7005.0,129.0,0.60505
7005.0,130.0,0.40228
7005.0,131.0,0.445075
7005.0,132.0,0.700005
7005.0,133.0,0.658156
7005.0,134.0,0.230847
7005.0,135.0,0.641604
7005.0,136.0,0.559613
7005.0,137.0,0.609426
7005.0,138.0,0.0
7005.0,139.0,0.468809
7005.0,140.0,0.311703
7005.0,141.0,0.332568
7005.0,142.0,1.0
7005.0,143.0,0.453816
7005.0,144.0,0.485747
7005.0,145.0,0.327053
7005.0,146.0,0.0
7005.0,147.0,1.0
7006.0,0.0,0.378287
7006.0,1.0,1.0
7006.0,2.0,0.0
7006.0,3.0,1.0
7006.0,4.0,0.691719
7006.0,5.0,0.566922
7006.0,6.0,0.52056
7006.0,7.0,0.647375
7006.0,8.0,0.973242
7006.0,9.0,0.753706
7006.0,10.0,0.331531
7006.0,11.0,0.447645
7006.0,12.0,0.368954
7006.0,13.0,0.994812
7006.0,14.0,0.404149
7006.0,15.0,0.439928
7006.0,16.0,0.157966
7006.0,17.0,0.13097
7006.0,18.0,0.0
7006.0,19.0,0.322721
7006.0,20.0,1.0
7006.0,21.0,0.798398
7006.0,22.0,0.092267
7006.0,23.0,0.0
7006.0,24.0,0.281636
7006.0,25.0,0.258221
7006.0,26.0,0.777074
7006.0,27.0,1.0
7006.0,28.0,0.581262
7006.0,29.0,1.0
7006.0,30.0,1.0
7006.0,31.0,0.537125
7006.0,32.0,0.0
7006.0,33.0,0.928009
7006.0,34.0,0.888068
7006.0,35.0,0.615326
7006.0,36.0,0.901443
7006.0,37.0,0.0
7006.0,38.0,0.651411
7006.0,39.0,0.537473
7006.0,40.0,0.909289
7006.0,41.0,0.60728
7006.0,42.0,0.500285
7006.0,43.0,0.05666
7006.0,44.0,1.0
7006.0,45.0,0.728833
7006.0,46.0,0.417206
7006.0,47.0,0.671969
7006.0,48.0,1.0
7006.0,49.0,0.558804
7006.0,50.0,0.443781
7006.0,51.0,1.0
7006.0,52.0,0.697657
7006.0,53.0,0.750967
7006.0,54.0,0.002247
7006.0,55.0,0.639271
7006.0,56.0,1.0
7006.0,57.0,0.52123
7006.0,58.0,0.70231
7006.0,59.0,0.716251
7006.0,60.0,0.521144
7006.0,61.0,0.555471
7006.0,62.0,1.0
7006.0,63.0,0.0
7006.0,64.0,0.635316
7006.0,65.0,0.450166
7006.0,66.0,0.771267
7006.0,67.0,0.452174
7006.0,68.0,0.409882
7006.0,69.0,0.381158
7006.0,70.0,0.987036
7006.0,71.0,0.296132
7006.0,72.0,0.235314
7006.0,73.0,0.734072
7006.0,74.0,0.642569
7006.0,75.0,1.0
7006.0,76.0,1.0
7006.0,77.0,0.121357
7006.0,78.0,0.012815
7006.0,79.0,0.882587
7006.0,80.0,0.946897
7006.0,81.0,0.557594
7006.0,82.0,0.119516
7006.0,83.0,0.122135
7006.0,84.0,0.413782
7006.0,85.0,0.0
7006.0,86.0,0.647973
7006.0,87.0,0.760947
7006.0,88.0,0.0
7006.0,89.0,0.441142
7006.0,90.0,0.0
7006.0,91.0,0.603491
7006.0,92.0,0.424399
7006.0,93.0,0.71476
7006.0,94.0,0.820461
7006.0,95.0,0.48495
7006.0,96.0,1.0
7006.0,97.0,0.496471
7006.0,98.0,0.50995
7006.0,99.0,0.0
7006.0,100.0,0.639581
7006.0,101.0,1.0
7006.0,102.0,0.452502
7006.0,103.0,0.276573
7006.0,104.0,0.445232
7006.0,105.0,0.843019
7006.0,106.0,0.989474
7006.0,107.0,0.663739
7006.0,108.0,0.486291
7006.0,109.0,0.365249
7006.0,110.0,1.0
7006.0,111.0,0.500753
7006.0,112.0,0.750747
7006.0,113.0,0.226658
7006.0,114.0,1.0
7006.0,115.0,1.0
7006.0,116.0,1.0
7006.0,117.0,0.0
7006.0,118.0,0.544324
7006.0,119.0,1.0
7006.0,120.0,1.0
7006.0,121.0,0.518416
7006.0,122.0,0.127885
7006.0,123.0,0.283175
7006.0,124.0,0.278869
7006.0,125.0,0.479376
7006.0,126.0,0.711649
7006.0,127.0,0.140265
7006.0,128.0,0.543868
7006.0,129.0,0.588805
7006.0,130.0,0.401009
7006.0,131.0,0.438912
7006.0,132.0,0.690628
7006.0,133.0,0.652989
7006.0,134.0,0.225695
7006.0,135.0,0.633605
7006.0,136.0,0.551036
7006.0,137.0,0.578113
7006.0,138.0,0.0
7006.0,139.0,0.450352
7006.0,140.0,0.304895
7006.0,141.0,0.329329
7006.0,142.0,1.0
7006.0,143.0,0.446995
7006.0,144.0,0.478599
7006.0,145.0,0.314543
7006.0,146.0,0.0
7006.0,147.0,1.0
7007.0,0.0,0.374494
7007.0,1.0,1.0
7007.0,2.0,0.0
7007.0,3.0,1.0
7007.0,4.0,0.688214
7007.0,5.0,0.563593
7007.0,6.0,0.475252
7007.0,7.0,0.636116
7007.0,8.0,0.973012
7007.0,9.0,0.746915
7007.0,10.0,0.326199
7007.0,11.0,0.441258
7007.0,12.0,0.367959
7007.0,13.0,0.994519
7007.0,14.0,0.392065
7007.0,15.0,0.38951
7007.0,16.0,0.144695
7007.0,17.0,0.127917
7007.0,18.0,0.0
7007.0,19.0,0.321911
7007.0,20.0,1.0
7007.0,21.0,0.795413
7007.0,22.0,0.081601
7007.0,23.0,0.0
7007.0,24.0,0.271978
7007.0,25.0,0.257023
7007.0,26.0,0.772357
7007.0,27.0,1.0
7007.0,28.0,0.580524
7007.0,29.0,1.0
7007.0,30.0,1.0
7007.0,31.0,0.531192
7007.0,32.0,0.0
7007.0,33.0,0.928046
7007.0,34.0,0.879569
7007.0,35.0,0.59376
7007.0,36.0,0.896925
7007.0,37.0,0.0
7007.0,38.0,0.636254
7007.0,39.0,0.534839
7007.0,40.0,0.908664
7007.0,41.0,0.60399
7007.0,42.0,0.494695
7007.0,43.0,0.056058
7007.0,44.0,1.0
7007.0,45.0,0.727679
7007.0,46.0,0.404718
7007.0,47.0,0.661196
7007.0,48.0,1.0
7007.0,49.0,0.553368
7007.0,50.0,0.427393
7007.0,51.0,1.0
7007.0,52.0,0.680051
7007.0,53.0,0.747736
7007.0,54.0,0.002347
7007.0,55.0,0.632726
7007.0,56.0,1.0
7007.0,57.0,0.515817
7007.0,58.0,0.697911
7007.0,59.0,0.712408
7007.0,60.0,0.516563
7007.0,61.0,0.547859
7007.0,62.0,1.0
7007.0,63.0,0.0
7007.0,64.0,0.632204
7007.0,65.0,0.443712
7007.0,66.0,0.764191
7007.0,67.0,0.441519
7007.0,68.0,0.392927
7007.0,69.0,0.352183
7007.0,70.0,0.98702
7007.0,71.0,0.285008
7007.0,72.0,0.217288
7007.0,73.0,0.716315
7007.0,74.0,0.639615
7007.0,75.0,1.0
7007.0,76.0,1.0
7007.0,77.0,0.118834
7007.0,78.0,0.012704
7007.0,79.0,0.882141
7007.0,80.0,0.945969
7007.0,81.0,0.555036
7007.0,82.0,0.114883
7007.0,83.0,0.121338
7007.0,84.0,0.402021
7007.0,85.0,0.0
7007.0,86.0,0.636059
7007.0,87.0,0.752025
7007.0,88.0,0.0
7007.0,89.0,0.434019
7007.0,90.0,0.0
7007.0,91.0,0.584164
7007.0,92.0,0.417715
7007.0,93.0,0.698969
7007.0,94.0,0.815656
7007.0,95.0,0.474893
7007.0,96.0,1.0
7007.0,97.0,0.488029
7007.0,98.0,0.50796
7007.0,99.0,0.0
7007.0,100.0,0.633246
7007.0,101.0,1.0
7007.0,102.0,0.436451
7007.0,103.0,0.270368
7007.0,104.0,0.437559
7007.0,105.0,0.83736
7007.0,106.0,0.989544
7007.0,107.0,0.662787
7007.0,108.0,0.475134
7007.0,109.0,0.365367
7007.0,110.0,1.0
7007.0,111.0,0.490714
7007.0,112.0,0.668505
7007.0,113.0,0.218705
7007.0,114.0,1.0
7007.0,115.0,1.0
7007.0,116.0,1.0
7007.0,117.0,0.0
7007.0,118.0,0.520511
7007.0,119.0,1.0
7007.0,120.0,1.0
7007.0,121.0,0.486027
7007.0,122.0,0.126257
7007.0,123.0,0.277439
7007.0,124.0,0.275276
7007.0,125.0,0.458892
7007.0,126.0,0.706837
7007.0,127.0,0.13395
7007.0,128.0,0.572396
7007.0,129.0,0.572755
7007.0,130.0,0.399608
7007.0,131.0,0.435332
7007.0,132.0,0.680853
7007.0,133.0,0.648513
7007.0,134.0,0.221407
7007.0,135.0,0.625064
7007.0,136.0,0.541993
7007.0,137.0,0.547789
7007.0,138.0,0.0
7007.0,139.0,0.433263
7007.0,140.0,0.298476
7007.0,141.0,0.326605
7007.0,142.0,1.0
7007.0,143.0,0.4408
7007.0,144.0,0.473243
7007.0,145.0,0.303254
7007.0,146.0,0.0
7007.0,147.0,1.0
7008.0,0.0,0.370575
7008.0,1.0,1.0
7008.0,2.0,0.0
7008.0,3.0,1.0
7008.0,4.0,0.683916
7008.0,5.0,0.560901
7008.0,6.0,0.433922
7008.0,7.0,0.625077
7008.0,8.0,0.97304
7008.0,9.0,0.740117
7008.0,10.0,0.321833
7008.0,11.0,0.435828
7008.0,12.0,0.366117
7008.0,13.0,0.994443
7008.0,14.0,0.380603
7008.0,15.0,0.342693
7008.0,16.0,0.133357
7008.0,17.0,0.125841
7008.0,18.0,0.0
7008.0,19.0,0.320342
7008.0,20.0,1.0
7008.0,21.0,0.792135
7008.0,22.0,0.072611
7008.0,23.0,0.0
7008.0,24.0,0.262128
7008.0,25.0,0.25583
7008.0,26.0,0.768723
7008.0,27.0,1.0
7008.0,28.0,0.579292
7008.0,29.0,1.0
7008.0,30.0,1.0
7008.0,31.0,0.525063
7008.0,32.0,0.0
7008.0,33.0,0.927695
7008.0,34.0,0.870801
7008.0,35.0,0.572825
7008.0,36.0,0.892673
7008.0,37.0,0.0
7008.0,38.0,0.622493
7008.0,39.0,0.532689
7008.0,40.0,0.908039
7008.0,41.0,0.599726
7008.0,42.0,0.488768
7008.0,43.0,0.05564
7008.0,44.0,1.0
7008.0,45.0,0.726379
7008.0,46.0,0.392955
7008.0,47.0,0.649885
7008.0,48.0,1.0
7008.0,49.0,0.547627
7008.0,50.0,0.411645
7008.0,51.0,1.0
7008.0,52.0,0.662434
7008.0,53.0,0.744343
7008.0,54.0,0.00237
7008.0,55.0,0.62655
7008.0,56.0,1.0
7008.0,57.0,0.509336
7008.0,58.0,0.694905
7008.0,59.0,0.709626
7008.0,60.0,0.512577
7008.0,61.0,0.541274
7008.0,62.0,1.0
7008.0,63.0,0.0
7008.0,64.0,0.630345
7008.0,65.0,0.438386
7008.0,66.0,0.757646
7008.0,67.0,0.431359
7008.0,68.0,0.376112
7008.0,69.0,0.326318
7008.0,70.0,0.986757
7008.0,71.0,0.273942
7008.0,72.0,0.200824
7008.0,73.0,0.698667
7008.0,74.0,0.635826
7008.0,75.0,1.0
7008.0,76.0,1.0
7008.0,77.0,0.11702
7008.0,78.0,0.012714
7008.0,79.0,0.881838
7008.0,80.0,0.944479
7008.0,81.0,0.553726
7008.0,82.0,0.109611
7008.0,83.0,0.121204
7008.0,84.0,0.391302
7008.0,85.0,0.0
7008.0,86.0,0.624849
7008.0,87.0,0.743543
7008.0,88.0,0.0
7008.0,89.0,0.427918
7008.0,90.0,0.0
7008.0,91.0,0.565528
7008.0,92.0,0.411471
7008.0,93.0,0.682367
7008.0,94.0,0.80911
7008.0,95.0,0.465531
7008.0,96.0,1.0
7008.0,97.0,0.480904
7008.0,98.0,0.507079
7008.0,99.0,0.0
7008.0,100.0,0.626624
7008.0,101.0,1.0
7008.0,102.0,0.423025
7008.0,103.0,0.263761
7008.0,104.0,0.431302
7008.0,105.0,0.831459
7008.0,106.0,0.989777
7008.0,107.0,0.660501
7008.0,108.0,0.46375
7008.0,109.0,0.365924
7008.0,110.0,1.0
7008.0,111.0,0.481804
7008.0,112.0,0.588862
7008.0,113.0,0.211705
7008.0,114.0,1.0
7008.0,115.0,1.0
7008.0,116.0,1.0
7008.0,117.0,0.0
7008.0,118.0,0.498771
7008.0,119.0,1.0
7008.0,120.0,1.0
7008.0,121.0,0.455518
7008.0,122.0,0.125067
7008.0,123.0,0.272476
7008.0,124.0,0.271541
7008.0,125.0,0.440015
7008.0,126.0,0.702727
7008.0,127.0,0.128124
7008.0,128.0,0.601927
7008.0,129.0,0.556701
7008.0,130.0,0.398696
7008.0,131.0,0.431508
7008.0,132.0,0.671525
7008.0,133.0,0.645301
7008.0,134.0,0.21659
7008.0,135.0,0.616723
7008.0,136.0,0.534861
7008.0,137.0,0.518456
7008.0,138.0,0.0
7008.0,139.0,0.416687
7008.0,140.0,0.293371
7008.0,141.0,0.323876
7008.0,142.0,1.0
7008.0,143.0,0.435081
7008.0,144.0,0.46718
7008.0,145.0,0.292512
7008.0,146.0,0.0
7008.0,147.0,1.0
7009.0,0.0,0.367577
7009.0,1.0,1.0
7009.0,2.0,0.0
7009.0,3.0,1.0
7009.0,4.0,0.680913
7009.0,5.0,0.558035
7009.0,6.0,0.396165
7009.0,7.0,0.613312
7009.0,8.0,0.972913
7009.0,9.0,0.733839
7009.0,10.0,0.316306
7009.0,11.0,0.429863
7009.0,12.0,0.364659
7009.0,13.0,0.994035
7009.0,14.0,0.368986
7009.0,15.0,0.300401
7009.0,16.0,0.12298
7009.0,17.0,0.122515
7009.0,18.0,0.0
7009.0,19.0,0.319818
7009.0,20.0,1.0
7009.0,21.0,0.788194
7009.0,22.0,0.064165
7009.0,23.0,0.0
7009.0,24.0,0.253306
7009.0,25.0,0.25577
7009.0,26.0,0.764745
7009.0,27.0,1.0
7009.0,28.0,0.578138
7009.0,29.0,1.0
7009.0,30.0,1.0
7009.0,31.0,0.51919
7009.0,32.0,0.0
7009.0,33.0,0.927299
7009.0,34.0,0.861138
7009.0,35.0,0.552277
7009.0,36.0,0.888346
7009.0,37.0,0.0
7009.0,38.0,0.608505
7009.0,39.0,0.52913
7009.0,40.0,0.906777
7009.0,41.0,0.596193
7009.0,42.0,0.483024
7009.0,43.0,0.055426
7009.0,44.0,1.0
7009.0,45.0,0.724115
7009.0,46.0,0.382046
7009.0,47.0,0.638971
7009.0,48.0,1.0
7009.0,49.0,0.542704
7009.0,50.0,0.395984
7009.0,51.0,1.0
7009.0,52.0,0.643928
7009.0,53.0,0.74214
7009.0,54.0,0.00253
7009.0,55.0,0.619596
7009.0,56.0,1.0
7009.0,57.0,0.502999
7009.0,58.0,0.690718
7009.0,59.0,0.705693
7009.0,60.0,0.506917
7009.0,61.0,0.534303
7009.0,62.0,1.0
7009.0,63.0,0.0
7009.0,64.0,0.6288
7009.0,65.0,0.432164
7009.0,66.0,0.750583
7009.0,67.0,0.421574
7009.0,68.0,0.360525
7009.0,69.0,0.304004
7009.0,70.0,0.986693
7009.0,71.0,0.263722
7009.0,72.0,0.184844
7009.0,73.0,0.680282
7009.0,74.0,0.631231
7009.0,75.0,1.0
7009.0,76.0,1.0
7009.0,77.0,0.115149
7009.0,78.0,0.012611
7009.0,79.0,0.881251
7009.0,80.0,0.943329
7009.0,81.0,0.551773
7009.0,82.0,0.105288
7009.0,83.0,0.120899
7009.0,84.0,0.380733
7009.0,85.0,0.0
7009.0,86.0,0.613696
7009.0,87.0,0.733904
7009.0,88.0,0.0
7009.0,89.0,0.422512
7009.0,90.0,0.0
7009.0,91.0,0.547049
7009.0,92.0,0.404201
7009.0,93.0,0.666486
7009.0,94.0,0.802812
7009.0,95.0,0.456619
7009.0,96.0,1.0
7009.0,97.0,0.472816
7009.0,98.0,0.506435
7009.0,99.0,0.0
7009.0,100.0,0.620224
7009.0,101.0,1.0
7009.0,102.0,0.410184
7009.0,103.0,0.256686
7009.0,104.0,0.423646
7009.0,105.0,0.825255
7009.0,106.0,0.989958
7009.0,107.0,0.658627
7009.0,108.0,0.452854
7009.0,109.0,0.365233
7009.0,110.0,1.0
7009.0,111.0,0.472586
7009.0,112.0,0.51751
7009.0,113.0,0.205959
7009.0,114.0,1.0
7009.0,115.0,1.0
7009.0,116.0,1.0
7009.0,117.0,0.0
7009.0,118.0,0.476977
7009.0,119.0,1.0
7009.0,120.0,1.0
7009.0,121.0,0.428222
7009.0,122.0,0.123548
7009.0,123.0,0.268276
7009.0,124.0,0.26746
7009.0,125.0,0.421652
7009.0,126.0,0.697285
7009.0,127.0,0.121244
7009.0,128.0,0.628425
7009.0,129.0,0.541783
7009.0,130.0,0.397221
7009.0,131.0,0.427281
7009.0,132.0,0.662289
7009.0,133.0,0.641706
7009.0,134.0,0.212495
7009.0,135.0,0.608963
7009.0,136.0,0.527315
7009.0,137.0,0.490748
7009.0,138.0,0.0
7009.0,139.0,0.402273
7009.0,140.0,0.287329
7009.0,141.0,0.321242
7009.0,142.0,1.0
7009.0,143.0,0.430695
7009.0,144.0,0.460808
7009.0,145.0,0.282099
7009.0,146.0,0.0
7009.0,147.0,1.0
7010.0,0.0,0.364082
7010.0,1.0,1.0
7010.0,2.0,0.0
7010.0,3.0,1.0
7010.0,4.0,0.678194
7010.0,5.0,0.555741
7010.0,6.0,0.362336
7010.0,7.0,0.603611
7010.0,8.0,0.972773
7010.0,9.0,0.728197
7010.0,10.0,0.311516
7010.0,11.0,0.42334
7010.0,12.0,0.362606
7010.0,13.0,0.993765
7010.0,14.0,0.359137
7010.0,15.0,0.261602
7010.0,16.0,0.114684
7010.0,17.0,0.120026
7010.0,18.0,0.0
7010.0,19.0,0.319679
7010.0,20.0,1.0
7010.0,21.0,0.784935
7010.0,22.0,0.056934
7010.0,23.0,0.0
7010.0,24.0,0.245108
7010.0,25.0,0.255234
7010.0,26.0,0.760727
7010.0,27.0,1.0
7010.0,28.0,0.575955
7010.0,29.0,1.0
7010.0,30.0,1.0
7010.0,31.0,0.51302
7010.0,32.0,0.0
7010.0,33.0,0.927043
7010.0,34.0,0.85148
7010.0,35.0,0.531514
7010.0,36.0,0.88444
7010.0,37.0,0.0
7010.0,38.0,0.593996
7010.0,39.0,0.526403
7010.0,40.0,0.905747
7010.0,41.0,0.591646
7010.0,42.0,0.479076
7010.0,43.0,0.054514
7010.0,44.0,1.0
7010.0,45.0,0.722945
7010.0,46.0,0.372634
7010.0,47.0,0.628542
7010.0,48.0,1.0
7010.0,49.0,0.537018
7010.0,50.0,0.381515
7010.0,51.0,1.0
7010.0,52.0,0.625666
7010.0,53.0,0.73809
7010.0,54.0,0.002556
7010.0,55.0,0.613461
7010.0,56.0,1.0
7010.0,57.0,0.496905
7010.0,58.0,0.686049
7010.0,59.0,0.702896
7010.0,60.0,0.502525
7010.0,61.0,0.52692
7010.0,62.0,1.0
7010.0,63.0,0.0
7010.0,64.0,0.627296
7010.0,65.0,0.426251
7010.0,66.0,0.743251
7010.0,67.0,0.411011
7010.0,68.0,0.34438
7010.0,69.0,0.283967
7010.0,70.0,0.986583
7010.0,71.0,0.253884
7010.0,72.0,0.170924
7010.0,73.0,0.661559
7010.0,74.0,0.627796
7010.0,75.0,1.0
7010.0,76.0,1.0
7010.0,77.0,0.113292
7010.0,78.0,0.012423
7010.0,79.0,0.880202
7010.0,80.0,0.942638
7010.0,81.0,0.549167
7010.0,82.0,0.100934
7010.0,83.0,0.120486
7010.0,84.0,0.37077
7010.0,85.0,0.0
7010.0,86.0,0.602099
7010.0,87.0,0.724996
7010.0,88.0,0.0
7010.0,89.0,0.417032
7010.0,90.0,0.0
7010.0,91.0,0.529827
7010.0,92.0,0.397818
7010.0,93.0,0.649263
7010.0,94.0,0.797072
7010.0,95.0,0.446842
7010.0,96.0,1.0
7010.0,97.0,0.466168
7010.0,98.0,0.505269
7010.0,99.0,0.0
7010.0,100.0,0.61372
7010.0,101.0,1.0
7010.0,102.0,0.397935
7010.0,103.0,0.25008
7010.0,104.0,0.417553
7010.0,105.0,0.818489
7010.0,106.0,0.989967
7010.0,107.0,0.658088
7010.0,108.0,0.441924
7010.0,109.0,0.364913
7010.0,110.0,1.0
7010.0,111.0,0.464187
7010.0,112.0,0.455502
7010.0,113.0,0.199578
7010.0,114.0,1.0
7010.0,115.0,1.0
7010.0,116.0,1.0
7010.0,117.0,0.0
7010.0,118.0,0.457139
7010.0,119.0,1.0
7010.0,120.0,1.0
7010.0,121.0,0.402865
7010.0,122.0,0.121698
7010.0,123.0,0.263527
7010.0,124.0,0.262891
7010.0,125.0,0.4028
7010.0,126.0,0.692738
7010.0,127.0,0.116075
7010.0,128.0,0.650901
7010.0,129.0,0.526795
7010.0,130.0,0.396354
7010.0,131.0,0.422501
7010.0,132.0,0.653898
7010.0,133.0,0.638085
7010.0,134.0,0.208102
7010.0,135.0,0.600254
7010.0,136.0,0.519344
7010.0,137.0,0.464238
7010.0,138.0,0.0
7010.0,139.0,0.388538
7010.0,140.0,0.281014
7010.0,141.0,0.31874
7010.0,142.0,1.0
7010.0,143.0,0.425702
7010.0,144.0,0.454093
7010.0,145.0,0.272255
7010.0,146.0,0.0
7010.0,147.0,1.0
8000.0,0.0,0.357049
8000.0,1.0,1.0
8000.0,2.0,0.0
8000.0,3.0,1.0
8000.0,4.0,0.681042
8000.0,5.0,0.568619
8000.0,6.0,0.361527
8000.0,7.0,0.595396
8000.0,8.0,0.978161
8000.0,9.0,0.724096
8000.0,10.0,0.308216
8000.0,11.0,0.420266
8000.0,12.0,0.405961
8000.0,13.0,0.995934
8000.0,14.0,0.361871
8000.0,15.0,0.26322
8000.0,16.0,0.117951
8000.0,17.0,0.12129
8000.0,18.0,0.0
8000.0,19.0,0.31542
8000.0,20.0,1.0
8000.0,21.0,0.770887
8000.0,22.0,0.059078
8000.0,23.0,0.0
8000.0,24.0,0.247901
8000.0,25.0,0.256536
8000.0,26.0,0.771778
8000.0,27.0,1.0
8000.0,28.0,0.557155
8000.0,29.0,1.0
8000.0,30.0,1.0
8000.0,31.0,0.515184
8000.0,32.0,0.0
8000.0,33.0,0.914661
8000.0,34.0,0.8407
8000.0,35.0,0.535474
8000.0,36.0,0.896581
8000.0,37.0,0.0
8000.0,38.0,0.600404
8000.0,39.0,0.530156
8000.0,40.0,0.900176
8000.0,41.0,0.593875
8000.0,42.0,0.473145
8000.0,43.0,0.059122
8000.0,44.0,1.0
8000.0,45.0,0.713182
8000.0,46.0,0.378287
8000.0,47.0,0.625839
8000.0,48.0,1.0
8000.0,49.0,0.540097
8000.0,50.0,0.382817
8000.0,51.0,1.0
8000.0,52.0,0.624684
8000.0,53.0,0.736742
8000.0,54.0,0.002261
8000.0,55.0,0.63149
8000.0,56.0,1.0
8000.0,57.0,0.497497
8000.0,58.0,0.67682
8000.0,59.0,0.719262
8000.0,60.0,0.499884
8000.0,61.0,0.527109
8000.0,62.0,1.0
8000.0,63.0,0.0
8000.0,64.0,0.644096
8000.0,65.0,0.415309
8000.0,66.0,0.74683
8000.0,67.0,0.407252
8000.0,68.0,0.351472
8000.0,69.0,0.280453
8000.0,70.0,0.991364
8000.0,71.0,0.257306
8000.0,72.0,0.167683
8000.0,73.0,0.666749
8000.0,74.0,0.620458
8000.0,75.0,1.0
8000.0,76.0,1.0
8000.0,77.0,0.115761
8000.0,78.0,0.010504
8000.0,79.0,0.879123
8000.0,80.0,0.93086
8000.0,81.0,0.554788
8000.0,82.0,0.101904
8000.0,83.0,0.113032
8000.0,84.0,0.367332
8000.0,85.0,0.0
8000.0,86.0,0.607023
8000.0,87.0,0.726823
8000.0,88.0,0.0
8000.0,89.0,0.415654
8000.0,90.0,0.0
8000.0,91.0,0.531535
8000.0,92.0,0.42065
8000.0,93.0,0.646591
8000.0,94.0,0.801197
8000.0,95.0,0.447644
8000.0,96.0,1.0
8000.0,97.0,0.477833
8000.0,98.0,0.535376
8000.0,99.0,0.0
8000.0,100.0,0.619594
8000.0,101.0,1.0
8000.0,102.0,0.400111
8000.0,103.0,0.25018
8000.0,104.0,0.422763
8000.0,105.0,0.838326
8000.0,106.0,0.992861
8000.0,107.0,0.644848
8000.0,108.0,0.445267
8000.0,109.0,0.347449
8000.0,110.0,1.0
8000.0,111.0,0.46027
8000.0,112.0,0.455065
8000.0,113.0,0.198171
8000.0,114.0,1.0
8000.0,115.0,1.0
8000.0,116.0,1.0
8000.0,117.0,0.0
8000.0,118.0,0.465909
8000.0,119.0,1.0
8000.0,120.0,1.0
8000.0,121.0,0.409907
8000.0,122.0,0.119795
8000.0,123.0,0.282144
8000.0,124.0,0.268241
8000.0,125.0,0.393051
8000.0,126.0,0.688701
8000.0,127.0,0.121728
8000.0,128.0,0.652676
8000.0,129.0,0.523381
8000.0,130.0,0.400688
8000.0,131.0,0.42391
8000.0,132.0,0.662194
8000.0,133.0,0.639536
8000.0,134.0,0.206918
8000.0,135.0,0.599446
8000.0,136.0,0.523169
8000.0,137.0,0.460261
8000.0,138.0,0.0
8000.0,139.0,0.384275
8000.0,140.0,0.278327
8000.0,141.0,0.303162
8000.0,142.0,1.0
8000.0,143.0,0.415942
8000.0,144.0,0.427185
8000.0,145.0,0.271555
8000.0,146.0,0.0
8000.0,147.0,1.0
8001.0,0.0,0.359709
8001.0,1.0,1.0
8001.0,2.0,0.0
8001.0,3.0,1.0
8001.0,4.0,0.684748
8001.0,5.0,0.570664
8001.0,6.0,0.404119
8001.0,7.0,0.60674
8001.0,8.0,0.977923
8001.0,9.0,0.730737
8001.0,10.0,0.312251
8001.0,11.0,0.426712
8001.0,12.0,0.406778
8001.0,13.0,0.9961
8001.0,14.0,0.372383
8001.0,15.0,0.31086
8001.0,16.0,0.128261
8001.0,17.0,0.124931
8001.0,18.0,0.0
8001.0,19.0,0.31542
8001.0,20.0,1.0
8001.0,21.0,0.77466
8001.0,22.0,0.067455
8001.0,23.0,0.0
8001.0,24.0,0.255627
8001.0,25.0,0.2578
8001.0,26.0,0.776315
8001.0,27.0,1.0
8001.0,28.0,0.557483
8001.0,29.0,1.0
8001.0,30.0,1.0
8001.0,31.0,0.52333
8001.0,32.0,0.0
8001.0,33.0,0.915475
8001.0,34.0,0.851825
8001.0,35.0,0.560051
8001.0,36.0,0.900398
8001.0,37.0,0.0
8001.0,38.0,0.615077
8001.0,39.0,0.533801
8001.0,40.0,0.901014
8001.0,41.0,0.598808
8001.0,42.0,0.478467
8001.0,43.0,0.059521
8001.0,44.0,1.0
8001.0,45.0,0.714842
8001.0,46.0,0.38913
8001.0,47.0,0.637775
8001.0,48.0,1.0
8001.0,49.0,0.545774
8001.0,50.0,0.398085
8001.0,51.0,1.0
8001.0,52.0,0.646024
8001.0,53.0,0.74086
8001.0,54.0,0.002321
8001.0,55.0,0.637584
8001.0,56.0,1.0
8001.0,57.0,0.504748
8001.0,58.0,0.680435
8001.0,59.0,0.721648
8001.0,60.0,0.505251
8001.0,61.0,0.533323
8001.0,62.0,1.0
8001.0,63.0,0.0
8001.0,64.0,0.646013
8001.0,65.0,0.421379
8001.0,66.0,0.754747
8001.0,67.0,0.410035
8001.0,68.0,0.369807
8001.0,69.0,0.304736
8001.0,70.0,0.991473
8001.0,71.0,0.267422
8001.0,72.0,0.184602
8001.0,73.0,0.688732
8001.0,74.0,0.624536
8001.0,75.0,1.0
8001.0,76.0,1.0
8001.0,77.0,0.118466
8001.0,78.0,0.01069
8001.0,79.0,0.879577
8001.0,80.0,0.932724
8001.0,81.0,0.557027
8001.0,82.0,0.106392
8001.0,83.0,0.114278
8001.0,84.0,0.380154
8001.0,85.0,0.0
8001.0,86.0,0.618816
8001.0,87.0,0.737248
8001.0,88.0,0.0
8001.0,89.0,0.422092
8001.0,90.0,0.0
8001.0,91.0,0.552061
8001.0,92.0,0.428768
8001.0,93.0,0.665767
8001.0,94.0,0.808381
8001.0,95.0,0.457162
8001.0,96.0,1.0
8001.0,97.0,0.486154
8001.0,98.0,0.537806
8001.0,99.0,0.0
8001.0,100.0,0.627164
8001.0,101.0,1.0
8001.0,102.0,0.414352
8001.0,103.0,0.258029
8001.0,104.0,0.429423
8001.0,105.0,0.843484
8001.0,106.0,0.992916
8001.0,107.0,0.645717
8001.0,108.0,0.457326
8001.0,109.0,0.347735
8001.0,110.0,1.0
8001.0,111.0,0.468771
8001.0,112.0,0.598302
8001.0,113.0,0.204333
8001.0,114.0,1.0
8001.0,115.0,1.0
8001.0,116.0,1.0
8001.0,117.0,0.0
8001.0,118.0,0.487413
8001.0,119.0,1.0
8001.0,120.0,1.0
8001.0,121.0,0.444176
8001.0,122.0,0.120751
8001.0,123.0,0.287035
8001.0,124.0,0.272696
8001.0,125.0,0.413401
8001.0,126.0,0.693236
8001.0,127.0,0.129227
8001.0,128.0,0.589831
8001.0,129.0,0.539238
8001.0,130.0,0.402261
8001.0,131.0,0.428588
8001.0,132.0,0.672039
8001.0,133.0,0.644384
8001.0,134.0,0.210654
8001.0,135.0,0.61059
8001.0,136.0,0.532237
8001.0,137.0,0.493229
8001.0,138.0,0.0
8001.0,139.0,0.40237
8001.0,140.0,0.284688
8001.0,141.0,0.306077
8001.0,142.0,1.0
8001.0,143.0,0.422115
8001.0,144.0,0.434216
8001.0,145.0,0.282504
8001.0,146.0,0.0
8001.0,147.0,1.0
8002.0,0.0,0.362704
8002.0,1.0,1.0
8002.0,2.0,0.0
8002.0,3.0,1.0
8002.0,4.0,0.688854
8002.0,5.0,0.571952
8002.0,6.0,0.446705
8002.0,7.0,0.617742
8002.0,8.0,0.978378
8002.0,9.0,0.737909
8002.0,10.0,0.317073
8002.0,11.0,0.433212
8002.0,12.0,0.406954
8002.0,13.0,0.996279
8002.0,14.0,0.383074
8002.0,15.0,0.35922
8002.0,16.0,0.139967
8002.0,17.0,0.127499
8002.0,18.0,0.0
8002.0,19.0,0.316513
8002.0,20.0,1.0
8002.0,21.0,0.778402
8002.0,22.0,0.076674
8002.0,23.0,0.0
8002.0,24.0,0.264597
8002.0,25.0,0.258467
8002.0,26.0,0.780302
8002.0,27.0,1.0
8002.0,28.0,0.559989
8002.0,29.0,1.0
8002.0,30.0,1.0
8002.0,31.0,0.530556
8002.0,32.0,0.0
8002.0,33.0,0.915639
8002.0,34.0,0.861642
8002.0,35.0,0.58245
8002.0,36.0,0.904164
8002.0,37.0,0.0
8002.0,38.0,0.629391
8002.0,39.0,0.53776
8002.0,40.0,0.901853
8002.0,41.0,0.603807
8002.0,42.0,0.485404
8002.0,43.0,0.059965
8002.0,44.0,1.0
8002.0,45.0,0.71662
8002.0,46.0,0.399929
8002.0,47.0,0.649073
8002.0,48.0,1.0
8002.0,49.0,0.550692
8002.0,50.0,0.41508
8002.0,51.0,1.0
8002.0,52.0,0.666067
8002.0,53.0,0.745186
8002.0,54.0,0.002359
8002.0,55.0,0.644287
8002.0,56.0,1.0
8002.0,57.0,0.510757
8002.0,58.0,0.685588
8002.0,59.0,0.724933
8002.0,60.0,0.509497
8002.0,61.0,0.540192
8002.0,62.0,1.0
8002.0,63.0,0.0
8002.0,64.0,0.646884
8002.0,65.0,0.42797
8002.0,66.0,0.76199
8002.0,67.0,0.418703
8002.0,68.0,0.386495
8002.0,69.0,0.330236
8002.0,70.0,0.991366
8002.0,71.0,0.277979
8002.0,72.0,0.201787
8002.0,73.0,0.708464
8002.0,74.0,0.629041
8002.0,75.0,1.0
8002.0,76.0,1.0
8002.0,77.0,0.120741
8002.0,78.0,0.010839
8002.0,79.0,0.880088
8002.0,80.0,0.93425
8002.0,81.0,0.557492
8002.0,82.0,0.110275
8002.0,83.0,0.114867
8002.0,84.0,0.393247
8002.0,85.0,0.0
8002.0,86.0,0.630764
8002.0,87.0,0.746682
8002.0,88.0,0.0
8002.0,89.0,0.427975
8002.0,90.0,0.0
8002.0,91.0,0.571578
8002.0,92.0,0.434779
8002.0,93.0,0.683202
8002.0,94.0,0.814711
8002.0,95.0,0.467377
8002.0,96.0,1.0
8002.0,97.0,0.493967
8002.0,98.0,0.539737
8002.0,99.0,0.0
8002.0,100.0,0.634251
8002.0,101.0,1.0
8002.0,102.0,0.428006
8002.0,103.0,0.265101
8002.0,104.0,0.436728
8002.0,105.0,0.849012
8002.0,106.0,0.993196
8002.0,107.0,0.647014
8002.0,108.0,0.469103
8002.0,109.0,0.347253
8002.0,110.0,1.0
8002.0,111.0,0.477483
8002.0,112.0,0.690313
8002.0,113.0,0.210747
8002.0,114.0,1.0
8002.0,115.0,1.0
8002.0,116.0,1.0
8002.0,117.0,0.0
8002.0,118.0,0.509119
8002.0,119.0,1.0
8002.0,120.0,1.0
8002.0,121.0,0.475785
8002.0,122.0,0.121674
8002.0,123.0,0.291851
8002.0,124.0,0.276421
8002.0,125.0,0.432969
8002.0,126.0,0.697086
8002.0,127.0,0.136167
8002.0,128.0,0.555322
8002.0,129.0,0.55447
8002.0,130.0,0.403404
8002.0,131.0,0.431576
8002.0,132.0,0.68221
8002.0,133.0,0.648739
8002.0,134.0,0.21498
8002.0,135.0,0.620105
8002.0,136.0,0.539947
8002.0,137.0,0.524406
8002.0,138.0,0.0
8002.0,139.0,0.418932
8002.0,140.0,0.291847
8002.0,141.0,0.30894
8002.0,142.0,1.0
8002.0,143.0,0.427665
8002.0,144.0,0.440466
8002.0,145.0,0.292704
8002.0,146.0,0.0
8002.0,147.0,1.0
8003.0,0.0,0.365632
8003.0,1.0,1.0
8003.0,2.0,0.0
8003.0,3.0,1.0
8003.0,4.0,0.692247
8003.0,5.0,0.573364
8003.0,6.0,0.489772
8003.0,7.0,0.629338
8003.0,8.0,0.97856
8003.0,9.0,0.743382
8003.0,10.0,0.322929
8003.0,11.0,0.439281
8003.0,12.0,0.407532
8003.0,13.0,0.996493
8003.0,14.0,0.393416
8003.0,15.0,0.407663
8003.0,16.0,0.151931
8003.0,17.0,0.130122
8003.0,18.0,0.0
8003.0,19.0,0.317497
8003.0,20.0,1.0
8003.0,21.0,0.781439
8003.0,22.0,0.087172
8003.0,23.0,0.0
8003.0,24.0,0.273176
8003.0,25.0,0.259897
8003.0,26.0,0.784426
8003.0,27.0,1.0
8003.0,28.0,0.559857
8003.0,29.0,1.0
8003.0,30.0,1.0
8003.0,31.0,0.537313
8003.0,32.0,0.0
8003.0,33.0,0.916316
8003.0,34.0,0.870216
8003.0,35.0,0.602701
8003.0,36.0,0.90785
8003.0,37.0,0.0
8003.0,38.0,0.642688
8003.0,39.0,0.541147
8003.0,40.0,0.90254
8003.0,41.0,0.60848
8003.0,42.0,0.491608
8003.0,43.0,0.06096
8003.0,44.0,1.0
8003.0,45.0,0.718463
8003.0,46.0,0.409661
8003.0,47.0,0.660282
8003.0,48.0,1.0
8003.0,49.0,0.555507
8003.0,50.0,0.430759
8003.0,51.0,1.0
8003.0,52.0,0.68522
8003.0,53.0,0.749119
8003.0,54.0,0.002293
8003.0,55.0,0.650958
8003.0,56.0,1.0
8003.0,57.0,0.516159
8003.0,58.0,0.689486
8003.0,59.0,0.728591
8003.0,60.0,0.513968
8003.0,61.0,0.546637
8003.0,62.0,1.0
8003.0,63.0,0.0
8003.0,64.0,0.648789
8003.0,65.0,0.433885
8003.0,66.0,0.76889
8003.0,67.0,0.430719
8003.0,68.0,0.403044
8003.0,69.0,0.356785
8003.0,70.0,0.991423
8003.0,71.0,0.288606
8003.0,72.0,0.219062
8003.0,73.0,0.726596
8003.0,74.0,0.633623
8003.0,75.0,1.0
8003.0,76.0,1.0
8003.0,77.0,0.12327
8003.0,78.0,0.010887
8003.0,79.0,0.881453
8003.0,80.0,0.93596
8003.0,81.0,0.55835
8003.0,82.0,0.115192
8003.0,83.0,0.114985
8003.0,84.0,0.404861
8003.0,85.0,0.0
8003.0,86.0,0.641703
8003.0,87.0,0.755794
8003.0,88.0,0.0
8003.0,89.0,0.434565
8003.0,90.0,0.0
8003.0,91.0,0.591826
8003.0,92.0,0.442351
8003.0,93.0,0.701935
8003.0,94.0,0.820514
8003.0,95.0,0.477157
8003.0,96.0,1.0
8003.0,97.0,0.502287
8003.0,98.0,0.540526
8003.0,99.0,0.0
8003.0,100.0,0.641835
8003.0,101.0,1.0
8003.0,102.0,0.441533
8003.0,103.0,0.272167
8003.0,104.0,0.443513
8003.0,105.0,0.8536
8003.0,106.0,0.993379
8003.0,107.0,0.64808
8003.0,108.0,0.480869
8003.0,109.0,0.347611
8003.0,110.0,1.0
8003.0,111.0,0.487101
8003.0,112.0,0.751509
8003.0,113.0,0.217723
8003.0,114.0,1.0
8003.0,115.0,1.0
8003.0,116.0,1.0
8003.0,117.0,0.0
8003.0,118.0,0.533209
8003.0,119.0,1.0
8003.0,120.0,1.0
8003.0,121.0,0.505636
8003.0,122.0,0.122593
8003.0,123.0,0.29511
8003.0,124.0,0.280419
8003.0,125.0,0.453311
8003.0,126.0,0.701125
8003.0,127.0,0.143102
8003.0,128.0,0.537589
8003.0,129.0,0.569894
8003.0,130.0,0.404076
8003.0,131.0,0.435795
8003.0,132.0,0.692233
8003.0,133.0,0.652601
8003.0,134.0,0.218932
8003.0,135.0,0.62885
8003.0,136.0,0.547501
8003.0,137.0,0.553673
8003.0,138.0,0.0
8003.0,139.0,0.434285
8003.0,140.0,0.298494
8003.0,141.0,0.312074
8003.0,142.0,1.0
8003.0,143.0,0.433038
8003.0,144.0,0.447215
8003.0,145.0,0.303753
8003.0,146.0,0.0
8003.0,147.0,1.0
8004.0,0.0,0.369321
8004.0,1.0,1.0
8004.0,2.0,0.0
8004.0,3.0,1.0
8004.0,4.0,0.694754
8004.0,5.0,0.57543
8004.0,6.0,0.531739
8004.0,7.0,0.639887
8004.0,8.0,0.978507
8004.0,9.0,0.749507
8004.0,10.0,0.327348
8004.0,11.0,0.445943
8004.0,12.0,0.409393
8004.0,13.0,0.996704
8004.0,14.0,0.403813
8004.0,15.0,0.45449
8004.0,16.0,0.165096
8004.0,17.0,0.133349
8004.0,18.0,0.0
8004.0,19.0,0.318411
8004.0,20.0,1.0
8004.0,21.0,0.784404
8004.0,22.0,0.097772
8004.0,23.0,0.0
8004.0,24.0,0.281626
8004.0,25.0,0.261809
8004.0,26.0,0.788536
8004.0,27.0,1.0
8004.0,28.0,0.562228
8004.0,29.0,1.0
8004.0,30.0,1.0
8004.0,31.0,0.543631
8004.0,32.0,0.0
8004.0,33.0,0.916667
8004.0,34.0,0.878859
8004.0,35.0,0.621252
8004.0,36.0,0.911984
8004.0,37.0,0.0
8004.0,38.0,0.656417
8004.0,39.0,0.543887
8004.0,40.0,0.903577
8004.0,41.0,0.613342
8004.0,42.0,0.496669
8004.0,43.0,0.061656
8004.0,44.0,1.0
8004.0,45.0,0.719562
8004.0,46.0,0.418882
8004.0,47.0,0.671044
8004.0,48.0,1.0
8004.0,49.0,0.560361
8004.0,50.0,0.446859
8004.0,51.0,1.0
8004.0,52.0,0.702866
8004.0,53.0,0.753933
8004.0,54.0,0.002246
8004.0,55.0,0.657388
8004.0,56.0,1.0
8004.0,57.0,0.522754
8004.0,58.0,0.693354
8004.0,59.0,0.731517
8004.0,60.0,0.518601
8004.0,61.0,0.552439
8004.0,62.0,1.0
8004.0,63.0,0.0
8004.0,64.0,0.651424
8004.0,65.0,0.440029
8004.0,66.0,0.775986
8004.0,67.0,0.44551
8004.0,68.0,0.41948
8004.0,69.0,0.383098
8004.0,70.0,0.991471
8004.0,71.0,0.298562
8004.0,72.0,0.236697
8004.0,73.0,0.743041
8004.0,74.0,0.637558
8004.0,75.0,1.0
8004.0,76.0,1.0
8004.0,77.0,0.125722
8004.0,78.0,0.011121
8004.0,79.0,0.881774
8004.0,80.0,0.937236
8004.0,81.0,0.558991
8004.0,82.0,0.119882
8004.0,83.0,0.115264
8004.0,84.0,0.41629
8004.0,85.0,0.0
8004.0,86.0,0.652498
8004.0,87.0,0.765042
8004.0,88.0,0.0
8004.0,89.0,0.439445
8004.0,90.0,0.0
8004.0,91.0,0.610899
8004.0,92.0,0.449406
8004.0,93.0,0.717482
8004.0,94.0,0.825717
8004.0,95.0,0.487503
8004.0,96.0,1.0
8004.0,97.0,0.512251
8004.0,98.0,0.542414
8004.0,99.0,0.0
8004.0,100.0,0.64814
8004.0,101.0,1.0
8004.0,102.0,0.454032
8004.0,103.0,0.279098
8004.0,104.0,0.450617
8004.0,105.0,0.858622
8004.0,106.0,0.993359
8004.0,107.0,0.648662
8004.0,108.0,0.491423
8004.0,109.0,0.347009
8004.0,110.0,1.0
8004.0,111.0,0.496074
8004.0,112.0,0.794792
8004.0,113.0,0.224638
8004.0,114.0,1.0
8004.0,115.0,1.0
8004.0,116.0,1.0
8004.0,117.0,0.0
8004.0,118.0,0.555368
8004.0,119.0,1.0
8004.0,120.0,1.0
8004.0,121.0,0.532862
8004.0,122.0,0.124107
8004.0,123.0,0.299355
8004.0,124.0,0.284986
8004.0,125.0,0.473149
8004.0,126.0,0.704454
8004.0,127.0,0.150125
8004.0,128.0,0.530453
8004.0,129.0,0.584704
8004.0,130.0,0.405039
8004.0,131.0,0.438823
8004.0,132.0,0.701102
8004.0,133.0,0.656017
8004.0,134.0,0.222966
8004.0,135.0,0.637537
8004.0,136.0,0.555302
8004.0,137.0,0.580904
8004.0,138.0,0.0
8004.0,139.0,0.448905
8004.0,140.0,0.306141
8004.0,141.0,0.315229
8004.0,142.0,1.0
8004.0,143.0,0.438701
8004.0,144.0,0.452407
8004.0,145.0,0.315328
8004.0,146.0,0.0
8004.0,147.0,1.0
8005.0,0.0,0.372658
8005.0,1.0,1.0
8005.0,2.0,0.0
8005.0,3.0,1.0
8005.0,4.0,0.698432
8005.0,5.0,0.576354
8005.0,6.0,0.572176
8005.0,7.0,0.649636
8005.0,8.0,0.978661
8005.0,9.0,0.754984
8005.0,10.0,0.331602
8005.0,11.0,0.451275
8005.0,12.0,0.410409
8005.0,13.0,0.996897
8005.0,14.0,0.414428
8005.0,15.0,0.499329
8005.0,16.0,0.179722
8005.0,17.0,0.136367
8005.0,18.0,0.0
8005.0,19.0,0.31997
8005.0,20.0,1.0
8005.0,21.0,0.787406
8005.0,22.0,0.108826
8005.0,23.0,0.0
8005.0,24.0,0.290644
8005.0,25.0,0.263035
8005.0,26.0,0.792139
8005.0,27.0,1.0
8005.0,28.0,0.563589
8005.0,29.0,1.0
8005.0,30.0,1.0
8005.0,31.0,0.549312
8005.0,32.0,0.0
8005.0,33.0,0.916733
8005.0,34.0,0.887554
8005.0,35.0,0.638832
8005.0,36.0,0.915667
8005.0,37.0,0.0
8005.0,38.0,0.669668
8005.0,39.0,0.547374
8005.0,40.0,0.904913
8005.0,41.0,0.617068
8005.0,42.0,0.502558
8005.0,43.0,0.062427
8005.0,44.0,1.0
8005.0,45.0,0.721286
8005.0,46.0,0.42895
8005.0,47.0,0.681401
8005.0,48.0,1.0
8005.0,49.0,0.565521
8005.0,50.0,0.462665
8005.0,51.0,1.0
8005.0,52.0,0.718833
8005.0,53.0,0.758038
8005.0,54.0,0.002258
8005.0,55.0,0.663193
8005.0,56.0,1.0
8005.0,57.0,0.528448
8005.0,58.0,0.697454
8005.0,59.0,0.73375
8005.0,60.0,0.523096
8005.0,61.0,0.558631
8005.0,62.0,1.0
8005.0,63.0,0.0
8005.0,64.0,0.653023
8005.0,65.0,0.446398
8005.0,66.0,0.782125
8005.0,67.0,0.462571
8005.0,68.0,0.436061
8005.0,69.0,0.410005
8005.0,70.0,0.991546
8005.0,71.0,0.310448
8005.0,72.0,0.254539
8005.0,73.0,0.758884
8005.0,74.0,0.64151
8005.0,75.0,1.0
8005.0,76.0,1.0
8005.0,77.0,0.128471
8005.0,78.0,0.01106
8005.0,79.0,0.882071
8005.0,80.0,0.938615
8005.0,81.0,0.560759
8005.0,82.0,0.124765
8005.0,83.0,0.115813
8005.0,84.0,0.427431
8005.0,85.0,0.0
8005.0,86.0,0.66219
8005.0,87.0,0.773408
8005.0,88.0,0.0
8005.0,89.0,0.44544
8005.0,90.0,0.0
8005.0,91.0,0.628545
8005.0,92.0,0.455603
8005.0,93.0,0.733799
8005.0,94.0,0.831973
8005.0,95.0,0.497854
8005.0,96.0,1.0
8005.0,97.0,0.520982
8005.0,98.0,0.543882
8005.0,99.0,0.0
8005.0,100.0,0.654544
8005.0,101.0,1.0
8005.0,102.0,0.466867
8005.0,103.0,0.28615
8005.0,104.0,0.456879
8005.0,105.0,0.86309
8005.0,106.0,0.993359
8005.0,107.0,0.649619
8005.0,108.0,0.502382
8005.0,109.0,0.347233
8005.0,110.0,1.0
8005.0,111.0,0.504508
8005.0,112.0,0.82701
8005.0,113.0,0.231531
8005.0,114.0,1.0
8005.0,115.0,1.0
8005.0,116.0,1.0
8005.0,117.0,0.0
8005.0,118.0,0.579067
8005.0,119.0,1.0
8005.0,120.0,1.0
8005.0,121.0,0.55861
8005.0,122.0,0.125508
8005.0,123.0,0.302985
8005.0,124.0,0.287863
8005.0,125.0,0.492154
8005.0,126.0,0.708943
8005.0,127.0,0.157229
8005.0,128.0,0.528097
8005.0,129.0,0.600346
8005.0,130.0,0.406393
8005.0,131.0,0.442817
8005.0,132.0,0.710192
8005.0,133.0,0.65967
8005.0,134.0,0.227557
8005.0,135.0,0.645228
8005.0,136.0,0.561687
8005.0,137.0,0.605592
8005.0,138.0,0.0
8005.0,139.0,0.463386
8005.0,140.0,0.312607
8005.0,141.0,0.316858
8005.0,142.0,1.0
8005.0,143.0,0.44367
8005.0,144.0,0.459611
8005.0,145.0,0.325913
8005.0,146.0,0.0
8005.0,147.0,1.0
8006.0,0.0,0.369898
8006.0,1.0,1.0
8006.0,2.0,0.0
8006.0,3.0,1.0
8006.0,4.0,0.695161
8006.0,5.0,0.575106
8006.0,6.0,0.521775
8006.0,7.0,0.638201
8006.0,8.0,0.978611
8006.0,9.0,0.748665
8006.0,10.0,0.32561
8006.0,11.0,0.445065
8006.0,12.0,0.409493
8006.0,13.0,0.996789
8006.0,14.0,0.402554
8006.0,15.0,0.444051
8006.0,16.0,0.163559
8006.0,17.0,0.133536
8006.0,18.0,0.0
8006.0,19.0,0.319952
8006.0,20.0,1.0
8006.0,21.0,0.784891
8006.0,22.0,0.096197
8006.0,23.0,0.0
8006.0,24.0,0.282034
8006.0,25.0,0.261448
8006.0,26.0,0.78838
8006.0,27.0,1.0
8006.0,28.0,0.56197
8006.0,29.0,1.0
8006.0,30.0,1.0
8006.0,31.0,0.543598
8006.0,32.0,0.0
8006.0,33.0,0.916504
8006.0,34.0,0.878748
8006.0,35.0,0.616685
8006.0,36.0,0.912061
8006.0,37.0,0.0
8006.0,38.0,0.653638
8006.0,39.0,0.544412
8006.0,40.0,0.903909
8006.0,41.0,0.612101
8006.0,42.0,0.496194
8006.0,43.0,0.061273
8006.0,44.0,1.0
8006.0,45.0,0.719706
8006.0,46.0,0.418541
8006.0,47.0,0.671191
8006.0,48.0,1.0
8006.0,49.0,0.560777
8006.0,50.0,0.444923
8006.0,51.0,1.0
8006.0,52.0,0.700822
8006.0,53.0,0.753878
8006.0,54.0,0.002255
8006.0,55.0,0.656918
8006.0,56.0,1.0
8006.0,57.0,0.522237
8006.0,58.0,0.694613
8006.0,59.0,0.731447
8006.0,60.0,0.517326
8006.0,61.0,0.551705
8006.0,62.0,1.0
8006.0,63.0,0.0
8006.0,64.0,0.650446
8006.0,65.0,0.440738
8006.0,66.0,0.775893
8006.0,67.0,0.451041
8006.0,68.0,0.418056
8006.0,69.0,0.377432
8006.0,70.0,0.99132
8006.0,71.0,0.299682
8006.0,72.0,0.233515
8006.0,73.0,0.741994
8006.0,74.0,0.637323
8006.0,75.0,1.0
8006.0,76.0,1.0
8006.0,77.0,0.125923
8006.0,78.0,0.011184
8006.0,79.0,0.881467
8006.0,80.0,0.93691
8006.0,81.0,0.559044
8006.0,82.0,0.119182
8006.0,83.0,0.115047
8006.0,84.0,0.41454
8006.0,85.0,0.0
8006.0,86.0,0.650952
8006.0,87.0,0.764667
8006.0,88.0,0.0
8006.0,89.0,0.438194
8006.0,90.0,0.0
8006.0,91.0,0.609192
8006.0,92.0,0.448584
8006.0,93.0,0.716416
8006.0,94.0,0.825917
8006.0,95.0,0.487274
8006.0,96.0,1.0
8006.0,97.0,0.511594
8006.0,98.0,0.542003
8006.0,99.0,0.0
8006.0,100.0,0.648842
8006.0,101.0,1.0
8006.0,102.0,0.452715
8006.0,103.0,0.278549
8006.0,104.0,0.449464
8006.0,105.0,0.857573
8006.0,106.0,0.993315
8006.0,107.0,0.648284
8006.0,108.0,0.490783
8006.0,109.0,0.347717
8006.0,110.0,1.0
8006.0,111.0,0.495206
8006.0,112.0,0.750073
8006.0,113.0,0.224458
8006.0,114.0,1.0
8006.0,115.0,1.0
8006.0,116.0,1.0
8006.0,117.0,0.0
8006.0,118.0,0.554053
8006.0,119.0,1.0
8006.0,120.0,1.0
8006.0,121.0,0.5239
8006.0,122.0,0.124444
8006.0,123.0,0.298848
8006.0,124.0,0.282287
8006.0,125.0,0.470268
8006.0,126.0,0.704506
8006.0,127.0,0.149485
8006.0,128.0,0.550909
8006.0,129.0,0.583441
8006.0,130.0,0.404885
8006.0,131.0,0.440085
8006.0,132.0,0.699942
8006.0,133.0,0.656448
8006.0,134.0,0.223444
8006.0,135.0,0.634276
8006.0,136.0,0.553429
8006.0,137.0,0.573817
8006.0,138.0,0.0
8006.0,139.0,0.446205
8006.0,140.0,0.305561
8006.0,141.0,0.314722
8006.0,142.0,1.0
8006.0,143.0,0.437313
8006.0,144.0,0.452599
8006.0,145.0,0.313192
8006.0,146.0,0.0
8006.0,147.0,1.0
8007.0,0.0,0.367063
8007.0,1.0,1.0
8007.0,2.0,0.0
8007.0,3.0,1.0
8007.0,4.0,0.692202
8007.0,5.0,0.571647
8007.0,6.0,0.475803
8007.0,7.0,0.628139
8007.0,8.0,0.978573
8007.0,9.0,0.741899
8007.0,10.0,0.322037
8007.0,11.0,0.438206
8007.0,12.0,0.409304
8007.0,13.0,0.996661
8007.0,14.0,0.391165
8007.0,15.0,0.39266
8007.0,16.0,0.150149
8007.0,17.0,0.130665
8007.0,18.0,0.0
8007.0,19.0,0.319548
8007.0,20.0,1.0
8007.0,21.0,0.782097
8007.0,22.0,0.085339
8007.0,23.0,0.0
8007.0,24.0,0.274022
8007.0,25.0,0.26069
8007.0,26.0,0.78359
8007.0,27.0,1.0
8007.0,28.0,0.560427
8007.0,29.0,1.0
8007.0,30.0,1.0
8007.0,31.0,0.537128
8007.0,32.0,0.0
8007.0,33.0,0.916262
8007.0,34.0,0.869459
8007.0,35.0,0.594569
8007.0,36.0,0.908772
8007.0,37.0,0.0
8007.0,38.0,0.638668
8007.0,39.0,0.541117
8007.0,40.0,0.903212
8007.0,41.0,0.607462
8007.0,42.0,0.489156
8007.0,43.0,0.061045
8007.0,44.0,1.0
8007.0,45.0,0.718262
8007.0,46.0,0.408115
8007.0,47.0,0.660292
8007.0,48.0,1.0
8007.0,49.0,0.555061
8007.0,50.0,0.428031
8007.0,51.0,1.0
8007.0,52.0,0.68164
8007.0,53.0,0.750348
8007.0,54.0,0.002192
8007.0,55.0,0.651353
8007.0,56.0,1.0
8007.0,57.0,0.51589
8007.0,58.0,0.690639
8007.0,59.0,0.728489
8007.0,60.0,0.512418
8007.0,61.0,0.544734
8007.0,62.0,1.0
8007.0,63.0,0.0
8007.0,64.0,0.648936
8007.0,65.0,0.435108
8007.0,66.0,0.769159
8007.0,67.0,0.439859
8007.0,68.0,0.40092
8007.0,69.0,0.348016
8007.0,70.0,0.991351
8007.0,71.0,0.289318
8007.0,72.0,0.214627
8007.0,73.0,0.724451
8007.0,74.0,0.63403
8007.0,75.0,1.0
8007.0,76.0,1.0
8007.0,77.0,0.123742
8007.0,78.0,0.01111
8007.0,79.0,0.881242
8007.0,80.0,0.935657
8007.0,81.0,0.557671
8007.0,82.0,0.113765
8007.0,83.0,0.114823
8007.0,84.0,0.403734
8007.0,85.0,0.0
8007.0,86.0,0.640414
8007.0,87.0,0.754976
8007.0,88.0,0.0
8007.0,89.0,0.432519
8007.0,90.0,0.0
8007.0,91.0,0.589571
8007.0,92.0,0.441653
8007.0,93.0,0.699468
8007.0,94.0,0.820219
8007.0,95.0,0.477263
8007.0,96.0,1.0
8007.0,97.0,0.502143
8007.0,98.0,0.540064
8007.0,99.0,0.0
8007.0,100.0,0.642363
8007.0,101.0,1.0
8007.0,102.0,0.439614
8007.0,103.0,0.271394
8007.0,104.0,0.442754
8007.0,105.0,0.852325
8007.0,106.0,0.993071
8007.0,107.0,0.647723
8007.0,108.0,0.47965
8007.0,109.0,0.347659
8007.0,110.0,1.0
8007.0,111.0,0.48609
8007.0,112.0,0.668474
8007.0,113.0,0.217422
8007.0,114.0,1.0
8007.0,115.0,1.0
8007.0,116.0,1.0
8007.0,117.0,0.0
8007.0,118.0,0.530614
8007.0,119.0,1.0
8007.0,120.0,1.0
8007.0,121.0,0.490665
8007.0,122.0,0.122847
8007.0,123.0,0.29474
8007.0,124.0,0.278104
8007.0,125.0,0.449048
8007.0,126.0,0.701616
8007.0,127.0,0.141992
8007.0,128.0,0.57823
8007.0,129.0,0.567687
8007.0,130.0,0.403999
8007.0,131.0,0.436134
8007.0,132.0,0.689709
8007.0,133.0,0.651904
8007.0,134.0,0.219513
8007.0,135.0,0.623423
8007.0,136.0,0.546182
8007.0,137.0,0.543155
8007.0,138.0,0.0
8007.0,139.0,0.428602
8007.0,140.0,0.297825
8007.0,141.0,0.311427
8007.0,142.0,1.0
8007.0,143.0,0.432607
8007.0,144.0,0.445137
8007.0,145.0,0.301018
8007.0,146.0,0.0
8007.0,147.0,1.0
8008.0,0.0,0.363533
8008.0,1.0,1.0
8008.0,2.0,0.0
8008.0,3.0,1.0
8008.0,4.0,0.6883
8008.0,5.0,0.569464
8008.0,6.0,0.433809
8008.0,7.0,0.617499
8008.0,8.0,0.978613
8008.0,9.0,0.736291
8008.0,10.0,0.317515
8008.0,11.0,0.431317
8008.0,12.0,0.408838
8008.0,13.0,0.996471
8008.0,14.0,0.380109
8008.0,15.0,0.345484
8008.0,16.0,0.138598
8008.0,17.0,0.127679
8008.0,18.0,0.0
8008.0,19.0,0.318829
8008.0,20.0,1.0
8008.0,21.0,0.778219
8008.0,22.0,0.075735
8008.0,23.0,0.0
8008.0,24.0,0.264642
8008.0,25.0,0.260216
8008.0,26.0,0.779557
8008.0,27.0,1.0
8008.0,28.0,0.5594
8008.0,29.0,1.0
8008.0,30.0,1.0
8008.0,31.0,0.531571
8008.0,32.0,0.0
8008.0,33.0,0.916313
8008.0,34.0,0.859621
8008.0,35.0,0.574491
8008.0,36.0,0.905258
8008.0,37.0,0.0
8008.0,38.0,0.622686
8008.0,39.0,0.537762
8008.0,40.0,0.902399
8008.0,41.0,0.601505
8008.0,42.0,0.483145
8008.0,43.0,0.060713
8008.0,44.0,1.0
8008.0,45.0,0.717095
8008.0,46.0,0.397412
8008.0,47.0,0.649841
8008.0,48.0,1.0
8008.0,49.0,0.551014
8008.0,50.0,0.411351
8008.0,51.0,1.0
8008.0,52.0,0.663317
8008.0,53.0,0.746586
8008.0,54.0,0.002297
8008.0,55.0,0.644644
8008.0,56.0,1.0
8008.0,57.0,0.510231
8008.0,58.0,0.685945
8008.0,59.0,0.725943
8008.0,60.0,0.508541
8008.0,61.0,0.537767
8008.0,62.0,1.0
8008.0,63.0,0.0
8008.0,64.0,0.647529
8008.0,65.0,0.428412
8008.0,66.0,0.76267
8008.0,67.0,0.430803
8008.0,68.0,0.382891
8008.0,69.0,0.322082
8008.0,70.0,0.99121
8008.0,71.0,0.278077
8008.0,72.0,0.197992
8008.0,73.0,0.705528
8008.0,74.0,0.630821
8008.0,75.0,1.0
8008.0,76.0,1.0
8008.0,77.0,0.120796
8008.0,78.0,0.011112
8008.0,79.0,0.880698
8008.0,80.0,0.934129
8008.0,81.0,0.556057
8008.0,82.0,0.108602
8008.0,83.0,0.114277
8008.0,84.0,0.391435
8008.0,85.0,0.0
8008.0,86.0,0.629587
8008.0,87.0,0.745371
8008.0,88.0,0.0
8008.0,89.0,0.425571
8008.0,90.0,0.0
8008.0,91.0,0.570646
8008.0,92.0,0.434724
8008.0,93.0,0.683129
8008.0,94.0,0.814511
8008.0,95.0,0.468757
8008.0,96.0,1.0
8008.0,97.0,0.493897
8008.0,98.0,0.538682
8008.0,99.0,0.0
8008.0,100.0,0.636774
8008.0,101.0,1.0
8008.0,102.0,0.426407
8008.0,103.0,0.263824
8008.0,104.0,0.43605
8008.0,105.0,0.846813
8008.0,106.0,0.992916
8008.0,107.0,0.647381
8008.0,108.0,0.468882
8008.0,109.0,0.346719
8008.0,110.0,1.0
8008.0,111.0,0.475981
8008.0,112.0,0.58796
8008.0,113.0,0.210171
8008.0,114.0,1.0
8008.0,115.0,1.0
8008.0,116.0,1.0
8008.0,117.0,0.0
8008.0,118.0,0.509433
8008.0,119.0,1.0
8008.0,120.0,1.0
8008.0,121.0,0.460847
8008.0,122.0,0.121975
8008.0,123.0,0.290679
8008.0,124.0,0.273432
8008.0,125.0,0.429922
8008.0,126.0,0.698212
8008.0,127.0,0.135111
8008.0,128.0,0.607117
8008.0,129.0,0.553035
8008.0,130.0,0.401864
8008.0,131.0,0.431826
8008.0,132.0,0.67971
8008.0,133.0,0.647445
8008.0,134.0,0.215463
8008.0,135.0,0.613856
8008.0,136.0,0.538525
8008.0,137.0,0.514165
8008.0,138.0,0.0
8008.0,139.0,0.412711
8008.0,140.0,0.291011
8008.0,141.0,0.308678
8008.0,142.0,1.0
8008.0,143.0,0.427772
8008.0,144.0,0.438009
8008.0,145.0,0.290396
8008.0,146.0,0.0
8008.0,147.0,1.0
8009.0,0.0,0.359829
8009.0,1.0,1.0
8009.0,2.0,0.0
8009.0,3.0,1.0
8009.0,4.0,0.684322
8009.0,5.0,0.567262
8009.0,6.0,0.396329
8009.0,7.0,0.606711
8009.0,8.0,0.978605
8009.0,9.0,0.730214
8009.0,10.0,0.312638
8009.0,11.0,0.42477
8009.0,12.0,0.408811
8009.0,13.0,0.996348
8009.0,14.0,0.369542
8009.0,15.0,0.301598
8009.0,16.0,0.128235
8009.0,17.0,0.124999
8009.0,18.0,0.0
8009.0,19.0,0.318621
8009.0,20.0,1.0
8009.0,21.0,0.774555
8009.0,22.0,0.067564
8009.0,23.0,0.0
8009.0,24.0,0.254986
8009.0,25.0,0.25899
8009.0,26.0,0.7753
8009.0,27.0,1.0
8009.0,28.0,0.558462
8009.0,29.0,1.0
8009.0,30.0,1.0
8009.0,31.0,0.525268
8009.0,32.0,0.0
8009.0,33.0,0.915337
8009.0,34.0,0.850404
8009.0,35.0,0.554599
8009.0,36.0,0.901904
8009.0,37.0,0.0
8009.0,38.0,0.607278
8009.0,39.0,0.535192
8009.0,40.0,0.901567
8009.0,41.0,0.59694
8009.0,42.0,0.476664
8009.0,43.0,0.060244
8009.0,44.0,1.0
8009.0,45.0,0.715556
8009.0,46.0,0.387354
8009.0,47.0,0.639923
8009.0,48.0,1.0
8009.0,49.0,0.546223
8009.0,50.0,0.395992
8009.0,51.0,1.0
8009.0,52.0,0.644708
8009.0,53.0,0.742684
8009.0,54.0,0.002304
8009.0,55.0,0.638614
8009.0,56.0,1.0
8009.0,57.0,0.505046
8009.0,58.0,0.682077
8009.0,59.0,0.723155
8009.0,60.0,0.504308
8009.0,61.0,0.530725
8009.0,62.0,1.0
8009.0,63.0,0.0
8009.0,64.0,0.645791
8009.0,65.0,0.423409
8009.0,66.0,0.755222
8009.0,67.0,0.420721
8009.0,68.0,0.365501
8009.0,69.0,0.298366
8009.0,70.0,0.990896
8009.0,71.0,0.267347
8009.0,72.0,0.182366
8009.0,73.0,0.687177
8009.0,74.0,0.627682
8009.0,75.0,1.0
8009.0,76.0,1.0
8009.0,77.0,0.118116
8009.0,78.0,0.011102
8009.0,79.0,0.879568
8009.0,80.0,0.933071
8009.0,81.0,0.555431
8009.0,82.0,0.103777
8009.0,83.0,0.1139
8009.0,84.0,0.381127
8009.0,85.0,0.0
8009.0,86.0,0.618729
8009.0,87.0,0.736341
8009.0,88.0,0.0
8009.0,89.0,0.419341
8009.0,90.0,0.0
8009.0,91.0,0.552171
8009.0,92.0,0.428601
8009.0,93.0,0.666601
8009.0,94.0,0.80774
8009.0,95.0,0.460093
8009.0,96.0,1.0
8009.0,97.0,0.485781
8009.0,98.0,0.537482
8009.0,99.0,0.0
8009.0,100.0,0.630125
8009.0,101.0,1.0
8009.0,102.0,0.414143
8009.0,103.0,0.25616
8009.0,104.0,0.428882
8009.0,105.0,0.841217
8009.0,106.0,0.992637
8009.0,107.0,0.647102
8009.0,108.0,0.458796
8009.0,109.0,0.346234
8009.0,110.0,1.0
8009.0,111.0,0.467084
8009.0,112.0,0.515735
8009.0,113.0,0.204339
8009.0,114.0,1.0
8009.0,115.0,1.0
8009.0,116.0,1.0
8009.0,117.0,0.0
8009.0,118.0,0.487581
8009.0,119.0,1.0
8009.0,120.0,1.0
8009.0,121.0,0.432189
8009.0,122.0,0.121203
8009.0,123.0,0.285365
8009.0,124.0,0.269601
8009.0,125.0,0.411753
8009.0,126.0,0.694892
8009.0,127.0,0.128519
8009.0,128.0,0.63318
8009.0,129.0,0.538468
8009.0,130.0,0.400216
8009.0,131.0,0.428811
8009.0,132.0,0.670542
8009.0,133.0,0.644097
8009.0,134.0,0.211997
8009.0,135.0,0.605133
8009.0,136.0,0.530437
8009.0,137.0,0.486977
8009.0,138.0,0.0
8009.0,139.0,0.397711
8009.0,140.0,0.285207
8009.0,141.0,0.305796
8009.0,142.0,1.0
8009.0,143.0,0.422228
8009.0,144.0,0.431179
8009.0,145.0,0.28023
8009.0,146.0,0.0
8009.0,147.0,1.0
8010.0,0.0,0.355609
8010.0,1.0,1.0
8010.0,2.0,0.0
8010.0,3.0,1.0
8010.0,4.0,0.680912
8010.0,5.0,0.564305
8010.0,6.0,0.361937
8010.0,7.0,0.596399
8010.0,8.0,0.978605
8010.0,9.0,0.724472
8010.0,10.0,0.308333
8010.0,11.0,0.418897
8010.0,12.0,0.407332
8010.0,13.0,0.996268
8010.0,14.0,0.358775
8010.0,15.0,0.261612
8010.0,16.0,0.118835
8010.0,17.0,0.122234
8010.0,18.0,0.0
8010.0,19.0,0.318732
8010.0,20.0,1.0
8010.0,21.0,0.771174
8010.0,22.0,0.060009
8010.0,23.0,0.0
8010.0,24.0,0.246575
8010.0,25.0,0.259008
8010.0,26.0,0.77108
8010.0,27.0,1.0
8010.0,28.0,0.557464
8010.0,29.0,1.0
8010.0,30.0,1.0
8010.0,31.0,0.519644
8010.0,32.0,0.0
8010.0,33.0,0.915317
8010.0,34.0,0.840256
8010.0,35.0,0.534706
8010.0,36.0,0.898285
8010.0,37.0,0.0
8010.0,38.0,0.592803
8010.0,39.0,0.531448
8010.0,40.0,0.901058
8010.0,41.0,0.591521
8010.0,42.0,0.471399
8010.0,43.0,0.059659
8010.0,44.0,1.0
8010.0,45.0,0.714827
8010.0,46.0,0.377034
8010.0,47.0,0.62901
8010.0,48.0,1.0
8010.0,49.0,0.541445
8010.0,50.0,0.381723
8010.0,51.0,1.0
8010.0,52.0,0.626235
8010.0,53.0,0.739064
8010.0,54.0,0.002334
8010.0,55.0,0.632976
8010.0,56.0,1.0
8010.0,57.0,0.498478
8010.0,58.0,0.678687
8010.0,59.0,0.720436
8010.0,60.0,0.499321
8010.0,61.0,0.525018
8010.0,62.0,1.0
8010.0,63.0,0.0
8010.0,64.0,0.643986
8010.0,65.0,0.416999
8010.0,66.0,0.747322
8010.0,67.0,0.409587
8010.0,68.0,0.349259
8010.0,69.0,0.277886
8010.0,70.0,0.990828
8010.0,71.0,0.25676
8010.0,72.0,0.168132
8010.0,73.0,0.667598
8010.0,74.0,0.623677
8010.0,75.0,1.0
8010.0,76.0,1.0
8010.0,77.0,0.11579
8010.0,78.0,0.011015
8010.0,79.0,0.878988
8010.0,80.0,0.931485
8010.0,81.0,0.554537
8010.0,82.0,0.099326
8010.0,83.0,0.113508
8010.0,84.0,0.369924
8010.0,85.0,0.0
8010.0,86.0,0.608035
8010.0,87.0,0.726874
8010.0,88.0,0.0
8010.0,89.0,0.413382
8010.0,90.0,0.0
8010.0,91.0,0.533676
8010.0,92.0,0.422471
8010.0,93.0,0.650483
8010.0,94.0,0.801013
8010.0,95.0,0.451073
8010.0,96.0,1.0
8010.0,97.0,0.477438
8010.0,98.0,0.536298
8010.0,99.0,0.0
8010.0,100.0,0.623623
8010.0,101.0,1.0
8010.0,102.0,0.402407
8010.0,103.0,0.249141
8010.0,104.0,0.422857
8010.0,105.0,0.835707
8010.0,106.0,0.992435
8010.0,107.0,0.646828
8010.0,108.0,0.448393
8010.0,109.0,0.345418
8010.0,110.0,1.0
8010.0,111.0,0.458984
8010.0,112.0,0.454586
8010.0,113.0,0.198611
8010.0,114.0,1.0
8010.0,115.0,1.0
8010.0,116.0,1.0
8010.0,117.0,0.0
8010.0,118.0,0.466283
8010.0,119.0,1.0
8010.0,120.0,1.0
8010.0,121.0,0.406761
8010.0,122.0,0.120022
8010.0,123.0,0.281354
8010.0,124.0,0.265636
8010.0,125.0,0.393546
8010.0,126.0,0.692463
8010.0,127.0,0.122727
8010.0,128.0,0.654413
8010.0,129.0,0.523827
8010.0,130.0,0.399147
8010.0,131.0,0.424176
8010.0,132.0,0.661175
8010.0,133.0,0.640704
8010.0,134.0,0.208915
8010.0,135.0,0.595693
8010.0,136.0,0.523227
8010.0,137.0,0.460862
8010.0,138.0,0.0
8010.0,139.0,0.383559
8010.0,140.0,0.278609
8010.0,141.0,0.303012
8010.0,142.0,1.0
8010.0,143.0,0.417321
8010.0,144.0,0.423668
8010.0,145.0,0.270894
8010.0,146.0,0.0
8010.0,147.0,1.0
9000.0,0.0,0.366072
9000.0,1.0,1.0
9000.0,2.0,0.0
9000.0,3.0,1.0
9000.0,4.0,0.685359
9000.0,5.0,0.57202
9000.0,6.0,0.362299
9000.0,7.0,0.601317
9000.0,8.0,0.990191
9000.0,9.0,0.717126
9000.0,10.0,0.30979
9000.0,11.0,0.425871
9000.0,12.0,0.376911
9000.0,13.0,0.996677
9000.0,14.0,0.361607
9000.0,15.0,0.259449
9000.0,16.0,0.117306
9000.0,17.0,0.121955
9000.0,18.0,0.0
9000.0,19.0,0.335867
9000.0,20.0,1.0
9000.0,21.0,0.77187
9000.0,22.0,0.055409
9000.0,23.0,0.0
9000.0,24.0,0.25489
9000.0,25.0,0.251967
9000.0,26.0,0.764331
9000.0,27.0,1.0
9000.0,28.0,0.54369
9000.0,29.0,1.0
9000.0,30.0,1.0
9000.0,31.0,0.52081
9000.0,32.0,0.0
9000.0,33.0,0.92735
9000.0,34.0,0.848038
9000.0,35.0,0.535679
9000.0,36.0,0.887709
9000.0,37.0,0.0
9000.0,38.0,0.596694
9000.0,39.0,0.541552
9000.0,40.0,0.899013
9000.0,41.0,0.587668
9000.0,42.0,0.474149
9000.0,43.0,0.061203
9000.0,44.0,1.0
9000.0,45.0,0.744736
9000.0,46.0,0.376473
9000.0,47.0,0.621972
9000.0,48.0,1.0
9000.0,49.0,0.52553
9000.0,50.0,0.38049
9000.0,51.0,1.0
9000.0,52.0,0.625261
9000.0,53.0,0.732929
9000.0,54.0,0.000363
9000.0,55.0,0.617173
9000.0,56.0,1.0
9000.0,57.0,0.499463
9000.0,58.0,0.68371
9000.0,59.0,0.698347
9000.0,60.0,0.485353
9000.0,61.0,0.512085
9000.0,62.0,1.0
9000.0,63.0,0.0
9000.0,64.0,0.644632
9000.0,65.0,0.421634
9000.0,66.0,0.742983
9000.0,67.0,0.40574
9000.0,68.0,0.353576
9000.0,69.0,0.280068
9000.0,70.0,0.99549
9000.0,71.0,0.269879
9000.0,72.0,0.164778
9000.0,73.0,0.668322
9000.0,74.0,0.623204
9000.0,75.0,1.0
9000.0,76.0,1.0
9000.0,77.0,0.110888
9000.0,78.0,0.008367
9000.0,79.0,0.871291
9000.0,80.0,0.934641
9000.0,81.0,0.556558
9000.0,82.0,0.098659
9000.0,83.0,0.091903
9000.0,84.0,0.370668
9000.0,85.0,0.0
9000.0,86.0,0.599575
9000.0,87.0,0.724991
9000.0,88.0,0.0
9000.0,89.0,0.416518
9000.0,90.0,0.0
9000.0,91.0,0.530307
9000.0,92.0,0.416175
9000.0,93.0,0.646916
9000.0,94.0,0.799824
9000.0,95.0,0.439256
9000.0,96.0,1.0
9000.0,97.0,0.475118
9000.0,98.0,0.551967
9000.0,99.0,0.0
9000.0,100.0,0.622141
9000.0,101.0,1.0
9000.0,102.0,0.402637
9000.0,103.0,0.253842
9000.0,104.0,0.425086
9000.0,105.0,0.825259
9000.0,106.0,0.995047
9000.0,107.0,0.660352
9000.0,108.0,0.443035
9000.0,109.0,0.335919
9000.0,110.0,1.0
9000.0,111.0,0.468404
9000.0,112.0,0.457238
9000.0,113.0,0.206208
9000.0,114.0,1.0
9000.0,115.0,1.0
9000.0,116.0,1.0
9000.0,117.0,0.0
9000.0,118.0,0.460598
9000.0,119.0,1.0
9000.0,120.0,1.0
9000.0,121.0,0.405515
9000.0,122.0,0.108015
9000.0,123.0,0.267055
9000.0,124.0,0.255004
9000.0,125.0,0.395017
9000.0,126.0,0.692887
9000.0,127.0,0.121592
9000.0,128.0,0.650808
9000.0,129.0,0.522479
9000.0,130.0,0.392842
9000.0,131.0,0.42223
9000.0,132.0,0.662914
9000.0,133.0,0.611952
9000.0,134.0,0.204486
9000.0,135.0,0.599128
9000.0,136.0,0.509934
9000.0,137.0,0.461409
9000.0,138.0,0.0
9000.0,139.0,0.389533
9000.0,140.0,0.285393
9000.0,141.0,0.313073
9000.0,142.0,1.0
9000.0,143.0,0.427157
9000.0,144.0,0.421243
9000.0,145.0,0.264405
9000.0,146.0,0.0
9000.0,147.0,1.0
9001.0,0.0,0.369607
9001.0,1.0,1.0
9001.0,2.0,0.0
9001.0,3.0,1.0
9001.0,4.0,0.688554
9001.0,5.0,0.57363
9001.0,6.0,0.404693
9001.0,7.0,0.612995
9001.0,8.0,0.990157
9001.0,9.0,0.723885
9001.0,10.0,0.314529
9001.0,11.0,0.434159
9001.0,12.0,0.378388
9001.0,13.0,0.996694
9001.0,14.0,0.373752
9001.0,15.0,0.306723
9001.0,16.0,0.127364
9001.0,17.0,0.124074
9001.0,18.0,0.0
9001.0,19.0,0.33707
9001.0,20.0,1.0
9001.0,21.0,0.776061
9001.0,22.0,0.063395
9001.0,23.0,0.0
9001.0,24.0,0.26172
9001.0,25.0,0.253294
9001.0,26.0,0.769937
9001.0,27.0,1.0
9001.0,28.0,0.543847
9001.0,29.0,1.0
9001.0,30.0,1.0
9001.0,31.0,0.526361
9001.0,32.0,0.0
9001.0,33.0,0.92836
9001.0,34.0,0.859032
9001.0,35.0,0.560698
9001.0,36.0,0.891427
9001.0,37.0,0.0
9001.0,38.0,0.612627
9001.0,39.0,0.546424
9001.0,40.0,0.899461
9001.0,41.0,0.593283
9001.0,42.0,0.479591
9001.0,43.0,0.062228
9001.0,44.0,1.0
9001.0,45.0,0.746596
9001.0,46.0,0.387167
9001.0,47.0,0.633419
9001.0,48.0,1.0
9001.0,49.0,0.531333
9001.0,50.0,0.398055
9001.0,51.0,1.0
9001.0,52.0,0.646702
9001.0,53.0,0.736901
9001.0,54.0,0.000386
9001.0,55.0,0.624204
9001.0,56.0,1.0
9001.0,57.0,0.507079
9001.0,58.0,0.688533
9001.0,59.0,0.701276
9001.0,60.0,0.491951
9001.0,61.0,0.520401
9001.0,62.0,1.0
9001.0,63.0,0.0
9001.0,64.0,0.64534
9001.0,65.0,0.42821
9001.0,66.0,0.752121
9001.0,67.0,0.404462
9001.0,68.0,0.372025
9001.0,69.0,0.304479
9001.0,70.0,0.995388
9001.0,71.0,0.280475
9001.0,72.0,0.180147
9001.0,73.0,0.689105
9001.0,74.0,0.625069
9001.0,75.0,1.0
9001.0,76.0,1.0
9001.0,77.0,0.113776
9001.0,78.0,0.008233
9001.0,79.0,0.871961
9001.0,80.0,0.936083
9001.0,81.0,0.558157
9001.0,82.0,0.103219
9001.0,83.0,0.091956
9001.0,84.0,0.38301
9001.0,85.0,0.0
9001.0,86.0,0.61071
9001.0,87.0,0.734892
9001.0,88.0,0.0
9001.0,89.0,0.42242
9001.0,90.0,0.0
9001.0,91.0,0.550542
9001.0,92.0,0.423086
9001.0,93.0,0.66543
9001.0,94.0,0.805566
9001.0,95.0,0.449186
9001.0,96.0,1.0
9001.0,97.0,0.483804
9001.0,98.0,0.552652
9001.0,99.0,0.0
9001.0,100.0,0.627985
9001.0,101.0,1.0
9001.0,102.0,0.41689
9001.0,103.0,0.260914
9001.0,104.0,0.430592
9001.0,105.0,0.832995
9001.0,106.0,0.994866
9001.0,107.0,0.661365
9001.0,108.0,0.456301
9001.0,109.0,0.336383
9001.0,110.0,1.0
9001.0,111.0,0.478296
9001.0,112.0,0.599084
9001.0,113.0,0.212475
9001.0,114.0,1.0
9001.0,115.0,1.0
9001.0,116.0,1.0
9001.0,117.0,0.0
9001.0,118.0,0.483455
9001.0,119.0,1.0
9001.0,120.0,1.0
9001.0,121.0,0.440139
9001.0,122.0,0.108628
9001.0,123.0,0.270952
9001.0,124.0,0.259729
9001.0,125.0,0.4158
9001.0,126.0,0.696693
9001.0,127.0,0.128149
9001.0,128.0,0.590814
9001.0,129.0,0.539007
9001.0,130.0,0.394105
9001.0,131.0,0.427323
9001.0,132.0,0.673254
9001.0,133.0,0.615807
9001.0,134.0,0.207689
9001.0,135.0,0.610274
9001.0,136.0,0.518423
9001.0,137.0,0.494223
9001.0,138.0,0.0
9001.0,139.0,0.406996
9001.0,140.0,0.290961
9001.0,141.0,0.315107
9001.0,142.0,1.0
9001.0,143.0,0.432477
9001.0,144.0,0.428767
9001.0,145.0,0.275092
9001.0,146.0,0.0
9001.0,147.0,1.0
9002.0,0.0,0.373386
9002.0,1.0,1.0
9002.0,2.0,0.0
9002.0,3.0,1.0
9002.0,4.0,0.692171
9002.0,5.0,0.57443
9002.0,6.0,0.447514
9002.0,7.0,0.623231
9002.0,8.0,0.990095
9002.0,9.0,0.73069
9002.0,10.0,0.319754
9002.0,11.0,0.440547
9002.0,12.0,0.378206
9002.0,13.0,0.99689
9002.0,14.0,0.384816
9002.0,15.0,0.354265
9002.0,16.0,0.138466
9002.0,17.0,0.127328
9002.0,18.0,0.0
9002.0,19.0,0.336985
9002.0,20.0,1.0
9002.0,21.0,0.778709
9002.0,22.0,0.071847
9002.0,23.0,0.0
9002.0,24.0,0.268549
9002.0,25.0,0.255368
9002.0,26.0,0.775362
9002.0,27.0,1.0
9002.0,28.0,0.544394
9002.0,29.0,1.0
9002.0,30.0,1.0
9002.0,31.0,0.532113
9002.0,32.0,0.0
9002.0,33.0,0.928967
9002.0,34.0,0.868679
9002.0,35.0,0.583937
9002.0,36.0,0.89517
9002.0,37.0,0.0
9002.0,38.0,0.627934
9002.0,39.0,0.550508
9002.0,40.0,0.900535
9002.0,41.0,0.596592
9002.0,42.0,0.485616
9002.0,43.0,0.063311
9002.0,44.0,1.0
9002.0,45.0,0.750144
9002.0,46.0,0.397556
9002.0,47.0,0.643745
9002.0,48.0,1.0
9002.0,49.0,0.53628
9002.0,50.0,0.414379
9002.0,51.0,1.0
9002.0,52.0,0.665604
9002.0,53.0,0.739724
9002.0,54.0,0.000376
9002.0,55.0,0.630897
9002.0,56.0,1.0
9002.0,57.0,0.513617
9002.0,58.0,0.693533
9002.0,59.0,0.704771
9002.0,60.0,0.49739
9002.0,61.0,0.527905
9002.0,62.0,1.0
9002.0,63.0,0.0
9002.0,64.0,0.646321
9002.0,65.0,0.434719
9002.0,66.0,0.760558
9002.0,67.0,0.409858
9002.0,68.0,0.389772
9002.0,69.0,0.329403
9002.0,70.0,0.99556
9002.0,71.0,0.292178
9002.0,72.0,0.197447
9002.0,73.0,0.708512
9002.0,74.0,0.627689
9002.0,75.0,1.0
9002.0,76.0,1.0
9002.0,77.0,0.116315
9002.0,78.0,0.008235
9002.0,79.0,0.872194
9002.0,80.0,0.937559
9002.0,81.0,0.55895
9002.0,82.0,0.107713
9002.0,83.0,0.09135
9002.0,84.0,0.396024
9002.0,85.0,0.0
9002.0,86.0,0.620894
9002.0,87.0,0.744843
9002.0,88.0,0.0
9002.0,89.0,0.428104
9002.0,90.0,0.0
9002.0,91.0,0.571927
9002.0,92.0,0.431127
9002.0,93.0,0.684433
9002.0,94.0,0.811497
9002.0,95.0,0.458698
9002.0,96.0,1.0
9002.0,97.0,0.492213
9002.0,98.0,0.554353
9002.0,99.0,0.0
9002.0,100.0,0.635072
9002.0,101.0,1.0
9002.0,102.0,0.431208
9002.0,103.0,0.268539
9002.0,104.0,0.439215
9002.0,105.0,0.838935
9002.0,106.0,0.994739
9002.0,107.0,0.662583
9002.0,108.0,0.468644
9002.0,109.0,0.337353
9002.0,110.0,1.0
9002.0,111.0,0.487099
9002.0,112.0,0.690793
9002.0,113.0,0.218779
9002.0,114.0,1.0
9002.0,115.0,1.0
9002.0,116.0,1.0
9002.0,117.0,0.0
9002.0,118.0,0.506255
9002.0,119.0,1.0
9002.0,120.0,1.0
9002.0,121.0,0.473128
9002.0,122.0,0.109786
9002.0,123.0,0.27478
9002.0,124.0,0.264273
9002.0,125.0,0.436209
9002.0,126.0,0.700405
9002.0,127.0,0.135021
9002.0,128.0,0.556791
9002.0,129.0,0.555007
9002.0,130.0,0.395849
9002.0,131.0,0.430924
9002.0,132.0,0.683653
9002.0,133.0,0.619798
9002.0,134.0,0.211737
9002.0,135.0,0.620573
9002.0,136.0,0.526228
9002.0,137.0,0.52485
9002.0,138.0,0.0
9002.0,139.0,0.424128
9002.0,140.0,0.297532
9002.0,141.0,0.317108
9002.0,142.0,1.0
9002.0,143.0,0.438108
9002.0,144.0,0.435796
9002.0,145.0,0.285687
9002.0,146.0,0.0
9002.0,147.0,1.0
9003.0,0.0,0.376744
9003.0,1.0,1.0
9003.0,2.0,0.0
9003.0,3.0,1.0
9003.0,4.0,0.695679
9003.0,5.0,0.575651
9003.0,6.0,0.490015
9003.0,7.0,0.634304
9003.0,8.0,0.990101
9003.0,9.0,0.737281
9003.0,10.0,0.324244
9003.0,11.0,0.446949
9003.0,12.0,0.379098
9003.0,13.0,0.996994
9003.0,14.0,0.395682
9003.0,15.0,0.400812
9003.0,16.0,0.150266
9003.0,17.0,0.130108
9003.0,18.0,0.0
9003.0,19.0,0.337778
9003.0,20.0,1.0
9003.0,21.0,0.781924
9003.0,22.0,0.080975
9003.0,23.0,0.0
9003.0,24.0,0.275822
9003.0,25.0,0.256475
9003.0,26.0,0.780437
9003.0,27.0,1.0
9003.0,28.0,0.545007
9003.0,29.0,1.0
9003.0,30.0,1.0
9003.0,31.0,0.538526
9003.0,32.0,0.0
9003.0,33.0,0.929285
9003.0,34.0,0.877757
9003.0,35.0,0.604154
9003.0,36.0,0.899464
9003.0,37.0,0.0
9003.0,38.0,0.642623
9003.0,39.0,0.553339
9003.0,40.0,0.901298
9003.0,41.0,0.600493
9003.0,42.0,0.491082
9003.0,43.0,0.065187
9003.0,44.0,1.0
9003.0,45.0,0.751903
9003.0,46.0,0.407948
9003.0,47.0,0.655531
9003.0,48.0,1.0
9003.0,49.0,0.541278
9003.0,50.0,0.430533
9003.0,51.0,1.0
9003.0,52.0,0.683661
9003.0,53.0,0.743338
9003.0,54.0,0.000353
9003.0,55.0,0.637371
9003.0,56.0,1.0
9003.0,57.0,0.519281
9003.0,58.0,0.698076
9003.0,59.0,0.708947
9003.0,60.0,0.502623
9003.0,61.0,0.535224
9003.0,62.0,1.0
9003.0,63.0,0.0
9003.0,64.0,0.647966
9003.0,65.0,0.440609
9003.0,66.0,0.768802
9003.0,67.0,0.41944
9003.0,68.0,0.406603
9003.0,69.0,0.355816
9003.0,70.0,0.995672
9003.0,71.0,0.304046
9003.0,72.0,0.21459
9003.0,73.0,0.726041
9003.0,74.0,0.630719
9003.0,75.0,1.0
9003.0,76.0,1.0
9003.0,77.0,0.118742
9003.0,78.0,0.00817
9003.0,79.0,0.873077
9003.0,80.0,0.9392
9003.0,81.0,0.559733
9003.0,82.0,0.113371
9003.0,83.0,0.091313
9003.0,84.0,0.407208
9003.0,85.0,0.0
9003.0,86.0,0.631931
9003.0,87.0,0.754057
9003.0,88.0,0.0
9003.0,89.0,0.433664
9003.0,90.0,0.0
9003.0,91.0,0.591787
9003.0,92.0,0.438088
9003.0,93.0,0.700678
9003.0,94.0,0.817467
9003.0,95.0,0.469307
9003.0,96.0,1.0
9003.0,97.0,0.500937
9003.0,98.0,0.555534
9003.0,99.0,0.0
9003.0,100.0,0.640579
9003.0,101.0,1.0
9003.0,102.0,0.445273
9003.0,103.0,0.275702
9003.0,104.0,0.445934
9003.0,105.0,0.84565
9003.0,106.0,0.994727
9003.0,107.0,0.663172
9003.0,108.0,0.480179
9003.0,109.0,0.33837
9003.0,110.0,1.0
9003.0,111.0,0.495751
9003.0,112.0,0.752054
9003.0,113.0,0.225035
9003.0,114.0,1.0
9003.0,115.0,1.0
9003.0,116.0,1.0
9003.0,117.0,0.0
9003.0,118.0,0.529629
9003.0,119.0,1.0
9003.0,120.0,1.0
9003.0,121.0,0.50281
9003.0,122.0,0.111203
9003.0,123.0,0.279154
9003.0,124.0,0.268897
9003.0,125.0,0.457088
9003.0,126.0,0.705055
9003.0,127.0,0.141461
9003.0,128.0,0.539195
9003.0,129.0,0.571253
9003.0,130.0,0.397082
9003.0,131.0,0.435022
9003.0,132.0,0.693501
9003.0,133.0,0.624968
9003.0,134.0,0.21671
9003.0,135.0,0.628972
9003.0,136.0,0.535171
9003.0,137.0,0.553919
9003.0,138.0,0.0
9003.0,139.0,0.439818
9003.0,140.0,0.303903
9003.0,141.0,0.32048
9003.0,142.0,1.0
9003.0,143.0,0.44351
9003.0,144.0,0.442495
9003.0,145.0,0.295401
9003.0,146.0,0.0
9003.0,147.0,1.0
9004.0,0.0,0.38098
9004.0,1.0,1.0
9004.0,2.0,0.0
9004.0,3.0,1.0
9004.0,4.0,0.699327
9004.0,5.0,0.577042
9004.0,6.0,0.532498
9004.0,7.0,0.644722
9004.0,8.0,0.990109
9004.0,9.0,0.744266
9004.0,10.0,0.329555
9004.0,11.0,0.453719
9004.0,12.0,0.377914
9004.0,13.0,0.997022
9004.0,14.0,0.406998
9004.0,15.0,0.448443
9004.0,16.0,0.163151
9004.0,17.0,0.132749
9004.0,18.0,0.0
9004.0,19.0,0.338303
9004.0,20.0,1.0
9004.0,21.0,0.785118
9004.0,22.0,0.091406
9004.0,23.0,0.0
9004.0,24.0,0.282072
9004.0,25.0,0.25762
9004.0,26.0,0.785287
9004.0,27.0,1.0
9004.0,28.0,0.547109
9004.0,29.0,1.0
9004.0,30.0,1.0
9004.0,31.0,0.54532
9004.0,32.0,0.0
9004.0,33.0,0.929592
9004.0,34.0,0.886388
9004.0,35.0,0.622153
9004.0,36.0,0.903484
9004.0,37.0,0.0
9004.0,38.0,0.656018
9004.0,39.0,0.556016
9004.0,40.0,0.901903
9004.0,41.0,0.604328
9004.0,42.0,0.496306
9004.0,43.0,0.06647
9004.0,44.0,1.0
9004.0,45.0,0.754169
9004.0,46.0,0.418126
9004.0,47.0,0.665397
9004.0,48.0,1.0
9004.0,49.0,0.545799
9004.0,50.0,0.446635
9004.0,51.0,1.0
9004.0,52.0,0.70133
9004.0,53.0,0.745893
9004.0,54.0,0.000321
9004.0,55.0,0.643074
9004.0,56.0,1.0
9004.0,57.0,0.526213
9004.0,58.0,0.702555
9004.0,59.0,0.7129
9004.0,60.0,0.508481
9004.0,61.0,0.542876
9004.0,62.0,1.0
9004.0,63.0,0.0
9004.0,64.0,0.648728
9004.0,65.0,0.446514
9004.0,66.0,0.775854
9004.0,67.0,0.433515
9004.0,68.0,0.423114
9004.0,69.0,0.382658
9004.0,70.0,0.99583
9004.0,71.0,0.31541
9004.0,72.0,0.232501
9004.0,73.0,0.742143
9004.0,74.0,0.633693
9004.0,75.0,1.0
9004.0,76.0,1.0
9004.0,77.0,0.120886
9004.0,78.0,0.008422
9004.0,79.0,0.873956
9004.0,80.0,0.940513
9004.0,81.0,0.560943
9004.0,82.0,0.118262
9004.0,83.0,0.091458
9004.0,84.0,0.418457
9004.0,85.0,0.0
9004.0,86.0,0.642026
9004.0,87.0,0.762435
9004.0,88.0,0.0
9004.0,89.0,0.439915
9004.0,90.0,0.0
9004.0,91.0,0.610902
9004.0,92.0,0.444839
9004.0,93.0,0.716941
9004.0,94.0,0.822739
9004.0,95.0,0.478904
9004.0,96.0,1.0
9004.0,97.0,0.509277
9004.0,98.0,0.555997
9004.0,99.0,0.0
9004.0,100.0,0.646141
9004.0,101.0,1.0
9004.0,102.0,0.457509
9004.0,103.0,0.282105
9004.0,104.0,0.452859
9004.0,105.0,0.851244
9004.0,106.0,0.994665
9004.0,107.0,0.664231
9004.0,108.0,0.491101
9004.0,109.0,0.339409
9004.0,110.0,1.0
9004.0,111.0,0.505327
9004.0,112.0,0.79576
9004.0,113.0,0.231642
9004.0,114.0,1.0
9004.0,115.0,1.0
9004.0,116.0,1.0
9004.0,117.0,0.0
9004.0,118.0,0.55272
9004.0,119.0,1.0
9004.0,120.0,1.0
9004.0,121.0,0.530263
9004.0,122.0,0.11238
9004.0,123.0,0.282508
9004.0,124.0,0.274204
9004.0,125.0,0.47664
9004.0,126.0,0.709239
9004.0,127.0,0.148384
9004.0,128.0,0.5321
9004.0,129.0,0.586329
9004.0,130.0,0.398871
9004.0,131.0,0.439448
9004.0,132.0,0.703434
9004.0,133.0,0.629456
9004.0,134.0,0.220979
9004.0,135.0,0.63809
9004.0,136.0,0.544025
9004.0,137.0,0.581339
9004.0,138.0,0.0
9004.0,139.0,0.455267
9004.0,140.0,0.310689
9004.0,141.0,0.323217
9004.0,142.0,1.0
9004.0,143.0,0.448771
9004.0,144.0,0.449264
9004.0,145.0,0.305528
9004.0,146.0,0.0
9004.0,147.0,1.0
9005.0,0.0,0.383447
9005.0,1.0,1.0
9005.0,2.0,0.0
9005.0,3.0,1.0
9005.0,4.0,0.702352
9005.0,5.0,0.57827
9005.0,6.0,0.573428
9005.0,7.0,0.654637
9005.0,8.0,0.990109
9005.0,9.0,0.751564
9005.0,10.0,0.334694
9005.0,11.0,0.460343
9005.0,12.0,0.378556
9005.0,13.0,0.997164
9005.0,14.0,0.41845
9005.0,15.0,0.493583
9005.0,16.0,0.176771
9005.0,17.0,0.135108
9005.0,18.0,0.0
9005.0,19.0,0.338624
9005.0,20.0,1.0
9005.0,21.0,0.787969
9005.0,22.0,0.102585
9005.0,23.0,0.0
9005.0,24.0,0.288778
9005.0,25.0,0.258879
9005.0,26.0,0.789592
9005.0,27.0,1.0
9005.0,28.0,0.548007
9005.0,29.0,1.0
9005.0,30.0,1.0
9005.0,31.0,0.552019
9005.0,32.0,0.0
9005.0,33.0,0.930373
9005.0,34.0,0.894664
9005.0,35.0,0.641189
9005.0,36.0,0.907453
9005.0,37.0,0.0
9005.0,38.0,0.668591
9005.0,39.0,0.55976
9005.0,40.0,0.902339
9005.0,41.0,0.606513
9005.0,42.0,0.501933
9005.0,43.0,0.067559
9005.0,44.0,1.0
9005.0,45.0,0.756414
9005.0,46.0,0.428755
9005.0,47.0,0.676043
9005.0,48.0,1.0
9005.0,49.0,0.549726
9005.0,50.0,0.462749
9005.0,51.0,1.0
9005.0,52.0,0.718079
9005.0,53.0,0.749462
9005.0,54.0,0.00031
9005.0,55.0,0.64787
9005.0,56.0,1.0
9005.0,57.0,0.532696
9005.0,58.0,0.706181
9005.0,59.0,0.716513
9005.0,60.0,0.513351
9005.0,61.0,0.549759
9005.0,62.0,1.0
9005.0,63.0,0.0
9005.0,64.0,0.650523
9005.0,65.0,0.45215
9005.0,66.0,0.783618
9005.0,67.0,0.449154
9005.0,68.0,0.438873
9005.0,69.0,0.409159
9005.0,70.0,0.99598
9005.0,71.0,0.326774
9005.0,72.0,0.250295
9005.0,73.0,0.757584
9005.0,74.0,0.637115
9005.0,75.0,1.0
9005.0,76.0,1.0
9005.0,77.0,0.123708
9005.0,78.0,0.008547
9005.0,79.0,0.874348
9005.0,80.0,0.941358
9005.0,81.0,0.562094
9005.0,82.0,0.124107
9005.0,83.0,0.092005
9005.0,84.0,0.429371
9005.0,85.0,0.0
9005.0,86.0,0.65293
9005.0,87.0,0.769983
9005.0,88.0,0.0
9005.0,89.0,0.445952
9005.0,90.0,0.0
9005.0,91.0,0.627903
9005.0,92.0,0.451272
9005.0,93.0,0.732134
9005.0,94.0,0.827882
9005.0,95.0,0.488029
9005.0,96.0,1.0
9005.0,97.0,0.516224
9005.0,98.0,0.557652
9005.0,99.0,0.0
9005.0,100.0,0.65258
9005.0,101.0,1.0
9005.0,102.0,0.470761
9005.0,103.0,0.289321
9005.0,104.0,0.459557
9005.0,105.0,0.857698
9005.0,106.0,0.994726
9005.0,107.0,0.665442
9005.0,108.0,0.501536
9005.0,109.0,0.340184
9005.0,110.0,1.0
9005.0,111.0,0.513337
9005.0,112.0,0.828164
9005.0,113.0,0.239038
9005.0,114.0,1.0
9005.0,115.0,1.0
9005.0,116.0,1.0
9005.0,117.0,0.0
9005.0,118.0,0.576245
9005.0,119.0,1.0
9005.0,120.0,1.0
9005.0,121.0,0.556351
9005.0,122.0,0.113078
9005.0,123.0,0.28693
9005.0,124.0,0.279451
9005.0,125.0,0.495766
9005.0,126.0,0.71296
9005.0,127.0,0.155881
9005.0,128.0,0.529441
9005.0,129.0,0.601692
9005.0,130.0,0.402095
9005.0,131.0,0.443758
9005.0,132.0,0.71229
9005.0,133.0,0.633368
9005.0,134.0,0.225046
9005.0,135.0,0.646013
9005.0,136.0,0.55233
9005.0,137.0,0.606644
9005.0,138.0,0.0
9005.0,139.0,0.47006
9005.0,140.0,0.317364
9005.0,141.0,0.325373
9005.0,142.0,1.0
9005.0,143.0,0.453749
9005.0,144.0,0.455301
9005.0,145.0,0.315936
9005.0,146.0,0.0
9005.0,147.0,1.0
9006.0,0.0,0.380193
9006.0,1.0,1.0
9006.0,2.0,0.0
9006.0,3.0,1.0
9006.0,4.0,0.699198
9006.0,5.0,0.577262
9006.0,6.0,0.523068
9006.0,7.0,0.643146
9006.0,8.0,0.989936
9006.0,9.0,0.743538
9006.0,10.0,0.329624
9006.0,11.0,0.453346
9006.0,12.0,0.378721
9006.0,13.0,0.997083
9006.0,14.0,0.407334
9006.0,15.0,0.439095
9006.0,16.0,0.161464
9006.0,17.0,0.132609
9006.0,18.0,0.0
9006.0,19.0,0.338556
9006.0,20.0,1.0
9006.0,21.0,0.783926
9006.0,22.0,0.090524
9006.0,23.0,0.0
9006.0,24.0,0.280139
9006.0,25.0,0.257343
9006.0,26.0,0.784825
9006.0,27.0,1.0
9006.0,28.0,0.546958
9006.0,29.0,1.0
9006.0,30.0,1.0
9006.0,31.0,0.545405
9006.0,32.0,0.0
9006.0,33.0,0.929737
9006.0,34.0,0.886058
9006.0,35.0,0.618604
9006.0,36.0,0.903463
9006.0,37.0,0.0
9006.0,38.0,0.654114
9006.0,39.0,0.556213
9006.0,40.0,0.901736
9006.0,41.0,0.60269
9006.0,42.0,0.495576
9006.0,43.0,0.066357
9006.0,44.0,1.0
9006.0,45.0,0.754681
9006.0,46.0,0.416514
9006.0,47.0,0.665438
9006.0,48.0,1.0
9006.0,49.0,0.545583
9006.0,50.0,0.443981
9006.0,51.0,1.0
9006.0,52.0,0.699228
9006.0,53.0,0.746042
9006.0,54.0,0.000319
9006.0,55.0,0.642199
9006.0,56.0,1.0
9006.0,57.0,0.526908
9006.0,58.0,0.703275
9006.0,59.0,0.712895
9006.0,60.0,0.507618
9006.0,61.0,0.542424
9006.0,62.0,1.0
9006.0,63.0,0.0
9006.0,64.0,0.649143
9006.0,65.0,0.444728
9006.0,66.0,0.77523
9006.0,67.0,0.439184
9006.0,68.0,0.421927
9006.0,69.0,0.376078
9006.0,70.0,0.996046
9006.0,71.0,0.31504
9006.0,72.0,0.230441
9006.0,73.0,0.7398
9006.0,74.0,0.633624
9006.0,75.0,1.0
9006.0,76.0,1.0
9006.0,77.0,0.120522
9006.0,78.0,0.008357
9006.0,79.0,0.874241
9006.0,80.0,0.940347
9006.0,81.0,0.562895
9006.0,82.0,0.118153
9006.0,83.0,0.09242
9006.0,84.0,0.417384
9006.0,85.0,0.0
9006.0,86.0,0.64158
9006.0,87.0,0.760508
9006.0,88.0,0.0
9006.0,89.0,0.439178
9006.0,90.0,0.0
9006.0,91.0,0.607532
9006.0,92.0,0.443604
9006.0,93.0,0.715262
9006.0,94.0,0.822591
9006.0,95.0,0.477162
9006.0,96.0,1.0
9006.0,97.0,0.507281
9006.0,98.0,0.55738
9006.0,99.0,0.0
9006.0,100.0,0.645795
9006.0,101.0,1.0
9006.0,102.0,0.455325
9006.0,103.0,0.282385
9006.0,104.0,0.452271
9006.0,105.0,0.851725
9006.0,106.0,0.994818
9006.0,107.0,0.664066
9006.0,108.0,0.490708
9006.0,109.0,0.338798
9006.0,110.0,1.0
9006.0,111.0,0.503075
9006.0,112.0,0.752579
9006.0,113.0,0.231677
9006.0,114.0,1.0
9006.0,115.0,1.0
9006.0,116.0,1.0
9006.0,117.0,0.0
9006.0,118.0,0.550255
9006.0,119.0,1.0
9006.0,120.0,1.0
9006.0,121.0,0.521894
9006.0,122.0,0.111428
9006.0,123.0,0.283497
9006.0,124.0,0.274966
9006.0,125.0,0.474711
9006.0,126.0,0.708007
9006.0,127.0,0.14838
9006.0,128.0,0.55278
9006.0,129.0,0.584951
9006.0,130.0,0.400339
9006.0,131.0,0.438778
9006.0,132.0,0.701975
9006.0,133.0,0.630704
9006.0,134.0,0.221371
9006.0,135.0,0.637403
9006.0,136.0,0.5436
9006.0,137.0,0.574944
9006.0,138.0,0.0
9006.0,139.0,0.45188
9006.0,140.0,0.309976
9006.0,141.0,0.323565
9006.0,142.0,1.0
9006.0,143.0,0.448147
9006.0,144.0,0.449632
9006.0,145.0,0.304485
9006.0,146.0,0.0
9006.0,147.0,1.0
9007.0,0.0,0.376964
9007.0,1.0,1.0
9007.0,2.0,0.0
9007.0,3.0,1.0
9007.0,4.0,0.69636
9007.0,5.0,0.576622
9007.0,6.0,0.477061
9007.0,7.0,0.631158
9007.0,8.0,0.990084
9007.0,9.0,0.736049
9007.0,10.0,0.324621
9007.0,11.0,0.446368
9007.0,12.0,0.378953
9007.0,13.0,0.997127
9007.0,14.0,0.396328
9007.0,15.0,0.388032
9007.0,16.0,0.148282
9007.0,17.0,0.130918
9007.0,18.0,0.0
9007.0,19.0,0.338459
9007.0,20.0,1.0
9007.0,21.0,0.781101
9007.0,22.0,0.08013
9007.0,23.0,0.0
9007.0,24.0,0.273144
9007.0,25.0,0.256455
9007.0,26.0,0.7804
9007.0,27.0,1.0
9007.0,28.0,0.544788
9007.0,29.0,1.0
9007.0,30.0,1.0
9007.0,31.0,0.53911
9007.0,32.0,0.0
9007.0,33.0,0.928952
9007.0,34.0,0.877042
9007.0,35.0,0.596787
9007.0,36.0,0.898667
9007.0,37.0,0.0
9007.0,38.0,0.638546
9007.0,39.0,0.553469
9007.0,40.0,0.901481
9007.0,41.0,0.599227
9007.0,42.0,0.48952
9007.0,43.0,0.065381
9007.0,44.0,1.0
9007.0,45.0,0.752948
9007.0,46.0,0.404478
9007.0,47.0,0.654049
9007.0,48.0,1.0
9007.0,49.0,0.541142
9007.0,50.0,0.426705
9007.0,51.0,1.0
9007.0,52.0,0.680358
9007.0,53.0,0.741579
9007.0,54.0,0.000339
9007.0,55.0,0.635927
9007.0,56.0,1.0
9007.0,57.0,0.520586
9007.0,58.0,0.700093
9007.0,59.0,0.708687
9007.0,60.0,0.502263
9007.0,61.0,0.535038
9007.0,62.0,1.0
9007.0,63.0,0.0
9007.0,64.0,0.647646
9007.0,65.0,0.438792
9007.0,66.0,0.767424
9007.0,67.0,0.430521
9007.0,68.0,0.405495
9007.0,69.0,0.347926
9007.0,70.0,0.996078
9007.0,71.0,0.303178
9007.0,72.0,0.212347
9007.0,73.0,0.722324
9007.0,74.0,0.630273
9007.0,75.0,1.0
9007.0,76.0,1.0
9007.0,77.0,0.117784
9007.0,78.0,0.008185
9007.0,79.0,0.873905
9007.0,80.0,0.939498
9007.0,81.0,0.561394
9007.0,82.0,0.112629
9007.0,83.0,0.092632
9007.0,84.0,0.404258
9007.0,85.0,0.0
9007.0,86.0,0.63016
9007.0,87.0,0.751245
9007.0,88.0,0.0
9007.0,89.0,0.433903
9007.0,90.0,0.0
9007.0,91.0,0.587893
9007.0,92.0,0.437018
9007.0,93.0,0.698485
9007.0,94.0,0.816706
9007.0,95.0,0.465849
9007.0,96.0,1.0
9007.0,97.0,0.498799
9007.0,98.0,0.556412
9007.0,99.0,0.0
9007.0,100.0,0.639777
9007.0,101.0,1.0
9007.0,102.0,0.44065
9007.0,103.0,0.27597
9007.0,104.0,0.445684
9007.0,105.0,0.845116
9007.0,106.0,0.994832
9007.0,107.0,0.662971
9007.0,108.0,0.480139
9007.0,109.0,0.338657
9007.0,110.0,1.0
9007.0,111.0,0.495014
9007.0,112.0,0.670831
9007.0,113.0,0.224416
9007.0,114.0,1.0
9007.0,115.0,1.0
9007.0,116.0,1.0
9007.0,117.0,0.0
9007.0,118.0,0.526109
9007.0,119.0,1.0
9007.0,120.0,1.0
9007.0,121.0,0.490085
9007.0,122.0,0.110585
9007.0,123.0,0.278417
9007.0,124.0,0.269826
9007.0,125.0,0.45369
9007.0,126.0,0.702418
9007.0,127.0,0.141929
9007.0,128.0,0.57964
9007.0,129.0,0.568153
9007.0,130.0,0.397311
9007.0,131.0,0.435473
9007.0,132.0,0.693365
9007.0,133.0,0.626128
9007.0,134.0,0.217849
9007.0,135.0,0.62841
9007.0,136.0,0.535633
9007.0,137.0,0.54509
9007.0,138.0,0.0
9007.0,139.0,0.434154
9007.0,140.0,0.302723
9007.0,141.0,0.320559
9007.0,142.0,1.0
9007.0,143.0,0.442781
9007.0,144.0,0.44276
9007.0,145.0,0.29353
9007.0,146.0,0.0
9007.0,147.0,1.0
9008.0,0.0,0.373146
9008.0,1.0,1.0
9008.0,2.0,0.0
9008.0,3.0,1.0
9008.0,4.0,0.692732
9008.0,5.0,0.575041
9008.0,6.0,0.435001
9008.0,7.0,0.620155
9008.0,8.0,0.990078
9008.0,9.0,0.729377
9008.0,10.0,0.319339
9008.0,11.0,0.440283
9008.0,12.0,0.378892
9008.0,13.0,0.997055
9008.0,14.0,0.384675
9008.0,15.0,0.341107
9008.0,16.0,0.136859
9008.0,17.0,0.127986
9008.0,18.0,0.0
9008.0,19.0,0.338276
9008.0,20.0,1.0
9008.0,21.0,0.7778
9008.0,22.0,0.070693
9008.0,23.0,0.0
9008.0,24.0,0.266026
9008.0,25.0,0.256135
9008.0,26.0,0.775778
9008.0,27.0,1.0
9008.0,28.0,0.543065
9008.0,29.0,1.0
9008.0,30.0,1.0
9008.0,31.0,0.533666
9008.0,32.0,0.0
9008.0,33.0,0.9286
9008.0,34.0,0.868301
9008.0,35.0,0.575719
9008.0,36.0,0.894678
9008.0,37.0,0.0
9008.0,38.0,0.623941
9008.0,39.0,0.550879
9008.0,40.0,0.900027
9008.0,41.0,0.595163
9008.0,42.0,0.483553
9008.0,43.0,0.064184
9008.0,44.0,1.0
9008.0,45.0,0.750718
9008.0,46.0,0.394354
9008.0,47.0,0.643085
9008.0,48.0,1.0
9008.0,49.0,0.535818
9008.0,50.0,0.410531
9008.0,51.0,1.0
9008.0,52.0,0.661019
9008.0,53.0,0.738407
9008.0,54.0,0.00035
9008.0,55.0,0.629885
9008.0,56.0,1.0
9008.0,57.0,0.51407
9008.0,58.0,0.696223
9008.0,59.0,0.705659
9008.0,60.0,0.496693
9008.0,61.0,0.52869
9008.0,62.0,1.0
9008.0,63.0,0.0
9008.0,64.0,0.64569
9008.0,65.0,0.43238
9008.0,66.0,0.757673
9008.0,67.0,0.423127
9008.0,68.0,0.38888
9008.0,69.0,0.322872
9008.0,70.0,0.996113
9008.0,71.0,0.291869
9008.0,72.0,0.195762
9008.0,73.0,0.703322
9008.0,74.0,0.626347
9008.0,75.0,1.0
9008.0,76.0,1.0
9008.0,77.0,0.114278
9008.0,78.0,0.007985
9008.0,79.0,0.873036
9008.0,80.0,0.93836
9008.0,81.0,0.560274
9008.0,82.0,0.107635
9008.0,83.0,0.093057
9008.0,84.0,0.391538
9008.0,85.0,0.0
9008.0,86.0,0.620335
9008.0,87.0,0.741527
9008.0,88.0,0.0
9008.0,89.0,0.428001
9008.0,90.0,0.0
9008.0,91.0,0.568973
9008.0,92.0,0.430333
9008.0,93.0,0.682228
9008.0,94.0,0.810987
9008.0,95.0,0.455598
9008.0,96.0,1.0
9008.0,97.0,0.49073
9008.0,98.0,0.554609
9008.0,99.0,0.0
9008.0,100.0,0.632517
9008.0,101.0,1.0
9008.0,102.0,0.426866
9008.0,103.0,0.269111
9008.0,104.0,0.439168
9008.0,105.0,0.838822
9008.0,106.0,0.994754
9008.0,107.0,0.662235
9008.0,108.0,0.468923
9008.0,109.0,0.337742
9008.0,110.0,1.0
9008.0,111.0,0.486152
9008.0,112.0,0.591769
9008.0,113.0,0.218201
9008.0,114.0,1.0
9008.0,115.0,1.0
9008.0,116.0,1.0
9008.0,117.0,0.0
9008.0,118.0,0.50313
9008.0,119.0,1.0
9008.0,120.0,1.0
9008.0,121.0,0.461456
9008.0,122.0,0.110279
9008.0,123.0,0.274594
9008.0,124.0,0.26545
9008.0,125.0,0.433825
9008.0,126.0,0.697661
9008.0,127.0,0.134976
9008.0,128.0,0.606967
9008.0,129.0,0.551178
9008.0,130.0,0.396141
9008.0,131.0,0.431765
9008.0,132.0,0.683671
9008.0,133.0,0.622255
9008.0,134.0,0.214725
9008.0,135.0,0.618437
9008.0,136.0,0.527036
9008.0,137.0,0.515799
9008.0,138.0,0.0
9008.0,139.0,0.417209
9008.0,140.0,0.296419
9008.0,141.0,0.318843
9008.0,142.0,1.0
9008.0,143.0,0.437719
9008.0,144.0,0.43584
9008.0,145.0,0.283029
9008.0,146.0,0.0
9008.0,147.0,1.0
9009.0,0.0,0.369848
9009.0,1.0,1.0
9009.0,2.0,0.0
9009.0,3.0,1.0
9009.0,4.0,0.688132
9009.0,5.0,0.573276
9009.0,6.0,0.396722
9009.0,7.0,0.609287
9009.0,8.0,0.9901
9009.0,9.0,0.722755
9009.0,10.0,0.314016
9009.0,11.0,0.433978
9009.0,12.0,0.378396
9009.0,13.0,0.996974
9009.0,14.0,0.37369
9009.0,15.0,0.298198
9009.0,16.0,0.126935
9009.0,17.0,0.125928
9009.0,18.0,0.0
9009.0,19.0,0.337296
9009.0,20.0,1.0
9009.0,21.0,0.774063
9009.0,22.0,0.062792
9009.0,23.0,0.0
9009.0,24.0,0.259341
9009.0,25.0,0.254868
9009.0,26.0,0.77152
9009.0,27.0,1.0
9009.0,28.0,0.541951
9009.0,29.0,1.0
9009.0,30.0,1.0
9009.0,31.0,0.528085
9009.0,32.0,0.0
9009.0,33.0,0.928873
9009.0,34.0,0.859129
9009.0,35.0,0.555173
9009.0,36.0,0.89072
9009.0,37.0,0.0
9009.0,38.0,0.608868
9009.0,39.0,0.547815
9009.0,40.0,0.899432
9009.0,41.0,0.591206
9009.0,42.0,0.478344
9009.0,43.0,0.063167
9009.0,44.0,1.0
9009.0,45.0,0.74937
9009.0,46.0,0.384485
9009.0,47.0,0.631517
9009.0,48.0,1.0
9009.0,49.0,0.531055
9009.0,50.0,0.39552
9009.0,51.0,1.0
9009.0,52.0,0.642297
9009.0,53.0,0.734068
9009.0,54.0,0.000411
9009.0,55.0,0.624414
9009.0,56.0,1.0
9009.0,57.0,0.507826
9009.0,58.0,0.691982
9009.0,59.0,0.701843
9009.0,60.0,0.490508
9009.0,61.0,0.522238
9009.0,62.0,1.0
9009.0,63.0,0.0
9009.0,64.0,0.644653
9009.0,65.0,0.426387
9009.0,66.0,0.750033
9009.0,67.0,0.415591
9009.0,68.0,0.372025
9009.0,69.0,0.300256
9009.0,70.0,0.995992
9009.0,71.0,0.281324
9009.0,72.0,0.180155
9009.0,73.0,0.684182
9009.0,74.0,0.623715
9009.0,75.0,1.0
9009.0,76.0,1.0
9009.0,77.0,0.111314
9009.0,78.0,0.00791
9009.0,79.0,0.872445
9009.0,80.0,0.937433
9009.0,81.0,0.558396
9009.0,82.0,0.103036
9009.0,83.0,0.092889
9009.0,84.0,0.379895
9009.0,85.0,0.0
9009.0,86.0,0.608856
9009.0,87.0,0.732234
9009.0,88.0,0.0
9009.0,89.0,0.422144
9009.0,90.0,0.0
9009.0,91.0,0.550871
9009.0,92.0,0.423558
9009.0,93.0,0.665476
9009.0,94.0,0.80519
9009.0,95.0,0.446639
9009.0,96.0,1.0
9009.0,97.0,0.483337
9009.0,98.0,0.553752
9009.0,99.0,0.0
9009.0,100.0,0.626069
9009.0,101.0,1.0
9009.0,102.0,0.414811
9009.0,103.0,0.262096
9009.0,104.0,0.432112
9009.0,105.0,0.831868
9009.0,106.0,0.99486
9009.0,107.0,0.661544
9009.0,108.0,0.458155
9009.0,109.0,0.33687
9009.0,110.0,1.0
9009.0,111.0,0.477862
9009.0,112.0,0.51939
9009.0,113.0,0.211904
9009.0,114.0,1.0
9009.0,115.0,1.0
9009.0,116.0,1.0
9009.0,117.0,0.0
9009.0,118.0,0.482939
9009.0,119.0,1.0
9009.0,120.0,1.0
9009.0,121.0,0.433267
9009.0,122.0,0.109514
9009.0,123.0,0.271253
9009.0,124.0,0.260314
9009.0,125.0,0.414226
9009.0,126.0,0.693183
9009.0,127.0,0.128876
9009.0,128.0,0.631836
9009.0,129.0,0.534229
9009.0,130.0,0.393413
9009.0,131.0,0.427863
9009.0,132.0,0.67437
9009.0,133.0,0.618404
9009.0,134.0,0.21059
9009.0,135.0,0.608722
9009.0,136.0,0.518806
9009.0,137.0,0.488992
9009.0,138.0,0.0
9009.0,139.0,0.401424
9009.0,140.0,0.290952
9009.0,141.0,0.316257
9009.0,142.0,1.0
9009.0,143.0,0.432105
9009.0,144.0,0.429067
9009.0,145.0,0.27367
9009.0,146.0,0.0
9009.0,147.0,1.0
9010.0,0.0,0.366775
9010.0,1.0,1.0
9010.0,2.0,0.0
9010.0,3.0,1.0
9010.0,4.0,0.684301
9010.0,5.0,0.571924
9010.0,6.0,0.361956
9010.0,7.0,0.598512
9010.0,8.0,0.989915
9010.0,9.0,0.715492
9010.0,10.0,0.308774
9010.0,11.0,0.427773
9010.0,12.0,0.378158
9010.0,13.0,0.996859
9010.0,14.0,0.363403
9010.0,15.0,0.259138
9010.0,16.0,0.118077
9010.0,17.0,0.124371
9010.0,18.0,0.0
9010.0,19.0,0.337008
9010.0,20.0,1.0
9010.0,21.0,0.771098
9010.0,22.0,0.055385
9010.0,23.0,0.0
9010.0,24.0,0.253449
9010.0,25.0,0.253973
9010.0,26.0,0.766541
9010.0,27.0,1.0
9010.0,28.0,0.540057
9010.0,29.0,1.0
9010.0,30.0,1.0
9010.0,31.0,0.522469
9010.0,32.0,0.0
9010.0,33.0,0.928287
9010.0,34.0,0.849373
9010.0,35.0,0.536493
9010.0,36.0,0.886126
9010.0,37.0,0.0
9010.0,38.0,0.593925
9010.0,39.0,0.545442
9010.0,40.0,0.899216
9010.0,41.0,0.586881
9010.0,42.0,0.472709
9010.0,43.0,0.062538
9010.0,44.0,1.0
9010.0,45.0,0.747724
9010.0,46.0,0.374378
9010.0,47.0,0.619902
9010.0,48.0,1.0
9010.0,49.0,0.526041
9010.0,50.0,0.381645
9010.0,51.0,1.0
9010.0,52.0,0.624501
9010.0,53.0,0.731436
9010.0,54.0,0.000437
9010.0,55.0,0.618601
9010.0,56.0,1.0
9010.0,57.0,0.501971
9010.0,58.0,0.688123
9010.0,59.0,0.698124
9010.0,60.0,0.48593
9010.0,61.0,0.516545
9010.0,62.0,1.0
9010.0,63.0,0.0
9010.0,64.0,0.644322
9010.0,65.0,0.419913
9010.0,66.0,0.741308
9010.0,67.0,0.406429
9010.0,68.0,0.355405
9010.0,69.0,0.27947
9010.0,70.0,0.995979
9010.0,71.0,0.27088
9010.0,72.0,0.165939
9010.0,73.0,0.664427
9010.0,74.0,0.619745
9010.0,75.0,1.0
9010.0,76.0,1.0
9010.0,77.0,0.108883
9010.0,78.0,0.007866
9010.0,79.0,0.871825
9010.0,80.0,0.93589
9010.0,81.0,0.555948
9010.0,82.0,0.099142
9010.0,83.0,0.092989
9010.0,84.0,0.369762
9010.0,85.0,0.0
9010.0,86.0,0.597302
9010.0,87.0,0.72248
9010.0,88.0,0.0
9010.0,89.0,0.416418
9010.0,90.0,0.0
9010.0,91.0,0.531787
9010.0,92.0,0.417268
9010.0,93.0,0.64747
9010.0,94.0,0.799571
9010.0,95.0,0.43805
9010.0,96.0,1.0
9010.0,97.0,0.475937
9010.0,98.0,0.55208
9010.0,99.0,0.0
9010.0,100.0,0.620489
9010.0,101.0,1.0
9010.0,102.0,0.402657
9010.0,103.0,0.255448
9010.0,104.0,0.425524
9010.0,105.0,0.824291
9010.0,106.0,0.994863
9010.0,107.0,0.659943
9010.0,108.0,0.446582
9010.0,109.0,0.335711
9010.0,110.0,1.0
9010.0,111.0,0.468837
9010.0,112.0,0.457327
9010.0,113.0,0.205856
9010.0,114.0,1.0
9010.0,115.0,1.0
9010.0,116.0,1.0
9010.0,117.0,0.0
9010.0,118.0,0.461895
9010.0,119.0,1.0
9010.0,120.0,1.0
9010.0,121.0,0.407494
9010.0,122.0,0.108777
9010.0,123.0,0.266982
9010.0,124.0,0.256143
9010.0,125.0,0.395675
9010.0,126.0,0.688442
9010.0,127.0,0.122938
9010.0,128.0,0.652844
9010.0,129.0,0.518448
9010.0,130.0,0.391245
9010.0,131.0,0.423625
9010.0,132.0,0.665238
9010.0,133.0,0.614287
9010.0,134.0,0.206891
9010.0,135.0,0.598858
9010.0,136.0,0.510402
9010.0,137.0,0.462623
9010.0,138.0,0.0
9010.0,139.0,0.386167
9010.0,140.0,0.28533
9010.0,141.0,0.313879
9010.0,142.0,1.0
9010.0,143.0,0.427406
9010.0,144.0,0.421395
9010.0,145.0,0.264782
9010.0,146.0,0.0
9010.0,147.0,1.0
10000.0,0.0,0.362741
10000.0,1.0,1.0
10000.0,2.0,0.0
10000.0,3.0,1.0
10000.0,4.0,0.679958
10000.0,5.0,0.58283
10000.0,6.0,0.359725
10000.0,7.0,0.600657
10000.0,8.0,0.988675
10000.0,9.0,0.712839
10000.0,10.0,0.3005
10000.0,11.0,0.433094
10000.0,12.0,0.37986
10000.0,13.0,0.997729
10000.0,14.0,0.364271
10000.0,15.0,0.263079
10000.0,16.0,0.115901
10000.0,17.0,0.116988
10000.0,18.0,0.0
10000.0,19.0,0.329072
10000.0,20.0,1.0
10000.0,21.0,0.77954
10000.0,22.0,0.056967
10000.0,23.0,0.0
10000.0,24.0,0.250537
10000.0,25.0,0.273122
10000.0,26.0,0.766744
10000.0,27.0,1.0
10000.0,28.0,0.572433
10000.0,29.0,1.0
10000.0,30.0,1.0
10000.0,31.0,0.521162
10000.0,32.0,0.0
10000.0,33.0,0.936166
10000.0,34.0,0.850476
10000.0,35.0,0.535884
10000.0,36.0,0.901138
10000.0,37.0,0.0
10000.0,38.0,0.594548
10000.0,39.0,0.54615
10000.0,40.0,0.914872
10000.0,41.0,0.58387
10000.0,42.0,0.469349
10000.0,43.0,0.05483
10000.0,44.0,1.0
10000.0,45.0,0.762868
10000.0,46.0,0.378067
10000.0,47.0,0.629105
10000.0,48.0,1.0
10000.0,49.0,0.532842
10000.0,50.0,0.377537
10000.0,51.0,1.0
10000.0,52.0,0.623199
10000.0,53.0,0.734325
10000.0,54.0,0.0
10000.0,55.0,0.619933
10000.0,56.0,1.0
10000.0,57.0,0.493398
10000.0,58.0,0.682534
10000.0,59.0,0.712449
10000.0,60.0,0.507121
10000.0,61.0,0.536537
10000.0,62.0,1.0
10000.0,63.0,0.0
10000.0,64.0,0.62443
10000.0,65.0,0.419427
10000.0,66.0,0.745456
10000.0,67.0,0.400524
10000.0,68.0,0.348289
10000.0,69.0,0.278854
10000.0,70.0,0.997891
10000.0,71.0,0.259818
10000.0,72.0,0.163502
10000.0,73.0,0.66527
10000.0,74.0,0.624793
10000.0,75.0,1.0
10000.0,76.0,1.0
10000.0,77.0,0.108429
10000.0,78.0,0.005533
10000.0,79.0,0.878317
10000.0,80.0,0.937987
10000.0,81.0,0.550291
10000.0,82.0,0.09643
10000.0,83.0,0.102418
10000.0,84.0,0.36766
10000.0,85.0,0.0
10000.0,86.0,0.601466
10000.0,87.0,0.722112
10000.0,88.0,0.0
10000.0,89.0,0.40823
10000.0,90.0,0.0
10000.0,91.0,0.531426
10000.0,92.0,0.421848
10000.0,93.0,0.651192
10000.0,94.0,0.797874
10000.0,95.0,0.451149
10000.0,96.0,1.0
10000.0,97.0,0.479596
10000.0,98.0,0.546458
10000.0,99.0,0.0
10000.0,100.0,0.610241
10000.0,101.0,1.0
10000.0,102.0,0.400351
10000.0,103.0,0.248535
10000.0,104.0,0.417405
10000.0,105.0,0.819167
10000.0,106.0,0.993763
10000.0,107.0,0.648375
10000.0,108.0,0.438195
10000.0,109.0,0.333749
10000.0,110.0,1.0
10000.0,111.0,0.451069
10000.0,112.0,0.455087
10000.0,113.0,0.202936
10000.0,114.0,1.0
10000.0,115.0,1.0
10000.0,116.0,1.0
10000.0,117.0,0.0
10000.0,118.0,0.469571
10000.0,119.0,1.0
10000.0,120.0,1.0
10000.0,121.0,0.405801
10000.0,122.0,0.128865
10000.0,123.0,0.26737
10000.0,124.0,0.266962
10000.0,125.0,0.397817
10000.0,126.0,0.68257
10000.0,127.0,0.117273
10000.0,128.0,0.648825
10000.0,129.0,0.525619
10000.0,130.0,0.420523
10000.0,131.0,0.427786
10000.0,132.0,0.663426
10000.0,133.0,0.639607
10000.0,134.0,0.199151
10000.0,135.0,0.602367
10000.0,136.0,0.505548
10000.0,137.0,0.464435
10000.0,138.0,0.0
10000.0,139.0,0.385269
10000.0,140.0,0.278605
10000.0,141.0,0.306783
10000.0,142.0,1.0
10000.0,143.0,0.42515
10000.0,144.0,0.427381
10000.0,145.0,0.268945
10000.0,146.0,0.0
10000.0,147.0,1.0
10001.0,0.0,0.364797
10001.0,1.0,1.0
10001.0,2.0,0.0
10001.0,3.0,1.0
10001.0,4.0,0.684301
10001.0,5.0,0.584645
10001.0,6.0,0.401251
10001.0,7.0,0.612428
10001.0,8.0,0.988844
10001.0,9.0,0.721244
10001.0,10.0,0.305833
10001.0,11.0,0.440161
10001.0,12.0,0.380398
10001.0,13.0,0.997974
10001.0,14.0,0.37399
10001.0,15.0,0.309696
10001.0,16.0,0.126691
10001.0,17.0,0.12071
10001.0,18.0,0.0
10001.0,19.0,0.328928
10001.0,20.0,1.0
10001.0,21.0,0.783115
10001.0,22.0,0.064565
10001.0,23.0,0.0
10001.0,24.0,0.257495
10001.0,25.0,0.273783
10001.0,26.0,0.771829
10001.0,27.0,1.0
10001.0,28.0,0.574312
10001.0,29.0,1.0
10001.0,30.0,1.0
10001.0,31.0,0.527582
10001.0,32.0,0.0
10001.0,33.0,0.936234
10001.0,34.0,0.861375
10001.0,35.0,0.56035
10001.0,36.0,0.905382
10001.0,37.0,0.0
10001.0,38.0,0.609737
10001.0,39.0,0.548468
10001.0,40.0,0.915445
10001.0,41.0,0.587664
10001.0,42.0,0.475316
10001.0,43.0,0.055973
10001.0,44.0,1.0
10001.0,45.0,0.764849
10001.0,46.0,0.388891
10001.0,47.0,0.640548
10001.0,48.0,1.0
10001.0,49.0,0.539141
10001.0,50.0,0.39398
10001.0,51.0,1.0
10001.0,52.0,0.645256
10001.0,53.0,0.738235
10001.0,54.0,0.0
10001.0,55.0,0.625328
10001.0,56.0,1.0
10001.0,57.0,0.500229
10001.0,58.0,0.686623
10001.0,59.0,0.715559
10001.0,60.0,0.514212
10001.0,61.0,0.543874
10001.0,62.0,1.0
10001.0,63.0,0.0
10001.0,64.0,0.62625
10001.0,65.0,0.426126
10001.0,66.0,0.753642
10001.0,67.0,0.402785
10001.0,68.0,0.366593
10001.0,69.0,0.304947
10001.0,70.0,0.997896
10001.0,71.0,0.270063
10001.0,72.0,0.179314
10001.0,73.0,0.686977
10001.0,74.0,0.627697
10001.0,75.0,1.0
10001.0,76.0,1.0
10001.0,77.0,0.110473
10001.0,78.0,0.005513
10001.0,79.0,0.879305
10001.0,80.0,0.939599
10001.0,81.0,0.550942
10001.0,82.0,0.100775
10001.0,83.0,0.102476
10001.0,84.0,0.379114
10001.0,85.0,0.0
10001.0,86.0,0.612272
10001.0,87.0,0.732436
10001.0,88.0,0.0
10001.0,89.0,0.415183
10001.0,90.0,0.0
10001.0,91.0,0.551766
10001.0,92.0,0.428657
10001.0,93.0,0.669116
10001.0,94.0,0.802963
10001.0,95.0,0.459852
10001.0,96.0,1.0
10001.0,97.0,0.487986
10001.0,98.0,0.547254
10001.0,99.0,0.0
10001.0,100.0,0.615276
10001.0,101.0,1.0
10001.0,102.0,0.415496
10001.0,103.0,0.255128
10001.0,104.0,0.42458
10001.0,105.0,0.826173
10001.0,106.0,0.993793
10001.0,107.0,0.649687
10001.0,108.0,0.451457
10001.0,109.0,0.334234
10001.0,110.0,1.0
10001.0,111.0,0.459494
10001.0,112.0,0.598859
10001.0,113.0,0.209108
10001.0,114.0,1.0
10001.0,115.0,1.0
10001.0,116.0,1.0
10001.0,117.0,0.0
10001.0,118.0,0.491687
10001.0,119.0,1.0
10001.0,120.0,1.0
10001.0,121.0,0.438622
10001.0,122.0,0.130368
10001.0,123.0,0.271508
10001.0,124.0,0.272224
10001.0,125.0,0.418441
10001.0,126.0,0.687881
10001.0,127.0,0.123804
10001.0,128.0,0.584557
10001.0,129.0,0.541021
10001.0,130.0,0.421899
10001.0,131.0,0.432408
10001.0,132.0,0.672644
10001.0,133.0,0.644528
10001.0,134.0,0.203652
10001.0,135.0,0.612012
10001.0,136.0,0.513401
10001.0,137.0,0.497568
10001.0,138.0,0.0
10001.0,139.0,0.402736
10001.0,140.0,0.287003
10001.0,141.0,0.310897
10001.0,142.0,1.0
10001.0,143.0,0.430288
10001.0,144.0,0.432802
10001.0,145.0,0.27991
10001.0,146.0,0.0
10001.0,147.0,1.0
10002.0,0.0,0.367853
10002.0,1.0,1.0
10002.0,2.0,0.0
10002.0,3.0,1.0
10002.0,4.0,0.688396
10002.0,5.0,0.5862
10002.0,6.0,0.443466
10002.0,7.0,0.624385
10002.0,8.0,0.988743
10002.0,9.0,0.729516
10002.0,10.0,0.310813
10002.0,11.0,0.447097
10002.0,12.0,0.381567
10002.0,13.0,0.998102
10002.0,14.0,0.384713
10002.0,15.0,0.357574
10002.0,16.0,0.137498
10002.0,17.0,0.123975
10002.0,18.0,0.0
10002.0,19.0,0.329338
10002.0,20.0,1.0
10002.0,21.0,0.786043
10002.0,22.0,0.073409
10002.0,23.0,0.0
10002.0,24.0,0.264381
10002.0,25.0,0.275011
10002.0,26.0,0.776688
10002.0,27.0,1.0
10002.0,28.0,0.57718
10002.0,29.0,1.0
10002.0,30.0,1.0
10002.0,31.0,0.533968
10002.0,32.0,0.0
10002.0,33.0,0.93655
10002.0,34.0,0.870819
10002.0,35.0,0.581461
10002.0,36.0,0.909104
10002.0,37.0,0.0
10002.0,38.0,0.624469
10002.0,39.0,0.550168
10002.0,40.0,0.916254
10002.0,41.0,0.591801
10002.0,42.0,0.481094
10002.0,43.0,0.05697
10002.0,44.0,1.0
10002.0,45.0,0.765681
10002.0,46.0,0.399444
10002.0,47.0,0.652088
10002.0,48.0,1.0
10002.0,49.0,0.545098
10002.0,50.0,0.410103
10002.0,51.0,1.0
10002.0,52.0,0.664608
10002.0,53.0,0.742474
10002.0,54.0,0.0
10002.0,55.0,0.631376
10002.0,56.0,1.0
10002.0,57.0,0.506203
10002.0,58.0,0.690415
10002.0,59.0,0.718751
10002.0,60.0,0.519481
10002.0,61.0,0.550492
10002.0,62.0,1.0
10002.0,63.0,0.0
10002.0,64.0,0.628704
10002.0,65.0,0.432851
10002.0,66.0,0.760991
10002.0,67.0,0.412301
10002.0,68.0,0.383029
10002.0,69.0,0.33053
10002.0,70.0,0.997929
10002.0,71.0,0.281069
10002.0,72.0,0.195314
10002.0,73.0,0.70689
10002.0,74.0,0.630344
10002.0,75.0,1.0
10002.0,76.0,1.0
10002.0,77.0,0.112768
10002.0,78.0,0.005542
10002.0,79.0,0.880369
10002.0,80.0,0.941637
10002.0,81.0,0.551053
10002.0,82.0,0.106013
10002.0,83.0,0.102542
10002.0,84.0,0.390081
10002.0,85.0,0.0
10002.0,86.0,0.622923
10002.0,87.0,0.742123
10002.0,88.0,0.0
10002.0,89.0,0.422105
10002.0,90.0,0.0
10002.0,91.0,0.572257
10002.0,92.0,0.435303
10002.0,93.0,0.686384
10002.0,94.0,0.807488
10002.0,95.0,0.468951
10002.0,96.0,1.0
10002.0,97.0,0.496386
10002.0,98.0,0.549084
10002.0,99.0,0.0
10002.0,100.0,0.622768
10002.0,101.0,1.0
10002.0,102.0,0.431084
10002.0,103.0,0.262161
10002.0,104.0,0.430643
10002.0,105.0,0.833152
10002.0,106.0,0.993993
10002.0,107.0,0.650129
10002.0,108.0,0.463331
10002.0,109.0,0.334004
10002.0,110.0,1.0
10002.0,111.0,0.469062
10002.0,112.0,0.692313
10002.0,113.0,0.215536
10002.0,114.0,1.0
10002.0,115.0,1.0
10002.0,116.0,1.0
10002.0,117.0,0.0
10002.0,118.0,0.513414
10002.0,119.0,1.0
10002.0,120.0,1.0
10002.0,121.0,0.469621
10002.0,122.0,0.131578
10002.0,123.0,0.276003
10002.0,124.0,0.276731
10002.0,125.0,0.438116
10002.0,126.0,0.692866
10002.0,127.0,0.129519
10002.0,128.0,0.548007
10002.0,129.0,0.555746
10002.0,130.0,0.423275
10002.0,131.0,0.436722
10002.0,132.0,0.682359
10002.0,133.0,0.648076
10002.0,134.0,0.207224
10002.0,135.0,0.6213
10002.0,136.0,0.522238
10002.0,137.0,0.528748
10002.0,138.0,0.0
10002.0,139.0,0.419526
10002.0,140.0,0.295043
10002.0,141.0,0.313644
10002.0,142.0,1.0
10002.0,143.0,0.436182
10002.0,144.0,0.439991
10002.0,145.0,0.290926
10002.0,146.0,0.0
10002.0,147.0,1.0
10003.0,0.0,0.371724
10003.0,1.0,1.0
10003.0,2.0,0.0
10003.0,3.0,1.0
10003.0,4.0,0.692169
10003.0,5.0,0.588553
10003.0,6.0,0.485955
10003.0,7.0,0.635169
10003.0,8.0,0.988736
10003.0,9.0,0.73748
10003.0,10.0,0.315393
10003.0,11.0,0.453447
10003.0,12.0,0.38228
10003.0,13.0,0.998207
10003.0,14.0,0.395923
10003.0,15.0,0.40484
10003.0,16.0,0.149106
10003.0,17.0,0.12676
10003.0,18.0,0.0
10003.0,19.0,0.330558
10003.0,20.0,1.0
10003.0,21.0,0.789767
10003.0,22.0,0.082514
10003.0,23.0,0.0
10003.0,24.0,0.270674
10003.0,25.0,0.276247
10003.0,26.0,0.781396
10003.0,27.0,1.0
10003.0,28.0,0.578439
10003.0,29.0,1.0
10003.0,30.0,1.0
10003.0,31.0,0.540209
10003.0,32.0,0.0
10003.0,33.0,0.936556
10003.0,34.0,0.879313
10003.0,35.0,0.602559
10003.0,36.0,0.912108
10003.0,37.0,0.0
10003.0,38.0,0.638915
10003.0,39.0,0.554154
10003.0,40.0,0.916559
10003.0,41.0,0.595518
10003.0,42.0,0.487073
10003.0,43.0,0.057972
10003.0,44.0,1.0
10003.0,45.0,0.767328
10003.0,46.0,0.410406
10003.0,47.0,0.662917
10003.0,48.0,1.0
10003.0,49.0,0.55066
10003.0,50.0,0.425953
10003.0,51.0,1.0
10003.0,52.0,0.68326
10003.0,53.0,0.74522
10003.0,54.0,0.0
10003.0,55.0,0.636729
10003.0,56.0,1.0
10003.0,57.0,0.512861
10003.0,58.0,0.694
10003.0,59.0,0.722592
10003.0,60.0,0.525497
10003.0,61.0,0.558071
10003.0,62.0,1.0
10003.0,63.0,0.0
10003.0,64.0,0.629601
10003.0,65.0,0.439101
10003.0,66.0,0.768162
10003.0,67.0,0.425977
10003.0,68.0,0.400485
10003.0,69.0,0.356257
10003.0,70.0,0.99792
10003.0,71.0,0.29255
10003.0,72.0,0.212768
10003.0,73.0,0.725614
10003.0,74.0,0.63227
10003.0,75.0,1.0
10003.0,76.0,1.0
10003.0,77.0,0.115472
10003.0,78.0,0.005666
10003.0,79.0,0.880884
10003.0,80.0,0.943486
10003.0,81.0,0.551843
10003.0,82.0,0.110933
10003.0,83.0,0.103509
10003.0,84.0,0.401395
10003.0,85.0,0.0
10003.0,86.0,0.633029
10003.0,87.0,0.751489
10003.0,88.0,0.0
10003.0,89.0,0.428407
10003.0,90.0,0.0
10003.0,91.0,0.590457
10003.0,92.0,0.441725
10003.0,93.0,0.701989
10003.0,94.0,0.813314
10003.0,95.0,0.478235
10003.0,96.0,1.0
10003.0,97.0,0.503689
10003.0,98.0,0.549562
10003.0,99.0,0.0
10003.0,100.0,0.628796
10003.0,101.0,1.0
10003.0,102.0,0.445832
10003.0,103.0,0.26849
10003.0,104.0,0.4376
10003.0,105.0,0.839048
10003.0,106.0,0.99399
10003.0,107.0,0.651286
10003.0,108.0,0.475084
10003.0,109.0,0.335011
10003.0,110.0,1.0
10003.0,111.0,0.478467
10003.0,112.0,0.753487
10003.0,113.0,0.222199
10003.0,114.0,1.0
10003.0,115.0,1.0
10003.0,116.0,1.0
10003.0,117.0,0.0
10003.0,118.0,0.536709
10003.0,119.0,1.0
10003.0,120.0,1.0
10003.0,121.0,0.498629
10003.0,122.0,0.132645
10003.0,123.0,0.280047
10003.0,124.0,0.280271
10003.0,125.0,0.45768
10003.0,126.0,0.696644
10003.0,127.0,0.135885
10003.0,128.0,0.529565
10003.0,129.0,0.571912
10003.0,130.0,0.424977
10003.0,131.0,0.442097
10003.0,132.0,0.691529
10003.0,133.0,0.652291
10003.0,134.0,0.211178
10003.0,135.0,0.630971
10003.0,136.0,0.531159
10003.0,137.0,0.557835
10003.0,138.0,0.0
10003.0,139.0,0.435363
10003.0,140.0,0.303392
10003.0,141.0,0.316872
10003.0,142.0,1.0
10003.0,143.0,0.44125
10003.0,144.0,0.446426
10003.0,145.0,0.301592
10003.0,146.0,0.0
10003.0,147.0,1.0
10004.0,0.0,0.374656
10004.0,1.0,1.0
10004.0,2.0,0.0
10004.0,3.0,1.0
10004.0,4.0,0.695379
10004.0,5.0,0.589593
10004.0,6.0,0.528177
10004.0,7.0,0.645611
10004.0,8.0,0.988766
10004.0,9.0,0.744221
10004.0,10.0,0.320982
10004.0,11.0,0.45982
10004.0,12.0,0.38253
10004.0,13.0,0.998299
10004.0,14.0,0.406387
10004.0,15.0,0.452018
10004.0,16.0,0.162685
10004.0,17.0,0.130196
10004.0,18.0,0.0
10004.0,19.0,0.33179
10004.0,20.0,1.0
10004.0,21.0,0.792584
10004.0,22.0,0.093094
10004.0,23.0,0.0
10004.0,24.0,0.277232
10004.0,25.0,0.276812
10004.0,26.0,0.785609
10004.0,27.0,1.0
10004.0,28.0,0.579016
10004.0,29.0,1.0
10004.0,30.0,1.0
10004.0,31.0,0.545778
10004.0,32.0,0.0
10004.0,33.0,0.936722
10004.0,34.0,0.88702
10004.0,35.0,0.621955
10004.0,36.0,0.915629
10004.0,37.0,0.0
10004.0,38.0,0.652525
10004.0,39.0,0.557217
10004.0,40.0,0.917779
10004.0,41.0,0.598937
10004.0,42.0,0.493265
10004.0,43.0,0.058821
10004.0,44.0,1.0
10004.0,45.0,0.769295
10004.0,46.0,0.420925
10004.0,47.0,0.673776
10004.0,48.0,1.0
10004.0,49.0,0.555951
10004.0,50.0,0.442094
10004.0,51.0,1.0
10004.0,52.0,0.70125
10004.0,53.0,0.749067
10004.0,54.0,0.0
10004.0,55.0,0.642007
10004.0,56.0,1.0
10004.0,57.0,0.519027
10004.0,58.0,0.697823
10004.0,59.0,0.726027
10004.0,60.0,0.531322
10004.0,61.0,0.565115
10004.0,62.0,1.0
10004.0,63.0,0.0
10004.0,64.0,0.631462
10004.0,65.0,0.445212
10004.0,66.0,0.774783
10004.0,67.0,0.440967
10004.0,68.0,0.416966
10004.0,69.0,0.382519
10004.0,70.0,0.997876
10004.0,71.0,0.302406
10004.0,72.0,0.23065
10004.0,73.0,0.742012
10004.0,74.0,0.636336
10004.0,75.0,1.0
10004.0,76.0,1.0
10004.0,77.0,0.118254
10004.0,78.0,0.005645
10004.0,79.0,0.881323
10004.0,80.0,0.94468
10004.0,81.0,0.552502
10004.0,82.0,0.115902
10004.0,83.0,0.104163
10004.0,84.0,0.412943
10004.0,85.0,0.0
10004.0,86.0,0.643087
10004.0,87.0,0.760008
10004.0,88.0,0.0
10004.0,89.0,0.43405
10004.0,90.0,0.0
10004.0,91.0,0.608937
10004.0,92.0,0.448112
10004.0,93.0,0.71723
10004.0,94.0,0.817999
10004.0,95.0,0.487628
10004.0,96.0,1.0
10004.0,97.0,0.510809
10004.0,98.0,0.549937
10004.0,99.0,0.0
10004.0,100.0,0.634167
10004.0,101.0,1.0
10004.0,102.0,0.45953
10004.0,103.0,0.275216
10004.0,104.0,0.443208
10004.0,105.0,0.843921
10004.0,106.0,0.994047
10004.0,107.0,0.651506
10004.0,108.0,0.486728
10004.0,109.0,0.336201
10004.0,110.0,1.0
10004.0,111.0,0.488322
10004.0,112.0,0.796133
10004.0,113.0,0.228536
10004.0,114.0,1.0
10004.0,115.0,1.0
10004.0,116.0,1.0
10004.0,117.0,0.0
10004.0,118.0,0.559664
10004.0,119.0,1.0
10004.0,120.0,1.0
10004.0,121.0,0.526408
10004.0,122.0,0.134035
10004.0,123.0,0.284276
10004.0,124.0,0.285121
10004.0,125.0,0.478597
10004.0,126.0,0.701069
10004.0,127.0,0.141795
10004.0,128.0,0.521681
10004.0,129.0,0.587559
10004.0,130.0,0.426191
10004.0,131.0,0.446373
10004.0,132.0,0.701293
10004.0,133.0,0.656214
10004.0,134.0,0.215241
10004.0,135.0,0.639287
10004.0,136.0,0.538596
10004.0,137.0,0.584609
10004.0,138.0,0.0
10004.0,139.0,0.451898
10004.0,140.0,0.311312
10004.0,141.0,0.320147
10004.0,142.0,1.0
10004.0,143.0,0.446176
10004.0,144.0,0.453048
10004.0,145.0,0.312328
10004.0,146.0,0.0
10004.0,147.0,1.0
10005.0,0.0,0.377665
10005.0,1.0,1.0
10005.0,2.0,0.0
10005.0,3.0,1.0
10005.0,4.0,0.698329
10005.0,5.0,0.590854
10005.0,6.0,0.568404
10005.0,7.0,0.655248
10005.0,8.0,0.988719
10005.0,9.0,0.752321
10005.0,10.0,0.325142
10005.0,11.0,0.465574
10005.0,12.0,0.38166
10005.0,13.0,0.998394
10005.0,14.0,0.416922
10005.0,15.0,0.496799
10005.0,16.0,0.176246
10005.0,17.0,0.13347
10005.0,18.0,0.0
10005.0,19.0,0.331949
10005.0,20.0,1.0
10005.0,21.0,0.795919
10005.0,22.0,0.103918
10005.0,23.0,0.0
10005.0,24.0,0.283999
10005.0,25.0,0.276578
10005.0,26.0,0.789504
10005.0,27.0,1.0
10005.0,28.0,0.580347
10005.0,29.0,1.0
10005.0,30.0,1.0
10005.0,31.0,0.55182
10005.0,32.0,0.0
10005.0,33.0,0.93737
10005.0,34.0,0.895243
10005.0,35.0,0.639183
10005.0,36.0,0.919239
10005.0,37.0,0.0
10005.0,38.0,0.6657
10005.0,39.0,0.559485
10005.0,40.0,0.918622
10005.0,41.0,0.602529
10005.0,42.0,0.498243
10005.0,43.0,0.059698
10005.0,44.0,1.0
10005.0,45.0,0.770927
10005.0,46.0,0.430986
10005.0,47.0,0.68403
10005.0,48.0,1.0
10005.0,49.0,0.560212
10005.0,50.0,0.457889
10005.0,51.0,1.0
10005.0,52.0,0.717554
10005.0,53.0,0.752541
10005.0,54.0,0.0
10005.0,55.0,0.648584
10005.0,56.0,1.0
10005.0,57.0,0.525386
10005.0,58.0,0.701414
10005.0,59.0,0.729335
10005.0,60.0,0.537248
10005.0,61.0,0.571516
10005.0,62.0,1.0
10005.0,63.0,0.0
10005.0,64.0,0.632987
10005.0,65.0,0.45165
10005.0,66.0,0.781156
10005.0,67.0,0.458459
10005.0,68.0,0.43391
10005.0,69.0,0.409151
10005.0,70.0,0.997876
10005.0,71.0,0.312574
10005.0,72.0,0.248856
10005.0,73.0,0.75686
10005.0,74.0,0.638693
10005.0,75.0,1.0
10005.0,76.0,1.0
10005.0,77.0,0.120787
10005.0,78.0,0.005668
10005.0,79.0,0.881519
10005.0,80.0,0.946393
10005.0,81.0,0.553001
10005.0,82.0,0.120297
10005.0,83.0,0.104596
10005.0,84.0,0.42408
10005.0,85.0,0.0
10005.0,86.0,0.652218
10005.0,87.0,0.767885
10005.0,88.0,0.0
10005.0,89.0,0.440037
10005.0,90.0,0.0
10005.0,91.0,0.627032
10005.0,92.0,0.455052
10005.0,93.0,0.731922
10005.0,94.0,0.822895
10005.0,95.0,0.496548
10005.0,96.0,1.0
10005.0,97.0,0.51947
10005.0,98.0,0.550353
10005.0,99.0,0.0
10005.0,100.0,0.640301
10005.0,101.0,1.0
10005.0,102.0,0.472479
10005.0,103.0,0.282389
10005.0,104.0,0.450182
10005.0,105.0,0.849925
10005.0,106.0,0.993959
10005.0,107.0,0.652858
10005.0,108.0,0.496264
10005.0,109.0,0.337311
10005.0,110.0,1.0
10005.0,111.0,0.496596
10005.0,112.0,0.828108
10005.0,113.0,0.235565
10005.0,114.0,1.0
10005.0,115.0,1.0
10005.0,116.0,1.0
10005.0,117.0,0.0
10005.0,118.0,0.582258
10005.0,119.0,1.0
10005.0,120.0,1.0
10005.0,121.0,0.551394
10005.0,122.0,0.13557
10005.0,123.0,0.287551
10005.0,124.0,0.289488
10005.0,125.0,0.497251
10005.0,126.0,0.705243
10005.0,127.0,0.147855
10005.0,128.0,0.519119
10005.0,129.0,0.602904
10005.0,130.0,0.427261
10005.0,131.0,0.450387
10005.0,132.0,0.710512
10005.0,133.0,0.658763
10005.0,134.0,0.219402
10005.0,135.0,0.647283
10005.0,136.0,0.545625
10005.0,137.0,0.609099
10005.0,138.0,0.0
10005.0,139.0,0.467473
10005.0,140.0,0.319525
10005.0,141.0,0.323685
10005.0,142.0,1.0
10005.0,143.0,0.451113
10005.0,144.0,0.459869
10005.0,145.0,0.322142
10005.0,146.0,0.0
10005.0,147.0,1.0
10006.0,0.0,0.374101
10006.0,1.0,1.0
10006.0,2.0,0.0
10006.0,3.0,1.0
10006.0,4.0,0.695092
10006.0,5.0,0.589421
10006.0,6.0,0.519469
10006.0,7.0,0.643332
10006.0,8.0,0.98868
10006.0,9.0,0.744887
10006.0,10.0,0.320417
10006.0,11.0,0.458795
10006.0,12.0,0.38067
10006.0,13.0,0.998263
10006.0,14.0,0.404532
10006.0,15.0,0.442138
10006.0,16.0,0.160691
10006.0,17.0,0.130229
10006.0,18.0,0.0
10006.0,19.0,0.331289
10006.0,20.0,1.0
10006.0,21.0,0.791613
10006.0,22.0,0.092266
10006.0,23.0,0.0
10006.0,24.0,0.277085
10006.0,25.0,0.276157
10006.0,26.0,0.783866
10006.0,27.0,1.0
10006.0,28.0,0.579698
10006.0,29.0,1.0
10006.0,30.0,1.0
10006.0,31.0,0.544853
10006.0,32.0,0.0
10006.0,33.0,0.936811
10006.0,34.0,0.887478
10006.0,35.0,0.617622
10006.0,36.0,0.916253
10006.0,37.0,0.0
10006.0,38.0,0.650624
10006.0,39.0,0.557828
10006.0,40.0,0.918089
10006.0,41.0,0.598733
10006.0,42.0,0.491655
10006.0,43.0,0.058735
10006.0,44.0,1.0
10006.0,45.0,0.769542
10006.0,46.0,0.419777
10006.0,47.0,0.674064
10006.0,48.0,1.0
10006.0,49.0,0.555923
10006.0,50.0,0.439835
10006.0,51.0,1.0
10006.0,52.0,0.69814
10006.0,53.0,0.748223
10006.0,54.0,0.0
10006.0,55.0,0.643277
10006.0,56.0,1.0
10006.0,57.0,0.520132
10006.0,58.0,0.697377
10006.0,59.0,0.726005
10006.0,60.0,0.531076
10006.0,61.0,0.563765
10006.0,62.0,1.0
10006.0,63.0,0.0
10006.0,64.0,0.631014
10006.0,65.0,0.444463
10006.0,66.0,0.773432
10006.0,67.0,0.446444
10006.0,68.0,0.414743
10006.0,69.0,0.376149
10006.0,70.0,0.997916
10006.0,71.0,0.301146
10006.0,72.0,0.2284
10006.0,73.0,0.739892
10006.0,74.0,0.636175
10006.0,75.0,1.0
10006.0,76.0,1.0
10006.0,77.0,0.118106
10006.0,78.0,0.005519
10006.0,79.0,0.880926
10006.0,80.0,0.944541
10006.0,81.0,0.552851
10006.0,82.0,0.114437
10006.0,83.0,0.104289
10006.0,84.0,0.41161
10006.0,85.0,0.0
10006.0,86.0,0.642278
10006.0,87.0,0.759499
10006.0,88.0,0.0
10006.0,89.0,0.433555
10006.0,90.0,0.0
10006.0,91.0,0.607088
10006.0,92.0,0.44834
10006.0,93.0,0.715558
10006.0,94.0,0.817436
10006.0,95.0,0.486147
10006.0,96.0,1.0
10006.0,97.0,0.510345
10006.0,98.0,0.548505
10006.0,99.0,0.0
10006.0,100.0,0.633621
10006.0,101.0,1.0
10006.0,102.0,0.457612
10006.0,103.0,0.274404
10006.0,104.0,0.443328
10006.0,105.0,0.843983
10006.0,106.0,0.994073
10006.0,107.0,0.651415
10006.0,108.0,0.483504
10006.0,109.0,0.336841
10006.0,110.0,1.0
10006.0,111.0,0.487169
10006.0,112.0,0.751699
10006.0,113.0,0.228622
10006.0,114.0,1.0
10006.0,115.0,1.0
10006.0,116.0,1.0
10006.0,117.0,0.0
10006.0,118.0,0.558136
10006.0,119.0,1.0
10006.0,120.0,1.0
10006.0,121.0,0.517342
10006.0,122.0,0.134101
10006.0,123.0,0.282207
10006.0,124.0,0.284864
10006.0,125.0,0.474175
10006.0,126.0,0.70077
10006.0,127.0,0.140307
10006.0,128.0,0.542206
10006.0,129.0,0.587598
10006.0,130.0,0.42575
10006.0,131.0,0.445512
10006.0,132.0,0.700633
10006.0,133.0,0.655948
10006.0,134.0,0.214744
10006.0,135.0,0.638726
10006.0,136.0,0.537509
10006.0,137.0,0.577008
10006.0,138.0,0.0
10006.0,139.0,0.448173
10006.0,140.0,0.311513
10006.0,141.0,0.32104
10006.0,142.0,1.0
10006.0,143.0,0.446232
10006.0,144.0,0.452804
10006.0,145.0,0.309409
10006.0,146.0,0.0
10006.0,147.0,1.0
10007.0,0.0,0.371181
10007.0,1.0,1.0
10007.0,2.0,0.0
10007.0,3.0,1.0
10007.0,4.0,0.691711
10007.0,5.0,0.588455
10007.0,6.0,0.473496
10007.0,7.0,0.632864
10007.0,8.0,0.988804
10007.0,9.0,0.737581
10007.0,10.0,0.316295
10007.0,11.0,0.452665
10007.0,12.0,0.379368
10007.0,13.0,0.998145
10007.0,14.0,0.393621
10007.0,15.0,0.391522
10007.0,16.0,0.147302
10007.0,17.0,0.127682
10007.0,18.0,0.0
10007.0,19.0,0.330457
10007.0,20.0,1.0
10007.0,21.0,0.787221
10007.0,22.0,0.081801
10007.0,23.0,0.0
10007.0,24.0,0.269745
10007.0,25.0,0.274375
10007.0,26.0,0.779952
10007.0,27.0,1.0
10007.0,28.0,0.577853
10007.0,29.0,1.0
10007.0,30.0,1.0
10007.0,31.0,0.539127
10007.0,32.0,0.0
10007.0,33.0,0.936839
10007.0,34.0,0.879026
10007.0,35.0,0.596944
10007.0,36.0,0.912761
10007.0,37.0,0.0
10007.0,38.0,0.636534
10007.0,39.0,0.555773
10007.0,40.0,0.917501
10007.0,41.0,0.595721
10007.0,42.0,0.486403
10007.0,43.0,0.057611
10007.0,44.0,1.0
10007.0,45.0,0.768768
10007.0,46.0,0.408369
10007.0,47.0,0.66437
10007.0,48.0,1.0
10007.0,49.0,0.551273
10007.0,50.0,0.423382
10007.0,51.0,1.0
10007.0,52.0,0.678465
10007.0,53.0,0.745645
10007.0,54.0,0.0
10007.0,55.0,0.637173
10007.0,56.0,1.0
10007.0,57.0,0.513921
10007.0,58.0,0.693714
10007.0,59.0,0.72235
10007.0,60.0,0.52426
10007.0,61.0,0.555863
10007.0,62.0,1.0
10007.0,63.0,0.0
10007.0,64.0,0.629698
10007.0,65.0,0.437529
10007.0,66.0,0.766439
10007.0,67.0,0.435372
10007.0,68.0,0.397243
10007.0,69.0,0.348044
10007.0,70.0,0.997868
10007.0,71.0,0.289107
10007.0,72.0,0.209386
10007.0,73.0,0.72282
10007.0,74.0,0.63327
10007.0,75.0,1.0
10007.0,76.0,1.0
10007.0,77.0,0.115383
10007.0,78.0,0.00545
10007.0,79.0,0.879239
10007.0,80.0,0.942936
10007.0,81.0,0.552912
10007.0,82.0,0.109181
10007.0,83.0,0.104429
10007.0,84.0,0.400338
10007.0,85.0,0.0
10007.0,86.0,0.631993
10007.0,87.0,0.750284
10007.0,88.0,0.0
10007.0,89.0,0.427047
10007.0,90.0,0.0
10007.0,91.0,0.587569
10007.0,92.0,0.442013
10007.0,93.0,0.699798
10007.0,94.0,0.811661
10007.0,95.0,0.476674
10007.0,96.0,1.0
10007.0,97.0,0.502471
10007.0,98.0,0.548421
10007.0,99.0,0.0
10007.0,100.0,0.626672
10007.0,101.0,1.0
10007.0,102.0,0.443142
10007.0,103.0,0.26706
10007.0,104.0,0.436649
10007.0,105.0,0.837505
10007.0,106.0,0.993967
10007.0,107.0,0.650036
10007.0,108.0,0.472249
10007.0,109.0,0.334565
10007.0,110.0,1.0
10007.0,111.0,0.476477
10007.0,112.0,0.669398
10007.0,113.0,0.222108
10007.0,114.0,1.0
10007.0,115.0,1.0
10007.0,116.0,1.0
10007.0,117.0,0.0
10007.0,118.0,0.535751
10007.0,119.0,1.0
10007.0,120.0,1.0
10007.0,121.0,0.486054
10007.0,122.0,0.132666
10007.0,123.0,0.278139
10007.0,124.0,0.280502
10007.0,125.0,0.453324
10007.0,126.0,0.695678
10007.0,127.0,0.133749
10007.0,128.0,0.569343
10007.0,129.0,0.570942
10007.0,130.0,0.424787
10007.0,131.0,0.440773
10007.0,132.0,0.691561
10007.0,133.0,0.651811
10007.0,134.0,0.210587
10007.0,135.0,0.630082
10007.0,136.0,0.528018
10007.0,137.0,0.547342
10007.0,138.0,0.0
10007.0,139.0,0.430982
10007.0,140.0,0.303689
10007.0,141.0,0.318874
10007.0,142.0,1.0
10007.0,143.0,0.441291
10007.0,144.0,0.445067
10007.0,145.0,0.297953
10007.0,146.0,0.0
10007.0,147.0,1.0
10008.0,0.0,0.368417
10008.0,1.0,1.0
10008.0,2.0,0.0
10008.0,3.0,1.0
10008.0,4.0,0.68795
10008.0,5.0,0.587634
10008.0,6.0,0.432364
10008.0,7.0,0.621323
10008.0,8.0,0.988857
10008.0,9.0,0.731255
10008.0,10.0,0.311969
10008.0,11.0,0.446806
10008.0,12.0,0.3793
10008.0,13.0,0.998037
10008.0,14.0,0.382965
10008.0,15.0,0.345114
10008.0,16.0,0.135394
10008.0,17.0,0.125245
10008.0,18.0,0.0
10008.0,19.0,0.330636
10008.0,20.0,1.0
10008.0,21.0,0.783997
10008.0,22.0,0.072423
10008.0,23.0,0.0
10008.0,24.0,0.263021
10008.0,25.0,0.27343
10008.0,26.0,0.776249
10008.0,27.0,1.0
10008.0,28.0,0.576966
10008.0,29.0,1.0
10008.0,30.0,1.0
10008.0,31.0,0.532355
10008.0,32.0,0.0
10008.0,33.0,0.93685
10008.0,34.0,0.870533
10008.0,35.0,0.575401
10008.0,36.0,0.909223
10008.0,37.0,0.0
10008.0,38.0,0.62174
10008.0,39.0,0.552792
10008.0,40.0,0.916676
10008.0,41.0,0.591085
10008.0,42.0,0.480214
10008.0,43.0,0.056332
10008.0,44.0,1.0
10008.0,45.0,0.767911
10008.0,46.0,0.397402
10008.0,47.0,0.653374
10008.0,48.0,1.0
10008.0,49.0,0.547468
10008.0,50.0,0.408029
10008.0,51.0,1.0
10008.0,52.0,0.659299
10008.0,53.0,0.74261
10008.0,54.0,0.0
10008.0,55.0,0.63171
10008.0,56.0,1.0
10008.0,57.0,0.508825
10008.0,58.0,0.689358
10008.0,59.0,0.719006
10008.0,60.0,0.51911
10008.0,61.0,0.549239
10008.0,62.0,1.0
10008.0,63.0,0.0
10008.0,64.0,0.62781
10008.0,65.0,0.431517
10008.0,66.0,0.758631
10008.0,67.0,0.425172
10008.0,68.0,0.380817
10008.0,69.0,0.322747
10008.0,70.0,0.997756
10008.0,71.0,0.278166
10008.0,72.0,0.193467
10008.0,73.0,0.704997
10008.0,74.0,0.631074
10008.0,75.0,1.0
10008.0,76.0,1.0
10008.0,77.0,0.112804
10008.0,78.0,0.005417
10008.0,79.0,0.878185
10008.0,80.0,0.941477
10008.0,81.0,0.552411
10008.0,82.0,0.10414
10008.0,83.0,0.103823
10008.0,84.0,0.389884
10008.0,85.0,0.0
10008.0,86.0,0.622332
10008.0,87.0,0.7409
10008.0,88.0,0.0
10008.0,89.0,0.420663
10008.0,90.0,0.0
10008.0,91.0,0.568301
10008.0,92.0,0.435603
10008.0,93.0,0.683121
10008.0,94.0,0.806388
10008.0,95.0,0.466762
10008.0,96.0,1.0
10008.0,97.0,0.494349
10008.0,98.0,0.547385
10008.0,99.0,0.0
10008.0,100.0,0.619294
10008.0,101.0,1.0
10008.0,102.0,0.428989
10008.0,103.0,0.260434
10008.0,104.0,0.430571
10008.0,105.0,0.830893
10008.0,106.0,0.994073
10008.0,107.0,0.64969
10008.0,108.0,0.460791
10008.0,109.0,0.33375
10008.0,110.0,1.0
10008.0,111.0,0.466925
10008.0,112.0,0.590058
10008.0,113.0,0.215304
10008.0,114.0,1.0
10008.0,115.0,1.0
10008.0,116.0,1.0
10008.0,117.0,0.0
10008.0,118.0,0.513371
10008.0,119.0,1.0
10008.0,120.0,1.0
10008.0,121.0,0.458197
10008.0,122.0,0.131345
10008.0,123.0,0.274147
10008.0,124.0,0.27549
10008.0,125.0,0.433602
10008.0,126.0,0.690655
10008.0,127.0,0.127906
10008.0,128.0,0.596941
10008.0,129.0,0.556545
10008.0,130.0,0.423268
10008.0,131.0,0.438256
10008.0,132.0,0.683058
10008.0,133.0,0.647693
10008.0,134.0,0.206622
10008.0,135.0,0.621123
10008.0,136.0,0.520106
10008.0,137.0,0.518781
10008.0,138.0,0.0
10008.0,139.0,0.415113
10008.0,140.0,0.295954
10008.0,141.0,0.317318
10008.0,142.0,1.0
10008.0,143.0,0.435324
10008.0,144.0,0.437312
10008.0,145.0,0.288316
10008.0,146.0,0.0
10008.0,147.0,1.0
10009.0,0.0,0.364743
10009.0,1.0,1.0
10009.0,2.0,0.0
10009.0,3.0,1.0
10009.0,4.0,0.683876
10009.0,5.0,0.586608
10009.0,6.0,0.395283
10009.0,7.0,0.609555
10009.0,8.0,0.988667
10009.0,9.0,0.724391
10009.0,10.0,0.307951
10009.0,11.0,0.440227
10009.0,12.0,0.379239
10009.0,13.0,0.998005
10009.0,14.0,0.373277
10009.0,15.0,0.302752
10009.0,16.0,0.125281
10009.0,17.0,0.122197
10009.0,18.0,0.0
10009.0,19.0,0.330323
10009.0,20.0,1.0
10009.0,21.0,0.780414
10009.0,22.0,0.064499
10009.0,23.0,0.0
10009.0,24.0,0.257426
10009.0,25.0,0.271997
10009.0,26.0,0.772348
10009.0,27.0,1.0
10009.0,28.0,0.575375
10009.0,29.0,1.0
10009.0,30.0,1.0
10009.0,31.0,0.526757
10009.0,32.0,0.0
10009.0,33.0,0.936711
10009.0,34.0,0.861075
10009.0,35.0,0.555034
10009.0,36.0,0.905731
10009.0,37.0,0.0
10009.0,38.0,0.60802
10009.0,39.0,0.550024
10009.0,40.0,0.916068
10009.0,41.0,0.587935
10009.0,42.0,0.474089
10009.0,43.0,0.055317
10009.0,44.0,1.0
10009.0,45.0,0.767076
10009.0,46.0,0.387621
10009.0,47.0,0.6418
10009.0,48.0,1.0
10009.0,49.0,0.542491
10009.0,50.0,0.392326
10009.0,51.0,1.0
10009.0,52.0,0.64042
10009.0,53.0,0.739556
10009.0,54.0,0.0
10009.0,55.0,0.62444
10009.0,56.0,1.0
10009.0,57.0,0.502121
10009.0,58.0,0.685251
10009.0,59.0,0.715838
10009.0,60.0,0.513009
10009.0,61.0,0.542452
10009.0,62.0,1.0
10009.0,63.0,0.0
10009.0,64.0,0.626418
10009.0,65.0,0.425575
10009.0,66.0,0.750971
10009.0,67.0,0.414948
10009.0,68.0,0.364477
10009.0,69.0,0.300105
10009.0,70.0,0.997753
10009.0,71.0,0.267821
10009.0,72.0,0.177922
10009.0,73.0,0.687254
10009.0,74.0,0.628616
10009.0,75.0,1.0
10009.0,76.0,1.0
10009.0,77.0,0.11069
10009.0,78.0,0.005354
10009.0,79.0,0.876975
10009.0,80.0,0.93988
10009.0,81.0,0.551176
10009.0,82.0,0.099922
10009.0,83.0,0.103549
10009.0,84.0,0.379246
10009.0,85.0,0.0
10009.0,86.0,0.61279
10009.0,87.0,0.731815
10009.0,88.0,0.0
10009.0,89.0,0.41433
10009.0,90.0,0.0
10009.0,91.0,0.550111
10009.0,92.0,0.429579
10009.0,93.0,0.666991
10009.0,94.0,0.80136
10009.0,95.0,0.457645
10009.0,96.0,1.0
10009.0,97.0,0.485904
10009.0,98.0,0.547008
10009.0,99.0,0.0
10009.0,100.0,0.613772
10009.0,101.0,1.0
10009.0,102.0,0.416046
10009.0,103.0,0.253985
10009.0,104.0,0.424456
10009.0,105.0,0.823859
10009.0,106.0,0.99403
10009.0,107.0,0.647939
10009.0,108.0,0.449599
10009.0,109.0,0.332749
10009.0,110.0,1.0
10009.0,111.0,0.458928
10009.0,112.0,0.51774
10009.0,113.0,0.208771
10009.0,114.0,1.0
10009.0,115.0,1.0
10009.0,116.0,1.0
10009.0,117.0,0.0
10009.0,118.0,0.491213
10009.0,119.0,1.0
10009.0,120.0,1.0
10009.0,121.0,0.431454
10009.0,122.0,0.129948
10009.0,123.0,0.269424
10009.0,124.0,0.272662
10009.0,125.0,0.41494
10009.0,126.0,0.686209
10009.0,127.0,0.121906
10009.0,128.0,0.621921
10009.0,129.0,0.540541
10009.0,130.0,0.422253
10009.0,131.0,0.434306
10009.0,132.0,0.674416
10009.0,133.0,0.643452
10009.0,134.0,0.202817
10009.0,135.0,0.611964
10009.0,136.0,0.512272
10009.0,137.0,0.491376
10009.0,138.0,0.0
10009.0,139.0,0.399787
10009.0,140.0,0.288877
10009.0,141.0,0.314947
10009.0,142.0,1.0
10009.0,143.0,0.430918
10009.0,144.0,0.431144
10009.0,145.0,0.278327
10009.0,146.0,0.0
10009.0,147.0,1.0
10010.0,0.0,0.361186
10010.0,1.0,1.0
10010.0,2.0,0.0
10010.0,3.0,1.0
10010.0,4.0,0.679915
10010.0,5.0,0.585961
10010.0,6.0,0.361716
10010.0,7.0,0.599197
10010.0,8.0,0.988577
10010.0,9.0,0.717422
10010.0,10.0,0.302854
10010.0,11.0,0.433966
10010.0,12.0,0.378792
10010.0,13.0,0.997886
10010.0,14.0,0.363837
10010.0,15.0,0.263019
10010.0,16.0,0.116196
10010.0,17.0,0.119829
10010.0,18.0,0.0
10010.0,19.0,0.329915
10010.0,20.0,1.0
10010.0,21.0,0.776941
10010.0,22.0,0.057098
10010.0,23.0,0.0
10010.0,24.0,0.251687
10010.0,25.0,0.271188
10010.0,26.0,0.768898
10010.0,27.0,1.0
10010.0,28.0,0.574368
10010.0,29.0,1.0
10010.0,30.0,1.0
10010.0,31.0,0.519182
10010.0,32.0,0.0
10010.0,33.0,0.936626
10010.0,34.0,0.851674
10010.0,35.0,0.535981
10010.0,36.0,0.902225
10010.0,37.0,0.0
10010.0,38.0,0.592968
10010.0,39.0,0.547216
10010.0,40.0,0.91509
10010.0,41.0,0.584535
10010.0,42.0,0.46837
10010.0,43.0,0.054465
10010.0,44.0,1.0
10010.0,45.0,0.766087
10010.0,46.0,0.377846
10010.0,47.0,0.631194
10010.0,48.0,1.0
10010.0,49.0,0.538097
10010.0,50.0,0.377592
10010.0,51.0,1.0
10010.0,52.0,0.621511
10010.0,53.0,0.735761
10010.0,54.0,0.0
10010.0,55.0,0.618022
10010.0,56.0,1.0
10010.0,57.0,0.495505
10010.0,58.0,0.680445
10010.0,59.0,0.712441
10010.0,60.0,0.506834
10010.0,61.0,0.535574
10010.0,62.0,1.0
10010.0,63.0,0.0
10010.0,64.0,0.62561
10010.0,65.0,0.420439
10010.0,66.0,0.743315
10010.0,67.0,0.403775
10010.0,68.0,0.347852
10010.0,69.0,0.280434
10010.0,70.0,0.997706
10010.0,71.0,0.257787
10010.0,72.0,0.163627
10010.0,73.0,0.667482
10010.0,74.0,0.625592
10010.0,75.0,1.0
10010.0,76.0,1.0
10010.0,77.0,0.108545
10010.0,78.0,0.005217
10010.0,79.0,0.876324
10010.0,80.0,0.937546
10010.0,81.0,0.550356
10010.0,82.0,0.095061
10010.0,83.0,0.103849
10010.0,84.0,0.368571
10010.0,85.0,0.0
10010.0,86.0,0.60233
10010.0,87.0,0.722453
10010.0,88.0,0.0
10010.0,89.0,0.40818
10010.0,90.0,0.0
10010.0,91.0,0.53263
10010.0,92.0,0.422492
10010.0,93.0,0.650217
10010.0,94.0,0.79548
10010.0,95.0,0.448284
10010.0,96.0,1.0
10010.0,97.0,0.477823
10010.0,98.0,0.546682
10010.0,99.0,0.0
10010.0,100.0,0.607412
10010.0,101.0,1.0
10010.0,102.0,0.403619
10010.0,103.0,0.247516
10010.0,104.0,0.418456
10010.0,105.0,0.817693
10010.0,106.0,0.993974
10010.0,107.0,0.647147
10010.0,108.0,0.437946
10010.0,109.0,0.331624
10010.0,110.0,1.0
10010.0,111.0,0.449191
10010.0,112.0,0.455277
10010.0,113.0,0.203006
10010.0,114.0,1.0
10010.0,115.0,1.0
10010.0,116.0,1.0
10010.0,117.0,0.0
10010.0,118.0,0.470597
10010.0,119.0,1.0
10010.0,120.0,1.0
10010.0,121.0,0.405375
10010.0,122.0,0.128518
10010.0,123.0,0.265725
10010.0,124.0,0.268935
10010.0,125.0,0.396472
10010.0,126.0,0.681619
10010.0,127.0,0.115999
10010.0,128.0,0.643383
10010.0,129.0,0.525449
10010.0,130.0,0.421905
10010.0,131.0,0.431457
10010.0,132.0,0.665025
10010.0,133.0,0.639414
10010.0,134.0,0.199461
10010.0,135.0,0.603318
10010.0,136.0,0.505251
10010.0,137.0,0.464473
10010.0,138.0,0.0
10010.0,139.0,0.384675
10010.0,140.0,0.282517
10010.0,141.0,0.312034
10010.0,142.0,1.0
10010.0,143.0,0.425564
10010.0,144.0,0.425161
10010.0,145.0,0.269055
10010.0,146.0,0.0
10010.0,147.0,1.0
