FREQUENCIES 
Gen,mut_id,mut_freq
1.0,0.0,0.5
1.0,1.0,0.5
1.0,2.0,0.5
1.0,3.0,0.5
1.0,4.0,0.5
1.0,5.0,0.5
1.0,6.0,0.5
1.0,7.0,0.5
1.0,8.0,0.5
1.0,9.0,0.5
1.0,10.0,0.5
1.0,11.0,0.5
1.0,12.0,0.5
1.0,13.0,0.5
1.0,14.0,0.5
1.0,15.0,0.5
1.0,16.0,0.5
1.0,17.0,0.5
1.0,18.0,0.5
1.0,19.0,0.5
1.0,20.0,0.5
1.0,21.0,0.5
1.0,22.0,0.5
1.0,23.0,0.5
1.0,24.0,0.5
1.0,25.0,0.5
1.0,26.0,0.5
1.0,27.0,0.5
1.0,28.0,0.5
1.0,29.0,0.5
1.0,30.0,0.5
1.0,31.0,0.5
1.0,32.0,0.5
1.0,33.0,0.5
1.0,34.0,0.5
1.0,35.0,0.5
1.0,36.0,0.5
1.0,37.0,0.5
1.0,38.0,0.5
1.0,39.0,0.5
1.0,40.0,0.5
1.0,41.0,0.5
1.0,42.0,0.5
1.0,43.0,0.5
1.0,44.0,0.5
1.0,45.0,0.5
1.0,46.0,0.5
1.0,47.0,0.5
1.0,48.0,0.5
1.0,49.0,0.5
1.0,50.0,0.5
1.0,51.0,0.5
1.0,52.0,0.5
1.0,53.0,0.5
1.0,54.0,0.5
1.0,55.0,0.5
1.0,56.0,0.5
1.0,57.0,0.5
1.0,58.0,0.5
1.0,59.0,0.5
1.0,60.0,0.5
1.0,61.0,0.5
1.0,62.0,0.5
1.0,63.0,0.5
1.0,64.0,0.5
1.0,65.0,0.5
1.0,66.0,0.5
1.0,67.0,0.5
1.0,68.0,0.5
1.0,69.0,0.5
1.0,70.0,0.5
1.0,71.0,0.5
1.0,72.0,0.5
1.0,73.0,0.5
1.0,74.0,0.5
1.0,75.0,0.5
1.0,76.0,0.5
1.0,77.0,0.5
1.0,78.0,0.5
1.0,79.0,0.5
1.0,80.0,0.5
1.0,81.0,0.5
1.0,82.0,0.5
1.0,83.0,0.5
1.0,84.0,0.5
1.0,85.0,0.5
1.0,86.0,0.5
1.0,87.0,0.5
1.0,88.0,0.5
1.0,89.0,0.5
1.0,90.0,0.5
1.0,91.0,0.5
1.0,92.0,0.5
1.0,93.0,0.5
1.0,94.0,0.5
1.0,95.0,0.5
1.0,96.0,0.5
1.0,97.0,0.5
1.0,98.0,0.5
1.0,99.0,0.5
1.0,100.0,0.5
1.0,101.0,0.5
1.0,102.0,0.5
1.0,103.0,0.5
1.0,104.0,0.5
1.0,105.0,0.5
1.0,106.0,0.5
1.0,107.0,0.5
1.0,108.0,0.5
1.0,109.0,0.5
1.0,110.0,0.5
1.0,111.0,0.5
1.0,112.0,0.5
1.0,113.0,0.5
1.0,114.0,0.5
1.0,115.0,0.5
1.0,116.0,0.5
1.0,117.0,0.5
1.0,118.0,0.5
1.0,119.0,0.5
1.0,120.0,0.5
1.0,121.0,0.5
1.0,122.0,0.5
1.0,123.0,0.5
1.0,124.0,0.5
1.0,125.0,0.5
1.0,126.0,0.5
1.0,127.0,0.5
1.0,128.0,0.5
1.0,129.0,0.5
1.0,130.0,0.5
1.0,131.0,0.5
1.0,132.0,0.5
1.0,133.0,0.5
1.0,134.0,0.5
1.0,135.0,0.5
1.0,136.0,0.5
1.0,137.0,0.5
1.0,138.0,0.5
1.0,139.0,0.5
1.0,140.0,0.5
1.0,141.0,0.5
1.0,142.0,0.5
1.0,143.0,0.5
1.0,144.0,0.5
1.0,145.0,0.5
1.0,146.0,0.5
1.0,147.0,0.5
1.0,148.0,0.5
1.0,149.0,0.5
1.0,150.0,0.5
1.0,151.0,0.5
1.0,152.0,0.5
1.0,153.0,0.5
1.0,154.0,0.5
1.0,155.0,0.5
1.0,156.0,0.5
1.0,157.0,0.5
1.0,158.0,0.5
1.0,159.0,0.5
1.0,160.0,0.5
1.0,161.0,0.5
1.0,162.0,0.5
1.0,163.0,0.5
1.0,164.0,0.5
1.0,165.0,0.5
1.0,166.0,0.5
1.0,167.0,0.5
1.0,168.0,0.5
1.0,169.0,0.5
1.0,170.0,0.5
1.0,171.0,0.5
1.0,172.0,0.5
1.0,173.0,0.5
1.0,174.0,0.5
1.0,175.0,0.5
1.0,176.0,0.5
1.0,177.0,0.5
1.0,178.0,0.5
1.0,179.0,0.5
1.0,180.0,0.5
1.0,181.0,0.5
1.0,182.0,0.5
1.0,183.0,0.5
1.0,184.0,0.5
1.0,185.0,0.5
1.0,186.0,0.5
1.0,187.0,0.5
1.0,188.0,0.5
1.0,189.0,0.5
1.0,190.0,0.5
1.0,191.0,0.5
1.0,192.0,0.5
1.0,193.0,0.5
1.0,194.0,0.5
1.0,195.0,0.5
1.0,196.0,0.5
1.0,197.0,0.5
1.0,198.0,0.5
1.0,199.0,0.5
1.0,200.0,0.5
1.0,201.0,0.5
1.0,202.0,0.5
1.0,203.0,0.5
1.0,204.0,0.5
1.0,205.0,0.5
1.0,206.0,0.5
1.0,207.0,0.5
1.0,208.0,0.5
1.0,209.0,0.5
1.0,210.0,0.5
1.0,211.0,0.5
1.0,212.0,0.5
1.0,213.0,0.5
1.0,214.0,0.5
1.0,215.0,0.5
1.0,216.0,0.5
1.0,217.0,0.5
1.0,218.0,0.5
1.0,219.0,0.5
1.0,220.0,0.5
1.0,221.0,0.5
1.0,222.0,0.5
1.0,223.0,0.5
1.0,224.0,0.5
1.0,225.0,0.5
1.0,226.0,0.5
1.0,227.0,0.5
1.0,228.0,0.5
1.0,229.0,0.5
1.0,230.0,0.5
1.0,231.0,0.5
1.0,232.0,0.5
1.0,233.0,0.5
1.0,234.0,0.5
1.0,235.0,0.5
1.0,236.0,0.5
1.0,237.0,0.5
1.0,238.0,0.5
1.0,239.0,0.5
1.0,240.0,0.5
1.0,241.0,0.5
1.0,242.0,0.5
1.0,243.0,0.5
1.0,244.0,0.5
1.0,245.0,0.5
1.0,246.0,0.5
1.0,247.0,0.5
1.0,248.0,0.5
1.0,249.0,0.5
1.0,250.0,0.5
1.0,251.0,0.5
1.0,252.0,0.5
1.0,253.0,0.5
1.0,254.0,0.5
1.0,255.0,0.5
1.0,256.0,0.5
1.0,257.0,0.5
1.0,258.0,0.5
1.0,259.0,0.5
1.0,260.0,0.5
1.0,261.0,0.5
1.0,262.0,0.5
1.0,263.0,0.5
1.0,264.0,0.5
1.0,265.0,0.5
1.0,266.0,0.5
1.0,267.0,0.5
1.0,268.0,0.5
1.0,269.0,0.5
1.0,270.0,0.5
1.0,271.0,0.5
1.0,272.0,0.5
1.0,273.0,0.5
1.0,274.0,0.5
1.0,275.0,0.5
1.0,276.0,0.5
1.0,277.0,0.5
1.0,278.0,0.5
1.0,279.0,0.5
1.0,280.0,0.5
1.0,281.0,0.5
1.0,282.0,0.5
1.0,283.0,0.5
1.0,284.0,0.5
1.0,285.0,0.5
1.0,286.0,0.5
1.0,287.0,0.5
1.0,288.0,0.5
1.0,289.0,0.5
1.0,290.0,0.5
1.0,291.0,0.5
1.0,292.0,0.5
1.0,293.0,0.5
1.0,294.0,0.5
1.0,295.0,0.5
1.0,296.0,0.5
1.0,297.0,0.5
1.0,298.0,0.5
1.0,299.0,0.5
1.0,300.0,0.5
1.0,301.0,0.5
1.0,302.0,0.5
1.0,303.0,0.5
1.0,304.0,0.5
1.0,305.0,0.5
1.0,306.0,0.5
1.0,307.0,0.5
1.0,308.0,0.5
1.0,309.0,0.5
1.0,310.0,0.5
1.0,311.0,0.5
1.0,312.0,0.5
1.0,313.0,0.5
1.0,314.0,0.5
1.0,315.0,0.5
1.0,316.0,0.5
1.0,317.0,0.5
1.0,318.0,0.5
1.0,319.0,0.5
1.0,320.0,0.5
1.0,321.0,0.5
1.0,322.0,0.5
1.0,323.0,0.5
1.0,324.0,0.5
1.0,325.0,0.5
1.0,326.0,0.5
1.0,327.0,0.5
1.0,328.0,0.5
1.0,329.0,0.5
1.0,330.0,0.5
1.0,331.0,0.5
1.0,332.0,0.5
1.0,333.0,0.5
1.0,334.0,0.5
1000.0,0.0,0.245457
1000.0,1.0,0.774959
1000.0,2.0,0.108657
1000.0,3.0,0.657079
1000.0,4.0,0.049836
1000.0,5.0,0.455091
1000.0,6.0,0.607974
1000.0,7.0,0.373671
1000.0,8.0,0.487633
1000.0,9.0,0.528473
1000.0,10.0,0.020102
1000.0,11.0,0.416541
1000.0,12.0,0.997072
1000.0,13.0,0.537349
1000.0,14.0,0.498414
1000.0,15.0,0.330353
1000.0,16.0,0.547406
1000.0,17.0,0.545048
1000.0,18.0,0.000404
1000.0,19.0,0.472294
1000.0,20.0,0.536002
1000.0,21.0,0.484349
1000.0,22.0,0.360973
1000.0,23.0,0.506105
1000.0,24.0,0.241034
1000.0,25.0,0.354132
1000.0,26.0,0.654896
1000.0,27.0,0.003104
1000.0,28.0,0.39574
1000.0,29.0,0.424983
1000.0,30.0,0.64826
1000.0,31.0,0.489324
1000.0,32.0,0.356919
1000.0,33.0,0.340556
1000.0,34.0,0.753848
1000.0,35.0,0.355848
1000.0,36.0,0.365172
1000.0,37.0,0.417817
1000.0,38.0,0.37196
1000.0,39.0,0.167469
1000.0,40.0,0.731265
1000.0,41.0,0.690305
1000.0,42.0,0.266246
1000.0,43.0,0.59114
1000.0,44.0,0.45712
1000.0,45.0,0.891329
1000.0,46.0,0.574713
1000.0,47.0,0.358113
1000.0,48.0,0.224275
1000.0,49.0,0.729653
1000.0,50.0,0.779663
1000.0,51.0,0.405545
1000.0,52.0,0.845526
1000.0,53.0,0.534899
1000.0,54.0,0.449976
1000.0,55.0,0.613444
1000.0,56.0,0.363746
1000.0,57.0,0.347017
1000.0,58.0,0.978427
1000.0,59.0,0.595578
1000.0,60.0,0.223743
1000.0,61.0,0.76787
1000.0,62.0,0.517769
1000.0,63.0,0.60935
1000.0,64.0,0.041951
1000.0,65.0,0.600922
1000.0,66.0,0.757809
1000.0,67.0,0.345255
1000.0,68.0,0.270466
1000.0,69.0,0.37145
1000.0,70.0,0.182952
1000.0,71.0,0.575488
1000.0,72.0,0.563143
1000.0,73.0,0.298332
1000.0,74.0,0.756261
1000.0,75.0,0.770481
1000.0,76.0,0.459151
1000.0,77.0,0.18492
1000.0,78.0,0.419367
1000.0,79.0,0.133473
1000.0,80.0,0.351317
1000.0,81.0,0.418661
1000.0,82.0,0.513342
1000.0,83.0,0.914531
1000.0,84.0,0.979507
1000.0,85.0,0.219826
1000.0,86.0,0.578764
1000.0,87.0,0.270232
1000.0,88.0,0.600228
1000.0,89.0,0.370455
1000.0,90.0,0.737546
1000.0,91.0,0.0
1000.0,92.0,0.001994
1000.0,93.0,0.471632
1000.0,94.0,0.645008
1000.0,95.0,0.638558
1000.0,96.0,0.267684
1000.0,97.0,0.144559
1000.0,98.0,0.842927
1000.0,99.0,0.368812
1000.0,100.0,0.702213
1000.0,101.0,0.455043
1000.0,102.0,0.661178
1000.0,103.0,0.406361
1000.0,104.0,0.994173
1000.0,105.0,0.535229
1000.0,106.0,0.715995
1000.0,107.0,0.606491
1000.0,108.0,0.617923
1000.0,109.0,0.34619
1000.0,110.0,0.499046
1000.0,111.0,0.167607
1000.0,112.0,0.638618
1000.0,113.0,0.322312
1000.0,114.0,0.44024
1000.0,115.0,0.823941
1000.0,116.0,0.000592
1000.0,117.0,0.462003
1000.0,118.0,0.528134
1000.0,119.0,0.034131
1000.0,120.0,0.536118
1000.0,121.0,0.453817
1000.0,122.0,0.554755
1000.0,123.0,0.895605
1000.0,124.0,0.0
1000.0,125.0,0.26866
1000.0,126.0,0.630529
1000.0,127.0,0.710785
1000.0,128.0,0.781018
1000.0,129.0,0.470839
1000.0,130.0,0.007309
1000.0,131.0,0.0
1000.0,132.0,0.074368
1000.0,133.0,0.171789
1000.0,134.0,0.016129
1000.0,135.0,0.844575
1000.0,136.0,0.829674
1000.0,137.0,0.56047
1000.0,138.0,0.335454
1000.0,139.0,0.234728
1000.0,140.0,0.779386
1000.0,141.0,0.61748
1000.0,142.0,0.233172
1000.0,143.0,0.543204
1000.0,144.0,0.003415
1000.0,145.0,0.149542
1000.0,146.0,0.609727
1000.0,147.0,0.992658
1000.0,148.0,0.660027
1000.0,149.0,0.947555
1000.0,150.0,0.428613
1000.0,151.0,0.734194
1000.0,152.0,0.251578
1000.0,153.0,0.647431
1000.0,154.0,0.50831
1000.0,155.0,0.399559
1000.0,156.0,0.361793
1000.0,157.0,1.0
1000.0,158.0,0.392628
1000.0,159.0,0.318571
1000.0,160.0,0.690262
1000.0,161.0,0.839594
1000.0,162.0,0.499207
1000.0,163.0,0.685959
1000.0,164.0,0.125579
1000.0,165.0,0.559814
1000.0,166.0,0.286403
1000.0,167.0,1.0
1000.0,168.0,0.402234
1000.0,169.0,0.63967
1000.0,170.0,0.066079
1000.0,171.0,0.53144
1000.0,172.0,0.246679
1000.0,173.0,0.528531
1000.0,174.0,0.170439
1000.0,175.0,0.348779
1000.0,176.0,0.259666
1000.0,177.0,0.612677
1000.0,178.0,0.611003
1000.0,179.0,0.915521
1000.0,180.0,0.485355
1000.0,181.0,1.0
1000.0,182.0,0.6968
1000.0,183.0,0.37791
1000.0,184.0,0.344423
1000.0,185.0,0.662054
1000.0,186.0,0.313011
1000.0,187.0,0.371711
1000.0,188.0,0.435217
1000.0,189.0,0.847728
1000.0,190.0,0.401889
1000.0,191.0,0.536015
1000.0,192.0,0.705973
1000.0,193.0,0.558109
1000.0,194.0,0.507598
1000.0,195.0,0.707749
1000.0,196.0,0.48859
1000.0,197.0,0.852125
1000.0,198.0,0.113198
1000.0,199.0,0.898697
1000.0,200.0,0.660648
1000.0,201.0,0.197855
1000.0,202.0,0.674707
1000.0,203.0,0.760667
1000.0,204.0,0.499192
1000.0,205.0,0.639962
1000.0,206.0,0.410058
1000.0,207.0,0.634359
1000.0,208.0,0.097077
1000.0,209.0,0.673686
1000.0,210.0,0.971204
1000.0,211.0,0.430997
1000.0,212.0,0.565383
1000.0,213.0,0.440253
1000.0,214.0,0.599125
1000.0,215.0,0.374303
1000.0,216.0,0.049118
1000.0,217.0,0.359531
1000.0,218.0,0.507191
1000.0,219.0,0.670063
1000.0,220.0,0.97738
1000.0,221.0,0.686277
1000.0,222.0,0.43854
1000.0,223.0,0.656928
1000.0,224.0,0.538823
1000.0,225.0,0.821122
1000.0,226.0,0.998476
1000.0,227.0,0.440885
1000.0,228.0,0.668004
1000.0,229.0,0.648959
1000.0,230.0,0.588309
1000.0,231.0,0.300492
1000.0,232.0,0.380051
1000.0,233.0,0.390273
1000.0,234.0,0.182018
1000.0,235.0,0.38148
1000.0,236.0,0.509552
1000.0,237.0,0.537183
1000.0,238.0,0.052923
1000.0,239.0,0.998942
1000.0,240.0,0.453027
1000.0,241.0,0.380194
1000.0,242.0,0.56301
1000.0,243.0,0.628071
1000.0,244.0,0.254615
1000.0,245.0,0.118463
1000.0,246.0,0.456321
1000.0,247.0,0.395008
1000.0,248.0,0.535622
1000.0,249.0,0.180901
1000.0,250.0,0.305418
1000.0,251.0,0.020965
1000.0,252.0,0.611759
1000.0,253.0,0.61096
1000.0,254.0,0.186406
1000.0,255.0,0.542432
1000.0,256.0,0.992377
1000.0,257.0,0.454982
1000.0,258.0,0.687243
1000.0,259.0,0.302795
1000.0,260.0,0.516257
1000.0,261.0,0.44781
1000.0,262.0,0.245117
1000.0,263.0,0.682461
1000.0,264.0,0.215868
1000.0,265.0,0.606027
1000.0,266.0,0.923408
1000.0,267.0,0.088004
1000.0,268.0,0.136849
1000.0,269.0,0.381242
1000.0,270.0,0.465171
1000.0,271.0,0.540422
1000.0,272.0,0.602088
1000.0,273.0,0.406677
1000.0,274.0,0.412423
1000.0,275.0,0.641551
1000.0,276.0,0.751019
1000.0,277.0,0.411255
1000.0,278.0,0.094347
1000.0,279.0,0.41176
1000.0,280.0,0.527255
1000.0,281.0,0.519361
1000.0,282.0,0.686172
1000.0,283.0,0.581289
1000.0,284.0,0.436196
1000.0,285.0,0.558672
1000.0,286.0,0.433344
1000.0,287.0,0.017362
1000.0,288.0,0.266399
1000.0,289.0,0.96133
1000.0,290.0,0.983653
1000.0,291.0,0.619993
1000.0,292.0,0.276246
1000.0,293.0,0.033477
1000.0,294.0,0.0
1000.0,295.0,0.492118
1000.0,296.0,0.765312
1000.0,297.0,0.448905
1000.0,298.0,0.537255
1000.0,299.0,0.681535
1000.0,300.0,0.679555
1000.0,301.0,0.017864
1000.0,302.0,0.862233
1000.0,303.0,0.785766
1000.0,304.0,0.554578
1000.0,305.0,0.658218
1000.0,306.0,0.660438
1000.0,307.0,0.43137
1000.0,308.0,0.437345
1000.0,309.0,0.662057
1000.0,310.0,0.805545
1000.0,311.0,0.950253
1000.0,312.0,0.280369
1000.0,313.0,0.683024
1000.0,314.0,0.509945
1000.0,315.0,0.963739
1000.0,316.0,0.601379
1000.0,317.0,0.507586
1000.0,318.0,0.453139
1000.0,319.0,0.069603
1000.0,320.0,0.328431
1000.0,321.0,0.241887
1000.0,322.0,0.24186
1000.0,323.0,0.204129
1000.0,324.0,0.257422
1000.0,325.0,0.168535
1000.0,326.0,0.578657
1000.0,327.0,0.251467
1000.0,328.0,0.0
1000.0,329.0,0.453195
1000.0,330.0,0.535509
1000.0,331.0,0.973481
1000.0,332.0,0.454274
1000.0,333.0,0.235961
1000.0,334.0,0.621851
1001.0,0.0,0.245695
1001.0,1.0,0.775188
1001.0,2.0,0.109687
1001.0,3.0,0.664447
1001.0,4.0,0.050617
1001.0,5.0,0.456202
1001.0,6.0,0.612123
1001.0,7.0,0.379835
1001.0,8.0,0.49318
1001.0,9.0,0.533497
1001.0,10.0,0.020048
1001.0,11.0,0.424499
1001.0,12.0,0.997116
1001.0,13.0,0.544083
1001.0,14.0,0.507059
1001.0,15.0,0.333803
1001.0,16.0,0.55284
1001.0,17.0,0.54887
1001.0,18.0,0.000439
1001.0,19.0,0.475018
1001.0,20.0,0.536747
1001.0,21.0,0.487511
1001.0,22.0,0.361572
1001.0,23.0,0.511459
1001.0,24.0,0.246792
1001.0,25.0,0.359069
1001.0,26.0,0.670811
1001.0,27.0,0.003153
1001.0,28.0,0.400952
1001.0,29.0,0.435761
1001.0,30.0,0.649201
1001.0,31.0,0.491237
1001.0,32.0,0.360908
1001.0,33.0,0.342813
1001.0,34.0,0.755433
1001.0,35.0,0.368586
1001.0,36.0,0.367365
1001.0,37.0,0.418048
1001.0,38.0,0.373222
1001.0,39.0,0.167763
1001.0,40.0,0.73554
1001.0,41.0,0.692733
1001.0,42.0,0.268996
1001.0,43.0,0.593453
1001.0,44.0,0.461033
1001.0,45.0,0.891394
1001.0,46.0,0.576996
1001.0,47.0,0.36105
1001.0,48.0,0.224719
1001.0,49.0,0.731383
1001.0,50.0,0.781398
1001.0,51.0,0.410354
1001.0,52.0,0.846554
1001.0,53.0,0.535909
1001.0,54.0,0.459295
1001.0,55.0,0.613884
1001.0,56.0,0.370801
1001.0,57.0,0.348975
1001.0,58.0,0.978296
1001.0,59.0,0.598201
1001.0,60.0,0.225138
1001.0,61.0,0.769892
1001.0,62.0,0.525072
1001.0,63.0,0.612732
1001.0,64.0,0.043045
1001.0,65.0,0.606726
1001.0,66.0,0.761926
1001.0,67.0,0.350797
1001.0,68.0,0.279168
1001.0,69.0,0.376428
1001.0,70.0,0.183432
1001.0,71.0,0.576496
1001.0,72.0,0.564121
1001.0,73.0,0.298503
1001.0,74.0,0.761977
1001.0,75.0,0.780783
1001.0,76.0,0.46481
1001.0,77.0,0.186622
1001.0,78.0,0.425931
1001.0,79.0,0.134142
1001.0,80.0,0.359937
1001.0,81.0,0.421117
1001.0,82.0,0.515424
1001.0,83.0,0.915567
1001.0,84.0,0.980006
1001.0,85.0,0.22143
1001.0,86.0,0.579128
1001.0,87.0,0.271824
1001.0,88.0,0.602001
1001.0,89.0,0.369358
1001.0,90.0,0.738208
1001.0,91.0,0.0
1001.0,92.0,0.002054
1001.0,93.0,0.472669
1001.0,94.0,0.646863
1001.0,95.0,0.642485
1001.0,96.0,0.275275
1001.0,97.0,0.147407
1001.0,98.0,0.844251
1001.0,99.0,0.371541
1001.0,100.0,0.704112
1001.0,101.0,0.463411
1001.0,102.0,0.664212
1001.0,103.0,0.414132
1001.0,104.0,0.994462
1001.0,105.0,0.538207
1001.0,106.0,0.725569
1001.0,107.0,0.609843
1001.0,108.0,0.62231
1001.0,109.0,0.347465
1001.0,110.0,0.512683
1001.0,111.0,0.170038
1001.0,112.0,0.64278
1001.0,113.0,0.392787
1001.0,114.0,0.443852
1001.0,115.0,0.824137
1001.0,116.0,0.000564
1001.0,117.0,0.472389
1001.0,118.0,0.5284
1001.0,119.0,0.034577
1001.0,120.0,0.541858
1001.0,121.0,0.456702
1001.0,122.0,0.55561
1001.0,123.0,0.896687
1001.0,124.0,0.0
1001.0,125.0,0.282749
1001.0,126.0,0.633306
1001.0,127.0,0.727578
1001.0,128.0,0.781992
1001.0,129.0,0.470613
1001.0,130.0,0.007414
1001.0,131.0,0.0
1001.0,132.0,0.074856
1001.0,133.0,0.177314
1001.0,134.0,0.01642
1001.0,135.0,0.847066
1001.0,136.0,0.834236
1001.0,137.0,0.560357
1001.0,138.0,0.336524
1001.0,139.0,0.2411
1001.0,140.0,0.780215
1001.0,141.0,0.620012
1001.0,142.0,0.2361
1001.0,143.0,0.545671
1001.0,144.0,0.003555
1001.0,145.0,0.150005
1001.0,146.0,0.613415
1001.0,147.0,0.99289
1001.0,148.0,0.679065
1001.0,149.0,0.948401
1001.0,150.0,0.443528
1001.0,151.0,0.736185
1001.0,152.0,0.253121
1001.0,153.0,0.652805
1001.0,154.0,0.511296
1001.0,155.0,0.409141
1001.0,156.0,0.38375
1001.0,157.0,1.0
1001.0,158.0,0.415058
1001.0,159.0,0.320134
1001.0,160.0,0.695049
1001.0,161.0,0.84034
1001.0,162.0,0.502338
1001.0,163.0,0.688638
1001.0,164.0,0.127467
1001.0,165.0,0.560573
1001.0,166.0,0.287477
1001.0,167.0,1.0
1001.0,168.0,0.402629
1001.0,169.0,0.648192
1001.0,170.0,0.066758
1001.0,171.0,0.537859
1001.0,172.0,0.248723
1001.0,173.0,0.534989
1001.0,174.0,0.172909
1001.0,175.0,0.351013
1001.0,176.0,0.259664
1001.0,177.0,0.612637
1001.0,178.0,0.615628
1001.0,179.0,0.916694
1001.0,180.0,0.488207
1001.0,181.0,1.0
1001.0,182.0,0.711336
1001.0,183.0,0.381555
1001.0,184.0,0.348711
1001.0,185.0,0.668551
1001.0,186.0,0.315126
1001.0,187.0,0.373161
1001.0,188.0,0.435737
1001.0,189.0,0.8557
1001.0,190.0,0.410869
1001.0,191.0,0.540971
1001.0,192.0,0.707925
1001.0,193.0,0.562158
1001.0,194.0,0.513342
1001.0,195.0,0.709464
1001.0,196.0,0.494207
1001.0,197.0,0.853282
1001.0,198.0,0.116232
1001.0,199.0,0.899293
1001.0,200.0,0.661505
1001.0,201.0,0.199519
1001.0,202.0,0.681887
1001.0,203.0,0.765781
1001.0,204.0,0.499787
1001.0,205.0,0.641327
1001.0,206.0,0.436708
1001.0,207.0,0.651381
1001.0,208.0,0.098458
1001.0,209.0,0.675592
1001.0,210.0,0.971641
1001.0,211.0,0.434775
1001.0,212.0,0.56581
1001.0,213.0,0.443392
1001.0,214.0,0.613747
1001.0,215.0,0.375306
1001.0,216.0,0.049123
1001.0,217.0,0.365023
1001.0,218.0,0.518886
1001.0,219.0,0.67781
1001.0,220.0,0.977801
1001.0,221.0,0.689879
1001.0,222.0,0.46402
1001.0,223.0,0.660702
1001.0,224.0,0.539977
1001.0,225.0,0.82386
1001.0,226.0,0.998578
1001.0,227.0,0.441458
1001.0,228.0,0.668333
1001.0,229.0,0.651349
1001.0,230.0,0.58906
1001.0,231.0,0.300953
1001.0,232.0,0.383297
1001.0,233.0,0.390716
1001.0,234.0,0.185818
1001.0,235.0,0.382828
1001.0,236.0,0.513057
1001.0,237.0,0.539834
1001.0,238.0,0.053097
1001.0,239.0,0.998933
1001.0,240.0,0.456486
1001.0,241.0,0.381014
1001.0,242.0,0.564442
1001.0,243.0,0.635141
1001.0,244.0,0.258588
1001.0,245.0,0.122138
1001.0,246.0,0.458244
1001.0,247.0,0.398004
1001.0,248.0,0.541606
1001.0,249.0,0.187578
1001.0,250.0,0.311406
1001.0,251.0,0.021556
1001.0,252.0,0.608487
1001.0,253.0,0.611167
1001.0,254.0,0.199024
1001.0,255.0,0.542816
1001.0,256.0,0.992483
1001.0,257.0,0.455679
1001.0,258.0,0.689908
1001.0,259.0,0.305093
1001.0,260.0,0.517157
1001.0,261.0,0.450361
1001.0,262.0,0.247632
1001.0,263.0,0.683705
1001.0,264.0,0.216176
1001.0,265.0,0.60762
1001.0,266.0,0.924249
1001.0,267.0,0.089173
1001.0,268.0,0.138263
1001.0,269.0,0.385457
1001.0,270.0,0.466002
1001.0,271.0,0.549443
1001.0,272.0,0.603033
1001.0,273.0,0.409652
1001.0,274.0,0.414594
1001.0,275.0,0.653019
1001.0,276.0,0.773823
1001.0,277.0,0.413661
1001.0,278.0,0.096063
1001.0,279.0,0.41442
1001.0,280.0,0.532015
1001.0,281.0,0.522009
1001.0,282.0,0.693795
1001.0,283.0,0.591478
1001.0,284.0,0.443999
1001.0,285.0,0.56032
1001.0,286.0,0.440008
1001.0,287.0,0.017818
1001.0,288.0,0.27144
1001.0,289.0,0.962074
1001.0,290.0,0.983985
1001.0,291.0,0.620834
1001.0,292.0,0.279912
1001.0,293.0,0.034888
1001.0,294.0,0.0
1001.0,295.0,0.496088
1001.0,296.0,0.768347
1001.0,297.0,0.450899
1001.0,298.0,0.537366
1001.0,299.0,0.681985
1001.0,300.0,0.684848
1001.0,301.0,0.018015
1001.0,302.0,0.866244
1001.0,303.0,0.790151
1001.0,304.0,0.555152
1001.0,305.0,0.664806
1001.0,306.0,0.662227
1001.0,307.0,0.440893
1001.0,308.0,0.441195
1001.0,309.0,0.666019
1001.0,310.0,0.806883
1001.0,311.0,0.950285
1001.0,312.0,0.287689
1001.0,313.0,0.685887
1001.0,314.0,0.512135
1001.0,315.0,0.964812
1001.0,316.0,0.602901
1001.0,317.0,0.511514
1001.0,318.0,0.455787
1001.0,319.0,0.070155
1001.0,320.0,0.337603
1001.0,321.0,0.245046
1001.0,322.0,0.24434
1001.0,323.0,0.206222
1001.0,324.0,0.259485
1001.0,325.0,0.168555
1001.0,326.0,0.586121
1001.0,327.0,0.25227
1001.0,328.0,0.0
1001.0,329.0,0.495689
1001.0,330.0,0.535553
1001.0,331.0,0.974173
1001.0,332.0,0.455426
1001.0,333.0,0.237531
1001.0,334.0,0.623242
1002.0,0.0,0.246424
1002.0,1.0,0.777735
1002.0,2.0,0.109769
1002.0,3.0,0.672154
1002.0,4.0,0.05103
1002.0,5.0,0.456956
1002.0,6.0,0.615247
1002.0,7.0,0.38557
1002.0,8.0,0.498949
1002.0,9.0,0.538127
1002.0,10.0,0.02034
1002.0,11.0,0.432798
1002.0,12.0,0.997227
1002.0,13.0,0.550767
1002.0,14.0,0.515598
1002.0,15.0,0.337264
1002.0,16.0,0.556609
1002.0,17.0,0.552628
1002.0,18.0,0.000452
1002.0,19.0,0.477932
1002.0,20.0,0.538275
1002.0,21.0,0.492111
1002.0,22.0,0.362235
1002.0,23.0,0.516611
1002.0,24.0,0.252291
1002.0,25.0,0.36463
1002.0,26.0,0.686437
1002.0,27.0,0.003201
1002.0,28.0,0.406134
1002.0,29.0,0.446281
1002.0,30.0,0.651492
1002.0,31.0,0.49362
1002.0,32.0,0.365056
1002.0,33.0,0.345307
1002.0,34.0,0.757037
1002.0,35.0,0.381916
1002.0,36.0,0.369178
1002.0,37.0,0.419354
1002.0,38.0,0.373996
1002.0,39.0,0.168547
1002.0,40.0,0.738801
1002.0,41.0,0.694855
1002.0,42.0,0.27249
1002.0,43.0,0.596386
1002.0,44.0,0.464619
1002.0,45.0,0.890987
1002.0,46.0,0.578317
1002.0,47.0,0.363358
1002.0,48.0,0.225963
1002.0,49.0,0.732473
1002.0,50.0,0.783199
1002.0,51.0,0.415413
1002.0,52.0,0.847954
1002.0,53.0,0.537116
1002.0,54.0,0.467603
1002.0,55.0,0.615958
1002.0,56.0,0.376734
1002.0,57.0,0.350439
1002.0,58.0,0.978354
1002.0,59.0,0.599809
1002.0,60.0,0.226088
1002.0,61.0,0.771713
1002.0,62.0,0.532962
1002.0,63.0,0.615841
1002.0,64.0,0.043633
1002.0,65.0,0.612576
1002.0,66.0,0.765735
1002.0,67.0,0.354714
1002.0,68.0,0.287602
1002.0,69.0,0.380769
1002.0,70.0,0.185439
1002.0,71.0,0.577453
1002.0,72.0,0.566207
1002.0,73.0,0.298841
1002.0,74.0,0.767403
1002.0,75.0,0.789843
1002.0,76.0,0.470085
1002.0,77.0,0.18863
1002.0,78.0,0.431343
1002.0,79.0,0.1344
1002.0,80.0,0.368292
1002.0,81.0,0.42438
1002.0,82.0,0.516719
1002.0,83.0,0.917265
1002.0,84.0,0.980826
1002.0,85.0,0.223041
1002.0,86.0,0.580276
1002.0,87.0,0.273213
1002.0,88.0,0.604345
1002.0,89.0,0.369395
1002.0,90.0,0.739015
1002.0,91.0,0.0
1002.0,92.0,0.00215
1002.0,93.0,0.474615
1002.0,94.0,0.649646
1002.0,95.0,0.646437
1002.0,96.0,0.283379
1002.0,97.0,0.150074
1002.0,98.0,0.845395
1002.0,99.0,0.375277
1002.0,100.0,0.704484
1002.0,101.0,0.472918
1002.0,102.0,0.66717
1002.0,103.0,0.422173
1002.0,104.0,0.99485
1002.0,105.0,0.542225
1002.0,106.0,0.735078
1002.0,107.0,0.613901
1002.0,108.0,0.625287
1002.0,109.0,0.348753
1002.0,110.0,0.524904
1002.0,111.0,0.17222
1002.0,112.0,0.647645
1002.0,113.0,0.464901
1002.0,114.0,0.448282
1002.0,115.0,0.823988
1002.0,116.0,0.000571
1002.0,117.0,0.482385
1002.0,118.0,0.528165
1002.0,119.0,0.034398
1002.0,120.0,0.546999
1002.0,121.0,0.459442
1002.0,122.0,0.557734
1002.0,123.0,0.897444
1002.0,124.0,0.0
1002.0,125.0,0.297351
1002.0,126.0,0.635721
1002.0,127.0,0.742945
1002.0,128.0,0.783539
1002.0,129.0,0.471704
1002.0,130.0,0.007628
1002.0,131.0,0.0
1002.0,132.0,0.075559
1002.0,133.0,0.184069
1002.0,134.0,0.016929
1002.0,135.0,0.850008
1002.0,136.0,0.838256
1002.0,137.0,0.560425
1002.0,138.0,0.337287
1002.0,139.0,0.247728
1002.0,140.0,0.781974
1002.0,141.0,0.622235
1002.0,142.0,0.237529
1002.0,143.0,0.546899
1002.0,144.0,0.003642
1002.0,145.0,0.150864
1002.0,146.0,0.617
1002.0,147.0,0.993213
1002.0,148.0,0.698266
1002.0,149.0,0.949444
1002.0,150.0,0.457492
1002.0,151.0,0.737556
1002.0,152.0,0.254497
1002.0,153.0,0.657796
1002.0,154.0,0.513739
1002.0,155.0,0.418502
1002.0,156.0,0.404848
1002.0,157.0,1.0
1002.0,158.0,0.436361
1002.0,159.0,0.322199
1002.0,160.0,0.699545
1002.0,161.0,0.840821
1002.0,162.0,0.505005
1002.0,163.0,0.691237
1002.0,164.0,0.128609
1002.0,165.0,0.562526
1002.0,166.0,0.288762
1002.0,167.0,1.0
1002.0,168.0,0.403209
1002.0,169.0,0.65589
1002.0,170.0,0.067601
1002.0,171.0,0.543758
1002.0,172.0,0.250575
1002.0,173.0,0.541344
1002.0,174.0,0.175775
1002.0,175.0,0.352704
1002.0,176.0,0.259791
1002.0,177.0,0.612031
1002.0,178.0,0.620976
1002.0,179.0,0.917736
1002.0,180.0,0.49062
1002.0,181.0,1.0
1002.0,182.0,0.726872
1002.0,183.0,0.385968
1002.0,184.0,0.353872
1002.0,185.0,0.67501
1002.0,186.0,0.317764
1002.0,187.0,0.375416
1002.0,188.0,0.436156
1002.0,189.0,0.863053
1002.0,190.0,0.419204
1002.0,191.0,0.545789
1002.0,192.0,0.709352
1002.0,193.0,0.565905
1002.0,194.0,0.519957
1002.0,195.0,0.711763
1002.0,196.0,0.499366
1002.0,197.0,0.855202
1002.0,198.0,0.118858
1002.0,199.0,0.899841
1002.0,200.0,0.663015
1002.0,201.0,0.201065
1002.0,202.0,0.68886
1002.0,203.0,0.770572
1002.0,204.0,0.5008
1002.0,205.0,0.642489
1002.0,206.0,0.461532
1002.0,207.0,0.666691
1002.0,208.0,0.099282
1002.0,209.0,0.677161
1002.0,210.0,0.972137
1002.0,211.0,0.439533
1002.0,212.0,0.566043
1002.0,213.0,0.445399
1002.0,214.0,0.626755
1002.0,215.0,0.375889
1002.0,216.0,0.049499
1002.0,217.0,0.369556
1002.0,218.0,0.531147
1002.0,219.0,0.684155
1002.0,220.0,0.978256
1002.0,221.0,0.693746
1002.0,222.0,0.489205
1002.0,223.0,0.66366
1002.0,224.0,0.541402
1002.0,225.0,0.826912
1002.0,226.0,0.9986
1002.0,227.0,0.442654
1002.0,228.0,0.670104
1002.0,229.0,0.651947
1002.0,230.0,0.59014
1002.0,231.0,0.301592
1002.0,232.0,0.387476
1002.0,233.0,0.392198
1002.0,234.0,0.189173
1002.0,235.0,0.385322
1002.0,236.0,0.516616
1002.0,237.0,0.542701
1002.0,238.0,0.053284
1002.0,239.0,0.998978
1002.0,240.0,0.459954
1002.0,241.0,0.382088
1002.0,242.0,0.566836
1002.0,243.0,0.641669
1002.0,244.0,0.262633
1002.0,245.0,0.125905
1002.0,246.0,0.459666
1002.0,247.0,0.400477
1002.0,248.0,0.547814
1002.0,249.0,0.193053
1002.0,250.0,0.317175
1002.0,251.0,0.022097
1002.0,252.0,0.604493
1002.0,253.0,0.612744
1002.0,254.0,0.212509
1002.0,255.0,0.543102
1002.0,256.0,0.992624
1002.0,257.0,0.455357
1002.0,258.0,0.692106
1002.0,259.0,0.307457
1002.0,260.0,0.517639
1002.0,261.0,0.452008
1002.0,262.0,0.250831
1002.0,263.0,0.685889
1002.0,264.0,0.216708
1002.0,265.0,0.609915
1002.0,266.0,0.925128
1002.0,267.0,0.090776
1002.0,268.0,0.139705
1002.0,269.0,0.388793
1002.0,270.0,0.467118
1002.0,271.0,0.557839
1002.0,272.0,0.603433
1002.0,273.0,0.410296
1002.0,274.0,0.417507
1002.0,275.0,0.663487
1002.0,276.0,0.795056
1002.0,277.0,0.415641
1002.0,278.0,0.097393
1002.0,279.0,0.417635
1002.0,280.0,0.537347
1002.0,281.0,0.524693
1002.0,282.0,0.70003
1002.0,283.0,0.60062
1002.0,284.0,0.452138
1002.0,285.0,0.561861
1002.0,286.0,0.447597
1002.0,287.0,0.018256
1002.0,288.0,0.276156
1002.0,289.0,0.963131
1002.0,290.0,0.984162
1002.0,291.0,0.621964
1002.0,292.0,0.282774
1002.0,293.0,0.036269
1002.0,294.0,0.0
1002.0,295.0,0.501212
1002.0,296.0,0.771308
1002.0,297.0,0.451897
1002.0,298.0,0.538414
1002.0,299.0,0.683473
1002.0,300.0,0.690747
1002.0,301.0,0.018339
1002.0,302.0,0.86989
1002.0,303.0,0.794045
1002.0,304.0,0.554742
1002.0,305.0,0.671094
1002.0,306.0,0.663991
1002.0,307.0,0.449983
1002.0,308.0,0.44423
1002.0,309.0,0.669807
1002.0,310.0,0.807359
1002.0,311.0,0.950995
1002.0,312.0,0.293271
1002.0,313.0,0.687065
1002.0,314.0,0.513271
1002.0,315.0,0.965908
1002.0,316.0,0.603379
1002.0,317.0,0.514275
1002.0,318.0,0.458055
1002.0,319.0,0.070394
1002.0,320.0,0.346961
1002.0,321.0,0.247626
1002.0,322.0,0.247534
1002.0,323.0,0.208808
1002.0,324.0,0.260433
1002.0,325.0,0.169042
1002.0,326.0,0.593605
1002.0,327.0,0.2529
1002.0,328.0,0.0
1002.0,329.0,0.537855
1002.0,330.0,0.535756
1002.0,331.0,0.97478
1002.0,332.0,0.455984
1002.0,333.0,0.239462
1002.0,334.0,0.625167
1003.0,0.0,0.247708
1003.0,1.0,0.778697
1003.0,2.0,0.110775
1003.0,3.0,0.679564
1003.0,4.0,0.051758
1003.0,5.0,0.457903
1003.0,6.0,0.61826
1003.0,7.0,0.392266
1003.0,8.0,0.505197
1003.0,9.0,0.542716
1003.0,10.0,0.020626
1003.0,11.0,0.440326
1003.0,12.0,0.997375
1003.0,13.0,0.556591
1003.0,14.0,0.524823
1003.0,15.0,0.339954
1003.0,16.0,0.56085
1003.0,17.0,0.556459
1003.0,18.0,0.00047
1003.0,19.0,0.480236
1003.0,20.0,0.539181
1003.0,21.0,0.494715
1003.0,22.0,0.362301
1003.0,23.0,0.520966
1003.0,24.0,0.259146
1003.0,25.0,0.369958
1003.0,26.0,0.700205
1003.0,27.0,0.00329
1003.0,28.0,0.411161
1003.0,29.0,0.457152
1003.0,30.0,0.652689
1003.0,31.0,0.495579
1003.0,32.0,0.36897
1003.0,33.0,0.347344
1003.0,34.0,0.758346
1003.0,35.0,0.395041
1003.0,36.0,0.370356
1003.0,37.0,0.419836
1003.0,38.0,0.374745
1003.0,39.0,0.169772
1003.0,40.0,0.742217
1003.0,41.0,0.698537
1003.0,42.0,0.276481
1003.0,43.0,0.599228
1003.0,44.0,0.46897
1003.0,45.0,0.891008
1003.0,46.0,0.581454
1003.0,47.0,0.366242
1003.0,48.0,0.226846
1003.0,49.0,0.73436
1003.0,50.0,0.783782
1003.0,51.0,0.420939
1003.0,52.0,0.84905
1003.0,53.0,0.537006
1003.0,54.0,0.476152
1003.0,55.0,0.617066
1003.0,56.0,0.382677
1003.0,57.0,0.35239
1003.0,58.0,0.978659
1003.0,59.0,0.602159
1003.0,60.0,0.226741
1003.0,61.0,0.772964
1003.0,62.0,0.539999
1003.0,63.0,0.619506
1003.0,64.0,0.044744
1003.0,65.0,0.617857
1003.0,66.0,0.770258
1003.0,67.0,0.35844
1003.0,68.0,0.296639
1003.0,69.0,0.385935
1003.0,70.0,0.186091
1003.0,71.0,0.578264
1003.0,72.0,0.567014
1003.0,73.0,0.298811
1003.0,74.0,0.772797
1003.0,75.0,0.798431
1003.0,76.0,0.474951
1003.0,77.0,0.190532
1003.0,78.0,0.435878
1003.0,79.0,0.1352
1003.0,80.0,0.376306
1003.0,81.0,0.427214
1003.0,82.0,0.519121
1003.0,83.0,0.918006
1003.0,84.0,0.981534
1003.0,85.0,0.225094
1003.0,86.0,0.58169
1003.0,87.0,0.273818
1003.0,88.0,0.606264
1003.0,89.0,0.369412
1003.0,90.0,0.740028
1003.0,91.0,0.0
1003.0,92.0,0.002257
1003.0,93.0,0.47538
1003.0,94.0,0.652245
1003.0,95.0,0.649675
1003.0,96.0,0.290005
1003.0,97.0,0.152216
1003.0,98.0,0.845837
1003.0,99.0,0.377998
1003.0,100.0,0.707014
1003.0,101.0,0.482757
1003.0,102.0,0.670248
1003.0,103.0,0.429336
1003.0,104.0,0.995162
1003.0,105.0,0.544779
1003.0,106.0,0.744495
1003.0,107.0,0.617884
1003.0,108.0,0.629197
1003.0,109.0,0.349981
1003.0,110.0,0.537103
1003.0,111.0,0.174734
1003.0,112.0,0.65125
1003.0,113.0,0.535123
1003.0,114.0,0.452015
1003.0,115.0,0.824266
1003.0,116.0,0.000597
1003.0,117.0,0.492653
1003.0,118.0,0.528348
1003.0,119.0,0.034845
1003.0,120.0,0.552895
1003.0,121.0,0.462263
1003.0,122.0,0.560039
1003.0,123.0,0.899301
1003.0,124.0,0.0
1003.0,125.0,0.312034
1003.0,126.0,0.637877
1003.0,127.0,0.756912
1003.0,128.0,0.783918
1003.0,129.0,0.472143
1003.0,130.0,0.007655
1003.0,131.0,0.0
1003.0,132.0,0.07627
1003.0,133.0,0.190318
1003.0,134.0,0.017262
1003.0,135.0,0.852511
1003.0,136.0,0.841845
1003.0,137.0,0.560286
1003.0,138.0,0.337565
1003.0,139.0,0.254751
1003.0,140.0,0.783645
1003.0,141.0,0.624748
1003.0,142.0,0.238562
1003.0,143.0,0.548977
1003.0,144.0,0.003706
1003.0,145.0,0.151972
1003.0,146.0,0.620862
1003.0,147.0,0.993397
1003.0,148.0,0.716586
1003.0,149.0,0.950703
1003.0,150.0,0.471425
1003.0,151.0,0.738678
1003.0,152.0,0.255287
1003.0,153.0,0.662529
1003.0,154.0,0.517207
1003.0,155.0,0.427956
1003.0,156.0,0.42602
1003.0,157.0,1.0
1003.0,158.0,0.457176
1003.0,159.0,0.323723
1003.0,160.0,0.703822
1003.0,161.0,0.840491
1003.0,162.0,0.5083
1003.0,163.0,0.694064
1003.0,164.0,0.129927
1003.0,165.0,0.564004
1003.0,166.0,0.288471
1003.0,167.0,1.0
1003.0,168.0,0.403071
1003.0,169.0,0.663889
1003.0,170.0,0.068001
1003.0,171.0,0.550557
1003.0,172.0,0.252606
1003.0,173.0,0.546586
1003.0,174.0,0.177966
1003.0,175.0,0.355628
1003.0,176.0,0.259369
1003.0,177.0,0.612344
1003.0,178.0,0.626921
1003.0,179.0,0.918701
1003.0,180.0,0.492195
1003.0,181.0,1.0
1003.0,182.0,0.740616
1003.0,183.0,0.390979
1003.0,184.0,0.35925
1003.0,185.0,0.681094
1003.0,186.0,0.319803
1003.0,187.0,0.376051
1003.0,188.0,0.43659
1003.0,189.0,0.869646
1003.0,190.0,0.428129
1003.0,191.0,0.550723
1003.0,192.0,0.710457
1003.0,193.0,0.568299
1003.0,194.0,0.52591
1003.0,195.0,0.714712
1003.0,196.0,0.505121
1003.0,197.0,0.856497
1003.0,198.0,0.121828
1003.0,199.0,0.900396
1003.0,200.0,0.664605
1003.0,201.0,0.20269
1003.0,202.0,0.694915
1003.0,203.0,0.775235
1003.0,204.0,0.501438
1003.0,205.0,0.643762
1003.0,206.0,0.486572
1003.0,207.0,0.68233
1003.0,208.0,0.100467
1003.0,209.0,0.678825
1003.0,210.0,0.972667
1003.0,211.0,0.444303
1003.0,212.0,0.566316
1003.0,213.0,0.447309
1003.0,214.0,0.639298
1003.0,215.0,0.376904
1003.0,216.0,0.049569
1003.0,217.0,0.374672
1003.0,218.0,0.542956
1003.0,219.0,0.691449
1003.0,220.0,0.97867
1003.0,221.0,0.696799
1003.0,222.0,0.514288
1003.0,223.0,0.667371
1003.0,224.0,0.543687
1003.0,225.0,0.829533
1003.0,226.0,0.998594
1003.0,227.0,0.444028
1003.0,228.0,0.669708
1003.0,229.0,0.652796
1003.0,230.0,0.591927
1003.0,231.0,0.301609
1003.0,232.0,0.391487
1003.0,233.0,0.393432
1003.0,234.0,0.192471
1003.0,235.0,0.386815
1003.0,236.0,0.520093
1003.0,237.0,0.545473
1003.0,238.0,0.053817
1003.0,239.0,0.99899
1003.0,240.0,0.463477
1003.0,241.0,0.383269
1003.0,242.0,0.569854
1003.0,243.0,0.648519
1003.0,244.0,0.267147
1003.0,245.0,0.129371
1003.0,246.0,0.459774
1003.0,247.0,0.402317
1003.0,248.0,0.553738
1003.0,249.0,0.199111
1003.0,250.0,0.322973
1003.0,251.0,0.022573
1003.0,252.0,0.601145
1003.0,253.0,0.614235
1003.0,254.0,0.226084
1003.0,255.0,0.543706
1003.0,256.0,0.992699
1003.0,257.0,0.455883
1003.0,258.0,0.693846
1003.0,259.0,0.310262
1003.0,260.0,0.519074
1003.0,261.0,0.454047
1003.0,262.0,0.25223
1003.0,263.0,0.687222
1003.0,264.0,0.216999
1003.0,265.0,0.61083
1003.0,266.0,0.92585
1003.0,267.0,0.092426
1003.0,268.0,0.141713
1003.0,269.0,0.392156
1003.0,270.0,0.467981
1003.0,271.0,0.566136
1003.0,272.0,0.604234
1003.0,273.0,0.413153
1003.0,274.0,0.420044
1003.0,275.0,0.673963
1003.0,276.0,0.813728
1003.0,277.0,0.418548
1003.0,278.0,0.09834
1003.0,279.0,0.421523
1003.0,280.0,0.54184
1003.0,281.0,0.528087
1003.0,282.0,0.705695
1003.0,283.0,0.609436
1003.0,284.0,0.459194
1003.0,285.0,0.562454
1003.0,286.0,0.453706
1003.0,287.0,0.018677
1003.0,288.0,0.28077
1003.0,289.0,0.963985
1003.0,290.0,0.98439
1003.0,291.0,0.623233
1003.0,292.0,0.286062
1003.0,293.0,0.037919
1003.0,294.0,0.0
1003.0,295.0,0.505072
1003.0,296.0,0.773606
1003.0,297.0,0.452241
1003.0,298.0,0.539111
1003.0,299.0,0.683119
1003.0,300.0,0.696674
1003.0,301.0,0.018418
1003.0,302.0,0.873615
1003.0,303.0,0.798609
1003.0,304.0,0.555208
1003.0,305.0,0.678168
1003.0,306.0,0.665088
1003.0,307.0,0.457494
1003.0,308.0,0.448161
1003.0,309.0,0.67269
1003.0,310.0,0.808599
1003.0,311.0,0.951388
1003.0,312.0,0.2996
1003.0,313.0,0.689647
1003.0,314.0,0.515041
1003.0,315.0,0.966909
1003.0,316.0,0.603996
1003.0,317.0,0.517329
1003.0,318.0,0.459843
1003.0,319.0,0.070966
1003.0,320.0,0.355479
1003.0,321.0,0.24923
1003.0,322.0,0.25098
1003.0,323.0,0.211642
1003.0,324.0,0.262423
1003.0,325.0,0.169548
1003.0,326.0,0.600645
1003.0,327.0,0.25354
1003.0,328.0,0.0
1003.0,329.0,0.578203
1003.0,330.0,0.535969
1003.0,331.0,0.975641
1003.0,332.0,0.456793
1003.0,333.0,0.24144
1003.0,334.0,0.62635
1004.0,0.0,0.248623
1004.0,1.0,0.779594
1004.0,2.0,0.11128
1004.0,3.0,0.686879
1004.0,4.0,0.052724
1004.0,5.0,0.459607
1004.0,6.0,0.621413
1004.0,7.0,0.39704
1004.0,8.0,0.510802
1004.0,9.0,0.546799
1004.0,10.0,0.020941
1004.0,11.0,0.448588
1004.0,12.0,0.997452
1004.0,13.0,0.562245
1004.0,14.0,0.532808
1004.0,15.0,0.344044
1004.0,16.0,0.565844
1004.0,17.0,0.559821
1004.0,18.0,0.000508
1004.0,19.0,0.483126
1004.0,20.0,0.540718
1004.0,21.0,0.497146
1004.0,22.0,0.363027
1004.0,23.0,0.526345
1004.0,24.0,0.264768
1004.0,25.0,0.374728
1004.0,26.0,0.713683
1004.0,27.0,0.00328
1004.0,28.0,0.416154
1004.0,29.0,0.468058
1004.0,30.0,0.654538
1004.0,31.0,0.496472
1004.0,32.0,0.372079
1004.0,33.0,0.350279
1004.0,34.0,0.759055
1004.0,35.0,0.407645
1004.0,36.0,0.371383
1004.0,37.0,0.419969
1004.0,38.0,0.375745
1004.0,39.0,0.170006
1004.0,40.0,0.744368
1004.0,41.0,0.701421
1004.0,42.0,0.28025
1004.0,43.0,0.602022
1004.0,44.0,0.473267
1004.0,45.0,0.891261
1004.0,46.0,0.584491
1004.0,47.0,0.368354
1004.0,48.0,0.228078
1004.0,49.0,0.736397
1004.0,50.0,0.78468
1004.0,51.0,0.425464
1004.0,52.0,0.850897
1004.0,53.0,0.53761
1004.0,54.0,0.484784
1004.0,55.0,0.618359
1004.0,56.0,0.389831
1004.0,57.0,0.353989
1004.0,58.0,0.978717
1004.0,59.0,0.603765
1004.0,60.0,0.227464
1004.0,61.0,0.774023
1004.0,62.0,0.546972
1004.0,63.0,0.623113
1004.0,64.0,0.045319
1004.0,65.0,0.623418
1004.0,66.0,0.7741
1004.0,67.0,0.362523
1004.0,68.0,0.304634
1004.0,69.0,0.389912
1004.0,70.0,0.187204
1004.0,71.0,0.579087
1004.0,72.0,0.569182
1004.0,73.0,0.29873
1004.0,74.0,0.777958
1004.0,75.0,0.806748
1004.0,76.0,0.480078
1004.0,77.0,0.192228
1004.0,78.0,0.441416
1004.0,79.0,0.135616
1004.0,80.0,0.382957
1004.0,81.0,0.429153
1004.0,82.0,0.521358
1004.0,83.0,0.918719
1004.0,84.0,0.981997
1004.0,85.0,0.227358
1004.0,86.0,0.582893
1004.0,87.0,0.275114
1004.0,88.0,0.607698
1004.0,89.0,0.369399
1004.0,90.0,0.741045
1004.0,91.0,0.0
1004.0,92.0,0.002373
1004.0,93.0,0.477227
1004.0,94.0,0.654392
1004.0,95.0,0.652265
1004.0,96.0,0.297046
1004.0,97.0,0.154633
1004.0,98.0,0.847074
1004.0,99.0,0.381696
1004.0,100.0,0.708824
1004.0,101.0,0.492623
1004.0,102.0,0.672745
1004.0,103.0,0.436517
1004.0,104.0,0.995459
1004.0,105.0,0.548122
1004.0,106.0,0.752907
1004.0,107.0,0.621439
1004.0,108.0,0.632649
1004.0,109.0,0.351421
1004.0,110.0,0.548234
1004.0,111.0,0.175694
1004.0,112.0,0.654987
1004.0,113.0,0.601147
1004.0,114.0,0.455123
1004.0,115.0,0.825127
1004.0,116.0,0.000638
1004.0,117.0,0.501353
1004.0,118.0,0.528654
1004.0,119.0,0.03523
1004.0,120.0,0.558801
1004.0,121.0,0.464653
1004.0,122.0,0.561771
1004.0,123.0,0.900716
1004.0,124.0,0.0
1004.0,125.0,0.326059
1004.0,126.0,0.639907
1004.0,127.0,0.77044
1004.0,128.0,0.784642
1004.0,129.0,0.472064
1004.0,130.0,0.008118
1004.0,131.0,0.0
1004.0,132.0,0.0774
1004.0,133.0,0.196428
1004.0,134.0,0.017716
1004.0,135.0,0.854701
1004.0,136.0,0.845333
1004.0,137.0,0.559638
1004.0,138.0,0.337825
1004.0,139.0,0.261804
1004.0,140.0,0.785409
1004.0,141.0,0.626856
1004.0,142.0,0.24007
1004.0,143.0,0.550623
1004.0,144.0,0.003808
1004.0,145.0,0.152179
1004.0,146.0,0.624509
1004.0,147.0,0.993728
1004.0,148.0,0.734609
1004.0,149.0,0.951778
1004.0,150.0,0.483834
1004.0,151.0,0.73924
1004.0,152.0,0.256047
1004.0,153.0,0.667843
1004.0,154.0,0.520073
1004.0,155.0,0.437381
1004.0,156.0,0.446931
1004.0,157.0,1.0
1004.0,158.0,0.47815
1004.0,159.0,0.325873
1004.0,160.0,0.708038
1004.0,161.0,0.840712
1004.0,162.0,0.512201
1004.0,163.0,0.697052
1004.0,164.0,0.130878
1004.0,165.0,0.566022
1004.0,166.0,0.289641
1004.0,167.0,1.0
1004.0,168.0,0.403616
1004.0,169.0,0.670824
1004.0,170.0,0.068133
1004.0,171.0,0.555796
1004.0,172.0,0.254552
1004.0,173.0,0.552526
1004.0,174.0,0.179773
1004.0,175.0,0.358889
1004.0,176.0,0.258303
1004.0,177.0,0.612618
1004.0,178.0,0.63226
1004.0,179.0,0.920205
1004.0,180.0,0.492937
1004.0,181.0,1.0
1004.0,182.0,0.752532
1004.0,183.0,0.396255
1004.0,184.0,0.36478
1004.0,185.0,0.686968
1004.0,186.0,0.322197
1004.0,187.0,0.378321
1004.0,188.0,0.436713
1004.0,189.0,0.876452
1004.0,190.0,0.435992
1004.0,191.0,0.555291
1004.0,192.0,0.712587
1004.0,193.0,0.572316
1004.0,194.0,0.531279
1004.0,195.0,0.717413
1004.0,196.0,0.510681
1004.0,197.0,0.857988
1004.0,198.0,0.125501
1004.0,199.0,0.901203
1004.0,200.0,0.665312
1004.0,201.0,0.204658
1004.0,202.0,0.700803
1004.0,203.0,0.779712
1004.0,204.0,0.501719
1004.0,205.0,0.645305
1004.0,206.0,0.510269
1004.0,207.0,0.695615
1004.0,208.0,0.101304
1004.0,209.0,0.680824
1004.0,210.0,0.972879
1004.0,211.0,0.448672
1004.0,212.0,0.565293
1004.0,213.0,0.449881
1004.0,214.0,0.650709
1004.0,215.0,0.377667
1004.0,216.0,0.049565
1004.0,217.0,0.379135
1004.0,218.0,0.554136
1004.0,219.0,0.697586
1004.0,220.0,0.979207
1004.0,221.0,0.700365
1004.0,222.0,0.538266
1004.0,223.0,0.670912
1004.0,224.0,0.545041
1004.0,225.0,0.832072
1004.0,226.0,0.998643
1004.0,227.0,0.445614
1004.0,228.0,0.670615
1004.0,229.0,0.653868
1004.0,230.0,0.593095
1004.0,231.0,0.301873
1004.0,232.0,0.394583
1004.0,233.0,0.394306
1004.0,234.0,0.195438
1004.0,235.0,0.388627
1004.0,236.0,0.524056
1004.0,237.0,0.548171
1004.0,238.0,0.054026
1004.0,239.0,0.998993
1004.0,240.0,0.466685
1004.0,241.0,0.383949
1004.0,242.0,0.571891
1004.0,243.0,0.655186
1004.0,244.0,0.270769
1004.0,245.0,0.132534
1004.0,246.0,0.459967
1004.0,247.0,0.404304
1004.0,248.0,0.559542
1004.0,249.0,0.205122
1004.0,250.0,0.328914
1004.0,251.0,0.023273
1004.0,252.0,0.597819
1004.0,253.0,0.615879
1004.0,254.0,0.24057
1004.0,255.0,0.543905
1004.0,256.0,0.992732
1004.0,257.0,0.456449
1004.0,258.0,0.695786
1004.0,259.0,0.313347
1004.0,260.0,0.521382
1004.0,261.0,0.455578
1004.0,262.0,0.25412
1004.0,263.0,0.688187
1004.0,264.0,0.217145
1004.0,265.0,0.611816
1004.0,266.0,0.927082
1004.0,267.0,0.093778
1004.0,268.0,0.14358
1004.0,269.0,0.395808
1004.0,270.0,0.468599
1004.0,271.0,0.573926
1004.0,272.0,0.605606
1004.0,273.0,0.415569
1004.0,274.0,0.422224
1004.0,275.0,0.683225
1004.0,276.0,0.83134
1004.0,277.0,0.420285
1004.0,278.0,0.099756
1004.0,279.0,0.423996
1004.0,280.0,0.546349
1004.0,281.0,0.530297
1004.0,282.0,0.711254
1004.0,283.0,0.618636
1004.0,284.0,0.466269
1004.0,285.0,0.562064
1004.0,286.0,0.460343
1004.0,287.0,0.018936
1004.0,288.0,0.2846
1004.0,289.0,0.965012
1004.0,290.0,0.984486
1004.0,291.0,0.624451
1004.0,292.0,0.288134
1004.0,293.0,0.039545
1004.0,294.0,0.0
1004.0,295.0,0.509372
1004.0,296.0,0.77603
1004.0,297.0,0.453604
1004.0,298.0,0.540099
1004.0,299.0,0.683219
1004.0,300.0,0.70156
1004.0,301.0,0.018533
1004.0,302.0,0.876705
1004.0,303.0,0.803215
1004.0,304.0,0.556143
1004.0,305.0,0.684678
1004.0,306.0,0.666673
1004.0,307.0,0.465911
1004.0,308.0,0.4517
1004.0,309.0,0.676745
1004.0,310.0,0.810565
1004.0,311.0,0.951572
1004.0,312.0,0.305757
1004.0,313.0,0.691443
1004.0,314.0,0.518074
1004.0,315.0,0.967994
1004.0,316.0,0.605494
1004.0,317.0,0.521082
1004.0,318.0,0.461773
1004.0,319.0,0.072157
1004.0,320.0,0.364097
1004.0,321.0,0.251861
1004.0,322.0,0.25422
1004.0,323.0,0.214433
1004.0,324.0,0.264513
1004.0,325.0,0.169475
1004.0,326.0,0.607332
1004.0,327.0,0.25418
1004.0,328.0,0.0
1004.0,329.0,0.617335
1004.0,330.0,0.536142
1004.0,331.0,0.976336
1004.0,332.0,0.456978
1004.0,333.0,0.242927
1004.0,334.0,0.627236
1005.0,0.0,0.249402
1005.0,1.0,0.781782
1005.0,2.0,0.111744
1005.0,3.0,0.693559
1005.0,4.0,0.053259
1005.0,5.0,0.461661
1005.0,6.0,0.624867
1005.0,7.0,0.403112
1005.0,8.0,0.516015
1005.0,9.0,0.551742
1005.0,10.0,0.021108
1005.0,11.0,0.456768
1005.0,12.0,0.997593
1005.0,13.0,0.568357
1005.0,14.0,0.539645
1005.0,15.0,0.347648
1005.0,16.0,0.569836
1005.0,17.0,0.562366
1005.0,18.0,0.000549
1005.0,19.0,0.48489
1005.0,20.0,0.54225
1005.0,21.0,0.500757
1005.0,22.0,0.363021
1005.0,23.0,0.529975
1005.0,24.0,0.270783
1005.0,25.0,0.378384
1005.0,26.0,0.725772
1005.0,27.0,0.003348
1005.0,28.0,0.421276
1005.0,29.0,0.477462
1005.0,30.0,0.656467
1005.0,31.0,0.498138
1005.0,32.0,0.375594
1005.0,33.0,0.352584
1005.0,34.0,0.760408
1005.0,35.0,0.420756
1005.0,36.0,0.373527
1005.0,37.0,0.419787
1005.0,38.0,0.376616
1005.0,39.0,0.171157
1005.0,40.0,0.747837
1005.0,41.0,0.704659
1005.0,42.0,0.28416
1005.0,43.0,0.605105
1005.0,44.0,0.476978
1005.0,45.0,0.892189
1005.0,46.0,0.587605
1005.0,47.0,0.371371
1005.0,48.0,0.228923
1005.0,49.0,0.736478
1005.0,50.0,0.785909
1005.0,51.0,0.430294
1005.0,52.0,0.851785
1005.0,53.0,0.53882
1005.0,54.0,0.492636
1005.0,55.0,0.619752
1005.0,56.0,0.395823
1005.0,57.0,0.355932
1005.0,58.0,0.979071
1005.0,59.0,0.604975
1005.0,60.0,0.227947
1005.0,61.0,0.774968
1005.0,62.0,0.553047
1005.0,63.0,0.626495
1005.0,64.0,0.046358
1005.0,65.0,0.628313
1005.0,66.0,0.777568
1005.0,67.0,0.366747
1005.0,68.0,0.313966
1005.0,69.0,0.394743
1005.0,70.0,0.187604
1005.0,71.0,0.578974
1005.0,72.0,0.571053
1005.0,73.0,0.298598
1005.0,74.0,0.782423
1005.0,75.0,0.813794
1005.0,76.0,0.485001
1005.0,77.0,0.194251
1005.0,78.0,0.447024
1005.0,79.0,0.136562
1005.0,80.0,0.390031
1005.0,81.0,0.431237
1005.0,82.0,0.523871
1005.0,83.0,0.92003
1005.0,84.0,0.982527
1005.0,85.0,0.228598
1005.0,86.0,0.583869
1005.0,87.0,0.275511
1005.0,88.0,0.608608
1005.0,89.0,0.36974
1005.0,90.0,0.742439
1005.0,91.0,0.0
1005.0,92.0,0.002479
1005.0,93.0,0.479565
1005.0,94.0,0.656979
1005.0,95.0,0.655195
1005.0,96.0,0.304416
1005.0,97.0,0.157395
1005.0,98.0,0.848858
1005.0,99.0,0.384441
1005.0,100.0,0.710308
1005.0,101.0,0.500709
1005.0,102.0,0.676649
1005.0,103.0,0.444588
1005.0,104.0,0.99568
1005.0,105.0,0.551335
1005.0,106.0,0.761631
1005.0,107.0,0.624837
1005.0,108.0,0.635218
1005.0,109.0,0.351988
1005.0,110.0,0.5612
1005.0,111.0,0.177509
1005.0,112.0,0.658894
1005.0,113.0,0.662095
1005.0,114.0,0.459036
1005.0,115.0,0.825729
1005.0,116.0,0.000652
1005.0,117.0,0.511003
1005.0,118.0,0.529013
1005.0,119.0,0.035475
1005.0,120.0,0.565486
1005.0,121.0,0.467748
1005.0,122.0,0.563236
1005.0,123.0,0.902135
1005.0,124.0,0.0
1005.0,125.0,0.340789
1005.0,126.0,0.64205
1005.0,127.0,0.782791
1005.0,128.0,0.785779
1005.0,129.0,0.471614
1005.0,130.0,0.008265
1005.0,131.0,0.0
1005.0,132.0,0.078346
1005.0,133.0,0.20323
1005.0,134.0,0.018049
1005.0,135.0,0.856881
1005.0,136.0,0.849281
1005.0,137.0,0.55957
1005.0,138.0,0.337739
1005.0,139.0,0.269598
1005.0,140.0,0.787101
1005.0,141.0,0.629575
1005.0,142.0,0.241509
1005.0,143.0,0.552246
1005.0,144.0,0.00382
1005.0,145.0,0.152743
1005.0,146.0,0.62804
1005.0,147.0,0.994103
1005.0,148.0,0.752095
1005.0,149.0,0.952427
1005.0,150.0,0.497047
1005.0,151.0,0.740316
1005.0,152.0,0.257137
1005.0,153.0,0.67292
1005.0,154.0,0.522922
1005.0,155.0,0.44717
1005.0,156.0,0.468536
1005.0,157.0,1.0
1005.0,158.0,0.497807
1005.0,159.0,0.326796
1005.0,160.0,0.71248
1005.0,161.0,0.840812
1005.0,162.0,0.516255
1005.0,163.0,0.699913
1005.0,164.0,0.132623
1005.0,165.0,0.567369
1005.0,166.0,0.289998
1005.0,167.0,1.0
1005.0,168.0,0.403292
1005.0,169.0,0.677731
1005.0,170.0,0.06838
1005.0,171.0,0.561117
1005.0,172.0,0.256475
1005.0,173.0,0.558977
1005.0,174.0,0.181586
1005.0,175.0,0.360433
1005.0,176.0,0.257774
1005.0,177.0,0.612648
1005.0,178.0,0.637128
1005.0,179.0,0.921399
1005.0,180.0,0.494627
1005.0,181.0,1.0
1005.0,182.0,0.763982
1005.0,183.0,0.399872
1005.0,184.0,0.369013
1005.0,185.0,0.692997
1005.0,186.0,0.324033
1005.0,187.0,0.379624
1005.0,188.0,0.436879
1005.0,189.0,0.882401
1005.0,190.0,0.443195
1005.0,191.0,0.560611
1005.0,192.0,0.713426
1005.0,193.0,0.576586
1005.0,194.0,0.536627
1005.0,195.0,0.719502
1005.0,196.0,0.516561
1005.0,197.0,0.859996
1005.0,198.0,0.129102
1005.0,199.0,0.90165
1005.0,200.0,0.665962
1005.0,201.0,0.206786
1005.0,202.0,0.706173
1005.0,203.0,0.783938
1005.0,204.0,0.502307
1005.0,205.0,0.646593
1005.0,206.0,0.533087
1005.0,207.0,0.708123
1005.0,208.0,0.102259
1005.0,209.0,0.681133
1005.0,210.0,0.973186
1005.0,211.0,0.453054
1005.0,212.0,0.564282
1005.0,213.0,0.451713
1005.0,214.0,0.661854
1005.0,215.0,0.378338
1005.0,216.0,0.049828
1005.0,217.0,0.384517
1005.0,218.0,0.565517
1005.0,219.0,0.7037
1005.0,220.0,0.979736
1005.0,221.0,0.704172
1005.0,222.0,0.562635
1005.0,223.0,0.674083
1005.0,224.0,0.546354
1005.0,225.0,0.83448
1005.0,226.0,0.998652
1005.0,227.0,0.447162
1005.0,228.0,0.671332
1005.0,229.0,0.654438
1005.0,230.0,0.59444
1005.0,231.0,0.302361
1005.0,232.0,0.398171
1005.0,233.0,0.395329
1005.0,234.0,0.198807
1005.0,235.0,0.390675
1005.0,236.0,0.526902
1005.0,237.0,0.550229
1005.0,238.0,0.054249
1005.0,239.0,0.999023
1005.0,240.0,0.469708
1005.0,241.0,0.385545
1005.0,242.0,0.573524
1005.0,243.0,0.660308
1005.0,244.0,0.273699
1005.0,245.0,0.135875
1005.0,246.0,0.460791
1005.0,247.0,0.407034
1005.0,248.0,0.565775
1005.0,249.0,0.211698
1005.0,250.0,0.333925
1005.0,251.0,0.024031
1005.0,252.0,0.594645
1005.0,253.0,0.617208
1005.0,254.0,0.254577
1005.0,255.0,0.544908
1005.0,256.0,0.992982
1005.0,257.0,0.456945
1005.0,258.0,0.697512
1005.0,259.0,0.315178
1005.0,260.0,0.523411
1005.0,261.0,0.458446
1005.0,262.0,0.257295
1005.0,263.0,0.689833
1005.0,264.0,0.217372
1005.0,265.0,0.613042
1005.0,266.0,0.928355
1005.0,267.0,0.095073
1005.0,268.0,0.144917
1005.0,269.0,0.400052
1005.0,270.0,0.469797
1005.0,271.0,0.581621
1005.0,272.0,0.605487
1005.0,273.0,0.417067
1005.0,274.0,0.423968
1005.0,275.0,0.692494
1005.0,276.0,0.847657
1005.0,277.0,0.423688
1005.0,278.0,0.100993
1005.0,279.0,0.427157
1005.0,280.0,0.550611
1005.0,281.0,0.533377
1005.0,282.0,0.716982
1005.0,283.0,0.62818
1005.0,284.0,0.47363
1005.0,285.0,0.561732
1005.0,286.0,0.467465
1005.0,287.0,0.019155
1005.0,288.0,0.289661
1005.0,289.0,0.965905
1005.0,290.0,0.984688
1005.0,291.0,0.626156
1005.0,292.0,0.29098
1005.0,293.0,0.040686
1005.0,294.0,0.0
1005.0,295.0,0.513411
1005.0,296.0,0.778778
1005.0,297.0,0.454371
1005.0,298.0,0.540608
1005.0,299.0,0.68313
1005.0,300.0,0.707115
1005.0,301.0,0.018836
1005.0,302.0,0.880185
1005.0,303.0,0.807452
1005.0,304.0,0.556569
1005.0,305.0,0.690675
1005.0,306.0,0.669338
1005.0,307.0,0.473609
1005.0,308.0,0.454451
1005.0,309.0,0.680119
1005.0,310.0,0.811285
1005.0,311.0,0.952027
1005.0,312.0,0.311879
1005.0,313.0,0.693616
1005.0,314.0,0.519526
1005.0,315.0,0.969227
1005.0,316.0,0.607278
1005.0,317.0,0.523372
1005.0,318.0,0.46439
1005.0,319.0,0.073415
1005.0,320.0,0.373421
1005.0,321.0,0.254845
1005.0,322.0,0.258184
1005.0,323.0,0.217075
1005.0,324.0,0.266766
1005.0,325.0,0.169994
1005.0,326.0,0.612782
1005.0,327.0,0.254448
1005.0,328.0,0.0
1005.0,329.0,0.656437
1005.0,330.0,0.536508
1005.0,331.0,0.976857
1005.0,332.0,0.457309
1005.0,333.0,0.244116
1005.0,334.0,0.628025
1006.0,0.0,0.247212
1006.0,1.0,0.780607
1006.0,2.0,0.111082
1006.0,3.0,0.687147
1006.0,4.0,0.052006
1006.0,5.0,0.459208
1006.0,6.0,0.621813
1006.0,7.0,0.396972
1006.0,8.0,0.509527
1006.0,9.0,0.547374
1006.0,10.0,0.02089
1006.0,11.0,0.447457
1006.0,12.0,0.997572
1006.0,13.0,0.563247
1006.0,14.0,0.531041
1006.0,15.0,0.344353
1006.0,16.0,0.564522
1006.0,17.0,0.558272
1006.0,18.0,0.000502
1006.0,19.0,0.481812
1006.0,20.0,0.541099
1006.0,21.0,0.497038
1006.0,22.0,0.362099
1006.0,23.0,0.525593
1006.0,24.0,0.264554
1006.0,25.0,0.373147
1006.0,26.0,0.711816
1006.0,27.0,0.003282
1006.0,28.0,0.416566
1006.0,29.0,0.466125
1006.0,30.0,0.653902
1006.0,31.0,0.495818
1006.0,32.0,0.371536
1006.0,33.0,0.350572
1006.0,34.0,0.758674
1006.0,35.0,0.40687
1006.0,36.0,0.371802
1006.0,37.0,0.419147
1006.0,38.0,0.375741
1006.0,39.0,0.170019
1006.0,40.0,0.744489
1006.0,41.0,0.702015
1006.0,42.0,0.280854
1006.0,43.0,0.602174
1006.0,44.0,0.47243
1006.0,45.0,0.892146
1006.0,46.0,0.584938
1006.0,47.0,0.369299
1006.0,48.0,0.227563
1006.0,49.0,0.73462
1006.0,50.0,0.784206
1006.0,51.0,0.424763
1006.0,52.0,0.851036
1006.0,53.0,0.537882
1006.0,54.0,0.483505
1006.0,55.0,0.618211
1006.0,56.0,0.389597
1006.0,57.0,0.354008
1006.0,58.0,0.978646
1006.0,59.0,0.603861
1006.0,60.0,0.227873
1006.0,61.0,0.773712
1006.0,62.0,0.545876
1006.0,63.0,0.623155
1006.0,64.0,0.045135
1006.0,65.0,0.621785
1006.0,66.0,0.773823
1006.0,67.0,0.362588
1006.0,68.0,0.304627
1006.0,69.0,0.390395
1006.0,70.0,0.185819
1006.0,71.0,0.577543
1006.0,72.0,0.570954
1006.0,73.0,0.29887
1006.0,74.0,0.776342
1006.0,75.0,0.805273
1006.0,76.0,0.480125
1006.0,77.0,0.192283
1006.0,78.0,0.441
1006.0,79.0,0.134919
1006.0,80.0,0.382298
1006.0,81.0,0.428835
1006.0,82.0,0.522429
1006.0,83.0,0.919787
1006.0,84.0,0.982226
1006.0,85.0,0.226277
1006.0,86.0,0.582186
1006.0,87.0,0.274223
1006.0,88.0,0.607514
1006.0,89.0,0.3685
1006.0,90.0,0.741712
1006.0,91.0,0.0
1006.0,92.0,0.002337
1006.0,93.0,0.477556
1006.0,94.0,0.655157
1006.0,95.0,0.651293
1006.0,96.0,0.29567
1006.0,97.0,0.1549
1006.0,98.0,0.848011
1006.0,99.0,0.380615
1006.0,100.0,0.707506
1006.0,101.0,0.490549
1006.0,102.0,0.673604
1006.0,103.0,0.436355
1006.0,104.0,0.995557
1006.0,105.0,0.547264
1006.0,106.0,0.752344
1006.0,107.0,0.621169
1006.0,108.0,0.631705
1006.0,109.0,0.350731
1006.0,110.0,0.548256
1006.0,111.0,0.174496
1006.0,112.0,0.65525
1006.0,113.0,0.595439
1006.0,114.0,0.454376
1006.0,115.0,0.825316
1006.0,116.0,0.000601
1006.0,117.0,0.500854
1006.0,118.0,0.528769
1006.0,119.0,0.03486
1006.0,120.0,0.558833
1006.0,121.0,0.466335
1006.0,122.0,0.559915
1006.0,123.0,0.901364
1006.0,124.0,0.0
1006.0,125.0,0.324945
1006.0,126.0,0.639903
1006.0,127.0,0.768565
1006.0,128.0,0.785673
1006.0,129.0,0.471035
1006.0,130.0,0.008053
1006.0,131.0,0.0
1006.0,132.0,0.076986
1006.0,133.0,0.196034
1006.0,134.0,0.017486
1006.0,135.0,0.855236
1006.0,136.0,0.845854
1006.0,137.0,0.559613
1006.0,138.0,0.337048
1006.0,139.0,0.262391
1006.0,140.0,0.786278
1006.0,141.0,0.626635
1006.0,142.0,0.239709
1006.0,143.0,0.551702
1006.0,144.0,0.003667
1006.0,145.0,0.151833
1006.0,146.0,0.623558
1006.0,147.0,0.993863
1006.0,148.0,0.733585
1006.0,149.0,0.951796
1006.0,150.0,0.482322
1006.0,151.0,0.739719
1006.0,152.0,0.255341
1006.0,153.0,0.668711
1006.0,154.0,0.520064
1006.0,155.0,0.436395
1006.0,156.0,0.444983
1006.0,157.0,1.0
1006.0,158.0,0.476665
1006.0,159.0,0.32536
1006.0,160.0,0.708119
1006.0,161.0,0.84027
1006.0,162.0,0.511552
1006.0,163.0,0.696661
1006.0,164.0,0.131349
1006.0,165.0,0.565999
1006.0,166.0,0.290004
1006.0,167.0,1.0
1006.0,168.0,0.403533
1006.0,169.0,0.669917
1006.0,170.0,0.067044
1006.0,171.0,0.555496
1006.0,172.0,0.25361
1006.0,173.0,0.5524
1006.0,174.0,0.179414
1006.0,175.0,0.357941
1006.0,176.0,0.25748
1006.0,177.0,0.612745
1006.0,178.0,0.630782
1006.0,179.0,0.920764
1006.0,180.0,0.493581
1006.0,181.0,1.0
1006.0,182.0,0.750762
1006.0,183.0,0.394765
1006.0,184.0,0.363684
1006.0,185.0,0.686923
1006.0,186.0,0.321818
1006.0,187.0,0.377842
1006.0,188.0,0.43653
1006.0,189.0,0.875685
1006.0,190.0,0.435437
1006.0,191.0,0.555022
1006.0,192.0,0.711774
1006.0,193.0,0.572969
1006.0,194.0,0.530785
1006.0,195.0,0.716518
1006.0,196.0,0.509906
1006.0,197.0,0.85846
1006.0,198.0,0.125038
1006.0,199.0,0.901202
1006.0,200.0,0.665287
1006.0,201.0,0.203979
1006.0,202.0,0.698946
1006.0,203.0,0.779457
1006.0,204.0,0.502159
1006.0,205.0,0.645077
1006.0,206.0,0.50692
1006.0,207.0,0.694972
1006.0,208.0,0.101525
1006.0,209.0,0.680255
1006.0,210.0,0.973015
1006.0,211.0,0.448679
1006.0,212.0,0.564738
1006.0,213.0,0.449186
1006.0,214.0,0.649145
1006.0,215.0,0.376458
1006.0,216.0,0.049436
1006.0,217.0,0.379034
1006.0,218.0,0.552601
1006.0,219.0,0.697195
1006.0,220.0,0.979479
1006.0,221.0,0.699998
1006.0,222.0,0.534982
1006.0,223.0,0.670345
1006.0,224.0,0.544971
1006.0,225.0,0.832088
1006.0,226.0,0.998591
1006.0,227.0,0.446092
1006.0,228.0,0.671536
1006.0,229.0,0.653389
1006.0,230.0,0.592549
1006.0,231.0,0.301942
1006.0,232.0,0.393901
1006.0,233.0,0.394539
1006.0,234.0,0.194663
1006.0,235.0,0.389133
1006.0,236.0,0.524811
1006.0,237.0,0.547504
1006.0,238.0,0.054218
1006.0,239.0,0.999011
1006.0,240.0,0.466399
1006.0,241.0,0.383881
1006.0,242.0,0.571537
1006.0,243.0,0.654187
1006.0,244.0,0.270036
1006.0,245.0,0.13165
1006.0,246.0,0.46
1006.0,247.0,0.40543
1006.0,248.0,0.559724
1006.0,249.0,0.204965
1006.0,250.0,0.328486
1006.0,251.0,0.023189
1006.0,252.0,0.598474
1006.0,253.0,0.616433
1006.0,254.0,0.238948
1006.0,255.0,0.544479
1006.0,256.0,0.992859
1006.0,257.0,0.457021
1006.0,258.0,0.696825
1006.0,259.0,0.312441
1006.0,260.0,0.521622
1006.0,261.0,0.455947
1006.0,262.0,0.25409
1006.0,263.0,0.688699
1006.0,264.0,0.216927
1006.0,265.0,0.611985
1006.0,266.0,0.927381
1006.0,267.0,0.093733
1006.0,268.0,0.142794
1006.0,269.0,0.396723
1006.0,270.0,0.467942
1006.0,271.0,0.573144
1006.0,272.0,0.604821
1006.0,273.0,0.41455
1006.0,274.0,0.421161
1006.0,275.0,0.682114
1006.0,276.0,0.830713
1006.0,277.0,0.421816
1006.0,278.0,0.099375
1006.0,279.0,0.425335
1006.0,280.0,0.546738
1006.0,281.0,0.529719
1006.0,282.0,0.710968
1006.0,283.0,0.618946
1006.0,284.0,0.466231
1006.0,285.0,0.561378
1006.0,286.0,0.460497
1006.0,287.0,0.018585
1006.0,288.0,0.28479
1006.0,289.0,0.96554
1006.0,290.0,0.984706
1006.0,291.0,0.625523
1006.0,292.0,0.288648
1006.0,293.0,0.03936
1006.0,294.0,0.0
1006.0,295.0,0.509819
1006.0,296.0,0.776687
1006.0,297.0,0.452995
1006.0,298.0,0.540267
1006.0,299.0,0.682016
1006.0,300.0,0.700799
1006.0,301.0,0.018303
1006.0,302.0,0.876722
1006.0,303.0,0.803739
1006.0,304.0,0.556125
1006.0,305.0,0.684512
1006.0,306.0,0.667733
1006.0,307.0,0.464404
1006.0,308.0,0.451155
1006.0,309.0,0.675712
1006.0,310.0,0.810304
1006.0,311.0,0.951682
1006.0,312.0,0.30553
1006.0,313.0,0.691561
1006.0,314.0,0.517265
1006.0,315.0,0.968262
1006.0,316.0,0.606967
1006.0,317.0,0.521224
1006.0,318.0,0.461112
1006.0,319.0,0.071933
1006.0,320.0,0.36504
1006.0,321.0,0.251595
1006.0,322.0,0.255507
1006.0,323.0,0.213975
1006.0,324.0,0.266242
1006.0,325.0,0.169577
1006.0,326.0,0.605389
1006.0,327.0,0.253991
1006.0,328.0,0.0
1006.0,329.0,0.610342
1006.0,330.0,0.536495
1006.0,331.0,0.976538
1006.0,332.0,0.457128
1006.0,333.0,0.241768
1006.0,334.0,0.627652
1007.0,0.0,0.244673
1007.0,1.0,0.779681
1007.0,2.0,0.109812
1007.0,3.0,0.679855
1007.0,4.0,0.051161
1007.0,5.0,0.457311
1007.0,6.0,0.618361
1007.0,7.0,0.391217
1007.0,8.0,0.503099
1007.0,9.0,0.543255
1007.0,10.0,0.020689
1007.0,11.0,0.438957
1007.0,12.0,0.997552
1007.0,13.0,0.557666
1007.0,14.0,0.52219
1007.0,15.0,0.341224
1007.0,16.0,0.559429
1007.0,17.0,0.554422
1007.0,18.0,0.000492
1007.0,19.0,0.479458
1007.0,20.0,0.540217
1007.0,21.0,0.493175
1007.0,22.0,0.36134
1007.0,23.0,0.520561
1007.0,24.0,0.258745
1007.0,25.0,0.368141
1007.0,26.0,0.698025
1007.0,27.0,0.003214
1007.0,28.0,0.411944
1007.0,29.0,0.454508
1007.0,30.0,0.652181
1007.0,31.0,0.494788
1007.0,32.0,0.368457
1007.0,33.0,0.348504
1007.0,34.0,0.757652
1007.0,35.0,0.392323
1007.0,36.0,0.369587
1007.0,37.0,0.418011
1007.0,38.0,0.374972
1007.0,39.0,0.168666
1007.0,40.0,0.741877
1007.0,41.0,0.699168
1007.0,42.0,0.276762
1007.0,43.0,0.599945
1007.0,44.0,0.467664
1007.0,45.0,0.891375
1007.0,46.0,0.583048
1007.0,47.0,0.367003
1007.0,48.0,0.225959
1007.0,49.0,0.73247
1007.0,50.0,0.783608
1007.0,51.0,0.419958
1007.0,52.0,0.850948
1007.0,53.0,0.537928
1007.0,54.0,0.475436
1007.0,55.0,0.617915
1007.0,56.0,0.383858
1007.0,57.0,0.351994
1007.0,58.0,0.978206
1007.0,59.0,0.601827
1007.0,60.0,0.227552
1007.0,61.0,0.772757
1007.0,62.0,0.539784
1007.0,63.0,0.619304
1007.0,64.0,0.043868
1007.0,65.0,0.616036
1007.0,66.0,0.770334
1007.0,67.0,0.358584
1007.0,68.0,0.295349
1007.0,69.0,0.385712
1007.0,70.0,0.185153
1007.0,71.0,0.576188
1007.0,72.0,0.570021
1007.0,73.0,0.298379
1007.0,74.0,0.769855
1007.0,75.0,0.797424
1007.0,76.0,0.474732
1007.0,77.0,0.19028
1007.0,78.0,0.435955
1007.0,79.0,0.134097
1007.0,80.0,0.375249
1007.0,81.0,0.42645
1007.0,82.0,0.521201
1007.0,83.0,0.91932
1007.0,84.0,0.981749
1007.0,85.0,0.224068
1007.0,86.0,0.580482
1007.0,87.0,0.272295
1007.0,88.0,0.606558
1007.0,89.0,0.368677
1007.0,90.0,0.741192
1007.0,91.0,0.0
1007.0,92.0,0.002209
1007.0,93.0,0.474703
1007.0,94.0,0.653057
1007.0,95.0,0.647519
1007.0,96.0,0.287674
1007.0,97.0,0.151908
1007.0,98.0,0.847082
1007.0,99.0,0.37572
1007.0,100.0,0.706074
1007.0,101.0,0.480565
1007.0,102.0,0.671776
1007.0,103.0,0.428349
1007.0,104.0,0.995218
1007.0,105.0,0.543445
1007.0,106.0,0.743383
1007.0,107.0,0.6174
1007.0,108.0,0.627431
1007.0,109.0,0.349566
1007.0,110.0,0.534978
1007.0,111.0,0.171912
1007.0,112.0,0.651762
1007.0,113.0,0.526374
1007.0,114.0,0.451242
1007.0,115.0,0.82569
1007.0,116.0,0.000562
1007.0,117.0,0.491496
1007.0,118.0,0.528599
1007.0,119.0,0.034342
1007.0,120.0,0.553148
1007.0,121.0,0.464859
1007.0,122.0,0.557381
1007.0,123.0,0.90153
1007.0,124.0,0.0
1007.0,125.0,0.308502
1007.0,126.0,0.6373
1007.0,127.0,0.755039
1007.0,128.0,0.785471
1007.0,129.0,0.471022
1007.0,130.0,0.007773
1007.0,131.0,0.0
1007.0,132.0,0.075678
1007.0,133.0,0.189457
1007.0,134.0,0.017182
1007.0,135.0,0.852893
1007.0,136.0,0.841521
1007.0,137.0,0.559647
1007.0,138.0,0.336284
1007.0,139.0,0.255706
1007.0,140.0,0.785365
1007.0,141.0,0.624031
1007.0,142.0,0.23833
1007.0,143.0,0.550009
1007.0,144.0,0.003391
1007.0,145.0,0.150394
1007.0,146.0,0.619787
1007.0,147.0,0.993543
1007.0,148.0,0.714647
1007.0,149.0,0.95147
1007.0,150.0,0.468853
1007.0,151.0,0.739255
1007.0,152.0,0.254594
1007.0,153.0,0.664894
1007.0,154.0,0.516761
1007.0,155.0,0.425229
1007.0,156.0,0.423282
1007.0,157.0,1.0
1007.0,158.0,0.455429
1007.0,159.0,0.324369
1007.0,160.0,0.703182
1007.0,161.0,0.839911
1007.0,162.0,0.508381
1007.0,163.0,0.693801
1007.0,164.0,0.13018
1007.0,165.0,0.564399
1007.0,166.0,0.288959
1007.0,167.0,1.0
1007.0,168.0,0.402691
1007.0,169.0,0.662088
1007.0,170.0,0.066219
1007.0,171.0,0.549621
1007.0,172.0,0.251529
1007.0,173.0,0.546291
1007.0,174.0,0.177621
1007.0,175.0,0.355023
1007.0,176.0,0.256775
1007.0,177.0,0.612888
1007.0,178.0,0.62531
1007.0,179.0,0.919912
1007.0,180.0,0.49166
1007.0,181.0,1.0
1007.0,182.0,0.737357
1007.0,183.0,0.389673
1007.0,184.0,0.357739
1007.0,185.0,0.680512
1007.0,186.0,0.319833
1007.0,187.0,0.375918
1007.0,188.0,0.435171
1007.0,189.0,0.868752
1007.0,190.0,0.428565
1007.0,191.0,0.549349
1007.0,192.0,0.710936
1007.0,193.0,0.569551
1007.0,194.0,0.525052
1007.0,195.0,0.713631
1007.0,196.0,0.504663
1007.0,197.0,0.856557
1007.0,198.0,0.121168
1007.0,199.0,0.900935
1007.0,200.0,0.665242
1007.0,201.0,0.20212
1007.0,202.0,0.691711
1007.0,203.0,0.773828
1007.0,204.0,0.501592
1007.0,205.0,0.644819
1007.0,206.0,0.48251
1007.0,207.0,0.680915
1007.0,208.0,0.100498
1007.0,209.0,0.679785
1007.0,210.0,0.972685
1007.0,211.0,0.44425
1007.0,212.0,0.565359
1007.0,213.0,0.446829
1007.0,214.0,0.637043
1007.0,215.0,0.374324
1007.0,216.0,0.049166
1007.0,217.0,0.373598
1007.0,218.0,0.540649
1007.0,219.0,0.690936
1007.0,220.0,0.979404
1007.0,221.0,0.696649
1007.0,222.0,0.508992
1007.0,223.0,0.666522
1007.0,224.0,0.5425
1007.0,225.0,0.829425
1007.0,226.0,0.998572
1007.0,227.0,0.444229
1007.0,228.0,0.671348
1007.0,229.0,0.652446
1007.0,230.0,0.591627
1007.0,231.0,0.301372
1007.0,232.0,0.389644
1007.0,233.0,0.393326
1007.0,234.0,0.191054
1007.0,235.0,0.386651
1007.0,236.0,0.52103
1007.0,237.0,0.544203
1007.0,238.0,0.053814
1007.0,239.0,0.999
1007.0,240.0,0.462958
1007.0,241.0,0.381888
1007.0,242.0,0.568911
1007.0,243.0,0.648232
1007.0,244.0,0.265956
1007.0,245.0,0.127848
1007.0,246.0,0.45935
1007.0,247.0,0.402883
1007.0,248.0,0.553671
1007.0,249.0,0.198431
1007.0,250.0,0.322503
1007.0,251.0,0.022605
1007.0,252.0,0.601345
1007.0,253.0,0.614716
1007.0,254.0,0.224014
1007.0,255.0,0.543133
1007.0,256.0,0.992789
1007.0,257.0,0.456157
1007.0,258.0,0.695678
1007.0,259.0,0.309275
1007.0,260.0,0.520422
1007.0,261.0,0.454264
1007.0,262.0,0.250516
1007.0,263.0,0.687061
1007.0,264.0,0.216613
1007.0,265.0,0.610838
1007.0,266.0,0.926618
1007.0,267.0,0.092268
1007.0,268.0,0.140867
1007.0,269.0,0.392462
1007.0,270.0,0.466987
1007.0,271.0,0.564782
1007.0,272.0,0.604315
1007.0,273.0,0.412132
1007.0,274.0,0.417781
1007.0,275.0,0.671225
1007.0,276.0,0.81329
1007.0,277.0,0.419307
1007.0,278.0,0.097251
1007.0,279.0,0.421245
1007.0,280.0,0.542431
1007.0,281.0,0.526624
1007.0,282.0,0.704415
1007.0,283.0,0.609651
1007.0,284.0,0.458572
1007.0,285.0,0.560639
1007.0,286.0,0.453345
1007.0,287.0,0.017983
1007.0,288.0,0.280658
1007.0,289.0,0.964592
1007.0,290.0,0.984719
1007.0,291.0,0.624671
1007.0,292.0,0.286785
1007.0,293.0,0.037753
1007.0,294.0,0.0
1007.0,295.0,0.505632
1007.0,296.0,0.774406
1007.0,297.0,0.451881
1007.0,298.0,0.539931
1007.0,299.0,0.682624
1007.0,300.0,0.695285
1007.0,301.0,0.017892
1007.0,302.0,0.873502
1007.0,303.0,0.799871
1007.0,304.0,0.555752
1007.0,305.0,0.677711
1007.0,306.0,0.666058
1007.0,307.0,0.455238
1007.0,308.0,0.447866
1007.0,309.0,0.671943
1007.0,310.0,0.809078
1007.0,311.0,0.951655
1007.0,312.0,0.299518
1007.0,313.0,0.689862
1007.0,314.0,0.515682
1007.0,315.0,0.967065
1007.0,316.0,0.605918
1007.0,317.0,0.519206
1007.0,318.0,0.458314
1007.0,319.0,0.070587
1007.0,320.0,0.35568
1007.0,321.0,0.248914
1007.0,322.0,0.251456
1007.0,323.0,0.210195
1007.0,324.0,0.265266
1007.0,325.0,0.168683
1007.0,326.0,0.598475
1007.0,327.0,0.252471
1007.0,328.0,0.0
1007.0,329.0,0.566131
1007.0,330.0,0.536603
1007.0,331.0,0.975994
1007.0,332.0,0.456777
1007.0,333.0,0.239224
1007.0,334.0,0.627147
1008.0,0.0,0.243646
1008.0,1.0,0.778566
1008.0,2.0,0.108264
1008.0,3.0,0.673084
1008.0,4.0,0.050143
1008.0,5.0,0.454071
1008.0,6.0,0.614777
1008.0,7.0,0.386135
1008.0,8.0,0.4979
1008.0,9.0,0.538465
1008.0,10.0,0.020165
1008.0,11.0,0.430422
1008.0,12.0,0.99759
1008.0,13.0,0.551917
1008.0,14.0,0.514618
1008.0,15.0,0.336929
1008.0,16.0,0.554805
1008.0,17.0,0.549975
1008.0,18.0,0.000456
1008.0,19.0,0.476248
1008.0,20.0,0.538518
1008.0,21.0,0.489674
1008.0,22.0,0.361072
1008.0,23.0,0.515593
1008.0,24.0,0.253366
1008.0,25.0,0.363912
1008.0,26.0,0.682689
1008.0,27.0,0.003206
1008.0,28.0,0.406804
1008.0,29.0,0.444175
1008.0,30.0,0.649977
1008.0,31.0,0.49304
1008.0,32.0,0.365435
1008.0,33.0,0.34648
1008.0,34.0,0.756683
1008.0,35.0,0.379755
1008.0,36.0,0.368869
1008.0,37.0,0.41823
1008.0,38.0,0.373635
1008.0,39.0,0.167853
1008.0,40.0,0.73926
1008.0,41.0,0.697096
1008.0,42.0,0.272522
1008.0,43.0,0.596998
1008.0,44.0,0.46382
1008.0,45.0,0.891153
1008.0,46.0,0.580295
1008.0,47.0,0.363509
1008.0,48.0,0.224756
1008.0,49.0,0.730289
1008.0,50.0,0.782607
1008.0,51.0,0.415223
1008.0,52.0,0.849847
1008.0,53.0,0.536184
1008.0,54.0,0.466548
1008.0,55.0,0.617513
1008.0,56.0,0.378776
1008.0,57.0,0.348724
1008.0,58.0,0.978443
1008.0,59.0,0.600841
1008.0,60.0,0.227252
1008.0,61.0,0.771461
1008.0,62.0,0.533519
1008.0,63.0,0.615921
1008.0,64.0,0.042859
1008.0,65.0,0.608941
1008.0,66.0,0.766477
1008.0,67.0,0.354008
1008.0,68.0,0.286582
1008.0,69.0,0.380973
1008.0,70.0,0.184391
1008.0,71.0,0.57575
1008.0,72.0,0.569607
1008.0,73.0,0.298269
1008.0,74.0,0.764405
1008.0,75.0,0.788659
1008.0,76.0,0.470415
1008.0,77.0,0.188214
1008.0,78.0,0.43076
1008.0,79.0,0.132059
1008.0,80.0,0.367936
1008.0,81.0,0.423027
1008.0,82.0,0.519512
1008.0,83.0,0.918738
1008.0,84.0,0.981394
1008.0,85.0,0.222601
1008.0,86.0,0.580139
1008.0,87.0,0.270165
1008.0,88.0,0.605431
1008.0,89.0,0.368022
1008.0,90.0,0.740576
1008.0,91.0,0.0
1008.0,92.0,0.002045
1008.0,93.0,0.474052
1008.0,94.0,0.650964
1008.0,95.0,0.644412
1008.0,96.0,0.281189
1008.0,97.0,0.149213
1008.0,98.0,0.847035
1008.0,99.0,0.371852
1008.0,100.0,0.705825
1008.0,101.0,0.471408
1008.0,102.0,0.668803
1008.0,103.0,0.421062
1008.0,104.0,0.994964
1008.0,105.0,0.540072
1008.0,106.0,0.734816
1008.0,107.0,0.614864
1008.0,108.0,0.624231
1008.0,109.0,0.349065
1008.0,110.0,0.521719
1008.0,111.0,0.169252
1008.0,112.0,0.648146
1008.0,113.0,0.455134
1008.0,114.0,0.44772
1008.0,115.0,0.825558
1008.0,116.0,0.000586
1008.0,117.0,0.482733
1008.0,118.0,0.527521
1008.0,119.0,0.034013
1008.0,120.0,0.548715
1008.0,121.0,0.463172
1008.0,122.0,0.554955
1008.0,123.0,0.900616
1008.0,124.0,0.0
1008.0,125.0,0.293627
1008.0,126.0,0.634814
1008.0,127.0,0.741739
1008.0,128.0,0.785586
1008.0,129.0,0.471399
1008.0,130.0,0.007515
1008.0,131.0,0.0
1008.0,132.0,0.075314
1008.0,133.0,0.183672
1008.0,134.0,0.016414
1008.0,135.0,0.851343
1008.0,136.0,0.837329
1008.0,137.0,0.559757
1008.0,138.0,0.336243
1008.0,139.0,0.249109
1008.0,140.0,0.784246
1008.0,141.0,0.621308
1008.0,142.0,0.236213
1008.0,143.0,0.548113
1008.0,144.0,0.003257
1008.0,145.0,0.149155
1008.0,146.0,0.615024
1008.0,147.0,0.993268
1008.0,148.0,0.696363
1008.0,149.0,0.951023
1008.0,150.0,0.455413
1008.0,151.0,0.738313
1008.0,152.0,0.253371
1008.0,153.0,0.660887
1008.0,154.0,0.512513
1008.0,155.0,0.414476
1008.0,156.0,0.402522
1008.0,157.0,1.0
1008.0,158.0,0.434703
1008.0,159.0,0.322603
1008.0,160.0,0.697969
1008.0,161.0,0.83973
1008.0,162.0,0.505605
1008.0,163.0,0.69129
1008.0,164.0,0.129313
1008.0,165.0,0.562718
1008.0,166.0,0.288188
1008.0,167.0,1.0
1008.0,168.0,0.401885
1008.0,169.0,0.656115
1008.0,170.0,0.065247
1008.0,171.0,0.545242
1008.0,172.0,0.250274
1008.0,173.0,0.540092
1008.0,174.0,0.176171
1008.0,175.0,0.352109
1008.0,176.0,0.255837
1008.0,177.0,0.613315
1008.0,178.0,0.619879
1008.0,179.0,0.918874
1008.0,180.0,0.490099
1008.0,181.0,1.0
1008.0,182.0,0.723598
1008.0,183.0,0.384423
1008.0,184.0,0.351907
1008.0,185.0,0.674567
1008.0,186.0,0.317904
1008.0,187.0,0.375173
1008.0,188.0,0.434143
1008.0,189.0,0.861062
1008.0,190.0,0.421563
1008.0,191.0,0.54401
1008.0,192.0,0.709353
1008.0,193.0,0.566258
1008.0,194.0,0.518844
1008.0,195.0,0.711308
1008.0,196.0,0.498557
1008.0,197.0,0.854529
1008.0,198.0,0.117403
1008.0,199.0,0.900439
1008.0,200.0,0.664843
1008.0,201.0,0.20098
1008.0,202.0,0.685105
1008.0,203.0,0.768819
1008.0,204.0,0.500192
1008.0,205.0,0.643952
1008.0,206.0,0.458252
1008.0,207.0,0.666665
1008.0,208.0,0.099665
1008.0,209.0,0.678175
1008.0,210.0,0.972248
1008.0,211.0,0.439738
1008.0,212.0,0.56586
1008.0,213.0,0.443912
1008.0,214.0,0.625348
1008.0,215.0,0.373166
1008.0,216.0,0.049006
1008.0,217.0,0.367642
1008.0,218.0,0.529897
1008.0,219.0,0.683021
1008.0,220.0,0.979296
1008.0,221.0,0.693343
1008.0,222.0,0.484711
1008.0,223.0,0.66229
1008.0,224.0,0.540295
1008.0,225.0,0.827218
1008.0,226.0,0.998523
1008.0,227.0,0.442059
1008.0,228.0,0.671098
1008.0,229.0,0.651554
1008.0,230.0,0.590201
1008.0,231.0,0.300211
1008.0,232.0,0.385274
1008.0,233.0,0.393464
1008.0,234.0,0.187454
1008.0,235.0,0.384501
1008.0,236.0,0.516833
1008.0,237.0,0.541378
1008.0,238.0,0.05353
1008.0,239.0,0.999049
1008.0,240.0,0.459349
1008.0,241.0,0.380309
1008.0,242.0,0.566399
1008.0,243.0,0.641942
1008.0,244.0,0.261215
1008.0,245.0,0.124075
1008.0,246.0,0.459861
1008.0,247.0,0.399299
1008.0,248.0,0.54851
1008.0,249.0,0.192172
1008.0,250.0,0.31541
1008.0,251.0,0.022085
1008.0,252.0,0.604704
1008.0,253.0,0.613731
1008.0,254.0,0.210469
1008.0,255.0,0.542377
1008.0,256.0,0.992634
1008.0,257.0,0.454621
1008.0,258.0,0.693925
1008.0,259.0,0.307274
1008.0,260.0,0.519343
1008.0,261.0,0.453005
1008.0,262.0,0.247347
1008.0,263.0,0.68549
1008.0,264.0,0.215977
1008.0,265.0,0.609353
1008.0,266.0,0.925488
1008.0,267.0,0.090693
1008.0,268.0,0.138476
1008.0,269.0,0.38867
1008.0,270.0,0.465961
1008.0,271.0,0.556447
1008.0,272.0,0.603495
1008.0,273.0,0.409998
1008.0,274.0,0.414736
1008.0,275.0,0.660572
1008.0,276.0,0.793394
1008.0,277.0,0.417881
1008.0,278.0,0.095656
1008.0,279.0,0.418154
1008.0,280.0,0.538582
1008.0,281.0,0.5233
1008.0,282.0,0.698995
1008.0,283.0,0.600424
1008.0,284.0,0.451873
1008.0,285.0,0.559045
1008.0,286.0,0.446869
1008.0,287.0,0.01773
1008.0,288.0,0.276836
1008.0,289.0,0.963871
1008.0,290.0,0.984812
1008.0,291.0,0.624147
1008.0,292.0,0.284515
1008.0,293.0,0.036606
1008.0,294.0,0.0
1008.0,295.0,0.500928
1008.0,296.0,0.772504
1008.0,297.0,0.450691
1008.0,298.0,0.54007
1008.0,299.0,0.682076
1008.0,300.0,0.688174
1008.0,301.0,0.017749
1008.0,302.0,0.870643
1008.0,303.0,0.795867
1008.0,304.0,0.555129
1008.0,305.0,0.671877
1008.0,306.0,0.664362
1008.0,307.0,0.446073
1008.0,308.0,0.444971
1008.0,309.0,0.668468
1008.0,310.0,0.8085
1008.0,311.0,0.951387
1008.0,312.0,0.293237
1008.0,313.0,0.687373
1008.0,314.0,0.513899
1008.0,315.0,0.965971
1008.0,316.0,0.604795
1008.0,317.0,0.516568
1008.0,318.0,0.455658
1008.0,319.0,0.069738
1008.0,320.0,0.346747
1008.0,321.0,0.246116
1008.0,322.0,0.247625
1008.0,323.0,0.206789
1008.0,324.0,0.263568
1008.0,325.0,0.167206
1008.0,326.0,0.592218
1008.0,327.0,0.252037
1008.0,328.0,0.0
1008.0,329.0,0.525452
1008.0,330.0,0.536146
1008.0,331.0,0.975552
1008.0,332.0,0.45811
1008.0,333.0,0.236496
1008.0,334.0,0.626522
1009.0,0.0,0.242129
1009.0,1.0,0.777661
1009.0,2.0,0.10769
1009.0,3.0,0.665408
1009.0,4.0,0.049144
1009.0,5.0,0.451733
1009.0,6.0,0.612014
1009.0,7.0,0.38104
1009.0,8.0,0.492758
1009.0,9.0,0.53463
1009.0,10.0,0.019875
1009.0,11.0,0.423334
1009.0,12.0,0.997588
1009.0,13.0,0.546362
1009.0,14.0,0.507972
1009.0,15.0,0.333046
1009.0,16.0,0.551009
1009.0,17.0,0.546389
1009.0,18.0,0.000429
1009.0,19.0,0.474085
1009.0,20.0,0.536353
1009.0,21.0,0.485489
1009.0,22.0,0.360347
1009.0,23.0,0.511832
1009.0,24.0,0.247274
1009.0,25.0,0.358491
1009.0,26.0,0.669003
1009.0,27.0,0.003237
1009.0,28.0,0.401705
1009.0,29.0,0.433827
1009.0,30.0,0.64749
1009.0,31.0,0.492195
1009.0,32.0,0.361305
1009.0,33.0,0.34404
1009.0,34.0,0.755216
1009.0,35.0,0.366881
1009.0,36.0,0.36682
1009.0,37.0,0.417327
1009.0,38.0,0.372559
1009.0,39.0,0.166485
1009.0,40.0,0.736283
1009.0,41.0,0.694213
1009.0,42.0,0.2689
1009.0,43.0,0.594606
1009.0,44.0,0.458753
1009.0,45.0,0.890352
1009.0,46.0,0.578377
1009.0,47.0,0.360196
1009.0,48.0,0.22305
1009.0,49.0,0.729083
1009.0,50.0,0.78128
1009.0,51.0,0.409748
1009.0,52.0,0.849142
1009.0,53.0,0.535896
1009.0,54.0,0.457799
1009.0,55.0,0.6162
1009.0,56.0,0.373183
1009.0,57.0,0.346682
1009.0,58.0,0.97835
1009.0,59.0,0.599367
1009.0,60.0,0.225069
1009.0,61.0,0.769487
1009.0,62.0,0.526977
1009.0,63.0,0.612591
1009.0,64.0,0.041572
1009.0,65.0,0.604001
1009.0,66.0,0.762602
1009.0,67.0,0.34951
1009.0,68.0,0.277689
1009.0,69.0,0.376684
1009.0,70.0,0.182809
1009.0,71.0,0.575122
1009.0,72.0,0.569463
1009.0,73.0,0.297884
1009.0,74.0,0.759359
1009.0,75.0,0.780345
1009.0,76.0,0.466068
1009.0,77.0,0.185279
1009.0,78.0,0.426062
1009.0,79.0,0.130679
1009.0,80.0,0.36046
1009.0,81.0,0.421258
1009.0,82.0,0.516792
1009.0,83.0,0.918503
1009.0,84.0,0.981095
1009.0,85.0,0.220264
1009.0,86.0,0.57792
1009.0,87.0,0.268951
1009.0,88.0,0.604432
1009.0,89.0,0.366824
1009.0,90.0,0.739343
1009.0,91.0,0.0
1009.0,92.0,0.001987
1009.0,93.0,0.473137
1009.0,94.0,0.648807
1009.0,95.0,0.640251
1009.0,96.0,0.27497
1009.0,97.0,0.146481
1009.0,98.0,0.846948
1009.0,99.0,0.369305
1009.0,100.0,0.703627
1009.0,101.0,0.463262
1009.0,102.0,0.666273
1009.0,103.0,0.414147
1009.0,104.0,0.994787
1009.0,105.0,0.536129
1009.0,106.0,0.726119
1009.0,107.0,0.611809
1009.0,108.0,0.620101
1009.0,109.0,0.347373
1009.0,110.0,0.510014
1009.0,111.0,0.16703
1009.0,112.0,0.644891
1009.0,113.0,0.387853
1009.0,114.0,0.44313
1009.0,115.0,0.824123
1009.0,116.0,0.00055
1009.0,117.0,0.475002
1009.0,118.0,0.526294
1009.0,119.0,0.033274
1009.0,120.0,0.543339
1009.0,121.0,0.460933
1009.0,122.0,0.552945
1009.0,123.0,0.899872
1009.0,124.0,0.0
1009.0,125.0,0.279961
1009.0,126.0,0.63249
1009.0,127.0,0.726936
1009.0,128.0,0.785579
1009.0,129.0,0.471209
1009.0,130.0,0.007374
1009.0,131.0,0.0
1009.0,132.0,0.075078
1009.0,133.0,0.177631
1009.0,134.0,0.015892
1009.0,135.0,0.848616
1009.0,136.0,0.833627
1009.0,137.0,0.559364
1009.0,138.0,0.335954
1009.0,139.0,0.242768
1009.0,140.0,0.783172
1009.0,141.0,0.618032
1009.0,142.0,0.234341
1009.0,143.0,0.545236
1009.0,144.0,0.003073
1009.0,145.0,0.14832
1009.0,146.0,0.611723
1009.0,147.0,0.99289
1009.0,148.0,0.678098
1009.0,149.0,0.950858
1009.0,150.0,0.442562
1009.0,151.0,0.737795
1009.0,152.0,0.252104
1009.0,153.0,0.656554
1009.0,154.0,0.509718
1009.0,155.0,0.404942
1009.0,156.0,0.383345
1009.0,157.0,1.0
1009.0,158.0,0.413387
1009.0,159.0,0.320906
1009.0,160.0,0.692711
1009.0,161.0,0.838985
1009.0,162.0,0.501659
1009.0,163.0,0.688854
1009.0,164.0,0.128326
1009.0,165.0,0.560686
1009.0,166.0,0.287187
1009.0,167.0,1.0
1009.0,168.0,0.401787
1009.0,169.0,0.649154
1009.0,170.0,0.06462
1009.0,171.0,0.539022
1009.0,172.0,0.248679
1009.0,173.0,0.534182
1009.0,174.0,0.17425
1009.0,175.0,0.349584
1009.0,176.0,0.25554
1009.0,177.0,0.613124
1009.0,178.0,0.614458
1009.0,179.0,0.917986
1009.0,180.0,0.487757
1009.0,181.0,1.0
1009.0,182.0,0.709858
1009.0,183.0,0.380295
1009.0,184.0,0.346035
1009.0,185.0,0.668482
1009.0,186.0,0.316173
1009.0,187.0,0.373044
1009.0,188.0,0.434002
1009.0,189.0,0.854273
1009.0,190.0,0.414477
1009.0,191.0,0.537673
1009.0,192.0,0.707745
1009.0,193.0,0.562558
1009.0,194.0,0.51382
1009.0,195.0,0.708458
1009.0,196.0,0.492222
1009.0,197.0,0.852773
1009.0,198.0,0.114155
1009.0,199.0,0.899534
1009.0,200.0,0.664216
1009.0,201.0,0.199061
1009.0,202.0,0.67844
1009.0,203.0,0.763957
1009.0,204.0,0.498854
1009.0,205.0,0.64344
1009.0,206.0,0.435338
1009.0,207.0,0.651684
1009.0,208.0,0.09852
1009.0,209.0,0.676989
1009.0,210.0,0.971819
1009.0,211.0,0.436294
1009.0,212.0,0.565841
1009.0,213.0,0.441421
1009.0,214.0,0.613457
1009.0,215.0,0.371741
1009.0,216.0,0.049226
1009.0,217.0,0.362782
1009.0,218.0,0.51854
1009.0,219.0,0.676654
1009.0,220.0,0.979118
1009.0,221.0,0.689907
1009.0,222.0,0.461894
1009.0,223.0,0.659
1009.0,224.0,0.5381
1009.0,225.0,0.824973
1009.0,226.0,0.99843
1009.0,227.0,0.440231
1009.0,228.0,0.671623
1009.0,229.0,0.650959
1009.0,230.0,0.588572
1009.0,231.0,0.299546
1009.0,232.0,0.381342
1009.0,233.0,0.392701
1009.0,234.0,0.184389
1009.0,235.0,0.382189
1009.0,236.0,0.513183
1009.0,237.0,0.539462
1009.0,238.0,0.053546
1009.0,239.0,0.999035
1009.0,240.0,0.456335
1009.0,241.0,0.379429
1009.0,242.0,0.563846
1009.0,243.0,0.635695
1009.0,244.0,0.257812
1009.0,245.0,0.120551
1009.0,246.0,0.459856
1009.0,247.0,0.39645
1009.0,248.0,0.542288
1009.0,249.0,0.186365
1009.0,250.0,0.309943
1009.0,251.0,0.021519
1009.0,252.0,0.608033
1009.0,253.0,0.612644
1009.0,254.0,0.197565
1009.0,255.0,0.541342
1009.0,256.0,0.992504
1009.0,257.0,0.454193
1009.0,258.0,0.69187
1009.0,259.0,0.305554
1009.0,260.0,0.517683
1009.0,261.0,0.450561
1009.0,262.0,0.246238
1009.0,263.0,0.683978
1009.0,264.0,0.215868
1009.0,265.0,0.608135
1009.0,266.0,0.924468
1009.0,267.0,0.088941
1009.0,268.0,0.137088
1009.0,269.0,0.384991
1009.0,270.0,0.465183
1009.0,271.0,0.548789
1009.0,272.0,0.60238
1009.0,273.0,0.408169
1009.0,274.0,0.413339
1009.0,275.0,0.650057
1009.0,276.0,0.772934
1009.0,277.0,0.416201
1009.0,278.0,0.094142
1009.0,279.0,0.415654
1009.0,280.0,0.535574
1009.0,281.0,0.520498
1009.0,282.0,0.692562
1009.0,283.0,0.590732
1009.0,284.0,0.445489
1009.0,285.0,0.558091
1009.0,286.0,0.440598
1009.0,287.0,0.017432
1009.0,288.0,0.272128
1009.0,289.0,0.963257
1009.0,290.0,0.98468
1009.0,291.0,0.623311
1009.0,292.0,0.281608
1009.0,293.0,0.035121
1009.0,294.0,0.0
1009.0,295.0,0.496328
1009.0,296.0,0.769724
1009.0,297.0,0.449632
1009.0,298.0,0.540435
1009.0,299.0,0.681666
1009.0,300.0,0.682839
1009.0,301.0,0.017307
1009.0,302.0,0.867324
1009.0,303.0,0.79109
1009.0,304.0,0.554422
1009.0,305.0,0.666846
1009.0,306.0,0.662847
1009.0,307.0,0.437975
1009.0,308.0,0.441001
1009.0,309.0,0.66524
1009.0,310.0,0.807681
1009.0,311.0,0.95117
1009.0,312.0,0.286785
1009.0,313.0,0.685546
1009.0,314.0,0.512214
1009.0,315.0,0.964698
1009.0,316.0,0.604373
1009.0,317.0,0.512839
1009.0,318.0,0.452912
1009.0,319.0,0.068357
1009.0,320.0,0.33822
1009.0,321.0,0.24256
1009.0,322.0,0.244191
1009.0,323.0,0.204281
1009.0,324.0,0.262279
1009.0,325.0,0.166473
1009.0,326.0,0.586085
1009.0,327.0,0.250686
1009.0,328.0,0.0
1009.0,329.0,0.488267
1009.0,330.0,0.535671
1009.0,331.0,0.975191
1009.0,332.0,0.457457
1009.0,333.0,0.234587
1009.0,334.0,0.626051
1010.0,0.0,0.241168
1010.0,1.0,0.776134
1010.0,2.0,0.106624
1010.0,3.0,0.658307
1010.0,4.0,0.048019
1010.0,5.0,0.450359
1010.0,6.0,0.609292
1010.0,7.0,0.375745
1010.0,8.0,0.488159
1010.0,9.0,0.53024
1010.0,10.0,0.019676
1010.0,11.0,0.415502
1010.0,12.0,0.997557
1010.0,13.0,0.540532
1010.0,14.0,0.499916
1010.0,15.0,0.328849
1010.0,16.0,0.546428
1010.0,17.0,0.54301
1010.0,18.0,0.000415
1010.0,19.0,0.47153
1010.0,20.0,0.535242
1010.0,21.0,0.481683
1010.0,22.0,0.359811
1010.0,23.0,0.50734
1010.0,24.0,0.241074
1010.0,25.0,0.353344
1010.0,26.0,0.655077
1010.0,27.0,0.003064
1010.0,28.0,0.396796
1010.0,29.0,0.423498
1010.0,30.0,0.646377
1010.0,31.0,0.490477
1010.0,32.0,0.35811
1010.0,33.0,0.340943
1010.0,34.0,0.754115
1010.0,35.0,0.354063
1010.0,36.0,0.366033
1010.0,37.0,0.416093
1010.0,38.0,0.370432
1010.0,39.0,0.165349
1010.0,40.0,0.733009
1010.0,41.0,0.692561
1010.0,42.0,0.265515
1010.0,43.0,0.592085
1010.0,44.0,0.455349
1010.0,45.0,0.889645
1010.0,46.0,0.576061
1010.0,47.0,0.356679
1010.0,48.0,0.221424
1010.0,49.0,0.728012
1010.0,50.0,0.780501
1010.0,51.0,0.404013
1010.0,52.0,0.848364
1010.0,53.0,0.535025
1010.0,54.0,0.449667
1010.0,55.0,0.614917
1010.0,56.0,0.367625
1010.0,57.0,0.345416
1010.0,58.0,0.978336
1010.0,59.0,0.598095
1010.0,60.0,0.223974
1010.0,61.0,0.767089
1010.0,62.0,0.520131
1010.0,63.0,0.610344
1010.0,64.0,0.040658
1010.0,65.0,0.598276
1010.0,66.0,0.758764
1010.0,67.0,0.345012
1010.0,68.0,0.269038
1010.0,69.0,0.3724
1010.0,70.0,0.181055
1010.0,71.0,0.574782
1010.0,72.0,0.568509
1010.0,73.0,0.297531
1010.0,74.0,0.753439
1010.0,75.0,0.770265
1010.0,76.0,0.461708
1010.0,77.0,0.183237
1010.0,78.0,0.420291
1010.0,79.0,0.129401
1010.0,80.0,0.352676
1010.0,81.0,0.418672
1010.0,82.0,0.515121
1010.0,83.0,0.918564
1010.0,84.0,0.980801
1010.0,85.0,0.218162
1010.0,86.0,0.576076
1010.0,87.0,0.26659
1010.0,88.0,0.603865
1010.0,89.0,0.366192
1010.0,90.0,0.738891
1010.0,91.0,0.0
1010.0,92.0,0.001806
1010.0,93.0,0.470578
1010.0,94.0,0.646429
1010.0,95.0,0.635365
1010.0,96.0,0.268626
1010.0,97.0,0.143264
1010.0,98.0,0.846106
1010.0,99.0,0.36626
1010.0,100.0,0.701955
1010.0,101.0,0.455165
1010.0,102.0,0.663564
1010.0,103.0,0.407322
1010.0,104.0,0.994567
1010.0,105.0,0.532253
1010.0,106.0,0.717052
1010.0,107.0,0.608057
1010.0,108.0,0.616265
1010.0,109.0,0.346773
1010.0,110.0,0.497503
1010.0,111.0,0.164089
1010.0,112.0,0.641102
1010.0,113.0,0.322442
1010.0,114.0,0.439586
1010.0,115.0,0.82375
1010.0,116.0,0.000532
1010.0,117.0,0.466821
1010.0,118.0,0.525308
1010.0,119.0,0.03231
1010.0,120.0,0.537996
1010.0,121.0,0.458267
1010.0,122.0,0.551299
1010.0,123.0,0.899181
1010.0,124.0,0.0
1010.0,125.0,0.267097
1010.0,126.0,0.629765
1010.0,127.0,0.711767
1010.0,128.0,0.785655
1010.0,129.0,0.471328
1010.0,130.0,0.007208
1010.0,131.0,0.0
1010.0,132.0,0.074444
1010.0,133.0,0.171696
1010.0,134.0,0.015357
1010.0,135.0,0.846826
1010.0,136.0,0.829915
1010.0,137.0,0.55891
1010.0,138.0,0.335872
1010.0,139.0,0.236538
1010.0,140.0,0.781536
1010.0,141.0,0.614389
1010.0,142.0,0.232315
1010.0,143.0,0.543637
1010.0,144.0,0.003025
1010.0,145.0,0.147469
1010.0,146.0,0.608078
1010.0,147.0,0.99272
1010.0,148.0,0.659699
1010.0,149.0,0.950346
1010.0,150.0,0.429819
1010.0,151.0,0.736608
1010.0,152.0,0.250874
1010.0,153.0,0.652686
1010.0,154.0,0.5068
1010.0,155.0,0.395988
1010.0,156.0,0.364236
1010.0,157.0,1.0
1010.0,158.0,0.392351
1010.0,159.0,0.319206
1010.0,160.0,0.688471
1010.0,161.0,0.838088
1010.0,162.0,0.49923
1010.0,163.0,0.685915
1010.0,164.0,0.127593
1010.0,165.0,0.558565
1010.0,166.0,0.286961
1010.0,167.0,1.0
1010.0,168.0,0.402145
1010.0,169.0,0.641915
1010.0,170.0,0.063515
1010.0,171.0,0.533305
1010.0,172.0,0.247216
1010.0,173.0,0.527457
1010.0,174.0,0.171923
1010.0,175.0,0.347399
1010.0,176.0,0.25509
1010.0,177.0,0.612235
1010.0,178.0,0.609345
1010.0,179.0,0.917269
1010.0,180.0,0.485568
1010.0,181.0,1.0
1010.0,182.0,0.696137
1010.0,183.0,0.375014
1010.0,184.0,0.339835
1010.0,185.0,0.662267
1010.0,186.0,0.313802
1010.0,187.0,0.372735
1010.0,188.0,0.433267
1010.0,189.0,0.846592
1010.0,190.0,0.407114
1010.0,191.0,0.531452
1010.0,192.0,0.706126
1010.0,193.0,0.558384
1010.0,194.0,0.508876
1010.0,195.0,0.706053
1010.0,196.0,0.48696
1010.0,197.0,0.850717
1010.0,198.0,0.111058
1010.0,199.0,0.899029
1010.0,200.0,0.663982
1010.0,201.0,0.197545
1010.0,202.0,0.672074
1010.0,203.0,0.75964
1010.0,204.0,0.498938
1010.0,205.0,0.642575
1010.0,206.0,0.412762
1010.0,207.0,0.63706
1010.0,208.0,0.097135
1010.0,209.0,0.675625
1010.0,210.0,0.97167
1010.0,211.0,0.432061
1010.0,212.0,0.565132
1010.0,213.0,0.438801
1010.0,214.0,0.601193
1010.0,215.0,0.37015
1010.0,216.0,0.048916
1010.0,217.0,0.358208
1010.0,218.0,0.506715
1010.0,219.0,0.670518
1010.0,220.0,0.978725
1010.0,221.0,0.68621
1010.0,222.0,0.439271
1010.0,223.0,0.654723
1010.0,224.0,0.536645
1010.0,225.0,0.822652
1010.0,226.0,0.998466
1010.0,227.0,0.438855
1010.0,228.0,0.672357
1010.0,229.0,0.650525
1010.0,230.0,0.587398
1010.0,231.0,0.298283
1010.0,232.0,0.378815
1010.0,233.0,0.392403
1010.0,234.0,0.180751
1010.0,235.0,0.379908
1010.0,236.0,0.510088
1010.0,237.0,0.536668
1010.0,238.0,0.053584
1010.0,239.0,0.999086
1010.0,240.0,0.4535
1010.0,241.0,0.378974
1010.0,242.0,0.562134
1010.0,243.0,0.63004
1010.0,244.0,0.254081
1010.0,245.0,0.116806
1010.0,246.0,0.459144
1010.0,247.0,0.394431
1010.0,248.0,0.53669
1010.0,249.0,0.18054
1010.0,250.0,0.304053
1010.0,251.0,0.020844
1010.0,252.0,0.610336
1010.0,253.0,0.611464
1010.0,254.0,0.185989
1010.0,255.0,0.540073
1010.0,256.0,0.992307
1010.0,257.0,0.453311
1010.0,258.0,0.691199
1010.0,259.0,0.303505
1010.0,260.0,0.51622
1010.0,261.0,0.448889
1010.0,262.0,0.243153
1010.0,263.0,0.6824
1010.0,264.0,0.215638
1010.0,265.0,0.606933
1010.0,266.0,0.923477
1010.0,267.0,0.087409
1010.0,268.0,0.135423
1010.0,269.0,0.381714
1010.0,270.0,0.465644
1010.0,271.0,0.541309
1010.0,272.0,0.602017
1010.0,273.0,0.406348
1010.0,274.0,0.410581
1010.0,275.0,0.639034
1010.0,276.0,0.751894
1010.0,277.0,0.413631
1010.0,278.0,0.092563
1010.0,279.0,0.413258
1010.0,280.0,0.531654
1010.0,281.0,0.518119
1010.0,282.0,0.686815
1010.0,283.0,0.582009
1010.0,284.0,0.43881
1010.0,285.0,0.557353
1010.0,286.0,0.434717
1010.0,287.0,0.016755
1010.0,288.0,0.267582
1010.0,289.0,0.962619
1010.0,290.0,0.984347
1010.0,291.0,0.621403
1010.0,292.0,0.278337
1010.0,293.0,0.033855
1010.0,294.0,0.0
1010.0,295.0,0.492308
1010.0,296.0,0.767772
1010.0,297.0,0.447373
1010.0,298.0,0.540264
1010.0,299.0,0.682509
1010.0,300.0,0.677544
1010.0,301.0,0.017034
1010.0,302.0,0.863953
1010.0,303.0,0.786701
1010.0,304.0,0.553422
1010.0,305.0,0.661307
1010.0,306.0,0.661395
1010.0,307.0,0.430345
1010.0,308.0,0.438465
1010.0,309.0,0.661731
1010.0,310.0,0.807157
1010.0,311.0,0.950815
1010.0,312.0,0.280301
1010.0,313.0,0.683227
1010.0,314.0,0.509383
1010.0,315.0,0.963515
1010.0,316.0,0.603213
1010.0,317.0,0.509615
1010.0,318.0,0.450614
1010.0,319.0,0.066911
1010.0,320.0,0.329524
1010.0,321.0,0.241024
1010.0,322.0,0.241034
1010.0,323.0,0.201502
1010.0,324.0,0.261137
1010.0,325.0,0.165586
1010.0,326.0,0.580395
1010.0,327.0,0.248996
1010.0,328.0,0.0
1010.0,329.0,0.453417
1010.0,330.0,0.535159
1010.0,331.0,0.974819
1010.0,332.0,0.456329
1010.0,333.0,0.232048
1010.0,334.0,0.624724
2000.0,0.0,0.135419
2000.0,1.0,0.859279
2000.0,2.0,0.008566
2000.0,3.0,0.654758
2000.0,4.0,0.003038
2000.0,5.0,0.399945
2000.0,6.0,0.626661
2000.0,7.0,0.371839
2000.0,8.0,0.474009
2000.0,9.0,0.522383
2000.0,10.0,0.001128
2000.0,11.0,0.413327
2000.0,12.0,1.0
2000.0,13.0,0.526521
2000.0,14.0,0.500344
2000.0,15.0,0.328904
2000.0,16.0,0.578209
2000.0,17.0,0.567198
2000.0,18.0,0.0
2000.0,19.0,0.482538
2000.0,20.0,0.564052
2000.0,21.0,0.490052
2000.0,22.0,0.256113
2000.0,23.0,0.532612
2000.0,24.0,0.213228
2000.0,25.0,0.334026
2000.0,26.0,0.65734
2000.0,27.0,0.0
2000.0,28.0,0.401976
2000.0,29.0,0.421359
2000.0,30.0,0.660356
2000.0,31.0,0.479987
2000.0,32.0,0.32594
2000.0,33.0,0.352789
2000.0,34.0,0.817669
2000.0,35.0,0.358107
2000.0,36.0,0.327496
2000.0,37.0,0.393541
2000.0,38.0,0.26674
2000.0,39.0,0.047786
2000.0,40.0,0.866178
2000.0,41.0,0.686057
2000.0,42.0,0.140537
2000.0,43.0,0.595986
2000.0,44.0,0.463926
2000.0,45.0,0.981296
2000.0,46.0,0.590588
2000.0,47.0,0.363585
2000.0,48.0,0.122607
2000.0,49.0,0.753045
2000.0,50.0,0.932259
2000.0,51.0,0.390975
2000.0,52.0,0.966356
2000.0,53.0,0.574459
2000.0,54.0,0.450192
2000.0,55.0,0.683349
2000.0,56.0,0.3719
2000.0,57.0,0.296712
2000.0,58.0,0.999131
2000.0,59.0,0.67398
2000.0,60.0,0.129738
2000.0,61.0,0.847722
2000.0,62.0,0.526558
2000.0,63.0,0.629055
2000.0,64.0,0.011469
2000.0,65.0,0.60439
2000.0,66.0,0.762886
2000.0,67.0,0.327347
2000.0,68.0,0.256463
2000.0,69.0,0.361657
2000.0,70.0,0.087678
2000.0,71.0,0.602246
2000.0,72.0,0.589606
2000.0,73.0,0.173531
2000.0,74.0,0.755428
2000.0,75.0,0.767608
2000.0,76.0,0.45878
2000.0,77.0,0.086922
2000.0,78.0,0.39702
2000.0,79.0,0.024919
2000.0,80.0,0.357177
2000.0,81.0,0.425603
2000.0,82.0,0.522322
2000.0,83.0,0.988938
2000.0,84.0,0.996658
2000.0,85.0,0.207795
2000.0,86.0,0.570641
2000.0,87.0,0.171425
2000.0,88.0,0.615351
2000.0,89.0,0.302603
2000.0,90.0,0.809408
2000.0,91.0,0.0
2000.0,92.0,0.0
2000.0,93.0,0.477646
2000.0,94.0,0.752682
2000.0,95.0,0.642432
2000.0,96.0,0.260989
2000.0,97.0,0.074457
2000.0,98.0,0.917196
2000.0,99.0,0.364195
2000.0,100.0,0.707355
2000.0,101.0,0.444219
2000.0,102.0,0.69958
2000.0,103.0,0.413983
2000.0,104.0,1.0
2000.0,105.0,0.547134
2000.0,106.0,0.778929
2000.0,107.0,0.647333
2000.0,108.0,0.623702
2000.0,109.0,0.322813
2000.0,110.0,0.489217
2000.0,111.0,0.093511
2000.0,112.0,0.659295
2000.0,113.0,0.326952
2000.0,114.0,0.409232
2000.0,115.0,0.880453
2000.0,116.0,0.0
2000.0,117.0,0.473576
2000.0,118.0,0.575366
2000.0,119.0,0.004632
2000.0,120.0,0.542024
2000.0,121.0,0.447683
2000.0,122.0,0.549845
2000.0,123.0,0.979632
2000.0,124.0,0.0
2000.0,125.0,0.275389
2000.0,126.0,0.643163
2000.0,127.0,0.711688
2000.0,128.0,0.920407
2000.0,129.0,0.42444
2000.0,130.0,0.0
2000.0,131.0,0.0
2000.0,132.0,0.018463
2000.0,133.0,0.162197
2000.0,134.0,0.0
2000.0,135.0,0.94762
2000.0,136.0,0.854734
2000.0,137.0,0.580569
2000.0,138.0,0.236414
2000.0,139.0,0.237497
2000.0,140.0,0.914807
2000.0,141.0,0.603319
2000.0,142.0,0.215582
2000.0,143.0,0.587645
2000.0,144.0,1.7e-05
2000.0,145.0,0.130296
2000.0,146.0,0.617714
2000.0,147.0,1.0
2000.0,148.0,0.6705
2000.0,149.0,0.997751
2000.0,150.0,0.427659
2000.0,151.0,0.792183
2000.0,152.0,0.232575
2000.0,153.0,0.662389
2000.0,154.0,0.510508
2000.0,155.0,0.399447
2000.0,156.0,0.370828
2000.0,157.0,1.0
2000.0,158.0,0.390651
2000.0,159.0,0.297817
2000.0,160.0,0.68976
2000.0,161.0,0.914671
2000.0,162.0,0.491899
2000.0,163.0,0.768665
2000.0,164.0,0.090855
2000.0,165.0,0.546536
2000.0,166.0,0.197172
2000.0,167.0,1.0
2000.0,168.0,0.315924
2000.0,169.0,0.645902
2000.0,170.0,0.004918
2000.0,171.0,0.535064
2000.0,172.0,0.248102
2000.0,173.0,0.533285
2000.0,174.0,0.157563
2000.0,175.0,0.351264
2000.0,176.0,0.14532
2000.0,177.0,0.673084
2000.0,178.0,0.609778
2000.0,179.0,0.995944
2000.0,180.0,0.495286
2000.0,181.0,1.0
2000.0,182.0,0.702396
2000.0,183.0,0.35572
2000.0,184.0,0.314536
2000.0,185.0,0.679823
2000.0,186.0,0.270614
2000.0,187.0,0.354847
2000.0,188.0,0.391864
2000.0,189.0,0.847604
2000.0,190.0,0.391807
2000.0,191.0,0.534203
2000.0,192.0,0.86016
2000.0,193.0,0.558578
2000.0,194.0,0.494391
2000.0,195.0,0.806263
2000.0,196.0,0.480693
2000.0,197.0,0.859213
2000.0,198.0,0.030665
2000.0,199.0,0.9498
2000.0,200.0,0.707085
2000.0,201.0,0.150531
2000.0,202.0,0.669277
2000.0,203.0,0.775876
2000.0,204.0,0.45459
2000.0,205.0,0.685258
2000.0,206.0,0.414137
2000.0,207.0,0.626315
2000.0,208.0,0.012451
2000.0,209.0,0.755803
2000.0,210.0,0.99391
2000.0,211.0,0.435666
2000.0,212.0,0.589366
2000.0,213.0,0.446286
2000.0,214.0,0.599391
2000.0,215.0,0.366823
2000.0,216.0,0.011906
2000.0,217.0,0.363099
2000.0,218.0,0.508084
2000.0,219.0,0.688892
2000.0,220.0,0.998253
2000.0,221.0,0.68092
2000.0,222.0,0.4334
2000.0,223.0,0.650579
2000.0,224.0,0.552826
2000.0,225.0,0.956163
2000.0,226.0,1.0
2000.0,227.0,0.415621
2000.0,228.0,0.766942
2000.0,229.0,0.737815
2000.0,230.0,0.58612
2000.0,231.0,0.158017
2000.0,232.0,0.379649
2000.0,233.0,0.300524
2000.0,234.0,0.145491
2000.0,235.0,0.378569
2000.0,236.0,0.518132
2000.0,237.0,0.535927
2000.0,238.0,0.026469
2000.0,239.0,1.0
2000.0,240.0,0.461848
2000.0,241.0,0.267803
2000.0,242.0,0.585704
2000.0,243.0,0.642915
2000.0,244.0,0.24726
2000.0,245.0,0.110177
2000.0,246.0,0.417521
2000.0,247.0,0.367787
2000.0,248.0,0.556404
2000.0,249.0,0.180107
2000.0,250.0,0.279268
2000.0,251.0,0.001389
2000.0,252.0,0.705231
2000.0,253.0,0.6582
2000.0,254.0,0.182615
2000.0,255.0,0.576594
2000.0,256.0,1.0
2000.0,257.0,0.397051
2000.0,258.0,0.754369
2000.0,259.0,0.29629
2000.0,260.0,0.530489
2000.0,261.0,0.430174
2000.0,262.0,0.167434
2000.0,263.0,0.729373
2000.0,264.0,0.075039
2000.0,265.0,0.717204
2000.0,266.0,0.958214
2000.0,267.0,0.061952
2000.0,268.0,0.027152
2000.0,269.0,0.365156
2000.0,270.0,0.438892
2000.0,271.0,0.536388
2000.0,272.0,0.658902
2000.0,273.0,0.362417
2000.0,274.0,0.398143
2000.0,275.0,0.633577
2000.0,276.0,0.746117
2000.0,277.0,0.412418
2000.0,278.0,0.019441
2000.0,279.0,0.39921
2000.0,280.0,0.531071
2000.0,281.0,0.523579
2000.0,282.0,0.687769
2000.0,283.0,0.589748
2000.0,284.0,0.441227
2000.0,285.0,0.622114
2000.0,286.0,0.43377
2000.0,287.0,0.000124
2000.0,288.0,0.280089
2000.0,289.0,0.995018
2000.0,290.0,0.999606
2000.0,291.0,0.675148
2000.0,292.0,0.252266
2000.0,293.0,0.016892
2000.0,294.0,0.0
2000.0,295.0,0.489743
2000.0,296.0,0.774635
2000.0,297.0,0.407972
2000.0,298.0,0.553222
2000.0,299.0,0.799458
2000.0,300.0,0.679112
2000.0,301.0,7.0e-05
2000.0,302.0,0.876886
2000.0,303.0,0.796265
2000.0,304.0,0.560265
2000.0,305.0,0.705093
2000.0,306.0,0.82392
2000.0,307.0,0.428431
2000.0,308.0,0.432621
2000.0,309.0,0.724409
2000.0,310.0,0.84835
2000.0,311.0,0.996717
2000.0,312.0,0.222878
2000.0,313.0,0.677491
2000.0,314.0,0.513181
2000.0,315.0,0.996641
2000.0,316.0,0.64783
2000.0,317.0,0.515751
2000.0,318.0,0.449686
2000.0,319.0,0.004148
2000.0,320.0,0.315642
2000.0,321.0,0.173753
2000.0,322.0,0.239129
2000.0,323.0,0.15725
2000.0,324.0,0.265661
2000.0,325.0,0.079244
2000.0,326.0,0.575692
2000.0,327.0,0.080941
2000.0,328.0,0.0
2000.0,329.0,0.45081
2000.0,330.0,0.549311
2000.0,331.0,0.999865
2000.0,332.0,0.415475
2000.0,333.0,0.220509
2000.0,334.0,0.659959
2001.0,0.0,0.136598
2001.0,1.0,0.85939
2001.0,2.0,0.008656
2001.0,3.0,0.66324
2001.0,4.0,0.003151
2001.0,5.0,0.401266
2001.0,6.0,0.630213
2001.0,7.0,0.377454
2001.0,8.0,0.481188
2001.0,9.0,0.527714
2001.0,10.0,0.001153
2001.0,11.0,0.421243
2001.0,12.0,1.0
2001.0,13.0,0.532965
2001.0,14.0,0.509538
2001.0,15.0,0.332767
2001.0,16.0,0.582509
2001.0,17.0,0.570812
2001.0,18.0,0.0
2001.0,19.0,0.483284
2001.0,20.0,0.565279
2001.0,21.0,0.493381
2001.0,22.0,0.257006
2001.0,23.0,0.53598
2001.0,24.0,0.218884
2001.0,25.0,0.339426
2001.0,26.0,0.672646
2001.0,27.0,0.0
2001.0,28.0,0.407306
2001.0,29.0,0.432755
2001.0,30.0,0.66268
2001.0,31.0,0.482474
2001.0,32.0,0.330056
2001.0,33.0,0.355887
2001.0,34.0,0.818212
2001.0,35.0,0.372496
2001.0,36.0,0.329579
2001.0,37.0,0.395593
2001.0,38.0,0.267636
2001.0,39.0,0.047985
2001.0,40.0,0.868818
2001.0,41.0,0.689763
2001.0,42.0,0.142455
2001.0,43.0,0.598417
2001.0,44.0,0.468932
2001.0,45.0,0.981621
2001.0,46.0,0.593091
2001.0,47.0,0.367213
2001.0,48.0,0.123459
2001.0,49.0,0.754368
2001.0,50.0,0.932954
2001.0,51.0,0.395079
2001.0,52.0,0.966724
2001.0,53.0,0.574962
2001.0,54.0,0.458485
2001.0,55.0,0.685236
2001.0,56.0,0.378414
2001.0,57.0,0.298817
2001.0,58.0,0.999135
2001.0,59.0,0.676202
2001.0,60.0,0.130356
2001.0,61.0,0.848775
2001.0,62.0,0.534403
2001.0,63.0,0.63208
2001.0,64.0,0.011701
2001.0,65.0,0.609839
2001.0,66.0,0.766043
2001.0,67.0,0.331689
2001.0,68.0,0.265196
2001.0,69.0,0.365362
2001.0,70.0,0.088638
2001.0,71.0,0.603346
2001.0,72.0,0.590832
2001.0,73.0,0.173775
2001.0,74.0,0.761978
2001.0,75.0,0.777164
2001.0,76.0,0.465237
2001.0,77.0,0.088121
2001.0,78.0,0.402908
2001.0,79.0,0.025174
2001.0,80.0,0.365841
2001.0,81.0,0.428637
2001.0,82.0,0.52556
2001.0,83.0,0.988957
2001.0,84.0,0.996728
2001.0,85.0,0.209959
2001.0,86.0,0.571752
2001.0,87.0,0.171362
2001.0,88.0,0.61621
2001.0,89.0,0.303348
2001.0,90.0,0.81096
2001.0,91.0,0.0
2001.0,92.0,0.0
2001.0,93.0,0.478884
2001.0,94.0,0.754617
2001.0,95.0,0.645633
2001.0,96.0,0.267703
2001.0,97.0,0.075855
2001.0,98.0,0.917941
2001.0,99.0,0.367295
2001.0,100.0,0.708719
2001.0,101.0,0.452599
2001.0,102.0,0.701308
2001.0,103.0,0.422387
2001.0,104.0,1.0
2001.0,105.0,0.551196
2001.0,106.0,0.787627
2001.0,107.0,0.650248
2001.0,108.0,0.627381
2001.0,109.0,0.324122
2001.0,110.0,0.501978
2001.0,111.0,0.09496
2001.0,112.0,0.662872
2001.0,113.0,0.397334
2001.0,114.0,0.413548
2001.0,115.0,0.88098
2001.0,116.0,0.0
2001.0,117.0,0.483211
2001.0,118.0,0.576198
2001.0,119.0,0.00468
2001.0,120.0,0.546249
2001.0,121.0,0.448723
2001.0,122.0,0.552093
2001.0,123.0,0.979665
2001.0,124.0,0.0
2001.0,125.0,0.290062
2001.0,126.0,0.64525
2001.0,127.0,0.727476
2001.0,128.0,0.921405
2001.0,129.0,0.425706
2001.0,130.0,0.0
2001.0,131.0,0.0
2001.0,132.0,0.018656
2001.0,133.0,0.167899
2001.0,134.0,0.0
2001.0,135.0,0.948429
2001.0,136.0,0.858294
2001.0,137.0,0.579994
2001.0,138.0,0.237071
2001.0,139.0,0.243772
2001.0,140.0,0.916009
2001.0,141.0,0.606059
2001.0,142.0,0.217392
2001.0,143.0,0.58998
2001.0,144.0,2.5e-05
2001.0,145.0,0.131623
2001.0,146.0,0.62214
2001.0,147.0,1.0
2001.0,148.0,0.689931
2001.0,149.0,0.997782
2001.0,150.0,0.442764
2001.0,151.0,0.792397
2001.0,152.0,0.233613
2001.0,153.0,0.667949
2001.0,154.0,0.513832
2001.0,155.0,0.4084
2001.0,156.0,0.393092
2001.0,157.0,1.0
2001.0,158.0,0.414304
2001.0,159.0,0.299968
2001.0,160.0,0.695423
2001.0,161.0,0.915091
2001.0,162.0,0.49495
2001.0,163.0,0.771852
2001.0,164.0,0.091647
2001.0,165.0,0.548258
2001.0,166.0,0.197802
2001.0,167.0,1.0
2001.0,168.0,0.316468
2001.0,169.0,0.653719
2001.0,170.0,0.004951
2001.0,171.0,0.54105
2001.0,172.0,0.250818
2001.0,173.0,0.538751
2001.0,174.0,0.160028
2001.0,175.0,0.353826
2001.0,176.0,0.145022
2001.0,177.0,0.673331
2001.0,178.0,0.615087
2001.0,179.0,0.996057
2001.0,180.0,0.497615
2001.0,181.0,1.0
2001.0,182.0,0.71634
2001.0,183.0,0.359618
2001.0,184.0,0.319252
2001.0,185.0,0.685901
2001.0,186.0,0.273534
2001.0,187.0,0.355715
2001.0,188.0,0.392516
2001.0,189.0,0.855471
2001.0,190.0,0.399573
2001.0,191.0,0.539946
2001.0,192.0,0.861315
2001.0,193.0,0.56244
2001.0,194.0,0.499593
2001.0,195.0,0.808058
2001.0,196.0,0.485803
2001.0,197.0,0.860265
2001.0,198.0,0.03157
2001.0,199.0,0.949907
2001.0,200.0,0.707362
2001.0,201.0,0.152091
2001.0,202.0,0.676007
2001.0,203.0,0.78131
2001.0,204.0,0.455262
2001.0,205.0,0.687062
2001.0,206.0,0.441264
2001.0,207.0,0.643299
2001.0,208.0,0.012457
2001.0,209.0,0.756115
2001.0,210.0,0.993933
2001.0,211.0,0.440035
2001.0,212.0,0.590248
2001.0,213.0,0.44817
2001.0,214.0,0.613244
2001.0,215.0,0.368736
2001.0,216.0,0.01197
2001.0,217.0,0.367196
2001.0,218.0,0.52096
2001.0,219.0,0.696751
2001.0,220.0,0.998293
2001.0,221.0,0.685497
2001.0,222.0,0.457762
2001.0,223.0,0.654473
2001.0,224.0,0.5552
2001.0,225.0,0.956731
2001.0,226.0,1.0
2001.0,227.0,0.416162
2001.0,228.0,0.767478
2001.0,229.0,0.739222
2001.0,230.0,0.588687
2001.0,231.0,0.15835
2001.0,232.0,0.382509
2001.0,233.0,0.301204
2001.0,234.0,0.147406
2001.0,235.0,0.380138
2001.0,236.0,0.520525
2001.0,237.0,0.539869
2001.0,238.0,0.026376
2001.0,239.0,1.0
2001.0,240.0,0.465351
2001.0,241.0,0.269087
2001.0,242.0,0.586583
2001.0,243.0,0.647121
2001.0,244.0,0.25079
2001.0,245.0,0.112742
2001.0,246.0,0.418399
2001.0,247.0,0.370606
2001.0,248.0,0.562529
2001.0,249.0,0.18606
2001.0,250.0,0.285854
2001.0,251.0,0.001414
2001.0,252.0,0.702774
2001.0,253.0,0.657695
2001.0,254.0,0.195465
2001.0,255.0,0.57749
2001.0,256.0,1.0
2001.0,257.0,0.398166
2001.0,258.0,0.755165
2001.0,259.0,0.298555
2001.0,260.0,0.530783
2001.0,261.0,0.43228
2001.0,262.0,0.168942
2001.0,263.0,0.730303
2001.0,264.0,0.074434
2001.0,265.0,0.718367
2001.0,266.0,0.958868
2001.0,267.0,0.061886
2001.0,268.0,0.027617
2001.0,269.0,0.368821
2001.0,270.0,0.439868
2001.0,271.0,0.544775
2001.0,272.0,0.658894
2001.0,273.0,0.363295
2001.0,274.0,0.400697
2001.0,275.0,0.645575
2001.0,276.0,0.769624
2001.0,277.0,0.41229
2001.0,278.0,0.019768
2001.0,279.0,0.401368
2001.0,280.0,0.534703
2001.0,281.0,0.526875
2001.0,282.0,0.694136
2001.0,283.0,0.599436
2001.0,284.0,0.448418
2001.0,285.0,0.62311
2001.0,286.0,0.440409
2001.0,287.0,0.000125
2001.0,288.0,0.284155
2001.0,289.0,0.995039
2001.0,290.0,0.999573
2001.0,291.0,0.676414
2001.0,292.0,0.25447
2001.0,293.0,0.017723
2001.0,294.0,0.0
2001.0,295.0,0.495283
2001.0,296.0,0.777098
2001.0,297.0,0.410171
2001.0,298.0,0.553755
2001.0,299.0,0.800587
2001.0,300.0,0.685457
2001.0,301.0,7.3e-05
2001.0,302.0,0.879467
2001.0,303.0,0.800502
2001.0,304.0,0.561168
2001.0,305.0,0.711578
2001.0,306.0,0.825187
2001.0,307.0,0.437486
2001.0,308.0,0.436855
2001.0,309.0,0.728278
2001.0,310.0,0.848447
2001.0,311.0,0.996863
2001.0,312.0,0.228325
2001.0,313.0,0.680697
2001.0,314.0,0.515408
2001.0,315.0,0.996766
2001.0,316.0,0.648505
2001.0,317.0,0.5187
2001.0,318.0,0.452409
2001.0,319.0,0.004231
2001.0,320.0,0.324243
2001.0,321.0,0.175344
2001.0,322.0,0.241642
2001.0,323.0,0.159756
2001.0,324.0,0.267674
2001.0,325.0,0.079222
2001.0,326.0,0.582145
2001.0,327.0,0.081455
2001.0,328.0,0.0
2001.0,329.0,0.49218
2001.0,330.0,0.550401
2001.0,331.0,0.999873
2001.0,332.0,0.415755
2001.0,333.0,0.222692
2001.0,334.0,0.661392
2002.0,0.0,0.136887
2002.0,1.0,0.860061
2002.0,2.0,0.008797
2002.0,3.0,0.670898
2002.0,4.0,0.003224
2002.0,5.0,0.403491
2002.0,6.0,0.632758
2002.0,7.0,0.383233
2002.0,8.0,0.487269
2002.0,9.0,0.533573
2002.0,10.0,0.001168
2002.0,11.0,0.430199
2002.0,12.0,1.0
2002.0,13.0,0.539678
2002.0,14.0,0.518797
2002.0,15.0,0.3357
2002.0,16.0,0.587303
2002.0,17.0,0.575035
2002.0,18.0,0.0
2002.0,19.0,0.485714
2002.0,20.0,0.56636
2002.0,21.0,0.496205
2002.0,22.0,0.257537
2002.0,23.0,0.538889
2002.0,24.0,0.225234
2002.0,25.0,0.343606
2002.0,26.0,0.687799
2002.0,27.0,0.0
2002.0,28.0,0.413501
2002.0,29.0,0.443355
2002.0,30.0,0.664026
2002.0,31.0,0.485702
2002.0,32.0,0.33335
2002.0,33.0,0.358635
2002.0,34.0,0.819474
2002.0,35.0,0.386272
2002.0,36.0,0.331805
2002.0,37.0,0.395903
2002.0,38.0,0.268686
2002.0,39.0,0.048372
2002.0,40.0,0.870624
2002.0,41.0,0.692305
2002.0,42.0,0.144599
2002.0,43.0,0.600131
2002.0,44.0,0.473326
2002.0,45.0,0.981878
2002.0,46.0,0.59591
2002.0,47.0,0.370108
2002.0,48.0,0.124248
2002.0,49.0,0.755323
2002.0,50.0,0.933501
2002.0,51.0,0.399389
2002.0,52.0,0.967241
2002.0,53.0,0.574874
2002.0,54.0,0.466291
2002.0,55.0,0.68739
2002.0,56.0,0.38531
2002.0,57.0,0.300201
2002.0,58.0,0.999155
2002.0,59.0,0.677731
2002.0,60.0,0.130331
2002.0,61.0,0.849298
2002.0,62.0,0.542449
2002.0,63.0,0.634652
2002.0,64.0,0.011873
2002.0,65.0,0.614548
2002.0,66.0,0.769316
2002.0,67.0,0.335253
2002.0,68.0,0.273434
2002.0,69.0,0.368244
2002.0,70.0,0.089352
2002.0,71.0,0.605658
2002.0,72.0,0.592433
2002.0,73.0,0.173958
2002.0,74.0,0.767779
2002.0,75.0,0.786924
2002.0,76.0,0.46908
2002.0,77.0,0.08933
2002.0,78.0,0.406996
2002.0,79.0,0.02538
2002.0,80.0,0.37432
2002.0,81.0,0.430742
2002.0,82.0,0.526276
2002.0,83.0,0.988908
2002.0,84.0,0.996845
2002.0,85.0,0.211893
2002.0,86.0,0.573288
2002.0,87.0,0.172031
2002.0,88.0,0.618201
2002.0,89.0,0.304208
2002.0,90.0,0.812555
2002.0,91.0,0.0
2002.0,92.0,0.0
2002.0,93.0,0.48041
2002.0,94.0,0.756429
2002.0,95.0,0.650199
2002.0,96.0,0.274869
2002.0,97.0,0.07825
2002.0,98.0,0.918543
2002.0,99.0,0.370968
2002.0,100.0,0.709798
2002.0,101.0,0.461764
2002.0,102.0,0.704502
2002.0,103.0,0.430389
2002.0,104.0,1.0
2002.0,105.0,0.555782
2002.0,106.0,0.794934
2002.0,107.0,0.653538
2002.0,108.0,0.631578
2002.0,109.0,0.324074
2002.0,110.0,0.515199
2002.0,111.0,0.096412
2002.0,112.0,0.666859
2002.0,113.0,0.469694
2002.0,114.0,0.418035
2002.0,115.0,0.881715
2002.0,116.0,0.0
2002.0,117.0,0.493262
2002.0,118.0,0.57636
2002.0,119.0,0.004812
2002.0,120.0,0.550707
2002.0,121.0,0.450343
2002.0,122.0,0.553647
2002.0,123.0,0.979771
2002.0,124.0,0.0
2002.0,125.0,0.304356
2002.0,126.0,0.646787
2002.0,127.0,0.742861
2002.0,128.0,0.921398
2002.0,129.0,0.426608
2002.0,130.0,0.0
2002.0,131.0,0.0
2002.0,132.0,0.018871
2002.0,133.0,0.173686
2002.0,134.0,0.0
2002.0,135.0,0.949176
2002.0,136.0,0.86167
2002.0,137.0,0.57903
2002.0,138.0,0.237353
2002.0,139.0,0.250339
2002.0,140.0,0.917074
2002.0,141.0,0.609865
2002.0,142.0,0.21851
2002.0,143.0,0.592135
2002.0,144.0,2.3e-05
2002.0,145.0,0.132551
2002.0,146.0,0.626244
2002.0,147.0,1.0
2002.0,148.0,0.708001
2002.0,149.0,0.997801
2002.0,150.0,0.456486
2002.0,151.0,0.793032
2002.0,152.0,0.235229
2002.0,153.0,0.671795
2002.0,154.0,0.51733
2002.0,155.0,0.417247
2002.0,156.0,0.415577
2002.0,157.0,1.0
2002.0,158.0,0.43769
2002.0,159.0,0.30247
2002.0,160.0,0.700274
2002.0,161.0,0.915275
2002.0,162.0,0.496898
2002.0,163.0,0.775582
2002.0,164.0,0.092295
2002.0,165.0,0.551017
2002.0,166.0,0.197889
2002.0,167.0,1.0
2002.0,168.0,0.317043
2002.0,169.0,0.661364
2002.0,170.0,0.004902
2002.0,171.0,0.547952
2002.0,172.0,0.252908
2002.0,173.0,0.544088
2002.0,174.0,0.162242
2002.0,175.0,0.356499
2002.0,176.0,0.144912
2002.0,177.0,0.67405
2002.0,178.0,0.620397
2002.0,179.0,0.996169
2002.0,180.0,0.500433
2002.0,181.0,1.0
2002.0,182.0,0.730615
2002.0,183.0,0.364238
2002.0,184.0,0.323852
2002.0,185.0,0.691672
2002.0,186.0,0.27506
2002.0,187.0,0.358211
2002.0,188.0,0.393011
2002.0,189.0,0.863594
2002.0,190.0,0.407968
2002.0,191.0,0.544595
2002.0,192.0,0.862935
2002.0,193.0,0.565585
2002.0,194.0,0.504029
2002.0,195.0,0.810361
2002.0,196.0,0.49012
2002.0,197.0,0.861866
2002.0,198.0,0.032713
2002.0,199.0,0.9498
2002.0,200.0,0.708275
2002.0,201.0,0.153798
2002.0,202.0,0.682622
2002.0,203.0,0.785161
2002.0,204.0,0.455711
2002.0,205.0,0.687499
2002.0,206.0,0.466608
2002.0,207.0,0.658318
2002.0,208.0,0.012563
2002.0,209.0,0.755568
2002.0,210.0,0.994115
2002.0,211.0,0.444269
2002.0,212.0,0.591308
2002.0,213.0,0.451131
2002.0,214.0,0.624805
2002.0,215.0,0.37027
2002.0,216.0,0.01196
2002.0,217.0,0.371671
2002.0,218.0,0.533369
2002.0,219.0,0.704034
2002.0,220.0,0.998312
2002.0,221.0,0.690326
2002.0,222.0,0.482189
2002.0,223.0,0.657818
2002.0,224.0,0.557408
2002.0,225.0,0.957263
2002.0,226.0,1.0
2002.0,227.0,0.41731
2002.0,228.0,0.767296
2002.0,229.0,0.740275
2002.0,230.0,0.591186
2002.0,231.0,0.159156
2002.0,232.0,0.385228
2002.0,233.0,0.30109
2002.0,234.0,0.149292
2002.0,235.0,0.381665
2002.0,236.0,0.52218
2002.0,237.0,0.542427
2002.0,238.0,0.02644
2002.0,239.0,1.0
2002.0,240.0,0.468846
2002.0,241.0,0.270386
2002.0,242.0,0.58742
2002.0,243.0,0.652165
2002.0,244.0,0.2546
2002.0,245.0,0.115719
2002.0,246.0,0.419273
2002.0,247.0,0.372052
2002.0,248.0,0.567334
2002.0,249.0,0.191693
2002.0,250.0,0.290665
2002.0,251.0,0.001562
2002.0,252.0,0.70001
2002.0,253.0,0.658011
2002.0,254.0,0.208584
2002.0,255.0,0.577838
2002.0,256.0,1.0
2002.0,257.0,0.399276
2002.0,258.0,0.75583
2002.0,259.0,0.302437
2002.0,260.0,0.530674
2002.0,261.0,0.434115
2002.0,262.0,0.171635
2002.0,263.0,0.731586
2002.0,264.0,0.074347
2002.0,265.0,0.720015
2002.0,266.0,0.959801
2002.0,267.0,0.062107
2002.0,268.0,0.02785
2002.0,269.0,0.371405
2002.0,270.0,0.440732
2002.0,271.0,0.552915
2002.0,272.0,0.659242
2002.0,273.0,0.365141
2002.0,274.0,0.403666
2002.0,275.0,0.657429
2002.0,276.0,0.79112
2002.0,277.0,0.414069
2002.0,278.0,0.020066
2002.0,279.0,0.404965
2002.0,280.0,0.539128
2002.0,281.0,0.529762
2002.0,282.0,0.699999
2002.0,283.0,0.608489
2002.0,284.0,0.455603
2002.0,285.0,0.624184
2002.0,286.0,0.446838
2002.0,287.0,0.000119
2002.0,288.0,0.288398
2002.0,289.0,0.995122
2002.0,290.0,0.999541
2002.0,291.0,0.678215
2002.0,292.0,0.256648
2002.0,293.0,0.018752
2002.0,294.0,0.0
2002.0,295.0,0.499314
2002.0,296.0,0.779183
2002.0,297.0,0.411401
2002.0,298.0,0.55424
2002.0,299.0,0.801331
2002.0,300.0,0.69169
2002.0,301.0,7.1e-05
2002.0,302.0,0.882698
2002.0,303.0,0.804838
2002.0,304.0,0.562127
2002.0,305.0,0.718071
2002.0,306.0,0.826799
2002.0,307.0,0.446233
2002.0,308.0,0.440473
2002.0,309.0,0.732112
2002.0,310.0,0.849282
2002.0,311.0,0.996997
2002.0,312.0,0.23408
2002.0,313.0,0.68325
2002.0,314.0,0.517513
2002.0,315.0,0.996904
2002.0,316.0,0.647926
2002.0,317.0,0.520205
2002.0,318.0,0.454071
2002.0,319.0,0.004327
2002.0,320.0,0.333812
2002.0,321.0,0.17719
2002.0,322.0,0.24464
2002.0,323.0,0.162904
2002.0,324.0,0.268244
2002.0,325.0,0.079589
2002.0,326.0,0.588619
2002.0,327.0,0.081786
2002.0,328.0,0.0
2002.0,329.0,0.533813
2002.0,330.0,0.550118
2002.0,331.0,0.999892
2002.0,332.0,0.415372
2002.0,333.0,0.224261
2002.0,334.0,0.663137
2003.0,0.0,0.137395
2003.0,1.0,0.860757
2003.0,2.0,0.009034
2003.0,3.0,0.677769
2003.0,4.0,0.00331
2003.0,5.0,0.405647
2003.0,6.0,0.636257
2003.0,7.0,0.38948
2003.0,8.0,0.492609
2003.0,9.0,0.53852
2003.0,10.0,0.001155
2003.0,11.0,0.439451
2003.0,12.0,1.0
2003.0,13.0,0.545709
2003.0,14.0,0.526938
2003.0,15.0,0.339084
2003.0,16.0,0.591747
2003.0,17.0,0.579323
2003.0,18.0,0.0
2003.0,19.0,0.487626
2003.0,20.0,0.566895
2003.0,21.0,0.49875
2003.0,22.0,0.258486
2003.0,23.0,0.541869
2003.0,24.0,0.230874
2003.0,25.0,0.348727
2003.0,26.0,0.701498
2003.0,27.0,0.0
2003.0,28.0,0.418046
2003.0,29.0,0.454604
2003.0,30.0,0.665596
2003.0,31.0,0.488351
2003.0,32.0,0.3377
2003.0,33.0,0.359896
2003.0,34.0,0.820947
2003.0,35.0,0.399522
2003.0,36.0,0.33319
2003.0,37.0,0.396037
2003.0,38.0,0.26848
2003.0,39.0,0.048982
2003.0,40.0,0.872303
2003.0,41.0,0.695492
2003.0,42.0,0.147344
2003.0,43.0,0.601963
2003.0,44.0,0.477849
2003.0,45.0,0.982071
2003.0,46.0,0.597434
2003.0,47.0,0.373636
2003.0,48.0,0.124898
2003.0,49.0,0.757276
2003.0,50.0,0.93432
2003.0,51.0,0.403835
2003.0,52.0,0.967771
2003.0,53.0,0.575525
2003.0,54.0,0.47499
2003.0,55.0,0.688544
2003.0,56.0,0.391329
2003.0,57.0,0.302185
2003.0,58.0,0.999177
2003.0,59.0,0.679143
2003.0,60.0,0.13054
2003.0,61.0,0.850541
2003.0,62.0,0.548672
2003.0,63.0,0.636847
2003.0,64.0,0.012033
2003.0,65.0,0.619658
2003.0,66.0,0.772603
2003.0,67.0,0.33833
2003.0,68.0,0.283034
2003.0,69.0,0.372404
2003.0,70.0,0.090244
2003.0,71.0,0.606617
2003.0,72.0,0.593913
2003.0,73.0,0.173917
2003.0,74.0,0.772712
2003.0,75.0,0.795761
2003.0,76.0,0.473723
2003.0,77.0,0.09071
2003.0,78.0,0.411985
2003.0,79.0,0.025483
2003.0,80.0,0.381362
2003.0,81.0,0.433505
2003.0,82.0,0.529157
2003.0,83.0,0.988817
2003.0,84.0,0.996804
2003.0,85.0,0.214203
2003.0,86.0,0.57383
2003.0,87.0,0.171198
2003.0,88.0,0.61976
2003.0,89.0,0.304117
2003.0,90.0,0.814633
2003.0,91.0,0.0
2003.0,92.0,0.0
2003.0,93.0,0.481886
2003.0,94.0,0.758264
2003.0,95.0,0.654899
2003.0,96.0,0.282022
2003.0,97.0,0.079733
2003.0,98.0,0.919188
2003.0,99.0,0.374547
2003.0,100.0,0.711716
2003.0,101.0,0.470692
2003.0,102.0,0.706553
2003.0,103.0,0.437675
2003.0,104.0,1.0
2003.0,105.0,0.559283
2003.0,106.0,0.802287
2003.0,107.0,0.657374
2003.0,108.0,0.634827
2003.0,109.0,0.326096
2003.0,110.0,0.526921
2003.0,111.0,0.09811
2003.0,112.0,0.670954
2003.0,113.0,0.540122
2003.0,114.0,0.422887
2003.0,115.0,0.882875
2003.0,116.0,0.0
2003.0,117.0,0.502431
2003.0,118.0,0.578462
2003.0,119.0,0.004869
2003.0,120.0,0.554874
2003.0,121.0,0.451402
2003.0,122.0,0.555279
2003.0,123.0,0.979918
2003.0,124.0,0.0
2003.0,125.0,0.319062
2003.0,126.0,0.648809
2003.0,127.0,0.756813
2003.0,128.0,0.921892
2003.0,129.0,0.42783
2003.0,130.0,0.0
2003.0,131.0,0.0
2003.0,132.0,0.018804
2003.0,133.0,0.180137
2003.0,134.0,0.0
2003.0,135.0,0.950327
2003.0,136.0,0.864416
2003.0,137.0,0.579491
2003.0,138.0,0.237312
2003.0,139.0,0.256799
2003.0,140.0,0.918414
2003.0,141.0,0.612819
2003.0,142.0,0.219754
2003.0,143.0,0.594869
2003.0,144.0,1.3e-05
2003.0,145.0,0.133006
2003.0,146.0,0.630798
2003.0,147.0,1.0
2003.0,148.0,0.725712
2003.0,149.0,0.997831
2003.0,150.0,0.47017
2003.0,151.0,0.793981
2003.0,152.0,0.237334
2003.0,153.0,0.677094
2003.0,154.0,0.51988
2003.0,155.0,0.425584
2003.0,156.0,0.436987
2003.0,157.0,1.0
2003.0,158.0,0.459576
2003.0,159.0,0.304101
2003.0,160.0,0.705479
2003.0,161.0,0.915747
2003.0,162.0,0.500048
2003.0,163.0,0.778877
2003.0,164.0,0.092849
2003.0,165.0,0.552877
2003.0,166.0,0.198335
2003.0,167.0,1.0
2003.0,168.0,0.317432
2003.0,169.0,0.668218
2003.0,170.0,0.004818
2003.0,171.0,0.554242
2003.0,172.0,0.255763
2003.0,173.0,0.54883
2003.0,174.0,0.163556
2003.0,175.0,0.358094
2003.0,176.0,0.145323
2003.0,177.0,0.674511
2003.0,178.0,0.626015
2003.0,179.0,0.996315
2003.0,180.0,0.502772
2003.0,181.0,1.0
2003.0,182.0,0.744128
2003.0,183.0,0.367689
2003.0,184.0,0.329068
2003.0,185.0,0.697541
2003.0,186.0,0.276637
2003.0,187.0,0.359201
2003.0,188.0,0.393744
2003.0,189.0,0.870968
2003.0,190.0,0.415459
2003.0,191.0,0.549422
2003.0,192.0,0.864241
2003.0,193.0,0.569473
2003.0,194.0,0.509285
2003.0,195.0,0.81171
2003.0,196.0,0.495237
2003.0,197.0,0.863255
2003.0,198.0,0.033376
2003.0,199.0,0.949964
2003.0,200.0,0.709615
2003.0,201.0,0.155772
2003.0,202.0,0.688942
2003.0,203.0,0.788953
2003.0,204.0,0.456638
2003.0,205.0,0.688385
2003.0,206.0,0.491489
2003.0,207.0,0.67264
2003.0,208.0,0.012555
2003.0,209.0,0.756051
2003.0,210.0,0.994195
2003.0,211.0,0.447436
2003.0,212.0,0.59174
2003.0,213.0,0.453353
2003.0,214.0,0.635865
2003.0,215.0,0.371728
2003.0,216.0,0.012048
2003.0,217.0,0.37635
2003.0,218.0,0.54566
2003.0,219.0,0.710548
2003.0,220.0,0.998333
2003.0,221.0,0.695379
2003.0,222.0,0.506655
2003.0,223.0,0.661743
2003.0,224.0,0.55887
2003.0,225.0,0.957678
2003.0,226.0,1.0
2003.0,227.0,0.417184
2003.0,228.0,0.767183
2003.0,229.0,0.741216
2003.0,230.0,0.593617
2003.0,231.0,0.159432
2003.0,232.0,0.38795
2003.0,233.0,0.301595
2003.0,234.0,0.151999
2003.0,235.0,0.383456
2003.0,236.0,0.525322
2003.0,237.0,0.545208
2003.0,238.0,0.026146
2003.0,239.0,1.0
2003.0,240.0,0.471493
2003.0,241.0,0.271908
2003.0,242.0,0.589293
2003.0,243.0,0.656837
2003.0,244.0,0.258833
2003.0,245.0,0.118627
2003.0,246.0,0.419845
2003.0,247.0,0.373753
2003.0,248.0,0.572765
2003.0,249.0,0.197263
2003.0,250.0,0.297396
2003.0,251.0,0.001631
2003.0,252.0,0.696736
2003.0,253.0,0.658598
2003.0,254.0,0.221901
2003.0,255.0,0.57953
2003.0,256.0,1.0
2003.0,257.0,0.399912
2003.0,258.0,0.756456
2003.0,259.0,0.305002
2003.0,260.0,0.530847
2003.0,261.0,0.437187
2003.0,262.0,0.174463
2003.0,263.0,0.732138
2003.0,264.0,0.074021
2003.0,265.0,0.721292
2003.0,266.0,0.960247
2003.0,267.0,0.062612
2003.0,268.0,0.02802
2003.0,269.0,0.374075
2003.0,270.0,0.442076
2003.0,271.0,0.56186
2003.0,272.0,0.659088
2003.0,273.0,0.367481
2003.0,274.0,0.405472
2003.0,275.0,0.668715
2003.0,276.0,0.810405
2003.0,277.0,0.415837
2003.0,278.0,0.020488
2003.0,279.0,0.406916
2003.0,280.0,0.543301
2003.0,281.0,0.532111
2003.0,282.0,0.70594
2003.0,283.0,0.617174
2003.0,284.0,0.462918
2003.0,285.0,0.624879
2003.0,286.0,0.452835
2003.0,287.0,0.000123
2003.0,288.0,0.293333
2003.0,289.0,0.995205
2003.0,290.0,0.999539
2003.0,291.0,0.678429
2003.0,292.0,0.259542
2003.0,293.0,0.019786
2003.0,294.0,0.0
2003.0,295.0,0.503304
2003.0,296.0,0.781377
2003.0,297.0,0.412965
2003.0,298.0,0.554592
2003.0,299.0,0.801827
2003.0,300.0,0.697102
2003.0,301.0,7.4e-05
2003.0,302.0,0.885255
2003.0,303.0,0.808625
2003.0,304.0,0.563459
2003.0,305.0,0.724332
2003.0,306.0,0.829001
2003.0,307.0,0.455197
2003.0,308.0,0.443467
2003.0,309.0,0.73547
2003.0,310.0,0.850338
2003.0,311.0,0.997092
2003.0,312.0,0.240183
2003.0,313.0,0.685139
2003.0,314.0,0.519476
2003.0,315.0,0.997053
2003.0,316.0,0.648906
2003.0,317.0,0.522179
2003.0,318.0,0.455646
2003.0,319.0,0.004492
2003.0,320.0,0.342913
2003.0,321.0,0.178637
2003.0,322.0,0.247089
2003.0,323.0,0.165281
2003.0,324.0,0.269827
2003.0,325.0,0.0797
2003.0,326.0,0.595285
2003.0,327.0,0.082395
2003.0,328.0,0.0
2003.0,329.0,0.574428
2003.0,330.0,0.550988
2003.0,331.0,0.999898
2003.0,332.0,0.417145
2003.0,333.0,0.225604
2003.0,334.0,0.664309
2004.0,0.0,0.137957
2004.0,1.0,0.861866
2004.0,2.0,0.009018
2004.0,3.0,0.68472
2004.0,4.0,0.003448
2004.0,5.0,0.406809
2004.0,6.0,0.638248
2004.0,7.0,0.394396
2004.0,8.0,0.499291
2004.0,9.0,0.543905
2004.0,10.0,0.001231
2004.0,11.0,0.446621
2004.0,12.0,1.0
2004.0,13.0,0.552365
2004.0,14.0,0.535664
2004.0,15.0,0.341424
2004.0,16.0,0.595057
2004.0,17.0,0.583511
2004.0,18.0,0.0
2004.0,19.0,0.489444
2004.0,20.0,0.568165
2004.0,21.0,0.503055
2004.0,22.0,0.260313
2004.0,23.0,0.546281
2004.0,24.0,0.236633
2004.0,25.0,0.353649
2004.0,26.0,0.713885
2004.0,27.0,0.0
2004.0,28.0,0.421436
2004.0,29.0,0.465814
2004.0,30.0,0.667236
2004.0,31.0,0.490741
2004.0,32.0,0.340917
2004.0,33.0,0.361822
2004.0,34.0,0.822872
2004.0,35.0,0.410923
2004.0,36.0,0.333927
2004.0,37.0,0.397359
2004.0,38.0,0.268666
2004.0,39.0,0.049542
2004.0,40.0,0.87428
2004.0,41.0,0.698547
2004.0,42.0,0.148842
2004.0,43.0,0.604155
2004.0,44.0,0.48149
2004.0,45.0,0.982377
2004.0,46.0,0.600546
2004.0,47.0,0.376831
2004.0,48.0,0.125415
2004.0,49.0,0.758257
2004.0,50.0,0.935176
2004.0,51.0,0.408184
2004.0,52.0,0.968365
2004.0,53.0,0.577144
2004.0,54.0,0.483867
2004.0,55.0,0.690103
2004.0,56.0,0.397458
2004.0,57.0,0.303841
2004.0,58.0,0.999168
2004.0,59.0,0.681242
2004.0,60.0,0.130972
2004.0,61.0,0.851395
2004.0,62.0,0.556308
2004.0,63.0,0.639452
2004.0,64.0,0.012079
2004.0,65.0,0.625815
2004.0,66.0,0.776327
2004.0,67.0,0.341211
2004.0,68.0,0.292042
2004.0,69.0,0.37639
2004.0,70.0,0.091004
2004.0,71.0,0.608014
2004.0,72.0,0.59421
2004.0,73.0,0.174309
2004.0,74.0,0.778163
2004.0,75.0,0.803853
2004.0,76.0,0.477498
2004.0,77.0,0.091776
2004.0,78.0,0.417119
2004.0,79.0,0.025814
2004.0,80.0,0.389656
2004.0,81.0,0.436234
2004.0,82.0,0.530412
2004.0,83.0,0.988821
2004.0,84.0,0.996813
2004.0,85.0,0.216003
2004.0,86.0,0.574531
2004.0,87.0,0.171792
2004.0,88.0,0.621715
2004.0,89.0,0.304164
2004.0,90.0,0.815257
2004.0,91.0,0.0
2004.0,92.0,0.0
2004.0,93.0,0.483161
2004.0,94.0,0.760132
2004.0,95.0,0.657132
2004.0,96.0,0.289132
2004.0,97.0,0.081978
2004.0,98.0,0.919842
2004.0,99.0,0.377545
2004.0,100.0,0.71337
2004.0,101.0,0.479978
2004.0,102.0,0.709079
2004.0,103.0,0.446044
2004.0,104.0,1.0
2004.0,105.0,0.564062
2004.0,106.0,0.809641
2004.0,107.0,0.660825
2004.0,108.0,0.639231
2004.0,109.0,0.32694
2004.0,110.0,0.53904
2004.0,111.0,0.099903
2004.0,112.0,0.674161
2004.0,113.0,0.606283
2004.0,114.0,0.42735
2004.0,115.0,0.882944
2004.0,116.0,0.0
2004.0,117.0,0.511731
2004.0,118.0,0.5793
2004.0,119.0,0.004938
2004.0,120.0,0.559326
2004.0,121.0,0.453068
2004.0,122.0,0.557822
2004.0,123.0,0.980261
2004.0,124.0,0.0
2004.0,125.0,0.332905
2004.0,126.0,0.64991
2004.0,127.0,0.770665
2004.0,128.0,0.923004
2004.0,129.0,0.429545
2004.0,130.0,0.0
2004.0,131.0,0.0
2004.0,132.0,0.018891
2004.0,133.0,0.18683
2004.0,134.0,0.0
2004.0,135.0,0.950878
2004.0,136.0,0.867178
2004.0,137.0,0.579405
2004.0,138.0,0.237546
2004.0,139.0,0.263689
2004.0,140.0,0.9191
2004.0,141.0,0.614763
2004.0,142.0,0.220989
2004.0,143.0,0.597225
2004.0,144.0,1.1e-05
2004.0,145.0,0.133996
2004.0,146.0,0.635322
2004.0,147.0,1.0
2004.0,148.0,0.742704
2004.0,149.0,0.997877
2004.0,150.0,0.483367
2004.0,151.0,0.795273
2004.0,152.0,0.238619
2004.0,153.0,0.682029
2004.0,154.0,0.522021
2004.0,155.0,0.434663
2004.0,156.0,0.458232
2004.0,157.0,1.0
2004.0,158.0,0.48005
2004.0,159.0,0.30531
2004.0,160.0,0.709288
2004.0,161.0,0.916219
2004.0,162.0,0.502405
2004.0,163.0,0.782124
2004.0,164.0,0.093822
2004.0,165.0,0.555041
2004.0,166.0,0.199382
2004.0,167.0,1.0
2004.0,168.0,0.317773
2004.0,169.0,0.674405
2004.0,170.0,0.004925
2004.0,171.0,0.560289
2004.0,172.0,0.257189
2004.0,173.0,0.55416
2004.0,174.0,0.165138
2004.0,175.0,0.360813
2004.0,176.0,0.145154
2004.0,177.0,0.674724
2004.0,178.0,0.630907
2004.0,179.0,0.996453
2004.0,180.0,0.504833
2004.0,181.0,1.0
2004.0,182.0,0.756093
2004.0,183.0,0.372466
2004.0,184.0,0.334459
2004.0,185.0,0.703256
2004.0,186.0,0.278541
2004.0,187.0,0.360722
2004.0,188.0,0.394374
2004.0,189.0,0.876818
2004.0,190.0,0.423756
2004.0,191.0,0.553541
2004.0,192.0,0.866481
2004.0,193.0,0.573168
2004.0,194.0,0.514978
2004.0,195.0,0.813741
2004.0,196.0,0.499507
2004.0,197.0,0.864216
2004.0,198.0,0.034786
2004.0,199.0,0.950124
2004.0,200.0,0.710914
2004.0,201.0,0.15736
2004.0,202.0,0.694574
2004.0,203.0,0.793537
2004.0,204.0,0.45796
2004.0,205.0,0.689346
2004.0,206.0,0.513651
2004.0,207.0,0.68626
2004.0,208.0,0.012436
2004.0,209.0,0.756082
2004.0,210.0,0.994354
2004.0,211.0,0.452388
2004.0,212.0,0.593046
2004.0,213.0,0.454956
2004.0,214.0,0.646498
2004.0,215.0,0.372747
2004.0,216.0,0.01217
2004.0,217.0,0.379737
2004.0,218.0,0.557217
2004.0,219.0,0.717213
2004.0,220.0,0.998365
2004.0,221.0,0.699059
2004.0,222.0,0.53079
2004.0,223.0,0.665626
2004.0,224.0,0.55976
2004.0,225.0,0.958425
2004.0,226.0,1.0
2004.0,227.0,0.418101
2004.0,228.0,0.767971
2004.0,229.0,0.742305
2004.0,230.0,0.595636
2004.0,231.0,0.159756
2004.0,232.0,0.390826
2004.0,233.0,0.301318
2004.0,234.0,0.154666
2004.0,235.0,0.38612
2004.0,236.0,0.528225
2004.0,237.0,0.547409
2004.0,238.0,0.026127
2004.0,239.0,1.0
2004.0,240.0,0.475014
2004.0,241.0,0.272316
2004.0,242.0,0.590516
2004.0,243.0,0.662171
2004.0,244.0,0.262739
2004.0,245.0,0.122036
2004.0,246.0,0.420437
2004.0,247.0,0.375038
2004.0,248.0,0.578242
2004.0,249.0,0.203633
2004.0,250.0,0.302669
2004.0,251.0,0.00159
2004.0,252.0,0.693607
2004.0,253.0,0.658175
2004.0,254.0,0.235633
2004.0,255.0,0.580589
2004.0,256.0,1.0
2004.0,257.0,0.399647
2004.0,258.0,0.756446
2004.0,259.0,0.308321
2004.0,260.0,0.53113
2004.0,261.0,0.437761
2004.0,262.0,0.176619
2004.0,263.0,0.732885
2004.0,264.0,0.074197
2004.0,265.0,0.72287
2004.0,266.0,0.960624
2004.0,267.0,0.063261
2004.0,268.0,0.028504
2004.0,269.0,0.377362
2004.0,270.0,0.443226
2004.0,271.0,0.570083
2004.0,272.0,0.660107
2004.0,273.0,0.369281
2004.0,274.0,0.40833
2004.0,275.0,0.679738
2004.0,276.0,0.827926
2004.0,277.0,0.416747
2004.0,278.0,0.020642
2004.0,279.0,0.409484
2004.0,280.0,0.54704
2004.0,281.0,0.534752
2004.0,282.0,0.71223
2004.0,283.0,0.62636
2004.0,284.0,0.470021
2004.0,285.0,0.625796
2004.0,286.0,0.459568
2004.0,287.0,9.7e-05
2004.0,288.0,0.298216
2004.0,289.0,0.995185
2004.0,290.0,0.999548
2004.0,291.0,0.679625
2004.0,292.0,0.262212
2004.0,293.0,0.020692
2004.0,294.0,0.0
2004.0,295.0,0.508293
2004.0,296.0,0.783468
2004.0,297.0,0.414328
2004.0,298.0,0.555693
2004.0,299.0,0.802669
2004.0,300.0,0.702601
2004.0,301.0,7.3e-05
2004.0,302.0,0.887987
2004.0,303.0,0.81252
2004.0,304.0,0.563496
2004.0,305.0,0.730617
2004.0,306.0,0.830576
2004.0,307.0,0.463564
2004.0,308.0,0.447121
2004.0,309.0,0.739143
2004.0,310.0,0.850644
2004.0,311.0,0.997207
2004.0,312.0,0.245581
2004.0,313.0,0.686708
2004.0,314.0,0.520735
2004.0,315.0,0.997224
2004.0,316.0,0.64936
2004.0,317.0,0.524147
2004.0,318.0,0.457179
2004.0,319.0,0.004577
2004.0,320.0,0.351532
2004.0,321.0,0.180424
2004.0,322.0,0.250471
2004.0,323.0,0.168115
2004.0,324.0,0.269907
2004.0,325.0,0.079452
2004.0,326.0,0.600433
2004.0,327.0,0.083015
2004.0,328.0,0.0
2004.0,329.0,0.614293
2004.0,330.0,0.551193
2004.0,331.0,0.999916
2004.0,332.0,0.417411
2004.0,333.0,0.22703
2004.0,334.0,0.664662
2005.0,0.0,0.138954
2005.0,1.0,0.862368
2005.0,2.0,0.009173
2005.0,3.0,0.691686
2005.0,4.0,0.003606
2005.0,5.0,0.408927
2005.0,6.0,0.641753
2005.0,7.0,0.399054
2005.0,8.0,0.504967
2005.0,9.0,0.548431
2005.0,10.0,0.001248
2005.0,11.0,0.454797
2005.0,12.0,1.0
2005.0,13.0,0.55895
2005.0,14.0,0.543485
2005.0,15.0,0.344985
2005.0,16.0,0.598116
2005.0,17.0,0.587503
2005.0,18.0,0.0
2005.0,19.0,0.490124
2005.0,20.0,0.569397
2005.0,21.0,0.507219
2005.0,22.0,0.261923
2005.0,23.0,0.549335
2005.0,24.0,0.242737
2005.0,25.0,0.359274
2005.0,26.0,0.726036
2005.0,27.0,0.0
2005.0,28.0,0.42538
2005.0,29.0,0.475653
2005.0,30.0,0.668833
2005.0,31.0,0.492609
2005.0,32.0,0.343211
2005.0,33.0,0.365182
2005.0,34.0,0.823861
2005.0,35.0,0.423552
2005.0,36.0,0.3349
2005.0,37.0,0.398278
2005.0,38.0,0.269191
2005.0,39.0,0.049697
2005.0,40.0,0.875963
2005.0,41.0,0.70023
2005.0,42.0,0.150971
2005.0,43.0,0.606839
2005.0,44.0,0.485822
2005.0,45.0,0.982211
2005.0,46.0,0.602979
2005.0,47.0,0.379719
2005.0,48.0,0.126879
2005.0,49.0,0.759714
2005.0,50.0,0.935729
2005.0,51.0,0.412995
2005.0,52.0,0.968588
2005.0,53.0,0.578397
2005.0,54.0,0.492214
2005.0,55.0,0.691053
2005.0,56.0,0.402894
2005.0,57.0,0.306662
2005.0,58.0,0.999162
2005.0,59.0,0.683207
2005.0,60.0,0.132227
2005.0,61.0,0.852575
2005.0,62.0,0.563684
2005.0,63.0,0.641781
2005.0,64.0,0.012204
2005.0,65.0,0.631438
2005.0,66.0,0.778851
2005.0,67.0,0.345755
2005.0,68.0,0.301083
2005.0,69.0,0.380034
2005.0,70.0,0.091195
2005.0,71.0,0.609502
2005.0,72.0,0.593824
2005.0,73.0,0.174475
2005.0,74.0,0.782833
2005.0,75.0,0.811526
2005.0,76.0,0.482656
2005.0,77.0,0.092201
2005.0,78.0,0.421605
2005.0,79.0,0.025856
2005.0,80.0,0.397899
2005.0,81.0,0.439455
2005.0,82.0,0.53202
2005.0,83.0,0.98888
2005.0,84.0,0.996941
2005.0,85.0,0.21763
2005.0,86.0,0.575335
2005.0,87.0,0.172297
2005.0,88.0,0.624611
2005.0,89.0,0.303888
2005.0,90.0,0.816378
2005.0,91.0,0.0
2005.0,92.0,0.0
2005.0,93.0,0.48519
2005.0,94.0,0.760649
2005.0,95.0,0.659951
2005.0,96.0,0.296915
2005.0,97.0,0.083921
2005.0,98.0,0.920734
2005.0,99.0,0.380702
2005.0,100.0,0.714397
2005.0,101.0,0.488947
2005.0,102.0,0.711102
2005.0,103.0,0.453049
2005.0,104.0,1.0
2005.0,105.0,0.5675
2005.0,106.0,0.816705
2005.0,107.0,0.664293
2005.0,108.0,0.643572
2005.0,109.0,0.326263
2005.0,110.0,0.552036
2005.0,111.0,0.101209
2005.0,112.0,0.67862
2005.0,113.0,0.667178
2005.0,114.0,0.431953
2005.0,115.0,0.88354
2005.0,116.0,0.0
2005.0,117.0,0.520884
2005.0,118.0,0.580387
2005.0,119.0,0.005018
2005.0,120.0,0.564221
2005.0,121.0,0.45537
2005.0,122.0,0.559556
2005.0,123.0,0.980395
2005.0,124.0,0.0
2005.0,125.0,0.346424
2005.0,126.0,0.65172
2005.0,127.0,0.783354
2005.0,128.0,0.92312
2005.0,129.0,0.430485
2005.0,130.0,0.0
2005.0,131.0,0.0
2005.0,132.0,0.018938
2005.0,133.0,0.193262
2005.0,134.0,0.0
2005.0,135.0,0.951312
2005.0,136.0,0.871085
2005.0,137.0,0.578813
2005.0,138.0,0.237165
2005.0,139.0,0.269968
2005.0,140.0,0.920013
2005.0,141.0,0.616831
2005.0,142.0,0.222753
2005.0,143.0,0.599734
2005.0,144.0,8.0e-06
2005.0,145.0,0.135014
2005.0,146.0,0.639277
2005.0,147.0,1.0
2005.0,148.0,0.760016
2005.0,149.0,0.997798
2005.0,150.0,0.496871
2005.0,151.0,0.794901
2005.0,152.0,0.240402
2005.0,153.0,0.686541
2005.0,154.0,0.525101
2005.0,155.0,0.44305
2005.0,156.0,0.478549
2005.0,157.0,1.0
2005.0,158.0,0.499535
2005.0,159.0,0.307193
2005.0,160.0,0.713985
2005.0,161.0,0.916524
2005.0,162.0,0.505005
2005.0,163.0,0.784715
2005.0,164.0,0.09457
2005.0,165.0,0.55707
2005.0,166.0,0.199746
2005.0,167.0,1.0
2005.0,168.0,0.3178
2005.0,169.0,0.680643
2005.0,170.0,0.004967
2005.0,171.0,0.566511
2005.0,172.0,0.259168
2005.0,173.0,0.559414
2005.0,174.0,0.167805
2005.0,175.0,0.362856
2005.0,176.0,0.145601
2005.0,177.0,0.675151
2005.0,178.0,0.63548
2005.0,179.0,0.99654
2005.0,180.0,0.506277
2005.0,181.0,1.0
2005.0,182.0,0.767793
2005.0,183.0,0.377411
2005.0,184.0,0.339826
2005.0,185.0,0.709006
2005.0,186.0,0.280224
2005.0,187.0,0.362135
2005.0,188.0,0.394829
2005.0,189.0,0.882933
2005.0,190.0,0.431552
2005.0,191.0,0.558068
2005.0,192.0,0.867825
2005.0,193.0,0.576489
2005.0,194.0,0.520811
2005.0,195.0,0.816141
2005.0,196.0,0.50426
2005.0,197.0,0.865664
2005.0,198.0,0.035895
2005.0,199.0,0.950042
2005.0,200.0,0.712085
2005.0,201.0,0.159425
2005.0,202.0,0.700051
2005.0,203.0,0.79744
2005.0,204.0,0.458881
2005.0,205.0,0.691249
2005.0,206.0,0.535302
2005.0,207.0,0.700512
2005.0,208.0,0.012488
2005.0,209.0,0.756961
2005.0,210.0,0.994441
2005.0,211.0,0.455997
2005.0,212.0,0.59394
2005.0,213.0,0.457514
2005.0,214.0,0.657942
2005.0,215.0,0.374156
2005.0,216.0,0.012401
2005.0,217.0,0.384277
2005.0,218.0,0.568765
2005.0,219.0,0.722491
2005.0,220.0,0.998403
2005.0,221.0,0.703661
2005.0,222.0,0.554991
2005.0,223.0,0.669604
2005.0,224.0,0.561349
2005.0,225.0,0.958782
2005.0,226.0,1.0
2005.0,227.0,0.419825
2005.0,228.0,0.769045
2005.0,229.0,0.742198
2005.0,230.0,0.598155
2005.0,231.0,0.16026
2005.0,232.0,0.394208
2005.0,233.0,0.301567
2005.0,234.0,0.157058
2005.0,235.0,0.387882
2005.0,236.0,0.530537
2005.0,237.0,0.549199
2005.0,238.0,0.025992
2005.0,239.0,1.0
2005.0,240.0,0.47811
2005.0,241.0,0.273175
2005.0,242.0,0.591539
2005.0,243.0,0.666541
2005.0,244.0,0.267289
2005.0,245.0,0.125314
2005.0,246.0,0.420895
2005.0,247.0,0.377473
2005.0,248.0,0.583483
2005.0,249.0,0.209972
2005.0,250.0,0.307933
2005.0,251.0,0.001602
2005.0,252.0,0.68991
2005.0,253.0,0.659323
2005.0,254.0,0.249047
2005.0,255.0,0.581625
2005.0,256.0,1.0
2005.0,257.0,0.400621
2005.0,258.0,0.757816
2005.0,259.0,0.31113
2005.0,260.0,0.531874
2005.0,261.0,0.437968
2005.0,262.0,0.179452
2005.0,263.0,0.733564
2005.0,264.0,0.073937
2005.0,265.0,0.723459
2005.0,266.0,0.960962
2005.0,267.0,0.063627
2005.0,268.0,0.029039
2005.0,269.0,0.38009
2005.0,270.0,0.44446
2005.0,271.0,0.577966
2005.0,272.0,0.66024
2005.0,273.0,0.371136
2005.0,274.0,0.410622
2005.0,275.0,0.689467
2005.0,276.0,0.843082
2005.0,277.0,0.419279
2005.0,278.0,0.021061
2005.0,279.0,0.411612
2005.0,280.0,0.551
2005.0,281.0,0.537583
2005.0,282.0,0.718383
2005.0,283.0,0.634385
2005.0,284.0,0.476501
2005.0,285.0,0.626742
2005.0,286.0,0.46528
2005.0,287.0,0.000131
2005.0,288.0,0.303365
2005.0,289.0,0.995266
2005.0,290.0,0.999541
2005.0,291.0,0.68053
2005.0,292.0,0.265015
2005.0,293.0,0.021876
2005.0,294.0,0.0
2005.0,295.0,0.513384
2005.0,296.0,0.785436
2005.0,297.0,0.415318
2005.0,298.0,0.556271
2005.0,299.0,0.803551
2005.0,300.0,0.708224
2005.0,301.0,7.8e-05
2005.0,302.0,0.890609
2005.0,303.0,0.816645
2005.0,304.0,0.563388
2005.0,305.0,0.736147
2005.0,306.0,0.831549
2005.0,307.0,0.471828
2005.0,308.0,0.45043
2005.0,309.0,0.743024
2005.0,310.0,0.851561
2005.0,311.0,0.997282
2005.0,312.0,0.250909
2005.0,313.0,0.688586
2005.0,314.0,0.522464
2005.0,315.0,0.997368
2005.0,316.0,0.649807
2005.0,317.0,0.526417
2005.0,318.0,0.459007
2005.0,319.0,0.004592
2005.0,320.0,0.360002
2005.0,321.0,0.182298
2005.0,322.0,0.253015
2005.0,323.0,0.170908
2005.0,324.0,0.271019
2005.0,325.0,0.079736
2005.0,326.0,0.606278
2005.0,327.0,0.083296
2005.0,328.0,0.0
2005.0,329.0,0.653084
2005.0,330.0,0.55142
2005.0,331.0,0.999901
2005.0,332.0,0.418049
2005.0,333.0,0.22859
2005.0,334.0,0.666134
2006.0,0.0,0.138157
2006.0,1.0,0.861385
2006.0,2.0,0.009043
2006.0,3.0,0.684533
2006.0,4.0,0.003561
2006.0,5.0,0.408161
2006.0,6.0,0.638508
2006.0,7.0,0.393521
2006.0,8.0,0.499779
2006.0,9.0,0.543333
2006.0,10.0,0.00123
2006.0,11.0,0.445279
2006.0,12.0,1.0
2006.0,13.0,0.55262
2006.0,14.0,0.533243
2006.0,15.0,0.342252
2006.0,16.0,0.594981
2006.0,17.0,0.583572
2006.0,18.0,0.0
2006.0,19.0,0.487739
2006.0,20.0,0.567772
2006.0,21.0,0.504695
2006.0,22.0,0.261155
2006.0,23.0,0.546676
2006.0,24.0,0.236102
2006.0,25.0,0.354164
2006.0,26.0,0.712129
2006.0,27.0,0.0
2006.0,28.0,0.420752
2006.0,29.0,0.465058
2006.0,30.0,0.666556
2006.0,31.0,0.489404
2006.0,32.0,0.339714
2006.0,33.0,0.362485
2006.0,34.0,0.82263
2006.0,35.0,0.409838
2006.0,36.0,0.332545
2006.0,37.0,0.397821
2006.0,38.0,0.267866
2006.0,39.0,0.049193
2006.0,40.0,0.873969
2006.0,41.0,0.69732
2006.0,42.0,0.148875
2006.0,43.0,0.604874
2006.0,44.0,0.481377
2006.0,45.0,0.982047
2006.0,46.0,0.601026
2006.0,47.0,0.376643
2006.0,48.0,0.126541
2006.0,49.0,0.758848
2006.0,50.0,0.935605
2006.0,51.0,0.407978
2006.0,52.0,0.968431
2006.0,53.0,0.577988
2006.0,54.0,0.481874
2006.0,55.0,0.688978
2006.0,56.0,0.396544
2006.0,57.0,0.304176
2006.0,58.0,0.99924
2006.0,59.0,0.68171
2006.0,60.0,0.13092
2006.0,61.0,0.851994
2006.0,62.0,0.555673
2006.0,63.0,0.638239
2006.0,64.0,0.011995
2006.0,65.0,0.626013
2006.0,66.0,0.774341
2006.0,67.0,0.341318
2006.0,68.0,0.29162
2006.0,69.0,0.376005
2006.0,70.0,0.090632
2006.0,71.0,0.607786
2006.0,72.0,0.592811
2006.0,73.0,0.174516
2006.0,74.0,0.776962
2006.0,75.0,0.803406
2006.0,76.0,0.477527
2006.0,77.0,0.091462
2006.0,78.0,0.416071
2006.0,79.0,0.025769
2006.0,80.0,0.389423
2006.0,81.0,0.43591
2006.0,82.0,0.530088
2006.0,83.0,0.988755
2006.0,84.0,0.996787
2006.0,85.0,0.215692
2006.0,86.0,0.574117
2006.0,87.0,0.171805
2006.0,88.0,0.622263
2006.0,89.0,0.303715
2006.0,90.0,0.815104
2006.0,91.0,0.0
2006.0,92.0,0.0
2006.0,93.0,0.483352
2006.0,94.0,0.759173
2006.0,95.0,0.655041
2006.0,96.0,0.288552
2006.0,97.0,0.082082
2006.0,98.0,0.920469
2006.0,99.0,0.376625
2006.0,100.0,0.712632
2006.0,101.0,0.480057
2006.0,102.0,0.709114
2006.0,103.0,0.444527
2006.0,104.0,1.0
2006.0,105.0,0.564452
2006.0,106.0,0.809537
2006.0,107.0,0.6616
2006.0,108.0,0.639239
2006.0,109.0,0.325095
2006.0,110.0,0.538074
2006.0,111.0,0.099209
2006.0,112.0,0.673794
2006.0,113.0,0.600854
2006.0,114.0,0.426625
2006.0,115.0,0.88259
2006.0,116.0,0.0
2006.0,117.0,0.510429
2006.0,118.0,0.579404
2006.0,119.0,0.004976
2006.0,120.0,0.560053
2006.0,121.0,0.454065
2006.0,122.0,0.557442
2006.0,123.0,0.979882
2006.0,124.0,0.0
2006.0,125.0,0.330859
2006.0,126.0,0.649914
2006.0,127.0,0.769322
2006.0,128.0,0.923059
2006.0,129.0,0.429121
2006.0,130.0,0.0
2006.0,131.0,0.0
2006.0,132.0,0.019063
2006.0,133.0,0.186357
2006.0,134.0,0.0
2006.0,135.0,0.950462
2006.0,136.0,0.868091
2006.0,137.0,0.579263
2006.0,138.0,0.236603
2006.0,139.0,0.262341
2006.0,140.0,0.91933
2006.0,141.0,0.613269
2006.0,142.0,0.220449
2006.0,143.0,0.598165
2006.0,144.0,8.0e-06
2006.0,145.0,0.134576
2006.0,146.0,0.634873
2006.0,147.0,1.0
2006.0,148.0,0.741107
2006.0,149.0,0.997742
2006.0,150.0,0.482302
2006.0,151.0,0.79467
2006.0,152.0,0.237947
2006.0,153.0,0.6816
2006.0,154.0,0.522463
2006.0,155.0,0.432568
2006.0,156.0,0.455252
2006.0,157.0,1.0
2006.0,158.0,0.477684
2006.0,159.0,0.305103
2006.0,160.0,0.709368
2006.0,161.0,0.915768
2006.0,162.0,0.502015
2006.0,163.0,0.781722
2006.0,164.0,0.092814
2006.0,165.0,0.555682
2006.0,166.0,0.199516
2006.0,167.0,1.0
2006.0,168.0,0.317591
2006.0,169.0,0.673015
2006.0,170.0,0.00493
2006.0,171.0,0.560295
2006.0,172.0,0.256767
2006.0,173.0,0.553568
2006.0,174.0,0.165453
2006.0,175.0,0.360673
2006.0,176.0,0.145687
2006.0,177.0,0.675304
2006.0,178.0,0.629594
2006.0,179.0,0.996424
2006.0,180.0,0.504436
2006.0,181.0,1.0
2006.0,182.0,0.755304
2006.0,183.0,0.373002
2006.0,184.0,0.334624
2006.0,185.0,0.702971
2006.0,186.0,0.278051
2006.0,187.0,0.360816
2006.0,188.0,0.394624
2006.0,189.0,0.876953
2006.0,190.0,0.42265
2006.0,191.0,0.552316
2006.0,192.0,0.867906
2006.0,193.0,0.572282
2006.0,194.0,0.515249
2006.0,195.0,0.814059
2006.0,196.0,0.499161
2006.0,197.0,0.864199
2006.0,198.0,0.03467
2006.0,199.0,0.949762
2006.0,200.0,0.710677
2006.0,201.0,0.158651
2006.0,202.0,0.693984
2006.0,203.0,0.793293
2006.0,204.0,0.458593
2006.0,205.0,0.68956
2006.0,206.0,0.509041
2006.0,207.0,0.685472
2006.0,208.0,0.012308
2006.0,209.0,0.75769
2006.0,210.0,0.994335
2006.0,211.0,0.452077
2006.0,212.0,0.592748
2006.0,213.0,0.455434
2006.0,214.0,0.64591
2006.0,215.0,0.372099
2006.0,216.0,0.012213
2006.0,217.0,0.381042
2006.0,218.0,0.556233
2006.0,219.0,0.715311
2006.0,220.0,0.998453
2006.0,221.0,0.699363
2006.0,222.0,0.527259
2006.0,223.0,0.666222
2006.0,224.0,0.559137
2006.0,225.0,0.957968
2006.0,226.0,1.0
2006.0,227.0,0.419393
2006.0,228.0,0.768776
2006.0,229.0,0.742037
2006.0,230.0,0.596984
2006.0,231.0,0.159357
2006.0,232.0,0.391058
2006.0,233.0,0.300904
2006.0,234.0,0.154833
2006.0,235.0,0.385923
2006.0,236.0,0.527416
2006.0,237.0,0.547043
2006.0,238.0,0.026027
2006.0,239.0,1.0
2006.0,240.0,0.47477
2006.0,241.0,0.271703
2006.0,242.0,0.590237
2006.0,243.0,0.661382
2006.0,244.0,0.262669
2006.0,245.0,0.122196
2006.0,246.0,0.420132
2006.0,247.0,0.375124
2006.0,248.0,0.579547
2006.0,249.0,0.203511
2006.0,250.0,0.302094
2006.0,251.0,0.001538
2006.0,252.0,0.692342
2006.0,253.0,0.658473
2006.0,254.0,0.23404
2006.0,255.0,0.580921
2006.0,256.0,1.0
2006.0,257.0,0.398778
2006.0,258.0,0.75721
2006.0,259.0,0.307101
2006.0,260.0,0.531044
2006.0,261.0,0.436831
2006.0,262.0,0.177543
2006.0,263.0,0.732636
2006.0,264.0,0.073758
2006.0,265.0,0.721977
2006.0,266.0,0.96043
2006.0,267.0,0.062926
2006.0,268.0,0.028423
2006.0,269.0,0.376101
2006.0,270.0,0.443117
2006.0,271.0,0.569201
2006.0,272.0,0.660152
2006.0,273.0,0.368441
2006.0,274.0,0.408269
2006.0,275.0,0.677586
2006.0,276.0,0.826566
2006.0,277.0,0.417661
2006.0,278.0,0.020901
2006.0,279.0,0.407887
2006.0,280.0,0.547269
2006.0,281.0,0.534825
2006.0,282.0,0.713011
2006.0,283.0,0.624974
2006.0,284.0,0.46904
2006.0,285.0,0.62656
2006.0,286.0,0.458066
2006.0,287.0,0.000137
2006.0,288.0,0.297238
2006.0,289.0,0.995223
2006.0,290.0,0.999532
2006.0,291.0,0.679657
2006.0,292.0,0.261987
2006.0,293.0,0.020949
2006.0,294.0,0.0
2006.0,295.0,0.507967
2006.0,296.0,0.782765
2006.0,297.0,0.414385
2006.0,298.0,0.555216
2006.0,299.0,0.803436
2006.0,300.0,0.702107
2006.0,301.0,7.6e-05
2006.0,302.0,0.888694
2006.0,303.0,0.812909
2006.0,304.0,0.563516
2006.0,305.0,0.730173
2006.0,306.0,0.829879
2006.0,307.0,0.461455
2006.0,308.0,0.447252
2006.0,309.0,0.738911
2006.0,310.0,0.851823
2006.0,311.0,0.997095
2006.0,312.0,0.244761
2006.0,313.0,0.686316
2006.0,314.0,0.520472
2006.0,315.0,0.997254
2006.0,316.0,0.649083
2006.0,317.0,0.524566
2006.0,318.0,0.456832
2006.0,319.0,0.004349
2006.0,320.0,0.349552
2006.0,321.0,0.1805
2006.0,322.0,0.250126
2006.0,323.0,0.168735
2006.0,324.0,0.269271
2006.0,325.0,0.079731
2006.0,326.0,0.599912
2006.0,327.0,0.082491
2006.0,328.0,0.0
2006.0,329.0,0.606746
2006.0,330.0,0.550509
2006.0,331.0,0.999911
2006.0,332.0,0.416485
2006.0,333.0,0.227353
2006.0,334.0,0.664789
2007.0,0.0,0.137375
2007.0,1.0,0.860616
2007.0,2.0,0.009002
2007.0,3.0,0.677637
2007.0,4.0,0.003468
2007.0,5.0,0.406921
2007.0,6.0,0.635969
2007.0,7.0,0.388032
2007.0,8.0,0.494281
2007.0,9.0,0.538564
2007.0,10.0,0.001192
2007.0,11.0,0.436124
2007.0,12.0,1.0
2007.0,13.0,0.546287
2007.0,14.0,0.524633
2007.0,15.0,0.339347
2007.0,16.0,0.59073
2007.0,17.0,0.578949
2007.0,18.0,0.0
2007.0,19.0,0.4871
2007.0,20.0,0.565784
2007.0,21.0,0.501861
2007.0,22.0,0.25892
2007.0,23.0,0.542988
2007.0,24.0,0.230011
2007.0,25.0,0.349765
2007.0,26.0,0.698169
2007.0,27.0,0.0
2007.0,28.0,0.416606
2007.0,29.0,0.454053
2007.0,30.0,0.665123
2007.0,31.0,0.487178
2007.0,32.0,0.335734
2007.0,33.0,0.360646
2007.0,34.0,0.821318
2007.0,35.0,0.396301
2007.0,36.0,0.331409
2007.0,37.0,0.397992
2007.0,38.0,0.267155
2007.0,39.0,0.048652
2007.0,40.0,0.871839
2007.0,41.0,0.694862
2007.0,42.0,0.147074
2007.0,43.0,0.602457
2007.0,44.0,0.476477
2007.0,45.0,0.982039
2007.0,46.0,0.598628
2007.0,47.0,0.373227
2007.0,48.0,0.125454
2007.0,49.0,0.757045
2007.0,50.0,0.934885
2007.0,51.0,0.402645
2007.0,52.0,0.968512
2007.0,53.0,0.577757
2007.0,54.0,0.472176
2007.0,55.0,0.687172
2007.0,56.0,0.390483
2007.0,57.0,0.30232
2007.0,58.0,0.999234
2007.0,59.0,0.680852
2007.0,60.0,0.130411
2007.0,61.0,0.850847
2007.0,62.0,0.548468
2007.0,63.0,0.63571
2007.0,64.0,0.011987
2007.0,65.0,0.620173
2007.0,66.0,0.769641
2007.0,67.0,0.337196
2007.0,68.0,0.282771
2007.0,69.0,0.371762
2007.0,70.0,0.089561
2007.0,71.0,0.606657
2007.0,72.0,0.591238
2007.0,73.0,0.174211
2007.0,74.0,0.770649
2007.0,75.0,0.794748
2007.0,76.0,0.471972
2007.0,77.0,0.090422
2007.0,78.0,0.41136
2007.0,79.0,0.025312
2007.0,80.0,0.381022
2007.0,81.0,0.432974
2007.0,82.0,0.528528
2007.0,83.0,0.988683
2007.0,84.0,0.996744
2007.0,85.0,0.213646
2007.0,86.0,0.574166
2007.0,87.0,0.171346
2007.0,88.0,0.621256
2007.0,89.0,0.304311
2007.0,90.0,0.814878
2007.0,91.0,0.0
2007.0,92.0,0.0
2007.0,93.0,0.482058
2007.0,94.0,0.758166
2007.0,95.0,0.651586
2007.0,96.0,0.280806
2007.0,97.0,0.080566
2007.0,98.0,0.920135
2007.0,99.0,0.37311
2007.0,100.0,0.711412
2007.0,101.0,0.470324
2007.0,102.0,0.706152
2007.0,103.0,0.435935
2007.0,104.0,1.0
2007.0,105.0,0.561678
2007.0,106.0,0.802347
2007.0,107.0,0.658887
2007.0,108.0,0.6354
2007.0,109.0,0.323628
2007.0,110.0,0.525116
2007.0,111.0,0.097376
2007.0,112.0,0.670298
2007.0,113.0,0.53045
2007.0,114.0,0.422649
2007.0,115.0,0.881927
2007.0,116.0,0.0
2007.0,117.0,0.500289
2007.0,118.0,0.578839
2007.0,119.0,0.004998
2007.0,120.0,0.555887
2007.0,121.0,0.452784
2007.0,122.0,0.555683
2007.0,123.0,0.979489
2007.0,124.0,0.0
2007.0,125.0,0.316303
2007.0,126.0,0.647606
2007.0,127.0,0.754198
2007.0,128.0,0.922062
2007.0,129.0,0.428061
2007.0,130.0,0.0
2007.0,131.0,0.0
2007.0,132.0,0.018939
2007.0,133.0,0.179693
2007.0,134.0,0.0
2007.0,135.0,0.950061
2007.0,136.0,0.864954
2007.0,137.0,0.579511
2007.0,138.0,0.236625
2007.0,139.0,0.254729
2007.0,140.0,0.918346
2007.0,141.0,0.610675
2007.0,142.0,0.219652
2007.0,143.0,0.59628
2007.0,144.0,7.0e-06
2007.0,145.0,0.133397
2007.0,146.0,0.630321
2007.0,147.0,1.0
2007.0,148.0,0.72241
2007.0,149.0,0.997655
2007.0,150.0,0.46891
2007.0,151.0,0.79377
2007.0,152.0,0.236506
2007.0,153.0,0.676759
2007.0,154.0,0.519047
2007.0,155.0,0.423427
2007.0,156.0,0.432646
2007.0,157.0,1.0
2007.0,158.0,0.455973
2007.0,159.0,0.303233
2007.0,160.0,0.705006
2007.0,161.0,0.915711
2007.0,162.0,0.49911
2007.0,163.0,0.779158
2007.0,164.0,0.091884
2007.0,165.0,0.553804
2007.0,166.0,0.199617
2007.0,167.0,1.0
2007.0,168.0,0.316386
2007.0,169.0,0.665856
2007.0,170.0,0.004821
2007.0,171.0,0.55441
2007.0,172.0,0.255716
2007.0,173.0,0.54694
2007.0,174.0,0.163424
2007.0,175.0,0.357565
2007.0,176.0,0.145246
2007.0,177.0,0.675709
2007.0,178.0,0.623515
2007.0,179.0,0.996387
2007.0,180.0,0.502172
2007.0,181.0,1.0
2007.0,182.0,0.741883
2007.0,183.0,0.368327
2007.0,184.0,0.328962
2007.0,185.0,0.697606
2007.0,186.0,0.276321
2007.0,187.0,0.360207
2007.0,188.0,0.394706
2007.0,189.0,0.870646
2007.0,190.0,0.41508
2007.0,191.0,0.546844
2007.0,192.0,0.867002
2007.0,193.0,0.568617
2007.0,194.0,0.509253
2007.0,195.0,0.81274
2007.0,196.0,0.493854
2007.0,197.0,0.862246
2007.0,198.0,0.033806
2007.0,199.0,0.94977
2007.0,200.0,0.709583
2007.0,201.0,0.156828
2007.0,202.0,0.687484
2007.0,203.0,0.78833
2007.0,204.0,0.457955
2007.0,205.0,0.688124
2007.0,206.0,0.48454
2007.0,207.0,0.670515
2007.0,208.0,0.012212
2007.0,209.0,0.757953
2007.0,210.0,0.994237
2007.0,211.0,0.448566
2007.0,212.0,0.591051
2007.0,213.0,0.451908
2007.0,214.0,0.633645
2007.0,215.0,0.370282
2007.0,216.0,0.011976
2007.0,217.0,0.377388
2007.0,218.0,0.544446
2007.0,219.0,0.7089
2007.0,220.0,0.99844
2007.0,221.0,0.695302
2007.0,222.0,0.501693
2007.0,223.0,0.662312
2007.0,224.0,0.557545
2007.0,225.0,0.957401
2007.0,226.0,1.0
2007.0,227.0,0.417929
2007.0,228.0,0.768108
2007.0,229.0,0.741771
2007.0,230.0,0.595442
2007.0,231.0,0.158569
2007.0,232.0,0.388221
2007.0,233.0,0.30048
2007.0,234.0,0.152829
2007.0,235.0,0.384348
2007.0,236.0,0.525265
2007.0,237.0,0.545173
2007.0,238.0,0.026091
2007.0,239.0,1.0
2007.0,240.0,0.47108
2007.0,241.0,0.269987
2007.0,242.0,0.589045
2007.0,243.0,0.656713
2007.0,244.0,0.259064
2007.0,245.0,0.118255
2007.0,246.0,0.420534
2007.0,247.0,0.372726
2007.0,248.0,0.574593
2007.0,249.0,0.19713
2007.0,250.0,0.296462
2007.0,251.0,0.001491
2007.0,252.0,0.695068
2007.0,253.0,0.657146
2007.0,254.0,0.219458
2007.0,255.0,0.58065
2007.0,256.0,1.0
2007.0,257.0,0.397215
2007.0,258.0,0.756358
2007.0,259.0,0.305103
2007.0,260.0,0.530809
2007.0,261.0,0.435524
2007.0,262.0,0.175534
2007.0,263.0,0.73184
2007.0,264.0,0.073633
2007.0,265.0,0.721461
2007.0,266.0,0.959389
2007.0,267.0,0.061946
2007.0,268.0,0.027395
2007.0,269.0,0.37307
2007.0,270.0,0.441609
2007.0,271.0,0.560816
2007.0,272.0,0.659788
2007.0,273.0,0.366375
2007.0,274.0,0.404733
2007.0,275.0,0.665964
2007.0,276.0,0.808788
2007.0,277.0,0.415135
2007.0,278.0,0.02063
2007.0,279.0,0.405336
2007.0,280.0,0.543007
2007.0,281.0,0.531379
2007.0,282.0,0.706901
2007.0,283.0,0.616225
2007.0,284.0,0.462145
2007.0,285.0,0.625787
2007.0,286.0,0.451359
2007.0,287.0,0.000141
2007.0,288.0,0.292144
2007.0,289.0,0.995285
2007.0,290.0,0.999497
2007.0,291.0,0.678733
2007.0,292.0,0.259862
2007.0,293.0,0.019793
2007.0,294.0,0.0
2007.0,295.0,0.503773
2007.0,296.0,0.780958
2007.0,297.0,0.412471
2007.0,298.0,0.554652
2007.0,299.0,0.803461
2007.0,300.0,0.695815
2007.0,301.0,7.5e-05
2007.0,302.0,0.886412
2007.0,303.0,0.809438
2007.0,304.0,0.563638
2007.0,305.0,0.724155
2007.0,306.0,0.828687
2007.0,307.0,0.452665
2007.0,308.0,0.443647
2007.0,309.0,0.735946
2007.0,310.0,0.851178
2007.0,311.0,0.996872
2007.0,312.0,0.238497
2007.0,313.0,0.683965
2007.0,314.0,0.519189
2007.0,315.0,0.997236
2007.0,316.0,0.64794
2007.0,317.0,0.520683
2007.0,318.0,0.454766
2007.0,319.0,0.004169
2007.0,320.0,0.340846
2007.0,321.0,0.177519
2007.0,322.0,0.246942
2007.0,323.0,0.166589
2007.0,324.0,0.269194
2007.0,325.0,0.079415
2007.0,326.0,0.593748
2007.0,327.0,0.081878
2007.0,328.0,0.0
2007.0,329.0,0.562999
2007.0,330.0,0.551286
2007.0,331.0,0.999919
2007.0,332.0,0.416342
2007.0,333.0,0.224726
2007.0,334.0,0.662935
2008.0,0.0,0.136746
2008.0,1.0,0.859958
2008.0,2.0,0.008964
2008.0,3.0,0.670667
2008.0,4.0,0.003378
2008.0,5.0,0.406811
2008.0,6.0,0.633122
2008.0,7.0,0.382129
2008.0,8.0,0.489596
2008.0,9.0,0.53325
2008.0,10.0,0.001232
2008.0,11.0,0.428064
2008.0,12.0,1.0
2008.0,13.0,0.540189
2008.0,14.0,0.515855
2008.0,15.0,0.336033
2008.0,16.0,0.5864
2008.0,17.0,0.574294
2008.0,18.0,0.0
2008.0,19.0,0.484636
2008.0,20.0,0.564196
2008.0,21.0,0.497028
2008.0,22.0,0.258145
2008.0,23.0,0.539308
2008.0,24.0,0.224759
2008.0,25.0,0.34411
2008.0,26.0,0.684489
2008.0,27.0,0.0
2008.0,28.0,0.411995
2008.0,29.0,0.442065
2008.0,30.0,0.663864
2008.0,31.0,0.484376
2008.0,32.0,0.332445
2008.0,33.0,0.358922
2008.0,34.0,0.820483
2008.0,35.0,0.382829
2008.0,36.0,0.329595
2008.0,37.0,0.397721
2008.0,38.0,0.266024
2008.0,39.0,0.048021
2008.0,40.0,0.869665
2008.0,41.0,0.69162
2008.0,42.0,0.1452
2008.0,43.0,0.600757
2008.0,44.0,0.472373
2008.0,45.0,0.981735
2008.0,46.0,0.59631
2008.0,47.0,0.369869
2008.0,48.0,0.124707
2008.0,49.0,0.755857
2008.0,50.0,0.934026
2008.0,51.0,0.39675
2008.0,52.0,0.968465
2008.0,53.0,0.578378
2008.0,54.0,0.463102
2008.0,55.0,0.686131
2008.0,56.0,0.384482
2008.0,57.0,0.300424
2008.0,58.0,0.999227
2008.0,59.0,0.679062
2008.0,60.0,0.129868
2008.0,61.0,0.849703
2008.0,62.0,0.541469
2008.0,63.0,0.633121
2008.0,64.0,0.011785
2008.0,65.0,0.615664
2008.0,66.0,0.766623
2008.0,67.0,0.333956
2008.0,68.0,0.273779
2008.0,69.0,0.368542
2008.0,70.0,0.08907
2008.0,71.0,0.606715
2008.0,72.0,0.58982
2008.0,73.0,0.173963
2008.0,74.0,0.765332
2008.0,75.0,0.785884
2008.0,76.0,0.467964
2008.0,77.0,0.089902
2008.0,78.0,0.406495
2008.0,79.0,0.02486
2008.0,80.0,0.373001
2008.0,81.0,0.43054
2008.0,82.0,0.527623
2008.0,83.0,0.988588
2008.0,84.0,0.99673
2008.0,85.0,0.211136
2008.0,86.0,0.573996
2008.0,87.0,0.171113
2008.0,88.0,0.61916
2008.0,89.0,0.304451
2008.0,90.0,0.81384
2008.0,91.0,0.0
2008.0,92.0,0.0
2008.0,93.0,0.481384
2008.0,94.0,0.757657
2008.0,95.0,0.64801
2008.0,96.0,0.273096
2008.0,97.0,0.079364
2008.0,98.0,0.919417
2008.0,99.0,0.370357
2008.0,100.0,0.710515
2008.0,101.0,0.461612
2008.0,102.0,0.703367
2008.0,103.0,0.427651
2008.0,104.0,1.0
2008.0,105.0,0.558107
2008.0,106.0,0.793611
2008.0,107.0,0.656453
2008.0,108.0,0.632331
2008.0,109.0,0.323119
2008.0,110.0,0.513056
2008.0,111.0,0.095959
2008.0,112.0,0.666485
2008.0,113.0,0.459073
2008.0,114.0,0.418233
2008.0,115.0,0.881933
2008.0,116.0,0.0
2008.0,117.0,0.491032
2008.0,118.0,0.57861
2008.0,119.0,0.005041
2008.0,120.0,0.552379
2008.0,121.0,0.450595
2008.0,122.0,0.553383
2008.0,123.0,0.979108
2008.0,124.0,0.0
2008.0,125.0,0.301443
2008.0,126.0,0.645946
2008.0,127.0,0.740179
2008.0,128.0,0.92198
2008.0,129.0,0.427833
2008.0,130.0,0.0
2008.0,131.0,0.0
2008.0,132.0,0.018649
2008.0,133.0,0.173641
2008.0,134.0,0.0
2008.0,135.0,0.949455
2008.0,136.0,0.861377
2008.0,137.0,0.58037
2008.0,138.0,0.236386
2008.0,139.0,0.247934
2008.0,140.0,0.917854
2008.0,141.0,0.607259
2008.0,142.0,0.218081
2008.0,143.0,0.593752
2008.0,144.0,6.0e-06
2008.0,145.0,0.133312
2008.0,146.0,0.626299
2008.0,147.0,1.0
2008.0,148.0,0.703903
2008.0,149.0,0.997604
2008.0,150.0,0.454979
2008.0,151.0,0.792881
2008.0,152.0,0.235305
2008.0,153.0,0.671796
2008.0,154.0,0.515253
2008.0,155.0,0.41413
2008.0,156.0,0.411805
2008.0,157.0,1.0
2008.0,158.0,0.434021
2008.0,159.0,0.301697
2008.0,160.0,0.700453
2008.0,161.0,0.91555
2008.0,162.0,0.495687
2008.0,163.0,0.776222
2008.0,164.0,0.090705
2008.0,165.0,0.552448
2008.0,166.0,0.198566
2008.0,167.0,1.0
2008.0,168.0,0.315684
2008.0,169.0,0.658519
2008.0,170.0,0.004705
2008.0,171.0,0.547751
2008.0,172.0,0.254251
2008.0,173.0,0.541022
2008.0,174.0,0.161244
2008.0,175.0,0.355092
2008.0,176.0,0.145002
2008.0,177.0,0.67542
2008.0,178.0,0.616917
2008.0,179.0,0.996244
2008.0,180.0,0.501067
2008.0,181.0,1.0
2008.0,182.0,0.728952
2008.0,183.0,0.363593
2008.0,184.0,0.323251
2008.0,185.0,0.691057
2008.0,186.0,0.274131
2008.0,187.0,0.35953
2008.0,188.0,0.394665
2008.0,189.0,0.864053
2008.0,190.0,0.407608
2008.0,191.0,0.541404
2008.0,192.0,0.866274
2008.0,193.0,0.565472
2008.0,194.0,0.503693
2008.0,195.0,0.811198
2008.0,196.0,0.489633
2008.0,197.0,0.86074
2008.0,198.0,0.033054
2008.0,199.0,0.949326
2008.0,200.0,0.7082
2008.0,201.0,0.155247
2008.0,202.0,0.681855
2008.0,203.0,0.782875
2008.0,204.0,0.45707
2008.0,205.0,0.687209
2008.0,206.0,0.459972
2008.0,207.0,0.655189
2008.0,208.0,0.01219
2008.0,209.0,0.758215
2008.0,210.0,0.993928
2008.0,211.0,0.444156
2008.0,212.0,0.58969
2008.0,213.0,0.44855
2008.0,214.0,0.621583
2008.0,215.0,0.369044
2008.0,216.0,0.011863
2008.0,217.0,0.374081
2008.0,218.0,0.532537
2008.0,219.0,0.702808
2008.0,220.0,0.998358
2008.0,221.0,0.690326
2008.0,222.0,0.477568
2008.0,223.0,0.658774
2008.0,224.0,0.555873
2008.0,225.0,0.957058
2008.0,226.0,1.0
2008.0,227.0,0.416933
2008.0,228.0,0.767522
2008.0,229.0,0.740771
2008.0,230.0,0.594477
2008.0,231.0,0.158176
2008.0,232.0,0.384495
2008.0,233.0,0.300221
2008.0,234.0,0.150355
2008.0,235.0,0.38311
2008.0,236.0,0.522677
2008.0,237.0,0.542279
2008.0,238.0,0.025905
2008.0,239.0,1.0
2008.0,240.0,0.468021
2008.0,241.0,0.269231
2008.0,242.0,0.5883
2008.0,243.0,0.652768
2008.0,244.0,0.255058
2008.0,245.0,0.115465
2008.0,246.0,0.419707
2008.0,247.0,0.3713
2008.0,248.0,0.569632
2008.0,249.0,0.191118
2008.0,250.0,0.290612
2008.0,251.0,0.001511
2008.0,252.0,0.698747
2008.0,253.0,0.656445
2008.0,254.0,0.205706
2008.0,255.0,0.579745
2008.0,256.0,1.0
2008.0,257.0,0.397372
2008.0,258.0,0.754203
2008.0,259.0,0.301935
2008.0,260.0,0.53135
2008.0,261.0,0.432532
2008.0,262.0,0.172871
2008.0,263.0,0.730638
2008.0,264.0,0.073302
2008.0,265.0,0.721368
2008.0,266.0,0.958885
2008.0,267.0,0.061039
2008.0,268.0,0.026888
2008.0,269.0,0.370111
2008.0,270.0,0.439618
2008.0,271.0,0.552857
2008.0,272.0,0.660319
2008.0,273.0,0.363855
2008.0,274.0,0.401562
2008.0,275.0,0.65458
2008.0,276.0,0.78902
2008.0,277.0,0.412869
2008.0,278.0,0.020084
2008.0,279.0,0.401981
2008.0,280.0,0.539703
2008.0,281.0,0.528513
2008.0,282.0,0.701452
2008.0,283.0,0.607454
2008.0,284.0,0.455092
2008.0,285.0,0.624927
2008.0,286.0,0.444616
2008.0,287.0,0.000156
2008.0,288.0,0.287865
2008.0,289.0,0.99537
2008.0,290.0,0.999465
2008.0,291.0,0.678324
2008.0,292.0,0.256748
2008.0,293.0,0.018995
2008.0,294.0,0.0
2008.0,295.0,0.499368
2008.0,296.0,0.778563
2008.0,297.0,0.410449
2008.0,298.0,0.553898
2008.0,299.0,0.803831
2008.0,300.0,0.689943
2008.0,301.0,6.5e-05
2008.0,302.0,0.88351
2008.0,303.0,0.805367
2008.0,304.0,0.563285
2008.0,305.0,0.718041
2008.0,306.0,0.826869
2008.0,307.0,0.443814
2008.0,308.0,0.440631
2008.0,309.0,0.732424
2008.0,310.0,0.850984
2008.0,311.0,0.996786
2008.0,312.0,0.233052
2008.0,313.0,0.681339
2008.0,314.0,0.517437
2008.0,315.0,0.997204
2008.0,316.0,0.647657
2008.0,317.0,0.516953
2008.0,318.0,0.453208
2008.0,319.0,0.004076
2008.0,320.0,0.332631
2008.0,321.0,0.175069
2008.0,322.0,0.243718
2008.0,323.0,0.164414
2008.0,324.0,0.268178
2008.0,325.0,0.079013
2008.0,326.0,0.587323
2008.0,327.0,0.081414
2008.0,328.0,0.0
2008.0,329.0,0.52154
2008.0,330.0,0.550331
2008.0,331.0,0.99992
2008.0,332.0,0.415768
2008.0,333.0,0.223104
2008.0,334.0,0.662328
2009.0,0.0,0.13524
2009.0,1.0,0.85907
2009.0,2.0,0.008764
2009.0,3.0,0.664105
2009.0,4.0,0.003371
2009.0,5.0,0.405148
2009.0,6.0,0.6298
2009.0,7.0,0.377615
2009.0,8.0,0.484412
2009.0,9.0,0.528615
2009.0,10.0,0.00119
2009.0,11.0,0.420233
2009.0,12.0,1.0
2009.0,13.0,0.534382
2009.0,14.0,0.507194
2009.0,15.0,0.332903
2009.0,16.0,0.583153
2009.0,17.0,0.569388
2009.0,18.0,0.0
2009.0,19.0,0.48431
2009.0,20.0,0.563859
2009.0,21.0,0.494647
2009.0,22.0,0.256195
2009.0,23.0,0.536384
2009.0,24.0,0.218724
2009.0,25.0,0.33963
2009.0,26.0,0.671021
2009.0,27.0,0.0
2009.0,28.0,0.407098
2009.0,29.0,0.431313
2009.0,30.0,0.661395
2009.0,31.0,0.482186
2009.0,32.0,0.328347
2009.0,33.0,0.35598
2009.0,34.0,0.819798
2009.0,35.0,0.370389
2009.0,36.0,0.326966
2009.0,37.0,0.396899
2009.0,38.0,0.265094
2009.0,39.0,0.047046
2009.0,40.0,0.868031
2009.0,41.0,0.689063
2009.0,42.0,0.143386
2009.0,43.0,0.599482
2009.0,44.0,0.469033
2009.0,45.0,0.981549
2009.0,46.0,0.593239
2009.0,47.0,0.366913
2009.0,48.0,0.123507
2009.0,49.0,0.754959
2009.0,50.0,0.933282
2009.0,51.0,0.392858
2009.0,52.0,0.968109
2009.0,53.0,0.577933
2009.0,54.0,0.454352
2009.0,55.0,0.684333
2009.0,56.0,0.37931
2009.0,57.0,0.29958
2009.0,58.0,0.999169
2009.0,59.0,0.678112
2009.0,60.0,0.130325
2009.0,61.0,0.848427
2009.0,62.0,0.535086
2009.0,63.0,0.629974
2009.0,64.0,0.011441
2009.0,65.0,0.611062
2009.0,66.0,0.762993
2009.0,67.0,0.331133
2009.0,68.0,0.265289
2009.0,69.0,0.36562
2009.0,70.0,0.088541
2009.0,71.0,0.605328
2009.0,72.0,0.589479
2009.0,73.0,0.172857
2009.0,74.0,0.759987
2009.0,75.0,0.777323
2009.0,76.0,0.46378
2009.0,77.0,0.088408
2009.0,78.0,0.402098
2009.0,79.0,0.024557
2009.0,80.0,0.365809
2009.0,81.0,0.429047
2009.0,82.0,0.524812
2009.0,83.0,0.988582
2009.0,84.0,0.996721
2009.0,85.0,0.208228
2009.0,86.0,0.573512
2009.0,87.0,0.17032
2009.0,88.0,0.618006
2009.0,89.0,0.304184
2009.0,90.0,0.813648
2009.0,91.0,0.0
2009.0,92.0,0.0
2009.0,93.0,0.480234
2009.0,94.0,0.757434
2009.0,95.0,0.64548
2009.0,96.0,0.265928
2009.0,97.0,0.078242
2009.0,98.0,0.9185
2009.0,99.0,0.368155
2009.0,100.0,0.708913
2009.0,101.0,0.453351
2009.0,102.0,0.700837
2009.0,103.0,0.419424
2009.0,104.0,1.0
2009.0,105.0,0.554184
2009.0,106.0,0.785928
2009.0,107.0,0.653706
2009.0,108.0,0.62804
2009.0,109.0,0.321496
2009.0,110.0,0.500909
2009.0,111.0,0.094428
2009.0,112.0,0.664169
2009.0,113.0,0.391591
2009.0,114.0,0.41329
2009.0,115.0,0.881811
2009.0,116.0,0.0
2009.0,117.0,0.481695
2009.0,118.0,0.578393
2009.0,119.0,0.00518
2009.0,120.0,0.548768
2009.0,121.0,0.449591
2009.0,122.0,0.55133
2009.0,123.0,0.978942
2009.0,124.0,0.0
2009.0,125.0,0.287782
2009.0,126.0,0.644991
2009.0,127.0,0.725006
2009.0,128.0,0.921662
2009.0,129.0,0.426563
2009.0,130.0,0.0
2009.0,131.0,0.0
2009.0,132.0,0.01844
2009.0,133.0,0.167348
2009.0,134.0,0.0
2009.0,135.0,0.948427
2009.0,136.0,0.858312
2009.0,137.0,0.580353
2009.0,138.0,0.235378
2009.0,139.0,0.241838
2009.0,140.0,0.91664
2009.0,141.0,0.603915
2009.0,142.0,0.21731
2009.0,143.0,0.591151
2009.0,144.0,4.0e-06
2009.0,145.0,0.133184
2009.0,146.0,0.62214
2009.0,147.0,1.0
2009.0,148.0,0.68566
2009.0,149.0,0.997495
2009.0,150.0,0.442154
2009.0,151.0,0.791829
2009.0,152.0,0.234014
2009.0,153.0,0.667129
2009.0,154.0,0.513125
2009.0,155.0,0.405275
2009.0,156.0,0.390873
2009.0,157.0,1.0
2009.0,158.0,0.412504
2009.0,159.0,0.300718
2009.0,160.0,0.696338
2009.0,161.0,0.914986
2009.0,162.0,0.493096
2009.0,163.0,0.773431
2009.0,164.0,0.089646
2009.0,165.0,0.550792
2009.0,166.0,0.197858
2009.0,167.0,1.0
2009.0,168.0,0.315299
2009.0,169.0,0.65164
2009.0,170.0,0.004658
2009.0,171.0,0.542091
2009.0,172.0,0.252671
2009.0,173.0,0.53549
2009.0,174.0,0.159296
2009.0,175.0,0.352429
2009.0,176.0,0.145249
2009.0,177.0,0.675905
2009.0,178.0,0.611428
2009.0,179.0,0.996139
2009.0,180.0,0.498675
2009.0,181.0,1.0
2009.0,182.0,0.715754
2009.0,183.0,0.359241
2009.0,184.0,0.317435
2009.0,185.0,0.686086
2009.0,186.0,0.271897
2009.0,187.0,0.357885
2009.0,188.0,0.394755
2009.0,189.0,0.856541
2009.0,190.0,0.40144
2009.0,191.0,0.536825
2009.0,192.0,0.865125
2009.0,193.0,0.561932
2009.0,194.0,0.497453
2009.0,195.0,0.809143
2009.0,196.0,0.484405
2009.0,197.0,0.858348
2009.0,198.0,0.032241
2009.0,199.0,0.949011
2009.0,200.0,0.707387
2009.0,201.0,0.154178
2009.0,202.0,0.676293
2009.0,203.0,0.778388
2009.0,204.0,0.456579
2009.0,205.0,0.686225
2009.0,206.0,0.436116
2009.0,207.0,0.639585
2009.0,208.0,0.012
2009.0,209.0,0.758625
2009.0,210.0,0.993879
2009.0,211.0,0.43979
2009.0,212.0,0.588524
2009.0,213.0,0.446455
2009.0,214.0,0.609934
2009.0,215.0,0.367249
2009.0,216.0,0.011697
2009.0,217.0,0.370223
2009.0,218.0,0.521883
2009.0,219.0,0.696758
2009.0,220.0,0.998438
2009.0,221.0,0.685128
2009.0,222.0,0.455587
2009.0,223.0,0.654865
2009.0,224.0,0.554379
2009.0,225.0,0.956269
2009.0,226.0,1.0
2009.0,227.0,0.415955
2009.0,228.0,0.767136
2009.0,229.0,0.739355
2009.0,230.0,0.592661
2009.0,231.0,0.158397
2009.0,232.0,0.380717
2009.0,233.0,0.299582
2009.0,234.0,0.148068
2009.0,235.0,0.382431
2009.0,236.0,0.519853
2009.0,237.0,0.540515
2009.0,238.0,0.026065
2009.0,239.0,1.0
2009.0,240.0,0.465011
2009.0,241.0,0.267977
2009.0,242.0,0.587279
2009.0,243.0,0.647958
2009.0,244.0,0.250878
2009.0,245.0,0.112352
2009.0,246.0,0.420467
2009.0,247.0,0.369122
2009.0,248.0,0.564175
2009.0,249.0,0.184836
2009.0,250.0,0.284505
2009.0,251.0,0.001508
2009.0,252.0,0.701621
2009.0,253.0,0.655907
2009.0,254.0,0.193111
2009.0,255.0,0.578959
2009.0,256.0,1.0
2009.0,257.0,0.396564
2009.0,258.0,0.752988
2009.0,259.0,0.299367
2009.0,260.0,0.530414
2009.0,261.0,0.429965
2009.0,262.0,0.16976
2009.0,263.0,0.72934
2009.0,264.0,0.073085
2009.0,265.0,0.719863
2009.0,266.0,0.958426
2009.0,267.0,0.060206
2009.0,268.0,0.026578
2009.0,269.0,0.367006
2009.0,270.0,0.43865
2009.0,271.0,0.544049
2009.0,272.0,0.660778
2009.0,273.0,0.362124
2009.0,274.0,0.399343
2009.0,275.0,0.644358
2009.0,276.0,0.769357
2009.0,277.0,0.411535
2009.0,278.0,0.019544
2009.0,279.0,0.400681
2009.0,280.0,0.536107
2009.0,281.0,0.527396
2009.0,282.0,0.69636
2009.0,283.0,0.59913
2009.0,284.0,0.448393
2009.0,285.0,0.62416
2009.0,286.0,0.438514
2009.0,287.0,0.000158
2009.0,288.0,0.283629
2009.0,289.0,0.995346
2009.0,290.0,0.999516
2009.0,291.0,0.677569
2009.0,292.0,0.253377
2009.0,293.0,0.017951
2009.0,294.0,0.0
2009.0,295.0,0.494559
2009.0,296.0,0.776849
2009.0,297.0,0.408998
2009.0,298.0,0.552911
2009.0,299.0,0.802943
2009.0,300.0,0.683585
2009.0,301.0,6.1e-05
2009.0,302.0,0.880414
2009.0,303.0,0.801519
2009.0,304.0,0.562326
2009.0,305.0,0.712114
2009.0,306.0,0.825897
2009.0,307.0,0.434712
2009.0,308.0,0.437594
2009.0,309.0,0.729294
2009.0,310.0,0.851209
2009.0,311.0,0.996755
2009.0,312.0,0.227351
2009.0,313.0,0.679696
2009.0,314.0,0.5159
2009.0,315.0,0.997145
2009.0,316.0,0.647075
2009.0,317.0,0.5151
2009.0,318.0,0.451532
2009.0,319.0,0.003983
2009.0,320.0,0.32464
2009.0,321.0,0.172825
2009.0,322.0,0.239682
2009.0,323.0,0.162175
2009.0,324.0,0.268108
2009.0,325.0,0.07882
2009.0,326.0,0.580579
2009.0,327.0,0.08089
2009.0,328.0,0.0
2009.0,329.0,0.484124
2009.0,330.0,0.549669
2009.0,331.0,0.999927
2009.0,332.0,0.414112
2009.0,333.0,0.22144
2009.0,334.0,0.66194
2010.0,0.0,0.134401
2010.0,1.0,0.857856
2010.0,2.0,0.008826
2010.0,3.0,0.656859
2010.0,4.0,0.003273
2010.0,5.0,0.403027
2010.0,6.0,0.626339
2010.0,7.0,0.371392
2010.0,8.0,0.478748
2010.0,9.0,0.52411
2010.0,10.0,0.001174
2010.0,11.0,0.412718
2010.0,12.0,1.0
2010.0,13.0,0.528168
2010.0,14.0,0.498064
2010.0,15.0,0.32988
2010.0,16.0,0.579877
2010.0,17.0,0.56501
2010.0,18.0,0.0
2010.0,19.0,0.48236
2010.0,20.0,0.563279
2010.0,21.0,0.491617
2010.0,22.0,0.255447
2010.0,23.0,0.532787
2010.0,24.0,0.213082
2010.0,25.0,0.334158
2010.0,26.0,0.657424
2010.0,27.0,0.0
2010.0,28.0,0.402579
2010.0,29.0,0.421688
2010.0,30.0,0.659094
2010.0,31.0,0.480393
2010.0,32.0,0.324437
2010.0,33.0,0.354096
2010.0,34.0,0.818565
2010.0,35.0,0.358751
2010.0,36.0,0.325496
2010.0,37.0,0.396612
2010.0,38.0,0.26466
2010.0,39.0,0.046369
2010.0,40.0,0.866336
2010.0,41.0,0.686015
2010.0,42.0,0.141035
2010.0,43.0,0.59826
2010.0,44.0,0.465654
2010.0,45.0,0.981239
2010.0,46.0,0.591217
2010.0,47.0,0.363164
2010.0,48.0,0.122
2010.0,49.0,0.75261
2010.0,50.0,0.932889
2010.0,51.0,0.388836
2010.0,52.0,0.967824
2010.0,53.0,0.576714
2010.0,54.0,0.446259
2010.0,55.0,0.683031
2010.0,56.0,0.373845
2010.0,57.0,0.297998
2010.0,58.0,0.999193
2010.0,59.0,0.678209
2010.0,60.0,0.130053
2010.0,61.0,0.846857
2010.0,62.0,0.528164
2010.0,63.0,0.627547
2010.0,64.0,0.011389
2010.0,65.0,0.605948
2010.0,66.0,0.759762
2010.0,67.0,0.328318
2010.0,68.0,0.256622
2010.0,69.0,0.363121
2010.0,70.0,0.087937
2010.0,71.0,0.604573
2010.0,72.0,0.589039
2010.0,73.0,0.172545
2010.0,74.0,0.754486
2010.0,75.0,0.76809
2010.0,76.0,0.459232
2010.0,77.0,0.087417
2010.0,78.0,0.396759
2010.0,79.0,0.024106
2010.0,80.0,0.359787
2010.0,81.0,0.426201
2010.0,82.0,0.522714
2010.0,83.0,0.988538
2010.0,84.0,0.996743
2010.0,85.0,0.206322
2010.0,86.0,0.572536
2010.0,87.0,0.169953
2010.0,88.0,0.61755
2010.0,89.0,0.303179
2010.0,90.0,0.812602
2010.0,91.0,0.0
2010.0,92.0,0.0
2010.0,93.0,0.478405
2010.0,94.0,0.756114
2010.0,95.0,0.642604
2010.0,96.0,0.259831
2010.0,97.0,0.076941
2010.0,98.0,0.918013
2010.0,99.0,0.364777
2010.0,100.0,0.707358
2010.0,101.0,0.444334
2010.0,102.0,0.698456
2010.0,103.0,0.411659
2010.0,104.0,1.0
2010.0,105.0,0.550751
2010.0,106.0,0.778409
2010.0,107.0,0.651773
2010.0,108.0,0.623684
2010.0,109.0,0.319951
2010.0,110.0,0.489567
2010.0,111.0,0.093134
2010.0,112.0,0.660785
2010.0,113.0,0.327309
2010.0,114.0,0.409124
2010.0,115.0,0.881135
2010.0,116.0,0.0
2010.0,117.0,0.47258
2010.0,118.0,0.577223
2010.0,119.0,0.005155
2010.0,120.0,0.544439
2010.0,121.0,0.448106
2010.0,122.0,0.548912
2010.0,123.0,0.978894
2010.0,124.0,0.0
2010.0,125.0,0.274317
2010.0,126.0,0.642909
2010.0,127.0,0.709721
2010.0,128.0,0.921287
2010.0,129.0,0.424991
2010.0,130.0,0.0
2010.0,131.0,0.0
2010.0,132.0,0.018295
2010.0,133.0,0.161955
2010.0,134.0,0.0
2010.0,135.0,0.947705
2010.0,136.0,0.854882
2010.0,137.0,0.580698
2010.0,138.0,0.235186
2010.0,139.0,0.236613
2010.0,140.0,0.915709
2010.0,141.0,0.601013
2010.0,142.0,0.216833
2010.0,143.0,0.589745
2010.0,144.0,3.0e-06
2010.0,145.0,0.132359
2010.0,146.0,0.618204
2010.0,147.0,1.0
2010.0,148.0,0.667602
2010.0,149.0,0.997457
2010.0,150.0,0.429031
2010.0,151.0,0.791538
2010.0,152.0,0.23221
2010.0,153.0,0.663113
2010.0,154.0,0.510658
2010.0,155.0,0.396622
2010.0,156.0,0.371772
2010.0,157.0,1.0
2010.0,158.0,0.390939
2010.0,159.0,0.299588
2010.0,160.0,0.69168
2010.0,161.0,0.915144
2010.0,162.0,0.489232
2010.0,163.0,0.770613
2010.0,164.0,0.088995
2010.0,165.0,0.548699
2010.0,166.0,0.197238
2010.0,167.0,1.0
2010.0,168.0,0.314889
2010.0,169.0,0.645732
2010.0,170.0,0.004592
2010.0,171.0,0.53717
2010.0,172.0,0.251749
2010.0,173.0,0.528749
2010.0,174.0,0.157554
2010.0,175.0,0.349898
2010.0,176.0,0.145125
2010.0,177.0,0.676224
2010.0,178.0,0.605705
2010.0,179.0,0.996147
2010.0,180.0,0.49685
2010.0,181.0,1.0
2010.0,182.0,0.702658
2010.0,183.0,0.354825
2010.0,184.0,0.312225
2010.0,185.0,0.680534
2010.0,186.0,0.271117
2010.0,187.0,0.357046
2010.0,188.0,0.393771
2010.0,189.0,0.848782
2010.0,190.0,0.393721
2010.0,191.0,0.533286
2010.0,192.0,0.863689
2010.0,193.0,0.55854
2010.0,194.0,0.491992
2010.0,195.0,0.806945
2010.0,196.0,0.479778
2010.0,197.0,0.857084
2010.0,198.0,0.031484
2010.0,199.0,0.949077
2010.0,200.0,0.706211
2010.0,201.0,0.153885
2010.0,202.0,0.670069
2010.0,203.0,0.773736
2010.0,204.0,0.455595
2010.0,205.0,0.685114
2010.0,206.0,0.41334
2010.0,207.0,0.624126
2010.0,208.0,0.011743
2010.0,209.0,0.75822
2010.0,210.0,0.993675
2010.0,211.0,0.436614
2010.0,212.0,0.587748
2010.0,213.0,0.443803
2010.0,214.0,0.598944
2010.0,215.0,0.365334
2010.0,216.0,0.011484
2010.0,217.0,0.366004
2010.0,218.0,0.51013
2010.0,219.0,0.691003
2010.0,220.0,0.998435
2010.0,221.0,0.679685
2010.0,222.0,0.434506
2010.0,223.0,0.650685
2010.0,224.0,0.552037
2010.0,225.0,0.95561
2010.0,226.0,1.0
2010.0,227.0,0.415061
2010.0,228.0,0.767297
2010.0,229.0,0.738518
2010.0,230.0,0.591274
2010.0,231.0,0.157945
2010.0,232.0,0.377499
2010.0,233.0,0.298933
2010.0,234.0,0.145778
2010.0,235.0,0.380486
2010.0,236.0,0.517857
2010.0,237.0,0.539441
2010.0,238.0,0.026224
2010.0,239.0,1.0
2010.0,240.0,0.461359
2010.0,241.0,0.266205
2010.0,242.0,0.585458
2010.0,243.0,0.645138
2010.0,244.0,0.247032
2010.0,245.0,0.109259
2010.0,246.0,0.420395
2010.0,247.0,0.367341
2010.0,248.0,0.559591
2010.0,249.0,0.179885
2010.0,250.0,0.278872
2010.0,251.0,0.001511
2010.0,252.0,0.704159
2010.0,253.0,0.654336
2010.0,254.0,0.180343
2010.0,255.0,0.577938
2010.0,256.0,1.0
2010.0,257.0,0.395492
2010.0,258.0,0.752406
2010.0,259.0,0.296887
2010.0,260.0,0.530399
2010.0,261.0,0.428497
2010.0,262.0,0.166744
2010.0,263.0,0.728233
2010.0,264.0,0.072715
2010.0,265.0,0.718613
2010.0,266.0,0.957872
2010.0,267.0,0.059383
2010.0,268.0,0.02622
2010.0,269.0,0.364079
2010.0,270.0,0.437212
2010.0,271.0,0.534897
2010.0,272.0,0.661464
2010.0,273.0,0.361311
2010.0,274.0,0.396648
2010.0,275.0,0.634544
2010.0,276.0,0.748178
2010.0,277.0,0.409429
2010.0,278.0,0.019013
2010.0,279.0,0.397969
2010.0,280.0,0.532081
2010.0,281.0,0.525351
2010.0,282.0,0.690433
2010.0,283.0,0.590247
2010.0,284.0,0.441517
2010.0,285.0,0.623644
2010.0,286.0,0.432623
2010.0,287.0,0.000147
2010.0,288.0,0.279437
2010.0,289.0,0.995453
2010.0,290.0,0.999517
2010.0,291.0,0.675841
2010.0,292.0,0.250815
2010.0,293.0,0.01716
2010.0,294.0,0.0
2010.0,295.0,0.489966
2010.0,296.0,0.774883
2010.0,297.0,0.408306
2010.0,298.0,0.552728
2010.0,299.0,0.802578
2010.0,300.0,0.677259
2010.0,301.0,6.5e-05
2010.0,302.0,0.877417
2010.0,303.0,0.797893
2010.0,304.0,0.562026
2010.0,305.0,0.70674
2010.0,306.0,0.824024
2010.0,307.0,0.425563
2010.0,308.0,0.43341
2010.0,309.0,0.725927
2010.0,310.0,0.849982
2010.0,311.0,0.996675
2010.0,312.0,0.221042
2010.0,313.0,0.678306
2010.0,314.0,0.514222
2010.0,315.0,0.99701
2010.0,316.0,0.646061
2010.0,317.0,0.513371
2010.0,318.0,0.449246
2010.0,319.0,0.003819
2010.0,320.0,0.316525
2010.0,321.0,0.171056
2010.0,322.0,0.23695
2010.0,323.0,0.160406
2010.0,324.0,0.267034
2010.0,325.0,0.078687
2010.0,326.0,0.573809
2010.0,327.0,0.080139
2010.0,328.0,0.0
2010.0,329.0,0.450675
2010.0,330.0,0.548672
2010.0,331.0,0.999904
2010.0,332.0,0.413823
2010.0,333.0,0.219557
2010.0,334.0,0.661913
3000.0,0.0,0.093607
3000.0,1.0,0.889741
3000.0,2.0,0.000269
3000.0,3.0,0.664366
3000.0,4.0,0.000587
3000.0,5.0,0.357556
3000.0,6.0,0.624795
3000.0,7.0,0.369454
3000.0,8.0,0.480985
3000.0,9.0,0.529879
3000.0,10.0,0.0
3000.0,11.0,0.419404
3000.0,12.0,1.0
3000.0,13.0,0.537285
3000.0,14.0,0.506403
3000.0,15.0,0.339396
3000.0,16.0,0.557734
3000.0,17.0,0.558644
3000.0,18.0,0.0
3000.0,19.0,0.477926
3000.0,20.0,0.562447
3000.0,21.0,0.485089
3000.0,22.0,0.189928
3000.0,23.0,0.525372
3000.0,24.0,0.196565
3000.0,25.0,0.33071
3000.0,26.0,0.66171
3000.0,27.0,0.0
3000.0,28.0,0.400082
3000.0,29.0,0.428441
3000.0,30.0,0.654936
3000.0,31.0,0.472711
3000.0,32.0,0.300121
3000.0,33.0,0.351668
3000.0,34.0,0.849139
3000.0,35.0,0.360643
3000.0,36.0,0.345393
3000.0,37.0,0.385848
3000.0,38.0,0.184623
3000.0,39.0,0.008742
3000.0,40.0,0.940669
3000.0,41.0,0.686051
3000.0,42.0,0.072424
3000.0,43.0,0.600054
3000.0,44.0,0.475019
3000.0,45.0,0.99574
3000.0,46.0,0.589617
3000.0,47.0,0.356121
3000.0,48.0,0.07447
3000.0,49.0,0.748961
3000.0,50.0,0.978302
3000.0,51.0,0.344329
3000.0,52.0,0.993649
3000.0,53.0,0.6159
3000.0,54.0,0.452478
3000.0,55.0,0.7389
3000.0,56.0,0.366673
3000.0,57.0,0.289237
3000.0,58.0,0.999813
3000.0,59.0,0.731851
3000.0,60.0,0.096433
3000.0,61.0,0.88928
3000.0,62.0,0.525774
3000.0,63.0,0.635402
3000.0,64.0,0.005033
3000.0,65.0,0.601253
3000.0,66.0,0.758498
3000.0,67.0,0.334929
3000.0,68.0,0.264943
3000.0,69.0,0.354406
3000.0,70.0,0.042955
3000.0,71.0,0.588664
3000.0,72.0,0.582171
3000.0,73.0,0.089404
3000.0,74.0,0.750701
3000.0,75.0,0.770319
3000.0,76.0,0.471484
3000.0,77.0,0.050341
3000.0,78.0,0.393238
3000.0,79.0,0.002874
3000.0,80.0,0.353509
3000.0,81.0,0.413209
3000.0,82.0,0.521298
3000.0,83.0,0.996789
3000.0,84.0,1.0
3000.0,85.0,0.184974
3000.0,86.0,0.582582
3000.0,87.0,0.13129
3000.0,88.0,0.617976
3000.0,89.0,0.254796
3000.0,90.0,0.828462
3000.0,91.0,0.0
3000.0,92.0,0.0
3000.0,93.0,0.461813
3000.0,94.0,0.834659
3000.0,95.0,0.637086
3000.0,96.0,0.262961
3000.0,97.0,0.058403
3000.0,98.0,0.943639
3000.0,99.0,0.359198
3000.0,100.0,0.713237
3000.0,101.0,0.451782
3000.0,102.0,0.724625
3000.0,103.0,0.405889
3000.0,104.0,1.0
3000.0,105.0,0.54447
3000.0,106.0,0.765188
3000.0,107.0,0.708562
3000.0,108.0,0.610624
3000.0,109.0,0.289543
3000.0,110.0,0.48893
3000.0,111.0,0.067544
3000.0,112.0,0.655348
3000.0,113.0,0.327991
3000.0,114.0,0.40712
3000.0,115.0,0.892691
3000.0,116.0,0.0
3000.0,117.0,0.471489
3000.0,118.0,0.605251
3000.0,119.0,0.00186
3000.0,120.0,0.538598
3000.0,121.0,0.450182
3000.0,122.0,0.539079
3000.0,123.0,0.990624
3000.0,124.0,0.0
3000.0,125.0,0.272837
3000.0,126.0,0.645212
3000.0,127.0,0.719997
3000.0,128.0,0.979691
3000.0,129.0,0.373324
3000.0,130.0,0.0
3000.0,131.0,0.0
3000.0,132.0,0.009681
3000.0,133.0,0.167389
3000.0,134.0,0.0
3000.0,135.0,0.975994
3000.0,136.0,0.847447
3000.0,137.0,0.601502
3000.0,138.0,0.191087
3000.0,139.0,0.237871
3000.0,140.0,0.97171
3000.0,141.0,0.604746
3000.0,142.0,0.197263
3000.0,143.0,0.606798
3000.0,144.0,0.0
3000.0,145.0,0.136775
3000.0,146.0,0.61863
3000.0,147.0,1.0
3000.0,148.0,0.663167
3000.0,149.0,1.0
3000.0,150.0,0.432717
3000.0,151.0,0.812345
3000.0,152.0,0.221748
3000.0,153.0,0.648281
3000.0,154.0,0.498175
3000.0,155.0,0.39238
3000.0,156.0,0.368506
3000.0,157.0,1.0
3000.0,158.0,0.395944
3000.0,159.0,0.303187
3000.0,160.0,0.682349
3000.0,161.0,0.950777
3000.0,162.0,0.49571
3000.0,163.0,0.795279
3000.0,164.0,0.076227
3000.0,165.0,0.554442
3000.0,166.0,0.135522
3000.0,167.0,1.0
3000.0,168.0,0.293046
3000.0,169.0,0.64863
3000.0,170.0,0.000735
3000.0,171.0,0.539755
3000.0,172.0,0.241749
3000.0,173.0,0.527952
3000.0,174.0,0.164342
3000.0,175.0,0.335397
3000.0,176.0,0.079244
3000.0,177.0,0.72848
3000.0,178.0,0.597432
3000.0,179.0,0.999116
3000.0,180.0,0.466383
3000.0,181.0,1.0
3000.0,182.0,0.704133
3000.0,183.0,0.362418
3000.0,184.0,0.313923
3000.0,185.0,0.67247
3000.0,186.0,0.237188
3000.0,187.0,0.351882
3000.0,188.0,0.406545
3000.0,189.0,0.840819
3000.0,190.0,0.39663
3000.0,191.0,0.536529
3000.0,192.0,0.947694
3000.0,193.0,0.552979
3000.0,194.0,0.497031
3000.0,195.0,0.852732
3000.0,196.0,0.485164
3000.0,197.0,0.862177
3000.0,198.0,0.00485
3000.0,199.0,0.956489
3000.0,200.0,0.729141
3000.0,201.0,0.132105
3000.0,202.0,0.673863
3000.0,203.0,0.775959
3000.0,204.0,0.42502
3000.0,205.0,0.694239
3000.0,206.0,0.412649
3000.0,207.0,0.631686
3000.0,208.0,0.001551
3000.0,209.0,0.790683
3000.0,210.0,0.999179
3000.0,211.0,0.438381
3000.0,212.0,0.613721
3000.0,213.0,0.42979
3000.0,214.0,0.600694
3000.0,215.0,0.362501
3000.0,216.0,0.002869
3000.0,217.0,0.358396
3000.0,218.0,0.513382
3000.0,219.0,0.676469
3000.0,220.0,1.0
3000.0,221.0,0.694774
3000.0,222.0,0.434972
3000.0,223.0,0.657281
3000.0,224.0,0.577753
3000.0,225.0,0.992727
3000.0,226.0,1.0
3000.0,227.0,0.407293
3000.0,228.0,0.855544
3000.0,229.0,0.766894
3000.0,230.0,0.58504
3000.0,231.0,0.084158
3000.0,232.0,0.379811
3000.0,233.0,0.253306
3000.0,234.0,0.137501
3000.0,235.0,0.382653
3000.0,236.0,0.519507
3000.0,237.0,0.549091
3000.0,238.0,0.006625
3000.0,239.0,1.0
3000.0,240.0,0.461573
3000.0,241.0,0.221489
3000.0,242.0,0.600785
3000.0,243.0,0.642996
3000.0,244.0,0.249833
3000.0,245.0,0.105027
3000.0,246.0,0.38814
3000.0,247.0,0.35542
3000.0,248.0,0.552125
3000.0,249.0,0.183004
3000.0,250.0,0.263321
3000.0,251.0,0.000122
3000.0,252.0,0.804056
3000.0,253.0,0.685352
3000.0,254.0,0.178451
3000.0,255.0,0.601837
3000.0,256.0,1.0
3000.0,257.0,0.34313
3000.0,258.0,0.816479
3000.0,259.0,0.31011
3000.0,260.0,0.548897
3000.0,261.0,0.439604
3000.0,262.0,0.119683
3000.0,263.0,0.715251
3000.0,264.0,0.027535
3000.0,265.0,0.786229
3000.0,266.0,0.968473
3000.0,267.0,0.058641
3000.0,268.0,0.005849
3000.0,269.0,0.365731
3000.0,270.0,0.458558
3000.0,271.0,0.554868
3000.0,272.0,0.692333
3000.0,273.0,0.356362
3000.0,274.0,0.404467
3000.0,275.0,0.640091
3000.0,276.0,0.754342
3000.0,277.0,0.39989
3000.0,278.0,0.005156
3000.0,279.0,0.405347
3000.0,280.0,0.52397
3000.0,281.0,0.510684
3000.0,282.0,0.690765
3000.0,283.0,0.587077
3000.0,284.0,0.44317
3000.0,285.0,0.676648
3000.0,286.0,0.42782
3000.0,287.0,0.0
3000.0,288.0,0.265449
3000.0,289.0,0.9997
3000.0,290.0,1.0
3000.0,291.0,0.747702
3000.0,292.0,0.240274
3000.0,293.0,0.011811
3000.0,294.0,0.0
3000.0,295.0,0.492903
3000.0,296.0,0.772987
3000.0,297.0,0.390424
3000.0,298.0,0.575303
3000.0,299.0,0.853867
3000.0,300.0,0.676452
3000.0,301.0,0.0
3000.0,302.0,0.866925
3000.0,303.0,0.782992
3000.0,304.0,0.578902
3000.0,305.0,0.708805
3000.0,306.0,0.927477
3000.0,307.0,0.431544
3000.0,308.0,0.419274
3000.0,309.0,0.70646
3000.0,310.0,0.850931
3000.0,311.0,0.999331
3000.0,312.0,0.184471
3000.0,313.0,0.663039
3000.0,314.0,0.505329
3000.0,315.0,0.999853
3000.0,316.0,0.670112
3000.0,317.0,0.512201
3000.0,318.0,0.458988
3000.0,319.0,0.000959
3000.0,320.0,0.312834
3000.0,321.0,0.128883
3000.0,322.0,0.231746
3000.0,323.0,0.175546
3000.0,324.0,0.265844
3000.0,325.0,0.0555
3000.0,326.0,0.589358
3000.0,327.0,0.022089
3000.0,328.0,0.0
3000.0,329.0,0.446703
3000.0,330.0,0.562278
3000.0,331.0,1.0
3000.0,332.0,0.374483
3000.0,333.0,0.21783
3000.0,334.0,0.66697
3001.0,0.0,0.093644
3001.0,1.0,0.890031
3001.0,2.0,0.000233
3001.0,3.0,0.67227
3001.0,4.0,0.000636
3001.0,5.0,0.359484
3001.0,6.0,0.627796
3001.0,7.0,0.375091
3001.0,8.0,0.487402
3001.0,9.0,0.535362
3001.0,10.0,0.0
3001.0,11.0,0.427933
3001.0,12.0,1.0
3001.0,13.0,0.544523
3001.0,14.0,0.515435
3001.0,15.0,0.343381
3001.0,16.0,0.561828
3001.0,17.0,0.56298
3001.0,18.0,0.0
3001.0,19.0,0.479736
3001.0,20.0,0.563497
3001.0,21.0,0.487885
3001.0,22.0,0.190446
3001.0,23.0,0.530456
3001.0,24.0,0.201938
3001.0,25.0,0.334512
3001.0,26.0,0.676678
3001.0,27.0,0.0
3001.0,28.0,0.406136
3001.0,29.0,0.439702
3001.0,30.0,0.656995
3001.0,31.0,0.47379
3001.0,32.0,0.30448
3001.0,33.0,0.354654
3001.0,34.0,0.85018
3001.0,35.0,0.37457
3001.0,36.0,0.347437
3001.0,37.0,0.38579
3001.0,38.0,0.184817
3001.0,39.0,0.008836
3001.0,40.0,0.941895
3001.0,41.0,0.688884
3001.0,42.0,0.07361
3001.0,43.0,0.601964
3001.0,44.0,0.478876
3001.0,45.0,0.995808
3001.0,46.0,0.591988
3001.0,47.0,0.35957
3001.0,48.0,0.074403
3001.0,49.0,0.751515
3001.0,50.0,0.978564
3001.0,51.0,0.349461
3001.0,52.0,0.993736
3001.0,53.0,0.616439
3001.0,54.0,0.460968
3001.0,55.0,0.740117
3001.0,56.0,0.372474
3001.0,57.0,0.290919
3001.0,58.0,0.999795
3001.0,59.0,0.73216
3001.0,60.0,0.096303
3001.0,61.0,0.88976
3001.0,62.0,0.533299
3001.0,63.0,0.638825
3001.0,64.0,0.005106
3001.0,65.0,0.606443
3001.0,66.0,0.761685
3001.0,67.0,0.33798
3001.0,68.0,0.273453
3001.0,69.0,0.359258
3001.0,70.0,0.043379
3001.0,71.0,0.589747
3001.0,72.0,0.583827
3001.0,73.0,0.089485
3001.0,74.0,0.756559
3001.0,75.0,0.782038
3001.0,76.0,0.475683
3001.0,77.0,0.050785
3001.0,78.0,0.39878
3001.0,79.0,0.002804
3001.0,80.0,0.360468
3001.0,81.0,0.414212
3001.0,82.0,0.523207
3001.0,83.0,0.996894
3001.0,84.0,1.0
3001.0,85.0,0.186952
3001.0,86.0,0.582365
3001.0,87.0,0.130753
3001.0,88.0,0.618828
3001.0,89.0,0.255793
3001.0,90.0,0.828282
3001.0,91.0,0.0
3001.0,92.0,0.0
3001.0,93.0,0.46359
3001.0,94.0,0.835503
3001.0,95.0,0.640541
3001.0,96.0,0.269535
3001.0,97.0,0.059723
3001.0,98.0,0.943769
3001.0,99.0,0.362592
3001.0,100.0,0.714765
3001.0,101.0,0.460961
3001.0,102.0,0.727268
3001.0,103.0,0.413323
3001.0,104.0,1.0
3001.0,105.0,0.548519
3001.0,106.0,0.773955
3001.0,107.0,0.711533
3001.0,108.0,0.614821
3001.0,109.0,0.290733
3001.0,110.0,0.500353
3001.0,111.0,0.068845
3001.0,112.0,0.660015
3001.0,113.0,0.398237
3001.0,114.0,0.411329
3001.0,115.0,0.892252
3001.0,116.0,0.0
3001.0,117.0,0.481915
3001.0,118.0,0.606527
3001.0,119.0,0.001835
3001.0,120.0,0.54382
3001.0,121.0,0.452873
3001.0,122.0,0.54201
3001.0,123.0,0.990622
3001.0,124.0,0.0
3001.0,125.0,0.286847
3001.0,126.0,0.647883
3001.0,127.0,0.734933
3001.0,128.0,0.979701
3001.0,129.0,0.374256
3001.0,130.0,0.0
3001.0,131.0,0.0
3001.0,132.0,0.009612
3001.0,133.0,0.174095
3001.0,134.0,0.0
3001.0,135.0,0.976325
3001.0,136.0,0.851985
3001.0,137.0,0.60128
3001.0,138.0,0.190777
3001.0,139.0,0.244366
3001.0,140.0,0.972039
3001.0,141.0,0.608126
3001.0,142.0,0.197979
3001.0,143.0,0.608139
3001.0,144.0,0.0
3001.0,145.0,0.137571
3001.0,146.0,0.623099
3001.0,147.0,1.0
3001.0,148.0,0.683324
3001.0,149.0,1.0
3001.0,150.0,0.446323
3001.0,151.0,0.813188
3001.0,152.0,0.223332
3001.0,153.0,0.653128
3001.0,154.0,0.501232
3001.0,155.0,0.402241
3001.0,156.0,0.391049
3001.0,157.0,1.0
3001.0,158.0,0.418984
3001.0,159.0,0.304939
3001.0,160.0,0.687695
3001.0,161.0,0.95064
3001.0,162.0,0.499554
3001.0,163.0,0.799217
3001.0,164.0,0.077047
3001.0,165.0,0.557099
3001.0,166.0,0.13668
3001.0,167.0,1.0
3001.0,168.0,0.293728
3001.0,169.0,0.655793
3001.0,170.0,0.000713
3001.0,171.0,0.544827
3001.0,172.0,0.243589
3001.0,173.0,0.534204
3001.0,174.0,0.166206
3001.0,175.0,0.337873
3001.0,176.0,0.079436
3001.0,177.0,0.729066
3001.0,178.0,0.602865
3001.0,179.0,0.999115
3001.0,180.0,0.468357
3001.0,181.0,1.0
3001.0,182.0,0.718295
3001.0,183.0,0.367365
3001.0,184.0,0.31844
3001.0,185.0,0.678239
3001.0,186.0,0.238606
3001.0,187.0,0.353045
3001.0,188.0,0.40746
3001.0,189.0,0.848539
3001.0,190.0,0.403724
3001.0,191.0,0.541289
3001.0,192.0,0.948229
3001.0,193.0,0.557371
3001.0,194.0,0.502923
3001.0,195.0,0.854333
3001.0,196.0,0.490411
3001.0,197.0,0.864107
3001.0,198.0,0.004959
3001.0,199.0,0.957015
3001.0,200.0,0.730219
3001.0,201.0,0.133808
3001.0,202.0,0.681406
3001.0,203.0,0.78028
3001.0,204.0,0.424804
3001.0,205.0,0.69586
3001.0,206.0,0.439115
3001.0,207.0,0.648004
3001.0,208.0,0.001556
3001.0,209.0,0.791849
3001.0,210.0,0.999169
3001.0,211.0,0.441768
3001.0,212.0,0.614802
3001.0,213.0,0.432239
3001.0,214.0,0.613263
3001.0,215.0,0.362822
3001.0,216.0,0.00292
3001.0,217.0,0.362993
3001.0,218.0,0.526218
3001.0,219.0,0.683902
3001.0,220.0,1.0
3001.0,221.0,0.697965
3001.0,222.0,0.459934
3001.0,223.0,0.661038
3001.0,224.0,0.578806
3001.0,225.0,0.993001
3001.0,226.0,1.0
3001.0,227.0,0.408047
3001.0,228.0,0.856326
3001.0,229.0,0.767314
3001.0,230.0,0.586455
3001.0,231.0,0.084487
3001.0,232.0,0.382004
3001.0,233.0,0.253006
3001.0,234.0,0.140058
3001.0,235.0,0.384378
3001.0,236.0,0.521966
3001.0,237.0,0.55225
3001.0,238.0,0.006698
3001.0,239.0,1.0
3001.0,240.0,0.464955
3001.0,241.0,0.222519
3001.0,242.0,0.601857
3001.0,243.0,0.645625
3001.0,244.0,0.254048
3001.0,245.0,0.108299
3001.0,246.0,0.389593
3001.0,247.0,0.35868
3001.0,248.0,0.558191
3001.0,249.0,0.189197
3001.0,250.0,0.26914
3001.0,251.0,0.000119
3001.0,252.0,0.803275
3001.0,253.0,0.686083
3001.0,254.0,0.190862
3001.0,255.0,0.602927
3001.0,256.0,1.0
3001.0,257.0,0.344886
3001.0,258.0,0.816717
3001.0,259.0,0.312369
3001.0,260.0,0.548599
3001.0,261.0,0.441481
3001.0,262.0,0.121514
3001.0,263.0,0.716002
3001.0,264.0,0.027619
3001.0,265.0,0.787476
3001.0,266.0,0.969076
3001.0,267.0,0.059342
3001.0,268.0,0.005959
3001.0,269.0,0.368101
3001.0,270.0,0.460516
3001.0,271.0,0.56234
3001.0,272.0,0.692838
3001.0,273.0,0.357678
3001.0,274.0,0.405922
3001.0,275.0,0.652214
3001.0,276.0,0.776192
3001.0,277.0,0.402182
3001.0,278.0,0.005262
3001.0,279.0,0.408085
3001.0,280.0,0.528864
3001.0,281.0,0.513179
3001.0,282.0,0.696794
3001.0,283.0,0.597469
3001.0,284.0,0.450799
3001.0,285.0,0.676887
3001.0,286.0,0.434752
3001.0,287.0,0.0
3001.0,288.0,0.269511
3001.0,289.0,0.99969
3001.0,290.0,1.0
3001.0,291.0,0.749428
3001.0,292.0,0.242341
3001.0,293.0,0.012502
3001.0,294.0,0.0
3001.0,295.0,0.49693
3001.0,296.0,0.775403
3001.0,297.0,0.3908
3001.0,298.0,0.577095
3001.0,299.0,0.853903
3001.0,300.0,0.683985
3001.0,301.0,0.0
3001.0,302.0,0.869708
3001.0,303.0,0.786913
3001.0,304.0,0.578637
3001.0,305.0,0.715279
3001.0,306.0,0.928288
3001.0,307.0,0.440158
3001.0,308.0,0.422584
3001.0,309.0,0.710213
3001.0,310.0,0.852375
3001.0,311.0,0.999327
3001.0,312.0,0.190027
3001.0,313.0,0.665162
3001.0,314.0,0.507201
3001.0,315.0,0.999871
3001.0,316.0,0.671197
3001.0,317.0,0.514288
3001.0,318.0,0.461455
3001.0,319.0,0.001011
3001.0,320.0,0.321114
3001.0,321.0,0.129847
3001.0,322.0,0.234676
3001.0,323.0,0.177259
3001.0,324.0,0.267446
3001.0,325.0,0.055592
3001.0,326.0,0.595637
3001.0,327.0,0.022078
3001.0,328.0,0.0
3001.0,329.0,0.488376
3001.0,330.0,0.56315
3001.0,331.0,1.0
3001.0,332.0,0.375807
3001.0,333.0,0.220378
3001.0,334.0,0.666824
3002.0,0.0,0.094035
3002.0,1.0,0.890197
3002.0,2.0,0.000224
3002.0,3.0,0.679454
3002.0,4.0,0.000671
3002.0,5.0,0.36091
3002.0,6.0,0.632067
3002.0,7.0,0.380845
3002.0,8.0,0.493143
3002.0,9.0,0.54058
3002.0,10.0,0.0
3002.0,11.0,0.435977
3002.0,12.0,1.0
3002.0,13.0,0.550056
3002.0,14.0,0.523555
3002.0,15.0,0.346809
3002.0,16.0,0.565356
3002.0,17.0,0.566741
3002.0,18.0,0.0
3002.0,19.0,0.481735
3002.0,20.0,0.565117
3002.0,21.0,0.491336
3002.0,22.0,0.190948
3002.0,23.0,0.535087
3002.0,24.0,0.207352
3002.0,25.0,0.339126
3002.0,26.0,0.690603
3002.0,27.0,0.0
3002.0,28.0,0.41175
3002.0,29.0,0.451427
3002.0,30.0,0.658768
3002.0,31.0,0.475139
3002.0,32.0,0.307674
3002.0,33.0,0.356857
3002.0,34.0,0.851667
3002.0,35.0,0.388417
3002.0,36.0,0.349358
3002.0,37.0,0.386224
3002.0,38.0,0.185332
3002.0,39.0,0.008856
3002.0,40.0,0.942783
3002.0,41.0,0.692635
3002.0,42.0,0.074804
3002.0,43.0,0.604044
3002.0,44.0,0.483694
3002.0,45.0,0.995832
3002.0,46.0,0.594993
3002.0,47.0,0.362889
3002.0,48.0,0.074382
3002.0,49.0,0.752504
3002.0,50.0,0.978634
3002.0,51.0,0.353764
3002.0,52.0,0.99375
3002.0,53.0,0.615367
3002.0,54.0,0.469899
3002.0,55.0,0.741062
3002.0,56.0,0.377701
3002.0,57.0,0.292189
3002.0,58.0,0.999793
3002.0,59.0,0.73329
3002.0,60.0,0.096501
3002.0,61.0,0.890881
3002.0,62.0,0.540634
3002.0,63.0,0.641494
3002.0,64.0,0.005231
3002.0,65.0,0.611444
3002.0,66.0,0.765507
3002.0,67.0,0.340847
3002.0,68.0,0.28246
3002.0,69.0,0.364064
3002.0,70.0,0.04402
3002.0,71.0,0.591005
3002.0,72.0,0.58458
3002.0,73.0,0.089252
3002.0,74.0,0.762879
3002.0,75.0,0.790592
3002.0,76.0,0.479382
3002.0,77.0,0.051479
3002.0,78.0,0.404826
3002.0,79.0,0.002869
3002.0,80.0,0.367554
3002.0,81.0,0.416721
3002.0,82.0,0.524807
3002.0,83.0,0.996975
3002.0,84.0,1.0
3002.0,85.0,0.188742
3002.0,86.0,0.5828
3002.0,87.0,0.131273
3002.0,88.0,0.620488
3002.0,89.0,0.256898
3002.0,90.0,0.828711
3002.0,91.0,0.0
3002.0,92.0,0.0
3002.0,93.0,0.465672
3002.0,94.0,0.836056
3002.0,95.0,0.644364
3002.0,96.0,0.277126
3002.0,97.0,0.061547
3002.0,98.0,0.944022
3002.0,99.0,0.365236
3002.0,100.0,0.715985
3002.0,101.0,0.470728
3002.0,102.0,0.730579
3002.0,103.0,0.421035
3002.0,104.0,1.0
3002.0,105.0,0.550758
3002.0,106.0,0.782368
3002.0,107.0,0.714408
3002.0,108.0,0.617992
3002.0,109.0,0.290941
3002.0,110.0,0.513675
3002.0,111.0,0.069766
3002.0,112.0,0.663886
3002.0,113.0,0.470047
3002.0,114.0,0.415382
3002.0,115.0,0.892077
3002.0,116.0,0.0
3002.0,117.0,0.491519
3002.0,118.0,0.606917
3002.0,119.0,0.001904
3002.0,120.0,0.548212
3002.0,121.0,0.454232
3002.0,122.0,0.544525
3002.0,123.0,0.990764
3002.0,124.0,0.0
3002.0,125.0,0.300256
3002.0,126.0,0.650376
3002.0,127.0,0.749756
3002.0,128.0,0.979997
3002.0,129.0,0.373879
3002.0,130.0,0.0
3002.0,131.0,0.0
3002.0,132.0,0.009529
3002.0,133.0,0.18021
3002.0,134.0,0.0
3002.0,135.0,0.97653
3002.0,136.0,0.856011
3002.0,137.0,0.601671
3002.0,138.0,0.190445
3002.0,139.0,0.251244
3002.0,140.0,0.972349
3002.0,141.0,0.611164
3002.0,142.0,0.198636
3002.0,143.0,0.610582
3002.0,144.0,0.0
3002.0,145.0,0.138781
3002.0,146.0,0.626262
3002.0,147.0,1.0
3002.0,148.0,0.702327
3002.0,149.0,1.0
3002.0,150.0,0.460804
3002.0,151.0,0.813937
3002.0,152.0,0.224987
3002.0,153.0,0.658633
3002.0,154.0,0.504599
3002.0,155.0,0.412669
3002.0,156.0,0.413163
3002.0,157.0,1.0
3002.0,158.0,0.441124
3002.0,159.0,0.305499
3002.0,160.0,0.692579
3002.0,161.0,0.950406
3002.0,162.0,0.503557
3002.0,163.0,0.801912
3002.0,164.0,0.077356
3002.0,165.0,0.559281
3002.0,166.0,0.136926
3002.0,167.0,1.0
3002.0,168.0,0.294588
3002.0,169.0,0.662597
3002.0,170.0,0.00074
3002.0,171.0,0.549915
3002.0,172.0,0.244254
3002.0,173.0,0.540038
3002.0,174.0,0.168466
3002.0,175.0,0.340229
3002.0,176.0,0.07979
3002.0,177.0,0.729936
3002.0,178.0,0.607876
3002.0,179.0,0.999074
3002.0,180.0,0.47005
3002.0,181.0,1.0
3002.0,182.0,0.731619
3002.0,183.0,0.371151
3002.0,184.0,0.323428
3002.0,185.0,0.684144
3002.0,186.0,0.240196
3002.0,187.0,0.354414
3002.0,188.0,0.408189
3002.0,189.0,0.856139
3002.0,190.0,0.411073
3002.0,191.0,0.546363
3002.0,192.0,0.94872
3002.0,193.0,0.561398
3002.0,194.0,0.507222
3002.0,195.0,0.8556
3002.0,196.0,0.496564
3002.0,197.0,0.864768
3002.0,198.0,0.005037
3002.0,199.0,0.957532
3002.0,200.0,0.731133
3002.0,201.0,0.13478
3002.0,202.0,0.688975
3002.0,203.0,0.784787
3002.0,204.0,0.425885
3002.0,205.0,0.696911
3002.0,206.0,0.464587
3002.0,207.0,0.663846
3002.0,208.0,0.001483
3002.0,209.0,0.792311
3002.0,210.0,0.99918
3002.0,211.0,0.445396
3002.0,212.0,0.614858
3002.0,213.0,0.434092
3002.0,214.0,0.626803
3002.0,215.0,0.363684
3002.0,216.0,0.002938
3002.0,217.0,0.368437
3002.0,218.0,0.538748
3002.0,219.0,0.690026
3002.0,220.0,1.0
3002.0,221.0,0.701211
3002.0,222.0,0.485422
3002.0,223.0,0.665154
3002.0,224.0,0.578964
3002.0,225.0,0.993226
3002.0,226.0,1.0
3002.0,227.0,0.40927
3002.0,228.0,0.857534
3002.0,229.0,0.767684
3002.0,230.0,0.588257
3002.0,231.0,0.084851
3002.0,232.0,0.384827
3002.0,233.0,0.253672
3002.0,234.0,0.142591
3002.0,235.0,0.385793
3002.0,236.0,0.525244
3002.0,237.0,0.555013
3002.0,238.0,0.006903
3002.0,239.0,1.0
3002.0,240.0,0.468111
3002.0,241.0,0.222255
3002.0,242.0,0.603746
3002.0,243.0,0.647886
3002.0,244.0,0.257941
3002.0,245.0,0.111267
3002.0,246.0,0.390115
3002.0,247.0,0.360931
3002.0,248.0,0.564738
3002.0,249.0,0.195079
3002.0,250.0,0.275155
3002.0,251.0,0.000129
3002.0,252.0,0.802776
3002.0,253.0,0.686704
3002.0,254.0,0.204082
3002.0,255.0,0.603499
3002.0,256.0,1.0
3002.0,257.0,0.346543
3002.0,258.0,0.818105
3002.0,259.0,0.314676
3002.0,260.0,0.547576
3002.0,261.0,0.442999
3002.0,262.0,0.122422
3002.0,263.0,0.717739
3002.0,264.0,0.027464
3002.0,265.0,0.78866
3002.0,266.0,0.969359
3002.0,267.0,0.060023
3002.0,268.0,0.006042
3002.0,269.0,0.37094
3002.0,270.0,0.461681
3002.0,271.0,0.56991
3002.0,272.0,0.693937
3002.0,273.0,0.358826
3002.0,274.0,0.407577
3002.0,275.0,0.663221
3002.0,276.0,0.796048
3002.0,277.0,0.404083
3002.0,278.0,0.005177
3002.0,279.0,0.410161
3002.0,280.0,0.533654
3002.0,281.0,0.516814
3002.0,282.0,0.70341
3002.0,283.0,0.607201
3002.0,284.0,0.458505
3002.0,285.0,0.677635
3002.0,286.0,0.440714
3002.0,287.0,0.0
3002.0,288.0,0.274395
3002.0,289.0,0.999644
3002.0,290.0,1.0
3002.0,291.0,0.750987
3002.0,292.0,0.244537
3002.0,293.0,0.013015
3002.0,294.0,0.0
3002.0,295.0,0.502216
3002.0,296.0,0.777676
3002.0,297.0,0.391815
3002.0,298.0,0.578363
3002.0,299.0,0.854037
3002.0,300.0,0.690617
3002.0,301.0,0.0
3002.0,302.0,0.873329
3002.0,303.0,0.791412
3002.0,304.0,0.579338
3002.0,305.0,0.721332
3002.0,306.0,0.92881
3002.0,307.0,0.448342
3002.0,308.0,0.425286
3002.0,309.0,0.714081
3002.0,310.0,0.853292
3002.0,311.0,0.999326
3002.0,312.0,0.195077
3002.0,313.0,0.668299
3002.0,314.0,0.510133
3002.0,315.0,0.99988
3002.0,316.0,0.67202
3002.0,317.0,0.516382
3002.0,318.0,0.463868
3002.0,319.0,0.000961
3002.0,320.0,0.328831
3002.0,321.0,0.131194
3002.0,322.0,0.237922
3002.0,323.0,0.179656
3002.0,324.0,0.269168
3002.0,325.0,0.055519
3002.0,326.0,0.602766
3002.0,327.0,0.022044
3002.0,328.0,0.0
3002.0,329.0,0.529852
3002.0,330.0,0.563082
3002.0,331.0,1.0
3002.0,332.0,0.37673
3002.0,333.0,0.222398
3002.0,334.0,0.667215
3003.0,0.0,0.094116
3003.0,1.0,0.890717
3003.0,2.0,0.000219
3003.0,3.0,0.686443
3003.0,4.0,0.000709
3003.0,5.0,0.361934
3003.0,6.0,0.635499
3003.0,7.0,0.386101
3003.0,8.0,0.499368
3003.0,9.0,0.545172
3003.0,10.0,0.0
3003.0,11.0,0.443197
3003.0,12.0,1.0
3003.0,13.0,0.556041
3003.0,14.0,0.531607
3003.0,15.0,0.34927
3003.0,16.0,0.56992
3003.0,17.0,0.57094
3003.0,18.0,0.0
3003.0,19.0,0.483586
3003.0,20.0,0.566335
3003.0,21.0,0.494464
3003.0,22.0,0.191628
3003.0,23.0,0.539635
3003.0,24.0,0.211936
3003.0,25.0,0.342563
3003.0,26.0,0.703623
3003.0,27.0,0.0
3003.0,28.0,0.417037
3003.0,29.0,0.463167
3003.0,30.0,0.66085
3003.0,31.0,0.476329
3003.0,32.0,0.311287
3003.0,33.0,0.358644
3003.0,34.0,0.853564
3003.0,35.0,0.402251
3003.0,36.0,0.351654
3003.0,37.0,0.387171
3003.0,38.0,0.186381
3003.0,39.0,0.00906
3003.0,40.0,0.944106
3003.0,41.0,0.69558
3003.0,42.0,0.076274
3003.0,43.0,0.606557
3003.0,44.0,0.487543
3003.0,45.0,0.995932
3003.0,46.0,0.59675
3003.0,47.0,0.365258
3003.0,48.0,0.074496
3003.0,49.0,0.754417
3003.0,50.0,0.979164
3003.0,51.0,0.358989
3003.0,52.0,0.99398
3003.0,53.0,0.615293
3003.0,54.0,0.478838
3003.0,55.0,0.742143
3003.0,56.0,0.38377
3003.0,57.0,0.293777
3003.0,58.0,0.999772
3003.0,59.0,0.734527
3003.0,60.0,0.096829
3003.0,61.0,0.891484
3003.0,62.0,0.547417
3003.0,63.0,0.644429
3003.0,64.0,0.005369
3003.0,65.0,0.61671
3003.0,66.0,0.76849
3003.0,67.0,0.344808
3003.0,68.0,0.291625
3003.0,69.0,0.368154
3003.0,70.0,0.044418
3003.0,71.0,0.592737
3003.0,72.0,0.586069
3003.0,73.0,0.089092
3003.0,74.0,0.768345
3003.0,75.0,0.798635
3003.0,76.0,0.483087
3003.0,77.0,0.052311
3003.0,78.0,0.410353
3003.0,79.0,0.002888
3003.0,80.0,0.375265
3003.0,81.0,0.41874
3003.0,82.0,0.52675
3003.0,83.0,0.997037
3003.0,84.0,1.0
3003.0,85.0,0.190271
3003.0,86.0,0.58405
3003.0,87.0,0.131966
3003.0,88.0,0.62155
3003.0,89.0,0.257253
3003.0,90.0,0.82964
3003.0,91.0,0.0
3003.0,92.0,0.0
3003.0,93.0,0.466739
3003.0,94.0,0.837101
3003.0,95.0,0.647908
3003.0,96.0,0.285831
3003.0,97.0,0.062876
3003.0,98.0,0.944097
3003.0,99.0,0.367901
3003.0,100.0,0.717531
3003.0,101.0,0.479456
3003.0,102.0,0.733102
3003.0,103.0,0.428152
3003.0,104.0,1.0
3003.0,105.0,0.554062
3003.0,106.0,0.790479
3003.0,107.0,0.717591
3003.0,108.0,0.622392
3003.0,109.0,0.291359
3003.0,110.0,0.525882
3003.0,111.0,0.070682
3003.0,112.0,0.668296
3003.0,113.0,0.539852
3003.0,114.0,0.419622
3003.0,115.0,0.892176
3003.0,116.0,0.0
3003.0,117.0,0.500639
3003.0,118.0,0.607391
3003.0,119.0,0.001981
3003.0,120.0,0.553318
3003.0,121.0,0.456673
3003.0,122.0,0.547096
3003.0,123.0,0.990674
3003.0,124.0,0.0
3003.0,125.0,0.313426
3003.0,126.0,0.652812
3003.0,127.0,0.763058
3003.0,128.0,0.980343
3003.0,129.0,0.374029
3003.0,130.0,0.0
3003.0,131.0,0.0
3003.0,132.0,0.009476
3003.0,133.0,0.186282
3003.0,134.0,0.0
3003.0,135.0,0.976802
3003.0,136.0,0.859377
3003.0,137.0,0.601479
3003.0,138.0,0.190509
3003.0,139.0,0.257238
3003.0,140.0,0.972373
3003.0,141.0,0.614249
3003.0,142.0,0.199662
3003.0,143.0,0.612345
3003.0,144.0,0.0
3003.0,145.0,0.139183
3003.0,146.0,0.630234
3003.0,147.0,1.0
3003.0,148.0,0.720498
3003.0,149.0,1.0
3003.0,150.0,0.473503
3003.0,151.0,0.814603
3003.0,152.0,0.226552
3003.0,153.0,0.664128
3003.0,154.0,0.507039
3003.0,155.0,0.422646
3003.0,156.0,0.434692
3003.0,157.0,1.0
3003.0,158.0,0.46289
3003.0,159.0,0.30713
3003.0,160.0,0.697985
3003.0,161.0,0.950822
3003.0,162.0,0.507267
3003.0,163.0,0.804354
3003.0,164.0,0.077978
3003.0,165.0,0.560653
3003.0,166.0,0.136888
3003.0,167.0,1.0
3003.0,168.0,0.295286
3003.0,169.0,0.668605
3003.0,170.0,0.000753
3003.0,171.0,0.55481
3003.0,172.0,0.245971
3003.0,173.0,0.545517
3003.0,174.0,0.170972
3003.0,175.0,0.342315
3003.0,176.0,0.079862
3003.0,177.0,0.729707
3003.0,178.0,0.61352
3003.0,179.0,0.999046
3003.0,180.0,0.472647
3003.0,181.0,1.0
3003.0,182.0,0.744787
3003.0,183.0,0.375475
3003.0,184.0,0.328655
3003.0,185.0,0.690508
3003.0,186.0,0.241132
3003.0,187.0,0.355944
3003.0,188.0,0.40828
3003.0,189.0,0.86358
3003.0,190.0,0.418361
3003.0,191.0,0.550811
3003.0,192.0,0.949103
3003.0,193.0,0.564604
3003.0,194.0,0.512956
3003.0,195.0,0.856876
3003.0,196.0,0.501168
3003.0,197.0,0.866436
3003.0,198.0,0.005228
3003.0,199.0,0.957565
3003.0,200.0,0.731828
3003.0,201.0,0.136229
3003.0,202.0,0.695404
3003.0,203.0,0.789473
3003.0,204.0,0.427407
3003.0,205.0,0.697779
3003.0,206.0,0.489232
3003.0,207.0,0.678552
3003.0,208.0,0.001411
3003.0,209.0,0.792634
3003.0,210.0,0.999199
3003.0,211.0,0.449879
3003.0,212.0,0.615474
3003.0,213.0,0.435982
3003.0,214.0,0.639069
3003.0,215.0,0.365463
3003.0,216.0,0.003041
3003.0,217.0,0.373161
3003.0,218.0,0.551064
3003.0,219.0,0.695729
3003.0,220.0,1.0
3003.0,221.0,0.704859
3003.0,222.0,0.510766
3003.0,223.0,0.668819
3003.0,224.0,0.579567
3003.0,225.0,0.99334
3003.0,226.0,1.0
3003.0,227.0,0.410284
3003.0,228.0,0.858834
3003.0,229.0,0.768916
3003.0,230.0,0.590197
3003.0,231.0,0.08515
3003.0,232.0,0.388243
3003.0,233.0,0.253442
3003.0,234.0,0.145159
3003.0,235.0,0.387227
3003.0,236.0,0.527651
3003.0,237.0,0.55705
3003.0,238.0,0.006727
3003.0,239.0,1.0
3003.0,240.0,0.471528
3003.0,241.0,0.222439
3003.0,242.0,0.605042
3003.0,243.0,0.651347
3003.0,244.0,0.262054
3003.0,245.0,0.114001
3003.0,246.0,0.390627
3003.0,247.0,0.363842
3003.0,248.0,0.569827
3003.0,249.0,0.200094
3003.0,250.0,0.281452
3003.0,251.0,0.000121
3003.0,252.0,0.80246
3003.0,253.0,0.687532
3003.0,254.0,0.216572
3003.0,255.0,0.603755
3003.0,256.0,1.0
3003.0,257.0,0.346246
3003.0,258.0,0.819309
3003.0,259.0,0.315641
3003.0,260.0,0.547822
3003.0,261.0,0.444898
3003.0,262.0,0.124241
3003.0,263.0,0.720068
3003.0,264.0,0.027219
3003.0,265.0,0.789657
3003.0,266.0,0.969568
3003.0,267.0,0.060529
3003.0,268.0,0.006195
3003.0,269.0,0.374103
3003.0,270.0,0.462502
3003.0,271.0,0.576186
3003.0,272.0,0.694389
3003.0,273.0,0.36069
3003.0,274.0,0.410082
3003.0,275.0,0.673571
3003.0,276.0,0.814077
3003.0,277.0,0.405642
3003.0,278.0,0.005205
3003.0,279.0,0.413084
3003.0,280.0,0.538512
3003.0,281.0,0.518743
3003.0,282.0,0.709569
3003.0,283.0,0.615765
3003.0,284.0,0.464913
3003.0,285.0,0.678236
3003.0,286.0,0.446954
3003.0,287.0,0.0
3003.0,288.0,0.278799
3003.0,289.0,0.99959
3003.0,290.0,1.0
3003.0,291.0,0.751724
3003.0,292.0,0.246616
3003.0,293.0,0.013615
3003.0,294.0,0.0
3003.0,295.0,0.506343
3003.0,296.0,0.780783
3003.0,297.0,0.392953
3003.0,298.0,0.578955
3003.0,299.0,0.854215
3003.0,300.0,0.696958
3003.0,301.0,0.0
3003.0,302.0,0.877042
3003.0,303.0,0.795435
3003.0,304.0,0.580139
3003.0,305.0,0.726924
3003.0,306.0,0.930164
3003.0,307.0,0.456313
3003.0,308.0,0.427822
3003.0,309.0,0.718411
3003.0,310.0,0.853723
3003.0,311.0,0.999337
3003.0,312.0,0.200976
3003.0,313.0,0.670466
3003.0,314.0,0.512178
3003.0,315.0,0.99987
3003.0,316.0,0.673009
3003.0,317.0,0.519435
3003.0,318.0,0.466805
3003.0,319.0,0.000966
3003.0,320.0,0.337528
3003.0,321.0,0.132487
3003.0,322.0,0.240433
3003.0,323.0,0.182345
3003.0,324.0,0.270889
3003.0,325.0,0.055895
3003.0,326.0,0.609813
3003.0,327.0,0.021995
3003.0,328.0,0.0
3003.0,329.0,0.570248
3003.0,330.0,0.563787
3003.0,331.0,1.0
3003.0,332.0,0.378223
3003.0,333.0,0.224459
3003.0,334.0,0.667206
3004.0,0.0,0.094733
3004.0,1.0,0.890687
3004.0,2.0,0.000219
3004.0,3.0,0.694836
3004.0,4.0,0.000746
3004.0,5.0,0.363814
3004.0,6.0,0.638455
3004.0,7.0,0.391813
3004.0,8.0,0.503949
3004.0,9.0,0.550637
3004.0,10.0,0.0
3004.0,11.0,0.450727
3004.0,12.0,1.0
3004.0,13.0,0.562408
3004.0,14.0,0.539219
3004.0,15.0,0.352299
3004.0,16.0,0.572852
3004.0,17.0,0.575684
3004.0,18.0,0.0
3004.0,19.0,0.485372
3004.0,20.0,0.567657
3004.0,21.0,0.497329
3004.0,22.0,0.191697
3004.0,23.0,0.543921
3004.0,24.0,0.217065
3004.0,25.0,0.346988
3004.0,26.0,0.715866
3004.0,27.0,0.0
3004.0,28.0,0.421146
3004.0,29.0,0.473684
3004.0,30.0,0.662645
3004.0,31.0,0.477347
3004.0,32.0,0.314325
3004.0,33.0,0.360738
3004.0,34.0,0.854434
3004.0,35.0,0.414724
3004.0,36.0,0.353435
3004.0,37.0,0.387518
3004.0,38.0,0.186906
3004.0,39.0,0.009124
3004.0,40.0,0.945082
3004.0,41.0,0.69916
3004.0,42.0,0.078008
3004.0,43.0,0.609118
3004.0,44.0,0.490662
3004.0,45.0,0.996041
3004.0,46.0,0.59827
3004.0,47.0,0.369069
3004.0,48.0,0.074316
3004.0,49.0,0.755946
3004.0,50.0,0.979512
3004.0,51.0,0.363298
3004.0,52.0,0.993882
3004.0,53.0,0.614509
3004.0,54.0,0.486597
3004.0,55.0,0.743624
3004.0,56.0,0.389851
3004.0,57.0,0.296357
3004.0,58.0,0.999775
3004.0,59.0,0.735405
3004.0,60.0,0.097036
3004.0,61.0,0.891864
3004.0,62.0,0.553761
3004.0,63.0,0.646521
3004.0,64.0,0.005472
3004.0,65.0,0.622186
3004.0,66.0,0.772024
3004.0,67.0,0.348667
3004.0,68.0,0.300366
3004.0,69.0,0.372421
3004.0,70.0,0.044454
3004.0,71.0,0.59466
3004.0,72.0,0.587555
3004.0,73.0,0.089707
3004.0,74.0,0.773496
3004.0,75.0,0.805851
3004.0,76.0,0.486531
3004.0,77.0,0.052871
3004.0,78.0,0.415171
3004.0,79.0,0.002918
3004.0,80.0,0.382787
3004.0,81.0,0.420781
3004.0,82.0,0.528954
3004.0,83.0,0.997032
3004.0,84.0,1.0
3004.0,85.0,0.192269
3004.0,86.0,0.585224
3004.0,87.0,0.1322
3004.0,88.0,0.623377
3004.0,89.0,0.257728
3004.0,90.0,0.829401
3004.0,91.0,0.0
3004.0,92.0,0.0
3004.0,93.0,0.468055
3004.0,94.0,0.838304
3004.0,95.0,0.650349
3004.0,96.0,0.292905
3004.0,97.0,0.06457
3004.0,98.0,0.943803
3004.0,99.0,0.371665
3004.0,100.0,0.718381
3004.0,101.0,0.488174
3004.0,102.0,0.734707
3004.0,103.0,0.436407
3004.0,104.0,1.0
3004.0,105.0,0.557065
3004.0,106.0,0.798147
3004.0,107.0,0.720263
3004.0,108.0,0.625362
3004.0,109.0,0.291496
3004.0,110.0,0.537837
3004.0,111.0,0.071783
3004.0,112.0,0.671366
3004.0,113.0,0.605998
3004.0,114.0,0.42391
3004.0,115.0,0.891944
3004.0,116.0,0.0
3004.0,117.0,0.510475
3004.0,118.0,0.608278
3004.0,119.0,0.002074
3004.0,120.0,0.558802
3004.0,121.0,0.458489
3004.0,122.0,0.54946
3004.0,123.0,0.990745
3004.0,124.0,0.0
3004.0,125.0,0.326348
3004.0,126.0,0.655334
3004.0,127.0,0.775891
3004.0,128.0,0.98076
3004.0,129.0,0.374426
3004.0,130.0,0.0
3004.0,131.0,0.0
3004.0,132.0,0.009321
3004.0,133.0,0.192561
3004.0,134.0,0.0
3004.0,135.0,0.977112
3004.0,136.0,0.863115
3004.0,137.0,0.601067
3004.0,138.0,0.190962
3004.0,139.0,0.263685
3004.0,140.0,0.972301
3004.0,141.0,0.61745
3004.0,142.0,0.200604
3004.0,143.0,0.614316
3004.0,144.0,0.0
3004.0,145.0,0.140415
3004.0,146.0,0.633407
3004.0,147.0,1.0
3004.0,148.0,0.738298
3004.0,149.0,1.0
3004.0,150.0,0.486459
3004.0,151.0,0.815107
3004.0,152.0,0.227717
3004.0,153.0,0.669329
3004.0,154.0,0.509352
3004.0,155.0,0.431362
3004.0,156.0,0.455756
3004.0,157.0,1.0
3004.0,158.0,0.483291
3004.0,159.0,0.308136
3004.0,160.0,0.702562
3004.0,161.0,0.950787
3004.0,162.0,0.510383
3004.0,163.0,0.807826
3004.0,164.0,0.078407
3004.0,165.0,0.562014
3004.0,166.0,0.137535
3004.0,167.0,1.0
3004.0,168.0,0.294823
3004.0,169.0,0.675738
3004.0,170.0,0.000792
3004.0,171.0,0.560359
3004.0,172.0,0.246583
3004.0,173.0,0.551402
3004.0,174.0,0.173004
3004.0,175.0,0.344232
3004.0,176.0,0.079672
3004.0,177.0,0.730437
3004.0,178.0,0.619203
3004.0,179.0,0.999051
3004.0,180.0,0.474199
3004.0,181.0,1.0
3004.0,182.0,0.756751
3004.0,183.0,0.38073
3004.0,184.0,0.332508
3004.0,185.0,0.696282
3004.0,186.0,0.241987
3004.0,187.0,0.35756
3004.0,188.0,0.408136
3004.0,189.0,0.870566
3004.0,190.0,0.426185
3004.0,191.0,0.554617
3004.0,192.0,0.949466
3004.0,193.0,0.567413
3004.0,194.0,0.517198
3004.0,195.0,0.857797
3004.0,196.0,0.506481
3004.0,197.0,0.868154
3004.0,198.0,0.005353
3004.0,199.0,0.957853
3004.0,200.0,0.732452
3004.0,201.0,0.137489
3004.0,202.0,0.702416
3004.0,203.0,0.79399
3004.0,204.0,0.428189
3004.0,205.0,0.699548
3004.0,206.0,0.513619
3004.0,207.0,0.69226
3004.0,208.0,0.001423
3004.0,209.0,0.793034
3004.0,210.0,0.99918
3004.0,211.0,0.453772
3004.0,212.0,0.615547
3004.0,213.0,0.438358
3004.0,214.0,0.649428
3004.0,215.0,0.366594
3004.0,216.0,0.003041
3004.0,217.0,0.377712
3004.0,218.0,0.562621
3004.0,219.0,0.701349
3004.0,220.0,1.0
3004.0,221.0,0.70776
3004.0,222.0,0.535843
3004.0,223.0,0.671842
3004.0,224.0,0.579811
3004.0,225.0,0.993563
3004.0,226.0,1.0
3004.0,227.0,0.412015
3004.0,228.0,0.858921
3004.0,229.0,0.769426
3004.0,230.0,0.592538
3004.0,231.0,0.085094
3004.0,232.0,0.392111
3004.0,233.0,0.253819
3004.0,234.0,0.148253
3004.0,235.0,0.389389
3004.0,236.0,0.529694
3004.0,237.0,0.559292
3004.0,238.0,0.006635
3004.0,239.0,1.0
3004.0,240.0,0.475288
3004.0,241.0,0.223665
3004.0,242.0,0.606278
3004.0,243.0,0.653135
3004.0,244.0,0.266378
3004.0,245.0,0.117017
3004.0,246.0,0.391081
3004.0,247.0,0.366846
3004.0,248.0,0.574528
3004.0,249.0,0.204977
3004.0,250.0,0.286131
3004.0,251.0,0.000132
3004.0,252.0,0.802351
3004.0,253.0,0.687578
3004.0,254.0,0.230043
3004.0,255.0,0.605029
3004.0,256.0,1.0
3004.0,257.0,0.346854
3004.0,258.0,0.820952
3004.0,259.0,0.31737
3004.0,260.0,0.548465
3004.0,261.0,0.447136
3004.0,262.0,0.125763
3004.0,263.0,0.721372
3004.0,264.0,0.026875
3004.0,265.0,0.79019
3004.0,266.0,0.970065
3004.0,267.0,0.061065
3004.0,268.0,0.006306
3004.0,269.0,0.377018
3004.0,270.0,0.462732
3004.0,271.0,0.583131
3004.0,272.0,0.695308
3004.0,273.0,0.362153
3004.0,274.0,0.411661
3004.0,275.0,0.683725
3004.0,276.0,0.829845
3004.0,277.0,0.407875
3004.0,278.0,0.005133
3004.0,279.0,0.415888
3004.0,280.0,0.543041
3004.0,281.0,0.521177
3004.0,282.0,0.71627
3004.0,283.0,0.623361
3004.0,284.0,0.47195
3004.0,285.0,0.679361
3004.0,286.0,0.453592
3004.0,287.0,0.0
3004.0,288.0,0.282821
3004.0,289.0,0.999591
3004.0,290.0,1.0
3004.0,291.0,0.753515
3004.0,292.0,0.249198
3004.0,293.0,0.014204
3004.0,294.0,0.0
3004.0,295.0,0.510588
3004.0,296.0,0.783436
3004.0,297.0,0.394001
3004.0,298.0,0.578648
3004.0,299.0,0.855031
3004.0,300.0,0.703548
3004.0,301.0,0.0
3004.0,302.0,0.880144
3004.0,303.0,0.799139
3004.0,304.0,0.579937
3004.0,305.0,0.732772
3004.0,306.0,0.93037
3004.0,307.0,0.463484
3004.0,308.0,0.431214
3004.0,309.0,0.721875
3004.0,310.0,0.85453
3004.0,311.0,0.999363
3004.0,312.0,0.206775
3004.0,313.0,0.672342
3004.0,314.0,0.51469
3004.0,315.0,0.99989
3004.0,316.0,0.673211
3004.0,317.0,0.522226
3004.0,318.0,0.467783
3004.0,319.0,0.000997
3004.0,320.0,0.346195
3004.0,321.0,0.134149
3004.0,322.0,0.243237
3004.0,323.0,0.184699
3004.0,324.0,0.272905
3004.0,325.0,0.056346
3004.0,326.0,0.616574
3004.0,327.0,0.021851
3004.0,328.0,0.0
3004.0,329.0,0.610179
3004.0,330.0,0.564356
3004.0,331.0,1.0
3004.0,332.0,0.379459
3004.0,333.0,0.226274
3004.0,334.0,0.667984
3005.0,0.0,0.095412
3005.0,1.0,0.891064
3005.0,2.0,0.000222
3005.0,3.0,0.701861
3005.0,4.0,0.000766
3005.0,5.0,0.364963
3005.0,6.0,0.641431
3005.0,7.0,0.39792
3005.0,8.0,0.508217
3005.0,9.0,0.55537
3005.0,10.0,0.0
3005.0,11.0,0.45783
3005.0,12.0,1.0
3005.0,13.0,0.56899
3005.0,14.0,0.547819
3005.0,15.0,0.355351
3005.0,16.0,0.576946
3005.0,17.0,0.58041
3005.0,18.0,0.0
3005.0,19.0,0.487634
3005.0,20.0,0.569201
3005.0,21.0,0.499866
3005.0,22.0,0.192465
3005.0,23.0,0.548935
3005.0,24.0,0.222121
3005.0,25.0,0.351118
3005.0,26.0,0.726451
3005.0,27.0,0.0
3005.0,28.0,0.426313
3005.0,29.0,0.484997
3005.0,30.0,0.664555
3005.0,31.0,0.478569
3005.0,32.0,0.317557
3005.0,33.0,0.36357
3005.0,34.0,0.855611
3005.0,35.0,0.427483
3005.0,36.0,0.354739
3005.0,37.0,0.386854
3005.0,38.0,0.187601
3005.0,39.0,0.00892
3005.0,40.0,0.946361
3005.0,41.0,0.702334
3005.0,42.0,0.079502
3005.0,43.0,0.611428
3005.0,44.0,0.494917
3005.0,45.0,0.996051
3005.0,46.0,0.600351
3005.0,47.0,0.371713
3005.0,48.0,0.074446
3005.0,49.0,0.757468
3005.0,50.0,0.979742
3005.0,51.0,0.368046
3005.0,52.0,0.993905
3005.0,53.0,0.61503
3005.0,54.0,0.494894
3005.0,55.0,0.745526
3005.0,56.0,0.395161
3005.0,57.0,0.297999
3005.0,58.0,0.99979
3005.0,59.0,0.736977
3005.0,60.0,0.097633
3005.0,61.0,0.892126
3005.0,62.0,0.560235
3005.0,63.0,0.649548
3005.0,64.0,0.005678
3005.0,65.0,0.626278
3005.0,66.0,0.775346
3005.0,67.0,0.352055
3005.0,68.0,0.309079
3005.0,69.0,0.376339
3005.0,70.0,0.044618
3005.0,71.0,0.59718
3005.0,72.0,0.588648
3005.0,73.0,0.089661
3005.0,74.0,0.77907
3005.0,75.0,0.813897
3005.0,76.0,0.490746
3005.0,77.0,0.053137
3005.0,78.0,0.420353
3005.0,79.0,0.002971
3005.0,80.0,0.389765
3005.0,81.0,0.423035
3005.0,82.0,0.531283
3005.0,83.0,0.997108
3005.0,84.0,1.0
3005.0,85.0,0.193846
3005.0,86.0,0.586764
3005.0,87.0,0.131453
3005.0,88.0,0.624953
3005.0,89.0,0.257747
3005.0,90.0,0.830386
3005.0,91.0,0.0
3005.0,92.0,0.0
3005.0,93.0,0.468741
3005.0,94.0,0.838896
3005.0,95.0,0.654131
3005.0,96.0,0.300452
3005.0,97.0,0.066
3005.0,98.0,0.943954
3005.0,99.0,0.37398
3005.0,100.0,0.7192
3005.0,101.0,0.49701
3005.0,102.0,0.736039
3005.0,103.0,0.44476
3005.0,104.0,1.0
3005.0,105.0,0.560768
3005.0,106.0,0.805242
3005.0,107.0,0.722668
3005.0,108.0,0.628699
3005.0,109.0,0.291273
3005.0,110.0,0.55047
3005.0,111.0,0.072578
3005.0,112.0,0.674553
3005.0,113.0,0.667646
3005.0,114.0,0.427621
3005.0,115.0,0.89251
3005.0,116.0,0.0
3005.0,117.0,0.519322
3005.0,118.0,0.609533
3005.0,119.0,0.002188
3005.0,120.0,0.564006
3005.0,121.0,0.459856
3005.0,122.0,0.552335
3005.0,123.0,0.990702
3005.0,124.0,0.0
3005.0,125.0,0.340392
3005.0,126.0,0.657217
3005.0,127.0,0.788566
3005.0,128.0,0.980705
3005.0,129.0,0.3751
3005.0,130.0,0.0
3005.0,131.0,0.0
3005.0,132.0,0.009295
3005.0,133.0,0.19886
3005.0,134.0,0.0
3005.0,135.0,0.977322
3005.0,136.0,0.867061
3005.0,137.0,0.601855
3005.0,138.0,0.191497
3005.0,139.0,0.270229
3005.0,140.0,0.972401
3005.0,141.0,0.620702
3005.0,142.0,0.202035
3005.0,143.0,0.616346
3005.0,144.0,0.0
3005.0,145.0,0.14095
3005.0,146.0,0.636265
3005.0,147.0,1.0
3005.0,148.0,0.756012
3005.0,149.0,1.0
3005.0,150.0,0.498381
3005.0,151.0,0.816201
3005.0,152.0,0.228635
3005.0,153.0,0.673828
3005.0,154.0,0.512224
3005.0,155.0,0.441234
3005.0,156.0,0.477342
3005.0,157.0,1.0
3005.0,158.0,0.501753
3005.0,159.0,0.309283
3005.0,160.0,0.707169
3005.0,161.0,0.950766
3005.0,162.0,0.513001
3005.0,163.0,0.810769
3005.0,164.0,0.079113
3005.0,165.0,0.564655
3005.0,166.0,0.137824
3005.0,167.0,1.0
3005.0,168.0,0.294755
3005.0,169.0,0.681986
3005.0,170.0,0.0008
3005.0,171.0,0.566179
3005.0,172.0,0.248198
3005.0,173.0,0.556759
3005.0,174.0,0.17424
3005.0,175.0,0.346161
3005.0,176.0,0.079785
3005.0,177.0,0.730188
3005.0,178.0,0.624419
3005.0,179.0,0.998994
3005.0,180.0,0.475851
3005.0,181.0,1.0
3005.0,182.0,0.767996
3005.0,183.0,0.385296
3005.0,184.0,0.337918
3005.0,185.0,0.702784
3005.0,186.0,0.243795
3005.0,187.0,0.358859
3005.0,188.0,0.407657
3005.0,189.0,0.87681
3005.0,190.0,0.432837
3005.0,191.0,0.55913
3005.0,192.0,0.949924
3005.0,193.0,0.570512
3005.0,194.0,0.522918
3005.0,195.0,0.85952
3005.0,196.0,0.511604
3005.0,197.0,0.869191
3005.0,198.0,0.005522
3005.0,199.0,0.957869
3005.0,200.0,0.733179
3005.0,201.0,0.139091
3005.0,202.0,0.708796
3005.0,203.0,0.798324
3005.0,204.0,0.429266
3005.0,205.0,0.700503
3005.0,206.0,0.536289
3005.0,207.0,0.704474
3005.0,208.0,0.001402
3005.0,209.0,0.794247
3005.0,210.0,0.999115
3005.0,211.0,0.457051
3005.0,212.0,0.615759
3005.0,213.0,0.43973
3005.0,214.0,0.660754
3005.0,215.0,0.368469
3005.0,216.0,0.003097
3005.0,217.0,0.382082
3005.0,218.0,0.573027
3005.0,219.0,0.707237
3005.0,220.0,1.0
3005.0,221.0,0.710674
3005.0,222.0,0.560538
3005.0,223.0,0.675456
3005.0,224.0,0.581049
3005.0,225.0,0.993632
3005.0,226.0,1.0
3005.0,227.0,0.412327
3005.0,228.0,0.860055
3005.0,229.0,0.769773
3005.0,230.0,0.593699
3005.0,231.0,0.085468
3005.0,232.0,0.395281
3005.0,233.0,0.254578
3005.0,234.0,0.150692
3005.0,235.0,0.390735
3005.0,236.0,0.532012
3005.0,237.0,0.561544
3005.0,238.0,0.006571
3005.0,239.0,1.0
3005.0,240.0,0.478889
3005.0,241.0,0.223779
3005.0,242.0,0.608489
3005.0,243.0,0.656179
3005.0,244.0,0.269944
3005.0,245.0,0.119792
3005.0,246.0,0.392604
3005.0,247.0,0.369235
3005.0,248.0,0.580269
3005.0,249.0,0.210495
3005.0,250.0,0.291436
3005.0,251.0,0.000141
3005.0,252.0,0.801676
3005.0,253.0,0.687785
3005.0,254.0,0.243913
3005.0,255.0,0.606267
3005.0,256.0,1.0
3005.0,257.0,0.346929
3005.0,258.0,0.822521
3005.0,259.0,0.318707
3005.0,260.0,0.548927
3005.0,261.0,0.448768
3005.0,262.0,0.127128
3005.0,263.0,0.723218
3005.0,264.0,0.026675
3005.0,265.0,0.791084
3005.0,266.0,0.970329
3005.0,267.0,0.061279
3005.0,268.0,0.006483
3005.0,269.0,0.379934
3005.0,270.0,0.465115
3005.0,271.0,0.590093
3005.0,272.0,0.695592
3005.0,273.0,0.363999
3005.0,274.0,0.413228
3005.0,275.0,0.693189
3005.0,276.0,0.844773
3005.0,277.0,0.409975
3005.0,278.0,0.005299
3005.0,279.0,0.419158
3005.0,280.0,0.548026
3005.0,281.0,0.523127
3005.0,282.0,0.72152
3005.0,283.0,0.632662
3005.0,284.0,0.47861
3005.0,285.0,0.68068
3005.0,286.0,0.459234
3005.0,287.0,0.0
3005.0,288.0,0.28739
3005.0,289.0,0.999544
3005.0,290.0,1.0
3005.0,291.0,0.754703
3005.0,292.0,0.251621
3005.0,293.0,0.014896
3005.0,294.0,0.0
3005.0,295.0,0.514822
3005.0,296.0,0.785304
3005.0,297.0,0.394326
3005.0,298.0,0.578728
3005.0,299.0,0.855355
3005.0,300.0,0.708589
3005.0,301.0,0.0
3005.0,302.0,0.883196
3005.0,303.0,0.802909
3005.0,304.0,0.580471
3005.0,305.0,0.738486
3005.0,306.0,0.931089
3005.0,307.0,0.471699
3005.0,308.0,0.434372
3005.0,309.0,0.725288
3005.0,310.0,0.855222
3005.0,311.0,0.999385
3005.0,312.0,0.21285
3005.0,313.0,0.675673
3005.0,314.0,0.516562
3005.0,315.0,0.99989
3005.0,316.0,0.674464
3005.0,317.0,0.525116
3005.0,318.0,0.469548
3005.0,319.0,0.00092
3005.0,320.0,0.353459
3005.0,321.0,0.136314
3005.0,322.0,0.246156
3005.0,323.0,0.187179
3005.0,324.0,0.274689
3005.0,325.0,0.056645
3005.0,326.0,0.622288
3005.0,327.0,0.021784
3005.0,328.0,0.0
3005.0,329.0,0.648603
3005.0,330.0,0.564337
3005.0,331.0,1.0
3005.0,332.0,0.381103
3005.0,333.0,0.228951
3005.0,334.0,0.667784
3006.0,0.0,0.095217
3006.0,1.0,0.890512
3006.0,2.0,0.00025
3006.0,3.0,0.695803
3006.0,4.0,0.000694
3006.0,5.0,0.363187
3006.0,6.0,0.637749
3006.0,7.0,0.391726
3006.0,8.0,0.5028
3006.0,9.0,0.550055
3006.0,10.0,0.0
3006.0,11.0,0.450078
3006.0,12.0,1.0
3006.0,13.0,0.562936
3006.0,14.0,0.539101
3006.0,15.0,0.352678
3006.0,16.0,0.573559
3006.0,17.0,0.575503
3006.0,18.0,0.0
3006.0,19.0,0.485418
3006.0,20.0,0.568371
3006.0,21.0,0.49678
3006.0,22.0,0.191918
3006.0,23.0,0.543633
3006.0,24.0,0.216717
3006.0,25.0,0.346033
3006.0,26.0,0.712524
3006.0,27.0,0.0
3006.0,28.0,0.421365
3006.0,29.0,0.47277
3006.0,30.0,0.663249
3006.0,31.0,0.476507
3006.0,32.0,0.314986
3006.0,33.0,0.361079
3006.0,34.0,0.854466
3006.0,35.0,0.412831
3006.0,36.0,0.352832
3006.0,37.0,0.386317
3006.0,38.0,0.186692
3006.0,39.0,0.008922
3006.0,40.0,0.945519
3006.0,41.0,0.698389
3006.0,42.0,0.078134
3006.0,43.0,0.607701
3006.0,44.0,0.490311
3006.0,45.0,0.995977
3006.0,46.0,0.59782
3006.0,47.0,0.368149
3006.0,48.0,0.073821
3006.0,49.0,0.75658
3006.0,50.0,0.979512
3006.0,51.0,0.363578
3006.0,52.0,0.993845
3006.0,53.0,0.615381
3006.0,54.0,0.486385
3006.0,55.0,0.744985
3006.0,56.0,0.389269
3006.0,57.0,0.29649
3006.0,58.0,0.999779
3006.0,59.0,0.735526
3006.0,60.0,0.096776
3006.0,61.0,0.891592
3006.0,62.0,0.55307
3006.0,63.0,0.646702
3006.0,64.0,0.005516
3006.0,65.0,0.621847
3006.0,66.0,0.771427
3006.0,67.0,0.348056
3006.0,68.0,0.299754
3006.0,69.0,0.371852
3006.0,70.0,0.044521
3006.0,71.0,0.595325
3006.0,72.0,0.585722
3006.0,73.0,0.089217
3006.0,74.0,0.773118
3006.0,75.0,0.805543
3006.0,76.0,0.486963
3006.0,77.0,0.052364
3006.0,78.0,0.415431
3006.0,79.0,0.003009
3006.0,80.0,0.381627
3006.0,81.0,0.421514
3006.0,82.0,0.529546
3006.0,83.0,0.997216
3006.0,84.0,1.0
3006.0,85.0,0.191903
3006.0,86.0,0.587382
3006.0,87.0,0.131834
3006.0,88.0,0.623712
3006.0,89.0,0.257221
3006.0,90.0,0.829708
3006.0,91.0,0.0
3006.0,92.0,0.0
3006.0,93.0,0.467007
3006.0,94.0,0.838512
3006.0,95.0,0.650607
3006.0,96.0,0.29225
3006.0,97.0,0.064171
3006.0,98.0,0.943174
3006.0,99.0,0.371407
3006.0,100.0,0.717693
3006.0,101.0,0.486765
3006.0,102.0,0.734361
3006.0,103.0,0.436815
3006.0,104.0,1.0
3006.0,105.0,0.557429
3006.0,106.0,0.797415
3006.0,107.0,0.720516
3006.0,108.0,0.625055
3006.0,109.0,0.2911
3006.0,110.0,0.538308
3006.0,111.0,0.071462
3006.0,112.0,0.669925
3006.0,113.0,0.60154
3006.0,114.0,0.424075
3006.0,115.0,0.892123
3006.0,116.0,0.0
3006.0,117.0,0.509446
3006.0,118.0,0.609512
3006.0,119.0,0.002088
3006.0,120.0,0.558568
3006.0,121.0,0.457784
3006.0,122.0,0.55016
3006.0,123.0,0.990602
3006.0,124.0,0.0
3006.0,125.0,0.323391
3006.0,126.0,0.654831
3006.0,127.0,0.774854
3006.0,128.0,0.980674
3006.0,129.0,0.374138
3006.0,130.0,0.0
3006.0,131.0,0.0
3006.0,132.0,0.009408
3006.0,133.0,0.192069
3006.0,134.0,0.0
3006.0,135.0,0.977482
3006.0,136.0,0.863554
3006.0,137.0,0.60262
3006.0,138.0,0.191571
3006.0,139.0,0.262798
3006.0,140.0,0.972115
3006.0,141.0,0.616729
3006.0,142.0,0.201807
3006.0,143.0,0.613318
3006.0,144.0,0.0
3006.0,145.0,0.139522
3006.0,146.0,0.633301
3006.0,147.0,1.0
3006.0,148.0,0.738016
3006.0,149.0,1.0
3006.0,150.0,0.483486
3006.0,151.0,0.814573
3006.0,152.0,0.227119
3006.0,153.0,0.669071
3006.0,154.0,0.508623
3006.0,155.0,0.431175
3006.0,156.0,0.453391
3006.0,157.0,1.0
3006.0,158.0,0.479719
3006.0,159.0,0.30828
3006.0,160.0,0.701674
3006.0,161.0,0.950599
3006.0,162.0,0.5105
3006.0,163.0,0.808032
3006.0,164.0,0.07827
3006.0,165.0,0.563091
3006.0,166.0,0.137896
3006.0,167.0,1.0
3006.0,168.0,0.294907
3006.0,169.0,0.674986
3006.0,170.0,0.000779
3006.0,171.0,0.560222
3006.0,172.0,0.246576
3006.0,173.0,0.5512
3006.0,174.0,0.171833
3006.0,175.0,0.343342
3006.0,176.0,0.079781
3006.0,177.0,0.729272
3006.0,178.0,0.618578
3006.0,179.0,0.99895
3006.0,180.0,0.474201
3006.0,181.0,1.0
3006.0,182.0,0.75537
3006.0,183.0,0.381496
3006.0,184.0,0.333266
3006.0,185.0,0.697022
3006.0,186.0,0.241874
3006.0,187.0,0.357573
3006.0,188.0,0.407884
3006.0,189.0,0.869975
3006.0,190.0,0.425421
3006.0,191.0,0.555057
3006.0,192.0,0.949554
3006.0,193.0,0.567309
3006.0,194.0,0.516613
3006.0,195.0,0.858169
3006.0,196.0,0.505616
3006.0,197.0,0.868303
3006.0,198.0,0.005341
3006.0,199.0,0.957486
3006.0,200.0,0.732765
3006.0,201.0,0.137116
3006.0,202.0,0.702392
3006.0,203.0,0.793437
3006.0,204.0,0.428593
3006.0,205.0,0.699488
3006.0,206.0,0.511001
3006.0,207.0,0.689948
3006.0,208.0,0.001383
3006.0,209.0,0.793697
3006.0,210.0,0.999153
3006.0,211.0,0.453174
3006.0,212.0,0.615369
3006.0,213.0,0.437794
3006.0,214.0,0.648438
3006.0,215.0,0.366974
3006.0,216.0,0.002997
3006.0,217.0,0.378178
3006.0,218.0,0.560172
3006.0,219.0,0.700945
3006.0,220.0,1.0
3006.0,221.0,0.707814
3006.0,222.0,0.533336
3006.0,223.0,0.67231
3006.0,224.0,0.57994
3006.0,225.0,0.993494
3006.0,226.0,1.0
3006.0,227.0,0.41128
3006.0,228.0,0.859319
3006.0,229.0,0.769027
3006.0,230.0,0.59228
3006.0,231.0,0.084866
3006.0,232.0,0.39121
3006.0,233.0,0.254776
3006.0,234.0,0.147732
3006.0,235.0,0.38998
3006.0,236.0,0.52924
3006.0,237.0,0.559071
3006.0,238.0,0.006632
3006.0,239.0,1.0
3006.0,240.0,0.47564
3006.0,241.0,0.223373
3006.0,242.0,0.607012
3006.0,243.0,0.652784
3006.0,244.0,0.265279
3006.0,245.0,0.116207
3006.0,246.0,0.391812
3006.0,247.0,0.366513
3006.0,248.0,0.575378
3006.0,249.0,0.204843
3006.0,250.0,0.286137
3006.0,251.0,0.000126
3006.0,252.0,0.802597
3006.0,253.0,0.687821
3006.0,254.0,0.229229
3006.0,255.0,0.60571
3006.0,256.0,1.0
3006.0,257.0,0.346381
3006.0,258.0,0.820451
3006.0,259.0,0.316662
3006.0,260.0,0.549352
3006.0,261.0,0.446692
3006.0,262.0,0.125327
3006.0,263.0,0.721297
3006.0,264.0,0.026671
3006.0,265.0,0.790556
3006.0,266.0,0.969925
3006.0,267.0,0.060325
3006.0,268.0,0.006332
3006.0,269.0,0.376628
3006.0,270.0,0.463788
3006.0,271.0,0.58433
3006.0,272.0,0.693956
3006.0,273.0,0.362294
3006.0,274.0,0.410771
3006.0,275.0,0.681222
3006.0,276.0,0.828828
3006.0,277.0,0.408288
3006.0,278.0,0.005162
3006.0,279.0,0.415663
3006.0,280.0,0.542686
3006.0,281.0,0.519142
3006.0,282.0,0.714929
3006.0,283.0,0.623132
3006.0,284.0,0.47035
3006.0,285.0,0.680044
3006.0,286.0,0.453284
3006.0,287.0,0.0
3006.0,288.0,0.282463
3006.0,289.0,0.99955
3006.0,290.0,1.0
3006.0,291.0,0.754005
3006.0,292.0,0.249036
3006.0,293.0,0.014348
3006.0,294.0,0.0
3006.0,295.0,0.511243
3006.0,296.0,0.783517
3006.0,297.0,0.392453
3006.0,298.0,0.577723
3006.0,299.0,0.855577
3006.0,300.0,0.702638
3006.0,301.0,0.0
3006.0,302.0,0.879743
3006.0,303.0,0.798959
3006.0,304.0,0.579266
3006.0,305.0,0.733377
3006.0,306.0,0.930579
3006.0,307.0,0.462371
3006.0,308.0,0.4311
3006.0,309.0,0.722529
3006.0,310.0,0.853246
3006.0,311.0,0.999356
3006.0,312.0,0.207011
3006.0,313.0,0.673326
3006.0,314.0,0.514585
3006.0,315.0,0.999858
3006.0,316.0,0.674055
3006.0,317.0,0.521993
3006.0,318.0,0.467187
3006.0,319.0,0.000907
3006.0,320.0,0.344664
3006.0,321.0,0.134483
3006.0,322.0,0.242961
3006.0,323.0,0.18487
3006.0,324.0,0.273011
3006.0,325.0,0.056775
3006.0,326.0,0.615468
3006.0,327.0,0.021441
3006.0,328.0,0.0
3006.0,329.0,0.602201
3006.0,330.0,0.564535
3006.0,331.0,1.0
3006.0,332.0,0.381321
3006.0,333.0,0.226781
3006.0,334.0,0.666891
3007.0,0.0,0.094786
3007.0,1.0,0.889789
3007.0,2.0,0.000288
3007.0,3.0,0.68808
3007.0,4.0,0.000647
3007.0,5.0,0.360827
3007.0,6.0,0.634179
3007.0,7.0,0.386258
3007.0,8.0,0.498086
3007.0,9.0,0.544935
3007.0,10.0,0.0
3007.0,11.0,0.44085
3007.0,12.0,1.0
3007.0,13.0,0.557327
3007.0,14.0,0.531863
3007.0,15.0,0.350256
3007.0,16.0,0.569279
3007.0,17.0,0.571344
3007.0,18.0,0.0
3007.0,19.0,0.483245
3007.0,20.0,0.567599
3007.0,21.0,0.493815
3007.0,22.0,0.192092
3007.0,23.0,0.538913
3007.0,24.0,0.210856
3007.0,25.0,0.340895
3007.0,26.0,0.698669
3007.0,27.0,0.0
3007.0,28.0,0.416441
3007.0,29.0,0.461875
3007.0,30.0,0.662087
3007.0,31.0,0.475668
3007.0,32.0,0.312617
3007.0,33.0,0.358965
3007.0,34.0,0.85309
3007.0,35.0,0.399096
3007.0,36.0,0.351176
3007.0,37.0,0.38559
3007.0,38.0,0.186658
3007.0,39.0,0.008809
3007.0,40.0,0.944741
3007.0,41.0,0.694797
3007.0,42.0,0.076642
3007.0,43.0,0.605307
3007.0,44.0,0.486084
3007.0,45.0,0.995852
3007.0,46.0,0.595846
3007.0,47.0,0.365585
3007.0,48.0,0.073672
3007.0,49.0,0.754384
3007.0,50.0,0.979211
3007.0,51.0,0.358578
3007.0,52.0,0.993701
3007.0,53.0,0.61658
3007.0,54.0,0.476389
3007.0,55.0,0.744601
3007.0,56.0,0.38391
3007.0,57.0,0.294277
3007.0,58.0,0.999747
3007.0,59.0,0.733951
3007.0,60.0,0.096146
3007.0,61.0,0.890885
3007.0,62.0,0.546421
3007.0,63.0,0.64292
3007.0,64.0,0.005447
3007.0,65.0,0.617357
3007.0,66.0,0.767765
3007.0,67.0,0.344411
3007.0,68.0,0.290628
3007.0,69.0,0.367446
3007.0,70.0,0.044206
3007.0,71.0,0.59301
3007.0,72.0,0.584672
3007.0,73.0,0.08909
3007.0,74.0,0.767782
3007.0,75.0,0.798514
3007.0,76.0,0.483156
3007.0,77.0,0.051541
3007.0,78.0,0.409923
3007.0,79.0,0.003062
3007.0,80.0,0.373481
3007.0,81.0,0.419592
3007.0,82.0,0.527688
3007.0,83.0,0.997173
3007.0,84.0,1.0
3007.0,85.0,0.190135
3007.0,86.0,0.587946
3007.0,87.0,0.131283
3007.0,88.0,0.622526
3007.0,89.0,0.25727
3007.0,90.0,0.829594
3007.0,91.0,0.0
3007.0,92.0,0.0
3007.0,93.0,0.466124
3007.0,94.0,0.837579
3007.0,95.0,0.646997
3007.0,96.0,0.28496
3007.0,97.0,0.062466
3007.0,98.0,0.942814
3007.0,99.0,0.368464
3007.0,100.0,0.716542
3007.0,101.0,0.477922
3007.0,102.0,0.731954
3007.0,103.0,0.428434
3007.0,104.0,1.0
3007.0,105.0,0.552661
3007.0,106.0,0.789522
3007.0,107.0,0.717799
3007.0,108.0,0.621616
3007.0,109.0,0.290206
3007.0,110.0,0.525003
3007.0,111.0,0.070407
3007.0,112.0,0.665773
3007.0,113.0,0.532255
3007.0,114.0,0.419413
3007.0,115.0,0.892267
3007.0,116.0,0.0
3007.0,117.0,0.499774
3007.0,118.0,0.609208
3007.0,119.0,0.00204
3007.0,120.0,0.552771
3007.0,121.0,0.456193
3007.0,122.0,0.548407
3007.0,123.0,0.990571
3007.0,124.0,0.0
3007.0,125.0,0.307895
3007.0,126.0,0.653204
3007.0,127.0,0.761522
3007.0,128.0,0.980735
3007.0,129.0,0.373757
3007.0,130.0,0.0
3007.0,131.0,0.0
3007.0,132.0,0.009432
3007.0,133.0,0.185176
3007.0,134.0,0.0
3007.0,135.0,0.977134
3007.0,136.0,0.860187
3007.0,137.0,0.601984
3007.0,138.0,0.190952
3007.0,139.0,0.256288
3007.0,140.0,0.97183
3007.0,141.0,0.613637
3007.0,142.0,0.201531
3007.0,143.0,0.611056
3007.0,144.0,0.0
3007.0,145.0,0.139165
3007.0,146.0,0.629713
3007.0,147.0,1.0
3007.0,148.0,0.719772
3007.0,149.0,1.0
3007.0,150.0,0.470547
3007.0,151.0,0.813397
3007.0,152.0,0.225448
3007.0,153.0,0.664679
3007.0,154.0,0.505586
3007.0,155.0,0.421259
3007.0,156.0,0.430336
3007.0,157.0,1.0
3007.0,158.0,0.457284
3007.0,159.0,0.307201
3007.0,160.0,0.696882
3007.0,161.0,0.950397
3007.0,162.0,0.507256
3007.0,163.0,0.805609
3007.0,164.0,0.077506
3007.0,165.0,0.560184
3007.0,166.0,0.137646
3007.0,167.0,1.0
3007.0,168.0,0.294575
3007.0,169.0,0.668103
3007.0,170.0,0.000762
3007.0,171.0,0.554474
3007.0,172.0,0.245043
3007.0,173.0,0.544929
3007.0,174.0,0.170233
3007.0,175.0,0.341423
3007.0,176.0,0.079788
3007.0,177.0,0.728935
3007.0,178.0,0.612882
3007.0,179.0,0.999008
3007.0,180.0,0.472797
3007.0,181.0,1.0
3007.0,182.0,0.742572
3007.0,183.0,0.375952
3007.0,184.0,0.328342
3007.0,185.0,0.690193
3007.0,186.0,0.240685
3007.0,187.0,0.356188
3007.0,188.0,0.407002
3007.0,189.0,0.862823
3007.0,190.0,0.418197
3007.0,191.0,0.550714
3007.0,192.0,0.948698
3007.0,193.0,0.563992
3007.0,194.0,0.510972
3007.0,195.0,0.856712
3007.0,196.0,0.499989
3007.0,197.0,0.866817
3007.0,198.0,0.00494
3007.0,199.0,0.957641
3007.0,200.0,0.731632
3007.0,201.0,0.13647
3007.0,202.0,0.694425
3007.0,203.0,0.789031
3007.0,204.0,0.428643
3007.0,205.0,0.697694
3007.0,206.0,0.485583
3007.0,207.0,0.675771
3007.0,208.0,0.001376
3007.0,209.0,0.793067
3007.0,210.0,0.999166
3007.0,211.0,0.448546
3007.0,212.0,0.614651
3007.0,213.0,0.435238
3007.0,214.0,0.636055
3007.0,215.0,0.366088
3007.0,216.0,0.002901
3007.0,217.0,0.37393
3007.0,218.0,0.5484
3007.0,219.0,0.695001
3007.0,220.0,1.0
3007.0,221.0,0.705578
3007.0,222.0,0.506706
3007.0,223.0,0.669098
3007.0,224.0,0.578241
3007.0,225.0,0.993396
3007.0,226.0,1.0
3007.0,227.0,0.40956
3007.0,228.0,0.858821
3007.0,229.0,0.768772
3007.0,230.0,0.59018
3007.0,231.0,0.084975
3007.0,232.0,0.388346
3007.0,233.0,0.25408
3007.0,234.0,0.144854
3007.0,235.0,0.388818
3007.0,236.0,0.527335
3007.0,237.0,0.555661
3007.0,238.0,0.006621
3007.0,239.0,1.0
3007.0,240.0,0.472857
3007.0,241.0,0.223496
3007.0,242.0,0.60599
3007.0,243.0,0.649644
3007.0,244.0,0.261266
3007.0,245.0,0.113255
3007.0,246.0,0.390892
3007.0,247.0,0.36303
3007.0,248.0,0.569164
3007.0,249.0,0.199052
3007.0,250.0,0.279969
3007.0,251.0,0.000117
3007.0,252.0,0.802524
3007.0,253.0,0.687484
3007.0,254.0,0.215934
3007.0,255.0,0.60518
3007.0,256.0,1.0
3007.0,257.0,0.345491
3007.0,258.0,0.818988
3007.0,259.0,0.314829
3007.0,260.0,0.549169
3007.0,261.0,0.444504
3007.0,262.0,0.122952
3007.0,263.0,0.720286
3007.0,264.0,0.026771
3007.0,265.0,0.789432
3007.0,266.0,0.969749
3007.0,267.0,0.059374
3007.0,268.0,0.006177
3007.0,269.0,0.37368
3007.0,270.0,0.46256
3007.0,271.0,0.57709
3007.0,272.0,0.692371
3007.0,273.0,0.359641
3007.0,274.0,0.408946
3007.0,275.0,0.670142
3007.0,276.0,0.812486
3007.0,277.0,0.407063
3007.0,278.0,0.005025
3007.0,279.0,0.412389
3007.0,280.0,0.537473
3007.0,281.0,0.516804
3007.0,282.0,0.708462
3007.0,283.0,0.613878
3007.0,284.0,0.462408
3007.0,285.0,0.678679
3007.0,286.0,0.446864
3007.0,287.0,0.0
3007.0,288.0,0.277854
3007.0,289.0,0.999561
3007.0,290.0,1.0
3007.0,291.0,0.751977
3007.0,292.0,0.246272
3007.0,293.0,0.013839
3007.0,294.0,0.0
3007.0,295.0,0.506561
3007.0,296.0,0.780842
3007.0,297.0,0.391022
3007.0,298.0,0.577284
3007.0,299.0,0.855224
3007.0,300.0,0.696101
3007.0,301.0,0.0
3007.0,302.0,0.876116
3007.0,303.0,0.795924
3007.0,304.0,0.579134
3007.0,305.0,0.727488
3007.0,306.0,0.930348
3007.0,307.0,0.454806
3007.0,308.0,0.427529
3007.0,309.0,0.718207
3007.0,310.0,0.852244
3007.0,311.0,0.999318
3007.0,312.0,0.200897
3007.0,313.0,0.670124
3007.0,314.0,0.512363
3007.0,315.0,0.99986
3007.0,316.0,0.672674
3007.0,317.0,0.519212
3007.0,318.0,0.464788
3007.0,319.0,0.000888
3007.0,320.0,0.33677
3007.0,321.0,0.132709
3007.0,322.0,0.240305
3007.0,323.0,0.182791
3007.0,324.0,0.270375
3007.0,325.0,0.05654
3007.0,326.0,0.608777
3007.0,327.0,0.021086
3007.0,328.0,0.0
3007.0,329.0,0.559887
3007.0,330.0,0.564191
3007.0,331.0,1.0
3007.0,332.0,0.379312
3007.0,333.0,0.22526
3007.0,334.0,0.665942
3008.0,0.0,0.093754
3008.0,1.0,0.889734
3008.0,2.0,0.000293
3008.0,3.0,0.680192
3008.0,4.0,0.000583
3008.0,5.0,0.359066
3008.0,6.0,0.630638
3008.0,7.0,0.379714
3008.0,8.0,0.491915
3008.0,9.0,0.53917
3008.0,10.0,0.0
3008.0,11.0,0.433042
3008.0,12.0,1.0
3008.0,13.0,0.550965
3008.0,14.0,0.52349
3008.0,15.0,0.346829
3008.0,16.0,0.564949
3008.0,17.0,0.56762
3008.0,18.0,0.0
3008.0,19.0,0.481782
3008.0,20.0,0.566042
3008.0,21.0,0.490752
3008.0,22.0,0.190491
3008.0,23.0,0.535033
3008.0,24.0,0.206056
3008.0,25.0,0.335988
3008.0,26.0,0.685278
3008.0,27.0,0.0
3008.0,28.0,0.410796
3008.0,29.0,0.45062
3008.0,30.0,0.6602
3008.0,31.0,0.474283
3008.0,32.0,0.309012
3008.0,33.0,0.355601
3008.0,34.0,0.852346
3008.0,35.0,0.384799
3008.0,36.0,0.349474
3008.0,37.0,0.384642
3008.0,38.0,0.185718
3008.0,39.0,0.008723
3008.0,40.0,0.944267
3008.0,41.0,0.690683
3008.0,42.0,0.075796
3008.0,43.0,0.603722
3008.0,44.0,0.482221
3008.0,45.0,0.995819
3008.0,46.0,0.592792
3008.0,47.0,0.361398
3008.0,48.0,0.073679
3008.0,49.0,0.752062
3008.0,50.0,0.979058
3008.0,51.0,0.352793
3008.0,52.0,0.993624
3008.0,53.0,0.616057
3008.0,54.0,0.467785
3008.0,55.0,0.743389
3008.0,56.0,0.378937
3008.0,57.0,0.29301
3008.0,58.0,0.999729
3008.0,59.0,0.732611
3008.0,60.0,0.095512
3008.0,61.0,0.890099
3008.0,62.0,0.538908
3008.0,63.0,0.640582
3008.0,64.0,0.005213
3008.0,65.0,0.612465
3008.0,66.0,0.764163
3008.0,67.0,0.341147
3008.0,68.0,0.281892
3008.0,69.0,0.363768
3008.0,70.0,0.04397
3008.0,71.0,0.591779
3008.0,72.0,0.582567
3008.0,73.0,0.089282
3008.0,74.0,0.762203
3008.0,75.0,0.789578
3008.0,76.0,0.478157
3008.0,77.0,0.051061
3008.0,78.0,0.404434
3008.0,79.0,0.003043
3008.0,80.0,0.366405
3008.0,81.0,0.417322
3008.0,82.0,0.526041
3008.0,83.0,0.997135
3008.0,84.0,1.0
3008.0,85.0,0.188836
3008.0,86.0,0.587168
3008.0,87.0,0.131417
3008.0,88.0,0.621663
3008.0,89.0,0.257455
3008.0,90.0,0.828901
3008.0,91.0,0.0
3008.0,92.0,0.0
3008.0,93.0,0.464308
3008.0,94.0,0.837078
3008.0,95.0,0.643265
3008.0,96.0,0.276901
3008.0,97.0,0.061159
3008.0,98.0,0.942431
3008.0,99.0,0.365316
3008.0,100.0,0.715379
3008.0,101.0,0.468559
3008.0,102.0,0.729146
3008.0,103.0,0.421916
3008.0,104.0,1.0
3008.0,105.0,0.54854
3008.0,106.0,0.78151
3008.0,107.0,0.714639
3008.0,108.0,0.617777
3008.0,109.0,0.289639
3008.0,110.0,0.513013
3008.0,111.0,0.069179
3008.0,112.0,0.662021
3008.0,113.0,0.46285
3008.0,114.0,0.415208
3008.0,115.0,0.892033
3008.0,116.0,0.0
3008.0,117.0,0.490311
3008.0,118.0,0.609512
3008.0,119.0,0.001971
3008.0,120.0,0.547509
3008.0,121.0,0.454517
3008.0,122.0,0.546738
3008.0,123.0,0.99063
3008.0,124.0,0.0
3008.0,125.0,0.293542
3008.0,126.0,0.650901
3008.0,127.0,0.74815
3008.0,128.0,0.980735
3008.0,129.0,0.373103
3008.0,130.0,0.0
3008.0,131.0,0.0
3008.0,132.0,0.009399
3008.0,133.0,0.17921
3008.0,134.0,0.0
3008.0,135.0,0.976753
3008.0,136.0,0.856992
3008.0,137.0,0.601199
3008.0,138.0,0.190654
3008.0,139.0,0.249931
3008.0,140.0,0.97132
3008.0,141.0,0.611167
3008.0,142.0,0.20036
3008.0,143.0,0.607624
3008.0,144.0,0.0
3008.0,145.0,0.138259
3008.0,146.0,0.625374
3008.0,147.0,1.0
3008.0,148.0,0.701395
3008.0,149.0,1.0
3008.0,150.0,0.457024
3008.0,151.0,0.812344
3008.0,152.0,0.222944
3008.0,153.0,0.659338
3008.0,154.0,0.503063
3008.0,155.0,0.411241
3008.0,156.0,0.40874
3008.0,157.0,1.0
3008.0,158.0,0.435735
3008.0,159.0,0.306415
3008.0,160.0,0.692022
3008.0,161.0,0.95057
3008.0,162.0,0.503147
3008.0,163.0,0.80303
3008.0,164.0,0.076481
3008.0,165.0,0.557737
3008.0,166.0,0.13785
3008.0,167.0,1.0
3008.0,168.0,0.293795
3008.0,169.0,0.660692
3008.0,170.0,0.000679
3008.0,171.0,0.54849
3008.0,172.0,0.243675
3008.0,173.0,0.538786
3008.0,174.0,0.168549
3008.0,175.0,0.339601
3008.0,176.0,0.079701
3008.0,177.0,0.727866
3008.0,178.0,0.60783
3008.0,179.0,0.999079
3008.0,180.0,0.470873
3008.0,181.0,1.0
3008.0,182.0,0.730165
3008.0,183.0,0.37188
3008.0,184.0,0.322852
3008.0,185.0,0.682976
3008.0,186.0,0.239322
3008.0,187.0,0.354325
3008.0,188.0,0.405712
3008.0,189.0,0.855887
3008.0,190.0,0.410379
3008.0,191.0,0.545146
3008.0,192.0,0.948251
3008.0,193.0,0.560717
3008.0,194.0,0.506375
3008.0,195.0,0.855179
3008.0,196.0,0.4953
3008.0,197.0,0.865501
3008.0,198.0,0.004586
3008.0,199.0,0.95795
3008.0,200.0,0.731232
3008.0,201.0,0.135099
3008.0,202.0,0.688359
3008.0,203.0,0.783794
3008.0,204.0,0.427231
3008.0,205.0,0.696978
3008.0,206.0,0.460521
3008.0,207.0,0.660866
3008.0,208.0,0.001364
3008.0,209.0,0.791732
3008.0,210.0,0.999162
3008.0,211.0,0.443704
3008.0,212.0,0.614638
3008.0,213.0,0.43347
3008.0,214.0,0.624095
3008.0,215.0,0.364974
3008.0,216.0,0.002822
3008.0,217.0,0.369759
3008.0,218.0,0.535927
3008.0,219.0,0.688968
3008.0,220.0,1.0
3008.0,221.0,0.703231
3008.0,222.0,0.481568
3008.0,223.0,0.666253
3008.0,224.0,0.575692
3008.0,225.0,0.993219
3008.0,226.0,1.0
3008.0,227.0,0.408893
3008.0,228.0,0.857393
3008.0,229.0,0.768611
3008.0,230.0,0.589779
3008.0,231.0,0.08498
3008.0,232.0,0.38665
3008.0,233.0,0.252874
3008.0,234.0,0.142265
3008.0,235.0,0.386576
3008.0,236.0,0.524998
3008.0,237.0,0.55331
3008.0,238.0,0.006607
3008.0,239.0,1.0
3008.0,240.0,0.469729
3008.0,241.0,0.223153
3008.0,242.0,0.604495
3008.0,243.0,0.647515
3008.0,244.0,0.256954
3008.0,245.0,0.109935
3008.0,246.0,0.390361
3008.0,247.0,0.360394
3008.0,248.0,0.563659
3008.0,249.0,0.193935
3008.0,250.0,0.274298
3008.0,251.0,0.000121
3008.0,252.0,0.802498
3008.0,253.0,0.687152
3008.0,254.0,0.202666
3008.0,255.0,0.604525
3008.0,256.0,1.0
3008.0,257.0,0.345162
3008.0,258.0,0.817751
3008.0,259.0,0.313293
3008.0,260.0,0.548864
3008.0,261.0,0.443391
3008.0,262.0,0.120933
3008.0,263.0,0.718336
3008.0,264.0,0.026795
3008.0,265.0,0.789075
3008.0,266.0,0.969216
3008.0,267.0,0.058285
3008.0,268.0,0.00606
3008.0,269.0,0.369825
3008.0,270.0,0.461152
3008.0,271.0,0.570524
3008.0,272.0,0.691628
3008.0,273.0,0.357739
3008.0,274.0,0.406101
3008.0,275.0,0.659604
3008.0,276.0,0.794028
3008.0,277.0,0.40414
3008.0,278.0,0.00492
3008.0,279.0,0.409149
3008.0,280.0,0.533771
3008.0,281.0,0.514171
3008.0,282.0,0.702197
3008.0,283.0,0.605451
3008.0,284.0,0.456956
3008.0,285.0,0.678687
3008.0,286.0,0.440349
3008.0,287.0,0.0
3008.0,288.0,0.273711
3008.0,289.0,0.999598
3008.0,290.0,1.0
3008.0,291.0,0.750538
3008.0,292.0,0.244344
3008.0,293.0,0.01337
3008.0,294.0,0.0
3008.0,295.0,0.502406
3008.0,296.0,0.777503
3008.0,297.0,0.389799
3008.0,298.0,0.576073
3008.0,299.0,0.855313
3008.0,300.0,0.690185
3008.0,301.0,0.0
3008.0,302.0,0.872386
3008.0,303.0,0.792157
3008.0,304.0,0.579203
3008.0,305.0,0.722349
3008.0,306.0,0.92961
3008.0,307.0,0.447131
3008.0,308.0,0.425731
3008.0,309.0,0.714164
3008.0,310.0,0.852023
3008.0,311.0,0.999342
3008.0,312.0,0.195469
3008.0,313.0,0.667858
3008.0,314.0,0.510319
3008.0,315.0,0.999851
3008.0,316.0,0.671343
3008.0,317.0,0.516813
3008.0,318.0,0.462418
3008.0,319.0,0.000885
3008.0,320.0,0.329155
3008.0,321.0,0.130808
3008.0,322.0,0.237127
3008.0,323.0,0.180481
3008.0,324.0,0.268401
3008.0,325.0,0.056511
3008.0,326.0,0.602891
3008.0,327.0,0.020694
3008.0,328.0,0.0
3008.0,329.0,0.519522
3008.0,330.0,0.563693
3008.0,331.0,1.0
3008.0,332.0,0.378688
3008.0,333.0,0.222417
3008.0,334.0,0.664402
3009.0,0.0,0.09287
3009.0,1.0,0.888997
3009.0,2.0,0.000306
3009.0,3.0,0.671908
3009.0,4.0,0.00052
3009.0,5.0,0.357047
3009.0,6.0,0.627656
3009.0,7.0,0.373604
3009.0,8.0,0.48685
3009.0,9.0,0.534214
3009.0,10.0,0.0
3009.0,11.0,0.42556
3009.0,12.0,1.0
3009.0,13.0,0.545934
3009.0,14.0,0.515074
3009.0,15.0,0.343093
3009.0,16.0,0.560749
3009.0,17.0,0.564383
3009.0,18.0,0.0
3009.0,19.0,0.479432
3009.0,20.0,0.564292
3009.0,21.0,0.48846
3009.0,22.0,0.190018
3009.0,23.0,0.530753
3009.0,24.0,0.200446
3009.0,25.0,0.330903
3009.0,26.0,0.671499
3009.0,27.0,0.0
3009.0,28.0,0.405484
3009.0,29.0,0.440066
3009.0,30.0,0.658001
3009.0,31.0,0.472159
3009.0,32.0,0.304846
3009.0,33.0,0.353886
3009.0,34.0,0.851169
3009.0,35.0,0.372024
3009.0,36.0,0.347159
3009.0,37.0,0.38319
3009.0,38.0,0.185112
3009.0,39.0,0.008596
3009.0,40.0,0.943759
3009.0,41.0,0.687379
3009.0,42.0,0.074347
3009.0,43.0,0.601722
3009.0,44.0,0.478014
3009.0,45.0,0.995775
3009.0,46.0,0.590245
3009.0,47.0,0.357436
3009.0,48.0,0.073804
3009.0,49.0,0.749788
3009.0,50.0,0.978811
3009.0,51.0,0.348399
3009.0,52.0,0.993569
3009.0,53.0,0.61613
3009.0,54.0,0.458991
3009.0,55.0,0.744134
3009.0,56.0,0.373313
3009.0,57.0,0.291266
3009.0,58.0,0.999755
3009.0,59.0,0.731057
3009.0,60.0,0.095389
3009.0,61.0,0.889377
3009.0,62.0,0.53176
3009.0,63.0,0.637872
3009.0,64.0,0.005315
3009.0,65.0,0.607516
3009.0,66.0,0.759984
3009.0,67.0,0.337129
3009.0,68.0,0.273133
3009.0,69.0,0.360377
3009.0,70.0,0.043342
3009.0,71.0,0.591213
3009.0,72.0,0.5811
3009.0,73.0,0.088873
3009.0,74.0,0.757904
3009.0,75.0,0.780899
3009.0,76.0,0.474775
3009.0,77.0,0.050165
3009.0,78.0,0.400355
3009.0,79.0,0.002986
3009.0,80.0,0.359203
3009.0,81.0,0.414698
3009.0,82.0,0.524503
3009.0,83.0,0.997064
3009.0,84.0,1.0
3009.0,85.0,0.186997
3009.0,86.0,0.587259
3009.0,87.0,0.131411
3009.0,88.0,0.620062
3009.0,89.0,0.257578
3009.0,90.0,0.828804
3009.0,91.0,0.0
3009.0,92.0,0.0
3009.0,93.0,0.462902
3009.0,94.0,0.836561
3009.0,95.0,0.639334
3009.0,96.0,0.269847
3009.0,97.0,0.060002
3009.0,98.0,0.94238
3009.0,99.0,0.36106
3009.0,100.0,0.713968
3009.0,101.0,0.461372
3009.0,102.0,0.72656
3009.0,103.0,0.414999
3009.0,104.0,1.0
3009.0,105.0,0.545367
3009.0,106.0,0.773108
3009.0,107.0,0.711005
3009.0,108.0,0.613976
3009.0,109.0,0.288496
3009.0,110.0,0.500966
3009.0,111.0,0.067697
3009.0,112.0,0.65885
3009.0,113.0,0.393829
3009.0,114.0,0.411977
3009.0,115.0,0.890689
3009.0,116.0,0.0
3009.0,117.0,0.481023
3009.0,118.0,0.609148
3009.0,119.0,0.001918
3009.0,120.0,0.54309
3009.0,121.0,0.452399
3009.0,122.0,0.545113
3009.0,123.0,0.990433
3009.0,124.0,0.0
3009.0,125.0,0.2801
3009.0,126.0,0.648478
3009.0,127.0,0.734133
3009.0,128.0,0.980563
3009.0,129.0,0.371857
3009.0,130.0,0.0
3009.0,131.0,0.0
3009.0,132.0,0.009471
3009.0,133.0,0.173514
3009.0,134.0,0.0
3009.0,135.0,0.97627
3009.0,136.0,0.853802
3009.0,137.0,0.601972
3009.0,138.0,0.191079
3009.0,139.0,0.24357
3009.0,140.0,0.970965
3009.0,141.0,0.608374
3009.0,142.0,0.198989
3009.0,143.0,0.605847
3009.0,144.0,0.0
3009.0,145.0,0.136464
3009.0,146.0,0.620916
3009.0,147.0,1.0
3009.0,148.0,0.683368
3009.0,149.0,1.0
3009.0,150.0,0.444863
3009.0,151.0,0.811462
3009.0,152.0,0.221338
3009.0,153.0,0.655286
3009.0,154.0,0.499545
3009.0,155.0,0.401763
3009.0,156.0,0.388098
3009.0,157.0,1.0
3009.0,158.0,0.414359
3009.0,159.0,0.305129
3009.0,160.0,0.68709
3009.0,161.0,0.950391
3009.0,162.0,0.498783
3009.0,163.0,0.800673
3009.0,164.0,0.075996
3009.0,165.0,0.556364
3009.0,166.0,0.137988
3009.0,167.0,1.0
3009.0,168.0,0.293979
3009.0,169.0,0.653705
3009.0,170.0,0.00068
3009.0,171.0,0.543122
3009.0,172.0,0.241929
3009.0,173.0,0.533255
3009.0,174.0,0.166744
3009.0,175.0,0.33754
3009.0,176.0,0.079987
3009.0,177.0,0.727543
3009.0,178.0,0.602764
3009.0,179.0,0.999134
3009.0,180.0,0.468419
3009.0,181.0,1.0
3009.0,182.0,0.717603
3009.0,183.0,0.366839
3009.0,184.0,0.317772
3009.0,185.0,0.678014
3009.0,186.0,0.237946
3009.0,187.0,0.353413
3009.0,188.0,0.404874
3009.0,189.0,0.848688
3009.0,190.0,0.403218
3009.0,191.0,0.540043
3009.0,192.0,0.947697
3009.0,193.0,0.557425
3009.0,194.0,0.500991
3009.0,195.0,0.853467
3009.0,196.0,0.490839
3009.0,197.0,0.86492
3009.0,198.0,0.00452
3009.0,199.0,0.958098
3009.0,200.0,0.730541
3009.0,201.0,0.134211
3009.0,202.0,0.681341
3009.0,203.0,0.779114
3009.0,204.0,0.426603
3009.0,205.0,0.696058
3009.0,206.0,0.436623
3009.0,207.0,0.645899
3009.0,208.0,0.001364
3009.0,209.0,0.79201
3009.0,210.0,0.999183
3009.0,211.0,0.440842
3009.0,212.0,0.615511
3009.0,213.0,0.431953
3009.0,214.0,0.612825
3009.0,215.0,0.364178
3009.0,216.0,0.0028
3009.0,217.0,0.365645
3009.0,218.0,0.52422
3009.0,219.0,0.68243
3009.0,220.0,1.0
3009.0,221.0,0.700438
3009.0,222.0,0.457264
3009.0,223.0,0.663904
3009.0,224.0,0.574767
3009.0,225.0,0.993245
3009.0,226.0,1.0
3009.0,227.0,0.407258
3009.0,228.0,0.856878
3009.0,229.0,0.768924
3009.0,230.0,0.58836
3009.0,231.0,0.084828
3009.0,232.0,0.384822
3009.0,233.0,0.252926
3009.0,234.0,0.139808
3009.0,235.0,0.384553
3009.0,236.0,0.522892
3009.0,237.0,0.54987
3009.0,238.0,0.006605
3009.0,239.0,1.0
3009.0,240.0,0.466451
3009.0,241.0,0.222037
3009.0,242.0,0.602823
3009.0,243.0,0.64477
3009.0,244.0,0.25314
3009.0,245.0,0.10682
3009.0,246.0,0.38947
3009.0,247.0,0.356627
3009.0,248.0,0.558377
3009.0,249.0,0.189015
3009.0,250.0,0.268295
3009.0,251.0,9.1e-05
3009.0,252.0,0.802537
3009.0,253.0,0.686191
3009.0,254.0,0.191079
3009.0,255.0,0.603097
3009.0,256.0,1.0
3009.0,257.0,0.344265
3009.0,258.0,0.816162
3009.0,259.0,0.311028
3009.0,260.0,0.548347
3009.0,261.0,0.441297
3009.0,262.0,0.118867
3009.0,263.0,0.717378
3009.0,264.0,0.026881
3009.0,265.0,0.788266
3009.0,266.0,0.96876
3009.0,267.0,0.057928
3009.0,268.0,0.005906
3009.0,269.0,0.366645
3009.0,270.0,0.460649
3009.0,271.0,0.563772
3009.0,272.0,0.691386
3009.0,273.0,0.356144
3009.0,274.0,0.404615
3009.0,275.0,0.648909
3009.0,276.0,0.77485
3009.0,277.0,0.401918
3009.0,278.0,0.004914
3009.0,279.0,0.40501
3009.0,280.0,0.528983
3009.0,281.0,0.510893
3009.0,282.0,0.695518
3009.0,283.0,0.596053
3009.0,284.0,0.449222
3009.0,285.0,0.678269
3009.0,286.0,0.434252
3009.0,287.0,0.0
3009.0,288.0,0.269468
3009.0,289.0,0.999637
3009.0,290.0,1.0
3009.0,291.0,0.749774
3009.0,292.0,0.243056
3009.0,293.0,0.012667
3009.0,294.0,0.0
3009.0,295.0,0.497647
3009.0,296.0,0.775523
3009.0,297.0,0.389095
3009.0,298.0,0.574396
3009.0,299.0,0.855445
3009.0,300.0,0.684243
3009.0,301.0,0.0
3009.0,302.0,0.869252
3009.0,303.0,0.789038
3009.0,304.0,0.578283
3009.0,305.0,0.717085
3009.0,306.0,0.928971
3009.0,307.0,0.43927
3009.0,308.0,0.421708
3009.0,309.0,0.710804
3009.0,310.0,0.850904
3009.0,311.0,0.999287
3009.0,312.0,0.189862
3009.0,313.0,0.665309
3009.0,314.0,0.507369
3009.0,315.0,0.999833
3009.0,316.0,0.671249
3009.0,317.0,0.514339
3009.0,318.0,0.459515
3009.0,319.0,0.000861
3009.0,320.0,0.321385
3009.0,321.0,0.128895
3009.0,322.0,0.234025
3009.0,323.0,0.17777
3009.0,324.0,0.266261
3009.0,325.0,0.05604
3009.0,326.0,0.597172
3009.0,327.0,0.020246
3009.0,328.0,0.0
3009.0,329.0,0.482673
3009.0,330.0,0.563443
3009.0,331.0,1.0
3009.0,332.0,0.378256
3009.0,333.0,0.220481
3009.0,334.0,0.66423
3010.0,0.0,0.092625
3010.0,1.0,0.888976
3010.0,2.0,0.000304
3010.0,3.0,0.664094
3010.0,4.0,0.000496
3010.0,5.0,0.355737
3010.0,6.0,0.624549
3010.0,7.0,0.368242
3010.0,8.0,0.48148
3010.0,9.0,0.529829
3010.0,10.0,0.0
3010.0,11.0,0.417956
3010.0,12.0,1.0
3010.0,13.0,0.539741
3010.0,14.0,0.508179
3010.0,15.0,0.339688
3010.0,16.0,0.556465
3010.0,17.0,0.560393
3010.0,18.0,0.0
3010.0,19.0,0.477022
3010.0,20.0,0.562506
3010.0,21.0,0.485501
3010.0,22.0,0.189451
3010.0,23.0,0.52613
3010.0,24.0,0.195609
3010.0,25.0,0.326844
3010.0,26.0,0.658061
3010.0,27.0,0.0
3010.0,28.0,0.401429
3010.0,29.0,0.430188
3010.0,30.0,0.656399
3010.0,31.0,0.470548
3010.0,32.0,0.301694
3010.0,33.0,0.351722
3010.0,34.0,0.84999
3010.0,35.0,0.360018
3010.0,36.0,0.345912
3010.0,37.0,0.382524
3010.0,38.0,0.184463
3010.0,39.0,0.008426
3010.0,40.0,0.942735
3010.0,41.0,0.683283
3010.0,42.0,0.072888
3010.0,43.0,0.599141
3010.0,44.0,0.473986
3010.0,45.0,0.995761
3010.0,46.0,0.587486
3010.0,47.0,0.353553
3010.0,48.0,0.073755
3010.0,49.0,0.748091
3010.0,50.0,0.978579
3010.0,51.0,0.343871
3010.0,52.0,0.993563
3010.0,53.0,0.615972
3010.0,54.0,0.451578
3010.0,55.0,0.743104
3010.0,56.0,0.367961
3010.0,57.0,0.289708
3010.0,58.0,0.999777
3010.0,59.0,0.729464
3010.0,60.0,0.095203
3010.0,61.0,0.888814
3010.0,62.0,0.524638
3010.0,63.0,0.634903
3010.0,64.0,0.005379
3010.0,65.0,0.602286
3010.0,66.0,0.757003
3010.0,67.0,0.333347
3010.0,68.0,0.265242
3010.0,69.0,0.356751
3010.0,70.0,0.043061
3010.0,71.0,0.589929
3010.0,72.0,0.579627
3010.0,73.0,0.088074
3010.0,74.0,0.752998
3010.0,75.0,0.772519
3010.0,76.0,0.470314
3010.0,77.0,0.049547
3010.0,78.0,0.395253
3010.0,79.0,0.003
3010.0,80.0,0.351618
3010.0,81.0,0.411444
3010.0,82.0,0.521743
3010.0,83.0,0.99704
3010.0,84.0,1.0
3010.0,85.0,0.185389
3010.0,86.0,0.586929
3010.0,87.0,0.130631
3010.0,88.0,0.618803
3010.0,89.0,0.256718
3010.0,90.0,0.828239
3010.0,91.0,0.0
3010.0,92.0,0.0
3010.0,93.0,0.460903
3010.0,94.0,0.8358
3010.0,95.0,0.636294
3010.0,96.0,0.262956
3010.0,97.0,0.058321
3010.0,98.0,0.942152
3010.0,99.0,0.358677
3010.0,100.0,0.712604
3010.0,101.0,0.452349
3010.0,102.0,0.724501
3010.0,103.0,0.408337
3010.0,104.0,1.0
3010.0,105.0,0.54179
3010.0,106.0,0.765383
3010.0,107.0,0.70862
3010.0,108.0,0.609811
3010.0,109.0,0.287852
3010.0,110.0,0.488992
3010.0,111.0,0.066797
3010.0,112.0,0.65569
3010.0,113.0,0.328525
3010.0,114.0,0.40883
3010.0,115.0,0.890118
3010.0,116.0,0.0
3010.0,117.0,0.472595
3010.0,118.0,0.608525
3010.0,119.0,0.001919
3010.0,120.0,0.537542
3010.0,121.0,0.450811
3010.0,122.0,0.543634
3010.0,123.0,0.990271
3010.0,124.0,0.0
3010.0,125.0,0.267277
3010.0,126.0,0.646287
3010.0,127.0,0.719812
3010.0,128.0,0.980326
3010.0,129.0,0.371153
3010.0,130.0,0.0
3010.0,131.0,0.0
3010.0,132.0,0.009433
3010.0,133.0,0.167705
3010.0,134.0,0.0
3010.0,135.0,0.976059
3010.0,136.0,0.851421
3010.0,137.0,0.601898
3010.0,138.0,0.191435
3010.0,139.0,0.23765
3010.0,140.0,0.9706
3010.0,141.0,0.605065
3010.0,142.0,0.197422
3010.0,143.0,0.603491
3010.0,144.0,0.0
3010.0,145.0,0.135403
3010.0,146.0,0.61772
3010.0,147.0,1.0
3010.0,148.0,0.666069
3010.0,149.0,1.0
3010.0,150.0,0.4331
3010.0,151.0,0.810868
3010.0,152.0,0.220169
3010.0,153.0,0.650695
3010.0,154.0,0.496722
3010.0,155.0,0.393224
3010.0,156.0,0.367493
3010.0,157.0,1.0
3010.0,158.0,0.393502
3010.0,159.0,0.303288
3010.0,160.0,0.683007
3010.0,161.0,0.950332
3010.0,162.0,0.495619
3010.0,163.0,0.797941
3010.0,164.0,0.075773
3010.0,165.0,0.554277
3010.0,166.0,0.138442
3010.0,167.0,1.0
3010.0,168.0,0.293619
3010.0,169.0,0.647385
3010.0,170.0,0.000581
3010.0,171.0,0.537682
3010.0,172.0,0.24081
3010.0,173.0,0.526211
3010.0,174.0,0.165067
3010.0,175.0,0.335852
3010.0,176.0,0.079641
3010.0,177.0,0.726474
3010.0,178.0,0.597347
3010.0,179.0,0.99915
3010.0,180.0,0.466361
3010.0,181.0,1.0
3010.0,182.0,0.705264
3010.0,183.0,0.363071
3010.0,184.0,0.314338
3010.0,185.0,0.672432
3010.0,186.0,0.236999
3010.0,187.0,0.352532
3010.0,188.0,0.40381
3010.0,189.0,0.841085
3010.0,190.0,0.395949
3010.0,191.0,0.535349
3010.0,192.0,0.947239
3010.0,193.0,0.552978
3010.0,194.0,0.496503
3010.0,195.0,0.851841
3010.0,196.0,0.48652
3010.0,197.0,0.863852
3010.0,198.0,0.004301
3010.0,199.0,0.957933
3010.0,200.0,0.729737
3010.0,201.0,0.132629
3010.0,202.0,0.674377
3010.0,203.0,0.77525
3010.0,204.0,0.425762
3010.0,205.0,0.694374
3010.0,206.0,0.413954
3010.0,207.0,0.629783
3010.0,208.0,0.001365
3010.0,209.0,0.791617
3010.0,210.0,0.999192
3010.0,211.0,0.437294
3010.0,212.0,0.615178
3010.0,213.0,0.429426
3010.0,214.0,0.60183
3010.0,215.0,0.363194
3010.0,216.0,0.002706
3010.0,217.0,0.363022
3010.0,218.0,0.513217
3010.0,219.0,0.676495
3010.0,220.0,1.0
3010.0,221.0,0.697391
3010.0,222.0,0.435661
3010.0,223.0,0.659598
3010.0,224.0,0.572648
3010.0,225.0,0.993036
3010.0,226.0,1.0
3010.0,227.0,0.405972
3010.0,228.0,0.855482
3010.0,229.0,0.768576
3010.0,230.0,0.587613
3010.0,231.0,0.084291
3010.0,232.0,0.381577
3010.0,233.0,0.25152
3010.0,234.0,0.138033
3010.0,235.0,0.383294
3010.0,236.0,0.52036
3010.0,237.0,0.548088
3010.0,238.0,0.006359
3010.0,239.0,1.0
3010.0,240.0,0.463734
3010.0,241.0,0.2216
3010.0,242.0,0.600807
3010.0,243.0,0.643577
3010.0,244.0,0.248801
3010.0,245.0,0.104652
3010.0,246.0,0.38825
3010.0,247.0,0.355306
3010.0,248.0,0.552065
3010.0,249.0,0.184059
3010.0,250.0,0.263101
3010.0,251.0,9.3e-05
3010.0,252.0,0.802792
3010.0,253.0,0.68568
3010.0,254.0,0.180609
3010.0,255.0,0.602358
3010.0,256.0,1.0
3010.0,257.0,0.343143
3010.0,258.0,0.814625
3010.0,259.0,0.308969
3010.0,260.0,0.548379
3010.0,261.0,0.439625
3010.0,262.0,0.117106
3010.0,263.0,0.716246
3010.0,264.0,0.026907
3010.0,265.0,0.78753
3010.0,266.0,0.968267
3010.0,267.0,0.056735
3010.0,268.0,0.005859
3010.0,269.0,0.363413
3010.0,270.0,0.458379
3010.0,271.0,0.556843
3010.0,272.0,0.690845
3010.0,273.0,0.35393
3010.0,274.0,0.402436
3010.0,275.0,0.638263
3010.0,276.0,0.755294
3010.0,277.0,0.400007
3010.0,278.0,0.004954
3010.0,279.0,0.402066
3010.0,280.0,0.523845
3010.0,281.0,0.507896
3010.0,282.0,0.689808
3010.0,283.0,0.58715
3010.0,284.0,0.442334
3010.0,285.0,0.67783
3010.0,286.0,0.429205
3010.0,287.0,0.0
3010.0,288.0,0.265081
3010.0,289.0,0.999672
3010.0,290.0,1.0
3010.0,291.0,0.748729
3010.0,292.0,0.240832
3010.0,293.0,0.012385
3010.0,294.0,0.0
3010.0,295.0,0.493155
3010.0,296.0,0.773624
3010.0,297.0,0.388266
3010.0,298.0,0.573382
3010.0,299.0,0.855123
3010.0,300.0,0.678358
3010.0,301.0,0.0
3010.0,302.0,0.86618
3010.0,303.0,0.785748
3010.0,304.0,0.57776
3010.0,305.0,0.711493
3010.0,306.0,0.928197
3010.0,307.0,0.431249
3010.0,308.0,0.418136
3010.0,309.0,0.707057
3010.0,310.0,0.850043
3010.0,311.0,0.999257
3010.0,312.0,0.184814
3010.0,313.0,0.663291
3010.0,314.0,0.505762
3010.0,315.0,0.999817
3010.0,316.0,0.670832
3010.0,317.0,0.511712
3010.0,318.0,0.458239
3010.0,319.0,0.000827
3010.0,320.0,0.313399
3010.0,321.0,0.127722
3010.0,322.0,0.231626
3010.0,323.0,0.176046
3010.0,324.0,0.26507
3010.0,325.0,0.055847
3010.0,326.0,0.591861
3010.0,327.0,0.02019
3010.0,328.0,0.0
3010.0,329.0,0.449545
3010.0,330.0,0.562528
3010.0,331.0,1.0
3010.0,332.0,0.376682
3010.0,333.0,0.219215
3010.0,334.0,0.662878
4000.0,0.0,0.052834
4000.0,1.0,0.927267
4000.0,2.0,0.0
4000.0,3.0,0.65725
4000.0,4.0,0.0
4000.0,5.0,0.303413
4000.0,6.0,0.605725
4000.0,7.0,0.372737
4000.0,8.0,0.47935
4000.0,9.0,0.532722
4000.0,10.0,0.0
4000.0,11.0,0.413606
4000.0,12.0,1.0
4000.0,13.0,0.531962
4000.0,14.0,0.504187
4000.0,15.0,0.331311
4000.0,16.0,0.559029
4000.0,17.0,0.569927
4000.0,18.0,0.0
4000.0,19.0,0.460401
4000.0,20.0,0.579557
4000.0,21.0,0.481839
4000.0,22.0,0.166149
4000.0,23.0,0.541098
4000.0,24.0,0.1811
4000.0,25.0,0.34576
4000.0,26.0,0.662414
4000.0,27.0,0.0
4000.0,28.0,0.393168
4000.0,29.0,0.418848
4000.0,30.0,0.64189
4000.0,31.0,0.46089
4000.0,32.0,0.284483
4000.0,33.0,0.344866
4000.0,34.0,0.851016
4000.0,35.0,0.359435
4000.0,36.0,0.32681
4000.0,37.0,0.379384
4000.0,38.0,0.110077
4000.0,39.0,0.000101
4000.0,40.0,0.97767
4000.0,41.0,0.690581
4000.0,42.0,0.033724
4000.0,43.0,0.612528
4000.0,44.0,0.462244
4000.0,45.0,1.0
4000.0,46.0,0.59419
4000.0,47.0,0.361177
4000.0,48.0,0.047308
4000.0,49.0,0.735682
4000.0,50.0,0.986614
4000.0,51.0,0.329509
4000.0,52.0,0.998683
4000.0,53.0,0.670673
4000.0,54.0,0.44747
4000.0,55.0,0.756615
4000.0,56.0,0.376421
4000.0,57.0,0.292488
4000.0,58.0,1.0
4000.0,59.0,0.749181
4000.0,60.0,0.073931
4000.0,61.0,0.91187
4000.0,62.0,0.538468
4000.0,63.0,0.622104
4000.0,64.0,0.000853
4000.0,65.0,0.597551
4000.0,66.0,0.764731
4000.0,67.0,0.333719
4000.0,68.0,0.25573
4000.0,69.0,0.356299
4000.0,70.0,0.016722
4000.0,71.0,0.598272
4000.0,72.0,0.597148
4000.0,73.0,0.03729
4000.0,74.0,0.751002
4000.0,75.0,0.772512
4000.0,76.0,0.467852
4000.0,77.0,0.028676
4000.0,78.0,0.401645
4000.0,79.0,0.0
4000.0,80.0,0.359034
4000.0,81.0,0.420531
4000.0,82.0,0.507688
4000.0,83.0,1.0
4000.0,84.0,1.0
4000.0,85.0,0.192053
4000.0,86.0,0.568311
4000.0,87.0,0.110041
4000.0,88.0,0.605065
4000.0,89.0,0.206098
4000.0,90.0,0.857546
4000.0,91.0,0.0
4000.0,92.0,0.0
4000.0,93.0,0.466419
4000.0,94.0,0.869164
4000.0,95.0,0.641837
4000.0,96.0,0.258819
4000.0,97.0,0.052368
4000.0,98.0,0.957114
4000.0,99.0,0.371863
4000.0,100.0,0.707125
4000.0,101.0,0.449717
4000.0,102.0,0.739339
4000.0,103.0,0.405275
4000.0,104.0,1.0
4000.0,105.0,0.546042
4000.0,106.0,0.768985
4000.0,107.0,0.711793
4000.0,108.0,0.612835
4000.0,109.0,0.295211
4000.0,110.0,0.499238
4000.0,111.0,0.049499
4000.0,112.0,0.652734
4000.0,113.0,0.322672
4000.0,114.0,0.405782
4000.0,115.0,0.902935
4000.0,116.0,0.0
4000.0,117.0,0.464679
4000.0,118.0,0.651019
4000.0,119.0,0.000972
4000.0,120.0,0.538437
4000.0,121.0,0.44981
4000.0,122.0,0.53755
4000.0,123.0,0.995148
4000.0,124.0,0.0
4000.0,125.0,0.270789
4000.0,126.0,0.648229
4000.0,127.0,0.717704
4000.0,128.0,0.995099
4000.0,129.0,0.35377
4000.0,130.0,0.0
4000.0,131.0,0.0
4000.0,132.0,0.0029
4000.0,133.0,0.166669
4000.0,134.0,0.0
4000.0,135.0,0.992357
4000.0,136.0,0.850908
4000.0,137.0,0.605269
4000.0,138.0,0.176828
4000.0,139.0,0.234136
4000.0,140.0,0.989856
4000.0,141.0,0.611792
4000.0,142.0,0.208808
4000.0,143.0,0.591975
4000.0,144.0,0.0
4000.0,145.0,0.120921
4000.0,146.0,0.626762
4000.0,147.0,1.0
4000.0,148.0,0.670608
4000.0,149.0,1.0
4000.0,150.0,0.431849
4000.0,151.0,0.81302
4000.0,152.0,0.231613
4000.0,153.0,0.65427
4000.0,154.0,0.501313
4000.0,155.0,0.394308
4000.0,156.0,0.371048
4000.0,157.0,1.0
4000.0,158.0,0.386337
4000.0,159.0,0.287981
4000.0,160.0,0.687398
4000.0,161.0,0.965848
4000.0,162.0,0.498034
4000.0,163.0,0.80773
4000.0,164.0,0.068274
4000.0,165.0,0.555229
4000.0,166.0,0.129006
4000.0,167.0,1.0
4000.0,168.0,0.247658
4000.0,169.0,0.648413
4000.0,170.0,0.0
4000.0,171.0,0.53573
4000.0,172.0,0.247394
4000.0,173.0,0.530227
4000.0,174.0,0.157556
4000.0,175.0,0.344172
4000.0,176.0,0.044076
4000.0,177.0,0.781298
4000.0,178.0,0.62486
4000.0,179.0,1.0
4000.0,180.0,0.484151
4000.0,181.0,1.0
4000.0,182.0,0.695802
4000.0,183.0,0.367949
4000.0,184.0,0.311222
4000.0,185.0,0.681404
4000.0,186.0,0.216698
4000.0,187.0,0.363255
4000.0,188.0,0.399891
4000.0,189.0,0.845213
4000.0,190.0,0.40077
4000.0,191.0,0.540046
4000.0,192.0,0.979951
4000.0,193.0,0.557918
4000.0,194.0,0.494873
4000.0,195.0,0.887015
4000.0,196.0,0.474777
4000.0,197.0,0.85071
4000.0,198.0,0.000678
4000.0,199.0,0.968111
4000.0,200.0,0.752847
4000.0,201.0,0.140395
4000.0,202.0,0.67423
4000.0,203.0,0.781778
4000.0,204.0,0.397137
4000.0,205.0,0.70757
4000.0,206.0,0.409911
4000.0,207.0,0.626256
4000.0,208.0,0.0
4000.0,209.0,0.82447
4000.0,210.0,0.999561
4000.0,211.0,0.438357
4000.0,212.0,0.669106
4000.0,213.0,0.426805
4000.0,214.0,0.595994
4000.0,215.0,0.356949
4000.0,216.0,0.0
4000.0,217.0,0.359522
4000.0,218.0,0.505855
4000.0,219.0,0.680945
4000.0,220.0,1.0
4000.0,221.0,0.694859
4000.0,222.0,0.438192
4000.0,223.0,0.659871
4000.0,224.0,0.571698
4000.0,225.0,0.998432
4000.0,226.0,1.0
4000.0,227.0,0.42192
4000.0,228.0,0.90556
4000.0,229.0,0.776849
4000.0,230.0,0.60487
4000.0,231.0,0.048143
4000.0,232.0,0.392307
4000.0,233.0,0.182485
4000.0,234.0,0.123307
4000.0,235.0,0.367555
4000.0,236.0,0.524643
4000.0,237.0,0.547642
4000.0,238.0,0.002457
4000.0,239.0,1.0
4000.0,240.0,0.46023
4000.0,241.0,0.186059
4000.0,242.0,0.611931
4000.0,243.0,0.645141
4000.0,244.0,0.244549
4000.0,245.0,0.107318
4000.0,246.0,0.373927
4000.0,247.0,0.385797
4000.0,248.0,0.552654
4000.0,249.0,0.179228
4000.0,250.0,0.257205
4000.0,251.0,0.0
4000.0,252.0,0.867491
4000.0,253.0,0.7031
4000.0,254.0,0.186592
4000.0,255.0,0.640618
4000.0,256.0,1.0
4000.0,257.0,0.282853
4000.0,258.0,0.84111
4000.0,259.0,0.300616
4000.0,260.0,0.538958
4000.0,261.0,0.44772
4000.0,262.0,0.097151
4000.0,263.0,0.735765
4000.0,264.0,0.012186
4000.0,265.0,0.853766
4000.0,266.0,0.982598
4000.0,267.0,0.057585
4000.0,268.0,0.000626
4000.0,269.0,0.366067
4000.0,270.0,0.451593
4000.0,271.0,0.555437
4000.0,272.0,0.716
4000.0,273.0,0.357372
4000.0,274.0,0.421337
4000.0,275.0,0.637872
4000.0,276.0,0.748788
4000.0,277.0,0.39477
4000.0,278.0,0.001617
4000.0,279.0,0.401358
4000.0,280.0,0.518088
4000.0,281.0,0.515054
4000.0,282.0,0.688886
4000.0,283.0,0.581947
4000.0,284.0,0.433259
4000.0,285.0,0.72827
4000.0,286.0,0.426724
4000.0,287.0,0.0
4000.0,288.0,0.269009
4000.0,289.0,1.0
4000.0,290.0,1.0
4000.0,291.0,0.79112
4000.0,292.0,0.249076
4000.0,293.0,0.007421
4000.0,294.0,0.0
4000.0,295.0,0.492695
4000.0,296.0,0.780208
4000.0,297.0,0.352877
4000.0,298.0,0.567104
4000.0,299.0,0.884629
4000.0,300.0,0.679647
4000.0,301.0,0.0
4000.0,302.0,0.874586
4000.0,303.0,0.788667
4000.0,304.0,0.578089
4000.0,305.0,0.708095
4000.0,306.0,0.980742
4000.0,307.0,0.425264
4000.0,308.0,0.440334
4000.0,309.0,0.735935
4000.0,310.0,0.862433
4000.0,311.0,1.0
4000.0,312.0,0.181162
4000.0,313.0,0.665337
4000.0,314.0,0.50371
4000.0,315.0,1.0
4000.0,316.0,0.702549
4000.0,317.0,0.520882
4000.0,318.0,0.462584
4000.0,319.0,0.000363
4000.0,320.0,0.32274
4000.0,321.0,0.134795
4000.0,322.0,0.248668
4000.0,323.0,0.173774
4000.0,324.0,0.255881
4000.0,325.0,0.038945
4000.0,326.0,0.578078
4000.0,327.0,0.004934
4000.0,328.0,0.0
4000.0,329.0,0.450243
4000.0,330.0,0.579895
4000.0,331.0,1.0
4000.0,332.0,0.360449
4000.0,333.0,0.22941
4000.0,334.0,0.681831
4001.0,0.0,0.053419
4001.0,1.0,0.927576
4001.0,2.0,0.0
4001.0,3.0,0.665909
4001.0,4.0,0.0
4001.0,5.0,0.304267
4001.0,6.0,0.609239
4001.0,7.0,0.379279
4001.0,8.0,0.485072
4001.0,9.0,0.537529
4001.0,10.0,0.0
4001.0,11.0,0.422542
4001.0,12.0,1.0
4001.0,13.0,0.538477
4001.0,14.0,0.513151
4001.0,15.0,0.335148
4001.0,16.0,0.56316
4001.0,17.0,0.573215
4001.0,18.0,0.0
4001.0,19.0,0.462063
4001.0,20.0,0.58173
4001.0,21.0,0.486073
4001.0,22.0,0.166652
4001.0,23.0,0.544588
4001.0,24.0,0.186623
4001.0,25.0,0.350853
4001.0,26.0,0.676469
4001.0,27.0,0.0
4001.0,28.0,0.398882
4001.0,29.0,0.430368
4001.0,30.0,0.643557
4001.0,31.0,0.46277
4001.0,32.0,0.287644
4001.0,33.0,0.347287
4001.0,34.0,0.851572
4001.0,35.0,0.373193
4001.0,36.0,0.327863
4001.0,37.0,0.380106
4001.0,38.0,0.110562
4001.0,39.0,0.000102
4001.0,40.0,0.978444
4001.0,41.0,0.693622
4001.0,42.0,0.034233
4001.0,43.0,0.614772
4001.0,44.0,0.465809
4001.0,45.0,1.0
4001.0,46.0,0.596219
4001.0,47.0,0.365235
4001.0,48.0,0.047354
4001.0,49.0,0.738298
4001.0,50.0,0.986894
4001.0,51.0,0.334378
4001.0,52.0,0.998594
4001.0,53.0,0.670843
4001.0,54.0,0.456795
4001.0,55.0,0.757786
4001.0,56.0,0.382317
4001.0,57.0,0.294198
4001.0,58.0,1.0
4001.0,59.0,0.749611
4001.0,60.0,0.073851
4001.0,61.0,0.912593
4001.0,62.0,0.544516
4001.0,63.0,0.626225
4001.0,64.0,0.000921
4001.0,65.0,0.603679
4001.0,66.0,0.768489
4001.0,67.0,0.337506
4001.0,68.0,0.264468
4001.0,69.0,0.360584
4001.0,70.0,0.017062
4001.0,71.0,0.598729
4001.0,72.0,0.596709
4001.0,73.0,0.037148
4001.0,74.0,0.758052
4001.0,75.0,0.7822
4001.0,76.0,0.473333
4001.0,77.0,0.028899
4001.0,78.0,0.406957
4001.0,79.0,0.0
4001.0,80.0,0.366535
4001.0,81.0,0.422733
4001.0,82.0,0.509918
4001.0,83.0,1.0
4001.0,84.0,1.0
4001.0,85.0,0.193443
4001.0,86.0,0.569251
4001.0,87.0,0.109952
4001.0,88.0,0.607718
4001.0,89.0,0.206293
4001.0,90.0,0.856843
4001.0,91.0,0.0
4001.0,92.0,0.0
4001.0,93.0,0.468696
4001.0,94.0,0.86973
4001.0,95.0,0.645702
4001.0,96.0,0.265621
4001.0,97.0,0.054304
4001.0,98.0,0.957857
4001.0,99.0,0.375907
4001.0,100.0,0.709286
4001.0,101.0,0.459097
4001.0,102.0,0.741173
4001.0,103.0,0.413586
4001.0,104.0,1.0
4001.0,105.0,0.549135
4001.0,106.0,0.777684
4001.0,107.0,0.714384
4001.0,108.0,0.617232
4001.0,109.0,0.296601
4001.0,110.0,0.512386
4001.0,111.0,0.050049
4001.0,112.0,0.656579
4001.0,113.0,0.392753
4001.0,114.0,0.409868
4001.0,115.0,0.903564
4001.0,116.0,0.0
4001.0,117.0,0.474874
4001.0,118.0,0.651537
4001.0,119.0,0.001028
4001.0,120.0,0.543171
4001.0,121.0,0.4514
4001.0,122.0,0.540327
4001.0,123.0,0.995346
4001.0,124.0,0.0
4001.0,125.0,0.285525
4001.0,126.0,0.650539
4001.0,127.0,0.733445
4001.0,128.0,0.99511
4001.0,129.0,0.353332
4001.0,130.0,0.0
4001.0,131.0,0.0
4001.0,132.0,0.002874
4001.0,133.0,0.173452
4001.0,134.0,0.0
4001.0,135.0,0.992471
4001.0,136.0,0.854218
4001.0,137.0,0.606323
4001.0,138.0,0.178106
4001.0,139.0,0.240892
4001.0,140.0,0.989904
4001.0,141.0,0.615419
4001.0,142.0,0.209176
4001.0,143.0,0.593983
4001.0,144.0,0.0
4001.0,145.0,0.121686
4001.0,146.0,0.630877
4001.0,147.0,1.0
4001.0,148.0,0.689789
4001.0,149.0,1.0
4001.0,150.0,0.447199
4001.0,151.0,0.813821
4001.0,152.0,0.232744
4001.0,153.0,0.659813
4001.0,154.0,0.504222
4001.0,155.0,0.404028
4001.0,156.0,0.393436
4001.0,157.0,1.0
4001.0,158.0,0.409851
4001.0,159.0,0.289027
4001.0,160.0,0.692584
4001.0,161.0,0.966123
4001.0,162.0,0.500152
4001.0,163.0,0.809518
4001.0,164.0,0.068916
4001.0,165.0,0.556467
4001.0,166.0,0.129618
4001.0,167.0,1.0
4001.0,168.0,0.248903
4001.0,169.0,0.65653
4001.0,170.0,0.0
4001.0,171.0,0.542407
4001.0,172.0,0.249708
4001.0,173.0,0.537604
4001.0,174.0,0.160611
4001.0,175.0,0.34652
4001.0,176.0,0.04438
4001.0,177.0,0.781899
4001.0,178.0,0.629797
4001.0,179.0,1.0
4001.0,180.0,0.486377
4001.0,181.0,1.0
4001.0,182.0,0.71169
4001.0,183.0,0.372465
4001.0,184.0,0.315182
4001.0,185.0,0.687711
4001.0,186.0,0.217939
4001.0,187.0,0.364468
4001.0,188.0,0.399656
4001.0,189.0,0.85339
4001.0,190.0,0.408422
4001.0,191.0,0.5453
4001.0,192.0,0.98
4001.0,193.0,0.562069
4001.0,194.0,0.501344
4001.0,195.0,0.888109
4001.0,196.0,0.480314
4001.0,197.0,0.853188
4001.0,198.0,0.00066
4001.0,199.0,0.968019
4001.0,200.0,0.752573
4001.0,201.0,0.142219
4001.0,202.0,0.681633
4001.0,203.0,0.786578
4001.0,204.0,0.397728
4001.0,205.0,0.70916
4001.0,206.0,0.436566
4001.0,207.0,0.643028
4001.0,208.0,0.0
4001.0,209.0,0.825971
4001.0,210.0,0.999558
4001.0,211.0,0.441685
4001.0,212.0,0.669845
4001.0,213.0,0.428992
4001.0,214.0,0.609636
4001.0,215.0,0.357429
4001.0,216.0,0.0
4001.0,217.0,0.364788
4001.0,218.0,0.51789
4001.0,219.0,0.687363
4001.0,220.0,1.0
4001.0,221.0,0.69802
4001.0,222.0,0.464811
4001.0,223.0,0.663309
4001.0,224.0,0.573761
4001.0,225.0,0.998555
4001.0,226.0,1.0
4001.0,227.0,0.423715
4001.0,228.0,0.905636
4001.0,229.0,0.777368
4001.0,230.0,0.606793
4001.0,231.0,0.048375
4001.0,232.0,0.395991
4001.0,233.0,0.182358
4001.0,234.0,0.125737
4001.0,235.0,0.368961
4001.0,236.0,0.526603
4001.0,237.0,0.550325
4001.0,238.0,0.002528
4001.0,239.0,1.0
4001.0,240.0,0.464012
4001.0,241.0,0.187393
4001.0,242.0,0.61322
4001.0,243.0,0.645815
4001.0,244.0,0.24824
4001.0,245.0,0.110342
4001.0,246.0,0.374771
4001.0,247.0,0.387205
4001.0,248.0,0.557963
4001.0,249.0,0.18453
4001.0,250.0,0.263541
4001.0,251.0,0.0
4001.0,252.0,0.864093
4001.0,253.0,0.703823
4001.0,254.0,0.198574
4001.0,255.0,0.641714
4001.0,256.0,1.0
4001.0,257.0,0.282931
4001.0,258.0,0.842154
4001.0,259.0,0.303461
4001.0,260.0,0.541223
4001.0,261.0,0.45016
4001.0,262.0,0.098334
4001.0,263.0,0.73681
4001.0,264.0,0.012161
4001.0,265.0,0.854452
4001.0,266.0,0.983221
4001.0,267.0,0.05835
4001.0,268.0,0.00064
4001.0,269.0,0.368805
4001.0,270.0,0.452594
4001.0,271.0,0.560564
4001.0,272.0,0.715988
4001.0,273.0,0.359487
4001.0,274.0,0.423293
4001.0,275.0,0.649871
4001.0,276.0,0.771148
4001.0,277.0,0.3969
4001.0,278.0,0.001629
4001.0,279.0,0.404611
4001.0,280.0,0.522362
4001.0,281.0,0.518827
4001.0,282.0,0.695504
4001.0,283.0,0.590897
4001.0,284.0,0.441405
4001.0,285.0,0.728659
4001.0,286.0,0.433291
4001.0,287.0,0.0
4001.0,288.0,0.274083
4001.0,289.0,1.0
4001.0,290.0,1.0
4001.0,291.0,0.79319
4001.0,292.0,0.251576
4001.0,293.0,0.007822
4001.0,294.0,0.0
4001.0,295.0,0.497175
4001.0,296.0,0.782745
4001.0,297.0,0.354434
4001.0,298.0,0.567042
4001.0,299.0,0.88526
4001.0,300.0,0.686295
4001.0,301.0,0.0
4001.0,302.0,0.878704
4001.0,303.0,0.793305
4001.0,304.0,0.579311
4001.0,305.0,0.714414
4001.0,306.0,0.980972
4001.0,307.0,0.434328
4001.0,308.0,0.444203
4001.0,309.0,0.740422
4001.0,310.0,0.862904
4001.0,311.0,1.0
4001.0,312.0,0.186535
4001.0,313.0,0.667578
4001.0,314.0,0.50504
4001.0,315.0,1.0
4001.0,316.0,0.702246
4001.0,317.0,0.523511
4001.0,318.0,0.464709
4001.0,319.0,0.000361
4001.0,320.0,0.33045
4001.0,321.0,0.13621
4001.0,322.0,0.251356
4001.0,323.0,0.176042
4001.0,324.0,0.258155
4001.0,325.0,0.039023
4001.0,326.0,0.584892
4001.0,327.0,0.005108
4001.0,328.0,0.0
4001.0,329.0,0.492013
4001.0,330.0,0.580306
4001.0,331.0,1.0
4001.0,332.0,0.360882
4001.0,333.0,0.231606
4001.0,334.0,0.683239
4002.0,0.0,0.053948
4002.0,1.0,0.92814
4002.0,2.0,0.0
4002.0,3.0,0.674865
4002.0,4.0,0.0
4002.0,5.0,0.305402
4002.0,6.0,0.61281
4002.0,7.0,0.385127
4002.0,8.0,0.491042
4002.0,9.0,0.54183
4002.0,10.0,0.0
4002.0,11.0,0.430682
4002.0,12.0,1.0
4002.0,13.0,0.544944
4002.0,14.0,0.522035
4002.0,15.0,0.339926
4002.0,16.0,0.567409
4002.0,17.0,0.577215
4002.0,18.0,0.0
4002.0,19.0,0.464081
4002.0,20.0,0.583159
4002.0,21.0,0.488833
4002.0,22.0,0.16703
4002.0,23.0,0.548056
4002.0,24.0,0.191605
4002.0,25.0,0.355096
4002.0,26.0,0.690331
4002.0,27.0,0.0
4002.0,28.0,0.403311
4002.0,29.0,0.441211
4002.0,30.0,0.645388
4002.0,31.0,0.465575
4002.0,32.0,0.290406
4002.0,33.0,0.349286
4002.0,34.0,0.852528
4002.0,35.0,0.386763
4002.0,36.0,0.328958
4002.0,37.0,0.381879
4002.0,38.0,0.111214
4002.0,39.0,8.8e-05
4002.0,40.0,0.979093
4002.0,41.0,0.696344
4002.0,42.0,0.034658
4002.0,43.0,0.617781
4002.0,44.0,0.469933
4002.0,45.0,1.0
4002.0,46.0,0.59897
4002.0,47.0,0.369622
4002.0,48.0,0.047924
4002.0,49.0,0.739316
4002.0,50.0,0.987017
4002.0,51.0,0.339099
4002.0,52.0,0.99858
4002.0,53.0,0.671317
4002.0,54.0,0.465965
4002.0,55.0,0.759316
4002.0,56.0,0.388648
4002.0,57.0,0.296068
4002.0,58.0,1.0
4002.0,59.0,0.750468
4002.0,60.0,0.074325
4002.0,61.0,0.913122
4002.0,62.0,0.551281
4002.0,63.0,0.629812
4002.0,64.0,0.001013
4002.0,65.0,0.608953
4002.0,66.0,0.773122
4002.0,67.0,0.340752
4002.0,68.0,0.272829
4002.0,69.0,0.36491
4002.0,70.0,0.017232
4002.0,71.0,0.599773
4002.0,72.0,0.597355
4002.0,73.0,0.037334
4002.0,74.0,0.763639
4002.0,75.0,0.791988
4002.0,76.0,0.477729
4002.0,77.0,0.029318
4002.0,78.0,0.412538
4002.0,79.0,0.0
4002.0,80.0,0.374793
4002.0,81.0,0.426323
4002.0,82.0,0.511743
4002.0,83.0,1.0
4002.0,84.0,1.0
4002.0,85.0,0.194471
4002.0,86.0,0.570822
4002.0,87.0,0.109434
4002.0,88.0,0.611028
4002.0,89.0,0.206475
4002.0,90.0,0.856876
4002.0,91.0,0.0
4002.0,92.0,0.0
4002.0,93.0,0.471163
4002.0,94.0,0.869868
4002.0,95.0,0.650061
4002.0,96.0,0.27306
4002.0,97.0,0.05579
4002.0,98.0,0.95828
4002.0,99.0,0.378631
4002.0,100.0,0.711078
4002.0,101.0,0.467493
4002.0,102.0,0.742924
4002.0,103.0,0.420856
4002.0,104.0,1.0
4002.0,105.0,0.552763
4002.0,106.0,0.786442
4002.0,107.0,0.716748
4002.0,108.0,0.620503
4002.0,109.0,0.297688
4002.0,110.0,0.52512
4002.0,111.0,0.050667
4002.0,112.0,0.659894
4002.0,113.0,0.464019
4002.0,114.0,0.414539
4002.0,115.0,0.903856
4002.0,116.0,0.0
4002.0,117.0,0.483571
4002.0,118.0,0.652504
4002.0,119.0,0.001112
4002.0,120.0,0.548307
4002.0,121.0,0.452926
4002.0,122.0,0.542889
4002.0,123.0,0.995437
4002.0,124.0,0.0
4002.0,125.0,0.300638
4002.0,126.0,0.653351
4002.0,127.0,0.748011
4002.0,128.0,0.995175
4002.0,129.0,0.353807
4002.0,130.0,0.0
4002.0,131.0,0.0
4002.0,132.0,0.002935
4002.0,133.0,0.180154
4002.0,134.0,0.0
4002.0,135.0,0.99259
4002.0,136.0,0.857541
4002.0,137.0,0.607436
4002.0,138.0,0.179053
4002.0,139.0,0.247996
4002.0,140.0,0.990178
4002.0,141.0,0.618569
4002.0,142.0,0.210573
4002.0,143.0,0.596391
4002.0,144.0,0.0
4002.0,145.0,0.122183
4002.0,146.0,0.634859
4002.0,147.0,1.0
4002.0,148.0,0.70789
4002.0,149.0,1.0
4002.0,150.0,0.461743
4002.0,151.0,0.814714
4002.0,152.0,0.234249
4002.0,153.0,0.664474
4002.0,154.0,0.508296
4002.0,155.0,0.413504
4002.0,156.0,0.415468
4002.0,157.0,1.0
4002.0,158.0,0.432456
4002.0,159.0,0.289457
4002.0,160.0,0.69767
4002.0,161.0,0.966264
4002.0,162.0,0.50143
4002.0,163.0,0.811266
4002.0,164.0,0.069937
4002.0,165.0,0.557517
4002.0,166.0,0.129982
4002.0,167.0,1.0
4002.0,168.0,0.249605
4002.0,169.0,0.664808
4002.0,170.0,0.0
4002.0,171.0,0.548544
4002.0,172.0,0.251142
4002.0,173.0,0.542924
4002.0,174.0,0.162396
4002.0,175.0,0.349119
4002.0,176.0,0.044792
4002.0,177.0,0.782793
4002.0,178.0,0.635159
4002.0,179.0,1.0
4002.0,180.0,0.489396
4002.0,181.0,1.0
4002.0,182.0,0.725754
4002.0,183.0,0.377438
4002.0,184.0,0.320534
4002.0,185.0,0.69278
4002.0,186.0,0.219309
4002.0,187.0,0.36563
4002.0,188.0,0.398759
4002.0,189.0,0.860967
4002.0,190.0,0.416009
4002.0,191.0,0.550027
4002.0,192.0,0.98001
4002.0,193.0,0.566032
4002.0,194.0,0.507561
4002.0,195.0,0.889337
4002.0,196.0,0.486149
4002.0,197.0,0.854629
4002.0,198.0,0.000637
4002.0,199.0,0.968336
4002.0,200.0,0.753885
4002.0,201.0,0.14369
4002.0,202.0,0.689028
4002.0,203.0,0.791689
4002.0,204.0,0.398813
4002.0,205.0,0.710213
4002.0,206.0,0.461521
4002.0,207.0,0.658586
4002.0,208.0,0.0
4002.0,209.0,0.827084
4002.0,210.0,0.99957
4002.0,211.0,0.446167
4002.0,212.0,0.669671
4002.0,213.0,0.431984
4002.0,214.0,0.622922
4002.0,215.0,0.359016
4002.0,216.0,0.0
4002.0,217.0,0.369112
4002.0,218.0,0.529565
4002.0,219.0,0.693914
4002.0,220.0,1.0
4002.0,221.0,0.701755
4002.0,222.0,0.489854
4002.0,223.0,0.667264
4002.0,224.0,0.575057
4002.0,225.0,0.998615
4002.0,226.0,1.0
4002.0,227.0,0.424596
4002.0,228.0,0.906256
4002.0,229.0,0.778433
4002.0,230.0,0.608382
4002.0,231.0,0.048456
4002.0,232.0,0.399101
4002.0,233.0,0.182891
4002.0,234.0,0.128222
4002.0,235.0,0.370834
4002.0,236.0,0.52877
4002.0,237.0,0.553337
4002.0,238.0,0.002659
4002.0,239.0,1.0
4002.0,240.0,0.468259
4002.0,241.0,0.188783
4002.0,242.0,0.613261
4002.0,243.0,0.646946
4002.0,244.0,0.25167
4002.0,245.0,0.113413
4002.0,246.0,0.375801
4002.0,247.0,0.388666
4002.0,248.0,0.563503
4002.0,249.0,0.189839
4002.0,250.0,0.270017
4002.0,251.0,0.0
4002.0,252.0,0.86144
4002.0,253.0,0.704533
4002.0,254.0,0.21175
4002.0,255.0,0.643301
4002.0,256.0,1.0
4002.0,257.0,0.283212
4002.0,258.0,0.843537
4002.0,259.0,0.305835
4002.0,260.0,0.542512
4002.0,261.0,0.452433
4002.0,262.0,0.099464
4002.0,263.0,0.737751
4002.0,264.0,0.012186
4002.0,265.0,0.854902
4002.0,266.0,0.983589
4002.0,267.0,0.058844
4002.0,268.0,0.000672
4002.0,269.0,0.371272
4002.0,270.0,0.453497
4002.0,271.0,0.56685
4002.0,272.0,0.717223
4002.0,273.0,0.361347
4002.0,274.0,0.425643
4002.0,275.0,0.660912
4002.0,276.0,0.790677
4002.0,277.0,0.39885
4002.0,278.0,0.001652
4002.0,279.0,0.408429
4002.0,280.0,0.526028
4002.0,281.0,0.522625
4002.0,282.0,0.702071
4002.0,283.0,0.600687
4002.0,284.0,0.448994
4002.0,285.0,0.72906
4002.0,286.0,0.439529
4002.0,287.0,0.0
4002.0,288.0,0.279379
4002.0,289.0,1.0
4002.0,290.0,1.0
4002.0,291.0,0.794474
4002.0,292.0,0.254551
4002.0,293.0,0.008193
4002.0,294.0,0.0
4002.0,295.0,0.501892
4002.0,296.0,0.784916
4002.0,297.0,0.355118
4002.0,298.0,0.567062
4002.0,299.0,0.8859
4002.0,300.0,0.692363
4002.0,301.0,0.0
4002.0,302.0,0.882997
4002.0,303.0,0.798052
4002.0,304.0,0.580052
4002.0,305.0,0.720701
4002.0,306.0,0.981161
4002.0,307.0,0.442788
4002.0,308.0,0.447773
4002.0,309.0,0.745189
4002.0,310.0,0.863811
4002.0,311.0,1.0
4002.0,312.0,0.192969
4002.0,313.0,0.67104
4002.0,314.0,0.507285
4002.0,315.0,1.0
4002.0,316.0,0.701977
4002.0,317.0,0.52589
4002.0,318.0,0.467355
4002.0,319.0,0.000337
4002.0,320.0,0.338575
4002.0,321.0,0.138035
4002.0,322.0,0.255422
4002.0,323.0,0.178384
4002.0,324.0,0.260583
4002.0,325.0,0.039131
4002.0,326.0,0.591555
4002.0,327.0,0.005178
4002.0,328.0,0.0
4002.0,329.0,0.53364
4002.0,330.0,0.581207
4002.0,331.0,1.0
4002.0,332.0,0.361553
4002.0,333.0,0.233774
4002.0,334.0,0.684046
4003.0,0.0,0.054948
4003.0,1.0,0.928563
4003.0,2.0,0.0
4003.0,3.0,0.68264
4003.0,4.0,0.0
4003.0,5.0,0.306833
4003.0,6.0,0.615739
4003.0,7.0,0.390027
4003.0,8.0,0.497354
4003.0,9.0,0.546233
4003.0,10.0,0.0
4003.0,11.0,0.438411
4003.0,12.0,1.0
4003.0,13.0,0.55095
4003.0,14.0,0.529404
4003.0,15.0,0.344381
4003.0,16.0,0.571316
4003.0,17.0,0.580797
4003.0,18.0,0.0
4003.0,19.0,0.466111
4003.0,20.0,0.584599
4003.0,21.0,0.493025
4003.0,22.0,0.167872
4003.0,23.0,0.551213
4003.0,24.0,0.195875
4003.0,25.0,0.361006
4003.0,26.0,0.702818
4003.0,27.0,0.0
4003.0,28.0,0.408583
4003.0,29.0,0.451913
4003.0,30.0,0.647073
4003.0,31.0,0.467346
4003.0,32.0,0.293976
4003.0,33.0,0.351746
4003.0,34.0,0.853199
4003.0,35.0,0.399054
4003.0,36.0,0.329985
4003.0,37.0,0.38411
4003.0,38.0,0.11213
4003.0,39.0,7.2e-05
4003.0,40.0,0.979697
4003.0,41.0,0.698301
4003.0,42.0,0.035112
4003.0,43.0,0.620298
4003.0,44.0,0.474786
4003.0,45.0,1.0
4003.0,46.0,0.601085
4003.0,47.0,0.373758
4003.0,48.0,0.048257
4003.0,49.0,0.740748
4003.0,50.0,0.987071
4003.0,51.0,0.344159
4003.0,52.0,0.998618
4003.0,53.0,0.671483
4003.0,54.0,0.475566
4003.0,55.0,0.760817
4003.0,56.0,0.394821
4003.0,57.0,0.29717
4003.0,58.0,1.0
4003.0,59.0,0.75139
4003.0,60.0,0.074651
4003.0,61.0,0.913919
4003.0,62.0,0.558103
4003.0,63.0,0.632817
4003.0,64.0,0.001071
4003.0,65.0,0.613857
4003.0,66.0,0.776644
4003.0,67.0,0.344064
4003.0,68.0,0.282062
4003.0,69.0,0.369042
4003.0,70.0,0.017264
4003.0,71.0,0.601244
4003.0,72.0,0.598246
4003.0,73.0,0.037464
4003.0,74.0,0.769684
4003.0,75.0,0.800441
4003.0,76.0,0.4818
4003.0,77.0,0.029774
4003.0,78.0,0.417349
4003.0,79.0,0.0
4003.0,80.0,0.383123
4003.0,81.0,0.428565
4003.0,82.0,0.514215
4003.0,83.0,1.0
4003.0,84.0,1.0
4003.0,85.0,0.195777
4003.0,86.0,0.573442
4003.0,87.0,0.109523
4003.0,88.0,0.61315
4003.0,89.0,0.20696
4003.0,90.0,0.856536
4003.0,91.0,0.0
4003.0,92.0,0.0
4003.0,93.0,0.473267
4003.0,94.0,0.870122
4003.0,95.0,0.654187
4003.0,96.0,0.28014
4003.0,97.0,0.057147
4003.0,98.0,0.958549
4003.0,99.0,0.381606
4003.0,100.0,0.712189
4003.0,101.0,0.476883
4003.0,102.0,0.746171
4003.0,103.0,0.428369
4003.0,104.0,1.0
4003.0,105.0,0.557051
4003.0,106.0,0.793918
4003.0,107.0,0.718952
4003.0,108.0,0.624571
4003.0,109.0,0.298704
4003.0,110.0,0.53854
4003.0,111.0,0.05142
4003.0,112.0,0.663425
4003.0,113.0,0.533987
4003.0,114.0,0.418613
4003.0,115.0,0.904041
4003.0,116.0,0.0
4003.0,117.0,0.49382
4003.0,118.0,0.65309
4003.0,119.0,0.001143
4003.0,120.0,0.553817
4003.0,121.0,0.454434
4003.0,122.0,0.546084
4003.0,123.0,0.995587
4003.0,124.0,0.0
4003.0,125.0,0.314444
4003.0,126.0,0.656653
4003.0,127.0,0.761404
4003.0,128.0,0.995251
4003.0,129.0,0.354257
4003.0,130.0,0.0
4003.0,131.0,0.0
4003.0,132.0,0.002867
4003.0,133.0,0.186148
4003.0,134.0,0.0
4003.0,135.0,0.992643
4003.0,136.0,0.86035
4003.0,137.0,0.608162
4003.0,138.0,0.179316
4003.0,139.0,0.255209
4003.0,140.0,0.990358
4003.0,141.0,0.621802
4003.0,142.0,0.211391
4003.0,143.0,0.598169
4003.0,144.0,0.0
4003.0,145.0,0.123105
4003.0,146.0,0.639139
4003.0,147.0,1.0
4003.0,148.0,0.725619
4003.0,149.0,1.0
4003.0,150.0,0.476198
4003.0,151.0,0.815702
4003.0,152.0,0.235561
4003.0,153.0,0.668671
4003.0,154.0,0.511385
4003.0,155.0,0.423113
4003.0,156.0,0.436254
4003.0,157.0,1.0
4003.0,158.0,0.453839
4003.0,159.0,0.289707
4003.0,160.0,0.703395
4003.0,161.0,0.966597
4003.0,162.0,0.504288
4003.0,163.0,0.812594
4003.0,164.0,0.070621
4003.0,165.0,0.558484
4003.0,166.0,0.130074
4003.0,167.0,1.0
4003.0,168.0,0.249559
4003.0,169.0,0.672306
4003.0,170.0,0.0
4003.0,171.0,0.555452
4003.0,172.0,0.253397
4003.0,173.0,0.548424
4003.0,174.0,0.164359
4003.0,175.0,0.352571
4003.0,176.0,0.045043
4003.0,177.0,0.78365
4003.0,178.0,0.641035
4003.0,179.0,1.0
4003.0,180.0,0.491437
4003.0,181.0,1.0
4003.0,182.0,0.739328
4003.0,183.0,0.381311
4003.0,184.0,0.326423
4003.0,185.0,0.698733
4003.0,186.0,0.220652
4003.0,187.0,0.366397
4003.0,188.0,0.39888
4003.0,189.0,0.867841
4003.0,190.0,0.423726
4003.0,191.0,0.554881
4003.0,192.0,0.980135
4003.0,193.0,0.569399
4003.0,194.0,0.513286
4003.0,195.0,0.890646
4003.0,196.0,0.492119
4003.0,197.0,0.85606
4003.0,198.0,0.000673
4003.0,199.0,0.968968
4003.0,200.0,0.75456
4003.0,201.0,0.14519
4003.0,202.0,0.696005
4003.0,203.0,0.797049
4003.0,204.0,0.399741
4003.0,205.0,0.711193
4003.0,206.0,0.485874
4003.0,207.0,0.672529
4003.0,208.0,0.0
4003.0,209.0,0.828152
4003.0,210.0,0.999585
4003.0,211.0,0.450786
4003.0,212.0,0.670005
4003.0,213.0,0.435033
4003.0,214.0,0.635856
4003.0,215.0,0.36075
4003.0,216.0,0.0
4003.0,217.0,0.373606
4003.0,218.0,0.541952
4003.0,219.0,0.700577
4003.0,220.0,1.0
4003.0,221.0,0.704618
4003.0,222.0,0.514798
4003.0,223.0,0.67073
4003.0,224.0,0.576725
4003.0,225.0,0.998656
4003.0,226.0,1.0
4003.0,227.0,0.426062
4003.0,228.0,0.9063
4003.0,229.0,0.779379
4003.0,230.0,0.610185
4003.0,231.0,0.048631
4003.0,232.0,0.400716
4003.0,233.0,0.18282
4003.0,234.0,0.13055
4003.0,235.0,0.372151
4003.0,236.0,0.531065
4003.0,237.0,0.556067
4003.0,238.0,0.002712
4003.0,239.0,1.0
4003.0,240.0,0.470866
4003.0,241.0,0.189136
4003.0,242.0,0.614388
4003.0,243.0,0.648128
4003.0,244.0,0.255184
4003.0,245.0,0.116946
4003.0,246.0,0.375958
4003.0,247.0,0.390378
4003.0,248.0,0.568379
4003.0,249.0,0.195201
4003.0,250.0,0.276148
4003.0,251.0,0.0
4003.0,252.0,0.857487
4003.0,253.0,0.704569
4003.0,254.0,0.224861
4003.0,255.0,0.643933
4003.0,256.0,1.0
4003.0,257.0,0.283706
4003.0,258.0,0.844923
4003.0,259.0,0.308002
4003.0,260.0,0.544141
4003.0,261.0,0.45356
4003.0,262.0,0.101399
4003.0,263.0,0.738296
4003.0,264.0,0.012071
4003.0,265.0,0.855874
4003.0,266.0,0.983795
4003.0,267.0,0.059633
4003.0,268.0,0.000624
4003.0,269.0,0.374296
4003.0,270.0,0.454304
4003.0,271.0,0.573121
4003.0,272.0,0.718141
4003.0,273.0,0.363336
4003.0,274.0,0.427897
4003.0,275.0,0.672684
4003.0,276.0,0.809225
4003.0,277.0,0.4006
4003.0,278.0,0.001698
4003.0,279.0,0.410278
4003.0,280.0,0.530068
4003.0,281.0,0.526157
4003.0,282.0,0.707098
4003.0,283.0,0.610006
4003.0,284.0,0.455327
4003.0,285.0,0.72967
4003.0,286.0,0.445969
4003.0,287.0,0.0
4003.0,288.0,0.284019
4003.0,289.0,1.0
4003.0,290.0,1.0
4003.0,291.0,0.795909
4003.0,292.0,0.256862
4003.0,293.0,0.008517
4003.0,294.0,0.0
4003.0,295.0,0.506286
4003.0,296.0,0.786993
4003.0,297.0,0.356369
4003.0,298.0,0.567389
4003.0,299.0,0.886701
4003.0,300.0,0.698143
4003.0,301.0,0.0
4003.0,302.0,0.886434
4003.0,303.0,0.801933
4003.0,304.0,0.580923
4003.0,305.0,0.726516
4003.0,306.0,0.981599
4003.0,307.0,0.450852
4003.0,308.0,0.452045
4003.0,309.0,0.74933
4003.0,310.0,0.864745
4003.0,311.0,1.0
4003.0,312.0,0.198425
4003.0,313.0,0.672543
4003.0,314.0,0.508168
4003.0,315.0,1.0
4003.0,316.0,0.702761
4003.0,317.0,0.528595
4003.0,318.0,0.469418
4003.0,319.0,0.000317
4003.0,320.0,0.346921
4003.0,321.0,0.139402
4003.0,322.0,0.25894
4003.0,323.0,0.180719
4003.0,324.0,0.263609
4003.0,325.0,0.039316
4003.0,326.0,0.597869
4003.0,327.0,0.005132
4003.0,328.0,0.0
4003.0,329.0,0.573712
4003.0,330.0,0.582248
4003.0,331.0,1.0
4003.0,332.0,0.361708
4003.0,333.0,0.235255
4003.0,334.0,0.684414
4004.0,0.0,0.055548
4004.0,1.0,0.928786
4004.0,2.0,0.0
4004.0,3.0,0.689866
4004.0,4.0,0.0
4004.0,5.0,0.308817
4004.0,6.0,0.619799
4004.0,7.0,0.395473
4004.0,8.0,0.502846
4004.0,9.0,0.550636
4004.0,10.0,0.0
4004.0,11.0,0.44568
4004.0,12.0,1.0
4004.0,13.0,0.556956
4004.0,14.0,0.537278
4004.0,15.0,0.348338
4004.0,16.0,0.574493
4004.0,17.0,0.583895
4004.0,18.0,0.0
4004.0,19.0,0.468138
4004.0,20.0,0.585257
4004.0,21.0,0.497037
4004.0,22.0,0.168678
4004.0,23.0,0.553955
4004.0,24.0,0.201182
4004.0,25.0,0.365471
4004.0,26.0,0.714553
4004.0,27.0,0.0
4004.0,28.0,0.413602
4004.0,29.0,0.463167
4004.0,30.0,0.648745
4004.0,31.0,0.467999
4004.0,32.0,0.297405
4004.0,33.0,0.354743
4004.0,34.0,0.854272
4004.0,35.0,0.412766
4004.0,36.0,0.331923
4004.0,37.0,0.385033
4004.0,38.0,0.112183
4004.0,39.0,7.7e-05
4004.0,40.0,0.979877
4004.0,41.0,0.700317
4004.0,42.0,0.03546
4004.0,43.0,0.621499
4004.0,44.0,0.479662
4004.0,45.0,1.0
4004.0,46.0,0.60229
4004.0,47.0,0.378056
4004.0,48.0,0.048648
4004.0,49.0,0.742145
4004.0,50.0,0.98703
4004.0,51.0,0.348821
4004.0,52.0,0.998559
4004.0,53.0,0.67171
4004.0,54.0,0.484193
4004.0,55.0,0.762265
4004.0,56.0,0.399914
4004.0,57.0,0.298543
4004.0,58.0,1.0
4004.0,59.0,0.751627
4004.0,60.0,0.074688
4004.0,61.0,0.914418
4004.0,62.0,0.563806
4004.0,63.0,0.636174
4004.0,64.0,0.001123
4004.0,65.0,0.619512
4004.0,66.0,0.779508
4004.0,67.0,0.348465
4004.0,68.0,0.289166
4004.0,69.0,0.373739
4004.0,70.0,0.017398
4004.0,71.0,0.602346
4004.0,72.0,0.599228
4004.0,73.0,0.037249
4004.0,74.0,0.775245
4004.0,75.0,0.807799
4004.0,76.0,0.485914
4004.0,77.0,0.030329
4004.0,78.0,0.422965
4004.0,79.0,0.0
4004.0,80.0,0.391428
4004.0,81.0,0.431128
4004.0,82.0,0.515292
4004.0,83.0,1.0
4004.0,84.0,1.0
4004.0,85.0,0.1971
4004.0,86.0,0.574661
4004.0,87.0,0.110255
4004.0,88.0,0.614887
4004.0,89.0,0.207092
4004.0,90.0,0.856754
4004.0,91.0,0.0
4004.0,92.0,0.0
4004.0,93.0,0.474857
4004.0,94.0,0.871069
4004.0,95.0,0.658461
4004.0,96.0,0.288177
4004.0,97.0,0.058409
4004.0,98.0,0.959075
4004.0,99.0,0.383214
4004.0,100.0,0.71397
4004.0,101.0,0.48559
4004.0,102.0,0.747949
4004.0,103.0,0.436965
4004.0,104.0,1.0
4004.0,105.0,0.56065
4004.0,106.0,0.801026
4004.0,107.0,0.72054
4004.0,108.0,0.62784
4004.0,109.0,0.300229
4004.0,110.0,0.550233
4004.0,111.0,0.052236
4004.0,112.0,0.667931
4004.0,113.0,0.601318
4004.0,114.0,0.423269
4004.0,115.0,0.904056
4004.0,116.0,0.0
4004.0,117.0,0.50232
4004.0,118.0,0.653273
4004.0,119.0,0.001123
4004.0,120.0,0.558799
4004.0,121.0,0.455564
4004.0,122.0,0.548757
4004.0,123.0,0.995488
4004.0,124.0,0.0
4004.0,125.0,0.328313
4004.0,126.0,0.659739
4004.0,127.0,0.774953
4004.0,128.0,0.995186
4004.0,129.0,0.354533
4004.0,130.0,0.0
4004.0,131.0,0.0
4004.0,132.0,0.002863
4004.0,133.0,0.192705
4004.0,134.0,0.0
4004.0,135.0,0.992753
4004.0,136.0,0.863869
4004.0,137.0,0.608139
4004.0,138.0,0.178873
4004.0,139.0,0.262823
4004.0,140.0,0.990317
4004.0,141.0,0.624431
4004.0,142.0,0.212346
4004.0,143.0,0.599561
4004.0,144.0,0.0
4004.0,145.0,0.123867
4004.0,146.0,0.642488
4004.0,147.0,1.0
4004.0,148.0,0.743547
4004.0,149.0,1.0
4004.0,150.0,0.48933
4004.0,151.0,0.816356
4004.0,152.0,0.237211
4004.0,153.0,0.672869
4004.0,154.0,0.514241
4004.0,155.0,0.431429
4004.0,156.0,0.458163
4004.0,157.0,1.0
4004.0,158.0,0.475031
4004.0,159.0,0.289977
4004.0,160.0,0.707887
4004.0,161.0,0.967138
4004.0,162.0,0.506121
4004.0,163.0,0.814014
4004.0,164.0,0.070744
4004.0,165.0,0.560033
4004.0,166.0,0.130346
4004.0,167.0,1.0
4004.0,168.0,0.249578
4004.0,169.0,0.679821
4004.0,170.0,0.0
4004.0,171.0,0.560979
4004.0,172.0,0.255062
4004.0,173.0,0.554232
4004.0,174.0,0.166368
4004.0,175.0,0.354723
4004.0,176.0,0.045075
4004.0,177.0,0.783775
4004.0,178.0,0.646741
4004.0,179.0,1.0
4004.0,180.0,0.494311
4004.0,181.0,1.0
4004.0,182.0,0.75143
4004.0,183.0,0.385882
4004.0,184.0,0.331106
4004.0,185.0,0.70331
4004.0,186.0,0.221978
4004.0,187.0,0.367757
4004.0,188.0,0.399021
4004.0,189.0,0.874481
4004.0,190.0,0.430633
4004.0,191.0,0.559655
4004.0,192.0,0.980314
4004.0,193.0,0.572762
4004.0,194.0,0.519009
4004.0,195.0,0.891928
4004.0,196.0,0.497486
4004.0,197.0,0.858068
4004.0,198.0,0.000713
4004.0,199.0,0.968958
4004.0,200.0,0.755342
4004.0,201.0,0.145802
4004.0,202.0,0.702476
4004.0,203.0,0.802161
4004.0,204.0,0.399652
4004.0,205.0,0.712334
4004.0,206.0,0.509421
4004.0,207.0,0.68624
4004.0,208.0,0.0
4004.0,209.0,0.829205
4004.0,210.0,0.999625
4004.0,211.0,0.455134
4004.0,212.0,0.669758
4004.0,213.0,0.437628
4004.0,214.0,0.647188
4004.0,215.0,0.361632
4004.0,216.0,0.0
4004.0,217.0,0.37857
4004.0,218.0,0.551981
4004.0,219.0,0.706544
4004.0,220.0,1.0
4004.0,221.0,0.707983
4004.0,222.0,0.539863
4004.0,223.0,0.675029
4004.0,224.0,0.579065
4004.0,225.0,0.998748
4004.0,226.0,1.0
4004.0,227.0,0.427555
4004.0,228.0,0.906359
4004.0,229.0,0.779985
4004.0,230.0,0.612112
4004.0,231.0,0.048783
4004.0,232.0,0.404255
4004.0,233.0,0.183214
4004.0,234.0,0.132815
4004.0,235.0,0.372625
4004.0,236.0,0.532043
4004.0,237.0,0.558205
4004.0,238.0,0.002729
4004.0,239.0,1.0
4004.0,240.0,0.475086
4004.0,241.0,0.189871
4004.0,242.0,0.616551
4004.0,243.0,0.650013
4004.0,244.0,0.258286
4004.0,245.0,0.119729
4004.0,246.0,0.375955
4004.0,247.0,0.391914
4004.0,248.0,0.574116
4004.0,249.0,0.200465
4004.0,250.0,0.281702
4004.0,251.0,0.0
4004.0,252.0,0.854584
4004.0,253.0,0.705788
4004.0,254.0,0.239017
4004.0,255.0,0.644902
4004.0,256.0,1.0
4004.0,257.0,0.284255
4004.0,258.0,0.845851
4004.0,259.0,0.310885
4004.0,260.0,0.545942
4004.0,261.0,0.455081
4004.0,262.0,0.102888
4004.0,263.0,0.739734
4004.0,264.0,0.01208
4004.0,265.0,0.857232
4004.0,266.0,0.984143
4004.0,267.0,0.059899
4004.0,268.0,0.000645
4004.0,269.0,0.37636
4004.0,270.0,0.455406
4004.0,271.0,0.579214
4004.0,272.0,0.718347
4004.0,273.0,0.365042
4004.0,274.0,0.429599
4004.0,275.0,0.683039
4004.0,276.0,0.826499
4004.0,277.0,0.402521
4004.0,278.0,0.001661
4004.0,279.0,0.411833
4004.0,280.0,0.533144
4004.0,281.0,0.529831
4004.0,282.0,0.712965
4004.0,283.0,0.617407
4004.0,284.0,0.461313
4004.0,285.0,0.729806
4004.0,286.0,0.453094
4004.0,287.0,0.0
4004.0,288.0,0.288248
4004.0,289.0,1.0
4004.0,290.0,1.0
4004.0,291.0,0.796884
4004.0,292.0,0.258516
4004.0,293.0,0.008908
4004.0,294.0,0.0
4004.0,295.0,0.511435
4004.0,296.0,0.789136
4004.0,297.0,0.359239
4004.0,298.0,0.567684
4004.0,299.0,0.887277
4004.0,300.0,0.704039
4004.0,301.0,0.0
4004.0,302.0,0.889638
4004.0,303.0,0.80606
4004.0,304.0,0.582035
4004.0,305.0,0.732639
4004.0,306.0,0.981671
4004.0,307.0,0.459557
4004.0,308.0,0.454896
4004.0,309.0,0.753043
4004.0,310.0,0.865878
4004.0,311.0,1.0
4004.0,312.0,0.204449
4004.0,313.0,0.674323
4004.0,314.0,0.509556
4004.0,315.0,1.0
4004.0,316.0,0.704035
4004.0,317.0,0.531938
4004.0,318.0,0.471496
4004.0,319.0,0.0003
4004.0,320.0,0.356095
4004.0,321.0,0.140208
4004.0,322.0,0.261437
4004.0,323.0,0.183245
4004.0,324.0,0.265668
4004.0,325.0,0.039104
4004.0,326.0,0.604464
4004.0,327.0,0.005179
4004.0,328.0,0.0
4004.0,329.0,0.614652
4004.0,330.0,0.582907
4004.0,331.0,1.0
4004.0,332.0,0.361707
4004.0,333.0,0.237235
4004.0,334.0,0.685601
4005.0,0.0,0.056013
4005.0,1.0,0.928894
4005.0,2.0,0.0
4005.0,3.0,0.69666
4005.0,4.0,0.0
4005.0,5.0,0.31048
4005.0,6.0,0.622779
4005.0,7.0,0.402755
4005.0,8.0,0.508283
4005.0,9.0,0.554474
4005.0,10.0,0.0
4005.0,11.0,0.453003
4005.0,12.0,1.0
4005.0,13.0,0.56349
4005.0,14.0,0.546202
4005.0,15.0,0.352231
4005.0,16.0,0.579181
4005.0,17.0,0.587729
4005.0,18.0,0.0
4005.0,19.0,0.470885
4005.0,20.0,0.586527
4005.0,21.0,0.500356
4005.0,22.0,0.168996
4005.0,23.0,0.558035
4005.0,24.0,0.206692
4005.0,25.0,0.370963
4005.0,26.0,0.725282
4005.0,27.0,0.0
4005.0,28.0,0.419397
4005.0,29.0,0.475085
4005.0,30.0,0.649756
4005.0,31.0,0.469322
4005.0,32.0,0.300305
4005.0,33.0,0.356914
4005.0,34.0,0.855341
4005.0,35.0,0.425473
4005.0,36.0,0.333923
4005.0,37.0,0.387273
4005.0,38.0,0.112833
4005.0,39.0,7.2e-05
4005.0,40.0,0.980111
4005.0,41.0,0.702961
4005.0,42.0,0.035872
4005.0,43.0,0.624167
4005.0,44.0,0.484124
4005.0,45.0,1.0
4005.0,46.0,0.604826
4005.0,47.0,0.382321
4005.0,48.0,0.048442
4005.0,49.0,0.743357
4005.0,50.0,0.987127
4005.0,51.0,0.353335
4005.0,52.0,0.998585
4005.0,53.0,0.672245
4005.0,54.0,0.492292
4005.0,55.0,0.763315
4005.0,56.0,0.406782
4005.0,57.0,0.300087
4005.0,58.0,1.0
4005.0,59.0,0.752756
4005.0,60.0,0.074877
4005.0,61.0,0.915281
4005.0,62.0,0.570543
4005.0,63.0,0.63927
4005.0,64.0,0.001151
4005.0,65.0,0.624399
4005.0,66.0,0.782812
4005.0,67.0,0.352442
4005.0,68.0,0.298769
4005.0,69.0,0.378239
4005.0,70.0,0.017536
4005.0,71.0,0.603343
4005.0,72.0,0.600124
4005.0,73.0,0.03722
4005.0,74.0,0.780083
4005.0,75.0,0.814929
4005.0,76.0,0.489334
4005.0,77.0,0.030417
4005.0,78.0,0.427925
4005.0,79.0,0.0
4005.0,80.0,0.399358
4005.0,81.0,0.433909
4005.0,82.0,0.51686
4005.0,83.0,1.0
4005.0,84.0,1.0
4005.0,85.0,0.199503
4005.0,86.0,0.575699
4005.0,87.0,0.110611
4005.0,88.0,0.616793
4005.0,89.0,0.206651
4005.0,90.0,0.856358
4005.0,91.0,0.0
4005.0,92.0,0.0
4005.0,93.0,0.476267
4005.0,94.0,0.870949
4005.0,95.0,0.661325
4005.0,96.0,0.296394
4005.0,97.0,0.059402
4005.0,98.0,0.959458
4005.0,99.0,0.386345
4005.0,100.0,0.71541
4005.0,101.0,0.49402
4005.0,102.0,0.75006
4005.0,103.0,0.445044
4005.0,104.0,1.0
4005.0,105.0,0.564273
4005.0,106.0,0.808235
4005.0,107.0,0.722706
4005.0,108.0,0.631591
4005.0,109.0,0.300524
4005.0,110.0,0.56304
4005.0,111.0,0.053258
4005.0,112.0,0.670526
4005.0,113.0,0.662277
4005.0,114.0,0.42671
4005.0,115.0,0.904512
4005.0,116.0,0.0
4005.0,117.0,0.511529
4005.0,118.0,0.654081
4005.0,119.0,0.001113
4005.0,120.0,0.563906
4005.0,121.0,0.456718
4005.0,122.0,0.550655
4005.0,123.0,0.995505
4005.0,124.0,0.0
4005.0,125.0,0.342948
4005.0,126.0,0.661773
4005.0,127.0,0.788022
4005.0,128.0,0.995131
4005.0,129.0,0.354506
4005.0,130.0,0.0
4005.0,131.0,0.0
4005.0,132.0,0.002841
4005.0,133.0,0.199348
4005.0,134.0,0.0
4005.0,135.0,0.992774
4005.0,136.0,0.867515
4005.0,137.0,0.608197
4005.0,138.0,0.178228
4005.0,139.0,0.269399
4005.0,140.0,0.990469
4005.0,141.0,0.627751
4005.0,142.0,0.21333
4005.0,143.0,0.600756
4005.0,144.0,0.0
4005.0,145.0,0.124578
4005.0,146.0,0.646079
4005.0,147.0,1.0
4005.0,148.0,0.759571
4005.0,149.0,1.0
4005.0,150.0,0.503582
4005.0,151.0,0.817251
4005.0,152.0,0.239342
4005.0,153.0,0.677078
4005.0,154.0,0.516692
4005.0,155.0,0.439866
4005.0,156.0,0.479992
4005.0,157.0,1.0
4005.0,158.0,0.494352
4005.0,159.0,0.291512
4005.0,160.0,0.712997
4005.0,161.0,0.967023
4005.0,162.0,0.507307
4005.0,163.0,0.816183
4005.0,164.0,0.071368
4005.0,165.0,0.561659
4005.0,166.0,0.130439
4005.0,167.0,1.0
4005.0,168.0,0.250069
4005.0,169.0,0.686142
4005.0,170.0,0.0
4005.0,171.0,0.567147
4005.0,172.0,0.25723
4005.0,173.0,0.559284
4005.0,174.0,0.168759
4005.0,175.0,0.356726
4005.0,176.0,0.045021
4005.0,177.0,0.784289
4005.0,178.0,0.652758
4005.0,179.0,1.0
4005.0,180.0,0.497299
4005.0,181.0,1.0
4005.0,182.0,0.763906
4005.0,183.0,0.390045
4005.0,184.0,0.335793
4005.0,185.0,0.708635
4005.0,186.0,0.223735
4005.0,187.0,0.368011
4005.0,188.0,0.399158
4005.0,189.0,0.880791
4005.0,190.0,0.438103
4005.0,191.0,0.564293
4005.0,192.0,0.980448
4005.0,193.0,0.576215
4005.0,194.0,0.524816
4005.0,195.0,0.893212
4005.0,196.0,0.502768
4005.0,197.0,0.859623
4005.0,198.0,0.000728
4005.0,199.0,0.968791
4005.0,200.0,0.756372
4005.0,201.0,0.147071
4005.0,202.0,0.708785
4005.0,203.0,0.806045
4005.0,204.0,0.399213
4005.0,205.0,0.713717
4005.0,206.0,0.532019
4005.0,207.0,0.699379
4005.0,208.0,0.0
4005.0,209.0,0.829755
4005.0,210.0,0.999633
4005.0,211.0,0.458664
4005.0,212.0,0.670567
4005.0,213.0,0.439504
4005.0,214.0,0.657926
4005.0,215.0,0.363711
4005.0,216.0,0.0
4005.0,217.0,0.382932
4005.0,218.0,0.56279
4005.0,219.0,0.712152
4005.0,220.0,1.0
4005.0,221.0,0.711634
4005.0,222.0,0.564134
4005.0,223.0,0.679075
4005.0,224.0,0.580773
4005.0,225.0,0.998779
4005.0,226.0,1.0
4005.0,227.0,0.428816
4005.0,228.0,0.906078
4005.0,229.0,0.780865
4005.0,230.0,0.612919
4005.0,231.0,0.048363
4005.0,232.0,0.406697
4005.0,233.0,0.1834
4005.0,234.0,0.134337
4005.0,235.0,0.373452
4005.0,236.0,0.533892
4005.0,237.0,0.560876
4005.0,238.0,0.002711
4005.0,239.0,1.0
4005.0,240.0,0.479202
4005.0,241.0,0.190112
4005.0,242.0,0.618053
4005.0,243.0,0.651756
4005.0,244.0,0.262496
4005.0,245.0,0.122664
4005.0,246.0,0.376534
4005.0,247.0,0.393359
4005.0,248.0,0.578741
4005.0,249.0,0.205668
4005.0,250.0,0.28763
4005.0,251.0,0.0
4005.0,252.0,0.851841
4005.0,253.0,0.706804
4005.0,254.0,0.253721
4005.0,255.0,0.64583
4005.0,256.0,1.0
4005.0,257.0,0.285194
4005.0,258.0,0.846854
4005.0,259.0,0.313383
4005.0,260.0,0.548367
4005.0,261.0,0.456949
4005.0,262.0,0.104656
4005.0,263.0,0.740771
4005.0,264.0,0.012026
4005.0,265.0,0.858072
4005.0,266.0,0.984217
4005.0,267.0,0.061068
4005.0,268.0,0.000597
4005.0,269.0,0.379707
4005.0,270.0,0.45698
4005.0,271.0,0.5838
4005.0,272.0,0.718766
4005.0,273.0,0.367614
4005.0,274.0,0.431481
4005.0,275.0,0.693232
4005.0,276.0,0.841942
4005.0,277.0,0.404428
4005.0,278.0,0.001648
4005.0,279.0,0.413581
4005.0,280.0,0.537674
4005.0,281.0,0.532812
4005.0,282.0,0.719296
4005.0,283.0,0.625525
4005.0,284.0,0.467919
4005.0,285.0,0.730206
4005.0,286.0,0.459561
4005.0,287.0,0.0
4005.0,288.0,0.293115
4005.0,289.0,1.0
4005.0,290.0,1.0
4005.0,291.0,0.797945
4005.0,292.0,0.260874
4005.0,293.0,0.009292
4005.0,294.0,0.0
4005.0,295.0,0.515037
4005.0,296.0,0.790999
4005.0,297.0,0.360458
4005.0,298.0,0.56743
4005.0,299.0,0.887033
4005.0,300.0,0.710307
4005.0,301.0,0.0
4005.0,302.0,0.892478
4005.0,303.0,0.810573
4005.0,304.0,0.583846
4005.0,305.0,0.737793
4005.0,306.0,0.981895
4005.0,307.0,0.466429
4005.0,308.0,0.458221
4005.0,309.0,0.75654
4005.0,310.0,0.866233
4005.0,311.0,1.0
4005.0,312.0,0.210229
4005.0,313.0,0.67658
4005.0,314.0,0.511746
4005.0,315.0,1.0
4005.0,316.0,0.705067
4005.0,317.0,0.533968
4005.0,318.0,0.474503
4005.0,319.0,0.000298
4005.0,320.0,0.364547
4005.0,321.0,0.142108
4005.0,322.0,0.264511
4005.0,323.0,0.185171
4005.0,324.0,0.267664
4005.0,325.0,0.039031
4005.0,326.0,0.609454
4005.0,327.0,0.005092
4005.0,328.0,0.0
4005.0,329.0,0.653266
4005.0,330.0,0.58302
4005.0,331.0,1.0
4005.0,332.0,0.361246
4005.0,333.0,0.239498
4005.0,334.0,0.685793
4006.0,0.0,0.055586
4006.0,1.0,0.928365
4006.0,2.0,0.0
4006.0,3.0,0.688987
4006.0,4.0,0.0
4006.0,5.0,0.308374
4006.0,6.0,0.618976
4006.0,7.0,0.396422
4006.0,8.0,0.502545
4006.0,9.0,0.548725
4006.0,10.0,0.0
4006.0,11.0,0.445162
4006.0,12.0,1.0
4006.0,13.0,0.556889
4006.0,14.0,0.536582
4006.0,15.0,0.34901
4006.0,16.0,0.574648
4006.0,17.0,0.584059
4006.0,18.0,0.0
4006.0,19.0,0.46781
4006.0,20.0,0.584786
4006.0,21.0,0.496772
4006.0,22.0,0.168934
4006.0,23.0,0.554987
4006.0,24.0,0.201108
4006.0,25.0,0.365103
4006.0,26.0,0.71248
4006.0,27.0,0.0
4006.0,28.0,0.414373
4006.0,29.0,0.463991
4006.0,30.0,0.648176
4006.0,31.0,0.467363
4006.0,32.0,0.297659
4006.0,33.0,0.354541
4006.0,34.0,0.854329
4006.0,35.0,0.410926
4006.0,36.0,0.332915
4006.0,37.0,0.385325
4006.0,38.0,0.112217
4006.0,39.0,8.1e-05
4006.0,40.0,0.979787
4006.0,41.0,0.700168
4006.0,42.0,0.035571
4006.0,43.0,0.621396
4006.0,44.0,0.479561
4006.0,45.0,1.0
4006.0,46.0,0.602084
4006.0,47.0,0.377837
4006.0,48.0,0.047682
4006.0,49.0,0.741926
4006.0,50.0,0.987062
4006.0,51.0,0.348589
4006.0,52.0,0.998635
4006.0,53.0,0.671679
4006.0,54.0,0.483324
4006.0,55.0,0.762123
4006.0,56.0,0.40102
4006.0,57.0,0.298556
4006.0,58.0,1.0
4006.0,59.0,0.751684
4006.0,60.0,0.074671
4006.0,61.0,0.914675
4006.0,62.0,0.562815
4006.0,63.0,0.636253
4006.0,64.0,0.00114
4006.0,65.0,0.619159
4006.0,66.0,0.779138
4006.0,67.0,0.348301
4006.0,68.0,0.289025
4006.0,69.0,0.37494
4006.0,70.0,0.017107
4006.0,71.0,0.601445
4006.0,72.0,0.599082
4006.0,73.0,0.036977
4006.0,74.0,0.774076
4006.0,75.0,0.806853
4006.0,76.0,0.486073
4006.0,77.0,0.030136
4006.0,78.0,0.422192
4006.0,79.0,0.0
4006.0,80.0,0.390933
4006.0,81.0,0.431644
4006.0,82.0,0.515515
4006.0,83.0,1.0
4006.0,84.0,1.0
4006.0,85.0,0.197258
4006.0,86.0,0.573478
4006.0,87.0,0.110395
4006.0,88.0,0.615678
4006.0,89.0,0.205813
4006.0,90.0,0.856649
4006.0,91.0,0.0
4006.0,92.0,0.0
4006.0,93.0,0.474035
4006.0,94.0,0.870161
4006.0,95.0,0.657789
4006.0,96.0,0.288293
4006.0,97.0,0.05821
4006.0,98.0,0.958963
4006.0,99.0,0.382469
4006.0,100.0,0.713173
4006.0,101.0,0.483764
4006.0,102.0,0.746495
4006.0,103.0,0.43597
4006.0,104.0,1.0
4006.0,105.0,0.561347
4006.0,106.0,0.800947
4006.0,107.0,0.719616
4006.0,108.0,0.627584
4006.0,109.0,0.299796
4006.0,110.0,0.54967
4006.0,111.0,0.052331
4006.0,112.0,0.667029
4006.0,113.0,0.596081
4006.0,114.0,0.422382
4006.0,115.0,0.904298
4006.0,116.0,0.0
4006.0,117.0,0.502447
4006.0,118.0,0.653085
4006.0,119.0,0.001143
4006.0,120.0,0.558048
4006.0,121.0,0.454006
4006.0,122.0,0.548251
4006.0,123.0,0.99553
4006.0,124.0,0.0
4006.0,125.0,0.328003
4006.0,126.0,0.659309
4006.0,127.0,0.774153
4006.0,128.0,0.995148
4006.0,129.0,0.355054
4006.0,130.0,0.0
4006.0,131.0,0.0
4006.0,132.0,0.002911
4006.0,133.0,0.192124
4006.0,134.0,0.0
4006.0,135.0,0.992753
4006.0,136.0,0.863709
4006.0,137.0,0.607079
4006.0,138.0,0.177605
4006.0,139.0,0.26102
4006.0,140.0,0.99041
4006.0,141.0,0.624153
4006.0,142.0,0.211597
4006.0,143.0,0.598786
4006.0,144.0,0.0
4006.0,145.0,0.123879
4006.0,146.0,0.641421
4006.0,147.0,1.0
4006.0,148.0,0.741446
4006.0,149.0,1.0
4006.0,150.0,0.487592
4006.0,151.0,0.817178
4006.0,152.0,0.237759
4006.0,153.0,0.672355
4006.0,154.0,0.513363
4006.0,155.0,0.430248
4006.0,156.0,0.456386
4006.0,157.0,1.0
4006.0,158.0,0.473153
4006.0,159.0,0.291006
4006.0,160.0,0.707915
4006.0,161.0,0.966606
4006.0,162.0,0.504891
4006.0,163.0,0.813566
4006.0,164.0,0.070913
4006.0,165.0,0.560065
4006.0,166.0,0.129996
4006.0,167.0,1.0
4006.0,168.0,0.248437
4006.0,169.0,0.678838
4006.0,170.0,0.0
4006.0,171.0,0.561241
4006.0,172.0,0.256003
4006.0,173.0,0.553084
4006.0,174.0,0.165641
4006.0,175.0,0.352894
4006.0,176.0,0.0447
4006.0,177.0,0.783977
4006.0,178.0,0.647274
4006.0,179.0,1.0
4006.0,180.0,0.494938
4006.0,181.0,1.0
4006.0,182.0,0.750696
4006.0,183.0,0.385342
4006.0,184.0,0.329964
4006.0,185.0,0.703133
4006.0,186.0,0.222611
4006.0,187.0,0.36703
4006.0,188.0,0.399115
4006.0,189.0,0.873788
4006.0,190.0,0.4295
4006.0,191.0,0.559022
4006.0,192.0,0.980274
4006.0,193.0,0.572335
4006.0,194.0,0.518903
4006.0,195.0,0.892281
4006.0,196.0,0.496415
4006.0,197.0,0.85797
4006.0,198.0,0.000699
4006.0,199.0,0.968755
4006.0,200.0,0.75545
4006.0,201.0,0.145584
4006.0,202.0,0.701923
4006.0,203.0,0.801417
4006.0,204.0,0.398563
4006.0,205.0,0.711904
4006.0,206.0,0.507032
4006.0,207.0,0.685107
4006.0,208.0,0.0
4006.0,209.0,0.829536
4006.0,210.0,0.999617
4006.0,211.0,0.454896
4006.0,212.0,0.671252
4006.0,213.0,0.436633
4006.0,214.0,0.645683
4006.0,215.0,0.362847
4006.0,216.0,0.0
4006.0,217.0,0.378376
4006.0,218.0,0.551091
4006.0,219.0,0.705866
4006.0,220.0,1.0
4006.0,221.0,0.708883
4006.0,222.0,0.535605
4006.0,223.0,0.674723
4006.0,224.0,0.579213
4006.0,225.0,0.998773
4006.0,226.0,1.0
4006.0,227.0,0.428061
4006.0,228.0,0.906048
4006.0,229.0,0.780811
4006.0,230.0,0.611184
4006.0,231.0,0.04826
4006.0,232.0,0.403549
4006.0,233.0,0.183158
4006.0,234.0,0.131637
4006.0,235.0,0.372951
4006.0,236.0,0.532592
4006.0,237.0,0.55823
4006.0,238.0,0.002741
4006.0,239.0,1.0
4006.0,240.0,0.475689
4006.0,241.0,0.188763
4006.0,242.0,0.616163
4006.0,243.0,0.648782
4006.0,244.0,0.259058
4006.0,245.0,0.118927
4006.0,246.0,0.375197
4006.0,247.0,0.391298
4006.0,248.0,0.573455
4006.0,249.0,0.199051
4006.0,250.0,0.282598
4006.0,251.0,0.0
4006.0,252.0,0.854568
4006.0,253.0,0.705206
4006.0,254.0,0.238068
4006.0,255.0,0.645137
4006.0,256.0,1.0
4006.0,257.0,0.284839
4006.0,258.0,0.845655
4006.0,259.0,0.310186
4006.0,260.0,0.546949
4006.0,261.0,0.454597
4006.0,262.0,0.102664
4006.0,263.0,0.73995
4006.0,264.0,0.012182
4006.0,265.0,0.857568
4006.0,266.0,0.983893
4006.0,267.0,0.060169
4006.0,268.0,0.000574
4006.0,269.0,0.376804
4006.0,270.0,0.456004
4006.0,271.0,0.578288
4006.0,272.0,0.718259
4006.0,273.0,0.364566
4006.0,274.0,0.42982
4006.0,275.0,0.682683
4006.0,276.0,0.825587
4006.0,277.0,0.401708
4006.0,278.0,0.001621
4006.0,279.0,0.411976
4006.0,280.0,0.533753
4006.0,281.0,0.529751
4006.0,282.0,0.713569
4006.0,283.0,0.616531
4006.0,284.0,0.461453
4006.0,285.0,0.730021
4006.0,286.0,0.45199
4006.0,287.0,0.0
4006.0,288.0,0.287815
4006.0,289.0,1.0
4006.0,290.0,1.0
4006.0,291.0,0.796055
4006.0,292.0,0.258345
4006.0,293.0,0.008822
4006.0,294.0,0.0
4006.0,295.0,0.510363
4006.0,296.0,0.788114
4006.0,297.0,0.357657
4006.0,298.0,0.566753
4006.0,299.0,0.886796
4006.0,300.0,0.70379
4006.0,301.0,0.0
4006.0,302.0,0.889738
4006.0,303.0,0.80591
4006.0,304.0,0.582599
4006.0,305.0,0.731709
4006.0,306.0,0.981865
4006.0,307.0,0.458102
4006.0,308.0,0.454273
4006.0,309.0,0.752813
4006.0,310.0,0.865709
4006.0,311.0,1.0
4006.0,312.0,0.204003
4006.0,313.0,0.674411
4006.0,314.0,0.51002
4006.0,315.0,1.0
4006.0,316.0,0.705594
4006.0,317.0,0.53075
4006.0,318.0,0.471457
4006.0,319.0,0.000318
4006.0,320.0,0.355731
4006.0,321.0,0.14023
4006.0,322.0,0.26112
4006.0,323.0,0.182973
4006.0,324.0,0.266275
4006.0,325.0,0.039527
4006.0,326.0,0.602752
4006.0,327.0,0.004965
4006.0,328.0,0.0
4006.0,329.0,0.607476
4006.0,330.0,0.581907
4006.0,331.0,1.0
4006.0,332.0,0.360889
4006.0,333.0,0.237454
4006.0,334.0,0.684965
4007.0,0.0,0.055288
4007.0,1.0,0.927856
4007.0,2.0,0.0
4007.0,3.0,0.681059
4007.0,4.0,0.0
4007.0,5.0,0.30609
4007.0,6.0,0.616062
4007.0,7.0,0.391035
4007.0,8.0,0.496741
4007.0,9.0,0.542527
4007.0,10.0,0.0
4007.0,11.0,0.43664
4007.0,12.0,1.0
4007.0,13.0,0.550766
4007.0,14.0,0.528266
4007.0,15.0,0.345246
4007.0,16.0,0.570295
4007.0,17.0,0.581066
4007.0,18.0,0.0
4007.0,19.0,0.464656
4007.0,20.0,0.582395
4007.0,21.0,0.492726
4007.0,22.0,0.168212
4007.0,23.0,0.551521
4007.0,24.0,0.195961
4007.0,25.0,0.360088
4007.0,26.0,0.700108
4007.0,27.0,0.0
4007.0,28.0,0.409357
4007.0,29.0,0.451969
4007.0,30.0,0.646332
4007.0,31.0,0.465281
4007.0,32.0,0.29453
4007.0,33.0,0.3515
4007.0,34.0,0.854112
4007.0,35.0,0.397043
4007.0,36.0,0.330814
4007.0,37.0,0.383607
4007.0,38.0,0.111449
4007.0,39.0,9.5e-05
4007.0,40.0,0.97915
4007.0,41.0,0.697948
4007.0,42.0,0.034744
4007.0,43.0,0.620115
4007.0,44.0,0.474159
4007.0,45.0,1.0
4007.0,46.0,0.600581
4007.0,47.0,0.373482
4007.0,48.0,0.047611
4007.0,49.0,0.739369
4007.0,50.0,0.987036
4007.0,51.0,0.344368
4007.0,52.0,0.998683
4007.0,53.0,0.67108
4007.0,54.0,0.474553
4007.0,55.0,0.760564
4007.0,56.0,0.393875
4007.0,57.0,0.296832
4007.0,58.0,1.0
4007.0,59.0,0.751449
4007.0,60.0,0.074396
4007.0,61.0,0.913865
4007.0,62.0,0.555448
4007.0,63.0,0.633395
4007.0,64.0,0.001087
4007.0,65.0,0.613437
4007.0,66.0,0.776268
4007.0,67.0,0.343537
4007.0,68.0,0.279601
4007.0,69.0,0.371088
4007.0,70.0,0.017016
4007.0,71.0,0.599365
4007.0,72.0,0.598493
4007.0,73.0,0.036975
4007.0,74.0,0.768242
4007.0,75.0,0.79824
4007.0,76.0,0.4811
4007.0,77.0,0.029868
4007.0,78.0,0.415436
4007.0,79.0,0.0
4007.0,80.0,0.383633
4007.0,81.0,0.428817
4007.0,82.0,0.514605
4007.0,83.0,1.0
4007.0,84.0,1.0
4007.0,85.0,0.195862
4007.0,86.0,0.570886
4007.0,87.0,0.110968
4007.0,88.0,0.614288
4007.0,89.0,0.205367
4007.0,90.0,0.856977
4007.0,91.0,0.0
4007.0,92.0,0.0
4007.0,93.0,0.472514
4007.0,94.0,0.869488
4007.0,95.0,0.655019
4007.0,96.0,0.28063
4007.0,97.0,0.056899
4007.0,98.0,0.958743
4007.0,99.0,0.378703
4007.0,100.0,0.711309
4007.0,101.0,0.475015
4007.0,102.0,0.743719
4007.0,103.0,0.427565
4007.0,104.0,1.0
4007.0,105.0,0.5571
4007.0,106.0,0.793163
4007.0,107.0,0.717884
4007.0,108.0,0.623625
4007.0,109.0,0.299072
4007.0,110.0,0.536616
4007.0,111.0,0.051722
4007.0,112.0,0.664088
4007.0,113.0,0.52667
4007.0,114.0,0.418235
4007.0,115.0,0.90405
4007.0,116.0,0.0
4007.0,117.0,0.492606
4007.0,118.0,0.652553
4007.0,119.0,0.00109
4007.0,120.0,0.552648
4007.0,121.0,0.451588
4007.0,122.0,0.545841
4007.0,123.0,0.995577
4007.0,124.0,0.0
4007.0,125.0,0.312609
4007.0,126.0,0.656497
4007.0,127.0,0.761403
4007.0,128.0,0.99515
4007.0,129.0,0.35504
4007.0,130.0,0.0
4007.0,131.0,0.0
4007.0,132.0,0.002845
4007.0,133.0,0.185935
4007.0,134.0,0.0
4007.0,135.0,0.992752
4007.0,136.0,0.860151
4007.0,137.0,0.606271
4007.0,138.0,0.177084
4007.0,139.0,0.253871
4007.0,140.0,0.990119
4007.0,141.0,0.621068
4007.0,142.0,0.210061
4007.0,143.0,0.596799
4007.0,144.0,0.0
4007.0,145.0,0.122409
4007.0,146.0,0.637857
4007.0,147.0,1.0
4007.0,148.0,0.72463
4007.0,149.0,1.0
4007.0,150.0,0.472368
4007.0,151.0,0.816704
4007.0,152.0,0.236692
4007.0,153.0,0.667238
4007.0,154.0,0.510556
4007.0,155.0,0.420979
4007.0,156.0,0.43279
4007.0,157.0,1.0
4007.0,158.0,0.451487
4007.0,159.0,0.289382
4007.0,160.0,0.703274
4007.0,161.0,0.966238
4007.0,162.0,0.502803
4007.0,163.0,0.811767
4007.0,164.0,0.070553
4007.0,165.0,0.557523
4007.0,166.0,0.128979
4007.0,167.0,1.0
4007.0,168.0,0.247438
4007.0,169.0,0.671906
4007.0,170.0,0.0
4007.0,171.0,0.555963
4007.0,172.0,0.254075
4007.0,173.0,0.547426
4007.0,174.0,0.162414
4007.0,175.0,0.349572
4007.0,176.0,0.044132
4007.0,177.0,0.784205
4007.0,178.0,0.641196
4007.0,179.0,1.0
4007.0,180.0,0.492478
4007.0,181.0,1.0
4007.0,182.0,0.737835
4007.0,183.0,0.38074
4007.0,184.0,0.325938
4007.0,185.0,0.697862
4007.0,186.0,0.220863
4007.0,187.0,0.365718
4007.0,188.0,0.399131
4007.0,189.0,0.867412
4007.0,190.0,0.421464
4007.0,191.0,0.554324
4007.0,192.0,0.980319
4007.0,193.0,0.567286
4007.0,194.0,0.514249
4007.0,195.0,0.891316
4007.0,196.0,0.491053
4007.0,197.0,0.856724
4007.0,198.0,0.000717
4007.0,199.0,0.968875
4007.0,200.0,0.75483
4007.0,201.0,0.143814
4007.0,202.0,0.69488
4007.0,203.0,0.797256
4007.0,204.0,0.39724
4007.0,205.0,0.710951
4007.0,206.0,0.48125
4007.0,207.0,0.67119
4007.0,208.0,0.0
4007.0,209.0,0.828504
4007.0,210.0,0.999569
4007.0,211.0,0.45103
4007.0,212.0,0.669906
4007.0,213.0,0.4335
4007.0,214.0,0.633158
4007.0,215.0,0.361375
4007.0,216.0,0.0
4007.0,217.0,0.37463
4007.0,218.0,0.538785
4007.0,219.0,0.700382
4007.0,220.0,1.0
4007.0,221.0,0.705533
4007.0,222.0,0.508332
4007.0,223.0,0.670515
4007.0,224.0,0.577846
4007.0,225.0,0.998714
4007.0,226.0,1.0
4007.0,227.0,0.426943
4007.0,228.0,0.906032
4007.0,229.0,0.780058
4007.0,230.0,0.609016
4007.0,231.0,0.048077
4007.0,232.0,0.399871
4007.0,233.0,0.182271
4007.0,234.0,0.129381
4007.0,235.0,0.371883
4007.0,236.0,0.529924
4007.0,237.0,0.555425
4007.0,238.0,0.002829
4007.0,239.0,1.0
4007.0,240.0,0.471932
4007.0,241.0,0.188121
4007.0,242.0,0.6134
4007.0,243.0,0.647471
4007.0,244.0,0.254928
4007.0,245.0,0.115418
4007.0,246.0,0.374501
4007.0,247.0,0.389315
4007.0,248.0,0.56819
4007.0,249.0,0.193843
4007.0,250.0,0.27674
4007.0,251.0,0.0
4007.0,252.0,0.857402
4007.0,253.0,0.705005
4007.0,254.0,0.223698
4007.0,255.0,0.644452
4007.0,256.0,1.0
4007.0,257.0,0.284266
4007.0,258.0,0.845272
4007.0,259.0,0.306982
4007.0,260.0,0.544324
4007.0,261.0,0.452544
4007.0,262.0,0.100896
4007.0,263.0,0.738017
4007.0,264.0,0.012152
4007.0,265.0,0.857286
4007.0,266.0,0.98361
4007.0,267.0,0.059815
4007.0,268.0,0.000578
4007.0,269.0,0.373938
4007.0,270.0,0.454219
4007.0,271.0,0.572171
4007.0,272.0,0.718239
4007.0,273.0,0.362721
4007.0,274.0,0.427895
4007.0,275.0,0.671336
4007.0,276.0,0.808506
4007.0,277.0,0.399665
4007.0,278.0,0.001601
4007.0,279.0,0.409273
4007.0,280.0,0.531001
4007.0,281.0,0.526611
4007.0,282.0,0.707412
4007.0,283.0,0.607696
4007.0,284.0,0.454089
4007.0,285.0,0.729513
4007.0,286.0,0.446042
4007.0,287.0,0.0
4007.0,288.0,0.283315
4007.0,289.0,1.0
4007.0,290.0,1.0
4007.0,291.0,0.794818
4007.0,292.0,0.256018
4007.0,293.0,0.008364
4007.0,294.0,0.0
4007.0,295.0,0.50588
4007.0,296.0,0.785915
4007.0,297.0,0.355612
4007.0,298.0,0.566296
4007.0,299.0,0.886345
4007.0,300.0,0.697385
4007.0,301.0,0.0
4007.0,302.0,0.886292
4007.0,303.0,0.802012
4007.0,304.0,0.582261
4007.0,305.0,0.726143
4007.0,306.0,0.981866
4007.0,307.0,0.449272
4007.0,308.0,0.450674
4007.0,309.0,0.749313
4007.0,310.0,0.865238
4007.0,311.0,1.0
4007.0,312.0,0.198058
4007.0,313.0,0.672563
4007.0,314.0,0.508702
4007.0,315.0,1.0
4007.0,316.0,0.705691
4007.0,317.0,0.528782
4007.0,318.0,0.470016
4007.0,319.0,0.000345
4007.0,320.0,0.346959
4007.0,321.0,0.138997
4007.0,322.0,0.258
4007.0,323.0,0.181406
4007.0,324.0,0.265318
4007.0,325.0,0.039982
4007.0,326.0,0.59673
4007.0,327.0,0.004968
4007.0,328.0,0.0
4007.0,329.0,0.563473
4007.0,330.0,0.582221
4007.0,331.0,1.0
4007.0,332.0,0.361897
4007.0,333.0,0.234924
4007.0,334.0,0.684315
4008.0,0.0,0.054893
4008.0,1.0,0.927243
4008.0,2.0,0.0
4008.0,3.0,0.673512
4008.0,4.0,0.0
4008.0,5.0,0.304771
4008.0,6.0,0.613834
4008.0,7.0,0.385423
4008.0,8.0,0.491114
4008.0,9.0,0.537281
4008.0,10.0,0.0
4008.0,11.0,0.429037
4008.0,12.0,1.0
4008.0,13.0,0.545058
4008.0,14.0,0.519002
4008.0,15.0,0.341413
4008.0,16.0,0.566444
4008.0,17.0,0.577225
4008.0,18.0,0.0
4008.0,19.0,0.461777
4008.0,20.0,0.5822
4008.0,21.0,0.490188
4008.0,22.0,0.16782
4008.0,23.0,0.548436
4008.0,24.0,0.190474
4008.0,25.0,0.355442
4008.0,26.0,0.687337
4008.0,27.0,0.0
4008.0,28.0,0.404892
4008.0,29.0,0.440206
4008.0,30.0,0.645074
4008.0,31.0,0.463495
4008.0,32.0,0.29111
4008.0,33.0,0.348894
4008.0,34.0,0.853847
4008.0,35.0,0.383555
4008.0,36.0,0.328767
4008.0,37.0,0.38144
4008.0,38.0,0.110616
4008.0,39.0,7.4e-05
4008.0,40.0,0.97858
4008.0,41.0,0.694783
4008.0,42.0,0.034042
4008.0,43.0,0.617604
4008.0,44.0,0.470231
4008.0,45.0,1.0
4008.0,46.0,0.598264
4008.0,47.0,0.369033
4008.0,48.0,0.047382
4008.0,49.0,0.737537
4008.0,50.0,0.986758
4008.0,51.0,0.339355
4008.0,52.0,0.99869
4008.0,53.0,0.671644
4008.0,54.0,0.465641
4008.0,55.0,0.759624
4008.0,56.0,0.387574
4008.0,57.0,0.295762
4008.0,58.0,1.0
4008.0,59.0,0.750574
4008.0,60.0,0.074532
4008.0,61.0,0.913197
4008.0,62.0,0.548533
4008.0,63.0,0.630995
4008.0,64.0,0.00105
4008.0,65.0,0.608999
4008.0,66.0,0.772298
4008.0,67.0,0.339969
4008.0,68.0,0.270689
4008.0,69.0,0.367079
4008.0,70.0,0.016826
4008.0,71.0,0.597311
4008.0,72.0,0.597529
4008.0,73.0,0.036898
4008.0,74.0,0.762459
4008.0,75.0,0.790139
4008.0,76.0,0.476683
4008.0,77.0,0.029385
4008.0,78.0,0.410568
4008.0,79.0,0.0
4008.0,80.0,0.375318
4008.0,81.0,0.425855
4008.0,82.0,0.512771
4008.0,83.0,1.0
4008.0,84.0,1.0
4008.0,85.0,0.194863
4008.0,86.0,0.568519
4008.0,87.0,0.111147
4008.0,88.0,0.612937
4008.0,89.0,0.205721
4008.0,90.0,0.857067
4008.0,91.0,0.0
4008.0,92.0,0.0
4008.0,93.0,0.471746
4008.0,94.0,0.869483
4008.0,95.0,0.651559
4008.0,96.0,0.273526
4008.0,97.0,0.055617
4008.0,98.0,0.958576
4008.0,99.0,0.375084
4008.0,100.0,0.708991
4008.0,101.0,0.467635
4008.0,102.0,0.740891
4008.0,103.0,0.419935
4008.0,104.0,1.0
4008.0,105.0,0.553966
4008.0,106.0,0.785776
4008.0,107.0,0.715122
4008.0,108.0,0.620435
4008.0,109.0,0.297816
4008.0,110.0,0.524856
4008.0,111.0,0.050452
4008.0,112.0,0.661174
4008.0,113.0,0.455638
4008.0,114.0,0.414314
4008.0,115.0,0.904227
4008.0,116.0,0.0
4008.0,117.0,0.482593
4008.0,118.0,0.652156
4008.0,119.0,0.001127
4008.0,120.0,0.548452
4008.0,121.0,0.449353
4008.0,122.0,0.543629
4008.0,123.0,0.995488
4008.0,124.0,0.0
4008.0,125.0,0.297583
4008.0,126.0,0.654427
4008.0,127.0,0.747735
4008.0,128.0,0.995133
4008.0,129.0,0.355338
4008.0,130.0,0.0
4008.0,131.0,0.0
4008.0,132.0,0.002843
4008.0,133.0,0.179768
4008.0,134.0,0.0
4008.0,135.0,0.992656
4008.0,136.0,0.856974
4008.0,137.0,0.606975
4008.0,138.0,0.176645
4008.0,139.0,0.247334
4008.0,140.0,0.990151
4008.0,141.0,0.617553
4008.0,142.0,0.20913
4008.0,143.0,0.594031
4008.0,144.0,0.0
4008.0,145.0,0.121475
4008.0,146.0,0.634404
4008.0,147.0,1.0
4008.0,148.0,0.706569
4008.0,149.0,1.0
4008.0,150.0,0.459429
4008.0,151.0,0.815425
4008.0,152.0,0.235104
4008.0,153.0,0.663242
4008.0,154.0,0.506885
4008.0,155.0,0.411695
4008.0,156.0,0.411529
4008.0,157.0,1.0
4008.0,158.0,0.429479
4008.0,159.0,0.287974
4008.0,160.0,0.698245
4008.0,161.0,0.965972
4008.0,162.0,0.500626
4008.0,163.0,0.809599
4008.0,164.0,0.070162
4008.0,165.0,0.555273
4008.0,166.0,0.128452
4008.0,167.0,1.0
4008.0,168.0,0.247073
4008.0,169.0,0.664419
4008.0,170.0,0.0
4008.0,171.0,0.550964
4008.0,172.0,0.252722
4008.0,173.0,0.541823
4008.0,174.0,0.160183
4008.0,175.0,0.347481
4008.0,176.0,0.043706
4008.0,177.0,0.784357
4008.0,178.0,0.63522
4008.0,179.0,1.0
4008.0,180.0,0.491591
4008.0,181.0,1.0
4008.0,182.0,0.725883
4008.0,183.0,0.375843
4008.0,184.0,0.320987
4008.0,185.0,0.692577
4008.0,186.0,0.219617
4008.0,187.0,0.364197
4008.0,188.0,0.399231
4008.0,189.0,0.859783
4008.0,190.0,0.413521
4008.0,191.0,0.549666
4008.0,192.0,0.980358
4008.0,193.0,0.563767
4008.0,194.0,0.508931
4008.0,195.0,0.890554
4008.0,196.0,0.486237
4008.0,197.0,0.854983
4008.0,198.0,0.000708
4008.0,199.0,0.968728
4008.0,200.0,0.754041
4008.0,201.0,0.142263
4008.0,202.0,0.688298
4008.0,203.0,0.792551
4008.0,204.0,0.396554
4008.0,205.0,0.709494
4008.0,206.0,0.45604
4008.0,207.0,0.657127
4008.0,208.0,0.0
4008.0,209.0,0.827851
4008.0,210.0,0.999549
4008.0,211.0,0.447687
4008.0,212.0,0.669641
4008.0,213.0,0.430653
4008.0,214.0,0.620509
4008.0,215.0,0.360199
4008.0,216.0,0.0
4008.0,217.0,0.370275
4008.0,218.0,0.528261
4008.0,219.0,0.693954
4008.0,220.0,1.0
4008.0,221.0,0.701794
4008.0,222.0,0.483596
4008.0,223.0,0.666261
4008.0,224.0,0.576391
4008.0,225.0,0.99874
4008.0,226.0,1.0
4008.0,227.0,0.42491
4008.0,228.0,0.906312
4008.0,229.0,0.779378
4008.0,230.0,0.607451
4008.0,231.0,0.047758
4008.0,232.0,0.395871
4008.0,233.0,0.181653
4008.0,234.0,0.127182
4008.0,235.0,0.370774
4008.0,236.0,0.527966
4008.0,237.0,0.553869
4008.0,238.0,0.002798
4008.0,239.0,1.0
4008.0,240.0,0.468483
4008.0,241.0,0.187512
4008.0,242.0,0.61162
4008.0,243.0,0.646432
4008.0,244.0,0.251236
4008.0,245.0,0.112591
4008.0,246.0,0.373529
4008.0,247.0,0.387973
4008.0,248.0,0.56336
4008.0,249.0,0.188521
4008.0,250.0,0.270455
4008.0,251.0,0.0
4008.0,252.0,0.860737
4008.0,253.0,0.704689
4008.0,254.0,0.210262
4008.0,255.0,0.643903
4008.0,256.0,1.0
4008.0,257.0,0.282839
4008.0,258.0,0.84433
4008.0,259.0,0.303691
4008.0,260.0,0.542543
4008.0,261.0,0.450571
4008.0,262.0,0.099075
4008.0,263.0,0.737206
4008.0,264.0,0.012202
4008.0,265.0,0.856514
4008.0,266.0,0.983454
4008.0,267.0,0.058992
4008.0,268.0,0.000607
4008.0,269.0,0.371264
4008.0,270.0,0.452656
4008.0,271.0,0.566148
4008.0,272.0,0.717496
4008.0,273.0,0.360113
4008.0,274.0,0.425247
4008.0,275.0,0.659966
4008.0,276.0,0.790705
4008.0,277.0,0.397684
4008.0,278.0,0.001642
4008.0,279.0,0.406747
4008.0,280.0,0.526531
4008.0,281.0,0.524128
4008.0,282.0,0.701129
4008.0,283.0,0.599284
4008.0,284.0,0.445378
4008.0,285.0,0.729124
4008.0,286.0,0.439712
4008.0,287.0,0.0
4008.0,288.0,0.278678
4008.0,289.0,1.0
4008.0,290.0,1.0
4008.0,291.0,0.793439
4008.0,292.0,0.25378
4008.0,293.0,0.008019
4008.0,294.0,0.0
4008.0,295.0,0.50138
4008.0,296.0,0.783825
4008.0,297.0,0.353927
4008.0,298.0,0.566202
4008.0,299.0,0.885865
4008.0,300.0,0.691339
4008.0,301.0,0.0
4008.0,302.0,0.882823
4008.0,303.0,0.797999
4008.0,304.0,0.581916
4008.0,305.0,0.720565
4008.0,306.0,0.981487
4008.0,307.0,0.440257
4008.0,308.0,0.44705
4008.0,309.0,0.744916
4008.0,310.0,0.864112
4008.0,311.0,1.0
4008.0,312.0,0.192884
4008.0,313.0,0.670578
4008.0,314.0,0.508155
4008.0,315.0,1.0
4008.0,316.0,0.704966
4008.0,317.0,0.525434
4008.0,318.0,0.467023
4008.0,319.0,0.00038
4008.0,320.0,0.338804
4008.0,321.0,0.137643
4008.0,322.0,0.254497
4008.0,323.0,0.179027
4008.0,324.0,0.264246
4008.0,325.0,0.040092
4008.0,326.0,0.591024
4008.0,327.0,0.004859
4008.0,328.0,0.0
4008.0,329.0,0.523202
4008.0,330.0,0.581903
4008.0,331.0,1.0
4008.0,332.0,0.362372
4008.0,333.0,0.232947
4008.0,334.0,0.683324
4009.0,0.0,0.054175
4009.0,1.0,0.927169
4009.0,2.0,0.0
4009.0,3.0,0.665958
4009.0,4.0,0.0
4009.0,5.0,0.303133
4009.0,6.0,0.610714
4009.0,7.0,0.379976
4009.0,8.0,0.485152
4009.0,9.0,0.532574
4009.0,10.0,0.0
4009.0,11.0,0.420337
4009.0,12.0,1.0
4009.0,13.0,0.539747
4009.0,14.0,0.510009
4009.0,15.0,0.337307
4009.0,16.0,0.562509
4009.0,17.0,0.573438
4009.0,18.0,0.0
4009.0,19.0,0.460143
4009.0,20.0,0.581273
4009.0,21.0,0.48707
4009.0,22.0,0.167141
4009.0,23.0,0.544875
4009.0,24.0,0.184538
4009.0,25.0,0.349019
4009.0,26.0,0.675119
4009.0,27.0,0.0
4009.0,28.0,0.400449
4009.0,29.0,0.429172
4009.0,30.0,0.64209
4009.0,31.0,0.461343
4009.0,32.0,0.28869
4009.0,33.0,0.34772
4009.0,34.0,0.852817
4009.0,35.0,0.370079
4009.0,36.0,0.326536
4009.0,37.0,0.379862
4009.0,38.0,0.110051
4009.0,39.0,7.7e-05
4009.0,40.0,0.97805
4009.0,41.0,0.692493
4009.0,42.0,0.033907
4009.0,43.0,0.616177
4009.0,44.0,0.465895
4009.0,45.0,1.0
4009.0,46.0,0.595751
4009.0,47.0,0.364746
4009.0,48.0,0.046793
4009.0,49.0,0.735612
4009.0,50.0,0.986691
4009.0,51.0,0.335044
4009.0,52.0,0.998665
4009.0,53.0,0.670356
4009.0,54.0,0.456839
4009.0,55.0,0.758393
4009.0,56.0,0.380553
4009.0,57.0,0.294347
4009.0,58.0,1.0
4009.0,59.0,0.750152
4009.0,60.0,0.074793
4009.0,61.0,0.912862
4009.0,62.0,0.540779
4009.0,63.0,0.628426
4009.0,64.0,0.001079
4009.0,65.0,0.603118
4009.0,66.0,0.767934
4009.0,67.0,0.335793
4009.0,68.0,0.261954
4009.0,69.0,0.363277
4009.0,70.0,0.016563
4009.0,71.0,0.596394
4009.0,72.0,0.596948
4009.0,73.0,0.037014
4009.0,74.0,0.75718
4009.0,75.0,0.781428
4009.0,76.0,0.472346
4009.0,77.0,0.028794
4009.0,78.0,0.404798
4009.0,79.0,0.0
4009.0,80.0,0.367661
4009.0,81.0,0.423824
4009.0,82.0,0.511198
4009.0,83.0,1.0
4009.0,84.0,1.0
4009.0,85.0,0.194246
4009.0,86.0,0.567301
4009.0,87.0,0.111078
4009.0,88.0,0.610751
4009.0,89.0,0.20593
4009.0,90.0,0.857359
4009.0,91.0,0.0
4009.0,92.0,0.0
4009.0,93.0,0.470519
4009.0,94.0,0.868976
4009.0,95.0,0.648556
4009.0,96.0,0.267719
4009.0,97.0,0.05491
4009.0,98.0,0.958386
4009.0,99.0,0.371909
4009.0,100.0,0.70756
4009.0,101.0,0.459162
4009.0,102.0,0.738198
4009.0,103.0,0.412157
4009.0,104.0,1.0
4009.0,105.0,0.550677
4009.0,106.0,0.778099
4009.0,107.0,0.712673
4009.0,108.0,0.616703
4009.0,109.0,0.296503
4009.0,110.0,0.511285
4009.0,111.0,0.049673
4009.0,112.0,0.657403
4009.0,113.0,0.387983
4009.0,114.0,0.410991
4009.0,115.0,0.904424
4009.0,116.0,0.0
4009.0,117.0,0.472755
4009.0,118.0,0.651782
4009.0,119.0,0.001118
4009.0,120.0,0.542857
4009.0,121.0,0.448373
4009.0,122.0,0.54174
4009.0,123.0,0.995471
4009.0,124.0,0.0
4009.0,125.0,0.284352
4009.0,126.0,0.651931
4009.0,127.0,0.733809
4009.0,128.0,0.995028
4009.0,129.0,0.355967
4009.0,130.0,0.0
4009.0,131.0,0.0
4009.0,132.0,0.002963
4009.0,133.0,0.173616
4009.0,134.0,0.0
4009.0,135.0,0.992476
4009.0,136.0,0.853803
4009.0,137.0,0.608005
4009.0,138.0,0.175808
4009.0,139.0,0.240354
4009.0,140.0,0.990272
4009.0,141.0,0.614625
4009.0,142.0,0.208421
4009.0,143.0,0.592051
4009.0,144.0,0.0
4009.0,145.0,0.12086
4009.0,146.0,0.630858
4009.0,147.0,1.0
4009.0,148.0,0.688227
4009.0,149.0,1.0
4009.0,150.0,0.445835
4009.0,151.0,0.814451
4009.0,152.0,0.23302
4009.0,153.0,0.65849
4009.0,154.0,0.503827
4009.0,155.0,0.401828
4009.0,156.0,0.391276
4009.0,157.0,1.0
4009.0,158.0,0.407852
4009.0,159.0,0.287117
4009.0,160.0,0.693295
4009.0,161.0,0.965537
4009.0,162.0,0.499467
4009.0,163.0,0.807622
4009.0,164.0,0.070047
4009.0,165.0,0.55288
4009.0,166.0,0.127894
4009.0,167.0,1.0
4009.0,168.0,0.246836
4009.0,169.0,0.657741
4009.0,170.0,0.0
4009.0,171.0,0.545058
4009.0,172.0,0.251405
4009.0,173.0,0.536131
4009.0,174.0,0.158044
4009.0,175.0,0.34454
4009.0,176.0,0.043138
4009.0,177.0,0.783544
4009.0,178.0,0.62982
4009.0,179.0,1.0
4009.0,180.0,0.489854
4009.0,181.0,1.0
4009.0,182.0,0.712914
4009.0,183.0,0.370224
4009.0,184.0,0.315907
4009.0,185.0,0.687133
4009.0,186.0,0.218585
4009.0,187.0,0.363155
4009.0,188.0,0.398274
4009.0,189.0,0.852957
4009.0,190.0,0.405928
4009.0,191.0,0.545507
4009.0,192.0,0.980256
4009.0,193.0,0.560692
4009.0,194.0,0.504432
4009.0,195.0,0.888862
4009.0,196.0,0.479537
4009.0,197.0,0.853027
4009.0,198.0,0.000671
4009.0,199.0,0.968792
4009.0,200.0,0.753048
4009.0,201.0,0.141147
4009.0,202.0,0.680568
4009.0,203.0,0.788475
4009.0,204.0,0.395437
4009.0,205.0,0.708162
4009.0,206.0,0.432333
4009.0,207.0,0.642114
4009.0,208.0,0.0
4009.0,209.0,0.826881
4009.0,210.0,0.999574
4009.0,211.0,0.443317
4009.0,212.0,0.669323
4009.0,213.0,0.4289
4009.0,214.0,0.60985
4009.0,215.0,0.359311
4009.0,216.0,0.0
4009.0,217.0,0.365961
4009.0,218.0,0.516901
4009.0,219.0,0.688881
4009.0,220.0,1.0
4009.0,221.0,0.698076
4009.0,222.0,0.460552
4009.0,223.0,0.661364
4009.0,224.0,0.574796
4009.0,225.0,0.998654
4009.0,226.0,1.0
4009.0,227.0,0.424423
4009.0,228.0,0.906494
4009.0,229.0,0.779252
4009.0,230.0,0.606472
4009.0,231.0,0.047458
4009.0,232.0,0.392898
4009.0,233.0,0.18198
4009.0,234.0,0.125274
4009.0,235.0,0.369112
4009.0,236.0,0.525599
4009.0,237.0,0.551837
4009.0,238.0,0.002719
4009.0,239.0,1.0
4009.0,240.0,0.46512
4009.0,241.0,0.186505
4009.0,242.0,0.609113
4009.0,243.0,0.645992
4009.0,244.0,0.247927
4009.0,245.0,0.109484
4009.0,246.0,0.372932
4009.0,247.0,0.386358
4009.0,248.0,0.558159
4009.0,249.0,0.183687
4009.0,250.0,0.264441
4009.0,251.0,0.0
4009.0,252.0,0.864401
4009.0,253.0,0.704202
4009.0,254.0,0.198113
4009.0,255.0,0.644251
4009.0,256.0,1.0
4009.0,257.0,0.282191
4009.0,258.0,0.843248
4009.0,259.0,0.301186
4009.0,260.0,0.540099
4009.0,261.0,0.448004
4009.0,262.0,0.097268
4009.0,263.0,0.736383
4009.0,264.0,0.012306
4009.0,265.0,0.855448
4009.0,266.0,0.983418
4009.0,267.0,0.057871
4009.0,268.0,0.000673
4009.0,269.0,0.368463
4009.0,270.0,0.450896
4009.0,271.0,0.560296
4009.0,272.0,0.717316
4009.0,273.0,0.358548
4009.0,274.0,0.422503
4009.0,275.0,0.650027
4009.0,276.0,0.770885
4009.0,277.0,0.3958
4009.0,278.0,0.001571
4009.0,279.0,0.404153
4009.0,280.0,0.522036
4009.0,281.0,0.521644
4009.0,282.0,0.694551
4009.0,283.0,0.590721
4009.0,284.0,0.439148
4009.0,285.0,0.728559
4009.0,286.0,0.433104
4009.0,287.0,0.0
4009.0,288.0,0.2743
4009.0,289.0,1.0
4009.0,290.0,1.0
4009.0,291.0,0.792415
4009.0,292.0,0.251334
4009.0,293.0,0.007696
4009.0,294.0,0.0
4009.0,295.0,0.496094
4009.0,296.0,0.781863
4009.0,297.0,0.351511
4009.0,298.0,0.565762
4009.0,299.0,0.885164
4009.0,300.0,0.684584
4009.0,301.0,0.0
4009.0,302.0,0.879412
4009.0,303.0,0.79441
4009.0,304.0,0.581074
4009.0,305.0,0.715191
4009.0,306.0,0.981098
4009.0,307.0,0.431135
4009.0,308.0,0.442999
4009.0,309.0,0.741531
4009.0,310.0,0.863762
4009.0,311.0,1.0
4009.0,312.0,0.187587
4009.0,313.0,0.668896
4009.0,314.0,0.506983
4009.0,315.0,1.0
4009.0,316.0,0.704319
4009.0,317.0,0.522748
4009.0,318.0,0.465243
4009.0,319.0,0.000377
4009.0,320.0,0.330392
4009.0,321.0,0.136128
4009.0,322.0,0.250981
4009.0,323.0,0.176571
4009.0,324.0,0.26295
4009.0,325.0,0.040097
4009.0,326.0,0.584297
4009.0,327.0,0.004783
4009.0,328.0,0.0
4009.0,329.0,0.485495
4009.0,330.0,0.581716
4009.0,331.0,1.0
4009.0,332.0,0.362677
4009.0,333.0,0.231431
4009.0,334.0,0.682463
4010.0,0.0,0.053635
4010.0,1.0,0.927142
4010.0,2.0,0.0
4010.0,3.0,0.657564
4010.0,4.0,0.0
4010.0,5.0,0.302644
4010.0,6.0,0.60725
4010.0,7.0,0.374707
4010.0,8.0,0.479726
4010.0,9.0,0.52809
4010.0,10.0,0.0
4010.0,11.0,0.412806
4010.0,12.0,1.0
4010.0,13.0,0.534184
4010.0,14.0,0.502434
4010.0,15.0,0.333426
4010.0,16.0,0.55765
4010.0,17.0,0.570102
4010.0,18.0,0.0
4010.0,19.0,0.458702
4010.0,20.0,0.580117
4010.0,21.0,0.483633
4010.0,22.0,0.165954
4010.0,23.0,0.54088
4010.0,24.0,0.17933
4010.0,25.0,0.343882
4010.0,26.0,0.66281
4010.0,27.0,0.0
4010.0,28.0,0.396392
4010.0,29.0,0.4184
4010.0,30.0,0.640081
4010.0,31.0,0.458942
4010.0,32.0,0.285546
4010.0,33.0,0.346394
4010.0,34.0,0.852249
4010.0,35.0,0.357614
4010.0,36.0,0.324456
4010.0,37.0,0.377876
4010.0,38.0,0.110525
4010.0,39.0,8.1e-05
4010.0,40.0,0.977892
4010.0,41.0,0.690808
4010.0,42.0,0.033591
4010.0,43.0,0.614568
4010.0,44.0,0.461347
4010.0,45.0,1.0
4010.0,46.0,0.593331
4010.0,47.0,0.359681
4010.0,48.0,0.046768
4010.0,49.0,0.734467
4010.0,50.0,0.98652
4010.0,51.0,0.330808
4010.0,52.0,0.998738
4010.0,53.0,0.669501
4010.0,54.0,0.448692
4010.0,55.0,0.758223
4010.0,56.0,0.375035
4010.0,57.0,0.292554
4010.0,58.0,1.0
4010.0,59.0,0.749949
4010.0,60.0,0.07495
4010.0,61.0,0.91245
4010.0,62.0,0.534079
4010.0,63.0,0.625456
4010.0,64.0,0.001057
4010.0,65.0,0.596431
4010.0,66.0,0.764498
4010.0,67.0,0.3318
4010.0,68.0,0.254446
4010.0,69.0,0.359727
4010.0,70.0,0.016631
4010.0,71.0,0.595519
4010.0,72.0,0.595891
4010.0,73.0,0.036837
4010.0,74.0,0.751177
4010.0,75.0,0.772408
4010.0,76.0,0.468064
4010.0,77.0,0.028238
4010.0,78.0,0.400093
4010.0,79.0,0.0
4010.0,80.0,0.359924
4010.0,81.0,0.421128
4010.0,82.0,0.508996
4010.0,83.0,1.0
4010.0,84.0,1.0
4010.0,85.0,0.192962
4010.0,86.0,0.565157
4010.0,87.0,0.111025
4010.0,88.0,0.608746
4010.0,89.0,0.205785
4010.0,90.0,0.858056
4010.0,91.0,0.0
4010.0,92.0,0.0
4010.0,93.0,0.468201
4010.0,94.0,0.868636
4010.0,95.0,0.645291
4010.0,96.0,0.26083
4010.0,97.0,0.054379
4010.0,98.0,0.958327
4010.0,99.0,0.368945
4010.0,100.0,0.70639
4010.0,101.0,0.451018
4010.0,102.0,0.735443
4010.0,103.0,0.405288
4010.0,104.0,1.0
4010.0,105.0,0.547376
4010.0,106.0,0.770037
4010.0,107.0,0.709605
4010.0,108.0,0.612734
4010.0,109.0,0.294984
4010.0,110.0,0.49958
4010.0,111.0,0.049035
4010.0,112.0,0.654235
4010.0,113.0,0.323885
4010.0,114.0,0.40649
4010.0,115.0,0.904171
4010.0,116.0,0.0
4010.0,117.0,0.464087
4010.0,118.0,0.651031
4010.0,119.0,0.001039
4010.0,120.0,0.537567
4010.0,121.0,0.447432
4010.0,122.0,0.539998
4010.0,123.0,0.99537
4010.0,124.0,0.0
4010.0,125.0,0.271322
4010.0,126.0,0.649092
4010.0,127.0,0.719657
4010.0,128.0,0.995022
4010.0,129.0,0.356245
4010.0,130.0,0.0
4010.0,131.0,0.0
4010.0,132.0,0.002948
4010.0,133.0,0.167963
4010.0,134.0,0.0
4010.0,135.0,0.992398
4010.0,136.0,0.8505
4010.0,137.0,0.608647
4010.0,138.0,0.174862
4010.0,139.0,0.234146
4010.0,140.0,0.990042
4010.0,141.0,0.611684
4010.0,142.0,0.20718
4010.0,143.0,0.58891
4010.0,144.0,0.0
4010.0,145.0,0.119873
4010.0,146.0,0.628067
4010.0,147.0,1.0
4010.0,148.0,0.670684
4010.0,149.0,1.0
4010.0,150.0,0.43254
4010.0,151.0,0.813191
4010.0,152.0,0.230687
4010.0,153.0,0.653605
4010.0,154.0,0.5021
4010.0,155.0,0.393033
4010.0,156.0,0.371032
4010.0,157.0,1.0
4010.0,158.0,0.386278
4010.0,159.0,0.28624
4010.0,160.0,0.689407
4010.0,161.0,0.965301
4010.0,162.0,0.498284
4010.0,163.0,0.806229
4010.0,164.0,0.069426
4010.0,165.0,0.552243
4010.0,166.0,0.127564
4010.0,167.0,1.0
4010.0,168.0,0.246408
4010.0,169.0,0.650601
4010.0,170.0,0.0
4010.0,171.0,0.538784
4010.0,172.0,0.249466
4010.0,173.0,0.530518
4010.0,174.0,0.156605
4010.0,175.0,0.342108
4010.0,176.0,0.042884
4010.0,177.0,0.783595
4010.0,178.0,0.624736
4010.0,179.0,1.0
4010.0,180.0,0.487694
4010.0,181.0,1.0
4010.0,182.0,0.700968
4010.0,183.0,0.365787
4010.0,184.0,0.310555
4010.0,185.0,0.681512
4010.0,186.0,0.216346
4010.0,187.0,0.362714
4010.0,188.0,0.397921
4010.0,189.0,0.845205
4010.0,190.0,0.397928
4010.0,191.0,0.541035
4010.0,192.0,0.980014
4010.0,193.0,0.557888
4010.0,194.0,0.498055
4010.0,195.0,0.887397
4010.0,196.0,0.474481
4010.0,197.0,0.850708
4010.0,198.0,0.000626
4010.0,199.0,0.968737
4010.0,200.0,0.752657
4010.0,201.0,0.139582
4010.0,202.0,0.673063
4010.0,203.0,0.783647
4010.0,204.0,0.394116
4010.0,205.0,0.707015
4010.0,206.0,0.408478
4010.0,207.0,0.627329
4010.0,208.0,0.0
4010.0,209.0,0.826097
4010.0,210.0,0.999586
4010.0,211.0,0.438879
4010.0,212.0,0.668526
4010.0,213.0,0.426243
4010.0,214.0,0.598135
4010.0,215.0,0.358053
4010.0,216.0,0.0
4010.0,217.0,0.361868
4010.0,218.0,0.505768
4010.0,219.0,0.682879
4010.0,220.0,1.0
4010.0,221.0,0.693721
4010.0,222.0,0.439567
4010.0,223.0,0.65821
4010.0,224.0,0.573901
4010.0,225.0,0.998608
4010.0,226.0,1.0
4010.0,227.0,0.422297
4010.0,228.0,0.905838
4010.0,229.0,0.779399
4010.0,230.0,0.605476
4010.0,231.0,0.047526
4010.0,232.0,0.390222
4010.0,233.0,0.181211
4010.0,234.0,0.12326
4010.0,235.0,0.367599
4010.0,236.0,0.523846
4010.0,237.0,0.549489
4010.0,238.0,0.0028
4010.0,239.0,1.0
4010.0,240.0,0.461318
4010.0,241.0,0.185988
4010.0,242.0,0.60736
4010.0,243.0,0.645262
4010.0,244.0,0.245165
4010.0,245.0,0.106392
4010.0,246.0,0.372451
4010.0,247.0,0.384672
4010.0,248.0,0.552485
4010.0,249.0,0.178969
4010.0,250.0,0.259423
4010.0,251.0,0.0
4010.0,252.0,0.867479
4010.0,253.0,0.704397
4010.0,254.0,0.186408
4010.0,255.0,0.644174
4010.0,256.0,1.0
4010.0,257.0,0.282217
4010.0,258.0,0.842755
4010.0,259.0,0.299424
4010.0,260.0,0.538679
4010.0,261.0,0.446413
4010.0,262.0,0.095439
4010.0,263.0,0.736019
4010.0,264.0,0.012134
4010.0,265.0,0.854012
4010.0,266.0,0.98307
4010.0,267.0,0.057229
4010.0,268.0,0.000662
4010.0,269.0,0.366351
4010.0,270.0,0.449088
4010.0,271.0,0.553717
4010.0,272.0,0.716493
4010.0,273.0,0.356346
4010.0,274.0,0.420677
4010.0,275.0,0.640035
4010.0,276.0,0.7508
4010.0,277.0,0.393649
4010.0,278.0,0.001533
4010.0,279.0,0.401381
4010.0,280.0,0.517835
4010.0,281.0,0.519076
4010.0,282.0,0.688791
4010.0,283.0,0.581731
4010.0,284.0,0.43258
4010.0,285.0,0.728106
4010.0,286.0,0.426653
4010.0,287.0,0.0
4010.0,288.0,0.269751
4010.0,289.0,1.0
4010.0,290.0,1.0
4010.0,291.0,0.79044
4010.0,292.0,0.249807
4010.0,293.0,0.007544
4010.0,294.0,0.0
4010.0,295.0,0.491395
4010.0,296.0,0.778995
4010.0,297.0,0.349942
4010.0,298.0,0.565605
4010.0,299.0,0.884681
4010.0,300.0,0.678294
4010.0,301.0,0.0
4010.0,302.0,0.876784
4010.0,303.0,0.79087
4010.0,304.0,0.580087
4010.0,305.0,0.709141
4010.0,306.0,0.981035
4010.0,307.0,0.422711
4010.0,308.0,0.439949
4010.0,309.0,0.738705
4010.0,310.0,0.863079
4010.0,311.0,1.0
4010.0,312.0,0.182856
4010.0,313.0,0.666829
4010.0,314.0,0.504499
4010.0,315.0,1.0
4010.0,316.0,0.703907
4010.0,317.0,0.520605
4010.0,318.0,0.462942
4010.0,319.0,0.000383
4010.0,320.0,0.321851
4010.0,321.0,0.13513
4010.0,322.0,0.24825
4010.0,323.0,0.174219
4010.0,324.0,0.260857
4010.0,325.0,0.040276
4010.0,326.0,0.577069
4010.0,327.0,0.004654
4010.0,328.0,0.0
4010.0,329.0,0.452285
4010.0,330.0,0.582753
4010.0,331.0,1.0
4010.0,332.0,0.362383
4010.0,333.0,0.229846
4010.0,334.0,0.682136
5000.0,0.0,0.039121
5000.0,1.0,0.928151
5000.0,2.0,0.0
5000.0,3.0,0.669526
5000.0,4.0,0.0
5000.0,5.0,0.270886
5000.0,6.0,0.602464
5000.0,7.0,0.370946
5000.0,8.0,0.483017
5000.0,9.0,0.519113
5000.0,10.0,0.0
5000.0,11.0,0.414604
5000.0,12.0,1.0
5000.0,13.0,0.536891
5000.0,14.0,0.504731
5000.0,15.0,0.338096
5000.0,16.0,0.573992
5000.0,17.0,0.560029
5000.0,18.0,0.0
5000.0,19.0,0.479778
5000.0,20.0,0.583813
5000.0,21.0,0.483426
5000.0,22.0,0.141886
5000.0,23.0,0.549646
5000.0,24.0,0.189506
5000.0,25.0,0.345252
5000.0,26.0,0.66043
5000.0,27.0,0.0
5000.0,28.0,0.395873
5000.0,29.0,0.424573
5000.0,30.0,0.628232
5000.0,31.0,0.473165
5000.0,32.0,0.292122
5000.0,33.0,0.342533
5000.0,34.0,0.868835
5000.0,35.0,0.36018
5000.0,36.0,0.337988
5000.0,37.0,0.377284
5000.0,38.0,0.073434
5000.0,39.0,0.0
5000.0,40.0,0.991618
5000.0,41.0,0.692973
5000.0,42.0,0.016977
5000.0,43.0,0.61416
5000.0,44.0,0.466481
5000.0,45.0,1.0
5000.0,46.0,0.590595
5000.0,47.0,0.356662
5000.0,48.0,0.030153
5000.0,49.0,0.731672
5000.0,50.0,0.995429
5000.0,51.0,0.327068
5000.0,52.0,0.999946
5000.0,53.0,0.665029
5000.0,54.0,0.452031
5000.0,55.0,0.76128
5000.0,56.0,0.375036
5000.0,57.0,0.27648
5000.0,58.0,1.0
5000.0,59.0,0.794816
5000.0,60.0,0.05421
5000.0,61.0,0.896719
5000.0,62.0,0.539307
5000.0,63.0,0.630589
5000.0,64.0,2.5e-05
5000.0,65.0,0.588316
5000.0,66.0,0.756254
5000.0,67.0,0.309521
5000.0,68.0,0.260501
5000.0,69.0,0.363933
5000.0,70.0,0.011181
5000.0,71.0,0.594439
5000.0,72.0,0.615234
5000.0,73.0,0.012874
5000.0,74.0,0.752306
5000.0,75.0,0.77083
5000.0,76.0,0.451177
5000.0,77.0,0.015407
5000.0,78.0,0.384661
5000.0,79.0,0.0
5000.0,80.0,0.35762
5000.0,81.0,0.410713
5000.0,82.0,0.528476
5000.0,83.0,1.0
5000.0,84.0,1.0
5000.0,85.0,0.183893
5000.0,86.0,0.57262
5000.0,87.0,0.113383
5000.0,88.0,0.603816
5000.0,89.0,0.185414
5000.0,90.0,0.853375
5000.0,91.0,0.0
5000.0,92.0,0.0
5000.0,93.0,0.486298
5000.0,94.0,0.901659
5000.0,95.0,0.635849
5000.0,96.0,0.259353
5000.0,97.0,0.0566
5000.0,98.0,0.9718
5000.0,99.0,0.356468
5000.0,100.0,0.724554
5000.0,101.0,0.450405
5000.0,102.0,0.738426
5000.0,103.0,0.40774
5000.0,104.0,1.0
5000.0,105.0,0.554136
5000.0,106.0,0.757886
5000.0,107.0,0.699138
5000.0,108.0,0.626117
5000.0,109.0,0.301737
5000.0,110.0,0.504515
5000.0,111.0,0.04215
5000.0,112.0,0.647258
5000.0,113.0,0.335519
5000.0,114.0,0.404095
5000.0,115.0,0.917108
5000.0,116.0,0.0
5000.0,117.0,0.467899
5000.0,118.0,0.678752
5000.0,119.0,0.001861
5000.0,120.0,0.536352
5000.0,121.0,0.455313
5000.0,122.0,0.540537
5000.0,123.0,0.999796
5000.0,124.0,0.0
5000.0,125.0,0.275717
5000.0,126.0,0.642656
5000.0,127.0,0.725663
5000.0,128.0,0.999013
5000.0,129.0,0.3594
5000.0,130.0,0.0
5000.0,131.0,0.0
5000.0,132.0,3.0e-06
5000.0,133.0,0.168819
5000.0,134.0,0.0
5000.0,135.0,0.996532
5000.0,136.0,0.849263
5000.0,137.0,0.618818
5000.0,138.0,0.167146
5000.0,139.0,0.237625
5000.0,140.0,0.998471
5000.0,141.0,0.607372
5000.0,142.0,0.195197
5000.0,143.0,0.58697
5000.0,144.0,0.0
5000.0,145.0,0.13077
5000.0,146.0,0.616468
5000.0,147.0,1.0
5000.0,148.0,0.663335
5000.0,149.0,1.0
5000.0,150.0,0.428565
5000.0,151.0,0.811987
5000.0,152.0,0.237661
5000.0,153.0,0.653307
5000.0,154.0,0.499623
5000.0,155.0,0.397537
5000.0,156.0,0.37181
5000.0,157.0,1.0
5000.0,158.0,0.391057
5000.0,159.0,0.309783
5000.0,160.0,0.689518
5000.0,161.0,0.971943
5000.0,162.0,0.504088
5000.0,163.0,0.818976
5000.0,164.0,0.055118
5000.0,165.0,0.550871
5000.0,166.0,0.099489
5000.0,167.0,1.0
5000.0,168.0,0.217778
5000.0,169.0,0.641031
5000.0,170.0,0.0
5000.0,171.0,0.544857
5000.0,172.0,0.236929
5000.0,173.0,0.533439
5000.0,174.0,0.155683
5000.0,175.0,0.345451
5000.0,176.0,0.023257
5000.0,177.0,0.815357
5000.0,178.0,0.631922
5000.0,179.0,1.0
5000.0,180.0,0.439092
5000.0,181.0,1.0
5000.0,182.0,0.706026
5000.0,183.0,0.368862
5000.0,184.0,0.335478
5000.0,185.0,0.673285
5000.0,186.0,0.206934
5000.0,187.0,0.341904
5000.0,188.0,0.378107
5000.0,189.0,0.850079
5000.0,190.0,0.39469
5000.0,191.0,0.535094
5000.0,192.0,0.985177
5000.0,193.0,0.557
5000.0,194.0,0.507998
5000.0,195.0,0.895867
5000.0,196.0,0.49784
5000.0,197.0,0.855507
5000.0,198.0,0.0
5000.0,199.0,0.972265
5000.0,200.0,0.75492
5000.0,201.0,0.13635
5000.0,202.0,0.674619
5000.0,203.0,0.78134
5000.0,204.0,0.349423
5000.0,205.0,0.726393
5000.0,206.0,0.411987
5000.0,207.0,0.625485
5000.0,208.0,0.0
5000.0,209.0,0.856312
5000.0,210.0,1.0
5000.0,211.0,0.439991
5000.0,212.0,0.689999
5000.0,213.0,0.424389
5000.0,214.0,0.595274
5000.0,215.0,0.368596
5000.0,216.0,0.0
5000.0,217.0,0.368482
5000.0,218.0,0.50202
5000.0,219.0,0.682907
5000.0,220.0,1.0
5000.0,221.0,0.686239
5000.0,222.0,0.435806
5000.0,223.0,0.642385
5000.0,224.0,0.560625
5000.0,225.0,1.0
5000.0,226.0,1.0
5000.0,227.0,0.427345
5000.0,228.0,0.941415
5000.0,229.0,0.789781
5000.0,230.0,0.59725
5000.0,231.0,0.021561
5000.0,232.0,0.383889
5000.0,233.0,0.169865
5000.0,234.0,0.123006
5000.0,235.0,0.372385
5000.0,236.0,0.523125
5000.0,237.0,0.539969
5000.0,238.0,0.0004
5000.0,239.0,1.0
5000.0,240.0,0.45423
5000.0,241.0,0.16726
5000.0,242.0,0.587232
5000.0,243.0,0.649573
5000.0,244.0,0.24536
5000.0,245.0,0.111802
5000.0,246.0,0.38708
5000.0,247.0,0.373479
5000.0,248.0,0.53731
5000.0,249.0,0.179351
5000.0,250.0,0.268145
5000.0,251.0,0.0
5000.0,252.0,0.92446
5000.0,253.0,0.682613
5000.0,254.0,0.183149
5000.0,255.0,0.663056
5000.0,256.0,1.0
5000.0,257.0,0.251076
5000.0,258.0,0.860032
5000.0,259.0,0.30701
5000.0,260.0,0.535943
5000.0,261.0,0.425603
5000.0,262.0,0.081739
5000.0,263.0,0.724426
5000.0,264.0,0.004421
5000.0,265.0,0.887144
5000.0,266.0,0.989216
5000.0,267.0,0.048373
5000.0,268.0,0.0
5000.0,269.0,0.369066
5000.0,270.0,0.468374
5000.0,271.0,0.548773
5000.0,272.0,0.733322
5000.0,273.0,0.32227
5000.0,274.0,0.401047
5000.0,275.0,0.63274
5000.0,276.0,0.757566
5000.0,277.0,0.407753
5000.0,278.0,0.000647
5000.0,279.0,0.408643
5000.0,280.0,0.532529
5000.0,281.0,0.528099
5000.0,282.0,0.695434
5000.0,283.0,0.576428
5000.0,284.0,0.432483
5000.0,285.0,0.768331
5000.0,286.0,0.433842
5000.0,287.0,0.0
5000.0,288.0,0.262698
5000.0,289.0,1.0
5000.0,290.0,1.0
5000.0,291.0,0.823425
5000.0,292.0,0.22327
5000.0,293.0,0.009643
5000.0,294.0,0.0
5000.0,295.0,0.493457
5000.0,296.0,0.787061
5000.0,297.0,0.355941
5000.0,298.0,0.572772
5000.0,299.0,0.918533
5000.0,300.0,0.669608
5000.0,301.0,0.0
5000.0,302.0,0.871966
5000.0,303.0,0.787641
5000.0,304.0,0.607773
5000.0,305.0,0.725112
5000.0,306.0,0.993076
5000.0,307.0,0.42826
5000.0,308.0,0.428095
5000.0,309.0,0.732771
5000.0,310.0,0.873195
5000.0,311.0,1.0
5000.0,312.0,0.189084
5000.0,313.0,0.68275
5000.0,314.0,0.511964
5000.0,315.0,1.0
5000.0,316.0,0.710207
5000.0,317.0,0.516403
5000.0,318.0,0.462896
5000.0,319.0,0.0
5000.0,320.0,0.319414
5000.0,321.0,0.13675
5000.0,322.0,0.233219
5000.0,323.0,0.171872
5000.0,324.0,0.259115
5000.0,325.0,0.029172
5000.0,326.0,0.575116
5000.0,327.0,0.000765
5000.0,328.0,0.0
5000.0,329.0,0.452128
5000.0,330.0,0.609912
5000.0,331.0,1.0
5000.0,332.0,0.328402
5000.0,333.0,0.222528
5000.0,334.0,0.67726
5001.0,0.0,0.039845
5001.0,1.0,0.928408
5001.0,2.0,0.0
5001.0,3.0,0.676441
5001.0,4.0,0.0
5001.0,5.0,0.272775
5001.0,6.0,0.606995
5001.0,7.0,0.375848
5001.0,8.0,0.489541
5001.0,9.0,0.524031
5001.0,10.0,0.0
5001.0,11.0,0.42321
5001.0,12.0,1.0
5001.0,13.0,0.54272
5001.0,14.0,0.514641
5001.0,15.0,0.343312
5001.0,16.0,0.579615
5001.0,17.0,0.563763
5001.0,18.0,0.0
5001.0,19.0,0.481537
5001.0,20.0,0.584065
5001.0,21.0,0.488123
5001.0,22.0,0.142638
5001.0,23.0,0.554234
5001.0,24.0,0.194598
5001.0,25.0,0.350959
5001.0,26.0,0.673529
5001.0,27.0,0.0
5001.0,28.0,0.400665
5001.0,29.0,0.436174
5001.0,30.0,0.630283
5001.0,31.0,0.475931
5001.0,32.0,0.295318
5001.0,33.0,0.345319
5001.0,34.0,0.869178
5001.0,35.0,0.374076
5001.0,36.0,0.339369
5001.0,37.0,0.37802
5001.0,38.0,0.073789
5001.0,39.0,0.0
5001.0,40.0,0.991835
5001.0,41.0,0.695072
5001.0,42.0,0.01724
5001.0,43.0,0.616125
5001.0,44.0,0.470869
5001.0,45.0,1.0
5001.0,46.0,0.592623
5001.0,47.0,0.359377
5001.0,48.0,0.030516
5001.0,49.0,0.733283
5001.0,50.0,0.995548
5001.0,51.0,0.331516
5001.0,52.0,0.999947
5001.0,53.0,0.66521
5001.0,54.0,0.461019
5001.0,55.0,0.762059
5001.0,56.0,0.380725
5001.0,57.0,0.27822
5001.0,58.0,1.0
5001.0,59.0,0.795945
5001.0,60.0,0.054355
5001.0,61.0,0.897442
5001.0,62.0,0.54623
5001.0,63.0,0.633922
5001.0,64.0,2.7e-05
5001.0,65.0,0.593544
5001.0,66.0,0.760355
5001.0,67.0,0.313049
5001.0,68.0,0.26921
5001.0,69.0,0.367713
5001.0,70.0,0.011212
5001.0,71.0,0.596612
5001.0,72.0,0.617157
5001.0,73.0,0.012971
5001.0,74.0,0.758423
5001.0,75.0,0.780503
5001.0,76.0,0.454959
5001.0,77.0,0.015547
5001.0,78.0,0.389721
5001.0,79.0,0.0
5001.0,80.0,0.365735
5001.0,81.0,0.414524
5001.0,82.0,0.530549
5001.0,83.0,1.0
5001.0,84.0,1.0
5001.0,85.0,0.185516
5001.0,86.0,0.573308
5001.0,87.0,0.113216
5001.0,88.0,0.605594
5001.0,89.0,0.18592
5001.0,90.0,0.853506
5001.0,91.0,0.0
5001.0,92.0,0.0
5001.0,93.0,0.488001
5001.0,94.0,0.90244
5001.0,95.0,0.639055
5001.0,96.0,0.266714
5001.0,97.0,0.057884
5001.0,98.0,0.971922
5001.0,99.0,0.359719
5001.0,100.0,0.725656
5001.0,101.0,0.460326
5001.0,102.0,0.741077
5001.0,103.0,0.416153
5001.0,104.0,1.0
5001.0,105.0,0.557856
5001.0,106.0,0.766479
5001.0,107.0,0.700494
5001.0,108.0,0.628538
5001.0,109.0,0.302852
5001.0,110.0,0.515698
5001.0,111.0,0.042932
5001.0,112.0,0.65159
5001.0,113.0,0.406004
5001.0,114.0,0.408542
5001.0,115.0,0.917827
5001.0,116.0,0.0
5001.0,117.0,0.477496
5001.0,118.0,0.678473
5001.0,119.0,0.001874
5001.0,120.0,0.542486
5001.0,121.0,0.458249
5001.0,122.0,0.54134
5001.0,123.0,0.999796
5001.0,124.0,0.0
5001.0,125.0,0.289882
5001.0,126.0,0.644444
5001.0,127.0,0.741368
5001.0,128.0,0.99904
5001.0,129.0,0.358437
5001.0,130.0,0.0
5001.0,131.0,0.0
5001.0,132.0,4.0e-06
5001.0,133.0,0.173986
5001.0,134.0,0.0
5001.0,135.0,0.996487
5001.0,136.0,0.85312
5001.0,137.0,0.618949
5001.0,138.0,0.167047
5001.0,139.0,0.244306
5001.0,140.0,0.998449
5001.0,141.0,0.611366
5001.0,142.0,0.196211
5001.0,143.0,0.589698
5001.0,144.0,0.0
5001.0,145.0,0.131715
5001.0,146.0,0.620725
5001.0,147.0,1.0
5001.0,148.0,0.682716
5001.0,149.0,1.0
5001.0,150.0,0.443079
5001.0,151.0,0.812409
5001.0,152.0,0.238518
5001.0,153.0,0.658768
5001.0,154.0,0.503659
5001.0,155.0,0.408771
5001.0,156.0,0.393838
5001.0,157.0,1.0
5001.0,158.0,0.414069
5001.0,159.0,0.310673
5001.0,160.0,0.694019
5001.0,161.0,0.97196
5001.0,162.0,0.503802
5001.0,163.0,0.821763
5001.0,164.0,0.055866
5001.0,165.0,0.55249
5001.0,166.0,0.099572
5001.0,167.0,1.0
5001.0,168.0,0.218093
5001.0,169.0,0.648255
5001.0,170.0,0.0
5001.0,171.0,0.551609
5001.0,172.0,0.238585
5001.0,173.0,0.539841
5001.0,174.0,0.157471
5001.0,175.0,0.347991
5001.0,176.0,0.023149
5001.0,177.0,0.8154
5001.0,178.0,0.637302
5001.0,179.0,1.0
5001.0,180.0,0.44188
5001.0,181.0,1.0
5001.0,182.0,0.7196
5001.0,183.0,0.373988
5001.0,184.0,0.34114
5001.0,185.0,0.678778
5001.0,186.0,0.20906
5001.0,187.0,0.343818
5001.0,188.0,0.378489
5001.0,189.0,0.857881
5001.0,190.0,0.402759
5001.0,191.0,0.540448
5001.0,192.0,0.985614
5001.0,193.0,0.561173
5001.0,194.0,0.514528
5001.0,195.0,0.896807
5001.0,196.0,0.503645
5001.0,197.0,0.856767
5001.0,198.0,0.0
5001.0,199.0,0.972712
5001.0,200.0,0.755909
5001.0,201.0,0.137291
5001.0,202.0,0.680887
5001.0,203.0,0.785962
5001.0,204.0,0.349975
5001.0,205.0,0.726598
5001.0,206.0,0.437798
5001.0,207.0,0.642452
5001.0,208.0,0.0
5001.0,209.0,0.857612
5001.0,210.0,1.0
5001.0,211.0,0.443561
5001.0,212.0,0.689768
5001.0,213.0,0.427067
5001.0,214.0,0.608372
5001.0,215.0,0.369188
5001.0,216.0,0.0
5001.0,217.0,0.372678
5001.0,218.0,0.514104
5001.0,219.0,0.688487
5001.0,220.0,1.0
5001.0,221.0,0.690361
5001.0,222.0,0.460431
5001.0,223.0,0.647025
5001.0,224.0,0.561904
5001.0,225.0,1.0
5001.0,226.0,1.0
5001.0,227.0,0.427583
5001.0,228.0,0.941742
5001.0,229.0,0.789842
5001.0,230.0,0.598916
5001.0,231.0,0.02141
5001.0,232.0,0.388055
5001.0,233.0,0.170506
5001.0,234.0,0.125574
5001.0,235.0,0.372862
5001.0,236.0,0.525879
5001.0,237.0,0.542845
5001.0,238.0,0.000397
5001.0,239.0,1.0
5001.0,240.0,0.457856
5001.0,241.0,0.167609
5001.0,242.0,0.589392
5001.0,243.0,0.650726
5001.0,244.0,0.249018
5001.0,245.0,0.115089
5001.0,246.0,0.386883
5001.0,247.0,0.377095
5001.0,248.0,0.54325
5001.0,249.0,0.183925
5001.0,250.0,0.273655
5001.0,251.0,0.0
5001.0,252.0,0.921702
5001.0,253.0,0.682658
5001.0,254.0,0.196281
5001.0,255.0,0.663001
5001.0,256.0,1.0
5001.0,257.0,0.250876
5001.0,258.0,0.860582
5001.0,259.0,0.309192
5001.0,260.0,0.537152
5001.0,261.0,0.427251
5001.0,262.0,0.082935
5001.0,263.0,0.725775
5001.0,264.0,0.004568
5001.0,265.0,0.888183
5001.0,266.0,0.989331
5001.0,267.0,0.048806
5001.0,268.0,0.0
5001.0,269.0,0.372929
5001.0,270.0,0.470008
5001.0,271.0,0.553324
5001.0,272.0,0.734793
5001.0,273.0,0.323517
5001.0,274.0,0.403154
5001.0,275.0,0.645233
5001.0,276.0,0.778276
5001.0,277.0,0.409632
5001.0,278.0,0.000666
5001.0,279.0,0.412283
5001.0,280.0,0.536509
5001.0,281.0,0.530924
5001.0,282.0,0.701675
5001.0,283.0,0.585835
5001.0,284.0,0.43986
5001.0,285.0,0.767701
5001.0,286.0,0.441881
5001.0,287.0,0.0
5001.0,288.0,0.266338
5001.0,289.0,1.0
5001.0,290.0,1.0
5001.0,291.0,0.824607
5001.0,292.0,0.226323
5001.0,293.0,0.009801
5001.0,294.0,0.0
5001.0,295.0,0.497458
5001.0,296.0,0.789211
5001.0,297.0,0.357604
5001.0,298.0,0.573377
5001.0,299.0,0.918608
5001.0,300.0,0.677691
5001.0,301.0,0.0
5001.0,302.0,0.875351
5001.0,303.0,0.792614
5001.0,304.0,0.608079
5001.0,305.0,0.73095
5001.0,306.0,0.993099
5001.0,307.0,0.437427
5001.0,308.0,0.431124
5001.0,309.0,0.736235
5001.0,310.0,0.873444
5001.0,311.0,1.0
5001.0,312.0,0.194329
5001.0,313.0,0.683862
5001.0,314.0,0.513347
5001.0,315.0,1.0
5001.0,316.0,0.710619
5001.0,317.0,0.518972
5001.0,318.0,0.464635
5001.0,319.0,0.0
5001.0,320.0,0.32834
5001.0,321.0,0.137852
5001.0,322.0,0.236709
5001.0,323.0,0.174631
5001.0,324.0,0.261377
5001.0,325.0,0.029254
5001.0,326.0,0.581679
5001.0,327.0,0.000774
5001.0,328.0,0.0
5001.0,329.0,0.494481
5001.0,330.0,0.609969
5001.0,331.0,1.0
5001.0,332.0,0.328453
5001.0,333.0,0.22465
5001.0,334.0,0.677836
5002.0,0.0,0.040439
5002.0,1.0,0.92868
5002.0,2.0,0.0
5002.0,3.0,0.683368
5002.0,4.0,0.0
5002.0,5.0,0.274506
5002.0,6.0,0.609497
5002.0,7.0,0.381296
5002.0,8.0,0.49506
5002.0,9.0,0.528921
5002.0,10.0,0.0
5002.0,11.0,0.431923
5002.0,12.0,1.0
5002.0,13.0,0.549333
5002.0,14.0,0.523015
5002.0,15.0,0.34735
5002.0,16.0,0.583686
5002.0,17.0,0.567273
5002.0,18.0,0.0
5002.0,19.0,0.483755
5002.0,20.0,0.583984
5002.0,21.0,0.491982
5002.0,22.0,0.142804
5002.0,23.0,0.559522
5002.0,24.0,0.199987
5002.0,25.0,0.355416
5002.0,26.0,0.686116
5002.0,27.0,0.0
5002.0,28.0,0.404917
5002.0,29.0,0.446094
5002.0,30.0,0.633191
5002.0,31.0,0.478511
5002.0,32.0,0.298181
5002.0,33.0,0.348066
5002.0,34.0,0.869098
5002.0,35.0,0.387554
5002.0,36.0,0.341068
5002.0,37.0,0.379153
5002.0,38.0,0.073962
5002.0,39.0,0.0
5002.0,40.0,0.992064
5002.0,41.0,0.697512
5002.0,42.0,0.017437
5002.0,43.0,0.617559
5002.0,44.0,0.474973
5002.0,45.0,1.0
5002.0,46.0,0.595417
5002.0,47.0,0.362997
5002.0,48.0,0.030814
5002.0,49.0,0.734869
5002.0,50.0,0.995451
5002.0,51.0,0.336963
5002.0,52.0,0.999948
5002.0,53.0,0.666146
5002.0,54.0,0.469321
5002.0,55.0,0.762735
5002.0,56.0,0.387986
5002.0,57.0,0.28051
5002.0,58.0,1.0
5002.0,59.0,0.796261
5002.0,60.0,0.054603
5002.0,61.0,0.898181
5002.0,62.0,0.554079
5002.0,63.0,0.636669
5002.0,64.0,2.5e-05
5002.0,65.0,0.599117
5002.0,66.0,0.764226
5002.0,67.0,0.317682
5002.0,68.0,0.278913
5002.0,69.0,0.371982
5002.0,70.0,0.011358
5002.0,71.0,0.598193
5002.0,72.0,0.619048
5002.0,73.0,0.013106
5002.0,74.0,0.761712
5002.0,75.0,0.789624
5002.0,76.0,0.45954
5002.0,77.0,0.01617
5002.0,78.0,0.394757
5002.0,79.0,0.0
5002.0,80.0,0.374308
5002.0,81.0,0.41688
5002.0,82.0,0.532814
5002.0,83.0,1.0
5002.0,84.0,1.0
5002.0,85.0,0.18665
5002.0,86.0,0.573212
5002.0,87.0,0.112592
5002.0,88.0,0.60752
5002.0,89.0,0.185321
5002.0,90.0,0.852948
5002.0,91.0,0.0
5002.0,92.0,0.0
5002.0,93.0,0.489878
5002.0,94.0,0.903243
5002.0,95.0,0.642874
5002.0,96.0,0.274144
5002.0,97.0,0.058875
5002.0,98.0,0.972013
5002.0,99.0,0.363052
5002.0,100.0,0.727071
5002.0,101.0,0.469267
5002.0,102.0,0.744109
5002.0,103.0,0.423841
5002.0,104.0,1.0
5002.0,105.0,0.561557
5002.0,106.0,0.774414
5002.0,107.0,0.70291
5002.0,108.0,0.631728
5002.0,109.0,0.302819
5002.0,110.0,0.528137
5002.0,111.0,0.043701
5002.0,112.0,0.655991
5002.0,113.0,0.477768
5002.0,114.0,0.412347
5002.0,115.0,0.91804
5002.0,116.0,0.0
5002.0,117.0,0.487209
5002.0,118.0,0.678913
5002.0,119.0,0.001973
5002.0,120.0,0.548293
5002.0,121.0,0.45955
5002.0,122.0,0.542116
5002.0,123.0,0.999812
5002.0,124.0,0.0
5002.0,125.0,0.304509
5002.0,126.0,0.64682
5002.0,127.0,0.756009
5002.0,128.0,0.999036
5002.0,129.0,0.35761
5002.0,130.0,0.0
5002.0,131.0,0.0
5002.0,132.0,2.0e-06
5002.0,133.0,0.179896
5002.0,134.0,0.0
5002.0,135.0,0.996486
5002.0,136.0,0.856892
5002.0,137.0,0.61917
5002.0,138.0,0.167446
5002.0,139.0,0.250311
5002.0,140.0,0.998419
5002.0,141.0,0.615242
5002.0,142.0,0.19701
5002.0,143.0,0.591925
5002.0,144.0,0.0
5002.0,145.0,0.132861
5002.0,146.0,0.624699
5002.0,147.0,1.0
5002.0,148.0,0.70141
5002.0,149.0,1.0
5002.0,150.0,0.457463
5002.0,151.0,0.813348
5002.0,152.0,0.239879
5002.0,153.0,0.662482
5002.0,154.0,0.507432
5002.0,155.0,0.418278
5002.0,156.0,0.415841
5002.0,157.0,1.0
5002.0,158.0,0.43724
5002.0,159.0,0.311992
5002.0,160.0,0.698878
5002.0,161.0,0.971824
5002.0,162.0,0.504689
5002.0,163.0,0.82418
5002.0,164.0,0.056499
5002.0,165.0,0.554183
5002.0,166.0,0.09945
5002.0,167.0,1.0
5002.0,168.0,0.21812
5002.0,169.0,0.65559
5002.0,170.0,0.0
5002.0,171.0,0.556154
5002.0,172.0,0.239881
5002.0,173.0,0.545202
5002.0,174.0,0.160065
5002.0,175.0,0.349663
5002.0,176.0,0.023047
5002.0,177.0,0.815409
5002.0,178.0,0.643597
5002.0,179.0,1.0
5002.0,180.0,0.444405
5002.0,181.0,1.0
5002.0,182.0,0.732768
5002.0,183.0,0.377743
5002.0,184.0,0.345445
5002.0,185.0,0.684581
5002.0,186.0,0.210475
5002.0,187.0,0.345726
5002.0,188.0,0.379438
5002.0,189.0,0.865039
5002.0,190.0,0.41101
5002.0,191.0,0.545769
5002.0,192.0,0.985771
5002.0,193.0,0.5648
5002.0,194.0,0.519099
5002.0,195.0,0.898211
5002.0,196.0,0.509416
5002.0,197.0,0.857732
5002.0,198.0,0.0
5002.0,199.0,0.972592
5002.0,200.0,0.757119
5002.0,201.0,0.139237
5002.0,202.0,0.687901
5002.0,203.0,0.78979
5002.0,204.0,0.349867
5002.0,205.0,0.727803
5002.0,206.0,0.463214
5002.0,207.0,0.657118
5002.0,208.0,0.0
5002.0,209.0,0.858958
5002.0,210.0,1.0
5002.0,211.0,0.44735
5002.0,212.0,0.688812
5002.0,213.0,0.428192
5002.0,214.0,0.62075
5002.0,215.0,0.369778
5002.0,216.0,0.0
5002.0,217.0,0.376755
5002.0,218.0,0.525892
5002.0,219.0,0.694892
5002.0,220.0,1.0
5002.0,221.0,0.694528
5002.0,222.0,0.485346
5002.0,223.0,0.651846
5002.0,224.0,0.562753
5002.0,225.0,1.0
5002.0,226.0,1.0
5002.0,227.0,0.427248
5002.0,228.0,0.941497
5002.0,229.0,0.789444
5002.0,230.0,0.601076
5002.0,231.0,0.021265
5002.0,232.0,0.391993
5002.0,233.0,0.170571
5002.0,234.0,0.128543
5002.0,235.0,0.373164
5002.0,236.0,0.527855
5002.0,237.0,0.546117
5002.0,238.0,0.00036
5002.0,239.0,1.0
5002.0,240.0,0.461328
5002.0,241.0,0.168259
5002.0,242.0,0.591681
5002.0,243.0,0.652448
5002.0,244.0,0.253182
5002.0,245.0,0.117994
5002.0,246.0,0.386499
5002.0,247.0,0.380003
5002.0,248.0,0.549652
5002.0,249.0,0.189109
5002.0,250.0,0.278965
5002.0,251.0,0.0
5002.0,252.0,0.919429
5002.0,253.0,0.683818
5002.0,254.0,0.209841
5002.0,255.0,0.663799
5002.0,256.0,1.0
5002.0,257.0,0.251235
5002.0,258.0,0.861433
5002.0,259.0,0.311054
5002.0,260.0,0.538321
5002.0,261.0,0.428474
5002.0,262.0,0.085037
5002.0,263.0,0.727132
5002.0,264.0,0.004469
5002.0,265.0,0.888186
5002.0,266.0,0.989753
5002.0,267.0,0.049196
5002.0,268.0,0.0
5002.0,269.0,0.375382
5002.0,270.0,0.471294
5002.0,271.0,0.557433
5002.0,272.0,0.734949
5002.0,273.0,0.325264
5002.0,274.0,0.404854
5002.0,275.0,0.657216
5002.0,276.0,0.796701
5002.0,277.0,0.412474
5002.0,278.0,0.000712
5002.0,279.0,0.415477
5002.0,280.0,0.540515
5002.0,281.0,0.534594
5002.0,282.0,0.707991
5002.0,283.0,0.59494
5002.0,284.0,0.447418
5002.0,285.0,0.768337
5002.0,286.0,0.448889
5002.0,287.0,0.0
5002.0,288.0,0.269959
5002.0,289.0,1.0
5002.0,290.0,1.0
5002.0,291.0,0.824986
5002.0,292.0,0.228111
5002.0,293.0,0.010194
5002.0,294.0,0.0
5002.0,295.0,0.501504
5002.0,296.0,0.790772
5002.0,297.0,0.359377
5002.0,298.0,0.573407
5002.0,299.0,0.91889
5002.0,300.0,0.684123
5002.0,301.0,0.0
5002.0,302.0,0.878791
5002.0,303.0,0.797607
5002.0,304.0,0.608344
5002.0,305.0,0.736999
5002.0,306.0,0.992916
5002.0,307.0,0.446974
5002.0,308.0,0.435667
5002.0,309.0,0.740051
5002.0,310.0,0.873565
5002.0,311.0,1.0
5002.0,312.0,0.200053
5002.0,313.0,0.685595
5002.0,314.0,0.51553
5002.0,315.0,1.0
5002.0,316.0,0.711221
5002.0,317.0,0.521734
5002.0,318.0,0.466694
5002.0,319.0,0.0
5002.0,320.0,0.336535
5002.0,321.0,0.139565
5002.0,322.0,0.240895
5002.0,323.0,0.176692
5002.0,324.0,0.26277
5002.0,325.0,0.029128
5002.0,326.0,0.587852
5002.0,327.0,0.000743
5002.0,328.0,0.0
5002.0,329.0,0.53564
5002.0,330.0,0.610256
5002.0,331.0,1.0
5002.0,332.0,0.328466
5002.0,333.0,0.227479
5002.0,334.0,0.678113
5003.0,0.0,0.040579
5003.0,1.0,0.928908
5003.0,2.0,0.0
5003.0,3.0,0.690288
5003.0,4.0,0.0
5003.0,5.0,0.276316
5003.0,6.0,0.613199
5003.0,7.0,0.387732
5003.0,8.0,0.499688
5003.0,9.0,0.533353
5003.0,10.0,0.0
5003.0,11.0,0.440297
5003.0,12.0,1.0
5003.0,13.0,0.555225
5003.0,14.0,0.531125
5003.0,15.0,0.351407
5003.0,16.0,0.58671
5003.0,17.0,0.571552
5003.0,18.0,0.0
5003.0,19.0,0.486677
5003.0,20.0,0.585151
5003.0,21.0,0.495025
5003.0,22.0,0.142742
5003.0,23.0,0.563314
5003.0,24.0,0.205114
5003.0,25.0,0.359676
5003.0,26.0,0.696767
5003.0,27.0,0.0
5003.0,28.0,0.410217
5003.0,29.0,0.456497
5003.0,30.0,0.635122
5003.0,31.0,0.479482
5003.0,32.0,0.301151
5003.0,33.0,0.350478
5003.0,34.0,0.870015
5003.0,35.0,0.400434
5003.0,36.0,0.343437
5003.0,37.0,0.380332
5003.0,38.0,0.074373
5003.0,39.0,0.0
5003.0,40.0,0.992315
5003.0,41.0,0.699806
5003.0,42.0,0.017477
5003.0,43.0,0.619632
5003.0,44.0,0.479556
5003.0,45.0,1.0
5003.0,46.0,0.597388
5003.0,47.0,0.366505
5003.0,48.0,0.031018
5003.0,49.0,0.737048
5003.0,50.0,0.995509
5003.0,51.0,0.341899
5003.0,52.0,0.999952
5003.0,53.0,0.666668
5003.0,54.0,0.477709
5003.0,55.0,0.763684
5003.0,56.0,0.392696
5003.0,57.0,0.282644
5003.0,58.0,1.0
5003.0,59.0,0.796825
5003.0,60.0,0.054391
5003.0,61.0,0.898811
5003.0,62.0,0.560747
5003.0,63.0,0.638743
5003.0,64.0,1.6e-05
5003.0,65.0,0.603972
5003.0,66.0,0.768774
5003.0,67.0,0.321087
5003.0,68.0,0.289269
5003.0,69.0,0.375779
5003.0,70.0,0.011357
5003.0,71.0,0.599592
5003.0,72.0,0.620498
5003.0,73.0,0.013271
5003.0,74.0,0.767436
5003.0,75.0,0.798818
5003.0,76.0,0.464398
5003.0,77.0,0.016709
5003.0,78.0,0.399258
5003.0,79.0,0.0
5003.0,80.0,0.382787
5003.0,81.0,0.418479
5003.0,82.0,0.53467
5003.0,83.0,1.0
5003.0,84.0,1.0
5003.0,85.0,0.187866
5003.0,86.0,0.574913
5003.0,87.0,0.1124
5003.0,88.0,0.609289
5003.0,89.0,0.185832
5003.0,90.0,0.852643
5003.0,91.0,0.0
5003.0,92.0,0.0
5003.0,93.0,0.492511
5003.0,94.0,0.904014
5003.0,95.0,0.647606
5003.0,96.0,0.281615
5003.0,97.0,0.05996
5003.0,98.0,0.972168
5003.0,99.0,0.366733
5003.0,100.0,0.727933
5003.0,101.0,0.477175
5003.0,102.0,0.746336
5003.0,103.0,0.431715
5003.0,104.0,1.0
5003.0,105.0,0.564834
5003.0,106.0,0.782955
5003.0,107.0,0.704908
5003.0,108.0,0.635763
5003.0,109.0,0.303117
5003.0,110.0,0.540042
5003.0,111.0,0.0446
5003.0,112.0,0.65961
5003.0,113.0,0.547234
5003.0,114.0,0.41695
5003.0,115.0,0.918339
5003.0,116.0,0.0
5003.0,117.0,0.496417
5003.0,118.0,0.678414
5003.0,119.0,0.002031
5003.0,120.0,0.553988
5003.0,121.0,0.46168
5003.0,122.0,0.543466
5003.0,123.0,0.999816
5003.0,124.0,0.0
5003.0,125.0,0.3193
5003.0,126.0,0.647562
5003.0,127.0,0.77053
5003.0,128.0,0.999019
5003.0,129.0,0.356818
5003.0,130.0,0.0
5003.0,131.0,0.0
5003.0,132.0,0.0
5003.0,133.0,0.186276
5003.0,134.0,0.0
5003.0,135.0,0.996475
5003.0,136.0,0.859813
5003.0,137.0,0.618791
5003.0,138.0,0.167492
5003.0,139.0,0.257472
5003.0,140.0,0.998422
5003.0,141.0,0.618785
5003.0,142.0,0.198003
5003.0,143.0,0.593233
5003.0,144.0,0.0
5003.0,145.0,0.134021
5003.0,146.0,0.627876
5003.0,147.0,1.0
5003.0,148.0,0.71851
5003.0,149.0,1.0
5003.0,150.0,0.470972
5003.0,151.0,0.814154
5003.0,152.0,0.240712
5003.0,153.0,0.66668
5003.0,154.0,0.511836
5003.0,155.0,0.426884
5003.0,156.0,0.438025
5003.0,157.0,1.0
5003.0,158.0,0.459117
5003.0,159.0,0.313608
5003.0,160.0,0.70357
5003.0,161.0,0.971725
5003.0,162.0,0.505397
5003.0,163.0,0.82686
5003.0,164.0,0.05731
5003.0,165.0,0.556216
5003.0,166.0,0.099078
5003.0,167.0,1.0
5003.0,168.0,0.218891
5003.0,169.0,0.662652
5003.0,170.0,0.0
5003.0,171.0,0.561239
5003.0,172.0,0.241787
5003.0,173.0,0.550873
5003.0,174.0,0.162398
5003.0,175.0,0.3518
5003.0,176.0,0.023
5003.0,177.0,0.815067
5003.0,178.0,0.648296
5003.0,179.0,1.0
5003.0,180.0,0.446818
5003.0,181.0,1.0
5003.0,182.0,0.744754
5003.0,183.0,0.380956
5003.0,184.0,0.349512
5003.0,185.0,0.690317
5003.0,186.0,0.212146
5003.0,187.0,0.347316
5003.0,188.0,0.379497
5003.0,189.0,0.872511
5003.0,190.0,0.418485
5003.0,191.0,0.550055
5003.0,192.0,0.985803
5003.0,193.0,0.568123
5003.0,194.0,0.525089
5003.0,195.0,0.898152
5003.0,196.0,0.514326
5003.0,197.0,0.859247
5003.0,198.0,0.0
5003.0,199.0,0.972885
5003.0,200.0,0.756782
5003.0,201.0,0.140732
5003.0,202.0,0.695123
5003.0,203.0,0.794138
5003.0,204.0,0.350788
5003.0,205.0,0.72885
5003.0,206.0,0.487574
5003.0,207.0,0.670238
5003.0,208.0,0.0
5003.0,209.0,0.860203
5003.0,210.0,1.0
5003.0,211.0,0.452189
5003.0,212.0,0.687932
5003.0,213.0,0.430687
5003.0,214.0,0.631791
5003.0,215.0,0.371386
5003.0,216.0,0.0
5003.0,217.0,0.380154
5003.0,218.0,0.53671
5003.0,219.0,0.702581
5003.0,220.0,1.0
5003.0,221.0,0.69836
5003.0,222.0,0.509646
5003.0,223.0,0.654962
5003.0,224.0,0.564868
5003.0,225.0,1.0
5003.0,226.0,1.0
5003.0,227.0,0.427628
5003.0,228.0,0.941761
5003.0,229.0,0.789716
5003.0,230.0,0.603122
5003.0,231.0,0.02118
5003.0,232.0,0.396485
5003.0,233.0,0.170548
5003.0,234.0,0.131448
5003.0,235.0,0.374556
5003.0,236.0,0.530025
5003.0,237.0,0.549047
5003.0,238.0,0.000356
5003.0,239.0,1.0
5003.0,240.0,0.465263
5003.0,241.0,0.169321
5003.0,242.0,0.592717
5003.0,243.0,0.653716
5003.0,244.0,0.256338
5003.0,245.0,0.120696
5003.0,246.0,0.387921
5003.0,247.0,0.382829
5003.0,248.0,0.556196
5003.0,249.0,0.193643
5003.0,250.0,0.285475
5003.0,251.0,0.0
5003.0,252.0,0.917408
5003.0,253.0,0.68479
5003.0,254.0,0.22294
5003.0,255.0,0.664939
5003.0,256.0,1.0
5003.0,257.0,0.252249
5003.0,258.0,0.861773
5003.0,259.0,0.313062
5003.0,260.0,0.538993
5003.0,261.0,0.430295
5003.0,262.0,0.086365
5003.0,263.0,0.729509
5003.0,264.0,0.004404
5003.0,265.0,0.888796
5003.0,266.0,0.989962
5003.0,267.0,0.049731
5003.0,268.0,0.0
5003.0,269.0,0.378431
5003.0,270.0,0.472701
5003.0,271.0,0.561965
5003.0,272.0,0.734966
5003.0,273.0,0.328177
5003.0,274.0,0.406737
5003.0,275.0,0.66838
5003.0,276.0,0.814707
5003.0,277.0,0.415163
5003.0,278.0,0.000777
5003.0,279.0,0.419728
5003.0,280.0,0.54502
5003.0,281.0,0.537866
5003.0,282.0,0.713912
5003.0,283.0,0.604364
5003.0,284.0,0.454839
5003.0,285.0,0.768307
5003.0,286.0,0.454776
5003.0,287.0,0.0
5003.0,288.0,0.275016
5003.0,289.0,1.0
5003.0,290.0,1.0
5003.0,291.0,0.825365
5003.0,292.0,0.230066
5003.0,293.0,0.010606
5003.0,294.0,0.0
5003.0,295.0,0.505556
5003.0,296.0,0.79336
5003.0,297.0,0.361686
5003.0,298.0,0.573848
5003.0,299.0,0.919218
5003.0,300.0,0.690751
5003.0,301.0,0.0
5003.0,302.0,0.882468
5003.0,303.0,0.802225
5003.0,304.0,0.608146
5003.0,305.0,0.742174
5003.0,306.0,0.992953
5003.0,307.0,0.4554
5003.0,308.0,0.438441
5003.0,309.0,0.743848
5003.0,310.0,0.874569
5003.0,311.0,1.0
5003.0,312.0,0.206215
5003.0,313.0,0.687268
5003.0,314.0,0.517802
5003.0,315.0,1.0
5003.0,316.0,0.711718
5003.0,317.0,0.524835
5003.0,318.0,0.468409
5003.0,319.0,0.0
5003.0,320.0,0.344532
5003.0,321.0,0.140608
5003.0,322.0,0.243809
5003.0,323.0,0.179123
5003.0,324.0,0.264683
5003.0,325.0,0.029354
5003.0,326.0,0.594401
5003.0,327.0,0.000743
5003.0,328.0,0.0
5003.0,329.0,0.577107
5003.0,330.0,0.611642
5003.0,331.0,1.0
5003.0,332.0,0.328797
5003.0,333.0,0.229661
5003.0,334.0,0.67807
5004.0,0.0,0.040818
5004.0,1.0,0.92986
5004.0,2.0,0.0
5004.0,3.0,0.696817
5004.0,4.0,0.0
5004.0,5.0,0.278094
5004.0,6.0,0.616167
5004.0,7.0,0.393703
5004.0,8.0,0.50547
5004.0,9.0,0.53741
5004.0,10.0,0.0
5004.0,11.0,0.448513
5004.0,12.0,1.0
5004.0,13.0,0.559913
5004.0,14.0,0.539478
5004.0,15.0,0.355311
5004.0,16.0,0.591314
5004.0,17.0,0.576794
5004.0,18.0,0.0
5004.0,19.0,0.4896
5004.0,20.0,0.586512
5004.0,21.0,0.497739
5004.0,22.0,0.143145
5004.0,23.0,0.567706
5004.0,24.0,0.210989
5004.0,25.0,0.364847
5004.0,26.0,0.708418
5004.0,27.0,0.0
5004.0,28.0,0.414732
5004.0,29.0,0.466544
5004.0,30.0,0.637454
5004.0,31.0,0.481177
5004.0,32.0,0.303513
5004.0,33.0,0.352378
5004.0,34.0,0.870621
5004.0,35.0,0.413587
5004.0,36.0,0.34555
5004.0,37.0,0.381833
5004.0,38.0,0.074079
5004.0,39.0,0.0
5004.0,40.0,0.992325
5004.0,41.0,0.702946
5004.0,42.0,0.017613
5004.0,43.0,0.621734
5004.0,44.0,0.483025
5004.0,45.0,1.0
5004.0,46.0,0.60004
5004.0,47.0,0.371645
5004.0,48.0,0.031081
5004.0,49.0,0.738895
5004.0,50.0,0.995547
5004.0,51.0,0.346911
5004.0,52.0,0.999959
5004.0,53.0,0.666674
5004.0,54.0,0.485172
5004.0,55.0,0.765202
5004.0,56.0,0.398243
5004.0,57.0,0.284861
5004.0,58.0,1.0
5004.0,59.0,0.797625
5004.0,60.0,0.054674
5004.0,61.0,0.899901
5004.0,62.0,0.567761
5004.0,63.0,0.640297
5004.0,64.0,1.6e-05
5004.0,65.0,0.609726
5004.0,66.0,0.772232
5004.0,67.0,0.32511
5004.0,68.0,0.298232
5004.0,69.0,0.379001
5004.0,70.0,0.011295
5004.0,71.0,0.600773
5004.0,72.0,0.622354
5004.0,73.0,0.013418
5004.0,74.0,0.771593
5004.0,75.0,0.807278
5004.0,76.0,0.467747
5004.0,77.0,0.017141
5004.0,78.0,0.404412
5004.0,79.0,0.0
5004.0,80.0,0.390674
5004.0,81.0,0.420908
5004.0,82.0,0.536594
5004.0,83.0,1.0
5004.0,84.0,1.0
5004.0,85.0,0.1897
5004.0,86.0,0.574501
5004.0,87.0,0.111844
5004.0,88.0,0.610575
5004.0,89.0,0.186342
5004.0,90.0,0.852245
5004.0,91.0,0.0
5004.0,92.0,0.0
5004.0,93.0,0.494548
5004.0,94.0,0.904235
5004.0,95.0,0.651516
5004.0,96.0,0.289213
5004.0,97.0,0.060574
5004.0,98.0,0.972343
5004.0,99.0,0.370341
5004.0,100.0,0.729262
5004.0,101.0,0.484828
5004.0,102.0,0.748792
5004.0,103.0,0.439071
5004.0,104.0,1.0
5004.0,105.0,0.568017
5004.0,106.0,0.791028
5004.0,107.0,0.706903
5004.0,108.0,0.639212
5004.0,109.0,0.302909
5004.0,110.0,0.552036
5004.0,111.0,0.045324
5004.0,112.0,0.662357
5004.0,113.0,0.613102
5004.0,114.0,0.420648
5004.0,115.0,0.918409
5004.0,116.0,0.0
5004.0,117.0,0.505942
5004.0,118.0,0.678709
5004.0,119.0,0.002102
5004.0,120.0,0.559671
5004.0,121.0,0.462955
5004.0,122.0,0.543833
5004.0,123.0,0.99983
5004.0,124.0,0.0
5004.0,125.0,0.333079
5004.0,126.0,0.65035
5004.0,127.0,0.783411
5004.0,128.0,0.999057
5004.0,129.0,0.355756
5004.0,130.0,0.0
5004.0,131.0,0.0
5004.0,132.0,0.0
5004.0,133.0,0.192394
5004.0,134.0,0.0
5004.0,135.0,0.996423
5004.0,136.0,0.862354
5004.0,137.0,0.619547
5004.0,138.0,0.167611
5004.0,139.0,0.264342
5004.0,140.0,0.998341
5004.0,141.0,0.62219
5004.0,142.0,0.19858
5004.0,143.0,0.595833
5004.0,144.0,0.0
5004.0,145.0,0.134754
5004.0,146.0,0.632181
5004.0,147.0,1.0
5004.0,148.0,0.736003
5004.0,149.0,1.0
5004.0,150.0,0.484251
5004.0,151.0,0.814682
5004.0,152.0,0.242745
5004.0,153.0,0.6712
5004.0,154.0,0.514798
5004.0,155.0,0.436326
5004.0,156.0,0.459609
5004.0,157.0,1.0
5004.0,158.0,0.479556
5004.0,159.0,0.31515
5004.0,160.0,0.707947
5004.0,161.0,0.971424
5004.0,162.0,0.506414
5004.0,163.0,0.829322
5004.0,164.0,0.058186
5004.0,165.0,0.559197
5004.0,166.0,0.098558
5004.0,167.0,1.0
5004.0,168.0,0.219487
5004.0,169.0,0.669708
5004.0,170.0,0.0
5004.0,171.0,0.567016
5004.0,172.0,0.243662
5004.0,173.0,0.556996
5004.0,174.0,0.164177
5004.0,175.0,0.354746
5004.0,176.0,0.023097
5004.0,177.0,0.815749
5004.0,178.0,0.653487
5004.0,179.0,1.0
5004.0,180.0,0.447906
5004.0,181.0,1.0
5004.0,182.0,0.756877
5004.0,183.0,0.385004
5004.0,184.0,0.355315
5004.0,185.0,0.695644
5004.0,186.0,0.213683
5004.0,187.0,0.348588
5004.0,188.0,0.379667
5004.0,189.0,0.879054
5004.0,190.0,0.425267
5004.0,191.0,0.554766
5004.0,192.0,0.986165
5004.0,193.0,0.571722
5004.0,194.0,0.529906
5004.0,195.0,0.899154
5004.0,196.0,0.520609
5004.0,197.0,0.860721
5004.0,198.0,0.0
5004.0,199.0,0.972854
5004.0,200.0,0.757196
5004.0,201.0,0.142113
5004.0,202.0,0.701249
5004.0,203.0,0.798351
5004.0,204.0,0.35107
5004.0,205.0,0.730145
5004.0,206.0,0.511124
5004.0,207.0,0.684314
5004.0,208.0,0.0
5004.0,209.0,0.86104
5004.0,210.0,1.0
5004.0,211.0,0.456723
5004.0,212.0,0.686897
5004.0,213.0,0.432447
5004.0,214.0,0.642841
5004.0,215.0,0.372575
5004.0,216.0,0.0
5004.0,217.0,0.384734
5004.0,218.0,0.548372
5004.0,219.0,0.709029
5004.0,220.0,1.0
5004.0,221.0,0.704199
5004.0,222.0,0.533918
5004.0,223.0,0.659303
5004.0,224.0,0.56664
5004.0,225.0,1.0
5004.0,226.0,1.0
5004.0,227.0,0.428898
5004.0,228.0,0.942065
5004.0,229.0,0.789943
5004.0,230.0,0.604528
5004.0,231.0,0.021188
5004.0,232.0,0.40071
5004.0,233.0,0.170428
5004.0,234.0,0.134263
5004.0,235.0,0.376232
5004.0,236.0,0.533014
5004.0,237.0,0.55286
5004.0,238.0,0.000338
5004.0,239.0,1.0
5004.0,240.0,0.468634
5004.0,241.0,0.169529
5004.0,242.0,0.593298
5004.0,243.0,0.655944
5004.0,244.0,0.259742
5004.0,245.0,0.12405
5004.0,246.0,0.388843
5004.0,247.0,0.386036
5004.0,248.0,0.561743
5004.0,249.0,0.198413
5004.0,250.0,0.290545
5004.0,251.0,0.0
5004.0,252.0,0.915181
5004.0,253.0,0.685721
5004.0,254.0,0.237405
5004.0,255.0,0.664674
5004.0,256.0,1.0
5004.0,257.0,0.252768
5004.0,258.0,0.862414
5004.0,259.0,0.315531
5004.0,260.0,0.539469
5004.0,261.0,0.432525
5004.0,262.0,0.088199
5004.0,263.0,0.730569
5004.0,264.0,0.004399
5004.0,265.0,0.889868
5004.0,266.0,0.990113
5004.0,267.0,0.050311
5004.0,268.0,0.0
5004.0,269.0,0.382271
5004.0,270.0,0.474514
5004.0,271.0,0.567156
5004.0,272.0,0.735617
5004.0,273.0,0.331135
5004.0,274.0,0.408705
5004.0,275.0,0.678755
5004.0,276.0,0.830367
5004.0,277.0,0.417558
5004.0,278.0,0.00086
5004.0,279.0,0.42257
5004.0,280.0,0.54948
5004.0,281.0,0.54124
5004.0,282.0,0.72058
5004.0,283.0,0.613764
5004.0,284.0,0.46197
5004.0,285.0,0.769098
5004.0,286.0,0.46169
5004.0,287.0,0.0
5004.0,288.0,0.279686
5004.0,289.0,1.0
5004.0,290.0,1.0
5004.0,291.0,0.825552
5004.0,292.0,0.232045
5004.0,293.0,0.010843
5004.0,294.0,0.0
5004.0,295.0,0.509468
5004.0,296.0,0.796159
5004.0,297.0,0.362447
5004.0,298.0,0.574255
5004.0,299.0,0.919153
5004.0,300.0,0.696662
5004.0,301.0,0.0
5004.0,302.0,0.885564
5004.0,303.0,0.806517
5004.0,304.0,0.609181
5004.0,305.0,0.747837
5004.0,306.0,0.992853
5004.0,307.0,0.463729
5004.0,308.0,0.441964
5004.0,309.0,0.745894
5004.0,310.0,0.875199
5004.0,311.0,1.0
5004.0,312.0,0.210751
5004.0,313.0,0.6893
5004.0,314.0,0.520296
5004.0,315.0,1.0
5004.0,316.0,0.713042
5004.0,317.0,0.526865
5004.0,318.0,0.469744
5004.0,319.0,0.0
5004.0,320.0,0.353487
5004.0,321.0,0.141702
5004.0,322.0,0.246314
5004.0,323.0,0.18146
5004.0,324.0,0.267298
5004.0,325.0,0.029512
5004.0,326.0,0.600412
5004.0,327.0,0.000736
5004.0,328.0,0.0
5004.0,329.0,0.615638
5004.0,330.0,0.611334
5004.0,331.0,1.0
5004.0,332.0,0.32977
5004.0,333.0,0.231801
5004.0,334.0,0.679318
5005.0,0.0,0.041125
5005.0,1.0,0.930651
5005.0,2.0,0.0
5005.0,3.0,0.703711
5005.0,4.0,0.0
5005.0,5.0,0.280149
5005.0,6.0,0.618751
5005.0,7.0,0.398609
5005.0,8.0,0.511677
5005.0,9.0,0.54249
5005.0,10.0,0.0
5005.0,11.0,0.457141
5005.0,12.0,1.0
5005.0,13.0,0.565113
5005.0,14.0,0.547175
5005.0,15.0,0.359327
5005.0,16.0,0.595496
5005.0,17.0,0.580221
5005.0,18.0,0.0
5005.0,19.0,0.491465
5005.0,20.0,0.587785
5005.0,21.0,0.501288
5005.0,22.0,0.143708
5005.0,23.0,0.57223
5005.0,24.0,0.216049
5005.0,25.0,0.370004
5005.0,26.0,0.718411
5005.0,27.0,0.0
5005.0,28.0,0.419292
5005.0,29.0,0.47735
5005.0,30.0,0.638971
5005.0,31.0,0.483814
5005.0,32.0,0.306921
5005.0,33.0,0.353745
5005.0,34.0,0.871322
5005.0,35.0,0.42664
5005.0,36.0,0.346907
5005.0,37.0,0.383528
5005.0,38.0,0.073809
5005.0,39.0,0.0
5005.0,40.0,0.992366
5005.0,41.0,0.705237
5005.0,42.0,0.017975
5005.0,43.0,0.623277
5005.0,44.0,0.486835
5005.0,45.0,1.0
5005.0,46.0,0.602534
5005.0,47.0,0.374389
5005.0,48.0,0.031412
5005.0,49.0,0.740015
5005.0,50.0,0.995568
5005.0,51.0,0.351887
5005.0,52.0,0.999966
5005.0,53.0,0.66779
5005.0,54.0,0.494377
5005.0,55.0,0.766132
5005.0,56.0,0.403259
5005.0,57.0,0.286495
5005.0,58.0,1.0
5005.0,59.0,0.798068
5005.0,60.0,0.0551
5005.0,61.0,0.900722
5005.0,62.0,0.574436
5005.0,63.0,0.642323
5005.0,64.0,2.1e-05
5005.0,65.0,0.615094
5005.0,66.0,0.775922
5005.0,67.0,0.328964
5005.0,68.0,0.306371
5005.0,69.0,0.382823
5005.0,70.0,0.011444
5005.0,71.0,0.601677
5005.0,72.0,0.62423
5005.0,73.0,0.0135
5005.0,74.0,0.777068
5005.0,75.0,0.814347
5005.0,76.0,0.471572
5005.0,77.0,0.017496
5005.0,78.0,0.408991
5005.0,79.0,0.0
5005.0,80.0,0.398142
5005.0,81.0,0.42278
5005.0,82.0,0.538943
5005.0,83.0,1.0
5005.0,84.0,1.0
5005.0,85.0,0.191324
5005.0,86.0,0.574843
5005.0,87.0,0.111562
5005.0,88.0,0.612003
5005.0,89.0,0.186282
5005.0,90.0,0.851416
5005.0,91.0,0.0
5005.0,92.0,0.0
5005.0,93.0,0.496553
5005.0,94.0,0.904527
5005.0,95.0,0.654403
5005.0,96.0,0.296673
5005.0,97.0,0.06151
5005.0,98.0,0.972651
5005.0,99.0,0.373676
5005.0,100.0,0.731028
5005.0,101.0,0.493757
5005.0,102.0,0.751787
5005.0,103.0,0.446974
5005.0,104.0,1.0
5005.0,105.0,0.570508
5005.0,106.0,0.79822
5005.0,107.0,0.708905
5005.0,108.0,0.642798
5005.0,109.0,0.302813
5005.0,110.0,0.563448
5005.0,111.0,0.046051
5005.0,112.0,0.665726
5005.0,113.0,0.671265
5005.0,114.0,0.424654
5005.0,115.0,0.918716
5005.0,116.0,0.0
5005.0,117.0,0.515067
5005.0,118.0,0.679535
5005.0,119.0,0.002148
5005.0,120.0,0.564243
5005.0,121.0,0.463689
5005.0,122.0,0.545129
5005.0,123.0,0.99984
5005.0,124.0,0.0
5005.0,125.0,0.346527
5005.0,126.0,0.653029
5005.0,127.0,0.796385
5005.0,128.0,0.999031
5005.0,129.0,0.356118
5005.0,130.0,0.0
5005.0,131.0,0.0
5005.0,132.0,0.0
5005.0,133.0,0.198881
5005.0,134.0,0.0
5005.0,135.0,0.996501
5005.0,136.0,0.865898
5005.0,137.0,0.620435
5005.0,138.0,0.167932
5005.0,139.0,0.271876
5005.0,140.0,0.998321
5005.0,141.0,0.625984
5005.0,142.0,0.199677
5005.0,143.0,0.599477
5005.0,144.0,0.0
5005.0,145.0,0.135672
5005.0,146.0,0.636128
5005.0,147.0,1.0
5005.0,148.0,0.752088
5005.0,149.0,1.0
5005.0,150.0,0.496854
5005.0,151.0,0.81607
5005.0,152.0,0.243424
5005.0,153.0,0.675997
5005.0,154.0,0.518332
5005.0,155.0,0.446632
5005.0,156.0,0.480112
5005.0,157.0,1.0
5005.0,158.0,0.499445
5005.0,159.0,0.31694
5005.0,160.0,0.711586
5005.0,161.0,0.971603
5005.0,162.0,0.506798
5005.0,163.0,0.831062
5005.0,164.0,0.058909
5005.0,165.0,0.56143
5005.0,166.0,0.098691
5005.0,167.0,1.0
5005.0,168.0,0.220481
5005.0,169.0,0.67655
5005.0,170.0,0.0
5005.0,171.0,0.57163
5005.0,172.0,0.24561
5005.0,173.0,0.562541
5005.0,174.0,0.16551
5005.0,175.0,0.357883
5005.0,176.0,0.023451
5005.0,177.0,0.816222
5005.0,178.0,0.658222
5005.0,179.0,1.0
5005.0,180.0,0.450512
5005.0,181.0,1.0
5005.0,182.0,0.768462
5005.0,183.0,0.388935
5005.0,184.0,0.359823
5005.0,185.0,0.700378
5005.0,186.0,0.215224
5005.0,187.0,0.350433
5005.0,188.0,0.380736
5005.0,189.0,0.885386
5005.0,190.0,0.433047
5005.0,191.0,0.560286
5005.0,192.0,0.9862
5005.0,193.0,0.575131
5005.0,194.0,0.534813
5005.0,195.0,0.900106
5005.0,196.0,0.526635
5005.0,197.0,0.862021
5005.0,198.0,0.0
5005.0,199.0,0.972734
5005.0,200.0,0.758489
5005.0,201.0,0.143056
5005.0,202.0,0.707468
5005.0,203.0,0.802827
5005.0,204.0,0.351344
5005.0,205.0,0.731518
5005.0,206.0,0.533865
5005.0,207.0,0.696987
5005.0,208.0,0.0
5005.0,209.0,0.86167
5005.0,210.0,1.0
5005.0,211.0,0.46123
5005.0,212.0,0.686463
5005.0,213.0,0.434463
5005.0,214.0,0.653031
5005.0,215.0,0.374202
5005.0,216.0,0.0
5005.0,217.0,0.388124
5005.0,218.0,0.559785
5005.0,219.0,0.715108
5005.0,220.0,1.0
5005.0,221.0,0.709027
5005.0,222.0,0.559296
5005.0,223.0,0.663684
5005.0,224.0,0.56807
5005.0,225.0,1.0
5005.0,226.0,1.0
5005.0,227.0,0.429921
5005.0,228.0,0.941982
5005.0,229.0,0.790108
5005.0,230.0,0.605577
5005.0,231.0,0.021256
5005.0,232.0,0.403994
5005.0,233.0,0.169621
5005.0,234.0,0.136614
5005.0,235.0,0.3781
5005.0,236.0,0.535961
5005.0,237.0,0.55667
5005.0,238.0,0.000373
5005.0,239.0,1.0
5005.0,240.0,0.472113
5005.0,241.0,0.170062
5005.0,242.0,0.595607
5005.0,243.0,0.658086
5005.0,244.0,0.263156
5005.0,245.0,0.127843
5005.0,246.0,0.39029
5005.0,247.0,0.389089
5005.0,248.0,0.566792
5005.0,249.0,0.203357
5005.0,250.0,0.295721
5005.0,251.0,0.0
5005.0,252.0,0.913874
5005.0,253.0,0.685931
5005.0,254.0,0.252452
5005.0,255.0,0.665052
5005.0,256.0,1.0
5005.0,257.0,0.252911
5005.0,258.0,0.863149
5005.0,259.0,0.318577
5005.0,260.0,0.540341
5005.0,261.0,0.433288
5005.0,262.0,0.089828
5005.0,263.0,0.733092
5005.0,264.0,0.004337
5005.0,265.0,0.890897
5005.0,266.0,0.990193
5005.0,267.0,0.050795
5005.0,268.0,0.0
5005.0,269.0,0.384622
5005.0,270.0,0.475976
5005.0,271.0,0.572219
5005.0,272.0,0.737169
5005.0,273.0,0.333431
5005.0,274.0,0.410296
5005.0,275.0,0.689678
5005.0,276.0,0.845151
5005.0,277.0,0.419903
5005.0,278.0,0.000852
5005.0,279.0,0.425191
5005.0,280.0,0.553315
5005.0,281.0,0.544561
5005.0,282.0,0.726696
5005.0,283.0,0.622675
5005.0,284.0,0.468453
5005.0,285.0,0.770027
5005.0,286.0,0.468296
5005.0,287.0,0.0
5005.0,288.0,0.284758
5005.0,289.0,1.0
5005.0,290.0,1.0
5005.0,291.0,0.826641
5005.0,292.0,0.233562
5005.0,293.0,0.011289
5005.0,294.0,0.0
5005.0,295.0,0.512743
5005.0,296.0,0.798268
5005.0,297.0,0.363617
5005.0,298.0,0.574352
5005.0,299.0,0.919856
5005.0,300.0,0.702474
5005.0,301.0,0.0
5005.0,302.0,0.88845
5005.0,303.0,0.810304
5005.0,304.0,0.609644
5005.0,305.0,0.752828
5005.0,306.0,0.993073
5005.0,307.0,0.472724
5005.0,308.0,0.446059
5005.0,309.0,0.749205
5005.0,310.0,0.875694
5005.0,311.0,1.0
5005.0,312.0,0.216386
5005.0,313.0,0.691454
5005.0,314.0,0.522309
5005.0,315.0,1.0
5005.0,316.0,0.714252
5005.0,317.0,0.529638
5005.0,318.0,0.471412
5005.0,319.0,0.0
5005.0,320.0,0.361766
5005.0,321.0,0.14339
5005.0,322.0,0.24943
5005.0,323.0,0.183923
5005.0,324.0,0.269302
5005.0,325.0,0.029468
5005.0,326.0,0.607011
5005.0,327.0,0.000765
5005.0,328.0,0.0
5005.0,329.0,0.65321
5005.0,330.0,0.611336
5005.0,331.0,1.0
5005.0,332.0,0.330702
5005.0,333.0,0.234194
5005.0,334.0,0.68028
5006.0,0.0,0.040839
5006.0,1.0,0.930129
5006.0,2.0,0.0
5006.0,3.0,0.696737
5006.0,4.0,0.0
5006.0,5.0,0.277785
5006.0,6.0,0.616245
5006.0,7.0,0.392283
5006.0,8.0,0.506363
5006.0,9.0,0.537094
5006.0,10.0,0.0
5006.0,11.0,0.448122
5006.0,12.0,1.0
5006.0,13.0,0.559139
5006.0,14.0,0.537545
5006.0,15.0,0.354692
5006.0,16.0,0.59102
5006.0,17.0,0.575472
5006.0,18.0,0.0
5006.0,19.0,0.489178
5006.0,20.0,0.58637
5006.0,21.0,0.496684
5006.0,22.0,0.143593
5006.0,23.0,0.567455
5006.0,24.0,0.209657
5006.0,25.0,0.36531
5006.0,26.0,0.706158
5006.0,27.0,0.0
5006.0,28.0,0.412736
5006.0,29.0,0.466252
5006.0,30.0,0.637219
5006.0,31.0,0.481306
5006.0,32.0,0.304774
5006.0,33.0,0.351398
5006.0,34.0,0.870574
5006.0,35.0,0.41075
5006.0,36.0,0.345008
5006.0,37.0,0.382341
5006.0,38.0,0.073726
5006.0,39.0,0.0
5006.0,40.0,0.992286
5006.0,41.0,0.702616
5006.0,42.0,0.018031
5006.0,43.0,0.621358
5006.0,44.0,0.481802
5006.0,45.0,1.0
5006.0,46.0,0.60017
5006.0,47.0,0.370092
5006.0,48.0,0.031378
5006.0,49.0,0.738136
5006.0,50.0,0.995415
5006.0,51.0,0.346496
5006.0,52.0,0.999975
5006.0,53.0,0.667132
5006.0,54.0,0.484435
5006.0,55.0,0.765083
5006.0,56.0,0.397357
5006.0,57.0,0.28422
5006.0,58.0,1.0
5006.0,59.0,0.796978
5006.0,60.0,0.05444
5006.0,61.0,0.900079
5006.0,62.0,0.567523
5006.0,63.0,0.640229
5006.0,64.0,1.4e-05
5006.0,65.0,0.610494
5006.0,66.0,0.771915
5006.0,67.0,0.324536
5006.0,68.0,0.296216
5006.0,69.0,0.379277
5006.0,70.0,0.011335
5006.0,71.0,0.600246
5006.0,72.0,0.62233
5006.0,73.0,0.013398
5006.0,74.0,0.771777
5006.0,75.0,0.806232
5006.0,76.0,0.467182
5006.0,77.0,0.017197
5006.0,78.0,0.403588
5006.0,79.0,0.0
5006.0,80.0,0.390394
5006.0,81.0,0.419724
5006.0,82.0,0.536303
5006.0,83.0,1.0
5006.0,84.0,1.0
5006.0,85.0,0.189078
5006.0,86.0,0.574883
5006.0,87.0,0.11283
5006.0,88.0,0.609772
5006.0,89.0,0.185963
5006.0,90.0,0.851952
5006.0,91.0,0.0
5006.0,92.0,0.0
5006.0,93.0,0.495169
5006.0,94.0,0.904216
5006.0,95.0,0.651259
5006.0,96.0,0.288406
5006.0,97.0,0.060553
5006.0,98.0,0.972271
5006.0,99.0,0.369934
5006.0,100.0,0.729594
5006.0,101.0,0.484428
5006.0,102.0,0.749083
5006.0,103.0,0.437966
5006.0,104.0,1.0
5006.0,105.0,0.566632
5006.0,106.0,0.789479
5006.0,107.0,0.707038
5006.0,108.0,0.638947
5006.0,109.0,0.301693
5006.0,110.0,0.550409
5006.0,111.0,0.045678
5006.0,112.0,0.661967
5006.0,113.0,0.605515
5006.0,114.0,0.419952
5006.0,115.0,0.91875
5006.0,116.0,0.0
5006.0,117.0,0.504946
5006.0,118.0,0.67924
5006.0,119.0,0.002059
5006.0,120.0,0.559178
5006.0,121.0,0.461901
5006.0,122.0,0.543897
5006.0,123.0,0.999828
5006.0,124.0,0.0
5006.0,125.0,0.330126
5006.0,126.0,0.650593
5006.0,127.0,0.782313
5006.0,128.0,0.999018
5006.0,129.0,0.357261
5006.0,130.0,0.0
5006.0,131.0,0.0
5006.0,132.0,0.0
5006.0,133.0,0.192006
5006.0,134.0,0.0
5006.0,135.0,0.99646
5006.0,136.0,0.862804
5006.0,137.0,0.62003
5006.0,138.0,0.167373
5006.0,139.0,0.263961
5006.0,140.0,0.99831
5006.0,141.0,0.622193
5006.0,142.0,0.197967
5006.0,143.0,0.596809
5006.0,144.0,0.0
5006.0,145.0,0.134305
5006.0,146.0,0.632974
5006.0,147.0,1.0
5006.0,148.0,0.73474
5006.0,149.0,1.0
5006.0,150.0,0.48237
5006.0,151.0,0.816535
5006.0,152.0,0.242655
5006.0,153.0,0.670575
5006.0,154.0,0.514526
5006.0,155.0,0.435505
5006.0,156.0,0.455343
5006.0,157.0,1.0
5006.0,158.0,0.477116
5006.0,159.0,0.316454
5006.0,160.0,0.706184
5006.0,161.0,0.971787
5006.0,162.0,0.505614
5006.0,163.0,0.829252
5006.0,164.0,0.05815
5006.0,165.0,0.560105
5006.0,166.0,0.099077
5006.0,167.0,1.0
5006.0,168.0,0.219977
5006.0,169.0,0.669341
5006.0,170.0,0.0
5006.0,171.0,0.565937
5006.0,172.0,0.242967
5006.0,173.0,0.555989
5006.0,174.0,0.163975
5006.0,175.0,0.354768
5006.0,176.0,0.02339
5006.0,177.0,0.81594
5006.0,178.0,0.654206
5006.0,179.0,1.0
5006.0,180.0,0.448189
5006.0,181.0,1.0
5006.0,182.0,0.754755
5006.0,183.0,0.384211
5006.0,184.0,0.35422
5006.0,185.0,0.694963
5006.0,186.0,0.213719
5006.0,187.0,0.348563
5006.0,188.0,0.378735
5006.0,189.0,0.878411
5006.0,190.0,0.425164
5006.0,191.0,0.554607
5006.0,192.0,0.985975
5006.0,193.0,0.571886
5006.0,194.0,0.529318
5006.0,195.0,0.898936
5006.0,196.0,0.520825
5006.0,197.0,0.860822
5006.0,198.0,0.0
5006.0,199.0,0.972825
5006.0,200.0,0.757792
5006.0,201.0,0.141707
5006.0,202.0,0.700235
5006.0,203.0,0.798348
5006.0,204.0,0.350807
5006.0,205.0,0.730609
5006.0,206.0,0.507299
5006.0,207.0,0.682037
5006.0,208.0,0.0
5006.0,209.0,0.860453
5006.0,210.0,1.0
5006.0,211.0,0.456762
5006.0,212.0,0.686861
5006.0,213.0,0.43198
5006.0,214.0,0.640507
5006.0,215.0,0.372219
5006.0,216.0,0.0
5006.0,217.0,0.383778
5006.0,218.0,0.548209
5006.0,219.0,0.708841
5006.0,220.0,1.0
5006.0,221.0,0.703916
5006.0,222.0,0.532017
5006.0,223.0,0.660069
5006.0,224.0,0.567327
5006.0,225.0,1.0
5006.0,226.0,1.0
5006.0,227.0,0.428853
5006.0,228.0,0.942059
5006.0,229.0,0.789721
5006.0,230.0,0.60387
5006.0,231.0,0.021322
5006.0,232.0,0.39947
5006.0,233.0,0.169827
5006.0,234.0,0.133568
5006.0,235.0,0.376175
5006.0,236.0,0.534235
5006.0,237.0,0.553899
5006.0,238.0,0.000378
5006.0,239.0,1.0
5006.0,240.0,0.469077
5006.0,241.0,0.168423
5006.0,242.0,0.593694
5006.0,243.0,0.654891
5006.0,244.0,0.259528
5006.0,245.0,0.124155
5006.0,246.0,0.390023
5006.0,247.0,0.386924
5006.0,248.0,0.560975
5006.0,249.0,0.198543
5006.0,250.0,0.289603
5006.0,251.0,0.0
5006.0,252.0,0.916117
5006.0,253.0,0.685933
5006.0,254.0,0.236628
5006.0,255.0,0.663596
5006.0,256.0,1.0
5006.0,257.0,0.253097
5006.0,258.0,0.86247
5006.0,259.0,0.316206
5006.0,260.0,0.53936
5006.0,261.0,0.432532
5006.0,262.0,0.088304
5006.0,263.0,0.731686
5006.0,264.0,0.004329
5006.0,265.0,0.890117
5006.0,266.0,0.989946
5006.0,267.0,0.050263
5006.0,268.0,0.0
5006.0,269.0,0.382277
5006.0,270.0,0.47503
5006.0,271.0,0.567321
5006.0,272.0,0.736698
5006.0,273.0,0.33194
5006.0,274.0,0.408295
5006.0,275.0,0.678103
5006.0,276.0,0.829676
5006.0,277.0,0.417991
5006.0,278.0,0.000836
5006.0,279.0,0.421756
5006.0,280.0,0.54842
5006.0,281.0,0.540411
5006.0,282.0,0.719979
5006.0,283.0,0.612937
5006.0,284.0,0.461904
5006.0,285.0,0.770069
5006.0,286.0,0.460283
5006.0,287.0,0.0
5006.0,288.0,0.280376
5006.0,289.0,1.0
5006.0,290.0,1.0
5006.0,291.0,0.825995
5006.0,292.0,0.231293
5006.0,293.0,0.010759
5006.0,294.0,0.0
5006.0,295.0,0.508526
5006.0,296.0,0.796811
5006.0,297.0,0.363236
5006.0,298.0,0.573917
5006.0,299.0,0.919746
5006.0,300.0,0.696138
5006.0,301.0,0.0
5006.0,302.0,0.884753
5006.0,303.0,0.80568
5006.0,304.0,0.60939
5006.0,305.0,0.747568
5006.0,306.0,0.993108
5006.0,307.0,0.465158
5006.0,308.0,0.442688
5006.0,309.0,0.745804
5006.0,310.0,0.875274
5006.0,311.0,1.0
5006.0,312.0,0.210149
5006.0,313.0,0.688442
5006.0,314.0,0.520397
5006.0,315.0,1.0
5006.0,316.0,0.713516
5006.0,317.0,0.52714
5006.0,318.0,0.470325
5006.0,319.0,0.0
5006.0,320.0,0.353031
5006.0,321.0,0.141555
5006.0,322.0,0.246571
5006.0,323.0,0.181206
5006.0,324.0,0.266951
5006.0,325.0,0.029435
5006.0,326.0,0.599485
5006.0,327.0,0.000736
5006.0,328.0,0.0
5006.0,329.0,0.606905
5006.0,330.0,0.611466
5006.0,331.0,1.0
5006.0,332.0,0.329672
5006.0,333.0,0.231426
5006.0,334.0,0.678954
5007.0,0.0,0.039932
5007.0,1.0,0.929747
5007.0,2.0,0.0
5007.0,3.0,0.689719
5007.0,4.0,0.0
5007.0,5.0,0.275807
5007.0,6.0,0.612953
5007.0,7.0,0.385879
5007.0,8.0,0.500309
5007.0,9.0,0.533119
5007.0,10.0,0.0
5007.0,11.0,0.439279
5007.0,12.0,1.0
5007.0,13.0,0.552579
5007.0,14.0,0.529805
5007.0,15.0,0.350374
5007.0,16.0,0.586696
5007.0,17.0,0.571195
5007.0,18.0,0.0
5007.0,19.0,0.487098
5007.0,20.0,0.584942
5007.0,21.0,0.492902
5007.0,22.0,0.143596
5007.0,23.0,0.562321
5007.0,24.0,0.204612
5007.0,25.0,0.360078
5007.0,26.0,0.693811
5007.0,27.0,0.0
5007.0,28.0,0.408172
5007.0,29.0,0.455199
5007.0,30.0,0.634952
5007.0,31.0,0.479386
5007.0,32.0,0.30173
5007.0,33.0,0.349025
5007.0,34.0,0.870233
5007.0,35.0,0.395681
5007.0,36.0,0.343004
5007.0,37.0,0.381433
5007.0,38.0,0.073557
5007.0,39.0,0.0
5007.0,40.0,0.991932
5007.0,41.0,0.699274
5007.0,42.0,0.017786
5007.0,43.0,0.618696
5007.0,44.0,0.478061
5007.0,45.0,1.0
5007.0,46.0,0.597663
5007.0,47.0,0.366802
5007.0,48.0,0.031321
5007.0,49.0,0.736621
5007.0,50.0,0.995341
5007.0,51.0,0.341805
5007.0,52.0,0.999983
5007.0,53.0,0.667093
5007.0,54.0,0.475884
5007.0,55.0,0.764402
5007.0,56.0,0.392434
5007.0,57.0,0.282734
5007.0,58.0,1.0
5007.0,59.0,0.795924
5007.0,60.0,0.054185
5007.0,61.0,0.89968
5007.0,62.0,0.559886
5007.0,63.0,0.638264
5007.0,64.0,7.0e-06
5007.0,65.0,0.604954
5007.0,66.0,0.768078
5007.0,67.0,0.320222
5007.0,68.0,0.287085
5007.0,69.0,0.375915
5007.0,70.0,0.011382
5007.0,71.0,0.598485
5007.0,72.0,0.621082
5007.0,73.0,0.013227
5007.0,74.0,0.766923
5007.0,75.0,0.797428
5007.0,76.0,0.462961
5007.0,77.0,0.016695
5007.0,78.0,0.398924
5007.0,79.0,0.0
5007.0,80.0,0.382104
5007.0,81.0,0.417434
5007.0,82.0,0.53465
5007.0,83.0,1.0
5007.0,84.0,1.0
5007.0,85.0,0.187149
5007.0,86.0,0.574414
5007.0,87.0,0.113417
5007.0,88.0,0.608856
5007.0,89.0,0.18536
5007.0,90.0,0.852739
5007.0,91.0,0.0
5007.0,92.0,0.0
5007.0,93.0,0.494132
5007.0,94.0,0.90391
5007.0,95.0,0.647377
5007.0,96.0,0.280275
5007.0,97.0,0.059116
5007.0,98.0,0.972003
5007.0,99.0,0.366638
5007.0,100.0,0.728813
5007.0,101.0,0.474658
5007.0,102.0,0.747757
5007.0,103.0,0.428974
5007.0,104.0,1.0
5007.0,105.0,0.563231
5007.0,106.0,0.781575
5007.0,107.0,0.705286
5007.0,108.0,0.6356
5007.0,109.0,0.301186
5007.0,110.0,0.537895
5007.0,111.0,0.044574
5007.0,112.0,0.65835
5007.0,113.0,0.535134
5007.0,114.0,0.41578
5007.0,115.0,0.918209
5007.0,116.0,0.0
5007.0,117.0,0.495712
5007.0,118.0,0.677934
5007.0,119.0,0.002009
5007.0,120.0,0.554145
5007.0,121.0,0.460227
5007.0,122.0,0.542019
5007.0,123.0,0.999819
5007.0,124.0,0.0
5007.0,125.0,0.315688
5007.0,126.0,0.648686
5007.0,127.0,0.768569
5007.0,128.0,0.99899
5007.0,129.0,0.357692
5007.0,130.0,0.0
5007.0,131.0,0.0
5007.0,132.0,0.0
5007.0,133.0,0.185114
5007.0,134.0,0.0
5007.0,135.0,0.996429
5007.0,136.0,0.858716
5007.0,137.0,0.620549
5007.0,138.0,0.166968
5007.0,139.0,0.257191
5007.0,140.0,0.998332
5007.0,141.0,0.619387
5007.0,142.0,0.196204
5007.0,143.0,0.593801
5007.0,144.0,0.0
5007.0,145.0,0.134063
5007.0,146.0,0.628956
5007.0,147.0,1.0
5007.0,148.0,0.71732
5007.0,149.0,1.0
5007.0,150.0,0.468586
5007.0,151.0,0.815619
5007.0,152.0,0.241667
5007.0,153.0,0.666414
5007.0,154.0,0.511111
5007.0,155.0,0.425139
5007.0,156.0,0.43268
5007.0,157.0,1.0
5007.0,158.0,0.455081
5007.0,159.0,0.315894
5007.0,160.0,0.701289
5007.0,161.0,0.9719
5007.0,162.0,0.504436
5007.0,163.0,0.826709
5007.0,164.0,0.057706
5007.0,165.0,0.558616
5007.0,166.0,0.099461
5007.0,167.0,1.0
5007.0,168.0,0.219632
5007.0,169.0,0.662427
5007.0,170.0,0.0
5007.0,171.0,0.560133
5007.0,172.0,0.240962
5007.0,173.0,0.549623
5007.0,174.0,0.162561
5007.0,175.0,0.353014
5007.0,176.0,0.023347
5007.0,177.0,0.816031
5007.0,178.0,0.648739
5007.0,179.0,1.0
5007.0,180.0,0.44733
5007.0,181.0,1.0
5007.0,182.0,0.742408
5007.0,183.0,0.379522
5007.0,184.0,0.348878
5007.0,185.0,0.688879
5007.0,186.0,0.212345
5007.0,187.0,0.346858
5007.0,188.0,0.377651
5007.0,189.0,0.870992
5007.0,190.0,0.417364
5007.0,191.0,0.548938
5007.0,192.0,0.985847
5007.0,193.0,0.56764
5007.0,194.0,0.523949
5007.0,195.0,0.898099
5007.0,196.0,0.514949
5007.0,197.0,0.859106
5007.0,198.0,0.0
5007.0,199.0,0.972908
5007.0,200.0,0.756228
5007.0,201.0,0.140771
5007.0,202.0,0.693525
5007.0,203.0,0.793598
5007.0,204.0,0.350312
5007.0,205.0,0.728718
5007.0,206.0,0.481124
5007.0,207.0,0.667024
5007.0,208.0,0.0
5007.0,209.0,0.858785
5007.0,210.0,1.0
5007.0,211.0,0.451898
5007.0,212.0,0.687498
5007.0,213.0,0.429325
5007.0,214.0,0.628123
5007.0,215.0,0.371125
5007.0,216.0,0.0
5007.0,217.0,0.380632
5007.0,218.0,0.53663
5007.0,219.0,0.702533
5007.0,220.0,1.0
5007.0,221.0,0.698976
5007.0,222.0,0.506172
5007.0,223.0,0.656579
5007.0,224.0,0.565587
5007.0,225.0,1.0
5007.0,226.0,1.0
5007.0,227.0,0.427953
5007.0,228.0,0.942085
5007.0,229.0,0.789262
5007.0,230.0,0.602072
5007.0,231.0,0.021147
5007.0,232.0,0.396672
5007.0,233.0,0.169483
5007.0,234.0,0.130693
5007.0,235.0,0.374697
5007.0,236.0,0.531101
5007.0,237.0,0.550409
5007.0,238.0,0.000413
5007.0,239.0,1.0
5007.0,240.0,0.465477
5007.0,241.0,0.167499
5007.0,242.0,0.591402
5007.0,243.0,0.652445
5007.0,244.0,0.255796
5007.0,245.0,0.121296
5007.0,246.0,0.389788
5007.0,247.0,0.384018
5007.0,248.0,0.555193
5007.0,249.0,0.193128
5007.0,250.0,0.28389
5007.0,251.0,0.0
5007.0,252.0,0.918463
5007.0,253.0,0.685767
5007.0,254.0,0.22166
5007.0,255.0,0.662586
5007.0,256.0,1.0
5007.0,257.0,0.252494
5007.0,258.0,0.862438
5007.0,259.0,0.314074
5007.0,260.0,0.538079
5007.0,261.0,0.429998
5007.0,262.0,0.087184
5007.0,263.0,0.730222
5007.0,264.0,0.004492
5007.0,265.0,0.889678
5007.0,266.0,0.989859
5007.0,267.0,0.049852
5007.0,268.0,0.0
5007.0,269.0,0.379083
5007.0,270.0,0.473712
5007.0,271.0,0.563214
5007.0,272.0,0.736384
5007.0,273.0,0.329342
5007.0,274.0,0.406201
5007.0,275.0,0.667024
5007.0,276.0,0.812758
5007.0,277.0,0.416211
5007.0,278.0,0.000745
5007.0,279.0,0.418414
5007.0,280.0,0.544546
5007.0,281.0,0.536539
5007.0,282.0,0.713896
5007.0,283.0,0.603818
5007.0,284.0,0.455055
5007.0,285.0,0.769831
5007.0,286.0,0.452136
5007.0,287.0,0.0
5007.0,288.0,0.276441
5007.0,289.0,1.0
5007.0,290.0,1.0
5007.0,291.0,0.825463
5007.0,292.0,0.228997
5007.0,293.0,0.010513
5007.0,294.0,0.0
5007.0,295.0,0.504167
5007.0,296.0,0.794062
5007.0,297.0,0.361564
5007.0,298.0,0.573668
5007.0,299.0,0.919418
5007.0,300.0,0.689235
5007.0,301.0,0.0
5007.0,302.0,0.881266
5007.0,303.0,0.800125
5007.0,304.0,0.609044
5007.0,305.0,0.741605
5007.0,306.0,0.993251
5007.0,307.0,0.454814
5007.0,308.0,0.438809
5007.0,309.0,0.741981
5007.0,310.0,0.874571
5007.0,311.0,1.0
5007.0,312.0,0.204738
5007.0,313.0,0.686778
5007.0,314.0,0.517947
5007.0,315.0,1.0
5007.0,316.0,0.71249
5007.0,317.0,0.524679
5007.0,318.0,0.466863
5007.0,319.0,0.0
5007.0,320.0,0.344308
5007.0,321.0,0.140308
5007.0,322.0,0.243496
5007.0,323.0,0.178859
5007.0,324.0,0.265522
5007.0,325.0,0.029418
5007.0,326.0,0.592951
5007.0,327.0,0.000762
5007.0,328.0,0.0
5007.0,329.0,0.563105
5007.0,330.0,0.610581
5007.0,331.0,1.0
5007.0,332.0,0.327855
5007.0,333.0,0.229672
5007.0,334.0,0.677996
5008.0,0.0,0.039402
5008.0,1.0,0.929258
5008.0,2.0,0.0
5008.0,3.0,0.682047
5008.0,4.0,0.0
5008.0,5.0,0.274172
5008.0,6.0,0.609666
5008.0,7.0,0.38115
5008.0,8.0,0.494882
5008.0,9.0,0.529469
5008.0,10.0,0.0
5008.0,11.0,0.432285
5008.0,12.0,1.0
5008.0,13.0,0.54658
5008.0,14.0,0.52138
5008.0,15.0,0.34691
5008.0,16.0,0.581557
5008.0,17.0,0.567268
5008.0,18.0,0.0
5008.0,19.0,0.486003
5008.0,20.0,0.583441
5008.0,21.0,0.488403
5008.0,22.0,0.143509
5008.0,23.0,0.558061
5008.0,24.0,0.198749
5008.0,25.0,0.35605
5008.0,26.0,0.682007
5008.0,27.0,0.0
5008.0,28.0,0.40291
5008.0,29.0,0.445153
5008.0,30.0,0.634123
5008.0,31.0,0.476316
5008.0,32.0,0.299759
5008.0,33.0,0.346776
5008.0,34.0,0.869399
5008.0,35.0,0.382651
5008.0,36.0,0.341307
5008.0,37.0,0.380894
5008.0,38.0,0.073894
5008.0,39.0,0.0
5008.0,40.0,0.991741
5008.0,41.0,0.696281
5008.0,42.0,0.017667
5008.0,43.0,0.616789
5008.0,44.0,0.474851
5008.0,45.0,1.0
5008.0,46.0,0.594734
5008.0,47.0,0.363104
5008.0,48.0,0.031268
5008.0,49.0,0.734879
5008.0,50.0,0.995351
5008.0,51.0,0.337158
5008.0,52.0,0.999985
5008.0,53.0,0.667334
5008.0,54.0,0.467689
5008.0,55.0,0.764
5008.0,56.0,0.387561
5008.0,57.0,0.281427
5008.0,58.0,1.0
5008.0,59.0,0.794495
5008.0,60.0,0.054043
5008.0,61.0,0.898672
5008.0,62.0,0.552641
5008.0,63.0,0.636389
5008.0,64.0,7.0e-06
5008.0,65.0,0.599254
5008.0,66.0,0.764185
5008.0,67.0,0.315863
5008.0,68.0,0.278458
5008.0,69.0,0.372463
5008.0,70.0,0.011217
5008.0,71.0,0.596606
5008.0,72.0,0.619661
5008.0,73.0,0.013084
5008.0,74.0,0.761599
5008.0,75.0,0.789192
5008.0,76.0,0.45873
5008.0,77.0,0.016108
5008.0,78.0,0.393502
5008.0,79.0,0.0
5008.0,80.0,0.374616
5008.0,81.0,0.415364
5008.0,82.0,0.532859
5008.0,83.0,1.0
5008.0,84.0,1.0
5008.0,85.0,0.185156
5008.0,86.0,0.574426
5008.0,87.0,0.113683
5008.0,88.0,0.607137
5008.0,89.0,0.184875
5008.0,90.0,0.853276
5008.0,91.0,0.0
5008.0,92.0,0.0
5008.0,93.0,0.492759
5008.0,94.0,0.903564
5008.0,95.0,0.642581
5008.0,96.0,0.27311
5008.0,97.0,0.057709
5008.0,98.0,0.971575
5008.0,99.0,0.362709
5008.0,100.0,0.727752
5008.0,101.0,0.466941
5008.0,102.0,0.745134
5008.0,103.0,0.420443
5008.0,104.0,1.0
5008.0,105.0,0.559133
5008.0,106.0,0.773875
5008.0,107.0,0.70346
5008.0,108.0,0.632089
5008.0,109.0,0.299749
5008.0,110.0,0.524741
5008.0,111.0,0.04391
5008.0,112.0,0.654089
5008.0,113.0,0.464791
5008.0,114.0,0.411156
5008.0,115.0,0.917717
5008.0,116.0,0.0
5008.0,117.0,0.486138
5008.0,118.0,0.67786
5008.0,119.0,0.001916
5008.0,120.0,0.548966
5008.0,121.0,0.458345
5008.0,122.0,0.540716
5008.0,123.0,0.99981
5008.0,124.0,0.0
5008.0,125.0,0.302192
5008.0,126.0,0.646552
5008.0,127.0,0.755569
5008.0,128.0,0.998967
5008.0,129.0,0.358633
5008.0,130.0,0.0
5008.0,131.0,0.0
5008.0,132.0,0.0
5008.0,133.0,0.178934
5008.0,134.0,0.0
5008.0,135.0,0.996386
5008.0,136.0,0.855164
5008.0,137.0,0.620982
5008.0,138.0,0.166292
5008.0,139.0,0.250399
5008.0,140.0,0.998218
5008.0,141.0,0.618078
5008.0,142.0,0.194744
5008.0,143.0,0.591732
5008.0,144.0,0.0
5008.0,145.0,0.133581
5008.0,146.0,0.625261
5008.0,147.0,1.0
5008.0,148.0,0.70023
5008.0,149.0,1.0
5008.0,150.0,0.454902
5008.0,151.0,0.815073
5008.0,152.0,0.240793
5008.0,153.0,0.661516
5008.0,154.0,0.507981
5008.0,155.0,0.415054
5008.0,156.0,0.411017
5008.0,157.0,1.0
5008.0,158.0,0.433479
5008.0,159.0,0.314241
5008.0,160.0,0.69642
5008.0,161.0,0.971539
5008.0,162.0,0.502668
5008.0,163.0,0.824396
5008.0,164.0,0.056875
5008.0,165.0,0.557573
5008.0,166.0,0.099689
5008.0,167.0,1.0
5008.0,168.0,0.21962
5008.0,169.0,0.655028
5008.0,170.0,0.0
5008.0,171.0,0.554029
5008.0,172.0,0.239341
5008.0,173.0,0.543982
5008.0,174.0,0.160857
5008.0,175.0,0.350669
5008.0,176.0,0.023109
5008.0,177.0,0.815788
5008.0,178.0,0.643489
5008.0,179.0,1.0
5008.0,180.0,0.446204
5008.0,181.0,1.0
5008.0,182.0,0.728846
5008.0,183.0,0.373771
5008.0,184.0,0.344143
5008.0,185.0,0.683699
5008.0,186.0,0.210641
5008.0,187.0,0.345504
5008.0,188.0,0.377461
5008.0,189.0,0.863856
5008.0,190.0,0.410185
5008.0,191.0,0.544369
5008.0,192.0,0.985738
5008.0,193.0,0.562304
5008.0,194.0,0.518787
5008.0,195.0,0.896832
5008.0,196.0,0.509109
5008.0,197.0,0.857886
5008.0,198.0,0.0
5008.0,199.0,0.972972
5008.0,200.0,0.755574
5008.0,201.0,0.139172
5008.0,202.0,0.687108
5008.0,203.0,0.789004
5008.0,204.0,0.349246
5008.0,205.0,0.727488
5008.0,206.0,0.456836
5008.0,207.0,0.652132
5008.0,208.0,0.0
5008.0,209.0,0.858113
5008.0,210.0,1.0
5008.0,211.0,0.448971
5008.0,212.0,0.687768
5008.0,213.0,0.42738
5008.0,214.0,0.615376
5008.0,215.0,0.369486
5008.0,216.0,0.0
5008.0,217.0,0.376206
5008.0,218.0,0.525062
5008.0,219.0,0.696607
5008.0,220.0,1.0
5008.0,221.0,0.694469
5008.0,222.0,0.48212
5008.0,223.0,0.651977
5008.0,224.0,0.563835
5008.0,225.0,1.0
5008.0,226.0,1.0
5008.0,227.0,0.426364
5008.0,228.0,0.941547
5008.0,229.0,0.788362
5008.0,230.0,0.599968
5008.0,231.0,0.021081
5008.0,232.0,0.394662
5008.0,233.0,0.169348
5008.0,234.0,0.128068
5008.0,235.0,0.374254
5008.0,236.0,0.528694
5008.0,237.0,0.547599
5008.0,238.0,0.000412
5008.0,239.0,1.0
5008.0,240.0,0.462693
5008.0,241.0,0.166559
5008.0,242.0,0.589887
5008.0,243.0,0.649806
5008.0,244.0,0.252496
5008.0,245.0,0.118268
5008.0,246.0,0.389043
5008.0,247.0,0.381166
5008.0,248.0,0.548141
5008.0,249.0,0.188929
5008.0,250.0,0.278968
5008.0,251.0,0.0
5008.0,252.0,0.920537
5008.0,253.0,0.685093
5008.0,254.0,0.208562
5008.0,255.0,0.661831
5008.0,256.0,1.0
5008.0,257.0,0.25262
5008.0,258.0,0.862009
5008.0,259.0,0.312123
5008.0,260.0,0.537305
5008.0,261.0,0.428393
5008.0,262.0,0.085933
5008.0,263.0,0.729072
5008.0,264.0,0.004579
5008.0,265.0,0.889105
5008.0,266.0,0.989635
5008.0,267.0,0.049239
5008.0,268.0,0.0
5008.0,269.0,0.376175
5008.0,270.0,0.473647
5008.0,271.0,0.558722
5008.0,272.0,0.735263
5008.0,273.0,0.327228
5008.0,274.0,0.404288
5008.0,275.0,0.655712
5008.0,276.0,0.795016
5008.0,277.0,0.414098
5008.0,278.0,0.000692
5008.0,279.0,0.415784
5008.0,280.0,0.539949
5008.0,281.0,0.533177
5008.0,282.0,0.707321
5008.0,283.0,0.59475
5008.0,284.0,0.448259
5008.0,285.0,0.769259
5008.0,286.0,0.445719
5008.0,287.0,0.0
5008.0,288.0,0.272759
5008.0,289.0,1.0
5008.0,290.0,1.0
5008.0,291.0,0.824128
5008.0,292.0,0.226974
5008.0,293.0,0.010315
5008.0,294.0,0.0
5008.0,295.0,0.500369
5008.0,296.0,0.791763
5008.0,297.0,0.360632
5008.0,298.0,0.572564
5008.0,299.0,0.91899
5008.0,300.0,0.682406
5008.0,301.0,0.0
5008.0,302.0,0.878256
5008.0,303.0,0.795833
5008.0,304.0,0.608104
5008.0,305.0,0.735083
5008.0,306.0,0.993052
5008.0,307.0,0.446424
5008.0,308.0,0.434982
5008.0,309.0,0.738234
5008.0,310.0,0.873863
5008.0,311.0,1.0
5008.0,312.0,0.198924
5008.0,313.0,0.685205
5008.0,314.0,0.516608
5008.0,315.0,1.0
5008.0,316.0,0.71158
5008.0,317.0,0.522542
5008.0,318.0,0.464938
5008.0,319.0,0.0
5008.0,320.0,0.335299
5008.0,321.0,0.138974
5008.0,322.0,0.241463
5008.0,323.0,0.176333
5008.0,324.0,0.263776
5008.0,325.0,0.029579
5008.0,326.0,0.585677
5008.0,327.0,0.000733
5008.0,328.0,0.0
5008.0,329.0,0.521363
5008.0,330.0,0.610378
5008.0,331.0,1.0
5008.0,332.0,0.327273
5008.0,333.0,0.227301
5008.0,334.0,0.677641
5009.0,0.0,0.038866
5009.0,1.0,0.928585
5009.0,2.0,0.0
5009.0,3.0,0.675363
5009.0,4.0,0.0
5009.0,5.0,0.271849
5009.0,6.0,0.606973
5009.0,7.0,0.376957
5009.0,8.0,0.489734
5009.0,9.0,0.524486
5009.0,10.0,0.0
5009.0,11.0,0.423756
5009.0,12.0,1.0
5009.0,13.0,0.540217
5009.0,14.0,0.513483
5009.0,15.0,0.343032
5009.0,16.0,0.578169
5009.0,17.0,0.563391
5009.0,18.0,0.0
5009.0,19.0,0.483521
5009.0,20.0,0.582071
5009.0,21.0,0.484593
5009.0,22.0,0.143079
5009.0,23.0,0.553377
5009.0,24.0,0.19391
5009.0,25.0,0.351637
5009.0,26.0,0.670708
5009.0,27.0,0.0
5009.0,28.0,0.397825
5009.0,29.0,0.434529
5009.0,30.0,0.632975
5009.0,31.0,0.473653
5009.0,32.0,0.2975
5009.0,33.0,0.345058
5009.0,34.0,0.868659
5009.0,35.0,0.36985
5009.0,36.0,0.339565
5009.0,37.0,0.380359
5009.0,38.0,0.073682
5009.0,39.0,0.0
5009.0,40.0,0.991586
5009.0,41.0,0.694298
5009.0,42.0,0.017298
5009.0,43.0,0.614445
5009.0,44.0,0.470917
5009.0,45.0,1.0
5009.0,46.0,0.592349
5009.0,47.0,0.359457
5009.0,48.0,0.03101
5009.0,49.0,0.732471
5009.0,50.0,0.995296
5009.0,51.0,0.331521
5009.0,52.0,0.999992
5009.0,53.0,0.667299
5009.0,54.0,0.458652
5009.0,55.0,0.762708
5009.0,56.0,0.382331
5009.0,57.0,0.279002
5009.0,58.0,1.0
5009.0,59.0,0.793921
5009.0,60.0,0.054053
5009.0,61.0,0.897624
5009.0,62.0,0.546015
5009.0,63.0,0.634241
5009.0,64.0,2.0e-06
5009.0,65.0,0.594865
5009.0,66.0,0.760316
5009.0,67.0,0.312128
5009.0,68.0,0.269457
5009.0,69.0,0.369
5009.0,70.0,0.011195
5009.0,71.0,0.595513
5009.0,72.0,0.618347
5009.0,73.0,0.012932
5009.0,74.0,0.755662
5009.0,75.0,0.780689
5009.0,76.0,0.454625
5009.0,77.0,0.015794
5009.0,78.0,0.389171
5009.0,79.0,0.0
5009.0,80.0,0.366847
5009.0,81.0,0.411939
5009.0,82.0,0.530452
5009.0,83.0,1.0
5009.0,84.0,1.0
5009.0,85.0,0.183452
5009.0,86.0,0.573786
5009.0,87.0,0.113649
5009.0,88.0,0.605286
5009.0,89.0,0.184381
5009.0,90.0,0.853901
5009.0,91.0,0.0
5009.0,92.0,0.0
5009.0,93.0,0.491207
5009.0,94.0,0.902641
5009.0,95.0,0.638764
5009.0,96.0,0.266598
5009.0,97.0,0.0567
5009.0,98.0,0.971312
5009.0,99.0,0.359316
5009.0,100.0,0.727162
5009.0,101.0,0.459618
5009.0,102.0,0.743361
5009.0,103.0,0.412164
5009.0,104.0,1.0
5009.0,105.0,0.556153
5009.0,106.0,0.76565
5009.0,107.0,0.701064
5009.0,108.0,0.628825
5009.0,109.0,0.298371
5009.0,110.0,0.512469
5009.0,111.0,0.043154
5009.0,112.0,0.650105
5009.0,113.0,0.396214
5009.0,114.0,0.40643
5009.0,115.0,0.917678
5009.0,116.0,0.0
5009.0,117.0,0.476944
5009.0,118.0,0.677799
5009.0,119.0,0.001876
5009.0,120.0,0.543531
5009.0,121.0,0.4558
5009.0,122.0,0.539719
5009.0,123.0,0.999818
5009.0,124.0,0.0
5009.0,125.0,0.289532
5009.0,126.0,0.644379
5009.0,127.0,0.740982
5009.0,128.0,0.99896
5009.0,129.0,0.358868
5009.0,130.0,0.0
5009.0,131.0,0.0
5009.0,132.0,0.0
5009.0,133.0,0.173437
5009.0,134.0,0.0
5009.0,135.0,0.996411
5009.0,136.0,0.851699
5009.0,137.0,0.621709
5009.0,138.0,0.165652
5009.0,139.0,0.243835
5009.0,140.0,0.998169
5009.0,141.0,0.615608
5009.0,142.0,0.193218
5009.0,143.0,0.589294
5009.0,144.0,0.0
5009.0,145.0,0.133263
5009.0,146.0,0.620538
5009.0,147.0,1.0
5009.0,148.0,0.682026
5009.0,149.0,1.0
5009.0,150.0,0.441479
5009.0,151.0,0.815039
5009.0,152.0,0.240404
5009.0,153.0,0.65745
5009.0,154.0,0.504439
5009.0,155.0,0.406002
5009.0,156.0,0.389809
5009.0,157.0,1.0
5009.0,158.0,0.411394
5009.0,159.0,0.312992
5009.0,160.0,0.692595
5009.0,161.0,0.971343
5009.0,162.0,0.500982
5009.0,163.0,0.821045
5009.0,164.0,0.055907
5009.0,165.0,0.556367
5009.0,166.0,0.099507
5009.0,167.0,1.0
5009.0,168.0,0.219186
5009.0,169.0,0.647605
5009.0,170.0,0.0
5009.0,171.0,0.549012
5009.0,172.0,0.237536
5009.0,173.0,0.5375
5009.0,174.0,0.159432
5009.0,175.0,0.348272
5009.0,176.0,0.023166
5009.0,177.0,0.815784
5009.0,178.0,0.63802
5009.0,179.0,1.0
5009.0,180.0,0.443871
5009.0,181.0,1.0
5009.0,182.0,0.716318
5009.0,183.0,0.36874
5009.0,184.0,0.338072
5009.0,185.0,0.677397
5009.0,186.0,0.209021
5009.0,187.0,0.344675
5009.0,188.0,0.376541
5009.0,189.0,0.856426
5009.0,190.0,0.404122
5009.0,191.0,0.5391
5009.0,192.0,0.985428
5009.0,193.0,0.558988
5009.0,194.0,0.513067
5009.0,195.0,0.896514
5009.0,196.0,0.503552
5009.0,197.0,0.856203
5009.0,198.0,0.0
5009.0,199.0,0.972756
5009.0,200.0,0.755058
5009.0,201.0,0.137161
5009.0,202.0,0.680686
5009.0,203.0,0.784764
5009.0,204.0,0.349109
5009.0,205.0,0.726626
5009.0,206.0,0.433452
5009.0,207.0,0.637906
5009.0,208.0,0.0
5009.0,209.0,0.857295
5009.0,210.0,1.0
5009.0,211.0,0.445156
5009.0,212.0,0.687817
5009.0,213.0,0.424562
5009.0,214.0,0.602534
5009.0,215.0,0.368854
5009.0,216.0,0.0
5009.0,217.0,0.372632
5009.0,218.0,0.513396
5009.0,219.0,0.691107
5009.0,220.0,1.0
5009.0,221.0,0.689912
5009.0,222.0,0.458756
5009.0,223.0,0.647924
5009.0,224.0,0.561936
5009.0,225.0,1.0
5009.0,226.0,1.0
5009.0,227.0,0.425268
5009.0,228.0,0.941318
5009.0,229.0,0.787673
5009.0,230.0,0.59842
5009.0,231.0,0.0209
5009.0,232.0,0.390451
5009.0,233.0,0.16907
5009.0,234.0,0.125949
5009.0,235.0,0.373309
5009.0,236.0,0.527061
5009.0,237.0,0.544602
5009.0,238.0,0.000399
5009.0,239.0,1.0
5009.0,240.0,0.460292
5009.0,241.0,0.166239
5009.0,242.0,0.588317
5009.0,243.0,0.649318
5009.0,244.0,0.249507
5009.0,245.0,0.115291
5009.0,246.0,0.388714
5009.0,247.0,0.378605
5009.0,248.0,0.541187
5009.0,249.0,0.185151
5009.0,250.0,0.272893
5009.0,251.0,0.0
5009.0,252.0,0.9227
5009.0,253.0,0.684127
5009.0,254.0,0.196787
5009.0,255.0,0.661361
5009.0,256.0,1.0
5009.0,257.0,0.253212
5009.0,258.0,0.861713
5009.0,259.0,0.309954
5009.0,260.0,0.536784
5009.0,261.0,0.427569
5009.0,262.0,0.084095
5009.0,263.0,0.726449
5009.0,264.0,0.004575
5009.0,265.0,0.888495
5009.0,266.0,0.989468
5009.0,267.0,0.048791
5009.0,268.0,0.0
5009.0,269.0,0.372871
5009.0,270.0,0.4726
5009.0,271.0,0.553835
5009.0,272.0,0.734693
5009.0,273.0,0.324947
5009.0,274.0,0.402547
5009.0,275.0,0.644356
5009.0,276.0,0.776594
5009.0,277.0,0.412188
5009.0,278.0,0.000666
5009.0,279.0,0.412275
5009.0,280.0,0.535729
5009.0,281.0,0.529619
5009.0,282.0,0.701024
5009.0,283.0,0.585246
5009.0,284.0,0.441722
5009.0,285.0,0.769941
5009.0,286.0,0.439985
5009.0,287.0,0.0
5009.0,288.0,0.268737
5009.0,289.0,1.0
5009.0,290.0,1.0
5009.0,291.0,0.823808
5009.0,292.0,0.224481
5009.0,293.0,0.010266
5009.0,294.0,0.0
5009.0,295.0,0.496766
5009.0,296.0,0.789253
5009.0,297.0,0.359636
5009.0,298.0,0.572324
5009.0,299.0,0.918379
5009.0,300.0,0.676067
5009.0,301.0,0.0
5009.0,302.0,0.874738
5009.0,303.0,0.791035
5009.0,304.0,0.608441
5009.0,305.0,0.729591
5009.0,306.0,0.993147
5009.0,307.0,0.438338
5009.0,308.0,0.432511
5009.0,309.0,0.734732
5009.0,310.0,0.873505
5009.0,311.0,1.0
5009.0,312.0,0.194207
5009.0,313.0,0.683463
5009.0,314.0,0.515083
5009.0,315.0,1.0
5009.0,316.0,0.711219
5009.0,317.0,0.519822
5009.0,318.0,0.462771
5009.0,319.0,0.0
5009.0,320.0,0.327861
5009.0,321.0,0.13778
5009.0,322.0,0.238653
5009.0,323.0,0.173589
5009.0,324.0,0.262712
5009.0,325.0,0.029743
5009.0,326.0,0.578692
5009.0,327.0,0.00072
5009.0,328.0,0.0
5009.0,329.0,0.483662
5009.0,330.0,0.610717
5009.0,331.0,1.0
5009.0,332.0,0.326587
5009.0,333.0,0.225684
5009.0,334.0,0.676346
5010.0,0.0,0.038442
5010.0,1.0,0.928456
5010.0,2.0,0.0
5010.0,3.0,0.668767
5010.0,4.0,0.0
5010.0,5.0,0.269725
5010.0,6.0,0.603707
5010.0,7.0,0.371667
5010.0,8.0,0.484888
5010.0,9.0,0.518736
5010.0,10.0,0.0
5010.0,11.0,0.416674
5010.0,12.0,1.0
5010.0,13.0,0.535483
5010.0,14.0,0.505666
5010.0,15.0,0.338958
5010.0,16.0,0.574841
5010.0,17.0,0.55974
5010.0,18.0,0.0
5010.0,19.0,0.481341
5010.0,20.0,0.58112
5010.0,21.0,0.4824
5010.0,22.0,0.142846
5010.0,23.0,0.549054
5010.0,24.0,0.189431
5010.0,25.0,0.346972
5010.0,26.0,0.659305
5010.0,27.0,0.0
5010.0,28.0,0.392954
5010.0,29.0,0.424537
5010.0,30.0,0.632086
5010.0,31.0,0.471511
5010.0,32.0,0.295833
5010.0,33.0,0.3425
5010.0,34.0,0.868214
5010.0,35.0,0.356865
5010.0,36.0,0.336899
5010.0,37.0,0.378948
5010.0,38.0,0.073912
5010.0,39.0,0.0
5010.0,40.0,0.991458
5010.0,41.0,0.691776
5010.0,42.0,0.017199
5010.0,43.0,0.611977
5010.0,44.0,0.467036
5010.0,45.0,1.0
5010.0,46.0,0.589191
5010.0,47.0,0.356755
5010.0,48.0,0.030746
5010.0,49.0,0.730034
5010.0,50.0,0.995187
5010.0,51.0,0.327403
5010.0,52.0,0.999992
5010.0,53.0,0.666425
5010.0,54.0,0.449677
5010.0,55.0,0.761328
5010.0,56.0,0.37737
5010.0,57.0,0.277238
5010.0,58.0,1.0
5010.0,59.0,0.792448
5010.0,60.0,0.053928
5010.0,61.0,0.897297
5010.0,62.0,0.539355
5010.0,63.0,0.633001
5010.0,64.0,1.0e-06
5010.0,65.0,0.590385
5010.0,66.0,0.756928
5010.0,67.0,0.30809
5010.0,68.0,0.260897
5010.0,69.0,0.364503
5010.0,70.0,0.010929
5010.0,71.0,0.594511
5010.0,72.0,0.616494
5010.0,73.0,0.013068
5010.0,74.0,0.750093
5010.0,75.0,0.772222
5010.0,76.0,0.450674
5010.0,77.0,0.015395
5010.0,78.0,0.384096
5010.0,79.0,0.0
5010.0,80.0,0.358977
5010.0,81.0,0.408833
5010.0,82.0,0.528375
5010.0,83.0,1.0
5010.0,84.0,1.0
5010.0,85.0,0.181565
5010.0,86.0,0.573169
5010.0,87.0,0.1139
5010.0,88.0,0.603538
5010.0,89.0,0.18376
5010.0,90.0,0.854446
5010.0,91.0,0.0
5010.0,92.0,0.0
5010.0,93.0,0.489078
5010.0,94.0,0.901872
5010.0,95.0,0.635655
5010.0,96.0,0.260489
5010.0,97.0,0.055319
5010.0,98.0,0.971064
5010.0,99.0,0.355993
5010.0,100.0,0.726038
5010.0,101.0,0.450768
5010.0,102.0,0.742029
5010.0,103.0,0.404455
5010.0,104.0,1.0
5010.0,105.0,0.552044
5010.0,106.0,0.757637
5010.0,107.0,0.699334
5010.0,108.0,0.62638
5010.0,109.0,0.297366
5010.0,110.0,0.499882
5010.0,111.0,0.042679
5010.0,112.0,0.646011
5010.0,113.0,0.331842
5010.0,114.0,0.40225
5010.0,115.0,0.918079
5010.0,116.0,0.0
5010.0,117.0,0.46823
5010.0,118.0,0.677185
5010.0,119.0,0.001865
5010.0,120.0,0.538711
5010.0,121.0,0.455148
5010.0,122.0,0.538137
5010.0,123.0,0.999804
5010.0,124.0,0.0
5010.0,125.0,0.27761
5010.0,126.0,0.642
5010.0,127.0,0.727299
5010.0,128.0,0.998959
5010.0,129.0,0.358499
5010.0,130.0,0.0
5010.0,131.0,0.0
5010.0,132.0,0.0
5010.0,133.0,0.168303
5010.0,134.0,0.0
5010.0,135.0,0.996303
5010.0,136.0,0.847371
5010.0,137.0,0.62177
5010.0,138.0,0.165146
5010.0,139.0,0.238384
5010.0,140.0,0.998175
5010.0,141.0,0.612984
5010.0,142.0,0.191472
5010.0,143.0,0.58675
5010.0,144.0,0.0
5010.0,145.0,0.132991
5010.0,146.0,0.617419
5010.0,147.0,1.0
5010.0,148.0,0.663744
5010.0,149.0,1.0
5010.0,150.0,0.428483
5010.0,151.0,0.814486
5010.0,152.0,0.239285
5010.0,153.0,0.652888
5010.0,154.0,0.500994
5010.0,155.0,0.397312
5010.0,156.0,0.370536
5010.0,157.0,1.0
5010.0,158.0,0.390395
5010.0,159.0,0.311385
5010.0,160.0,0.688508
5010.0,161.0,0.970851
5010.0,162.0,0.499964
5010.0,163.0,0.819141
5010.0,164.0,0.055007
5010.0,165.0,0.55521
5010.0,166.0,0.099393
5010.0,167.0,1.0
5010.0,168.0,0.21921
5010.0,169.0,0.64089
5010.0,170.0,0.0
5010.0,171.0,0.54316
5010.0,172.0,0.236224
5010.0,173.0,0.532131
5010.0,174.0,0.157573
5010.0,175.0,0.34664
5010.0,176.0,0.02301
5010.0,177.0,0.816161
5010.0,178.0,0.632944
5010.0,179.0,1.0
5010.0,180.0,0.443233
5010.0,181.0,1.0
5010.0,182.0,0.70303
5010.0,183.0,0.364862
5010.0,184.0,0.334121
5010.0,185.0,0.671449
5010.0,186.0,0.207175
5010.0,187.0,0.34365
5010.0,188.0,0.375961
5010.0,189.0,0.848605
5010.0,190.0,0.397106
5010.0,191.0,0.534266
5010.0,192.0,0.985411
5010.0,193.0,0.555
5010.0,194.0,0.506994
5010.0,195.0,0.895514
5010.0,196.0,0.497561
5010.0,197.0,0.854363
5010.0,198.0,0.0
5010.0,199.0,0.972663
5010.0,200.0,0.754259
5010.0,201.0,0.136001
5010.0,202.0,0.674541
5010.0,203.0,0.77975
5010.0,204.0,0.348441
5010.0,205.0,0.726186
5010.0,206.0,0.411087
5010.0,207.0,0.621119
5010.0,208.0,0.0
5010.0,209.0,0.856897
5010.0,210.0,1.0
5010.0,211.0,0.441169
5010.0,212.0,0.688901
5010.0,213.0,0.422662
5010.0,214.0,0.590867
5010.0,215.0,0.36745
5010.0,216.0,0.0
5010.0,217.0,0.368698
5010.0,218.0,0.502267
5010.0,219.0,0.685771
5010.0,220.0,1.0
5010.0,221.0,0.685416
5010.0,222.0,0.43739
5010.0,223.0,0.643982
5010.0,224.0,0.559798
5010.0,225.0,1.0
5010.0,226.0,1.0
5010.0,227.0,0.424657
5010.0,228.0,0.941139
5010.0,229.0,0.787087
5010.0,230.0,0.597081
5010.0,231.0,0.021108
5010.0,232.0,0.38715
5010.0,233.0,0.169235
5010.0,234.0,0.123244
5010.0,235.0,0.372605
5010.0,236.0,0.524656
5010.0,237.0,0.542049
5010.0,238.0,0.00042
5010.0,239.0,1.0
5010.0,240.0,0.45703
5010.0,241.0,0.165414
5010.0,242.0,0.586525
5010.0,243.0,0.648669
5010.0,244.0,0.246122
5010.0,245.0,0.112565
5010.0,246.0,0.388952
5010.0,247.0,0.376129
5010.0,248.0,0.535531
5010.0,249.0,0.181069
5010.0,250.0,0.267747
5010.0,251.0,0.0
5010.0,252.0,0.92461
5010.0,253.0,0.682852
5010.0,254.0,0.185458
5010.0,255.0,0.661163
5010.0,256.0,1.0
5010.0,257.0,0.253252
5010.0,258.0,0.861364
5010.0,259.0,0.308362
5010.0,260.0,0.536147
5010.0,261.0,0.42463
5010.0,262.0,0.083575
5010.0,263.0,0.725406
5010.0,264.0,0.004668
5010.0,265.0,0.887495
5010.0,266.0,0.989457
5010.0,267.0,0.048554
5010.0,268.0,0.0
5010.0,269.0,0.368994
5010.0,270.0,0.471103
5010.0,271.0,0.549283
5010.0,272.0,0.733237
5010.0,273.0,0.323004
5010.0,274.0,0.401133
5010.0,275.0,0.632563
5010.0,276.0,0.757094
5010.0,277.0,0.410022
5010.0,278.0,0.000626
5010.0,279.0,0.409162
5010.0,280.0,0.532757
5010.0,281.0,0.526871
5010.0,282.0,0.695421
5010.0,283.0,0.577089
5010.0,284.0,0.434224
5010.0,285.0,0.769559
5010.0,286.0,0.434009
5010.0,287.0,0.0
5010.0,288.0,0.265132
5010.0,289.0,1.0
5010.0,290.0,1.0
5010.0,291.0,0.823475
5010.0,292.0,0.222025
5010.0,293.0,0.009737
5010.0,294.0,0.0
5010.0,295.0,0.493164
5010.0,296.0,0.787237
5010.0,297.0,0.358406
5010.0,298.0,0.570968
5010.0,299.0,0.91804
5010.0,300.0,0.670797
5010.0,301.0,0.0
5010.0,302.0,0.871288
5010.0,303.0,0.786622
5010.0,304.0,0.608912
5010.0,305.0,0.72468
5010.0,306.0,0.993166
5010.0,307.0,0.430774
5010.0,308.0,0.429021
5010.0,309.0,0.73148
5010.0,310.0,0.872789
5010.0,311.0,1.0
5010.0,312.0,0.189719
5010.0,313.0,0.681514
5010.0,314.0,0.514245
5010.0,315.0,1.0
5010.0,316.0,0.710245
5010.0,317.0,0.518099
5010.0,318.0,0.460563
5010.0,319.0,0.0
5010.0,320.0,0.319831
5010.0,321.0,0.135809
5010.0,322.0,0.236198
5010.0,323.0,0.171324
5010.0,324.0,0.260671
5010.0,325.0,0.029592
5010.0,326.0,0.571777
5010.0,327.0,0.00068
5010.0,328.0,0.0
5010.0,329.0,0.449452
5010.0,330.0,0.610651
5010.0,331.0,1.0
5010.0,332.0,0.325706
5010.0,333.0,0.223276
5010.0,334.0,0.674525
6000.0,0.0,0.025399
6000.0,1.0,0.928285
6000.0,2.0,0.0
6000.0,3.0,0.659457
6000.0,4.0,0.0
6000.0,5.0,0.237781
6000.0,6.0,0.61701
6000.0,7.0,0.376148
6000.0,8.0,0.479843
6000.0,9.0,0.523565
6000.0,10.0,0.0
6000.0,11.0,0.41348
6000.0,12.0,1.0
6000.0,13.0,0.541441
6000.0,14.0,0.501787
6000.0,15.0,0.334139
6000.0,16.0,0.563234
6000.0,17.0,0.560123
6000.0,18.0,0.0
6000.0,19.0,0.470923
6000.0,20.0,0.582051
6000.0,21.0,0.484179
6000.0,22.0,0.112567
6000.0,23.0,0.54113
6000.0,24.0,0.195682
6000.0,25.0,0.33266
6000.0,26.0,0.659622
6000.0,27.0,0.0
6000.0,28.0,0.392805
6000.0,29.0,0.419841
6000.0,30.0,0.65794
6000.0,31.0,0.485069
6000.0,32.0,0.301994
6000.0,33.0,0.334429
6000.0,34.0,0.884293
6000.0,35.0,0.357724
6000.0,36.0,0.337446
6000.0,37.0,0.354265
6000.0,38.0,0.055387
6000.0,39.0,0.0
6000.0,40.0,0.993886
6000.0,41.0,0.695304
6000.0,42.0,0.00924
6000.0,43.0,0.59971
6000.0,44.0,0.461824
6000.0,45.0,1.0
6000.0,46.0,0.590976
6000.0,47.0,0.359111
6000.0,48.0,0.035313
6000.0,49.0,0.734376
6000.0,50.0,0.99769
6000.0,51.0,0.329793
6000.0,52.0,1.0
6000.0,53.0,0.690423
6000.0,54.0,0.448848
6000.0,55.0,0.789819
6000.0,56.0,0.374576
6000.0,57.0,0.277017
6000.0,58.0,1.0
6000.0,59.0,0.811244
6000.0,60.0,0.041655
6000.0,61.0,0.908381
6000.0,62.0,0.539565
6000.0,63.0,0.62817
6000.0,64.0,0.0
6000.0,65.0,0.607048
6000.0,66.0,0.756979
6000.0,67.0,0.330318
6000.0,68.0,0.261045
6000.0,69.0,0.342858
6000.0,70.0,0.011175
6000.0,71.0,0.590985
6000.0,72.0,0.621349
6000.0,73.0,0.007692
6000.0,74.0,0.750745
6000.0,75.0,0.768395
6000.0,76.0,0.484114
6000.0,77.0,0.008936
6000.0,78.0,0.387335
6000.0,79.0,0.0
6000.0,80.0,0.360378
6000.0,81.0,0.419602
6000.0,82.0,0.54433
6000.0,83.0,1.0
6000.0,84.0,1.0
6000.0,85.0,0.200453
6000.0,86.0,0.573903
6000.0,87.0,0.099512
6000.0,88.0,0.612026
6000.0,89.0,0.186772
6000.0,90.0,0.861969
6000.0,91.0,0.0
6000.0,92.0,0.0
6000.0,93.0,0.494556
6000.0,94.0,0.926972
6000.0,95.0,0.642624
6000.0,96.0,0.2641
6000.0,97.0,0.055076
6000.0,98.0,0.973268
6000.0,99.0,0.359623
6000.0,100.0,0.726057
6000.0,101.0,0.457902
6000.0,102.0,0.738292
6000.0,103.0,0.409505
6000.0,104.0,1.0
6000.0,105.0,0.542801
6000.0,106.0,0.767988
6000.0,107.0,0.668677
6000.0,108.0,0.620171
6000.0,109.0,0.293717
6000.0,110.0,0.496696
6000.0,111.0,0.04301
6000.0,112.0,0.647046
6000.0,113.0,0.33108
6000.0,114.0,0.408392
6000.0,115.0,0.910178
6000.0,116.0,0.0
6000.0,117.0,0.471188
6000.0,118.0,0.702643
6000.0,119.0,0.001473
6000.0,120.0,0.544138
6000.0,121.0,0.45724
6000.0,122.0,0.537776
6000.0,123.0,1.0
6000.0,124.0,0.0
6000.0,125.0,0.267731
6000.0,126.0,0.633034
6000.0,127.0,0.712434
6000.0,128.0,1.0
6000.0,129.0,0.35259
6000.0,130.0,0.0
6000.0,131.0,0.0
6000.0,132.0,0.0
6000.0,133.0,0.163011
6000.0,134.0,0.0
6000.0,135.0,0.999483
6000.0,136.0,0.871695
6000.0,137.0,0.601139
6000.0,138.0,0.156899
6000.0,139.0,0.240216
6000.0,140.0,0.999555
6000.0,141.0,0.60425
6000.0,142.0,0.197247
6000.0,143.0,0.600038
6000.0,144.0,0.0
6000.0,145.0,0.127564
6000.0,146.0,0.605359
6000.0,147.0,1.0
6000.0,148.0,0.669477
6000.0,149.0,1.0
6000.0,150.0,0.433393
6000.0,151.0,0.825221
6000.0,152.0,0.233162
6000.0,153.0,0.656105
6000.0,154.0,0.494337
6000.0,155.0,0.400006
6000.0,156.0,0.368131
6000.0,157.0,1.0
6000.0,158.0,0.388505
6000.0,159.0,0.292535
6000.0,160.0,0.689265
6000.0,161.0,0.974417
6000.0,162.0,0.492991
6000.0,163.0,0.817687
6000.0,164.0,0.065091
6000.0,165.0,0.55417
6000.0,166.0,0.072129
6000.0,167.0,1.0
6000.0,168.0,0.205047
6000.0,169.0,0.644063
6000.0,170.0,0.0
6000.0,171.0,0.54207
6000.0,172.0,0.232483
6000.0,173.0,0.53001
6000.0,174.0,0.150413
6000.0,175.0,0.348014
6000.0,176.0,0.015029
6000.0,177.0,0.854567
6000.0,178.0,0.621222
6000.0,179.0,1.0
6000.0,180.0,0.462784
6000.0,181.0,1.0
6000.0,182.0,0.70822
6000.0,183.0,0.353473
6000.0,184.0,0.327809
6000.0,185.0,0.671977
6000.0,186.0,0.192797
6000.0,187.0,0.359032
6000.0,188.0,0.393288
6000.0,189.0,0.847603
6000.0,190.0,0.400487
6000.0,191.0,0.533085
6000.0,192.0,0.992579
6000.0,193.0,0.554188
6000.0,194.0,0.507253
6000.0,195.0,0.918816
6000.0,196.0,0.483346
6000.0,197.0,0.86357
6000.0,198.0,0.0
6000.0,199.0,0.986946
6000.0,200.0,0.770807
6000.0,201.0,0.138401
6000.0,202.0,0.674851
6000.0,203.0,0.765612
6000.0,204.0,0.320095
6000.0,205.0,0.743149
6000.0,206.0,0.41064
6000.0,207.0,0.63694
6000.0,208.0,0.0
6000.0,209.0,0.882302
6000.0,210.0,1.0
6000.0,211.0,0.438237
6000.0,212.0,0.715554
6000.0,213.0,0.425846
6000.0,214.0,0.599903
6000.0,215.0,0.376475
6000.0,216.0,0.0
6000.0,217.0,0.36505
6000.0,218.0,0.509852
6000.0,219.0,0.681518
6000.0,220.0,1.0
6000.0,221.0,0.689032
6000.0,222.0,0.437745
6000.0,223.0,0.655197
6000.0,224.0,0.585311
6000.0,225.0,1.0
6000.0,226.0,1.0
6000.0,227.0,0.41182
6000.0,228.0,0.96063
6000.0,229.0,0.772333
6000.0,230.0,0.596567
6000.0,231.0,0.009385
6000.0,232.0,0.373512
6000.0,233.0,0.137126
6000.0,234.0,0.118853
6000.0,235.0,0.373032
6000.0,236.0,0.522133
6000.0,237.0,0.534006
6000.0,238.0,0.000587
6000.0,239.0,1.0
6000.0,240.0,0.455627
6000.0,241.0,0.154911
6000.0,242.0,0.612079
6000.0,243.0,0.651967
6000.0,244.0,0.244961
6000.0,245.0,0.096322
6000.0,246.0,0.374063
6000.0,247.0,0.375542
6000.0,248.0,0.555324
6000.0,249.0,0.184762
6000.0,250.0,0.268265
6000.0,251.0,0.0
6000.0,252.0,0.947882
6000.0,253.0,0.688668
6000.0,254.0,0.186572
6000.0,255.0,0.682935
6000.0,256.0,1.0
6000.0,257.0,0.252668
6000.0,258.0,0.882744
6000.0,259.0,0.291704
6000.0,260.0,0.548852
6000.0,261.0,0.436793
6000.0,262.0,0.084818
6000.0,263.0,0.73164
6000.0,264.0,0.00043
6000.0,265.0,0.928207
6000.0,266.0,0.990223
6000.0,267.0,0.051794
6000.0,268.0,0.0
6000.0,269.0,0.357859
6000.0,270.0,0.466059
6000.0,271.0,0.559711
6000.0,272.0,0.720404
6000.0,273.0,0.323965
6000.0,274.0,0.39506
6000.0,275.0,0.63495
6000.0,276.0,0.755612
6000.0,277.0,0.398224
6000.0,278.0,0.0
6000.0,279.0,0.422811
6000.0,280.0,0.525506
6000.0,281.0,0.510117
6000.0,282.0,0.694589
6000.0,283.0,0.5822
6000.0,284.0,0.429203
6000.0,285.0,0.797147
6000.0,286.0,0.427894
6000.0,287.0,0.0
6000.0,288.0,0.265914
6000.0,289.0,1.0
6000.0,290.0,1.0
6000.0,291.0,0.868869
6000.0,292.0,0.264085
6000.0,293.0,0.00748
6000.0,294.0,0.0
6000.0,295.0,0.487564
6000.0,296.0,0.780095
6000.0,297.0,0.362163
6000.0,298.0,0.572909
6000.0,299.0,0.932171
6000.0,300.0,0.67713
6000.0,301.0,0.0
6000.0,302.0,0.875197
6000.0,303.0,0.792249
6000.0,304.0,0.605045
6000.0,305.0,0.714441
6000.0,306.0,0.997677
6000.0,307.0,0.433343
6000.0,308.0,0.424903
6000.0,309.0,0.732817
6000.0,310.0,0.871566
6000.0,311.0,1.0
6000.0,312.0,0.185525
6000.0,313.0,0.669608
6000.0,314.0,0.529891
6000.0,315.0,1.0
6000.0,316.0,0.724357
6000.0,317.0,0.517489
6000.0,318.0,0.453112
6000.0,319.0,0.0
6000.0,320.0,0.327024
6000.0,321.0,0.11547
6000.0,322.0,0.238762
6000.0,323.0,0.174359
6000.0,324.0,0.251647
6000.0,325.0,0.019117
6000.0,326.0,0.59547
6000.0,327.0,0.0
6000.0,328.0,0.0
6000.0,329.0,0.449699
6000.0,330.0,0.61716
6000.0,331.0,1.0
6000.0,332.0,0.280922
6000.0,333.0,0.215666
6000.0,334.0,0.666958
6001.0,0.0,0.025395
6001.0,1.0,0.928703
6001.0,2.0,0.0
6001.0,3.0,0.667453
6001.0,4.0,0.0
6001.0,5.0,0.238419
6001.0,6.0,0.620879
6001.0,7.0,0.382119
6001.0,8.0,0.486137
6001.0,9.0,0.529328
6001.0,10.0,0.0
6001.0,11.0,0.422042
6001.0,12.0,1.0
6001.0,13.0,0.547954
6001.0,14.0,0.510078
6001.0,15.0,0.337558
6001.0,16.0,0.567727
6001.0,17.0,0.562997
6001.0,18.0,0.0
6001.0,19.0,0.472871
6001.0,20.0,0.583081
6001.0,21.0,0.487974
6001.0,22.0,0.112817
6001.0,23.0,0.545505
6001.0,24.0,0.201283
6001.0,25.0,0.337297
6001.0,26.0,0.672012
6001.0,27.0,0.0
6001.0,28.0,0.399635
6001.0,29.0,0.430763
6001.0,30.0,0.660373
6001.0,31.0,0.487993
6001.0,32.0,0.303863
6001.0,33.0,0.337192
6001.0,34.0,0.884821
6001.0,35.0,0.371743
6001.0,36.0,0.339103
6001.0,37.0,0.354989
6001.0,38.0,0.055389
6001.0,39.0,0.0
6001.0,40.0,0.994012
6001.0,41.0,0.698611
6001.0,42.0,0.009353
6001.0,43.0,0.600978
6001.0,44.0,0.46591
6001.0,45.0,1.0
6001.0,46.0,0.593924
6001.0,47.0,0.36254
6001.0,48.0,0.035774
6001.0,49.0,0.736492
6001.0,50.0,0.997796
6001.0,51.0,0.334618
6001.0,52.0,1.0
6001.0,53.0,0.690073
6001.0,54.0,0.457952
6001.0,55.0,0.791298
6001.0,56.0,0.380285
6001.0,57.0,0.278501
6001.0,58.0,1.0
6001.0,59.0,0.812745
6001.0,60.0,0.041651
6001.0,61.0,0.909569
6001.0,62.0,0.546476
6001.0,63.0,0.631657
6001.0,64.0,0.0
6001.0,65.0,0.613143
6001.0,66.0,0.761183
6001.0,67.0,0.333607
6001.0,68.0,0.270075
6001.0,69.0,0.347491
6001.0,70.0,0.011408
6001.0,71.0,0.592047
6001.0,72.0,0.621831
6001.0,73.0,0.007697
6001.0,74.0,0.756339
6001.0,75.0,0.778736
6001.0,76.0,0.488979
6001.0,77.0,0.009075
6001.0,78.0,0.392444
6001.0,79.0,0.0
6001.0,80.0,0.368509
6001.0,81.0,0.422
6001.0,82.0,0.546985
6001.0,83.0,1.0
6001.0,84.0,1.0
6001.0,85.0,0.202471
6001.0,86.0,0.576574
6001.0,87.0,0.099644
6001.0,88.0,0.613309
6001.0,89.0,0.186865
6001.0,90.0,0.862342
6001.0,91.0,0.0
6001.0,92.0,0.0
6001.0,93.0,0.496587
6001.0,94.0,0.927358
6001.0,95.0,0.64732
6001.0,96.0,0.271803
6001.0,97.0,0.056164
6001.0,98.0,0.973634
6001.0,99.0,0.363942
6001.0,100.0,0.726038
6001.0,101.0,0.467069
6001.0,102.0,0.739517
6001.0,103.0,0.417281
6001.0,104.0,1.0
6001.0,105.0,0.54626
6001.0,106.0,0.776671
6001.0,107.0,0.671838
6001.0,108.0,0.623197
6001.0,109.0,0.294207
6001.0,110.0,0.509255
6001.0,111.0,0.043504
6001.0,112.0,0.651207
6001.0,113.0,0.401056
6001.0,114.0,0.411983
6001.0,115.0,0.910689
6001.0,116.0,0.0
6001.0,117.0,0.481057
6001.0,118.0,0.703298
6001.0,119.0,0.001506
6001.0,120.0,0.547977
6001.0,121.0,0.459192
6001.0,122.0,0.539244
6001.0,123.0,1.0
6001.0,124.0,0.0
6001.0,125.0,0.281617
6001.0,126.0,0.635172
6001.0,127.0,0.727621
6001.0,128.0,1.0
6001.0,129.0,0.35285
6001.0,130.0,0.0
6001.0,131.0,0.0
6001.0,132.0,0.0
6001.0,133.0,0.168585
6001.0,134.0,0.0
6001.0,135.0,0.999435
6001.0,136.0,0.874496
6001.0,137.0,0.602526
6001.0,138.0,0.157243
6001.0,139.0,0.246391
6001.0,140.0,0.999531
6001.0,141.0,0.60846
6001.0,142.0,0.198084
6001.0,143.0,0.603212
6001.0,144.0,0.0
6001.0,145.0,0.127783
6001.0,146.0,0.610052
6001.0,147.0,1.0
6001.0,148.0,0.688019
6001.0,149.0,1.0
6001.0,150.0,0.448196
6001.0,151.0,0.8256
6001.0,152.0,0.233916
6001.0,153.0,0.661976
6001.0,154.0,0.497562
6001.0,155.0,0.408425
6001.0,156.0,0.390463
6001.0,157.0,1.0
6001.0,158.0,0.411739
6001.0,159.0,0.2942
6001.0,160.0,0.694382
6001.0,161.0,0.974549
6001.0,162.0,0.49578
6001.0,163.0,0.820068
6001.0,164.0,0.066129
6001.0,165.0,0.555453
6001.0,166.0,0.07254
6001.0,167.0,1.0
6001.0,168.0,0.205696
6001.0,169.0,0.65216
6001.0,170.0,0.0
6001.0,171.0,0.547847
6001.0,172.0,0.234511
6001.0,173.0,0.535796
6001.0,174.0,0.152575
6001.0,175.0,0.35142
6001.0,176.0,0.015025
6001.0,177.0,0.855129
6001.0,178.0,0.626767
6001.0,179.0,1.0
6001.0,180.0,0.465573
6001.0,181.0,1.0
6001.0,182.0,0.721564
6001.0,183.0,0.357914
6001.0,184.0,0.333231
6001.0,185.0,0.678546
6001.0,186.0,0.193726
6001.0,187.0,0.360318
6001.0,188.0,0.39387
6001.0,189.0,0.855165
6001.0,190.0,0.408214
6001.0,191.0,0.538967
6001.0,192.0,0.992775
6001.0,193.0,0.558643
6001.0,194.0,0.51348
6001.0,195.0,0.919114
6001.0,196.0,0.488753
6001.0,197.0,0.864267
6001.0,198.0,0.0
6001.0,199.0,0.98691
6001.0,200.0,0.771474
6001.0,201.0,0.139235
6001.0,202.0,0.681439
6001.0,203.0,0.770579
6001.0,204.0,0.320922
6001.0,205.0,0.744486
6001.0,206.0,0.435867
6001.0,207.0,0.652986
6001.0,208.0,0.0
6001.0,209.0,0.883451
6001.0,210.0,1.0
6001.0,211.0,0.442236
6001.0,212.0,0.716166
6001.0,213.0,0.42782
6001.0,214.0,0.613819
6001.0,215.0,0.377114
6001.0,216.0,0.0
6001.0,217.0,0.368799
6001.0,218.0,0.521808
6001.0,219.0,0.687686
6001.0,220.0,1.0
6001.0,221.0,0.691654
6001.0,222.0,0.462602
6001.0,223.0,0.6586
6001.0,224.0,0.587275
6001.0,225.0,1.0
6001.0,226.0,1.0
6001.0,227.0,0.412258
6001.0,228.0,0.960601
6001.0,229.0,0.772475
6001.0,230.0,0.598583
6001.0,231.0,0.009425
6001.0,232.0,0.377225
6001.0,233.0,0.137021
6001.0,234.0,0.121627
6001.0,235.0,0.375058
6001.0,236.0,0.524053
6001.0,237.0,0.536609
6001.0,238.0,0.000528
6001.0,239.0,1.0
6001.0,240.0,0.45969
6001.0,241.0,0.155251
6001.0,242.0,0.614048
6001.0,243.0,0.651099
6001.0,244.0,0.249452
6001.0,245.0,0.098869
6001.0,246.0,0.374276
6001.0,247.0,0.378088
6001.0,248.0,0.560364
6001.0,249.0,0.189081
6001.0,250.0,0.274897
6001.0,251.0,0.0
6001.0,252.0,0.947215
6001.0,253.0,0.689959
6001.0,254.0,0.199662
6001.0,255.0,0.684221
6001.0,256.0,1.0
6001.0,257.0,0.253202
6001.0,258.0,0.882598
6001.0,259.0,0.294717
6001.0,260.0,0.548658
6001.0,261.0,0.438475
6001.0,262.0,0.086673
6001.0,263.0,0.732733
6001.0,264.0,0.000451
6001.0,265.0,0.928768
6001.0,266.0,0.990321
6001.0,267.0,0.052156
6001.0,268.0,0.0
6001.0,269.0,0.361222
6001.0,270.0,0.467364
6001.0,271.0,0.561687
6001.0,272.0,0.720126
6001.0,273.0,0.32705
6001.0,274.0,0.396006
6001.0,275.0,0.646062
6001.0,276.0,0.776942
6001.0,277.0,0.400091
6001.0,278.0,0.0
6001.0,279.0,0.425301
6001.0,280.0,0.529192
6001.0,281.0,0.513373
6001.0,282.0,0.700384
6001.0,283.0,0.59193
6001.0,284.0,0.43678
6001.0,285.0,0.797614
6001.0,286.0,0.434619
6001.0,287.0,0.0
6001.0,288.0,0.270113
6001.0,289.0,1.0
6001.0,290.0,1.0
6001.0,291.0,0.869185
6001.0,292.0,0.266392
6001.0,293.0,0.007997
6001.0,294.0,0.0
6001.0,295.0,0.492478
6001.0,296.0,0.782211
6001.0,297.0,0.363385
6001.0,298.0,0.572598
6001.0,299.0,0.932017
6001.0,300.0,0.683536
6001.0,301.0,0.0
6001.0,302.0,0.878483
6001.0,303.0,0.796187
6001.0,304.0,0.606309
6001.0,305.0,0.71993
6001.0,306.0,0.997726
6001.0,307.0,0.442751
6001.0,308.0,0.428758
6001.0,309.0,0.737528
6001.0,310.0,0.871783
6001.0,311.0,1.0
6001.0,312.0,0.191532
6001.0,313.0,0.672497
6001.0,314.0,0.531517
6001.0,315.0,1.0
6001.0,316.0,0.725502
6001.0,317.0,0.520777
6001.0,318.0,0.45539
6001.0,319.0,0.0
6001.0,320.0,0.33572
6001.0,321.0,0.116506
6001.0,322.0,0.242123
6001.0,323.0,0.177374
6001.0,324.0,0.252657
6001.0,325.0,0.019014
6001.0,326.0,0.60312
6001.0,327.0,0.0
6001.0,328.0,0.0
6001.0,329.0,0.490172
6001.0,330.0,0.617923
6001.0,331.0,1.0
6001.0,332.0,0.280779
6001.0,333.0,0.218072
6001.0,334.0,0.66718
6002.0,0.0,0.025639
6002.0,1.0,0.929036
6002.0,2.0,0.0
6002.0,3.0,0.674313
6002.0,4.0,0.0
6002.0,5.0,0.23986
6002.0,6.0,0.625265
6002.0,7.0,0.387408
6002.0,8.0,0.491604
6002.0,9.0,0.535491
6002.0,10.0,0.0
6002.0,11.0,0.430401
6002.0,12.0,1.0
6002.0,13.0,0.553756
6002.0,14.0,0.51871
6002.0,15.0,0.3413
6002.0,16.0,0.572703
6002.0,17.0,0.56613
6002.0,18.0,0.0
6002.0,19.0,0.475121
6002.0,20.0,0.58374
6002.0,21.0,0.492083
6002.0,22.0,0.113049
6002.0,23.0,0.548498
6002.0,24.0,0.206699
6002.0,25.0,0.34232
6002.0,26.0,0.683616
6002.0,27.0,0.0
6002.0,28.0,0.40571
6002.0,29.0,0.440892
6002.0,30.0,0.661175
6002.0,31.0,0.489603
6002.0,32.0,0.306633
6002.0,33.0,0.339007
6002.0,34.0,0.885558
6002.0,35.0,0.385958
6002.0,36.0,0.340233
6002.0,37.0,0.356913
6002.0,38.0,0.055715
6002.0,39.0,0.0
6002.0,40.0,0.994163
6002.0,41.0,0.703003
6002.0,42.0,0.009425
6002.0,43.0,0.603234
6002.0,44.0,0.470047
6002.0,45.0,1.0
6002.0,46.0,0.596679
6002.0,47.0,0.366433
6002.0,48.0,0.036185
6002.0,49.0,0.738257
6002.0,50.0,0.99781
6002.0,51.0,0.339685
6002.0,52.0,1.0
6002.0,53.0,0.690597
6002.0,54.0,0.466794
6002.0,55.0,0.79221
6002.0,56.0,0.386183
6002.0,57.0,0.27952
6002.0,58.0,1.0
6002.0,59.0,0.813931
6002.0,60.0,0.041784
6002.0,61.0,0.910345
6002.0,62.0,0.552455
6002.0,63.0,0.634816
6002.0,64.0,0.0
6002.0,65.0,0.617942
6002.0,66.0,0.764945
6002.0,67.0,0.337059
6002.0,68.0,0.279261
6002.0,69.0,0.352374
6002.0,70.0,0.011153
6002.0,71.0,0.593672
6002.0,72.0,0.622927
6002.0,73.0,0.007773
6002.0,74.0,0.761693
6002.0,75.0,0.788065
6002.0,76.0,0.49409
6002.0,77.0,0.009224
6002.0,78.0,0.397539
6002.0,79.0,0.0
6002.0,80.0,0.37627
6002.0,81.0,0.425027
6002.0,82.0,0.54846
6002.0,83.0,1.0
6002.0,84.0,1.0
6002.0,85.0,0.204996
6002.0,86.0,0.579512
6002.0,87.0,0.100308
6002.0,88.0,0.61423
6002.0,89.0,0.18687
6002.0,90.0,0.862298
6002.0,91.0,0.0
6002.0,92.0,0.0
6002.0,93.0,0.497746
6002.0,94.0,0.927132
6002.0,95.0,0.650744
6002.0,96.0,0.278504
6002.0,97.0,0.057387
6002.0,98.0,0.973448
6002.0,99.0,0.367553
6002.0,100.0,0.726727
6002.0,101.0,0.476183
6002.0,102.0,0.741078
6002.0,103.0,0.425324
6002.0,104.0,1.0
6002.0,105.0,0.549811
6002.0,106.0,0.784165
6002.0,107.0,0.674604
6002.0,108.0,0.626215
6002.0,109.0,0.294712
6002.0,110.0,0.521346
6002.0,111.0,0.044128
6002.0,112.0,0.654515
6002.0,113.0,0.471919
6002.0,114.0,0.414771
6002.0,115.0,0.910849
6002.0,116.0,0.0
6002.0,117.0,0.489978
6002.0,118.0,0.703627
6002.0,119.0,0.001497
6002.0,120.0,0.552694
6002.0,121.0,0.46049
6002.0,122.0,0.542226
6002.0,123.0,1.0
6002.0,124.0,0.0
6002.0,125.0,0.295682
6002.0,126.0,0.637909
6002.0,127.0,0.742715
6002.0,128.0,1.0
6002.0,129.0,0.352437
6002.0,130.0,0.0
6002.0,131.0,0.0
6002.0,132.0,0.0
6002.0,133.0,0.174674
6002.0,134.0,0.0
6002.0,135.0,0.999449
6002.0,136.0,0.877263
6002.0,137.0,0.603436
6002.0,138.0,0.157289
6002.0,139.0,0.252866
6002.0,140.0,0.999545
6002.0,141.0,0.611571
6002.0,142.0,0.199663
6002.0,143.0,0.605809
6002.0,144.0,0.0
6002.0,145.0,0.128414
6002.0,146.0,0.615107
6002.0,147.0,1.0
6002.0,148.0,0.707029
6002.0,149.0,1.0
6002.0,150.0,0.462187
6002.0,151.0,0.8264
6002.0,152.0,0.234602
6002.0,153.0,0.666677
6002.0,154.0,0.500367
6002.0,155.0,0.417847
6002.0,156.0,0.412169
6002.0,157.0,1.0
6002.0,158.0,0.434284
6002.0,159.0,0.296265
6002.0,160.0,0.698685
6002.0,161.0,0.97473
6002.0,162.0,0.497636
6002.0,163.0,0.822037
6002.0,164.0,0.067265
6002.0,165.0,0.555945
6002.0,166.0,0.072734
6002.0,167.0,1.0
6002.0,168.0,0.20567
6002.0,169.0,0.66095
6002.0,170.0,0.0
6002.0,171.0,0.554129
6002.0,172.0,0.235542
6002.0,173.0,0.54295
6002.0,174.0,0.154639
6002.0,175.0,0.354582
6002.0,176.0,0.015137
6002.0,177.0,0.855751
6002.0,178.0,0.631197
6002.0,179.0,1.0
6002.0,180.0,0.467331
6002.0,181.0,1.0
6002.0,182.0,0.73493
6002.0,183.0,0.362223
6002.0,184.0,0.338621
6002.0,185.0,0.684912
6002.0,186.0,0.193774
6002.0,187.0,0.362865
6002.0,188.0,0.395511
6002.0,189.0,0.861486
6002.0,190.0,0.415207
6002.0,191.0,0.543816
6002.0,192.0,0.99274
6002.0,193.0,0.562545
6002.0,194.0,0.518453
6002.0,195.0,0.919645
6002.0,196.0,0.49406
6002.0,197.0,0.865769
6002.0,198.0,0.0
6002.0,199.0,0.986992
6002.0,200.0,0.772283
6002.0,201.0,0.139932
6002.0,202.0,0.68891
6002.0,203.0,0.776035
6002.0,204.0,0.320712
6002.0,205.0,0.745434
6002.0,206.0,0.461338
6002.0,207.0,0.667446
6002.0,208.0,0.0
6002.0,209.0,0.88406
6002.0,210.0,1.0
6002.0,211.0,0.446635
6002.0,212.0,0.71664
6002.0,213.0,0.430787
6002.0,214.0,0.626869
6002.0,215.0,0.378291
6002.0,216.0,0.0
6002.0,217.0,0.372966
6002.0,218.0,0.533126
6002.0,219.0,0.694101
6002.0,220.0,1.0
6002.0,221.0,0.695448
6002.0,222.0,0.488221
6002.0,223.0,0.661991
6002.0,224.0,0.588702
6002.0,225.0,1.0
6002.0,226.0,1.0
6002.0,227.0,0.41205
6002.0,228.0,0.960473
6002.0,229.0,0.773229
6002.0,230.0,0.600033
6002.0,231.0,0.009396
6002.0,232.0,0.380766
6002.0,233.0,0.137244
6002.0,234.0,0.123599
6002.0,235.0,0.377068
6002.0,236.0,0.526126
6002.0,237.0,0.539138
6002.0,238.0,0.000564
6002.0,239.0,1.0
6002.0,240.0,0.46311
6002.0,241.0,0.156159
6002.0,242.0,0.616124
6002.0,243.0,0.651223
6002.0,244.0,0.25322
6002.0,245.0,0.101929
6002.0,246.0,0.373579
6002.0,247.0,0.380075
6002.0,248.0,0.566057
6002.0,249.0,0.193892
6002.0,250.0,0.280698
6002.0,251.0,0.0
6002.0,252.0,0.946095
6002.0,253.0,0.691145
6002.0,254.0,0.212914
6002.0,255.0,0.685516
6002.0,256.0,1.0
6002.0,257.0,0.253575
6002.0,258.0,0.883245
6002.0,259.0,0.298557
6002.0,260.0,0.548341
6002.0,261.0,0.441101
6002.0,262.0,0.088129
6002.0,263.0,0.733855
6002.0,264.0,0.000484
6002.0,265.0,0.928946
6002.0,266.0,0.990281
6002.0,267.0,0.05305
6002.0,268.0,0.0
6002.0,269.0,0.364859
6002.0,270.0,0.46859
6002.0,271.0,0.562995
6002.0,272.0,0.720573
6002.0,273.0,0.329981
6002.0,274.0,0.397966
6002.0,275.0,0.656668
6002.0,276.0,0.796559
6002.0,277.0,0.402294
6002.0,278.0,0.0
6002.0,279.0,0.428411
6002.0,280.0,0.533125
6002.0,281.0,0.517293
6002.0,282.0,0.705216
6002.0,283.0,0.600776
6002.0,284.0,0.444771
6002.0,285.0,0.798498
6002.0,286.0,0.442084
6002.0,287.0,0.0
6002.0,288.0,0.273668
6002.0,289.0,1.0
6002.0,290.0,1.0
6002.0,291.0,0.870031
6002.0,292.0,0.269009
6002.0,293.0,0.008544
6002.0,294.0,0.0
6002.0,295.0,0.496549
6002.0,296.0,0.785279
6002.0,297.0,0.363782
6002.0,298.0,0.573285
6002.0,299.0,0.931741
6002.0,300.0,0.690625
6002.0,301.0,0.0
6002.0,302.0,0.881406
6002.0,303.0,0.800606
6002.0,304.0,0.607706
6002.0,305.0,0.725355
6002.0,306.0,0.997796
6002.0,307.0,0.451473
6002.0,308.0,0.432704
6002.0,309.0,0.741444
6002.0,310.0,0.872444
6002.0,311.0,1.0
6002.0,312.0,0.197012
6002.0,313.0,0.674985
6002.0,314.0,0.534028
6002.0,315.0,1.0
6002.0,316.0,0.726212
6002.0,317.0,0.523418
6002.0,318.0,0.457691
6002.0,319.0,0.0
6002.0,320.0,0.344603
6002.0,321.0,0.117535
6002.0,322.0,0.24572
6002.0,323.0,0.179778
6002.0,324.0,0.254771
6002.0,325.0,0.018793
6002.0,326.0,0.609618
6002.0,327.0,0.0
6002.0,328.0,0.0
6002.0,329.0,0.531665
6002.0,330.0,0.618275
6002.0,331.0,1.0
6002.0,332.0,0.280863
6002.0,333.0,0.220196
6002.0,334.0,0.667446
6003.0,0.0,0.025504
6003.0,1.0,0.929834
6003.0,2.0,0.0
6003.0,3.0,0.681161
6003.0,4.0,0.0
6003.0,5.0,0.241519
6003.0,6.0,0.628672
6003.0,7.0,0.393433
6003.0,8.0,0.497507
6003.0,9.0,0.540328
6003.0,10.0,0.0
6003.0,11.0,0.438389
6003.0,12.0,1.0
6003.0,13.0,0.559279
6003.0,14.0,0.526576
6003.0,15.0,0.344394
6003.0,16.0,0.576651
6003.0,17.0,0.569606
6003.0,18.0,0.0
6003.0,19.0,0.478513
6003.0,20.0,0.58509
6003.0,21.0,0.495553
6003.0,22.0,0.113473
6003.0,23.0,0.553241
6003.0,24.0,0.211381
6003.0,25.0,0.347226
6003.0,26.0,0.694613
6003.0,27.0,0.0
6003.0,28.0,0.411444
6003.0,29.0,0.452425
6003.0,30.0,0.661839
6003.0,31.0,0.4916
6003.0,32.0,0.310519
6003.0,33.0,0.340692
6003.0,34.0,0.886038
6003.0,35.0,0.399239
6003.0,36.0,0.341816
6003.0,37.0,0.35825
6003.0,38.0,0.056159
6003.0,39.0,0.0
6003.0,40.0,0.994392
6003.0,41.0,0.706704
6003.0,42.0,0.009676
6003.0,43.0,0.604347
6003.0,44.0,0.474079
6003.0,45.0,1.0
6003.0,46.0,0.59907
6003.0,47.0,0.36963
6003.0,48.0,0.036431
6003.0,49.0,0.739869
6003.0,50.0,0.997835
6003.0,51.0,0.344518
6003.0,52.0,1.0
6003.0,53.0,0.691451
6003.0,54.0,0.474822
6003.0,55.0,0.793938
6003.0,56.0,0.391898
6003.0,57.0,0.281664
6003.0,58.0,1.0
6003.0,59.0,0.814679
6003.0,60.0,0.042186
6003.0,61.0,0.910408
6003.0,62.0,0.558849
6003.0,63.0,0.63865
6003.0,64.0,0.0
6003.0,65.0,0.622472
6003.0,66.0,0.769354
6003.0,67.0,0.341205
6003.0,68.0,0.288789
6003.0,69.0,0.357081
6003.0,70.0,0.011339
6003.0,71.0,0.595201
6003.0,72.0,0.624293
6003.0,73.0,0.007828
6003.0,74.0,0.766781
6003.0,75.0,0.796735
6003.0,76.0,0.498242
6003.0,77.0,0.009311
6003.0,78.0,0.402818
6003.0,79.0,0.0
6003.0,80.0,0.383005
6003.0,81.0,0.427848
6003.0,82.0,0.550829
6003.0,83.0,1.0
6003.0,84.0,1.0
6003.0,85.0,0.207043
6003.0,86.0,0.581608
6003.0,87.0,0.100701
6003.0,88.0,0.615356
6003.0,89.0,0.187284
6003.0,90.0,0.86196
6003.0,91.0,0.0
6003.0,92.0,0.0
6003.0,93.0,0.500117
6003.0,94.0,0.927494
6003.0,95.0,0.653992
6003.0,96.0,0.285235
6003.0,97.0,0.058641
6003.0,98.0,0.973797
6003.0,99.0,0.371384
6003.0,100.0,0.728546
6003.0,101.0,0.484704
6003.0,102.0,0.743293
6003.0,103.0,0.432304
6003.0,104.0,1.0
6003.0,105.0,0.552958
6003.0,106.0,0.792424
6003.0,107.0,0.6774
6003.0,108.0,0.629765
6003.0,109.0,0.295634
6003.0,110.0,0.533818
6003.0,111.0,0.044772
6003.0,112.0,0.657919
6003.0,113.0,0.541618
6003.0,114.0,0.418122
6003.0,115.0,0.91093
6003.0,116.0,0.0
6003.0,117.0,0.49923
6003.0,118.0,0.704255
6003.0,119.0,0.001528
6003.0,120.0,0.556873
6003.0,121.0,0.462206
6003.0,122.0,0.544188
6003.0,123.0,1.0
6003.0,124.0,0.0
6003.0,125.0,0.31034
6003.0,126.0,0.639763
6003.0,127.0,0.756692
6003.0,128.0,1.0
6003.0,129.0,0.351973
6003.0,130.0,0.0
6003.0,131.0,0.0
6003.0,132.0,0.0
6003.0,133.0,0.180127
6003.0,134.0,0.0
6003.0,135.0,0.999408
6003.0,136.0,0.880094
6003.0,137.0,0.605136
6003.0,138.0,0.157878
6003.0,139.0,0.258849
6003.0,140.0,0.999576
6003.0,141.0,0.615064
6003.0,142.0,0.201588
6003.0,143.0,0.607974
6003.0,144.0,0.0
6003.0,145.0,0.129555
6003.0,146.0,0.617641
6003.0,147.0,1.0
6003.0,148.0,0.725456
6003.0,149.0,1.0
6003.0,150.0,0.475461
6003.0,151.0,0.826984
6003.0,152.0,0.234838
6003.0,153.0,0.670593
6003.0,154.0,0.50291
6003.0,155.0,0.426922
6003.0,156.0,0.433242
6003.0,157.0,1.0
6003.0,158.0,0.456182
6003.0,159.0,0.297716
6003.0,160.0,0.703025
6003.0,161.0,0.974652
6003.0,162.0,0.499803
6003.0,163.0,0.822958
6003.0,164.0,0.06821
6003.0,165.0,0.556973
6003.0,166.0,0.073026
6003.0,167.0,1.0
6003.0,168.0,0.205456
6003.0,169.0,0.668886
6003.0,170.0,0.0
6003.0,171.0,0.560578
6003.0,172.0,0.237096
6003.0,173.0,0.548236
6003.0,174.0,0.156612
6003.0,175.0,0.356729
6003.0,176.0,0.015278
6003.0,177.0,0.856122
6003.0,178.0,0.635984
6003.0,179.0,1.0
6003.0,180.0,0.469043
6003.0,181.0,1.0
6003.0,182.0,0.747319
6003.0,183.0,0.367208
6003.0,184.0,0.342982
6003.0,185.0,0.691164
6003.0,186.0,0.19525
6003.0,187.0,0.364144
6003.0,188.0,0.396994
6003.0,189.0,0.867639
6003.0,190.0,0.422072
6003.0,191.0,0.549559
6003.0,192.0,0.992769
6003.0,193.0,0.566021
6003.0,194.0,0.52374
6003.0,195.0,0.919931
6003.0,196.0,0.498994
6003.0,197.0,0.866995
6003.0,198.0,0.0
6003.0,199.0,0.987045
6003.0,200.0,0.773007
6003.0,201.0,0.14076
6003.0,202.0,0.694935
6003.0,203.0,0.780751
6003.0,204.0,0.321228
6003.0,205.0,0.74676
6003.0,206.0,0.484511
6003.0,207.0,0.681623
6003.0,208.0,0.0
6003.0,209.0,0.884851
6003.0,210.0,1.0
6003.0,211.0,0.450127
6003.0,212.0,0.71729
6003.0,213.0,0.432902
6003.0,214.0,0.639029
6003.0,215.0,0.379919
6003.0,216.0,0.0
6003.0,217.0,0.377555
6003.0,218.0,0.543721
6003.0,219.0,0.699934
6003.0,220.0,1.0
6003.0,221.0,0.698366
6003.0,222.0,0.512305
6003.0,223.0,0.665064
6003.0,224.0,0.589889
6003.0,225.0,1.0
6003.0,226.0,1.0
6003.0,227.0,0.412379
6003.0,228.0,0.960653
6003.0,229.0,0.77423
6003.0,230.0,0.601246
6003.0,231.0,0.00937
6003.0,232.0,0.383838
6003.0,233.0,0.136915
6003.0,234.0,0.125462
6003.0,235.0,0.379152
6003.0,236.0,0.528918
6003.0,237.0,0.542227
6003.0,238.0,0.000534
6003.0,239.0,1.0
6003.0,240.0,0.467523
6003.0,241.0,0.157122
6003.0,242.0,0.618062
6003.0,243.0,0.651777
6003.0,244.0,0.257034
6003.0,245.0,0.104628
6003.0,246.0,0.374089
6003.0,247.0,0.38225
6003.0,248.0,0.571982
6003.0,249.0,0.198755
6003.0,250.0,0.286965
6003.0,251.0,0.0
6003.0,252.0,0.945306
6003.0,253.0,0.691786
6003.0,254.0,0.226735
6003.0,255.0,0.685726
6003.0,256.0,1.0
6003.0,257.0,0.254418
6003.0,258.0,0.883659
6003.0,259.0,0.30172
6003.0,260.0,0.547636
6003.0,261.0,0.443079
6003.0,262.0,0.089206
6003.0,263.0,0.735923
6003.0,264.0,0.000468
6003.0,265.0,0.929795
6003.0,266.0,0.990432
6003.0,267.0,0.05332
6003.0,268.0,0.0
6003.0,269.0,0.368342
6003.0,270.0,0.469841
6003.0,271.0,0.564814
6003.0,272.0,0.721004
6003.0,273.0,0.332908
6003.0,274.0,0.401147
6003.0,275.0,0.667613
6003.0,276.0,0.814703
6003.0,277.0,0.404755
6003.0,278.0,0.0
6003.0,279.0,0.430692
6003.0,280.0,0.537409
6003.0,281.0,0.51993
6003.0,282.0,0.71048
6003.0,283.0,0.609968
6003.0,284.0,0.451068
6003.0,285.0,0.798962
6003.0,286.0,0.448216
6003.0,287.0,0.0
6003.0,288.0,0.27815
6003.0,289.0,1.0
6003.0,290.0,1.0
6003.0,291.0,0.870668
6003.0,292.0,0.271311
6003.0,293.0,0.008839
6003.0,294.0,0.0
6003.0,295.0,0.500979
6003.0,296.0,0.788078
6003.0,297.0,0.365283
6003.0,298.0,0.573348
6003.0,299.0,0.932175
6003.0,300.0,0.697138
6003.0,301.0,0.0
6003.0,302.0,0.88428
6003.0,303.0,0.804978
6003.0,304.0,0.608336
6003.0,305.0,0.731585
6003.0,306.0,0.997846
6003.0,307.0,0.460315
6003.0,308.0,0.43593
6003.0,309.0,0.745073
6003.0,310.0,0.872982
6003.0,311.0,1.0
6003.0,312.0,0.201547
6003.0,313.0,0.677462
6003.0,314.0,0.534974
6003.0,315.0,1.0
6003.0,316.0,0.726763
6003.0,317.0,0.526185
6003.0,318.0,0.458609
6003.0,319.0,0.0
6003.0,320.0,0.353411
6003.0,321.0,0.119036
6003.0,322.0,0.249608
6003.0,323.0,0.182095
6003.0,324.0,0.256381
6003.0,325.0,0.018775
6003.0,326.0,0.615992
6003.0,327.0,0.0
6003.0,328.0,0.0
6003.0,329.0,0.572603
6003.0,330.0,0.619093
6003.0,331.0,1.0
6003.0,332.0,0.281698
6003.0,333.0,0.222513
6003.0,334.0,0.667752
6004.0,0.0,0.025535
6004.0,1.0,0.930352
6004.0,2.0,0.0
6004.0,3.0,0.688113
6004.0,4.0,0.0
6004.0,5.0,0.242839
6004.0,6.0,0.632975
6004.0,7.0,0.399293
6004.0,8.0,0.503723
6004.0,9.0,0.546139
6004.0,10.0,0.0
6004.0,11.0,0.446902
6004.0,12.0,1.0
6004.0,13.0,0.565433
6004.0,14.0,0.534798
6004.0,15.0,0.347428
6004.0,16.0,0.580758
6004.0,17.0,0.572995
6004.0,18.0,0.0
6004.0,19.0,0.480296
6004.0,20.0,0.58652
6004.0,21.0,0.498206
6004.0,22.0,0.113435
6004.0,23.0,0.557445
6004.0,24.0,0.217617
6004.0,25.0,0.352716
6004.0,26.0,0.70418
6004.0,27.0,0.0
6004.0,28.0,0.416388
6004.0,29.0,0.463531
6004.0,30.0,0.662488
6004.0,31.0,0.492615
6004.0,32.0,0.313429
6004.0,33.0,0.342597
6004.0,34.0,0.886161
6004.0,35.0,0.412053
6004.0,36.0,0.342632
6004.0,37.0,0.359026
6004.0,38.0,0.055917
6004.0,39.0,0.0
6004.0,40.0,0.994576
6004.0,41.0,0.709811
6004.0,42.0,0.009894
6004.0,43.0,0.60519
6004.0,44.0,0.477245
6004.0,45.0,1.0
6004.0,46.0,0.600703
6004.0,47.0,0.372679
6004.0,48.0,0.036827
6004.0,49.0,0.741133
6004.0,50.0,0.997782
6004.0,51.0,0.349638
6004.0,52.0,1.0
6004.0,53.0,0.691331
6004.0,54.0,0.482753
6004.0,55.0,0.795459
6004.0,56.0,0.398014
6004.0,57.0,0.283327
6004.0,58.0,1.0
6004.0,59.0,0.815374
6004.0,60.0,0.042349
6004.0,61.0,0.911522
6004.0,62.0,0.566545
6004.0,63.0,0.642107
6004.0,64.0,0.0
6004.0,65.0,0.627344
6004.0,66.0,0.772181
6004.0,67.0,0.344902
6004.0,68.0,0.297008
6004.0,69.0,0.36045
6004.0,70.0,0.011331
6004.0,71.0,0.59604
6004.0,72.0,0.62525
6004.0,73.0,0.00782
6004.0,74.0,0.771744
6004.0,75.0,0.804275
6004.0,76.0,0.503427
6004.0,77.0,0.009436
6004.0,78.0,0.406656
6004.0,79.0,0.0
6004.0,80.0,0.389715
6004.0,81.0,0.430736
6004.0,82.0,0.552722
6004.0,83.0,1.0
6004.0,84.0,1.0
6004.0,85.0,0.209205
6004.0,86.0,0.584244
6004.0,87.0,0.100654
6004.0,88.0,0.617037
6004.0,89.0,0.187517
6004.0,90.0,0.861646
6004.0,91.0,0.0
6004.0,92.0,0.0
6004.0,93.0,0.502189
6004.0,94.0,0.92789
6004.0,95.0,0.656419
6004.0,96.0,0.293684
6004.0,97.0,0.05985
6004.0,98.0,0.974026
6004.0,99.0,0.3752
6004.0,100.0,0.729226
6004.0,101.0,0.493508
6004.0,102.0,0.746404
6004.0,103.0,0.440275
6004.0,104.0,1.0
6004.0,105.0,0.556001
6004.0,106.0,0.799584
6004.0,107.0,0.679936
6004.0,108.0,0.633695
6004.0,109.0,0.296241
6004.0,110.0,0.546892
6004.0,111.0,0.045627
6004.0,112.0,0.661361
6004.0,113.0,0.607612
6004.0,114.0,0.422306
6004.0,115.0,0.911336
6004.0,116.0,0.0
6004.0,117.0,0.509156
6004.0,118.0,0.704901
6004.0,119.0,0.001523
6004.0,120.0,0.5616
6004.0,121.0,0.463443
6004.0,122.0,0.546942
6004.0,123.0,1.0
6004.0,124.0,0.0
6004.0,125.0,0.324098
6004.0,126.0,0.642353
6004.0,127.0,0.770736
6004.0,128.0,1.0
6004.0,129.0,0.351898
6004.0,130.0,0.0
6004.0,131.0,0.0
6004.0,132.0,0.0
6004.0,133.0,0.186385
6004.0,134.0,0.0
6004.0,135.0,0.999418
6004.0,136.0,0.882734
6004.0,137.0,0.606163
6004.0,138.0,0.157687
6004.0,139.0,0.264555
6004.0,140.0,0.999588
6004.0,141.0,0.617709
6004.0,142.0,0.202891
6004.0,143.0,0.610014
6004.0,144.0,0.0
6004.0,145.0,0.130545
6004.0,146.0,0.620876
6004.0,147.0,1.0
6004.0,148.0,0.742161
6004.0,149.0,1.0
6004.0,150.0,0.487346
6004.0,151.0,0.827115
6004.0,152.0,0.234413
6004.0,153.0,0.675641
6004.0,154.0,0.506492
6004.0,155.0,0.43408
6004.0,156.0,0.455002
6004.0,157.0,1.0
6004.0,158.0,0.476423
6004.0,159.0,0.299648
6004.0,160.0,0.707915
6004.0,161.0,0.974596
6004.0,162.0,0.501659
6004.0,163.0,0.824093
6004.0,164.0,0.068836
6004.0,165.0,0.557554
6004.0,166.0,0.073108
6004.0,167.0,1.0
6004.0,168.0,0.205339
6004.0,169.0,0.677025
6004.0,170.0,0.0
6004.0,171.0,0.566484
6004.0,172.0,0.239211
6004.0,173.0,0.553674
6004.0,174.0,0.158919
6004.0,175.0,0.360387
6004.0,176.0,0.015248
6004.0,177.0,0.856311
6004.0,178.0,0.640319
6004.0,179.0,1.0
6004.0,180.0,0.471853
6004.0,181.0,1.0
6004.0,182.0,0.759742
6004.0,183.0,0.37191
6004.0,184.0,0.349033
6004.0,185.0,0.697415
6004.0,186.0,0.196326
6004.0,187.0,0.365346
6004.0,188.0,0.397955
6004.0,189.0,0.874014
6004.0,190.0,0.429821
6004.0,191.0,0.555397
6004.0,192.0,0.992849
6004.0,193.0,0.570197
6004.0,194.0,0.528238
6004.0,195.0,0.920222
6004.0,196.0,0.503603
6004.0,197.0,0.868378
6004.0,198.0,0.0
6004.0,199.0,0.986956
6004.0,200.0,0.773962
6004.0,201.0,0.142087
6004.0,202.0,0.701215
6004.0,203.0,0.786145
6004.0,204.0,0.322513
6004.0,205.0,0.747988
6004.0,206.0,0.507263
6004.0,207.0,0.694285
6004.0,208.0,0.0
6004.0,209.0,0.885336
6004.0,210.0,1.0
6004.0,211.0,0.453523
6004.0,212.0,0.717527
6004.0,213.0,0.435296
6004.0,214.0,0.65025
6004.0,215.0,0.380209
6004.0,216.0,0.0
6004.0,217.0,0.381845
6004.0,218.0,0.554001
6004.0,219.0,0.706028
6004.0,220.0,1.0
6004.0,221.0,0.701604
6004.0,222.0,0.537028
6004.0,223.0,0.669231
6004.0,224.0,0.591651
6004.0,225.0,1.0
6004.0,226.0,1.0
6004.0,227.0,0.413425
6004.0,228.0,0.960873
6004.0,229.0,0.774367
6004.0,230.0,0.602709
6004.0,231.0,0.00946
6004.0,232.0,0.387503
6004.0,233.0,0.136964
6004.0,234.0,0.127996
6004.0,235.0,0.380676
6004.0,236.0,0.531124
6004.0,237.0,0.545663
6004.0,238.0,0.000463
6004.0,239.0,1.0
6004.0,240.0,0.471095
6004.0,241.0,0.157993
6004.0,242.0,0.620748
6004.0,243.0,0.653274
6004.0,244.0,0.259715
6004.0,245.0,0.107343
6004.0,246.0,0.374198
6004.0,247.0,0.383806
6004.0,248.0,0.577418
6004.0,249.0,0.203087
6004.0,250.0,0.293423
6004.0,251.0,0.0
6004.0,252.0,0.944861
6004.0,253.0,0.692848
6004.0,254.0,0.241006
6004.0,255.0,0.686641
6004.0,256.0,1.0
6004.0,257.0,0.255137
6004.0,258.0,0.883813
6004.0,259.0,0.305569
6004.0,260.0,0.546976
6004.0,261.0,0.44484
6004.0,262.0,0.090733
6004.0,263.0,0.737331
6004.0,264.0,0.00044
6004.0,265.0,0.930431
6004.0,266.0,0.990694
6004.0,267.0,0.054139
6004.0,268.0,0.0
6004.0,269.0,0.37168
6004.0,270.0,0.471343
6004.0,271.0,0.567178
6004.0,272.0,0.721519
6004.0,273.0,0.335348
6004.0,274.0,0.403116
6004.0,275.0,0.678413
6004.0,276.0,0.830826
6004.0,277.0,0.406055
6004.0,278.0,0.0
6004.0,279.0,0.433649
6004.0,280.0,0.541265
6004.0,281.0,0.522854
6004.0,282.0,0.714876
6004.0,283.0,0.61924
6004.0,284.0,0.458717
6004.0,285.0,0.799477
6004.0,286.0,0.453753
6004.0,287.0,0.0
6004.0,288.0,0.282876
6004.0,289.0,1.0
6004.0,290.0,1.0
6004.0,291.0,0.871407
6004.0,292.0,0.273828
6004.0,293.0,0.009139
6004.0,294.0,0.0
6004.0,295.0,0.505916
6004.0,296.0,0.789679
6004.0,297.0,0.36629
6004.0,298.0,0.574383
6004.0,299.0,0.932333
6004.0,300.0,0.703427
6004.0,301.0,0.0
6004.0,302.0,0.887275
6004.0,303.0,0.808457
6004.0,304.0,0.609674
6004.0,305.0,0.737698
6004.0,306.0,0.99789
6004.0,307.0,0.468394
6004.0,308.0,0.439263
6004.0,309.0,0.747791
6004.0,310.0,0.874064
6004.0,311.0,1.0
6004.0,312.0,0.207168
6004.0,313.0,0.680184
6004.0,314.0,0.536972
6004.0,315.0,1.0
6004.0,316.0,0.728394
6004.0,317.0,0.528552
6004.0,318.0,0.460961
6004.0,319.0,0.0
6004.0,320.0,0.362134
6004.0,321.0,0.12054
6004.0,322.0,0.25242
6004.0,323.0,0.184573
6004.0,324.0,0.256909
6004.0,325.0,0.018545
6004.0,326.0,0.622679
6004.0,327.0,0.0
6004.0,328.0,0.0
6004.0,329.0,0.612322
6004.0,330.0,0.618942
6004.0,331.0,1.0
6004.0,332.0,0.282037
6004.0,333.0,0.224429
6004.0,334.0,0.668723
6005.0,0.0,0.025614
6005.0,1.0,0.930592
6005.0,2.0,0.0
6005.0,3.0,0.69467
6005.0,4.0,0.0
6005.0,5.0,0.244406
6005.0,6.0,0.636605
6005.0,7.0,0.404251
6005.0,8.0,0.50889
6005.0,9.0,0.551069
6005.0,10.0,0.0
6005.0,11.0,0.454777
6005.0,12.0,1.0
6005.0,13.0,0.571638
6005.0,14.0,0.542668
6005.0,15.0,0.351051
6005.0,16.0,0.584295
6005.0,17.0,0.576468
6005.0,18.0,0.0
6005.0,19.0,0.481974
6005.0,20.0,0.587411
6005.0,21.0,0.501466
6005.0,22.0,0.113477
6005.0,23.0,0.56198
6005.0,24.0,0.222823
6005.0,25.0,0.357361
6005.0,26.0,0.713403
6005.0,27.0,0.0
6005.0,28.0,0.421417
6005.0,29.0,0.474344
6005.0,30.0,0.663503
6005.0,31.0,0.495829
6005.0,32.0,0.317025
6005.0,33.0,0.345845
6005.0,34.0,0.887048
6005.0,35.0,0.425722
6005.0,36.0,0.34413
6005.0,37.0,0.360107
6005.0,38.0,0.056295
6005.0,39.0,0.0
6005.0,40.0,0.9948
6005.0,41.0,0.712469
6005.0,42.0,0.009957
6005.0,43.0,0.60695
6005.0,44.0,0.480533
6005.0,45.0,1.0
6005.0,46.0,0.603762
6005.0,47.0,0.377762
6005.0,48.0,0.037139
6005.0,49.0,0.742927
6005.0,50.0,0.997822
6005.0,51.0,0.353641
6005.0,52.0,1.0
6005.0,53.0,0.691312
6005.0,54.0,0.492379
6005.0,55.0,0.796747
6005.0,56.0,0.403909
6005.0,57.0,0.284367
6005.0,58.0,1.0
6005.0,59.0,0.815941
6005.0,60.0,0.043035
6005.0,61.0,0.911608
6005.0,62.0,0.574106
6005.0,63.0,0.645408
6005.0,64.0,0.0
6005.0,65.0,0.631993
6005.0,66.0,0.775485
6005.0,67.0,0.349838
6005.0,68.0,0.305262
6005.0,69.0,0.364465
6005.0,70.0,0.011556
6005.0,71.0,0.598373
6005.0,72.0,0.626594
6005.0,73.0,0.007858
6005.0,74.0,0.776101
6005.0,75.0,0.81126
6005.0,76.0,0.507528
6005.0,77.0,0.009668
6005.0,78.0,0.411453
6005.0,79.0,0.0
6005.0,80.0,0.396313
6005.0,81.0,0.432712
6005.0,82.0,0.554046
6005.0,83.0,1.0
6005.0,84.0,1.0
6005.0,85.0,0.211459
6005.0,86.0,0.587192
6005.0,87.0,0.100795
6005.0,88.0,0.619109
6005.0,89.0,0.188199
6005.0,90.0,0.861264
6005.0,91.0,0.0
6005.0,92.0,0.0
6005.0,93.0,0.503216
6005.0,94.0,0.928376
6005.0,95.0,0.659172
6005.0,96.0,0.301191
6005.0,97.0,0.060476
6005.0,98.0,0.974311
6005.0,99.0,0.377791
6005.0,100.0,0.731077
6005.0,101.0,0.501771
6005.0,102.0,0.749033
6005.0,103.0,0.447557
6005.0,104.0,1.0
6005.0,105.0,0.558423
6005.0,106.0,0.806535
6005.0,107.0,0.682942
6005.0,108.0,0.637086
6005.0,109.0,0.296222
6005.0,110.0,0.559565
6005.0,111.0,0.046337
6005.0,112.0,0.665174
6005.0,113.0,0.668488
6005.0,114.0,0.42558
6005.0,115.0,0.911903
6005.0,116.0,0.0
6005.0,117.0,0.517884
6005.0,118.0,0.705878
6005.0,119.0,0.0015
6005.0,120.0,0.566934
6005.0,121.0,0.464839
6005.0,122.0,0.549667
6005.0,123.0,1.0
6005.0,124.0,0.0
6005.0,125.0,0.33652
6005.0,126.0,0.644936
6005.0,127.0,0.783182
6005.0,128.0,1.0
6005.0,129.0,0.351939
6005.0,130.0,0.0
6005.0,131.0,0.0
6005.0,132.0,0.0
6005.0,133.0,0.192161
6005.0,134.0,0.0
6005.0,135.0,0.999467
6005.0,136.0,0.885461
6005.0,137.0,0.606997
6005.0,138.0,0.158346
6005.0,139.0,0.270517
6005.0,140.0,0.999586
6005.0,141.0,0.619358
6005.0,142.0,0.204038
6005.0,143.0,0.611915
6005.0,144.0,0.0
6005.0,145.0,0.130439
6005.0,146.0,0.625575
6005.0,147.0,1.0
6005.0,148.0,0.758636
6005.0,149.0,1.0
6005.0,150.0,0.499532
6005.0,151.0,0.827412
6005.0,152.0,0.234129
6005.0,153.0,0.67973
6005.0,154.0,0.509221
6005.0,155.0,0.443445
6005.0,156.0,0.476673
6005.0,157.0,1.0
6005.0,158.0,0.495847
6005.0,159.0,0.300683
6005.0,160.0,0.712192
6005.0,161.0,0.974566
6005.0,162.0,0.503208
6005.0,163.0,0.82527
6005.0,164.0,0.069508
6005.0,165.0,0.558974
6005.0,166.0,0.073132
6005.0,167.0,1.0
6005.0,168.0,0.206225
6005.0,169.0,0.684281
6005.0,170.0,0.0
6005.0,171.0,0.572138
6005.0,172.0,0.240894
6005.0,173.0,0.559552
6005.0,174.0,0.160103
6005.0,175.0,0.363497
6005.0,176.0,0.015432
6005.0,177.0,0.856071
6005.0,178.0,0.645935
6005.0,179.0,1.0
6005.0,180.0,0.47365
6005.0,181.0,1.0
6005.0,182.0,0.770531
6005.0,183.0,0.376281
6005.0,184.0,0.354726
6005.0,185.0,0.70269
6005.0,186.0,0.197654
6005.0,187.0,0.366138
6005.0,188.0,0.399121
6005.0,189.0,0.879587
6005.0,190.0,0.436519
6005.0,191.0,0.560359
6005.0,192.0,0.992951
6005.0,193.0,0.574578
6005.0,194.0,0.533626
6005.0,195.0,0.920678
6005.0,196.0,0.508697
6005.0,197.0,0.869501
6005.0,198.0,0.0
6005.0,199.0,0.98688
6005.0,200.0,0.775312
6005.0,201.0,0.143481
6005.0,202.0,0.706922
6005.0,203.0,0.79
6005.0,204.0,0.322978
6005.0,205.0,0.749492
6005.0,206.0,0.529798
6005.0,207.0,0.706943
6005.0,208.0,0.0
6005.0,209.0,0.88591
6005.0,210.0,1.0
6005.0,211.0,0.457164
6005.0,212.0,0.717378
6005.0,213.0,0.437825
6005.0,214.0,0.661234
6005.0,215.0,0.38133
6005.0,216.0,0.0
6005.0,217.0,0.386552
6005.0,218.0,0.563738
6005.0,219.0,0.712648
6005.0,220.0,1.0
6005.0,221.0,0.704623
6005.0,222.0,0.561748
6005.0,223.0,0.673489
6005.0,224.0,0.593582
6005.0,225.0,1.0
6005.0,226.0,1.0
6005.0,227.0,0.41454
6005.0,228.0,0.960536
6005.0,229.0,0.774831
6005.0,230.0,0.603758
6005.0,231.0,0.009531
6005.0,232.0,0.390559
6005.0,233.0,0.136815
6005.0,234.0,0.130594
6005.0,235.0,0.381677
6005.0,236.0,0.533468
6005.0,237.0,0.548198
6005.0,238.0,0.000447
6005.0,239.0,1.0
6005.0,240.0,0.475038
6005.0,241.0,0.159808
6005.0,242.0,0.622277
6005.0,243.0,0.655113
6005.0,244.0,0.262731
6005.0,245.0,0.110528
6005.0,246.0,0.374769
6005.0,247.0,0.385834
6005.0,248.0,0.582271
6005.0,249.0,0.207316
6005.0,250.0,0.29872
6005.0,251.0,0.0
6005.0,252.0,0.944695
6005.0,253.0,0.69358
6005.0,254.0,0.25536
6005.0,255.0,0.687721
6005.0,256.0,1.0
6005.0,257.0,0.255775
6005.0,258.0,0.884301
6005.0,259.0,0.309232
6005.0,260.0,0.546374
6005.0,261.0,0.446661
6005.0,262.0,0.092073
6005.0,263.0,0.739527
6005.0,264.0,0.00044
6005.0,265.0,0.930325
6005.0,266.0,0.990704
6005.0,267.0,0.05485
6005.0,268.0,0.0
6005.0,269.0,0.374878
6005.0,270.0,0.473322
6005.0,271.0,0.571151
6005.0,272.0,0.72165
6005.0,273.0,0.337298
6005.0,274.0,0.405413
6005.0,275.0,0.688465
6005.0,276.0,0.84519
6005.0,277.0,0.408983
6005.0,278.0,0.0
6005.0,279.0,0.436296
6005.0,280.0,0.545315
6005.0,281.0,0.52578
6005.0,282.0,0.720296
6005.0,283.0,0.627363
6005.0,284.0,0.465499
6005.0,285.0,0.800352
6005.0,286.0,0.460796
6005.0,287.0,0.0
6005.0,288.0,0.286939
6005.0,289.0,1.0
6005.0,290.0,1.0
6005.0,291.0,0.872234
6005.0,292.0,0.276146
6005.0,293.0,0.009652
6005.0,294.0,0.0
6005.0,295.0,0.510248
6005.0,296.0,0.791308
6005.0,297.0,0.367275
6005.0,298.0,0.574854
6005.0,299.0,0.932975
6005.0,300.0,0.70865
6005.0,301.0,0.0
6005.0,302.0,0.890302
6005.0,303.0,0.812433
6005.0,304.0,0.610057
6005.0,305.0,0.74377
6005.0,306.0,0.997915
6005.0,307.0,0.476565
6005.0,308.0,0.442642
6005.0,309.0,0.751398
6005.0,310.0,0.874851
6005.0,311.0,1.0
6005.0,312.0,0.211448
6005.0,313.0,0.682742
6005.0,314.0,0.537896
6005.0,315.0,1.0
6005.0,316.0,0.72924
6005.0,317.0,0.531328
6005.0,318.0,0.462188
6005.0,319.0,0.0
6005.0,320.0,0.37087
6005.0,321.0,0.12238
6005.0,322.0,0.25607
6005.0,323.0,0.186111
6005.0,324.0,0.257521
6005.0,325.0,0.018308
6005.0,326.0,0.628463
6005.0,327.0,0.0
6005.0,328.0,0.0
6005.0,329.0,0.651007
6005.0,330.0,0.619097
6005.0,331.0,1.0
6005.0,332.0,0.281372
6005.0,333.0,0.225807
6005.0,334.0,0.669564
6006.0,0.0,0.025251
6006.0,1.0,0.930477
6006.0,2.0,0.0
6006.0,3.0,0.686794
6006.0,4.0,0.0
6006.0,5.0,0.243113
6006.0,6.0,0.631923
6006.0,7.0,0.398137
6006.0,8.0,0.502759
6006.0,9.0,0.545929
6006.0,10.0,0.0
6006.0,11.0,0.446123
6006.0,12.0,1.0
6006.0,13.0,0.565305
6006.0,14.0,0.534285
6006.0,15.0,0.347139
6006.0,16.0,0.579939
6006.0,17.0,0.572532
6006.0,18.0,0.0
6006.0,19.0,0.479183
6006.0,20.0,0.586281
6006.0,21.0,0.498354
6006.0,22.0,0.112951
6006.0,23.0,0.557782
6006.0,24.0,0.217182
6006.0,25.0,0.353265
6006.0,26.0,0.70271
6006.0,27.0,0.0
6006.0,28.0,0.415393
6006.0,29.0,0.462389
6006.0,30.0,0.661192
6006.0,31.0,0.494305
6006.0,32.0,0.313011
6006.0,33.0,0.344554
6006.0,34.0,0.886298
6006.0,35.0,0.410477
6006.0,36.0,0.342394
6006.0,37.0,0.359109
6006.0,38.0,0.056282
6006.0,39.0,0.0
6006.0,40.0,0.994682
6006.0,41.0,0.708807
6006.0,42.0,0.009734
6006.0,43.0,0.605424
6006.0,44.0,0.476903
6006.0,45.0,1.0
6006.0,46.0,0.601211
6006.0,47.0,0.372995
6006.0,48.0,0.036759
6006.0,49.0,0.74069
6006.0,50.0,0.997809
6006.0,51.0,0.349136
6006.0,52.0,1.0
6006.0,53.0,0.691265
6006.0,54.0,0.482129
6006.0,55.0,0.795418
6006.0,56.0,0.39707
6006.0,57.0,0.283418
6006.0,58.0,1.0
6006.0,59.0,0.815316
6006.0,60.0,0.042913
6006.0,61.0,0.911498
6006.0,62.0,0.567255
6006.0,63.0,0.64154
6006.0,64.0,0.0
6006.0,65.0,0.627526
6006.0,66.0,0.771559
6006.0,67.0,0.345675
6006.0,68.0,0.295936
6006.0,69.0,0.360069
6006.0,70.0,0.011468
6006.0,71.0,0.597133
6006.0,72.0,0.6247
6006.0,73.0,0.007797
6006.0,74.0,0.770921
6006.0,75.0,0.802959
6006.0,76.0,0.502587
6006.0,77.0,0.009586
6006.0,78.0,0.406128
6006.0,79.0,0.0
6006.0,80.0,0.388378
6006.0,81.0,0.430008
6006.0,82.0,0.552982
6006.0,83.0,1.0
6006.0,84.0,1.0
6006.0,85.0,0.209139
6006.0,86.0,0.585198
6006.0,87.0,0.101154
6006.0,88.0,0.616963
6006.0,89.0,0.187845
6006.0,90.0,0.861057
6006.0,91.0,0.0
6006.0,92.0,0.0
6006.0,93.0,0.500866
6006.0,94.0,0.928079
6006.0,95.0,0.656252
6006.0,96.0,0.293075
6006.0,97.0,0.059716
6006.0,98.0,0.974289
6006.0,99.0,0.374422
6006.0,100.0,0.729656
6006.0,101.0,0.49236
6006.0,102.0,0.746892
6006.0,103.0,0.439493
6006.0,104.0,1.0
6006.0,105.0,0.555045
6006.0,106.0,0.798727
6006.0,107.0,0.680303
6006.0,108.0,0.633838
6006.0,109.0,0.295476
6006.0,110.0,0.546189
6006.0,111.0,0.045407
6006.0,112.0,0.660628
6006.0,113.0,0.603278
6006.0,114.0,0.421729
6006.0,115.0,0.912218
6006.0,116.0,0.0
6006.0,117.0,0.508036
6006.0,118.0,0.705931
6006.0,119.0,0.001503
6006.0,120.0,0.561984
6006.0,121.0,0.462531
6006.0,122.0,0.547515
6006.0,123.0,1.0
6006.0,124.0,0.0
6006.0,125.0,0.322148
6006.0,126.0,0.641986
6006.0,127.0,0.769124
6006.0,128.0,1.0
6006.0,129.0,0.353022
6006.0,130.0,0.0
6006.0,131.0,0.0
6006.0,132.0,0.0
6006.0,133.0,0.185883
6006.0,134.0,0.0
6006.0,135.0,0.999479
6006.0,136.0,0.882793
6006.0,137.0,0.607158
6006.0,138.0,0.158564
6006.0,139.0,0.263521
6006.0,140.0,0.999556
6006.0,141.0,0.616603
6006.0,142.0,0.202185
6006.0,143.0,0.609626
6006.0,144.0,0.0
6006.0,145.0,0.129911
6006.0,146.0,0.621329
6006.0,147.0,1.0
6006.0,148.0,0.740709
6006.0,149.0,1.0
6006.0,150.0,0.485085
6006.0,151.0,0.826618
6006.0,152.0,0.234099
6006.0,153.0,0.675369
6006.0,154.0,0.505604
6006.0,155.0,0.43304
6006.0,156.0,0.452491
6006.0,157.0,1.0
6006.0,158.0,0.474769
6006.0,159.0,0.299416
6006.0,160.0,0.708035
6006.0,161.0,0.974145
6006.0,162.0,0.501297
6006.0,163.0,0.823368
6006.0,164.0,0.068682
6006.0,165.0,0.556952
6006.0,166.0,0.073039
6006.0,167.0,1.0
6006.0,168.0,0.205231
6006.0,169.0,0.676468
6006.0,170.0,0.0
6006.0,171.0,0.566621
6006.0,172.0,0.239898
6006.0,173.0,0.553104
6006.0,174.0,0.158473
6006.0,175.0,0.360709
6006.0,176.0,0.015511
6006.0,177.0,0.856078
6006.0,178.0,0.639982
6006.0,179.0,1.0
6006.0,180.0,0.472665
6006.0,181.0,1.0
6006.0,182.0,0.757991
6006.0,183.0,0.370745
6006.0,184.0,0.348949
6006.0,185.0,0.696394
6006.0,186.0,0.196959
6006.0,187.0,0.364534
6006.0,188.0,0.39837
6006.0,189.0,0.873181
6006.0,190.0,0.428624
6006.0,191.0,0.556401
6006.0,192.0,0.992983
6006.0,193.0,0.570095
6006.0,194.0,0.527345
6006.0,195.0,0.919739
6006.0,196.0,0.50289
6006.0,197.0,0.867677
6006.0,198.0,0.0
6006.0,199.0,0.986612
6006.0,200.0,0.774122
6006.0,201.0,0.142221
6006.0,202.0,0.70041
6006.0,203.0,0.785224
6006.0,204.0,0.323049
6006.0,205.0,0.748237
6006.0,206.0,0.501837
6006.0,207.0,0.692737
6006.0,208.0,0.0
6006.0,209.0,0.885437
6006.0,210.0,1.0
6006.0,211.0,0.45284
6006.0,212.0,0.717529
6006.0,213.0,0.435618
6006.0,214.0,0.64933
6006.0,215.0,0.379573
6006.0,216.0,0.0
6006.0,217.0,0.381089
6006.0,218.0,0.55286
6006.0,219.0,0.705799
6006.0,220.0,1.0
6006.0,221.0,0.701536
6006.0,222.0,0.532958
6006.0,223.0,0.671156
6006.0,224.0,0.592627
6006.0,225.0,1.0
6006.0,226.0,1.0
6006.0,227.0,0.413987
6006.0,228.0,0.960887
6006.0,229.0,0.774066
6006.0,230.0,0.602588
6006.0,231.0,0.009653
6006.0,232.0,0.3867
6006.0,233.0,0.137236
6006.0,234.0,0.128332
6006.0,235.0,0.380885
6006.0,236.0,0.530464
6006.0,237.0,0.544564
6006.0,238.0,0.000458
6006.0,239.0,1.0
6006.0,240.0,0.471145
6006.0,241.0,0.159055
6006.0,242.0,0.621384
6006.0,243.0,0.65414
6006.0,244.0,0.258734
6006.0,245.0,0.107528
6006.0,246.0,0.37375
6006.0,247.0,0.38369
6006.0,248.0,0.576516
6006.0,249.0,0.203345
6006.0,250.0,0.293761
6006.0,251.0,0.0
6006.0,252.0,0.945035
6006.0,253.0,0.692516
6006.0,254.0,0.239814
6006.0,255.0,0.687183
6006.0,256.0,1.0
6006.0,257.0,0.255343
6006.0,258.0,0.88379
6006.0,259.0,0.306025
6006.0,260.0,0.54609
6006.0,261.0,0.443744
6006.0,262.0,0.090541
6006.0,263.0,0.737921
6006.0,264.0,0.000449
6006.0,265.0,0.930357
6006.0,266.0,0.99081
6006.0,267.0,0.054406
6006.0,268.0,0.0
6006.0,269.0,0.371536
6006.0,270.0,0.472032
6006.0,271.0,0.568336
6006.0,272.0,0.722125
6006.0,273.0,0.335143
6006.0,274.0,0.403255
6006.0,275.0,0.677227
6006.0,276.0,0.829265
6006.0,277.0,0.407598
6006.0,278.0,0.0
6006.0,279.0,0.433063
6006.0,280.0,0.54109
6006.0,281.0,0.522459
6006.0,282.0,0.715022
6006.0,283.0,0.617922
6006.0,284.0,0.458015
6006.0,285.0,0.800238
6006.0,286.0,0.454628
6006.0,287.0,0.0
6006.0,288.0,0.283054
6006.0,289.0,1.0
6006.0,290.0,1.0
6006.0,291.0,0.872022
6006.0,292.0,0.273663
6006.0,293.0,0.00921
6006.0,294.0,0.0
6006.0,295.0,0.505655
6006.0,296.0,0.788921
6006.0,297.0,0.36569
6006.0,298.0,0.574226
6006.0,299.0,0.932688
6006.0,300.0,0.70169
6006.0,301.0,0.0
6006.0,302.0,0.887538
6006.0,303.0,0.808569
6006.0,304.0,0.609277
6006.0,305.0,0.738475
6006.0,306.0,0.997872
6006.0,307.0,0.467726
6006.0,308.0,0.438617
6006.0,309.0,0.747257
6006.0,310.0,0.873957
6006.0,311.0,1.0
6006.0,312.0,0.205518
6006.0,313.0,0.679488
6006.0,314.0,0.535662
6006.0,315.0,1.0
6006.0,316.0,0.729074
6006.0,317.0,0.528379
6006.0,318.0,0.459437
6006.0,319.0,0.0
6006.0,320.0,0.361244
6006.0,321.0,0.120984
6006.0,322.0,0.253043
6006.0,323.0,0.183614
6006.0,324.0,0.256283
6006.0,325.0,0.017941
6006.0,326.0,0.621906
6006.0,327.0,0.0
6006.0,328.0,0.0
6006.0,329.0,0.606043
6006.0,330.0,0.6193
6006.0,331.0,1.0
6006.0,332.0,0.280451
6006.0,333.0,0.224303
6006.0,334.0,0.668896
6007.0,0.0,0.025029
6007.0,1.0,0.929775
6007.0,2.0,0.0
6007.0,3.0,0.678771
6007.0,4.0,0.0
6007.0,5.0,0.240527
6007.0,6.0,0.628253
6007.0,7.0,0.392286
6007.0,8.0,0.497498
6007.0,9.0,0.540427
6007.0,10.0,0.0
6007.0,11.0,0.43744
6007.0,12.0,1.0
6007.0,13.0,0.558521
6007.0,14.0,0.526425
6007.0,15.0,0.34333
6007.0,16.0,0.575694
6007.0,17.0,0.569479
6007.0,18.0,0.0
6007.0,19.0,0.478247
6007.0,20.0,0.584823
6007.0,21.0,0.494699
6007.0,22.0,0.112382
6007.0,23.0,0.553615
6007.0,24.0,0.211292
6007.0,25.0,0.348313
6007.0,26.0,0.692577
6007.0,27.0,0.0
6007.0,28.0,0.409557
6007.0,29.0,0.450886
6007.0,30.0,0.65881
6007.0,31.0,0.492173
6007.0,32.0,0.310016
6007.0,33.0,0.342321
6007.0,34.0,0.886018
6007.0,35.0,0.396444
6007.0,36.0,0.341161
6007.0,37.0,0.357518
6007.0,38.0,0.055837
6007.0,39.0,0.0
6007.0,40.0,0.994716
6007.0,41.0,0.705798
6007.0,42.0,0.009644
6007.0,43.0,0.604623
6007.0,44.0,0.472993
6007.0,45.0,1.0
6007.0,46.0,0.599053
6007.0,47.0,0.368884
6007.0,48.0,0.036702
6007.0,49.0,0.738628
6007.0,50.0,0.9978
6007.0,51.0,0.343571
6007.0,52.0,1.0
6007.0,53.0,0.69185
6007.0,54.0,0.473919
6007.0,55.0,0.793985
6007.0,56.0,0.391311
6007.0,57.0,0.280914
6007.0,58.0,1.0
6007.0,59.0,0.814741
6007.0,60.0,0.042526
6007.0,61.0,0.911596
6007.0,62.0,0.559418
6007.0,63.0,0.637759
6007.0,64.0,0.0
6007.0,65.0,0.621991
6007.0,66.0,0.76771
6007.0,67.0,0.341724
6007.0,68.0,0.286247
6007.0,69.0,0.356486
6007.0,70.0,0.011392
6007.0,71.0,0.595877
6007.0,72.0,0.622745
6007.0,73.0,0.007932
6007.0,74.0,0.766438
6007.0,75.0,0.794938
6007.0,76.0,0.498033
6007.0,77.0,0.009537
6007.0,78.0,0.401341
6007.0,79.0,0.0
6007.0,80.0,0.381629
6007.0,81.0,0.426818
6007.0,82.0,0.550716
6007.0,83.0,1.0
6007.0,84.0,1.0
6007.0,85.0,0.206871
6007.0,86.0,0.582557
6007.0,87.0,0.10113
6007.0,88.0,0.615735
6007.0,89.0,0.188052
6007.0,90.0,0.860475
6007.0,91.0,0.0
6007.0,92.0,0.0
6007.0,93.0,0.499422
6007.0,94.0,0.927893
6007.0,95.0,0.652355
6007.0,96.0,0.285212
6007.0,97.0,0.05876
6007.0,98.0,0.97413
6007.0,99.0,0.371346
6007.0,100.0,0.728472
6007.0,101.0,0.483153
6007.0,102.0,0.744563
6007.0,103.0,0.431044
6007.0,104.0,1.0
6007.0,105.0,0.552184
6007.0,106.0,0.790436
6007.0,107.0,0.678132
6007.0,108.0,0.629884
6007.0,109.0,0.29447
6007.0,110.0,0.533577
6007.0,111.0,0.044999
6007.0,112.0,0.655993
6007.0,113.0,0.533118
6007.0,114.0,0.41781
6007.0,115.0,0.911932
6007.0,116.0,0.0
6007.0,117.0,0.498806
6007.0,118.0,0.704752
6007.0,119.0,0.00146
6007.0,120.0,0.556801
6007.0,121.0,0.460771
6007.0,122.0,0.545615
6007.0,123.0,1.0
6007.0,124.0,0.0
6007.0,125.0,0.308277
6007.0,126.0,0.639937
6007.0,127.0,0.754862
6007.0,128.0,1.0
6007.0,129.0,0.354533
6007.0,130.0,0.0
6007.0,131.0,0.0
6007.0,132.0,0.0
6007.0,133.0,0.179779
6007.0,134.0,0.0
6007.0,135.0,0.999459
6007.0,136.0,0.880305
6007.0,137.0,0.605687
6007.0,138.0,0.15837
6007.0,139.0,0.256934
6007.0,140.0,0.999584
6007.0,141.0,0.61434
6007.0,142.0,0.200963
6007.0,143.0,0.606846
6007.0,144.0,0.0
6007.0,145.0,0.128977
6007.0,146.0,0.616804
6007.0,147.0,1.0
6007.0,148.0,0.722455
6007.0,149.0,1.0
6007.0,150.0,0.470747
6007.0,151.0,0.825324
6007.0,152.0,0.233425
6007.0,153.0,0.669802
6007.0,154.0,0.502448
6007.0,155.0,0.423967
6007.0,156.0,0.429036
6007.0,157.0,1.0
6007.0,158.0,0.453387
6007.0,159.0,0.298584
6007.0,160.0,0.703804
6007.0,161.0,0.974078
6007.0,162.0,0.500029
6007.0,163.0,0.822406
6007.0,164.0,0.06785
6007.0,165.0,0.555145
6007.0,166.0,0.073112
6007.0,167.0,1.0
6007.0,168.0,0.204104
6007.0,169.0,0.668818
6007.0,170.0,0.0
6007.0,171.0,0.559912
6007.0,172.0,0.237412
6007.0,173.0,0.546034
6007.0,174.0,0.156658
6007.0,175.0,0.359375
6007.0,176.0,0.015264
6007.0,177.0,0.855408
6007.0,178.0,0.634329
6007.0,179.0,1.0
6007.0,180.0,0.470196
6007.0,181.0,1.0
6007.0,182.0,0.744694
6007.0,183.0,0.364913
6007.0,184.0,0.343237
6007.0,185.0,0.690145
6007.0,186.0,0.196636
6007.0,187.0,0.363307
6007.0,188.0,0.397509
6007.0,189.0,0.867058
6007.0,190.0,0.419773
6007.0,191.0,0.551525
6007.0,192.0,0.992872
6007.0,193.0,0.565972
6007.0,194.0,0.522494
6007.0,195.0,0.919028
6007.0,196.0,0.497098
6007.0,197.0,0.865857
6007.0,198.0,0.0
6007.0,199.0,0.987012
6007.0,200.0,0.772903
6007.0,201.0,0.141199
6007.0,202.0,0.692801
6007.0,203.0,0.780757
6007.0,204.0,0.322743
6007.0,205.0,0.746105
6007.0,206.0,0.477265
6007.0,207.0,0.678345
6007.0,208.0,0.0
6007.0,209.0,0.885059
6007.0,210.0,1.0
6007.0,211.0,0.448966
6007.0,212.0,0.717577
6007.0,213.0,0.433786
6007.0,214.0,0.636686
6007.0,215.0,0.378439
6007.0,216.0,0.0
6007.0,217.0,0.377073
6007.0,218.0,0.542176
6007.0,219.0,0.700201
6007.0,220.0,1.0
6007.0,221.0,0.69716
6007.0,222.0,0.506648
6007.0,223.0,0.666789
6007.0,224.0,0.591782
6007.0,225.0,1.0
6007.0,226.0,1.0
6007.0,227.0,0.412853
6007.0,228.0,0.960821
6007.0,229.0,0.773977
6007.0,230.0,0.600471
6007.0,231.0,0.009835
6007.0,232.0,0.381769
6007.0,233.0,0.137202
6007.0,234.0,0.12622
6007.0,235.0,0.380273
6007.0,236.0,0.527872
6007.0,237.0,0.542479
6007.0,238.0,0.000466
6007.0,239.0,1.0
6007.0,240.0,0.467818
6007.0,241.0,0.157678
6007.0,242.0,0.620426
6007.0,243.0,0.653199
6007.0,244.0,0.2549
6007.0,245.0,0.104935
6007.0,246.0,0.373259
6007.0,247.0,0.38228
6007.0,248.0,0.570339
6007.0,249.0,0.198169
6007.0,250.0,0.287111
6007.0,251.0,0.0
6007.0,252.0,0.945592
6007.0,253.0,0.691147
6007.0,254.0,0.224639
6007.0,255.0,0.68602
6007.0,256.0,1.0
6007.0,257.0,0.254713
6007.0,258.0,0.883478
6007.0,259.0,0.30274
6007.0,260.0,0.547433
6007.0,261.0,0.441588
6007.0,262.0,0.088912
6007.0,263.0,0.736939
6007.0,264.0,0.000456
6007.0,265.0,0.929815
6007.0,266.0,0.990728
6007.0,267.0,0.053776
6007.0,268.0,0.0
6007.0,269.0,0.368846
6007.0,270.0,0.471254
6007.0,271.0,0.565587
6007.0,272.0,0.722986
6007.0,273.0,0.332172
6007.0,274.0,0.40007
6007.0,275.0,0.666166
6007.0,276.0,0.812286
6007.0,277.0,0.405879
6007.0,278.0,0.0
6007.0,279.0,0.429913
6007.0,280.0,0.537085
6007.0,281.0,0.519512
6007.0,282.0,0.709487
6007.0,283.0,0.607145
6007.0,284.0,0.451346
6007.0,285.0,0.799999
6007.0,286.0,0.448244
6007.0,287.0,0.0
6007.0,288.0,0.278256
6007.0,289.0,1.0
6007.0,290.0,1.0
6007.0,291.0,0.870813
6007.0,292.0,0.270961
6007.0,293.0,0.008926
6007.0,294.0,0.0
6007.0,295.0,0.500992
6007.0,296.0,0.786832
6007.0,297.0,0.364071
6007.0,298.0,0.573582
6007.0,299.0,0.932525
6007.0,300.0,0.695846
6007.0,301.0,0.0
6007.0,302.0,0.884145
6007.0,303.0,0.804687
6007.0,304.0,0.609385
6007.0,305.0,0.732969
6007.0,306.0,0.997829
6007.0,307.0,0.459769
6007.0,308.0,0.435825
6007.0,309.0,0.743479
6007.0,310.0,0.873344
6007.0,311.0,1.0
6007.0,312.0,0.199258
6007.0,313.0,0.677203
6007.0,314.0,0.534774
6007.0,315.0,1.0
6007.0,316.0,0.729129
6007.0,317.0,0.52549
6007.0,318.0,0.457215
6007.0,319.0,0.0
6007.0,320.0,0.351589
6007.0,321.0,0.119483
6007.0,322.0,0.249845
6007.0,323.0,0.181589
6007.0,324.0,0.254845
6007.0,325.0,0.018068
6007.0,326.0,0.614137
6007.0,327.0,0.0
6007.0,328.0,0.0
6007.0,329.0,0.562737
6007.0,330.0,0.618565
6007.0,331.0,1.0
6007.0,332.0,0.279743
6007.0,333.0,0.222626
6007.0,334.0,0.668305
6008.0,0.0,0.024595
6008.0,1.0,0.929375
6008.0,2.0,0.0
6008.0,3.0,0.671016
6008.0,4.0,0.0
6008.0,5.0,0.239406
6008.0,6.0,0.624568
6008.0,7.0,0.386547
6008.0,8.0,0.491072
6008.0,9.0,0.535356
6008.0,10.0,0.0
6008.0,11.0,0.429097
6008.0,12.0,1.0
6008.0,13.0,0.552606
6008.0,14.0,0.517491
6008.0,15.0,0.340036
6008.0,16.0,0.570473
6008.0,17.0,0.566835
6008.0,18.0,0.0
6008.0,19.0,0.475657
6008.0,20.0,0.58287
6008.0,21.0,0.490744
6008.0,22.0,0.111602
6008.0,23.0,0.549609
6008.0,24.0,0.205508
6008.0,25.0,0.34262
6008.0,26.0,0.682356
6008.0,27.0,0.0
6008.0,28.0,0.405
6008.0,29.0,0.439566
6008.0,30.0,0.657493
6008.0,31.0,0.489891
6008.0,32.0,0.307104
6008.0,33.0,0.339585
6008.0,34.0,0.885631
6008.0,35.0,0.382578
6008.0,36.0,0.339644
6008.0,37.0,0.356502
6008.0,38.0,0.055613
6008.0,39.0,0.0
6008.0,40.0,0.994785
6008.0,41.0,0.702321
6008.0,42.0,0.009438
6008.0,43.0,0.603019
6008.0,44.0,0.468973
6008.0,45.0,1.0
6008.0,46.0,0.595466
6008.0,47.0,0.364374
6008.0,48.0,0.036519
6008.0,49.0,0.737156
6008.0,50.0,0.997759
6008.0,51.0,0.339562
6008.0,52.0,1.0
6008.0,53.0,0.692416
6008.0,54.0,0.46481
6008.0,55.0,0.792681
6008.0,56.0,0.384301
6008.0,57.0,0.279355
6008.0,58.0,1.0
6008.0,59.0,0.813554
6008.0,60.0,0.042195
6008.0,61.0,0.910891
6008.0,62.0,0.553101
6008.0,63.0,0.63347
6008.0,64.0,0.0
6008.0,65.0,0.616882
6008.0,66.0,0.763964
6008.0,67.0,0.33713
6008.0,68.0,0.276928
6008.0,69.0,0.352213
6008.0,70.0,0.011256
6008.0,71.0,0.593934
6008.0,72.0,0.621394
6008.0,73.0,0.007845
6008.0,74.0,0.76123
6008.0,75.0,0.786038
6008.0,76.0,0.493577
6008.0,77.0,0.009574
6008.0,78.0,0.396315
6008.0,79.0,0.0
6008.0,80.0,0.374235
6008.0,81.0,0.423801
6008.0,82.0,0.548761
6008.0,83.0,1.0
6008.0,84.0,1.0
6008.0,85.0,0.205593
6008.0,86.0,0.581133
6008.0,87.0,0.100486
6008.0,88.0,0.615044
6008.0,89.0,0.187915
6008.0,90.0,0.859988
6008.0,91.0,0.0
6008.0,92.0,0.0
6008.0,93.0,0.497069
6008.0,94.0,0.927527
6008.0,95.0,0.64837
6008.0,96.0,0.2771
6008.0,97.0,0.057857
6008.0,98.0,0.97395
6008.0,99.0,0.366958
6008.0,100.0,0.72681
6008.0,101.0,0.473858
6008.0,102.0,0.742377
6008.0,103.0,0.422965
6008.0,104.0,1.0
6008.0,105.0,0.548686
6008.0,106.0,0.782282
6008.0,107.0,0.674821
6008.0,108.0,0.625916
6008.0,109.0,0.294436
6008.0,110.0,0.520954
6008.0,111.0,0.044557
6008.0,112.0,0.652307
6008.0,113.0,0.462515
6008.0,114.0,0.413706
6008.0,115.0,0.911754
6008.0,116.0,0.0
6008.0,117.0,0.489725
6008.0,118.0,0.704702
6008.0,119.0,0.001406
6008.0,120.0,0.551907
6008.0,121.0,0.459488
6008.0,122.0,0.544231
6008.0,123.0,1.0
6008.0,124.0,0.0
6008.0,125.0,0.29542
6008.0,126.0,0.637523
6008.0,127.0,0.740694
6008.0,128.0,1.0
6008.0,129.0,0.35485
6008.0,130.0,0.0
6008.0,131.0,0.0
6008.0,132.0,0.0
6008.0,133.0,0.174481
6008.0,134.0,0.0
6008.0,135.0,0.999428
6008.0,136.0,0.877069
6008.0,137.0,0.604959
6008.0,138.0,0.157818
6008.0,139.0,0.250844
6008.0,140.0,0.999584
6008.0,141.0,0.611035
6008.0,142.0,0.198757
6008.0,143.0,0.604305
6008.0,144.0,0.0
6008.0,145.0,0.128254
6008.0,146.0,0.613542
6008.0,147.0,1.0
6008.0,148.0,0.704212
6008.0,149.0,1.0
6008.0,150.0,0.457617
6008.0,151.0,0.824575
6008.0,152.0,0.23253
6008.0,153.0,0.664335
6008.0,154.0,0.499741
6008.0,155.0,0.414808
6008.0,156.0,0.405948
6008.0,157.0,1.0
6008.0,158.0,0.43084
6008.0,159.0,0.297374
6008.0,160.0,0.698792
6008.0,161.0,0.974248
6008.0,162.0,0.498046
6008.0,163.0,0.820665
6008.0,164.0,0.066853
6008.0,165.0,0.553119
6008.0,166.0,0.07358
6008.0,167.0,1.0
6008.0,168.0,0.204098
6008.0,169.0,0.661379
6008.0,170.0,0.0
6008.0,171.0,0.553707
6008.0,172.0,0.235788
6008.0,173.0,0.540566
6008.0,174.0,0.154873
6008.0,175.0,0.355742
6008.0,176.0,0.015155
6008.0,177.0,0.855435
6008.0,178.0,0.628883
6008.0,179.0,1.0
6008.0,180.0,0.467853
6008.0,181.0,1.0
6008.0,182.0,0.731219
6008.0,183.0,0.359632
6008.0,184.0,0.338293
6008.0,185.0,0.684561
6008.0,186.0,0.196482
6008.0,187.0,0.362539
6008.0,188.0,0.397327
6008.0,189.0,0.860844
6008.0,190.0,0.41296
6008.0,191.0,0.546246
6008.0,192.0,0.992788
6008.0,193.0,0.562163
6008.0,194.0,0.517007
6008.0,195.0,0.918073
6008.0,196.0,0.492059
6008.0,197.0,0.865025
6008.0,198.0,0.0
6008.0,199.0,0.986867
6008.0,200.0,0.772323
6008.0,201.0,0.140604
6008.0,202.0,0.686747
6008.0,203.0,0.776676
6008.0,204.0,0.322287
6008.0,205.0,0.745308
6008.0,206.0,0.453179
6008.0,207.0,0.664689
6008.0,208.0,0.0
6008.0,209.0,0.884661
6008.0,210.0,1.0
6008.0,211.0,0.445358
6008.0,212.0,0.718143
6008.0,213.0,0.431531
6008.0,214.0,0.624699
6008.0,215.0,0.377583
6008.0,216.0,0.0
6008.0,217.0,0.373284
6008.0,218.0,0.530649
6008.0,219.0,0.694357
6008.0,220.0,1.0
6008.0,221.0,0.692917
6008.0,222.0,0.482512
6008.0,223.0,0.662299
6008.0,224.0,0.590948
6008.0,225.0,1.0
6008.0,226.0,1.0
6008.0,227.0,0.41179
6008.0,228.0,0.96059
6008.0,229.0,0.773241
6008.0,230.0,0.59982
6008.0,231.0,0.01
6008.0,232.0,0.378054
6008.0,233.0,0.137009
6008.0,234.0,0.123579
6008.0,235.0,0.378463
6008.0,236.0,0.525953
6008.0,237.0,0.539596
6008.0,238.0,0.00044
6008.0,239.0,1.0
6008.0,240.0,0.46414
6008.0,241.0,0.157595
6008.0,242.0,0.618337
6008.0,243.0,0.651616
6008.0,244.0,0.250755
6008.0,245.0,0.102536
6008.0,246.0,0.372465
6008.0,247.0,0.380198
6008.0,248.0,0.564353
6008.0,249.0,0.194281
6008.0,250.0,0.280975
6008.0,251.0,0.0
6008.0,252.0,0.946066
6008.0,253.0,0.69145
6008.0,254.0,0.210497
6008.0,255.0,0.685212
6008.0,256.0,1.0
6008.0,257.0,0.25417
6008.0,258.0,0.883303
6008.0,259.0,0.300775
6008.0,260.0,0.547465
6008.0,261.0,0.43951
6008.0,262.0,0.088014
6008.0,263.0,0.735872
6008.0,264.0,0.000442
6008.0,265.0,0.929372
6008.0,266.0,0.990493
6008.0,267.0,0.053019
6008.0,268.0,0.0
6008.0,269.0,0.365843
6008.0,270.0,0.469459
6008.0,271.0,0.563094
6008.0,272.0,0.722064
6008.0,273.0,0.330114
6008.0,274.0,0.397974
6008.0,275.0,0.655403
6008.0,276.0,0.794123
6008.0,277.0,0.404041
6008.0,278.0,0.0
6008.0,279.0,0.426955
6008.0,280.0,0.532286
6008.0,281.0,0.516672
6008.0,282.0,0.704124
6008.0,283.0,0.598759
6008.0,284.0,0.44393
6008.0,285.0,0.799886
6008.0,286.0,0.442175
6008.0,287.0,0.0
6008.0,288.0,0.273466
6008.0,289.0,1.0
6008.0,290.0,1.0
6008.0,291.0,0.870436
6008.0,292.0,0.268467
6008.0,293.0,0.008421
6008.0,294.0,0.0
6008.0,295.0,0.495807
6008.0,296.0,0.784651
6008.0,297.0,0.363695
6008.0,298.0,0.574403
6008.0,299.0,0.93232
6008.0,300.0,0.688791
6008.0,301.0,0.0
6008.0,302.0,0.880816
6008.0,303.0,0.801249
6008.0,304.0,0.608381
6008.0,305.0,0.727889
6008.0,306.0,0.997744
6008.0,307.0,0.451546
6008.0,308.0,0.432004
6008.0,309.0,0.740364
6008.0,310.0,0.873043
6008.0,311.0,1.0
6008.0,312.0,0.193873
6008.0,313.0,0.673966
6008.0,314.0,0.533456
6008.0,315.0,1.0
6008.0,316.0,0.728718
6008.0,317.0,0.522382
6008.0,318.0,0.455429
6008.0,319.0,0.0
6008.0,320.0,0.342131
6008.0,321.0,0.118265
6008.0,322.0,0.245879
6008.0,323.0,0.178859
6008.0,324.0,0.253152
6008.0,325.0,0.018048
6008.0,326.0,0.606809
6008.0,327.0,0.0
6008.0,328.0,0.0
6008.0,329.0,0.52214
6008.0,330.0,0.618235
6008.0,331.0,1.0
6008.0,332.0,0.279691
6008.0,333.0,0.220549
6008.0,334.0,0.666797
6009.0,0.0,0.024773
6009.0,1.0,0.929157
6009.0,2.0,0.0
6009.0,3.0,0.663382
6009.0,4.0,0.0
6009.0,5.0,0.23751
6009.0,6.0,0.621357
6009.0,7.0,0.381069
6009.0,8.0,0.484272
6009.0,9.0,0.529977
6009.0,10.0,0.0
6009.0,11.0,0.420384
6009.0,12.0,1.0
6009.0,13.0,0.546684
6009.0,14.0,0.509473
6009.0,15.0,0.335572
6009.0,16.0,0.565975
6009.0,17.0,0.564409
6009.0,18.0,0.0
6009.0,19.0,0.47306
6009.0,20.0,0.582332
6009.0,21.0,0.486672
6009.0,22.0,0.111675
6009.0,23.0,0.545421
6009.0,24.0,0.199914
6009.0,25.0,0.33792
6009.0,26.0,0.671858
6009.0,27.0,0.0
6009.0,28.0,0.400192
6009.0,29.0,0.429049
6009.0,30.0,0.655054
6009.0,31.0,0.488622
6009.0,32.0,0.303869
6009.0,33.0,0.337288
6009.0,34.0,0.885153
6009.0,35.0,0.369916
6009.0,36.0,0.338403
6009.0,37.0,0.355897
6009.0,38.0,0.055284
6009.0,39.0,0.0
6009.0,40.0,0.994616
6009.0,41.0,0.698677
6009.0,42.0,0.009332
6009.0,43.0,0.601
6009.0,44.0,0.464782
6009.0,45.0,1.0
6009.0,46.0,0.593293
6009.0,47.0,0.360103
6009.0,48.0,0.036228
6009.0,49.0,0.735836
6009.0,50.0,0.997762
6009.0,51.0,0.334796
6009.0,52.0,1.0
6009.0,53.0,0.693091
6009.0,54.0,0.457311
6009.0,55.0,0.791328
6009.0,56.0,0.378888
6009.0,57.0,0.277171
6009.0,58.0,1.0
6009.0,59.0,0.81201
6009.0,60.0,0.0421
6009.0,61.0,0.910069
6009.0,62.0,0.546226
6009.0,63.0,0.63064
6009.0,64.0,0.0
6009.0,65.0,0.611405
6009.0,66.0,0.759835
6009.0,67.0,0.33236
6009.0,68.0,0.268862
6009.0,69.0,0.3483
6009.0,70.0,0.011168
6009.0,71.0,0.592123
6009.0,72.0,0.620245
6009.0,73.0,0.008006
6009.0,74.0,0.755718
6009.0,75.0,0.777193
6009.0,76.0,0.488678
6009.0,77.0,0.009619
6009.0,78.0,0.391445
6009.0,79.0,0.0
6009.0,80.0,0.36687
6009.0,81.0,0.421486
6009.0,82.0,0.547196
6009.0,83.0,1.0
6009.0,84.0,1.0
6009.0,85.0,0.204584
6009.0,86.0,0.578394
6009.0,87.0,0.099753
6009.0,88.0,0.612713
6009.0,89.0,0.187612
6009.0,90.0,0.859603
6009.0,91.0,0.0
6009.0,92.0,0.0
6009.0,93.0,0.495198
6009.0,94.0,0.926797
6009.0,95.0,0.644494
6009.0,96.0,0.269849
6009.0,97.0,0.056498
6009.0,98.0,0.97361
6009.0,99.0,0.363715
6009.0,100.0,0.72593
6009.0,101.0,0.465779
6009.0,102.0,0.740125
6009.0,103.0,0.415015
6009.0,104.0,1.0
6009.0,105.0,0.54512
6009.0,106.0,0.774654
6009.0,107.0,0.67162
6009.0,108.0,0.621473
6009.0,109.0,0.294783
6009.0,110.0,0.508926
6009.0,111.0,0.043703
6009.0,112.0,0.648015
6009.0,113.0,0.394197
6009.0,114.0,0.409037
6009.0,115.0,0.911881
6009.0,116.0,0.0
6009.0,117.0,0.480543
6009.0,118.0,0.70404
6009.0,119.0,0.001413
6009.0,120.0,0.548103
6009.0,121.0,0.458383
6009.0,122.0,0.54181
6009.0,123.0,1.0
6009.0,124.0,0.0
6009.0,125.0,0.282886
6009.0,126.0,0.635413
6009.0,127.0,0.726112
6009.0,128.0,1.0
6009.0,129.0,0.355372
6009.0,130.0,0.0
6009.0,131.0,0.0
6009.0,132.0,0.0
6009.0,133.0,0.168599
6009.0,134.0,0.0
6009.0,135.0,0.9994
6009.0,136.0,0.873962
6009.0,137.0,0.603367
6009.0,138.0,0.156965
6009.0,139.0,0.244156
6009.0,140.0,0.999573
6009.0,141.0,0.608576
6009.0,142.0,0.196832
6009.0,143.0,0.602513
6009.0,144.0,0.0
6009.0,145.0,0.127231
6009.0,146.0,0.609204
6009.0,147.0,1.0
6009.0,148.0,0.686432
6009.0,149.0,1.0
6009.0,150.0,0.444628
6009.0,151.0,0.824076
6009.0,152.0,0.231559
6009.0,153.0,0.658927
6009.0,154.0,0.496773
6009.0,155.0,0.405807
6009.0,156.0,0.38487
6009.0,157.0,1.0
6009.0,158.0,0.408906
6009.0,159.0,0.295899
6009.0,160.0,0.693637
6009.0,161.0,0.974166
6009.0,162.0,0.495827
6009.0,163.0,0.819514
6009.0,164.0,0.065759
6009.0,165.0,0.552108
6009.0,166.0,0.073347
6009.0,167.0,1.0
6009.0,168.0,0.203885
6009.0,169.0,0.653611
6009.0,170.0,0.0
6009.0,171.0,0.549032
6009.0,172.0,0.233592
6009.0,173.0,0.534742
6009.0,174.0,0.152217
6009.0,175.0,0.352367
6009.0,176.0,0.015123
6009.0,177.0,0.855966
6009.0,178.0,0.622721
6009.0,179.0,1.0
6009.0,180.0,0.465998
6009.0,181.0,1.0
6009.0,182.0,0.718932
6009.0,183.0,0.354632
6009.0,184.0,0.333003
6009.0,185.0,0.678451
6009.0,186.0,0.196048
6009.0,187.0,0.3615
6009.0,188.0,0.396463
6009.0,189.0,0.853849
6009.0,190.0,0.405152
6009.0,191.0,0.541408
6009.0,192.0,0.992882
6009.0,193.0,0.558223
6009.0,194.0,0.511728
6009.0,195.0,0.917662
6009.0,196.0,0.486957
6009.0,197.0,0.863579
6009.0,198.0,0.0
6009.0,199.0,0.986768
6009.0,200.0,0.771633
6009.0,201.0,0.138954
6009.0,202.0,0.680235
6009.0,203.0,0.771909
6009.0,204.0,0.321297
6009.0,205.0,0.743273
6009.0,206.0,0.430396
6009.0,207.0,0.650633
6009.0,208.0,0.0
6009.0,209.0,0.883412
6009.0,210.0,1.0
6009.0,211.0,0.441541
6009.0,212.0,0.718261
6009.0,213.0,0.429597
6009.0,214.0,0.612399
6009.0,215.0,0.375892
6009.0,216.0,0.0
6009.0,217.0,0.36885
6009.0,218.0,0.519798
6009.0,219.0,0.68976
6009.0,220.0,1.0
6009.0,221.0,0.689543
6009.0,222.0,0.458973
6009.0,223.0,0.658521
6009.0,224.0,0.588939
6009.0,225.0,1.0
6009.0,226.0,1.0
6009.0,227.0,0.411836
6009.0,228.0,0.960374
6009.0,229.0,0.771681
6009.0,230.0,0.598577
6009.0,231.0,0.009917
6009.0,232.0,0.373869
6009.0,233.0,0.137015
6009.0,234.0,0.120958
6009.0,235.0,0.377089
6009.0,236.0,0.523839
6009.0,237.0,0.53731
6009.0,238.0,0.000444
6009.0,239.0,1.0
6009.0,240.0,0.46057
6009.0,241.0,0.156574
6009.0,242.0,0.617449
6009.0,243.0,0.65135
6009.0,244.0,0.247786
6009.0,245.0,0.100466
6009.0,246.0,0.371369
6009.0,247.0,0.378965
6009.0,248.0,0.558115
6009.0,249.0,0.189786
6009.0,250.0,0.275476
6009.0,251.0,0.0
6009.0,252.0,0.946739
6009.0,253.0,0.690327
6009.0,254.0,0.197314
6009.0,255.0,0.683373
6009.0,256.0,1.0
6009.0,257.0,0.253058
6009.0,258.0,0.88258
6009.0,259.0,0.298068
6009.0,260.0,0.547331
6009.0,261.0,0.438062
6009.0,262.0,0.087106
6009.0,263.0,0.734464
6009.0,264.0,0.000471
6009.0,265.0,0.928633
6009.0,266.0,0.990371
6009.0,267.0,0.052629
6009.0,268.0,0.0
6009.0,269.0,0.363075
6009.0,270.0,0.467569
6009.0,271.0,0.561149
6009.0,272.0,0.721587
6009.0,273.0,0.32798
6009.0,274.0,0.395339
6009.0,275.0,0.645549
6009.0,276.0,0.775194
6009.0,277.0,0.401297
6009.0,278.0,0.0
6009.0,279.0,0.424379
6009.0,280.0,0.52831
6009.0,281.0,0.51423
6009.0,282.0,0.698782
6009.0,283.0,0.590107
6009.0,284.0,0.437132
6009.0,285.0,0.799299
6009.0,286.0,0.435967
6009.0,287.0,0.0
6009.0,288.0,0.269204
6009.0,289.0,1.0
6009.0,290.0,1.0
6009.0,291.0,0.869331
6009.0,292.0,0.265366
6009.0,293.0,0.008229
6009.0,294.0,0.0
6009.0,295.0,0.490544
6009.0,296.0,0.783029
6009.0,297.0,0.36175
6009.0,298.0,0.574082
6009.0,299.0,0.932366
6009.0,300.0,0.682908
6009.0,301.0,0.0
6009.0,302.0,0.877556
6009.0,303.0,0.797464
6009.0,304.0,0.608336
6009.0,305.0,0.721755
6009.0,306.0,0.997685
6009.0,307.0,0.442345
6009.0,308.0,0.427756
6009.0,309.0,0.737215
6009.0,310.0,0.872667
6009.0,311.0,1.0
6009.0,312.0,0.188484
6009.0,313.0,0.671467
6009.0,314.0,0.530982
6009.0,315.0,1.0
6009.0,316.0,0.727321
6009.0,317.0,0.51964
6009.0,318.0,0.4534
6009.0,319.0,0.0
6009.0,320.0,0.334382
6009.0,321.0,0.116458
6009.0,322.0,0.242658
6009.0,323.0,0.177
6009.0,324.0,0.2523
6009.0,325.0,0.01819
6009.0,326.0,0.599789
6009.0,327.0,0.0
6009.0,328.0,0.0
6009.0,329.0,0.484229
6009.0,330.0,0.617447
6009.0,331.0,1.0
6009.0,332.0,0.279561
6009.0,333.0,0.218393
6009.0,334.0,0.665836
6010.0,0.0,0.02467
6010.0,1.0,0.92875
6010.0,2.0,0.0
6010.0,3.0,0.655875
6010.0,4.0,0.0
6010.0,5.0,0.236007
6010.0,6.0,0.617961
6010.0,7.0,0.375946
6010.0,8.0,0.478527
6010.0,9.0,0.526122
6010.0,10.0,0.0
6010.0,11.0,0.412553
6010.0,12.0,1.0
6010.0,13.0,0.54049
6010.0,14.0,0.501611
6010.0,15.0,0.332096
6010.0,16.0,0.561983
6010.0,17.0,0.560557
6010.0,18.0,0.0
6010.0,19.0,0.470896
6010.0,20.0,0.581171
6010.0,21.0,0.484388
6010.0,22.0,0.111622
6010.0,23.0,0.541485
6010.0,24.0,0.194328
6010.0,25.0,0.33287
6010.0,26.0,0.662118
6010.0,27.0,0.0
6010.0,28.0,0.395924
6010.0,29.0,0.418691
6010.0,30.0,0.653872
6010.0,31.0,0.485459
6010.0,32.0,0.300865
6010.0,33.0,0.334507
6010.0,34.0,0.884701
6010.0,35.0,0.357292
6010.0,36.0,0.336246
6010.0,37.0,0.354942
6010.0,38.0,0.055433
6010.0,39.0,0.0
6010.0,40.0,0.994527
6010.0,41.0,0.695678
6010.0,42.0,0.009039
6010.0,43.0,0.599236
6010.0,44.0,0.460522
6010.0,45.0,1.0
6010.0,46.0,0.590993
6010.0,47.0,0.356849
6010.0,48.0,0.035364
6010.0,49.0,0.734211
6010.0,50.0,0.997706
6010.0,51.0,0.33062
6010.0,52.0,1.0
6010.0,53.0,0.693539
6010.0,54.0,0.449189
6010.0,55.0,0.790836
6010.0,56.0,0.372079
6010.0,57.0,0.275396
6010.0,58.0,1.0
6010.0,59.0,0.811643
6010.0,60.0,0.041742
6010.0,61.0,0.909024
6010.0,62.0,0.539335
6010.0,63.0,0.62724
6010.0,64.0,0.0
6010.0,65.0,0.606649
6010.0,66.0,0.755837
6010.0,67.0,0.327921
6010.0,68.0,0.260632
6010.0,69.0,0.344427
6010.0,70.0,0.011059
6010.0,71.0,0.590423
6010.0,72.0,0.619707
6010.0,73.0,0.00788
6010.0,74.0,0.750876
6010.0,75.0,0.768974
6010.0,76.0,0.484127
6010.0,77.0,0.009478
6010.0,78.0,0.386856
6010.0,79.0,0.0
6010.0,80.0,0.359308
6010.0,81.0,0.417492
6010.0,82.0,0.545082
6010.0,83.0,1.0
6010.0,84.0,1.0
6010.0,85.0,0.202791
6010.0,86.0,0.576912
6010.0,87.0,0.099514
6010.0,88.0,0.611113
6010.0,89.0,0.187885
6010.0,90.0,0.859317
6010.0,91.0,0.0
6010.0,92.0,0.0
6010.0,93.0,0.494966
6010.0,94.0,0.926505
6010.0,95.0,0.641136
6010.0,96.0,0.263508
6010.0,97.0,0.05552
6010.0,98.0,0.973554
6010.0,99.0,0.360698
6010.0,100.0,0.724721
6010.0,101.0,0.457358
6010.0,102.0,0.73743
6010.0,103.0,0.407814
6010.0,104.0,1.0
6010.0,105.0,0.541188
6010.0,106.0,0.766935
6010.0,107.0,0.668098
6010.0,108.0,0.618442
6010.0,109.0,0.293857
6010.0,110.0,0.495467
6010.0,111.0,0.043223
6010.0,112.0,0.643519
6010.0,113.0,0.33011
6010.0,114.0,0.405147
6010.0,115.0,0.911456
6010.0,116.0,0.0
6010.0,117.0,0.471921
6010.0,118.0,0.703079
6010.0,119.0,0.001377
6010.0,120.0,0.544384
6010.0,121.0,0.45616
6010.0,122.0,0.53906
6010.0,123.0,1.0
6010.0,124.0,0.0
6010.0,125.0,0.270816
6010.0,126.0,0.633377
6010.0,127.0,0.712433
6010.0,128.0,1.0
6010.0,129.0,0.356413
6010.0,130.0,0.0
6010.0,131.0,0.0
6010.0,132.0,0.0
6010.0,133.0,0.163525
6010.0,134.0,0.0
6010.0,135.0,0.999394
6010.0,136.0,0.871107
6010.0,137.0,0.602918
6010.0,138.0,0.157094
6010.0,139.0,0.238317
6010.0,140.0,0.999567
6010.0,141.0,0.604918
6010.0,142.0,0.195903
6010.0,143.0,0.60067
6010.0,144.0,0.0
6010.0,145.0,0.126606
6010.0,146.0,0.60476
6010.0,147.0,1.0
6010.0,148.0,0.669641
6010.0,149.0,1.0
6010.0,150.0,0.431557
6010.0,151.0,0.823281
6010.0,152.0,0.230987
6010.0,153.0,0.654146
6010.0,154.0,0.493609
6010.0,155.0,0.397204
6010.0,156.0,0.364556
6010.0,157.0,1.0
6010.0,158.0,0.38718
6010.0,159.0,0.294285
6010.0,160.0,0.688722
6010.0,161.0,0.974263
6010.0,162.0,0.494282
6010.0,163.0,0.817933
6010.0,164.0,0.065121
6010.0,165.0,0.550618
6010.0,166.0,0.07295
6010.0,167.0,1.0
6010.0,168.0,0.203916
6010.0,169.0,0.646295
6010.0,170.0,0.0
6010.0,171.0,0.5433
6010.0,172.0,0.231795
6010.0,173.0,0.528603
6010.0,174.0,0.1503
6010.0,175.0,0.349647
6010.0,176.0,0.015087
6010.0,177.0,0.85553
6010.0,178.0,0.616472
6010.0,179.0,1.0
6010.0,180.0,0.463312
6010.0,181.0,1.0
6010.0,182.0,0.706067
6010.0,183.0,0.351304
6010.0,184.0,0.327102
6010.0,185.0,0.672264
6010.0,186.0,0.194978
6010.0,187.0,0.360721
6010.0,188.0,0.395635
6010.0,189.0,0.847701
6010.0,190.0,0.39791
6010.0,191.0,0.536114
6010.0,192.0,0.992744
6010.0,193.0,0.554198
6010.0,194.0,0.506028
6010.0,195.0,0.917132
6010.0,196.0,0.481864
6010.0,197.0,0.862012
6010.0,198.0,0.0
6010.0,199.0,0.986821
6010.0,200.0,0.770488
6010.0,201.0,0.13733
6010.0,202.0,0.673194
6010.0,203.0,0.767081
6010.0,204.0,0.320713
6010.0,205.0,0.74176
6010.0,206.0,0.40696
6010.0,207.0,0.635014
6010.0,208.0,0.0
6010.0,209.0,0.883367
6010.0,210.0,1.0
6010.0,211.0,0.438403
6010.0,212.0,0.718688
6010.0,213.0,0.427539
6010.0,214.0,0.600874
6010.0,215.0,0.374679
6010.0,216.0,0.0
6010.0,217.0,0.36469
6010.0,218.0,0.508674
6010.0,219.0,0.683702
6010.0,220.0,1.0
6010.0,221.0,0.685782
6010.0,222.0,0.43697
6010.0,223.0,0.654367
6010.0,224.0,0.587914
6010.0,225.0,1.0
6010.0,226.0,1.0
6010.0,227.0,0.411982
6010.0,228.0,0.960073
6010.0,229.0,0.770297
6010.0,230.0,0.597259
6010.0,231.0,0.00996
6010.0,232.0,0.370301
6010.0,233.0,0.136748
6010.0,234.0,0.119174
6010.0,235.0,0.376195
6010.0,236.0,0.521839
6010.0,237.0,0.535058
6010.0,238.0,0.000463
6010.0,239.0,1.0
6010.0,240.0,0.457008
6010.0,241.0,0.155933
6010.0,242.0,0.615443
6010.0,243.0,0.651156
6010.0,244.0,0.24367
6010.0,245.0,0.097758
6010.0,246.0,0.370489
6010.0,247.0,0.377843
6010.0,248.0,0.552122
6010.0,249.0,0.185632
6010.0,250.0,0.27042
6010.0,251.0,0.0
6010.0,252.0,0.947566
6010.0,253.0,0.689265
6010.0,254.0,0.185024
6010.0,255.0,0.682709
6010.0,256.0,1.0
6010.0,257.0,0.252835
6010.0,258.0,0.882257
6010.0,259.0,0.294613
6010.0,260.0,0.547124
6010.0,261.0,0.4367
6010.0,262.0,0.085921
6010.0,263.0,0.732467
6010.0,264.0,0.000489
6010.0,265.0,0.928455
6010.0,266.0,0.990248
6010.0,267.0,0.052341
6010.0,268.0,0.0
6010.0,269.0,0.359751
6010.0,270.0,0.466953
6010.0,271.0,0.558587
6010.0,272.0,0.721432
6010.0,273.0,0.326922
6010.0,274.0,0.393583
6010.0,275.0,0.635288
6010.0,276.0,0.754672
6010.0,277.0,0.399194
6010.0,278.0,0.0
6010.0,279.0,0.421167
6010.0,280.0,0.524842
6010.0,281.0,0.510949
6010.0,282.0,0.69281
6010.0,283.0,0.580636
6010.0,284.0,0.430054
6010.0,285.0,0.799019
6010.0,286.0,0.430139
6010.0,287.0,0.0
6010.0,288.0,0.265345
6010.0,289.0,1.0
6010.0,290.0,1.0
6010.0,291.0,0.86871
6010.0,292.0,0.263255
6010.0,293.0,0.007883
6010.0,294.0,0.0
6010.0,295.0,0.485462
6010.0,296.0,0.781305
6010.0,297.0,0.360539
6010.0,298.0,0.573049
6010.0,299.0,0.932865
6010.0,300.0,0.676917
6010.0,301.0,0.0
6010.0,302.0,0.873906
6010.0,303.0,0.793238
6010.0,304.0,0.607628
6010.0,305.0,0.715875
6010.0,306.0,0.997645
6010.0,307.0,0.433844
6010.0,308.0,0.423928
6010.0,309.0,0.733851
6010.0,310.0,0.872006
6010.0,311.0,1.0
6010.0,312.0,0.183678
6010.0,313.0,0.66901
6010.0,314.0,0.529187
6010.0,315.0,1.0
6010.0,316.0,0.726531
6010.0,317.0,0.517936
6010.0,318.0,0.451849
6010.0,319.0,0.0
6010.0,320.0,0.325968
6010.0,321.0,0.115405
6010.0,322.0,0.239459
6010.0,323.0,0.174094
6010.0,324.0,0.250119
6010.0,325.0,0.018185
6010.0,326.0,0.593175
6010.0,327.0,0.0
6010.0,328.0,0.0
6010.0,329.0,0.450301
6010.0,330.0,0.616756
6010.0,331.0,1.0
6010.0,332.0,0.279067
6010.0,333.0,0.217374
6010.0,334.0,0.665719
7000.0,0.0,0.020532
7000.0,1.0,0.92807
7000.0,2.0,0.0
7000.0,3.0,0.660791
7000.0,4.0,0.0
7000.0,5.0,0.208093
7000.0,6.0,0.60569
7000.0,7.0,0.377871
7000.0,8.0,0.473537
7000.0,9.0,0.516609
7000.0,10.0,0.0
7000.0,11.0,0.410413
7000.0,12.0,1.0
7000.0,13.0,0.523125
7000.0,14.0,0.504228
7000.0,15.0,0.335752
7000.0,16.0,0.552396
7000.0,17.0,0.566225
7000.0,18.0,0.0
7000.0,19.0,0.475514
7000.0,20.0,0.583407
7000.0,21.0,0.491982
7000.0,22.0,0.082329
7000.0,23.0,0.542257
7000.0,24.0,0.193079
7000.0,25.0,0.319079
7000.0,26.0,0.666823
7000.0,27.0,0.0
7000.0,28.0,0.400232
7000.0,29.0,0.419626
7000.0,30.0,0.64827
7000.0,31.0,0.473071
7000.0,32.0,0.299279
7000.0,33.0,0.350149
7000.0,34.0,0.88302
7000.0,35.0,0.357987
7000.0,36.0,0.338977
7000.0,37.0,0.365612
7000.0,38.0,0.019839
7000.0,39.0,0.0
7000.0,40.0,0.997043
7000.0,41.0,0.693545
7000.0,42.0,0.004224
7000.0,43.0,0.598716
7000.0,44.0,0.466527
7000.0,45.0,1.0
7000.0,46.0,0.594458
7000.0,47.0,0.350522
7000.0,48.0,0.017168
7000.0,49.0,0.743957
7000.0,50.0,0.998967
7000.0,51.0,0.325947
7000.0,52.0,1.0
7000.0,53.0,0.713368
7000.0,54.0,0.455324
7000.0,55.0,0.822678
7000.0,56.0,0.369017
7000.0,57.0,0.279425
7000.0,58.0,1.0
7000.0,59.0,0.826069
7000.0,60.0,0.034994
7000.0,61.0,0.918774
7000.0,62.0,0.531977
7000.0,63.0,0.643889
7000.0,64.0,0.0
7000.0,65.0,0.591453
7000.0,66.0,0.757938
7000.0,67.0,0.323074
7000.0,68.0,0.26326
7000.0,69.0,0.357621
7000.0,70.0,0.004963
7000.0,71.0,0.569741
7000.0,72.0,0.633411
7000.0,73.0,0.002354
7000.0,74.0,0.76096
7000.0,75.0,0.770772
7000.0,76.0,0.465642
7000.0,77.0,0.009166
7000.0,78.0,0.389106
7000.0,79.0,0.0
7000.0,80.0,0.375749
7000.0,81.0,0.41847
7000.0,82.0,0.52065
7000.0,83.0,1.0
7000.0,84.0,1.0
7000.0,85.0,0.184959
7000.0,86.0,0.578973
7000.0,87.0,0.091487
7000.0,88.0,0.615069
7000.0,89.0,0.168809
7000.0,90.0,0.858145
7000.0,91.0,0.0
7000.0,92.0,0.0
7000.0,93.0,0.486012
7000.0,94.0,0.942143
7000.0,95.0,0.632565
7000.0,96.0,0.260263
7000.0,97.0,0.032393
7000.0,98.0,0.968341
7000.0,99.0,0.371068
7000.0,100.0,0.709742
7000.0,101.0,0.450494
7000.0,102.0,0.737644
7000.0,103.0,0.414226
7000.0,104.0,1.0
7000.0,105.0,0.544042
7000.0,106.0,0.754603
7000.0,107.0,0.670215
7000.0,108.0,0.61935
7000.0,109.0,0.286955
7000.0,110.0,0.481335
7000.0,111.0,0.038823
7000.0,112.0,0.646294
7000.0,113.0,0.322832
7000.0,114.0,0.406561
7000.0,115.0,0.906484
7000.0,116.0,0.0
7000.0,117.0,0.4714
7000.0,118.0,0.729158
7000.0,119.0,0.001397
7000.0,120.0,0.538871
7000.0,121.0,0.470781
7000.0,122.0,0.563427
7000.0,123.0,1.0
7000.0,124.0,0.0
7000.0,125.0,0.275983
7000.0,126.0,0.644767
7000.0,127.0,0.723449
7000.0,128.0,1.0
7000.0,129.0,0.342979
7000.0,130.0,0.0
7000.0,131.0,0.0
7000.0,132.0,0.0
7000.0,133.0,0.169428
7000.0,134.0,0.0
7000.0,135.0,1.0
7000.0,136.0,0.858122
7000.0,137.0,0.595758
7000.0,138.0,0.147308
7000.0,139.0,0.243302
7000.0,140.0,1.0
7000.0,141.0,0.617696
7000.0,142.0,0.195077
7000.0,143.0,0.62832
7000.0,144.0,0.0
7000.0,145.0,0.128593
7000.0,146.0,0.61194
7000.0,147.0,1.0
7000.0,148.0,0.667326
7000.0,149.0,1.0
7000.0,150.0,0.436035
7000.0,151.0,0.828491
7000.0,152.0,0.225053
7000.0,153.0,0.660624
7000.0,154.0,0.499659
7000.0,155.0,0.394709
7000.0,156.0,0.372055
7000.0,157.0,1.0
7000.0,158.0,0.391438
7000.0,159.0,0.297184
7000.0,160.0,0.683697
7000.0,161.0,0.982292
7000.0,162.0,0.501398
7000.0,163.0,0.801698
7000.0,164.0,0.060999
7000.0,165.0,0.541833
7000.0,166.0,0.05858
7000.0,167.0,1.0
7000.0,168.0,0.209174
7000.0,169.0,0.641381
7000.0,170.0,0.0
7000.0,171.0,0.537651
7000.0,172.0,0.240418
7000.0,173.0,0.530898
7000.0,174.0,0.163611
7000.0,175.0,0.35033
7000.0,176.0,0.013813
7000.0,177.0,0.891858
7000.0,178.0,0.618457
7000.0,179.0,1.0
7000.0,180.0,0.481206
7000.0,181.0,1.0
7000.0,182.0,0.701382
7000.0,183.0,0.360496
7000.0,184.0,0.328295
7000.0,185.0,0.679325
7000.0,186.0,0.172269
7000.0,187.0,0.353651
7000.0,188.0,0.411311
7000.0,189.0,0.849911
7000.0,190.0,0.396593
7000.0,191.0,0.539699
7000.0,192.0,0.998705
7000.0,193.0,0.55539
7000.0,194.0,0.498538
7000.0,195.0,0.93546
7000.0,196.0,0.478128
7000.0,197.0,0.858263
7000.0,198.0,0.0
7000.0,199.0,0.990657
7000.0,200.0,0.76546
7000.0,201.0,0.137212
7000.0,202.0,0.673949
7000.0,203.0,0.765702
7000.0,204.0,0.315619
7000.0,205.0,0.769531
7000.0,206.0,0.412754
7000.0,207.0,0.632309
7000.0,208.0,0.0
7000.0,209.0,0.901683
7000.0,210.0,1.0
7000.0,211.0,0.43595
7000.0,212.0,0.749985
7000.0,213.0,0.432686
7000.0,214.0,0.599602
7000.0,215.0,0.36009
7000.0,216.0,0.0
7000.0,217.0,0.367839
7000.0,218.0,0.505359
7000.0,219.0,0.686668
7000.0,220.0,1.0
7000.0,221.0,0.67661
7000.0,222.0,0.438346
7000.0,223.0,0.650709
7000.0,224.0,0.588251
7000.0,225.0,1.0
7000.0,226.0,1.0
7000.0,227.0,0.430781
7000.0,228.0,0.967434
7000.0,229.0,0.777192
7000.0,230.0,0.61749
7000.0,231.0,0.003683
7000.0,232.0,0.369784
7000.0,233.0,0.133869
7000.0,234.0,0.105046
7000.0,235.0,0.372126
7000.0,236.0,0.515254
7000.0,237.0,0.544605
7000.0,238.0,0.0
7000.0,239.0,1.0
7000.0,240.0,0.454117
7000.0,241.0,0.14244
7000.0,242.0,0.614846
7000.0,243.0,0.654688
7000.0,244.0,0.245602
7000.0,245.0,0.100222
7000.0,246.0,0.34844
7000.0,247.0,0.37422
7000.0,248.0,0.538241
7000.0,249.0,0.174824
7000.0,250.0,0.274269
7000.0,251.0,0.0
7000.0,252.0,0.980358
7000.0,253.0,0.69284
7000.0,254.0,0.182107
7000.0,255.0,0.712696
7000.0,256.0,1.0
7000.0,257.0,0.243755
7000.0,258.0,0.885874
7000.0,259.0,0.300926
7000.0,260.0,0.549349
7000.0,261.0,0.459612
7000.0,262.0,0.067317
7000.0,263.0,0.727231
7000.0,264.0,0.0
7000.0,265.0,0.944563
7000.0,266.0,0.990015
7000.0,267.0,0.037661
7000.0,268.0,0.0
7000.0,269.0,0.367851
7000.0,270.0,0.4602
7000.0,271.0,0.563827
7000.0,272.0,0.7333
7000.0,273.0,0.342218
7000.0,274.0,0.393785
7000.0,275.0,0.64172
7000.0,276.0,0.738777
7000.0,277.0,0.400856
7000.0,278.0,0.0
7000.0,279.0,0.406982
7000.0,280.0,0.531941
7000.0,281.0,0.523601
7000.0,282.0,0.701144
7000.0,283.0,0.579451
7000.0,284.0,0.438078
7000.0,285.0,0.844662
7000.0,286.0,0.432046
7000.0,287.0,0.0
7000.0,288.0,0.27007
7000.0,289.0,1.0
7000.0,290.0,1.0
7000.0,291.0,0.8824
7000.0,292.0,0.258255
7000.0,293.0,0.009618
7000.0,294.0,0.0
7000.0,295.0,0.495314
7000.0,296.0,0.779328
7000.0,297.0,0.364782
7000.0,298.0,0.570402
7000.0,299.0,0.940062
7000.0,300.0,0.673775
7000.0,301.0,0.0
7000.0,302.0,0.870492
7000.0,303.0,0.788159
7000.0,304.0,0.605845
7000.0,305.0,0.726367
7000.0,306.0,1.0
7000.0,307.0,0.43245
7000.0,308.0,0.435881
7000.0,309.0,0.733154
7000.0,310.0,0.874183
7000.0,311.0,1.0
7000.0,312.0,0.184645
7000.0,313.0,0.680311
7000.0,314.0,0.502735
7000.0,315.0,1.0
7000.0,316.0,0.734609
7000.0,317.0,0.525566
7000.0,318.0,0.468562
7000.0,319.0,0.0
7000.0,320.0,0.312618
7000.0,321.0,0.114242
7000.0,322.0,0.244588
7000.0,323.0,0.173584
7000.0,324.0,0.265029
7000.0,325.0,0.015788
7000.0,326.0,0.582246
7000.0,327.0,0.0
7000.0,328.0,0.0
7000.0,329.0,0.448045
7000.0,330.0,0.645475
7000.0,331.0,1.0
7000.0,332.0,0.301972
7000.0,333.0,0.212075
7000.0,334.0,0.675233
7001.0,0.0,0.020818
7001.0,1.0,0.928467
7001.0,2.0,0.0
7001.0,3.0,0.668344
7001.0,4.0,0.0
7001.0,5.0,0.210106
7001.0,6.0,0.610092
7001.0,7.0,0.38391
7001.0,8.0,0.477737
7001.0,9.0,0.520677
7001.0,10.0,0.0
7001.0,11.0,0.419149
7001.0,12.0,1.0
7001.0,13.0,0.529197
7001.0,14.0,0.513554
7001.0,15.0,0.338966
7001.0,16.0,0.557782
7001.0,17.0,0.570235
7001.0,18.0,0.0
7001.0,19.0,0.477932
7001.0,20.0,0.584604
7001.0,21.0,0.495867
7001.0,22.0,0.083022
7001.0,23.0,0.547225
7001.0,24.0,0.197926
7001.0,25.0,0.324124
7001.0,26.0,0.678745
7001.0,27.0,0.0
7001.0,28.0,0.405641
7001.0,29.0,0.429898
7001.0,30.0,0.6502
7001.0,31.0,0.474157
7001.0,32.0,0.301531
7001.0,33.0,0.352643
7001.0,34.0,0.883707
7001.0,35.0,0.370296
7001.0,36.0,0.339724
7001.0,37.0,0.366523
7001.0,38.0,0.020028
7001.0,39.0,0.0
7001.0,40.0,0.997114
7001.0,41.0,0.696231
7001.0,42.0,0.004349
7001.0,43.0,0.601794
7001.0,44.0,0.471515
7001.0,45.0,1.0
7001.0,46.0,0.597747
7001.0,47.0,0.355399
7001.0,48.0,0.017036
7001.0,49.0,0.745717
7001.0,50.0,0.998899
7001.0,51.0,0.330275
7001.0,52.0,1.0
7001.0,53.0,0.713512
7001.0,54.0,0.464442
7001.0,55.0,0.823688
7001.0,56.0,0.374863
7001.0,57.0,0.279729
7001.0,58.0,1.0
7001.0,59.0,0.827025
7001.0,60.0,0.035106
7001.0,61.0,0.919307
7001.0,62.0,0.539231
7001.0,63.0,0.646711
7001.0,64.0,0.0
7001.0,65.0,0.596757
7001.0,66.0,0.762477
7001.0,67.0,0.325218
7001.0,68.0,0.273618
7001.0,69.0,0.362017
7001.0,70.0,0.005093
7001.0,71.0,0.570968
7001.0,72.0,0.635096
7001.0,73.0,0.002356
7001.0,74.0,0.766129
7001.0,75.0,0.780441
7001.0,76.0,0.470837
7001.0,77.0,0.009412
7001.0,78.0,0.395015
7001.0,79.0,0.0
7001.0,80.0,0.383897
7001.0,81.0,0.421279
7001.0,82.0,0.522446
7001.0,83.0,1.0
7001.0,84.0,1.0
7001.0,85.0,0.18728
7001.0,86.0,0.581516
7001.0,87.0,0.090988
7001.0,88.0,0.615796
7001.0,89.0,0.1691
7001.0,90.0,0.858152
7001.0,91.0,0.0
7001.0,92.0,0.0
7001.0,93.0,0.487287
7001.0,94.0,0.942554
7001.0,95.0,0.637556
7001.0,96.0,0.267336
7001.0,97.0,0.033043
7001.0,98.0,0.9686
7001.0,99.0,0.374009
7001.0,100.0,0.712579
7001.0,101.0,0.459718
7001.0,102.0,0.739556
7001.0,103.0,0.42177
7001.0,104.0,1.0
7001.0,105.0,0.547557
7001.0,106.0,0.763473
7001.0,107.0,0.673531
7001.0,108.0,0.623473
7001.0,109.0,0.288348
7001.0,110.0,0.494752
7001.0,111.0,0.039152
7001.0,112.0,0.649462
7001.0,113.0,0.393271
7001.0,114.0,0.409279
7001.0,115.0,0.906087
7001.0,116.0,0.0
7001.0,117.0,0.482195
7001.0,118.0,0.73021
7001.0,119.0,0.001485
7001.0,120.0,0.543576
7001.0,121.0,0.472944
7001.0,122.0,0.565119
7001.0,123.0,1.0
7001.0,124.0,0.0
7001.0,125.0,0.290723
7001.0,126.0,0.647328
7001.0,127.0,0.739001
7001.0,128.0,1.0
7001.0,129.0,0.343822
7001.0,130.0,0.0
7001.0,131.0,0.0
7001.0,132.0,0.0
7001.0,133.0,0.175018
7001.0,134.0,0.0
7001.0,135.0,1.0
7001.0,136.0,0.861885
7001.0,137.0,0.595869
7001.0,138.0,0.147641
7001.0,139.0,0.250424
7001.0,140.0,1.0
7001.0,141.0,0.620559
7001.0,142.0,0.196581
7001.0,143.0,0.630239
7001.0,144.0,0.0
7001.0,145.0,0.129341
7001.0,146.0,0.61653
7001.0,147.0,1.0
7001.0,148.0,0.68702
7001.0,149.0,1.0
7001.0,150.0,0.450171
7001.0,151.0,0.829318
7001.0,152.0,0.225751
7001.0,153.0,0.665426
7001.0,154.0,0.502594
7001.0,155.0,0.404782
7001.0,156.0,0.394554
7001.0,157.0,1.0
7001.0,158.0,0.415791
7001.0,159.0,0.298905
7001.0,160.0,0.689584
7001.0,161.0,0.982406
7001.0,162.0,0.50437
7001.0,163.0,0.803712
7001.0,164.0,0.061326
7001.0,165.0,0.542856
7001.0,166.0,0.057969
7001.0,167.0,1.0
7001.0,168.0,0.209069
7001.0,169.0,0.64956
7001.0,170.0,0.0
7001.0,171.0,0.543208
7001.0,172.0,0.242898
7001.0,173.0,0.53736
7001.0,174.0,0.165339
7001.0,175.0,0.353349
7001.0,176.0,0.013906
7001.0,177.0,0.892099
7001.0,178.0,0.624795
7001.0,179.0,1.0
7001.0,180.0,0.483743
7001.0,181.0,1.0
7001.0,182.0,0.716091
7001.0,183.0,0.363779
7001.0,184.0,0.333516
7001.0,185.0,0.684859
7001.0,186.0,0.173202
7001.0,187.0,0.355036
7001.0,188.0,0.411465
7001.0,189.0,0.8577
7001.0,190.0,0.404541
7001.0,191.0,0.544917
7001.0,192.0,0.998751
7001.0,193.0,0.559867
7001.0,194.0,0.505003
7001.0,195.0,0.936064
7001.0,196.0,0.484038
7001.0,197.0,0.859297
7001.0,198.0,0.0
7001.0,199.0,0.990561
7001.0,200.0,0.765998
7001.0,201.0,0.137873
7001.0,202.0,0.680888
7001.0,203.0,0.771194
7001.0,204.0,0.315628
7001.0,205.0,0.77048
7001.0,206.0,0.438924
7001.0,207.0,0.648883
7001.0,208.0,0.0
7001.0,209.0,0.901769
7001.0,210.0,1.0
7001.0,211.0,0.440693
7001.0,212.0,0.749609
7001.0,213.0,0.435716
7001.0,214.0,0.612773
7001.0,215.0,0.360385
7001.0,216.0,0.0
7001.0,217.0,0.372025
7001.0,218.0,0.519188
7001.0,219.0,0.693398
7001.0,220.0,1.0
7001.0,221.0,0.679667
7001.0,222.0,0.463367
7001.0,223.0,0.654429
7001.0,224.0,0.589571
7001.0,225.0,1.0
7001.0,226.0,1.0
7001.0,227.0,0.431399
7001.0,228.0,0.967427
7001.0,229.0,0.777903
7001.0,230.0,0.618365
7001.0,231.0,0.003753
7001.0,232.0,0.373135
7001.0,233.0,0.134425
7001.0,234.0,0.107786
7001.0,235.0,0.373397
7001.0,236.0,0.518049
7001.0,237.0,0.547335
7001.0,238.0,0.0
7001.0,239.0,1.0
7001.0,240.0,0.457496
7001.0,241.0,0.142671
7001.0,242.0,0.615935
7001.0,243.0,0.653423
7001.0,244.0,0.250253
7001.0,245.0,0.10311
7001.0,246.0,0.34962
7001.0,247.0,0.37825
7001.0,248.0,0.544184
7001.0,249.0,0.180347
7001.0,250.0,0.28043
7001.0,251.0,0.0
7001.0,252.0,0.980031
7001.0,253.0,0.693104
7001.0,254.0,0.194679
7001.0,255.0,0.71355
7001.0,256.0,1.0
7001.0,257.0,0.243972
7001.0,258.0,0.885744
7001.0,259.0,0.304724
7001.0,260.0,0.550475
7001.0,261.0,0.461983
7001.0,262.0,0.068714
7001.0,263.0,0.728439
7001.0,264.0,0.0
7001.0,265.0,0.945133
7001.0,266.0,0.990113
7001.0,267.0,0.037859
7001.0,268.0,0.0
7001.0,269.0,0.371107
7001.0,270.0,0.461245
7001.0,271.0,0.563865
7001.0,272.0,0.734394
7001.0,273.0,0.343859
7001.0,274.0,0.396016
7001.0,275.0,0.652249
7001.0,276.0,0.760841
7001.0,277.0,0.403275
7001.0,278.0,0.0
7001.0,279.0,0.409465
7001.0,280.0,0.536768
7001.0,281.0,0.526837
7001.0,282.0,0.707139
7001.0,283.0,0.58847
7001.0,284.0,0.445061
7001.0,285.0,0.845048
7001.0,286.0,0.439561
7001.0,287.0,0.0
7001.0,288.0,0.273834
7001.0,289.0,1.0
7001.0,290.0,1.0
7001.0,291.0,0.883426
7001.0,292.0,0.260996
7001.0,293.0,0.010145
7001.0,294.0,0.0
7001.0,295.0,0.499958
7001.0,296.0,0.781853
7001.0,297.0,0.36502
7001.0,298.0,0.570616
7001.0,299.0,0.940033
7001.0,300.0,0.680586
7001.0,301.0,0.0
7001.0,302.0,0.874148
7001.0,303.0,0.792342
7001.0,304.0,0.606636
7001.0,305.0,0.73188
7001.0,306.0,1.0
7001.0,307.0,0.441728
7001.0,308.0,0.4393
7001.0,309.0,0.736565
7001.0,310.0,0.8755
7001.0,311.0,1.0
7001.0,312.0,0.189547
7001.0,313.0,0.682421
7001.0,314.0,0.504159
7001.0,315.0,1.0
7001.0,316.0,0.734863
7001.0,317.0,0.528244
7001.0,318.0,0.469639
7001.0,319.0,0.0
7001.0,320.0,0.321813
7001.0,321.0,0.115058
7001.0,322.0,0.247546
7001.0,323.0,0.175504
7001.0,324.0,0.267083
7001.0,325.0,0.016019
7001.0,326.0,0.590236
7001.0,327.0,0.0
7001.0,328.0,0.0
7001.0,329.0,0.489664
7001.0,330.0,0.645696
7001.0,331.0,1.0
7001.0,332.0,0.302412
7001.0,333.0,0.214426
7001.0,334.0,0.675995
7002.0,0.0,0.020772
7002.0,1.0,0.929067
7002.0,2.0,0.0
7002.0,3.0,0.675945
7002.0,4.0,0.0
7002.0,5.0,0.211734
7002.0,6.0,0.61378
7002.0,7.0,0.389663
7002.0,8.0,0.483212
7002.0,9.0,0.525535
7002.0,10.0,0.0
7002.0,11.0,0.426721
7002.0,12.0,1.0
7002.0,13.0,0.534819
7002.0,14.0,0.523098
7002.0,15.0,0.343341
7002.0,16.0,0.562098
7002.0,17.0,0.575353
7002.0,18.0,0.0
7002.0,19.0,0.480664
7002.0,20.0,0.58567
7002.0,21.0,0.498916
7002.0,22.0,0.08347
7002.0,23.0,0.552452
7002.0,24.0,0.20313
7002.0,25.0,0.328963
7002.0,26.0,0.68996
7002.0,27.0,0.0
7002.0,28.0,0.411174
7002.0,29.0,0.441335
7002.0,30.0,0.652189
7002.0,31.0,0.47561
7002.0,32.0,0.304657
7002.0,33.0,0.355216
7002.0,34.0,0.884225
7002.0,35.0,0.383772
7002.0,36.0,0.340937
7002.0,37.0,0.367699
7002.0,38.0,0.020164
7002.0,39.0,0.0
7002.0,40.0,0.997195
7002.0,41.0,0.699527
7002.0,42.0,0.004376
7002.0,43.0,0.603781
7002.0,44.0,0.475635
7002.0,45.0,1.0
7002.0,46.0,0.600408
7002.0,47.0,0.358556
7002.0,48.0,0.017263
7002.0,49.0,0.74822
7002.0,50.0,0.998859
7002.0,51.0,0.334798
7002.0,52.0,1.0
7002.0,53.0,0.713511
7002.0,54.0,0.472939
7002.0,55.0,0.825112
7002.0,56.0,0.38062
7002.0,57.0,0.281193
7002.0,58.0,1.0
7002.0,59.0,0.828717
7002.0,60.0,0.035363
7002.0,61.0,0.920031
7002.0,62.0,0.54597
7002.0,63.0,0.648729
7002.0,64.0,0.0
7002.0,65.0,0.601305
7002.0,66.0,0.766684
7002.0,67.0,0.328318
7002.0,68.0,0.28229
7002.0,69.0,0.365569
7002.0,70.0,0.005182
7002.0,71.0,0.572612
7002.0,72.0,0.63668
7002.0,73.0,0.002372
7002.0,74.0,0.771705
7002.0,75.0,0.78939
7002.0,76.0,0.475869
7002.0,77.0,0.009533
7002.0,78.0,0.400929
7002.0,79.0,0.0
7002.0,80.0,0.391568
7002.0,81.0,0.422964
7002.0,82.0,0.523955
7002.0,83.0,1.0
7002.0,84.0,1.0
7002.0,85.0,0.188409
7002.0,86.0,0.584325
7002.0,87.0,0.09041
7002.0,88.0,0.617947
7002.0,89.0,0.169097
7002.0,90.0,0.857837
7002.0,91.0,0.0
7002.0,92.0,0.0
7002.0,93.0,0.489068
7002.0,94.0,0.942731
7002.0,95.0,0.641273
7002.0,96.0,0.275058
7002.0,97.0,0.033583
7002.0,98.0,0.968959
7002.0,99.0,0.37792
7002.0,100.0,0.714171
7002.0,101.0,0.468084
7002.0,102.0,0.741518
7002.0,103.0,0.430078
7002.0,104.0,1.0
7002.0,105.0,0.551248
7002.0,106.0,0.770974
7002.0,107.0,0.676896
7002.0,108.0,0.626796
7002.0,109.0,0.289495
7002.0,110.0,0.508287
7002.0,111.0,0.039399
7002.0,112.0,0.653206
7002.0,113.0,0.464984
7002.0,114.0,0.412614
7002.0,115.0,0.905334
7002.0,116.0,0.0
7002.0,117.0,0.490517
7002.0,118.0,0.732026
7002.0,119.0,0.001612
7002.0,120.0,0.549379
7002.0,121.0,0.475268
7002.0,122.0,0.566923
7002.0,123.0,1.0
7002.0,124.0,0.0
7002.0,125.0,0.304481
7002.0,126.0,0.649525
7002.0,127.0,0.753821
7002.0,128.0,1.0
7002.0,129.0,0.343458
7002.0,130.0,0.0
7002.0,131.0,0.0
7002.0,132.0,0.0
7002.0,133.0,0.181115
7002.0,134.0,0.0
7002.0,135.0,1.0
7002.0,136.0,0.865299
7002.0,137.0,0.596043
7002.0,138.0,0.148333
7002.0,139.0,0.256707
7002.0,140.0,1.0
7002.0,141.0,0.623032
7002.0,142.0,0.197849
7002.0,143.0,0.631504
7002.0,144.0,0.0
7002.0,145.0,0.130187
7002.0,146.0,0.621146
7002.0,147.0,1.0
7002.0,148.0,0.705182
7002.0,149.0,1.0
7002.0,150.0,0.465401
7002.0,151.0,0.83001
7002.0,152.0,0.227002
7002.0,153.0,0.670344
7002.0,154.0,0.505756
7002.0,155.0,0.414184
7002.0,156.0,0.417207
7002.0,157.0,1.0
7002.0,158.0,0.438343
7002.0,159.0,0.300613
7002.0,160.0,0.695098
7002.0,161.0,0.982493
7002.0,162.0,0.505484
7002.0,163.0,0.806381
7002.0,164.0,0.061809
7002.0,165.0,0.544633
7002.0,166.0,0.057807
7002.0,167.0,1.0
7002.0,168.0,0.209002
7002.0,169.0,0.657022
7002.0,170.0,0.0
7002.0,171.0,0.549356
7002.0,172.0,0.244262
7002.0,173.0,0.542719
7002.0,174.0,0.167768
7002.0,175.0,0.356561
7002.0,176.0,0.013565
7002.0,177.0,0.892954
7002.0,178.0,0.630492
7002.0,179.0,1.0
7002.0,180.0,0.485775
7002.0,181.0,1.0
7002.0,182.0,0.729203
7002.0,183.0,0.36834
7002.0,184.0,0.338379
7002.0,185.0,0.690324
7002.0,186.0,0.174019
7002.0,187.0,0.356965
7002.0,188.0,0.411911
7002.0,189.0,0.864532
7002.0,190.0,0.411255
7002.0,191.0,0.548913
7002.0,192.0,0.998729
7002.0,193.0,0.5629
7002.0,194.0,0.51186
7002.0,195.0,0.936389
7002.0,196.0,0.489704
7002.0,197.0,0.860831
7002.0,198.0,0.0
7002.0,199.0,0.990692
7002.0,200.0,0.767111
7002.0,201.0,0.138985
7002.0,202.0,0.68753
7002.0,203.0,0.775284
7002.0,204.0,0.31618
7002.0,205.0,0.771625
7002.0,206.0,0.46447
7002.0,207.0,0.664626
7002.0,208.0,0.0
7002.0,209.0,0.90207
7002.0,210.0,1.0
7002.0,211.0,0.444919
7002.0,212.0,0.749194
7002.0,213.0,0.438869
7002.0,214.0,0.62579
7002.0,215.0,0.360268
7002.0,216.0,0.0
7002.0,217.0,0.376686
7002.0,218.0,0.531993
7002.0,219.0,0.699482
7002.0,220.0,1.0
7002.0,221.0,0.68309
7002.0,222.0,0.487367
7002.0,223.0,0.657894
7002.0,224.0,0.591148
7002.0,225.0,1.0
7002.0,226.0,1.0
7002.0,227.0,0.432909
7002.0,228.0,0.967969
7002.0,229.0,0.779202
7002.0,230.0,0.619916
7002.0,231.0,0.003734
7002.0,232.0,0.376827
7002.0,233.0,0.134109
7002.0,234.0,0.109818
7002.0,235.0,0.375513
7002.0,236.0,0.520494
7002.0,237.0,0.550291
7002.0,238.0,0.0
7002.0,239.0,1.0
7002.0,240.0,0.460979
7002.0,241.0,0.143582
7002.0,242.0,0.616464
7002.0,243.0,0.652689
7002.0,244.0,0.253659
7002.0,245.0,0.106391
7002.0,246.0,0.350727
7002.0,247.0,0.381671
7002.0,248.0,0.549813
7002.0,249.0,0.18489
7002.0,250.0,0.28679
7002.0,251.0,0.0
7002.0,252.0,0.979753
7002.0,253.0,0.694072
7002.0,254.0,0.207059
7002.0,255.0,0.713279
7002.0,256.0,1.0
7002.0,257.0,0.244264
7002.0,258.0,0.885633
7002.0,259.0,0.307856
7002.0,260.0,0.55116
7002.0,261.0,0.464511
7002.0,262.0,0.070007
7002.0,263.0,0.728598
7002.0,264.0,0.0
7002.0,265.0,0.945567
7002.0,266.0,0.990261
7002.0,267.0,0.038054
7002.0,268.0,0.0
7002.0,269.0,0.373665
7002.0,270.0,0.462588
7002.0,271.0,0.564814
7002.0,272.0,0.735714
7002.0,273.0,0.346428
7002.0,274.0,0.397961
7002.0,275.0,0.663644
7002.0,276.0,0.78151
7002.0,277.0,0.405884
7002.0,278.0,0.0
7002.0,279.0,0.411399
7002.0,280.0,0.541222
7002.0,281.0,0.530515
7002.0,282.0,0.712729
7002.0,283.0,0.597153
7002.0,284.0,0.453164
7002.0,285.0,0.845747
7002.0,286.0,0.445896
7002.0,287.0,0.0
7002.0,288.0,0.278067
7002.0,289.0,1.0
7002.0,290.0,1.0
7002.0,291.0,0.884438
7002.0,292.0,0.262921
7002.0,293.0,0.010719
7002.0,294.0,0.0
7002.0,295.0,0.504789
7002.0,296.0,0.784879
7002.0,297.0,0.366276
7002.0,298.0,0.571559
7002.0,299.0,0.940061
7002.0,300.0,0.688248
7002.0,301.0,0.0
7002.0,302.0,0.87751
7002.0,303.0,0.795959
7002.0,304.0,0.607976
7002.0,305.0,0.738624
7002.0,306.0,1.0
7002.0,307.0,0.45067
7002.0,308.0,0.442577
7002.0,309.0,0.740847
7002.0,310.0,0.876239
7002.0,311.0,1.0
7002.0,312.0,0.194935
7002.0,313.0,0.685536
7002.0,314.0,0.504938
7002.0,315.0,1.0
7002.0,316.0,0.73534
7002.0,317.0,0.530998
7002.0,318.0,0.471674
7002.0,319.0,0.0
7002.0,320.0,0.330513
7002.0,321.0,0.116766
7002.0,322.0,0.249295
7002.0,323.0,0.178182
7002.0,324.0,0.268612
7002.0,325.0,0.015911
7002.0,326.0,0.596413
7002.0,327.0,0.0
7002.0,328.0,0.0
7002.0,329.0,0.531839
7002.0,330.0,0.646303
7002.0,331.0,1.0
7002.0,332.0,0.303193
7002.0,333.0,0.215948
7002.0,334.0,0.67674
7003.0,0.0,0.020776
7003.0,1.0,0.9299
7003.0,2.0,0.0
7003.0,3.0,0.683103
7003.0,4.0,0.0
7003.0,5.0,0.213608
7003.0,6.0,0.61723
7003.0,7.0,0.395916
7003.0,8.0,0.489129
7003.0,9.0,0.53091
7003.0,10.0,0.0
7003.0,11.0,0.434714
7003.0,12.0,1.0
7003.0,13.0,0.540586
7003.0,14.0,0.531129
7003.0,15.0,0.346301
7003.0,16.0,0.566308
7003.0,17.0,0.5803
7003.0,18.0,0.0
7003.0,19.0,0.483419
7003.0,20.0,0.587295
7003.0,21.0,0.502116
7003.0,22.0,0.083786
7003.0,23.0,0.557257
7003.0,24.0,0.208157
7003.0,25.0,0.334599
7003.0,26.0,0.699866
7003.0,27.0,0.0
7003.0,28.0,0.416104
7003.0,29.0,0.451887
7003.0,30.0,0.653658
7003.0,31.0,0.477028
7003.0,32.0,0.30749
7003.0,33.0,0.357153
7003.0,34.0,0.885348
7003.0,35.0,0.397032
7003.0,36.0,0.341604
7003.0,37.0,0.368271
7003.0,38.0,0.020394
7003.0,39.0,0.0
7003.0,40.0,0.997188
7003.0,41.0,0.701719
7003.0,42.0,0.004489
7003.0,43.0,0.60599
7003.0,44.0,0.4794
7003.0,45.0,1.0
7003.0,46.0,0.60193
7003.0,47.0,0.361723
7003.0,48.0,0.017419
7003.0,49.0,0.750423
7003.0,50.0,0.998823
7003.0,51.0,0.338689
7003.0,52.0,1.0
7003.0,53.0,0.713819
7003.0,54.0,0.482927
7003.0,55.0,0.82657
7003.0,56.0,0.386298
7003.0,57.0,0.281812
7003.0,58.0,1.0
7003.0,59.0,0.82976
7003.0,60.0,0.035716
7003.0,61.0,0.921029
7003.0,62.0,0.55401
7003.0,63.0,0.650865
7003.0,64.0,0.0
7003.0,65.0,0.606372
7003.0,66.0,0.770544
7003.0,67.0,0.331628
7003.0,68.0,0.291288
7003.0,69.0,0.368346
7003.0,70.0,0.005193
7003.0,71.0,0.574051
7003.0,72.0,0.638246
7003.0,73.0,0.002235
7003.0,74.0,0.776558
7003.0,75.0,0.797401
7003.0,76.0,0.480907
7003.0,77.0,0.009675
7003.0,78.0,0.40659
7003.0,79.0,0.0
7003.0,80.0,0.399256
7003.0,81.0,0.4259
7003.0,82.0,0.526601
7003.0,83.0,1.0
7003.0,84.0,1.0
7003.0,85.0,0.189639
7003.0,86.0,0.586884
7003.0,87.0,0.089681
7003.0,88.0,0.619344
7003.0,89.0,0.16886
7003.0,90.0,0.857727
7003.0,91.0,0.0
7003.0,92.0,0.0
7003.0,93.0,0.489968
7003.0,94.0,0.942696
7003.0,95.0,0.645375
7003.0,96.0,0.282377
7003.0,97.0,0.034636
7003.0,98.0,0.969164
7003.0,99.0,0.380999
7003.0,100.0,0.715252
7003.0,101.0,0.477318
7003.0,102.0,0.742749
7003.0,103.0,0.436498
7003.0,104.0,1.0
7003.0,105.0,0.554755
7003.0,106.0,0.778733
7003.0,107.0,0.67926
7003.0,108.0,0.630377
7003.0,109.0,0.290017
7003.0,110.0,0.521263
7003.0,111.0,0.039843
7003.0,112.0,0.657111
7003.0,113.0,0.536222
7003.0,114.0,0.41654
7003.0,115.0,0.90547
7003.0,116.0,0.0
7003.0,117.0,0.499052
7003.0,118.0,0.732936
7003.0,119.0,0.001635
7003.0,120.0,0.554249
7003.0,121.0,0.477053
7003.0,122.0,0.568348
7003.0,123.0,1.0
7003.0,124.0,0.0
7003.0,125.0,0.318599
7003.0,126.0,0.650448
7003.0,127.0,0.767826
7003.0,128.0,1.0
7003.0,129.0,0.343234
7003.0,130.0,0.0
7003.0,131.0,0.0
7003.0,132.0,0.0
7003.0,133.0,0.186548
7003.0,134.0,0.0
7003.0,135.0,1.0
7003.0,136.0,0.868829
7003.0,137.0,0.595615
7003.0,138.0,0.148522
7003.0,139.0,0.262527
7003.0,140.0,1.0
7003.0,141.0,0.626784
7003.0,142.0,0.198739
7003.0,143.0,0.634151
7003.0,144.0,0.0
7003.0,145.0,0.131522
7003.0,146.0,0.625022
7003.0,147.0,1.0
7003.0,148.0,0.722677
7003.0,149.0,1.0
7003.0,150.0,0.478862
7003.0,151.0,0.830763
7003.0,152.0,0.228008
7003.0,153.0,0.674973
7003.0,154.0,0.508794
7003.0,155.0,0.424295
7003.0,156.0,0.439432
7003.0,157.0,1.0
7003.0,158.0,0.46065
7003.0,159.0,0.301666
7003.0,160.0,0.700458
7003.0,161.0,0.982531
7003.0,162.0,0.508293
7003.0,163.0,0.809122
7003.0,164.0,0.062264
7003.0,165.0,0.546568
7003.0,166.0,0.057436
7003.0,167.0,1.0
7003.0,168.0,0.209317
7003.0,169.0,0.664672
7003.0,170.0,0.0
7003.0,171.0,0.554703
7003.0,172.0,0.245717
7003.0,173.0,0.548474
7003.0,174.0,0.169289
7003.0,175.0,0.358694
7003.0,176.0,0.013759
7003.0,177.0,0.893479
7003.0,178.0,0.636429
7003.0,179.0,1.0
7003.0,180.0,0.487843
7003.0,181.0,1.0
7003.0,182.0,0.742078
7003.0,183.0,0.37234
7003.0,184.0,0.344117
7003.0,185.0,0.697052
7003.0,186.0,0.175309
7003.0,187.0,0.358088
7003.0,188.0,0.411558
7003.0,189.0,0.871244
7003.0,190.0,0.419635
7003.0,191.0,0.553138
7003.0,192.0,0.998776
7003.0,193.0,0.566055
7003.0,194.0,0.517582
7003.0,195.0,0.936562
7003.0,196.0,0.495054
7003.0,197.0,0.862066
7003.0,198.0,0.0
7003.0,199.0,0.990786
7003.0,200.0,0.768534
7003.0,201.0,0.140174
7003.0,202.0,0.694143
7003.0,203.0,0.780073
7003.0,204.0,0.316075
7003.0,205.0,0.771925
7003.0,206.0,0.489074
7003.0,207.0,0.678535
7003.0,208.0,0.0
7003.0,209.0,0.902857
7003.0,210.0,1.0
7003.0,211.0,0.449088
7003.0,212.0,0.74857
7003.0,213.0,0.440899
7003.0,214.0,0.638449
7003.0,215.0,0.361071
7003.0,216.0,0.0
7003.0,217.0,0.380803
7003.0,218.0,0.544173
7003.0,219.0,0.705142
7003.0,220.0,1.0
7003.0,221.0,0.686729
7003.0,222.0,0.511811
7003.0,223.0,0.660831
7003.0,224.0,0.594129
7003.0,225.0,1.0
7003.0,226.0,1.0
7003.0,227.0,0.433542
7003.0,228.0,0.968334
7003.0,229.0,0.779708
7003.0,230.0,0.620228
7003.0,231.0,0.00377
7003.0,232.0,0.380107
7003.0,233.0,0.134139
7003.0,234.0,0.112291
7003.0,235.0,0.377305
7003.0,236.0,0.52237
7003.0,237.0,0.553228
7003.0,238.0,0.0
7003.0,239.0,1.0
7003.0,240.0,0.464395
7003.0,241.0,0.144702
7003.0,242.0,0.616976
7003.0,243.0,0.65377
7003.0,244.0,0.257219
7003.0,245.0,0.109099
7003.0,246.0,0.350899
7003.0,247.0,0.385801
7003.0,248.0,0.555994
7003.0,249.0,0.189465
7003.0,250.0,0.293228
7003.0,251.0,0.0
7003.0,252.0,0.979707
7003.0,253.0,0.694584
7003.0,254.0,0.220244
7003.0,255.0,0.713895
7003.0,256.0,1.0
7003.0,257.0,0.245071
7003.0,258.0,0.885653
7003.0,259.0,0.311977
7003.0,260.0,0.552695
7003.0,261.0,0.467317
7003.0,262.0,0.071085
7003.0,263.0,0.729474
7003.0,264.0,0.0
7003.0,265.0,0.945783
7003.0,266.0,0.990404
7003.0,267.0,0.03844
7003.0,268.0,0.0
7003.0,269.0,0.37621
7003.0,270.0,0.463245
7003.0,271.0,0.566852
7003.0,272.0,0.736424
7003.0,273.0,0.348373
7003.0,274.0,0.399467
7003.0,275.0,0.67379
7003.0,276.0,0.800721
7003.0,277.0,0.408129
7003.0,278.0,0.0
7003.0,279.0,0.412557
7003.0,280.0,0.545562
7003.0,281.0,0.53326
7003.0,282.0,0.718741
7003.0,283.0,0.606204
7003.0,284.0,0.460322
7003.0,285.0,0.84631
7003.0,286.0,0.452123
7003.0,287.0,0.0
7003.0,288.0,0.282522
7003.0,289.0,1.0
7003.0,290.0,1.0
7003.0,291.0,0.885705
7003.0,292.0,0.265234
7003.0,293.0,0.011414
7003.0,294.0,0.0
7003.0,295.0,0.50966
7003.0,296.0,0.787331
7003.0,297.0,0.367517
7003.0,298.0,0.571314
7003.0,299.0,0.940653
7003.0,300.0,0.6949
7003.0,301.0,0.0
7003.0,302.0,0.881009
7003.0,303.0,0.800561
7003.0,304.0,0.608713
7003.0,305.0,0.74445
7003.0,306.0,1.0
7003.0,307.0,0.458418
7003.0,308.0,0.446113
7003.0,309.0,0.744106
7003.0,310.0,0.87734
7003.0,311.0,1.0
7003.0,312.0,0.200288
7003.0,313.0,0.688677
7003.0,314.0,0.506527
7003.0,315.0,1.0
7003.0,316.0,0.735785
7003.0,317.0,0.533356
7003.0,318.0,0.473616
7003.0,319.0,0.0
7003.0,320.0,0.340287
7003.0,321.0,0.118228
7003.0,322.0,0.252305
7003.0,323.0,0.17991
7003.0,324.0,0.270408
7003.0,325.0,0.015926
7003.0,326.0,0.602485
7003.0,327.0,0.0
7003.0,328.0,0.0
7003.0,329.0,0.573779
7003.0,330.0,0.645276
7003.0,331.0,1.0
7003.0,332.0,0.304337
7003.0,333.0,0.218821
7003.0,334.0,0.677882
7004.0,0.0,0.02054
7004.0,1.0,0.930435
7004.0,2.0,0.0
7004.0,3.0,0.689632
7004.0,4.0,0.0
7004.0,5.0,0.214845
7004.0,6.0,0.621146
7004.0,7.0,0.402061
7004.0,8.0,0.494644
7004.0,9.0,0.535153
7004.0,10.0,0.0
7004.0,11.0,0.442682
7004.0,12.0,1.0
7004.0,13.0,0.546354
7004.0,14.0,0.538328
7004.0,15.0,0.350526
7004.0,16.0,0.571771
7004.0,17.0,0.584271
7004.0,18.0,0.0
7004.0,19.0,0.485429
7004.0,20.0,0.587611
7004.0,21.0,0.505368
7004.0,22.0,0.083751
7004.0,23.0,0.562167
7004.0,24.0,0.21375
7004.0,25.0,0.338383
7004.0,26.0,0.709652
7004.0,27.0,0.0
7004.0,28.0,0.421714
7004.0,29.0,0.462044
7004.0,30.0,0.655705
7004.0,31.0,0.47847
7004.0,32.0,0.310884
7004.0,33.0,0.359672
7004.0,34.0,0.885466
7004.0,35.0,0.410653
7004.0,36.0,0.342093
7004.0,37.0,0.369034
7004.0,38.0,0.020358
7004.0,39.0,0.0
7004.0,40.0,0.997166
7004.0,41.0,0.704443
7004.0,42.0,0.004506
7004.0,43.0,0.608333
7004.0,44.0,0.483869
7004.0,45.0,1.0
7004.0,46.0,0.603175
7004.0,47.0,0.364717
7004.0,48.0,0.017456
7004.0,49.0,0.752456
7004.0,50.0,0.998785
7004.0,51.0,0.343055
7004.0,52.0,1.0
7004.0,53.0,0.71483
7004.0,54.0,0.491362
7004.0,55.0,0.82826
7004.0,56.0,0.392633
7004.0,57.0,0.283099
7004.0,58.0,1.0
7004.0,59.0,0.831083
7004.0,60.0,0.035745
7004.0,61.0,0.921339
7004.0,62.0,0.560487
7004.0,63.0,0.654279
7004.0,64.0,0.0
7004.0,65.0,0.610881
7004.0,66.0,0.774974
7004.0,67.0,0.335465
7004.0,68.0,0.30003
7004.0,69.0,0.372122
7004.0,70.0,0.005227
7004.0,71.0,0.576069
7004.0,72.0,0.640104
7004.0,73.0,0.002147
7004.0,74.0,0.780762
7004.0,75.0,0.805318
7004.0,76.0,0.485544
7004.0,77.0,0.009799
7004.0,78.0,0.411868
7004.0,79.0,0.0
7004.0,80.0,0.407647
7004.0,81.0,0.427851
7004.0,82.0,0.528276
7004.0,83.0,1.0
7004.0,84.0,1.0
7004.0,85.0,0.190442
7004.0,86.0,0.589402
7004.0,87.0,0.089305
7004.0,88.0,0.621015
7004.0,89.0,0.168559
7004.0,90.0,0.856549
7004.0,91.0,0.0
7004.0,92.0,0.0
7004.0,93.0,0.492247
7004.0,94.0,0.942837
7004.0,95.0,0.649029
7004.0,96.0,0.290866
7004.0,97.0,0.035568
7004.0,98.0,0.969813
7004.0,99.0,0.383912
7004.0,100.0,0.71741
7004.0,101.0,0.48689
7004.0,102.0,0.744966
7004.0,103.0,0.443875
7004.0,104.0,1.0
7004.0,105.0,0.558934
7004.0,106.0,0.78598
7004.0,107.0,0.68168
7004.0,108.0,0.634698
7004.0,109.0,0.290482
7004.0,110.0,0.534222
7004.0,111.0,0.04061
7004.0,112.0,0.660921
7004.0,113.0,0.603555
7004.0,114.0,0.420468
7004.0,115.0,0.90585
7004.0,116.0,0.0
7004.0,117.0,0.507602
7004.0,118.0,0.733937
7004.0,119.0,0.001741
7004.0,120.0,0.558788
7004.0,121.0,0.47842
7004.0,122.0,0.570651
7004.0,123.0,1.0
7004.0,124.0,0.0
7004.0,125.0,0.332374
7004.0,126.0,0.651553
7004.0,127.0,0.780779
7004.0,128.0,1.0
7004.0,129.0,0.343167
7004.0,130.0,0.0
7004.0,131.0,0.0
7004.0,132.0,0.0
7004.0,133.0,0.192424
7004.0,134.0,0.0
7004.0,135.0,1.0
7004.0,136.0,0.872126
7004.0,137.0,0.595994
7004.0,138.0,0.148307
7004.0,139.0,0.269647
7004.0,140.0,1.0
7004.0,141.0,0.629784
7004.0,142.0,0.200014
7004.0,143.0,0.636968
7004.0,144.0,0.0
7004.0,145.0,0.132209
7004.0,146.0,0.628854
7004.0,147.0,1.0
7004.0,148.0,0.740123
7004.0,149.0,1.0
7004.0,150.0,0.491499
7004.0,151.0,0.831242
7004.0,152.0,0.228353
7004.0,153.0,0.679534
7004.0,154.0,0.511019
7004.0,155.0,0.433513
7004.0,156.0,0.461698
7004.0,157.0,1.0
7004.0,158.0,0.481455
7004.0,159.0,0.302591
7004.0,160.0,0.704795
7004.0,161.0,0.982508
7004.0,162.0,0.509485
7004.0,163.0,0.81232
7004.0,164.0,0.062531
7004.0,165.0,0.548131
7004.0,166.0,0.057558
7004.0,167.0,1.0
7004.0,168.0,0.209151
7004.0,169.0,0.670575
7004.0,170.0,0.0
7004.0,171.0,0.5591
7004.0,172.0,0.247332
7004.0,173.0,0.555055
7004.0,174.0,0.171614
7004.0,175.0,0.361754
7004.0,176.0,0.013703
7004.0,177.0,0.89332
7004.0,178.0,0.642159
7004.0,179.0,1.0
7004.0,180.0,0.489098
7004.0,181.0,1.0
7004.0,182.0,0.753294
7004.0,183.0,0.377106
7004.0,184.0,0.349022
7004.0,185.0,0.703478
7004.0,186.0,0.1764
7004.0,187.0,0.360459
7004.0,188.0,0.41192
7004.0,189.0,0.877979
7004.0,190.0,0.427485
7004.0,191.0,0.557561
7004.0,192.0,0.998816
7004.0,193.0,0.569983
7004.0,194.0,0.522202
7004.0,195.0,0.937038
7004.0,196.0,0.49972
7004.0,197.0,0.863768
7004.0,198.0,0.0
7004.0,199.0,0.990754
7004.0,200.0,0.769169
7004.0,201.0,0.142294
7004.0,202.0,0.700653
7004.0,203.0,0.785214
7004.0,204.0,0.315632
7004.0,205.0,0.772814
7004.0,206.0,0.512042
7004.0,207.0,0.69337
7004.0,208.0,0.0
7004.0,209.0,0.902992
7004.0,210.0,1.0
7004.0,211.0,0.453324
7004.0,212.0,0.748686
7004.0,213.0,0.442455
7004.0,214.0,0.650641
7004.0,215.0,0.362106
7004.0,216.0,0.0
7004.0,217.0,0.384676
7004.0,218.0,0.55553
7004.0,219.0,0.710975
7004.0,220.0,1.0
7004.0,221.0,0.690925
7004.0,222.0,0.534687
7004.0,223.0,0.664999
7004.0,224.0,0.595831
7004.0,225.0,1.0
7004.0,226.0,1.0
7004.0,227.0,0.433974
7004.0,228.0,0.968749
7004.0,229.0,0.780522
7004.0,230.0,0.620412
7004.0,231.0,0.00378
7004.0,232.0,0.383413
7004.0,233.0,0.133961
7004.0,234.0,0.114523
7004.0,235.0,0.378845
7004.0,236.0,0.525153
7004.0,237.0,0.55669
7004.0,238.0,0.0
7004.0,239.0,1.0
7004.0,240.0,0.468359
7004.0,241.0,0.145232
7004.0,242.0,0.618191
7004.0,243.0,0.655208
7004.0,244.0,0.261717
7004.0,245.0,0.11234
7004.0,246.0,0.351847
7004.0,247.0,0.389381
7004.0,248.0,0.561045
7004.0,249.0,0.193795
7004.0,250.0,0.298606
7004.0,251.0,0.0
7004.0,252.0,0.979637
7004.0,253.0,0.69517
7004.0,254.0,0.233819
7004.0,255.0,0.714384
7004.0,256.0,1.0
7004.0,257.0,0.245161
7004.0,258.0,0.88519
7004.0,259.0,0.315526
7004.0,260.0,0.55407
7004.0,261.0,0.469368
7004.0,262.0,0.072274
7004.0,263.0,0.730875
7004.0,264.0,0.0
7004.0,265.0,0.945915
7004.0,266.0,0.990476
7004.0,267.0,0.039232
7004.0,268.0,0.0
7004.0,269.0,0.379101
7004.0,270.0,0.464218
7004.0,271.0,0.569049
7004.0,272.0,0.73702
7004.0,273.0,0.349917
7004.0,274.0,0.401426
7004.0,275.0,0.68376
7004.0,276.0,0.817949
7004.0,277.0,0.409774
7004.0,278.0,0.0
7004.0,279.0,0.41572
7004.0,280.0,0.550133
7004.0,281.0,0.536167
7004.0,282.0,0.724295
7004.0,283.0,0.615515
7004.0,284.0,0.467877
7004.0,285.0,0.847076
7004.0,286.0,0.458923
7004.0,287.0,0.0
7004.0,288.0,0.286779
7004.0,289.0,1.0
7004.0,290.0,1.0
7004.0,291.0,0.886311
7004.0,292.0,0.268184
7004.0,293.0,0.012016
7004.0,294.0,0.0
7004.0,295.0,0.513637
7004.0,296.0,0.789842
7004.0,297.0,0.369666
7004.0,298.0,0.570728
7004.0,299.0,0.941174
7004.0,300.0,0.700712
7004.0,301.0,0.0
7004.0,302.0,0.884755
7004.0,303.0,0.804484
7004.0,304.0,0.609507
7004.0,305.0,0.749388
7004.0,306.0,1.0
7004.0,307.0,0.468042
7004.0,308.0,0.448323
7004.0,309.0,0.747101
7004.0,310.0,0.878051
7004.0,311.0,1.0
7004.0,312.0,0.205738
7004.0,313.0,0.690603
7004.0,314.0,0.508043
7004.0,315.0,1.0
7004.0,316.0,0.737107
7004.0,317.0,0.535348
7004.0,318.0,0.476206
7004.0,319.0,0.0
7004.0,320.0,0.348579
7004.0,321.0,0.119909
7004.0,322.0,0.254912
7004.0,323.0,0.182395
7004.0,324.0,0.272539
7004.0,325.0,0.015935
7004.0,326.0,0.608765
7004.0,327.0,0.0
7004.0,328.0,0.0
7004.0,329.0,0.613474
7004.0,330.0,0.644693
7004.0,331.0,1.0
7004.0,332.0,0.304891
7004.0,333.0,0.220776
7004.0,334.0,0.679967
7005.0,0.0,0.020887
7005.0,1.0,0.930455
7005.0,2.0,0.0
7005.0,3.0,0.69672
7005.0,4.0,0.0
7005.0,5.0,0.215547
7005.0,6.0,0.624559
7005.0,7.0,0.407243
7005.0,8.0,0.500316
7005.0,9.0,0.539582
7005.0,10.0,0.0
7005.0,11.0,0.450389
7005.0,12.0,1.0
7005.0,13.0,0.551681
7005.0,14.0,0.545355
7005.0,15.0,0.354794
7005.0,16.0,0.575264
7005.0,17.0,0.588239
7005.0,18.0,0.0
7005.0,19.0,0.487441
7005.0,20.0,0.589286
7005.0,21.0,0.508146
7005.0,22.0,0.083636
7005.0,23.0,0.56671
7005.0,24.0,0.219265
7005.0,25.0,0.342627
7005.0,26.0,0.7183
7005.0,27.0,0.0
7005.0,28.0,0.426552
7005.0,29.0,0.472669
7005.0,30.0,0.657849
7005.0,31.0,0.480291
7005.0,32.0,0.313535
7005.0,33.0,0.361461
7005.0,34.0,0.885975
7005.0,35.0,0.423934
7005.0,36.0,0.343178
7005.0,37.0,0.36884
7005.0,38.0,0.02042
7005.0,39.0,0.0
7005.0,40.0,0.997203
7005.0,41.0,0.707401
7005.0,42.0,0.004702
7005.0,43.0,0.610462
7005.0,44.0,0.487543
7005.0,45.0,1.0
7005.0,46.0,0.605083
7005.0,47.0,0.369631
7005.0,48.0,0.017305
7005.0,49.0,0.754652
7005.0,50.0,0.998738
7005.0,51.0,0.34672
7005.0,52.0,1.0
7005.0,53.0,0.715176
7005.0,54.0,0.500207
7005.0,55.0,0.828671
7005.0,56.0,0.399376
7005.0,57.0,0.284214
7005.0,58.0,1.0
7005.0,59.0,0.831192
7005.0,60.0,0.035889
7005.0,61.0,0.922223
7005.0,62.0,0.567326
7005.0,63.0,0.656793
7005.0,64.0,0.0
7005.0,65.0,0.615157
7005.0,66.0,0.77831
7005.0,67.0,0.339692
7005.0,68.0,0.308704
7005.0,69.0,0.375569
7005.0,70.0,0.005192
7005.0,71.0,0.577398
7005.0,72.0,0.641424
7005.0,73.0,0.002198
7005.0,74.0,0.785264
7005.0,75.0,0.812813
7005.0,76.0,0.490217
7005.0,77.0,0.009889
7005.0,78.0,0.416883
7005.0,79.0,0.0
7005.0,80.0,0.415069
7005.0,81.0,0.430556
7005.0,82.0,0.530957
7005.0,83.0,1.0
7005.0,84.0,1.0
7005.0,85.0,0.191914
7005.0,86.0,0.591538
7005.0,87.0,0.088523
7005.0,88.0,0.622614
7005.0,89.0,0.168474
7005.0,90.0,0.855125
7005.0,91.0,0.0
7005.0,92.0,0.0
7005.0,93.0,0.492588
7005.0,94.0,0.94275
7005.0,95.0,0.652066
7005.0,96.0,0.299332
7005.0,97.0,0.036323
7005.0,98.0,0.970038
7005.0,99.0,0.386668
7005.0,100.0,0.719274
7005.0,101.0,0.494937
7005.0,102.0,0.746963
7005.0,103.0,0.450748
7005.0,104.0,1.0
7005.0,105.0,0.562072
7005.0,106.0,0.79374
7005.0,107.0,0.68486
7005.0,108.0,0.637866
7005.0,109.0,0.290995
7005.0,110.0,0.546732
7005.0,111.0,0.040932
7005.0,112.0,0.664898
7005.0,113.0,0.665603
7005.0,114.0,0.425059
7005.0,115.0,0.905133
7005.0,116.0,0.0
7005.0,117.0,0.515887
7005.0,118.0,0.734826
7005.0,119.0,0.00184
7005.0,120.0,0.562773
7005.0,121.0,0.479457
7005.0,122.0,0.572036
7005.0,123.0,1.0
7005.0,124.0,0.0
7005.0,125.0,0.34655
7005.0,126.0,0.653831
7005.0,127.0,0.792488
7005.0,128.0,1.0
7005.0,129.0,0.343051
7005.0,130.0,0.0
7005.0,131.0,0.0
7005.0,132.0,0.0
7005.0,133.0,0.199281
7005.0,134.0,0.0
7005.0,135.0,1.0
7005.0,136.0,0.875291
7005.0,137.0,0.595009
7005.0,138.0,0.148894
7005.0,139.0,0.2767
7005.0,140.0,1.0
7005.0,141.0,0.633321
7005.0,142.0,0.201293
7005.0,143.0,0.639025
7005.0,144.0,0.0
7005.0,145.0,0.132775
7005.0,146.0,0.632095
7005.0,147.0,1.0
7005.0,148.0,0.755779
7005.0,149.0,1.0
7005.0,150.0,0.502889
7005.0,151.0,0.832288
7005.0,152.0,0.229633
7005.0,153.0,0.684709
7005.0,154.0,0.514088
7005.0,155.0,0.44292
7005.0,156.0,0.483543
7005.0,157.0,1.0
7005.0,158.0,0.501506
7005.0,159.0,0.302971
7005.0,160.0,0.70939
7005.0,161.0,0.982739
7005.0,162.0,0.510504
7005.0,163.0,0.814991
7005.0,164.0,0.063069
7005.0,165.0,0.548778
7005.0,166.0,0.057319
7005.0,167.0,1.0
7005.0,168.0,0.208316
7005.0,169.0,0.677863
7005.0,170.0,0.0
7005.0,171.0,0.564789
7005.0,172.0,0.248776
7005.0,173.0,0.560927
7005.0,174.0,0.173674
7005.0,175.0,0.363528
7005.0,176.0,0.013434
7005.0,177.0,0.894081
7005.0,178.0,0.646887
7005.0,179.0,1.0
7005.0,180.0,0.491636
7005.0,181.0,1.0
7005.0,182.0,0.764842
7005.0,183.0,0.381542
7005.0,184.0,0.353119
7005.0,185.0,0.708857
7005.0,186.0,0.178067
7005.0,187.0,0.363689
7005.0,188.0,0.411619
7005.0,189.0,0.884895
7005.0,190.0,0.435014
7005.0,191.0,0.561975
7005.0,192.0,0.998827
7005.0,193.0,0.573577
7005.0,194.0,0.527338
7005.0,195.0,0.937049
7005.0,196.0,0.504197
7005.0,197.0,0.865697
7005.0,198.0,0.0
7005.0,199.0,0.990721
7005.0,200.0,0.770056
7005.0,201.0,0.14422
7005.0,202.0,0.706427
7005.0,203.0,0.789769
7005.0,204.0,0.315618
7005.0,205.0,0.773733
7005.0,206.0,0.534073
7005.0,207.0,0.706273
7005.0,208.0,0.0
7005.0,209.0,0.902794
7005.0,210.0,1.0
7005.0,211.0,0.457142
7005.0,212.0,0.749065
7005.0,213.0,0.444186
7005.0,214.0,0.662376
7005.0,215.0,0.363053
7005.0,216.0,0.0
7005.0,217.0,0.388181
7005.0,218.0,0.566546
7005.0,219.0,0.71681
7005.0,220.0,1.0
7005.0,221.0,0.694351
7005.0,222.0,0.558449
7005.0,223.0,0.667974
7005.0,224.0,0.597376
7005.0,225.0,1.0
7005.0,226.0,1.0
7005.0,227.0,0.434388
7005.0,228.0,0.96924
7005.0,229.0,0.780724
7005.0,230.0,0.621346
7005.0,231.0,0.00386
7005.0,232.0,0.387234
7005.0,233.0,0.134423
7005.0,234.0,0.116858
7005.0,235.0,0.380192
7005.0,236.0,0.527394
7005.0,237.0,0.558627
7005.0,238.0,0.0
7005.0,239.0,1.0
7005.0,240.0,0.471389
7005.0,241.0,0.145274
7005.0,242.0,0.619137
7005.0,243.0,0.656344
7005.0,244.0,0.264998
7005.0,245.0,0.116107
7005.0,246.0,0.352919
7005.0,247.0,0.393638
7005.0,248.0,0.565639
7005.0,249.0,0.198809
7005.0,250.0,0.303948
7005.0,251.0,0.0
7005.0,252.0,0.979409
7005.0,253.0,0.695652
7005.0,254.0,0.246654
7005.0,255.0,0.714537
7005.0,256.0,1.0
7005.0,257.0,0.245745
7005.0,258.0,0.885044
7005.0,259.0,0.319557
7005.0,260.0,0.554087
7005.0,261.0,0.471327
7005.0,262.0,0.072864
7005.0,263.0,0.731152
7005.0,264.0,0.0
7005.0,265.0,0.945789
7005.0,266.0,0.990585
7005.0,267.0,0.039694
7005.0,268.0,0.0
7005.0,269.0,0.382107
7005.0,270.0,0.464279
7005.0,271.0,0.57136
7005.0,272.0,0.73733
7005.0,273.0,0.351693
7005.0,274.0,0.402926
7005.0,275.0,0.693981
7005.0,276.0,0.833526
7005.0,277.0,0.41175
7005.0,278.0,0.0
7005.0,279.0,0.41795
7005.0,280.0,0.553484
7005.0,281.0,0.539489
7005.0,282.0,0.729646
7005.0,283.0,0.624043
7005.0,284.0,0.475295
7005.0,285.0,0.847145
7005.0,286.0,0.465928
7005.0,287.0,0.0
7005.0,288.0,0.291102
7005.0,289.0,1.0
7005.0,290.0,1.0
7005.0,291.0,0.887203
7005.0,292.0,0.269953
7005.0,293.0,0.012534
7005.0,294.0,0.0
7005.0,295.0,0.518626
7005.0,296.0,0.792132
7005.0,297.0,0.37101
7005.0,298.0,0.571282
7005.0,299.0,0.941647
7005.0,300.0,0.707544
7005.0,301.0,0.0
7005.0,302.0,0.887639
7005.0,303.0,0.808511
7005.0,304.0,0.609887
7005.0,305.0,0.754192
7005.0,306.0,1.0
7005.0,307.0,0.476453
7005.0,308.0,0.451782
7005.0,309.0,0.750098
7005.0,310.0,0.879271
7005.0,311.0,1.0
7005.0,312.0,0.211078
7005.0,313.0,0.692241
7005.0,314.0,0.510322
7005.0,315.0,1.0
7005.0,316.0,0.736961
7005.0,317.0,0.536768
7005.0,318.0,0.478622
7005.0,319.0,0.0
7005.0,320.0,0.357527
7005.0,321.0,0.121623
7005.0,322.0,0.25731
7005.0,323.0,0.184271
7005.0,324.0,0.273688
7005.0,325.0,0.015898
7005.0,326.0,0.614843
7005.0,327.0,0.0
7005.0,328.0,0.0
7005.0,329.0,0.65171
7005.0,330.0,0.645522
7005.0,331.0,1.0
7005.0,332.0,0.305599
7005.0,333.0,0.223025
7005.0,334.0,0.68142
7006.0,0.0,0.020797
7006.0,1.0,0.929634
7006.0,2.0,0.0
7006.0,3.0,0.689713
7006.0,4.0,0.0
7006.0,5.0,0.213523
7006.0,6.0,0.621094
7006.0,7.0,0.401792
7006.0,8.0,0.494679
7006.0,9.0,0.535141
7006.0,10.0,0.0
7006.0,11.0,0.441905
7006.0,12.0,1.0
7006.0,13.0,0.546246
7006.0,14.0,0.536255
7006.0,15.0,0.350988
7006.0,16.0,0.570395
7006.0,17.0,0.583566
7006.0,18.0,0.0
7006.0,19.0,0.484109
7006.0,20.0,0.588243
7006.0,21.0,0.505303
7006.0,22.0,0.08333
7006.0,23.0,0.562192
7006.0,24.0,0.213231
7006.0,25.0,0.33819
7006.0,26.0,0.707709
7006.0,27.0,0.0
7006.0,28.0,0.422125
7006.0,29.0,0.461584
7006.0,30.0,0.656391
7006.0,31.0,0.478733
7006.0,32.0,0.311676
7006.0,33.0,0.359104
7006.0,34.0,0.885725
7006.0,35.0,0.409517
7006.0,36.0,0.342121
7006.0,37.0,0.36837
7006.0,38.0,0.020397
7006.0,39.0,0.0
7006.0,40.0,0.997183
7006.0,41.0,0.704497
7006.0,42.0,0.004404
7006.0,43.0,0.607157
7006.0,44.0,0.484324
7006.0,45.0,1.0
7006.0,46.0,0.603158
7006.0,47.0,0.366116
7006.0,48.0,0.017213
7006.0,49.0,0.752684
7006.0,50.0,0.998712
7006.0,51.0,0.341897
7006.0,52.0,1.0
7006.0,53.0,0.715258
7006.0,54.0,0.49146
7006.0,55.0,0.827598
7006.0,56.0,0.392712
7006.0,57.0,0.283432
7006.0,58.0,1.0
7006.0,59.0,0.829598
7006.0,60.0,0.036051
7006.0,61.0,0.92113
7006.0,62.0,0.560118
7006.0,63.0,0.654693
7006.0,64.0,0.0
7006.0,65.0,0.611042
7006.0,66.0,0.774857
7006.0,67.0,0.33488
7006.0,68.0,0.298736
7006.0,69.0,0.371458
7006.0,70.0,0.005293
7006.0,71.0,0.575786
7006.0,72.0,0.639494
7006.0,73.0,0.002156
7006.0,74.0,0.780902
7006.0,75.0,0.804236
7006.0,76.0,0.485178
7006.0,77.0,0.009749
7006.0,78.0,0.412884
7006.0,79.0,0.0
7006.0,80.0,0.4065
7006.0,81.0,0.427429
7006.0,82.0,0.528247
7006.0,83.0,1.0
7006.0,84.0,1.0
7006.0,85.0,0.190594
7006.0,86.0,0.589344
7006.0,87.0,0.088894
7006.0,88.0,0.621378
7006.0,89.0,0.168197
7006.0,90.0,0.855987
7006.0,91.0,0.0
7006.0,92.0,0.0
7006.0,93.0,0.490158
7006.0,94.0,0.942691
7006.0,95.0,0.648395
7006.0,96.0,0.290927
7006.0,97.0,0.035592
7006.0,98.0,0.969444
7006.0,99.0,0.382644
7006.0,100.0,0.717858
7006.0,101.0,0.485977
7006.0,102.0,0.744901
7006.0,103.0,0.442232
7006.0,104.0,1.0
7006.0,105.0,0.557839
7006.0,106.0,0.785352
7006.0,107.0,0.682066
7006.0,108.0,0.63486
7006.0,109.0,0.289071
7006.0,110.0,0.533811
7006.0,111.0,0.040443
7006.0,112.0,0.661233
7006.0,113.0,0.599056
7006.0,114.0,0.420544
7006.0,115.0,0.90517
7006.0,116.0,0.0
7006.0,117.0,0.506777
7006.0,118.0,0.735039
7006.0,119.0,0.001782
7006.0,120.0,0.557003
7006.0,121.0,0.478153
7006.0,122.0,0.569369
7006.0,123.0,1.0
7006.0,124.0,0.0
7006.0,125.0,0.330319
7006.0,126.0,0.651051
7006.0,127.0,0.77912
7006.0,128.0,1.0
7006.0,129.0,0.343231
7006.0,130.0,0.0
7006.0,131.0,0.0
7006.0,132.0,0.0
7006.0,133.0,0.193306
7006.0,134.0,0.0
7006.0,135.0,1.0
7006.0,136.0,0.871272
7006.0,137.0,0.595317
7006.0,138.0,0.147902
7006.0,139.0,0.268708
7006.0,140.0,1.0
7006.0,141.0,0.631126
7006.0,142.0,0.200426
7006.0,143.0,0.637787
7006.0,144.0,0.0
7006.0,145.0,0.132619
7006.0,146.0,0.629224
7006.0,147.0,1.0
7006.0,148.0,0.737807
7006.0,149.0,1.0
7006.0,150.0,0.48867
7006.0,151.0,0.831709
7006.0,152.0,0.228296
7006.0,153.0,0.680005
7006.0,154.0,0.510558
7006.0,155.0,0.432347
7006.0,156.0,0.458722
7006.0,157.0,1.0
7006.0,158.0,0.480553
7006.0,159.0,0.302223
7006.0,160.0,0.704709
7006.0,161.0,0.98252
7006.0,162.0,0.509767
7006.0,163.0,0.811817
7006.0,164.0,0.062566
7006.0,165.0,0.547011
7006.0,166.0,0.057085
7006.0,167.0,1.0
7006.0,168.0,0.207588
7006.0,169.0,0.670191
7006.0,170.0,0.0
7006.0,171.0,0.557799
7006.0,172.0,0.247203
7006.0,173.0,0.55427
7006.0,174.0,0.171238
7006.0,175.0,0.359915
7006.0,176.0,0.013402
7006.0,177.0,0.893441
7006.0,178.0,0.640361
7006.0,179.0,1.0
7006.0,180.0,0.490433
7006.0,181.0,1.0
7006.0,182.0,0.75195
7006.0,183.0,0.378101
7006.0,184.0,0.348011
7006.0,185.0,0.702678
7006.0,186.0,0.176695
7006.0,187.0,0.361405
7006.0,188.0,0.4109
7006.0,189.0,0.878402
7006.0,190.0,0.427331
7006.0,191.0,0.557286
7006.0,192.0,0.998795
7006.0,193.0,0.569178
7006.0,194.0,0.521253
7006.0,195.0,0.935917
7006.0,196.0,0.498155
7006.0,197.0,0.864028
7006.0,198.0,0.0
7006.0,199.0,0.990483
7006.0,200.0,0.769746
7006.0,201.0,0.142751
7006.0,202.0,0.701162
7006.0,203.0,0.784962
7006.0,204.0,0.315334
7006.0,205.0,0.772741
7006.0,206.0,0.508644
7006.0,207.0,0.693081
7006.0,208.0,0.0
7006.0,209.0,0.902779
7006.0,210.0,1.0
7006.0,211.0,0.45236
7006.0,212.0,0.749246
7006.0,213.0,0.44279
7006.0,214.0,0.649248
7006.0,215.0,0.363405
7006.0,216.0,0.0
7006.0,217.0,0.383767
7006.0,218.0,0.554915
7006.0,219.0,0.710734
7006.0,220.0,1.0
7006.0,221.0,0.691149
7006.0,222.0,0.530664
7006.0,223.0,0.663259
7006.0,224.0,0.596089
7006.0,225.0,1.0
7006.0,226.0,1.0
7006.0,227.0,0.432443
7006.0,228.0,0.968564
7006.0,229.0,0.779381
7006.0,230.0,0.619767
7006.0,231.0,0.003815
7006.0,232.0,0.383722
7006.0,233.0,0.134079
7006.0,234.0,0.113936
7006.0,235.0,0.377996
7006.0,236.0,0.52457
7006.0,237.0,0.55544
7006.0,238.0,0.0
7006.0,239.0,1.0
7006.0,240.0,0.468478
7006.0,241.0,0.144557
7006.0,242.0,0.618153
7006.0,243.0,0.655575
7006.0,244.0,0.260207
7006.0,245.0,0.112625
7006.0,246.0,0.352373
7006.0,247.0,0.390488
7006.0,248.0,0.559733
7006.0,249.0,0.193326
7006.0,250.0,0.297745
7006.0,251.0,0.0
7006.0,252.0,0.979681
7006.0,253.0,0.69436
7006.0,254.0,0.232041
7006.0,255.0,0.713927
7006.0,256.0,1.0
7006.0,257.0,0.245114
7006.0,258.0,0.884711
7006.0,259.0,0.314522
7006.0,260.0,0.553834
7006.0,261.0,0.470073
7006.0,262.0,0.071217
7006.0,263.0,0.729432
7006.0,264.0,0.0
7006.0,265.0,0.945474
7006.0,266.0,0.990414
7006.0,267.0,0.039237
7006.0,268.0,0.0
7006.0,269.0,0.379215
7006.0,270.0,0.46313
7006.0,271.0,0.569784
7006.0,272.0,0.737226
7006.0,273.0,0.349684
7006.0,274.0,0.401436
7006.0,275.0,0.682273
7006.0,276.0,0.815813
7006.0,277.0,0.408882
7006.0,278.0,0.0
7006.0,279.0,0.416334
7006.0,280.0,0.549246
7006.0,281.0,0.535685
7006.0,282.0,0.723737
7006.0,283.0,0.615021
7006.0,284.0,0.467718
7006.0,285.0,0.846936
7006.0,286.0,0.457494
7006.0,287.0,0.0
7006.0,288.0,0.285803
7006.0,289.0,1.0
7006.0,290.0,1.0
7006.0,291.0,0.88656
7006.0,292.0,0.267874
7006.0,293.0,0.011932
7006.0,294.0,0.0
7006.0,295.0,0.515057
7006.0,296.0,0.788959
7006.0,297.0,0.369895
7006.0,298.0,0.570658
7006.0,299.0,0.941641
7006.0,300.0,0.701904
7006.0,301.0,0.0
7006.0,302.0,0.884525
7006.0,303.0,0.80504
7006.0,304.0,0.610119
7006.0,305.0,0.748303
7006.0,306.0,1.0
7006.0,307.0,0.46751
7006.0,308.0,0.448027
7006.0,309.0,0.746507
7006.0,310.0,0.87817
7006.0,311.0,1.0
7006.0,312.0,0.206578
7006.0,313.0,0.689605
7006.0,314.0,0.509059
7006.0,315.0,1.0
7006.0,316.0,0.73586
7006.0,317.0,0.534154
7006.0,318.0,0.475657
7006.0,319.0,0.0
7006.0,320.0,0.34863
7006.0,321.0,0.120147
7006.0,322.0,0.253587
7006.0,323.0,0.182324
7006.0,324.0,0.271982
7006.0,325.0,0.015888
7006.0,326.0,0.609119
7006.0,327.0,0.0
7006.0,328.0,0.0
7006.0,329.0,0.605446
7006.0,330.0,0.644887
7006.0,331.0,1.0
7006.0,332.0,0.305481
7006.0,333.0,0.221382
7006.0,334.0,0.680519
7007.0,0.0,0.020558
7007.0,1.0,0.929298
7007.0,2.0,0.0
7007.0,3.0,0.682045
7007.0,4.0,0.0
7007.0,5.0,0.212313
7007.0,6.0,0.61686
7007.0,7.0,0.395229
7007.0,8.0,0.488994
7007.0,9.0,0.529596
7007.0,10.0,0.0
7007.0,11.0,0.433292
7007.0,12.0,1.0
7007.0,13.0,0.54032
7007.0,14.0,0.528079
7007.0,15.0,0.34765
7007.0,16.0,0.566138
7007.0,17.0,0.578666
7007.0,18.0,0.0
7007.0,19.0,0.481727
7007.0,20.0,0.586965
7007.0,21.0,0.502097
7007.0,22.0,0.083006
7007.0,23.0,0.558497
7007.0,24.0,0.207833
7007.0,25.0,0.33303
7007.0,26.0,0.696666
7007.0,27.0,0.0
7007.0,28.0,0.416949
7007.0,29.0,0.450565
7007.0,30.0,0.65389
7007.0,31.0,0.47845
7007.0,32.0,0.309036
7007.0,33.0,0.356711
7007.0,34.0,0.884982
7007.0,35.0,0.394929
7007.0,36.0,0.34046
7007.0,37.0,0.366985
7007.0,38.0,0.020483
7007.0,39.0,0.0
7007.0,40.0,0.997096
7007.0,41.0,0.701263
7007.0,42.0,0.004266
7007.0,43.0,0.604757
7007.0,44.0,0.480924
7007.0,45.0,1.0
7007.0,46.0,0.600718
7007.0,47.0,0.36175
7007.0,48.0,0.016927
7007.0,49.0,0.750387
7007.0,50.0,0.998747
7007.0,51.0,0.336987
7007.0,52.0,1.0
7007.0,53.0,0.715452
7007.0,54.0,0.480996
7007.0,55.0,0.82658
7007.0,56.0,0.386111
7007.0,57.0,0.282635
7007.0,58.0,1.0
7007.0,59.0,0.827895
7007.0,60.0,0.036125
7007.0,61.0,0.920279
7007.0,62.0,0.551946
7007.0,63.0,0.651837
7007.0,64.0,0.0
7007.0,65.0,0.606231
7007.0,66.0,0.771216
7007.0,67.0,0.331414
7007.0,68.0,0.290019
7007.0,69.0,0.367819
7007.0,70.0,0.005166
7007.0,71.0,0.57528
7007.0,72.0,0.636439
7007.0,73.0,0.002194
7007.0,74.0,0.77651
7007.0,75.0,0.796311
7007.0,76.0,0.480082
7007.0,77.0,0.009622
7007.0,78.0,0.408417
7007.0,79.0,0.0
7007.0,80.0,0.397882
7007.0,81.0,0.425072
7007.0,82.0,0.526537
7007.0,83.0,1.0
7007.0,84.0,1.0
7007.0,85.0,0.189059
7007.0,86.0,0.586445
7007.0,87.0,0.089484
7007.0,88.0,0.619189
7007.0,89.0,0.167864
7007.0,90.0,0.85682
7007.0,91.0,0.0
7007.0,92.0,0.0
7007.0,93.0,0.488876
7007.0,94.0,0.942487
7007.0,95.0,0.644453
7007.0,96.0,0.283578
7007.0,97.0,0.034319
7007.0,98.0,0.969146
7007.0,99.0,0.379705
7007.0,100.0,0.715994
7007.0,101.0,0.47611
7007.0,102.0,0.742388
7007.0,103.0,0.433092
7007.0,104.0,1.0
7007.0,105.0,0.554399
7007.0,106.0,0.77661
7007.0,107.0,0.679365
7007.0,108.0,0.63107
7007.0,109.0,0.288607
7007.0,110.0,0.520926
7007.0,111.0,0.040163
7007.0,112.0,0.657133
7007.0,113.0,0.528227
7007.0,114.0,0.417152
7007.0,115.0,0.905256
7007.0,116.0,0.0
7007.0,117.0,0.49771
7007.0,118.0,0.735226
7007.0,119.0,0.001801
7007.0,120.0,0.552433
7007.0,121.0,0.476512
7007.0,122.0,0.567443
7007.0,123.0,1.0
7007.0,124.0,0.0
7007.0,125.0,0.315463
7007.0,126.0,0.64894
7007.0,127.0,0.765663
7007.0,128.0,1.0
7007.0,129.0,0.343229
7007.0,130.0,0.0
7007.0,131.0,0.0
7007.0,132.0,0.0
7007.0,133.0,0.188007
7007.0,134.0,0.0
7007.0,135.0,1.0
7007.0,136.0,0.868072
7007.0,137.0,0.594877
7007.0,138.0,0.147364
7007.0,139.0,0.261335
7007.0,140.0,1.0
7007.0,141.0,0.627145
7007.0,142.0,0.19956
7007.0,143.0,0.635868
7007.0,144.0,0.0
7007.0,145.0,0.131694
7007.0,146.0,0.625973
7007.0,147.0,1.0
7007.0,148.0,0.720778
7007.0,149.0,1.0
7007.0,150.0,0.474257
7007.0,151.0,0.831489
7007.0,152.0,0.228477
7007.0,153.0,0.675053
7007.0,154.0,0.507241
7007.0,155.0,0.422175
7007.0,156.0,0.435232
7007.0,157.0,1.0
7007.0,158.0,0.458863
7007.0,159.0,0.301677
7007.0,160.0,0.70097
7007.0,161.0,0.982328
7007.0,162.0,0.50752
7007.0,163.0,0.808612
7007.0,164.0,0.062148
7007.0,165.0,0.546286
7007.0,166.0,0.057396
7007.0,167.0,1.0
7007.0,168.0,0.207406
7007.0,169.0,0.662221
7007.0,170.0,0.0
7007.0,171.0,0.553214
7007.0,172.0,0.245787
7007.0,173.0,0.54851
7007.0,174.0,0.169386
7007.0,175.0,0.357431
7007.0,176.0,0.013482
7007.0,177.0,0.893422
7007.0,178.0,0.634047
7007.0,179.0,1.0
7007.0,180.0,0.488684
7007.0,181.0,1.0
7007.0,182.0,0.739604
7007.0,183.0,0.373611
7007.0,184.0,0.343449
7007.0,185.0,0.697633
7007.0,186.0,0.175779
7007.0,187.0,0.359898
7007.0,188.0,0.4099
7007.0,189.0,0.871466
7007.0,190.0,0.420048
7007.0,191.0,0.552783
7007.0,192.0,0.998752
7007.0,193.0,0.566357
7007.0,194.0,0.515394
7007.0,195.0,0.935945
7007.0,196.0,0.492121
7007.0,197.0,0.86229
7007.0,198.0,0.0
7007.0,199.0,0.990525
7007.0,200.0,0.768631
7007.0,201.0,0.141312
7007.0,202.0,0.695462
7007.0,203.0,0.779561
7007.0,204.0,0.315604
7007.0,205.0,0.772523
7007.0,206.0,0.482458
7007.0,207.0,0.679746
7007.0,208.0,0.0
7007.0,209.0,0.902669
7007.0,210.0,1.0
7007.0,211.0,0.447272
7007.0,212.0,0.749136
7007.0,213.0,0.440776
7007.0,214.0,0.637558
7007.0,215.0,0.361976
7007.0,216.0,0.0
7007.0,217.0,0.380406
7007.0,218.0,0.542783
7007.0,219.0,0.704895
7007.0,220.0,1.0
7007.0,221.0,0.687545
7007.0,222.0,0.504754
7007.0,223.0,0.659111
7007.0,224.0,0.594842
7007.0,225.0,1.0
7007.0,226.0,1.0
7007.0,227.0,0.431685
7007.0,228.0,0.968125
7007.0,229.0,0.778996
7007.0,230.0,0.618835
7007.0,231.0,0.003697
7007.0,232.0,0.380185
7007.0,233.0,0.133494
7007.0,234.0,0.111918
7007.0,235.0,0.377132
7007.0,236.0,0.522825
7007.0,237.0,0.55231
7007.0,238.0,0.0
7007.0,239.0,1.0
7007.0,240.0,0.464243
7007.0,241.0,0.143573
7007.0,242.0,0.616513
7007.0,243.0,0.65437
7007.0,244.0,0.255762
7007.0,245.0,0.109555
7007.0,246.0,0.351462
7007.0,247.0,0.386957
7007.0,248.0,0.554613
7007.0,249.0,0.188236
7007.0,250.0,0.291715
7007.0,251.0,0.0
7007.0,252.0,0.979957
7007.0,253.0,0.693141
7007.0,254.0,0.217687
7007.0,255.0,0.713234
7007.0,256.0,1.0
7007.0,257.0,0.243746
7007.0,258.0,0.885316
7007.0,259.0,0.309744
7007.0,260.0,0.552903
7007.0,261.0,0.468394
7007.0,262.0,0.070427
7007.0,263.0,0.729058
7007.0,264.0,0.0
7007.0,265.0,0.945099
7007.0,266.0,0.990425
7007.0,267.0,0.038765
7007.0,268.0,0.0
7007.0,269.0,0.376349
7007.0,270.0,0.46204
7007.0,271.0,0.56793
7007.0,272.0,0.73684
7007.0,273.0,0.347714
7007.0,274.0,0.398616
7007.0,275.0,0.670814
7007.0,276.0,0.797158
7007.0,277.0,0.406763
7007.0,278.0,0.0
7007.0,279.0,0.414207
7007.0,280.0,0.546105
7007.0,281.0,0.531986
7007.0,282.0,0.718319
7007.0,283.0,0.605943
7007.0,284.0,0.460811
7007.0,285.0,0.846267
7007.0,286.0,0.451028
7007.0,287.0,0.0
7007.0,288.0,0.280744
7007.0,289.0,1.0
7007.0,290.0,1.0
7007.0,291.0,0.88561
7007.0,292.0,0.264991
7007.0,293.0,0.011393
7007.0,294.0,0.0
7007.0,295.0,0.510602
7007.0,296.0,0.786287
7007.0,297.0,0.3682
7007.0,298.0,0.571061
7007.0,299.0,0.941828
7007.0,300.0,0.695801
7007.0,301.0,0.0
7007.0,302.0,0.881453
7007.0,303.0,0.800472
7007.0,304.0,0.609861
7007.0,305.0,0.74289
7007.0,306.0,1.0
7007.0,307.0,0.459858
7007.0,308.0,0.44466
7007.0,309.0,0.742557
7007.0,310.0,0.877675
7007.0,311.0,1.0
7007.0,312.0,0.201757
7007.0,313.0,0.686742
7007.0,314.0,0.506997
7007.0,315.0,1.0
7007.0,316.0,0.734732
7007.0,317.0,0.530746
7007.0,318.0,0.472605
7007.0,319.0,0.0
7007.0,320.0,0.339704
7007.0,321.0,0.118774
7007.0,322.0,0.249946
7007.0,323.0,0.180314
7007.0,324.0,0.270385
7007.0,325.0,0.015899
7007.0,326.0,0.602753
7007.0,327.0,0.0
7007.0,328.0,0.0
7007.0,329.0,0.562835
7007.0,330.0,0.64397
7007.0,331.0,1.0
7007.0,332.0,0.305423
7007.0,333.0,0.219456
7007.0,334.0,0.679608
7008.0,0.0,0.020232
7008.0,1.0,0.928665
7008.0,2.0,0.0
7008.0,3.0,0.67538
7008.0,4.0,0.0
7008.0,5.0,0.210954
7008.0,6.0,0.613622
7008.0,7.0,0.389605
7008.0,8.0,0.483046
7008.0,9.0,0.524572
7008.0,10.0,0.0
7008.0,11.0,0.425878
7008.0,12.0,1.0
7008.0,13.0,0.53451
7008.0,14.0,0.519743
7008.0,15.0,0.343487
7008.0,16.0,0.561946
7008.0,17.0,0.57383
7008.0,18.0,0.0
7008.0,19.0,0.479363
7008.0,20.0,0.585688
7008.0,21.0,0.500104
7008.0,22.0,0.083115
7008.0,23.0,0.554182
7008.0,24.0,0.20271
7008.0,25.0,0.328651
7008.0,26.0,0.686981
7008.0,27.0,0.0
7008.0,28.0,0.411673
7008.0,29.0,0.439996
7008.0,30.0,0.652669
7008.0,31.0,0.477228
7008.0,32.0,0.306564
7008.0,33.0,0.353974
7008.0,34.0,0.883712
7008.0,35.0,0.382314
7008.0,36.0,0.339538
7008.0,37.0,0.366212
7008.0,38.0,0.020661
7008.0,39.0,0.0
7008.0,40.0,0.996924
7008.0,41.0,0.698175
7008.0,42.0,0.004082
7008.0,43.0,0.602155
7008.0,44.0,0.476666
7008.0,45.0,1.0
7008.0,46.0,0.598311
7008.0,47.0,0.357331
7008.0,48.0,0.01674
7008.0,49.0,0.748559
7008.0,50.0,0.998688
7008.0,51.0,0.332771
7008.0,52.0,1.0
7008.0,53.0,0.71522
7008.0,54.0,0.471462
7008.0,55.0,0.825788
7008.0,56.0,0.379645
7008.0,57.0,0.281385
7008.0,58.0,1.0
7008.0,59.0,0.827381
7008.0,60.0,0.036368
7008.0,61.0,0.919535
7008.0,62.0,0.545239
7008.0,63.0,0.648339
7008.0,64.0,0.0
7008.0,65.0,0.602604
7008.0,66.0,0.766974
7008.0,67.0,0.328297
7008.0,68.0,0.281202
7008.0,69.0,0.36367
7008.0,70.0,0.005104
7008.0,71.0,0.573454
7008.0,72.0,0.634143
7008.0,73.0,0.002218
7008.0,74.0,0.771271
7008.0,75.0,0.787262
7008.0,76.0,0.474937
7008.0,77.0,0.009678
7008.0,78.0,0.403201
7008.0,79.0,0.0
7008.0,80.0,0.389965
7008.0,81.0,0.422797
7008.0,82.0,0.523787
7008.0,83.0,1.0
7008.0,84.0,1.0
7008.0,85.0,0.187147
7008.0,86.0,0.584099
7008.0,87.0,0.090114
7008.0,88.0,0.618329
7008.0,89.0,0.167388
7008.0,90.0,0.857087
7008.0,91.0,0.0
7008.0,92.0,0.0
7008.0,93.0,0.487744
7008.0,94.0,0.94261
7008.0,95.0,0.640597
7008.0,96.0,0.27639
7008.0,97.0,0.033556
7008.0,98.0,0.968869
7008.0,99.0,0.377504
7008.0,100.0,0.713676
7008.0,101.0,0.467127
7008.0,102.0,0.739744
7008.0,103.0,0.42463
7008.0,104.0,1.0
7008.0,105.0,0.54954
7008.0,106.0,0.768183
7008.0,107.0,0.676909
7008.0,108.0,0.627837
7008.0,109.0,0.289189
7008.0,110.0,0.507458
7008.0,111.0,0.039913
7008.0,112.0,0.653037
7008.0,113.0,0.457548
7008.0,114.0,0.413556
7008.0,115.0,0.904365
7008.0,116.0,0.0
7008.0,117.0,0.489013
7008.0,118.0,0.733966
7008.0,119.0,0.001827
7008.0,120.0,0.547934
7008.0,121.0,0.475236
7008.0,122.0,0.566287
7008.0,123.0,1.0
7008.0,124.0,0.0
7008.0,125.0,0.301388
7008.0,126.0,0.647809
7008.0,127.0,0.751864
7008.0,128.0,1.0
7008.0,129.0,0.344124
7008.0,130.0,0.0
7008.0,131.0,0.0
7008.0,132.0,0.0
7008.0,133.0,0.182003
7008.0,134.0,0.0
7008.0,135.0,1.0
7008.0,136.0,0.864381
7008.0,137.0,0.59403
7008.0,138.0,0.147909
7008.0,139.0,0.254084
7008.0,140.0,1.0
7008.0,141.0,0.622909
7008.0,142.0,0.198085
7008.0,143.0,0.634389
7008.0,144.0,0.0
7008.0,145.0,0.131023
7008.0,146.0,0.622643
7008.0,147.0,1.0
7008.0,148.0,0.703258
7008.0,149.0,1.0
7008.0,150.0,0.461021
7008.0,151.0,0.829931
7008.0,152.0,0.227046
7008.0,153.0,0.6701
7008.0,154.0,0.504105
7008.0,155.0,0.411771
7008.0,156.0,0.413038
7008.0,157.0,1.0
7008.0,158.0,0.436756
7008.0,159.0,0.301224
7008.0,160.0,0.697481
7008.0,161.0,0.982589
7008.0,162.0,0.506067
7008.0,163.0,0.805692
7008.0,164.0,0.061985
7008.0,165.0,0.545761
7008.0,166.0,0.05754
7008.0,167.0,1.0
7008.0,168.0,0.207793
7008.0,169.0,0.654947
7008.0,170.0,0.0
7008.0,171.0,0.547522
7008.0,172.0,0.244285
7008.0,173.0,0.543004
7008.0,174.0,0.166755
7008.0,175.0,0.355357
7008.0,176.0,0.013387
7008.0,177.0,0.893508
7008.0,178.0,0.628887
7008.0,179.0,1.0
7008.0,180.0,0.486748
7008.0,181.0,1.0
7008.0,182.0,0.726422
7008.0,183.0,0.369459
7008.0,184.0,0.33834
7008.0,185.0,0.691732
7008.0,186.0,0.173336
7008.0,187.0,0.358054
7008.0,188.0,0.409405
7008.0,189.0,0.864666
7008.0,190.0,0.412356
7008.0,191.0,0.548236
7008.0,192.0,0.998755
7008.0,193.0,0.56261
7008.0,194.0,0.509828
7008.0,195.0,0.935781
7008.0,196.0,0.487071
7008.0,197.0,0.860545
7008.0,198.0,0.0
7008.0,199.0,0.990755
7008.0,200.0,0.768603
7008.0,201.0,0.140545
7008.0,202.0,0.688213
7008.0,203.0,0.774752
7008.0,204.0,0.315853
7008.0,205.0,0.771727
7008.0,206.0,0.458343
7008.0,207.0,0.665683
7008.0,208.0,0.0
7008.0,209.0,0.902207
7008.0,210.0,1.0
7008.0,211.0,0.443561
7008.0,212.0,0.749304
7008.0,213.0,0.438921
7008.0,214.0,0.625477
7008.0,215.0,0.36088
7008.0,216.0,0.0
7008.0,217.0,0.375955
7008.0,218.0,0.531514
7008.0,219.0,0.698296
7008.0,220.0,1.0
7008.0,221.0,0.684784
7008.0,222.0,0.480628
7008.0,223.0,0.655342
7008.0,224.0,0.592792
7008.0,225.0,1.0
7008.0,226.0,1.0
7008.0,227.0,0.430935
7008.0,228.0,0.967724
7008.0,229.0,0.778754
7008.0,230.0,0.618349
7008.0,231.0,0.003727
7008.0,232.0,0.377167
7008.0,233.0,0.133702
7008.0,234.0,0.109735
7008.0,235.0,0.374901
7008.0,236.0,0.520902
7008.0,237.0,0.550438
7008.0,238.0,0.0
7008.0,239.0,1.0
7008.0,240.0,0.461149
7008.0,241.0,0.143479
7008.0,242.0,0.614809
7008.0,243.0,0.654301
7008.0,244.0,0.253009
7008.0,245.0,0.106123
7008.0,246.0,0.350383
7008.0,247.0,0.383588
7008.0,248.0,0.549109
7008.0,249.0,0.182603
7008.0,250.0,0.286603
7008.0,251.0,0.0
7008.0,252.0,0.980029
7008.0,253.0,0.692862
7008.0,254.0,0.205063
7008.0,255.0,0.713015
7008.0,256.0,1.0
7008.0,257.0,0.243149
7008.0,258.0,0.885709
7008.0,259.0,0.306394
7008.0,260.0,0.551498
7008.0,261.0,0.465453
7008.0,262.0,0.069024
7008.0,263.0,0.727418
7008.0,264.0,0.0
7008.0,265.0,0.944777
7008.0,266.0,0.990521
7008.0,267.0,0.038396
7008.0,268.0,0.0
7008.0,269.0,0.374056
7008.0,270.0,0.460955
7008.0,271.0,0.565666
7008.0,272.0,0.736493
7008.0,273.0,0.345138
7008.0,274.0,0.39648
7008.0,275.0,0.659184
7008.0,276.0,0.778345
7008.0,277.0,0.405481
7008.0,278.0,0.0
7008.0,279.0,0.412275
7008.0,280.0,0.542243
7008.0,281.0,0.528487
7008.0,282.0,0.712672
7008.0,283.0,0.596227
7008.0,284.0,0.453897
7008.0,285.0,0.846116
7008.0,286.0,0.444485
7008.0,287.0,0.0
7008.0,288.0,0.276531
7008.0,289.0,1.0
7008.0,290.0,1.0
7008.0,291.0,0.884669
7008.0,292.0,0.26255
7008.0,293.0,0.010985
7008.0,294.0,0.0
7008.0,295.0,0.506067
7008.0,296.0,0.784302
7008.0,297.0,0.367431
7008.0,298.0,0.570904
7008.0,299.0,0.941794
7008.0,300.0,0.690081
7008.0,301.0,0.0
7008.0,302.0,0.877964
7008.0,303.0,0.795875
7008.0,304.0,0.60901
7008.0,305.0,0.737367
7008.0,306.0,1.0
7008.0,307.0,0.45194
7008.0,308.0,0.441769
7008.0,309.0,0.738529
7008.0,310.0,0.876939
7008.0,311.0,1.0
7008.0,312.0,0.196321
7008.0,313.0,0.686234
7008.0,314.0,0.505323
7008.0,315.0,1.0
7008.0,316.0,0.734087
7008.0,317.0,0.527666
7008.0,318.0,0.46986
7008.0,319.0,0.0
7008.0,320.0,0.330837
7008.0,321.0,0.117264
7008.0,322.0,0.247239
7008.0,323.0,0.178145
7008.0,324.0,0.26865
7008.0,325.0,0.015872
7008.0,326.0,0.596206
7008.0,327.0,0.0
7008.0,328.0,0.0
7008.0,329.0,0.523261
7008.0,330.0,0.643384
7008.0,331.0,1.0
7008.0,332.0,0.305448
7008.0,333.0,0.217259
7008.0,334.0,0.678497
7009.0,0.0,0.020187
7009.0,1.0,0.928199
7009.0,2.0,0.0
7009.0,3.0,0.667773
7009.0,4.0,0.0
7009.0,5.0,0.209684
7009.0,6.0,0.609312
7009.0,7.0,0.383289
7009.0,8.0,0.478326
7009.0,9.0,0.519658
7009.0,10.0,0.0
7009.0,11.0,0.417392
7009.0,12.0,1.0
7009.0,13.0,0.528506
7009.0,14.0,0.511193
7009.0,15.0,0.340053
7009.0,16.0,0.557996
7009.0,17.0,0.569607
7009.0,18.0,0.0
7009.0,19.0,0.477364
7009.0,20.0,0.583998
7009.0,21.0,0.497848
7009.0,22.0,0.083152
7009.0,23.0,0.549354
7009.0,24.0,0.197912
7009.0,25.0,0.324315
7009.0,26.0,0.676333
7009.0,27.0,0.0
7009.0,28.0,0.4068
7009.0,29.0,0.429605
7009.0,30.0,0.651263
7009.0,31.0,0.476185
7009.0,32.0,0.303771
7009.0,33.0,0.351206
7009.0,34.0,0.883581
7009.0,35.0,0.36978
7009.0,36.0,0.337887
7009.0,37.0,0.365315
7009.0,38.0,0.020913
7009.0,39.0,0.0
7009.0,40.0,0.996806
7009.0,41.0,0.695132
7009.0,42.0,0.003907
7009.0,43.0,0.598766
7009.0,44.0,0.473822
7009.0,45.0,1.0
7009.0,46.0,0.59599
7009.0,47.0,0.353168
7009.0,48.0,0.016632
7009.0,49.0,0.747113
7009.0,50.0,0.998606
7009.0,51.0,0.328075
7009.0,52.0,1.0
7009.0,53.0,0.715125
7009.0,54.0,0.463329
7009.0,55.0,0.825355
7009.0,56.0,0.374049
7009.0,57.0,0.280575
7009.0,58.0,1.0
7009.0,59.0,0.826963
7009.0,60.0,0.03658
7009.0,61.0,0.919389
7009.0,62.0,0.538632
7009.0,63.0,0.645652
7009.0,64.0,0.0
7009.0,65.0,0.597252
7009.0,66.0,0.763705
7009.0,67.0,0.324964
7009.0,68.0,0.27238
7009.0,69.0,0.359934
7009.0,70.0,0.00511
7009.0,71.0,0.572358
7009.0,72.0,0.63162
7009.0,73.0,0.002227
7009.0,74.0,0.766786
7009.0,75.0,0.778888
7009.0,76.0,0.469172
7009.0,77.0,0.009628
7009.0,78.0,0.398393
7009.0,79.0,0.0
7009.0,80.0,0.38198
7009.0,81.0,0.420709
7009.0,82.0,0.5215
7009.0,83.0,1.0
7009.0,84.0,1.0
7009.0,85.0,0.185175
7009.0,86.0,0.581778
7009.0,87.0,0.091115
7009.0,88.0,0.617492
7009.0,89.0,0.167072
7009.0,90.0,0.857907
7009.0,91.0,0.0
7009.0,92.0,0.0
7009.0,93.0,0.485961
7009.0,94.0,0.942644
7009.0,95.0,0.636907
7009.0,96.0,0.268768
7009.0,97.0,0.032619
7009.0,98.0,0.968304
7009.0,99.0,0.37464
7009.0,100.0,0.711855
7009.0,101.0,0.458375
7009.0,102.0,0.737242
7009.0,103.0,0.415896
7009.0,104.0,1.0
7009.0,105.0,0.546581
7009.0,106.0,0.758785
7009.0,107.0,0.675069
7009.0,108.0,0.623925
7009.0,109.0,0.288406
7009.0,110.0,0.495673
7009.0,111.0,0.039454
7009.0,112.0,0.64865
7009.0,113.0,0.389416
7009.0,114.0,0.409917
7009.0,115.0,0.904449
7009.0,116.0,0.0
7009.0,117.0,0.479217
7009.0,118.0,0.734062
7009.0,119.0,0.001807
7009.0,120.0,0.542926
7009.0,121.0,0.473233
7009.0,122.0,0.564028
7009.0,123.0,1.0
7009.0,124.0,0.0
7009.0,125.0,0.287859
7009.0,126.0,0.646856
7009.0,127.0,0.738111
7009.0,128.0,1.0
7009.0,129.0,0.34472
7009.0,130.0,0.0
7009.0,131.0,0.0
7009.0,132.0,0.0
7009.0,133.0,0.17777
7009.0,134.0,0.0
7009.0,135.0,1.0
7009.0,136.0,0.861569
7009.0,137.0,0.592717
7009.0,138.0,0.148447
7009.0,139.0,0.248464
7009.0,140.0,1.0
7009.0,141.0,0.618712
7009.0,142.0,0.196528
7009.0,143.0,0.632766
7009.0,144.0,0.0
7009.0,145.0,0.130146
7009.0,146.0,0.619234
7009.0,147.0,1.0
7009.0,148.0,0.685949
7009.0,149.0,1.0
7009.0,150.0,0.448193
7009.0,151.0,0.828847
7009.0,152.0,0.226939
7009.0,153.0,0.66452
7009.0,154.0,0.500524
7009.0,155.0,0.401888
7009.0,156.0,0.39169
7009.0,157.0,1.0
7009.0,158.0,0.414653
7009.0,159.0,0.300182
7009.0,160.0,0.692889
7009.0,161.0,0.982529
7009.0,162.0,0.503892
7009.0,163.0,0.802652
7009.0,164.0,0.061615
7009.0,165.0,0.544209
7009.0,166.0,0.057788
7009.0,167.0,1.0
7009.0,168.0,0.207094
7009.0,169.0,0.647808
7009.0,170.0,0.0
7009.0,171.0,0.542789
7009.0,172.0,0.242211
7009.0,173.0,0.536507
7009.0,174.0,0.16422
7009.0,175.0,0.35276
7009.0,176.0,0.013383
7009.0,177.0,0.89322
7009.0,178.0,0.623397
7009.0,179.0,1.0
7009.0,180.0,0.484322
7009.0,181.0,1.0
7009.0,182.0,0.714139
7009.0,183.0,0.364985
7009.0,184.0,0.333599
7009.0,185.0,0.685999
7009.0,186.0,0.172676
7009.0,187.0,0.356659
7009.0,188.0,0.409188
7009.0,189.0,0.857456
7009.0,190.0,0.40469
7009.0,191.0,0.543599
7009.0,192.0,0.998806
7009.0,193.0,0.559154
7009.0,194.0,0.503895
7009.0,195.0,0.935508
7009.0,196.0,0.481677
7009.0,197.0,0.859244
7009.0,198.0,0.0
7009.0,199.0,0.990694
7009.0,200.0,0.767969
7009.0,201.0,0.139518
7009.0,202.0,0.680811
7009.0,203.0,0.769589
7009.0,204.0,0.316037
7009.0,205.0,0.770959
7009.0,206.0,0.434656
7009.0,207.0,0.650444
7009.0,208.0,0.0
7009.0,209.0,0.902335
7009.0,210.0,1.0
7009.0,211.0,0.439328
7009.0,212.0,0.74913
7009.0,213.0,0.436242
7009.0,214.0,0.613241
7009.0,215.0,0.359747
7009.0,216.0,0.0
7009.0,217.0,0.371335
7009.0,218.0,0.519155
7009.0,219.0,0.691795
7009.0,220.0,1.0
7009.0,221.0,0.681121
7009.0,222.0,0.457692
7009.0,223.0,0.651307
7009.0,224.0,0.591106
7009.0,225.0,1.0
7009.0,226.0,1.0
7009.0,227.0,0.429107
7009.0,228.0,0.967544
7009.0,229.0,0.778836
7009.0,230.0,0.617603
7009.0,231.0,0.003711
7009.0,232.0,0.374248
7009.0,233.0,0.134003
7009.0,234.0,0.107874
7009.0,235.0,0.373435
7009.0,236.0,0.51895
7009.0,237.0,0.547424
7009.0,238.0,0.0
7009.0,239.0,1.0
7009.0,240.0,0.458507
7009.0,241.0,0.143461
7009.0,242.0,0.614206
7009.0,243.0,0.654258
7009.0,244.0,0.250149
7009.0,245.0,0.102976
7009.0,246.0,0.350313
7009.0,247.0,0.38003
7009.0,248.0,0.544427
7009.0,249.0,0.17795
7009.0,250.0,0.281384
7009.0,251.0,0.0
7009.0,252.0,0.980155
7009.0,253.0,0.691796
7009.0,254.0,0.193164
7009.0,255.0,0.712776
7009.0,256.0,1.0
7009.0,257.0,0.24307
7009.0,258.0,0.885549
7009.0,259.0,0.304042
7009.0,260.0,0.550569
7009.0,261.0,0.462824
7009.0,262.0,0.067795
7009.0,263.0,0.725248
7009.0,264.0,0.0
7009.0,265.0,0.944265
7009.0,266.0,0.990425
7009.0,267.0,0.03783
7009.0,268.0,0.0
7009.0,269.0,0.370378
7009.0,270.0,0.459614
7009.0,271.0,0.564145
7009.0,272.0,0.73569
7009.0,273.0,0.342812
7009.0,274.0,0.394075
7009.0,275.0,0.647621
7009.0,276.0,0.75817
7009.0,277.0,0.403809
7009.0,278.0,0.0
7009.0,279.0,0.410089
7009.0,280.0,0.538694
7009.0,281.0,0.525361
7009.0,282.0,0.706351
7009.0,283.0,0.587763
7009.0,284.0,0.446586
7009.0,285.0,0.84549
7009.0,286.0,0.437918
7009.0,287.0,0.0
7009.0,288.0,0.271228
7009.0,289.0,1.0
7009.0,290.0,1.0
7009.0,291.0,0.883305
7009.0,292.0,0.260707
7009.0,293.0,0.010282
7009.0,294.0,0.0
7009.0,295.0,0.502259
7009.0,296.0,0.781667
7009.0,297.0,0.366248
7009.0,298.0,0.57033
7009.0,299.0,0.942003
7009.0,300.0,0.684324
7009.0,301.0,0.0
7009.0,302.0,0.87465
7009.0,303.0,0.791797
7009.0,304.0,0.608308
7009.0,305.0,0.732394
7009.0,306.0,1.0
7009.0,307.0,0.443296
7009.0,308.0,0.438669
7009.0,309.0,0.736285
7009.0,310.0,0.876069
7009.0,311.0,1.0
7009.0,312.0,0.191293
7009.0,313.0,0.682856
7009.0,314.0,0.503754
7009.0,315.0,1.0
7009.0,316.0,0.733323
7009.0,317.0,0.525388
7009.0,318.0,0.46703
7009.0,319.0,0.0
7009.0,320.0,0.32271
7009.0,321.0,0.115987
7009.0,322.0,0.244423
7009.0,323.0,0.176015
7009.0,324.0,0.267017
7009.0,325.0,0.016007
7009.0,326.0,0.590613
7009.0,327.0,0.0
7009.0,328.0,0.0
7009.0,329.0,0.485557
7009.0,330.0,0.643484
7009.0,331.0,1.0
7009.0,332.0,0.30556
7009.0,333.0,0.215438
7009.0,334.0,0.677366
7010.0,0.0,0.019954
7010.0,1.0,0.927624
7010.0,2.0,0.0
7010.0,3.0,0.659915
7010.0,4.0,0.0
7010.0,5.0,0.20843
7010.0,6.0,0.605479
7010.0,7.0,0.378289
7010.0,8.0,0.47323
7010.0,9.0,0.515406
7010.0,10.0,0.0
7010.0,11.0,0.410589
7010.0,12.0,1.0
7010.0,13.0,0.523319
7010.0,14.0,0.503351
7010.0,15.0,0.336032
7010.0,16.0,0.553709
7010.0,17.0,0.566157
7010.0,18.0,0.0
7010.0,19.0,0.475088
7010.0,20.0,0.582045
7010.0,21.0,0.495338
7010.0,22.0,0.082827
7010.0,23.0,0.544061
7010.0,24.0,0.192402
7010.0,25.0,0.319255
7010.0,26.0,0.666832
7010.0,27.0,0.0
7010.0,28.0,0.401899
7010.0,29.0,0.419494
7010.0,30.0,0.648459
7010.0,31.0,0.474534
7010.0,32.0,0.301613
7010.0,33.0,0.349417
7010.0,34.0,0.882437
7010.0,35.0,0.357131
7010.0,36.0,0.336733
7010.0,37.0,0.364935
7010.0,38.0,0.020754
7010.0,39.0,0.0
7010.0,40.0,0.996638
7010.0,41.0,0.692593
7010.0,42.0,0.003857
7010.0,43.0,0.595144
7010.0,44.0,0.47036
7010.0,45.0,1.0
7010.0,46.0,0.594042
7010.0,47.0,0.349666
7010.0,48.0,0.016644
7010.0,49.0,0.745083
7010.0,50.0,0.998565
7010.0,51.0,0.323247
7010.0,52.0,1.0
7010.0,53.0,0.715242
7010.0,54.0,0.454752
7010.0,55.0,0.823836
7010.0,56.0,0.369418
7010.0,57.0,0.279728
7010.0,58.0,1.0
7010.0,59.0,0.825415
7010.0,60.0,0.036325
7010.0,61.0,0.919083
7010.0,62.0,0.531957
7010.0,63.0,0.643684
7010.0,64.0,0.0
7010.0,65.0,0.592091
7010.0,66.0,0.759788
7010.0,67.0,0.321846
7010.0,68.0,0.263816
7010.0,69.0,0.356001
7010.0,70.0,0.004986
7010.0,71.0,0.570642
7010.0,72.0,0.630763
7010.0,73.0,0.002322
7010.0,74.0,0.761709
7010.0,75.0,0.770344
7010.0,76.0,0.464367
7010.0,77.0,0.009396
7010.0,78.0,0.393747
7010.0,79.0,0.0
7010.0,80.0,0.374722
7010.0,81.0,0.418352
7010.0,82.0,0.518923
7010.0,83.0,1.0
7010.0,84.0,1.0
7010.0,85.0,0.183806
7010.0,86.0,0.579194
7010.0,87.0,0.091309
7010.0,88.0,0.61644
7010.0,89.0,0.167304
7010.0,90.0,0.858615
7010.0,91.0,0.0
7010.0,92.0,0.0
7010.0,93.0,0.485068
7010.0,94.0,0.942484
7010.0,95.0,0.632668
7010.0,96.0,0.261539
7010.0,97.0,0.031717
7010.0,98.0,0.967794
7010.0,99.0,0.371716
7010.0,100.0,0.71108
7010.0,101.0,0.449058
7010.0,102.0,0.734051
7010.0,103.0,0.407791
7010.0,104.0,1.0
7010.0,105.0,0.54255
7010.0,106.0,0.749478
7010.0,107.0,0.671914
7010.0,108.0,0.620391
7010.0,109.0,0.287799
7010.0,110.0,0.48386
7010.0,111.0,0.038653
7010.0,112.0,0.644777
7010.0,113.0,0.325507
7010.0,114.0,0.406567
7010.0,115.0,0.904651
7010.0,116.0,0.0
7010.0,117.0,0.470489
7010.0,118.0,0.73453
7010.0,119.0,0.001758
7010.0,120.0,0.538902
7010.0,121.0,0.471504
7010.0,122.0,0.562679
7010.0,123.0,1.0
7010.0,124.0,0.0
7010.0,125.0,0.274945
7010.0,126.0,0.644168
7010.0,127.0,0.7243
7010.0,128.0,1.0
7010.0,129.0,0.344667
7010.0,130.0,0.0
7010.0,131.0,0.0
7010.0,132.0,0.0
7010.0,133.0,0.172928
7010.0,134.0,0.0
7010.0,135.0,1.0
7010.0,136.0,0.858002
7010.0,137.0,0.591737
7010.0,138.0,0.147293
7010.0,139.0,0.242206
7010.0,140.0,1.0
7010.0,141.0,0.61533
7010.0,142.0,0.195139
7010.0,143.0,0.630124
7010.0,144.0,0.0
7010.0,145.0,0.129237
7010.0,146.0,0.616241
7010.0,147.0,1.0
7010.0,148.0,0.667864
7010.0,149.0,1.0
7010.0,150.0,0.435818
7010.0,151.0,0.828108
7010.0,152.0,0.226144
7010.0,153.0,0.65997
7010.0,154.0,0.498262
7010.0,155.0,0.392477
7010.0,156.0,0.372127
7010.0,157.0,1.0
7010.0,158.0,0.394175
7010.0,159.0,0.298407
7010.0,160.0,0.688144
7010.0,161.0,0.982564
7010.0,162.0,0.502071
7010.0,163.0,0.799222
7010.0,164.0,0.061351
7010.0,165.0,0.543939
7010.0,166.0,0.057945
7010.0,167.0,1.0
7010.0,168.0,0.206165
7010.0,169.0,0.64035
7010.0,170.0,0.0
7010.0,171.0,0.536997
7010.0,172.0,0.239882
7010.0,173.0,0.530032
7010.0,174.0,0.16213
7010.0,175.0,0.34982
7010.0,176.0,0.013474
7010.0,177.0,0.892778
7010.0,178.0,0.618952
7010.0,179.0,1.0
7010.0,180.0,0.481711
7010.0,181.0,1.0
7010.0,182.0,0.700959
7010.0,183.0,0.36196
7010.0,184.0,0.328298
7010.0,185.0,0.678673
7010.0,186.0,0.171375
7010.0,187.0,0.355135
7010.0,188.0,0.408973
7010.0,189.0,0.849777
7010.0,190.0,0.398516
7010.0,191.0,0.537952
7010.0,192.0,0.998797
7010.0,193.0,0.55516
7010.0,194.0,0.498529
7010.0,195.0,0.934914
7010.0,196.0,0.476413
7010.0,197.0,0.857685
7010.0,198.0,0.0
7010.0,199.0,0.990739
7010.0,200.0,0.767431
7010.0,201.0,0.138784
7010.0,202.0,0.673706
7010.0,203.0,0.764372
7010.0,204.0,0.315146
7010.0,205.0,0.770189
7010.0,206.0,0.412325
7010.0,207.0,0.633743
7010.0,208.0,0.0
7010.0,209.0,0.90182
7010.0,210.0,1.0
7010.0,211.0,0.435642
7010.0,212.0,0.748847
7010.0,213.0,0.43383
7010.0,214.0,0.601817
7010.0,215.0,0.359277
7010.0,216.0,0.0
7010.0,217.0,0.366651
7010.0,218.0,0.507475
7010.0,219.0,0.685647
7010.0,220.0,1.0
7010.0,221.0,0.677776
7010.0,222.0,0.436235
7010.0,223.0,0.64778
7010.0,224.0,0.59034
7010.0,225.0,1.0
7010.0,226.0,1.0
7010.0,227.0,0.428341
7010.0,228.0,0.967491
7010.0,229.0,0.778311
7010.0,230.0,0.617205
7010.0,231.0,0.003635
7010.0,232.0,0.371578
7010.0,233.0,0.133328
7010.0,234.0,0.105594
7010.0,235.0,0.371149
7010.0,236.0,0.51686
7010.0,237.0,0.545696
7010.0,238.0,0.0
7010.0,239.0,1.0
7010.0,240.0,0.454805
7010.0,241.0,0.14277
7010.0,242.0,0.612231
7010.0,243.0,0.655025
7010.0,244.0,0.245618
7010.0,245.0,0.100214
7010.0,246.0,0.349453
7010.0,247.0,0.376364
7010.0,248.0,0.536885
7010.0,249.0,0.173386
7010.0,250.0,0.27524
7010.0,251.0,0.0
7010.0,252.0,0.980626
7010.0,253.0,0.690275
7010.0,254.0,0.181196
7010.0,255.0,0.712257
7010.0,256.0,1.0
7010.0,257.0,0.242823
7010.0,258.0,0.885452
7010.0,259.0,0.30061
7010.0,260.0,0.550313
7010.0,261.0,0.46107
7010.0,262.0,0.066824
7010.0,263.0,0.724602
7010.0,264.0,0.0
7010.0,265.0,0.94324
7010.0,266.0,0.990236
7010.0,267.0,0.037454
7010.0,268.0,0.0
7010.0,269.0,0.367295
7010.0,270.0,0.458393
7010.0,271.0,0.562824
7010.0,272.0,0.735878
7010.0,273.0,0.340363
7010.0,274.0,0.39191
7010.0,275.0,0.637101
7010.0,276.0,0.737342
7010.0,277.0,0.402838
7010.0,278.0,0.0
7010.0,279.0,0.408413
7010.0,280.0,0.533875
7010.0,281.0,0.521849
7010.0,282.0,0.701739
7010.0,283.0,0.578936
7010.0,284.0,0.439965
7010.0,285.0,0.844356
7010.0,286.0,0.431791
7010.0,287.0,0.0
7010.0,288.0,0.267092
7010.0,289.0,1.0
7010.0,290.0,1.0
7010.0,291.0,0.881474
7010.0,292.0,0.257812
7010.0,293.0,0.009858
7010.0,294.0,0.0
7010.0,295.0,0.497613
7010.0,296.0,0.780322
7010.0,297.0,0.365173
7010.0,298.0,0.570803
7010.0,299.0,0.941414
7010.0,300.0,0.677543
7010.0,301.0,0.0
7010.0,302.0,0.871459
7010.0,303.0,0.788544
7010.0,304.0,0.607328
7010.0,305.0,0.726761
7010.0,306.0,1.0
7010.0,307.0,0.435018
7010.0,308.0,0.434319
7010.0,309.0,0.732831
7010.0,310.0,0.876114
7010.0,311.0,1.0
7010.0,312.0,0.186054
7010.0,313.0,0.679626
7010.0,314.0,0.502047
7010.0,315.0,1.0
7010.0,316.0,0.732472
7010.0,317.0,0.5218
7010.0,318.0,0.465172
7010.0,319.0,0.0
7010.0,320.0,0.315007
7010.0,321.0,0.114633
7010.0,322.0,0.241334
7010.0,323.0,0.173306
7010.0,324.0,0.265632
7010.0,325.0,0.016063
7010.0,326.0,0.584733
7010.0,327.0,0.0
7010.0,328.0,0.0
7010.0,329.0,0.451247
7010.0,330.0,0.643619
7010.0,331.0,1.0
7010.0,332.0,0.305745
7010.0,333.0,0.21305
7010.0,334.0,0.676666
8000.0,0.0,0.019482
8000.0,1.0,0.932997
8000.0,2.0,0.0
8000.0,3.0,0.664778
8000.0,4.0,0.0
8000.0,5.0,0.187395
8000.0,6.0,0.630239
8000.0,7.0,0.371306
8000.0,8.0,0.471921
8000.0,9.0,0.525841
8000.0,10.0,0.0
8000.0,11.0,0.413469
8000.0,12.0,1.0
8000.0,13.0,0.527371
8000.0,14.0,0.498047
8000.0,15.0,0.345392
8000.0,16.0,0.573615
8000.0,17.0,0.571426
8000.0,18.0,0.0
8000.0,19.0,0.478569
8000.0,20.0,0.572324
8000.0,21.0,0.492034
8000.0,22.0,0.059846
8000.0,23.0,0.534547
8000.0,24.0,0.19498
8000.0,25.0,0.319608
8000.0,26.0,0.668458
8000.0,27.0,0.0
8000.0,28.0,0.400259
8000.0,29.0,0.420482
8000.0,30.0,0.662252
8000.0,31.0,0.471858
8000.0,32.0,0.300894
8000.0,33.0,0.356811
8000.0,34.0,0.873517
8000.0,35.0,0.362903
8000.0,36.0,0.342882
8000.0,37.0,0.356969
8000.0,38.0,0.010687
8000.0,39.0,0.0
8000.0,40.0,0.999967
8000.0,41.0,0.685124
8000.0,42.0,0.001901
8000.0,43.0,0.595851
8000.0,44.0,0.459514
8000.0,45.0,1.0
8000.0,46.0,0.590737
8000.0,47.0,0.358548
8000.0,48.0,0.017204
8000.0,49.0,0.729904
8000.0,50.0,0.999574
8000.0,51.0,0.325266
8000.0,52.0,1.0
8000.0,53.0,0.70381
8000.0,54.0,0.447831
8000.0,55.0,0.823785
8000.0,56.0,0.377407
8000.0,57.0,0.271291
8000.0,58.0,1.0
8000.0,59.0,0.826335
8000.0,60.0,0.029595
8000.0,61.0,0.920276
8000.0,62.0,0.532458
8000.0,63.0,0.608584
8000.0,64.0,0.0
8000.0,65.0,0.584813
8000.0,66.0,0.755794
8000.0,67.0,0.321642
8000.0,68.0,0.258938
8000.0,69.0,0.356436
8000.0,70.0,0.000215
8000.0,71.0,0.582986
8000.0,72.0,0.615058
8000.0,73.0,0.001123
8000.0,74.0,0.745992
8000.0,75.0,0.772807
8000.0,76.0,0.461248
8000.0,77.0,0.007943
8000.0,78.0,0.387076
8000.0,79.0,0.0
8000.0,80.0,0.358893
8000.0,81.0,0.414185
8000.0,82.0,0.513199
8000.0,83.0,1.0
8000.0,84.0,1.0
8000.0,85.0,0.192823
8000.0,86.0,0.55809
8000.0,87.0,0.074863
8000.0,88.0,0.632678
8000.0,89.0,0.175061
8000.0,90.0,0.858639
8000.0,91.0,0.0
8000.0,92.0,0.0
8000.0,93.0,0.477353
8000.0,94.0,0.956818
8000.0,95.0,0.636221
8000.0,96.0,0.259685
8000.0,97.0,0.024636
8000.0,98.0,0.975383
8000.0,99.0,0.358079
8000.0,100.0,0.711186
8000.0,101.0,0.450347
8000.0,102.0,0.721974
8000.0,103.0,0.413457
8000.0,104.0,1.0
8000.0,105.0,0.551139
8000.0,106.0,0.765029
8000.0,107.0,0.67823
8000.0,108.0,0.611322
8000.0,109.0,0.27763
8000.0,110.0,0.4932
8000.0,111.0,0.032955
8000.0,112.0,0.653252
8000.0,113.0,0.326113
8000.0,114.0,0.405259
8000.0,115.0,0.918471
8000.0,116.0,0.0
8000.0,117.0,0.468832
8000.0,118.0,0.768537
8000.0,119.0,0.000362
8000.0,120.0,0.539673
8000.0,121.0,0.451344
8000.0,122.0,0.567843
8000.0,123.0,1.0
8000.0,124.0,0.0
8000.0,125.0,0.270315
8000.0,126.0,0.648483
8000.0,127.0,0.714694
8000.0,128.0,1.0
8000.0,129.0,0.31176
8000.0,130.0,0.0
8000.0,131.0,0.0
8000.0,132.0,0.0
8000.0,133.0,0.168917
8000.0,134.0,0.0
8000.0,135.0,1.0
8000.0,136.0,0.855195
8000.0,137.0,0.60986
8000.0,138.0,0.155239
8000.0,139.0,0.240551
8000.0,140.0,1.0
8000.0,141.0,0.603049
8000.0,142.0,0.198413
8000.0,143.0,0.639571
8000.0,144.0,0.0
8000.0,145.0,0.120669
8000.0,146.0,0.605387
8000.0,147.0,1.0
8000.0,148.0,0.670905
8000.0,149.0,1.0
8000.0,150.0,0.427291
8000.0,151.0,0.838476
8000.0,152.0,0.233092
8000.0,153.0,0.655671
8000.0,154.0,0.50573
8000.0,155.0,0.395935
8000.0,156.0,0.370162
8000.0,157.0,1.0
8000.0,158.0,0.399182
8000.0,159.0,0.301034
8000.0,160.0,0.683924
8000.0,161.0,0.983864
8000.0,162.0,0.487969
8000.0,163.0,0.798317
8000.0,164.0,0.064798
8000.0,165.0,0.552958
8000.0,166.0,0.049146
8000.0,167.0,1.0
8000.0,168.0,0.176801
8000.0,169.0,0.643564
8000.0,170.0,0.0
8000.0,171.0,0.543981
8000.0,172.0,0.235725
8000.0,173.0,0.523711
8000.0,174.0,0.168346
8000.0,175.0,0.34661
8000.0,176.0,0.004293
8000.0,177.0,0.926528
8000.0,178.0,0.634126
8000.0,179.0,1.0
8000.0,180.0,0.47832
8000.0,181.0,1.0
8000.0,182.0,0.710494
8000.0,183.0,0.365929
8000.0,184.0,0.319222
8000.0,185.0,0.670032
8000.0,186.0,0.161541
8000.0,187.0,0.353549
8000.0,188.0,0.417024
8000.0,189.0,0.839797
8000.0,190.0,0.407214
8000.0,191.0,0.540028
8000.0,192.0,0.999935
8000.0,193.0,0.551886
8000.0,194.0,0.499766
8000.0,195.0,0.941977
8000.0,196.0,0.480699
8000.0,197.0,0.870566
8000.0,198.0,0.0
8000.0,199.0,0.994872
8000.0,200.0,0.768415
8000.0,201.0,0.131597
8000.0,202.0,0.677298
8000.0,203.0,0.779706
8000.0,204.0,0.288267
8000.0,205.0,0.76377
8000.0,206.0,0.411126
8000.0,207.0,0.635841
8000.0,208.0,0.0
8000.0,209.0,0.901644
8000.0,210.0,1.0
8000.0,211.0,0.443801
8000.0,212.0,0.739675
8000.0,213.0,0.42787
8000.0,214.0,0.60006
8000.0,215.0,0.365704
8000.0,216.0,0.0
8000.0,217.0,0.35575
8000.0,218.0,0.511282
8000.0,219.0,0.691361
8000.0,220.0,1.0
8000.0,221.0,0.679722
8000.0,222.0,0.43894
8000.0,223.0,0.657322
8000.0,224.0,0.576877
8000.0,225.0,1.0
8000.0,226.0,1.0
8000.0,227.0,0.430244
8000.0,228.0,0.986473
8000.0,229.0,0.776952
8000.0,230.0,0.617021
8000.0,231.0,0.002276
8000.0,232.0,0.365629
8000.0,233.0,0.108136
8000.0,234.0,0.104337
8000.0,235.0,0.360403
8000.0,236.0,0.517217
8000.0,237.0,0.538072
8000.0,238.0,0.0
8000.0,239.0,1.0
8000.0,240.0,0.461041
8000.0,241.0,0.110351
8000.0,242.0,0.600438
8000.0,243.0,0.657671
8000.0,244.0,0.243197
8000.0,245.0,0.10012
8000.0,246.0,0.341528
8000.0,247.0,0.370747
8000.0,248.0,0.537313
8000.0,249.0,0.185898
8000.0,250.0,0.278454
8000.0,251.0,0.0
8000.0,252.0,0.986995
8000.0,253.0,0.691649
8000.0,254.0,0.186087
8000.0,255.0,0.720284
8000.0,256.0,1.0
8000.0,257.0,0.213464
8000.0,258.0,0.880737
8000.0,259.0,0.298137
8000.0,260.0,0.571912
8000.0,261.0,0.43409
8000.0,262.0,0.061193
8000.0,263.0,0.755898
8000.0,264.0,0.0
8000.0,265.0,0.956206
8000.0,266.0,0.997107
8000.0,267.0,0.053281
8000.0,268.0,0.0
8000.0,269.0,0.358714
8000.0,270.0,0.460709
8000.0,271.0,0.562248
8000.0,272.0,0.741717
8000.0,273.0,0.33044
8000.0,274.0,0.396795
8000.0,275.0,0.639114
8000.0,276.0,0.742644
8000.0,277.0,0.401483
8000.0,278.0,0.0
8000.0,279.0,0.411598
8000.0,280.0,0.531921
8000.0,281.0,0.512395
8000.0,282.0,0.690683
8000.0,283.0,0.582206
8000.0,284.0,0.436992
8000.0,285.0,0.888197
8000.0,286.0,0.432923
8000.0,287.0,0.0
8000.0,288.0,0.272876
8000.0,289.0,1.0
8000.0,290.0,1.0
8000.0,291.0,0.916001
8000.0,292.0,0.26186
8000.0,293.0,0.008093
8000.0,294.0,0.0
8000.0,295.0,0.48988
8000.0,296.0,0.778925
8000.0,297.0,0.343355
8000.0,298.0,0.590353
8000.0,299.0,0.948706
8000.0,300.0,0.677244
8000.0,301.0,0.0
8000.0,302.0,0.867866
8000.0,303.0,0.795406
8000.0,304.0,0.590613
8000.0,305.0,0.688639
8000.0,306.0,1.0
8000.0,307.0,0.426916
8000.0,308.0,0.429991
8000.0,309.0,0.72205
8000.0,310.0,0.885798
8000.0,311.0,1.0
8000.0,312.0,0.173947
8000.0,313.0,0.671805
8000.0,314.0,0.510103
8000.0,315.0,1.0
8000.0,316.0,0.701451
8000.0,317.0,0.498232
8000.0,318.0,0.448645
8000.0,319.0,0.0
8000.0,320.0,0.334446
8000.0,321.0,0.112675
8000.0,322.0,0.243495
8000.0,323.0,0.171688
8000.0,324.0,0.264443
8000.0,325.0,0.018623
8000.0,326.0,0.579214
8000.0,327.0,0.0
8000.0,328.0,0.0
8000.0,329.0,0.45187
8000.0,330.0,0.648192
8000.0,331.0,1.0
8000.0,332.0,0.302552
8000.0,333.0,0.217944
8000.0,334.0,0.669887
8001.0,0.0,0.019756
8001.0,1.0,0.933377
8001.0,2.0,0.0
8001.0,3.0,0.672029
8001.0,4.0,0.0
8001.0,5.0,0.18815
8001.0,6.0,0.632865
8001.0,7.0,0.377144
8001.0,8.0,0.477323
8001.0,9.0,0.53078
8001.0,10.0,0.0
8001.0,11.0,0.422489
8001.0,12.0,1.0
8001.0,13.0,0.534001
8001.0,14.0,0.507558
8001.0,15.0,0.348751
8001.0,16.0,0.576817
8001.0,17.0,0.575729
8001.0,18.0,0.0
8001.0,19.0,0.481936
8001.0,20.0,0.574188
8001.0,21.0,0.496051
8001.0,22.0,0.059974
8001.0,23.0,0.538513
8001.0,24.0,0.201102
8001.0,25.0,0.324362
8001.0,26.0,0.679047
8001.0,27.0,0.0
8001.0,28.0,0.405885
8001.0,29.0,0.430169
8001.0,30.0,0.663813
8001.0,31.0,0.474041
8001.0,32.0,0.304675
8001.0,33.0,0.358604
8001.0,34.0,0.873477
8001.0,35.0,0.37705
8001.0,36.0,0.344535
8001.0,37.0,0.356365
8001.0,38.0,0.010807
8001.0,39.0,0.0
8001.0,40.0,0.999963
8001.0,41.0,0.689184
8001.0,42.0,0.002028
8001.0,43.0,0.598403
8001.0,44.0,0.462801
8001.0,45.0,1.0
8001.0,46.0,0.593486
8001.0,47.0,0.363028
8001.0,48.0,0.017317
8001.0,49.0,0.732215
8001.0,50.0,0.999595
8001.0,51.0,0.330421
8001.0,52.0,1.0
8001.0,53.0,0.704242
8001.0,54.0,0.458005
8001.0,55.0,0.824495
8001.0,56.0,0.382524
8001.0,57.0,0.272805
8001.0,58.0,1.0
8001.0,59.0,0.827686
8001.0,60.0,0.029547
8001.0,61.0,0.921286
8001.0,62.0,0.53944
8001.0,63.0,0.611861
8001.0,64.0,0.0
8001.0,65.0,0.590889
8001.0,66.0,0.759868
8001.0,67.0,0.324927
8001.0,68.0,0.267414
8001.0,69.0,0.361226
8001.0,70.0,0.000238
8001.0,71.0,0.5837
8001.0,72.0,0.617084
8001.0,73.0,0.001198
8001.0,74.0,0.751787
8001.0,75.0,0.782956
8001.0,76.0,0.465959
8001.0,77.0,0.008047
8001.0,78.0,0.391013
8001.0,79.0,0.0
8001.0,80.0,0.366769
8001.0,81.0,0.416994
8001.0,82.0,0.516476
8001.0,83.0,1.0
8001.0,84.0,1.0
8001.0,85.0,0.194497
8001.0,86.0,0.559133
8001.0,87.0,0.073991
8001.0,88.0,0.634242
8001.0,89.0,0.174973
8001.0,90.0,0.858325
8001.0,91.0,0.0
8001.0,92.0,0.0
8001.0,93.0,0.477946
8001.0,94.0,0.957345
8001.0,95.0,0.63974
8001.0,96.0,0.267427
8001.0,97.0,0.025453
8001.0,98.0,0.975733
8001.0,99.0,0.362804
8001.0,100.0,0.711734
8001.0,101.0,0.459376
8001.0,102.0,0.724466
8001.0,103.0,0.421175
8001.0,104.0,1.0
8001.0,105.0,0.555083
8001.0,106.0,0.77322
8001.0,107.0,0.681393
8001.0,108.0,0.61419
8001.0,109.0,0.278319
8001.0,110.0,0.506506
8001.0,111.0,0.033765
8001.0,112.0,0.657927
8001.0,113.0,0.396113
8001.0,114.0,0.409356
8001.0,115.0,0.918672
8001.0,116.0,0.0
8001.0,117.0,0.478759
8001.0,118.0,0.769002
8001.0,119.0,0.000348
8001.0,120.0,0.544476
8001.0,121.0,0.453331
8001.0,122.0,0.570172
8001.0,123.0,1.0
8001.0,124.0,0.0
8001.0,125.0,0.284553
8001.0,126.0,0.649962
8001.0,127.0,0.730344
8001.0,128.0,1.0
8001.0,129.0,0.311427
8001.0,130.0,0.0
8001.0,131.0,0.0
8001.0,132.0,0.0
8001.0,133.0,0.17409
8001.0,134.0,0.0
8001.0,135.0,1.0
8001.0,136.0,0.858529
8001.0,137.0,0.609834
8001.0,138.0,0.154897
8001.0,139.0,0.24784
8001.0,140.0,1.0
8001.0,141.0,0.605608
8001.0,142.0,0.199433
8001.0,143.0,0.641966
8001.0,144.0,0.0
8001.0,145.0,0.121048
8001.0,146.0,0.610012
8001.0,147.0,1.0
8001.0,148.0,0.69054
8001.0,149.0,1.0
8001.0,150.0,0.441631
8001.0,151.0,0.838589
8001.0,152.0,0.234341
8001.0,153.0,0.660693
8001.0,154.0,0.50865
8001.0,155.0,0.405735
8001.0,156.0,0.393765
8001.0,157.0,1.0
8001.0,158.0,0.422567
8001.0,159.0,0.303078
8001.0,160.0,0.690068
8001.0,161.0,0.983471
8001.0,162.0,0.48935
8001.0,163.0,0.800445
8001.0,164.0,0.065384
8001.0,165.0,0.553279
8001.0,166.0,0.048736
8001.0,167.0,1.0
8001.0,168.0,0.177409
8001.0,169.0,0.651036
8001.0,170.0,0.0
8001.0,171.0,0.550335
8001.0,172.0,0.236661
8001.0,173.0,0.530319
8001.0,174.0,0.170742
8001.0,175.0,0.349329
8001.0,176.0,0.004286
8001.0,177.0,0.92666
8001.0,178.0,0.639871
8001.0,179.0,1.0
8001.0,180.0,0.481131
8001.0,181.0,1.0
8001.0,182.0,0.725649
8001.0,183.0,0.37142
8001.0,184.0,0.323965
8001.0,185.0,0.676516
8001.0,186.0,0.161878
8001.0,187.0,0.354558
8001.0,188.0,0.417836
8001.0,189.0,0.848721
8001.0,190.0,0.415232
8001.0,191.0,0.54466
8001.0,192.0,0.999935
8001.0,193.0,0.556433
8001.0,194.0,0.505381
8001.0,195.0,0.942482
8001.0,196.0,0.485489
8001.0,197.0,0.871766
8001.0,198.0,0.0
8001.0,199.0,0.995002
8001.0,200.0,0.769011
8001.0,201.0,0.132684
8001.0,202.0,0.683973
8001.0,203.0,0.78444
8001.0,204.0,0.288461
8001.0,205.0,0.765036
8001.0,206.0,0.437417
8001.0,207.0,0.652739
8001.0,208.0,0.0
8001.0,209.0,0.901933
8001.0,210.0,1.0
8001.0,211.0,0.447279
8001.0,212.0,0.73975
8001.0,213.0,0.43091
8001.0,214.0,0.613385
8001.0,215.0,0.366391
8001.0,216.0,0.0
8001.0,217.0,0.360581
8001.0,218.0,0.522706
8001.0,219.0,0.697333
8001.0,220.0,1.0
8001.0,221.0,0.683942
8001.0,222.0,0.463667
8001.0,223.0,0.662236
8001.0,224.0,0.578886
8001.0,225.0,1.0
8001.0,226.0,1.0
8001.0,227.0,0.430995
8001.0,228.0,0.986544
8001.0,229.0,0.777646
8001.0,230.0,0.617362
8001.0,231.0,0.002202
8001.0,232.0,0.369532
8001.0,233.0,0.108134
8001.0,234.0,0.106484
8001.0,235.0,0.361923
8001.0,236.0,0.519518
8001.0,237.0,0.540224
8001.0,238.0,0.0
8001.0,239.0,1.0
8001.0,240.0,0.465328
8001.0,241.0,0.110695
8001.0,242.0,0.602805
8001.0,243.0,0.655314
8001.0,244.0,0.247849
8001.0,245.0,0.103748
8001.0,246.0,0.343209
8001.0,247.0,0.374122
8001.0,248.0,0.543023
8001.0,249.0,0.191012
8001.0,250.0,0.284557
8001.0,251.0,0.0
8001.0,252.0,0.986437
8001.0,253.0,0.692198
8001.0,254.0,0.198831
8001.0,255.0,0.720953
8001.0,256.0,1.0
8001.0,257.0,0.21387
8001.0,258.0,0.881291
8001.0,259.0,0.301591
8001.0,260.0,0.574992
8001.0,261.0,0.435358
8001.0,262.0,0.062312
8001.0,263.0,0.756698
8001.0,264.0,0.0
8001.0,265.0,0.956244
8001.0,266.0,0.997175
8001.0,267.0,0.05393
8001.0,268.0,0.0
8001.0,269.0,0.362327
8001.0,270.0,0.461408
8001.0,271.0,0.561858
8001.0,272.0,0.742381
8001.0,273.0,0.332863
8001.0,274.0,0.398382
8001.0,275.0,0.651277
8001.0,276.0,0.765541
8001.0,277.0,0.404679
8001.0,278.0,0.0
8001.0,279.0,0.414352
8001.0,280.0,0.53629
8001.0,281.0,0.514796
8001.0,282.0,0.696549
8001.0,283.0,0.591738
8001.0,284.0,0.445362
8001.0,285.0,0.888109
8001.0,286.0,0.439994
8001.0,287.0,0.0
8001.0,288.0,0.276665
8001.0,289.0,1.0
8001.0,290.0,1.0
8001.0,291.0,0.917183
8001.0,292.0,0.265227
8001.0,293.0,0.008639
8001.0,294.0,0.0
8001.0,295.0,0.493787
8001.0,296.0,0.78162
8001.0,297.0,0.344257
8001.0,298.0,0.589889
8001.0,299.0,0.948766
8001.0,300.0,0.68451
8001.0,301.0,0.0
8001.0,302.0,0.871687
8001.0,303.0,0.800737
8001.0,304.0,0.59009
8001.0,305.0,0.69401
8001.0,306.0,1.0
8001.0,307.0,0.436597
8001.0,308.0,0.433567
8001.0,309.0,0.725909
8001.0,310.0,0.886212
8001.0,311.0,1.0
8001.0,312.0,0.178639
8001.0,313.0,0.673831
8001.0,314.0,0.511623
8001.0,315.0,1.0
8001.0,316.0,0.701717
8001.0,317.0,0.501267
8001.0,318.0,0.451347
8001.0,319.0,0.0
8001.0,320.0,0.342251
8001.0,321.0,0.11415
8001.0,322.0,0.246954
8001.0,323.0,0.173829
8001.0,324.0,0.265953
8001.0,325.0,0.018842
8001.0,326.0,0.586193
8001.0,327.0,0.0
8001.0,328.0,0.0
8001.0,329.0,0.493006
8001.0,330.0,0.649456
8001.0,331.0,1.0
8001.0,332.0,0.302136
8001.0,333.0,0.219853
8001.0,334.0,0.671041
8002.0,0.0,0.019896
8002.0,1.0,0.933915
8002.0,2.0,0.0
8002.0,3.0,0.680333
8002.0,4.0,0.0
8002.0,5.0,0.190424
8002.0,6.0,0.6353
8002.0,7.0,0.382655
8002.0,8.0,0.483174
8002.0,9.0,0.535855
8002.0,10.0,0.0
8002.0,11.0,0.431019
8002.0,12.0,1.0
8002.0,13.0,0.539846
8002.0,14.0,0.516831
8002.0,15.0,0.352084
8002.0,16.0,0.581603
8002.0,17.0,0.579214
8002.0,18.0,0.0
8002.0,19.0,0.484019
8002.0,20.0,0.57574
8002.0,21.0,0.498606
8002.0,22.0,0.059884
8002.0,23.0,0.543463
8002.0,24.0,0.206362
8002.0,25.0,0.328885
8002.0,26.0,0.689045
8002.0,27.0,0.0
8002.0,28.0,0.410793
8002.0,29.0,0.439954
8002.0,30.0,0.66582
8002.0,31.0,0.477217
8002.0,32.0,0.306401
8002.0,33.0,0.360541
8002.0,34.0,0.873597
8002.0,35.0,0.390124
8002.0,36.0,0.345974
8002.0,37.0,0.357006
8002.0,38.0,0.010827
8002.0,39.0,0.0
8002.0,40.0,0.999978
8002.0,41.0,0.693689
8002.0,42.0,0.002124
8002.0,43.0,0.601282
8002.0,44.0,0.465569
8002.0,45.0,1.0
8002.0,46.0,0.594701
8002.0,47.0,0.366299
8002.0,48.0,0.017669
8002.0,49.0,0.734986
8002.0,50.0,0.999587
8002.0,51.0,0.334409
8002.0,52.0,1.0
8002.0,53.0,0.704824
8002.0,54.0,0.467732
8002.0,55.0,0.825518
8002.0,56.0,0.389103
8002.0,57.0,0.274773
8002.0,58.0,1.0
8002.0,59.0,0.828928
8002.0,60.0,0.029486
8002.0,61.0,0.921955
8002.0,62.0,0.546222
8002.0,63.0,0.614737
8002.0,64.0,0.0
8002.0,65.0,0.595871
8002.0,66.0,0.764112
8002.0,67.0,0.328313
8002.0,68.0,0.276287
8002.0,69.0,0.36609
8002.0,70.0,0.000233
8002.0,71.0,0.584458
8002.0,72.0,0.618733
8002.0,73.0,0.001217
8002.0,74.0,0.758035
8002.0,75.0,0.792472
8002.0,76.0,0.469623
8002.0,77.0,0.008196
8002.0,78.0,0.396569
8002.0,79.0,0.0
8002.0,80.0,0.374864
8002.0,81.0,0.42005
8002.0,82.0,0.519125
8002.0,83.0,1.0
8002.0,84.0,1.0
8002.0,85.0,0.195318
8002.0,86.0,0.559871
8002.0,87.0,0.073707
8002.0,88.0,0.635254
8002.0,89.0,0.176059
8002.0,90.0,0.857894
8002.0,91.0,0.0
8002.0,92.0,0.0
8002.0,93.0,0.478892
8002.0,94.0,0.957383
8002.0,95.0,0.643787
8002.0,96.0,0.274247
8002.0,97.0,0.026588
8002.0,98.0,0.976186
8002.0,99.0,0.366482
8002.0,100.0,0.713079
8002.0,101.0,0.468692
8002.0,102.0,0.727192
8002.0,103.0,0.428122
8002.0,104.0,1.0
8002.0,105.0,0.558739
8002.0,106.0,0.781411
8002.0,107.0,0.684572
8002.0,108.0,0.618423
8002.0,109.0,0.278927
8002.0,110.0,0.519125
8002.0,111.0,0.034719
8002.0,112.0,0.661271
8002.0,113.0,0.468002
8002.0,114.0,0.4129
8002.0,115.0,0.91879
8002.0,116.0,0.0
8002.0,117.0,0.487298
8002.0,118.0,0.769409
8002.0,119.0,0.0003
8002.0,120.0,0.548528
8002.0,121.0,0.456224
8002.0,122.0,0.5715
8002.0,123.0,1.0
8002.0,124.0,0.0
8002.0,125.0,0.298584
8002.0,126.0,0.651877
8002.0,127.0,0.745976
8002.0,128.0,1.0
8002.0,129.0,0.311613
8002.0,130.0,0.0
8002.0,131.0,0.0
8002.0,132.0,0.0
8002.0,133.0,0.179967
8002.0,134.0,0.0
8002.0,135.0,1.0
8002.0,136.0,0.861955
8002.0,137.0,0.609577
8002.0,138.0,0.154635
8002.0,139.0,0.25456
8002.0,140.0,1.0
8002.0,141.0,0.608539
8002.0,142.0,0.200555
8002.0,143.0,0.644664
8002.0,144.0,0.0
8002.0,145.0,0.12092
8002.0,146.0,0.613461
8002.0,147.0,1.0
8002.0,148.0,0.709071
8002.0,149.0,1.0
8002.0,150.0,0.455876
8002.0,151.0,0.838478
8002.0,152.0,0.235206
8002.0,153.0,0.664377
8002.0,154.0,0.512137
8002.0,155.0,0.414326
8002.0,156.0,0.417147
8002.0,157.0,1.0
8002.0,158.0,0.444621
8002.0,159.0,0.305174
8002.0,160.0,0.693928
8002.0,161.0,0.98334
8002.0,162.0,0.491802
8002.0,163.0,0.802716
8002.0,164.0,0.066062
8002.0,165.0,0.55314
8002.0,166.0,0.048752
8002.0,167.0,1.0
8002.0,168.0,0.17775
8002.0,169.0,0.658506
8002.0,170.0,0.0
8002.0,171.0,0.55683
8002.0,172.0,0.237495
8002.0,173.0,0.536143
8002.0,174.0,0.17275
8002.0,175.0,0.35222
8002.0,176.0,0.004299
8002.0,177.0,0.925984
8002.0,178.0,0.645127
8002.0,179.0,1.0
8002.0,180.0,0.482242
8002.0,181.0,1.0
8002.0,182.0,0.738629
8002.0,183.0,0.376084
8002.0,184.0,0.328343
8002.0,185.0,0.681643
8002.0,186.0,0.163049
8002.0,187.0,0.355533
8002.0,188.0,0.418514
8002.0,189.0,0.856919
8002.0,190.0,0.422909
8002.0,191.0,0.548653
8002.0,192.0,0.999936
8002.0,193.0,0.560347
8002.0,194.0,0.512351
8002.0,195.0,0.943005
8002.0,196.0,0.491039
8002.0,197.0,0.872472
8002.0,198.0,0.0
8002.0,199.0,0.995117
8002.0,200.0,0.769457
8002.0,201.0,0.134605
8002.0,202.0,0.69083
8002.0,203.0,0.789216
8002.0,204.0,0.288843
8002.0,205.0,0.765293
8002.0,206.0,0.462366
8002.0,207.0,0.668046
8002.0,208.0,0.0
8002.0,209.0,0.902473
8002.0,210.0,1.0
8002.0,211.0,0.450503
8002.0,212.0,0.740121
8002.0,213.0,0.432508
8002.0,214.0,0.625931
8002.0,215.0,0.367498
8002.0,216.0,0.0
8002.0,217.0,0.365796
8002.0,218.0,0.53329
8002.0,219.0,0.702883
8002.0,220.0,1.0
8002.0,221.0,0.688355
8002.0,222.0,0.487775
8002.0,223.0,0.66649
8002.0,224.0,0.580202
8002.0,225.0,1.0
8002.0,226.0,1.0
8002.0,227.0,0.43124
8002.0,228.0,0.986614
8002.0,229.0,0.778146
8002.0,230.0,0.618978
8002.0,231.0,0.002276
8002.0,232.0,0.373859
8002.0,233.0,0.108134
8002.0,234.0,0.108909
8002.0,235.0,0.363332
8002.0,236.0,0.522248
8002.0,237.0,0.542806
8002.0,238.0,0.0
8002.0,239.0,1.0
8002.0,240.0,0.468931
8002.0,241.0,0.111491
8002.0,242.0,0.604045
8002.0,243.0,0.654337
8002.0,244.0,0.252613
8002.0,245.0,0.107062
8002.0,246.0,0.343396
8002.0,247.0,0.378085
8002.0,248.0,0.548984
8002.0,249.0,0.196383
8002.0,250.0,0.2902
8002.0,251.0,0.0
8002.0,252.0,0.985809
8002.0,253.0,0.693147
8002.0,254.0,0.211271
8002.0,255.0,0.722471
8002.0,256.0,1.0
8002.0,257.0,0.214845
8002.0,258.0,0.881552
8002.0,259.0,0.304152
8002.0,260.0,0.577064
8002.0,261.0,0.437612
8002.0,262.0,0.06368
8002.0,263.0,0.757469
8002.0,264.0,0.0
8002.0,265.0,0.956606
8002.0,266.0,0.997216
8002.0,267.0,0.054387
8002.0,268.0,0.0
8002.0,269.0,0.366312
8002.0,270.0,0.463026
8002.0,271.0,0.562242
8002.0,272.0,0.742464
8002.0,273.0,0.334668
8002.0,274.0,0.400373
8002.0,275.0,0.663596
8002.0,276.0,0.785983
8002.0,277.0,0.407253
8002.0,278.0,0.0
8002.0,279.0,0.416725
8002.0,280.0,0.54093
8002.0,281.0,0.516962
8002.0,282.0,0.702798
8002.0,283.0,0.600672
8002.0,284.0,0.454083
8002.0,285.0,0.888011
8002.0,286.0,0.447281
8002.0,287.0,0.0
8002.0,288.0,0.281538
8002.0,289.0,1.0
8002.0,290.0,1.0
8002.0,291.0,0.91829
8002.0,292.0,0.268275
8002.0,293.0,0.009051
8002.0,294.0,0.0
8002.0,295.0,0.498423
8002.0,296.0,0.784212
8002.0,297.0,0.345101
8002.0,298.0,0.589846
8002.0,299.0,0.949458
8002.0,300.0,0.691008
8002.0,301.0,0.0
8002.0,302.0,0.874671
8002.0,303.0,0.806246
8002.0,304.0,0.590427
8002.0,305.0,0.700078
8002.0,306.0,1.0
8002.0,307.0,0.445591
8002.0,308.0,0.437306
8002.0,309.0,0.729516
8002.0,310.0,0.886887
8002.0,311.0,1.0
8002.0,312.0,0.182915
8002.0,313.0,0.676002
8002.0,314.0,0.514196
8002.0,315.0,1.0
8002.0,316.0,0.702223
8002.0,317.0,0.503488
8002.0,318.0,0.452427
8002.0,319.0,0.0
8002.0,320.0,0.350072
8002.0,321.0,0.115225
8002.0,322.0,0.250473
8002.0,323.0,0.17535
8002.0,324.0,0.268357
8002.0,325.0,0.018897
8002.0,326.0,0.592869
8002.0,327.0,0.0
8002.0,328.0,0.0
8002.0,329.0,0.535263
8002.0,330.0,0.649728
8002.0,331.0,1.0
8002.0,332.0,0.302727
8002.0,333.0,0.222384
8002.0,334.0,0.671396
8003.0,0.0,0.020151
8003.0,1.0,0.934535
8003.0,2.0,0.0
8003.0,3.0,0.68627
8003.0,4.0,0.0
8003.0,5.0,0.191675
8003.0,6.0,0.638147
8003.0,7.0,0.388621
8003.0,8.0,0.489638
8003.0,9.0,0.54085
8003.0,10.0,0.0
8003.0,11.0,0.439431
8003.0,12.0,1.0
8003.0,13.0,0.546417
8003.0,14.0,0.525978
8003.0,15.0,0.355519
8003.0,16.0,0.585481
8003.0,17.0,0.582601
8003.0,18.0,0.0
8003.0,19.0,0.485066
8003.0,20.0,0.577511
8003.0,21.0,0.501562
8003.0,22.0,0.059697
8003.0,23.0,0.547657
8003.0,24.0,0.212037
8003.0,25.0,0.333724
8003.0,26.0,0.699141
8003.0,27.0,0.0
8003.0,28.0,0.416442
8003.0,29.0,0.450622
8003.0,30.0,0.667489
8003.0,31.0,0.478616
8003.0,32.0,0.309514
8003.0,33.0,0.363224
8003.0,34.0,0.874228
8003.0,35.0,0.403074
8003.0,36.0,0.347558
8003.0,37.0,0.357222
8003.0,38.0,0.010679
8003.0,39.0,0.0
8003.0,40.0,0.999971
8003.0,41.0,0.697275
8003.0,42.0,0.002255
8003.0,43.0,0.605112
8003.0,44.0,0.469355
8003.0,45.0,1.0
8003.0,46.0,0.597196
8003.0,47.0,0.371032
8003.0,48.0,0.017811
8003.0,49.0,0.736527
8003.0,50.0,0.999575
8003.0,51.0,0.338763
8003.0,52.0,1.0
8003.0,53.0,0.70485
8003.0,54.0,0.476676
8003.0,55.0,0.826203
8003.0,56.0,0.395155
8003.0,57.0,0.275576
8003.0,58.0,1.0
8003.0,59.0,0.829312
8003.0,60.0,0.029532
8003.0,61.0,0.922375
8003.0,62.0,0.553503
8003.0,63.0,0.618486
8003.0,64.0,0.0
8003.0,65.0,0.601742
8003.0,66.0,0.768353
8003.0,67.0,0.332042
8003.0,68.0,0.284921
8003.0,69.0,0.370035
8003.0,70.0,0.000243
8003.0,71.0,0.585475
8003.0,72.0,0.619761
8003.0,73.0,0.001193
8003.0,74.0,0.764007
8003.0,75.0,0.800265
8003.0,76.0,0.473651
8003.0,77.0,0.008112
8003.0,78.0,0.4013
8003.0,79.0,0.0
8003.0,80.0,0.382461
8003.0,81.0,0.423251
8003.0,82.0,0.521221
8003.0,83.0,1.0
8003.0,84.0,1.0
8003.0,85.0,0.197143
8003.0,86.0,0.560849
8003.0,87.0,0.073283
8003.0,88.0,0.637297
8003.0,89.0,0.176879
8003.0,90.0,0.858327
8003.0,91.0,0.0
8003.0,92.0,0.0
8003.0,93.0,0.479761
8003.0,94.0,0.957385
8003.0,95.0,0.646822
8003.0,96.0,0.281624
8003.0,97.0,0.027306
8003.0,98.0,0.976452
8003.0,99.0,0.369729
8003.0,100.0,0.714878
8003.0,101.0,0.477475
8003.0,102.0,0.730014
8003.0,103.0,0.43488
8003.0,104.0,1.0
8003.0,105.0,0.561618
8003.0,106.0,0.789522
8003.0,107.0,0.687664
8003.0,108.0,0.621411
8003.0,109.0,0.279883
8003.0,110.0,0.531344
8003.0,111.0,0.035417
8003.0,112.0,0.664703
8003.0,113.0,0.538509
8003.0,114.0,0.415696
8003.0,115.0,0.918947
8003.0,116.0,0.0
8003.0,117.0,0.49558
8003.0,118.0,0.770317
8003.0,119.0,0.000255
8003.0,120.0,0.552667
8003.0,121.0,0.45848
8003.0,122.0,0.573623
8003.0,123.0,1.0
8003.0,124.0,0.0
8003.0,125.0,0.312214
8003.0,126.0,0.653408
8003.0,127.0,0.759775
8003.0,128.0,1.0
8003.0,129.0,0.311507
8003.0,130.0,0.0
8003.0,131.0,0.0
8003.0,132.0,0.0
8003.0,133.0,0.186721
8003.0,134.0,0.0
8003.0,135.0,1.0
8003.0,136.0,0.865037
8003.0,137.0,0.610131
8003.0,138.0,0.155269
8003.0,139.0,0.261852
8003.0,140.0,1.0
8003.0,141.0,0.612138
8003.0,142.0,0.202129
8003.0,143.0,0.647217
8003.0,144.0,0.0
8003.0,145.0,0.12182
8003.0,146.0,0.618731
8003.0,147.0,1.0
8003.0,148.0,0.726769
8003.0,149.0,1.0
8003.0,150.0,0.468888
8003.0,151.0,0.83901
8003.0,152.0,0.23585
8003.0,153.0,0.668436
8003.0,154.0,0.515892
8003.0,155.0,0.423189
8003.0,156.0,0.439655
8003.0,157.0,1.0
8003.0,158.0,0.465929
8003.0,159.0,0.307011
8003.0,160.0,0.698372
8003.0,161.0,0.983497
8003.0,162.0,0.494409
8003.0,163.0,0.805677
8003.0,164.0,0.066735
8003.0,165.0,0.553297
8003.0,166.0,0.049011
8003.0,167.0,1.0
8003.0,168.0,0.177565
8003.0,169.0,0.665502
8003.0,170.0,0.0
8003.0,171.0,0.561727
8003.0,172.0,0.238605
8003.0,173.0,0.542339
8003.0,174.0,0.174317
8003.0,175.0,0.354643
8003.0,176.0,0.004222
8003.0,177.0,0.926406
8003.0,178.0,0.650117
8003.0,179.0,1.0
8003.0,180.0,0.484965
8003.0,181.0,1.0
8003.0,182.0,0.751273
8003.0,183.0,0.380101
8003.0,184.0,0.333543
8003.0,185.0,0.686821
8003.0,186.0,0.164237
8003.0,187.0,0.35626
8003.0,188.0,0.420184
8003.0,189.0,0.864273
8003.0,190.0,0.430713
8003.0,191.0,0.553671
8003.0,192.0,0.999945
8003.0,193.0,0.563957
8003.0,194.0,0.518217
8003.0,195.0,0.943548
8003.0,196.0,0.497269
8003.0,197.0,0.87397
8003.0,198.0,0.0
8003.0,199.0,0.995185
8003.0,200.0,0.769833
8003.0,201.0,0.136335
8003.0,202.0,0.697636
8003.0,203.0,0.794035
8003.0,204.0,0.289078
8003.0,205.0,0.766168
8003.0,206.0,0.487305
8003.0,207.0,0.683176
8003.0,208.0,0.0
8003.0,209.0,0.902984
8003.0,210.0,1.0
8003.0,211.0,0.454482
8003.0,212.0,0.74067
8003.0,213.0,0.435527
8003.0,214.0,0.637971
8003.0,215.0,0.368503
8003.0,216.0,0.0
8003.0,217.0,0.370949
8003.0,218.0,0.544517
8003.0,219.0,0.709552
8003.0,220.0,1.0
8003.0,221.0,0.693259
8003.0,222.0,0.513365
8003.0,223.0,0.670103
8003.0,224.0,0.581563
8003.0,225.0,1.0
8003.0,226.0,1.0
8003.0,227.0,0.432413
8003.0,228.0,0.986876
8003.0,229.0,0.779295
8003.0,230.0,0.62057
8003.0,231.0,0.002298
8003.0,232.0,0.377604
8003.0,233.0,0.108455
8003.0,234.0,0.111098
8003.0,235.0,0.364332
8003.0,236.0,0.525771
8003.0,237.0,0.544297
8003.0,238.0,0.0
8003.0,239.0,1.0
8003.0,240.0,0.471225
8003.0,241.0,0.112061
8003.0,242.0,0.606064
8003.0,243.0,0.65449
8003.0,244.0,0.256745
8003.0,245.0,0.109561
8003.0,246.0,0.344673
8003.0,247.0,0.381433
8003.0,248.0,0.553279
8003.0,249.0,0.201487
8003.0,250.0,0.295971
8003.0,251.0,0.0
8003.0,252.0,0.985147
8003.0,253.0,0.694029
8003.0,254.0,0.224065
8003.0,255.0,0.723268
8003.0,256.0,1.0
8003.0,257.0,0.214803
8003.0,258.0,0.881852
8003.0,259.0,0.307849
8003.0,260.0,0.578856
8003.0,261.0,0.438979
8003.0,262.0,0.064213
8003.0,263.0,0.758541
8003.0,264.0,0.0
8003.0,265.0,0.956962
8003.0,266.0,0.997174
8003.0,267.0,0.054709
8003.0,268.0,0.0
8003.0,269.0,0.370206
8003.0,270.0,0.464863
8003.0,271.0,0.56168
8003.0,272.0,0.742857
8003.0,273.0,0.336331
8003.0,274.0,0.402276
8003.0,275.0,0.674829
8003.0,276.0,0.804702
8003.0,277.0,0.409184
8003.0,278.0,0.0
8003.0,279.0,0.417934
8003.0,280.0,0.545316
8003.0,281.0,0.519664
8003.0,282.0,0.707786
8003.0,283.0,0.609506
8003.0,284.0,0.462508
8003.0,285.0,0.887979
8003.0,286.0,0.453516
8003.0,287.0,0.0
8003.0,288.0,0.286539
8003.0,289.0,1.0
8003.0,290.0,1.0
8003.0,291.0,0.919448
8003.0,292.0,0.270857
8003.0,293.0,0.009464
8003.0,294.0,0.0
8003.0,295.0,0.502358
8003.0,296.0,0.787105
8003.0,297.0,0.345915
8003.0,298.0,0.589943
8003.0,299.0,0.949907
8003.0,300.0,0.696806
8003.0,301.0,0.0
8003.0,302.0,0.8773
8003.0,303.0,0.810348
8003.0,304.0,0.590822
8003.0,305.0,0.706209
8003.0,306.0,1.0
8003.0,307.0,0.454628
8003.0,308.0,0.44024
8003.0,309.0,0.733721
8003.0,310.0,0.88722
8003.0,311.0,1.0
8003.0,312.0,0.18837
8003.0,313.0,0.678344
8003.0,314.0,0.515772
8003.0,315.0,1.0
8003.0,316.0,0.703207
8003.0,317.0,0.505906
8003.0,318.0,0.455696
8003.0,319.0,0.0
8003.0,320.0,0.35747
8003.0,321.0,0.116321
8003.0,322.0,0.254136
8003.0,323.0,0.176991
8003.0,324.0,0.269989
8003.0,325.0,0.018876
8003.0,326.0,0.599733
8003.0,327.0,0.0
8003.0,328.0,0.0
8003.0,329.0,0.576523
8003.0,330.0,0.649531
8003.0,331.0,1.0
8003.0,332.0,0.30294
8003.0,333.0,0.224565
8003.0,334.0,0.672048
8004.0,0.0,0.020192
8004.0,1.0,0.934934
8004.0,2.0,0.0
8004.0,3.0,0.69264
8004.0,4.0,0.0
8004.0,5.0,0.192625
8004.0,6.0,0.640503
8004.0,7.0,0.393583
8004.0,8.0,0.495206
8004.0,9.0,0.544926
8004.0,10.0,0.0
8004.0,11.0,0.44729
8004.0,12.0,1.0
8004.0,13.0,0.550808
8004.0,14.0,0.534646
8004.0,15.0,0.359179
8004.0,16.0,0.587964
8004.0,17.0,0.586326
8004.0,18.0,0.0
8004.0,19.0,0.486526
8004.0,20.0,0.578727
8004.0,21.0,0.504566
8004.0,22.0,0.059911
8004.0,23.0,0.552087
8004.0,24.0,0.21713
8004.0,25.0,0.338047
8004.0,26.0,0.707851
8004.0,27.0,0.0
8004.0,28.0,0.421635
8004.0,29.0,0.459343
8004.0,30.0,0.669358
8004.0,31.0,0.480207
8004.0,32.0,0.312054
8004.0,33.0,0.365364
8004.0,34.0,0.87403
8004.0,35.0,0.415931
8004.0,36.0,0.349365
8004.0,37.0,0.357928
8004.0,38.0,0.010444
8004.0,39.0,0.0
8004.0,40.0,0.999965
8004.0,41.0,0.701713
8004.0,42.0,0.002309
8004.0,43.0,0.60765
8004.0,44.0,0.472545
8004.0,45.0,1.0
8004.0,46.0,0.599906
8004.0,47.0,0.375683
8004.0,48.0,0.017785
8004.0,49.0,0.738539
8004.0,50.0,0.999582
8004.0,51.0,0.342478
8004.0,52.0,1.0
8004.0,53.0,0.704745
8004.0,54.0,0.486008
8004.0,55.0,0.82717
8004.0,56.0,0.400234
8004.0,57.0,0.277257
8004.0,58.0,1.0
8004.0,59.0,0.830376
8004.0,60.0,0.029448
8004.0,61.0,0.922903
8004.0,62.0,0.560364
8004.0,63.0,0.621522
8004.0,64.0,0.0
8004.0,65.0,0.606927
8004.0,66.0,0.772359
8004.0,67.0,0.33481
8004.0,68.0,0.292965
8004.0,69.0,0.373417
8004.0,70.0,0.000254
8004.0,71.0,0.586569
8004.0,72.0,0.622039
8004.0,73.0,0.001187
8004.0,74.0,0.768484
8004.0,75.0,0.808575
8004.0,76.0,0.477057
8004.0,77.0,0.008104
8004.0,78.0,0.406229
8004.0,79.0,0.0
8004.0,80.0,0.390012
8004.0,81.0,0.426168
8004.0,82.0,0.523781
8004.0,83.0,1.0
8004.0,84.0,1.0
8004.0,85.0,0.198399
8004.0,86.0,0.562563
8004.0,87.0,0.072695
8004.0,88.0,0.638975
8004.0,89.0,0.177293
8004.0,90.0,0.858188
8004.0,91.0,0.0
8004.0,92.0,0.0
8004.0,93.0,0.480619
8004.0,94.0,0.957657
8004.0,95.0,0.650813
8004.0,96.0,0.289334
8004.0,97.0,0.02822
8004.0,98.0,0.976764
8004.0,99.0,0.372719
8004.0,100.0,0.715746
8004.0,101.0,0.48604
8004.0,102.0,0.732699
8004.0,103.0,0.442063
8004.0,104.0,1.0
8004.0,105.0,0.564574
8004.0,106.0,0.797224
8004.0,107.0,0.690505
8004.0,108.0,0.625789
8004.0,109.0,0.27956
8004.0,110.0,0.543932
8004.0,111.0,0.036072
8004.0,112.0,0.668446
8004.0,113.0,0.605841
8004.0,114.0,0.419376
8004.0,115.0,0.91932
8004.0,116.0,0.0
8004.0,117.0,0.504839
8004.0,118.0,0.77025
8004.0,119.0,0.000236
8004.0,120.0,0.557209
8004.0,121.0,0.460748
8004.0,122.0,0.574925
8004.0,123.0,1.0
8004.0,124.0,0.0
8004.0,125.0,0.326652
8004.0,126.0,0.654752
8004.0,127.0,0.77298
8004.0,128.0,1.0
8004.0,129.0,0.311038
8004.0,130.0,0.0
8004.0,131.0,0.0
8004.0,132.0,0.0
8004.0,133.0,0.192983
8004.0,134.0,0.0
8004.0,135.0,1.0
8004.0,136.0,0.868445
8004.0,137.0,0.611276
8004.0,138.0,0.155563
8004.0,139.0,0.26955
8004.0,140.0,1.0
8004.0,141.0,0.615517
8004.0,142.0,0.204019
8004.0,143.0,0.64944
8004.0,144.0,0.0
8004.0,145.0,0.122747
8004.0,146.0,0.62359
8004.0,147.0,1.0
8004.0,148.0,0.744289
8004.0,149.0,1.0
8004.0,150.0,0.483426
8004.0,151.0,0.838594
8004.0,152.0,0.236283
8004.0,153.0,0.673721
8004.0,154.0,0.519261
8004.0,155.0,0.431466
8004.0,156.0,0.460586
8004.0,157.0,1.0
8004.0,158.0,0.486408
8004.0,159.0,0.309077
8004.0,160.0,0.70293
8004.0,161.0,0.983461
8004.0,162.0,0.496959
8004.0,163.0,0.807616
8004.0,164.0,0.066916
8004.0,165.0,0.554383
8004.0,166.0,0.049126
8004.0,167.0,1.0
8004.0,168.0,0.177501
8004.0,169.0,0.672691
8004.0,170.0,0.0
8004.0,171.0,0.567817
8004.0,172.0,0.240065
8004.0,173.0,0.548387
8004.0,174.0,0.176442
8004.0,175.0,0.357297
8004.0,176.0,0.004239
8004.0,177.0,0.92607
8004.0,178.0,0.654418
8004.0,179.0,1.0
8004.0,180.0,0.486901
8004.0,181.0,1.0
8004.0,182.0,0.762795
8004.0,183.0,0.384909
8004.0,184.0,0.338135
8004.0,185.0,0.692866
8004.0,186.0,0.165729
8004.0,187.0,0.357987
8004.0,188.0,0.420454
8004.0,189.0,0.871344
8004.0,190.0,0.43889
8004.0,191.0,0.558648
8004.0,192.0,0.999947
8004.0,193.0,0.566903
8004.0,194.0,0.52346
8004.0,195.0,0.943781
8004.0,196.0,0.503521
8004.0,197.0,0.875176
8004.0,198.0,0.0
8004.0,199.0,0.995243
8004.0,200.0,0.770489
8004.0,201.0,0.138198
8004.0,202.0,0.703831
8004.0,203.0,0.798767
8004.0,204.0,0.289141
8004.0,205.0,0.767328
8004.0,206.0,0.511035
8004.0,207.0,0.696798
8004.0,208.0,0.0
8004.0,209.0,0.90379
8004.0,210.0,1.0
8004.0,211.0,0.457748
8004.0,212.0,0.740263
8004.0,213.0,0.439465
8004.0,214.0,0.649406
8004.0,215.0,0.37069
8004.0,216.0,0.0
8004.0,217.0,0.3753
8004.0,218.0,0.555946
8004.0,219.0,0.71646
8004.0,220.0,1.0
8004.0,221.0,0.6982
8004.0,222.0,0.538386
8004.0,223.0,0.673627
8004.0,224.0,0.582626
8004.0,225.0,1.0
8004.0,226.0,1.0
8004.0,227.0,0.433629
8004.0,228.0,0.987193
8004.0,229.0,0.77997
8004.0,230.0,0.622501
8004.0,231.0,0.002337
8004.0,232.0,0.381184
8004.0,233.0,0.108804
8004.0,234.0,0.112717
8004.0,235.0,0.365444
8004.0,236.0,0.527856
8004.0,237.0,0.54718
8004.0,238.0,0.0
8004.0,239.0,1.0
8004.0,240.0,0.47472
8004.0,241.0,0.111981
8004.0,242.0,0.607452
8004.0,243.0,0.654664
8004.0,244.0,0.259801
8004.0,245.0,0.112674
8004.0,246.0,0.344876
8004.0,247.0,0.383715
8004.0,248.0,0.558438
8004.0,249.0,0.206442
8004.0,250.0,0.301325
8004.0,251.0,0.0
8004.0,252.0,0.984436
8004.0,253.0,0.694539
8004.0,254.0,0.237741
8004.0,255.0,0.723644
8004.0,256.0,1.0
8004.0,257.0,0.215485
8004.0,258.0,0.880587
8004.0,259.0,0.311107
8004.0,260.0,0.580035
8004.0,261.0,0.440052
8004.0,262.0,0.065349
8004.0,263.0,0.758949
8004.0,264.0,0.0
8004.0,265.0,0.957804
8004.0,266.0,0.997178
8004.0,267.0,0.055357
8004.0,268.0,0.0
8004.0,269.0,0.374193
8004.0,270.0,0.465537
8004.0,271.0,0.562676
8004.0,272.0,0.742796
8004.0,273.0,0.338983
8004.0,274.0,0.403173
8004.0,275.0,0.685572
8004.0,276.0,0.821336
8004.0,277.0,0.412606
8004.0,278.0,0.0
8004.0,279.0,0.420248
8004.0,280.0,0.548421
8004.0,281.0,0.521437
8004.0,282.0,0.712836
8004.0,283.0,0.61763
8004.0,284.0,0.469585
8004.0,285.0,0.888223
8004.0,286.0,0.460438
8004.0,287.0,0.0
8004.0,288.0,0.291515
8004.0,289.0,1.0
8004.0,290.0,1.0
8004.0,291.0,0.920323
8004.0,292.0,0.273723
8004.0,293.0,0.009923
8004.0,294.0,0.0
8004.0,295.0,0.506523
8004.0,296.0,0.789442
8004.0,297.0,0.346559
8004.0,298.0,0.59081
8004.0,299.0,0.950584
8004.0,300.0,0.703203
8004.0,301.0,0.0
8004.0,302.0,0.879483
8004.0,303.0,0.814457
8004.0,304.0,0.590685
8004.0,305.0,0.711491
8004.0,306.0,1.0
8004.0,307.0,0.463853
8004.0,308.0,0.443833
8004.0,309.0,0.737831
8004.0,310.0,0.887998
8004.0,311.0,1.0
8004.0,312.0,0.192737
8004.0,313.0,0.680072
8004.0,314.0,0.516646
8004.0,315.0,1.0
8004.0,316.0,0.703468
8004.0,317.0,0.508609
8004.0,318.0,0.458346
8004.0,319.0,0.0
8004.0,320.0,0.365471
8004.0,321.0,0.117943
8004.0,322.0,0.257597
8004.0,323.0,0.179425
8004.0,324.0,0.272322
8004.0,325.0,0.018971
8004.0,326.0,0.60648
8004.0,327.0,0.0
8004.0,328.0,0.0
8004.0,329.0,0.616176
8004.0,330.0,0.650642
8004.0,331.0,1.0
8004.0,332.0,0.303256
8004.0,333.0,0.226179
8004.0,334.0,0.673307
8005.0,0.0,0.020408
8005.0,1.0,0.935309
8005.0,2.0,0.0
8005.0,3.0,0.698517
8005.0,4.0,0.0
8005.0,5.0,0.193901
8005.0,6.0,0.642643
8005.0,7.0,0.398763
8005.0,8.0,0.500428
8005.0,9.0,0.550222
8005.0,10.0,0.0
8005.0,11.0,0.454143
8005.0,12.0,1.0
8005.0,13.0,0.556457
8005.0,14.0,0.543376
8005.0,15.0,0.362648
8005.0,16.0,0.59146
8005.0,17.0,0.590501
8005.0,18.0,0.0
8005.0,19.0,0.488475
8005.0,20.0,0.57984
8005.0,21.0,0.507821
8005.0,22.0,0.060092
8005.0,23.0,0.556446
8005.0,24.0,0.222338
8005.0,25.0,0.343173
8005.0,26.0,0.716548
8005.0,27.0,0.0
8005.0,28.0,0.425971
8005.0,29.0,0.46919
8005.0,30.0,0.671723
8005.0,31.0,0.48222
8005.0,32.0,0.314976
8005.0,33.0,0.368115
8005.0,34.0,0.874059
8005.0,35.0,0.428926
8005.0,36.0,0.350962
8005.0,37.0,0.358054
8005.0,38.0,0.010474
8005.0,39.0,0.0
8005.0,40.0,0.999974
8005.0,41.0,0.706029
8005.0,42.0,0.002342
8005.0,43.0,0.61113
8005.0,44.0,0.47689
8005.0,45.0,1.0
8005.0,46.0,0.60142
8005.0,47.0,0.379948
8005.0,48.0,0.01776
8005.0,49.0,0.740063
8005.0,50.0,0.999612
8005.0,51.0,0.347648
8005.0,52.0,1.0
8005.0,53.0,0.704121
8005.0,54.0,0.493987
8005.0,55.0,0.827682
8005.0,56.0,0.406133
8005.0,57.0,0.278919
8005.0,58.0,1.0
8005.0,59.0,0.831475
8005.0,60.0,0.029223
8005.0,61.0,0.923237
8005.0,62.0,0.567248
8005.0,63.0,0.624198
8005.0,64.0,0.0
8005.0,65.0,0.611841
8005.0,66.0,0.775886
8005.0,67.0,0.337685
8005.0,68.0,0.302341
8005.0,69.0,0.377382
8005.0,70.0,0.000272
8005.0,71.0,0.587296
8005.0,72.0,0.624508
8005.0,73.0,0.001268
8005.0,74.0,0.773215
8005.0,75.0,0.815737
8005.0,76.0,0.48167
8005.0,77.0,0.008234
8005.0,78.0,0.410518
8005.0,79.0,0.0
8005.0,80.0,0.39844
8005.0,81.0,0.429434
8005.0,82.0,0.52491
8005.0,83.0,1.0
8005.0,84.0,1.0
8005.0,85.0,0.200319
8005.0,86.0,0.563445
8005.0,87.0,0.072009
8005.0,88.0,0.640415
8005.0,89.0,0.177171
8005.0,90.0,0.85799
8005.0,91.0,0.0
8005.0,92.0,0.0
8005.0,93.0,0.482364
8005.0,94.0,0.957404
8005.0,95.0,0.654378
8005.0,96.0,0.29625
8005.0,97.0,0.029155
8005.0,98.0,0.976817
8005.0,99.0,0.375562
8005.0,100.0,0.717353
8005.0,101.0,0.493742
8005.0,102.0,0.734869
8005.0,103.0,0.449603
8005.0,104.0,1.0
8005.0,105.0,0.567404
8005.0,106.0,0.804568
8005.0,107.0,0.691799
8005.0,108.0,0.628261
8005.0,109.0,0.279709
8005.0,110.0,0.556455
8005.0,111.0,0.036726
8005.0,112.0,0.671404
8005.0,113.0,0.666626
8005.0,114.0,0.422876
8005.0,115.0,0.918861
8005.0,116.0,0.0
8005.0,117.0,0.513531
8005.0,118.0,0.770675
8005.0,119.0,0.000232
8005.0,120.0,0.561621
8005.0,121.0,0.462373
8005.0,122.0,0.57703
8005.0,123.0,1.0
8005.0,124.0,0.0
8005.0,125.0,0.340138
8005.0,126.0,0.656925
8005.0,127.0,0.785715
8005.0,128.0,1.0
8005.0,129.0,0.311889
8005.0,130.0,0.0
8005.0,131.0,0.0
8005.0,132.0,0.0
8005.0,133.0,0.199519
8005.0,134.0,0.0
8005.0,135.0,1.0
8005.0,136.0,0.871636
8005.0,137.0,0.611262
8005.0,138.0,0.155812
8005.0,139.0,0.276294
8005.0,140.0,1.0
8005.0,141.0,0.618732
8005.0,142.0,0.205307
8005.0,143.0,0.651704
8005.0,144.0,0.0
8005.0,145.0,0.123987
8005.0,146.0,0.628055
8005.0,147.0,1.0
8005.0,148.0,0.760344
8005.0,149.0,1.0
8005.0,150.0,0.495416
8005.0,151.0,0.83924
8005.0,152.0,0.236549
8005.0,153.0,0.678405
8005.0,154.0,0.523468
8005.0,155.0,0.440309
8005.0,156.0,0.481756
8005.0,157.0,1.0
8005.0,158.0,0.505565
8005.0,159.0,0.311284
8005.0,160.0,0.706037
8005.0,161.0,0.983505
8005.0,162.0,0.49931
8005.0,163.0,0.810628
8005.0,164.0,0.067313
8005.0,165.0,0.555732
8005.0,166.0,0.049388
8005.0,167.0,1.0
8005.0,168.0,0.177684
8005.0,169.0,0.680181
8005.0,170.0,0.0
8005.0,171.0,0.573995
8005.0,172.0,0.241083
8005.0,173.0,0.553493
8005.0,174.0,0.178987
8005.0,175.0,0.359557
8005.0,176.0,0.004361
8005.0,177.0,0.926815
8005.0,178.0,0.659413
8005.0,179.0,1.0
8005.0,180.0,0.489072
8005.0,181.0,1.0
8005.0,182.0,0.774235
8005.0,183.0,0.389448
8005.0,184.0,0.34343
8005.0,185.0,0.698104
8005.0,186.0,0.167285
8005.0,187.0,0.359186
8005.0,188.0,0.422232
8005.0,189.0,0.878882
8005.0,190.0,0.446232
8005.0,191.0,0.562978
8005.0,192.0,0.999957
8005.0,193.0,0.570531
8005.0,194.0,0.529131
8005.0,195.0,0.944291
8005.0,196.0,0.510395
8005.0,197.0,0.87681
8005.0,198.0,0.0
8005.0,199.0,0.995249
8005.0,200.0,0.770415
8005.0,201.0,0.140215
8005.0,202.0,0.710013
8005.0,203.0,0.803242
8005.0,204.0,0.289352
8005.0,205.0,0.768168
8005.0,206.0,0.534011
8005.0,207.0,0.709496
8005.0,208.0,0.0
8005.0,209.0,0.904354
8005.0,210.0,1.0
8005.0,211.0,0.462199
8005.0,212.0,0.739663
8005.0,213.0,0.442197
8005.0,214.0,0.660465
8005.0,215.0,0.371578
8005.0,216.0,0.0
8005.0,217.0,0.378913
8005.0,218.0,0.567359
8005.0,219.0,0.721807
8005.0,220.0,1.0
8005.0,221.0,0.702531
8005.0,222.0,0.56312
8005.0,223.0,0.676656
8005.0,224.0,0.583881
8005.0,225.0,1.0
8005.0,226.0,1.0
8005.0,227.0,0.43422
8005.0,228.0,0.987193
8005.0,229.0,0.780709
8005.0,230.0,0.623731
8005.0,231.0,0.002395
8005.0,232.0,0.383941
8005.0,233.0,0.109239
8005.0,234.0,0.113894
8005.0,235.0,0.367283
8005.0,236.0,0.530211
8005.0,237.0,0.55005
8005.0,238.0,0.0
8005.0,239.0,1.0
8005.0,240.0,0.47796
8005.0,241.0,0.11224
8005.0,242.0,0.609118
8005.0,243.0,0.65651
8005.0,244.0,0.262578
8005.0,245.0,0.115885
8005.0,246.0,0.345966
8005.0,247.0,0.38717
8005.0,248.0,0.564025
8005.0,249.0,0.211743
8005.0,250.0,0.307032
8005.0,251.0,0.0
8005.0,252.0,0.984041
8005.0,253.0,0.69554
8005.0,254.0,0.252329
8005.0,255.0,0.724899
8005.0,256.0,1.0
8005.0,257.0,0.216218
8005.0,258.0,0.879353
8005.0,259.0,0.313654
8005.0,260.0,0.582107
8005.0,261.0,0.441612
8005.0,262.0,0.066414
8005.0,263.0,0.760226
8005.0,264.0,0.0
8005.0,265.0,0.958028
8005.0,266.0,0.997324
8005.0,267.0,0.056032
8005.0,268.0,0.0
8005.0,269.0,0.377319
8005.0,270.0,0.466521
8005.0,271.0,0.563021
8005.0,272.0,0.743441
8005.0,273.0,0.340673
8005.0,274.0,0.405365
8005.0,275.0,0.695849
8005.0,276.0,0.836084
8005.0,277.0,0.413821
8005.0,278.0,0.0
8005.0,279.0,0.422639
8005.0,280.0,0.552457
8005.0,281.0,0.525244
8005.0,282.0,0.718975
8005.0,283.0,0.627168
8005.0,284.0,0.476335
8005.0,285.0,0.888618
8005.0,286.0,0.466887
8005.0,287.0,0.0
8005.0,288.0,0.295717
8005.0,289.0,1.0
8005.0,290.0,1.0
8005.0,291.0,0.920617
8005.0,292.0,0.277071
8005.0,293.0,0.010145
8005.0,294.0,0.0
8005.0,295.0,0.510338
8005.0,296.0,0.791923
8005.0,297.0,0.348732
8005.0,298.0,0.590532
8005.0,299.0,0.951085
8005.0,300.0,0.709938
8005.0,301.0,0.0
8005.0,302.0,0.882675
8005.0,303.0,0.819351
8005.0,304.0,0.591039
8005.0,305.0,0.717162
8005.0,306.0,1.0
8005.0,307.0,0.472646
8005.0,308.0,0.447113
8005.0,309.0,0.741335
8005.0,310.0,0.888917
8005.0,311.0,1.0
8005.0,312.0,0.197069
8005.0,313.0,0.681681
8005.0,314.0,0.518229
8005.0,315.0,1.0
8005.0,316.0,0.704555
8005.0,317.0,0.510272
8005.0,318.0,0.459765
8005.0,319.0,0.0
8005.0,320.0,0.373578
8005.0,321.0,0.118922
8005.0,322.0,0.260742
8005.0,323.0,0.181709
8005.0,324.0,0.273906
8005.0,325.0,0.019059
8005.0,326.0,0.614001
8005.0,327.0,0.0
8005.0,328.0,0.0
8005.0,329.0,0.6553
8005.0,330.0,0.650914
8005.0,331.0,1.0
8005.0,332.0,0.30418
8005.0,333.0,0.228488
8005.0,334.0,0.674353
8006.0,0.0,0.020082
8006.0,1.0,0.934981
8006.0,2.0,0.0
8006.0,3.0,0.691472
8006.0,4.0,0.0
8006.0,5.0,0.192384
8006.0,6.0,0.639111
8006.0,7.0,0.39147
8006.0,8.0,0.496019
8006.0,9.0,0.544392
8006.0,10.0,0.0
8006.0,11.0,0.445546
8006.0,12.0,1.0
8006.0,13.0,0.550279
8006.0,14.0,0.535595
8006.0,15.0,0.358663
8006.0,16.0,0.587193
8006.0,17.0,0.586733
8006.0,18.0,0.0
8006.0,19.0,0.486471
8006.0,20.0,0.578418
8006.0,21.0,0.503108
8006.0,22.0,0.05996
8006.0,23.0,0.551893
8006.0,24.0,0.216755
8006.0,25.0,0.337427
8006.0,26.0,0.706506
8006.0,27.0,0.0
8006.0,28.0,0.42047
8006.0,29.0,0.4583
8006.0,30.0,0.669852
8006.0,31.0,0.480549
8006.0,32.0,0.312143
8006.0,33.0,0.365711
8006.0,34.0,0.874155
8006.0,35.0,0.413352
8006.0,36.0,0.349465
8006.0,37.0,0.358167
8006.0,38.0,0.010456
8006.0,39.0,0.0
8006.0,40.0,0.999971
8006.0,41.0,0.701535
8006.0,42.0,0.002261
8006.0,43.0,0.608502
8006.0,44.0,0.473692
8006.0,45.0,1.0
8006.0,46.0,0.599294
8006.0,47.0,0.376742
8006.0,48.0,0.017561
8006.0,49.0,0.7385
8006.0,50.0,0.999588
8006.0,51.0,0.343121
8006.0,52.0,1.0
8006.0,53.0,0.704054
8006.0,54.0,0.485156
8006.0,55.0,0.826147
8006.0,56.0,0.400193
8006.0,57.0,0.278121
8006.0,58.0,1.0
8006.0,59.0,0.830431
8006.0,60.0,0.029178
8006.0,61.0,0.923333
8006.0,62.0,0.559931
8006.0,63.0,0.621989
8006.0,64.0,0.0
8006.0,65.0,0.605546
8006.0,66.0,0.772505
8006.0,67.0,0.333707
8006.0,68.0,0.293919
8006.0,69.0,0.373429
8006.0,70.0,0.000298
8006.0,71.0,0.586672
8006.0,72.0,0.62178
8006.0,73.0,0.001273
8006.0,74.0,0.768303
8006.0,75.0,0.807468
8006.0,76.0,0.477061
8006.0,77.0,0.008142
8006.0,78.0,0.40551
8006.0,79.0,0.0
8006.0,80.0,0.391261
8006.0,81.0,0.425943
8006.0,82.0,0.523787
8006.0,83.0,1.0
8006.0,84.0,1.0
8006.0,85.0,0.198986
8006.0,86.0,0.562056
8006.0,87.0,0.072898
8006.0,88.0,0.638477
8006.0,89.0,0.176684
8006.0,90.0,0.858756
8006.0,91.0,0.0
8006.0,92.0,0.0
8006.0,93.0,0.480856
8006.0,94.0,0.956916
8006.0,95.0,0.650464
8006.0,96.0,0.28818
8006.0,97.0,0.028102
8006.0,98.0,0.976574
8006.0,99.0,0.371624
8006.0,100.0,0.715728
8006.0,101.0,0.48479
8006.0,102.0,0.731475
8006.0,103.0,0.441509
8006.0,104.0,1.0
8006.0,105.0,0.563476
8006.0,106.0,0.796975
8006.0,107.0,0.68884
8006.0,108.0,0.624629
8006.0,109.0,0.27926
8006.0,110.0,0.543401
8006.0,111.0,0.035942
8006.0,112.0,0.667464
8006.0,113.0,0.600651
8006.0,114.0,0.418613
8006.0,115.0,0.918861
8006.0,116.0,0.0
8006.0,117.0,0.503532
8006.0,118.0,0.770745
8006.0,119.0,0.000231
8006.0,120.0,0.557092
8006.0,121.0,0.460733
8006.0,122.0,0.574979
8006.0,123.0,1.0
8006.0,124.0,0.0
8006.0,125.0,0.324454
8006.0,126.0,0.655195
8006.0,127.0,0.772053
8006.0,128.0,1.0
8006.0,129.0,0.312327
8006.0,130.0,0.0
8006.0,131.0,0.0
8006.0,132.0,0.0
8006.0,133.0,0.192215
8006.0,134.0,0.0
8006.0,135.0,1.0
8006.0,136.0,0.868344
8006.0,137.0,0.610561
8006.0,138.0,0.155064
8006.0,139.0,0.268117
8006.0,140.0,1.0
8006.0,141.0,0.614911
8006.0,142.0,0.203556
8006.0,143.0,0.650634
8006.0,144.0,0.0
8006.0,145.0,0.12286
8006.0,146.0,0.624619
8006.0,147.0,1.0
8006.0,148.0,0.743187
8006.0,149.0,1.0
8006.0,150.0,0.481661
8006.0,151.0,0.838969
8006.0,152.0,0.235473
8006.0,153.0,0.673545
8006.0,154.0,0.52011
8006.0,155.0,0.429777
8006.0,156.0,0.458115
8006.0,157.0,1.0
8006.0,158.0,0.484424
8006.0,159.0,0.309199
8006.0,160.0,0.702435
8006.0,161.0,0.983229
8006.0,162.0,0.496602
8006.0,163.0,0.807993
8006.0,164.0,0.066857
8006.0,165.0,0.555442
8006.0,166.0,0.049464
8006.0,167.0,1.0
8006.0,168.0,0.176876
8006.0,169.0,0.67136
8006.0,170.0,0.0
8006.0,171.0,0.567312
8006.0,172.0,0.239551
8006.0,173.0,0.547947
8006.0,174.0,0.177413
8006.0,175.0,0.357504
8006.0,176.0,0.004358
8006.0,177.0,0.926208
8006.0,178.0,0.653903
8006.0,179.0,1.0
8006.0,180.0,0.486777
8006.0,181.0,1.0
8006.0,182.0,0.761885
8006.0,183.0,0.384197
8006.0,184.0,0.338666
8006.0,185.0,0.691839
8006.0,186.0,0.165666
8006.0,187.0,0.358149
8006.0,188.0,0.421694
8006.0,189.0,0.871844
8006.0,190.0,0.437468
8006.0,191.0,0.555717
8006.0,192.0,0.999963
8006.0,193.0,0.567082
8006.0,194.0,0.523264
8006.0,195.0,0.94327
8006.0,196.0,0.504063
8006.0,197.0,0.875879
8006.0,198.0,0.0
8006.0,199.0,0.995102
8006.0,200.0,0.769472
8006.0,201.0,0.138702
8006.0,202.0,0.702346
8006.0,203.0,0.798639
8006.0,204.0,0.288852
8006.0,205.0,0.767564
8006.0,206.0,0.507712
8006.0,207.0,0.695468
8006.0,208.0,0.0
8006.0,209.0,0.904257
8006.0,210.0,1.0
8006.0,211.0,0.458574
8006.0,212.0,0.739859
8006.0,213.0,0.439704
8006.0,214.0,0.648162
8006.0,215.0,0.370065
8006.0,216.0,0.0
8006.0,217.0,0.374615
8006.0,218.0,0.555924
8006.0,219.0,0.715492
8006.0,220.0,1.0
8006.0,221.0,0.697448
8006.0,222.0,0.535387
8006.0,223.0,0.672741
8006.0,224.0,0.583075
8006.0,225.0,1.0
8006.0,226.0,1.0
8006.0,227.0,0.434854
8006.0,228.0,0.987032
8006.0,229.0,0.779798
8006.0,230.0,0.621942
8006.0,231.0,0.002333
8006.0,232.0,0.380468
8006.0,233.0,0.109572
8006.0,234.0,0.112073
8006.0,235.0,0.365012
8006.0,236.0,0.527797
8006.0,237.0,0.547097
8006.0,238.0,0.0
8006.0,239.0,1.0
8006.0,240.0,0.473971
8006.0,241.0,0.111561
8006.0,242.0,0.606823
8006.0,243.0,0.654764
8006.0,244.0,0.259002
8006.0,245.0,0.112757
8006.0,246.0,0.345773
8006.0,247.0,0.384131
8006.0,248.0,0.558662
8006.0,249.0,0.206368
8006.0,250.0,0.301073
8006.0,251.0,0.0
8006.0,252.0,0.984456
8006.0,253.0,0.694438
8006.0,254.0,0.237344
8006.0,255.0,0.723927
8006.0,256.0,1.0
8006.0,257.0,0.215284
8006.0,258.0,0.880371
8006.0,259.0,0.310517
8006.0,260.0,0.579878
8006.0,261.0,0.439313
8006.0,262.0,0.065353
8006.0,263.0,0.760002
8006.0,264.0,0.0
8006.0,265.0,0.957895
8006.0,266.0,0.997374
8006.0,267.0,0.055966
8006.0,268.0,0.0
8006.0,269.0,0.373866
8006.0,270.0,0.465512
8006.0,271.0,0.561931
8006.0,272.0,0.742502
8006.0,273.0,0.338151
8006.0,274.0,0.403213
8006.0,275.0,0.684307
8006.0,276.0,0.819857
8006.0,277.0,0.411597
8006.0,278.0,0.0
8006.0,279.0,0.420128
8006.0,280.0,0.548235
8006.0,281.0,0.522922
8006.0,282.0,0.711773
8006.0,283.0,0.617266
8006.0,284.0,0.469239
8006.0,285.0,0.888849
8006.0,286.0,0.460086
8006.0,287.0,0.0
8006.0,288.0,0.290336
8006.0,289.0,1.0
8006.0,290.0,1.0
8006.0,291.0,0.919938
8006.0,292.0,0.273976
8006.0,293.0,0.009679
8006.0,294.0,0.0
8006.0,295.0,0.505616
8006.0,296.0,0.789067
8006.0,297.0,0.347956
8006.0,298.0,0.591505
8006.0,299.0,0.951015
8006.0,300.0,0.702591
8006.0,301.0,0.0
8006.0,302.0,0.880275
8006.0,303.0,0.815246
8006.0,304.0,0.591044
8006.0,305.0,0.711113
8006.0,306.0,1.0
8006.0,307.0,0.463447
8006.0,308.0,0.443528
8006.0,309.0,0.737397
8006.0,310.0,0.888725
8006.0,311.0,1.0
8006.0,312.0,0.19205
8006.0,313.0,0.680231
8006.0,314.0,0.517751
8006.0,315.0,1.0
8006.0,316.0,0.704251
8006.0,317.0,0.507839
8006.0,318.0,0.456735
8006.0,319.0,0.0
8006.0,320.0,0.365375
8006.0,321.0,0.117828
8006.0,322.0,0.256303
8006.0,323.0,0.179307
8006.0,324.0,0.271549
8006.0,325.0,0.019359
8006.0,326.0,0.607485
8006.0,327.0,0.0
8006.0,328.0,0.0
8006.0,329.0,0.609919
8006.0,330.0,0.651294
8006.0,331.0,1.0
8006.0,332.0,0.302696
8006.0,333.0,0.226596
8006.0,334.0,0.673522
8007.0,0.0,0.019824
8007.0,1.0,0.935365
8007.0,2.0,0.0
8007.0,3.0,0.685079
8007.0,4.0,0.0
8007.0,5.0,0.190649
8007.0,6.0,0.635989
8007.0,7.0,0.386402
8007.0,8.0,0.490879
8007.0,9.0,0.540211
8007.0,10.0,0.0
8007.0,11.0,0.436322
8007.0,12.0,1.0
8007.0,13.0,0.543713
8007.0,14.0,0.527081
8007.0,15.0,0.355521
8007.0,16.0,0.582759
8007.0,17.0,0.583437
8007.0,18.0,0.0
8007.0,19.0,0.485341
8007.0,20.0,0.577161
8007.0,21.0,0.499052
8007.0,22.0,0.059003
8007.0,23.0,0.547345
8007.0,24.0,0.211121
8007.0,25.0,0.331581
8007.0,26.0,0.697513
8007.0,27.0,0.0
8007.0,28.0,0.413544
8007.0,29.0,0.447165
8007.0,30.0,0.668715
8007.0,31.0,0.478673
8007.0,32.0,0.308663
8007.0,33.0,0.363069
8007.0,34.0,0.873777
8007.0,35.0,0.399382
8007.0,36.0,0.347583
8007.0,37.0,0.357106
8007.0,38.0,0.010546
8007.0,39.0,0.0
8007.0,40.0,0.999971
8007.0,41.0,0.697772
8007.0,42.0,0.002256
8007.0,43.0,0.606664
8007.0,44.0,0.46985
8007.0,45.0,1.0
8007.0,46.0,0.5977
8007.0,47.0,0.373162
8007.0,48.0,0.017271
8007.0,49.0,0.735787
8007.0,50.0,0.999589
8007.0,51.0,0.337848
8007.0,52.0,1.0
8007.0,53.0,0.703465
8007.0,54.0,0.475788
8007.0,55.0,0.825201
8007.0,56.0,0.393855
8007.0,57.0,0.27598
8007.0,58.0,1.0
8007.0,59.0,0.829404
8007.0,60.0,0.029047
8007.0,61.0,0.923347
8007.0,62.0,0.55235
8007.0,63.0,0.619952
8007.0,64.0,0.0
8007.0,65.0,0.600393
8007.0,66.0,0.768887
8007.0,67.0,0.330348
8007.0,68.0,0.28499
8007.0,69.0,0.369733
8007.0,70.0,0.000312
8007.0,71.0,0.586812
8007.0,72.0,0.619579
8007.0,73.0,0.001323
8007.0,74.0,0.762839
8007.0,75.0,0.799643
8007.0,76.0,0.471581
8007.0,77.0,0.007876
8007.0,78.0,0.400662
8007.0,79.0,0.0
8007.0,80.0,0.383052
8007.0,81.0,0.42378
8007.0,82.0,0.52071
8007.0,83.0,1.0
8007.0,84.0,1.0
8007.0,85.0,0.196989
8007.0,86.0,0.56098
8007.0,87.0,0.073858
8007.0,88.0,0.637868
8007.0,89.0,0.177165
8007.0,90.0,0.859393
8007.0,91.0,0.0
8007.0,92.0,0.0
8007.0,93.0,0.479167
8007.0,94.0,0.956503
8007.0,95.0,0.64648
8007.0,96.0,0.281133
8007.0,97.0,0.027583
8007.0,98.0,0.976232
8007.0,99.0,0.369182
8007.0,100.0,0.715209
8007.0,101.0,0.475519
8007.0,102.0,0.728766
8007.0,103.0,0.432696
8007.0,104.0,1.0
8007.0,105.0,0.560967
8007.0,106.0,0.788451
8007.0,107.0,0.686111
8007.0,108.0,0.621209
8007.0,109.0,0.277643
8007.0,110.0,0.530037
8007.0,111.0,0.035542
8007.0,112.0,0.663189
8007.0,113.0,0.531368
8007.0,114.0,0.413818
8007.0,115.0,0.91845
8007.0,116.0,0.0
8007.0,117.0,0.49429
8007.0,118.0,0.770701
8007.0,119.0,0.000225
8007.0,120.0,0.552351
8007.0,121.0,0.459243
8007.0,122.0,0.572602
8007.0,123.0,1.0
8007.0,124.0,0.0
8007.0,125.0,0.309387
8007.0,126.0,0.653192
8007.0,127.0,0.757932
8007.0,128.0,1.0
8007.0,129.0,0.31273
8007.0,130.0,0.0
8007.0,131.0,0.0
8007.0,132.0,0.0
8007.0,133.0,0.186448
8007.0,134.0,0.0
8007.0,135.0,1.0
8007.0,136.0,0.864961
8007.0,137.0,0.609634
8007.0,138.0,0.154927
8007.0,139.0,0.260958
8007.0,140.0,1.0
8007.0,141.0,0.612195
8007.0,142.0,0.20219
8007.0,143.0,0.648055
8007.0,144.0,0.0
8007.0,145.0,0.121926
8007.0,146.0,0.619773
8007.0,147.0,1.0
8007.0,148.0,0.725765
8007.0,149.0,1.0
8007.0,150.0,0.468125
8007.0,151.0,0.838528
8007.0,152.0,0.234493
8007.0,153.0,0.66868
8007.0,154.0,0.516416
8007.0,155.0,0.420848
8007.0,156.0,0.434311
8007.0,157.0,1.0
8007.0,158.0,0.462685
8007.0,159.0,0.306902
8007.0,160.0,0.697419
8007.0,161.0,0.983347
8007.0,162.0,0.494752
8007.0,163.0,0.805777
8007.0,164.0,0.065938
8007.0,165.0,0.555726
8007.0,166.0,0.049248
8007.0,167.0,1.0
8007.0,168.0,0.177027
8007.0,169.0,0.663388
8007.0,170.0,0.0
8007.0,171.0,0.560489
8007.0,172.0,0.237457
8007.0,173.0,0.542043
8007.0,174.0,0.175837
8007.0,175.0,0.354299
8007.0,176.0,0.004303
8007.0,177.0,0.926358
8007.0,178.0,0.648747
8007.0,179.0,1.0
8007.0,180.0,0.484978
8007.0,181.0,1.0
8007.0,182.0,0.749917
8007.0,183.0,0.379428
8007.0,184.0,0.333361
8007.0,185.0,0.685769
8007.0,186.0,0.163897
8007.0,187.0,0.356208
8007.0,188.0,0.42101
8007.0,189.0,0.864672
8007.0,190.0,0.429583
8007.0,191.0,0.551213
8007.0,192.0,0.999977
8007.0,193.0,0.56365
8007.0,194.0,0.51776
8007.0,195.0,0.942669
8007.0,196.0,0.498341
8007.0,197.0,0.87482
8007.0,198.0,0.0
8007.0,199.0,0.995113
8007.0,200.0,0.769853
8007.0,201.0,0.137542
8007.0,202.0,0.695264
8007.0,203.0,0.79447
8007.0,204.0,0.288817
8007.0,205.0,0.76579
8007.0,206.0,0.482406
8007.0,207.0,0.680183
8007.0,208.0,0.0
8007.0,209.0,0.90403
8007.0,210.0,1.0
8007.0,211.0,0.454836
8007.0,212.0,0.740715
8007.0,213.0,0.437045
8007.0,214.0,0.635083
8007.0,215.0,0.368507
8007.0,216.0,0.0
8007.0,217.0,0.369895
8007.0,218.0,0.544567
8007.0,219.0,0.709729
8007.0,220.0,1.0
8007.0,221.0,0.69278
8007.0,222.0,0.508969
8007.0,223.0,0.668802
8007.0,224.0,0.581099
8007.0,225.0,1.0
8007.0,226.0,1.0
8007.0,227.0,0.433558
8007.0,228.0,0.986942
8007.0,229.0,0.778943
8007.0,230.0,0.620386
8007.0,231.0,0.002276
8007.0,232.0,0.377033
8007.0,233.0,0.109029
8007.0,234.0,0.110408
8007.0,235.0,0.363359
8007.0,236.0,0.52489
8007.0,237.0,0.544251
8007.0,238.0,0.0
8007.0,239.0,1.0
8007.0,240.0,0.471619
8007.0,241.0,0.110934
8007.0,242.0,0.605687
8007.0,243.0,0.654193
8007.0,244.0,0.254038
8007.0,245.0,0.109515
8007.0,246.0,0.344697
8007.0,247.0,0.38005
8007.0,248.0,0.553662
8007.0,249.0,0.202009
8007.0,250.0,0.295208
8007.0,251.0,0.0
8007.0,252.0,0.984951
8007.0,253.0,0.695226
8007.0,254.0,0.223751
8007.0,255.0,0.723341
8007.0,256.0,1.0
8007.0,257.0,0.214063
8007.0,258.0,0.880519
8007.0,259.0,0.307254
8007.0,260.0,0.577108
8007.0,261.0,0.437236
8007.0,262.0,0.064172
8007.0,263.0,0.759451
8007.0,264.0,0.0
8007.0,265.0,0.957848
8007.0,266.0,0.997374
8007.0,267.0,0.05547
8007.0,268.0,0.0
8007.0,269.0,0.370003
8007.0,270.0,0.464353
8007.0,271.0,0.561193
8007.0,272.0,0.741459
8007.0,273.0,0.335976
8007.0,274.0,0.401187
8007.0,275.0,0.672925
8007.0,276.0,0.802297
8007.0,277.0,0.408953
8007.0,278.0,0.0
8007.0,279.0,0.417077
8007.0,280.0,0.544078
8007.0,281.0,0.520308
8007.0,282.0,0.706447
8007.0,283.0,0.608844
8007.0,284.0,0.46286
8007.0,285.0,0.888198
8007.0,286.0,0.453254
8007.0,287.0,0.0
8007.0,288.0,0.284705
8007.0,289.0,1.0
8007.0,290.0,1.0
8007.0,291.0,0.918882
8007.0,292.0,0.270988
8007.0,293.0,0.009271
8007.0,294.0,0.0
8007.0,295.0,0.502223
8007.0,296.0,0.786551
8007.0,297.0,0.347064
8007.0,298.0,0.591503
8007.0,299.0,0.950942
8007.0,300.0,0.696223
8007.0,301.0,0.0
8007.0,302.0,0.878204
8007.0,303.0,0.810698
8007.0,304.0,0.591178
8007.0,305.0,0.704651
8007.0,306.0,1.0
8007.0,307.0,0.45503
8007.0,308.0,0.440093
8007.0,309.0,0.733349
8007.0,310.0,0.887892
8007.0,311.0,1.0
8007.0,312.0,0.1874
8007.0,313.0,0.677956
8007.0,314.0,0.51638
8007.0,315.0,1.0
8007.0,316.0,0.702505
8007.0,317.0,0.504473
8007.0,318.0,0.454172
8007.0,319.0,0.0
8007.0,320.0,0.356756
8007.0,321.0,0.116667
8007.0,322.0,0.251538
8007.0,323.0,0.177257
8007.0,324.0,0.269604
8007.0,325.0,0.019222
8007.0,326.0,0.6008
8007.0,327.0,0.0
8007.0,328.0,0.0
8007.0,329.0,0.565593
8007.0,330.0,0.651861
8007.0,331.0,1.0
8007.0,332.0,0.301366
8007.0,333.0,0.224816
8007.0,334.0,0.672198
8008.0,0.0,0.01968
8008.0,1.0,0.935172
8008.0,2.0,0.0
8008.0,3.0,0.678522
8008.0,4.0,0.0
8008.0,5.0,0.189203
8008.0,6.0,0.633482
8008.0,7.0,0.379667
8008.0,8.0,0.484474
8008.0,9.0,0.535798
8008.0,10.0,0.0
8008.0,11.0,0.428541
8008.0,12.0,1.0
8008.0,13.0,0.538918
8008.0,14.0,0.518911
8008.0,15.0,0.351469
8008.0,16.0,0.578614
8008.0,17.0,0.579547
8008.0,18.0,0.0
8008.0,19.0,0.484115
8008.0,20.0,0.575544
8008.0,21.0,0.494323
8008.0,22.0,0.058678
8008.0,23.0,0.543512
8008.0,24.0,0.20578
8008.0,25.0,0.326228
8008.0,26.0,0.687592
8008.0,27.0,0.0
8008.0,28.0,0.408594
8008.0,29.0,0.43623
8008.0,30.0,0.666878
8008.0,31.0,0.477088
8008.0,32.0,0.30526
8008.0,33.0,0.360421
8008.0,34.0,0.872788
8008.0,35.0,0.386452
8008.0,36.0,0.34569
8008.0,37.0,0.356764
8008.0,38.0,0.01049
8008.0,39.0,0.0
8008.0,40.0,0.99997
8008.0,41.0,0.693295
8008.0,42.0,0.002224
8008.0,43.0,0.603472
8008.0,44.0,0.466365
8008.0,45.0,1.0
8008.0,46.0,0.595869
8008.0,47.0,0.36938
8008.0,48.0,0.017196
8008.0,49.0,0.73359
8008.0,50.0,0.999557
8008.0,51.0,0.333882
8008.0,52.0,1.0
8008.0,53.0,0.704021
8008.0,54.0,0.467748
8008.0,55.0,0.824101
8008.0,56.0,0.387275
8008.0,57.0,0.274153
8008.0,58.0,1.0
8008.0,59.0,0.828804
8008.0,60.0,0.028577
8008.0,61.0,0.923222
8008.0,62.0,0.544989
8008.0,63.0,0.615244
8008.0,64.0,0.0
8008.0,65.0,0.595893
8008.0,66.0,0.765098
8008.0,67.0,0.326718
8008.0,68.0,0.276619
8008.0,69.0,0.365823
8008.0,70.0,0.000319
8008.0,71.0,0.585803
8008.0,72.0,0.617803
8008.0,73.0,0.001312
8008.0,74.0,0.758137
8008.0,75.0,0.791934
8008.0,76.0,0.466466
8008.0,77.0,0.007767
8008.0,78.0,0.395295
8008.0,79.0,0.0
8008.0,80.0,0.375258
8008.0,81.0,0.420858
8008.0,82.0,0.518611
8008.0,83.0,1.0
8008.0,84.0,1.0
8008.0,85.0,0.195275
8008.0,86.0,0.560304
8008.0,87.0,0.074397
8008.0,88.0,0.637066
8008.0,89.0,0.177514
8008.0,90.0,0.859872
8008.0,91.0,0.0
8008.0,92.0,0.0
8008.0,93.0,0.477765
8008.0,94.0,0.956133
8008.0,95.0,0.64211
8008.0,96.0,0.274072
8008.0,97.0,0.026882
8008.0,98.0,0.97602
8008.0,99.0,0.365175
8008.0,100.0,0.714638
8008.0,101.0,0.465654
8008.0,102.0,0.726677
8008.0,103.0,0.424735
8008.0,104.0,1.0
8008.0,105.0,0.558281
8008.0,106.0,0.780564
8008.0,107.0,0.683073
8008.0,108.0,0.616942
8008.0,109.0,0.277465
8008.0,110.0,0.517533
8008.0,111.0,0.035
8008.0,112.0,0.659792
8008.0,113.0,0.460861
8008.0,114.0,0.410118
8008.0,115.0,0.918201
8008.0,116.0,0.0
8008.0,117.0,0.484821
8008.0,118.0,0.769843
8008.0,119.0,0.000221
8008.0,120.0,0.54736
8008.0,121.0,0.457683
8008.0,122.0,0.568887
8008.0,123.0,1.0
8008.0,124.0,0.0
8008.0,125.0,0.294199
8008.0,126.0,0.651635
8008.0,127.0,0.743137
8008.0,128.0,1.0
8008.0,129.0,0.312858
8008.0,130.0,0.0
8008.0,131.0,0.0
8008.0,132.0,0.0
8008.0,133.0,0.179647
8008.0,134.0,0.0
8008.0,135.0,1.0
8008.0,136.0,0.860998
8008.0,137.0,0.6088
8008.0,138.0,0.154702
8008.0,139.0,0.253493
8008.0,140.0,1.0
8008.0,141.0,0.609099
8008.0,142.0,0.200976
8008.0,143.0,0.645538
8008.0,144.0,0.0
8008.0,145.0,0.121583
8008.0,146.0,0.616414
8008.0,147.0,1.0
8008.0,148.0,0.708149
8008.0,149.0,1.0
8008.0,150.0,0.454365
8008.0,151.0,0.838656
8008.0,152.0,0.233631
8008.0,153.0,0.66405
8008.0,154.0,0.514353
8008.0,155.0,0.412108
8008.0,156.0,0.411022
8008.0,157.0,1.0
8008.0,158.0,0.440494
8008.0,159.0,0.304583
8008.0,160.0,0.693209
8008.0,161.0,0.983152
8008.0,162.0,0.493444
8008.0,163.0,0.803822
8008.0,164.0,0.064949
8008.0,165.0,0.555061
8008.0,166.0,0.049065
8008.0,167.0,1.0
8008.0,168.0,0.177161
8008.0,169.0,0.656294
8008.0,170.0,0.0
8008.0,171.0,0.553844
8008.0,172.0,0.236094
8008.0,173.0,0.536744
8008.0,174.0,0.173871
8008.0,175.0,0.351687
8008.0,176.0,0.004337
8008.0,177.0,0.926049
8008.0,178.0,0.642978
8008.0,179.0,1.0
8008.0,180.0,0.483223
8008.0,181.0,1.0
8008.0,182.0,0.737353
8008.0,183.0,0.375042
8008.0,184.0,0.328615
8008.0,185.0,0.680467
8008.0,186.0,0.163018
8008.0,187.0,0.354761
8008.0,188.0,0.420799
8008.0,189.0,0.8576
8008.0,190.0,0.421618
8008.0,191.0,0.546617
8008.0,192.0,0.999977
8008.0,193.0,0.559351
8008.0,194.0,0.512638
8008.0,195.0,0.942542
8008.0,196.0,0.492439
8008.0,197.0,0.873622
8008.0,198.0,0.0
8008.0,199.0,0.994959
8008.0,200.0,0.76936
8008.0,201.0,0.13577
8008.0,202.0,0.688046
8008.0,203.0,0.789838
8008.0,204.0,0.288576
8008.0,205.0,0.764984
8008.0,206.0,0.458898
8008.0,207.0,0.665159
8008.0,208.0,0.0
8008.0,209.0,0.903626
8008.0,210.0,1.0
8008.0,211.0,0.451502
8008.0,212.0,0.741743
8008.0,213.0,0.435398
8008.0,214.0,0.622728
8008.0,215.0,0.366804
8008.0,216.0,0.0
8008.0,217.0,0.365354
8008.0,218.0,0.533978
8008.0,219.0,0.703161
8008.0,220.0,1.0
8008.0,221.0,0.687811
8008.0,222.0,0.483495
8008.0,223.0,0.66527
8008.0,224.0,0.580136
8008.0,225.0,1.0
8008.0,226.0,1.0
8008.0,227.0,0.433498
8008.0,228.0,0.986863
8008.0,229.0,0.778369
8008.0,230.0,0.619176
8008.0,231.0,0.00214
8008.0,232.0,0.374433
8008.0,233.0,0.108906
8008.0,234.0,0.109052
8008.0,235.0,0.360382
8008.0,236.0,0.522458
8008.0,237.0,0.542444
8008.0,238.0,0.0
8008.0,239.0,1.0
8008.0,240.0,0.468387
8008.0,241.0,0.110598
8008.0,242.0,0.604662
8008.0,243.0,0.654805
8008.0,244.0,0.250598
8008.0,245.0,0.106836
8008.0,246.0,0.343189
8008.0,247.0,0.376361
8008.0,248.0,0.547548
8008.0,249.0,0.197304
8008.0,250.0,0.288879
8008.0,251.0,0.0
8008.0,252.0,0.985469
8008.0,253.0,0.695669
8008.0,254.0,0.211238
8008.0,255.0,0.722976
8008.0,256.0,1.0
8008.0,257.0,0.212838
8008.0,258.0,0.881046
8008.0,259.0,0.303375
8008.0,260.0,0.575852
8008.0,261.0,0.434843
8008.0,262.0,0.062936
8008.0,263.0,0.759179
8008.0,264.0,0.0
8008.0,265.0,0.957749
8008.0,266.0,0.99732
8008.0,267.0,0.054734
8008.0,268.0,0.0
8008.0,269.0,0.366761
8008.0,270.0,0.463678
8008.0,271.0,0.560559
8008.0,272.0,0.741804
8008.0,273.0,0.334216
8008.0,274.0,0.398884
8008.0,275.0,0.661243
8008.0,276.0,0.78382
8008.0,277.0,0.404779
8008.0,278.0,0.0
8008.0,279.0,0.414745
8008.0,280.0,0.54048
8008.0,281.0,0.517114
8008.0,282.0,0.700511
8008.0,283.0,0.600012
8008.0,284.0,0.456444
8008.0,285.0,0.887968
8008.0,286.0,0.445446
8008.0,287.0,0.0
8008.0,288.0,0.279309
8008.0,289.0,1.0
8008.0,290.0,1.0
8008.0,291.0,0.91806
8008.0,292.0,0.268418
8008.0,293.0,0.008829
8008.0,294.0,0.0
8008.0,295.0,0.498196
8008.0,296.0,0.783589
8008.0,297.0,0.345935
8008.0,298.0,0.591004
8008.0,299.0,0.950758
8008.0,300.0,0.690904
8008.0,301.0,0.0
8008.0,302.0,0.8756
8008.0,303.0,0.805886
8008.0,304.0,0.590931
8008.0,305.0,0.698695
8008.0,306.0,1.0
8008.0,307.0,0.446085
8008.0,308.0,0.436035
8008.0,309.0,0.729381
8008.0,310.0,0.887333
8008.0,311.0,1.0
8008.0,312.0,0.182162
8008.0,313.0,0.675558
8008.0,314.0,0.51486
8008.0,315.0,1.0
8008.0,316.0,0.70162
8008.0,317.0,0.502633
8008.0,318.0,0.453195
8008.0,319.0,0.0
8008.0,320.0,0.347983
8008.0,321.0,0.115515
8008.0,322.0,0.248031
8008.0,323.0,0.175494
8008.0,324.0,0.268106
8008.0,325.0,0.019114
8008.0,326.0,0.595074
8008.0,327.0,0.0
8008.0,328.0,0.0
8008.0,329.0,0.524565
8008.0,330.0,0.651354
8008.0,331.0,1.0
8008.0,332.0,0.300121
8008.0,333.0,0.221507
8008.0,334.0,0.671904
8009.0,0.0,0.019005
8009.0,1.0,0.935181
8009.0,2.0,0.0
8009.0,3.0,0.672072
8009.0,4.0,0.0
8009.0,5.0,0.187705
8009.0,6.0,0.630208
8009.0,7.0,0.373751
8009.0,8.0,0.47981
8009.0,9.0,0.531299
8009.0,10.0,0.0
8009.0,11.0,0.421585
8009.0,12.0,1.0
8009.0,13.0,0.534397
8009.0,14.0,0.511944
8009.0,15.0,0.348484
8009.0,16.0,0.574945
8009.0,17.0,0.57571
8009.0,18.0,0.0
8009.0,19.0,0.482074
8009.0,20.0,0.57438
8009.0,21.0,0.491691
8009.0,22.0,0.058041
8009.0,23.0,0.53939
8009.0,24.0,0.199981
8009.0,25.0,0.321486
8009.0,26.0,0.678398
8009.0,27.0,0.0
8009.0,28.0,0.403593
8009.0,29.0,0.42453
8009.0,30.0,0.665705
8009.0,31.0,0.475417
8009.0,32.0,0.30252
8009.0,33.0,0.358376
8009.0,34.0,0.871819
8009.0,35.0,0.373742
8009.0,36.0,0.344973
8009.0,37.0,0.356589
8009.0,38.0,0.010613
8009.0,39.0,0.0
8009.0,40.0,0.999971
8009.0,41.0,0.689601
8009.0,42.0,0.002247
8009.0,43.0,0.6009
8009.0,44.0,0.463176
8009.0,45.0,1.0
8009.0,46.0,0.593657
8009.0,47.0,0.3654
8009.0,48.0,0.017106
8009.0,49.0,0.732567
8009.0,50.0,0.999537
8009.0,51.0,0.329453
8009.0,52.0,1.0
8009.0,53.0,0.70338
8009.0,54.0,0.459129
8009.0,55.0,0.822731
8009.0,56.0,0.381441
8009.0,57.0,0.272197
8009.0,58.0,1.0
8009.0,59.0,0.827681
8009.0,60.0,0.028463
8009.0,61.0,0.922719
8009.0,62.0,0.538611
8009.0,63.0,0.611799
8009.0,64.0,0.0
8009.0,65.0,0.590926
8009.0,66.0,0.760839
8009.0,67.0,0.323937
8009.0,68.0,0.267954
8009.0,69.0,0.361608
8009.0,70.0,0.000331
8009.0,71.0,0.58559
8009.0,72.0,0.61592
8009.0,73.0,0.00135
8009.0,74.0,0.753579
8009.0,75.0,0.783268
8009.0,76.0,0.462347
8009.0,77.0,0.007626
8009.0,78.0,0.39059
8009.0,79.0,0.0
8009.0,80.0,0.367195
8009.0,81.0,0.417751
8009.0,82.0,0.516076
8009.0,83.0,1.0
8009.0,84.0,1.0
8009.0,85.0,0.193612
8009.0,86.0,0.560102
8009.0,87.0,0.074542
8009.0,88.0,0.635837
8009.0,89.0,0.177314
8009.0,90.0,0.860351
8009.0,91.0,0.0
8009.0,92.0,0.0
8009.0,93.0,0.47742
8009.0,94.0,0.955623
8009.0,95.0,0.638772
8009.0,96.0,0.267638
8009.0,97.0,0.026305
8009.0,98.0,0.975709
8009.0,99.0,0.362888
8009.0,100.0,0.712787
8009.0,101.0,0.456877
8009.0,102.0,0.724148
8009.0,103.0,0.416113
8009.0,104.0,1.0
8009.0,105.0,0.554688
8009.0,106.0,0.771888
8009.0,107.0,0.679551
8009.0,108.0,0.61243
8009.0,109.0,0.277089
8009.0,110.0,0.504951
8009.0,111.0,0.034159
8009.0,112.0,0.655923
8009.0,113.0,0.392622
8009.0,114.0,0.406174
8009.0,115.0,0.918038
8009.0,116.0,0.0
8009.0,117.0,0.475764
8009.0,118.0,0.769384
8009.0,119.0,0.000219
8009.0,120.0,0.542766
8009.0,121.0,0.456155
8009.0,122.0,0.567193
8009.0,123.0,1.0
8009.0,124.0,0.0
8009.0,125.0,0.280168
8009.0,126.0,0.65049
8009.0,127.0,0.729695
8009.0,128.0,1.0
8009.0,129.0,0.312033
8009.0,130.0,0.0
8009.0,131.0,0.0
8009.0,132.0,0.0
8009.0,133.0,0.174297
8009.0,134.0,0.0
8009.0,135.0,1.0
8009.0,136.0,0.85777
8009.0,137.0,0.607943
8009.0,138.0,0.154971
8009.0,139.0,0.24704
8009.0,140.0,1.0
8009.0,141.0,0.606197
8009.0,142.0,0.19919
8009.0,143.0,0.643418
8009.0,144.0,0.0
8009.0,145.0,0.120741
8009.0,146.0,0.612772
8009.0,147.0,1.0
8009.0,148.0,0.689567
8009.0,149.0,1.0
8009.0,150.0,0.441169
8009.0,151.0,0.838387
8009.0,152.0,0.231825
8009.0,153.0,0.659988
8009.0,154.0,0.511981
8009.0,155.0,0.402232
8009.0,156.0,0.389235
8009.0,157.0,1.0
8009.0,158.0,0.419372
8009.0,159.0,0.302384
8009.0,160.0,0.688627
8009.0,161.0,0.983244
8009.0,162.0,0.491454
8009.0,163.0,0.801846
8009.0,164.0,0.06445
8009.0,165.0,0.553417
8009.0,166.0,0.049201
8009.0,167.0,1.0
8009.0,168.0,0.177087
8009.0,169.0,0.648919
8009.0,170.0,0.0
8009.0,171.0,0.547866
8009.0,172.0,0.234031
8009.0,173.0,0.530596
8009.0,174.0,0.17151
8009.0,175.0,0.348812
8009.0,176.0,0.004289
8009.0,177.0,0.926401
8009.0,178.0,0.636346
8009.0,179.0,1.0
8009.0,180.0,0.482202
8009.0,181.0,1.0
8009.0,182.0,0.723859
8009.0,183.0,0.370071
8009.0,184.0,0.323661
8009.0,185.0,0.674096
8009.0,186.0,0.160766
8009.0,187.0,0.354074
8009.0,188.0,0.420452
8009.0,189.0,0.849551
8009.0,190.0,0.414239
8009.0,191.0,0.542297
8009.0,192.0,0.999971
8009.0,193.0,0.555071
8009.0,194.0,0.50681
8009.0,195.0,0.9425
8009.0,196.0,0.487274
8009.0,197.0,0.873063
8009.0,198.0,0.0
8009.0,199.0,0.994834
8009.0,200.0,0.76917
8009.0,201.0,0.134425
8009.0,202.0,0.68043
8009.0,203.0,0.784682
8009.0,204.0,0.288969
8009.0,205.0,0.763714
8009.0,206.0,0.435433
8009.0,207.0,0.650894
8009.0,208.0,0.0
8009.0,209.0,0.903723
8009.0,210.0,1.0
8009.0,211.0,0.447303
8009.0,212.0,0.741544
8009.0,213.0,0.43449
8009.0,214.0,0.611734
8009.0,215.0,0.365155
8009.0,216.0,0.0
8009.0,217.0,0.360363
8009.0,218.0,0.523761
8009.0,219.0,0.696821
8009.0,220.0,1.0
8009.0,221.0,0.68284
8009.0,222.0,0.459967
8009.0,223.0,0.662098
8009.0,224.0,0.579761
8009.0,225.0,1.0
8009.0,226.0,1.0
8009.0,227.0,0.432032
8009.0,228.0,0.98698
8009.0,229.0,0.778418
8009.0,230.0,0.617497
8009.0,231.0,0.002181
8009.0,232.0,0.371554
8009.0,233.0,0.109262
8009.0,234.0,0.107216
8009.0,235.0,0.358595
8009.0,236.0,0.520186
8009.0,237.0,0.540131
8009.0,238.0,0.0
8009.0,239.0,1.0
8009.0,240.0,0.466168
8009.0,241.0,0.11001
8009.0,242.0,0.602453
8009.0,243.0,0.655624
8009.0,244.0,0.246828
8009.0,245.0,0.104254
8009.0,246.0,0.341811
8009.0,247.0,0.373053
8009.0,248.0,0.542084
8009.0,249.0,0.191933
8009.0,250.0,0.282795
8009.0,251.0,0.0
8009.0,252.0,0.98596
8009.0,253.0,0.695521
8009.0,254.0,0.20034
8009.0,255.0,0.722483
8009.0,256.0,1.0
8009.0,257.0,0.21208
8009.0,258.0,0.881339
8009.0,259.0,0.299993
8009.0,260.0,0.573565
8009.0,261.0,0.431943
8009.0,262.0,0.061932
8009.0,263.0,0.757815
8009.0,264.0,0.0
8009.0,265.0,0.957172
8009.0,266.0,0.997265
8009.0,267.0,0.054471
8009.0,268.0,0.0
8009.0,269.0,0.364211
8009.0,270.0,0.463214
8009.0,271.0,0.560401
8009.0,272.0,0.741769
8009.0,273.0,0.333633
8009.0,274.0,0.397108
8009.0,275.0,0.650019
8009.0,276.0,0.764311
8009.0,277.0,0.402489
8009.0,278.0,0.0
8009.0,279.0,0.412846
8009.0,280.0,0.536603
8009.0,281.0,0.516037
8009.0,282.0,0.695249
8009.0,283.0,0.591429
8009.0,284.0,0.449487
8009.0,285.0,0.887407
8009.0,286.0,0.438418
8009.0,287.0,0.0
8009.0,288.0,0.27512
8009.0,289.0,1.0
8009.0,290.0,1.0
8009.0,291.0,0.917129
8009.0,292.0,0.266093
8009.0,293.0,0.0085
8009.0,294.0,0.0
8009.0,295.0,0.494286
8009.0,296.0,0.78124
8009.0,297.0,0.345966
8009.0,298.0,0.591396
8009.0,299.0,0.951157
8009.0,300.0,0.684957
8009.0,301.0,0.0
8009.0,302.0,0.871995
8009.0,303.0,0.80146
8009.0,304.0,0.589792
8009.0,305.0,0.69351
8009.0,306.0,1.0
8009.0,307.0,0.437123
8009.0,308.0,0.432885
8009.0,309.0,0.726028
8009.0,310.0,0.887388
8009.0,311.0,1.0
8009.0,312.0,0.177924
8009.0,313.0,0.67362
8009.0,314.0,0.513649
8009.0,315.0,1.0
8009.0,316.0,0.700353
8009.0,317.0,0.500514
8009.0,318.0,0.450762
8009.0,319.0,0.0
8009.0,320.0,0.338243
8009.0,321.0,0.114234
8009.0,322.0,0.244179
8009.0,323.0,0.173535
8009.0,324.0,0.265473
8009.0,325.0,0.019065
8009.0,326.0,0.588957
8009.0,327.0,0.0
8009.0,328.0,0.0
8009.0,329.0,0.485996
8009.0,330.0,0.651091
8009.0,331.0,1.0
8009.0,332.0,0.300068
8009.0,333.0,0.219474
8009.0,334.0,0.671044
8010.0,0.0,0.018604
8010.0,1.0,0.934571
8010.0,2.0,0.0
8010.0,3.0,0.664767
8010.0,4.0,0.0
8010.0,5.0,0.185654
8010.0,6.0,0.626549
8010.0,7.0,0.368233
8010.0,8.0,0.474143
8010.0,9.0,0.52712
8010.0,10.0,0.0
8010.0,11.0,0.413625
8010.0,12.0,1.0
8010.0,13.0,0.529322
8010.0,14.0,0.503877
8010.0,15.0,0.345049
8010.0,16.0,0.57179
8010.0,17.0,0.571006
8010.0,18.0,0.0
8010.0,19.0,0.48072
8010.0,20.0,0.573205
8010.0,21.0,0.489327
8010.0,22.0,0.057208
8010.0,23.0,0.534683
8010.0,24.0,0.195082
8010.0,25.0,0.318381
8010.0,26.0,0.66911
8010.0,27.0,0.0
8010.0,28.0,0.399322
8010.0,29.0,0.414255
8010.0,30.0,0.664364
8010.0,31.0,0.474316
8010.0,32.0,0.299577
8010.0,33.0,0.355581
8010.0,34.0,0.871423
8010.0,35.0,0.361989
8010.0,36.0,0.343166
8010.0,37.0,0.356117
8010.0,38.0,0.010686
8010.0,39.0,0.0
8010.0,40.0,0.999977
8010.0,41.0,0.684665
8010.0,42.0,0.002248
8010.0,43.0,0.597518
8010.0,44.0,0.459426
8010.0,45.0,1.0
8010.0,46.0,0.590941
8010.0,47.0,0.362056
8010.0,48.0,0.01677
8010.0,49.0,0.73021
8010.0,50.0,0.999534
8010.0,51.0,0.325123
8010.0,52.0,1.0
8010.0,53.0,0.703192
8010.0,54.0,0.449568
8010.0,55.0,0.821225
8010.0,56.0,0.376287
8010.0,57.0,0.270111
8010.0,58.0,1.0
8010.0,59.0,0.826512
8010.0,60.0,0.02824
8010.0,61.0,0.922667
8010.0,62.0,0.531611
8010.0,63.0,0.608933
8010.0,64.0,0.0
8010.0,65.0,0.585721
8010.0,66.0,0.757215
8010.0,67.0,0.320086
8010.0,68.0,0.260829
8010.0,69.0,0.358214
8010.0,70.0,0.000329
8010.0,71.0,0.585595
8010.0,72.0,0.614538
8010.0,73.0,0.001391
8010.0,74.0,0.748632
8010.0,75.0,0.774441
8010.0,76.0,0.458393
8010.0,77.0,0.007694
8010.0,78.0,0.384897
8010.0,79.0,0.0
8010.0,80.0,0.359605
8010.0,81.0,0.414969
8010.0,82.0,0.515041
8010.0,83.0,1.0
8010.0,84.0,1.0
8010.0,85.0,0.191883
8010.0,86.0,0.559785
8010.0,87.0,0.07479
8010.0,88.0,0.634296
8010.0,89.0,0.176771
8010.0,90.0,0.860574
8010.0,91.0,0.0
8010.0,92.0,0.0
8010.0,93.0,0.47557
8010.0,94.0,0.955836
8010.0,95.0,0.634765
8010.0,96.0,0.261443
8010.0,97.0,0.025443
8010.0,98.0,0.975421
8010.0,99.0,0.360278
8010.0,100.0,0.710861
8010.0,101.0,0.448625
8010.0,102.0,0.722207
8010.0,103.0,0.408377
8010.0,104.0,1.0
8010.0,105.0,0.552203
8010.0,106.0,0.763027
8010.0,107.0,0.676374
8010.0,108.0,0.608582
8010.0,109.0,0.277008
8010.0,110.0,0.492065
8010.0,111.0,0.033942
8010.0,112.0,0.652488
8010.0,113.0,0.329051
8010.0,114.0,0.403054
8010.0,115.0,0.918301
8010.0,116.0,0.0
8010.0,117.0,0.468302
8010.0,118.0,0.768708
8010.0,119.0,0.000214
8010.0,120.0,0.537744
8010.0,121.0,0.454464
8010.0,122.0,0.565403
8010.0,123.0,1.0
8010.0,124.0,0.0
8010.0,125.0,0.266463
8010.0,126.0,0.648151
8010.0,127.0,0.714802
8010.0,128.0,1.0
8010.0,129.0,0.312073
8010.0,130.0,0.0
8010.0,131.0,0.0
8010.0,132.0,0.0
8010.0,133.0,0.169064
8010.0,134.0,0.0
8010.0,135.0,1.0
8010.0,136.0,0.854115
8010.0,137.0,0.607352
8010.0,138.0,0.154846
8010.0,139.0,0.240198
8010.0,140.0,1.0
8010.0,141.0,0.603615
8010.0,142.0,0.197432
8010.0,143.0,0.64132
8010.0,144.0,0.0
8010.0,145.0,0.119887
8010.0,146.0,0.608683
8010.0,147.0,1.0
8010.0,148.0,0.671159
8010.0,149.0,1.0
8010.0,150.0,0.427816
8010.0,151.0,0.837946
8010.0,152.0,0.231395
8010.0,153.0,0.655527
8010.0,154.0,0.509647
8010.0,155.0,0.394193
8010.0,156.0,0.368764
8010.0,157.0,1.0
8010.0,158.0,0.397399
8010.0,159.0,0.3006
8010.0,160.0,0.683506
8010.0,161.0,0.983226
8010.0,162.0,0.489892
8010.0,163.0,0.799478
8010.0,164.0,0.063458
8010.0,165.0,0.553299
8010.0,166.0,0.049244
8010.0,167.0,1.0
8010.0,168.0,0.177333
8010.0,169.0,0.641701
8010.0,170.0,0.0
8010.0,171.0,0.542394
8010.0,172.0,0.232631
8010.0,173.0,0.525141
8010.0,174.0,0.169659
8010.0,175.0,0.345836
8010.0,176.0,0.004234
8010.0,177.0,0.925876
8010.0,178.0,0.630829
8010.0,179.0,1.0
8010.0,180.0,0.479734
8010.0,181.0,1.0
8010.0,182.0,0.710594
8010.0,183.0,0.366025
8010.0,184.0,0.319301
8010.0,185.0,0.668644
8010.0,186.0,0.159103
8010.0,187.0,0.352765
8010.0,188.0,0.41897
8010.0,189.0,0.842102
8010.0,190.0,0.407422
8010.0,191.0,0.538207
8010.0,192.0,0.999982
8010.0,193.0,0.551662
8010.0,194.0,0.500922
8010.0,195.0,0.942261
8010.0,196.0,0.482699
8010.0,197.0,0.871563
8010.0,198.0,0.0
8010.0,199.0,0.994795
8010.0,200.0,0.768133
8010.0,201.0,0.13325
8010.0,202.0,0.67317
8010.0,203.0,0.780022
8010.0,204.0,0.289188
8010.0,205.0,0.762612
8010.0,206.0,0.412706
8010.0,207.0,0.636222
8010.0,208.0,0.0
8010.0,209.0,0.903629
8010.0,210.0,1.0
8010.0,211.0,0.443216
8010.0,212.0,0.741817
8010.0,213.0,0.43167
8010.0,214.0,0.600673
8010.0,215.0,0.363669
8010.0,216.0,0.0
8010.0,217.0,0.356252
8010.0,218.0,0.5131
8010.0,219.0,0.69142
8010.0,220.0,1.0
8010.0,221.0,0.678455
8010.0,222.0,0.437197
8010.0,223.0,0.657541
8010.0,224.0,0.578143
8010.0,225.0,1.0
8010.0,226.0,1.0
8010.0,227.0,0.431099
8010.0,228.0,0.986919
8010.0,229.0,0.778014
8010.0,230.0,0.615373
8010.0,231.0,0.002216
8010.0,232.0,0.368166
8010.0,233.0,0.108998
8010.0,234.0,0.105314
8010.0,235.0,0.356898
8010.0,236.0,0.517755
8010.0,237.0,0.538556
8010.0,238.0,0.0
8010.0,239.0,1.0
8010.0,240.0,0.464083
8010.0,241.0,0.109545
8010.0,242.0,0.601431
8010.0,243.0,0.657309
8010.0,244.0,0.243169
8010.0,245.0,0.101093
8010.0,246.0,0.340989
8010.0,247.0,0.369975
8010.0,248.0,0.53638
8010.0,249.0,0.186393
8010.0,250.0,0.277843
8010.0,251.0,0.0
8010.0,252.0,0.986471
8010.0,253.0,0.694844
8010.0,254.0,0.189221
8010.0,255.0,0.722806
8010.0,256.0,1.0
8010.0,257.0,0.211099
8010.0,258.0,0.882067
8010.0,259.0,0.296559
8010.0,260.0,0.571395
8010.0,261.0,0.429551
8010.0,262.0,0.060959
8010.0,263.0,0.757127
8010.0,264.0,0.0
8010.0,265.0,0.957074
8010.0,266.0,0.997267
8010.0,267.0,0.053535
8010.0,268.0,0.0
8010.0,269.0,0.361152
8010.0,270.0,0.461213
8010.0,271.0,0.559844
8010.0,272.0,0.741766
8010.0,273.0,0.331486
8010.0,274.0,0.39453
8010.0,275.0,0.639372
8010.0,276.0,0.74311
8010.0,277.0,0.400002
8010.0,278.0,0.0
8010.0,279.0,0.410986
8010.0,280.0,0.532801
8010.0,281.0,0.513088
8010.0,282.0,0.689603
8010.0,283.0,0.582042
8010.0,284.0,0.442224
8010.0,285.0,0.887254
8010.0,286.0,0.431659
8010.0,287.0,0.0
8010.0,288.0,0.271119
8010.0,289.0,1.0
8010.0,290.0,1.0
8010.0,291.0,0.916296
8010.0,292.0,0.263676
8010.0,293.0,0.008094
8010.0,294.0,0.0
8010.0,295.0,0.490412
8010.0,296.0,0.778061
8010.0,297.0,0.343895
8010.0,298.0,0.591658
8010.0,299.0,0.951218
8010.0,300.0,0.678154
8010.0,301.0,0.0
8010.0,302.0,0.869178
8010.0,303.0,0.796749
8010.0,304.0,0.589666
8010.0,305.0,0.688026
8010.0,306.0,1.0
8010.0,307.0,0.428973
8010.0,308.0,0.42914
8010.0,309.0,0.722866
8010.0,310.0,0.887374
8010.0,311.0,1.0
8010.0,312.0,0.173022
8010.0,313.0,0.671758
8010.0,314.0,0.512126
8010.0,315.0,1.0
8010.0,316.0,0.699815
8010.0,317.0,0.49879
8010.0,318.0,0.448449
8010.0,319.0,0.0
8010.0,320.0,0.330104
8010.0,321.0,0.112611
8010.0,322.0,0.241131
8010.0,323.0,0.171479
8010.0,324.0,0.263235
8010.0,325.0,0.019245
8010.0,326.0,0.582585
8010.0,327.0,0.0
8010.0,328.0,0.0
8010.0,329.0,0.451527
8010.0,330.0,0.650524
8010.0,331.0,1.0
8010.0,332.0,0.299786
8010.0,333.0,0.217465
8010.0,334.0,0.669691
9000.0,0.0,0.010999
9000.0,1.0,0.943299
9000.0,2.0,0.0
9000.0,3.0,0.660927
9000.0,4.0,0.0
9000.0,5.0,0.172481
9000.0,6.0,0.626168
9000.0,7.0,0.388308
9000.0,8.0,0.470423
9000.0,9.0,0.52289
9000.0,10.0,0.0
9000.0,11.0,0.411372
9000.0,12.0,1.0
9000.0,13.0,0.546151
9000.0,14.0,0.507539
9000.0,15.0,0.323116
9000.0,16.0,0.55828
9000.0,17.0,0.550972
9000.0,18.0,0.0
9000.0,19.0,0.487253
9000.0,20.0,0.596099
9000.0,21.0,0.478389
9000.0,22.0,0.049742
9000.0,23.0,0.555352
9000.0,24.0,0.205372
9000.0,25.0,0.339891
9000.0,26.0,0.664195
9000.0,27.0,0.0
9000.0,28.0,0.399094
9000.0,29.0,0.4278
9000.0,30.0,0.651571
9000.0,31.0,0.472019
9000.0,32.0,0.301453
9000.0,33.0,0.342048
9000.0,34.0,0.884335
9000.0,35.0,0.360947
9000.0,36.0,0.346557
9000.0,37.0,0.387996
9000.0,38.0,0.001754
9000.0,39.0,0.0
9000.0,40.0,1.0
9000.0,41.0,0.692122
9000.0,42.0,0.002303
9000.0,43.0,0.604118
9000.0,44.0,0.462953
9000.0,45.0,1.0
9000.0,46.0,0.590688
9000.0,47.0,0.366967
9000.0,48.0,0.008139
9000.0,49.0,0.743469
9000.0,50.0,1.0
9000.0,51.0,0.328479
9000.0,52.0,1.0
9000.0,53.0,0.695076
9000.0,54.0,0.446936
9000.0,55.0,0.813693
9000.0,56.0,0.36887
9000.0,57.0,0.29111
9000.0,58.0,1.0
9000.0,59.0,0.826681
9000.0,60.0,0.020241
9000.0,61.0,0.93233
9000.0,62.0,0.542329
9000.0,63.0,0.648189
9000.0,64.0,0.0
9000.0,65.0,0.597556
9000.0,66.0,0.75959
9000.0,67.0,0.323761
9000.0,68.0,0.257044
9000.0,69.0,0.352284
9000.0,70.0,0.0
9000.0,71.0,0.57808
9000.0,72.0,0.610266
9000.0,73.0,0.000431
9000.0,74.0,0.747772
9000.0,75.0,0.769294
9000.0,76.0,0.467944
9000.0,77.0,0.006151
9000.0,78.0,0.385997
9000.0,79.0,0.0
9000.0,80.0,0.351022
9000.0,81.0,0.407009
9000.0,82.0,0.513056
9000.0,83.0,1.0
9000.0,84.0,1.0
9000.0,85.0,0.200034
9000.0,86.0,0.579038
9000.0,87.0,0.062968
9000.0,88.0,0.605742
9000.0,89.0,0.177629
9000.0,90.0,0.843326
9000.0,91.0,0.0
9000.0,92.0,0.0
9000.0,93.0,0.469955
9000.0,94.0,0.970202
9000.0,95.0,0.633811
9000.0,96.0,0.268165
9000.0,97.0,0.021009
9000.0,98.0,0.986396
9000.0,99.0,0.375369
9000.0,100.0,0.698809
9000.0,101.0,0.447079
9000.0,102.0,0.733798
9000.0,103.0,0.411288
9000.0,104.0,1.0
9000.0,105.0,0.541251
9000.0,106.0,0.758889
9000.0,107.0,0.683954
9000.0,108.0,0.612701
9000.0,109.0,0.288362
9000.0,110.0,0.485788
9000.0,111.0,0.033394
9000.0,112.0,0.657634
9000.0,113.0,0.332749
9000.0,114.0,0.440017
9000.0,115.0,0.911038
9000.0,116.0,0.0
9000.0,117.0,0.468263
9000.0,118.0,0.80416
9000.0,119.0,0.0
9000.0,120.0,0.539395
9000.0,121.0,0.444135
9000.0,122.0,0.55425
9000.0,123.0,1.0
9000.0,124.0,0.0
9000.0,125.0,0.269602
9000.0,126.0,0.643205
9000.0,127.0,0.715451
9000.0,128.0,1.0
9000.0,129.0,0.303881
9000.0,130.0,0.0
9000.0,131.0,0.0
9000.0,132.0,0.0
9000.0,133.0,0.167181
9000.0,134.0,0.0
9000.0,135.0,1.0
9000.0,136.0,0.85124
9000.0,137.0,0.593653
9000.0,138.0,0.13725
9000.0,139.0,0.23506
9000.0,140.0,1.0
9000.0,141.0,0.615201
9000.0,142.0,0.197547
9000.0,143.0,0.629486
9000.0,144.0,0.0
9000.0,145.0,0.117526
9000.0,146.0,0.618589
9000.0,147.0,1.0
9000.0,148.0,0.662438
9000.0,149.0,1.0
9000.0,150.0,0.430236
9000.0,151.0,0.828757
9000.0,152.0,0.231929
9000.0,153.0,0.65866
9000.0,154.0,0.504381
9000.0,155.0,0.392605
9000.0,156.0,0.369696
9000.0,157.0,1.0
9000.0,158.0,0.390226
9000.0,159.0,0.303207
9000.0,160.0,0.685266
9000.0,161.0,0.986677
9000.0,162.0,0.495051
9000.0,163.0,0.816225
9000.0,164.0,0.064964
9000.0,165.0,0.550301
9000.0,166.0,0.04687
9000.0,167.0,1.0
9000.0,168.0,0.186905
9000.0,169.0,0.649211
9000.0,170.0,0.0
9000.0,171.0,0.538014
9000.0,172.0,0.248175
9000.0,173.0,0.530871
9000.0,174.0,0.168617
9000.0,175.0,0.352559
9000.0,176.0,0.000853
9000.0,177.0,0.930481
9000.0,178.0,0.645482
9000.0,179.0,1.0
9000.0,180.0,0.475069
9000.0,181.0,1.0
9000.0,182.0,0.703786
9000.0,183.0,0.36541
9000.0,184.0,0.321951
9000.0,185.0,0.666644
9000.0,186.0,0.152465
9000.0,187.0,0.351358
9000.0,188.0,0.427881
9000.0,189.0,0.841281
9000.0,190.0,0.399159
9000.0,191.0,0.535455
9000.0,192.0,1.0
9000.0,193.0,0.565021
9000.0,194.0,0.4955
9000.0,195.0,0.94846
9000.0,196.0,0.489013
9000.0,197.0,0.858594
9000.0,198.0,0.0
9000.0,199.0,0.997319
9000.0,200.0,0.74949
9000.0,201.0,0.12553
9000.0,202.0,0.671805
9000.0,203.0,0.77575
9000.0,204.0,0.269971
9000.0,205.0,0.767887
9000.0,206.0,0.415611
9000.0,207.0,0.634255
9000.0,208.0,0.0
9000.0,209.0,0.907922
9000.0,210.0,1.0
9000.0,211.0,0.435802
9000.0,212.0,0.76167
9000.0,213.0,0.436142
9000.0,214.0,0.59981
9000.0,215.0,0.367291
9000.0,216.0,0.0
9000.0,217.0,0.366827
9000.0,218.0,0.510047
9000.0,219.0,0.689067
9000.0,220.0,1.0
9000.0,221.0,0.689658
9000.0,222.0,0.437862
9000.0,223.0,0.660535
9000.0,224.0,0.586875
9000.0,225.0,1.0
9000.0,226.0,1.0
9000.0,227.0,0.41184
9000.0,228.0,0.990559
9000.0,229.0,0.783741
9000.0,230.0,0.618704
9000.0,231.0,0.000823
9000.0,232.0,0.385226
9000.0,233.0,0.107152
9000.0,234.0,0.115249
9000.0,235.0,0.384694
9000.0,236.0,0.518559
9000.0,237.0,0.543558
9000.0,238.0,0.0
9000.0,239.0,1.0
9000.0,240.0,0.462035
9000.0,241.0,0.097501
9000.0,242.0,0.599776
9000.0,243.0,0.653389
9000.0,244.0,0.250449
9000.0,245.0,0.096206
9000.0,246.0,0.358698
9000.0,247.0,0.373689
9000.0,248.0,0.541344
9000.0,249.0,0.178702
9000.0,250.0,0.286042
9000.0,251.0,0.0
9000.0,252.0,0.991664
9000.0,253.0,0.684857
9000.0,254.0,0.18421
9000.0,255.0,0.73236
9000.0,256.0,1.0
9000.0,257.0,0.176148
9000.0,258.0,0.890912
9000.0,259.0,0.299632
9000.0,260.0,0.555843
9000.0,261.0,0.44093
9000.0,262.0,0.060896
9000.0,263.0,0.737657
9000.0,264.0,0.0
9000.0,265.0,0.969085
9000.0,266.0,0.999073
9000.0,267.0,0.055961
9000.0,268.0,0.0
9000.0,269.0,0.364323
9000.0,270.0,0.469747
9000.0,271.0,0.554335
9000.0,272.0,0.75357
9000.0,273.0,0.308822
9000.0,274.0,0.399885
9000.0,275.0,0.636193
9000.0,276.0,0.748508
9000.0,277.0,0.39964
9000.0,278.0,0.0
9000.0,279.0,0.39742
9000.0,280.0,0.529913
9000.0,281.0,0.531813
9000.0,282.0,0.691032
9000.0,283.0,0.576427
9000.0,284.0,0.437036
9000.0,285.0,0.923368
9000.0,286.0,0.431466
9000.0,287.0,0.0
9000.0,288.0,0.266691
9000.0,289.0,1.0
9000.0,290.0,1.0
9000.0,291.0,0.919807
9000.0,292.0,0.243375
9000.0,293.0,0.004118
9000.0,294.0,0.0
9000.0,295.0,0.493312
9000.0,296.0,0.769702
9000.0,297.0,0.345509
9000.0,298.0,0.612504
9000.0,299.0,0.943632
9000.0,300.0,0.676797
9000.0,301.0,0.0
9000.0,302.0,0.875371
9000.0,303.0,0.788818
9000.0,304.0,0.600495
9000.0,305.0,0.718139
9000.0,306.0,1.0
9000.0,307.0,0.432998
9000.0,308.0,0.421789
9000.0,309.0,0.735147
9000.0,310.0,0.885711
9000.0,311.0,1.0
9000.0,312.0,0.159822
9000.0,313.0,0.671796
9000.0,314.0,0.49537
9000.0,315.0,1.0
9000.0,316.0,0.712219
9000.0,317.0,0.519268
9000.0,318.0,0.460441
9000.0,319.0,0.0
9000.0,320.0,0.326496
9000.0,321.0,0.130033
9000.0,322.0,0.249316
9000.0,323.0,0.169622
9000.0,324.0,0.264255
9000.0,325.0,0.01002
9000.0,326.0,0.578066
9000.0,327.0,0.0
9000.0,328.0,0.0
9000.0,329.0,0.447736
9000.0,330.0,0.657912
9000.0,331.0,1.0
9000.0,332.0,0.299771
9000.0,333.0,0.215284
9000.0,334.0,0.663249
9001.0,0.0,0.011035
9001.0,1.0,0.943629
9001.0,2.0,0.0
9001.0,3.0,0.668038
9001.0,4.0,0.0
9001.0,5.0,0.173609
9001.0,6.0,0.629535
9001.0,7.0,0.394902
9001.0,8.0,0.475955
9001.0,9.0,0.527492
9001.0,10.0,0.0
9001.0,11.0,0.419815
9001.0,12.0,1.0
9001.0,13.0,0.552035
9001.0,14.0,0.516648
9001.0,15.0,0.326597
9001.0,16.0,0.562611
9001.0,17.0,0.554731
9001.0,18.0,0.0
9001.0,19.0,0.488907
9001.0,20.0,0.597905
9001.0,21.0,0.481679
9001.0,22.0,0.050306
9001.0,23.0,0.559285
9001.0,24.0,0.21132
9001.0,25.0,0.345395
9001.0,26.0,0.675646
9001.0,27.0,0.0
9001.0,28.0,0.403122
9001.0,29.0,0.43909
9001.0,30.0,0.653541
9001.0,31.0,0.472804
9001.0,32.0,0.3045
9001.0,33.0,0.344677
9001.0,34.0,0.884852
9001.0,35.0,0.374561
9001.0,36.0,0.348423
9001.0,37.0,0.388326
9001.0,38.0,0.001777
9001.0,39.0,0.0
9001.0,40.0,1.0
9001.0,41.0,0.695479
9001.0,42.0,0.002381
9001.0,43.0,0.604366
9001.0,44.0,0.467315
9001.0,45.0,1.0
9001.0,46.0,0.593374
9001.0,47.0,0.370669
9001.0,48.0,0.008173
9001.0,49.0,0.744244
9001.0,50.0,1.0
9001.0,51.0,0.333213
9001.0,52.0,1.0
9001.0,53.0,0.695557
9001.0,54.0,0.455119
9001.0,55.0,0.814827
9001.0,56.0,0.37444
9001.0,57.0,0.292553
9001.0,58.0,1.0
9001.0,59.0,0.827752
9001.0,60.0,0.020353
9001.0,61.0,0.932885
9001.0,62.0,0.550203
9001.0,63.0,0.650871
9001.0,64.0,0.0
9001.0,65.0,0.603672
9001.0,66.0,0.764036
9001.0,67.0,0.328331
9001.0,68.0,0.265465
9001.0,69.0,0.356094
9001.0,70.0,0.0
9001.0,71.0,0.578577
9001.0,72.0,0.611659
9001.0,73.0,0.000411
9001.0,74.0,0.752481
9001.0,75.0,0.778488
9001.0,76.0,0.47267
9001.0,77.0,0.006246
9001.0,78.0,0.391561
9001.0,79.0,0.0
9001.0,80.0,0.358342
9001.0,81.0,0.409786
9001.0,82.0,0.514885
9001.0,83.0,1.0
9001.0,84.0,1.0
9001.0,85.0,0.202007
9001.0,86.0,0.580915
9001.0,87.0,0.061936
9001.0,88.0,0.607724
9001.0,89.0,0.177675
9001.0,90.0,0.842778
9001.0,91.0,0.0
9001.0,92.0,0.0
9001.0,93.0,0.47084
9001.0,94.0,0.970413
9001.0,95.0,0.636867
9001.0,96.0,0.275809
9001.0,97.0,0.021223
9001.0,98.0,0.986417
9001.0,99.0,0.379261
9001.0,100.0,0.700216
9001.0,101.0,0.456517
9001.0,102.0,0.736347
9001.0,103.0,0.41877
9001.0,104.0,1.0
9001.0,105.0,0.544658
9001.0,106.0,0.767796
9001.0,107.0,0.687228
9001.0,108.0,0.616183
9001.0,109.0,0.28963
9001.0,110.0,0.49841
9001.0,111.0,0.033623
9001.0,112.0,0.660535
9001.0,113.0,0.402634
9001.0,114.0,0.443755
9001.0,115.0,0.911942
9001.0,116.0,0.0
9001.0,117.0,0.477466
9001.0,118.0,0.805373
9001.0,119.0,0.0
9001.0,120.0,0.544004
9001.0,121.0,0.4461
9001.0,122.0,0.554988
9001.0,123.0,1.0
9001.0,124.0,0.0
9001.0,125.0,0.283759
9001.0,126.0,0.644957
9001.0,127.0,0.730856
9001.0,128.0,1.0
9001.0,129.0,0.305085
9001.0,130.0,0.0
9001.0,131.0,0.0
9001.0,132.0,0.0
9001.0,133.0,0.172311
9001.0,134.0,0.0
9001.0,135.0,1.0
9001.0,136.0,0.854476
9001.0,137.0,0.59534
9001.0,138.0,0.137807
9001.0,139.0,0.241964
9001.0,140.0,1.0
9001.0,141.0,0.619061
9001.0,142.0,0.199328
9001.0,143.0,0.632492
9001.0,144.0,0.0
9001.0,145.0,0.118204
9001.0,146.0,0.622298
9001.0,147.0,1.0
9001.0,148.0,0.682618
9001.0,149.0,1.0
9001.0,150.0,0.443132
9001.0,151.0,0.829924
9001.0,152.0,0.232657
9001.0,153.0,0.663795
9001.0,154.0,0.50808
9001.0,155.0,0.402338
9001.0,156.0,0.391502
9001.0,157.0,1.0
9001.0,158.0,0.413815
9001.0,159.0,0.304836
9001.0,160.0,0.690794
9001.0,161.0,0.986898
9001.0,162.0,0.497033
9001.0,163.0,0.818302
9001.0,164.0,0.065665
9001.0,165.0,0.550914
9001.0,166.0,0.046798
9001.0,167.0,1.0
9001.0,168.0,0.188248
9001.0,169.0,0.657134
9001.0,170.0,0.0
9001.0,171.0,0.543923
9001.0,172.0,0.249226
9001.0,173.0,0.537242
9001.0,174.0,0.17098
9001.0,175.0,0.354977
9001.0,176.0,0.000858
9001.0,177.0,0.930575
9001.0,178.0,0.651064
9001.0,179.0,1.0
9001.0,180.0,0.477512
9001.0,181.0,1.0
9001.0,182.0,0.718319
9001.0,183.0,0.369885
9001.0,184.0,0.327588
9001.0,185.0,0.672514
9001.0,186.0,0.153908
9001.0,187.0,0.352759
9001.0,188.0,0.429378
9001.0,189.0,0.849755
9001.0,190.0,0.407698
9001.0,191.0,0.539662
9001.0,192.0,1.0
9001.0,193.0,0.568508
9001.0,194.0,0.501911
9001.0,195.0,0.948985
9001.0,196.0,0.494895
9001.0,197.0,0.859328
9001.0,198.0,0.0
9001.0,199.0,0.997404
9001.0,200.0,0.750468
9001.0,201.0,0.126647
9001.0,202.0,0.679038
9001.0,203.0,0.779676
9001.0,204.0,0.270509
9001.0,205.0,0.769344
9001.0,206.0,0.44181
9001.0,207.0,0.650773
9001.0,208.0,0.0
9001.0,209.0,0.908898
9001.0,210.0,1.0
9001.0,211.0,0.43984
9001.0,212.0,0.761852
9001.0,213.0,0.439465
9001.0,214.0,0.613836
9001.0,215.0,0.368529
9001.0,216.0,0.0
9001.0,217.0,0.372727
9001.0,218.0,0.522174
9001.0,219.0,0.694995
9001.0,220.0,1.0
9001.0,221.0,0.69277
9001.0,222.0,0.462784
9001.0,223.0,0.664097
9001.0,224.0,0.586989
9001.0,225.0,1.0
9001.0,226.0,1.0
9001.0,227.0,0.413211
9001.0,228.0,0.9908
9001.0,229.0,0.784564
9001.0,230.0,0.620287
9001.0,231.0,0.000781
9001.0,232.0,0.388507
9001.0,233.0,0.10654
9001.0,234.0,0.116829
9001.0,235.0,0.38637
9001.0,236.0,0.520092
9001.0,237.0,0.545595
9001.0,238.0,0.0
9001.0,239.0,1.0
9001.0,240.0,0.465045
9001.0,241.0,0.098033
9001.0,242.0,0.601761
9001.0,243.0,0.651942
9001.0,244.0,0.253762
9001.0,245.0,0.099262
9001.0,246.0,0.358607
9001.0,247.0,0.377483
9001.0,248.0,0.547184
9001.0,249.0,0.183536
9001.0,250.0,0.292213
9001.0,251.0,0.0
9001.0,252.0,0.990897
9001.0,253.0,0.685575
9001.0,254.0,0.196757
9001.0,255.0,0.733274
9001.0,256.0,1.0
9001.0,257.0,0.176745
9001.0,258.0,0.890666
9001.0,259.0,0.303237
9001.0,260.0,0.555243
9001.0,261.0,0.442406
9001.0,262.0,0.062155
9001.0,263.0,0.739169
9001.0,264.0,0.0
9001.0,265.0,0.969341
9001.0,266.0,0.999084
9001.0,267.0,0.05596
9001.0,268.0,0.0
9001.0,269.0,0.368281
9001.0,270.0,0.471708
9001.0,271.0,0.553396
9001.0,272.0,0.753987
9001.0,273.0,0.310659
9001.0,274.0,0.402156
9001.0,275.0,0.648104
9001.0,276.0,0.769937
9001.0,277.0,0.402827
9001.0,278.0,0.0
9001.0,279.0,0.399375
9001.0,280.0,0.533851
9001.0,281.0,0.534244
9001.0,282.0,0.697188
9001.0,283.0,0.585654
9001.0,284.0,0.445167
9001.0,285.0,0.923704
9001.0,286.0,0.438759
9001.0,287.0,0.0
9001.0,288.0,0.271996
9001.0,289.0,1.0
9001.0,290.0,1.0
9001.0,291.0,0.920215
9001.0,292.0,0.246087
9001.0,293.0,0.004165
9001.0,294.0,0.0
9001.0,295.0,0.497721
9001.0,296.0,0.7725
9001.0,297.0,0.34618
9001.0,298.0,0.612257
9001.0,299.0,0.944195
9001.0,300.0,0.68337
9001.0,301.0,0.0
9001.0,302.0,0.878941
9001.0,303.0,0.793715
9001.0,304.0,0.601422
9001.0,305.0,0.724531
9001.0,306.0,1.0
9001.0,307.0,0.44206
9001.0,308.0,0.42595
9001.0,309.0,0.738887
9001.0,310.0,0.886819
9001.0,311.0,1.0
9001.0,312.0,0.164418
9001.0,313.0,0.674237
9001.0,314.0,0.496512
9001.0,315.0,1.0
9001.0,316.0,0.712669
9001.0,317.0,0.521301
9001.0,318.0,0.462032
9001.0,319.0,0.0
9001.0,320.0,0.336559
9001.0,321.0,0.13175
9001.0,322.0,0.252545
9001.0,323.0,0.171512
9001.0,324.0,0.265695
9001.0,325.0,0.010028
9001.0,326.0,0.585017
9001.0,327.0,0.0
9001.0,328.0,0.0
9001.0,329.0,0.488571
9001.0,330.0,0.658551
9001.0,331.0,1.0
9001.0,332.0,0.300726
9001.0,333.0,0.216796
9001.0,334.0,0.665161
9002.0,0.0,0.011098
9002.0,1.0,0.944251
9002.0,2.0,0.0
9002.0,3.0,0.675297
9002.0,4.0,0.0
9002.0,5.0,0.174928
9002.0,6.0,0.633677
9002.0,7.0,0.400178
9002.0,8.0,0.483003
9002.0,9.0,0.532538
9002.0,10.0,0.0
9002.0,11.0,0.428362
9002.0,12.0,1.0
9002.0,13.0,0.557159
9002.0,14.0,0.52568
9002.0,15.0,0.329485
9002.0,16.0,0.567298
9002.0,17.0,0.558189
9002.0,18.0,0.0
9002.0,19.0,0.489905
9002.0,20.0,0.599489
9002.0,21.0,0.484047
9002.0,22.0,0.050807
9002.0,23.0,0.562435
9002.0,24.0,0.217007
9002.0,25.0,0.350967
9002.0,26.0,0.685866
9002.0,27.0,0.0
9002.0,28.0,0.407734
9002.0,29.0,0.450252
9002.0,30.0,0.655661
9002.0,31.0,0.474527
9002.0,32.0,0.308179
9002.0,33.0,0.347148
9002.0,34.0,0.885597
9002.0,35.0,0.387715
9002.0,36.0,0.350524
9002.0,37.0,0.388321
9002.0,38.0,0.001844
9002.0,39.0,0.0
9002.0,40.0,1.0
9002.0,41.0,0.699339
9002.0,42.0,0.002326
9002.0,43.0,0.604667
9002.0,44.0,0.471262
9002.0,45.0,1.0
9002.0,46.0,0.595237
9002.0,47.0,0.373925
9002.0,48.0,0.008259
9002.0,49.0,0.745679
9002.0,50.0,1.0
9002.0,51.0,0.33723
9002.0,52.0,1.0
9002.0,53.0,0.695473
9002.0,54.0,0.463404
9002.0,55.0,0.815848
9002.0,56.0,0.380172
9002.0,57.0,0.294524
9002.0,58.0,1.0
9002.0,59.0,0.830004
9002.0,60.0,0.020689
9002.0,61.0,0.933978
9002.0,62.0,0.556917
9002.0,63.0,0.653809
9002.0,64.0,0.0
9002.0,65.0,0.609849
9002.0,66.0,0.767972
9002.0,67.0,0.33249
9002.0,68.0,0.27514
9002.0,69.0,0.360732
9002.0,70.0,0.0
9002.0,71.0,0.579156
9002.0,72.0,0.613478
9002.0,73.0,0.000401
9002.0,74.0,0.757387
9002.0,75.0,0.788289
9002.0,76.0,0.476954
9002.0,77.0,0.006362
9002.0,78.0,0.396744
9002.0,79.0,0.0
9002.0,80.0,0.366091
9002.0,81.0,0.411367
9002.0,82.0,0.517145
9002.0,83.0,1.0
9002.0,84.0,1.0
9002.0,85.0,0.204053
9002.0,86.0,0.581678
9002.0,87.0,0.061208
9002.0,88.0,0.610412
9002.0,89.0,0.17798
9002.0,90.0,0.843319
9002.0,91.0,0.0
9002.0,92.0,0.0
9002.0,93.0,0.473412
9002.0,94.0,0.970393
9002.0,95.0,0.640264
9002.0,96.0,0.284296
9002.0,97.0,0.021821
9002.0,98.0,0.986653
9002.0,99.0,0.383019
9002.0,100.0,0.701723
9002.0,101.0,0.465021
9002.0,102.0,0.739518
9002.0,103.0,0.425447
9002.0,104.0,1.0
9002.0,105.0,0.547458
9002.0,106.0,0.77528
9002.0,107.0,0.690133
9002.0,108.0,0.619855
9002.0,109.0,0.290011
9002.0,110.0,0.512069
9002.0,111.0,0.034089
9002.0,112.0,0.663707
9002.0,113.0,0.475629
9002.0,114.0,0.447489
9002.0,115.0,0.912589
9002.0,116.0,0.0
9002.0,117.0,0.487023
9002.0,118.0,0.805339
9002.0,119.0,0.0
9002.0,120.0,0.54948
9002.0,121.0,0.448434
9002.0,122.0,0.556941
9002.0,123.0,1.0
9002.0,124.0,0.0
9002.0,125.0,0.298413
9002.0,126.0,0.646816
9002.0,127.0,0.746111
9002.0,128.0,1.0
9002.0,129.0,0.30664
9002.0,130.0,0.0
9002.0,131.0,0.0
9002.0,132.0,0.0
9002.0,133.0,0.178282
9002.0,134.0,0.0
9002.0,135.0,1.0
9002.0,136.0,0.857913
9002.0,137.0,0.596949
9002.0,138.0,0.138164
9002.0,139.0,0.249202
9002.0,140.0,1.0
9002.0,141.0,0.621702
9002.0,142.0,0.200352
9002.0,143.0,0.634982
9002.0,144.0,0.0
9002.0,145.0,0.1179
9002.0,146.0,0.625997
9002.0,147.0,1.0
9002.0,148.0,0.702106
9002.0,149.0,1.0
9002.0,150.0,0.456525
9002.0,151.0,0.830568
9002.0,152.0,0.232744
9002.0,153.0,0.668581
9002.0,154.0,0.511339
9002.0,155.0,0.411891
9002.0,156.0,0.412782
9002.0,157.0,1.0
9002.0,158.0,0.437616
9002.0,159.0,0.305804
9002.0,160.0,0.695463
9002.0,161.0,0.987103
9002.0,162.0,0.498576
9002.0,163.0,0.820582
9002.0,164.0,0.06611
9002.0,165.0,0.551201
9002.0,166.0,0.047038
9002.0,167.0,1.0
9002.0,168.0,0.188609
9002.0,169.0,0.665332
9002.0,170.0,0.0
9002.0,171.0,0.549754
9002.0,172.0,0.251286
9002.0,173.0,0.543375
9002.0,174.0,0.173068
9002.0,175.0,0.358104
9002.0,176.0,0.00081
9002.0,177.0,0.930539
9002.0,178.0,0.656411
9002.0,179.0,1.0
9002.0,180.0,0.479577
9002.0,181.0,1.0
9002.0,182.0,0.732351
9002.0,183.0,0.373832
9002.0,184.0,0.33408
9002.0,185.0,0.678338
9002.0,186.0,0.154744
9002.0,187.0,0.35407
9002.0,188.0,0.428867
9002.0,189.0,0.857857
9002.0,190.0,0.415214
9002.0,191.0,0.54525
9002.0,192.0,1.0
9002.0,193.0,0.571427
9002.0,194.0,0.507601
9002.0,195.0,0.949378
9002.0,196.0,0.500907
9002.0,197.0,0.860713
9002.0,198.0,0.0
9002.0,199.0,0.997492
9002.0,200.0,0.751262
9002.0,201.0,0.127107
9002.0,202.0,0.686434
9002.0,203.0,0.783326
9002.0,204.0,0.271076
9002.0,205.0,0.769629
9002.0,206.0,0.467228
9002.0,207.0,0.665411
9002.0,208.0,0.0
9002.0,209.0,0.909524
9002.0,210.0,1.0
9002.0,211.0,0.444426
9002.0,212.0,0.761501
9002.0,213.0,0.441294
9002.0,214.0,0.62666
9002.0,215.0,0.369774
9002.0,216.0,0.0
9002.0,217.0,0.376953
9002.0,218.0,0.534038
9002.0,219.0,0.701086
9002.0,220.0,1.0
9002.0,221.0,0.695258
9002.0,222.0,0.486667
9002.0,223.0,0.667035
9002.0,224.0,0.589083
9002.0,225.0,1.0
9002.0,226.0,1.0
9002.0,227.0,0.414339
9002.0,228.0,0.990949
9002.0,229.0,0.784562
9002.0,230.0,0.622018
9002.0,231.0,0.000792
9002.0,232.0,0.391195
9002.0,233.0,0.106062
9002.0,234.0,0.118303
9002.0,235.0,0.388822
9002.0,236.0,0.520922
9002.0,237.0,0.547587
9002.0,238.0,0.0
9002.0,239.0,1.0
9002.0,240.0,0.46873
9002.0,241.0,0.097532
9002.0,242.0,0.604758
9002.0,243.0,0.650472
9002.0,244.0,0.2576
9002.0,245.0,0.102284
9002.0,246.0,0.359237
9002.0,247.0,0.381048
9002.0,248.0,0.55253
9002.0,249.0,0.188707
9002.0,250.0,0.297855
9002.0,251.0,0.0
9002.0,252.0,0.990081
9002.0,253.0,0.686486
9002.0,254.0,0.210275
9002.0,255.0,0.732724
9002.0,256.0,1.0
9002.0,257.0,0.177402
9002.0,258.0,0.890378
9002.0,259.0,0.306774
9002.0,260.0,0.554761
9002.0,261.0,0.443909
9002.0,262.0,0.063426
9002.0,263.0,0.74042
9002.0,264.0,0.0
9002.0,265.0,0.969792
9002.0,266.0,0.999102
9002.0,267.0,0.05608
9002.0,268.0,0.0
9002.0,269.0,0.371402
9002.0,270.0,0.473564
9002.0,271.0,0.553143
9002.0,272.0,0.753788
9002.0,273.0,0.312826
9002.0,274.0,0.40457
9002.0,275.0,0.659716
9002.0,276.0,0.789656
9002.0,277.0,0.405929
9002.0,278.0,0.0
9002.0,279.0,0.401719
9002.0,280.0,0.537646
9002.0,281.0,0.53761
9002.0,282.0,0.703829
9002.0,283.0,0.594685
9002.0,284.0,0.452115
9002.0,285.0,0.92387
9002.0,286.0,0.446182
9002.0,287.0,0.0
9002.0,288.0,0.276682
9002.0,289.0,1.0
9002.0,290.0,1.0
9002.0,291.0,0.920539
9002.0,292.0,0.249175
9002.0,293.0,0.004173
9002.0,294.0,0.0
9002.0,295.0,0.501735
9002.0,296.0,0.774129
9002.0,297.0,0.346017
9002.0,298.0,0.61305
9002.0,299.0,0.944711
9002.0,300.0,0.690284
9002.0,301.0,0.0
9002.0,302.0,0.88208
9002.0,303.0,0.797586
9002.0,304.0,0.601949
9002.0,305.0,0.730068
9002.0,306.0,1.0
9002.0,307.0,0.450508
9002.0,308.0,0.429666
9002.0,309.0,0.741844
9002.0,310.0,0.887404
9002.0,311.0,1.0
9002.0,312.0,0.168733
9002.0,313.0,0.676487
9002.0,314.0,0.497983
9002.0,315.0,1.0
9002.0,316.0,0.713188
9002.0,317.0,0.524687
9002.0,318.0,0.464587
9002.0,319.0,0.0
9002.0,320.0,0.344873
9002.0,321.0,0.133279
9002.0,322.0,0.256238
9002.0,323.0,0.174281
9002.0,324.0,0.26725
9002.0,325.0,0.009967
9002.0,326.0,0.591641
9002.0,327.0,0.0
9002.0,328.0,0.0
9002.0,329.0,0.529582
9002.0,330.0,0.659392
9002.0,331.0,1.0
9002.0,332.0,0.301839
9002.0,333.0,0.218813
9002.0,334.0,0.666673
9003.0,0.0,0.011187
9003.0,1.0,0.944181
9003.0,2.0,0.0
9003.0,3.0,0.68253
9003.0,4.0,0.0
9003.0,5.0,0.17683
9003.0,6.0,0.637093
9003.0,7.0,0.406734
9003.0,8.0,0.489956
9003.0,9.0,0.537869
9003.0,10.0,0.0
9003.0,11.0,0.43667
9003.0,12.0,1.0
9003.0,13.0,0.564114
9003.0,14.0,0.534808
9003.0,15.0,0.332927
9003.0,16.0,0.571382
9003.0,17.0,0.562567
9003.0,18.0,0.0
9003.0,19.0,0.492542
9003.0,20.0,0.601031
9003.0,21.0,0.487359
9003.0,22.0,0.051733
9003.0,23.0,0.566827
9003.0,24.0,0.222516
9003.0,25.0,0.355446
9003.0,26.0,0.695426
9003.0,27.0,0.0
9003.0,28.0,0.412355
9003.0,29.0,0.460937
9003.0,30.0,0.657085
9003.0,31.0,0.475696
9003.0,32.0,0.310999
9003.0,33.0,0.349622
9003.0,34.0,0.885726
9003.0,35.0,0.400706
9003.0,36.0,0.352726
9003.0,37.0,0.38886
9003.0,38.0,0.001939
9003.0,39.0,0.0
9003.0,40.0,1.0
9003.0,41.0,0.703412
9003.0,42.0,0.002343
9003.0,43.0,0.605273
9003.0,44.0,0.474365
9003.0,45.0,1.0
9003.0,46.0,0.598253
9003.0,47.0,0.376698
9003.0,48.0,0.008322
9003.0,49.0,0.747208
9003.0,50.0,1.0
9003.0,51.0,0.342476
9003.0,52.0,1.0
9003.0,53.0,0.69563
9003.0,54.0,0.471831
9003.0,55.0,0.817327
9003.0,56.0,0.384636
9003.0,57.0,0.297372
9003.0,58.0,1.0
9003.0,59.0,0.830395
9003.0,60.0,0.020767
9003.0,61.0,0.934489
9003.0,62.0,0.563491
9003.0,63.0,0.655435
9003.0,64.0,0.0
9003.0,65.0,0.614591
9003.0,66.0,0.772
9003.0,67.0,0.336178
9003.0,68.0,0.283094
9003.0,69.0,0.363961
9003.0,70.0,0.0
9003.0,71.0,0.580733
9003.0,72.0,0.614519
9003.0,73.0,0.000434
9003.0,74.0,0.762806
9003.0,75.0,0.796946
9003.0,76.0,0.481108
9003.0,77.0,0.006559
9003.0,78.0,0.402327
9003.0,79.0,0.0
9003.0,80.0,0.373054
9003.0,81.0,0.413825
9003.0,82.0,0.518953
9003.0,83.0,1.0
9003.0,84.0,1.0
9003.0,85.0,0.205484
9003.0,86.0,0.582758
9003.0,87.0,0.060836
9003.0,88.0,0.612579
9003.0,89.0,0.178546
9003.0,90.0,0.842786
9003.0,91.0,0.0
9003.0,92.0,0.0
9003.0,93.0,0.475808
9003.0,94.0,0.97035
9003.0,95.0,0.643265
9003.0,96.0,0.292985
9003.0,97.0,0.022345
9003.0,98.0,0.986851
9003.0,99.0,0.386227
9003.0,100.0,0.70376
9003.0,101.0,0.47395
9003.0,102.0,0.742497
9003.0,103.0,0.432877
9003.0,104.0,1.0
9003.0,105.0,0.550342
9003.0,106.0,0.782776
9003.0,107.0,0.692472
9003.0,108.0,0.622735
9003.0,109.0,0.290543
9003.0,110.0,0.526013
9003.0,111.0,0.03434
9003.0,112.0,0.667439
9003.0,113.0,0.546254
9003.0,114.0,0.450269
9003.0,115.0,0.913364
9003.0,116.0,0.0
9003.0,117.0,0.495718
9003.0,118.0,0.80577
9003.0,119.0,0.0
9003.0,120.0,0.55362
9003.0,121.0,0.449883
9003.0,122.0,0.559045
9003.0,123.0,1.0
9003.0,124.0,0.0
9003.0,125.0,0.312446
9003.0,126.0,0.648462
9003.0,127.0,0.759851
9003.0,128.0,1.0
9003.0,129.0,0.308472
9003.0,130.0,0.0
9003.0,131.0,0.0
9003.0,132.0,0.0
9003.0,133.0,0.184201
9003.0,134.0,0.0
9003.0,135.0,1.0
9003.0,136.0,0.861241
9003.0,137.0,0.598287
9003.0,138.0,0.137804
9003.0,139.0,0.255554
9003.0,140.0,1.0
9003.0,141.0,0.624343
9003.0,142.0,0.202184
9003.0,143.0,0.636074
9003.0,144.0,0.0
9003.0,145.0,0.118241
9003.0,146.0,0.62988
9003.0,147.0,1.0
9003.0,148.0,0.720621
9003.0,149.0,1.0
9003.0,150.0,0.469191
9003.0,151.0,0.831676
9003.0,152.0,0.233192
9003.0,153.0,0.672667
9003.0,154.0,0.514442
9003.0,155.0,0.420328
9003.0,156.0,0.43375
9003.0,157.0,1.0
9003.0,158.0,0.459432
9003.0,159.0,0.308265
9003.0,160.0,0.700953
9003.0,161.0,0.987281
9003.0,162.0,0.499274
9003.0,163.0,0.823058
9003.0,164.0,0.066452
9003.0,165.0,0.551186
9003.0,166.0,0.047326
9003.0,167.0,1.0
9003.0,168.0,0.188655
9003.0,169.0,0.672688
9003.0,170.0,0.0
9003.0,171.0,0.555195
9003.0,172.0,0.253135
9003.0,173.0,0.549261
9003.0,174.0,0.175141
9003.0,175.0,0.361139
9003.0,176.0,0.000806
9003.0,177.0,0.930573
9003.0,178.0,0.66127
9003.0,179.0,1.0
9003.0,180.0,0.480883
9003.0,181.0,1.0
9003.0,182.0,0.744817
9003.0,183.0,0.377319
9003.0,184.0,0.338917
9003.0,185.0,0.684413
9003.0,186.0,0.156133
9003.0,187.0,0.355831
9003.0,188.0,0.429311
9003.0,189.0,0.86598
9003.0,190.0,0.423252
9003.0,191.0,0.550929
9003.0,192.0,1.0
9003.0,193.0,0.575053
9003.0,194.0,0.512365
9003.0,195.0,0.950132
9003.0,196.0,0.50626
9003.0,197.0,0.86154
9003.0,198.0,0.0
9003.0,199.0,0.997461
9003.0,200.0,0.751713
9003.0,201.0,0.128697
9003.0,202.0,0.693105
9003.0,203.0,0.787578
9003.0,204.0,0.270085
9003.0,205.0,0.771023
9003.0,206.0,0.492042
9003.0,207.0,0.679279
9003.0,208.0,0.0
9003.0,209.0,0.909819
9003.0,210.0,1.0
9003.0,211.0,0.447778
9003.0,212.0,0.760465
9003.0,213.0,0.443688
9003.0,214.0,0.638859
9003.0,215.0,0.370393
9003.0,216.0,0.0
9003.0,217.0,0.381492
9003.0,218.0,0.544536
9003.0,219.0,0.706496
9003.0,220.0,1.0
9003.0,221.0,0.698159
9003.0,222.0,0.510775
9003.0,223.0,0.669727
9003.0,224.0,0.59083
9003.0,225.0,1.0
9003.0,226.0,1.0
9003.0,227.0,0.415674
9003.0,228.0,0.991024
9003.0,229.0,0.786131
9003.0,230.0,0.622571
9003.0,231.0,0.000819
9003.0,232.0,0.393519
9003.0,233.0,0.106285
9003.0,234.0,0.119887
9003.0,235.0,0.389896
9003.0,236.0,0.522263
9003.0,237.0,0.550475
9003.0,238.0,0.0
9003.0,239.0,1.0
9003.0,240.0,0.472118
9003.0,241.0,0.098261
9003.0,242.0,0.606957
9003.0,243.0,0.650473
9003.0,244.0,0.262019
9003.0,245.0,0.104932
9003.0,246.0,0.360588
9003.0,247.0,0.383865
9003.0,248.0,0.557226
9003.0,249.0,0.194339
9003.0,250.0,0.305107
9003.0,251.0,0.0
9003.0,252.0,0.989255
9003.0,253.0,0.687647
9003.0,254.0,0.222494
9003.0,255.0,0.732673
9003.0,256.0,1.0
9003.0,257.0,0.178526
9003.0,258.0,0.889676
9003.0,259.0,0.31025
9003.0,260.0,0.554302
9003.0,261.0,0.445431
9003.0,262.0,0.064278
9003.0,263.0,0.741701
9003.0,264.0,0.0
9003.0,265.0,0.970042
9003.0,266.0,0.999117
9003.0,267.0,0.056448
9003.0,268.0,0.0
9003.0,269.0,0.374525
9003.0,270.0,0.475023
9003.0,271.0,0.553901
9003.0,272.0,0.75421
9003.0,273.0,0.315
9003.0,274.0,0.406316
9003.0,275.0,0.670481
9003.0,276.0,0.808019
9003.0,277.0,0.408825
9003.0,278.0,0.0
9003.0,279.0,0.404659
9003.0,280.0,0.541647
9003.0,281.0,0.539708
9003.0,282.0,0.709757
9003.0,283.0,0.60308
9003.0,284.0,0.459655
9003.0,285.0,0.924295
9003.0,286.0,0.452696
9003.0,287.0,0.0
9003.0,288.0,0.281747
9003.0,289.0,1.0
9003.0,290.0,1.0
9003.0,291.0,0.920855
9003.0,292.0,0.252416
9003.0,293.0,0.004253
9003.0,294.0,0.0
9003.0,295.0,0.506846
9003.0,296.0,0.775502
9003.0,297.0,0.346511
9003.0,298.0,0.613076
9003.0,299.0,0.944686
9003.0,300.0,0.697192
9003.0,301.0,0.0
9003.0,302.0,0.884424
9003.0,303.0,0.802049
9003.0,304.0,0.601408
9003.0,305.0,0.734649
9003.0,306.0,1.0
9003.0,307.0,0.458865
9003.0,308.0,0.433126
9003.0,309.0,0.745719
9003.0,310.0,0.887407
9003.0,311.0,1.0
9003.0,312.0,0.173472
9003.0,313.0,0.678018
9003.0,314.0,0.498912
9003.0,315.0,1.0
9003.0,316.0,0.714673
9003.0,317.0,0.527117
9003.0,318.0,0.466255
9003.0,319.0,0.0
9003.0,320.0,0.353514
9003.0,321.0,0.135227
9003.0,322.0,0.259674
9003.0,323.0,0.175922
9003.0,324.0,0.268853
9003.0,325.0,0.01
9003.0,326.0,0.598084
9003.0,327.0,0.0
9003.0,328.0,0.0
9003.0,329.0,0.570083
9003.0,330.0,0.660778
9003.0,331.0,1.0
9003.0,332.0,0.302524
9003.0,333.0,0.220014
9003.0,334.0,0.666886
9004.0,0.0,0.011075
9004.0,1.0,0.944175
9004.0,2.0,0.0
9004.0,3.0,0.689098
9004.0,4.0,0.0
9004.0,5.0,0.178555
9004.0,6.0,0.640655
9004.0,7.0,0.411791
9004.0,8.0,0.495199
9004.0,9.0,0.541556
9004.0,10.0,0.0
9004.0,11.0,0.444929
9004.0,12.0,1.0
9004.0,13.0,0.569617
9004.0,14.0,0.543395
9004.0,15.0,0.336387
9004.0,16.0,0.575894
9004.0,17.0,0.565694
9004.0,18.0,0.0
9004.0,19.0,0.494479
9004.0,20.0,0.60309
9004.0,21.0,0.490557
9004.0,22.0,0.052214
9004.0,23.0,0.569844
9004.0,24.0,0.227394
9004.0,25.0,0.360595
9004.0,26.0,0.704498
9004.0,27.0,0.0
9004.0,28.0,0.418005
9004.0,29.0,0.471621
9004.0,30.0,0.658713
9004.0,31.0,0.477065
9004.0,32.0,0.314245
9004.0,33.0,0.351746
9004.0,34.0,0.886362
9004.0,35.0,0.414408
9004.0,36.0,0.353865
9004.0,37.0,0.3892
9004.0,38.0,0.001889
9004.0,39.0,0.0
9004.0,40.0,1.0
9004.0,41.0,0.708401
9004.0,42.0,0.002473
9004.0,43.0,0.606042
9004.0,44.0,0.477442
9004.0,45.0,1.0
9004.0,46.0,0.600174
9004.0,47.0,0.379945
9004.0,48.0,0.008328
9004.0,49.0,0.748818
9004.0,50.0,1.0
9004.0,51.0,0.346792
9004.0,52.0,1.0
9004.0,53.0,0.69581
9004.0,54.0,0.480761
9004.0,55.0,0.81897
9004.0,56.0,0.389236
9004.0,57.0,0.299374
9004.0,58.0,1.0
9004.0,59.0,0.831407
9004.0,60.0,0.020905
9004.0,61.0,0.934836
9004.0,62.0,0.57038
9004.0,63.0,0.657955
9004.0,64.0,0.0
9004.0,65.0,0.619911
9004.0,66.0,0.775791
9004.0,67.0,0.340878
9004.0,68.0,0.291228
9004.0,69.0,0.367474
9004.0,70.0,0.0
9004.0,71.0,0.58216
9004.0,72.0,0.615584
9004.0,73.0,0.00041
9004.0,74.0,0.766967
9004.0,75.0,0.804555
9004.0,76.0,0.485445
9004.0,77.0,0.006669
9004.0,78.0,0.406423
9004.0,79.0,0.0
9004.0,80.0,0.380079
9004.0,81.0,0.416568
9004.0,82.0,0.520652
9004.0,83.0,1.0
9004.0,84.0,1.0
9004.0,85.0,0.206563
9004.0,86.0,0.584168
9004.0,87.0,0.05964
9004.0,88.0,0.613942
9004.0,89.0,0.179625
9004.0,90.0,0.842404
9004.0,91.0,0.0
9004.0,92.0,0.0
9004.0,93.0,0.476444
9004.0,94.0,0.970461
9004.0,95.0,0.647794
9004.0,96.0,0.299852
9004.0,97.0,0.022849
9004.0,98.0,0.986861
9004.0,99.0,0.389932
9004.0,100.0,0.705238
9004.0,101.0,0.482592
9004.0,102.0,0.744538
9004.0,103.0,0.440624
9004.0,104.0,1.0
9004.0,105.0,0.553779
9004.0,106.0,0.79048
9004.0,107.0,0.695566
9004.0,108.0,0.626757
9004.0,109.0,0.291036
9004.0,110.0,0.539307
9004.0,111.0,0.034949
9004.0,112.0,0.671464
9004.0,113.0,0.611752
9004.0,114.0,0.453767
9004.0,115.0,0.913939
9004.0,116.0,0.0
9004.0,117.0,0.505109
9004.0,118.0,0.806667
9004.0,119.0,0.0
9004.0,120.0,0.557983
9004.0,121.0,0.452089
9004.0,122.0,0.560091
9004.0,123.0,1.0
9004.0,124.0,0.0
9004.0,125.0,0.327402
9004.0,126.0,0.650993
9004.0,127.0,0.772121
9004.0,128.0,1.0
9004.0,129.0,0.309702
9004.0,130.0,0.0
9004.0,131.0,0.0
9004.0,132.0,0.0
9004.0,133.0,0.191236
9004.0,134.0,0.0
9004.0,135.0,1.0
9004.0,136.0,0.864129
9004.0,137.0,0.599344
9004.0,138.0,0.138834
9004.0,139.0,0.262366
9004.0,140.0,1.0
9004.0,141.0,0.627464
9004.0,142.0,0.203223
9004.0,143.0,0.638468
9004.0,144.0,0.0
9004.0,145.0,0.118165
9004.0,146.0,0.633822
9004.0,147.0,1.0
9004.0,148.0,0.737993
9004.0,149.0,1.0
9004.0,150.0,0.483007
9004.0,151.0,0.832007
9004.0,152.0,0.234364
9004.0,153.0,0.677191
9004.0,154.0,0.51705
9004.0,155.0,0.429523
9004.0,156.0,0.455123
9004.0,157.0,1.0
9004.0,158.0,0.479837
9004.0,159.0,0.309479
9004.0,160.0,0.704624
9004.0,161.0,0.987531
9004.0,162.0,0.500752
9004.0,163.0,0.824726
9004.0,164.0,0.066619
9004.0,165.0,0.55131
9004.0,166.0,0.047243
9004.0,167.0,1.0
9004.0,168.0,0.188491
9004.0,169.0,0.68008
9004.0,170.0,0.0
9004.0,171.0,0.561049
9004.0,172.0,0.25527
9004.0,173.0,0.554815
9004.0,174.0,0.176901
9004.0,175.0,0.36375
9004.0,176.0,0.00085
9004.0,177.0,0.930967
9004.0,178.0,0.665785
9004.0,179.0,1.0
9004.0,180.0,0.483078
9004.0,181.0,1.0
9004.0,182.0,0.756922
9004.0,183.0,0.381768
9004.0,184.0,0.342917
9004.0,185.0,0.690123
9004.0,186.0,0.157424
9004.0,187.0,0.357698
9004.0,188.0,0.42982
9004.0,189.0,0.873011
9004.0,190.0,0.431241
9004.0,191.0,0.554976
9004.0,192.0,1.0
9004.0,193.0,0.578957
9004.0,194.0,0.516622
9004.0,195.0,0.950162
9004.0,196.0,0.512139
9004.0,197.0,0.862906
9004.0,198.0,0.0
9004.0,199.0,0.997486
9004.0,200.0,0.751896
9004.0,201.0,0.129187
9004.0,202.0,0.699613
9004.0,203.0,0.791447
9004.0,204.0,0.270466
9004.0,205.0,0.771757
9004.0,206.0,0.515524
9004.0,207.0,0.69291
9004.0,208.0,0.0
9004.0,209.0,0.910421
9004.0,210.0,1.0
9004.0,211.0,0.451026
9004.0,212.0,0.760106
9004.0,213.0,0.446387
9004.0,214.0,0.65013
9004.0,215.0,0.372092
9004.0,216.0,0.0
9004.0,217.0,0.38596
9004.0,218.0,0.554345
9004.0,219.0,0.713143
9004.0,220.0,1.0
9004.0,221.0,0.701831
9004.0,222.0,0.533964
9004.0,223.0,0.673708
9004.0,224.0,0.591439
9004.0,225.0,1.0
9004.0,226.0,1.0
9004.0,227.0,0.416575
9004.0,228.0,0.991042
9004.0,229.0,0.786723
9004.0,230.0,0.623659
9004.0,231.0,0.000809
9004.0,232.0,0.397034
9004.0,233.0,0.105868
9004.0,234.0,0.122188
9004.0,235.0,0.391123
9004.0,236.0,0.524315
9004.0,237.0,0.55374
9004.0,238.0,0.0
9004.0,239.0,1.0
9004.0,240.0,0.474939
9004.0,241.0,0.098483
9004.0,242.0,0.609407
9004.0,243.0,0.651132
9004.0,244.0,0.265696
9004.0,245.0,0.108392
9004.0,246.0,0.360138
9004.0,247.0,0.38719
9004.0,248.0,0.56218
9004.0,249.0,0.199684
9004.0,250.0,0.31023
9004.0,251.0,0.0
9004.0,252.0,0.988599
9004.0,253.0,0.68856
9004.0,254.0,0.23606
9004.0,255.0,0.733107
9004.0,256.0,1.0
9004.0,257.0,0.179424
9004.0,258.0,0.888856
9004.0,259.0,0.314213
9004.0,260.0,0.554721
9004.0,261.0,0.447614
9004.0,262.0,0.065543
9004.0,263.0,0.742447
9004.0,264.0,0.0
9004.0,265.0,0.970162
9004.0,266.0,0.999128
9004.0,267.0,0.057011
9004.0,268.0,0.0
9004.0,269.0,0.377323
9004.0,270.0,0.475774
9004.0,271.0,0.554718
9004.0,272.0,0.754041
9004.0,273.0,0.316688
9004.0,274.0,0.408408
9004.0,275.0,0.681025
9004.0,276.0,0.824947
9004.0,277.0,0.410614
9004.0,278.0,0.0
9004.0,279.0,0.406757
9004.0,280.0,0.545469
9004.0,281.0,0.541221
9004.0,282.0,0.715082
9004.0,283.0,0.611702
9004.0,284.0,0.466668
9004.0,285.0,0.924787
9004.0,286.0,0.459479
9004.0,287.0,0.0
9004.0,288.0,0.285697
9004.0,289.0,1.0
9004.0,290.0,1.0
9004.0,291.0,0.920409
9004.0,292.0,0.254685
9004.0,293.0,0.004331
9004.0,294.0,0.0
9004.0,295.0,0.511289
9004.0,296.0,0.777656
9004.0,297.0,0.347938
9004.0,298.0,0.613818
9004.0,299.0,0.945099
9004.0,300.0,0.702835
9004.0,301.0,0.0
9004.0,302.0,0.887665
9004.0,303.0,0.805886
9004.0,304.0,0.600577
9004.0,305.0,0.739911
9004.0,306.0,1.0
9004.0,307.0,0.466082
9004.0,308.0,0.436769
9004.0,309.0,0.749556
9004.0,310.0,0.887528
9004.0,311.0,1.0
9004.0,312.0,0.178371
9004.0,313.0,0.680414
9004.0,314.0,0.500819
9004.0,315.0,1.0
9004.0,316.0,0.714983
9004.0,317.0,0.528966
9004.0,318.0,0.469715
9004.0,319.0,0.0
9004.0,320.0,0.362004
9004.0,321.0,0.136553
9004.0,322.0,0.263419
9004.0,323.0,0.178056
9004.0,324.0,0.271551
9004.0,325.0,0.010029
9004.0,326.0,0.604923
9004.0,327.0,0.0
9004.0,328.0,0.0
9004.0,329.0,0.60905
9004.0,330.0,0.661149
9004.0,331.0,1.0
9004.0,332.0,0.302234
9004.0,333.0,0.221779
9004.0,334.0,0.667536
9005.0,0.0,0.011204
9005.0,1.0,0.943955
9005.0,2.0,0.0
9005.0,3.0,0.695789
9005.0,4.0,0.0
9005.0,5.0,0.179873
9005.0,6.0,0.644017
9005.0,7.0,0.416476
9005.0,8.0,0.501777
9005.0,9.0,0.545498
9005.0,10.0,0.0
9005.0,11.0,0.453271
9005.0,12.0,1.0
9005.0,13.0,0.574828
9005.0,14.0,0.550992
9005.0,15.0,0.340055
9005.0,16.0,0.578453
9005.0,17.0,0.569546
9005.0,18.0,0.0
9005.0,19.0,0.496085
9005.0,20.0,0.604841
9005.0,21.0,0.493737
9005.0,22.0,0.052676
9005.0,23.0,0.572357
9005.0,24.0,0.234182
9005.0,25.0,0.365909
9005.0,26.0,0.714215
9005.0,27.0,0.0
9005.0,28.0,0.42393
9005.0,29.0,0.48202
9005.0,30.0,0.659608
9005.0,31.0,0.478236
9005.0,32.0,0.317262
9005.0,33.0,0.3543
9005.0,34.0,0.886625
9005.0,35.0,0.426548
9005.0,36.0,0.355727
9005.0,37.0,0.389551
9005.0,38.0,0.001928
9005.0,39.0,0.0
9005.0,40.0,1.0
9005.0,41.0,0.710737
9005.0,42.0,0.00254
9005.0,43.0,0.607118
9005.0,44.0,0.481808
9005.0,45.0,1.0
9005.0,46.0,0.602722
9005.0,47.0,0.382458
9005.0,48.0,0.008499
9005.0,49.0,0.7509
9005.0,50.0,1.0
9005.0,51.0,0.352796
9005.0,52.0,1.0
9005.0,53.0,0.695997
9005.0,54.0,0.489697
9005.0,55.0,0.81998
9005.0,56.0,0.394645
9005.0,57.0,0.301382
9005.0,58.0,1.0
9005.0,59.0,0.832179
9005.0,60.0,0.021141
9005.0,61.0,0.935274
9005.0,62.0,0.577925
9005.0,63.0,0.660783
9005.0,64.0,0.0
9005.0,65.0,0.62561
9005.0,66.0,0.779415
9005.0,67.0,0.34493
9005.0,68.0,0.299657
9005.0,69.0,0.371709
9005.0,70.0,0.0
9005.0,71.0,0.584107
9005.0,72.0,0.615829
9005.0,73.0,0.000372
9005.0,74.0,0.771691
9005.0,75.0,0.812764
9005.0,76.0,0.489788
9005.0,77.0,0.00687
9005.0,78.0,0.411457
9005.0,79.0,0.0
9005.0,80.0,0.388326
9005.0,81.0,0.418344
9005.0,82.0,0.522019
9005.0,83.0,1.0
9005.0,84.0,1.0
9005.0,85.0,0.208552
9005.0,86.0,0.584555
9005.0,87.0,0.058645
9005.0,88.0,0.615462
9005.0,89.0,0.180515
9005.0,90.0,0.841958
9005.0,91.0,0.0
9005.0,92.0,0.0
9005.0,93.0,0.476838
9005.0,94.0,0.970554
9005.0,95.0,0.651336
9005.0,96.0,0.307811
9005.0,97.0,0.023451
9005.0,98.0,0.987267
9005.0,99.0,0.393313
9005.0,100.0,0.706818
9005.0,101.0,0.49126
9005.0,102.0,0.746752
9005.0,103.0,0.447755
9005.0,104.0,1.0
9005.0,105.0,0.556565
9005.0,106.0,0.798696
9005.0,107.0,0.699153
9005.0,108.0,0.629653
9005.0,109.0,0.291357
9005.0,110.0,0.550683
9005.0,111.0,0.035546
9005.0,112.0,0.67446
9005.0,113.0,0.671843
9005.0,114.0,0.457903
9005.0,115.0,0.913912
9005.0,116.0,0.0
9005.0,117.0,0.514411
9005.0,118.0,0.80737
9005.0,119.0,0.0
9005.0,120.0,0.562144
9005.0,121.0,0.454001
9005.0,122.0,0.561072
9005.0,123.0,1.0
9005.0,124.0,0.0
9005.0,125.0,0.341273
9005.0,126.0,0.652323
9005.0,127.0,0.784569
9005.0,128.0,1.0
9005.0,129.0,0.309892
9005.0,130.0,0.0
9005.0,131.0,0.0
9005.0,132.0,0.0
9005.0,133.0,0.197261
9005.0,134.0,0.0
9005.0,135.0,1.0
9005.0,136.0,0.867535
9005.0,137.0,0.600859
9005.0,138.0,0.139678
9005.0,139.0,0.268952
9005.0,140.0,1.0
9005.0,141.0,0.630879
9005.0,142.0,0.204976
9005.0,143.0,0.640646
9005.0,144.0,0.0
9005.0,145.0,0.118354
9005.0,146.0,0.637598
9005.0,147.0,1.0
9005.0,148.0,0.755036
9005.0,149.0,1.0
9005.0,150.0,0.495298
9005.0,151.0,0.832895
9005.0,152.0,0.235479
9005.0,153.0,0.681517
9005.0,154.0,0.520045
9005.0,155.0,0.438209
9005.0,156.0,0.476221
9005.0,157.0,1.0
9005.0,158.0,0.500128
9005.0,159.0,0.312102
9005.0,160.0,0.709083
9005.0,161.0,0.987579
9005.0,162.0,0.502396
9005.0,163.0,0.826454
9005.0,164.0,0.067384
9005.0,165.0,0.551568
9005.0,166.0,0.047868
9005.0,167.0,1.0
9005.0,168.0,0.189132
9005.0,169.0,0.68613
9005.0,170.0,0.0
9005.0,171.0,0.565934
9005.0,172.0,0.256855
9005.0,173.0,0.561216
9005.0,174.0,0.179595
9005.0,175.0,0.366145
9005.0,176.0,0.00079
9005.0,177.0,0.931169
9005.0,178.0,0.671192
9005.0,179.0,1.0
9005.0,180.0,0.485389
9005.0,181.0,1.0
9005.0,182.0,0.767673
9005.0,183.0,0.385359
9005.0,184.0,0.347194
9005.0,185.0,0.695221
9005.0,186.0,0.158689
9005.0,187.0,0.359816
9005.0,188.0,0.430518
9005.0,189.0,0.879335
9005.0,190.0,0.438361
9005.0,191.0,0.559816
9005.0,192.0,1.0
9005.0,193.0,0.58199
9005.0,194.0,0.522694
9005.0,195.0,0.950394
9005.0,196.0,0.517816
9005.0,197.0,0.864785
9005.0,198.0,0.0
9005.0,199.0,0.997507
9005.0,200.0,0.752539
9005.0,201.0,0.130624
9005.0,202.0,0.705403
9005.0,203.0,0.795377
9005.0,204.0,0.270501
9005.0,205.0,0.772483
9005.0,206.0,0.53677
9005.0,207.0,0.704867
9005.0,208.0,0.0
9005.0,209.0,0.91122
9005.0,210.0,1.0
9005.0,211.0,0.454838
9005.0,212.0,0.759393
9005.0,213.0,0.447542
9005.0,214.0,0.661285
9005.0,215.0,0.373002
9005.0,216.0,0.0
9005.0,217.0,0.390551
9005.0,218.0,0.564698
9005.0,219.0,0.71873
9005.0,220.0,1.0
9005.0,221.0,0.7051
9005.0,222.0,0.558029
9005.0,223.0,0.677453
9005.0,224.0,0.59259
9005.0,225.0,1.0
9005.0,226.0,1.0
9005.0,227.0,0.418211
9005.0,228.0,0.990967
9005.0,229.0,0.787261
9005.0,230.0,0.625064
9005.0,231.0,0.000845
9005.0,232.0,0.400126
9005.0,233.0,0.105881
9005.0,234.0,0.124374
9005.0,235.0,0.392709
9005.0,236.0,0.527117
9005.0,237.0,0.557087
9005.0,238.0,0.0
9005.0,239.0,1.0
9005.0,240.0,0.47758
9005.0,241.0,0.099229
9005.0,242.0,0.612227
9005.0,243.0,0.653457
9005.0,244.0,0.269235
9005.0,245.0,0.111131
9005.0,246.0,0.361716
9005.0,247.0,0.389954
9005.0,248.0,0.566522
9005.0,249.0,0.205014
9005.0,250.0,0.315517
9005.0,251.0,0.0
9005.0,252.0,0.987649
9005.0,253.0,0.689083
9005.0,254.0,0.250248
9005.0,255.0,0.733134
9005.0,256.0,1.0
9005.0,257.0,0.179605
9005.0,258.0,0.888228
9005.0,259.0,0.31701
9005.0,260.0,0.554318
9005.0,261.0,0.449974
9005.0,262.0,0.066826
9005.0,263.0,0.743912
9005.0,264.0,0.0
9005.0,265.0,0.970271
9005.0,266.0,0.999104
9005.0,267.0,0.057647
9005.0,268.0,0.0
9005.0,269.0,0.381234
9005.0,270.0,0.477809
9005.0,271.0,0.555135
9005.0,272.0,0.75395
9005.0,273.0,0.31854
9005.0,274.0,0.410821
9005.0,275.0,0.690716
9005.0,276.0,0.840245
9005.0,277.0,0.411598
9005.0,278.0,0.0
9005.0,279.0,0.408566
9005.0,280.0,0.550535
9005.0,281.0,0.543701
9005.0,282.0,0.720569
9005.0,283.0,0.61982
9005.0,284.0,0.472847
9005.0,285.0,0.925203
9005.0,286.0,0.465081
9005.0,287.0,0.0
9005.0,288.0,0.290003
9005.0,289.0,1.0
9005.0,290.0,1.0
9005.0,291.0,0.920761
9005.0,292.0,0.256705
9005.0,293.0,0.004486
9005.0,294.0,0.0
9005.0,295.0,0.514789
9005.0,296.0,0.780521
9005.0,297.0,0.349602
9005.0,298.0,0.614267
9005.0,299.0,0.945361
9005.0,300.0,0.708912
9005.0,301.0,0.0
9005.0,302.0,0.890323
9005.0,303.0,0.809647
9005.0,304.0,0.601225
9005.0,305.0,0.744981
9005.0,306.0,1.0
9005.0,307.0,0.474072
9005.0,308.0,0.440575
9005.0,309.0,0.752036
9005.0,310.0,0.88775
9005.0,311.0,1.0
9005.0,312.0,0.183172
9005.0,313.0,0.682239
9005.0,314.0,0.502294
9005.0,315.0,1.0
9005.0,316.0,0.716235
9005.0,317.0,0.530278
9005.0,318.0,0.470902
9005.0,319.0,0.0
9005.0,320.0,0.370696
9005.0,321.0,0.137686
9005.0,322.0,0.265891
9005.0,323.0,0.18009
9005.0,324.0,0.272921
9005.0,325.0,0.00983
9005.0,326.0,0.611641
9005.0,327.0,0.0
9005.0,328.0,0.0
9005.0,329.0,0.646493
9005.0,330.0,0.66213
9005.0,331.0,1.0
9005.0,332.0,0.302475
9005.0,333.0,0.222818
9005.0,334.0,0.667892
9006.0,0.0,0.010995
9006.0,1.0,0.943742
9006.0,2.0,0.0
9006.0,3.0,0.689158
9006.0,4.0,0.0
9006.0,5.0,0.177685
9006.0,6.0,0.640379
9006.0,7.0,0.410692
9006.0,8.0,0.495616
9006.0,9.0,0.540227
9006.0,10.0,0.0
9006.0,11.0,0.444542
9006.0,12.0,1.0
9006.0,13.0,0.567827
9006.0,14.0,0.542044
9006.0,15.0,0.336109
9006.0,16.0,0.575527
9006.0,17.0,0.565501
9006.0,18.0,0.0
9006.0,19.0,0.494771
9006.0,20.0,0.603314
9006.0,21.0,0.49066
9006.0,22.0,0.052184
9006.0,23.0,0.567816
9006.0,24.0,0.228331
9006.0,25.0,0.360921
9006.0,26.0,0.704922
9006.0,27.0,0.0
9006.0,28.0,0.419086
9006.0,29.0,0.470183
9006.0,30.0,0.657589
9006.0,31.0,0.477395
9006.0,32.0,0.314063
9006.0,33.0,0.35188
9006.0,34.0,0.885531
9006.0,35.0,0.411957
9006.0,36.0,0.353833
9006.0,37.0,0.388712
9006.0,38.0,0.001834
9006.0,39.0,0.0
9006.0,40.0,1.0
9006.0,41.0,0.707345
9006.0,42.0,0.002459
9006.0,43.0,0.605813
9006.0,44.0,0.476891
9006.0,45.0,1.0
9006.0,46.0,0.600466
9006.0,47.0,0.379356
9006.0,48.0,0.008607
9006.0,49.0,0.749548
9006.0,50.0,1.0
9006.0,51.0,0.348158
9006.0,52.0,1.0
9006.0,53.0,0.695504
9006.0,54.0,0.479961
9006.0,55.0,0.818544
9006.0,56.0,0.388082
9006.0,57.0,0.298992
9006.0,58.0,1.0
9006.0,59.0,0.831241
9006.0,60.0,0.020927
9006.0,61.0,0.934974
9006.0,62.0,0.570205
9006.0,63.0,0.657229
9006.0,64.0,0.0
9006.0,65.0,0.619815
9006.0,66.0,0.775979
9006.0,67.0,0.34126
9006.0,68.0,0.291515
9006.0,69.0,0.367785
9006.0,70.0,0.0
9006.0,71.0,0.582863
9006.0,72.0,0.614872
9006.0,73.0,0.000375
9006.0,74.0,0.766037
9006.0,75.0,0.803939
9006.0,76.0,0.484837
9006.0,77.0,0.006863
9006.0,78.0,0.406445
9006.0,79.0,0.0
9006.0,80.0,0.380548
9006.0,81.0,0.415537
9006.0,82.0,0.519397
9006.0,83.0,1.0
9006.0,84.0,1.0
9006.0,85.0,0.20692
9006.0,86.0,0.582762
9006.0,87.0,0.059779
9006.0,88.0,0.613829
9006.0,89.0,0.180447
9006.0,90.0,0.842154
9006.0,91.0,0.0
9006.0,92.0,0.0
9006.0,93.0,0.47545
9006.0,94.0,0.970385
9006.0,95.0,0.647801
9006.0,96.0,0.298936
9006.0,97.0,0.022656
9006.0,98.0,0.987128
9006.0,99.0,0.389439
9006.0,100.0,0.70567
9006.0,101.0,0.481947
9006.0,102.0,0.745296
9006.0,103.0,0.44023
9006.0,104.0,1.0
9006.0,105.0,0.553
9006.0,106.0,0.790188
9006.0,107.0,0.695523
9006.0,108.0,0.625695
9006.0,109.0,0.290459
9006.0,110.0,0.537439
9006.0,111.0,0.034952
9006.0,112.0,0.671584
9006.0,113.0,0.606681
9006.0,114.0,0.453492
9006.0,115.0,0.913568
9006.0,116.0,0.0
9006.0,117.0,0.504104
9006.0,118.0,0.80698
9006.0,119.0,0.0
9006.0,120.0,0.556706
9006.0,121.0,0.451709
9006.0,122.0,0.559232
9006.0,123.0,1.0
9006.0,124.0,0.0
9006.0,125.0,0.325872
9006.0,126.0,0.651104
9006.0,127.0,0.770239
9006.0,128.0,1.0
9006.0,129.0,0.309144
9006.0,130.0,0.0
9006.0,131.0,0.0
9006.0,132.0,0.0
9006.0,133.0,0.19062
9006.0,134.0,0.0
9006.0,135.0,1.0
9006.0,136.0,0.864182
9006.0,137.0,0.600123
9006.0,138.0,0.139832
9006.0,139.0,0.260828
9006.0,140.0,1.0
9006.0,141.0,0.628065
9006.0,142.0,0.203495
9006.0,143.0,0.638305
9006.0,144.0,0.0
9006.0,145.0,0.117912
9006.0,146.0,0.633588
9006.0,147.0,1.0
9006.0,148.0,0.737384
9006.0,149.0,1.0
9006.0,150.0,0.480958
9006.0,151.0,0.831984
9006.0,152.0,0.23412
9006.0,153.0,0.676736
9006.0,154.0,0.517726
9006.0,155.0,0.427862
9006.0,156.0,0.453239
9006.0,157.0,1.0
9006.0,158.0,0.479075
9006.0,159.0,0.310528
9006.0,160.0,0.704831
9006.0,161.0,0.987374
9006.0,162.0,0.500387
9006.0,163.0,0.824193
9006.0,164.0,0.066829
9006.0,165.0,0.550081
9006.0,166.0,0.048232
9006.0,167.0,1.0
9006.0,168.0,0.188356
9006.0,169.0,0.678102
9006.0,170.0,0.0
9006.0,171.0,0.560111
9006.0,172.0,0.254708
9006.0,173.0,0.555153
9006.0,174.0,0.177094
9006.0,175.0,0.364048
9006.0,176.0,0.000814
9006.0,177.0,0.930897
9006.0,178.0,0.666181
9006.0,179.0,1.0
9006.0,180.0,0.483878
9006.0,181.0,1.0
9006.0,182.0,0.75534
9006.0,183.0,0.3808
9006.0,184.0,0.341458
9006.0,185.0,0.689742
9006.0,186.0,0.15767
9006.0,187.0,0.358309
9006.0,188.0,0.430805
9006.0,189.0,0.872597
9006.0,190.0,0.429573
9006.0,191.0,0.553669
9006.0,192.0,1.0
9006.0,193.0,0.578387
9006.0,194.0,0.516344
9006.0,195.0,0.950177
9006.0,196.0,0.511278
9006.0,197.0,0.863195
9006.0,198.0,0.0
9006.0,199.0,0.997402
9006.0,200.0,0.751922
9006.0,201.0,0.129196
9006.0,202.0,0.698715
9006.0,203.0,0.791245
9006.0,204.0,0.27076
9006.0,205.0,0.771015
9006.0,206.0,0.511321
9006.0,207.0,0.691125
9006.0,208.0,0.0
9006.0,209.0,0.910171
9006.0,210.0,1.0
9006.0,211.0,0.450453
9006.0,212.0,0.759713
9006.0,213.0,0.445177
9006.0,214.0,0.648883
9006.0,215.0,0.373061
9006.0,216.0,0.0
9006.0,217.0,0.386394
9006.0,218.0,0.552885
9006.0,219.0,0.711781
9006.0,220.0,1.0
9006.0,221.0,0.701989
9006.0,222.0,0.530328
9006.0,223.0,0.67406
9006.0,224.0,0.591712
9006.0,225.0,1.0
9006.0,226.0,1.0
9006.0,227.0,0.418141
9006.0,228.0,0.990871
9006.0,229.0,0.787156
9006.0,230.0,0.623591
9006.0,231.0,0.000826
9006.0,232.0,0.396237
9006.0,233.0,0.105387
9006.0,234.0,0.122101
9006.0,235.0,0.390946
9006.0,236.0,0.525588
9006.0,237.0,0.554947
9006.0,238.0,0.0
9006.0,239.0,1.0
9006.0,240.0,0.473958
9006.0,241.0,0.098964
9006.0,242.0,0.609072
9006.0,243.0,0.651835
9006.0,244.0,0.264707
9006.0,245.0,0.108122
9006.0,246.0,0.359951
9006.0,247.0,0.385615
9006.0,248.0,0.561826
9006.0,249.0,0.199391
9006.0,250.0,0.309707
9006.0,251.0,0.0
9006.0,252.0,0.988511
9006.0,253.0,0.687074
9006.0,254.0,0.235355
9006.0,255.0,0.732629
9006.0,256.0,1.0
9006.0,257.0,0.17885
9006.0,258.0,0.888883
9006.0,259.0,0.314499
9006.0,260.0,0.554283
9006.0,261.0,0.448335
9006.0,262.0,0.065856
9006.0,263.0,0.743091
9006.0,264.0,0.0
9006.0,265.0,0.970114
9006.0,266.0,0.999153
9006.0,267.0,0.057243
9006.0,268.0,0.0
9006.0,269.0,0.377156
9006.0,270.0,0.476446
9006.0,271.0,0.554117
9006.0,272.0,0.753657
9006.0,273.0,0.316835
9006.0,274.0,0.408689
9006.0,275.0,0.680162
9006.0,276.0,0.824037
9006.0,277.0,0.409386
9006.0,278.0,0.0
9006.0,279.0,0.406388
9006.0,280.0,0.547133
9006.0,281.0,0.540829
9006.0,282.0,0.714803
9006.0,283.0,0.611159
9006.0,284.0,0.465922
9006.0,285.0,0.924757
9006.0,286.0,0.458118
9006.0,287.0,0.0
9006.0,288.0,0.2847
9006.0,289.0,1.0
9006.0,290.0,1.0
9006.0,291.0,0.92014
9006.0,292.0,0.255482
9006.0,293.0,0.004263
9006.0,294.0,0.0
9006.0,295.0,0.51015
9006.0,296.0,0.777692
9006.0,297.0,0.348262
9006.0,298.0,0.612706
9006.0,299.0,0.944919
9006.0,300.0,0.702708
9006.0,301.0,0.0
9006.0,302.0,0.887613
9006.0,303.0,0.806022
9006.0,304.0,0.601734
9006.0,305.0,0.739275
9006.0,306.0,1.0
9006.0,307.0,0.465795
9006.0,308.0,0.437714
9006.0,309.0,0.748206
9006.0,310.0,0.887179
9006.0,311.0,1.0
9006.0,312.0,0.177995
9006.0,313.0,0.680338
9006.0,314.0,0.5003
9006.0,315.0,1.0
9006.0,316.0,0.715877
9006.0,317.0,0.527403
9006.0,318.0,0.468921
9006.0,319.0,0.0
9006.0,320.0,0.361731
9006.0,321.0,0.136795
9006.0,322.0,0.261843
9006.0,323.0,0.177062
9006.0,324.0,0.271162
9006.0,325.0,0.009762
9006.0,326.0,0.605254
9006.0,327.0,0.0
9006.0,328.0,0.0
9006.0,329.0,0.601349
9006.0,330.0,0.661182
9006.0,331.0,1.0
9006.0,332.0,0.301179
9006.0,333.0,0.220992
9006.0,334.0,0.665766
9007.0,0.0,0.010997
9007.0,1.0,0.943578
9007.0,2.0,0.0
9007.0,3.0,0.682239
9007.0,4.0,0.0
9007.0,5.0,0.176555
9007.0,6.0,0.637163
9007.0,7.0,0.404754
9007.0,8.0,0.489305
9007.0,9.0,0.536416
9007.0,10.0,0.0
9007.0,11.0,0.435848
9007.0,12.0,1.0
9007.0,13.0,0.561875
9007.0,14.0,0.533678
9007.0,15.0,0.332033
9007.0,16.0,0.571665
9007.0,17.0,0.561147
9007.0,18.0,0.0
9007.0,19.0,0.492725
9007.0,20.0,0.601127
9007.0,21.0,0.487556
9007.0,22.0,0.05201
9007.0,23.0,0.563957
9007.0,24.0,0.221956
9007.0,25.0,0.35501
9007.0,26.0,0.695128
9007.0,27.0,0.0
9007.0,28.0,0.41438
9007.0,29.0,0.459584
9007.0,30.0,0.656061
9007.0,31.0,0.475944
9007.0,32.0,0.310641
9007.0,33.0,0.350064
9007.0,34.0,0.884643
9007.0,35.0,0.398183
9007.0,36.0,0.352228
9007.0,37.0,0.388342
9007.0,38.0,0.001802
9007.0,39.0,0.0
9007.0,40.0,1.0
9007.0,41.0,0.703319
9007.0,42.0,0.002395
9007.0,43.0,0.604852
9007.0,44.0,0.472629
9007.0,45.0,1.0
9007.0,46.0,0.598474
9007.0,47.0,0.376089
9007.0,48.0,0.00864
9007.0,49.0,0.748543
9007.0,50.0,1.0
9007.0,51.0,0.343131
9007.0,52.0,1.0
9007.0,53.0,0.695615
9007.0,54.0,0.471269
9007.0,55.0,0.816996
9007.0,56.0,0.383093
9007.0,57.0,0.296666
9007.0,58.0,1.0
9007.0,59.0,0.830437
9007.0,60.0,0.02087
9007.0,61.0,0.934511
9007.0,62.0,0.562642
9007.0,63.0,0.654538
9007.0,64.0,0.0
9007.0,65.0,0.614942
9007.0,66.0,0.771552
9007.0,67.0,0.337274
9007.0,68.0,0.282677
9007.0,69.0,0.363987
9007.0,70.0,0.0
9007.0,71.0,0.581345
9007.0,72.0,0.614281
9007.0,73.0,0.000414
9007.0,74.0,0.760572
9007.0,75.0,0.795976
9007.0,76.0,0.480279
9007.0,77.0,0.006807
9007.0,78.0,0.401388
9007.0,79.0,0.0
9007.0,80.0,0.372601
9007.0,81.0,0.413212
9007.0,82.0,0.517324
9007.0,83.0,1.0
9007.0,84.0,1.0
9007.0,85.0,0.205152
9007.0,86.0,0.582282
9007.0,87.0,0.060993
9007.0,88.0,0.613056
9007.0,89.0,0.179943
9007.0,90.0,0.842562
9007.0,91.0,0.0
9007.0,92.0,0.0
9007.0,93.0,0.473417
9007.0,94.0,0.970155
9007.0,95.0,0.644058
9007.0,96.0,0.291419
9007.0,97.0,0.021973
9007.0,98.0,0.987
9007.0,99.0,0.386324
9007.0,100.0,0.703058
9007.0,101.0,0.472842
9007.0,102.0,0.743529
9007.0,103.0,0.433229
9007.0,104.0,1.0
9007.0,105.0,0.549424
9007.0,106.0,0.7816
9007.0,107.0,0.692878
9007.0,108.0,0.622658
9007.0,109.0,0.289525
9007.0,110.0,0.524893
9007.0,111.0,0.034276
9007.0,112.0,0.667371
9007.0,113.0,0.536449
9007.0,114.0,0.448752
9007.0,115.0,0.913183
9007.0,116.0,0.0
9007.0,117.0,0.494077
9007.0,118.0,0.806462
9007.0,119.0,0.0
9007.0,120.0,0.552311
9007.0,121.0,0.448515
9007.0,122.0,0.556996
9007.0,123.0,1.0
9007.0,124.0,0.0
9007.0,125.0,0.312248
9007.0,126.0,0.649783
9007.0,127.0,0.75627
9007.0,128.0,1.0
9007.0,129.0,0.307845
9007.0,130.0,0.0
9007.0,131.0,0.0
9007.0,132.0,0.0
9007.0,133.0,0.184786
9007.0,134.0,0.0
9007.0,135.0,1.0
9007.0,136.0,0.860993
9007.0,137.0,0.600097
9007.0,138.0,0.139726
9007.0,139.0,0.253054
9007.0,140.0,1.0
9007.0,141.0,0.625605
9007.0,142.0,0.201824
9007.0,143.0,0.635905
9007.0,144.0,0.0
9007.0,145.0,0.1176
9007.0,146.0,0.629151
9007.0,147.0,1.0
9007.0,148.0,0.720297
9007.0,149.0,1.0
9007.0,150.0,0.46653
9007.0,151.0,0.831191
9007.0,152.0,0.231899
9007.0,153.0,0.671629
9007.0,154.0,0.514056
9007.0,155.0,0.418265
9007.0,156.0,0.4312
9007.0,157.0,1.0
9007.0,158.0,0.457294
9007.0,159.0,0.309804
9007.0,160.0,0.699725
9007.0,161.0,0.987187
9007.0,162.0,0.498936
9007.0,163.0,0.822472
9007.0,164.0,0.066278
9007.0,165.0,0.549916
9007.0,166.0,0.048123
9007.0,167.0,1.0
9007.0,168.0,0.18757
9007.0,169.0,0.671614
9007.0,170.0,0.0
9007.0,171.0,0.554232
9007.0,172.0,0.252287
9007.0,173.0,0.549123
9007.0,174.0,0.174323
9007.0,175.0,0.362207
9007.0,176.0,0.000794
9007.0,177.0,0.931094
9007.0,178.0,0.661188
9007.0,179.0,1.0
9007.0,180.0,0.482176
9007.0,181.0,1.0
9007.0,182.0,0.742199
9007.0,183.0,0.375748
9007.0,184.0,0.336569
9007.0,185.0,0.683562
9007.0,186.0,0.1572
9007.0,187.0,0.356976
9007.0,188.0,0.430894
9007.0,189.0,0.865428
9007.0,190.0,0.421311
9007.0,191.0,0.548006
9007.0,192.0,1.0
9007.0,193.0,0.574759
9007.0,194.0,0.511148
9007.0,195.0,0.950098
9007.0,196.0,0.504862
9007.0,197.0,0.861635
9007.0,198.0,0.0
9007.0,199.0,0.997417
9007.0,200.0,0.753054
9007.0,201.0,0.127919
9007.0,202.0,0.69123
9007.0,203.0,0.786991
9007.0,204.0,0.271441
9007.0,205.0,0.769652
9007.0,206.0,0.487152
9007.0,207.0,0.676603
9007.0,208.0,0.0
9007.0,209.0,0.90933
9007.0,210.0,1.0
9007.0,211.0,0.446274
9007.0,212.0,0.760074
9007.0,213.0,0.443117
9007.0,214.0,0.636035
9007.0,215.0,0.373112
9007.0,216.0,0.0
9007.0,217.0,0.381994
9007.0,218.0,0.542016
9007.0,219.0,0.704497
9007.0,220.0,1.0
9007.0,221.0,0.698933
9007.0,222.0,0.503341
9007.0,223.0,0.669864
9007.0,224.0,0.590765
9007.0,225.0,1.0
9007.0,226.0,1.0
9007.0,227.0,0.417121
9007.0,228.0,0.990709
9007.0,229.0,0.786072
9007.0,230.0,0.622222
9007.0,231.0,0.000784
9007.0,232.0,0.392498
9007.0,233.0,0.105196
9007.0,234.0,0.120539
9007.0,235.0,0.389892
9007.0,236.0,0.525135
9007.0,237.0,0.553084
9007.0,238.0,0.0
9007.0,239.0,1.0
9007.0,240.0,0.470537
9007.0,241.0,0.097979
9007.0,242.0,0.606701
9007.0,243.0,0.650206
9007.0,244.0,0.260415
9007.0,245.0,0.104855
9007.0,246.0,0.35943
9007.0,247.0,0.383268
9007.0,248.0,0.55632
9007.0,249.0,0.193758
9007.0,250.0,0.305096
9007.0,251.0,0.0
9007.0,252.0,0.989576
9007.0,253.0,0.686045
9007.0,254.0,0.22133
9007.0,255.0,0.732294
9007.0,256.0,1.0
9007.0,257.0,0.178364
9007.0,258.0,0.889303
9007.0,259.0,0.312111
9007.0,260.0,0.554801
9007.0,261.0,0.446369
9007.0,262.0,0.06424
9007.0,263.0,0.742577
9007.0,264.0,0.0
9007.0,265.0,0.970205
9007.0,266.0,0.999191
9007.0,267.0,0.056978
9007.0,268.0,0.0
9007.0,269.0,0.37359
9007.0,270.0,0.474985
9007.0,271.0,0.553318
9007.0,272.0,0.753066
9007.0,273.0,0.315157
9007.0,274.0,0.40692
9007.0,275.0,0.668857
9007.0,276.0,0.807454
9007.0,277.0,0.407446
9007.0,278.0,0.0
9007.0,279.0,0.403349
9007.0,280.0,0.542964
9007.0,281.0,0.538263
9007.0,282.0,0.709405
9007.0,283.0,0.6023
9007.0,284.0,0.458068
9007.0,285.0,0.924405
9007.0,286.0,0.450816
9007.0,287.0,0.0
9007.0,288.0,0.27983
9007.0,289.0,1.0
9007.0,290.0,1.0
9007.0,291.0,0.91948
9007.0,292.0,0.253356
9007.0,293.0,0.00412
9007.0,294.0,0.0
9007.0,295.0,0.505376
9007.0,296.0,0.77488
9007.0,297.0,0.346618
9007.0,298.0,0.612556
9007.0,299.0,0.944454
9007.0,300.0,0.696291
9007.0,301.0,0.0
9007.0,302.0,0.885527
9007.0,303.0,0.801653
9007.0,304.0,0.601126
9007.0,305.0,0.732708
9007.0,306.0,1.0
9007.0,307.0,0.456225
9007.0,308.0,0.433925
9007.0,309.0,0.744071
9007.0,310.0,0.886471
9007.0,311.0,1.0
9007.0,312.0,0.173142
9007.0,313.0,0.677882
9007.0,314.0,0.498613
9007.0,315.0,1.0
9007.0,316.0,0.714507
9007.0,317.0,0.524699
9007.0,318.0,0.466151
9007.0,319.0,0.0
9007.0,320.0,0.351641
9007.0,321.0,0.135429
9007.0,322.0,0.258476
9007.0,323.0,0.174863
9007.0,324.0,0.269843
9007.0,325.0,0.009676
9007.0,326.0,0.598658
9007.0,327.0,0.0
9007.0,328.0,0.0
9007.0,329.0,0.557384
9007.0,330.0,0.66047
9007.0,331.0,1.0
9007.0,332.0,0.299648
9007.0,333.0,0.219382
9007.0,334.0,0.665123
9008.0,0.0,0.011079
9008.0,1.0,0.943292
9008.0,2.0,0.0
9008.0,3.0,0.674246
9008.0,4.0,0.0
9008.0,5.0,0.175296
9008.0,6.0,0.633839
9008.0,7.0,0.399086
9008.0,8.0,0.484169
9008.0,9.0,0.530908
9008.0,10.0,0.0
9008.0,11.0,0.427848
9008.0,12.0,1.0
9008.0,13.0,0.555818
9008.0,14.0,0.525364
9008.0,15.0,0.328112
9008.0,16.0,0.567835
9008.0,17.0,0.557278
9008.0,18.0,0.0
9008.0,19.0,0.490854
9008.0,20.0,0.600015
9008.0,21.0,0.483338
9008.0,22.0,0.051654
9008.0,23.0,0.55992
9008.0,24.0,0.21679
9008.0,25.0,0.350031
9008.0,26.0,0.685414
9008.0,27.0,0.0
9008.0,28.0,0.408927
9008.0,29.0,0.449541
9008.0,30.0,0.654023
9008.0,31.0,0.473923
9008.0,32.0,0.30767
9008.0,33.0,0.348044
9008.0,34.0,0.884076
9008.0,35.0,0.384245
9008.0,36.0,0.35047
9008.0,37.0,0.386635
9008.0,38.0,0.001767
9008.0,39.0,0.0
9008.0,40.0,1.0
9008.0,41.0,0.700958
9008.0,42.0,0.002248
9008.0,43.0,0.602968
9008.0,44.0,0.469121
9008.0,45.0,1.0
9008.0,46.0,0.59561
9008.0,47.0,0.37325
9008.0,48.0,0.008607
9008.0,49.0,0.746514
9008.0,50.0,1.0
9008.0,51.0,0.338471
9008.0,52.0,1.0
9008.0,53.0,0.695052
9008.0,54.0,0.462211
9008.0,55.0,0.816582
9008.0,56.0,0.377838
9008.0,57.0,0.295184
9008.0,58.0,1.0
9008.0,59.0,0.829195
9008.0,60.0,0.020606
9008.0,61.0,0.933597
9008.0,62.0,0.55514
9008.0,63.0,0.651862
9008.0,64.0,0.0
9008.0,65.0,0.609919
9008.0,66.0,0.768424
9008.0,67.0,0.332983
9008.0,68.0,0.273424
9008.0,69.0,0.360261
9008.0,70.0,0.0
9008.0,71.0,0.580791
9008.0,72.0,0.613364
9008.0,73.0,0.000403
9008.0,74.0,0.755472
9008.0,75.0,0.788213
9008.0,76.0,0.476266
9008.0,77.0,0.00668
9008.0,78.0,0.396367
9008.0,79.0,0.0
9008.0,80.0,0.365544
9008.0,81.0,0.410819
9008.0,82.0,0.515689
9008.0,83.0,1.0
9008.0,84.0,1.0
9008.0,85.0,0.203621
9008.0,86.0,0.581279
9008.0,87.0,0.06176
9008.0,88.0,0.610747
9008.0,89.0,0.179791
9008.0,90.0,0.842966
9008.0,91.0,0.0
9008.0,92.0,0.0
9008.0,93.0,0.472205
9008.0,94.0,0.970428
9008.0,95.0,0.640464
9008.0,96.0,0.283617
9008.0,97.0,0.021517
9008.0,98.0,0.987063
9008.0,99.0,0.383074
9008.0,100.0,0.7015
9008.0,101.0,0.464374
9008.0,102.0,0.741621
9008.0,103.0,0.425282
9008.0,104.0,1.0
9008.0,105.0,0.546351
9008.0,106.0,0.773871
9008.0,107.0,0.689567
9008.0,108.0,0.619466
9008.0,109.0,0.289657
9008.0,110.0,0.511885
9008.0,111.0,0.033556
9008.0,112.0,0.663744
9008.0,113.0,0.46621
9008.0,114.0,0.444806
9008.0,115.0,0.913041
9008.0,116.0,0.0
9008.0,117.0,0.484531
9008.0,118.0,0.805839
9008.0,119.0,0.0
9008.0,120.0,0.548109
9008.0,121.0,0.446916
9008.0,122.0,0.556182
9008.0,123.0,1.0
9008.0,124.0,0.0
9008.0,125.0,0.298818
9008.0,126.0,0.648283
9008.0,127.0,0.741485
9008.0,128.0,1.0
9008.0,129.0,0.307259
9008.0,130.0,0.0
9008.0,131.0,0.0
9008.0,132.0,0.0
9008.0,133.0,0.178453
9008.0,134.0,0.0
9008.0,135.0,1.0
9008.0,136.0,0.857728
9008.0,137.0,0.599467
9008.0,138.0,0.139796
9008.0,139.0,0.245844
9008.0,140.0,1.0
9008.0,141.0,0.622415
9008.0,142.0,0.201349
9008.0,143.0,0.634626
9008.0,144.0,0.0
9008.0,145.0,0.117315
9008.0,146.0,0.625676
9008.0,147.0,1.0
9008.0,148.0,0.702752
9008.0,149.0,1.0
9008.0,150.0,0.453442
9008.0,151.0,0.830798
9008.0,152.0,0.230868
9008.0,153.0,0.667309
9008.0,154.0,0.509836
9008.0,155.0,0.40777
9008.0,156.0,0.410125
9008.0,157.0,1.0
9008.0,158.0,0.435138
9008.0,159.0,0.308471
9008.0,160.0,0.694756
9008.0,161.0,0.987088
9008.0,162.0,0.49788
9008.0,163.0,0.820316
9008.0,164.0,0.065853
9008.0,165.0,0.54924
9008.0,166.0,0.048237
9008.0,167.0,1.0
9008.0,168.0,0.187703
9008.0,169.0,0.664
9008.0,170.0,0.0
9008.0,171.0,0.548252
9008.0,172.0,0.25057
9008.0,173.0,0.54321
9008.0,174.0,0.172637
9008.0,175.0,0.359677
9008.0,176.0,0.000814
9008.0,177.0,0.930899
9008.0,178.0,0.656522
9008.0,179.0,1.0
9008.0,180.0,0.480713
9008.0,181.0,1.0
9008.0,182.0,0.729037
9008.0,183.0,0.371313
9008.0,184.0,0.330982
9008.0,185.0,0.677285
9008.0,186.0,0.156305
9008.0,187.0,0.355108
9008.0,188.0,0.430842
9008.0,189.0,0.859137
9008.0,190.0,0.412983
9008.0,191.0,0.543575
9008.0,192.0,1.0
9008.0,193.0,0.570793
9008.0,194.0,0.505647
9008.0,195.0,0.949919
9008.0,196.0,0.499469
9008.0,197.0,0.860039
9008.0,198.0,0.0
9008.0,199.0,0.997508
9008.0,200.0,0.752416
9008.0,201.0,0.126564
9008.0,202.0,0.684195
9008.0,203.0,0.782713
9008.0,204.0,0.271339
9008.0,205.0,0.767969
9008.0,206.0,0.463231
9008.0,207.0,0.66268
9008.0,208.0,0.0
9008.0,209.0,0.908126
9008.0,210.0,1.0
9008.0,211.0,0.443368
9008.0,212.0,0.760043
9008.0,213.0,0.441056
9008.0,214.0,0.623787
9008.0,215.0,0.3716
9008.0,216.0,0.0
9008.0,217.0,0.377054
9008.0,218.0,0.531033
9008.0,219.0,0.697897
9008.0,220.0,1.0
9008.0,221.0,0.695478
9008.0,222.0,0.478605
9008.0,223.0,0.665533
9008.0,224.0,0.589993
9008.0,225.0,1.0
9008.0,226.0,1.0
9008.0,227.0,0.415854
9008.0,228.0,0.990682
9008.0,229.0,0.78562
9008.0,230.0,0.620028
9008.0,231.0,0.000803
9008.0,232.0,0.388977
9008.0,233.0,0.104696
9008.0,234.0,0.119049
9008.0,235.0,0.388595
9008.0,236.0,0.524982
9008.0,237.0,0.550631
9008.0,238.0,0.0
9008.0,239.0,1.0
9008.0,240.0,0.467209
9008.0,241.0,0.097425
9008.0,242.0,0.605266
9008.0,243.0,0.650157
9008.0,244.0,0.255541
9008.0,245.0,0.102284
9008.0,246.0,0.357953
9008.0,247.0,0.380053
9008.0,248.0,0.552078
9008.0,249.0,0.188669
9008.0,250.0,0.298697
9008.0,251.0,0.0
9008.0,252.0,0.990452
9008.0,253.0,0.68543
9008.0,254.0,0.207485
9008.0,255.0,0.731828
9008.0,256.0,1.0
9008.0,257.0,0.177315
9008.0,258.0,0.890098
9008.0,259.0,0.308627
9008.0,260.0,0.554033
9008.0,261.0,0.444003
9008.0,262.0,0.063306
9008.0,263.0,0.742047
9008.0,264.0,0.0
9008.0,265.0,0.970134
9008.0,266.0,0.999205
9008.0,267.0,0.056402
9008.0,268.0,0.0
9008.0,269.0,0.369664
9008.0,270.0,0.473928
9008.0,271.0,0.553255
9008.0,272.0,0.753513
9008.0,273.0,0.312793
9008.0,274.0,0.405947
9008.0,275.0,0.65917
9008.0,276.0,0.789234
9008.0,277.0,0.406121
9008.0,278.0,0.0
9008.0,279.0,0.401177
9008.0,280.0,0.537868
9008.0,281.0,0.535615
9008.0,282.0,0.70366
9008.0,283.0,0.593581
9008.0,284.0,0.451054
9008.0,285.0,0.92423
9008.0,286.0,0.443702
9008.0,287.0,0.0
9008.0,288.0,0.276101
9008.0,289.0,1.0
9008.0,290.0,1.0
9008.0,291.0,0.91901
9008.0,292.0,0.251928
9008.0,293.0,0.004061
9008.0,294.0,0.0
9008.0,295.0,0.499899
9008.0,296.0,0.772864
9008.0,297.0,0.346
9008.0,298.0,0.612078
9008.0,299.0,0.944371
9008.0,300.0,0.690375
9008.0,301.0,0.0
9008.0,302.0,0.882923
9008.0,303.0,0.796514
9008.0,304.0,0.601301
9008.0,305.0,0.727244
9008.0,306.0,1.0
9008.0,307.0,0.448486
9008.0,308.0,0.430585
9008.0,309.0,0.739966
9008.0,310.0,0.886018
9008.0,311.0,1.0
9008.0,312.0,0.168182
9008.0,313.0,0.675368
9008.0,314.0,0.496828
9008.0,315.0,1.0
9008.0,316.0,0.713953
9008.0,317.0,0.523326
9008.0,318.0,0.464466
9008.0,319.0,0.0
9008.0,320.0,0.343176
9008.0,321.0,0.134125
9008.0,322.0,0.255864
9008.0,323.0,0.172437
9008.0,324.0,0.26895
9008.0,325.0,0.009555
9008.0,326.0,0.591447
9008.0,327.0,0.0
9008.0,328.0,0.0
9008.0,329.0,0.517015
9008.0,330.0,0.660462
9008.0,331.0,1.0
9008.0,332.0,0.298772
9008.0,333.0,0.217779
9008.0,334.0,0.665068
9009.0,0.0,0.010951
9009.0,1.0,0.942571
9009.0,2.0,0.0
9009.0,3.0,0.667324
9009.0,4.0,0.0
9009.0,5.0,0.173769
9009.0,6.0,0.631552
9009.0,7.0,0.393019
9009.0,8.0,0.47829
9009.0,9.0,0.526434
9009.0,10.0,0.0
9009.0,11.0,0.419644
9009.0,12.0,1.0
9009.0,13.0,0.549669
9009.0,14.0,0.515862
9009.0,15.0,0.324854
9009.0,16.0,0.565011
9009.0,17.0,0.554933
9009.0,18.0,0.0
9009.0,19.0,0.488616
9009.0,20.0,0.598751
9009.0,21.0,0.48023
9009.0,22.0,0.050996
9009.0,23.0,0.556325
9009.0,24.0,0.2101
9009.0,25.0,0.344925
9009.0,26.0,0.675912
9009.0,27.0,0.0
9009.0,28.0,0.403231
9009.0,29.0,0.439498
9009.0,30.0,0.651813
9009.0,31.0,0.471864
9009.0,32.0,0.30499
9009.0,33.0,0.345684
9009.0,34.0,0.883897
9009.0,35.0,0.371604
9009.0,36.0,0.348864
9009.0,37.0,0.385553
9009.0,38.0,0.001744
9009.0,39.0,0.0
9009.0,40.0,1.0
9009.0,41.0,0.698041
9009.0,42.0,0.00223
9009.0,43.0,0.601403
9009.0,44.0,0.465631
9009.0,45.0,1.0
9009.0,46.0,0.593808
9009.0,47.0,0.369891
9009.0,48.0,0.008637
9009.0,49.0,0.745312
9009.0,50.0,1.0
9009.0,51.0,0.335022
9009.0,52.0,1.0
9009.0,53.0,0.694975
9009.0,54.0,0.453055
9009.0,55.0,0.815558
9009.0,56.0,0.371621
9009.0,57.0,0.292865
9009.0,58.0,1.0
9009.0,59.0,0.828779
9009.0,60.0,0.020652
9009.0,61.0,0.932793
9009.0,62.0,0.547962
9009.0,63.0,0.648463
9009.0,64.0,0.0
9009.0,65.0,0.604061
9009.0,66.0,0.76441
9009.0,67.0,0.328718
9009.0,68.0,0.263633
9009.0,69.0,0.357624
9009.0,70.0,0.0
9009.0,71.0,0.579962
9009.0,72.0,0.613115
9009.0,73.0,0.000402
9009.0,74.0,0.751241
9009.0,75.0,0.779473
9009.0,76.0,0.472085
9009.0,77.0,0.00654
9009.0,78.0,0.391551
9009.0,79.0,0.0
9009.0,80.0,0.357925
9009.0,81.0,0.407458
9009.0,82.0,0.514103
9009.0,83.0,1.0
9009.0,84.0,1.0
9009.0,85.0,0.202843
9009.0,86.0,0.580628
9009.0,87.0,0.062975
9009.0,88.0,0.609052
9009.0,89.0,0.179776
9009.0,90.0,0.84337
9009.0,91.0,0.0
9009.0,92.0,0.0
9009.0,93.0,0.47069
9009.0,94.0,0.970019
9009.0,95.0,0.637236
9009.0,96.0,0.275135
9009.0,97.0,0.021162
9009.0,98.0,0.986965
9009.0,99.0,0.380511
9009.0,100.0,0.699774
9009.0,101.0,0.455747
9009.0,102.0,0.738664
9009.0,103.0,0.417631
9009.0,104.0,1.0
9009.0,105.0,0.542408
9009.0,106.0,0.765625
9009.0,107.0,0.686388
9009.0,108.0,0.616083
9009.0,109.0,0.288627
9009.0,110.0,0.500023
9009.0,111.0,0.033091
9009.0,112.0,0.660194
9009.0,113.0,0.397738
9009.0,114.0,0.439816
9009.0,115.0,0.912932
9009.0,116.0,0.0
9009.0,117.0,0.476396
9009.0,118.0,0.805795
9009.0,119.0,0.0
9009.0,120.0,0.544384
9009.0,121.0,0.445166
9009.0,122.0,0.554465
9009.0,123.0,1.0
9009.0,124.0,0.0
9009.0,125.0,0.285252
9009.0,126.0,0.647511
9009.0,127.0,0.727494
9009.0,128.0,1.0
9009.0,129.0,0.305144
9009.0,130.0,0.0
9009.0,131.0,0.0
9009.0,132.0,0.0
9009.0,133.0,0.172391
9009.0,134.0,0.0
9009.0,135.0,1.0
9009.0,136.0,0.854232
9009.0,137.0,0.599425
9009.0,138.0,0.139702
9009.0,139.0,0.239465
9009.0,140.0,1.0
9009.0,141.0,0.619281
9009.0,142.0,0.200142
9009.0,143.0,0.631589
9009.0,144.0,0.0
9009.0,145.0,0.11708
9009.0,146.0,0.620729
9009.0,147.0,1.0
9009.0,148.0,0.684567
9009.0,149.0,1.0
9009.0,150.0,0.440483
9009.0,151.0,0.829854
9009.0,152.0,0.230288
9009.0,153.0,0.662611
9009.0,154.0,0.506832
9009.0,155.0,0.398754
9009.0,156.0,0.389442
9009.0,157.0,1.0
9009.0,158.0,0.413474
9009.0,159.0,0.305422
9009.0,160.0,0.690455
9009.0,161.0,0.987004
9009.0,162.0,0.496152
9009.0,163.0,0.818059
9009.0,164.0,0.065387
9009.0,165.0,0.54902
9009.0,166.0,0.048318
9009.0,167.0,1.0
9009.0,168.0,0.187189
9009.0,169.0,0.656866
9009.0,170.0,0.0
9009.0,171.0,0.542538
9009.0,172.0,0.248644
9009.0,173.0,0.536757
9009.0,174.0,0.171351
9009.0,175.0,0.357369
9009.0,176.0,0.000888
9009.0,177.0,0.930851
9009.0,178.0,0.652012
9009.0,179.0,1.0
9009.0,180.0,0.479381
9009.0,181.0,1.0
9009.0,182.0,0.715414
9009.0,183.0,0.366717
9009.0,184.0,0.325752
9009.0,185.0,0.671577
9009.0,186.0,0.155183
9009.0,187.0,0.354019
9009.0,188.0,0.429879
9009.0,189.0,0.852255
9009.0,190.0,0.405229
9009.0,191.0,0.538812
9009.0,192.0,1.0
9009.0,193.0,0.567507
9009.0,194.0,0.500367
9009.0,195.0,0.949252
9009.0,196.0,0.493689
9009.0,197.0,0.858256
9009.0,198.0,0.0
9009.0,199.0,0.997506
9009.0,200.0,0.752571
9009.0,201.0,0.124849
9009.0,202.0,0.67795
9009.0,203.0,0.777746
9009.0,204.0,0.271486
9009.0,205.0,0.766373
9009.0,206.0,0.439529
9009.0,207.0,0.647908
9009.0,208.0,0.0
9009.0,209.0,0.907373
9009.0,210.0,1.0
9009.0,211.0,0.440107
9009.0,212.0,0.760657
9009.0,213.0,0.438441
9009.0,214.0,0.611602
9009.0,215.0,0.370043
9009.0,216.0,0.0
9009.0,217.0,0.37319
9009.0,218.0,0.519851
9009.0,219.0,0.691722
9009.0,220.0,1.0
9009.0,221.0,0.69266
9009.0,222.0,0.456086
9009.0,223.0,0.661917
9009.0,224.0,0.589027
9009.0,225.0,1.0
9009.0,226.0,1.0
9009.0,227.0,0.414537
9009.0,228.0,0.990603
9009.0,229.0,0.783675
9009.0,230.0,0.619168
9009.0,231.0,0.000772
9009.0,232.0,0.38546
9009.0,233.0,0.104079
9009.0,234.0,0.116673
9009.0,235.0,0.386564
9009.0,236.0,0.522984
9009.0,237.0,0.547699
9009.0,238.0,0.0
9009.0,239.0,1.0
9009.0,240.0,0.463541
9009.0,241.0,0.097424
9009.0,242.0,0.602893
9009.0,243.0,0.651193
9009.0,244.0,0.252264
9009.0,245.0,0.099833
9009.0,246.0,0.356909
9009.0,247.0,0.37696
9009.0,248.0,0.546407
9009.0,249.0,0.18276
9009.0,250.0,0.293011
9009.0,251.0,0.0
9009.0,252.0,0.991281
9009.0,253.0,0.684659
9009.0,254.0,0.194912
9009.0,255.0,0.731071
9009.0,256.0,1.0
9009.0,257.0,0.177442
9009.0,258.0,0.890537
9009.0,259.0,0.305718
9009.0,260.0,0.553707
9009.0,261.0,0.442091
9009.0,262.0,0.062101
9009.0,263.0,0.741473
9009.0,264.0,0.0
9009.0,265.0,0.969931
9009.0,266.0,0.999156
9009.0,267.0,0.056047
9009.0,268.0,0.0
9009.0,269.0,0.365655
9009.0,270.0,0.471782
9009.0,271.0,0.552389
9009.0,272.0,0.753183
9009.0,273.0,0.310492
9009.0,274.0,0.404787
9009.0,275.0,0.648494
9009.0,276.0,0.770915
9009.0,277.0,0.404907
9009.0,278.0,0.0
9009.0,279.0,0.399108
9009.0,280.0,0.533471
9009.0,281.0,0.533302
9009.0,282.0,0.698178
9009.0,283.0,0.584353
9009.0,284.0,0.444604
9009.0,285.0,0.923596
9009.0,286.0,0.437574
9009.0,287.0,0.0
9009.0,288.0,0.272675
9009.0,289.0,1.0
9009.0,290.0,1.0
9009.0,291.0,0.918044
9009.0,292.0,0.249556
9009.0,293.0,0.003921
9009.0,294.0,0.0
9009.0,295.0,0.49622
9009.0,296.0,0.770165
9009.0,297.0,0.344311
9009.0,298.0,0.611305
9009.0,299.0,0.943979
9009.0,300.0,0.684399
9009.0,301.0,0.0
9009.0,302.0,0.87976
9009.0,303.0,0.792188
9009.0,304.0,0.600728
9009.0,305.0,0.721545
9009.0,306.0,1.0
9009.0,307.0,0.44094
9009.0,308.0,0.427391
9009.0,309.0,0.736158
9009.0,310.0,0.885444
9009.0,311.0,1.0
9009.0,312.0,0.163105
9009.0,313.0,0.672953
9009.0,314.0,0.495394
9009.0,315.0,1.0
9009.0,316.0,0.713001
9009.0,317.0,0.521465
9009.0,318.0,0.463361
9009.0,319.0,0.0
9009.0,320.0,0.335085
9009.0,321.0,0.132791
9009.0,322.0,0.252981
9009.0,323.0,0.170304
9009.0,324.0,0.267733
9009.0,325.0,0.009451
9009.0,326.0,0.584408
9009.0,327.0,0.0
9009.0,328.0,0.0
9009.0,329.0,0.480928
9009.0,330.0,0.660543
9009.0,331.0,1.0
9009.0,332.0,0.297993
9009.0,333.0,0.215952
9009.0,334.0,0.663694
9010.0,0.0,0.010919
9010.0,1.0,0.942625
9010.0,2.0,0.0
9010.0,3.0,0.660485
9010.0,4.0,0.0
9010.0,5.0,0.172154
9010.0,6.0,0.629078
9010.0,7.0,0.387542
9010.0,8.0,0.472448
9010.0,9.0,0.522095
9010.0,10.0,0.0
9010.0,11.0,0.412197
9010.0,12.0,1.0
9010.0,13.0,0.54392
9010.0,14.0,0.507606
9010.0,15.0,0.321643
9010.0,16.0,0.562102
9010.0,17.0,0.551735
9010.0,18.0,0.0
9010.0,19.0,0.486208
9010.0,20.0,0.597176
9010.0,21.0,0.476221
9010.0,22.0,0.050563
9010.0,23.0,0.551945
9010.0,24.0,0.205171
9010.0,25.0,0.340376
9010.0,26.0,0.66663
9010.0,27.0,0.0
9010.0,28.0,0.398006
9010.0,29.0,0.430349
9010.0,30.0,0.650024
9010.0,31.0,0.470972
9010.0,32.0,0.301171
9010.0,33.0,0.342986
9010.0,34.0,0.883176
9010.0,35.0,0.359163
9010.0,36.0,0.347421
9010.0,37.0,0.384924
9010.0,38.0,0.001705
9010.0,39.0,0.0
9010.0,40.0,1.0
9010.0,41.0,0.695307
9010.0,42.0,0.002193
9010.0,43.0,0.600284
9010.0,44.0,0.4607
9010.0,45.0,1.0
9010.0,46.0,0.591869
9010.0,47.0,0.365113
9010.0,48.0,0.008559
9010.0,49.0,0.743393
9010.0,50.0,1.0
9010.0,51.0,0.331268
9010.0,52.0,1.0
9010.0,53.0,0.694686
9010.0,54.0,0.444676
9010.0,55.0,0.814422
9010.0,56.0,0.367801
9010.0,57.0,0.2902
9010.0,58.0,1.0
9010.0,59.0,0.828585
9010.0,60.0,0.020789
9010.0,61.0,0.932601
9010.0,62.0,0.541364
9010.0,63.0,0.645748
9010.0,64.0,0.0
9010.0,65.0,0.598696
9010.0,66.0,0.760769
9010.0,67.0,0.325305
9010.0,68.0,0.255672
9010.0,69.0,0.354444
9010.0,70.0,0.0
9010.0,71.0,0.578398
9010.0,72.0,0.612248
9010.0,73.0,0.000371
9010.0,74.0,0.746962
9010.0,75.0,0.77124
9010.0,76.0,0.467416
9010.0,77.0,0.006489
9010.0,78.0,0.386911
9010.0,79.0,0.0
9010.0,80.0,0.351441
9010.0,81.0,0.405953
9010.0,82.0,0.511989
9010.0,83.0,1.0
9010.0,84.0,1.0
9010.0,85.0,0.20057
9010.0,86.0,0.580269
9010.0,87.0,0.063665
9010.0,88.0,0.606793
9010.0,89.0,0.179817
9010.0,90.0,0.843534
9010.0,91.0,0.0
9010.0,92.0,0.0
9010.0,93.0,0.468712
9010.0,94.0,0.970182
9010.0,95.0,0.634544
9010.0,96.0,0.268277
9010.0,97.0,0.020571
9010.0,98.0,0.986844
9010.0,99.0,0.376409
9010.0,100.0,0.698067
9010.0,101.0,0.447132
9010.0,102.0,0.736116
9010.0,103.0,0.409658
9010.0,104.0,1.0
9010.0,105.0,0.539816
9010.0,106.0,0.756743
9010.0,107.0,0.684306
9010.0,108.0,0.61227
9010.0,109.0,0.288309
9010.0,110.0,0.488835
9010.0,111.0,0.032557
9010.0,112.0,0.656381
9010.0,113.0,0.332945
9010.0,114.0,0.436438
9010.0,115.0,0.913009
9010.0,116.0,0.0
9010.0,117.0,0.467749
9010.0,118.0,0.806004
9010.0,119.0,0.0
9010.0,120.0,0.539382
9010.0,121.0,0.442688
9010.0,122.0,0.553196
9010.0,123.0,1.0
9010.0,124.0,0.0
9010.0,125.0,0.271925
9010.0,126.0,0.645493
9010.0,127.0,0.713391
9010.0,128.0,1.0
9010.0,129.0,0.304342
9010.0,130.0,0.0
9010.0,131.0,0.0
9010.0,132.0,0.0
9010.0,133.0,0.167679
9010.0,134.0,0.0
9010.0,135.0,1.0
9010.0,136.0,0.850705
9010.0,137.0,0.599245
9010.0,138.0,0.139383
9010.0,139.0,0.232672
9010.0,140.0,1.0
9010.0,141.0,0.61576
9010.0,142.0,0.198742
9010.0,143.0,0.628634
9010.0,144.0,0.0
9010.0,145.0,0.117226
9010.0,146.0,0.616891
9010.0,147.0,1.0
9010.0,148.0,0.667267
9010.0,149.0,1.0
9010.0,150.0,0.427857
9010.0,151.0,0.829171
9010.0,152.0,0.229704
9010.0,153.0,0.658749
9010.0,154.0,0.505051
9010.0,155.0,0.389553
9010.0,156.0,0.369366
9010.0,157.0,1.0
9010.0,158.0,0.391804
9010.0,159.0,0.303806
9010.0,160.0,0.68645
9010.0,161.0,0.986938
9010.0,162.0,0.493584
9010.0,163.0,0.815054
9010.0,164.0,0.06496
9010.0,165.0,0.549017
9010.0,166.0,0.048148
9010.0,167.0,1.0
9010.0,168.0,0.186393
9010.0,169.0,0.649636
9010.0,170.0,0.0
9010.0,171.0,0.536496
9010.0,172.0,0.246969
9010.0,173.0,0.530791
9010.0,174.0,0.169262
9010.0,175.0,0.354914
9010.0,176.0,0.000877
9010.0,177.0,0.930987
9010.0,178.0,0.646749
9010.0,179.0,1.0
9010.0,180.0,0.476749
9010.0,181.0,1.0
9010.0,182.0,0.702527
9010.0,183.0,0.362088
9010.0,184.0,0.321389
9010.0,185.0,0.666026
9010.0,186.0,0.153747
9010.0,187.0,0.353015
9010.0,188.0,0.429405
9010.0,189.0,0.845305
9010.0,190.0,0.397336
9010.0,191.0,0.533882
9010.0,192.0,1.0
9010.0,193.0,0.562451
9010.0,194.0,0.494915
9010.0,195.0,0.949137
9010.0,196.0,0.489207
9010.0,197.0,0.856382
9010.0,198.0,0.0
9010.0,199.0,0.997532
9010.0,200.0,0.752185
9010.0,201.0,0.123889
9010.0,202.0,0.671501
9010.0,203.0,0.772674
9010.0,204.0,0.270981
9010.0,205.0,0.765267
9010.0,206.0,0.416228
9010.0,207.0,0.632461
9010.0,208.0,0.0
9010.0,209.0,0.906661
9010.0,210.0,1.0
9010.0,211.0,0.436671
9010.0,212.0,0.760267
9010.0,213.0,0.436675
9010.0,214.0,0.599997
9010.0,215.0,0.369502
9010.0,216.0,0.0
9010.0,217.0,0.36893
9010.0,218.0,0.508219
9010.0,219.0,0.685008
9010.0,220.0,1.0
9010.0,221.0,0.688807
9010.0,222.0,0.434252
9010.0,223.0,0.659556
9010.0,224.0,0.587209
9010.0,225.0,1.0
9010.0,226.0,1.0
9010.0,227.0,0.412727
9010.0,228.0,0.990583
9010.0,229.0,0.782745
9010.0,230.0,0.616962
9010.0,231.0,0.000753
9010.0,232.0,0.382364
9010.0,233.0,0.103721
9010.0,234.0,0.114586
9010.0,235.0,0.384614
9010.0,236.0,0.521338
9010.0,237.0,0.545212
9010.0,238.0,0.0
9010.0,239.0,1.0
9010.0,240.0,0.459822
9010.0,241.0,0.096737
9010.0,242.0,0.600764
9010.0,243.0,0.652093
9010.0,244.0,0.248984
9010.0,245.0,0.097536
9010.0,246.0,0.35754
9010.0,247.0,0.373741
9010.0,248.0,0.540983
9010.0,249.0,0.177837
9010.0,250.0,0.28781
9010.0,251.0,0.0
9010.0,252.0,0.992091
9010.0,253.0,0.684123
9010.0,254.0,0.182484
9010.0,255.0,0.730992
9010.0,256.0,1.0
9010.0,257.0,0.177352
9010.0,258.0,0.891385
9010.0,259.0,0.301777
9010.0,260.0,0.552802
9010.0,261.0,0.440199
9010.0,262.0,0.061372
9010.0,263.0,0.740253
9010.0,264.0,0.0
9010.0,265.0,0.969732
9010.0,266.0,0.99913
9010.0,267.0,0.055675
9010.0,268.0,0.0
9010.0,269.0,0.362252
9010.0,270.0,0.470957
9010.0,271.0,0.551536
9010.0,272.0,0.753601
9010.0,273.0,0.308901
9010.0,274.0,0.401934
9010.0,275.0,0.637896
9010.0,276.0,0.750768
9010.0,277.0,0.402825
9010.0,278.0,0.0
9010.0,279.0,0.396764
9010.0,280.0,0.529803
9010.0,281.0,0.52975
9010.0,282.0,0.692658
9010.0,283.0,0.575607
9010.0,284.0,0.436889
9010.0,285.0,0.922246
9010.0,286.0,0.43156
9010.0,287.0,0.0
9010.0,288.0,0.26818
9010.0,289.0,1.0
9010.0,290.0,1.0
9010.0,291.0,0.917897
9010.0,292.0,0.246927
9010.0,293.0,0.003765
9010.0,294.0,0.0
9010.0,295.0,0.492143
9010.0,296.0,0.766882
9010.0,297.0,0.343107
9010.0,298.0,0.611216
9010.0,299.0,0.943762
9010.0,300.0,0.678573
9010.0,301.0,0.0
9010.0,302.0,0.876723
9010.0,303.0,0.788536
9010.0,304.0,0.598612
9010.0,305.0,0.715519
9010.0,306.0,1.0
9010.0,307.0,0.433129
9010.0,308.0,0.42457
9010.0,309.0,0.732102
9010.0,310.0,0.884736
9010.0,311.0,1.0
9010.0,312.0,0.159018
9010.0,313.0,0.671398
9010.0,314.0,0.494511
9010.0,315.0,1.0
9010.0,316.0,0.713028
9010.0,317.0,0.519254
9010.0,318.0,0.461647
9010.0,319.0,0.0
9010.0,320.0,0.32694
9010.0,321.0,0.131177
9010.0,322.0,0.249602
9010.0,323.0,0.168302
9010.0,324.0,0.265731
9010.0,325.0,0.009401
9010.0,326.0,0.577382
9010.0,327.0,0.0
9010.0,328.0,0.0
9010.0,329.0,0.44705
9010.0,330.0,0.660709
9010.0,331.0,1.0
9010.0,332.0,0.297241
9010.0,333.0,0.214448
9010.0,334.0,0.663237
10000.0,0.0,0.006534
10000.0,1.0,0.950673
10000.0,2.0,0.0
10000.0,3.0,0.64794
10000.0,4.0,0.0
10000.0,5.0,0.147484
10000.0,6.0,0.624307
10000.0,7.0,0.37455
10000.0,8.0,0.476681
10000.0,9.0,0.521601
10000.0,10.0,0.0
10000.0,11.0,0.411264
10000.0,12.0,1.0
10000.0,13.0,0.539683
10000.0,14.0,0.503397
10000.0,15.0,0.346788
10000.0,16.0,0.568033
10000.0,17.0,0.559968
10000.0,18.0,0.0
10000.0,19.0,0.45434
10000.0,20.0,0.581909
10000.0,21.0,0.48143
10000.0,22.0,0.049058
10000.0,23.0,0.550339
10000.0,24.0,0.187334
10000.0,25.0,0.323414
10000.0,26.0,0.665824
10000.0,27.0,0.0
10000.0,28.0,0.400246
10000.0,29.0,0.426859
10000.0,30.0,0.64333
10000.0,31.0,0.469981
10000.0,32.0,0.298545
10000.0,33.0,0.347628
10000.0,34.0,0.873666
10000.0,35.0,0.359089
10000.0,36.0,0.353967
10000.0,37.0,0.352524
10000.0,38.0,0.002062
10000.0,39.0,0.0
10000.0,40.0,1.0
10000.0,41.0,0.692656
10000.0,42.0,0.003236
10000.0,43.0,0.606069
10000.0,44.0,0.475663
10000.0,45.0,1.0
10000.0,46.0,0.591913
10000.0,47.0,0.361896
10000.0,48.0,0.00575
10000.0,49.0,0.748535
10000.0,50.0,1.0
10000.0,51.0,0.333437
10000.0,52.0,1.0
10000.0,53.0,0.704828
10000.0,54.0,0.450066
10000.0,55.0,0.827932
10000.0,56.0,0.36521
10000.0,57.0,0.284794
10000.0,58.0,1.0
10000.0,59.0,0.848831
10000.0,60.0,0.016099
10000.0,61.0,0.925932
10000.0,62.0,0.519906
10000.0,63.0,0.626457
10000.0,64.0,0.0
10000.0,65.0,0.593481
10000.0,66.0,0.75536
10000.0,67.0,0.310918
10000.0,68.0,0.259258
10000.0,69.0,0.360232
10000.0,70.0,0.0
10000.0,71.0,0.589313
10000.0,72.0,0.626859
10000.0,73.0,0.0
10000.0,74.0,0.748356
10000.0,75.0,0.769523
10000.0,76.0,0.480045
10000.0,77.0,0.00209
10000.0,78.0,0.38787
10000.0,79.0,0.0
10000.0,80.0,0.355005
10000.0,81.0,0.420372
10000.0,82.0,0.529031
10000.0,83.0,1.0
10000.0,84.0,1.0
10000.0,85.0,0.203642
10000.0,86.0,0.576216
10000.0,87.0,0.060073
10000.0,88.0,0.609681
10000.0,89.0,0.195051
10000.0,90.0,0.849447
10000.0,91.0,0.0
10000.0,92.0,0.0
10000.0,93.0,0.496998
10000.0,94.0,0.978811
10000.0,95.0,0.645226
10000.0,96.0,0.263938
10000.0,97.0,0.022269
10000.0,98.0,0.99238
10000.0,99.0,0.363089
10000.0,100.0,0.717406
10000.0,101.0,0.454884
10000.0,102.0,0.734518
10000.0,103.0,0.410198
10000.0,104.0,1.0
10000.0,105.0,0.543114
10000.0,106.0,0.763295
10000.0,107.0,0.668562
10000.0,108.0,0.617324
10000.0,109.0,0.270963
10000.0,110.0,0.493762
10000.0,111.0,0.024898
10000.0,112.0,0.662489
10000.0,113.0,0.324178
10000.0,114.0,0.413855
10000.0,115.0,0.920508
10000.0,116.0,0.0
10000.0,117.0,0.468539
10000.0,118.0,0.83481
10000.0,119.0,0.0
10000.0,120.0,0.549264
10000.0,121.0,0.447081
10000.0,122.0,0.543916
10000.0,123.0,1.0
10000.0,124.0,0.0
10000.0,125.0,0.268075
10000.0,126.0,0.644892
10000.0,127.0,0.719716
10000.0,128.0,1.0
10000.0,129.0,0.291241
10000.0,130.0,0.0
10000.0,131.0,0.0
10000.0,132.0,0.0
10000.0,133.0,0.163766
10000.0,134.0,0.0
10000.0,135.0,1.0
10000.0,136.0,0.849922
10000.0,137.0,0.608332
10000.0,138.0,0.160611
10000.0,139.0,0.240125
10000.0,140.0,1.0
10000.0,141.0,0.61155
10000.0,142.0,0.214148
10000.0,143.0,0.624844
10000.0,144.0,0.0
10000.0,145.0,0.104331
10000.0,146.0,0.605518
10000.0,147.0,1.0
10000.0,148.0,0.664681
10000.0,149.0,1.0
10000.0,150.0,0.43425
10000.0,151.0,0.832921
10000.0,152.0,0.210003
10000.0,153.0,0.645536
10000.0,154.0,0.48366
10000.0,155.0,0.399225
10000.0,156.0,0.371693
10000.0,157.0,1.0
10000.0,158.0,0.394515
10000.0,159.0,0.29177
10000.0,160.0,0.679856
10000.0,161.0,0.986318
10000.0,162.0,0.492674
10000.0,163.0,0.828535
10000.0,164.0,0.069509
10000.0,165.0,0.558567
10000.0,166.0,0.04877
10000.0,167.0,1.0
10000.0,168.0,0.163212
10000.0,169.0,0.64202
10000.0,170.0,0.0
10000.0,171.0,0.538648
10000.0,172.0,0.247169
10000.0,173.0,0.539965
10000.0,174.0,0.163615
10000.0,175.0,0.349081
10000.0,176.0,0.00087
10000.0,177.0,0.936827
10000.0,178.0,0.62227
10000.0,179.0,1.0
10000.0,180.0,0.475161
10000.0,181.0,1.0
10000.0,182.0,0.699898
10000.0,183.0,0.360515
10000.0,184.0,0.315342
10000.0,185.0,0.678536
10000.0,186.0,0.145671
10000.0,187.0,0.362891
10000.0,188.0,0.415644
10000.0,189.0,0.84702
10000.0,190.0,0.406414
10000.0,191.0,0.54122
10000.0,192.0,1.0
10000.0,193.0,0.563786
10000.0,194.0,0.494817
10000.0,195.0,0.961237
10000.0,196.0,0.481051
10000.0,197.0,0.854949
10000.0,198.0,0.0
10000.0,199.0,0.999536
10000.0,200.0,0.753526
10000.0,201.0,0.127243
10000.0,202.0,0.674751
10000.0,203.0,0.778836
10000.0,204.0,0.237224
10000.0,205.0,0.761666
10000.0,206.0,0.413652
10000.0,207.0,0.629256
10000.0,208.0,0.0
10000.0,209.0,0.902117
10000.0,210.0,1.0
10000.0,211.0,0.437021
10000.0,212.0,0.760587
10000.0,213.0,0.442046
10000.0,214.0,0.600302
10000.0,215.0,0.362305
10000.0,216.0,0.0
10000.0,217.0,0.36616
10000.0,218.0,0.501452
10000.0,219.0,0.686392
10000.0,220.0,1.0
10000.0,221.0,0.684914
10000.0,222.0,0.434877
10000.0,223.0,0.658014
10000.0,224.0,0.588499
10000.0,225.0,1.0
10000.0,226.0,1.0
10000.0,227.0,0.395862
10000.0,228.0,0.993301
10000.0,229.0,0.758273
10000.0,230.0,0.617679
10000.0,231.0,0.0
10000.0,232.0,0.373987
10000.0,233.0,0.100573
10000.0,234.0,0.119181
10000.0,235.0,0.366275
10000.0,236.0,0.50925
10000.0,237.0,0.542208
10000.0,238.0,0.0
10000.0,239.0,1.0
10000.0,240.0,0.46297
10000.0,241.0,0.084725
10000.0,242.0,0.589247
10000.0,243.0,0.651485
10000.0,244.0,0.245436
10000.0,245.0,0.095272
10000.0,246.0,0.35354
10000.0,247.0,0.364875
10000.0,248.0,0.549737
10000.0,249.0,0.185591
10000.0,250.0,0.265063
10000.0,251.0,0.0
10000.0,252.0,0.992905
10000.0,253.0,0.698457
10000.0,254.0,0.183756
10000.0,255.0,0.752428
10000.0,256.0,1.0
10000.0,257.0,0.161769
10000.0,258.0,0.897475
10000.0,259.0,0.306732
10000.0,260.0,0.57893
10000.0,261.0,0.453991
10000.0,262.0,0.067724
10000.0,263.0,0.718333
10000.0,264.0,0.0
10000.0,265.0,0.974793
10000.0,266.0,1.0
10000.0,267.0,0.051849
10000.0,268.0,0.0
10000.0,269.0,0.35754
10000.0,270.0,0.474433
10000.0,271.0,0.566037
10000.0,272.0,0.782769
10000.0,273.0,0.328397
10000.0,274.0,0.40115
10000.0,275.0,0.634661
10000.0,276.0,0.75331
10000.0,277.0,0.417258
10000.0,278.0,0.0
10000.0,279.0,0.410491
10000.0,280.0,0.531655
10000.0,281.0,0.519029
10000.0,282.0,0.703004
10000.0,283.0,0.584641
10000.0,284.0,0.438196
10000.0,285.0,0.933243
10000.0,286.0,0.433808
10000.0,287.0,0.0
10000.0,288.0,0.275736
10000.0,289.0,1.0
10000.0,290.0,1.0
10000.0,291.0,0.905556
10000.0,292.0,0.249749
10000.0,293.0,0.002274
10000.0,294.0,0.0
10000.0,295.0,0.4914
10000.0,296.0,0.766144
10000.0,297.0,0.32549
10000.0,298.0,0.576085
10000.0,299.0,0.959778
10000.0,300.0,0.677656
10000.0,301.0,0.0
10000.0,302.0,0.875039
10000.0,303.0,0.788563
10000.0,304.0,0.612081
10000.0,305.0,0.724282
10000.0,306.0,1.0
10000.0,307.0,0.427567
10000.0,308.0,0.426652
10000.0,309.0,0.729411
10000.0,310.0,0.896164
10000.0,311.0,1.0
10000.0,312.0,0.174038
10000.0,313.0,0.676278
10000.0,314.0,0.500363
10000.0,315.0,1.0
10000.0,316.0,0.727356
10000.0,317.0,0.515571
10000.0,318.0,0.458715
10000.0,319.0,0.0
10000.0,320.0,0.318507
10000.0,321.0,0.112157
10000.0,322.0,0.24752
10000.0,323.0,0.183833
10000.0,324.0,0.270373
10000.0,325.0,0.004209
10000.0,326.0,0.590379
10000.0,327.0,0.0
10000.0,328.0,0.0
10000.0,329.0,0.448846
10000.0,330.0,0.688363
10000.0,331.0,1.0
10000.0,332.0,0.277637
10000.0,333.0,0.22933
10000.0,334.0,0.677381
10001.0,0.0,0.006417
10001.0,1.0,0.95087
10001.0,2.0,0.0
10001.0,3.0,0.656107
10001.0,4.0,0.0
10001.0,5.0,0.14841
10001.0,6.0,0.628303
10001.0,7.0,0.380861
10001.0,8.0,0.481513
10001.0,9.0,0.527302
10001.0,10.0,0.0
10001.0,11.0,0.419897
10001.0,12.0,1.0
10001.0,13.0,0.54548
10001.0,14.0,0.513436
10001.0,15.0,0.350832
10001.0,16.0,0.571932
10001.0,17.0,0.564568
10001.0,18.0,0.0
10001.0,19.0,0.457047
10001.0,20.0,0.582851
10001.0,21.0,0.485237
10001.0,22.0,0.049275
10001.0,23.0,0.55517
10001.0,24.0,0.193082
10001.0,25.0,0.329093
10001.0,26.0,0.676836
10001.0,27.0,0.0
10001.0,28.0,0.40577
10001.0,29.0,0.436928
10001.0,30.0,0.644175
10001.0,31.0,0.472025
10001.0,32.0,0.301844
10001.0,33.0,0.349856
10001.0,34.0,0.874969
10001.0,35.0,0.372576
10001.0,36.0,0.355985
10001.0,37.0,0.35371
10001.0,38.0,0.002121
10001.0,39.0,0.0
10001.0,40.0,1.0
10001.0,41.0,0.696966
10001.0,42.0,0.003303
10001.0,43.0,0.608328
10001.0,44.0,0.479408
10001.0,45.0,1.0
10001.0,46.0,0.593814
10001.0,47.0,0.365298
10001.0,48.0,0.005657
10001.0,49.0,0.750276
10001.0,50.0,1.0
10001.0,51.0,0.337483
10001.0,52.0,1.0
10001.0,53.0,0.704493
10001.0,54.0,0.460299
10001.0,55.0,0.828727
10001.0,56.0,0.371183
10001.0,57.0,0.287037
10001.0,58.0,1.0
10001.0,59.0,0.849529
10001.0,60.0,0.01642
10001.0,61.0,0.926521
10001.0,62.0,0.527561
10001.0,63.0,0.629658
10001.0,64.0,0.0
10001.0,65.0,0.599203
10001.0,66.0,0.759658
10001.0,67.0,0.314371
10001.0,68.0,0.268009
10001.0,69.0,0.364636
10001.0,70.0,0.0
10001.0,71.0,0.59067
10001.0,72.0,0.627113
10001.0,73.0,0.0
10001.0,74.0,0.753691
10001.0,75.0,0.778906
10001.0,76.0,0.485116
10001.0,77.0,0.002066
10001.0,78.0,0.393185
10001.0,79.0,0.0
10001.0,80.0,0.363587
10001.0,81.0,0.422949
10001.0,82.0,0.530835
10001.0,83.0,1.0
10001.0,84.0,1.0
10001.0,85.0,0.206149
10001.0,86.0,0.578174
10001.0,87.0,0.059149
10001.0,88.0,0.610658
10001.0,89.0,0.19572
10001.0,90.0,0.849647
10001.0,91.0,0.0
10001.0,92.0,0.0
10001.0,93.0,0.498185
10001.0,94.0,0.978879
10001.0,95.0,0.649215
10001.0,96.0,0.271198
10001.0,97.0,0.022422
10001.0,98.0,0.992545
10001.0,99.0,0.367007
10001.0,100.0,0.717718
10001.0,101.0,0.465028
10001.0,102.0,0.736412
10001.0,103.0,0.418635
10001.0,104.0,1.0
10001.0,105.0,0.546827
10001.0,106.0,0.771305
10001.0,107.0,0.671483
10001.0,108.0,0.620389
10001.0,109.0,0.272674
10001.0,110.0,0.506643
10001.0,111.0,0.024969
10001.0,112.0,0.665451
10001.0,113.0,0.393699
10001.0,114.0,0.417505
10001.0,115.0,0.920839
10001.0,116.0,0.0
10001.0,117.0,0.47865
10001.0,118.0,0.835718
10001.0,119.0,0.0
10001.0,120.0,0.555351
10001.0,121.0,0.449274
10001.0,122.0,0.546719
10001.0,123.0,1.0
10001.0,124.0,0.0
10001.0,125.0,0.283144
10001.0,126.0,0.64658
10001.0,127.0,0.734635
10001.0,128.0,1.0
10001.0,129.0,0.290858
10001.0,130.0,0.0
10001.0,131.0,0.0
10001.0,132.0,0.0
10001.0,133.0,0.169095
10001.0,134.0,0.0
10001.0,135.0,1.0
10001.0,136.0,0.853529
10001.0,137.0,0.608188
10001.0,138.0,0.160987
10001.0,139.0,0.246989
10001.0,140.0,1.0
10001.0,141.0,0.61503
10001.0,142.0,0.215456
10001.0,143.0,0.627318
10001.0,144.0,0.0
10001.0,145.0,0.104449
10001.0,146.0,0.610381
10001.0,147.0,1.0
10001.0,148.0,0.684597
10001.0,149.0,1.0
10001.0,150.0,0.44911
10001.0,151.0,0.833686
10001.0,152.0,0.211374
10001.0,153.0,0.650943
10001.0,154.0,0.487945
10001.0,155.0,0.40879
10001.0,156.0,0.39428
10001.0,157.0,1.0
10001.0,158.0,0.417371
10001.0,159.0,0.293148
10001.0,160.0,0.685365
10001.0,161.0,0.986384
10001.0,162.0,0.494724
10001.0,163.0,0.829375
10001.0,164.0,0.070137
10001.0,165.0,0.559239
10001.0,166.0,0.04859
10001.0,167.0,1.0
10001.0,168.0,0.16345
10001.0,169.0,0.650383
10001.0,170.0,0.0
10001.0,171.0,0.544072
10001.0,172.0,0.249725
10001.0,173.0,0.546774
10001.0,174.0,0.165607
10001.0,175.0,0.351633
10001.0,176.0,0.000883
10001.0,177.0,0.937055
10001.0,178.0,0.627591
10001.0,179.0,1.0
10001.0,180.0,0.477281
10001.0,181.0,1.0
10001.0,182.0,0.714086
10001.0,183.0,0.365148
10001.0,184.0,0.320563
10001.0,185.0,0.683801
10001.0,186.0,0.145996
10001.0,187.0,0.364636
10001.0,188.0,0.416459
10001.0,189.0,0.855033
10001.0,190.0,0.415175
10001.0,191.0,0.546022
10001.0,192.0,1.0
10001.0,193.0,0.568004
10001.0,194.0,0.500159
10001.0,195.0,0.961628
10001.0,196.0,0.486847
10001.0,197.0,0.857088
10001.0,198.0,0.0
10001.0,199.0,0.999535
10001.0,200.0,0.753925
10001.0,201.0,0.128887
10001.0,202.0,0.681905
10001.0,203.0,0.783939
10001.0,204.0,0.237518
10001.0,205.0,0.762904
10001.0,206.0,0.439415
10001.0,207.0,0.646249
10001.0,208.0,0.0
10001.0,209.0,0.902165
10001.0,210.0,1.0
10001.0,211.0,0.441143
10001.0,212.0,0.759931
10001.0,213.0,0.443557
10001.0,214.0,0.612867
10001.0,215.0,0.362728
10001.0,216.0,0.0
10001.0,217.0,0.370932
10001.0,218.0,0.513953
10001.0,219.0,0.692518
10001.0,220.0,1.0
10001.0,221.0,0.690342
10001.0,222.0,0.459706
10001.0,223.0,0.661972
10001.0,224.0,0.589173
10001.0,225.0,1.0
10001.0,226.0,1.0
10001.0,227.0,0.396871
10001.0,228.0,0.993462
10001.0,229.0,0.758673
10001.0,230.0,0.619577
10001.0,231.0,0.0
10001.0,232.0,0.377677
10001.0,233.0,0.100466
10001.0,234.0,0.121169
10001.0,235.0,0.368106
10001.0,236.0,0.512041
10001.0,237.0,0.545678
10001.0,238.0,0.0
10001.0,239.0,1.0
10001.0,240.0,0.466011
10001.0,241.0,0.085177
10001.0,242.0,0.591061
10001.0,243.0,0.650958
10001.0,244.0,0.250257
10001.0,245.0,0.098089
10001.0,246.0,0.354479
10001.0,247.0,0.366524
10001.0,248.0,0.555241
10001.0,249.0,0.189728
10001.0,250.0,0.271237
10001.0,251.0,0.0
10001.0,252.0,0.9922
10001.0,253.0,0.698823
10001.0,254.0,0.19569
10001.0,255.0,0.753272
10001.0,256.0,1.0
10001.0,257.0,0.162003
10001.0,258.0,0.896589
10001.0,259.0,0.309874
10001.0,260.0,0.579974
10001.0,261.0,0.455049
10001.0,262.0,0.068431
10001.0,263.0,0.72001
10001.0,264.0,0.0
10001.0,265.0,0.975104
10001.0,266.0,1.0
10001.0,267.0,0.052061
10001.0,268.0,0.0
10001.0,269.0,0.361275
10001.0,270.0,0.475886
10001.0,271.0,0.566313
10001.0,272.0,0.783478
10001.0,273.0,0.329634
10001.0,274.0,0.403417
10001.0,275.0,0.645949
10001.0,276.0,0.774688
10001.0,277.0,0.419139
10001.0,278.0,0.0
10001.0,279.0,0.413296
10001.0,280.0,0.534202
10001.0,281.0,0.522096
10001.0,282.0,0.708074
10001.0,283.0,0.594482
10001.0,284.0,0.444896
10001.0,285.0,0.93366
10001.0,286.0,0.440436
10001.0,287.0,0.0
10001.0,288.0,0.279173
10001.0,289.0,1.0
10001.0,290.0,1.0
10001.0,291.0,0.906291
10001.0,292.0,0.251987
10001.0,293.0,0.002397
10001.0,294.0,0.0
10001.0,295.0,0.496778
10001.0,296.0,0.769032
10001.0,297.0,0.327012
10001.0,298.0,0.577833
10001.0,299.0,0.960059
10001.0,300.0,0.684579
10001.0,301.0,0.0
10001.0,302.0,0.879123
10001.0,303.0,0.792591
10001.0,304.0,0.612394
10001.0,305.0,0.73043
10001.0,306.0,1.0
10001.0,307.0,0.435564
10001.0,308.0,0.429783
10001.0,309.0,0.732439
10001.0,310.0,0.896735
10001.0,311.0,1.0
10001.0,312.0,0.178091
10001.0,313.0,0.679576
10001.0,314.0,0.502669
10001.0,315.0,1.0
10001.0,316.0,0.728021
10001.0,317.0,0.517942
10001.0,318.0,0.460876
10001.0,319.0,0.0
10001.0,320.0,0.328383
10001.0,321.0,0.113414
10001.0,322.0,0.250464
10001.0,323.0,0.185833
10001.0,324.0,0.271387
10001.0,325.0,0.004286
10001.0,326.0,0.597083
10001.0,327.0,0.0
10001.0,328.0,0.0
10001.0,329.0,0.48984
10001.0,330.0,0.688728
10001.0,331.0,1.0
10001.0,332.0,0.277564
10001.0,333.0,0.231583
10001.0,334.0,0.678119
10002.0,0.0,0.006399
10002.0,1.0,0.950616
10002.0,2.0,0.0
10002.0,3.0,0.664117
10002.0,4.0,0.0
10002.0,5.0,0.149781
10002.0,6.0,0.632151
10002.0,7.0,0.386544
10002.0,8.0,0.486461
10002.0,9.0,0.532946
10002.0,10.0,0.0
10002.0,11.0,0.427875
10002.0,12.0,1.0
10002.0,13.0,0.550925
10002.0,14.0,0.521963
10002.0,15.0,0.354622
10002.0,16.0,0.576459
10002.0,17.0,0.568815
10002.0,18.0,0.0
10002.0,19.0,0.459604
10002.0,20.0,0.583953
10002.0,21.0,0.487738
10002.0,22.0,0.049542
10002.0,23.0,0.55944
10002.0,24.0,0.198259
10002.0,25.0,0.333754
10002.0,26.0,0.687075
10002.0,27.0,0.0
10002.0,28.0,0.410801
10002.0,29.0,0.447051
10002.0,30.0,0.646255
10002.0,31.0,0.473115
10002.0,32.0,0.305568
10002.0,33.0,0.351343
10002.0,34.0,0.875793
10002.0,35.0,0.386215
10002.0,36.0,0.357618
10002.0,37.0,0.355183
10002.0,38.0,0.002225
10002.0,39.0,0.0
10002.0,40.0,1.0
10002.0,41.0,0.700898
10002.0,42.0,0.003426
10002.0,43.0,0.610716
10002.0,44.0,0.482775
10002.0,45.0,1.0
10002.0,46.0,0.596023
10002.0,47.0,0.369028
10002.0,48.0,0.005644
10002.0,49.0,0.751807
10002.0,50.0,1.0
10002.0,51.0,0.342545
10002.0,52.0,1.0
10002.0,53.0,0.70479
10002.0,54.0,0.469585
10002.0,55.0,0.830255
10002.0,56.0,0.377192
10002.0,57.0,0.288765
10002.0,58.0,1.0
10002.0,59.0,0.849917
10002.0,60.0,0.016514
10002.0,61.0,0.927411
10002.0,62.0,0.533276
10002.0,63.0,0.632741
10002.0,64.0,0.0
10002.0,65.0,0.605067
10002.0,66.0,0.763327
10002.0,67.0,0.318978
10002.0,68.0,0.277381
10002.0,69.0,0.367817
10002.0,70.0,0.0
10002.0,71.0,0.592374
10002.0,72.0,0.627169
10002.0,73.0,0.0
10002.0,74.0,0.758326
10002.0,75.0,0.788492
10002.0,76.0,0.4884
10002.0,77.0,0.002019
10002.0,78.0,0.397575
10002.0,79.0,0.0
10002.0,80.0,0.371368
10002.0,81.0,0.426803
10002.0,82.0,0.532753
10002.0,83.0,1.0
10002.0,84.0,1.0
10002.0,85.0,0.208556
10002.0,86.0,0.579324
10002.0,87.0,0.058421
10002.0,88.0,0.612051
10002.0,89.0,0.195777
10002.0,90.0,0.849297
10002.0,91.0,0.0
10002.0,92.0,0.0
10002.0,93.0,0.500589
10002.0,94.0,0.979075
10002.0,95.0,0.65341
10002.0,96.0,0.278294
10002.0,97.0,0.022991
10002.0,98.0,0.99264
10002.0,99.0,0.370646
10002.0,100.0,0.718364
10002.0,101.0,0.474524
10002.0,102.0,0.739162
10002.0,103.0,0.426451
10002.0,104.0,1.0
10002.0,105.0,0.550425
10002.0,106.0,0.779875
10002.0,107.0,0.674347
10002.0,108.0,0.623934
10002.0,109.0,0.272887
10002.0,110.0,0.519152
10002.0,111.0,0.025355
10002.0,112.0,0.668326
10002.0,113.0,0.465969
10002.0,114.0,0.420611
10002.0,115.0,0.920681
10002.0,116.0,0.0
10002.0,117.0,0.487702
10002.0,118.0,0.835827
10002.0,119.0,0.0
10002.0,120.0,0.560694
10002.0,121.0,0.450179
10002.0,122.0,0.549388
10002.0,123.0,1.0
10002.0,124.0,0.0
10002.0,125.0,0.296345
10002.0,126.0,0.649449
10002.0,127.0,0.749649
10002.0,128.0,1.0
10002.0,129.0,0.290751
10002.0,130.0,0.0
10002.0,131.0,0.0
10002.0,132.0,0.0
10002.0,133.0,0.173889
10002.0,134.0,0.0
10002.0,135.0,1.0
10002.0,136.0,0.857425
10002.0,137.0,0.608565
10002.0,138.0,0.160829
10002.0,139.0,0.255009
10002.0,140.0,1.0
10002.0,141.0,0.619371
10002.0,142.0,0.216849
10002.0,143.0,0.630192
10002.0,144.0,0.0
10002.0,145.0,0.104867
10002.0,146.0,0.614795
10002.0,147.0,1.0
10002.0,148.0,0.701813
10002.0,149.0,1.0
10002.0,150.0,0.462475
10002.0,151.0,0.834339
10002.0,152.0,0.213361
10002.0,153.0,0.65569
10002.0,154.0,0.49129
10002.0,155.0,0.418369
10002.0,156.0,0.415807
10002.0,157.0,1.0
10002.0,158.0,0.439321
10002.0,159.0,0.295743
10002.0,160.0,0.690482
10002.0,161.0,0.986509
10002.0,162.0,0.496564
10002.0,163.0,0.830318
10002.0,164.0,0.071002
10002.0,165.0,0.560036
10002.0,166.0,0.048253
10002.0,167.0,1.0
10002.0,168.0,0.163593
10002.0,169.0,0.658043
10002.0,170.0,0.0
10002.0,171.0,0.549947
10002.0,172.0,0.251301
10002.0,173.0,0.553338
10002.0,174.0,0.167788
10002.0,175.0,0.354177
10002.0,176.0,0.000906
10002.0,177.0,0.937291
10002.0,178.0,0.633689
10002.0,179.0,1.0
10002.0,180.0,0.48012
10002.0,181.0,1.0
10002.0,182.0,0.727942
10002.0,183.0,0.370082
10002.0,184.0,0.326679
10002.0,185.0,0.689675
10002.0,186.0,0.145838
10002.0,187.0,0.366588
10002.0,188.0,0.416926
10002.0,189.0,0.862615
10002.0,190.0,0.424076
10002.0,191.0,0.550468
10002.0,192.0,1.0
10002.0,193.0,0.57188
10002.0,194.0,0.50566
10002.0,195.0,0.962057
10002.0,196.0,0.492184
10002.0,197.0,0.858527
10002.0,198.0,0.0
10002.0,199.0,0.999573
10002.0,200.0,0.754997
10002.0,201.0,0.130282
10002.0,202.0,0.689033
10002.0,203.0,0.788777
10002.0,204.0,0.236672
10002.0,205.0,0.764354
10002.0,206.0,0.464638
10002.0,207.0,0.661493
10002.0,208.0,0.0
10002.0,209.0,0.902148
10002.0,210.0,1.0
10002.0,211.0,0.445808
10002.0,212.0,0.759163
10002.0,213.0,0.444901
10002.0,214.0,0.626161
10002.0,215.0,0.364004
10002.0,216.0,0.0
10002.0,217.0,0.374873
10002.0,218.0,0.525611
10002.0,219.0,0.699414
10002.0,220.0,1.0
10002.0,221.0,0.695139
10002.0,222.0,0.483944
10002.0,223.0,0.665649
10002.0,224.0,0.589433
10002.0,225.0,1.0
10002.0,226.0,1.0
10002.0,227.0,0.397777
10002.0,228.0,0.993584
10002.0,229.0,0.759795
10002.0,230.0,0.621881
10002.0,231.0,0.0
10002.0,232.0,0.380339
10002.0,233.0,0.100469
10002.0,234.0,0.123068
10002.0,235.0,0.369588
10002.0,236.0,0.51445
10002.0,237.0,0.548356
10002.0,238.0,0.0
10002.0,239.0,1.0
10002.0,240.0,0.470063
10002.0,241.0,0.085157
10002.0,242.0,0.593441
10002.0,243.0,0.650868
10002.0,244.0,0.253662
10002.0,245.0,0.10118
10002.0,246.0,0.354887
10002.0,247.0,0.369166
10002.0,248.0,0.561163
10002.0,249.0,0.19384
10002.0,250.0,0.277008
10002.0,251.0,0.0
10002.0,252.0,0.991449
10002.0,253.0,0.699428
10002.0,254.0,0.208524
10002.0,255.0,0.753622
10002.0,256.0,1.0
10002.0,257.0,0.16227
10002.0,258.0,0.895762
10002.0,259.0,0.312496
10002.0,260.0,0.579517
10002.0,261.0,0.456539
10002.0,262.0,0.069616
10002.0,263.0,0.721128
10002.0,264.0,0.0
10002.0,265.0,0.975129
10002.0,266.0,1.0
10002.0,267.0,0.052593
10002.0,268.0,0.0
10002.0,269.0,0.36453
10002.0,270.0,0.477677
10002.0,271.0,0.566373
10002.0,272.0,0.784568
10002.0,273.0,0.332372
10002.0,274.0,0.404363
10002.0,275.0,0.658089
10002.0,276.0,0.793807
10002.0,277.0,0.421413
10002.0,278.0,0.0
10002.0,279.0,0.416424
10002.0,280.0,0.538515
10002.0,281.0,0.524256
10002.0,282.0,0.71465
10002.0,283.0,0.603261
10002.0,284.0,0.452179
10002.0,285.0,0.933876
10002.0,286.0,0.44681
10002.0,287.0,0.0
10002.0,288.0,0.284252
10002.0,289.0,1.0
10002.0,290.0,1.0
10002.0,291.0,0.907744
10002.0,292.0,0.254167
10002.0,293.0,0.002476
10002.0,294.0,0.0
10002.0,295.0,0.500943
10002.0,296.0,0.771588
10002.0,297.0,0.329366
10002.0,298.0,0.578882
10002.0,299.0,0.960197
10002.0,300.0,0.691731
10002.0,301.0,0.0
10002.0,302.0,0.882624
10002.0,303.0,0.797546
10002.0,304.0,0.612553
10002.0,305.0,0.73593
10002.0,306.0,1.0
10002.0,307.0,0.44384
10002.0,308.0,0.433749
10002.0,309.0,0.736342
10002.0,310.0,0.897509
10002.0,311.0,1.0
10002.0,312.0,0.183769
10002.0,313.0,0.680782
10002.0,314.0,0.504371
10002.0,315.0,1.0
10002.0,316.0,0.727809
10002.0,317.0,0.519918
10002.0,318.0,0.462669
10002.0,319.0,0.0
10002.0,320.0,0.336386
10002.0,321.0,0.115107
10002.0,322.0,0.253869
10002.0,323.0,0.188307
10002.0,324.0,0.27402
10002.0,325.0,0.004273
10002.0,326.0,0.603097
10002.0,327.0,0.0
10002.0,328.0,0.0
10002.0,329.0,0.531479
10002.0,330.0,0.68891
10002.0,331.0,1.0
10002.0,332.0,0.278166
10002.0,333.0,0.233745
10002.0,334.0,0.677787
10003.0,0.0,0.006439
10003.0,1.0,0.951054
10003.0,2.0,0.0
10003.0,3.0,0.671098
10003.0,4.0,0.0
10003.0,5.0,0.151076
10003.0,6.0,0.635846
10003.0,7.0,0.393194
10003.0,8.0,0.491527
10003.0,9.0,0.537846
10003.0,10.0,0.0
10003.0,11.0,0.436012
10003.0,12.0,1.0
10003.0,13.0,0.556462
10003.0,14.0,0.529579
10003.0,15.0,0.358192
10003.0,16.0,0.582294
10003.0,17.0,0.572955
10003.0,18.0,0.0
10003.0,19.0,0.461072
10003.0,20.0,0.584478
10003.0,21.0,0.490693
10003.0,22.0,0.049689
10003.0,23.0,0.564666
10003.0,24.0,0.20428
10003.0,25.0,0.337731
10003.0,26.0,0.696968
10003.0,27.0,0.0
10003.0,28.0,0.415692
10003.0,29.0,0.456952
10003.0,30.0,0.648374
10003.0,31.0,0.47443
10003.0,32.0,0.308141
10003.0,33.0,0.353561
10003.0,34.0,0.876851
10003.0,35.0,0.400378
10003.0,36.0,0.359538
10003.0,37.0,0.356668
10003.0,38.0,0.002306
10003.0,39.0,0.0
10003.0,40.0,1.0
10003.0,41.0,0.704535
10003.0,42.0,0.003575
10003.0,43.0,0.612279
10003.0,44.0,0.485827
10003.0,45.0,1.0
10003.0,46.0,0.597585
10003.0,47.0,0.372395
10003.0,48.0,0.005626
10003.0,49.0,0.75306
10003.0,50.0,1.0
10003.0,51.0,0.346769
10003.0,52.0,1.0
10003.0,53.0,0.705087
10003.0,54.0,0.478451
10003.0,55.0,0.830824
10003.0,56.0,0.382849
10003.0,57.0,0.290989
10003.0,58.0,1.0
10003.0,59.0,0.850698
10003.0,60.0,0.016617
10003.0,61.0,0.927788
10003.0,62.0,0.540429
10003.0,63.0,0.635592
10003.0,64.0,0.0
10003.0,65.0,0.610939
10003.0,66.0,0.767848
10003.0,67.0,0.322306
10003.0,68.0,0.286585
10003.0,69.0,0.371888
10003.0,70.0,0.0
10003.0,71.0,0.593825
10003.0,72.0,0.62685
10003.0,73.0,0.0
10003.0,74.0,0.763178
10003.0,75.0,0.796521
10003.0,76.0,0.493008
10003.0,77.0,0.001989
10003.0,78.0,0.401953
10003.0,79.0,0.0
10003.0,80.0,0.380077
10003.0,81.0,0.4294
10003.0,82.0,0.534632
10003.0,83.0,1.0
10003.0,84.0,1.0
10003.0,85.0,0.211012
10003.0,86.0,0.580249
10003.0,87.0,0.057451
10003.0,88.0,0.613378
10003.0,89.0,0.195453
10003.0,90.0,0.84971
10003.0,91.0,0.0
10003.0,92.0,0.0
10003.0,93.0,0.502136
10003.0,94.0,0.97927
10003.0,95.0,0.657299
10003.0,96.0,0.285842
10003.0,97.0,0.023439
10003.0,98.0,0.992776
10003.0,99.0,0.374036
10003.0,100.0,0.719
10003.0,101.0,0.4832
10003.0,102.0,0.742139
10003.0,103.0,0.434061
10003.0,104.0,1.0
10003.0,105.0,0.554063
10003.0,106.0,0.787596
10003.0,107.0,0.676158
10003.0,108.0,0.62752
10003.0,109.0,0.273846
10003.0,110.0,0.53134
10003.0,111.0,0.02593
10003.0,112.0,0.670747
10003.0,113.0,0.537039
10003.0,114.0,0.424306
10003.0,115.0,0.920323
10003.0,116.0,0.0
10003.0,117.0,0.497062
10003.0,118.0,0.836685
10003.0,119.0,0.0
10003.0,120.0,0.566176
10003.0,121.0,0.451047
10003.0,122.0,0.551454
10003.0,123.0,1.0
10003.0,124.0,0.0
10003.0,125.0,0.310182
10003.0,126.0,0.65099
10003.0,127.0,0.764972
10003.0,128.0,1.0
10003.0,129.0,0.291725
10003.0,130.0,0.0
10003.0,131.0,0.0
10003.0,132.0,0.0
10003.0,133.0,0.179527
10003.0,134.0,0.0
10003.0,135.0,1.0
10003.0,136.0,0.860901
10003.0,137.0,0.608334
10003.0,138.0,0.160988
10003.0,139.0,0.262174
10003.0,140.0,1.0
10003.0,141.0,0.622762
10003.0,142.0,0.21819
10003.0,143.0,0.632644
10003.0,144.0,0.0
10003.0,145.0,0.104808
10003.0,146.0,0.619176
10003.0,147.0,1.0
10003.0,148.0,0.719553
10003.0,149.0,1.0
10003.0,150.0,0.475258
10003.0,151.0,0.835062
10003.0,152.0,0.215185
10003.0,153.0,0.661123
10003.0,154.0,0.494963
10003.0,155.0,0.427877
10003.0,156.0,0.437841
10003.0,157.0,1.0
10003.0,158.0,0.460529
10003.0,159.0,0.297419
10003.0,160.0,0.694864
10003.0,161.0,0.986492
10003.0,162.0,0.498869
10003.0,163.0,0.832624
10003.0,164.0,0.071666
10003.0,165.0,0.561043
10003.0,166.0,0.048755
10003.0,167.0,1.0
10003.0,168.0,0.16368
10003.0,169.0,0.664431
10003.0,170.0,0.0
10003.0,171.0,0.55632
10003.0,172.0,0.253018
10003.0,173.0,0.558934
10003.0,174.0,0.170483
10003.0,175.0,0.356498
10003.0,176.0,0.000927
10003.0,177.0,0.937209
10003.0,178.0,0.639249
10003.0,179.0,1.0
10003.0,180.0,0.483329
10003.0,181.0,1.0
10003.0,182.0,0.741933
10003.0,183.0,0.375478
10003.0,184.0,0.331147
10003.0,185.0,0.695238
10003.0,186.0,0.146548
10003.0,187.0,0.367538
10003.0,188.0,0.417646
10003.0,189.0,0.8695
10003.0,190.0,0.431201
10003.0,191.0,0.555448
10003.0,192.0,1.0
10003.0,193.0,0.57543
10003.0,194.0,0.510516
10003.0,195.0,0.962136
10003.0,196.0,0.498181
10003.0,197.0,0.859662
10003.0,198.0,0.0
10003.0,199.0,0.999595
10003.0,200.0,0.755673
10003.0,201.0,0.131587
10003.0,202.0,0.695537
10003.0,203.0,0.793932
10003.0,204.0,0.236299
10003.0,205.0,0.765375
10003.0,206.0,0.488464
10003.0,207.0,0.676016
10003.0,208.0,0.0
10003.0,209.0,0.902491
10003.0,210.0,1.0
10003.0,211.0,0.448977
10003.0,212.0,0.76011
10003.0,213.0,0.447079
10003.0,214.0,0.638913
10003.0,215.0,0.364967
10003.0,216.0,0.0
10003.0,217.0,0.379948
10003.0,218.0,0.537032
10003.0,219.0,0.705438
10003.0,220.0,1.0
10003.0,221.0,0.70058
10003.0,222.0,0.509353
10003.0,223.0,0.669096
10003.0,224.0,0.590019
10003.0,225.0,1.0
10003.0,226.0,1.0
10003.0,227.0,0.398483
10003.0,228.0,0.993786
10003.0,229.0,0.760223
10003.0,230.0,0.623742
10003.0,231.0,0.0
10003.0,232.0,0.382709
10003.0,233.0,0.099985
10003.0,234.0,0.124873
10003.0,235.0,0.370998
10003.0,236.0,0.516473
10003.0,237.0,0.55158
10003.0,238.0,0.0
10003.0,239.0,1.0
10003.0,240.0,0.473079
10003.0,241.0,0.084903
10003.0,242.0,0.595413
10003.0,243.0,0.651004
10003.0,244.0,0.257162
10003.0,245.0,0.104128
10003.0,246.0,0.35382
10003.0,247.0,0.370359
10003.0,248.0,0.566103
10003.0,249.0,0.198635
10003.0,250.0,0.283017
10003.0,251.0,0.0
10003.0,252.0,0.990793
10003.0,253.0,0.69878
10003.0,254.0,0.221596
10003.0,255.0,0.754618
10003.0,256.0,1.0
10003.0,257.0,0.161565
10003.0,258.0,0.895115
10003.0,259.0,0.315204
10003.0,260.0,0.580372
10003.0,261.0,0.45838
10003.0,262.0,0.070242
10003.0,263.0,0.722637
10003.0,264.0,0.0
10003.0,265.0,0.975507
10003.0,266.0,1.0
10003.0,267.0,0.052774
10003.0,268.0,0.0
10003.0,269.0,0.368122
10003.0,270.0,0.480532
10003.0,271.0,0.567269
10003.0,272.0,0.784665
10003.0,273.0,0.334354
10003.0,274.0,0.406605
10003.0,275.0,0.668671
10003.0,276.0,0.811653
10003.0,277.0,0.423366
10003.0,278.0,0.0
10003.0,279.0,0.41998
10003.0,280.0,0.542241
10003.0,281.0,0.527626
10003.0,282.0,0.720467
10003.0,283.0,0.611601
10003.0,284.0,0.459287
10003.0,285.0,0.934526
10003.0,286.0,0.45346
10003.0,287.0,0.0
10003.0,288.0,0.288735
10003.0,289.0,1.0
10003.0,290.0,1.0
10003.0,291.0,0.908378
10003.0,292.0,0.256097
10003.0,293.0,0.002576
10003.0,294.0,0.0
10003.0,295.0,0.505214
10003.0,296.0,0.774741
10003.0,297.0,0.331068
10003.0,298.0,0.579595
10003.0,299.0,0.960518
10003.0,300.0,0.696864
10003.0,301.0,0.0
10003.0,302.0,0.885627
10003.0,303.0,0.801706
10003.0,304.0,0.612916
10003.0,305.0,0.741528
10003.0,306.0,1.0
10003.0,307.0,0.452616
10003.0,308.0,0.438286
10003.0,309.0,0.74027
10003.0,310.0,0.898015
10003.0,311.0,1.0
10003.0,312.0,0.188277
10003.0,313.0,0.683352
10003.0,314.0,0.506278
10003.0,315.0,1.0
10003.0,316.0,0.727498
10003.0,317.0,0.522723
10003.0,318.0,0.464706
10003.0,319.0,0.0
10003.0,320.0,0.344553
10003.0,321.0,0.116152
10003.0,322.0,0.257404
10003.0,323.0,0.190825
10003.0,324.0,0.275933
10003.0,325.0,0.004295
10003.0,326.0,0.609774
10003.0,327.0,0.0
10003.0,328.0,0.0
10003.0,329.0,0.571652
10003.0,330.0,0.690366
10003.0,331.0,1.0
10003.0,332.0,0.278807
10003.0,333.0,0.235959
10003.0,334.0,0.679102
10004.0,0.0,0.006528
10004.0,1.0,0.951894
10004.0,2.0,0.0
10004.0,3.0,0.678282
10004.0,4.0,0.0
10004.0,5.0,0.152333
10004.0,6.0,0.638493
10004.0,7.0,0.398447
10004.0,8.0,0.497265
10004.0,9.0,0.542487
10004.0,10.0,0.0
10004.0,11.0,0.443221
10004.0,12.0,1.0
10004.0,13.0,0.562168
10004.0,14.0,0.537767
10004.0,15.0,0.362102
10004.0,16.0,0.585829
10004.0,17.0,0.577787
10004.0,18.0,0.0
10004.0,19.0,0.462486
10004.0,20.0,0.585429
10004.0,21.0,0.494221
10004.0,22.0,0.050281
10004.0,23.0,0.5694
10004.0,24.0,0.21084
10004.0,25.0,0.342372
10004.0,26.0,0.705784
10004.0,27.0,0.0
10004.0,28.0,0.420446
10004.0,29.0,0.467811
10004.0,30.0,0.64943
10004.0,31.0,0.475191
10004.0,32.0,0.310438
10004.0,33.0,0.356098
10004.0,34.0,0.877927
10004.0,35.0,0.413463
10004.0,36.0,0.361014
10004.0,37.0,0.358864
10004.0,38.0,0.002393
10004.0,39.0,0.0
10004.0,40.0,1.0
10004.0,41.0,0.708025
10004.0,42.0,0.003553
10004.0,43.0,0.614759
10004.0,44.0,0.489704
10004.0,45.0,1.0
10004.0,46.0,0.600044
10004.0,47.0,0.375541
10004.0,48.0,0.005789
10004.0,49.0,0.753847
10004.0,50.0,1.0
10004.0,51.0,0.35081
10004.0,52.0,1.0
10004.0,53.0,0.705478
10004.0,54.0,0.487422
10004.0,55.0,0.831001
10004.0,56.0,0.388258
10004.0,57.0,0.292363
10004.0,58.0,1.0
10004.0,59.0,0.851789
10004.0,60.0,0.016594
10004.0,61.0,0.927801
10004.0,62.0,0.547809
10004.0,63.0,0.638041
10004.0,64.0,0.0
10004.0,65.0,0.615794
10004.0,66.0,0.771162
10004.0,67.0,0.325914
10004.0,68.0,0.294957
10004.0,69.0,0.376546
10004.0,70.0,0.0
10004.0,71.0,0.594878
10004.0,72.0,0.628179
10004.0,73.0,0.0
10004.0,74.0,0.768132
10004.0,75.0,0.804148
10004.0,76.0,0.496715
10004.0,77.0,0.002034
10004.0,78.0,0.406643
10004.0,79.0,0.0
10004.0,80.0,0.388931
10004.0,81.0,0.431544
10004.0,82.0,0.537311
10004.0,83.0,1.0
10004.0,84.0,1.0
10004.0,85.0,0.212721
10004.0,86.0,0.581449
10004.0,87.0,0.056608
10004.0,88.0,0.614366
10004.0,89.0,0.195942
10004.0,90.0,0.850477
10004.0,91.0,0.0
10004.0,92.0,0.0
10004.0,93.0,0.503482
10004.0,94.0,0.979438
10004.0,95.0,0.661222
10004.0,96.0,0.292967
10004.0,97.0,0.02379
10004.0,98.0,0.993006
10004.0,99.0,0.377272
10004.0,100.0,0.719608
10004.0,101.0,0.491838
10004.0,102.0,0.744828
10004.0,103.0,0.442345
10004.0,104.0,1.0
10004.0,105.0,0.557794
10004.0,106.0,0.795742
10004.0,107.0,0.679136
10004.0,108.0,0.6315
10004.0,109.0,0.274343
10004.0,110.0,0.543813
10004.0,111.0,0.026266
10004.0,112.0,0.67464
10004.0,113.0,0.603891
10004.0,114.0,0.428299
10004.0,115.0,0.920724
10004.0,116.0,0.0
10004.0,117.0,0.506229
10004.0,118.0,0.837048
10004.0,119.0,0.0
10004.0,120.0,0.571786
10004.0,121.0,0.451988
10004.0,122.0,0.552759
10004.0,123.0,1.0
10004.0,124.0,0.0
10004.0,125.0,0.324705
10004.0,126.0,0.653672
10004.0,127.0,0.778321
10004.0,128.0,1.0
10004.0,129.0,0.29221
10004.0,130.0,0.0
10004.0,131.0,0.0
10004.0,132.0,0.0
10004.0,133.0,0.18557
10004.0,134.0,0.0
10004.0,135.0,1.0
10004.0,136.0,0.864941
10004.0,137.0,0.608328
10004.0,138.0,0.160671
10004.0,139.0,0.269576
10004.0,140.0,1.0
10004.0,141.0,0.626063
10004.0,142.0,0.21914
10004.0,143.0,0.634393
10004.0,144.0,0.0
10004.0,145.0,0.105141
10004.0,146.0,0.623937
10004.0,147.0,1.0
10004.0,148.0,0.736537
10004.0,149.0,1.0
10004.0,150.0,0.48942
10004.0,151.0,0.836007
10004.0,152.0,0.216743
10004.0,153.0,0.666173
10004.0,154.0,0.498321
10004.0,155.0,0.436516
10004.0,156.0,0.459653
10004.0,157.0,1.0
10004.0,158.0,0.481917
10004.0,159.0,0.299613
10004.0,160.0,0.70015
10004.0,161.0,0.98663
10004.0,162.0,0.50096
10004.0,163.0,0.834158
10004.0,164.0,0.072706
10004.0,165.0,0.561093
10004.0,166.0,0.048779
10004.0,167.0,1.0
10004.0,168.0,0.16435
10004.0,169.0,0.671109
10004.0,170.0,0.0
10004.0,171.0,0.561514
10004.0,172.0,0.25501
10004.0,173.0,0.565182
10004.0,174.0,0.173337
10004.0,175.0,0.35772
10004.0,176.0,0.000912
10004.0,177.0,0.937296
10004.0,178.0,0.64504
10004.0,179.0,1.0
10004.0,180.0,0.485867
10004.0,181.0,1.0
10004.0,182.0,0.754567
10004.0,183.0,0.379998
10004.0,184.0,0.336363
10004.0,185.0,0.700959
10004.0,186.0,0.147719
10004.0,187.0,0.36973
10004.0,188.0,0.418762
10004.0,189.0,0.876519
10004.0,190.0,0.439035
10004.0,191.0,0.561203
10004.0,192.0,1.0
10004.0,193.0,0.57953
10004.0,194.0,0.515908
10004.0,195.0,0.96272
10004.0,196.0,0.503692
10004.0,197.0,0.861416
10004.0,198.0,0.0
10004.0,199.0,0.999572
10004.0,200.0,0.756224
10004.0,201.0,0.132988
10004.0,202.0,0.702006
10004.0,203.0,0.798519
10004.0,204.0,0.236356
10004.0,205.0,0.766338
10004.0,206.0,0.511423
10004.0,207.0,0.690296
10004.0,208.0,0.0
10004.0,209.0,0.902468
10004.0,210.0,1.0
10004.0,211.0,0.451814
10004.0,212.0,0.760577
10004.0,213.0,0.449807
10004.0,214.0,0.650926
10004.0,215.0,0.365829
10004.0,216.0,0.0
10004.0,217.0,0.385111
10004.0,218.0,0.548177
10004.0,219.0,0.710928
10004.0,220.0,1.0
10004.0,221.0,0.705689
10004.0,222.0,0.534473
10004.0,223.0,0.672516
10004.0,224.0,0.591643
10004.0,225.0,1.0
10004.0,226.0,1.0
10004.0,227.0,0.399387
10004.0,228.0,0.994063
10004.0,229.0,0.760857
10004.0,230.0,0.626607
10004.0,231.0,0.0
10004.0,232.0,0.385009
10004.0,233.0,0.100136
10004.0,234.0,0.126789
10004.0,235.0,0.372953
10004.0,236.0,0.519772
10004.0,237.0,0.554231
10004.0,238.0,0.0
10004.0,239.0,1.0
10004.0,240.0,0.476127
10004.0,241.0,0.085095
10004.0,242.0,0.597932
10004.0,243.0,0.652716
10004.0,244.0,0.261131
10004.0,245.0,0.107793
10004.0,246.0,0.353788
10004.0,247.0,0.372944
10004.0,248.0,0.571557
10004.0,249.0,0.202608
10004.0,250.0,0.289283
10004.0,251.0,0.0
10004.0,252.0,0.990221
10004.0,253.0,0.699465
10004.0,254.0,0.23489
10004.0,255.0,0.755291
10004.0,256.0,1.0
10004.0,257.0,0.161915
10004.0,258.0,0.894177
10004.0,259.0,0.3188
10004.0,260.0,0.5809
10004.0,261.0,0.460269
10004.0,262.0,0.07116
10004.0,263.0,0.723085
10004.0,264.0,0.0
10004.0,265.0,0.975715
10004.0,266.0,1.0
10004.0,267.0,0.053234
10004.0,268.0,0.0
10004.0,269.0,0.371092
10004.0,270.0,0.481998
10004.0,271.0,0.568568
10004.0,272.0,0.784497
10004.0,273.0,0.336799
10004.0,274.0,0.408202
10004.0,275.0,0.679444
10004.0,276.0,0.827418
10004.0,277.0,0.425863
10004.0,278.0,0.0
10004.0,279.0,0.423249
10004.0,280.0,0.546182
10004.0,281.0,0.530016
10004.0,282.0,0.726105
10004.0,283.0,0.620028
10004.0,284.0,0.465784
10004.0,285.0,0.934578
10004.0,286.0,0.459519
10004.0,287.0,0.0
10004.0,288.0,0.293294
10004.0,289.0,1.0
10004.0,290.0,1.0
10004.0,291.0,0.90869
10004.0,292.0,0.257443
10004.0,293.0,0.002699
10004.0,294.0,0.0
10004.0,295.0,0.50864
10004.0,296.0,0.776961
10004.0,297.0,0.332834
10004.0,298.0,0.578739
10004.0,299.0,0.960391
10004.0,300.0,0.70325
10004.0,301.0,0.0
10004.0,302.0,0.888209
10004.0,303.0,0.806108
10004.0,304.0,0.613436
10004.0,305.0,0.746668
10004.0,306.0,1.0
10004.0,307.0,0.459555
10004.0,308.0,0.442414
10004.0,309.0,0.743572
10004.0,310.0,0.898683
10004.0,311.0,1.0
10004.0,312.0,0.193257
10004.0,313.0,0.6861
10004.0,314.0,0.508158
10004.0,315.0,1.0
10004.0,316.0,0.727739
10004.0,317.0,0.525007
10004.0,318.0,0.467077
10004.0,319.0,0.0
10004.0,320.0,0.351454
10004.0,321.0,0.11768
10004.0,322.0,0.260666
10004.0,323.0,0.192893
10004.0,324.0,0.277357
10004.0,325.0,0.004292
10004.0,326.0,0.616297
10004.0,327.0,0.0
10004.0,328.0,0.0
10004.0,329.0,0.611071
10004.0,330.0,0.690711
10004.0,331.0,1.0
10004.0,332.0,0.279635
10004.0,333.0,0.238183
10004.0,334.0,0.680168
10005.0,0.0,0.006591
10005.0,1.0,0.95219
10005.0,2.0,0.0
10005.0,3.0,0.685683
10005.0,4.0,0.0
10005.0,5.0,0.153675
10005.0,6.0,0.642193
10005.0,7.0,0.404172
10005.0,8.0,0.50289
10005.0,9.0,0.547391
10005.0,10.0,0.0
10005.0,11.0,0.450749
10005.0,12.0,1.0
10005.0,13.0,0.56707
10005.0,14.0,0.545559
10005.0,15.0,0.366299
10005.0,16.0,0.589478
10005.0,17.0,0.581875
10005.0,18.0,0.0
10005.0,19.0,0.464286
10005.0,20.0,0.586256
10005.0,21.0,0.49674
10005.0,22.0,0.050541
10005.0,23.0,0.573119
10005.0,24.0,0.217541
10005.0,25.0,0.34768
10005.0,26.0,0.713961
10005.0,27.0,0.0
10005.0,28.0,0.424805
10005.0,29.0,0.478151
10005.0,30.0,0.651125
10005.0,31.0,0.476659
10005.0,32.0,0.312441
10005.0,33.0,0.358396
10005.0,34.0,0.878664
10005.0,35.0,0.426583
10005.0,36.0,0.362693
10005.0,37.0,0.360692
10005.0,38.0,0.002414
10005.0,39.0,0.0
10005.0,40.0,1.0
10005.0,41.0,0.712106
10005.0,42.0,0.003592
10005.0,43.0,0.616144
10005.0,44.0,0.49237
10005.0,45.0,1.0
10005.0,46.0,0.602634
10005.0,47.0,0.378166
10005.0,48.0,0.005755
10005.0,49.0,0.754194
10005.0,50.0,1.0
10005.0,51.0,0.354595
10005.0,52.0,1.0
10005.0,53.0,0.704969
10005.0,54.0,0.496316
10005.0,55.0,0.831444
10005.0,56.0,0.394311
10005.0,57.0,0.294765
10005.0,58.0,1.0
10005.0,59.0,0.852096
10005.0,60.0,0.016641
10005.0,61.0,0.928539
10005.0,62.0,0.554619
10005.0,63.0,0.640745
10005.0,64.0,0.0
10005.0,65.0,0.620538
10005.0,66.0,0.775228
10005.0,67.0,0.328658
10005.0,68.0,0.303818
10005.0,69.0,0.381105
10005.0,70.0,0.0
10005.0,71.0,0.59587
10005.0,72.0,0.628795
10005.0,73.0,0.0
10005.0,74.0,0.772882
10005.0,75.0,0.811019
10005.0,76.0,0.499679
10005.0,77.0,0.002064
10005.0,78.0,0.411042
10005.0,79.0,0.0
10005.0,80.0,0.396432
10005.0,81.0,0.434341
10005.0,82.0,0.5393
10005.0,83.0,1.0
10005.0,84.0,1.0
10005.0,85.0,0.214617
10005.0,86.0,0.584164
10005.0,87.0,0.055519
10005.0,88.0,0.616289
10005.0,89.0,0.195804
10005.0,90.0,0.850741
10005.0,91.0,0.0
10005.0,92.0,0.0
10005.0,93.0,0.504702
10005.0,94.0,0.979515
10005.0,95.0,0.664552
10005.0,96.0,0.30062
10005.0,97.0,0.024393
10005.0,98.0,0.993057
10005.0,99.0,0.380885
10005.0,100.0,0.719654
10005.0,101.0,0.499975
10005.0,102.0,0.747195
10005.0,103.0,0.450084
10005.0,104.0,1.0
10005.0,105.0,0.561245
10005.0,106.0,0.803542
10005.0,107.0,0.681616
10005.0,108.0,0.636024
10005.0,109.0,0.275702
10005.0,110.0,0.555615
10005.0,111.0,0.026459
10005.0,112.0,0.678329
10005.0,113.0,0.664199
10005.0,114.0,0.431439
10005.0,115.0,0.921191
10005.0,116.0,0.0
10005.0,117.0,0.515262
10005.0,118.0,0.83716
10005.0,119.0,0.0
10005.0,120.0,0.575981
10005.0,121.0,0.453709
10005.0,122.0,0.553533
10005.0,123.0,1.0
10005.0,124.0,0.0
10005.0,125.0,0.339991
10005.0,126.0,0.655679
10005.0,127.0,0.791251
10005.0,128.0,1.0
10005.0,129.0,0.29205
10005.0,130.0,0.0
10005.0,131.0,0.0
10005.0,132.0,0.0
10005.0,133.0,0.191226
10005.0,134.0,0.0
10005.0,135.0,1.0
10005.0,136.0,0.86818
10005.0,137.0,0.608852
10005.0,138.0,0.160168
10005.0,139.0,0.276131
10005.0,140.0,1.0
10005.0,141.0,0.629631
10005.0,142.0,0.220301
10005.0,143.0,0.635545
10005.0,144.0,0.0
10005.0,145.0,0.105391
10005.0,146.0,0.626565
10005.0,147.0,1.0
10005.0,148.0,0.752539
10005.0,149.0,1.0
10005.0,150.0,0.50243
10005.0,151.0,0.836787
10005.0,152.0,0.218637
10005.0,153.0,0.671008
10005.0,154.0,0.501353
10005.0,155.0,0.444686
10005.0,156.0,0.481521
10005.0,157.0,1.0
10005.0,158.0,0.502023
10005.0,159.0,0.301511
10005.0,160.0,0.705074
10005.0,161.0,0.986632
10005.0,162.0,0.502174
10005.0,163.0,0.835491
10005.0,164.0,0.073361
10005.0,165.0,0.561173
10005.0,166.0,0.048535
10005.0,167.0,1.0
10005.0,168.0,0.164172
10005.0,169.0,0.677596
10005.0,170.0,0.0
10005.0,171.0,0.567605
10005.0,172.0,0.256182
10005.0,173.0,0.570556
10005.0,174.0,0.176155
10005.0,175.0,0.359978
10005.0,176.0,0.000904
10005.0,177.0,0.937228
10005.0,178.0,0.649851
10005.0,179.0,1.0
10005.0,180.0,0.4872
10005.0,181.0,1.0
10005.0,182.0,0.765998
10005.0,183.0,0.384742
10005.0,184.0,0.341746
10005.0,185.0,0.706755
10005.0,186.0,0.148377
10005.0,187.0,0.371267
10005.0,188.0,0.41902
10005.0,189.0,0.882919
10005.0,190.0,0.446612
10005.0,191.0,0.566137
10005.0,192.0,1.0
10005.0,193.0,0.582689
10005.0,194.0,0.520561
10005.0,195.0,0.963006
10005.0,196.0,0.508416
10005.0,197.0,0.862935
10005.0,198.0,0.0
10005.0,199.0,0.999611
10005.0,200.0,0.758012
10005.0,201.0,0.134863
10005.0,202.0,0.708742
10005.0,203.0,0.803076
10005.0,204.0,0.236004
10005.0,205.0,0.767372
10005.0,206.0,0.534363
10005.0,207.0,0.702999
10005.0,208.0,0.0
10005.0,209.0,0.902793
10005.0,210.0,1.0
10005.0,211.0,0.455325
10005.0,212.0,0.761922
10005.0,213.0,0.452358
10005.0,214.0,0.662089
10005.0,215.0,0.36569
10005.0,216.0,0.0
10005.0,217.0,0.389694
10005.0,218.0,0.559643
10005.0,219.0,0.716321
10005.0,220.0,1.0
10005.0,221.0,0.709153
10005.0,222.0,0.559477
10005.0,223.0,0.675206
10005.0,224.0,0.593512
10005.0,225.0,1.0
10005.0,226.0,1.0
10005.0,227.0,0.401223
10005.0,228.0,0.994308
10005.0,229.0,0.760738
10005.0,230.0,0.627879
10005.0,231.0,0.0
10005.0,232.0,0.387589
10005.0,233.0,0.100067
10005.0,234.0,0.128629
10005.0,235.0,0.375709
10005.0,236.0,0.523029
10005.0,237.0,0.557223
10005.0,238.0,0.0
10005.0,239.0,1.0
10005.0,240.0,0.479657
10005.0,241.0,0.085355
10005.0,242.0,0.599671
10005.0,243.0,0.653536
10005.0,244.0,0.264376
10005.0,245.0,0.111199
10005.0,246.0,0.35386
10005.0,247.0,0.374526
10005.0,248.0,0.575638
10005.0,249.0,0.207274
10005.0,250.0,0.294394
10005.0,251.0,0.0
10005.0,252.0,0.989848
10005.0,253.0,0.700777
10005.0,254.0,0.249835
10005.0,255.0,0.755819
10005.0,256.0,1.0
10005.0,257.0,0.161989
10005.0,258.0,0.893512
10005.0,259.0,0.321539
10005.0,260.0,0.581413
10005.0,261.0,0.461693
10005.0,262.0,0.072423
10005.0,263.0,0.724708
10005.0,264.0,0.0
10005.0,265.0,0.975939
10005.0,266.0,1.0
10005.0,267.0,0.053475
10005.0,268.0,0.0
10005.0,269.0,0.374262
10005.0,270.0,0.482781
10005.0,271.0,0.570805
10005.0,272.0,0.784346
10005.0,273.0,0.33846
10005.0,274.0,0.409487
10005.0,275.0,0.689507
10005.0,276.0,0.842856
10005.0,277.0,0.427344
10005.0,278.0,0.0
10005.0,279.0,0.426909
10005.0,280.0,0.550238
10005.0,281.0,0.531984
10005.0,282.0,0.732319
10005.0,283.0,0.627509
10005.0,284.0,0.472683
10005.0,285.0,0.934709
10005.0,286.0,0.465851
10005.0,287.0,0.0
10005.0,288.0,0.297708
10005.0,289.0,1.0
10005.0,290.0,1.0
10005.0,291.0,0.909513
10005.0,292.0,0.259141
10005.0,293.0,0.002834
10005.0,294.0,0.0
10005.0,295.0,0.513878
10005.0,296.0,0.77928
10005.0,297.0,0.333882
10005.0,298.0,0.579052
10005.0,299.0,0.960593
10005.0,300.0,0.70853
10005.0,301.0,0.0
10005.0,302.0,0.89059
10005.0,303.0,0.810471
10005.0,304.0,0.613865
10005.0,305.0,0.752098
10005.0,306.0,1.0
10005.0,307.0,0.466139
10005.0,308.0,0.446012
10005.0,309.0,0.747716
10005.0,310.0,0.899695
10005.0,311.0,1.0
10005.0,312.0,0.198584
10005.0,313.0,0.688852
10005.0,314.0,0.509883
10005.0,315.0,1.0
10005.0,316.0,0.728048
10005.0,317.0,0.527423
10005.0,318.0,0.469148
10005.0,319.0,0.0
10005.0,320.0,0.357873
10005.0,321.0,0.118934
10005.0,322.0,0.263798
10005.0,323.0,0.195923
10005.0,324.0,0.278546
10005.0,325.0,0.004279
10005.0,326.0,0.621874
10005.0,327.0,0.0
10005.0,328.0,0.0
10005.0,329.0,0.648251
10005.0,330.0,0.689572
10005.0,331.0,1.0
10005.0,332.0,0.280107
10005.0,333.0,0.239994
10005.0,334.0,0.681819
10006.0,0.0,0.006615
10006.0,1.0,0.952096
10006.0,2.0,0.0
10006.0,3.0,0.678342
10006.0,4.0,0.0
10006.0,5.0,0.152178
10006.0,6.0,0.638746
10006.0,7.0,0.398469
10006.0,8.0,0.497015
10006.0,9.0,0.542101
10006.0,10.0,0.0
10006.0,11.0,0.442263
10006.0,12.0,1.0
10006.0,13.0,0.559882
10006.0,14.0,0.536684
10006.0,15.0,0.361823
10006.0,16.0,0.583852
10006.0,17.0,0.577164
10006.0,18.0,0.0
10006.0,19.0,0.463083
10006.0,20.0,0.585831
10006.0,21.0,0.4932
10006.0,22.0,0.050444
10006.0,23.0,0.568798
10006.0,24.0,0.211415
10006.0,25.0,0.34326
10006.0,26.0,0.703573
10006.0,27.0,0.0
10006.0,28.0,0.418609
10006.0,29.0,0.466629
10006.0,30.0,0.649148
10006.0,31.0,0.476279
10006.0,32.0,0.310414
10006.0,33.0,0.356967
10006.0,34.0,0.878319
10006.0,35.0,0.412819
10006.0,36.0,0.360187
10006.0,37.0,0.359853
10006.0,38.0,0.00232
10006.0,39.0,0.0
10006.0,40.0,1.0
10006.0,41.0,0.708318
10006.0,42.0,0.003551
10006.0,43.0,0.613534
10006.0,44.0,0.489561
10006.0,45.0,1.0
10006.0,46.0,0.600855
10006.0,47.0,0.374553
10006.0,48.0,0.005467
10006.0,49.0,0.753015
10006.0,50.0,1.0
10006.0,51.0,0.349743
10006.0,52.0,1.0
10006.0,53.0,0.704949
10006.0,54.0,0.487228
10006.0,55.0,0.831321
10006.0,56.0,0.387475
10006.0,57.0,0.2931
10006.0,58.0,1.0
10006.0,59.0,0.851594
10006.0,60.0,0.016514
10006.0,61.0,0.928066
10006.0,62.0,0.547898
10006.0,63.0,0.637306
10006.0,64.0,0.0
10006.0,65.0,0.614425
10006.0,66.0,0.770824
10006.0,67.0,0.326108
10006.0,68.0,0.293869
10006.0,69.0,0.377333
10006.0,70.0,0.0
10006.0,71.0,0.594953
10006.0,72.0,0.627369
10006.0,73.0,0.0
10006.0,74.0,0.767524
10006.0,75.0,0.801835
10006.0,76.0,0.496503
10006.0,77.0,0.002007
10006.0,78.0,0.405471
10006.0,79.0,0.0
10006.0,80.0,0.388156
10006.0,81.0,0.430666
10006.0,82.0,0.53766
10006.0,83.0,1.0
10006.0,84.0,1.0
10006.0,85.0,0.212431
10006.0,86.0,0.58181
10006.0,87.0,0.05681
10006.0,88.0,0.614316
10006.0,89.0,0.195219
10006.0,90.0,0.850548
10006.0,91.0,0.0
10006.0,92.0,0.0
10006.0,93.0,0.502645
10006.0,94.0,0.979574
10006.0,95.0,0.660469
10006.0,96.0,0.291962
10006.0,97.0,0.023906
10006.0,98.0,0.992934
10006.0,99.0,0.377042
10006.0,100.0,0.718531
10006.0,101.0,0.491152
10006.0,102.0,0.74416
10006.0,103.0,0.441805
10006.0,104.0,1.0
10006.0,105.0,0.557332
10006.0,106.0,0.795872
10006.0,107.0,0.678436
10006.0,108.0,0.63291
10006.0,109.0,0.275048
10006.0,110.0,0.543287
10006.0,111.0,0.026016
10006.0,112.0,0.674199
10006.0,113.0,0.597597
10006.0,114.0,0.428259
10006.0,115.0,0.921542
10006.0,116.0,0.0
10006.0,117.0,0.505428
10006.0,118.0,0.836908
10006.0,119.0,0.0
10006.0,120.0,0.570032
10006.0,121.0,0.451396
10006.0,122.0,0.551491
10006.0,123.0,1.0
10006.0,124.0,0.0
10006.0,125.0,0.323833
10006.0,126.0,0.652103
10006.0,127.0,0.777313
10006.0,128.0,1.0
10006.0,129.0,0.291297
10006.0,130.0,0.0
10006.0,131.0,0.0
10006.0,132.0,0.0
10006.0,133.0,0.184561
10006.0,134.0,0.0
10006.0,135.0,1.0
10006.0,136.0,0.865034
10006.0,137.0,0.607939
10006.0,138.0,0.160039
10006.0,139.0,0.268485
10006.0,140.0,1.0
10006.0,141.0,0.626157
10006.0,142.0,0.218922
10006.0,143.0,0.633652
10006.0,144.0,0.0
10006.0,145.0,0.104968
10006.0,146.0,0.622741
10006.0,147.0,1.0
10006.0,148.0,0.735035
10006.0,149.0,1.0
10006.0,150.0,0.487943
10006.0,151.0,0.835116
10006.0,152.0,0.217244
10006.0,153.0,0.666362
10006.0,154.0,0.498279
10006.0,155.0,0.434583
10006.0,156.0,0.458378
10006.0,157.0,1.0
10006.0,158.0,0.479985
10006.0,159.0,0.299829
10006.0,160.0,0.700108
10006.0,161.0,0.986468
10006.0,162.0,0.499284
10006.0,163.0,0.83438
10006.0,164.0,0.072329
10006.0,165.0,0.560222
10006.0,166.0,0.048286
10006.0,167.0,1.0
10006.0,168.0,0.164036
10006.0,169.0,0.670422
10006.0,170.0,0.0
10006.0,171.0,0.560943
10006.0,172.0,0.253675
10006.0,173.0,0.56379
10006.0,174.0,0.172892
10006.0,175.0,0.356973
10006.0,176.0,0.000916
10006.0,177.0,0.937546
10006.0,178.0,0.645893
10006.0,179.0,1.0
10006.0,180.0,0.485378
10006.0,181.0,1.0
10006.0,182.0,0.753665
10006.0,183.0,0.380012
10006.0,184.0,0.336917
10006.0,185.0,0.700923
10006.0,186.0,0.14844
10006.0,187.0,0.369194
10006.0,188.0,0.418616
10006.0,189.0,0.875369
10006.0,190.0,0.438228
10006.0,191.0,0.561135
10006.0,192.0,1.0
10006.0,193.0,0.579128
10006.0,194.0,0.514858
10006.0,195.0,0.962468
10006.0,196.0,0.502469
10006.0,197.0,0.860863
10006.0,198.0,0.0
10006.0,199.0,0.999585
10006.0,200.0,0.757323
10006.0,201.0,0.133424
10006.0,202.0,0.701537
10006.0,203.0,0.798596
10006.0,204.0,0.236064
10006.0,205.0,0.766043
10006.0,206.0,0.509424
10006.0,207.0,0.688871
10006.0,208.0,0.0
10006.0,209.0,0.902544
10006.0,210.0,1.0
10006.0,211.0,0.450304
10006.0,212.0,0.761931
10006.0,213.0,0.450282
10006.0,214.0,0.649448
10006.0,215.0,0.364501
10006.0,216.0,0.0
10006.0,217.0,0.385299
10006.0,218.0,0.548449
10006.0,219.0,0.71118
10006.0,220.0,1.0
10006.0,221.0,0.704241
10006.0,222.0,0.532064
10006.0,223.0,0.671706
10006.0,224.0,0.592331
10006.0,225.0,1.0
10006.0,226.0,1.0
10006.0,227.0,0.400162
10006.0,228.0,0.994244
10006.0,229.0,0.760067
10006.0,230.0,0.62608
10006.0,231.0,0.0
10006.0,232.0,0.383679
10006.0,233.0,0.100005
10006.0,234.0,0.126545
10006.0,235.0,0.373872
10006.0,236.0,0.520796
10006.0,237.0,0.554518
10006.0,238.0,0.0
10006.0,239.0,1.0
10006.0,240.0,0.476285
10006.0,241.0,0.084614
10006.0,242.0,0.598224
10006.0,243.0,0.652222
10006.0,244.0,0.260552
10006.0,245.0,0.10781
10006.0,246.0,0.354041
10006.0,247.0,0.373738
10006.0,248.0,0.57054
10006.0,249.0,0.202239
10006.0,250.0,0.287447
10006.0,251.0,0.0
10006.0,252.0,0.990209
10006.0,253.0,0.700178
10006.0,254.0,0.234055
10006.0,255.0,0.755419
10006.0,256.0,1.0
10006.0,257.0,0.161673
10006.0,258.0,0.894619
10006.0,259.0,0.317321
10006.0,260.0,0.580621
10006.0,261.0,0.460064
10006.0,262.0,0.071303
10006.0,263.0,0.723691
10006.0,264.0,0.0
10006.0,265.0,0.975672
10006.0,266.0,1.0
10006.0,267.0,0.05291
10006.0,268.0,0.0
10006.0,269.0,0.371892
10006.0,270.0,0.48231
10006.0,271.0,0.5697
10006.0,272.0,0.783976
10006.0,273.0,0.336963
10006.0,274.0,0.407368
10006.0,275.0,0.676907
10006.0,276.0,0.82561
10006.0,277.0,0.425213
10006.0,278.0,0.0
10006.0,279.0,0.424111
10006.0,280.0,0.545574
10006.0,281.0,0.528998
10006.0,282.0,0.726137
10006.0,283.0,0.619389
10006.0,284.0,0.465908
10006.0,285.0,0.934853
10006.0,286.0,0.459023
10006.0,287.0,0.0
10006.0,288.0,0.293143
10006.0,289.0,1.0
10006.0,290.0,1.0
10006.0,291.0,0.909179
10006.0,292.0,0.257298
10006.0,293.0,0.002722
10006.0,294.0,0.0
10006.0,295.0,0.510085
10006.0,296.0,0.77664
10006.0,297.0,0.333554
10006.0,298.0,0.57937
10006.0,299.0,0.960501
10006.0,300.0,0.700962
10006.0,301.0,0.0
10006.0,302.0,0.887685
10006.0,303.0,0.805844
10006.0,304.0,0.613826
10006.0,305.0,0.745752
10006.0,306.0,1.0
10006.0,307.0,0.457922
10006.0,308.0,0.441565
10006.0,309.0,0.743835
10006.0,310.0,0.899522
10006.0,311.0,1.0
10006.0,312.0,0.193469
10006.0,313.0,0.685645
10006.0,314.0,0.50796
10006.0,315.0,1.0
10006.0,316.0,0.727121
10006.0,317.0,0.524726
10006.0,318.0,0.466547
10006.0,319.0,0.0
10006.0,320.0,0.348687
10006.0,321.0,0.118243
10006.0,322.0,0.259715
10006.0,323.0,0.193557
10006.0,324.0,0.277257
10006.0,325.0,0.004289
10006.0,326.0,0.615431
10006.0,327.0,0.0
10006.0,328.0,0.0
10006.0,329.0,0.602276
10006.0,330.0,0.6897
10006.0,331.0,1.0
10006.0,332.0,0.279721
10006.0,333.0,0.237794
10006.0,334.0,0.681207
10007.0,0.0,0.006672
10007.0,1.0,0.951371
10007.0,2.0,0.0
10007.0,3.0,0.670927
10007.0,4.0,0.0
10007.0,5.0,0.150611
10007.0,6.0,0.633783
10007.0,7.0,0.392269
10007.0,8.0,0.491551
10007.0,9.0,0.537106
10007.0,10.0,0.0
10007.0,11.0,0.433752
10007.0,12.0,1.0
10007.0,13.0,0.553635
10007.0,14.0,0.52813
10007.0,15.0,0.357074
10007.0,16.0,0.579141
10007.0,17.0,0.573261
10007.0,18.0,0.0
10007.0,19.0,0.460608
10007.0,20.0,0.584519
10007.0,21.0,0.490833
10007.0,22.0,0.049905
10007.0,23.0,0.564532
10007.0,24.0,0.205881
10007.0,25.0,0.338442
10007.0,26.0,0.694017
10007.0,27.0,0.0
10007.0,28.0,0.412733
10007.0,29.0,0.454913
10007.0,30.0,0.647135
10007.0,31.0,0.474763
10007.0,32.0,0.307115
10007.0,33.0,0.35577
10007.0,34.0,0.878071
10007.0,35.0,0.397232
10007.0,36.0,0.358653
10007.0,37.0,0.359194
10007.0,38.0,0.002218
10007.0,39.0,0.0
10007.0,40.0,1.0
10007.0,41.0,0.703864
10007.0,42.0,0.003353
10007.0,43.0,0.611424
10007.0,44.0,0.485135
10007.0,45.0,1.0
10007.0,46.0,0.599344
10007.0,47.0,0.370391
10007.0,48.0,0.005493
10007.0,49.0,0.752572
10007.0,50.0,1.0
10007.0,51.0,0.344353
10007.0,52.0,1.0
10007.0,53.0,0.704319
10007.0,54.0,0.478797
10007.0,55.0,0.831018
10007.0,56.0,0.381204
10007.0,57.0,0.290632
10007.0,58.0,1.0
10007.0,59.0,0.850919
10007.0,60.0,0.016427
10007.0,61.0,0.927274
10007.0,62.0,0.541084
10007.0,63.0,0.63469
10007.0,64.0,0.0
10007.0,65.0,0.609072
10007.0,66.0,0.767484
10007.0,67.0,0.323201
10007.0,68.0,0.284594
10007.0,69.0,0.372696
10007.0,70.0,0.0
10007.0,71.0,0.594566
10007.0,72.0,0.627179
10007.0,73.0,0.0
10007.0,74.0,0.762486
10007.0,75.0,0.79396
10007.0,76.0,0.491616
10007.0,77.0,0.002001
10007.0,78.0,0.400201
10007.0,79.0,0.0
10007.0,80.0,0.380488
10007.0,81.0,0.4285
10007.0,82.0,0.535547
10007.0,83.0,1.0
10007.0,84.0,1.0
10007.0,85.0,0.210216
10007.0,86.0,0.579361
10007.0,87.0,0.058124
10007.0,88.0,0.612923
10007.0,89.0,0.195178
10007.0,90.0,0.84945
10007.0,91.0,0.0
10007.0,92.0,0.0
10007.0,93.0,0.501565
10007.0,94.0,0.979626
10007.0,95.0,0.656726
10007.0,96.0,0.284199
10007.0,97.0,0.02351
10007.0,98.0,0.992915
10007.0,99.0,0.37344
10007.0,100.0,0.717166
10007.0,101.0,0.480572
10007.0,102.0,0.742169
10007.0,103.0,0.433964
10007.0,104.0,1.0
10007.0,105.0,0.554527
10007.0,106.0,0.788769
10007.0,107.0,0.675687
10007.0,108.0,0.629997
10007.0,109.0,0.274555
10007.0,110.0,0.530726
10007.0,111.0,0.025249
10007.0,112.0,0.670547
10007.0,113.0,0.528077
10007.0,114.0,0.424294
10007.0,115.0,0.921059
10007.0,116.0,0.0
10007.0,117.0,0.496071
10007.0,118.0,0.836468
10007.0,119.0,0.0
10007.0,120.0,0.565335
10007.0,121.0,0.44863
10007.0,122.0,0.549397
10007.0,123.0,1.0
10007.0,124.0,0.0
10007.0,125.0,0.308713
10007.0,126.0,0.650058
10007.0,127.0,0.762657
10007.0,128.0,1.0
10007.0,129.0,0.290982
10007.0,130.0,0.0
10007.0,131.0,0.0
10007.0,132.0,0.0
10007.0,133.0,0.178519
10007.0,134.0,0.0
10007.0,135.0,1.0
10007.0,136.0,0.861567
10007.0,137.0,0.60835
10007.0,138.0,0.159137
10007.0,139.0,0.260894
10007.0,140.0,1.0
10007.0,141.0,0.622259
10007.0,142.0,0.217904
10007.0,143.0,0.632113
10007.0,144.0,0.0
10007.0,145.0,0.104134
10007.0,146.0,0.619297
10007.0,147.0,1.0
10007.0,148.0,0.717579
10007.0,149.0,1.0
10007.0,150.0,0.47455
10007.0,151.0,0.833422
10007.0,152.0,0.215844
10007.0,153.0,0.66152
10007.0,154.0,0.495134
10007.0,155.0,0.425473
10007.0,156.0,0.434975
10007.0,157.0,1.0
10007.0,158.0,0.458924
10007.0,159.0,0.298137
10007.0,160.0,0.695135
10007.0,161.0,0.986283
10007.0,162.0,0.497038
10007.0,163.0,0.832919
10007.0,164.0,0.071756
10007.0,165.0,0.560267
10007.0,166.0,0.048247
10007.0,167.0,1.0
10007.0,168.0,0.163338
10007.0,169.0,0.662846
10007.0,170.0,0.0
10007.0,171.0,0.555263
10007.0,172.0,0.251827
10007.0,173.0,0.556894
10007.0,174.0,0.170596
10007.0,175.0,0.354472
10007.0,176.0,0.000881
10007.0,177.0,0.937154
10007.0,178.0,0.641055
10007.0,179.0,1.0
10007.0,180.0,0.48393
10007.0,181.0,1.0
10007.0,182.0,0.741132
10007.0,183.0,0.375091
10007.0,184.0,0.331804
10007.0,185.0,0.694949
10007.0,186.0,0.148551
10007.0,187.0,0.367834
10007.0,188.0,0.418417
10007.0,189.0,0.86817
10007.0,190.0,0.430542
10007.0,191.0,0.555833
10007.0,192.0,1.0
10007.0,193.0,0.574743
10007.0,194.0,0.509939
10007.0,195.0,0.962165
10007.0,196.0,0.496558
10007.0,197.0,0.85865
10007.0,198.0,0.0
10007.0,199.0,0.999622
10007.0,200.0,0.756808
10007.0,201.0,0.132023
10007.0,202.0,0.694956
10007.0,203.0,0.794041
10007.0,204.0,0.235818
10007.0,205.0,0.764794
10007.0,206.0,0.484311
10007.0,207.0,0.674054
10007.0,208.0,0.0
10007.0,209.0,0.902228
10007.0,210.0,1.0
10007.0,211.0,0.446241
10007.0,212.0,0.76167
10007.0,213.0,0.447887
10007.0,214.0,0.636828
10007.0,215.0,0.36364
10007.0,216.0,0.0
10007.0,217.0,0.380479
10007.0,218.0,0.537314
10007.0,219.0,0.704707
10007.0,220.0,1.0
10007.0,221.0,0.698861
10007.0,222.0,0.506382
10007.0,223.0,0.667643
10007.0,224.0,0.590759
10007.0,225.0,1.0
10007.0,226.0,1.0
10007.0,227.0,0.398576
10007.0,228.0,0.99416
10007.0,229.0,0.759712
10007.0,230.0,0.624144
10007.0,231.0,0.0
10007.0,232.0,0.380051
10007.0,233.0,0.099521
10007.0,234.0,0.124834
10007.0,235.0,0.371859
10007.0,236.0,0.518329
10007.0,237.0,0.551694
10007.0,238.0,0.0
10007.0,239.0,1.0
10007.0,240.0,0.473018
10007.0,241.0,0.083641
10007.0,242.0,0.595896
10007.0,243.0,0.652051
10007.0,244.0,0.256402
10007.0,245.0,0.104645
10007.0,246.0,0.353286
10007.0,247.0,0.372513
10007.0,248.0,0.564714
10007.0,249.0,0.197327
10007.0,250.0,0.281868
10007.0,251.0,0.0
10007.0,252.0,0.990698
10007.0,253.0,0.699551
10007.0,254.0,0.220185
10007.0,255.0,0.755382
10007.0,256.0,1.0
10007.0,257.0,0.161439
10007.0,258.0,0.89569
10007.0,259.0,0.313914
10007.0,260.0,0.580943
10007.0,261.0,0.458683
10007.0,262.0,0.069531
10007.0,263.0,0.723294
10007.0,264.0,0.0
10007.0,265.0,0.975076
10007.0,266.0,1.0
10007.0,267.0,0.052435
10007.0,268.0,0.0
10007.0,269.0,0.368485
10007.0,270.0,0.481267
10007.0,271.0,0.568968
10007.0,272.0,0.783947
10007.0,273.0,0.334548
10007.0,274.0,0.404978
10007.0,275.0,0.666083
10007.0,276.0,0.807645
10007.0,277.0,0.423204
10007.0,278.0,0.0
10007.0,279.0,0.420252
10007.0,280.0,0.54144
10007.0,281.0,0.526485
10007.0,282.0,0.720707
10007.0,283.0,0.61108
10007.0,284.0,0.458858
10007.0,285.0,0.934577
10007.0,286.0,0.451668
10007.0,287.0,0.0
10007.0,288.0,0.287982
10007.0,289.0,1.0
10007.0,290.0,1.0
10007.0,291.0,0.908475
10007.0,292.0,0.255227
10007.0,293.0,0.002594
10007.0,294.0,0.0
10007.0,295.0,0.505547
10007.0,296.0,0.77448
10007.0,297.0,0.332332
10007.0,298.0,0.579204
10007.0,299.0,0.960322
10007.0,300.0,0.694344
10007.0,301.0,0.0
10007.0,302.0,0.885262
10007.0,303.0,0.801272
10007.0,304.0,0.613243
10007.0,305.0,0.740743
10007.0,306.0,1.0
10007.0,307.0,0.450035
10007.0,308.0,0.438151
10007.0,309.0,0.740381
10007.0,310.0,0.899364
10007.0,311.0,1.0
10007.0,312.0,0.188224
10007.0,313.0,0.682692
10007.0,314.0,0.505792
10007.0,315.0,1.0
10007.0,316.0,0.727048
10007.0,317.0,0.521267
10007.0,318.0,0.464724
10007.0,319.0,0.0
10007.0,320.0,0.340174
10007.0,321.0,0.117345
10007.0,322.0,0.256336
10007.0,323.0,0.191076
10007.0,324.0,0.274721
10007.0,325.0,0.004262
10007.0,326.0,0.609178
10007.0,327.0,0.0
10007.0,328.0,0.0
10007.0,329.0,0.559158
10007.0,330.0,0.689344
10007.0,331.0,1.0
10007.0,332.0,0.280172
10007.0,333.0,0.235517
10007.0,334.0,0.681015
10008.0,0.0,0.006713
10008.0,1.0,0.95151
10008.0,2.0,0.0
10008.0,3.0,0.663168
10008.0,4.0,0.0
10008.0,5.0,0.149141
10008.0,6.0,0.630153
10008.0,7.0,0.387421
10008.0,8.0,0.48685
10008.0,9.0,0.531531
10008.0,10.0,0.0
10008.0,11.0,0.425834
10008.0,12.0,1.0
10008.0,13.0,0.54769
10008.0,14.0,0.519897
10008.0,15.0,0.352086
10008.0,16.0,0.574704
10008.0,17.0,0.569783
10008.0,18.0,0.0
10008.0,19.0,0.459065
10008.0,20.0,0.58398
10008.0,21.0,0.487403
10008.0,22.0,0.050033
10008.0,23.0,0.560221
10008.0,24.0,0.199499
10008.0,25.0,0.333728
10008.0,26.0,0.68537
10008.0,27.0,0.0
10008.0,28.0,0.407774
10008.0,29.0,0.444159
10008.0,30.0,0.646648
10008.0,31.0,0.473686
10008.0,32.0,0.303853
10008.0,33.0,0.354971
10008.0,34.0,0.877113
10008.0,35.0,0.383679
10008.0,36.0,0.357094
10008.0,37.0,0.358601
10008.0,38.0,0.002201
10008.0,39.0,0.0
10008.0,40.0,1.0
10008.0,41.0,0.699368
10008.0,42.0,0.003112
10008.0,43.0,0.609284
10008.0,44.0,0.48093
10008.0,45.0,1.0
10008.0,46.0,0.597408
10008.0,47.0,0.366766
10008.0,48.0,0.005338
10008.0,49.0,0.75148
10008.0,50.0,1.0
10008.0,51.0,0.340127
10008.0,52.0,1.0
10008.0,53.0,0.703837
10008.0,54.0,0.469305
10008.0,55.0,0.830283
10008.0,56.0,0.374609
10008.0,57.0,0.288831
10008.0,58.0,1.0
10008.0,59.0,0.849923
10008.0,60.0,0.016186
10008.0,61.0,0.926217
10008.0,62.0,0.534289
10008.0,63.0,0.632786
10008.0,64.0,0.0
10008.0,65.0,0.60353
10008.0,66.0,0.762801
10008.0,67.0,0.319767
10008.0,68.0,0.274836
10008.0,69.0,0.367219
10008.0,70.0,0.0
10008.0,71.0,0.593342
10008.0,72.0,0.626405
10008.0,73.0,0.0
10008.0,74.0,0.757999
10008.0,75.0,0.785806
10008.0,76.0,0.486853
10008.0,77.0,0.00198
10008.0,78.0,0.395298
10008.0,79.0,0.0
10008.0,80.0,0.371902
10008.0,81.0,0.425974
10008.0,82.0,0.531836
10008.0,83.0,1.0
10008.0,84.0,1.0
10008.0,85.0,0.208262
10008.0,86.0,0.576994
10008.0,87.0,0.059356
10008.0,88.0,0.611999
10008.0,89.0,0.194928
10008.0,90.0,0.84961
10008.0,91.0,0.0
10008.0,92.0,0.0
10008.0,93.0,0.499797
10008.0,94.0,0.97932
10008.0,95.0,0.65332
10008.0,96.0,0.27627
10008.0,97.0,0.023105
10008.0,98.0,0.992784
10008.0,99.0,0.369254
10008.0,100.0,0.716196
10008.0,101.0,0.470149
10008.0,102.0,0.740785
10008.0,103.0,0.425868
10008.0,104.0,1.0
10008.0,105.0,0.551009
10008.0,106.0,0.781017
10008.0,107.0,0.672403
10008.0,108.0,0.626363
10008.0,109.0,0.273934
10008.0,110.0,0.518428
10008.0,111.0,0.024735
10008.0,112.0,0.66714
10008.0,113.0,0.458343
10008.0,114.0,0.419788
10008.0,115.0,0.920994
10008.0,116.0,0.0
10008.0,117.0,0.487587
10008.0,118.0,0.835723
10008.0,119.0,0.0
10008.0,120.0,0.560106
10008.0,121.0,0.446547
10008.0,122.0,0.548196
10008.0,123.0,1.0
10008.0,124.0,0.0
10008.0,125.0,0.294274
10008.0,126.0,0.648775
10008.0,127.0,0.747529
10008.0,128.0,1.0
10008.0,129.0,0.290409
10008.0,130.0,0.0
10008.0,131.0,0.0
10008.0,132.0,0.0
10008.0,133.0,0.173008
10008.0,134.0,0.0
10008.0,135.0,1.0
10008.0,136.0,0.857829
10008.0,137.0,0.607851
10008.0,138.0,0.15871
10008.0,139.0,0.253889
10008.0,140.0,1.0
10008.0,141.0,0.618146
10008.0,142.0,0.217205
10008.0,143.0,0.630063
10008.0,144.0,0.0
10008.0,145.0,0.103092
10008.0,146.0,0.615135
10008.0,147.0,1.0
10008.0,148.0,0.700174
10008.0,149.0,1.0
10008.0,150.0,0.462151
10008.0,151.0,0.832955
10008.0,152.0,0.21388
10008.0,153.0,0.655999
10008.0,154.0,0.491471
10008.0,155.0,0.416153
10008.0,156.0,0.413184
10008.0,157.0,1.0
10008.0,158.0,0.438014
10008.0,159.0,0.296519
10008.0,160.0,0.689362
10008.0,161.0,0.986134
10008.0,162.0,0.493982
10008.0,163.0,0.83197
10008.0,164.0,0.070892
10008.0,165.0,0.559843
10008.0,166.0,0.048571
10008.0,167.0,1.0
10008.0,168.0,0.162939
10008.0,169.0,0.655474
10008.0,170.0,0.0
10008.0,171.0,0.549042
10008.0,172.0,0.250378
10008.0,173.0,0.549655
10008.0,174.0,0.168024
10008.0,175.0,0.351897
10008.0,176.0,0.00085
10008.0,177.0,0.936739
10008.0,178.0,0.636004
10008.0,179.0,1.0
10008.0,180.0,0.483029
10008.0,181.0,1.0
10008.0,182.0,0.728584
10008.0,183.0,0.370842
10008.0,184.0,0.326431
10008.0,185.0,0.68959
10008.0,186.0,0.148592
10008.0,187.0,0.366715
10008.0,188.0,0.417787
10008.0,189.0,0.860964
10008.0,190.0,0.423288
10008.0,191.0,0.550902
10008.0,192.0,1.0
10008.0,193.0,0.569959
10008.0,194.0,0.505505
10008.0,195.0,0.961921
10008.0,196.0,0.491388
10008.0,197.0,0.857248
10008.0,198.0,0.0
10008.0,199.0,0.999624
10008.0,200.0,0.755114
10008.0,201.0,0.130624
10008.0,202.0,0.687651
10008.0,203.0,0.789305
10008.0,204.0,0.236324
10008.0,205.0,0.763241
10008.0,206.0,0.459011
10008.0,207.0,0.658498
10008.0,208.0,0.0
10008.0,209.0,0.902012
10008.0,210.0,1.0
10008.0,211.0,0.441977
10008.0,212.0,0.761045
10008.0,213.0,0.445119
10008.0,214.0,0.624448
10008.0,215.0,0.362456
10008.0,216.0,0.0
10008.0,217.0,0.376075
10008.0,218.0,0.525952
10008.0,219.0,0.699936
10008.0,220.0,1.0
10008.0,221.0,0.694166
10008.0,222.0,0.481822
10008.0,223.0,0.663564
10008.0,224.0,0.589496
10008.0,225.0,1.0
10008.0,226.0,1.0
10008.0,227.0,0.397026
10008.0,228.0,0.994021
10008.0,229.0,0.759263
10008.0,230.0,0.622255
10008.0,231.0,0.0
10008.0,232.0,0.376027
10008.0,233.0,0.098896
10008.0,234.0,0.122788
10008.0,235.0,0.370223
10008.0,236.0,0.516182
10008.0,237.0,0.54805
10008.0,238.0,0.0
10008.0,239.0,1.0
10008.0,240.0,0.470421
10008.0,241.0,0.083014
10008.0,242.0,0.594593
10008.0,243.0,0.653002
10008.0,244.0,0.252006
10008.0,245.0,0.101532
10008.0,246.0,0.352638
10008.0,247.0,0.370887
10008.0,248.0,0.559479
10008.0,249.0,0.192783
10008.0,250.0,0.275904
10008.0,251.0,0.0
10008.0,252.0,0.9913
10008.0,253.0,0.699664
10008.0,254.0,0.207158
10008.0,255.0,0.754709
10008.0,256.0,1.0
10008.0,257.0,0.16081
10008.0,258.0,0.895866
10008.0,259.0,0.310375
10008.0,260.0,0.580803
10008.0,261.0,0.456518
10008.0,262.0,0.068629
10008.0,263.0,0.72176
10008.0,264.0,0.0
10008.0,265.0,0.974816
10008.0,266.0,1.0
10008.0,267.0,0.052008
10008.0,268.0,0.0
10008.0,269.0,0.365089
10008.0,270.0,0.480611
10008.0,271.0,0.567955
10008.0,272.0,0.783861
10008.0,273.0,0.332062
10008.0,274.0,0.402945
10008.0,275.0,0.655392
10008.0,276.0,0.788867
10008.0,277.0,0.420598
10008.0,278.0,0.0
10008.0,279.0,0.416598
10008.0,280.0,0.537336
10008.0,281.0,0.523082
10008.0,282.0,0.715841
10008.0,283.0,0.602233
10008.0,284.0,0.451429
10008.0,285.0,0.934326
10008.0,286.0,0.445962
10008.0,287.0,0.0
10008.0,288.0,0.283626
10008.0,289.0,1.0
10008.0,290.0,1.0
10008.0,291.0,0.907864
10008.0,292.0,0.253511
10008.0,293.0,0.002445
10008.0,294.0,0.0
10008.0,295.0,0.500978
10008.0,296.0,0.771574
10008.0,297.0,0.330591
10008.0,298.0,0.578525
10008.0,299.0,0.960075
10008.0,300.0,0.687991
10008.0,301.0,0.0
10008.0,302.0,0.881588
10008.0,303.0,0.797442
10008.0,304.0,0.612005
10008.0,305.0,0.734828
10008.0,306.0,1.0
10008.0,307.0,0.441272
10008.0,308.0,0.434875
10008.0,309.0,0.737741
10008.0,310.0,0.898537
10008.0,311.0,1.0
10008.0,312.0,0.18302
10008.0,313.0,0.680685
10008.0,314.0,0.50426
10008.0,315.0,1.0
10008.0,316.0,0.725825
10008.0,317.0,0.518644
10008.0,318.0,0.464019
10008.0,319.0,0.0
10008.0,320.0,0.331854
10008.0,321.0,0.116137
10008.0,322.0,0.253763
10008.0,323.0,0.188652
10008.0,324.0,0.273098
10008.0,325.0,0.004283
10008.0,326.0,0.602696
10008.0,327.0,0.0
10008.0,328.0,0.0
10008.0,329.0,0.518329
10008.0,330.0,0.688828
10008.0,331.0,1.0
10008.0,332.0,0.280166
10008.0,333.0,0.233796
10008.0,334.0,0.680338
10009.0,0.0,0.006709
10009.0,1.0,0.951219
10009.0,2.0,0.0
10009.0,3.0,0.656438
10009.0,4.0,0.0
10009.0,5.0,0.147271
10009.0,6.0,0.62663
10009.0,7.0,0.381528
10009.0,8.0,0.481464
10009.0,9.0,0.526983
10009.0,10.0,0.0
10009.0,11.0,0.419125
10009.0,12.0,1.0
10009.0,13.0,0.541701
10009.0,14.0,0.512126
10009.0,15.0,0.347581
10009.0,16.0,0.569469
10009.0,17.0,0.565969
10009.0,18.0,0.0
10009.0,19.0,0.456828
10009.0,20.0,0.583089
10009.0,21.0,0.484131
10009.0,22.0,0.049888
10009.0,23.0,0.555375
10009.0,24.0,0.193585
10009.0,25.0,0.328017
10009.0,26.0,0.676575
10009.0,27.0,0.0
10009.0,28.0,0.403801
10009.0,29.0,0.433767
10009.0,30.0,0.645213
10009.0,31.0,0.472254
10009.0,32.0,0.299893
10009.0,33.0,0.353169
10009.0,34.0,0.876351
10009.0,35.0,0.37081
10009.0,36.0,0.356191
10009.0,37.0,0.358082
10009.0,38.0,0.002156
10009.0,39.0,0.0
10009.0,40.0,1.0
10009.0,41.0,0.695423
10009.0,42.0,0.003074
10009.0,43.0,0.607674
10009.0,44.0,0.476842
10009.0,45.0,1.0
10009.0,46.0,0.594321
10009.0,47.0,0.364364
10009.0,48.0,0.005369
10009.0,49.0,0.749317
10009.0,50.0,1.0
10009.0,51.0,0.336043
10009.0,52.0,1.0
10009.0,53.0,0.702818
10009.0,54.0,0.461242
10009.0,55.0,0.829578
10009.0,56.0,0.36834
10009.0,57.0,0.286788
10009.0,58.0,1.0
10009.0,59.0,0.848742
10009.0,60.0,0.016005
10009.0,61.0,0.926104
10009.0,62.0,0.527713
10009.0,63.0,0.62984
10009.0,64.0,0.0
10009.0,65.0,0.599287
10009.0,66.0,0.759157
10009.0,67.0,0.315967
10009.0,68.0,0.26615
10009.0,69.0,0.363364
10009.0,70.0,0.0
10009.0,71.0,0.59201
10009.0,72.0,0.62642
10009.0,73.0,0.0
10009.0,74.0,0.752935
10009.0,75.0,0.777406
10009.0,76.0,0.482422
10009.0,77.0,0.001954
10009.0,78.0,0.390413
10009.0,79.0,0.0
10009.0,80.0,0.364447
10009.0,81.0,0.42385
10009.0,82.0,0.529131
10009.0,83.0,1.0
10009.0,84.0,1.0
10009.0,85.0,0.20604
10009.0,86.0,0.574507
10009.0,87.0,0.060372
10009.0,88.0,0.611509
10009.0,89.0,0.195547
10009.0,90.0,0.84888
10009.0,91.0,0.0
10009.0,92.0,0.0
10009.0,93.0,0.498688
10009.0,94.0,0.979409
10009.0,95.0,0.650499
10009.0,96.0,0.269534
10009.0,97.0,0.022464
10009.0,98.0,0.992764
10009.0,99.0,0.36483
10009.0,100.0,0.71447
10009.0,101.0,0.460944
10009.0,102.0,0.737852
10009.0,103.0,0.419123
10009.0,104.0,1.0
10009.0,105.0,0.548287
10009.0,106.0,0.773701
10009.0,107.0,0.669328
10009.0,108.0,0.623052
10009.0,109.0,0.273488
10009.0,110.0,0.506184
10009.0,111.0,0.02451
10009.0,112.0,0.663168
10009.0,113.0,0.390603
10009.0,114.0,0.414868
10009.0,115.0,0.920756
10009.0,116.0,0.0
10009.0,117.0,0.479562
10009.0,118.0,0.834889
10009.0,119.0,0.0
10009.0,120.0,0.555314
10009.0,121.0,0.444796
10009.0,122.0,0.545885
10009.0,123.0,1.0
10009.0,124.0,0.0
10009.0,125.0,0.280378
10009.0,126.0,0.646815
10009.0,127.0,0.733772
10009.0,128.0,1.0
10009.0,129.0,0.291043
10009.0,130.0,0.0
10009.0,131.0,0.0
10009.0,132.0,0.0
10009.0,133.0,0.167675
10009.0,134.0,0.0
10009.0,135.0,1.0
10009.0,136.0,0.854067
10009.0,137.0,0.607303
10009.0,138.0,0.158741
10009.0,139.0,0.247264
10009.0,140.0,1.0
10009.0,141.0,0.61428
10009.0,142.0,0.21593
10009.0,143.0,0.627328
10009.0,144.0,0.0
10009.0,145.0,0.102625
10009.0,146.0,0.611473
10009.0,147.0,1.0
10009.0,148.0,0.68332
10009.0,149.0,1.0
10009.0,150.0,0.447632
10009.0,151.0,0.831565
10009.0,152.0,0.212224
10009.0,153.0,0.651241
10009.0,154.0,0.488978
10009.0,155.0,0.407449
10009.0,156.0,0.391786
10009.0,157.0,1.0
10009.0,158.0,0.415291
10009.0,159.0,0.295652
10009.0,160.0,0.684177
10009.0,161.0,0.986069
10009.0,162.0,0.491227
10009.0,163.0,0.830227
10009.0,164.0,0.070082
10009.0,165.0,0.559629
10009.0,166.0,0.048401
10009.0,167.0,1.0
10009.0,168.0,0.162085
10009.0,169.0,0.64884
10009.0,170.0,0.0
10009.0,171.0,0.543444
10009.0,172.0,0.247888
10009.0,173.0,0.544695
10009.0,174.0,0.165217
10009.0,175.0,0.349206
10009.0,176.0,0.000822
10009.0,177.0,0.936449
10009.0,178.0,0.631269
10009.0,179.0,1.0
10009.0,180.0,0.481423
10009.0,181.0,1.0
10009.0,182.0,0.715782
10009.0,183.0,0.365694
10009.0,184.0,0.321493
10009.0,185.0,0.683234
10009.0,186.0,0.147438
10009.0,187.0,0.365012
10009.0,188.0,0.417579
10009.0,189.0,0.85326
10009.0,190.0,0.41524
10009.0,191.0,0.5454
10009.0,192.0,1.0
10009.0,193.0,0.566324
10009.0,194.0,0.500341
10009.0,195.0,0.961418
10009.0,196.0,0.486244
10009.0,197.0,0.855732
10009.0,198.0,0.0
10009.0,199.0,0.99958
10009.0,200.0,0.753604
10009.0,201.0,0.129037
10009.0,202.0,0.68123
10009.0,203.0,0.784361
10009.0,204.0,0.23665
10009.0,205.0,0.762537
10009.0,206.0,0.43532
10009.0,207.0,0.642437
10009.0,208.0,0.0
10009.0,209.0,0.901484
10009.0,210.0,1.0
10009.0,211.0,0.437667
10009.0,212.0,0.761335
10009.0,213.0,0.442377
10009.0,214.0,0.612144
10009.0,215.0,0.36093
10009.0,216.0,0.0
10009.0,217.0,0.371959
10009.0,218.0,0.514557
10009.0,219.0,0.693391
10009.0,220.0,1.0
10009.0,221.0,0.689303
10009.0,222.0,0.458418
10009.0,223.0,0.661043
10009.0,224.0,0.58795
10009.0,225.0,1.0
10009.0,226.0,1.0
10009.0,227.0,0.396205
10009.0,228.0,0.993752
10009.0,229.0,0.759132
10009.0,230.0,0.620783
10009.0,231.0,0.0
10009.0,232.0,0.373927
10009.0,233.0,0.098571
10009.0,234.0,0.121215
10009.0,235.0,0.367935
10009.0,236.0,0.513773
10009.0,237.0,0.544706
10009.0,238.0,0.0
10009.0,239.0,1.0
10009.0,240.0,0.467432
10009.0,241.0,0.082871
10009.0,242.0,0.591881
10009.0,243.0,0.653906
10009.0,244.0,0.248478
10009.0,245.0,0.098475
10009.0,246.0,0.352599
10009.0,247.0,0.368477
10009.0,248.0,0.55429
10009.0,249.0,0.188588
10009.0,250.0,0.270191
10009.0,251.0,0.0
10009.0,252.0,0.991805
10009.0,253.0,0.699247
10009.0,254.0,0.194898
10009.0,255.0,0.754391
10009.0,256.0,1.0
10009.0,257.0,0.159981
10009.0,258.0,0.8968
10009.0,259.0,0.307533
10009.0,260.0,0.58062
10009.0,261.0,0.455027
10009.0,262.0,0.067239
10009.0,263.0,0.719947
10009.0,264.0,0.0
10009.0,265.0,0.974776
10009.0,266.0,1.0
10009.0,267.0,0.051343
10009.0,268.0,0.0
10009.0,269.0,0.362015
10009.0,270.0,0.47879
10009.0,271.0,0.567342
10009.0,272.0,0.783508
10009.0,273.0,0.330657
10009.0,274.0,0.400416
10009.0,275.0,0.644166
10009.0,276.0,0.769544
10009.0,277.0,0.419328
10009.0,278.0,0.0
10009.0,279.0,0.413262
10009.0,280.0,0.53352
10009.0,281.0,0.520288
10009.0,282.0,0.710716
10009.0,283.0,0.593373
10009.0,284.0,0.444115
10009.0,285.0,0.934072
10009.0,286.0,0.439233
10009.0,287.0,0.0
10009.0,288.0,0.279407
10009.0,289.0,1.0
10009.0,290.0,1.0
10009.0,291.0,0.907381
10009.0,292.0,0.250943
10009.0,293.0,0.002291
10009.0,294.0,0.0
10009.0,295.0,0.497404
10009.0,296.0,0.769271
10009.0,297.0,0.329579
10009.0,298.0,0.578505
10009.0,299.0,0.960131
10009.0,300.0,0.682064
10009.0,301.0,0.0
10009.0,302.0,0.87828
10009.0,303.0,0.793424
10009.0,304.0,0.611029
10009.0,305.0,0.729154
10009.0,306.0,1.0
10009.0,307.0,0.432893
10009.0,308.0,0.430937
10009.0,309.0,0.733375
10009.0,310.0,0.89809
10009.0,311.0,1.0
10009.0,312.0,0.178763
10009.0,313.0,0.678154
10009.0,314.0,0.503325
10009.0,315.0,1.0
10009.0,316.0,0.72461
10009.0,317.0,0.516054
10009.0,318.0,0.462139
10009.0,319.0,0.0
10009.0,320.0,0.324184
10009.0,321.0,0.115369
10009.0,322.0,0.250856
10009.0,323.0,0.186427
10009.0,324.0,0.271371
10009.0,325.0,0.004302
10009.0,326.0,0.596482
10009.0,327.0,0.0
10009.0,328.0,0.0
10009.0,329.0,0.4817
10009.0,330.0,0.688619
10009.0,331.0,1.0
10009.0,332.0,0.27987
10009.0,333.0,0.231983
10009.0,334.0,0.679147
10010.0,0.0,0.006812
10010.0,1.0,0.950937
10010.0,2.0,0.0
10010.0,3.0,0.649186
10010.0,4.0,0.0
10010.0,5.0,0.146077
10010.0,6.0,0.624074
10010.0,7.0,0.376058
10010.0,8.0,0.47675
10010.0,9.0,0.522308
10010.0,10.0,0.0
10010.0,11.0,0.411855
10010.0,12.0,1.0
10010.0,13.0,0.535719
10010.0,14.0,0.504058
10010.0,15.0,0.342647
10010.0,16.0,0.56639
10010.0,17.0,0.561098
10010.0,18.0,0.0
10010.0,19.0,0.453912
10010.0,20.0,0.582371
10010.0,21.0,0.4808
10010.0,22.0,0.049771
10010.0,23.0,0.550286
10010.0,24.0,0.18797
10010.0,25.0,0.3241
10010.0,26.0,0.667021
10010.0,27.0,0.0
10010.0,28.0,0.398811
10010.0,29.0,0.42308
10010.0,30.0,0.644001
10010.0,31.0,0.471037
10010.0,32.0,0.297505
10010.0,33.0,0.352172
10010.0,34.0,0.875546
10010.0,35.0,0.359191
10010.0,36.0,0.353664
10010.0,37.0,0.357366
10010.0,38.0,0.002083
10010.0,39.0,0.0
10010.0,40.0,1.0
10010.0,41.0,0.691979
10010.0,42.0,0.002977
10010.0,43.0,0.605912
10010.0,44.0,0.473107
10010.0,45.0,1.0
10010.0,46.0,0.592417
10010.0,47.0,0.36144
10010.0,48.0,0.005325
10010.0,49.0,0.748476
10010.0,50.0,1.0
10010.0,51.0,0.331709
10010.0,52.0,1.0
10010.0,53.0,0.702977
10010.0,54.0,0.453076
10010.0,55.0,0.828247
10010.0,56.0,0.36371
10010.0,57.0,0.284539
10010.0,58.0,1.0
10010.0,59.0,0.847609
10010.0,60.0,0.01582
10010.0,61.0,0.925523
10010.0,62.0,0.521629
10010.0,63.0,0.627219
10010.0,64.0,0.0
10010.0,65.0,0.594148
10010.0,66.0,0.755206
10010.0,67.0,0.312516
10010.0,68.0,0.25752
10010.0,69.0,0.359504
10010.0,70.0,0.0
10010.0,71.0,0.591405
10010.0,72.0,0.626059
10010.0,73.0,0.0
10010.0,74.0,0.748412
10010.0,75.0,0.768368
10010.0,76.0,0.477797
10010.0,77.0,0.001974
10010.0,78.0,0.386207
10010.0,79.0,0.0
10010.0,80.0,0.356867
10010.0,81.0,0.421469
10010.0,82.0,0.526694
10010.0,83.0,1.0
10010.0,84.0,1.0
10010.0,85.0,0.203421
10010.0,86.0,0.571723
10010.0,87.0,0.061219
10010.0,88.0,0.610089
10010.0,89.0,0.195742
10010.0,90.0,0.84858
10010.0,91.0,0.0
10010.0,92.0,0.0
10010.0,93.0,0.496321
10010.0,94.0,0.979484
10010.0,95.0,0.647648
10010.0,96.0,0.262801
10010.0,97.0,0.022362
10010.0,98.0,0.992535
10010.0,99.0,0.361902
10010.0,100.0,0.713002
10010.0,101.0,0.453492
10010.0,102.0,0.735494
10010.0,103.0,0.412225
10010.0,104.0,1.0
10010.0,105.0,0.544752
10010.0,106.0,0.765875
10010.0,107.0,0.665912
10010.0,108.0,0.619484
10010.0,109.0,0.271929
10010.0,110.0,0.495197
10010.0,111.0,0.024284
10010.0,112.0,0.658523
10010.0,113.0,0.325776
10010.0,114.0,0.410567
10010.0,115.0,0.920422
10010.0,116.0,0.0
10010.0,117.0,0.470322
10010.0,118.0,0.833917
10010.0,119.0,0.0
10010.0,120.0,0.550789
10010.0,121.0,0.442365
10010.0,122.0,0.544298
10010.0,123.0,1.0
10010.0,124.0,0.0
10010.0,125.0,0.267353
10010.0,126.0,0.644749
10010.0,127.0,0.719562
10010.0,128.0,1.0
10010.0,129.0,0.29188
10010.0,130.0,0.0
10010.0,131.0,0.0
10010.0,132.0,0.0
10010.0,133.0,0.16265
10010.0,134.0,0.0
10010.0,135.0,1.0
10010.0,136.0,0.850208
10010.0,137.0,0.607596
10010.0,138.0,0.158302
10010.0,139.0,0.241185
10010.0,140.0,1.0
10010.0,141.0,0.610822
10010.0,142.0,0.214607
10010.0,143.0,0.625346
10010.0,144.0,0.0
10010.0,145.0,0.10145
10010.0,146.0,0.606314
10010.0,147.0,1.0
10010.0,148.0,0.666798
10010.0,149.0,1.0
10010.0,150.0,0.435785
10010.0,151.0,0.830312
10010.0,152.0,0.210404
10010.0,153.0,0.646932
10010.0,154.0,0.487365
10010.0,155.0,0.398547
10010.0,156.0,0.371554
10010.0,157.0,1.0
10010.0,158.0,0.394601
10010.0,159.0,0.294161
10010.0,160.0,0.679454
10010.0,161.0,0.985855
10010.0,162.0,0.488862
10010.0,163.0,0.828976
10010.0,164.0,0.069313
10010.0,165.0,0.558946
10010.0,166.0,0.048586
10010.0,167.0,1.0
10010.0,168.0,0.161346
10010.0,169.0,0.640687
10010.0,170.0,0.0
10010.0,171.0,0.538192
10010.0,172.0,0.246139
10010.0,173.0,0.538835
10010.0,174.0,0.163145
10010.0,175.0,0.346148
10010.0,176.0,0.000735
10010.0,177.0,0.935756
10010.0,178.0,0.627111
10010.0,179.0,1.0
10010.0,180.0,0.480289
10010.0,181.0,1.0
10010.0,182.0,0.703322
10010.0,183.0,0.361864
10010.0,184.0,0.317224
10010.0,185.0,0.677814
10010.0,186.0,0.146919
10010.0,187.0,0.363467
10010.0,188.0,0.416802
10010.0,189.0,0.845721
10010.0,190.0,0.407143
10010.0,191.0,0.540734
10010.0,192.0,1.0
10010.0,193.0,0.562567
10010.0,194.0,0.495682
10010.0,195.0,0.960966
10010.0,196.0,0.480513
10010.0,197.0,0.854359
10010.0,198.0,0.0
10010.0,199.0,0.999581
10010.0,200.0,0.752638
10010.0,201.0,0.128157
10010.0,202.0,0.673943
10010.0,203.0,0.779248
10010.0,204.0,0.236957
10010.0,205.0,0.761443
10010.0,206.0,0.412134
10010.0,207.0,0.626846
10010.0,208.0,0.0
10010.0,209.0,0.90158
10010.0,210.0,1.0
10010.0,211.0,0.433833
10010.0,212.0,0.76038
10010.0,213.0,0.439276
10010.0,214.0,0.600464
10010.0,215.0,0.36053
10010.0,216.0,0.0
10010.0,217.0,0.367124
10010.0,218.0,0.502397
10010.0,219.0,0.687374
10010.0,220.0,1.0
10010.0,221.0,0.684327
10010.0,222.0,0.436499
10010.0,223.0,0.656543
10010.0,224.0,0.586657
10010.0,225.0,1.0
10010.0,226.0,1.0
10010.0,227.0,0.394958
10010.0,228.0,0.993583
10010.0,229.0,0.7587
10010.0,230.0,0.619738
10010.0,231.0,0.0
10010.0,232.0,0.370426
10010.0,233.0,0.098678
10010.0,234.0,0.119757
10010.0,235.0,0.366104
10010.0,236.0,0.511375
10010.0,237.0,0.54284
10010.0,238.0,0.0
10010.0,239.0,1.0
10010.0,240.0,0.464733
10010.0,241.0,0.082301
10010.0,242.0,0.588743
10010.0,243.0,0.654699
10010.0,244.0,0.245774
10010.0,245.0,0.095141
10010.0,246.0,0.352338
10010.0,247.0,0.366272
10010.0,248.0,0.548057
10010.0,249.0,0.185121
10010.0,250.0,0.264904
10010.0,251.0,0.0
10010.0,252.0,0.99251
10010.0,253.0,0.698465
10010.0,254.0,0.183045
10010.0,255.0,0.753525
10010.0,256.0,1.0
10010.0,257.0,0.158962
10010.0,258.0,0.897911
10010.0,259.0,0.304693
10010.0,260.0,0.580134
10010.0,261.0,0.453591
10010.0,262.0,0.066241
10010.0,263.0,0.719254
10010.0,264.0,0.0
10010.0,265.0,0.974555
10010.0,266.0,1.0
10010.0,267.0,0.050674
10010.0,268.0,0.0
10010.0,269.0,0.359622
10010.0,270.0,0.477312
10010.0,271.0,0.567102
10010.0,272.0,0.782717
10010.0,273.0,0.329242
10010.0,274.0,0.398078
10010.0,275.0,0.63353
10010.0,276.0,0.74966
10010.0,277.0,0.417495
10010.0,278.0,0.0
10010.0,279.0,0.410757
10010.0,280.0,0.529416
10010.0,281.0,0.518042
10010.0,282.0,0.70466
10010.0,283.0,0.584584
10010.0,284.0,0.43733
10010.0,285.0,0.933575
10010.0,286.0,0.432791
10010.0,287.0,0.0
10010.0,288.0,0.274368
10010.0,289.0,1.0
10010.0,290.0,1.0
10010.0,291.0,0.906407
10010.0,292.0,0.248581
10010.0,293.0,0.002215
10010.0,294.0,0.0
10010.0,295.0,0.493615
10010.0,296.0,0.767333
10010.0,297.0,0.328685
10010.0,298.0,0.577589
10010.0,299.0,0.960401
10010.0,300.0,0.675832
10010.0,301.0,0.0
10010.0,302.0,0.874221
10010.0,303.0,0.788881
10010.0,304.0,0.610022
10010.0,305.0,0.72209
10010.0,306.0,1.0
10010.0,307.0,0.425493
10010.0,308.0,0.427598
10010.0,309.0,0.729354
10010.0,310.0,0.897755
10010.0,311.0,1.0
10010.0,312.0,0.174593
10010.0,313.0,0.675208
10010.0,314.0,0.500629
10010.0,315.0,1.0
10010.0,316.0,0.724003
10010.0,317.0,0.513374
10010.0,318.0,0.459864
10010.0,319.0,0.0
10010.0,320.0,0.316659
10010.0,321.0,0.114532
10010.0,322.0,0.248185
10010.0,323.0,0.184047
10010.0,324.0,0.269363
10010.0,325.0,0.00441
10010.0,326.0,0.589329
10010.0,327.0,0.0
10010.0,328.0,0.0
10010.0,329.0,0.448567
10010.0,330.0,0.687757
10010.0,331.0,1.0
10010.0,332.0,0.279555
10010.0,333.0,0.229565
10010.0,334.0,0.677883
