FREQUENCIES 
Gen,mut_id,mut_freq
1.0,0.0,0.5
1.0,1.0,0.5
1.0,2.0,0.5
1.0,3.0,0.5
1.0,4.0,0.5
1.0,5.0,0.5
1.0,6.0,0.5
1.0,7.0,0.5
1.0,8.0,0.5
1.0,9.0,0.5
1.0,10.0,0.5
1.0,11.0,0.5
1.0,12.0,0.5
1.0,13.0,0.5
1.0,14.0,0.5
1.0,15.0,0.5
1.0,16.0,0.5
1.0,17.0,0.5
1.0,18.0,0.5
1.0,19.0,0.5
1.0,20.0,0.5
1.0,21.0,0.5
1.0,22.0,0.5
1.0,23.0,0.5
1.0,24.0,0.5
1.0,25.0,0.5
1.0,26.0,0.5
1.0,27.0,0.5
1.0,28.0,0.5
1.0,29.0,0.5
1.0,30.0,0.5
1.0,31.0,0.5
1.0,32.0,0.5
1.0,33.0,0.5
1.0,34.0,0.5
1.0,35.0,0.5
1.0,36.0,0.5
1.0,37.0,0.5
1.0,38.0,0.5
1.0,39.0,0.5
1.0,40.0,0.5
1.0,41.0,0.5
1.0,42.0,0.5
1.0,43.0,0.5
1.0,44.0,0.5
1.0,45.0,0.5
1.0,46.0,0.5
1.0,47.0,0.5
1.0,48.0,0.5
1.0,49.0,0.5
1.0,50.0,0.5
1.0,51.0,0.5
1.0,52.0,0.5
1.0,53.0,0.5
1.0,54.0,0.5
1.0,55.0,0.5
1.0,56.0,0.5
1.0,57.0,0.5
1.0,58.0,0.5
1.0,59.0,0.5
1.0,60.0,0.5
1.0,61.0,0.5
1.0,62.0,0.5
1.0,63.0,0.5
1.0,64.0,0.5
1.0,65.0,0.5
1.0,66.0,0.5
1.0,67.0,0.5
1.0,68.0,0.5
1.0,69.0,0.5
1.0,70.0,0.5
1.0,71.0,0.5
1.0,72.0,0.5
1.0,73.0,0.5
1.0,74.0,0.5
1.0,75.0,0.5
1.0,76.0,0.5
1.0,77.0,0.5
1.0,78.0,0.5
1.0,79.0,0.5
1.0,80.0,0.5
1.0,81.0,0.5
1.0,82.0,0.5
1.0,83.0,0.5
1.0,84.0,0.5
1.0,85.0,0.5
1.0,86.0,0.5
1.0,87.0,0.5
1.0,88.0,0.5
1.0,89.0,0.5
1.0,90.0,0.5
1.0,91.0,0.5
1.0,92.0,0.5
1.0,93.0,0.5
1.0,94.0,0.5
1.0,95.0,0.5
1.0,96.0,0.5
1.0,97.0,0.5
1.0,98.0,0.5
1.0,99.0,0.5
1.0,100.0,0.5
1.0,101.0,0.5
1.0,102.0,0.5
1.0,103.0,0.5
1.0,104.0,0.5
1.0,105.0,0.5
1.0,106.0,0.5
1.0,107.0,0.5
1.0,108.0,0.5
1.0,109.0,0.5
1.0,110.0,0.5
1.0,111.0,0.5
1.0,112.0,0.5
1.0,113.0,0.5
1.0,114.0,0.5
1.0,115.0,0.5
1.0,116.0,0.5
1.0,117.0,0.5
1.0,118.0,0.5
1.0,119.0,0.5
1.0,120.0,0.5
1.0,121.0,0.5
1.0,122.0,0.5
1.0,123.0,0.5
1.0,124.0,0.5
1.0,125.0,0.5
1.0,126.0,0.5
1.0,127.0,0.5
1.0,128.0,0.5
1.0,129.0,0.5
1.0,130.0,0.5
1.0,131.0,0.5
1.0,132.0,0.5
1.0,133.0,0.5
1.0,134.0,0.5
1.0,135.0,0.5
1.0,136.0,0.5
1.0,137.0,0.5
1.0,138.0,0.5
1.0,139.0,0.5
1.0,140.0,0.5
1.0,141.0,0.5
1.0,142.0,0.5
1.0,143.0,0.5
1.0,144.0,0.5
1.0,145.0,0.5
1.0,146.0,0.5
1.0,147.0,0.5
1000.0,0.0,0.511054
1000.0,1.0,0.544009
1000.0,2.0,0.480346
1000.0,3.0,0.490842
1000.0,4.0,0.516572
1000.0,5.0,0.497499
1000.0,6.0,0.477115
1000.0,7.0,0.494565
1000.0,8.0,0.525031
1000.0,9.0,0.534198
1000.0,10.0,0.498319
1000.0,11.0,0.502964
1000.0,12.0,0.506744
1000.0,13.0,0.480008
1000.0,14.0,0.500664
1000.0,15.0,0.478537
1000.0,16.0,0.48883
1000.0,17.0,0.494086
1000.0,18.0,0.489186
1000.0,19.0,0.520965
1000.0,20.0,0.504915
1000.0,21.0,0.500704
1000.0,22.0,0.520256
1000.0,23.0,0.497263
1000.0,24.0,0.509452
1000.0,25.0,0.507216
1000.0,26.0,0.510829
1000.0,27.0,0.497972
1000.0,28.0,0.482726
1000.0,29.0,0.497256
1000.0,30.0,0.507548
1000.0,31.0,0.486547
1000.0,32.0,0.501855
1000.0,33.0,0.50086
1000.0,34.0,0.487122
1000.0,35.0,0.505471
1000.0,36.0,0.501158
1000.0,37.0,0.503798
1000.0,38.0,0.521576
1000.0,39.0,0.491627
1000.0,40.0,0.502735
1000.0,41.0,0.520717
1000.0,42.0,0.49609
1000.0,43.0,0.48464
1000.0,44.0,0.476637
1000.0,45.0,0.499434
1000.0,46.0,0.51982
1000.0,47.0,0.497377
1000.0,48.0,0.499364
1000.0,49.0,0.480015
1000.0,50.0,0.473355
1000.0,51.0,0.51248
1000.0,52.0,0.512241
1000.0,53.0,0.502138
1000.0,54.0,0.483984
1000.0,55.0,0.514407
1000.0,56.0,0.483044
1000.0,57.0,0.472601
1000.0,58.0,0.495805
1000.0,59.0,0.495862
1000.0,60.0,0.491577
1000.0,61.0,0.500953
1000.0,62.0,0.524104
1000.0,63.0,0.52255
1000.0,64.0,0.485001
1000.0,65.0,0.48782
1000.0,66.0,0.513191
1000.0,67.0,0.502962
1000.0,68.0,0.512113
1000.0,69.0,0.502694
1000.0,70.0,0.50897
1000.0,71.0,0.489889
1000.0,72.0,0.480896
1000.0,73.0,0.504672
1000.0,74.0,0.500653
1000.0,75.0,0.509441
1000.0,76.0,0.493249
1000.0,77.0,0.493041
1000.0,78.0,0.533679
1000.0,79.0,0.527428
1000.0,80.0,0.498084
1000.0,81.0,0.477115
1000.0,82.0,0.498121
1000.0,83.0,0.51009
1000.0,84.0,0.495038
1000.0,85.0,0.522006
1000.0,86.0,0.475159
1000.0,87.0,0.486108
1000.0,88.0,0.490898
1000.0,89.0,0.509829
1000.0,90.0,0.528136
1000.0,91.0,0.472619
1000.0,92.0,0.519998
1000.0,93.0,0.508317
1000.0,94.0,0.50748
1000.0,95.0,0.532893
1000.0,96.0,0.466998
1000.0,97.0,0.49999
1000.0,98.0,0.517203
1000.0,99.0,0.475036
1000.0,100.0,0.510677
1000.0,101.0,0.478634
1000.0,102.0,0.485831
1000.0,103.0,0.479901
1000.0,104.0,0.495439
1000.0,105.0,0.509664
1000.0,106.0,0.497617
1000.0,107.0,0.523954
1000.0,108.0,0.458166
1000.0,109.0,0.484438
1000.0,110.0,0.506434
1000.0,111.0,0.469512
1000.0,112.0,0.495356
1000.0,113.0,0.480691
1000.0,114.0,0.517451
1000.0,115.0,0.487217
1000.0,116.0,0.512445
1000.0,117.0,0.472203
1000.0,118.0,0.500038
1000.0,119.0,0.516199
1000.0,120.0,0.488157
1000.0,121.0,0.519679
1000.0,122.0,0.507858
1000.0,123.0,0.517443
1000.0,124.0,0.496003
1000.0,125.0,0.524966
1000.0,126.0,0.48844
1000.0,127.0,0.484288
1000.0,128.0,0.480563
1000.0,129.0,0.512102
1000.0,130.0,0.507823
1000.0,131.0,0.504462
1000.0,132.0,0.484104
1000.0,133.0,0.499023
1000.0,134.0,0.499336
1000.0,135.0,0.495385
1000.0,136.0,0.520407
1000.0,137.0,0.483094
1000.0,138.0,0.512895
1000.0,139.0,0.506544
1000.0,140.0,0.483445
1000.0,141.0,0.507856
1000.0,142.0,0.500882
1000.0,143.0,0.487541
1000.0,144.0,0.513252
1000.0,145.0,0.51657
1000.0,146.0,0.481362
1000.0,147.0,0.495439
1001.0,0.0,0.511526
1001.0,1.0,0.544155
1001.0,2.0,0.479488
1001.0,3.0,0.490237
1001.0,4.0,0.517007
1001.0,5.0,0.4971
1001.0,6.0,0.477669
1001.0,7.0,0.495869
1001.0,8.0,0.525827
1001.0,9.0,0.533579
1001.0,10.0,0.498186
1001.0,11.0,0.503447
1001.0,12.0,0.506663
1001.0,13.0,0.480447
1001.0,14.0,0.500817
1001.0,15.0,0.478526
1001.0,16.0,0.489085
1001.0,17.0,0.495031
1001.0,18.0,0.49004
1001.0,19.0,0.521133
1001.0,20.0,0.505111
1001.0,21.0,0.500865
1001.0,22.0,0.519933
1001.0,23.0,0.496599
1001.0,24.0,0.508963
1001.0,25.0,0.507356
1001.0,26.0,0.510799
1001.0,27.0,0.497808
1001.0,28.0,0.482377
1001.0,29.0,0.497466
1001.0,30.0,0.507879
1001.0,31.0,0.485965
1001.0,32.0,0.50116
1001.0,33.0,0.500217
1001.0,34.0,0.48634
1001.0,35.0,0.504566
1001.0,36.0,0.500925
1001.0,37.0,0.504026
1001.0,38.0,0.520771
1001.0,39.0,0.491637
1001.0,40.0,0.501669
1001.0,41.0,0.521451
1001.0,42.0,0.496652
1001.0,43.0,0.484758
1001.0,44.0,0.47687
1001.0,45.0,0.499878
1001.0,46.0,0.519919
1001.0,47.0,0.496201
1001.0,48.0,0.498883
1001.0,49.0,0.481047
1001.0,50.0,0.473025
1001.0,51.0,0.512563
1001.0,52.0,0.512875
1001.0,53.0,0.502819
1001.0,54.0,0.483564
1001.0,55.0,0.513846
1001.0,56.0,0.483805
1001.0,57.0,0.473059
1001.0,58.0,0.495398
1001.0,59.0,0.495992
1001.0,60.0,0.49128
1001.0,61.0,0.501041
1001.0,62.0,0.524123
1001.0,63.0,0.522186
1001.0,64.0,0.484597
1001.0,65.0,0.488713
1001.0,66.0,0.514106
1001.0,67.0,0.501852
1001.0,68.0,0.512591
1001.0,69.0,0.503048
1001.0,70.0,0.508608
1001.0,71.0,0.489991
1001.0,72.0,0.481308
1001.0,73.0,0.505715
1001.0,74.0,0.501239
1001.0,75.0,0.508615
1001.0,76.0,0.492946
1001.0,77.0,0.492572
1001.0,78.0,0.533839
1001.0,79.0,0.526535
1001.0,80.0,0.498453
1001.0,81.0,0.47727
1001.0,82.0,0.498479
1001.0,83.0,0.509748
1001.0,84.0,0.495179
1001.0,85.0,0.522412
1001.0,86.0,0.475327
1001.0,87.0,0.486652
1001.0,88.0,0.490387
1001.0,89.0,0.509061
1001.0,90.0,0.527813
1001.0,91.0,0.4728
1001.0,92.0,0.519451
1001.0,93.0,0.507953
1001.0,94.0,0.507799
1001.0,95.0,0.532822
1001.0,96.0,0.466871
1001.0,97.0,0.500067
1001.0,98.0,0.517261
1001.0,99.0,0.474752
1001.0,100.0,0.510378
1001.0,101.0,0.478864
1001.0,102.0,0.486498
1001.0,103.0,0.479899
1001.0,104.0,0.495147
1001.0,105.0,0.510346
1001.0,106.0,0.498124
1001.0,107.0,0.524412
1001.0,108.0,0.457956
1001.0,109.0,0.484669
1001.0,110.0,0.505823
1001.0,111.0,0.468936
1001.0,112.0,0.495954
1001.0,113.0,0.481635
1001.0,114.0,0.51701
1001.0,115.0,0.487895
1001.0,116.0,0.512361
1001.0,117.0,0.471986
1001.0,118.0,0.499658
1001.0,119.0,0.5159
1001.0,120.0,0.48767
1001.0,121.0,0.519116
1001.0,122.0,0.507863
1001.0,123.0,0.517094
1001.0,124.0,0.496445
1001.0,125.0,0.524807
1001.0,126.0,0.488257
1001.0,127.0,0.483858
1001.0,128.0,0.480491
1001.0,129.0,0.512428
1001.0,130.0,0.506981
1001.0,131.0,0.504714
1001.0,132.0,0.483446
1001.0,133.0,0.499054
1001.0,134.0,0.499652
1001.0,135.0,0.495625
1001.0,136.0,0.520592
1001.0,137.0,0.483168
1001.0,138.0,0.512734
1001.0,139.0,0.507618
1001.0,140.0,0.483228
1001.0,141.0,0.508468
1001.0,142.0,0.500786
1001.0,143.0,0.488156
1001.0,144.0,0.513429
1001.0,145.0,0.516791
1001.0,146.0,0.481627
1001.0,147.0,0.495782
1002.0,0.0,0.510794
1002.0,1.0,0.543298
1002.0,2.0,0.479346
1002.0,3.0,0.490513
1002.0,4.0,0.517305
1002.0,5.0,0.497654
1002.0,6.0,0.478109
1002.0,7.0,0.495928
1002.0,8.0,0.52598
1002.0,9.0,0.532745
1002.0,10.0,0.498016
1002.0,11.0,0.504053
1002.0,12.0,0.506305
1002.0,13.0,0.48112
1002.0,14.0,0.501325
1002.0,15.0,0.478666
1002.0,16.0,0.488905
1002.0,17.0,0.495614
1002.0,18.0,0.489309
1002.0,19.0,0.521099
1002.0,20.0,0.505967
1002.0,21.0,0.500847
1002.0,22.0,0.520485
1002.0,23.0,0.496109
1002.0,24.0,0.508531
1002.0,25.0,0.507726
1002.0,26.0,0.511513
1002.0,27.0,0.498431
1002.0,28.0,0.482424
1002.0,29.0,0.49698
1002.0,30.0,0.507406
1002.0,31.0,0.486217
1002.0,32.0,0.501178
1002.0,33.0,0.499646
1002.0,34.0,0.486385
1002.0,35.0,0.504975
1002.0,36.0,0.501701
1002.0,37.0,0.503832
1002.0,38.0,0.520465
1002.0,39.0,0.49198
1002.0,40.0,0.501933
1002.0,41.0,0.521313
1002.0,42.0,0.496865
1002.0,43.0,0.484651
1002.0,44.0,0.477568
1002.0,45.0,0.499905
1002.0,46.0,0.519087
1002.0,47.0,0.496482
1002.0,48.0,0.498663
1002.0,49.0,0.481834
1002.0,50.0,0.473561
1002.0,51.0,0.512371
1002.0,52.0,0.512874
1002.0,53.0,0.503035
1002.0,54.0,0.483878
1002.0,55.0,0.513
1002.0,56.0,0.484133
1002.0,57.0,0.473453
1002.0,58.0,0.494893
1002.0,59.0,0.495323
1002.0,60.0,0.490705
1002.0,61.0,0.501123
1002.0,62.0,0.523307
1002.0,63.0,0.522539
1002.0,64.0,0.482785
1002.0,65.0,0.488545
1002.0,66.0,0.514996
1002.0,67.0,0.501358
1002.0,68.0,0.511716
1002.0,69.0,0.502159
1002.0,70.0,0.50879
1002.0,71.0,0.49055
1002.0,72.0,0.481778
1002.0,73.0,0.505488
1002.0,74.0,0.501745
1002.0,75.0,0.508628
1002.0,76.0,0.492297
1002.0,77.0,0.492293
1002.0,78.0,0.533197
1002.0,79.0,0.526764
1002.0,80.0,0.498876
1002.0,81.0,0.476441
1002.0,82.0,0.498681
1002.0,83.0,0.509157
1002.0,84.0,0.495842
1002.0,85.0,0.521916
1002.0,86.0,0.476149
1002.0,87.0,0.486405
1002.0,88.0,0.490815
1002.0,89.0,0.50922
1002.0,90.0,0.527196
1002.0,91.0,0.472662
1002.0,92.0,0.519305
1002.0,93.0,0.507236
1002.0,94.0,0.507392
1002.0,95.0,0.533068
1002.0,96.0,0.467736
1002.0,97.0,0.501039
1002.0,98.0,0.517497
1002.0,99.0,0.474785
1002.0,100.0,0.511463
1002.0,101.0,0.478321
1002.0,102.0,0.486617
1002.0,103.0,0.480069
1002.0,104.0,0.495277
1002.0,105.0,0.510661
1002.0,106.0,0.497928
1002.0,107.0,0.523907
1002.0,108.0,0.457157
1002.0,109.0,0.485194
1002.0,110.0,0.505995
1002.0,111.0,0.469583
1002.0,112.0,0.496442
1002.0,113.0,0.482669
1002.0,114.0,0.517147
1002.0,115.0,0.487853
1002.0,116.0,0.513016
1002.0,117.0,0.472307
1002.0,118.0,0.499834
1002.0,119.0,0.515988
1002.0,120.0,0.487675
1002.0,121.0,0.519723
1002.0,122.0,0.508188
1002.0,123.0,0.517657
1002.0,124.0,0.496173
1002.0,125.0,0.52522
1002.0,126.0,0.488599
1002.0,127.0,0.483787
1002.0,128.0,0.479783
1002.0,129.0,0.51281
1002.0,130.0,0.507663
1002.0,131.0,0.505518
1002.0,132.0,0.484261
1002.0,133.0,0.49889
1002.0,134.0,0.500026
1002.0,135.0,0.494928
1002.0,136.0,0.519966
1002.0,137.0,0.483301
1002.0,138.0,0.513124
1002.0,139.0,0.508054
1002.0,140.0,0.483145
1002.0,141.0,0.508785
1002.0,142.0,0.499931
1002.0,143.0,0.487993
1002.0,144.0,0.514071
1002.0,145.0,0.517178
1002.0,146.0,0.481495
1002.0,147.0,0.496295
1003.0,0.0,0.512162
1003.0,1.0,0.543708
1003.0,2.0,0.479832
1003.0,3.0,0.49102
1003.0,4.0,0.517313
1003.0,5.0,0.497485
1003.0,6.0,0.476943
1003.0,7.0,0.494928
1003.0,8.0,0.526059
1003.0,9.0,0.532892
1003.0,10.0,0.497217
1003.0,11.0,0.504302
1003.0,12.0,0.506039
1003.0,13.0,0.48104
1003.0,14.0,0.501289
1003.0,15.0,0.479556
1003.0,16.0,0.48832
1003.0,17.0,0.49525
1003.0,18.0,0.489057
1003.0,19.0,0.521306
1003.0,20.0,0.505117
1003.0,21.0,0.501467
1003.0,22.0,0.520078
1003.0,23.0,0.497548
1003.0,24.0,0.507456
1003.0,25.0,0.507455
1003.0,26.0,0.512342
1003.0,27.0,0.498183
1003.0,28.0,0.482533
1003.0,29.0,0.496874
1003.0,30.0,0.507173
1003.0,31.0,0.485833
1003.0,32.0,0.501394
1003.0,33.0,0.499434
1003.0,34.0,0.48674
1003.0,35.0,0.505211
1003.0,36.0,0.501733
1003.0,37.0,0.504277
1003.0,38.0,0.52045
1003.0,39.0,0.491932
1003.0,40.0,0.501867
1003.0,41.0,0.52168
1003.0,42.0,0.497213
1003.0,43.0,0.484394
1003.0,44.0,0.478068
1003.0,45.0,0.499814
1003.0,46.0,0.519574
1003.0,47.0,0.496912
1003.0,48.0,0.498785
1003.0,49.0,0.482472
1003.0,50.0,0.474224
1003.0,51.0,0.511277
1003.0,52.0,0.512743
1003.0,53.0,0.50345
1003.0,54.0,0.484126
1003.0,55.0,0.513639
1003.0,56.0,0.484326
1003.0,57.0,0.473397
1003.0,58.0,0.494405
1003.0,59.0,0.495495
1003.0,60.0,0.491083
1003.0,61.0,0.501487
1003.0,62.0,0.523002
1003.0,63.0,0.521994
1003.0,64.0,0.482954
1003.0,65.0,0.487978
1003.0,66.0,0.514339
1003.0,67.0,0.500698
1003.0,68.0,0.511027
1003.0,69.0,0.502203
1003.0,70.0,0.508662
1003.0,71.0,0.490586
1003.0,72.0,0.481996
1003.0,73.0,0.505894
1003.0,74.0,0.501249
1003.0,75.0,0.508817
1003.0,76.0,0.49205
1003.0,77.0,0.492347
1003.0,78.0,0.532919
1003.0,79.0,0.526088
1003.0,80.0,0.499636
1003.0,81.0,0.476799
1003.0,82.0,0.497931
1003.0,83.0,0.509214
1003.0,84.0,0.496712
1003.0,85.0,0.522092
1003.0,86.0,0.475624
1003.0,87.0,0.487021
1003.0,88.0,0.490129
1003.0,89.0,0.508784
1003.0,90.0,0.526868
1003.0,91.0,0.472934
1003.0,92.0,0.519519
1003.0,93.0,0.508117
1003.0,94.0,0.507934
1003.0,95.0,0.532112
1003.0,96.0,0.467995
1003.0,97.0,0.50083
1003.0,98.0,0.517251
1003.0,99.0,0.475001
1003.0,100.0,0.512368
1003.0,101.0,0.478357
1003.0,102.0,0.486347
1003.0,103.0,0.480353
1003.0,104.0,0.495579
1003.0,105.0,0.510486
1003.0,106.0,0.498219
1003.0,107.0,0.524871
1003.0,108.0,0.456897
1003.0,109.0,0.485289
1003.0,110.0,0.505996
1003.0,111.0,0.469504
1003.0,112.0,0.496712
1003.0,113.0,0.482908
1003.0,114.0,0.51715
1003.0,115.0,0.486873
1003.0,116.0,0.512772
1003.0,117.0,0.472499
1003.0,118.0,0.500034
1003.0,119.0,0.515875
1003.0,120.0,0.487393
1003.0,121.0,0.520104
1003.0,122.0,0.507104
1003.0,123.0,0.516819
1003.0,124.0,0.497068
1003.0,125.0,0.525678
1003.0,126.0,0.488464
1003.0,127.0,0.484681
1003.0,128.0,0.479277
1003.0,129.0,0.513097
1003.0,130.0,0.507489
1003.0,131.0,0.505564
1003.0,132.0,0.48398
1003.0,133.0,0.498675
1003.0,134.0,0.500572
1003.0,135.0,0.494774
1003.0,136.0,0.520065
1003.0,137.0,0.483297
1003.0,138.0,0.513525
1003.0,139.0,0.50764
1003.0,140.0,0.482971
1003.0,141.0,0.508565
1003.0,142.0,0.499883
1003.0,143.0,0.487342
1003.0,144.0,0.514173
1003.0,145.0,0.516685
1003.0,146.0,0.480997
1003.0,147.0,0.495127
1004.0,0.0,0.512212
1004.0,1.0,0.543803
1004.0,2.0,0.479111
1004.0,3.0,0.490508
1004.0,4.0,0.51795
1004.0,5.0,0.497234
1004.0,6.0,0.476669
1004.0,7.0,0.494942
1004.0,8.0,0.525418
1004.0,9.0,0.532898
1004.0,10.0,0.496628
1004.0,11.0,0.503326
1004.0,12.0,0.506828
1004.0,13.0,0.481768
1004.0,14.0,0.501639
1004.0,15.0,0.479993
1004.0,16.0,0.48906
1004.0,17.0,0.494881
1004.0,18.0,0.489056
1004.0,19.0,0.520832
1004.0,20.0,0.504757
1004.0,21.0,0.502266
1004.0,22.0,0.5203
1004.0,23.0,0.497347
1004.0,24.0,0.507763
1004.0,25.0,0.507217
1004.0,26.0,0.51308
1004.0,27.0,0.497757
1004.0,28.0,0.483823
1004.0,29.0,0.496324
1004.0,30.0,0.508079
1004.0,31.0,0.485213
1004.0,32.0,0.501233
1004.0,33.0,0.499464
1004.0,34.0,0.486323
1004.0,35.0,0.506495
1004.0,36.0,0.501127
1004.0,37.0,0.504046
1004.0,38.0,0.520133
1004.0,39.0,0.491957
1004.0,40.0,0.50082
1004.0,41.0,0.521813
1004.0,42.0,0.496736
1004.0,43.0,0.484508
1004.0,44.0,0.477759
1004.0,45.0,0.499713
1004.0,46.0,0.519205
1004.0,47.0,0.496686
1004.0,48.0,0.499013
1004.0,49.0,0.482392
1004.0,50.0,0.4741
1004.0,51.0,0.510923
1004.0,52.0,0.51262
1004.0,53.0,0.503424
1004.0,54.0,0.483407
1004.0,55.0,0.51325
1004.0,56.0,0.484542
1004.0,57.0,0.472882
1004.0,58.0,0.495032
1004.0,59.0,0.495025
1004.0,60.0,0.491106
1004.0,61.0,0.501708
1004.0,62.0,0.523126
1004.0,63.0,0.522285
1004.0,64.0,0.482801
1004.0,65.0,0.487144
1004.0,66.0,0.51348
1004.0,67.0,0.500671
1004.0,68.0,0.511867
1004.0,69.0,0.502225
1004.0,70.0,0.509259
1004.0,71.0,0.490101
1004.0,72.0,0.482366
1004.0,73.0,0.507204
1004.0,74.0,0.501969
1004.0,75.0,0.509461
1004.0,76.0,0.492388
1004.0,77.0,0.492219
1004.0,78.0,0.532637
1004.0,79.0,0.525382
1004.0,80.0,0.498902
1004.0,81.0,0.477327
1004.0,82.0,0.498772
1004.0,83.0,0.50934
1004.0,84.0,0.496421
1004.0,85.0,0.521818
1004.0,86.0,0.475828
1004.0,87.0,0.48711
1004.0,88.0,0.490756
1004.0,89.0,0.507424
1004.0,90.0,0.526494
1004.0,91.0,0.473301
1004.0,92.0,0.519422
1004.0,93.0,0.508632
1004.0,94.0,0.507711
1004.0,95.0,0.531348
1004.0,96.0,0.468355
1004.0,97.0,0.500626
1004.0,98.0,0.517699
1004.0,99.0,0.475435
1004.0,100.0,0.512345
1004.0,101.0,0.479089
1004.0,102.0,0.486003
1004.0,103.0,0.481124
1004.0,104.0,0.495449
1004.0,105.0,0.510189
1004.0,106.0,0.498017
1004.0,107.0,0.5251
1004.0,108.0,0.456567
1004.0,109.0,0.48545
1004.0,110.0,0.505969
1004.0,111.0,0.469563
1004.0,112.0,0.496531
1004.0,113.0,0.482789
1004.0,114.0,0.517759
1004.0,115.0,0.48661
1004.0,116.0,0.511857
1004.0,117.0,0.472432
1004.0,118.0,0.500079
1004.0,119.0,0.515945
1004.0,120.0,0.48732
1004.0,121.0,0.520558
1004.0,122.0,0.506683
1004.0,123.0,0.517007
1004.0,124.0,0.496549
1004.0,125.0,0.525212
1004.0,126.0,0.488999
1004.0,127.0,0.483196
1004.0,128.0,0.478273
1004.0,129.0,0.513241
1004.0,130.0,0.50873
1004.0,131.0,0.505118
1004.0,132.0,0.485257
1004.0,133.0,0.498793
1004.0,134.0,0.500717
1004.0,135.0,0.495839
1004.0,136.0,0.519509
1004.0,137.0,0.482384
1004.0,138.0,0.513773
1004.0,139.0,0.507471
1004.0,140.0,0.482592
1004.0,141.0,0.508756
1004.0,142.0,0.499765
1004.0,143.0,0.48789
1004.0,144.0,0.513718
1004.0,145.0,0.51718
1004.0,146.0,0.481405
1004.0,147.0,0.495723
1005.0,0.0,0.512369
1005.0,1.0,0.544167
1005.0,2.0,0.478879
1005.0,3.0,0.491727
1005.0,4.0,0.517786
1005.0,5.0,0.497428
1005.0,6.0,0.477271
1005.0,7.0,0.495762
1005.0,8.0,0.525349
1005.0,9.0,0.532611
1005.0,10.0,0.496213
1005.0,11.0,0.50274
1005.0,12.0,0.506963
1005.0,13.0,0.482505
1005.0,14.0,0.501858
1005.0,15.0,0.479717
1005.0,16.0,0.489533
1005.0,17.0,0.494373
1005.0,18.0,0.489201
1005.0,19.0,0.519909
1005.0,20.0,0.505223
1005.0,21.0,0.502062
1005.0,22.0,0.520302
1005.0,23.0,0.497666
1005.0,24.0,0.508158
1005.0,25.0,0.50612
1005.0,26.0,0.513642
1005.0,27.0,0.496841
1005.0,28.0,0.482858
1005.0,29.0,0.496249
1005.0,30.0,0.508076
1005.0,31.0,0.484294
1005.0,32.0,0.500821
1005.0,33.0,0.499169
1005.0,34.0,0.486977
1005.0,35.0,0.505742
1005.0,36.0,0.501293
1005.0,37.0,0.50352
1005.0,38.0,0.520822
1005.0,39.0,0.492221
1005.0,40.0,0.500885
1005.0,41.0,0.521186
1005.0,42.0,0.496266
1005.0,43.0,0.484778
1005.0,44.0,0.477489
1005.0,45.0,0.500032
1005.0,46.0,0.518557
1005.0,47.0,0.496383
1005.0,48.0,0.498255
1005.0,49.0,0.482921
1005.0,50.0,0.473679
1005.0,51.0,0.510076
1005.0,52.0,0.512313
1005.0,53.0,0.503435
1005.0,54.0,0.483193
1005.0,55.0,0.512999
1005.0,56.0,0.483762
1005.0,57.0,0.472411
1005.0,58.0,0.495188
1005.0,59.0,0.495839
1005.0,60.0,0.49071
1005.0,61.0,0.501253
1005.0,62.0,0.524061
1005.0,63.0,0.522959
1005.0,64.0,0.482979
1005.0,65.0,0.487851
1005.0,66.0,0.514858
1005.0,67.0,0.501123
1005.0,68.0,0.511873
1005.0,69.0,0.502663
1005.0,70.0,0.509296
1005.0,71.0,0.489789
1005.0,72.0,0.481323
1005.0,73.0,0.506872
1005.0,74.0,0.501019
1005.0,75.0,0.50888
1005.0,76.0,0.492419
1005.0,77.0,0.492678
1005.0,78.0,0.531766
1005.0,79.0,0.525489
1005.0,80.0,0.498793
1005.0,81.0,0.478331
1005.0,82.0,0.498744
1005.0,83.0,0.51023
1005.0,84.0,0.495927
1005.0,85.0,0.521605
1005.0,86.0,0.47578
1005.0,87.0,0.486392
1005.0,88.0,0.490909
1005.0,89.0,0.507516
1005.0,90.0,0.526847
1005.0,91.0,0.473723
1005.0,92.0,0.519114
1005.0,93.0,0.508503
1005.0,94.0,0.508094
1005.0,95.0,0.531146
1005.0,96.0,0.468645
1005.0,97.0,0.501543
1005.0,98.0,0.517543
1005.0,99.0,0.47488
1005.0,100.0,0.513157
1005.0,101.0,0.479533
1005.0,102.0,0.486086
1005.0,103.0,0.481082
1005.0,104.0,0.495748
1005.0,105.0,0.509856
1005.0,106.0,0.497663
1005.0,107.0,0.525443
1005.0,108.0,0.456457
1005.0,109.0,0.484392
1005.0,110.0,0.506179
1005.0,111.0,0.469315
1005.0,112.0,0.49683
1005.0,113.0,0.483086
1005.0,114.0,0.518187
1005.0,115.0,0.48698
1005.0,116.0,0.512445
1005.0,117.0,0.472
1005.0,118.0,0.499176
1005.0,119.0,0.516649
1005.0,120.0,0.487279
1005.0,121.0,0.521414
1005.0,122.0,0.507318
1005.0,123.0,0.517931
1005.0,124.0,0.495507
1005.0,125.0,0.52494
1005.0,126.0,0.488574
1005.0,127.0,0.484086
1005.0,128.0,0.477462
1005.0,129.0,0.512383
1005.0,130.0,0.508986
1005.0,131.0,0.504563
1005.0,132.0,0.485009
1005.0,133.0,0.499425
1005.0,134.0,0.501173
1005.0,135.0,0.495646
1005.0,136.0,0.519755
1005.0,137.0,0.481707
1005.0,138.0,0.513042
1005.0,139.0,0.506895
1005.0,140.0,0.482101
1005.0,141.0,0.508756
1005.0,142.0,0.500376
1005.0,143.0,0.488482
1005.0,144.0,0.513749
1005.0,145.0,0.517237
1005.0,146.0,0.48109
1005.0,147.0,0.496428
1006.0,0.0,0.512594
1006.0,1.0,0.544726
1006.0,2.0,0.478453
1006.0,3.0,0.491721
1006.0,4.0,0.518049
1006.0,5.0,0.498009
1006.0,6.0,0.476524
1006.0,7.0,0.494865
1006.0,8.0,0.52544
1006.0,9.0,0.53257
1006.0,10.0,0.496266
1006.0,11.0,0.50214
1006.0,12.0,0.507218
1006.0,13.0,0.481992
1006.0,14.0,0.500483
1006.0,15.0,0.479881
1006.0,16.0,0.488734
1006.0,17.0,0.494463
1006.0,18.0,0.489031
1006.0,19.0,0.520126
1006.0,20.0,0.505454
1006.0,21.0,0.501954
1006.0,22.0,0.520186
1006.0,23.0,0.496246
1006.0,24.0,0.507685
1006.0,25.0,0.505519
1006.0,26.0,0.51451
1006.0,27.0,0.497201
1006.0,28.0,0.482569
1006.0,29.0,0.496744
1006.0,30.0,0.508318
1006.0,31.0,0.484171
1006.0,32.0,0.500179
1006.0,33.0,0.498459
1006.0,34.0,0.486683
1006.0,35.0,0.504865
1006.0,36.0,0.501142
1006.0,37.0,0.504051
1006.0,38.0,0.521042
1006.0,39.0,0.492759
1006.0,40.0,0.499905
1006.0,41.0,0.521334
1006.0,42.0,0.496837
1006.0,43.0,0.484802
1006.0,44.0,0.476387
1006.0,45.0,0.499215
1006.0,46.0,0.518194
1006.0,47.0,0.497562
1006.0,48.0,0.497728
1006.0,49.0,0.482776
1006.0,50.0,0.473303
1006.0,51.0,0.509429
1006.0,52.0,0.512438
1006.0,53.0,0.503324
1006.0,54.0,0.483642
1006.0,55.0,0.512767
1006.0,56.0,0.484491
1006.0,57.0,0.472517
1006.0,58.0,0.495225
1006.0,59.0,0.495341
1006.0,60.0,0.490723
1006.0,61.0,0.502124
1006.0,62.0,0.524614
1006.0,63.0,0.522514
1006.0,64.0,0.482757
1006.0,65.0,0.487763
1006.0,66.0,0.51434
1006.0,67.0,0.500703
1006.0,68.0,0.511415
1006.0,69.0,0.502499
1006.0,70.0,0.508882
1006.0,71.0,0.489315
1006.0,72.0,0.481138
1006.0,73.0,0.506571
1006.0,74.0,0.500331
1006.0,75.0,0.508564
1006.0,76.0,0.493067
1006.0,77.0,0.492277
1006.0,78.0,0.531615
1006.0,79.0,0.526158
1006.0,80.0,0.499616
1006.0,81.0,0.479075
1006.0,82.0,0.499332
1006.0,83.0,0.510253
1006.0,84.0,0.496204
1006.0,85.0,0.521298
1006.0,86.0,0.476364
1006.0,87.0,0.485879
1006.0,88.0,0.491266
1006.0,89.0,0.5086
1006.0,90.0,0.527086
1006.0,91.0,0.473468
1006.0,92.0,0.51895
1006.0,93.0,0.508544
1006.0,94.0,0.508749
1006.0,95.0,0.530837
1006.0,96.0,0.469649
1006.0,97.0,0.501653
1006.0,98.0,0.517936
1006.0,99.0,0.474806
1006.0,100.0,0.513485
1006.0,101.0,0.479355
1006.0,102.0,0.484951
1006.0,103.0,0.480335
1006.0,104.0,0.495347
1006.0,105.0,0.509351
1006.0,106.0,0.497942
1006.0,107.0,0.525931
1006.0,108.0,0.456035
1006.0,109.0,0.483136
1006.0,110.0,0.506664
1006.0,111.0,0.469948
1006.0,112.0,0.496901
1006.0,113.0,0.483339
1006.0,114.0,0.518249
1006.0,115.0,0.487038
1006.0,116.0,0.511825
1006.0,117.0,0.471733
1006.0,118.0,0.498466
1006.0,119.0,0.51696
1006.0,120.0,0.486584
1006.0,121.0,0.521142
1006.0,122.0,0.507533
1006.0,123.0,0.517342
1006.0,124.0,0.495823
1006.0,125.0,0.525091
1006.0,126.0,0.488949
1006.0,127.0,0.484012
1006.0,128.0,0.477123
1006.0,129.0,0.512255
1006.0,130.0,0.507829
1006.0,131.0,0.503594
1006.0,132.0,0.485684
1006.0,133.0,0.499496
1006.0,134.0,0.501762
1006.0,135.0,0.496075
1006.0,136.0,0.519887
1006.0,137.0,0.481369
1006.0,138.0,0.512428
1006.0,139.0,0.506178
1006.0,140.0,0.48279
1006.0,141.0,0.508812
1006.0,142.0,0.501005
1006.0,143.0,0.487715
1006.0,144.0,0.514544
1006.0,145.0,0.517311
1006.0,146.0,0.480985
1006.0,147.0,0.495837
1007.0,0.0,0.51317
1007.0,1.0,0.545356
1007.0,2.0,0.478992
1007.0,3.0,0.491615
1007.0,4.0,0.517308
1007.0,5.0,0.497776
1007.0,6.0,0.476485
1007.0,7.0,0.495124
1007.0,8.0,0.525409
1007.0,9.0,0.532211
1007.0,10.0,0.496328
1007.0,11.0,0.502128
1007.0,12.0,0.507174
1007.0,13.0,0.481755
1007.0,14.0,0.50007
1007.0,15.0,0.480681
1007.0,16.0,0.488656
1007.0,17.0,0.494799
1007.0,18.0,0.48919
1007.0,19.0,0.519424
1007.0,20.0,0.506
1007.0,21.0,0.50277
1007.0,22.0,0.52043
1007.0,23.0,0.496798
1007.0,24.0,0.506949
1007.0,25.0,0.505618
1007.0,26.0,0.514159
1007.0,27.0,0.497305
1007.0,28.0,0.482419
1007.0,29.0,0.497069
1007.0,30.0,0.508667
1007.0,31.0,0.484109
1007.0,32.0,0.501201
1007.0,33.0,0.499353
1007.0,34.0,0.486464
1007.0,35.0,0.504838
1007.0,36.0,0.500469
1007.0,37.0,0.504503
1007.0,38.0,0.521676
1007.0,39.0,0.493894
1007.0,40.0,0.499789
1007.0,41.0,0.522502
1007.0,42.0,0.497088
1007.0,43.0,0.484831
1007.0,44.0,0.476587
1007.0,45.0,0.499054
1007.0,46.0,0.518008
1007.0,47.0,0.49713
1007.0,48.0,0.497299
1007.0,49.0,0.482096
1007.0,50.0,0.473237
1007.0,51.0,0.509334
1007.0,52.0,0.512132
1007.0,53.0,0.502034
1007.0,54.0,0.484339
1007.0,55.0,0.512585
1007.0,56.0,0.48389
1007.0,57.0,0.472768
1007.0,58.0,0.495535
1007.0,59.0,0.496232
1007.0,60.0,0.489328
1007.0,61.0,0.501469
1007.0,62.0,0.524416
1007.0,63.0,0.522375
1007.0,64.0,0.482642
1007.0,65.0,0.487754
1007.0,66.0,0.513623
1007.0,67.0,0.500178
1007.0,68.0,0.511358
1007.0,69.0,0.503104
1007.0,70.0,0.50867
1007.0,71.0,0.489478
1007.0,72.0,0.481634
1007.0,73.0,0.506301
1007.0,74.0,0.500358
1007.0,75.0,0.509228
1007.0,76.0,0.49306
1007.0,77.0,0.491683
1007.0,78.0,0.53164
1007.0,79.0,0.52597
1007.0,80.0,0.500815
1007.0,81.0,0.479212
1007.0,82.0,0.499519
1007.0,83.0,0.510185
1007.0,84.0,0.496377
1007.0,85.0,0.52119
1007.0,86.0,0.476301
1007.0,87.0,0.486761
1007.0,88.0,0.490934
1007.0,89.0,0.508569
1007.0,90.0,0.527253
1007.0,91.0,0.473161
1007.0,92.0,0.518912
1007.0,93.0,0.509298
1007.0,94.0,0.508033
1007.0,95.0,0.531099
1007.0,96.0,0.468962
1007.0,97.0,0.500933
1007.0,98.0,0.518792
1007.0,99.0,0.474685
1007.0,100.0,0.512719
1007.0,101.0,0.479582
1007.0,102.0,0.485155
1007.0,103.0,0.479748
1007.0,104.0,0.495392
1007.0,105.0,0.508917
1007.0,106.0,0.497762
1007.0,107.0,0.525384
1007.0,108.0,0.455791
1007.0,109.0,0.48344
1007.0,110.0,0.506193
1007.0,111.0,0.470208
1007.0,112.0,0.496884
1007.0,113.0,0.482729
1007.0,114.0,0.518246
1007.0,115.0,0.487615
1007.0,116.0,0.512358
1007.0,117.0,0.471721
1007.0,118.0,0.498841
1007.0,119.0,0.517134
1007.0,120.0,0.48602
1007.0,121.0,0.521121
1007.0,122.0,0.507765
1007.0,123.0,0.517851
1007.0,124.0,0.49583
1007.0,125.0,0.525449
1007.0,126.0,0.487632
1007.0,127.0,0.484461
1007.0,128.0,0.476417
1007.0,129.0,0.511875
1007.0,130.0,0.50806
1007.0,131.0,0.504331
1007.0,132.0,0.485375
1007.0,133.0,0.499124
1007.0,134.0,0.501396
1007.0,135.0,0.496439
1007.0,136.0,0.519867
1007.0,137.0,0.481714
1007.0,138.0,0.511991
1007.0,139.0,0.505454
1007.0,140.0,0.48251
1007.0,141.0,0.508797
1007.0,142.0,0.500909
1007.0,143.0,0.487313
1007.0,144.0,0.514852
1007.0,145.0,0.517124
1007.0,146.0,0.480489
1007.0,147.0,0.495264
1008.0,0.0,0.513019
1008.0,1.0,0.545772
1008.0,2.0,0.479441
1008.0,3.0,0.491713
1008.0,4.0,0.518251
1008.0,5.0,0.497389
1008.0,6.0,0.477121
1008.0,7.0,0.49569
1008.0,8.0,0.525207
1008.0,9.0,0.531892
1008.0,10.0,0.495753
1008.0,11.0,0.502226
1008.0,12.0,0.506353
1008.0,13.0,0.482301
1008.0,14.0,0.500039
1008.0,15.0,0.481239
1008.0,16.0,0.488664
1008.0,17.0,0.493734
1008.0,18.0,0.488729
1008.0,19.0,0.519752
1008.0,20.0,0.506558
1008.0,21.0,0.502261
1008.0,22.0,0.520126
1008.0,23.0,0.497003
1008.0,24.0,0.507211
1008.0,25.0,0.505849
1008.0,26.0,0.514519
1008.0,27.0,0.497696
1008.0,28.0,0.482795
1008.0,29.0,0.497258
1008.0,30.0,0.509363
1008.0,31.0,0.483699
1008.0,32.0,0.502475
1008.0,33.0,0.49867
1008.0,34.0,0.486042
1008.0,35.0,0.504575
1008.0,36.0,0.500604
1008.0,37.0,0.503924
1008.0,38.0,0.521364
1008.0,39.0,0.493485
1008.0,40.0,0.499918
1008.0,41.0,0.52292
1008.0,42.0,0.496304
1008.0,43.0,0.485128
1008.0,44.0,0.477278
1008.0,45.0,0.499379
1008.0,46.0,0.518092
1008.0,47.0,0.495732
1008.0,48.0,0.497228
1008.0,49.0,0.482195
1008.0,50.0,0.47358
1008.0,51.0,0.508842
1008.0,52.0,0.512252
1008.0,53.0,0.502335
1008.0,54.0,0.483896
1008.0,55.0,0.513607
1008.0,56.0,0.484215
1008.0,57.0,0.472402
1008.0,58.0,0.495183
1008.0,59.0,0.49609
1008.0,60.0,0.489109
1008.0,61.0,0.501479
1008.0,62.0,0.524093
1008.0,63.0,0.522583
1008.0,64.0,0.48406
1008.0,65.0,0.487471
1008.0,66.0,0.513837
1008.0,67.0,0.500447
1008.0,68.0,0.511139
1008.0,69.0,0.50275
1008.0,70.0,0.50832
1008.0,71.0,0.489019
1008.0,72.0,0.481114
1008.0,73.0,0.506968
1008.0,74.0,0.500128
1008.0,75.0,0.509514
1008.0,76.0,0.493363
1008.0,77.0,0.492614
1008.0,78.0,0.531505
1008.0,79.0,0.525953
1008.0,80.0,0.501552
1008.0,81.0,0.478454
1008.0,82.0,0.499879
1008.0,83.0,0.509915
1008.0,84.0,0.495968
1008.0,85.0,0.520775
1008.0,86.0,0.477145
1008.0,87.0,0.487121
1008.0,88.0,0.491473
1008.0,89.0,0.507767
1008.0,90.0,0.526712
1008.0,91.0,0.472249
1008.0,92.0,0.518829
1008.0,93.0,0.508379
1008.0,94.0,0.507745
1008.0,95.0,0.530966
1008.0,96.0,0.46951
1008.0,97.0,0.500665
1008.0,98.0,0.518527
1008.0,99.0,0.474969
1008.0,100.0,0.514003
1008.0,101.0,0.478591
1008.0,102.0,0.485412
1008.0,103.0,0.47934
1008.0,104.0,0.495752
1008.0,105.0,0.508867
1008.0,106.0,0.497582
1008.0,107.0,0.52601
1008.0,108.0,0.455404
1008.0,109.0,0.482932
1008.0,110.0,0.50521
1008.0,111.0,0.471255
1008.0,112.0,0.496099
1008.0,113.0,0.48315
1008.0,114.0,0.518657
1008.0,115.0,0.487943
1008.0,116.0,0.51243
1008.0,117.0,0.47155
1008.0,118.0,0.498584
1008.0,119.0,0.516675
1008.0,120.0,0.485306
1008.0,121.0,0.519948
1008.0,122.0,0.507539
1008.0,123.0,0.518313
1008.0,124.0,0.496447
1008.0,125.0,0.525338
1008.0,126.0,0.487968
1008.0,127.0,0.484881
1008.0,128.0,0.476118
1008.0,129.0,0.511318
1008.0,130.0,0.508323
1008.0,131.0,0.503939
1008.0,132.0,0.484831
1008.0,133.0,0.49954
1008.0,134.0,0.501701
1008.0,135.0,0.496491
1008.0,136.0,0.520151
1008.0,137.0,0.481669
1008.0,138.0,0.511199
1008.0,139.0,0.505515
1008.0,140.0,0.482471
1008.0,141.0,0.508824
1008.0,142.0,0.501319
1008.0,143.0,0.486588
1008.0,144.0,0.515111
1008.0,145.0,0.515855
1008.0,146.0,0.479776
1008.0,147.0,0.495105
1009.0,0.0,0.512839
1009.0,1.0,0.545488
1009.0,2.0,0.479859
1009.0,3.0,0.491618
1009.0,4.0,0.517416
1009.0,5.0,0.497837
1009.0,6.0,0.477024
1009.0,7.0,0.495156
1009.0,8.0,0.524567
1009.0,9.0,0.532198
1009.0,10.0,0.49561
1009.0,11.0,0.502596
1009.0,12.0,0.507062
1009.0,13.0,0.482221
1009.0,14.0,0.499848
1009.0,15.0,0.4807
1009.0,16.0,0.488481
1009.0,17.0,0.494014
1009.0,18.0,0.488899
1009.0,19.0,0.519863
1009.0,20.0,0.506727
1009.0,21.0,0.502363
1009.0,22.0,0.521136
1009.0,23.0,0.497146
1009.0,24.0,0.506644
1009.0,25.0,0.504938
1009.0,26.0,0.514897
1009.0,27.0,0.498065
1009.0,28.0,0.482917
1009.0,29.0,0.496483
1009.0,30.0,0.509241
1009.0,31.0,0.483358
1009.0,32.0,0.501647
1009.0,33.0,0.498604
1009.0,34.0,0.48579
1009.0,35.0,0.504127
1009.0,36.0,0.501072
1009.0,37.0,0.503225
1009.0,38.0,0.521096
1009.0,39.0,0.493199
1009.0,40.0,0.499812
1009.0,41.0,0.523395
1009.0,42.0,0.495759
1009.0,43.0,0.485441
1009.0,44.0,0.477712
1009.0,45.0,0.500388
1009.0,46.0,0.518287
1009.0,47.0,0.496009
1009.0,48.0,0.497809
1009.0,49.0,0.482172
1009.0,50.0,0.474469
1009.0,51.0,0.508187
1009.0,52.0,0.512108
1009.0,53.0,0.502284
1009.0,54.0,0.483946
1009.0,55.0,0.512318
1009.0,56.0,0.483483
1009.0,57.0,0.47216
1009.0,58.0,0.494967
1009.0,59.0,0.496673
1009.0,60.0,0.489575
1009.0,61.0,0.500995
1009.0,62.0,0.523956
1009.0,63.0,0.522703
1009.0,64.0,0.4841
1009.0,65.0,0.487975
1009.0,66.0,0.514158
1009.0,67.0,0.500674
1009.0,68.0,0.510704
1009.0,69.0,0.502598
1009.0,70.0,0.508039
1009.0,71.0,0.488942
1009.0,72.0,0.481594
1009.0,73.0,0.507578
1009.0,74.0,0.499733
1009.0,75.0,0.509467
1009.0,76.0,0.493316
1009.0,77.0,0.492569
1009.0,78.0,0.531347
1009.0,79.0,0.527063
1009.0,80.0,0.501253
1009.0,81.0,0.47864
1009.0,82.0,0.499604
1009.0,83.0,0.509377
1009.0,84.0,0.496202
1009.0,85.0,0.521021
1009.0,86.0,0.478009
1009.0,87.0,0.486596
1009.0,88.0,0.491893
1009.0,89.0,0.507406
1009.0,90.0,0.527482
1009.0,91.0,0.472535
1009.0,92.0,0.517918
1009.0,93.0,0.507425
1009.0,94.0,0.508107
1009.0,95.0,0.531959
1009.0,96.0,0.4693
1009.0,97.0,0.501324
1009.0,98.0,0.518572
1009.0,99.0,0.474321
1009.0,100.0,0.514058
1009.0,101.0,0.477911
1009.0,102.0,0.484797
1009.0,103.0,0.478481
1009.0,104.0,0.496368
1009.0,105.0,0.510046
1009.0,106.0,0.497762
1009.0,107.0,0.526134
1009.0,108.0,0.456349
1009.0,109.0,0.483167
1009.0,110.0,0.505927
1009.0,111.0,0.471327
1009.0,112.0,0.496741
1009.0,113.0,0.483732
1009.0,114.0,0.518223
1009.0,115.0,0.48712
1009.0,116.0,0.512749
1009.0,117.0,0.471584
1009.0,118.0,0.498075
1009.0,119.0,0.516531
1009.0,120.0,0.484479
1009.0,121.0,0.519423
1009.0,122.0,0.508391
1009.0,123.0,0.517836
1009.0,124.0,0.495781
1009.0,125.0,0.526336
1009.0,126.0,0.48682
1009.0,127.0,0.485749
1009.0,128.0,0.476135
1009.0,129.0,0.51112
1009.0,130.0,0.508564
1009.0,131.0,0.504564
1009.0,132.0,0.484779
1009.0,133.0,0.500541
1009.0,134.0,0.501584
1009.0,135.0,0.497366
1009.0,136.0,0.520605
1009.0,137.0,0.482097
1009.0,138.0,0.511177
1009.0,139.0,0.504845
1009.0,140.0,0.482752
1009.0,141.0,0.508594
1009.0,142.0,0.501263
1009.0,143.0,0.487304
1009.0,144.0,0.515899
1009.0,145.0,0.515633
1009.0,146.0,0.480102
1009.0,147.0,0.495675
1010.0,0.0,0.512874
1010.0,1.0,0.54602
1010.0,2.0,0.479843
1010.0,3.0,0.491722
1010.0,4.0,0.517952
1010.0,5.0,0.498206
1010.0,6.0,0.476418
1010.0,7.0,0.494704
1010.0,8.0,0.524764
1010.0,9.0,0.532915
1010.0,10.0,0.49464
1010.0,11.0,0.503121
1010.0,12.0,0.507359
1010.0,13.0,0.481902
1010.0,14.0,0.49973
1010.0,15.0,0.4816
1010.0,16.0,0.488219
1010.0,17.0,0.494861
1010.0,18.0,0.488945
1010.0,19.0,0.519564
1010.0,20.0,0.506462
1010.0,21.0,0.502673
1010.0,22.0,0.521461
1010.0,23.0,0.496684
1010.0,24.0,0.507211
1010.0,25.0,0.505193
1010.0,26.0,0.515028
1010.0,27.0,0.497856
1010.0,28.0,0.483028
1010.0,29.0,0.496991
1010.0,30.0,0.508106
1010.0,31.0,0.483104
1010.0,32.0,0.501645
1010.0,33.0,0.498755
1010.0,34.0,0.485276
1010.0,35.0,0.504139
1010.0,36.0,0.501338
1010.0,37.0,0.50235
1010.0,38.0,0.520498
1010.0,39.0,0.492757
1010.0,40.0,0.500334
1010.0,41.0,0.523531
1010.0,42.0,0.495299
1010.0,43.0,0.484915
1010.0,44.0,0.476706
1010.0,45.0,0.499974
1010.0,46.0,0.51787
1010.0,47.0,0.495552
1010.0,48.0,0.497579
1010.0,49.0,0.482167
1010.0,50.0,0.475123
1010.0,51.0,0.50771
1010.0,52.0,0.511691
1010.0,53.0,0.501979
1010.0,54.0,0.485095
1010.0,55.0,0.511952
1010.0,56.0,0.483082
1010.0,57.0,0.472107
1010.0,58.0,0.494816
1010.0,59.0,0.496253
1010.0,60.0,0.489369
1010.0,61.0,0.501563
1010.0,62.0,0.524391
1010.0,63.0,0.522142
1010.0,64.0,0.484168
1010.0,65.0,0.487655
1010.0,66.0,0.515411
1010.0,67.0,0.500833
1010.0,68.0,0.510054
1010.0,69.0,0.502891
1010.0,70.0,0.508234
1010.0,71.0,0.489269
1010.0,72.0,0.48203
1010.0,73.0,0.507189
1010.0,74.0,0.500374
1010.0,75.0,0.509054
1010.0,76.0,0.49307
1010.0,77.0,0.492149
1010.0,78.0,0.531269
1010.0,79.0,0.527305
1010.0,80.0,0.50109
1010.0,81.0,0.479701
1010.0,82.0,0.49996
1010.0,83.0,0.510068
1010.0,84.0,0.495974
1010.0,85.0,0.521048
1010.0,86.0,0.476965
1010.0,87.0,0.486669
1010.0,88.0,0.492344
1010.0,89.0,0.507295
1010.0,90.0,0.526769
1010.0,91.0,0.472871
1010.0,92.0,0.518259
1010.0,93.0,0.507717
1010.0,94.0,0.508376
1010.0,95.0,0.532696
1010.0,96.0,0.469275
1010.0,97.0,0.501077
1010.0,98.0,0.51807
1010.0,99.0,0.473876
1010.0,100.0,0.514235
1010.0,101.0,0.477109
1010.0,102.0,0.484832
1010.0,103.0,0.478513
1010.0,104.0,0.496825
1010.0,105.0,0.510039
1010.0,106.0,0.4974
1010.0,107.0,0.526331
1010.0,108.0,0.456021
1010.0,109.0,0.483124
1010.0,110.0,0.506292
1010.0,111.0,0.471672
1010.0,112.0,0.49741
1010.0,113.0,0.483229
1010.0,114.0,0.518123
1010.0,115.0,0.486321
1010.0,116.0,0.512908
1010.0,117.0,0.471677
1010.0,118.0,0.498462
1010.0,119.0,0.516123
1010.0,120.0,0.484309
1010.0,121.0,0.519005
1010.0,122.0,0.508085
1010.0,123.0,0.518528
1010.0,124.0,0.496024
1010.0,125.0,0.526402
1010.0,126.0,0.486275
1010.0,127.0,0.485611
1010.0,128.0,0.475977
1010.0,129.0,0.511373
1010.0,130.0,0.508518
1010.0,131.0,0.505216
1010.0,132.0,0.484459
1010.0,133.0,0.501053
1010.0,134.0,0.500968
1010.0,135.0,0.497347
1010.0,136.0,0.520331
1010.0,137.0,0.481747
1010.0,138.0,0.510886
1010.0,139.0,0.505212
1010.0,140.0,0.482957
1010.0,141.0,0.50959
1010.0,142.0,0.501373
1010.0,143.0,0.487704
1010.0,144.0,0.515984
1010.0,145.0,0.514946
1010.0,146.0,0.480124
1010.0,147.0,0.495408
2000.0,0.0,0.502133
2000.0,1.0,0.533134
2000.0,2.0,0.502059
2000.0,3.0,0.451891
2000.0,4.0,0.515366
2000.0,5.0,0.51035
2000.0,6.0,0.45907
2000.0,7.0,0.507426
2000.0,8.0,0.523868
2000.0,9.0,0.533839
2000.0,10.0,0.479962
2000.0,11.0,0.494735
2000.0,12.0,0.516556
2000.0,13.0,0.486354
2000.0,14.0,0.48599
2000.0,15.0,0.484228
2000.0,16.0,0.47984
2000.0,17.0,0.473142
2000.0,18.0,0.496284
2000.0,19.0,0.554823
2000.0,20.0,0.491347
2000.0,21.0,0.475922
2000.0,22.0,0.512313
2000.0,23.0,0.479186
2000.0,24.0,0.498889
2000.0,25.0,0.48644
2000.0,26.0,0.525568
2000.0,27.0,0.480425
2000.0,28.0,0.492385
2000.0,29.0,0.492679
2000.0,30.0,0.494866
2000.0,31.0,0.508573
2000.0,32.0,0.491319
2000.0,33.0,0.486146
2000.0,34.0,0.46826
2000.0,35.0,0.507992
2000.0,36.0,0.497927
2000.0,37.0,0.468034
2000.0,38.0,0.486497
2000.0,39.0,0.50042
2000.0,40.0,0.471827
2000.0,41.0,0.539611
2000.0,42.0,0.483781
2000.0,43.0,0.478863
2000.0,44.0,0.470993
2000.0,45.0,0.515538
2000.0,46.0,0.485259
2000.0,47.0,0.482888
2000.0,48.0,0.488323
2000.0,49.0,0.458643
2000.0,50.0,0.47276
2000.0,51.0,0.518937
2000.0,52.0,0.49163
2000.0,53.0,0.503774
2000.0,54.0,0.486281
2000.0,55.0,0.515358
2000.0,56.0,0.485423
2000.0,57.0,0.463011
2000.0,58.0,0.487588
2000.0,59.0,0.499013
2000.0,60.0,0.499353
2000.0,61.0,0.516832
2000.0,62.0,0.53597
2000.0,63.0,0.516613
2000.0,64.0,0.461922
2000.0,65.0,0.473649
2000.0,66.0,0.531682
2000.0,67.0,0.477574
2000.0,68.0,0.470915
2000.0,69.0,0.49882
2000.0,70.0,0.487987
2000.0,71.0,0.491195
2000.0,72.0,0.505627
2000.0,73.0,0.521885
2000.0,74.0,0.498754
2000.0,75.0,0.504682
2000.0,76.0,0.498156
2000.0,77.0,0.490489
2000.0,78.0,0.527078
2000.0,79.0,0.516711
2000.0,80.0,0.479965
2000.0,81.0,0.467657
2000.0,82.0,0.501416
2000.0,83.0,0.494453
2000.0,84.0,0.487924
2000.0,85.0,0.531689
2000.0,86.0,0.46961
2000.0,87.0,0.474558
2000.0,88.0,0.507959
2000.0,89.0,0.506313
2000.0,90.0,0.522167
2000.0,91.0,0.457493
2000.0,92.0,0.509338
2000.0,93.0,0.525358
2000.0,94.0,0.487641
2000.0,95.0,0.550763
2000.0,96.0,0.466461
2000.0,97.0,0.509012
2000.0,98.0,0.509347
2000.0,99.0,0.447026
2000.0,100.0,0.551003
2000.0,101.0,0.468451
2000.0,102.0,0.489947
2000.0,103.0,0.495843
2000.0,104.0,0.513091
2000.0,105.0,0.48655
2000.0,106.0,0.493751
2000.0,107.0,0.515267
2000.0,108.0,0.451511
2000.0,109.0,0.485356
2000.0,110.0,0.466903
2000.0,111.0,0.450801
2000.0,112.0,0.511789
2000.0,113.0,0.491299
2000.0,114.0,0.516078
2000.0,115.0,0.479316
2000.0,116.0,0.503238
2000.0,117.0,0.468994
2000.0,118.0,0.521279
2000.0,119.0,0.499025
2000.0,120.0,0.511287
2000.0,121.0,0.522568
2000.0,122.0,0.502229
2000.0,123.0,0.505158
2000.0,124.0,0.470003
2000.0,125.0,0.526571
2000.0,126.0,0.482134
2000.0,127.0,0.494334
2000.0,128.0,0.508649
2000.0,129.0,0.512526
2000.0,130.0,0.513465
2000.0,131.0,0.48046
2000.0,132.0,0.496975
2000.0,133.0,0.492771
2000.0,134.0,0.512948
2000.0,135.0,0.484507
2000.0,136.0,0.514872
2000.0,137.0,0.501271
2000.0,138.0,0.53158
2000.0,139.0,0.521376
2000.0,140.0,0.507815
2000.0,141.0,0.501865
2000.0,142.0,0.474184
2000.0,143.0,0.483013
2000.0,144.0,0.528135
2000.0,145.0,0.532864
2000.0,146.0,0.50603
2000.0,147.0,0.474676
2001.0,0.0,0.502785
2001.0,1.0,0.532983
2001.0,2.0,0.501823
2001.0,3.0,0.451859
2001.0,4.0,0.515811
2001.0,5.0,0.510682
2001.0,6.0,0.458763
2001.0,7.0,0.507242
2001.0,8.0,0.52354
2001.0,9.0,0.534284
2001.0,10.0,0.480512
2001.0,11.0,0.494418
2001.0,12.0,0.516396
2001.0,13.0,0.486764
2001.0,14.0,0.485947
2001.0,15.0,0.483989
2001.0,16.0,0.480242
2001.0,17.0,0.473475
2001.0,18.0,0.495696
2001.0,19.0,0.554778
2001.0,20.0,0.491627
2001.0,21.0,0.475554
2001.0,22.0,0.512318
2001.0,23.0,0.478857
2001.0,24.0,0.498656
2001.0,25.0,0.487259
2001.0,26.0,0.52549
2001.0,27.0,0.480246
2001.0,28.0,0.493129
2001.0,29.0,0.49301
2001.0,30.0,0.495749
2001.0,31.0,0.508447
2001.0,32.0,0.491691
2001.0,33.0,0.485965
2001.0,34.0,0.468502
2001.0,35.0,0.507827
2001.0,36.0,0.498375
2001.0,37.0,0.467782
2001.0,38.0,0.486326
2001.0,39.0,0.500323
2001.0,40.0,0.471679
2001.0,41.0,0.539231
2001.0,42.0,0.483239
2001.0,43.0,0.479026
2001.0,44.0,0.470947
2001.0,45.0,0.51567
2001.0,46.0,0.484926
2001.0,47.0,0.483044
2001.0,48.0,0.487653
2001.0,49.0,0.457358
2001.0,50.0,0.471664
2001.0,51.0,0.519338
2001.0,52.0,0.490749
2001.0,53.0,0.503913
2001.0,54.0,0.485607
2001.0,55.0,0.515557
2001.0,56.0,0.483888
2001.0,57.0,0.462125
2001.0,58.0,0.487657
2001.0,59.0,0.500121
2001.0,60.0,0.499409
2001.0,61.0,0.516489
2001.0,62.0,0.536401
2001.0,63.0,0.517168
2001.0,64.0,0.462519
2001.0,65.0,0.473812
2001.0,66.0,0.53102
2001.0,67.0,0.477378
2001.0,68.0,0.470802
2001.0,69.0,0.498891
2001.0,70.0,0.487446
2001.0,71.0,0.491354
2001.0,72.0,0.505825
2001.0,73.0,0.522053
2001.0,74.0,0.49874
2001.0,75.0,0.504786
2001.0,76.0,0.498469
2001.0,77.0,0.490533
2001.0,78.0,0.527277
2001.0,79.0,0.516354
2001.0,80.0,0.480304
2001.0,81.0,0.467851
2001.0,82.0,0.501269
2001.0,83.0,0.494939
2001.0,84.0,0.487703
2001.0,85.0,0.532222
2001.0,86.0,0.469847
2001.0,87.0,0.474567
2001.0,88.0,0.507591
2001.0,89.0,0.50678
2001.0,90.0,0.523176
2001.0,91.0,0.457646
2001.0,92.0,0.509576
2001.0,93.0,0.52557
2001.0,94.0,0.487974
2001.0,95.0,0.551435
2001.0,96.0,0.467297
2001.0,97.0,0.508825
2001.0,98.0,0.50873
2001.0,99.0,0.44771
2001.0,100.0,0.551456
2001.0,101.0,0.468722
2001.0,102.0,0.489892
2001.0,103.0,0.495376
2001.0,104.0,0.512115
2001.0,105.0,0.486934
2001.0,106.0,0.493554
2001.0,107.0,0.515104
2001.0,108.0,0.45166
2001.0,109.0,0.48523
2001.0,110.0,0.467447
2001.0,111.0,0.451243
2001.0,112.0,0.511615
2001.0,113.0,0.490906
2001.0,114.0,0.516283
2001.0,115.0,0.478921
2001.0,116.0,0.502929
2001.0,117.0,0.46901
2001.0,118.0,0.521381
2001.0,119.0,0.499202
2001.0,120.0,0.510905
2001.0,121.0,0.523115
2001.0,122.0,0.502258
2001.0,123.0,0.504807
2001.0,124.0,0.470131
2001.0,125.0,0.526029
2001.0,126.0,0.482477
2001.0,127.0,0.494591
2001.0,128.0,0.508171
2001.0,129.0,0.512262
2001.0,130.0,0.513458
2001.0,131.0,0.479856
2001.0,132.0,0.497149
2001.0,133.0,0.492847
2001.0,134.0,0.513432
2001.0,135.0,0.48401
2001.0,136.0,0.514931
2001.0,137.0,0.500937
2001.0,138.0,0.531561
2001.0,139.0,0.521297
2001.0,140.0,0.507611
2001.0,141.0,0.501595
2001.0,142.0,0.474168
2001.0,143.0,0.482885
2001.0,144.0,0.527494
2001.0,145.0,0.532465
2001.0,146.0,0.505746
2001.0,147.0,0.474698
2002.0,0.0,0.502858
2002.0,1.0,0.533048
2002.0,2.0,0.501306
2002.0,3.0,0.452607
2002.0,4.0,0.515055
2002.0,5.0,0.511339
2002.0,6.0,0.45861
2002.0,7.0,0.506817
2002.0,8.0,0.52325
2002.0,9.0,0.535336
2002.0,10.0,0.481291
2002.0,11.0,0.494849
2002.0,12.0,0.515635
2002.0,13.0,0.486802
2002.0,14.0,0.485722
2002.0,15.0,0.484437
2002.0,16.0,0.479828
2002.0,17.0,0.473895
2002.0,18.0,0.495712
2002.0,19.0,0.554307
2002.0,20.0,0.492053
2002.0,21.0,0.475146
2002.0,22.0,0.511284
2002.0,23.0,0.477979
2002.0,24.0,0.498749
2002.0,25.0,0.486688
2002.0,26.0,0.525507
2002.0,27.0,0.47972
2002.0,28.0,0.492324
2002.0,29.0,0.49406
2002.0,30.0,0.495297
2002.0,31.0,0.508977
2002.0,32.0,0.491444
2002.0,33.0,0.486331
2002.0,34.0,0.468019
2002.0,35.0,0.508209
2002.0,36.0,0.498779
2002.0,37.0,0.467665
2002.0,38.0,0.486179
2002.0,39.0,0.500651
2002.0,40.0,0.472643
2002.0,41.0,0.53892
2002.0,42.0,0.482841
2002.0,43.0,0.478624
2002.0,44.0,0.470492
2002.0,45.0,0.515662
2002.0,46.0,0.484777
2002.0,47.0,0.482745
2002.0,48.0,0.487438
2002.0,49.0,0.456772
2002.0,50.0,0.471786
2002.0,51.0,0.518977
2002.0,52.0,0.49058
2002.0,53.0,0.503572
2002.0,54.0,0.484938
2002.0,55.0,0.515968
2002.0,56.0,0.48436
2002.0,57.0,0.462752
2002.0,58.0,0.488269
2002.0,59.0,0.499283
2002.0,60.0,0.49955
2002.0,61.0,0.517024
2002.0,62.0,0.537192
2002.0,63.0,0.51677
2002.0,64.0,0.462644
2002.0,65.0,0.473512
2002.0,66.0,0.530907
2002.0,67.0,0.477786
2002.0,68.0,0.470508
2002.0,69.0,0.500136
2002.0,70.0,0.488153
2002.0,71.0,0.49159
2002.0,72.0,0.504801
2002.0,73.0,0.522115
2002.0,74.0,0.498291
2002.0,75.0,0.504412
2002.0,76.0,0.498656
2002.0,77.0,0.49034
2002.0,78.0,0.527535
2002.0,79.0,0.516828
2002.0,80.0,0.479626
2002.0,81.0,0.467267
2002.0,82.0,0.502251
2002.0,83.0,0.49484
2002.0,84.0,0.488334
2002.0,85.0,0.532774
2002.0,86.0,0.469707
2002.0,87.0,0.474249
2002.0,88.0,0.508143
2002.0,89.0,0.507038
2002.0,90.0,0.522959
2002.0,91.0,0.458054
2002.0,92.0,0.509315
2002.0,93.0,0.525746
2002.0,94.0,0.48859
2002.0,95.0,0.550732
2002.0,96.0,0.467315
2002.0,97.0,0.508394
2002.0,98.0,0.50841
2002.0,99.0,0.446915
2002.0,100.0,0.550788
2002.0,101.0,0.46847
2002.0,102.0,0.490193
2002.0,103.0,0.494961
2002.0,104.0,0.512893
2002.0,105.0,0.48605
2002.0,106.0,0.493431
2002.0,107.0,0.515157
2002.0,108.0,0.451389
2002.0,109.0,0.486324
2002.0,110.0,0.46832
2002.0,111.0,0.451365
2002.0,112.0,0.512789
2002.0,113.0,0.490361
2002.0,114.0,0.51626
2002.0,115.0,0.47946
2002.0,116.0,0.503076
2002.0,117.0,0.468472
2002.0,118.0,0.52102
2002.0,119.0,0.499661
2002.0,120.0,0.511268
2002.0,121.0,0.523263
2002.0,122.0,0.50246
2002.0,123.0,0.505046
2002.0,124.0,0.470326
2002.0,125.0,0.525738
2002.0,126.0,0.482248
2002.0,127.0,0.494058
2002.0,128.0,0.508584
2002.0,129.0,0.512378
2002.0,130.0,0.513224
2002.0,131.0,0.479695
2002.0,132.0,0.49678
2002.0,133.0,0.492277
2002.0,134.0,0.514453
2002.0,135.0,0.484774
2002.0,136.0,0.515602
2002.0,137.0,0.501224
2002.0,138.0,0.532279
2002.0,139.0,0.521954
2002.0,140.0,0.508004
2002.0,141.0,0.501714
2002.0,142.0,0.474086
2002.0,143.0,0.483318
2002.0,144.0,0.528018
2002.0,145.0,0.531872
2002.0,146.0,0.505474
2002.0,147.0,0.473874
2003.0,0.0,0.503118
2003.0,1.0,0.53359
2003.0,2.0,0.500755
2003.0,3.0,0.453005
2003.0,4.0,0.515553
2003.0,5.0,0.511892
2003.0,6.0,0.458931
2003.0,7.0,0.507115
2003.0,8.0,0.523565
2003.0,9.0,0.535093
2003.0,10.0,0.480761
2003.0,11.0,0.494051
2003.0,12.0,0.515837
2003.0,13.0,0.486468
2003.0,14.0,0.486888
2003.0,15.0,0.484846
2003.0,16.0,0.480044
2003.0,17.0,0.473639
2003.0,18.0,0.495521
2003.0,19.0,0.555198
2003.0,20.0,0.491927
2003.0,21.0,0.4749
2003.0,22.0,0.511554
2003.0,23.0,0.478218
2003.0,24.0,0.499095
2003.0,25.0,0.486148
2003.0,26.0,0.525166
2003.0,27.0,0.479904
2003.0,28.0,0.492756
2003.0,29.0,0.494843
2003.0,30.0,0.494607
2003.0,31.0,0.510069
2003.0,32.0,0.491473
2003.0,33.0,0.486215
2003.0,34.0,0.468395
2003.0,35.0,0.508676
2003.0,36.0,0.498641
2003.0,37.0,0.468042
2003.0,38.0,0.487454
2003.0,39.0,0.500558
2003.0,40.0,0.472243
2003.0,41.0,0.53903
2003.0,42.0,0.482397
2003.0,43.0,0.478878
2003.0,44.0,0.470695
2003.0,45.0,0.514886
2003.0,46.0,0.483834
2003.0,47.0,0.482803
2003.0,48.0,0.487294
2003.0,49.0,0.456087
2003.0,50.0,0.472048
2003.0,51.0,0.518865
2003.0,52.0,0.490954
2003.0,53.0,0.503445
2003.0,54.0,0.485222
2003.0,55.0,0.516295
2003.0,56.0,0.484577
2003.0,57.0,0.462258
2003.0,58.0,0.488283
2003.0,59.0,0.499034
2003.0,60.0,0.500092
2003.0,61.0,0.517294
2003.0,62.0,0.537505
2003.0,63.0,0.517104
2003.0,64.0,0.463327
2003.0,65.0,0.47336
2003.0,66.0,0.531064
2003.0,67.0,0.477973
2003.0,68.0,0.470245
2003.0,69.0,0.49955
2003.0,70.0,0.488196
2003.0,71.0,0.490769
2003.0,72.0,0.503952
2003.0,73.0,0.52168
2003.0,74.0,0.498186
2003.0,75.0,0.503911
2003.0,76.0,0.49894
2003.0,77.0,0.490072
2003.0,78.0,0.528218
2003.0,79.0,0.51664
2003.0,80.0,0.479256
2003.0,81.0,0.467089
2003.0,82.0,0.502114
2003.0,83.0,0.494655
2003.0,84.0,0.487754
2003.0,85.0,0.53279
2003.0,86.0,0.469155
2003.0,87.0,0.475074
2003.0,88.0,0.50732
2003.0,89.0,0.506976
2003.0,90.0,0.522214
2003.0,91.0,0.45726
2003.0,92.0,0.509618
2003.0,93.0,0.525886
2003.0,94.0,0.489113
2003.0,95.0,0.549368
2003.0,96.0,0.467792
2003.0,97.0,0.508313
2003.0,98.0,0.508162
2003.0,99.0,0.447197
2003.0,100.0,0.55058
2003.0,101.0,0.46847
2003.0,102.0,0.490685
2003.0,103.0,0.494095
2003.0,104.0,0.513859
2003.0,105.0,0.485491
2003.0,106.0,0.493317
2003.0,107.0,0.515107
2003.0,108.0,0.451713
2003.0,109.0,0.486075
2003.0,110.0,0.468143
2003.0,111.0,0.450453
2003.0,112.0,0.513078
2003.0,113.0,0.490678
2003.0,114.0,0.516233
2003.0,115.0,0.480005
2003.0,116.0,0.503214
2003.0,117.0,0.468768
2003.0,118.0,0.521623
2003.0,119.0,0.498652
2003.0,120.0,0.511541
2003.0,121.0,0.523045
2003.0,122.0,0.502392
2003.0,123.0,0.504565
2003.0,124.0,0.47041
2003.0,125.0,0.52532
2003.0,126.0,0.48289
2003.0,127.0,0.494158
2003.0,128.0,0.508042
2003.0,129.0,0.511873
2003.0,130.0,0.513319
2003.0,131.0,0.478918
2003.0,132.0,0.496402
2003.0,133.0,0.492586
2003.0,134.0,0.514852
2003.0,135.0,0.484324
2003.0,136.0,0.516195
2003.0,137.0,0.500837
2003.0,138.0,0.532665
2003.0,139.0,0.521459
2003.0,140.0,0.508447
2003.0,141.0,0.501072
2003.0,142.0,0.47422
2003.0,143.0,0.48386
2003.0,144.0,0.527461
2003.0,145.0,0.531819
2003.0,146.0,0.505672
2003.0,147.0,0.473701
2004.0,0.0,0.50334
2004.0,1.0,0.533524
2004.0,2.0,0.500887
2004.0,3.0,0.454269
2004.0,4.0,0.515859
2004.0,5.0,0.512673
2004.0,6.0,0.458831
2004.0,7.0,0.506787
2004.0,8.0,0.523483
2004.0,9.0,0.535049
2004.0,10.0,0.4806
2004.0,11.0,0.494478
2004.0,12.0,0.516177
2004.0,13.0,0.486829
2004.0,14.0,0.486474
2004.0,15.0,0.485283
2004.0,16.0,0.479534
2004.0,17.0,0.474065
2004.0,18.0,0.4952
2004.0,19.0,0.555178
2004.0,20.0,0.491707
2004.0,21.0,0.473777
2004.0,22.0,0.512016
2004.0,23.0,0.478146
2004.0,24.0,0.499585
2004.0,25.0,0.486834
2004.0,26.0,0.52532
2004.0,27.0,0.480657
2004.0,28.0,0.493432
2004.0,29.0,0.495457
2004.0,30.0,0.493573
2004.0,31.0,0.50961
2004.0,32.0,0.491478
2004.0,33.0,0.48643
2004.0,34.0,0.467622
2004.0,35.0,0.508639
2004.0,36.0,0.498501
2004.0,37.0,0.468023
2004.0,38.0,0.487315
2004.0,39.0,0.499963
2004.0,40.0,0.471813
2004.0,41.0,0.538976
2004.0,42.0,0.481951
2004.0,43.0,0.478905
2004.0,44.0,0.470521
2004.0,45.0,0.51516
2004.0,46.0,0.483321
2004.0,47.0,0.482361
2004.0,48.0,0.487286
2004.0,49.0,0.455259
2004.0,50.0,0.47168
2004.0,51.0,0.518693
2004.0,52.0,0.49215
2004.0,53.0,0.502956
2004.0,54.0,0.484964
2004.0,55.0,0.517021
2004.0,56.0,0.485221
2004.0,57.0,0.461909
2004.0,58.0,0.487756
2004.0,59.0,0.499294
2004.0,60.0,0.500831
2004.0,61.0,0.51724
2004.0,62.0,0.536898
2004.0,63.0,0.516782
2004.0,64.0,0.462936
2004.0,65.0,0.473726
2004.0,66.0,0.53165
2004.0,67.0,0.477533
2004.0,68.0,0.471079
2004.0,69.0,0.499672
2004.0,70.0,0.487786
2004.0,71.0,0.490739
2004.0,72.0,0.50453
2004.0,73.0,0.520743
2004.0,74.0,0.498096
2004.0,75.0,0.504164
2004.0,76.0,0.497982
2004.0,77.0,0.490174
2004.0,78.0,0.528998
2004.0,79.0,0.516013
2004.0,80.0,0.478721
2004.0,81.0,0.466786
2004.0,82.0,0.501773
2004.0,83.0,0.494406
2004.0,84.0,0.48792
2004.0,85.0,0.532961
2004.0,86.0,0.469234
2004.0,87.0,0.47574
2004.0,88.0,0.507454
2004.0,89.0,0.506614
2004.0,90.0,0.522045
2004.0,91.0,0.456946
2004.0,92.0,0.50939
2004.0,93.0,0.525685
2004.0,94.0,0.489985
2004.0,95.0,0.54933
2004.0,96.0,0.468024
2004.0,97.0,0.507846
2004.0,98.0,0.509211
2004.0,99.0,0.44722
2004.0,100.0,0.550351
2004.0,101.0,0.468223
2004.0,102.0,0.491121
2004.0,103.0,0.49379
2004.0,104.0,0.514063
2004.0,105.0,0.485421
2004.0,106.0,0.493178
2004.0,107.0,0.514815
2004.0,108.0,0.451052
2004.0,109.0,0.48633
2004.0,110.0,0.467947
2004.0,111.0,0.450375
2004.0,112.0,0.512509
2004.0,113.0,0.490474
2004.0,114.0,0.516743
2004.0,115.0,0.480286
2004.0,116.0,0.502849
2004.0,117.0,0.46896
2004.0,118.0,0.521699
2004.0,119.0,0.498614
2004.0,120.0,0.511174
2004.0,121.0,0.523697
2004.0,122.0,0.502325
2004.0,123.0,0.504253
2004.0,124.0,0.470579
2004.0,125.0,0.525751
2004.0,126.0,0.483335
2004.0,127.0,0.495084
2004.0,128.0,0.507845
2004.0,129.0,0.511743
2004.0,130.0,0.5144
2004.0,131.0,0.478712
2004.0,132.0,0.49657
2004.0,133.0,0.492131
2004.0,134.0,0.51511
2004.0,135.0,0.484181
2004.0,136.0,0.517396
2004.0,137.0,0.501107
2004.0,138.0,0.531484
2004.0,139.0,0.521751
2004.0,140.0,0.50837
2004.0,141.0,0.503066
2004.0,142.0,0.473452
2004.0,143.0,0.484501
2004.0,144.0,0.52717
2004.0,145.0,0.531708
2004.0,146.0,0.505843
2004.0,147.0,0.473066
2005.0,0.0,0.504279
2005.0,1.0,0.533488
2005.0,2.0,0.500593
2005.0,3.0,0.45402
2005.0,4.0,0.516266
2005.0,5.0,0.51242
2005.0,6.0,0.45843
2005.0,7.0,0.50671
2005.0,8.0,0.524209
2005.0,9.0,0.534609
2005.0,10.0,0.480638
2005.0,11.0,0.49442
2005.0,12.0,0.516385
2005.0,13.0,0.486578
2005.0,14.0,0.486923
2005.0,15.0,0.485059
2005.0,16.0,0.480185
2005.0,17.0,0.474814
2005.0,18.0,0.49489
2005.0,19.0,0.555648
2005.0,20.0,0.49215
2005.0,21.0,0.47461
2005.0,22.0,0.51229
2005.0,23.0,0.478038
2005.0,24.0,0.500172
2005.0,25.0,0.486696
2005.0,26.0,0.525101
2005.0,27.0,0.480594
2005.0,28.0,0.493255
2005.0,29.0,0.494834
2005.0,30.0,0.493355
2005.0,31.0,0.509579
2005.0,32.0,0.491741
2005.0,33.0,0.485847
2005.0,34.0,0.467977
2005.0,35.0,0.508515
2005.0,36.0,0.497998
2005.0,37.0,0.468009
2005.0,38.0,0.487428
2005.0,39.0,0.499767
2005.0,40.0,0.471938
2005.0,41.0,0.537915
2005.0,42.0,0.482886
2005.0,43.0,0.47894
2005.0,44.0,0.469849
2005.0,45.0,0.516505
2005.0,46.0,0.482546
2005.0,47.0,0.483305
2005.0,48.0,0.487005
2005.0,49.0,0.455246
2005.0,50.0,0.470743
2005.0,51.0,0.518936
2005.0,52.0,0.492826
2005.0,53.0,0.503492
2005.0,54.0,0.485163
2005.0,55.0,0.517233
2005.0,56.0,0.485613
2005.0,57.0,0.461474
2005.0,58.0,0.488492
2005.0,59.0,0.499275
2005.0,60.0,0.501702
2005.0,61.0,0.517174
2005.0,62.0,0.537073
2005.0,63.0,0.516068
2005.0,64.0,0.463438
2005.0,65.0,0.474293
2005.0,66.0,0.530979
2005.0,67.0,0.477341
2005.0,68.0,0.471914
2005.0,69.0,0.500555
2005.0,70.0,0.488297
2005.0,71.0,0.490489
2005.0,72.0,0.504982
2005.0,73.0,0.520711
2005.0,74.0,0.498273
2005.0,75.0,0.50391
2005.0,76.0,0.497453
2005.0,77.0,0.489946
2005.0,78.0,0.529724
2005.0,79.0,0.515968
2005.0,80.0,0.479243
2005.0,81.0,0.466548
2005.0,82.0,0.501871
2005.0,83.0,0.494308
2005.0,84.0,0.487463
2005.0,85.0,0.533024
2005.0,86.0,0.469518
2005.0,87.0,0.476308
2005.0,88.0,0.50771
2005.0,89.0,0.50699
2005.0,90.0,0.521054
2005.0,91.0,0.456418
2005.0,92.0,0.50874
2005.0,93.0,0.525778
2005.0,94.0,0.489485
2005.0,95.0,0.549217
2005.0,96.0,0.46896
2005.0,97.0,0.507864
2005.0,98.0,0.509316
2005.0,99.0,0.447069
2005.0,100.0,0.54975
2005.0,101.0,0.468268
2005.0,102.0,0.491023
2005.0,103.0,0.49373
2005.0,104.0,0.515123
2005.0,105.0,0.484714
2005.0,106.0,0.492898
2005.0,107.0,0.51482
2005.0,108.0,0.451118
2005.0,109.0,0.485861
2005.0,110.0,0.46872
2005.0,111.0,0.450296
2005.0,112.0,0.512558
2005.0,113.0,0.490674
2005.0,114.0,0.516791
2005.0,115.0,0.480444
2005.0,116.0,0.503044
2005.0,117.0,0.469049
2005.0,118.0,0.521318
2005.0,119.0,0.499167
2005.0,120.0,0.511863
2005.0,121.0,0.523987
2005.0,122.0,0.501989
2005.0,123.0,0.50416
2005.0,124.0,0.470561
2005.0,125.0,0.525409
2005.0,126.0,0.483311
2005.0,127.0,0.494937
2005.0,128.0,0.507377
2005.0,129.0,0.511959
2005.0,130.0,0.51449
2005.0,131.0,0.478773
2005.0,132.0,0.496414
2005.0,133.0,0.492976
2005.0,134.0,0.514916
2005.0,135.0,0.48421
2005.0,136.0,0.517294
2005.0,137.0,0.500328
2005.0,138.0,0.531204
2005.0,139.0,0.521778
2005.0,140.0,0.508305
2005.0,141.0,0.504342
2005.0,142.0,0.473086
2005.0,143.0,0.484321
2005.0,144.0,0.527768
2005.0,145.0,0.531883
2005.0,146.0,0.505493
2005.0,147.0,0.473414
2006.0,0.0,0.504312
2006.0,1.0,0.533561
2006.0,2.0,0.500404
2006.0,3.0,0.454671
2006.0,4.0,0.515661
2006.0,5.0,0.51255
2006.0,6.0,0.458022
2006.0,7.0,0.506632
2006.0,8.0,0.523514
2006.0,9.0,0.533549
2006.0,10.0,0.480339
2006.0,11.0,0.494246
2006.0,12.0,0.516023
2006.0,13.0,0.486479
2006.0,14.0,0.48667
2006.0,15.0,0.485117
2006.0,16.0,0.479653
2006.0,17.0,0.474351
2006.0,18.0,0.495515
2006.0,19.0,0.555605
2006.0,20.0,0.491202
2006.0,21.0,0.474897
2006.0,22.0,0.512022
2006.0,23.0,0.478162
2006.0,24.0,0.500014
2006.0,25.0,0.487108
2006.0,26.0,0.52581
2006.0,27.0,0.480321
2006.0,28.0,0.492223
2006.0,29.0,0.49463
2006.0,30.0,0.493864
2006.0,31.0,0.509338
2006.0,32.0,0.492009
2006.0,33.0,0.486514
2006.0,34.0,0.467488
2006.0,35.0,0.509187
2006.0,36.0,0.497967
2006.0,37.0,0.466898
2006.0,38.0,0.487753
2006.0,39.0,0.499835
2006.0,40.0,0.471656
2006.0,41.0,0.537904
2006.0,42.0,0.482423
2006.0,43.0,0.478867
2006.0,44.0,0.469878
2006.0,45.0,0.517227
2006.0,46.0,0.483616
2006.0,47.0,0.483477
2006.0,48.0,0.486838
2006.0,49.0,0.455495
2006.0,50.0,0.470007
2006.0,51.0,0.519224
2006.0,52.0,0.492461
2006.0,53.0,0.504132
2006.0,54.0,0.485817
2006.0,55.0,0.516839
2006.0,56.0,0.484818
2006.0,57.0,0.460794
2006.0,58.0,0.489177
2006.0,59.0,0.499966
2006.0,60.0,0.502628
2006.0,61.0,0.517645
2006.0,62.0,0.537013
2006.0,63.0,0.516596
2006.0,64.0,0.463382
2006.0,65.0,0.474739
2006.0,66.0,0.53132
2006.0,67.0,0.476882
2006.0,68.0,0.47229
2006.0,69.0,0.50037
2006.0,70.0,0.488085
2006.0,71.0,0.490228
2006.0,72.0,0.505632
2006.0,73.0,0.520447
2006.0,74.0,0.497408
2006.0,75.0,0.504134
2006.0,76.0,0.497525
2006.0,77.0,0.489893
2006.0,78.0,0.529884
2006.0,79.0,0.516009
2006.0,80.0,0.478891
2006.0,81.0,0.466646
2006.0,82.0,0.501806
2006.0,83.0,0.494193
2006.0,84.0,0.487706
2006.0,85.0,0.533388
2006.0,86.0,0.469329
2006.0,87.0,0.476455
2006.0,88.0,0.507145
2006.0,89.0,0.507406
2006.0,90.0,0.521166
2006.0,91.0,0.456782
2006.0,92.0,0.508547
2006.0,93.0,0.526253
2006.0,94.0,0.489029
2006.0,95.0,0.548866
2006.0,96.0,0.469002
2006.0,97.0,0.507755
2006.0,98.0,0.509575
2006.0,99.0,0.446646
2006.0,100.0,0.550308
2006.0,101.0,0.467575
2006.0,102.0,0.490891
2006.0,103.0,0.493721
2006.0,104.0,0.515002
2006.0,105.0,0.484117
2006.0,106.0,0.492353
2006.0,107.0,0.515356
2006.0,108.0,0.450161
2006.0,109.0,0.486606
2006.0,110.0,0.468521
2006.0,111.0,0.450307
2006.0,112.0,0.512338
2006.0,113.0,0.490005
2006.0,114.0,0.516775
2006.0,115.0,0.480763
2006.0,116.0,0.503368
2006.0,117.0,0.469423
2006.0,118.0,0.520854
2006.0,119.0,0.499557
2006.0,120.0,0.511669
2006.0,121.0,0.523352
2006.0,122.0,0.501986
2006.0,123.0,0.50465
2006.0,124.0,0.470557
2006.0,125.0,0.526005
2006.0,126.0,0.483686
2006.0,127.0,0.49431
2006.0,128.0,0.506977
2006.0,129.0,0.51195
2006.0,130.0,0.513564
2006.0,131.0,0.478303
2006.0,132.0,0.496613
2006.0,133.0,0.493022
2006.0,134.0,0.515995
2006.0,135.0,0.484707
2006.0,136.0,0.517575
2006.0,137.0,0.500467
2006.0,138.0,0.530904
2006.0,139.0,0.52093
2006.0,140.0,0.508833
2006.0,141.0,0.503749
2006.0,142.0,0.472135
2006.0,143.0,0.483659
2006.0,144.0,0.527805
2006.0,145.0,0.530303
2006.0,146.0,0.50568
2006.0,147.0,0.473533
2007.0,0.0,0.504125
2007.0,1.0,0.534284
2007.0,2.0,0.50037
2007.0,3.0,0.454558
2007.0,4.0,0.515083
2007.0,5.0,0.511673
2007.0,6.0,0.457955
2007.0,7.0,0.505873
2007.0,8.0,0.524014
2007.0,9.0,0.533051
2007.0,10.0,0.479842
2007.0,11.0,0.494171
2007.0,12.0,0.516169
2007.0,13.0,0.486269
2007.0,14.0,0.487411
2007.0,15.0,0.484881
2007.0,16.0,0.479414
2007.0,17.0,0.47479
2007.0,18.0,0.495508
2007.0,19.0,0.555936
2007.0,20.0,0.492089
2007.0,21.0,0.475859
2007.0,22.0,0.51135
2007.0,23.0,0.47782
2007.0,24.0,0.500078
2007.0,25.0,0.486755
2007.0,26.0,0.525533
2007.0,27.0,0.480341
2007.0,28.0,0.491574
2007.0,29.0,0.495305
2007.0,30.0,0.494571
2007.0,31.0,0.50898
2007.0,32.0,0.491496
2007.0,33.0,0.487089
2007.0,34.0,0.467314
2007.0,35.0,0.509843
2007.0,36.0,0.497913
2007.0,37.0,0.46703
2007.0,38.0,0.487398
2007.0,39.0,0.499165
2007.0,40.0,0.47215
2007.0,41.0,0.537619
2007.0,42.0,0.482415
2007.0,43.0,0.478957
2007.0,44.0,0.468988
2007.0,45.0,0.516674
2007.0,46.0,0.483281
2007.0,47.0,0.483371
2007.0,48.0,0.487468
2007.0,49.0,0.456432
2007.0,50.0,0.469713
2007.0,51.0,0.518784
2007.0,52.0,0.49173
2007.0,53.0,0.5043
2007.0,54.0,0.486185
2007.0,55.0,0.517246
2007.0,56.0,0.483928
2007.0,57.0,0.460902
2007.0,58.0,0.488627
2007.0,59.0,0.499697
2007.0,60.0,0.502837
2007.0,61.0,0.518161
2007.0,62.0,0.538236
2007.0,63.0,0.516432
2007.0,64.0,0.464026
2007.0,65.0,0.474934
2007.0,66.0,0.531915
2007.0,67.0,0.47655
2007.0,68.0,0.471501
2007.0,69.0,0.500681
2007.0,70.0,0.488166
2007.0,71.0,0.490834
2007.0,72.0,0.506243
2007.0,73.0,0.520433
2007.0,74.0,0.497219
2007.0,75.0,0.504303
2007.0,76.0,0.497428
2007.0,77.0,0.490715
2007.0,78.0,0.530743
2007.0,79.0,0.515885
2007.0,80.0,0.480388
2007.0,81.0,0.467587
2007.0,82.0,0.501706
2007.0,83.0,0.494212
2007.0,84.0,0.487858
2007.0,85.0,0.53432
2007.0,86.0,0.468716
2007.0,87.0,0.476479
2007.0,88.0,0.506935
2007.0,89.0,0.508075
2007.0,90.0,0.521381
2007.0,91.0,0.457282
2007.0,92.0,0.508071
2007.0,93.0,0.526429
2007.0,94.0,0.489191
2007.0,95.0,0.549738
2007.0,96.0,0.469246
2007.0,97.0,0.508767
2007.0,98.0,0.509827
2007.0,99.0,0.447043
2007.0,100.0,0.550701
2007.0,101.0,0.467086
2007.0,102.0,0.49024
2007.0,103.0,0.492746
2007.0,104.0,0.515256
2007.0,105.0,0.48362
2007.0,106.0,0.491699
2007.0,107.0,0.51613
2007.0,108.0,0.449357
2007.0,109.0,0.487083
2007.0,110.0,0.46909
2007.0,111.0,0.450091
2007.0,112.0,0.512378
2007.0,113.0,0.49085
2007.0,114.0,0.516462
2007.0,115.0,0.48036
2007.0,116.0,0.503892
2007.0,117.0,0.469782
2007.0,118.0,0.521173
2007.0,119.0,0.499465
2007.0,120.0,0.511308
2007.0,121.0,0.522743
2007.0,122.0,0.502738
2007.0,123.0,0.505112
2007.0,124.0,0.471006
2007.0,125.0,0.52549
2007.0,126.0,0.483322
2007.0,127.0,0.49486
2007.0,128.0,0.507582
2007.0,129.0,0.511945
2007.0,130.0,0.513437
2007.0,131.0,0.477828
2007.0,132.0,0.497478
2007.0,133.0,0.4933
2007.0,134.0,0.515498
2007.0,135.0,0.484601
2007.0,136.0,0.517943
2007.0,137.0,0.500511
2007.0,138.0,0.530708
2007.0,139.0,0.521032
2007.0,140.0,0.509002
2007.0,141.0,0.503465
2007.0,142.0,0.47136
2007.0,143.0,0.483855
2007.0,144.0,0.527547
2007.0,145.0,0.530367
2007.0,146.0,0.506276
2007.0,147.0,0.47373
2008.0,0.0,0.504157
2008.0,1.0,0.534997
2008.0,2.0,0.501023
2008.0,3.0,0.453912
2008.0,4.0,0.515439
2008.0,5.0,0.512574
2008.0,6.0,0.4586
2008.0,7.0,0.506109
2008.0,8.0,0.523703
2008.0,9.0,0.533296
2008.0,10.0,0.480688
2008.0,11.0,0.493982
2008.0,12.0,0.516956
2008.0,13.0,0.485736
2008.0,14.0,0.487749
2008.0,15.0,0.484413
2008.0,16.0,0.478977
2008.0,17.0,0.475164
2008.0,18.0,0.495461
2008.0,19.0,0.556165
2008.0,20.0,0.491296
2008.0,21.0,0.475113
2008.0,22.0,0.510999
2008.0,23.0,0.478429
2008.0,24.0,0.500032
2008.0,25.0,0.486679
2008.0,26.0,0.52511
2008.0,27.0,0.480557
2008.0,28.0,0.49163
2008.0,29.0,0.495385
2008.0,30.0,0.495144
2008.0,31.0,0.508717
2008.0,32.0,0.49095
2008.0,33.0,0.487078
2008.0,34.0,0.467803
2008.0,35.0,0.509852
2008.0,36.0,0.498401
2008.0,37.0,0.467255
2008.0,38.0,0.487481
2008.0,39.0,0.498884
2008.0,40.0,0.472438
2008.0,41.0,0.538041
2008.0,42.0,0.483052
2008.0,43.0,0.477684
2008.0,44.0,0.468753
2008.0,45.0,0.516389
2008.0,46.0,0.482402
2008.0,47.0,0.483365
2008.0,48.0,0.487535
2008.0,49.0,0.45653
2008.0,50.0,0.470077
2008.0,51.0,0.518342
2008.0,52.0,0.490789
2008.0,53.0,0.503915
2008.0,54.0,0.485626
2008.0,55.0,0.517479
2008.0,56.0,0.48353
2008.0,57.0,0.461874
2008.0,58.0,0.488481
2008.0,59.0,0.49901
2008.0,60.0,0.502532
2008.0,61.0,0.518167
2008.0,62.0,0.537857
2008.0,63.0,0.516523
2008.0,64.0,0.464389
2008.0,65.0,0.474981
2008.0,66.0,0.532644
2008.0,67.0,0.476531
2008.0,68.0,0.471541
2008.0,69.0,0.500615
2008.0,70.0,0.488118
2008.0,71.0,0.491098
2008.0,72.0,0.505653
2008.0,73.0,0.520274
2008.0,74.0,0.497213
2008.0,75.0,0.504457
2008.0,76.0,0.497152
2008.0,77.0,0.490819
2008.0,78.0,0.530635
2008.0,79.0,0.515891
2008.0,80.0,0.480043
2008.0,81.0,0.467347
2008.0,82.0,0.50194
2008.0,83.0,0.49393
2008.0,84.0,0.488369
2008.0,85.0,0.53477
2008.0,86.0,0.46904
2008.0,87.0,0.4764
2008.0,88.0,0.506463
2008.0,89.0,0.507786
2008.0,90.0,0.521785
2008.0,91.0,0.456649
2008.0,92.0,0.508459
2008.0,93.0,0.526388
2008.0,94.0,0.489173
2008.0,95.0,0.550217
2008.0,96.0,0.469499
2008.0,97.0,0.508424
2008.0,98.0,0.509563
2008.0,99.0,0.447206
2008.0,100.0,0.550526
2008.0,101.0,0.466621
2008.0,102.0,0.490343
2008.0,103.0,0.493028
2008.0,104.0,0.514566
2008.0,105.0,0.484267
2008.0,106.0,0.491985
2008.0,107.0,0.516207
2008.0,108.0,0.449002
2008.0,109.0,0.4875
2008.0,110.0,0.468513
2008.0,111.0,0.450421
2008.0,112.0,0.511372
2008.0,113.0,0.491122
2008.0,114.0,0.515927
2008.0,115.0,0.479452
2008.0,116.0,0.503718
2008.0,117.0,0.470451
2008.0,118.0,0.520912
2008.0,119.0,0.498671
2008.0,120.0,0.512213
2008.0,121.0,0.522481
2008.0,122.0,0.503096
2008.0,123.0,0.504511
2008.0,124.0,0.471334
2008.0,125.0,0.526047
2008.0,126.0,0.483331
2008.0,127.0,0.494837
2008.0,128.0,0.508021
2008.0,129.0,0.512635
2008.0,130.0,0.513531
2008.0,131.0,0.477609
2008.0,132.0,0.497253
2008.0,133.0,0.49329
2008.0,134.0,0.516134
2008.0,135.0,0.484383
2008.0,136.0,0.516941
2008.0,137.0,0.500145
2008.0,138.0,0.530643
2008.0,139.0,0.52144
2008.0,140.0,0.509467
2008.0,141.0,0.503468
2008.0,142.0,0.470585
2008.0,143.0,0.483771
2008.0,144.0,0.527596
2008.0,145.0,0.53008
2008.0,146.0,0.506565
2008.0,147.0,0.474787
2009.0,0.0,0.504621
2009.0,1.0,0.534402
2009.0,2.0,0.501265
2009.0,3.0,0.453778
2009.0,4.0,0.515099
2009.0,5.0,0.512489
2009.0,6.0,0.458799
2009.0,7.0,0.50592
2009.0,8.0,0.524234
2009.0,9.0,0.53347
2009.0,10.0,0.480341
2009.0,11.0,0.494701
2009.0,12.0,0.516247
2009.0,13.0,0.485094
2009.0,14.0,0.488289
2009.0,15.0,0.484832
2009.0,16.0,0.478785
2009.0,17.0,0.474508
2009.0,18.0,0.494397
2009.0,19.0,0.55576
2009.0,20.0,0.490998
2009.0,21.0,0.475034
2009.0,22.0,0.510041
2009.0,23.0,0.478586
2009.0,24.0,0.500314
2009.0,25.0,0.487069
2009.0,26.0,0.524566
2009.0,27.0,0.480495
2009.0,28.0,0.491436
2009.0,29.0,0.495598
2009.0,30.0,0.495284
2009.0,31.0,0.509013
2009.0,32.0,0.490153
2009.0,33.0,0.48656
2009.0,34.0,0.467891
2009.0,35.0,0.509641
2009.0,36.0,0.499538
2009.0,37.0,0.466866
2009.0,38.0,0.488126
2009.0,39.0,0.498596
2009.0,40.0,0.472288
2009.0,41.0,0.53797
2009.0,42.0,0.483103
2009.0,43.0,0.47769
2009.0,44.0,0.469285
2009.0,45.0,0.515519
2009.0,46.0,0.482253
2009.0,47.0,0.482097
2009.0,48.0,0.487773
2009.0,49.0,0.455692
2009.0,50.0,0.470102
2009.0,51.0,0.518453
2009.0,52.0,0.491638
2009.0,53.0,0.503404
2009.0,54.0,0.485933
2009.0,55.0,0.517242
2009.0,56.0,0.482863
2009.0,57.0,0.463258
2009.0,58.0,0.489148
2009.0,59.0,0.498721
2009.0,60.0,0.502416
2009.0,61.0,0.518422
2009.0,62.0,0.538348
2009.0,63.0,0.51655
2009.0,64.0,0.463869
2009.0,65.0,0.474673
2009.0,66.0,0.532862
2009.0,67.0,0.476989
2009.0,68.0,0.471424
2009.0,69.0,0.501118
2009.0,70.0,0.48752
2009.0,71.0,0.489942
2009.0,72.0,0.504761
2009.0,73.0,0.520801
2009.0,74.0,0.497727
2009.0,75.0,0.50471
2009.0,76.0,0.498182
2009.0,77.0,0.49083
2009.0,78.0,0.530601
2009.0,79.0,0.516028
2009.0,80.0,0.479335
2009.0,81.0,0.467292
2009.0,82.0,0.501551
2009.0,83.0,0.493564
2009.0,84.0,0.488089
2009.0,85.0,0.534996
2009.0,86.0,0.469099
2009.0,87.0,0.477035
2009.0,88.0,0.505584
2009.0,89.0,0.507333
2009.0,90.0,0.522073
2009.0,91.0,0.456858
2009.0,92.0,0.508228
2009.0,93.0,0.525603
2009.0,94.0,0.489744
2009.0,95.0,0.549741
2009.0,96.0,0.469933
2009.0,97.0,0.508728
2009.0,98.0,0.509451
2009.0,99.0,0.447054
2009.0,100.0,0.550222
2009.0,101.0,0.466604
2009.0,102.0,0.490913
2009.0,103.0,0.492864
2009.0,104.0,0.515137
2009.0,105.0,0.484078
2009.0,106.0,0.49205
2009.0,107.0,0.515979
2009.0,108.0,0.449047
2009.0,109.0,0.487331
2009.0,110.0,0.467961
2009.0,111.0,0.449582
2009.0,112.0,0.511142
2009.0,113.0,0.490682
2009.0,114.0,0.515
2009.0,115.0,0.478884
2009.0,116.0,0.504428
2009.0,117.0,0.47037
2009.0,118.0,0.520568
2009.0,119.0,0.498252
2009.0,120.0,0.511979
2009.0,121.0,0.52163
2009.0,122.0,0.503559
2009.0,123.0,0.503524
2009.0,124.0,0.470567
2009.0,125.0,0.526919
2009.0,126.0,0.483103
2009.0,127.0,0.495184
2009.0,128.0,0.50743
2009.0,129.0,0.512945
2009.0,130.0,0.513699
2009.0,131.0,0.47751
2009.0,132.0,0.497273
2009.0,133.0,0.493147
2009.0,134.0,0.515946
2009.0,135.0,0.484273
2009.0,136.0,0.516907
2009.0,137.0,0.49957
2009.0,138.0,0.529747
2009.0,139.0,0.521146
2009.0,140.0,0.508887
2009.0,141.0,0.503442
2009.0,142.0,0.471407
2009.0,143.0,0.483689
2009.0,144.0,0.527372
2009.0,145.0,0.529648
2009.0,146.0,0.506287
2009.0,147.0,0.474781
2010.0,0.0,0.506065
2010.0,1.0,0.534309
2010.0,2.0,0.501886
2010.0,3.0,0.453383
2010.0,4.0,0.515259
2010.0,5.0,0.512731
2010.0,6.0,0.460017
2010.0,7.0,0.505556
2010.0,8.0,0.524315
2010.0,9.0,0.532673
2010.0,10.0,0.480778
2010.0,11.0,0.495514
2010.0,12.0,0.516182
2010.0,13.0,0.485756
2010.0,14.0,0.48758
2010.0,15.0,0.484765
2010.0,16.0,0.479178
2010.0,17.0,0.474215
2010.0,18.0,0.493349
2010.0,19.0,0.556028
2010.0,20.0,0.49087
2010.0,21.0,0.475234
2010.0,22.0,0.510165
2010.0,23.0,0.478743
2010.0,24.0,0.500897
2010.0,25.0,0.486837
2010.0,26.0,0.524022
2010.0,27.0,0.480886
2010.0,28.0,0.49076
2010.0,29.0,0.495619
2010.0,30.0,0.495041
2010.0,31.0,0.508982
2010.0,32.0,0.489714
2010.0,33.0,0.486669
2010.0,34.0,0.467814
2010.0,35.0,0.510127
2010.0,36.0,0.498891
2010.0,37.0,0.467188
2010.0,38.0,0.487028
2010.0,39.0,0.498373
2010.0,40.0,0.472347
2010.0,41.0,0.537397
2010.0,42.0,0.483338
2010.0,43.0,0.478209
2010.0,44.0,0.469507
2010.0,45.0,0.51574
2010.0,46.0,0.482218
2010.0,47.0,0.483583
2010.0,48.0,0.487685
2010.0,49.0,0.455034
2010.0,50.0,0.4702
2010.0,51.0,0.519361
2010.0,52.0,0.490966
2010.0,53.0,0.50313
2010.0,54.0,0.486154
2010.0,55.0,0.517429
2010.0,56.0,0.482771
2010.0,57.0,0.463988
2010.0,58.0,0.48915
2010.0,59.0,0.499208
2010.0,60.0,0.502402
2010.0,61.0,0.517751
2010.0,62.0,0.538287
2010.0,63.0,0.516238
2010.0,64.0,0.463785
2010.0,65.0,0.474567
2010.0,66.0,0.532814
2010.0,67.0,0.476999
2010.0,68.0,0.472367
2010.0,69.0,0.501336
2010.0,70.0,0.486787
2010.0,71.0,0.49042
2010.0,72.0,0.505238
2010.0,73.0,0.520741
2010.0,74.0,0.49749
2010.0,75.0,0.505492
2010.0,76.0,0.498774
2010.0,77.0,0.491735
2010.0,78.0,0.53036
2010.0,79.0,0.515889
2010.0,80.0,0.480033
2010.0,81.0,0.466756
2010.0,82.0,0.500957
2010.0,83.0,0.493539
2010.0,84.0,0.487223
2010.0,85.0,0.535095
2010.0,86.0,0.469106
2010.0,87.0,0.477019
2010.0,88.0,0.50517
2010.0,89.0,0.507461
2010.0,90.0,0.521458
2010.0,91.0,0.456213
2010.0,92.0,0.508003
2010.0,93.0,0.525513
2010.0,94.0,0.489322
2010.0,95.0,0.549621
2010.0,96.0,0.470811
2010.0,97.0,0.50841
2010.0,98.0,0.509331
2010.0,99.0,0.446916
2010.0,100.0,0.549797
2010.0,101.0,0.465979
2010.0,102.0,0.491075
2010.0,103.0,0.493516
2010.0,104.0,0.514854
2010.0,105.0,0.484923
2010.0,106.0,0.492361
2010.0,107.0,0.515999
2010.0,108.0,0.449172
2010.0,109.0,0.488234
2010.0,110.0,0.466917
2010.0,111.0,0.449136
2010.0,112.0,0.510891
2010.0,113.0,0.490968
2010.0,114.0,0.514384
2010.0,115.0,0.478964
2010.0,116.0,0.504142
2010.0,117.0,0.470149
2010.0,118.0,0.520282
2010.0,119.0,0.497789
2010.0,120.0,0.512195
2010.0,121.0,0.522568
2010.0,122.0,0.504154
2010.0,123.0,0.503414
2010.0,124.0,0.470931
2010.0,125.0,0.526202
2010.0,126.0,0.482906
2010.0,127.0,0.495105
2010.0,128.0,0.50737
2010.0,129.0,0.511983
2010.0,130.0,0.514638
2010.0,131.0,0.477105
2010.0,132.0,0.497731
2010.0,133.0,0.49323
2010.0,134.0,0.516123
2010.0,135.0,0.483695
2010.0,136.0,0.517032
2010.0,137.0,0.499222
2010.0,138.0,0.531121
2010.0,139.0,0.520841
2010.0,140.0,0.50807
2010.0,141.0,0.504013
2010.0,142.0,0.472293
2010.0,143.0,0.483459
2010.0,144.0,0.527534
2010.0,145.0,0.530814
2010.0,146.0,0.505937
2010.0,147.0,0.475432
3000.0,0.0,0.5112
3000.0,1.0,0.555231
3000.0,2.0,0.493101
3000.0,3.0,0.446443
3000.0,4.0,0.490975
3000.0,5.0,0.528732
3000.0,6.0,0.479675
3000.0,7.0,0.512492
3000.0,8.0,0.51475
3000.0,9.0,0.51008
3000.0,10.0,0.481367
3000.0,11.0,0.477404
3000.0,12.0,0.524893
3000.0,13.0,0.483756
3000.0,14.0,0.498127
3000.0,15.0,0.473676
3000.0,16.0,0.449288
3000.0,17.0,0.453214
3000.0,18.0,0.464389
3000.0,19.0,0.554972
3000.0,20.0,0.465487
3000.0,21.0,0.484967
3000.0,22.0,0.549354
3000.0,23.0,0.47668
3000.0,24.0,0.489692
3000.0,25.0,0.480952
3000.0,26.0,0.545773
3000.0,27.0,0.485704
3000.0,28.0,0.459761
3000.0,29.0,0.49918
3000.0,30.0,0.542471
3000.0,31.0,0.485308
3000.0,32.0,0.478068
3000.0,33.0,0.477927
3000.0,34.0,0.477471
3000.0,35.0,0.504132
3000.0,36.0,0.522768
3000.0,37.0,0.474789
3000.0,38.0,0.483534
3000.0,39.0,0.514911
3000.0,40.0,0.467068
3000.0,41.0,0.519902
3000.0,42.0,0.481628
3000.0,43.0,0.480317
3000.0,44.0,0.488812
3000.0,45.0,0.505068
3000.0,46.0,0.474065
3000.0,47.0,0.49739
3000.0,48.0,0.48514
3000.0,49.0,0.43584
3000.0,50.0,0.479534
3000.0,51.0,0.539747
3000.0,52.0,0.529909
3000.0,53.0,0.506188
3000.0,54.0,0.467235
3000.0,55.0,0.510021
3000.0,56.0,0.488932
3000.0,57.0,0.473325
3000.0,58.0,0.479203
3000.0,59.0,0.527134
3000.0,60.0,0.505529
3000.0,61.0,0.503338
3000.0,62.0,0.521494
3000.0,63.0,0.513245
3000.0,64.0,0.447242
3000.0,65.0,0.466053
3000.0,66.0,0.514412
3000.0,67.0,0.505061
3000.0,68.0,0.441557
3000.0,69.0,0.506437
3000.0,70.0,0.455628
3000.0,71.0,0.508947
3000.0,72.0,0.504371
3000.0,73.0,0.5204
3000.0,74.0,0.50064
3000.0,75.0,0.503109
3000.0,76.0,0.47656
3000.0,77.0,0.476151
3000.0,78.0,0.543836
3000.0,79.0,0.517866
3000.0,80.0,0.467419
3000.0,81.0,0.461124
3000.0,82.0,0.504407
3000.0,83.0,0.50563
3000.0,84.0,0.477936
3000.0,85.0,0.526717
3000.0,86.0,0.457118
3000.0,87.0,0.494165
3000.0,88.0,0.503475
3000.0,89.0,0.512042
3000.0,90.0,0.533389
3000.0,91.0,0.475847
3000.0,92.0,0.496268
3000.0,93.0,0.533021
3000.0,94.0,0.490075
3000.0,95.0,0.522791
3000.0,96.0,0.466422
3000.0,97.0,0.507174
3000.0,98.0,0.509028
3000.0,99.0,0.454597
3000.0,100.0,0.556729
3000.0,101.0,0.448113
3000.0,102.0,0.490824
3000.0,103.0,0.500324
3000.0,104.0,0.505449
3000.0,105.0,0.486624
3000.0,106.0,0.483277
3000.0,107.0,0.514532
3000.0,108.0,0.462395
3000.0,109.0,0.438869
3000.0,110.0,0.478427
3000.0,111.0,0.482314
3000.0,112.0,0.488011
3000.0,113.0,0.478271
3000.0,114.0,0.511355
3000.0,115.0,0.51091
3000.0,116.0,0.478041
3000.0,117.0,0.494703
3000.0,118.0,0.492235
3000.0,119.0,0.470016
3000.0,120.0,0.518686
3000.0,121.0,0.523653
3000.0,122.0,0.539337
3000.0,123.0,0.505293
3000.0,124.0,0.463088
3000.0,125.0,0.543503
3000.0,126.0,0.46683
3000.0,127.0,0.499736
3000.0,128.0,0.496871
3000.0,129.0,0.524511
3000.0,130.0,0.487573
3000.0,131.0,0.479967
3000.0,132.0,0.511699
3000.0,133.0,0.49781
3000.0,134.0,0.508368
3000.0,135.0,0.497607
3000.0,136.0,0.481263
3000.0,137.0,0.498041
3000.0,138.0,0.51907
3000.0,139.0,0.529135
3000.0,140.0,0.49325
3000.0,141.0,0.486466
3000.0,142.0,0.465389
3000.0,143.0,0.501171
3000.0,144.0,0.526181
3000.0,145.0,0.528592
3000.0,146.0,0.532342
3000.0,147.0,0.482254
3001.0,0.0,0.511167
3001.0,1.0,0.555405
3001.0,2.0,0.492918
3001.0,3.0,0.446737
3001.0,4.0,0.490999
3001.0,5.0,0.529194
3001.0,6.0,0.480646
3001.0,7.0,0.512418
3001.0,8.0,0.514181
3001.0,9.0,0.510099
3001.0,10.0,0.480622
3001.0,11.0,0.477235
3001.0,12.0,0.524323
3001.0,13.0,0.484761
3001.0,14.0,0.497664
3001.0,15.0,0.47384
3001.0,16.0,0.449499
3001.0,17.0,0.452963
3001.0,18.0,0.464243
3001.0,19.0,0.554707
3001.0,20.0,0.465829
3001.0,21.0,0.485022
3001.0,22.0,0.549218
3001.0,23.0,0.476613
3001.0,24.0,0.490087
3001.0,25.0,0.480563
3001.0,26.0,0.545544
3001.0,27.0,0.48619
3001.0,28.0,0.459887
3001.0,29.0,0.498607
3001.0,30.0,0.541889
3001.0,31.0,0.484172
3001.0,32.0,0.47817
3001.0,33.0,0.47876
3001.0,34.0,0.477563
3001.0,35.0,0.503491
3001.0,36.0,0.523114
3001.0,37.0,0.474761
3001.0,38.0,0.482973
3001.0,39.0,0.514392
3001.0,40.0,0.467059
3001.0,41.0,0.51998
3001.0,42.0,0.48107
3001.0,43.0,0.479854
3001.0,44.0,0.489376
3001.0,45.0,0.504612
3001.0,46.0,0.474162
3001.0,47.0,0.497515
3001.0,48.0,0.485699
3001.0,49.0,0.435697
3001.0,50.0,0.479308
3001.0,51.0,0.538985
3001.0,52.0,0.530178
3001.0,53.0,0.505961
3001.0,54.0,0.467292
3001.0,55.0,0.510512
3001.0,56.0,0.488621
3001.0,57.0,0.473179
3001.0,58.0,0.478917
3001.0,59.0,0.526793
3001.0,60.0,0.505189
3001.0,61.0,0.503617
3001.0,62.0,0.522826
3001.0,63.0,0.512019
3001.0,64.0,0.4466
3001.0,65.0,0.465806
3001.0,66.0,0.513957
3001.0,67.0,0.505178
3001.0,68.0,0.441371
3001.0,69.0,0.505148
3001.0,70.0,0.45621
3001.0,71.0,0.509156
3001.0,72.0,0.504367
3001.0,73.0,0.520036
3001.0,74.0,0.50063
3001.0,75.0,0.503561
3001.0,76.0,0.476706
3001.0,77.0,0.476053
3001.0,78.0,0.543716
3001.0,79.0,0.517498
3001.0,80.0,0.467212
3001.0,81.0,0.46188
3001.0,82.0,0.504409
3001.0,83.0,0.505704
3001.0,84.0,0.477878
3001.0,85.0,0.527649
3001.0,86.0,0.457659
3001.0,87.0,0.494225
3001.0,88.0,0.503679
3001.0,89.0,0.512457
3001.0,90.0,0.534058
3001.0,91.0,0.475934
3001.0,92.0,0.496427
3001.0,93.0,0.533675
3001.0,94.0,0.489201
3001.0,95.0,0.523051
3001.0,96.0,0.466477
3001.0,97.0,0.507124
3001.0,98.0,0.508711
3001.0,99.0,0.455093
3001.0,100.0,0.556545
3001.0,101.0,0.448675
3001.0,102.0,0.490296
3001.0,103.0,0.499444
3001.0,104.0,0.506764
3001.0,105.0,0.486458
3001.0,106.0,0.482296
3001.0,107.0,0.513941
3001.0,108.0,0.462429
3001.0,109.0,0.439819
3001.0,110.0,0.477951
3001.0,111.0,0.483166
3001.0,112.0,0.487849
3001.0,113.0,0.478526
3001.0,114.0,0.511134
3001.0,115.0,0.511321
3001.0,116.0,0.478175
3001.0,117.0,0.494007
3001.0,118.0,0.492728
3001.0,119.0,0.470915
3001.0,120.0,0.518917
3001.0,121.0,0.522528
3001.0,122.0,0.540283
3001.0,123.0,0.505112
3001.0,124.0,0.463251
3001.0,125.0,0.543619
3001.0,126.0,0.467427
3001.0,127.0,0.49913
3001.0,128.0,0.495945
3001.0,129.0,0.52412
3001.0,130.0,0.487912
3001.0,131.0,0.479296
3001.0,132.0,0.512435
3001.0,133.0,0.498224
3001.0,134.0,0.508878
3001.0,135.0,0.497681
3001.0,136.0,0.481616
3001.0,137.0,0.497878
3001.0,138.0,0.518898
3001.0,139.0,0.528135
3001.0,140.0,0.493796
3001.0,141.0,0.486905
3001.0,142.0,0.465777
3001.0,143.0,0.500942
3001.0,144.0,0.52617
3001.0,145.0,0.528245
3001.0,146.0,0.531548
3001.0,147.0,0.48254
3002.0,0.0,0.511351
3002.0,1.0,0.554856
3002.0,2.0,0.49304
3002.0,3.0,0.446736
3002.0,4.0,0.491461
3002.0,5.0,0.529985
3002.0,6.0,0.480631
3002.0,7.0,0.512985
3002.0,8.0,0.51325
3002.0,9.0,0.510396
3002.0,10.0,0.480375
3002.0,11.0,0.476244
3002.0,12.0,0.524589
3002.0,13.0,0.484151
3002.0,14.0,0.497114
3002.0,15.0,0.473136
3002.0,16.0,0.44855
3002.0,17.0,0.453618
3002.0,18.0,0.464877
3002.0,19.0,0.554283
3002.0,20.0,0.465701
3002.0,21.0,0.484627
3002.0,22.0,0.548271
3002.0,23.0,0.476082
3002.0,24.0,0.489551
3002.0,25.0,0.482025
3002.0,26.0,0.545717
3002.0,27.0,0.485977
3002.0,28.0,0.459869
3002.0,29.0,0.498672
3002.0,30.0,0.541218
3002.0,31.0,0.485138
3002.0,32.0,0.478357
3002.0,33.0,0.4793
3002.0,34.0,0.479129
3002.0,35.0,0.503164
3002.0,36.0,0.523058
3002.0,37.0,0.474367
3002.0,38.0,0.483698
3002.0,39.0,0.515095
3002.0,40.0,0.467132
3002.0,41.0,0.51952
3002.0,42.0,0.480455
3002.0,43.0,0.480775
3002.0,44.0,0.489175
3002.0,45.0,0.504489
3002.0,46.0,0.474262
3002.0,47.0,0.496865
3002.0,48.0,0.485817
3002.0,49.0,0.43599
3002.0,50.0,0.478619
3002.0,51.0,0.5386
3002.0,52.0,0.529469
3002.0,53.0,0.506239
3002.0,54.0,0.467132
3002.0,55.0,0.509563
3002.0,56.0,0.488717
3002.0,57.0,0.473467
3002.0,58.0,0.47871
3002.0,59.0,0.526125
3002.0,60.0,0.505114
3002.0,61.0,0.503601
3002.0,62.0,0.522101
3002.0,63.0,0.51265
3002.0,64.0,0.44679
3002.0,65.0,0.466055
3002.0,66.0,0.513723
3002.0,67.0,0.504672
3002.0,68.0,0.441057
3002.0,69.0,0.505567
3002.0,70.0,0.455733
3002.0,71.0,0.509185
3002.0,72.0,0.504678
3002.0,73.0,0.519901
3002.0,74.0,0.500688
3002.0,75.0,0.503589
3002.0,76.0,0.47674
3002.0,77.0,0.476474
3002.0,78.0,0.543975
3002.0,79.0,0.518003
3002.0,80.0,0.467486
3002.0,81.0,0.46198
3002.0,82.0,0.505039
3002.0,83.0,0.506003
3002.0,84.0,0.478758
3002.0,85.0,0.527537
3002.0,86.0,0.458255
3002.0,87.0,0.494436
3002.0,88.0,0.504261
3002.0,89.0,0.512865
3002.0,90.0,0.533779
3002.0,91.0,0.476241
3002.0,92.0,0.497359
3002.0,93.0,0.534243
3002.0,94.0,0.488896
3002.0,95.0,0.523212
3002.0,96.0,0.466505
3002.0,97.0,0.507259
3002.0,98.0,0.50917
3002.0,99.0,0.454093
3002.0,100.0,0.555664
3002.0,101.0,0.448897
3002.0,102.0,0.491137
3002.0,103.0,0.499507
3002.0,104.0,0.506792
3002.0,105.0,0.486108
3002.0,106.0,0.481914
3002.0,107.0,0.514027
3002.0,108.0,0.462494
3002.0,109.0,0.439057
3002.0,110.0,0.478345
3002.0,111.0,0.48298
3002.0,112.0,0.488371
3002.0,113.0,0.47841
3002.0,114.0,0.511826
3002.0,115.0,0.511314
3002.0,116.0,0.478545
3002.0,117.0,0.493809
3002.0,118.0,0.492927
3002.0,119.0,0.470868
3002.0,120.0,0.517723
3002.0,121.0,0.521236
3002.0,122.0,0.540461
3002.0,123.0,0.504503
3002.0,124.0,0.463495
3002.0,125.0,0.543485
3002.0,126.0,0.467199
3002.0,127.0,0.498656
3002.0,128.0,0.49575
3002.0,129.0,0.524037
3002.0,130.0,0.488393
3002.0,131.0,0.478766
3002.0,132.0,0.512807
3002.0,133.0,0.498359
3002.0,134.0,0.508708
3002.0,135.0,0.496919
3002.0,136.0,0.481496
3002.0,137.0,0.497619
3002.0,138.0,0.518625
3002.0,139.0,0.527971
3002.0,140.0,0.493501
3002.0,141.0,0.487169
3002.0,142.0,0.466106
3002.0,143.0,0.500828
3002.0,144.0,0.526953
3002.0,145.0,0.528702
3002.0,146.0,0.531408
3002.0,147.0,0.481933
3003.0,0.0,0.510964
3003.0,1.0,0.555119
3003.0,2.0,0.492481
3003.0,3.0,0.447469
3003.0,4.0,0.491191
3003.0,5.0,0.529857
3003.0,6.0,0.479801
3003.0,7.0,0.513432
3003.0,8.0,0.5132
3003.0,9.0,0.511319
3003.0,10.0,0.479654
3003.0,11.0,0.476302
3003.0,12.0,0.524611
3003.0,13.0,0.484217
3003.0,14.0,0.498058
3003.0,15.0,0.473617
3003.0,16.0,0.449161
3003.0,17.0,0.453574
3003.0,18.0,0.46464
3003.0,19.0,0.553761
3003.0,20.0,0.465286
3003.0,21.0,0.485213
3003.0,22.0,0.548285
3003.0,23.0,0.476175
3003.0,24.0,0.489353
3003.0,25.0,0.481938
3003.0,26.0,0.546992
3003.0,27.0,0.486537
3003.0,28.0,0.460517
3003.0,29.0,0.499377
3003.0,30.0,0.541465
3003.0,31.0,0.485219
3003.0,32.0,0.477408
3003.0,33.0,0.479137
3003.0,34.0,0.478379
3003.0,35.0,0.503097
3003.0,36.0,0.523698
3003.0,37.0,0.4748
3003.0,38.0,0.484219
3003.0,39.0,0.514949
3003.0,40.0,0.46713
3003.0,41.0,0.519243
3003.0,42.0,0.480542
3003.0,43.0,0.481077
3003.0,44.0,0.489845
3003.0,45.0,0.505213
3003.0,46.0,0.473798
3003.0,47.0,0.497102
3003.0,48.0,0.486061
3003.0,49.0,0.43647
3003.0,50.0,0.479323
3003.0,51.0,0.539316
3003.0,52.0,0.529824
3003.0,53.0,0.505984
3003.0,54.0,0.466571
3003.0,55.0,0.509616
3003.0,56.0,0.488218
3003.0,57.0,0.473809
3003.0,58.0,0.479403
3003.0,59.0,0.525759
3003.0,60.0,0.505105
3003.0,61.0,0.503466
3003.0,62.0,0.521972
3003.0,63.0,0.513334
3003.0,64.0,0.446617
3003.0,65.0,0.466215
3003.0,66.0,0.513844
3003.0,67.0,0.504492
3003.0,68.0,0.441427
3003.0,69.0,0.505792
3003.0,70.0,0.456326
3003.0,71.0,0.509782
3003.0,72.0,0.504186
3003.0,73.0,0.521191
3003.0,74.0,0.501531
3003.0,75.0,0.503581
3003.0,76.0,0.476937
3003.0,77.0,0.476283
3003.0,78.0,0.54371
3003.0,79.0,0.518183
3003.0,80.0,0.467182
3003.0,81.0,0.462512
3003.0,82.0,0.505016
3003.0,83.0,0.505543
3003.0,84.0,0.478541
3003.0,85.0,0.527871
3003.0,86.0,0.458084
3003.0,87.0,0.494566
3003.0,88.0,0.505
3003.0,89.0,0.511984
3003.0,90.0,0.533945
3003.0,91.0,0.475853
3003.0,92.0,0.498301
3003.0,93.0,0.534411
3003.0,94.0,0.488439
3003.0,95.0,0.523422
3003.0,96.0,0.466513
3003.0,97.0,0.507275
3003.0,98.0,0.509514
3003.0,99.0,0.453383
3003.0,100.0,0.555504
3003.0,101.0,0.449037
3003.0,102.0,0.491174
3003.0,103.0,0.498551
3003.0,104.0,0.506457
3003.0,105.0,0.486499
3003.0,106.0,0.482435
3003.0,107.0,0.513378
3003.0,108.0,0.462977
3003.0,109.0,0.439072
3003.0,110.0,0.478835
3003.0,111.0,0.48353
3003.0,112.0,0.489465
3003.0,113.0,0.47891
3003.0,114.0,0.511427
3003.0,115.0,0.510829
3003.0,116.0,0.478739
3003.0,117.0,0.493767
3003.0,118.0,0.49274
3003.0,119.0,0.471545
3003.0,120.0,0.518089
3003.0,121.0,0.520397
3003.0,122.0,0.53996
3003.0,123.0,0.504883
3003.0,124.0,0.463287
3003.0,125.0,0.54329
3003.0,126.0,0.466725
3003.0,127.0,0.498856
3003.0,128.0,0.495859
3003.0,129.0,0.523309
3003.0,130.0,0.488516
3003.0,131.0,0.478713
3003.0,132.0,0.51294
3003.0,133.0,0.497735
3003.0,134.0,0.508449
3003.0,135.0,0.497341
3003.0,136.0,0.481377
3003.0,137.0,0.497738
3003.0,138.0,0.5186
3003.0,139.0,0.528882
3003.0,140.0,0.493351
3003.0,141.0,0.487063
3003.0,142.0,0.466596
3003.0,143.0,0.500875
3003.0,144.0,0.526709
3003.0,145.0,0.52893
3003.0,146.0,0.53171
3003.0,147.0,0.482447
3004.0,0.0,0.510789
3004.0,1.0,0.554912
3004.0,2.0,0.492325
3004.0,3.0,0.44704
3004.0,4.0,0.491545
3004.0,5.0,0.529879
3004.0,6.0,0.479759
3004.0,7.0,0.513334
3004.0,8.0,0.513797
3004.0,9.0,0.511514
3004.0,10.0,0.479226
3004.0,11.0,0.476635
3004.0,12.0,0.524451
3004.0,13.0,0.484453
3004.0,14.0,0.49702
3004.0,15.0,0.4735
3004.0,16.0,0.449421
3004.0,17.0,0.45302
3004.0,18.0,0.465022
3004.0,19.0,0.553775
3004.0,20.0,0.465628
3004.0,21.0,0.48582
3004.0,22.0,0.548597
3004.0,23.0,0.476909
3004.0,24.0,0.489553
3004.0,25.0,0.481876
3004.0,26.0,0.547475
3004.0,27.0,0.485564
3004.0,28.0,0.460764
3004.0,29.0,0.499021
3004.0,30.0,0.542026
3004.0,31.0,0.485746
3004.0,32.0,0.477833
3004.0,33.0,0.479491
3004.0,34.0,0.478717
3004.0,35.0,0.503479
3004.0,36.0,0.523212
3004.0,37.0,0.474454
3004.0,38.0,0.483711
3004.0,39.0,0.514466
3004.0,40.0,0.466687
3004.0,41.0,0.518495
3004.0,42.0,0.480802
3004.0,43.0,0.481245
3004.0,44.0,0.490204
3004.0,45.0,0.505445
3004.0,46.0,0.474318
3004.0,47.0,0.497599
3004.0,48.0,0.48688
3004.0,49.0,0.436439
3004.0,50.0,0.479468
3004.0,51.0,0.539062
3004.0,52.0,0.530435
3004.0,53.0,0.506857
3004.0,54.0,0.466487
3004.0,55.0,0.509092
3004.0,56.0,0.488851
3004.0,57.0,0.473261
3004.0,58.0,0.479261
3004.0,59.0,0.52596
3004.0,60.0,0.504284
3004.0,61.0,0.503156
3004.0,62.0,0.521684
3004.0,63.0,0.512384
3004.0,64.0,0.447091
3004.0,65.0,0.466325
3004.0,66.0,0.513939
3004.0,67.0,0.504208
3004.0,68.0,0.441119
3004.0,69.0,0.506144
3004.0,70.0,0.456538
3004.0,71.0,0.509471
3004.0,72.0,0.504614
3004.0,73.0,0.520972
3004.0,74.0,0.501206
3004.0,75.0,0.503678
3004.0,76.0,0.476001
3004.0,77.0,0.475292
3004.0,78.0,0.543775
3004.0,79.0,0.517386
3004.0,80.0,0.467419
3004.0,81.0,0.462161
3004.0,82.0,0.50479
3004.0,83.0,0.505991
3004.0,84.0,0.478991
3004.0,85.0,0.527775
3004.0,86.0,0.458084
3004.0,87.0,0.494487
3004.0,88.0,0.504547
3004.0,89.0,0.511612
3004.0,90.0,0.534251
3004.0,91.0,0.475771
3004.0,92.0,0.498511
3004.0,93.0,0.534321
3004.0,94.0,0.488144
3004.0,95.0,0.523852
3004.0,96.0,0.466131
3004.0,97.0,0.507199
3004.0,98.0,0.509805
3004.0,99.0,0.453163
3004.0,100.0,0.555402
3004.0,101.0,0.449263
3004.0,102.0,0.491916
3004.0,103.0,0.497883
3004.0,104.0,0.506494
3004.0,105.0,0.48713
3004.0,106.0,0.482689
3004.0,107.0,0.514085
3004.0,108.0,0.46313
3004.0,109.0,0.439241
3004.0,110.0,0.479702
3004.0,111.0,0.483005
3004.0,112.0,0.489237
3004.0,113.0,0.478657
3004.0,114.0,0.512057
3004.0,115.0,0.511173
3004.0,116.0,0.477936
3004.0,117.0,0.494659
3004.0,118.0,0.49227
3004.0,119.0,0.471534
3004.0,120.0,0.51844
3004.0,121.0,0.519776
3004.0,122.0,0.540287
3004.0,123.0,0.505131
3004.0,124.0,0.463047
3004.0,125.0,0.542917
3004.0,126.0,0.466544
3004.0,127.0,0.498925
3004.0,128.0,0.496387
3004.0,129.0,0.524116
3004.0,130.0,0.488502
3004.0,131.0,0.478957
3004.0,132.0,0.512996
3004.0,133.0,0.49814
3004.0,134.0,0.508312
3004.0,135.0,0.49725
3004.0,136.0,0.48179
3004.0,137.0,0.497593
3004.0,138.0,0.518845
3004.0,139.0,0.529192
3004.0,140.0,0.493712
3004.0,141.0,0.487527
3004.0,142.0,0.467684
3004.0,143.0,0.500503
3004.0,144.0,0.526824
3004.0,145.0,0.529217
3004.0,146.0,0.532154
3004.0,147.0,0.481994
3005.0,0.0,0.51145
3005.0,1.0,0.55495
3005.0,2.0,0.492296
3005.0,3.0,0.447292
3005.0,4.0,0.491959
3005.0,5.0,0.530484
3005.0,6.0,0.479939
3005.0,7.0,0.513556
3005.0,8.0,0.513558
3005.0,9.0,0.511471
3005.0,10.0,0.478898
3005.0,11.0,0.476473
3005.0,12.0,0.52424
3005.0,13.0,0.484209
3005.0,14.0,0.4965
3005.0,15.0,0.472571
3005.0,16.0,0.449539
3005.0,17.0,0.453533
3005.0,18.0,0.464514
3005.0,19.0,0.552999
3005.0,20.0,0.465332
3005.0,21.0,0.486217
3005.0,22.0,0.54845
3005.0,23.0,0.476887
3005.0,24.0,0.488583
3005.0,25.0,0.482237
3005.0,26.0,0.546968
3005.0,27.0,0.484855
3005.0,28.0,0.460368
3005.0,29.0,0.498891
3005.0,30.0,0.54235
3005.0,31.0,0.485532
3005.0,32.0,0.47847
3005.0,33.0,0.480085
3005.0,34.0,0.478469
3005.0,35.0,0.504525
3005.0,36.0,0.523488
3005.0,37.0,0.474583
3005.0,38.0,0.483432
3005.0,39.0,0.513635
3005.0,40.0,0.466871
3005.0,41.0,0.518786
3005.0,42.0,0.48089
3005.0,43.0,0.481247
3005.0,44.0,0.490461
3005.0,45.0,0.504811
3005.0,46.0,0.474
3005.0,47.0,0.496963
3005.0,48.0,0.486838
3005.0,49.0,0.436426
3005.0,50.0,0.48002
3005.0,51.0,0.538704
3005.0,52.0,0.529347
3005.0,53.0,0.506706
3005.0,54.0,0.465671
3005.0,55.0,0.50889
3005.0,56.0,0.488905
3005.0,57.0,0.472599
3005.0,58.0,0.478955
3005.0,59.0,0.526124
3005.0,60.0,0.503706
3005.0,61.0,0.503895
3005.0,62.0,0.521042
3005.0,63.0,0.512597
3005.0,64.0,0.447129
3005.0,65.0,0.466122
3005.0,66.0,0.514203
3005.0,67.0,0.504063
3005.0,68.0,0.442012
3005.0,69.0,0.506106
3005.0,70.0,0.456735
3005.0,71.0,0.50885
3005.0,72.0,0.504192
3005.0,73.0,0.52077
3005.0,74.0,0.501228
3005.0,75.0,0.504289
3005.0,76.0,0.476257
3005.0,77.0,0.474737
3005.0,78.0,0.543511
3005.0,79.0,0.517439
3005.0,80.0,0.467256
3005.0,81.0,0.461288
3005.0,82.0,0.505549
3005.0,83.0,0.505583
3005.0,84.0,0.478572
3005.0,85.0,0.528269
3005.0,86.0,0.458473
3005.0,87.0,0.494735
3005.0,88.0,0.504513
3005.0,89.0,0.511465
3005.0,90.0,0.534023
3005.0,91.0,0.475554
3005.0,92.0,0.499016
3005.0,93.0,0.533352
3005.0,94.0,0.488584
3005.0,95.0,0.524153
3005.0,96.0,0.466131
3005.0,97.0,0.507309
3005.0,98.0,0.50985
3005.0,99.0,0.453547
3005.0,100.0,0.555527
3005.0,101.0,0.449111
3005.0,102.0,0.491509
3005.0,103.0,0.497472
3005.0,104.0,0.506368
3005.0,105.0,0.486802
3005.0,106.0,0.48248
3005.0,107.0,0.514796
3005.0,108.0,0.463286
3005.0,109.0,0.439682
3005.0,110.0,0.47966
3005.0,111.0,0.483329
3005.0,112.0,0.488373
3005.0,113.0,0.478215
3005.0,114.0,0.511769
3005.0,115.0,0.511402
3005.0,116.0,0.47803
3005.0,117.0,0.494511
3005.0,118.0,0.492533
3005.0,119.0,0.471741
3005.0,120.0,0.518573
3005.0,121.0,0.519974
3005.0,122.0,0.540601
3005.0,123.0,0.504271
3005.0,124.0,0.462902
3005.0,125.0,0.543301
3005.0,126.0,0.466816
3005.0,127.0,0.498958
3005.0,128.0,0.496508
3005.0,129.0,0.523751
3005.0,130.0,0.488462
3005.0,131.0,0.479365
3005.0,132.0,0.512718
3005.0,133.0,0.498249
3005.0,134.0,0.508226
3005.0,135.0,0.497193
3005.0,136.0,0.481303
3005.0,137.0,0.498522
3005.0,138.0,0.519277
3005.0,139.0,0.529393
3005.0,140.0,0.494305
3005.0,141.0,0.48634
3005.0,142.0,0.46737
3005.0,143.0,0.499619
3005.0,144.0,0.526821
3005.0,145.0,0.529337
3005.0,146.0,0.531925
3005.0,147.0,0.482229
3006.0,0.0,0.512145
3006.0,1.0,0.554651
3006.0,2.0,0.492422
3006.0,3.0,0.447057
3006.0,4.0,0.491807
3006.0,5.0,0.530312
3006.0,6.0,0.479504
3006.0,7.0,0.514087
3006.0,8.0,0.513717
3006.0,9.0,0.511504
3006.0,10.0,0.478713
3006.0,11.0,0.476036
3006.0,12.0,0.524335
3006.0,13.0,0.48461
3006.0,14.0,0.496547
3006.0,15.0,0.472035
3006.0,16.0,0.449985
3006.0,17.0,0.453716
3006.0,18.0,0.464137
3006.0,19.0,0.553325
3006.0,20.0,0.465835
3006.0,21.0,0.486208
3006.0,22.0,0.548295
3006.0,23.0,0.477256
3006.0,24.0,0.48898
3006.0,25.0,0.482148
3006.0,26.0,0.546656
3006.0,27.0,0.485866
3006.0,28.0,0.460278
3006.0,29.0,0.498996
3006.0,30.0,0.542252
3006.0,31.0,0.485758
3006.0,32.0,0.47838
3006.0,33.0,0.48031
3006.0,34.0,0.478625
3006.0,35.0,0.504781
3006.0,36.0,0.52321
3006.0,37.0,0.475145
3006.0,38.0,0.483771
3006.0,39.0,0.513498
3006.0,40.0,0.466671
3006.0,41.0,0.518751
3006.0,42.0,0.48062
3006.0,43.0,0.4806
3006.0,44.0,0.490092
3006.0,45.0,0.50498
3006.0,46.0,0.473661
3006.0,47.0,0.496214
3006.0,48.0,0.487079
3006.0,49.0,0.436779
3006.0,50.0,0.480783
3006.0,51.0,0.538613
3006.0,52.0,0.529714
3006.0,53.0,0.506522
3006.0,54.0,0.466217
3006.0,55.0,0.509448
3006.0,56.0,0.487666
3006.0,57.0,0.473819
3006.0,58.0,0.478816
3006.0,59.0,0.526017
3006.0,60.0,0.504681
3006.0,61.0,0.503782
3006.0,62.0,0.520867
3006.0,63.0,0.513419
3006.0,64.0,0.447116
3006.0,65.0,0.465508
3006.0,66.0,0.51452
3006.0,67.0,0.504765
3006.0,68.0,0.442138
3006.0,69.0,0.506777
3006.0,70.0,0.455953
3006.0,71.0,0.509289
3006.0,72.0,0.505049
3006.0,73.0,0.520462
3006.0,74.0,0.500978
3006.0,75.0,0.50347
3006.0,76.0,0.476564
3006.0,77.0,0.474108
3006.0,78.0,0.543172
3006.0,79.0,0.517431
3006.0,80.0,0.467376
3006.0,81.0,0.46165
3006.0,82.0,0.505374
3006.0,83.0,0.505557
3006.0,84.0,0.479253
3006.0,85.0,0.527797
3006.0,86.0,0.457723
3006.0,87.0,0.494081
3006.0,88.0,0.50399
3006.0,89.0,0.512149
3006.0,90.0,0.534454
3006.0,91.0,0.475352
3006.0,92.0,0.499296
3006.0,93.0,0.533137
3006.0,94.0,0.487288
3006.0,95.0,0.524509
3006.0,96.0,0.466253
3006.0,97.0,0.507503
3006.0,98.0,0.508709
3006.0,99.0,0.453722
3006.0,100.0,0.554775
3006.0,101.0,0.448605
3006.0,102.0,0.490936
3006.0,103.0,0.495724
3006.0,104.0,0.506398
3006.0,105.0,0.487605
3006.0,106.0,0.483333
3006.0,107.0,0.514585
3006.0,108.0,0.463628
3006.0,109.0,0.439746
3006.0,110.0,0.480174
3006.0,111.0,0.482451
3006.0,112.0,0.488887
3006.0,113.0,0.478211
3006.0,114.0,0.51162
3006.0,115.0,0.511292
3006.0,116.0,0.478438
3006.0,117.0,0.494
3006.0,118.0,0.492971
3006.0,119.0,0.470974
3006.0,120.0,0.518846
3006.0,121.0,0.519651
3006.0,122.0,0.54038
3006.0,123.0,0.505215
3006.0,124.0,0.463398
3006.0,125.0,0.542734
3006.0,126.0,0.466958
3006.0,127.0,0.499226
3006.0,128.0,0.496709
3006.0,129.0,0.524057
3006.0,130.0,0.488695
3006.0,131.0,0.478554
3006.0,132.0,0.512553
3006.0,133.0,0.49774
3006.0,134.0,0.50841
3006.0,135.0,0.498462
3006.0,136.0,0.480704
3006.0,137.0,0.498439
3006.0,138.0,0.518736
3006.0,139.0,0.528936
3006.0,140.0,0.494297
3006.0,141.0,0.486098
3006.0,142.0,0.467612
3006.0,143.0,0.499173
3006.0,144.0,0.527748
3006.0,145.0,0.53037
3006.0,146.0,0.531938
3006.0,147.0,0.481953
3007.0,0.0,0.511278
3007.0,1.0,0.555217
3007.0,2.0,0.492619
3007.0,3.0,0.447299
3007.0,4.0,0.492518
3007.0,5.0,0.529756
3007.0,6.0,0.479319
3007.0,7.0,0.513919
3007.0,8.0,0.512702
3007.0,9.0,0.511142
3007.0,10.0,0.479643
3007.0,11.0,0.4762
3007.0,12.0,0.524213
3007.0,13.0,0.484272
3007.0,14.0,0.49659
3007.0,15.0,0.47274
3007.0,16.0,0.450133
3007.0,17.0,0.454064
3007.0,18.0,0.464229
3007.0,19.0,0.553189
3007.0,20.0,0.465716
3007.0,21.0,0.486487
3007.0,22.0,0.548237
3007.0,23.0,0.477706
3007.0,24.0,0.488496
3007.0,25.0,0.483203
3007.0,26.0,0.546611
3007.0,27.0,0.485077
3007.0,28.0,0.460405
3007.0,29.0,0.499253
3007.0,30.0,0.542617
3007.0,31.0,0.48513
3007.0,32.0,0.479124
3007.0,33.0,0.48071
3007.0,34.0,0.478244
3007.0,35.0,0.505231
3007.0,36.0,0.523267
3007.0,37.0,0.475304
3007.0,38.0,0.484123
3007.0,39.0,0.514335
3007.0,40.0,0.467614
3007.0,41.0,0.518929
3007.0,42.0,0.480995
3007.0,43.0,0.480517
3007.0,44.0,0.490598
3007.0,45.0,0.50561
3007.0,46.0,0.472831
3007.0,47.0,0.496375
3007.0,48.0,0.487735
3007.0,49.0,0.436709
3007.0,50.0,0.481486
3007.0,51.0,0.53981
3007.0,52.0,0.529132
3007.0,53.0,0.506222
3007.0,54.0,0.466142
3007.0,55.0,0.509615
3007.0,56.0,0.487882
3007.0,57.0,0.473524
3007.0,58.0,0.478892
3007.0,59.0,0.526563
3007.0,60.0,0.505062
3007.0,61.0,0.502808
3007.0,62.0,0.521303
3007.0,63.0,0.513518
3007.0,64.0,0.44773
3007.0,65.0,0.465646
3007.0,66.0,0.514408
3007.0,67.0,0.505556
3007.0,68.0,0.443014
3007.0,69.0,0.507316
3007.0,70.0,0.456679
3007.0,71.0,0.509711
3007.0,72.0,0.505093
3007.0,73.0,0.520604
3007.0,74.0,0.50096
3007.0,75.0,0.502706
3007.0,76.0,0.47631
3007.0,77.0,0.474515
3007.0,78.0,0.543561
3007.0,79.0,0.518175
3007.0,80.0,0.468207
3007.0,81.0,0.461868
3007.0,82.0,0.505651
3007.0,83.0,0.504853
3007.0,84.0,0.479539
3007.0,85.0,0.527289
3007.0,86.0,0.457329
3007.0,87.0,0.494104
3007.0,88.0,0.50384
3007.0,89.0,0.512009
3007.0,90.0,0.533795
3007.0,91.0,0.476162
3007.0,92.0,0.499934
3007.0,93.0,0.532842
3007.0,94.0,0.487165
3007.0,95.0,0.525229
3007.0,96.0,0.466891
3007.0,97.0,0.508537
3007.0,98.0,0.508039
3007.0,99.0,0.452974
3007.0,100.0,0.554774
3007.0,101.0,0.449197
3007.0,102.0,0.490669
3007.0,103.0,0.496223
3007.0,104.0,0.505767
3007.0,105.0,0.487273
3007.0,106.0,0.483153
3007.0,107.0,0.514713
3007.0,108.0,0.463423
3007.0,109.0,0.439244
3007.0,110.0,0.481214
3007.0,111.0,0.482145
3007.0,112.0,0.488764
3007.0,113.0,0.478377
3007.0,114.0,0.512255
3007.0,115.0,0.511463
3007.0,116.0,0.478824
3007.0,117.0,0.493195
3007.0,118.0,0.492501
3007.0,119.0,0.470849
3007.0,120.0,0.518696
3007.0,121.0,0.519136
3007.0,122.0,0.540189
3007.0,123.0,0.505073
3007.0,124.0,0.464072
3007.0,125.0,0.542434
3007.0,126.0,0.466553
3007.0,127.0,0.498984
3007.0,128.0,0.495887
3007.0,129.0,0.523861
3007.0,130.0,0.489107
3007.0,131.0,0.478081
3007.0,132.0,0.512907
3007.0,133.0,0.49796
3007.0,134.0,0.508221
3007.0,135.0,0.499326
3007.0,136.0,0.480977
3007.0,137.0,0.498193
3007.0,138.0,0.519216
3007.0,139.0,0.528698
3007.0,140.0,0.494996
3007.0,141.0,0.486099
3007.0,142.0,0.467269
3007.0,143.0,0.499211
3007.0,144.0,0.527451
3007.0,145.0,0.530382
3007.0,146.0,0.533021
3007.0,147.0,0.481632
3008.0,0.0,0.51135
3008.0,1.0,0.555796
3008.0,2.0,0.492952
3008.0,3.0,0.446826
3008.0,4.0,0.492158
3008.0,5.0,0.529723
3008.0,6.0,0.479277
3008.0,7.0,0.514037
3008.0,8.0,0.512252
3008.0,9.0,0.511041
3008.0,10.0,0.479841
3008.0,11.0,0.476177
3008.0,12.0,0.524747
3008.0,13.0,0.484081
3008.0,14.0,0.495906
3008.0,15.0,0.473728
3008.0,16.0,0.450873
3008.0,17.0,0.454411
3008.0,18.0,0.464233
3008.0,19.0,0.553338
3008.0,20.0,0.464792
3008.0,21.0,0.485862
3008.0,22.0,0.549082
3008.0,23.0,0.47815
3008.0,24.0,0.489984
3008.0,25.0,0.482678
3008.0,26.0,0.546613
3008.0,27.0,0.484242
3008.0,28.0,0.460658
3008.0,29.0,0.499397
3008.0,30.0,0.542442
3008.0,31.0,0.485701
3008.0,32.0,0.478933
3008.0,33.0,0.48046
3008.0,34.0,0.478225
3008.0,35.0,0.505496
3008.0,36.0,0.52292
3008.0,37.0,0.476027
3008.0,38.0,0.483932
3008.0,39.0,0.514833
3008.0,40.0,0.467147
3008.0,41.0,0.518337
3008.0,42.0,0.481427
3008.0,43.0,0.479356
3008.0,44.0,0.489738
3008.0,45.0,0.505186
3008.0,46.0,0.471944
3008.0,47.0,0.49588
3008.0,48.0,0.487383
3008.0,49.0,0.436308
3008.0,50.0,0.481472
3008.0,51.0,0.540013
3008.0,52.0,0.528968
3008.0,53.0,0.507105
3008.0,54.0,0.466206
3008.0,55.0,0.509614
3008.0,56.0,0.487456
3008.0,57.0,0.47389
3008.0,58.0,0.479239
3008.0,59.0,0.526005
3008.0,60.0,0.505282
3008.0,61.0,0.502239
3008.0,62.0,0.522155
3008.0,63.0,0.514635
3008.0,64.0,0.447946
3008.0,65.0,0.465519
3008.0,66.0,0.514379
3008.0,67.0,0.505001
3008.0,68.0,0.442856
3008.0,69.0,0.506712
3008.0,70.0,0.457261
3008.0,71.0,0.509471
3008.0,72.0,0.505115
3008.0,73.0,0.519561
3008.0,74.0,0.501339
3008.0,75.0,0.502286
3008.0,76.0,0.476177
3008.0,77.0,0.474158
3008.0,78.0,0.543873
3008.0,79.0,0.51817
3008.0,80.0,0.467636
3008.0,81.0,0.462037
3008.0,82.0,0.505356
3008.0,83.0,0.50538
3008.0,84.0,0.480354
3008.0,85.0,0.527189
3008.0,86.0,0.457483
3008.0,87.0,0.494655
3008.0,88.0,0.504222
3008.0,89.0,0.512195
3008.0,90.0,0.534149
3008.0,91.0,0.476102
3008.0,92.0,0.49957
3008.0,93.0,0.533488
3008.0,94.0,0.486902
3008.0,95.0,0.524932
3008.0,96.0,0.467169
3008.0,97.0,0.509125
3008.0,98.0,0.508282
3008.0,99.0,0.453242
3008.0,100.0,0.554965
3008.0,101.0,0.449919
3008.0,102.0,0.490424
3008.0,103.0,0.495774
3008.0,104.0,0.505209
3008.0,105.0,0.487108
3008.0,106.0,0.483447
3008.0,107.0,0.514454
3008.0,108.0,0.463301
3008.0,109.0,0.438762
3008.0,110.0,0.482416
3008.0,111.0,0.482699
3008.0,112.0,0.489249
3008.0,113.0,0.47767
3008.0,114.0,0.512442
3008.0,115.0,0.511475
3008.0,116.0,0.478447
3008.0,117.0,0.492935
3008.0,118.0,0.492312
3008.0,119.0,0.471392
3008.0,120.0,0.51792
3008.0,121.0,0.518167
3008.0,122.0,0.540551
3008.0,123.0,0.504872
3008.0,124.0,0.463921
3008.0,125.0,0.542763
3008.0,126.0,0.466966
3008.0,127.0,0.498364
3008.0,128.0,0.495976
3008.0,129.0,0.523965
3008.0,130.0,0.489729
3008.0,131.0,0.47819
3008.0,132.0,0.513182
3008.0,133.0,0.498216
3008.0,134.0,0.508862
3008.0,135.0,0.499933
3008.0,136.0,0.481151
3008.0,137.0,0.498971
3008.0,138.0,0.520083
3008.0,139.0,0.528771
3008.0,140.0,0.494332
3008.0,141.0,0.485677
3008.0,142.0,0.467576
3008.0,143.0,0.4993
3008.0,144.0,0.527075
3008.0,145.0,0.530885
3008.0,146.0,0.533202
3008.0,147.0,0.481283
3009.0,0.0,0.510652
3009.0,1.0,0.55597
3009.0,2.0,0.4926
3009.0,3.0,0.447209
3009.0,4.0,0.49268
3009.0,5.0,0.529997
3009.0,6.0,0.478582
3009.0,7.0,0.513843
3009.0,8.0,0.512139
3009.0,9.0,0.510392
3009.0,10.0,0.479753
3009.0,11.0,0.476311
3009.0,12.0,0.525315
3009.0,13.0,0.484152
3009.0,14.0,0.495055
3009.0,15.0,0.472756
3009.0,16.0,0.450656
3009.0,17.0,0.454881
3009.0,18.0,0.464163
3009.0,19.0,0.554236
3009.0,20.0,0.464759
3009.0,21.0,0.485759
3009.0,22.0,0.549026
3009.0,23.0,0.4782
3009.0,24.0,0.490268
3009.0,25.0,0.48232
3009.0,26.0,0.546683
3009.0,27.0,0.484533
3009.0,28.0,0.460953
3009.0,29.0,0.499127
3009.0,30.0,0.542935
3009.0,31.0,0.485602
3009.0,32.0,0.478728
3009.0,33.0,0.480529
3009.0,34.0,0.478191
3009.0,35.0,0.505733
3009.0,36.0,0.522404
3009.0,37.0,0.475986
3009.0,38.0,0.483646
3009.0,39.0,0.514219
3009.0,40.0,0.46716
3009.0,41.0,0.518354
3009.0,42.0,0.481796
3009.0,43.0,0.479108
3009.0,44.0,0.490417
3009.0,45.0,0.505087
3009.0,46.0,0.472386
3009.0,47.0,0.496098
3009.0,48.0,0.48769
3009.0,49.0,0.436183
3009.0,50.0,0.481858
3009.0,51.0,0.54003
3009.0,52.0,0.529034
3009.0,53.0,0.508203
3009.0,54.0,0.4662
3009.0,55.0,0.509686
3009.0,56.0,0.488016
3009.0,57.0,0.474274
3009.0,58.0,0.479569
3009.0,59.0,0.525473
3009.0,60.0,0.504705
3009.0,61.0,0.502319
3009.0,62.0,0.522658
3009.0,63.0,0.516072
3009.0,64.0,0.448247
3009.0,65.0,0.465063
3009.0,66.0,0.514353
3009.0,67.0,0.504903
3009.0,68.0,0.441316
3009.0,69.0,0.50651
3009.0,70.0,0.45841
3009.0,71.0,0.508747
3009.0,72.0,0.504597
3009.0,73.0,0.518891
3009.0,74.0,0.501003
3009.0,75.0,0.501928
3009.0,76.0,0.476192
3009.0,77.0,0.474024
3009.0,78.0,0.544172
3009.0,79.0,0.518758
3009.0,80.0,0.467551
3009.0,81.0,0.461833
3009.0,82.0,0.505597
3009.0,83.0,0.505033
3009.0,84.0,0.480618
3009.0,85.0,0.527295
3009.0,86.0,0.457932
3009.0,87.0,0.493731
3009.0,88.0,0.503566
3009.0,89.0,0.513514
3009.0,90.0,0.533581
3009.0,91.0,0.476223
3009.0,92.0,0.500108
3009.0,93.0,0.533692
3009.0,94.0,0.487269
3009.0,95.0,0.525062
3009.0,96.0,0.467362
3009.0,97.0,0.5096
3009.0,98.0,0.508171
3009.0,99.0,0.452808
3009.0,100.0,0.554508
3009.0,101.0,0.449616
3009.0,102.0,0.490266
3009.0,103.0,0.495845
3009.0,104.0,0.504508
3009.0,105.0,0.48686
3009.0,106.0,0.483729
3009.0,107.0,0.514588
3009.0,108.0,0.462805
3009.0,109.0,0.438392
3009.0,110.0,0.481561
3009.0,111.0,0.482623
3009.0,112.0,0.488936
3009.0,113.0,0.476984
3009.0,114.0,0.512603
3009.0,115.0,0.511168
3009.0,116.0,0.478216
3009.0,117.0,0.493846
3009.0,118.0,0.492409
3009.0,119.0,0.471214
3009.0,120.0,0.516476
3009.0,121.0,0.517502
3009.0,122.0,0.54052
3009.0,123.0,0.505122
3009.0,124.0,0.464103
3009.0,125.0,0.543142
3009.0,126.0,0.46766
3009.0,127.0,0.49757
3009.0,128.0,0.496759
3009.0,129.0,0.524102
3009.0,130.0,0.488575
3009.0,131.0,0.478652
3009.0,132.0,0.513418
3009.0,133.0,0.498237
3009.0,134.0,0.508787
3009.0,135.0,0.499944
3009.0,136.0,0.480837
3009.0,137.0,0.498762
3009.0,138.0,0.520203
3009.0,139.0,0.529153
3009.0,140.0,0.494778
3009.0,141.0,0.484644
3009.0,142.0,0.468106
3009.0,143.0,0.499549
3009.0,144.0,0.527334
3009.0,145.0,0.53134
3009.0,146.0,0.532228
3009.0,147.0,0.481255
3010.0,0.0,0.510408
3010.0,1.0,0.556034
3010.0,2.0,0.492254
3010.0,3.0,0.446357
3010.0,4.0,0.492777
3010.0,5.0,0.529556
3010.0,6.0,0.478441
3010.0,7.0,0.513234
3010.0,8.0,0.511751
3010.0,9.0,0.510534
3010.0,10.0,0.480095
3010.0,11.0,0.475217
3010.0,12.0,0.525958
3010.0,13.0,0.484246
3010.0,14.0,0.494746
3010.0,15.0,0.472258
3010.0,16.0,0.451186
3010.0,17.0,0.45422
3010.0,18.0,0.464233
3010.0,19.0,0.554366
3010.0,20.0,0.465029
3010.0,21.0,0.485606
3010.0,22.0,0.548924
3010.0,23.0,0.478099
3010.0,24.0,0.489709
3010.0,25.0,0.482476
3010.0,26.0,0.548393
3010.0,27.0,0.484244
3010.0,28.0,0.461737
3010.0,29.0,0.499004
3010.0,30.0,0.54385
3010.0,31.0,0.485954
3010.0,32.0,0.47783
3010.0,33.0,0.479869
3010.0,34.0,0.478674
3010.0,35.0,0.505152
3010.0,36.0,0.522304
3010.0,37.0,0.476396
3010.0,38.0,0.483897
3010.0,39.0,0.514252
3010.0,40.0,0.467084
3010.0,41.0,0.518978
3010.0,42.0,0.481189
3010.0,43.0,0.479505
3010.0,44.0,0.49076
3010.0,45.0,0.503958
3010.0,46.0,0.472672
3010.0,47.0,0.49543
3010.0,48.0,0.488056
3010.0,49.0,0.436428
3010.0,50.0,0.481837
3010.0,51.0,0.540454
3010.0,52.0,0.529993
3010.0,53.0,0.508032
3010.0,54.0,0.467276
3010.0,55.0,0.509625
3010.0,56.0,0.488506
3010.0,57.0,0.474164
3010.0,58.0,0.479544
3010.0,59.0,0.525873
3010.0,60.0,0.505121
3010.0,61.0,0.50225
3010.0,62.0,0.523102
3010.0,63.0,0.515766
3010.0,64.0,0.448937
3010.0,65.0,0.464622
3010.0,66.0,0.514597
3010.0,67.0,0.504606
3010.0,68.0,0.441866
3010.0,69.0,0.506507
3010.0,70.0,0.458449
3010.0,71.0,0.508709
3010.0,72.0,0.504966
3010.0,73.0,0.518411
3010.0,74.0,0.500377
3010.0,75.0,0.501507
3010.0,76.0,0.476133
3010.0,77.0,0.473912
3010.0,78.0,0.544115
3010.0,79.0,0.518386
3010.0,80.0,0.467974
3010.0,81.0,0.461923
3010.0,82.0,0.505987
3010.0,83.0,0.504649
3010.0,84.0,0.480735
3010.0,85.0,0.527354
3010.0,86.0,0.45848
3010.0,87.0,0.493797
3010.0,88.0,0.504045
3010.0,89.0,0.513746
3010.0,90.0,0.533394
3010.0,91.0,0.475842
3010.0,92.0,0.499396
3010.0,93.0,0.534053
3010.0,94.0,0.487193
3010.0,95.0,0.524853
3010.0,96.0,0.4668
3010.0,97.0,0.510366
3010.0,98.0,0.50804
3010.0,99.0,0.452604
3010.0,100.0,0.555292
3010.0,101.0,0.449156
3010.0,102.0,0.490247
3010.0,103.0,0.495209
3010.0,104.0,0.504841
3010.0,105.0,0.487412
3010.0,106.0,0.483501
3010.0,107.0,0.514645
3010.0,108.0,0.463001
3010.0,109.0,0.438154
3010.0,110.0,0.482293
3010.0,111.0,0.482827
3010.0,112.0,0.490002
3010.0,113.0,0.476788
3010.0,114.0,0.512006
3010.0,115.0,0.512131
3010.0,116.0,0.478672
3010.0,117.0,0.494478
3010.0,118.0,0.491411
3010.0,119.0,0.471353
3010.0,120.0,0.516623
3010.0,121.0,0.517379
3010.0,122.0,0.539658
3010.0,123.0,0.504547
3010.0,124.0,0.464393
3010.0,125.0,0.542579
3010.0,126.0,0.467997
3010.0,127.0,0.497864
3010.0,128.0,0.496498
3010.0,129.0,0.524347
3010.0,130.0,0.489456
3010.0,131.0,0.478812
3010.0,132.0,0.513504
3010.0,133.0,0.49852
3010.0,134.0,0.508768
3010.0,135.0,0.50012
3010.0,136.0,0.480634
3010.0,137.0,0.498186
3010.0,138.0,0.520718
3010.0,139.0,0.52958
3010.0,140.0,0.493982
3010.0,141.0,0.485021
3010.0,142.0,0.468227
3010.0,143.0,0.499187
3010.0,144.0,0.527353
3010.0,145.0,0.531332
3010.0,146.0,0.532651
3010.0,147.0,0.481639
4000.0,0.0,0.516134
4000.0,1.0,0.536358
4000.0,2.0,0.494514
4000.0,3.0,0.431404
4000.0,4.0,0.488005
4000.0,5.0,0.518567
4000.0,6.0,0.481346
4000.0,7.0,0.514237
4000.0,8.0,0.508048
4000.0,9.0,0.515052
4000.0,10.0,0.4793
4000.0,11.0,0.508795
4000.0,12.0,0.526286
4000.0,13.0,0.49848
4000.0,14.0,0.512529
4000.0,15.0,0.483333
4000.0,16.0,0.443234
4000.0,17.0,0.444955
4000.0,18.0,0.4758
4000.0,19.0,0.553725
4000.0,20.0,0.483523
4000.0,21.0,0.456722
4000.0,22.0,0.548001
4000.0,23.0,0.475633
4000.0,24.0,0.491051
4000.0,25.0,0.486839
4000.0,26.0,0.561611
4000.0,27.0,0.464099
4000.0,28.0,0.477119
4000.0,29.0,0.479768
4000.0,30.0,0.538076
4000.0,31.0,0.502891
4000.0,32.0,0.481988
4000.0,33.0,0.482736
4000.0,34.0,0.48787
4000.0,35.0,0.527539
4000.0,36.0,0.524978
4000.0,37.0,0.496782
4000.0,38.0,0.49412
4000.0,39.0,0.519563
4000.0,40.0,0.464822
4000.0,41.0,0.497458
4000.0,42.0,0.483157
4000.0,43.0,0.463891
4000.0,44.0,0.511441
4000.0,45.0,0.486035
4000.0,46.0,0.475005
4000.0,47.0,0.493831
4000.0,48.0,0.475778
4000.0,49.0,0.392357
4000.0,50.0,0.489272
4000.0,51.0,0.527252
4000.0,52.0,0.506416
4000.0,53.0,0.48934
4000.0,54.0,0.43487
4000.0,55.0,0.487243
4000.0,56.0,0.474622
4000.0,57.0,0.49255
4000.0,58.0,0.487143
4000.0,59.0,0.517566
4000.0,60.0,0.519051
4000.0,61.0,0.510865
4000.0,62.0,0.495522
4000.0,63.0,0.498057
4000.0,64.0,0.436005
4000.0,65.0,0.441082
4000.0,66.0,0.526406
4000.0,67.0,0.519636
4000.0,68.0,0.442457
4000.0,69.0,0.524891
4000.0,70.0,0.458039
4000.0,71.0,0.500514
4000.0,72.0,0.506484
4000.0,73.0,0.494107
4000.0,74.0,0.483452
4000.0,75.0,0.49823
4000.0,76.0,0.480615
4000.0,77.0,0.470333
4000.0,78.0,0.549501
4000.0,79.0,0.545759
4000.0,80.0,0.458452
4000.0,81.0,0.436352
4000.0,82.0,0.519832
4000.0,83.0,0.536897
4000.0,84.0,0.504854
4000.0,85.0,0.543866
4000.0,86.0,0.440182
4000.0,87.0,0.511318
4000.0,88.0,0.50089
4000.0,89.0,0.508341
4000.0,90.0,0.532349
4000.0,91.0,0.465342
4000.0,92.0,0.483344
4000.0,93.0,0.572498
4000.0,94.0,0.482004
4000.0,95.0,0.527887
4000.0,96.0,0.492867
4000.0,97.0,0.521507
4000.0,98.0,0.495543
4000.0,99.0,0.452295
4000.0,100.0,0.590443
4000.0,101.0,0.450454
4000.0,102.0,0.473366
4000.0,103.0,0.486915
4000.0,104.0,0.515937
4000.0,105.0,0.49173
4000.0,106.0,0.469762
4000.0,107.0,0.514215
4000.0,108.0,0.47034
4000.0,109.0,0.426827
4000.0,110.0,0.467971
4000.0,111.0,0.503764
4000.0,112.0,0.463247
4000.0,113.0,0.462138
4000.0,114.0,0.494141
4000.0,115.0,0.51582
4000.0,116.0,0.48504
4000.0,117.0,0.494692
4000.0,118.0,0.472828
4000.0,119.0,0.45786
4000.0,120.0,0.517208
4000.0,121.0,0.51019
4000.0,122.0,0.538691
4000.0,123.0,0.511736
4000.0,124.0,0.461517
4000.0,125.0,0.552609
4000.0,126.0,0.488608
4000.0,127.0,0.473114
4000.0,128.0,0.489982
4000.0,129.0,0.508595
4000.0,130.0,0.474556
4000.0,131.0,0.491697
4000.0,132.0,0.535158
4000.0,133.0,0.510846
4000.0,134.0,0.493567
4000.0,135.0,0.496295
4000.0,136.0,0.452075
4000.0,137.0,0.507608
4000.0,138.0,0.532377
4000.0,139.0,0.526976
4000.0,140.0,0.513148
4000.0,141.0,0.472335
4000.0,142.0,0.476523
4000.0,143.0,0.500116
4000.0,144.0,0.504147
4000.0,145.0,0.551242
4000.0,146.0,0.5359
4000.0,147.0,0.515426
4001.0,0.0,0.515783
4001.0,1.0,0.536773
4001.0,2.0,0.495314
4001.0,3.0,0.431649
4001.0,4.0,0.488063
4001.0,5.0,0.518065
4001.0,6.0,0.481299
4001.0,7.0,0.514786
4001.0,8.0,0.507568
4001.0,9.0,0.515583
4001.0,10.0,0.480596
4001.0,11.0,0.508273
4001.0,12.0,0.526129
4001.0,13.0,0.498404
4001.0,14.0,0.512899
4001.0,15.0,0.483406
4001.0,16.0,0.442979
4001.0,17.0,0.444596
4001.0,18.0,0.476015
4001.0,19.0,0.554903
4001.0,20.0,0.484069
4001.0,21.0,0.456377
4001.0,22.0,0.548632
4001.0,23.0,0.474824
4001.0,24.0,0.490918
4001.0,25.0,0.486571
4001.0,26.0,0.560778
4001.0,27.0,0.46564
4001.0,28.0,0.477009
4001.0,29.0,0.47929
4001.0,30.0,0.538398
4001.0,31.0,0.503851
4001.0,32.0,0.481827
4001.0,33.0,0.482165
4001.0,34.0,0.488023
4001.0,35.0,0.526682
4001.0,36.0,0.52574
4001.0,37.0,0.497145
4001.0,38.0,0.493918
4001.0,39.0,0.519933
4001.0,40.0,0.465236
4001.0,41.0,0.497268
4001.0,42.0,0.483124
4001.0,43.0,0.463648
4001.0,44.0,0.511581
4001.0,45.0,0.485761
4001.0,46.0,0.474716
4001.0,47.0,0.493598
4001.0,48.0,0.476049
4001.0,49.0,0.392873
4001.0,50.0,0.489737
4001.0,51.0,0.527773
4001.0,52.0,0.50696
4001.0,53.0,0.48854
4001.0,54.0,0.434834
4001.0,55.0,0.487092
4001.0,56.0,0.473676
4001.0,57.0,0.492593
4001.0,58.0,0.486985
4001.0,59.0,0.518466
4001.0,60.0,0.519349
4001.0,61.0,0.50984
4001.0,62.0,0.495448
4001.0,63.0,0.498357
4001.0,64.0,0.435606
4001.0,65.0,0.441033
4001.0,66.0,0.526842
4001.0,67.0,0.519705
4001.0,68.0,0.442401
4001.0,69.0,0.524954
4001.0,70.0,0.457924
4001.0,71.0,0.499928
4001.0,72.0,0.506238
4001.0,73.0,0.494841
4001.0,74.0,0.484005
4001.0,75.0,0.498561
4001.0,76.0,0.480617
4001.0,77.0,0.470382
4001.0,78.0,0.550032
4001.0,79.0,0.54566
4001.0,80.0,0.458306
4001.0,81.0,0.435223
4001.0,82.0,0.520245
4001.0,83.0,0.536411
4001.0,84.0,0.504683
4001.0,85.0,0.543095
4001.0,86.0,0.439867
4001.0,87.0,0.510885
4001.0,88.0,0.50068
4001.0,89.0,0.508042
4001.0,90.0,0.531482
4001.0,91.0,0.465618
4001.0,92.0,0.483519
4001.0,93.0,0.572795
4001.0,94.0,0.481838
4001.0,95.0,0.527786
4001.0,96.0,0.492653
4001.0,97.0,0.520975
4001.0,98.0,0.495473
4001.0,99.0,0.452613
4001.0,100.0,0.590377
4001.0,101.0,0.450713
4001.0,102.0,0.472935
4001.0,103.0,0.486796
4001.0,104.0,0.51727
4001.0,105.0,0.49188
4001.0,106.0,0.469345
4001.0,107.0,0.514451
4001.0,108.0,0.471078
4001.0,109.0,0.426422
4001.0,110.0,0.467113
4001.0,111.0,0.504293
4001.0,112.0,0.463199
4001.0,113.0,0.461939
4001.0,114.0,0.494532
4001.0,115.0,0.515997
4001.0,116.0,0.484104
4001.0,117.0,0.494119
4001.0,118.0,0.472594
4001.0,119.0,0.457783
4001.0,120.0,0.518403
4001.0,121.0,0.510655
4001.0,122.0,0.538831
4001.0,123.0,0.512474
4001.0,124.0,0.46092
4001.0,125.0,0.552132
4001.0,126.0,0.489611
4001.0,127.0,0.473746
4001.0,128.0,0.490828
4001.0,129.0,0.508634
4001.0,130.0,0.474704
4001.0,131.0,0.491132
4001.0,132.0,0.533948
4001.0,133.0,0.51039
4001.0,134.0,0.493926
4001.0,135.0,0.495844
4001.0,136.0,0.452705
4001.0,137.0,0.508337
4001.0,138.0,0.531752
4001.0,139.0,0.526687
4001.0,140.0,0.512538
4001.0,141.0,0.471643
4001.0,142.0,0.475871
4001.0,143.0,0.50029
4001.0,144.0,0.504049
4001.0,145.0,0.551663
4001.0,146.0,0.535897
4001.0,147.0,0.515395
4002.0,0.0,0.516129
4002.0,1.0,0.536725
4002.0,2.0,0.49427
4002.0,3.0,0.431338
4002.0,4.0,0.488832
4002.0,5.0,0.517737
4002.0,6.0,0.482172
4002.0,7.0,0.515035
4002.0,8.0,0.507666
4002.0,9.0,0.51547
4002.0,10.0,0.480823
4002.0,11.0,0.508384
4002.0,12.0,0.525368
4002.0,13.0,0.497933
4002.0,14.0,0.513674
4002.0,15.0,0.483691
4002.0,16.0,0.442701
4002.0,17.0,0.445207
4002.0,18.0,0.475042
4002.0,19.0,0.555023
4002.0,20.0,0.484053
4002.0,21.0,0.45634
4002.0,22.0,0.548884
4002.0,23.0,0.474706
4002.0,24.0,0.491082
4002.0,25.0,0.486589
4002.0,26.0,0.560485
4002.0,27.0,0.464898
4002.0,28.0,0.477568
4002.0,29.0,0.479321
4002.0,30.0,0.537473
4002.0,31.0,0.504136
4002.0,32.0,0.481676
4002.0,33.0,0.4821
4002.0,34.0,0.487875
4002.0,35.0,0.525675
4002.0,36.0,0.525599
4002.0,37.0,0.497669
4002.0,38.0,0.493553
4002.0,39.0,0.519734
4002.0,40.0,0.465187
4002.0,41.0,0.497832
4002.0,42.0,0.483157
4002.0,43.0,0.463563
4002.0,44.0,0.51119
4002.0,45.0,0.485406
4002.0,46.0,0.475002
4002.0,47.0,0.4938
4002.0,48.0,0.476317
4002.0,49.0,0.393477
4002.0,50.0,0.490186
4002.0,51.0,0.5271
4002.0,52.0,0.506927
4002.0,53.0,0.487992
4002.0,54.0,0.434062
4002.0,55.0,0.488188
4002.0,56.0,0.473797
4002.0,57.0,0.492625
4002.0,58.0,0.48712
4002.0,59.0,0.517892
4002.0,60.0,0.519807
4002.0,61.0,0.509888
4002.0,62.0,0.495308
4002.0,63.0,0.498152
4002.0,64.0,0.435642
4002.0,65.0,0.441421
4002.0,66.0,0.528242
4002.0,67.0,0.51966
4002.0,68.0,0.441778
4002.0,69.0,0.52306
4002.0,70.0,0.458166
4002.0,71.0,0.499939
4002.0,72.0,0.506374
4002.0,73.0,0.495206
4002.0,74.0,0.484317
4002.0,75.0,0.49775
4002.0,76.0,0.480995
4002.0,77.0,0.470346
4002.0,78.0,0.549387
4002.0,79.0,0.545793
4002.0,80.0,0.458641
4002.0,81.0,0.435473
4002.0,82.0,0.519925
4002.0,83.0,0.536358
4002.0,84.0,0.503513
4002.0,85.0,0.542999
4002.0,86.0,0.439806
4002.0,87.0,0.510578
4002.0,88.0,0.500097
4002.0,89.0,0.508563
4002.0,90.0,0.53038
4002.0,91.0,0.466115
4002.0,92.0,0.482927
4002.0,93.0,0.573543
4002.0,94.0,0.48144
4002.0,95.0,0.528332
4002.0,96.0,0.491071
4002.0,97.0,0.520564
4002.0,98.0,0.494838
4002.0,99.0,0.453644
4002.0,100.0,0.589894
4002.0,101.0,0.450813
4002.0,102.0,0.473999
4002.0,103.0,0.487514
4002.0,104.0,0.517601
4002.0,105.0,0.491329
4002.0,106.0,0.468965
4002.0,107.0,0.514407
4002.0,108.0,0.47163
4002.0,109.0,0.426606
4002.0,110.0,0.467259
4002.0,111.0,0.504173
4002.0,112.0,0.463446
4002.0,113.0,0.46178
4002.0,114.0,0.494395
4002.0,115.0,0.515893
4002.0,116.0,0.483926
4002.0,117.0,0.493548
4002.0,118.0,0.473527
4002.0,119.0,0.458519
4002.0,120.0,0.518969
4002.0,121.0,0.510519
4002.0,122.0,0.538697
4002.0,123.0,0.512527
4002.0,124.0,0.460934
4002.0,125.0,0.551897
4002.0,126.0,0.489453
4002.0,127.0,0.472579
4002.0,128.0,0.491267
4002.0,129.0,0.508873
4002.0,130.0,0.474377
4002.0,131.0,0.491528
4002.0,132.0,0.533453
4002.0,133.0,0.509805
4002.0,134.0,0.494094
4002.0,135.0,0.495735
4002.0,136.0,0.453071
4002.0,137.0,0.508075
4002.0,138.0,0.532676
4002.0,139.0,0.527065
4002.0,140.0,0.513506
4002.0,141.0,0.471764
4002.0,142.0,0.476114
4002.0,143.0,0.500458
4002.0,144.0,0.504019
4002.0,145.0,0.551289
4002.0,146.0,0.537107
4002.0,147.0,0.515227
4003.0,0.0,0.515802
4003.0,1.0,0.536701
4003.0,2.0,0.494094
4003.0,3.0,0.431795
4003.0,4.0,0.48896
4003.0,5.0,0.517639
4003.0,6.0,0.482189
4003.0,7.0,0.515277
4003.0,8.0,0.508478
4003.0,9.0,0.515354
4003.0,10.0,0.480945
4003.0,11.0,0.50893
4003.0,12.0,0.524213
4003.0,13.0,0.497811
4003.0,14.0,0.513488
4003.0,15.0,0.483298
4003.0,16.0,0.443153
4003.0,17.0,0.446251
4003.0,18.0,0.474876
4003.0,19.0,0.553819
4003.0,20.0,0.484029
4003.0,21.0,0.455789
4003.0,22.0,0.549327
4003.0,23.0,0.474465
4003.0,24.0,0.491819
4003.0,25.0,0.486866
4003.0,26.0,0.559748
4003.0,27.0,0.465075
4003.0,28.0,0.477315
4003.0,29.0,0.478719
4003.0,30.0,0.536668
4003.0,31.0,0.503691
4003.0,32.0,0.482668
4003.0,33.0,0.481742
4003.0,34.0,0.487122
4003.0,35.0,0.525579
4003.0,36.0,0.524827
4003.0,37.0,0.497514
4003.0,38.0,0.493282
4003.0,39.0,0.520149
4003.0,40.0,0.465971
4003.0,41.0,0.497477
4003.0,42.0,0.483137
4003.0,43.0,0.462972
4003.0,44.0,0.511475
4003.0,45.0,0.484834
4003.0,46.0,0.474466
4003.0,47.0,0.494532
4003.0,48.0,0.476978
4003.0,49.0,0.393989
4003.0,50.0,0.491335
4003.0,51.0,0.527714
4003.0,52.0,0.50669
4003.0,53.0,0.48807
4003.0,54.0,0.433395
4003.0,55.0,0.48801
4003.0,56.0,0.473521
4003.0,57.0,0.491867
4003.0,58.0,0.48897
4003.0,59.0,0.518432
4003.0,60.0,0.519283
4003.0,61.0,0.509863
4003.0,62.0,0.495454
4003.0,63.0,0.498022
4003.0,64.0,0.435665
4003.0,65.0,0.441387
4003.0,66.0,0.528149
4003.0,67.0,0.520265
4003.0,68.0,0.442449
4003.0,69.0,0.522854
4003.0,70.0,0.457032
4003.0,71.0,0.500352
4003.0,72.0,0.506102
4003.0,73.0,0.49578
4003.0,74.0,0.484953
4003.0,75.0,0.497243
4003.0,76.0,0.480996
4003.0,77.0,0.470379
4003.0,78.0,0.548688
4003.0,79.0,0.545573
4003.0,80.0,0.458744
4003.0,81.0,0.436019
4003.0,82.0,0.519823
4003.0,83.0,0.536369
4003.0,84.0,0.503726
4003.0,85.0,0.54269
4003.0,86.0,0.438873
4003.0,87.0,0.510535
4003.0,88.0,0.500945
4003.0,89.0,0.508066
4003.0,90.0,0.530605
4003.0,91.0,0.466356
4003.0,92.0,0.482954
4003.0,93.0,0.5733
4003.0,94.0,0.480462
4003.0,95.0,0.528316
4003.0,96.0,0.490246
4003.0,97.0,0.520532
4003.0,98.0,0.494474
4003.0,99.0,0.453554
4003.0,100.0,0.590188
4003.0,101.0,0.450447
4003.0,102.0,0.473515
4003.0,103.0,0.487135
4003.0,104.0,0.517617
4003.0,105.0,0.4906
4003.0,106.0,0.468422
4003.0,107.0,0.514418
4003.0,108.0,0.471718
4003.0,109.0,0.426775
4003.0,110.0,0.466425
4003.0,111.0,0.503397
4003.0,112.0,0.463324
4003.0,113.0,0.462772
4003.0,114.0,0.493916
4003.0,115.0,0.51532
4003.0,116.0,0.483666
4003.0,117.0,0.493291
4003.0,118.0,0.47383
4003.0,119.0,0.458646
4003.0,120.0,0.519373
4003.0,121.0,0.510848
4003.0,122.0,0.53884
4003.0,123.0,0.512507
4003.0,124.0,0.46118
4003.0,125.0,0.552122
4003.0,126.0,0.489658
4003.0,127.0,0.472537
4003.0,128.0,0.491243
4003.0,129.0,0.508015
4003.0,130.0,0.475039
4003.0,131.0,0.490814
4003.0,132.0,0.533486
4003.0,133.0,0.5092
4003.0,134.0,0.494245
4003.0,135.0,0.495589
4003.0,136.0,0.453224
4003.0,137.0,0.507511
4003.0,138.0,0.532432
4003.0,139.0,0.526678
4003.0,140.0,0.513437
4003.0,141.0,0.471724
4003.0,142.0,0.475805
4003.0,143.0,0.500678
4003.0,144.0,0.504011
4003.0,145.0,0.551
4003.0,146.0,0.537319
4003.0,147.0,0.515684
4004.0,0.0,0.516046
4004.0,1.0,0.536901
4004.0,2.0,0.493486
4004.0,3.0,0.43221
4004.0,4.0,0.489218
4004.0,5.0,0.518048
4004.0,6.0,0.481819
4004.0,7.0,0.515207
4004.0,8.0,0.508066
4004.0,9.0,0.514771
4004.0,10.0,0.48158
4004.0,11.0,0.508383
4004.0,12.0,0.524383
4004.0,13.0,0.497685
4004.0,14.0,0.513716
4004.0,15.0,0.482372
4004.0,16.0,0.443816
4004.0,17.0,0.446059
4004.0,18.0,0.473795
4004.0,19.0,0.553601
4004.0,20.0,0.483201
4004.0,21.0,0.455462
4004.0,22.0,0.548963
4004.0,23.0,0.47477
4004.0,24.0,0.491482
4004.0,25.0,0.487122
4004.0,26.0,0.559863
4004.0,27.0,0.465332
4004.0,28.0,0.476403
4004.0,29.0,0.479298
4004.0,30.0,0.53643
4004.0,31.0,0.502862
4004.0,32.0,0.482302
4004.0,33.0,0.480782
4004.0,34.0,0.48725
4004.0,35.0,0.52558
4004.0,36.0,0.524841
4004.0,37.0,0.496412
4004.0,38.0,0.493429
4004.0,39.0,0.520184
4004.0,40.0,0.464892
4004.0,41.0,0.497804
4004.0,42.0,0.482353
4004.0,43.0,0.463014
4004.0,44.0,0.510864
4004.0,45.0,0.485031
4004.0,46.0,0.47363
4004.0,47.0,0.494509
4004.0,48.0,0.476927
4004.0,49.0,0.393917
4004.0,50.0,0.491029
4004.0,51.0,0.527173
4004.0,52.0,0.507642
4004.0,53.0,0.488785
4004.0,54.0,0.434169
4004.0,55.0,0.487869
4004.0,56.0,0.474246
4004.0,57.0,0.49127
4004.0,58.0,0.489049
4004.0,59.0,0.51806
4004.0,60.0,0.519466
4004.0,61.0,0.510344
4004.0,62.0,0.495532
4004.0,63.0,0.49752
4004.0,64.0,0.434952
4004.0,65.0,0.441285
4004.0,66.0,0.528475
4004.0,67.0,0.52016
4004.0,68.0,0.441667
4004.0,69.0,0.522391
4004.0,70.0,0.457392
4004.0,71.0,0.500602
4004.0,72.0,0.505864
4004.0,73.0,0.495421
4004.0,74.0,0.48511
4004.0,75.0,0.497229
4004.0,76.0,0.480777
4004.0,77.0,0.470195
4004.0,78.0,0.548727
4004.0,79.0,0.544824
4004.0,80.0,0.459365
4004.0,81.0,0.436533
4004.0,82.0,0.519903
4004.0,83.0,0.536655
4004.0,84.0,0.503113
4004.0,85.0,0.542587
4004.0,86.0,0.438821
4004.0,87.0,0.511208
4004.0,88.0,0.501632
4004.0,89.0,0.508246
4004.0,90.0,0.530281
4004.0,91.0,0.465896
4004.0,92.0,0.482693
4004.0,93.0,0.57344
4004.0,94.0,0.479249
4004.0,95.0,0.527568
4004.0,96.0,0.49001
4004.0,97.0,0.52073
4004.0,98.0,0.494184
4004.0,99.0,0.453661
4004.0,100.0,0.589769
4004.0,101.0,0.450068
4004.0,102.0,0.473374
4004.0,103.0,0.487503
4004.0,104.0,0.517372
4004.0,105.0,0.490653
4004.0,106.0,0.46749
4004.0,107.0,0.514683
4004.0,108.0,0.472285
4004.0,109.0,0.427035
4004.0,110.0,0.466072
4004.0,111.0,0.503907
4004.0,112.0,0.46243
4004.0,113.0,0.462951
4004.0,114.0,0.493732
4004.0,115.0,0.516205
4004.0,116.0,0.483724
4004.0,117.0,0.493834
4004.0,118.0,0.473273
4004.0,119.0,0.459009
4004.0,120.0,0.520405
4004.0,121.0,0.511145
4004.0,122.0,0.539784
4004.0,123.0,0.512828
4004.0,124.0,0.461417
4004.0,125.0,0.551694
4004.0,126.0,0.489383
4004.0,127.0,0.472188
4004.0,128.0,0.490425
4004.0,129.0,0.507215
4004.0,130.0,0.474581
4004.0,131.0,0.491028
4004.0,132.0,0.533617
4004.0,133.0,0.50893
4004.0,134.0,0.494889
4004.0,135.0,0.49595
4004.0,136.0,0.453862
4004.0,137.0,0.507271
4004.0,138.0,0.533059
4004.0,139.0,0.528129
4004.0,140.0,0.514094
4004.0,141.0,0.472677
4004.0,142.0,0.475577
4004.0,143.0,0.501334
4004.0,144.0,0.504344
4004.0,145.0,0.549863
4004.0,146.0,0.537182
4004.0,147.0,0.51611
4005.0,0.0,0.515921
4005.0,1.0,0.537352
4005.0,2.0,0.493409
4005.0,3.0,0.432585
4005.0,4.0,0.488849
4005.0,5.0,0.518272
4005.0,6.0,0.481626
4005.0,7.0,0.514274
4005.0,8.0,0.507875
4005.0,9.0,0.515079
4005.0,10.0,0.481126
4005.0,11.0,0.507797
4005.0,12.0,0.52367
4005.0,13.0,0.497423
4005.0,14.0,0.514717
4005.0,15.0,0.482825
4005.0,16.0,0.443644
4005.0,17.0,0.445091
4005.0,18.0,0.473562
4005.0,19.0,0.553791
4005.0,20.0,0.48348
4005.0,21.0,0.455498
4005.0,22.0,0.548244
4005.0,23.0,0.474605
4005.0,24.0,0.491121
4005.0,25.0,0.488029
4005.0,26.0,0.560436
4005.0,27.0,0.465527
4005.0,28.0,0.477003
4005.0,29.0,0.479275
4005.0,30.0,0.537164
4005.0,31.0,0.503199
4005.0,32.0,0.482829
4005.0,33.0,0.48086
4005.0,34.0,0.487669
4005.0,35.0,0.526288
4005.0,36.0,0.525642
4005.0,37.0,0.496775
4005.0,38.0,0.493123
4005.0,39.0,0.520139
4005.0,40.0,0.464341
4005.0,41.0,0.498155
4005.0,42.0,0.482702
4005.0,43.0,0.463985
4005.0,44.0,0.510938
4005.0,45.0,0.484763
4005.0,46.0,0.473204
4005.0,47.0,0.49488
4005.0,48.0,0.476589
4005.0,49.0,0.393426
4005.0,50.0,0.491494
4005.0,51.0,0.527414
4005.0,52.0,0.507754
4005.0,53.0,0.488885
4005.0,54.0,0.434213
4005.0,55.0,0.489042
4005.0,56.0,0.474779
4005.0,57.0,0.490616
4005.0,58.0,0.489184
4005.0,59.0,0.517759
4005.0,60.0,0.519963
4005.0,61.0,0.511303
4005.0,62.0,0.496157
4005.0,63.0,0.497128
4005.0,64.0,0.434939
4005.0,65.0,0.441769
4005.0,66.0,0.529014
4005.0,67.0,0.5201
4005.0,68.0,0.442236
4005.0,69.0,0.521786
4005.0,70.0,0.456784
4005.0,71.0,0.499845
4005.0,72.0,0.505873
4005.0,73.0,0.494969
4005.0,74.0,0.483843
4005.0,75.0,0.496308
4005.0,76.0,0.480532
4005.0,77.0,0.47081
4005.0,78.0,0.548864
4005.0,79.0,0.544054
4005.0,80.0,0.459882
4005.0,81.0,0.436752
4005.0,82.0,0.518671
4005.0,83.0,0.536988
4005.0,84.0,0.502746
4005.0,85.0,0.542186
4005.0,86.0,0.440507
4005.0,87.0,0.512121
4005.0,88.0,0.501328
4005.0,89.0,0.5085
4005.0,90.0,0.530009
4005.0,91.0,0.465888
4005.0,92.0,0.48247
4005.0,93.0,0.573362
4005.0,94.0,0.480124
4005.0,95.0,0.52728
4005.0,96.0,0.488822
4005.0,97.0,0.520733
4005.0,98.0,0.494371
4005.0,99.0,0.453294
4005.0,100.0,0.589834
4005.0,101.0,0.45082
4005.0,102.0,0.473088
4005.0,103.0,0.486487
4005.0,104.0,0.517669
4005.0,105.0,0.491208
4005.0,106.0,0.466793
4005.0,107.0,0.515151
4005.0,108.0,0.472492
4005.0,109.0,0.427349
4005.0,110.0,0.465803
4005.0,111.0,0.504787
4005.0,112.0,0.462609
4005.0,113.0,0.462897
4005.0,114.0,0.493824
4005.0,115.0,0.515989
4005.0,116.0,0.482682
4005.0,117.0,0.494652
4005.0,118.0,0.472357
4005.0,119.0,0.458622
4005.0,120.0,0.520959
4005.0,121.0,0.510311
4005.0,122.0,0.539584
4005.0,123.0,0.512778
4005.0,124.0,0.460887
4005.0,125.0,0.552444
4005.0,126.0,0.489424
4005.0,127.0,0.472337
4005.0,128.0,0.490541
4005.0,129.0,0.507195
4005.0,130.0,0.474829
4005.0,131.0,0.491147
4005.0,132.0,0.533629
4005.0,133.0,0.509316
4005.0,134.0,0.49458
4005.0,135.0,0.496255
4005.0,136.0,0.453239
4005.0,137.0,0.506863
4005.0,138.0,0.533251
4005.0,139.0,0.527708
4005.0,140.0,0.514178
4005.0,141.0,0.472927
4005.0,142.0,0.475706
4005.0,143.0,0.501515
4005.0,144.0,0.50425
4005.0,145.0,0.550225
4005.0,146.0,0.537205
4005.0,147.0,0.516918
4006.0,0.0,0.515411
4006.0,1.0,0.537211
4006.0,2.0,0.493543
4006.0,3.0,0.43212
4006.0,4.0,0.488619
4006.0,5.0,0.51849
4006.0,6.0,0.481417
4006.0,7.0,0.514786
4006.0,8.0,0.508978
4006.0,9.0,0.515651
4006.0,10.0,0.480743
4006.0,11.0,0.507586
4006.0,12.0,0.523262
4006.0,13.0,0.496689
4006.0,14.0,0.515171
4006.0,15.0,0.483029
4006.0,16.0,0.443288
4006.0,17.0,0.44475
4006.0,18.0,0.473342
4006.0,19.0,0.55389
4006.0,20.0,0.483305
4006.0,21.0,0.456348
4006.0,22.0,0.548512
4006.0,23.0,0.473426
4006.0,24.0,0.490972
4006.0,25.0,0.488743
4006.0,26.0,0.560707
4006.0,27.0,0.465428
4006.0,28.0,0.476339
4006.0,29.0,0.479552
4006.0,30.0,0.53761
4006.0,31.0,0.502768
4006.0,32.0,0.482788
4006.0,33.0,0.481541
4006.0,34.0,0.487063
4006.0,35.0,0.526834
4006.0,36.0,0.525176
4006.0,37.0,0.495572
4006.0,38.0,0.493506
4006.0,39.0,0.51909
4006.0,40.0,0.464052
4006.0,41.0,0.497425
4006.0,42.0,0.482936
4006.0,43.0,0.463995
4006.0,44.0,0.510356
4006.0,45.0,0.484578
4006.0,46.0,0.473826
4006.0,47.0,0.494206
4006.0,48.0,0.476264
4006.0,49.0,0.393684
4006.0,50.0,0.491067
4006.0,51.0,0.525944
4006.0,52.0,0.508006
4006.0,53.0,0.488975
4006.0,54.0,0.434417
4006.0,55.0,0.489433
4006.0,56.0,0.474632
4006.0,57.0,0.489927
4006.0,58.0,0.489841
4006.0,59.0,0.518473
4006.0,60.0,0.519999
4006.0,61.0,0.511804
4006.0,62.0,0.495461
4006.0,63.0,0.496694
4006.0,64.0,0.434146
4006.0,65.0,0.441405
4006.0,66.0,0.528969
4006.0,67.0,0.519287
4006.0,68.0,0.442345
4006.0,69.0,0.521674
4006.0,70.0,0.456295
4006.0,71.0,0.500548
4006.0,72.0,0.504969
4006.0,73.0,0.495055
4006.0,74.0,0.484183
4006.0,75.0,0.49658
4006.0,76.0,0.480169
4006.0,77.0,0.471168
4006.0,78.0,0.549352
4006.0,79.0,0.544267
4006.0,80.0,0.459246
4006.0,81.0,0.437088
4006.0,82.0,0.519419
4006.0,83.0,0.536579
4006.0,84.0,0.502651
4006.0,85.0,0.541813
4006.0,86.0,0.441306
4006.0,87.0,0.513142
4006.0,88.0,0.501964
4006.0,89.0,0.508089
4006.0,90.0,0.53003
4006.0,91.0,0.464976
4006.0,92.0,0.481407
4006.0,93.0,0.5733
4006.0,94.0,0.480622
4006.0,95.0,0.526396
4006.0,96.0,0.48776
4006.0,97.0,0.521278
4006.0,98.0,0.494598
4006.0,99.0,0.45302
4006.0,100.0,0.590385
4006.0,101.0,0.4514
4006.0,102.0,0.472981
4006.0,103.0,0.486944
4006.0,104.0,0.517943
4006.0,105.0,0.491064
4006.0,106.0,0.466838
4006.0,107.0,0.514594
4006.0,108.0,0.472569
4006.0,109.0,0.427667
4006.0,110.0,0.466084
4006.0,111.0,0.504541
4006.0,112.0,0.463435
4006.0,113.0,0.462599
4006.0,114.0,0.493979
4006.0,115.0,0.516068
4006.0,116.0,0.482918
4006.0,117.0,0.494117
4006.0,118.0,0.472139
4006.0,119.0,0.458504
4006.0,120.0,0.520844
4006.0,121.0,0.511243
4006.0,122.0,0.539837
4006.0,123.0,0.512271
4006.0,124.0,0.460484
4006.0,125.0,0.553095
4006.0,126.0,0.490431
4006.0,127.0,0.472322
4006.0,128.0,0.490623
4006.0,129.0,0.507471
4006.0,130.0,0.476005
4006.0,131.0,0.491112
4006.0,132.0,0.534115
4006.0,133.0,0.508865
4006.0,134.0,0.493821
4006.0,135.0,0.496409
4006.0,136.0,0.453078
4006.0,137.0,0.507647
4006.0,138.0,0.533084
4006.0,139.0,0.527434
4006.0,140.0,0.51433
4006.0,141.0,0.472584
4006.0,142.0,0.475521
4006.0,143.0,0.500582
4006.0,144.0,0.504681
4006.0,145.0,0.550216
4006.0,146.0,0.536071
4006.0,147.0,0.51671
4007.0,0.0,0.515438
4007.0,1.0,0.538251
4007.0,2.0,0.494066
4007.0,3.0,0.431773
4007.0,4.0,0.489207
4007.0,5.0,0.519353
4007.0,6.0,0.481564
4007.0,7.0,0.515112
4007.0,8.0,0.509479
4007.0,9.0,0.515449
4007.0,10.0,0.481479
4007.0,11.0,0.508122
4007.0,12.0,0.522999
4007.0,13.0,0.496622
4007.0,14.0,0.514867
4007.0,15.0,0.482815
4007.0,16.0,0.442252
4007.0,17.0,0.444789
4007.0,18.0,0.474462
4007.0,19.0,0.554196
4007.0,20.0,0.483029
4007.0,21.0,0.456262
4007.0,22.0,0.547947
4007.0,23.0,0.473807
4007.0,24.0,0.490938
4007.0,25.0,0.489016
4007.0,26.0,0.55976
4007.0,27.0,0.46545
4007.0,28.0,0.476437
4007.0,29.0,0.479385
4007.0,30.0,0.538825
4007.0,31.0,0.502567
4007.0,32.0,0.482594
4007.0,33.0,0.481537
4007.0,34.0,0.487601
4007.0,35.0,0.527136
4007.0,36.0,0.525436
4007.0,37.0,0.495545
4007.0,38.0,0.493697
4007.0,39.0,0.519791
4007.0,40.0,0.464898
4007.0,41.0,0.49795
4007.0,42.0,0.483048
4007.0,43.0,0.464605
4007.0,44.0,0.510336
4007.0,45.0,0.484873
4007.0,46.0,0.473317
4007.0,47.0,0.49502
4007.0,48.0,0.475728
4007.0,49.0,0.392862
4007.0,50.0,0.491136
4007.0,51.0,0.525806
4007.0,52.0,0.508225
4007.0,53.0,0.487672
4007.0,54.0,0.434526
4007.0,55.0,0.489861
4007.0,56.0,0.474379
4007.0,57.0,0.489591
4007.0,58.0,0.489356
4007.0,59.0,0.517876
4007.0,60.0,0.519546
4007.0,61.0,0.512576
4007.0,62.0,0.494252
4007.0,63.0,0.495735
4007.0,64.0,0.434458
4007.0,65.0,0.441132
4007.0,66.0,0.529419
4007.0,67.0,0.518403
4007.0,68.0,0.442165
4007.0,69.0,0.52135
4007.0,70.0,0.456051
4007.0,71.0,0.500366
4007.0,72.0,0.5052
4007.0,73.0,0.495159
4007.0,74.0,0.484892
4007.0,75.0,0.496952
4007.0,76.0,0.480513
4007.0,77.0,0.471314
4007.0,78.0,0.548872
4007.0,79.0,0.544269
4007.0,80.0,0.460082
4007.0,81.0,0.438033
4007.0,82.0,0.519904
4007.0,83.0,0.537177
4007.0,84.0,0.503236
4007.0,85.0,0.541591
4007.0,86.0,0.440861
4007.0,87.0,0.513172
4007.0,88.0,0.501458
4007.0,89.0,0.508024
4007.0,90.0,0.529883
4007.0,91.0,0.465031
4007.0,92.0,0.481308
4007.0,93.0,0.573697
4007.0,94.0,0.480755
4007.0,95.0,0.5266
4007.0,96.0,0.487585
4007.0,97.0,0.522042
4007.0,98.0,0.494998
4007.0,99.0,0.452974
4007.0,100.0,0.590724
4007.0,101.0,0.451374
4007.0,102.0,0.473626
4007.0,103.0,0.486634
4007.0,104.0,0.518395
4007.0,105.0,0.491541
4007.0,106.0,0.467267
4007.0,107.0,0.514172
4007.0,108.0,0.471965
4007.0,109.0,0.427721
4007.0,110.0,0.466154
4007.0,111.0,0.504849
4007.0,112.0,0.463486
4007.0,113.0,0.462294
4007.0,114.0,0.49411
4007.0,115.0,0.515698
4007.0,116.0,0.482078
4007.0,117.0,0.494041
4007.0,118.0,0.471644
4007.0,119.0,0.458103
4007.0,120.0,0.520924
4007.0,121.0,0.510456
4007.0,122.0,0.539872
4007.0,123.0,0.51218
4007.0,124.0,0.461001
4007.0,125.0,0.552522
4007.0,126.0,0.491082
4007.0,127.0,0.472561
4007.0,128.0,0.491135
4007.0,129.0,0.508108
4007.0,130.0,0.475909
4007.0,131.0,0.491013
4007.0,132.0,0.534983
4007.0,133.0,0.508171
4007.0,134.0,0.493457
4007.0,135.0,0.496153
4007.0,136.0,0.452738
4007.0,137.0,0.508754
4007.0,138.0,0.532578
4007.0,139.0,0.527616
4007.0,140.0,0.514391
4007.0,141.0,0.471578
4007.0,142.0,0.475624
4007.0,143.0,0.500921
4007.0,144.0,0.504833
4007.0,145.0,0.549864
4007.0,146.0,0.535947
4007.0,147.0,0.516116
4008.0,0.0,0.514986
4008.0,1.0,0.538372
4008.0,2.0,0.49494
4008.0,3.0,0.431027
4008.0,4.0,0.489053
4008.0,5.0,0.520091
4008.0,6.0,0.482216
4008.0,7.0,0.514476
4008.0,8.0,0.510064
4008.0,9.0,0.514997
4008.0,10.0,0.481164
4008.0,11.0,0.509052
4008.0,12.0,0.523505
4008.0,13.0,0.496311
4008.0,14.0,0.514343
4008.0,15.0,0.483242
4008.0,16.0,0.441458
4008.0,17.0,0.445017
4008.0,18.0,0.474501
4008.0,19.0,0.554968
4008.0,20.0,0.483061
4008.0,21.0,0.456598
4008.0,22.0,0.548152
4008.0,23.0,0.474309
4008.0,24.0,0.49075
4008.0,25.0,0.488991
4008.0,26.0,0.559196
4008.0,27.0,0.465858
4008.0,28.0,0.476925
4008.0,29.0,0.479957
4008.0,30.0,0.538526
4008.0,31.0,0.502541
4008.0,32.0,0.482686
4008.0,33.0,0.481118
4008.0,34.0,0.487807
4008.0,35.0,0.528322
4008.0,36.0,0.525063
4008.0,37.0,0.495309
4008.0,38.0,0.493956
4008.0,39.0,0.520066
4008.0,40.0,0.465039
4008.0,41.0,0.498386
4008.0,42.0,0.483382
4008.0,43.0,0.464142
4008.0,44.0,0.511212
4008.0,45.0,0.48454
4008.0,46.0,0.473237
4008.0,47.0,0.494475
4008.0,48.0,0.47593
4008.0,49.0,0.391759
4008.0,50.0,0.491836
4008.0,51.0,0.525122
4008.0,52.0,0.508035
4008.0,53.0,0.488395
4008.0,54.0,0.433536
4008.0,55.0,0.489958
4008.0,56.0,0.474359
4008.0,57.0,0.489511
4008.0,58.0,0.487746
4008.0,59.0,0.5181
4008.0,60.0,0.519633
4008.0,61.0,0.512503
4008.0,62.0,0.494067
4008.0,63.0,0.495025
4008.0,64.0,0.433282
4008.0,65.0,0.441345
4008.0,66.0,0.529887
4008.0,67.0,0.517243
4008.0,68.0,0.442215
4008.0,69.0,0.521063
4008.0,70.0,0.456743
4008.0,71.0,0.500599
4008.0,72.0,0.505065
4008.0,73.0,0.496227
4008.0,74.0,0.484594
4008.0,75.0,0.497666
4008.0,76.0,0.480216
4008.0,77.0,0.471247
4008.0,78.0,0.548928
4008.0,79.0,0.543786
4008.0,80.0,0.459896
4008.0,81.0,0.438295
4008.0,82.0,0.519386
4008.0,83.0,0.536613
4008.0,84.0,0.50363
4008.0,85.0,0.541951
4008.0,86.0,0.440859
4008.0,87.0,0.513167
4008.0,88.0,0.501476
4008.0,89.0,0.508536
4008.0,90.0,0.5298
4008.0,91.0,0.464551
4008.0,92.0,0.481273
4008.0,93.0,0.57353
4008.0,94.0,0.48149
4008.0,95.0,0.527293
4008.0,96.0,0.488167
4008.0,97.0,0.521401
4008.0,98.0,0.494201
4008.0,99.0,0.452472
4008.0,100.0,0.590878
4008.0,101.0,0.451582
4008.0,102.0,0.473744
4008.0,103.0,0.486364
4008.0,104.0,0.518937
4008.0,105.0,0.49039
4008.0,106.0,0.466818
4008.0,107.0,0.513754
4008.0,108.0,0.471526
4008.0,109.0,0.427314
4008.0,110.0,0.466428
4008.0,111.0,0.505484
4008.0,112.0,0.463964
4008.0,113.0,0.461923
4008.0,114.0,0.493547
4008.0,115.0,0.515489
4008.0,116.0,0.48272
4008.0,117.0,0.493557
4008.0,118.0,0.470535
4008.0,119.0,0.458468
4008.0,120.0,0.52161
4008.0,121.0,0.510848
4008.0,122.0,0.539977
4008.0,123.0,0.51236
4008.0,124.0,0.461051
4008.0,125.0,0.552516
4008.0,126.0,0.490378
4008.0,127.0,0.472701
4008.0,128.0,0.492301
4008.0,129.0,0.508043
4008.0,130.0,0.476707
4008.0,131.0,0.491943
4008.0,132.0,0.535554
4008.0,133.0,0.508807
4008.0,134.0,0.494147
4008.0,135.0,0.496664
4008.0,136.0,0.450946
4008.0,137.0,0.50863
4008.0,138.0,0.53287
4008.0,139.0,0.527026
4008.0,140.0,0.514409
4008.0,141.0,0.471667
4008.0,142.0,0.47508
4008.0,143.0,0.501259
4008.0,144.0,0.504856
4008.0,145.0,0.550124
4008.0,146.0,0.53592
4008.0,147.0,0.515891
4009.0,0.0,0.515787
4009.0,1.0,0.538536
4009.0,2.0,0.494878
4009.0,3.0,0.43156
4009.0,4.0,0.489053
4009.0,5.0,0.52034
4009.0,6.0,0.481482
4009.0,7.0,0.514011
4009.0,8.0,0.510298
4009.0,9.0,0.516227
4009.0,10.0,0.48114
4009.0,11.0,0.508866
4009.0,12.0,0.523268
4009.0,13.0,0.496836
4009.0,14.0,0.513494
4009.0,15.0,0.483102
4009.0,16.0,0.441497
4009.0,17.0,0.444739
4009.0,18.0,0.473723
4009.0,19.0,0.554707
4009.0,20.0,0.483251
4009.0,21.0,0.45636
4009.0,22.0,0.547925
4009.0,23.0,0.473919
4009.0,24.0,0.490474
4009.0,25.0,0.489139
4009.0,26.0,0.55956
4009.0,27.0,0.465937
4009.0,28.0,0.476935
4009.0,29.0,0.479051
4009.0,30.0,0.538987
4009.0,31.0,0.502852
4009.0,32.0,0.483169
4009.0,33.0,0.481782
4009.0,34.0,0.487781
4009.0,35.0,0.527001
4009.0,36.0,0.525063
4009.0,37.0,0.494934
4009.0,38.0,0.493508
4009.0,39.0,0.519903
4009.0,40.0,0.464301
4009.0,41.0,0.498232
4009.0,42.0,0.483681
4009.0,43.0,0.46467
4009.0,44.0,0.510787
4009.0,45.0,0.48411
4009.0,46.0,0.472937
4009.0,47.0,0.495911
4009.0,48.0,0.475911
4009.0,49.0,0.391861
4009.0,50.0,0.49153
4009.0,51.0,0.525991
4009.0,52.0,0.508337
4009.0,53.0,0.487735
4009.0,54.0,0.434515
4009.0,55.0,0.490044
4009.0,56.0,0.474397
4009.0,57.0,0.489243
4009.0,58.0,0.487885
4009.0,59.0,0.518344
4009.0,60.0,0.519834
4009.0,61.0,0.512602
4009.0,62.0,0.49458
4009.0,63.0,0.495405
4009.0,64.0,0.432739
4009.0,65.0,0.44152
4009.0,66.0,0.530389
4009.0,67.0,0.516566
4009.0,68.0,0.442589
4009.0,69.0,0.521227
4009.0,70.0,0.457406
4009.0,71.0,0.500844
4009.0,72.0,0.505279
4009.0,73.0,0.497303
4009.0,74.0,0.484035
4009.0,75.0,0.497831
4009.0,76.0,0.480765
4009.0,77.0,0.471216
4009.0,78.0,0.548375
4009.0,79.0,0.54406
4009.0,80.0,0.460089
4009.0,81.0,0.438496
4009.0,82.0,0.519265
4009.0,83.0,0.537458
4009.0,84.0,0.503516
4009.0,85.0,0.541947
4009.0,86.0,0.441035
4009.0,87.0,0.51365
4009.0,88.0,0.500896
4009.0,89.0,0.508341
4009.0,90.0,0.529322
4009.0,91.0,0.464556
4009.0,92.0,0.481471
4009.0,93.0,0.574496
4009.0,94.0,0.481598
4009.0,95.0,0.527798
4009.0,96.0,0.488169
4009.0,97.0,0.520345
4009.0,98.0,0.493526
4009.0,99.0,0.452923
4009.0,100.0,0.589932
4009.0,101.0,0.451248
4009.0,102.0,0.473199
4009.0,103.0,0.486411
4009.0,104.0,0.519248
4009.0,105.0,0.490708
4009.0,106.0,0.466289
4009.0,107.0,0.513336
4009.0,108.0,0.471237
4009.0,109.0,0.427807
4009.0,110.0,0.466055
4009.0,111.0,0.505188
4009.0,112.0,0.464393
4009.0,113.0,0.462456
4009.0,114.0,0.494348
4009.0,115.0,0.515533
4009.0,116.0,0.482793
4009.0,117.0,0.493768
4009.0,118.0,0.471183
4009.0,119.0,0.45874
4009.0,120.0,0.522295
4009.0,121.0,0.511225
4009.0,122.0,0.539855
4009.0,123.0,0.512787
4009.0,124.0,0.462229
4009.0,125.0,0.551973
4009.0,126.0,0.490149
4009.0,127.0,0.472402
4009.0,128.0,0.492638
4009.0,129.0,0.507629
4009.0,130.0,0.476227
4009.0,131.0,0.492283
4009.0,132.0,0.536519
4009.0,133.0,0.509565
4009.0,134.0,0.494763
4009.0,135.0,0.49638
4009.0,136.0,0.451011
4009.0,137.0,0.508859
4009.0,138.0,0.532803
4009.0,139.0,0.526922
4009.0,140.0,0.514624
4009.0,141.0,0.472549
4009.0,142.0,0.475498
4009.0,143.0,0.50117
4009.0,144.0,0.50439
4009.0,145.0,0.550435
4009.0,146.0,0.536374
4009.0,147.0,0.516322
4010.0,0.0,0.516462
4010.0,1.0,0.538203
4010.0,2.0,0.495384
4010.0,3.0,0.431368
4010.0,4.0,0.488684
4010.0,5.0,0.520186
4010.0,6.0,0.480803
4010.0,7.0,0.513616
4010.0,8.0,0.510111
4010.0,9.0,0.515714
4010.0,10.0,0.479682
4010.0,11.0,0.508304
4010.0,12.0,0.523363
4010.0,13.0,0.497178
4010.0,14.0,0.513407
4010.0,15.0,0.482399
4010.0,16.0,0.440909
4010.0,17.0,0.445373
4010.0,18.0,0.473163
4010.0,19.0,0.554123
4010.0,20.0,0.483652
4010.0,21.0,0.456657
4010.0,22.0,0.548452
4010.0,23.0,0.473157
4010.0,24.0,0.489486
4010.0,25.0,0.488979
4010.0,26.0,0.559707
4010.0,27.0,0.466378
4010.0,28.0,0.476433
4010.0,29.0,0.479611
4010.0,30.0,0.539441
4010.0,31.0,0.501636
4010.0,32.0,0.483248
4010.0,33.0,0.482012
4010.0,34.0,0.488119
4010.0,35.0,0.526261
4010.0,36.0,0.525222
4010.0,37.0,0.495052
4010.0,38.0,0.49336
4010.0,39.0,0.519169
4010.0,40.0,0.464509
4010.0,41.0,0.498263
4010.0,42.0,0.483677
4010.0,43.0,0.465406
4010.0,44.0,0.51038
4010.0,45.0,0.483766
4010.0,46.0,0.473249
4010.0,47.0,0.495489
4010.0,48.0,0.475865
4010.0,49.0,0.391188
4010.0,50.0,0.491998
4010.0,51.0,0.525952
4010.0,52.0,0.509206
4010.0,53.0,0.487584
4010.0,54.0,0.433745
4010.0,55.0,0.49085
4010.0,56.0,0.473823
4010.0,57.0,0.489224
4010.0,58.0,0.486493
4010.0,59.0,0.517681
4010.0,60.0,0.520517
4010.0,61.0,0.513485
4010.0,62.0,0.494435
4010.0,63.0,0.495546
4010.0,64.0,0.432229
4010.0,65.0,0.441137
4010.0,66.0,0.530586
4010.0,67.0,0.515983
4010.0,68.0,0.442282
4010.0,69.0,0.521227
4010.0,70.0,0.457223
4010.0,71.0,0.4992
4010.0,72.0,0.505806
4010.0,73.0,0.496874
4010.0,74.0,0.484007
4010.0,75.0,0.497733
4010.0,76.0,0.479901
4010.0,77.0,0.471416
4010.0,78.0,0.549054
4010.0,79.0,0.544633
4010.0,80.0,0.460807
4010.0,81.0,0.438801
4010.0,82.0,0.519102
4010.0,83.0,0.537254
4010.0,84.0,0.503589
4010.0,85.0,0.541696
4010.0,86.0,0.441468
4010.0,87.0,0.512753
4010.0,88.0,0.500736
4010.0,89.0,0.508653
4010.0,90.0,0.528363
4010.0,91.0,0.465232
4010.0,92.0,0.482134
4010.0,93.0,0.574112
4010.0,94.0,0.481501
4010.0,95.0,0.52791
4010.0,96.0,0.488468
4010.0,97.0,0.520157
4010.0,98.0,0.493301
4010.0,99.0,0.452701
4010.0,100.0,0.590383
4010.0,101.0,0.451213
4010.0,102.0,0.473431
4010.0,103.0,0.48644
4010.0,104.0,0.518507
4010.0,105.0,0.490902
4010.0,106.0,0.466462
4010.0,107.0,0.512407
4010.0,108.0,0.471146
4010.0,109.0,0.42922
4010.0,110.0,0.466082
4010.0,111.0,0.505214
4010.0,112.0,0.463834
4010.0,113.0,0.46221
4010.0,114.0,0.494402
4010.0,115.0,0.515439
4010.0,116.0,0.482951
4010.0,117.0,0.493996
4010.0,118.0,0.470671
4010.0,119.0,0.457722
4010.0,120.0,0.522534
4010.0,121.0,0.511292
4010.0,122.0,0.539193
4010.0,123.0,0.513335
4010.0,124.0,0.461734
4010.0,125.0,0.551294
4010.0,126.0,0.488912
4010.0,127.0,0.473014
4010.0,128.0,0.492683
4010.0,129.0,0.507804
4010.0,130.0,0.476949
4010.0,131.0,0.492517
4010.0,132.0,0.536579
4010.0,133.0,0.509495
4010.0,134.0,0.495033
4010.0,135.0,0.496543
4010.0,136.0,0.450306
4010.0,137.0,0.508544
4010.0,138.0,0.532509
4010.0,139.0,0.525871
4010.0,140.0,0.514791
4010.0,141.0,0.472438
4010.0,142.0,0.47566
4010.0,143.0,0.501582
4010.0,144.0,0.504155
4010.0,145.0,0.550407
4010.0,146.0,0.536613
4010.0,147.0,0.515869
5000.0,0.0,0.546279
5000.0,1.0,0.535763
5000.0,2.0,0.482417
5000.0,3.0,0.453162
5000.0,4.0,0.480177
5000.0,5.0,0.519069
5000.0,6.0,0.503677
5000.0,7.0,0.511664
5000.0,8.0,0.517288
5000.0,9.0,0.528815
5000.0,10.0,0.473433
5000.0,11.0,0.520018
5000.0,12.0,0.531851
5000.0,13.0,0.521496
5000.0,14.0,0.515733
5000.0,15.0,0.488865
5000.0,16.0,0.471744
5000.0,17.0,0.44418
5000.0,18.0,0.462477
5000.0,19.0,0.553316
5000.0,20.0,0.4945
5000.0,21.0,0.458146
5000.0,22.0,0.571942
5000.0,23.0,0.490349
5000.0,24.0,0.476895
5000.0,25.0,0.486271
5000.0,26.0,0.564218
5000.0,27.0,0.454591
5000.0,28.0,0.453188
5000.0,29.0,0.479256
5000.0,30.0,0.548806
5000.0,31.0,0.505219
5000.0,32.0,0.480306
5000.0,33.0,0.50453
5000.0,34.0,0.488769
5000.0,35.0,0.508086
5000.0,36.0,0.55953
5000.0,37.0,0.490502
5000.0,38.0,0.497444
5000.0,39.0,0.518669
5000.0,40.0,0.458496
5000.0,41.0,0.485346
5000.0,42.0,0.470054
5000.0,43.0,0.449177
5000.0,44.0,0.483256
5000.0,45.0,0.469285
5000.0,46.0,0.477963
5000.0,47.0,0.54336
5000.0,48.0,0.479096
5000.0,49.0,0.387699
5000.0,50.0,0.508768
5000.0,51.0,0.530161
5000.0,52.0,0.525566
5000.0,53.0,0.470157
5000.0,54.0,0.431676
5000.0,55.0,0.48307
5000.0,56.0,0.458556
5000.0,57.0,0.468394
5000.0,58.0,0.491165
5000.0,59.0,0.51342
5000.0,60.0,0.526313
5000.0,61.0,0.469642
5000.0,62.0,0.504498
5000.0,63.0,0.47864
5000.0,64.0,0.444335
5000.0,65.0,0.426116
5000.0,66.0,0.534499
5000.0,67.0,0.511913
5000.0,68.0,0.426739
5000.0,69.0,0.494613
5000.0,70.0,0.447793
5000.0,71.0,0.520618
5000.0,72.0,0.51182
5000.0,73.0,0.488814
5000.0,74.0,0.481217
5000.0,75.0,0.484182
5000.0,76.0,0.504957
5000.0,77.0,0.454478
5000.0,78.0,0.567437
5000.0,79.0,0.515791
5000.0,80.0,0.467475
5000.0,81.0,0.452719
5000.0,82.0,0.526874
5000.0,83.0,0.531884
5000.0,84.0,0.515438
5000.0,85.0,0.53814
5000.0,86.0,0.444752
5000.0,87.0,0.523873
5000.0,88.0,0.482752
5000.0,89.0,0.490963
5000.0,90.0,0.512872
5000.0,91.0,0.45033
5000.0,92.0,0.472514
5000.0,93.0,0.579354
5000.0,94.0,0.48819
5000.0,95.0,0.51053
5000.0,96.0,0.498818
5000.0,97.0,0.532371
5000.0,98.0,0.499519
5000.0,99.0,0.47298
5000.0,100.0,0.620396
5000.0,101.0,0.448934
5000.0,102.0,0.472808
5000.0,103.0,0.48759
5000.0,104.0,0.53617
5000.0,105.0,0.505812
5000.0,106.0,0.452021
5000.0,107.0,0.522251
5000.0,108.0,0.452351
5000.0,109.0,0.438557
5000.0,110.0,0.475263
5000.0,111.0,0.52005
5000.0,112.0,0.495467
5000.0,113.0,0.468235
5000.0,114.0,0.486276
5000.0,115.0,0.502088
5000.0,116.0,0.509822
5000.0,117.0,0.47936
5000.0,118.0,0.466964
5000.0,119.0,0.442584
5000.0,120.0,0.53425
5000.0,121.0,0.517606
5000.0,122.0,0.534153
5000.0,123.0,0.511018
5000.0,124.0,0.456438
5000.0,125.0,0.536854
5000.0,126.0,0.500807
5000.0,127.0,0.496277
5000.0,128.0,0.513822
5000.0,129.0,0.520587
5000.0,130.0,0.482532
5000.0,131.0,0.486957
5000.0,132.0,0.519819
5000.0,133.0,0.491725
5000.0,134.0,0.510997
5000.0,135.0,0.514333
5000.0,136.0,0.44278
5000.0,137.0,0.507804
5000.0,138.0,0.515825
5000.0,139.0,0.526008
5000.0,140.0,0.491576
5000.0,141.0,0.446187
5000.0,142.0,0.483561
5000.0,143.0,0.493531
5000.0,144.0,0.494465
5000.0,145.0,0.547266
5000.0,146.0,0.54891
5000.0,147.0,0.500797
5001.0,0.0,0.54638
5001.0,1.0,0.535916
5001.0,2.0,0.481562
5001.0,3.0,0.452709
5001.0,4.0,0.479874
5001.0,5.0,0.518741
5001.0,6.0,0.504613
5001.0,7.0,0.511835
5001.0,8.0,0.518114
5001.0,9.0,0.528516
5001.0,10.0,0.473384
5001.0,11.0,0.520025
5001.0,12.0,0.53194
5001.0,13.0,0.521368
5001.0,14.0,0.515989
5001.0,15.0,0.488646
5001.0,16.0,0.471041
5001.0,17.0,0.443826
5001.0,18.0,0.462469
5001.0,19.0,0.552645
5001.0,20.0,0.495755
5001.0,21.0,0.458623
5001.0,22.0,0.571536
5001.0,23.0,0.490431
5001.0,24.0,0.475534
5001.0,25.0,0.48655
5001.0,26.0,0.564948
5001.0,27.0,0.454389
5001.0,28.0,0.453581
5001.0,29.0,0.479128
5001.0,30.0,0.549161
5001.0,31.0,0.506043
5001.0,32.0,0.480087
5001.0,33.0,0.504747
5001.0,34.0,0.48889
5001.0,35.0,0.50687
5001.0,36.0,0.559868
5001.0,37.0,0.4896
5001.0,38.0,0.497391
5001.0,39.0,0.518662
5001.0,40.0,0.459016
5001.0,41.0,0.48529
5001.0,42.0,0.469834
5001.0,43.0,0.448172
5001.0,44.0,0.483334
5001.0,45.0,0.469228
5001.0,46.0,0.478162
5001.0,47.0,0.542888
5001.0,48.0,0.479115
5001.0,49.0,0.387485
5001.0,50.0,0.509156
5001.0,51.0,0.529626
5001.0,52.0,0.525368
5001.0,53.0,0.470679
5001.0,54.0,0.43103
5001.0,55.0,0.482972
5001.0,56.0,0.458021
5001.0,57.0,0.468337
5001.0,58.0,0.490465
5001.0,59.0,0.513832
5001.0,60.0,0.526737
5001.0,61.0,0.470366
5001.0,62.0,0.505352
5001.0,63.0,0.478666
5001.0,64.0,0.444931
5001.0,65.0,0.427444
5001.0,66.0,0.534755
5001.0,67.0,0.511524
5001.0,68.0,0.426338
5001.0,69.0,0.495448
5001.0,70.0,0.447898
5001.0,71.0,0.520777
5001.0,72.0,0.511556
5001.0,73.0,0.488883
5001.0,74.0,0.482101
5001.0,75.0,0.484546
5001.0,76.0,0.506006
5001.0,77.0,0.454739
5001.0,78.0,0.567148
5001.0,79.0,0.515514
5001.0,80.0,0.468028
5001.0,81.0,0.45296
5001.0,82.0,0.526823
5001.0,83.0,0.53245
5001.0,84.0,0.515472
5001.0,85.0,0.538867
5001.0,86.0,0.444404
5001.0,87.0,0.52485
5001.0,88.0,0.48381
5001.0,89.0,0.490834
5001.0,90.0,0.51274
5001.0,91.0,0.449865
5001.0,92.0,0.472056
5001.0,93.0,0.578871
5001.0,94.0,0.488269
5001.0,95.0,0.510307
5001.0,96.0,0.499333
5001.0,97.0,0.53251
5001.0,98.0,0.499591
5001.0,99.0,0.473414
5001.0,100.0,0.619901
5001.0,101.0,0.448706
5001.0,102.0,0.473297
5001.0,103.0,0.487369
5001.0,104.0,0.535926
5001.0,105.0,0.505928
5001.0,106.0,0.452272
5001.0,107.0,0.522215
5001.0,108.0,0.451953
5001.0,109.0,0.438657
5001.0,110.0,0.475464
5001.0,111.0,0.520117
5001.0,112.0,0.495696
5001.0,113.0,0.468224
5001.0,114.0,0.486704
5001.0,115.0,0.501273
5001.0,116.0,0.509902
5001.0,117.0,0.47893
5001.0,118.0,0.467098
5001.0,119.0,0.442414
5001.0,120.0,0.534167
5001.0,121.0,0.517685
5001.0,122.0,0.5341
5001.0,123.0,0.511983
5001.0,124.0,0.456242
5001.0,125.0,0.536443
5001.0,126.0,0.500735
5001.0,127.0,0.496458
5001.0,128.0,0.513344
5001.0,129.0,0.520338
5001.0,130.0,0.483209
5001.0,131.0,0.486455
5001.0,132.0,0.519708
5001.0,133.0,0.492539
5001.0,134.0,0.510933
5001.0,135.0,0.514331
5001.0,136.0,0.441876
5001.0,137.0,0.506872
5001.0,138.0,0.515788
5001.0,139.0,0.526017
5001.0,140.0,0.491462
5001.0,141.0,0.446523
5001.0,142.0,0.483177
5001.0,143.0,0.493963
5001.0,144.0,0.494469
5001.0,145.0,0.547602
5001.0,146.0,0.547789
5001.0,147.0,0.50122
5002.0,0.0,0.546416
5002.0,1.0,0.535751
5002.0,2.0,0.481734
5002.0,3.0,0.452772
5002.0,4.0,0.479906
5002.0,5.0,0.519198
5002.0,6.0,0.504421
5002.0,7.0,0.511614
5002.0,8.0,0.518152
5002.0,9.0,0.527879
5002.0,10.0,0.473436
5002.0,11.0,0.520243
5002.0,12.0,0.531856
5002.0,13.0,0.521074
5002.0,14.0,0.516713
5002.0,15.0,0.488914
5002.0,16.0,0.470809
5002.0,17.0,0.444055
5002.0,18.0,0.46356
5002.0,19.0,0.552773
5002.0,20.0,0.495708
5002.0,21.0,0.458705
5002.0,22.0,0.571418
5002.0,23.0,0.490193
5002.0,24.0,0.475492
5002.0,25.0,0.486319
5002.0,26.0,0.564421
5002.0,27.0,0.455762
5002.0,28.0,0.453626
5002.0,29.0,0.480466
5002.0,30.0,0.549481
5002.0,31.0,0.505362
5002.0,32.0,0.479271
5002.0,33.0,0.50387
5002.0,34.0,0.48829
5002.0,35.0,0.506803
5002.0,36.0,0.56006
5002.0,37.0,0.489184
5002.0,38.0,0.497695
5002.0,39.0,0.518773
5002.0,40.0,0.459478
5002.0,41.0,0.485139
5002.0,42.0,0.469143
5002.0,43.0,0.448443
5002.0,44.0,0.483045
5002.0,45.0,0.468308
5002.0,46.0,0.478716
5002.0,47.0,0.542735
5002.0,48.0,0.479132
5002.0,49.0,0.387765
5002.0,50.0,0.509434
5002.0,51.0,0.529961
5002.0,52.0,0.525717
5002.0,53.0,0.471228
5002.0,54.0,0.431782
5002.0,55.0,0.4838
5002.0,56.0,0.457733
5002.0,57.0,0.468349
5002.0,58.0,0.489864
5002.0,59.0,0.514445
5002.0,60.0,0.526191
5002.0,61.0,0.470027
5002.0,62.0,0.505542
5002.0,63.0,0.478085
5002.0,64.0,0.444265
5002.0,65.0,0.427377
5002.0,66.0,0.534125
5002.0,67.0,0.511738
5002.0,68.0,0.426786
5002.0,69.0,0.495301
5002.0,70.0,0.448477
5002.0,71.0,0.520277
5002.0,72.0,0.51246
5002.0,73.0,0.48874
5002.0,74.0,0.482393
5002.0,75.0,0.484405
5002.0,76.0,0.506383
5002.0,77.0,0.454466
5002.0,78.0,0.568133
5002.0,79.0,0.515271
5002.0,80.0,0.467466
5002.0,81.0,0.45229
5002.0,82.0,0.527496
5002.0,83.0,0.533132
5002.0,84.0,0.515108
5002.0,85.0,0.538268
5002.0,86.0,0.44484
5002.0,87.0,0.525322
5002.0,88.0,0.484682
5002.0,89.0,0.49124
5002.0,90.0,0.513016
5002.0,91.0,0.449864
5002.0,92.0,0.472326
5002.0,93.0,0.579276
5002.0,94.0,0.487916
5002.0,95.0,0.509892
5002.0,96.0,0.49965
5002.0,97.0,0.532664
5002.0,98.0,0.499331
5002.0,99.0,0.474207
5002.0,100.0,0.619777
5002.0,101.0,0.448888
5002.0,102.0,0.473322
5002.0,103.0,0.487482
5002.0,104.0,0.535369
5002.0,105.0,0.50539
5002.0,106.0,0.451975
5002.0,107.0,0.521785
5002.0,108.0,0.451706
5002.0,109.0,0.439434
5002.0,110.0,0.474843
5002.0,111.0,0.520043
5002.0,112.0,0.495601
5002.0,113.0,0.468175
5002.0,114.0,0.48751
5002.0,115.0,0.501204
5002.0,116.0,0.509931
5002.0,117.0,0.478633
5002.0,118.0,0.466576
5002.0,119.0,0.441448
5002.0,120.0,0.534647
5002.0,121.0,0.517729
5002.0,122.0,0.533679
5002.0,123.0,0.512508
5002.0,124.0,0.45596
5002.0,125.0,0.536249
5002.0,126.0,0.500712
5002.0,127.0,0.496179
5002.0,128.0,0.51368
5002.0,129.0,0.520034
5002.0,130.0,0.483199
5002.0,131.0,0.486789
5002.0,132.0,0.519944
5002.0,133.0,0.492062
5002.0,134.0,0.511164
5002.0,135.0,0.514322
5002.0,136.0,0.442256
5002.0,137.0,0.506581
5002.0,138.0,0.515385
5002.0,139.0,0.525996
5002.0,140.0,0.491764
5002.0,141.0,0.445656
5002.0,142.0,0.483389
5002.0,143.0,0.493447
5002.0,144.0,0.494423
5002.0,145.0,0.548081
5002.0,146.0,0.547686
5002.0,147.0,0.501568
5003.0,0.0,0.54614
5003.0,1.0,0.535814
5003.0,2.0,0.481574
5003.0,3.0,0.453811
5003.0,4.0,0.479662
5003.0,5.0,0.519602
5003.0,6.0,0.504862
5003.0,7.0,0.511374
5003.0,8.0,0.517873
5003.0,9.0,0.527715
5003.0,10.0,0.473281
5003.0,11.0,0.519534
5003.0,12.0,0.531461
5003.0,13.0,0.521554
5003.0,14.0,0.516463
5003.0,15.0,0.489193
5003.0,16.0,0.470564
5003.0,17.0,0.444682
5003.0,18.0,0.464027
5003.0,19.0,0.553677
5003.0,20.0,0.495973
5003.0,21.0,0.458473
5003.0,22.0,0.570631
5003.0,23.0,0.489614
5003.0,24.0,0.47613
5003.0,25.0,0.486927
5003.0,26.0,0.564425
5003.0,27.0,0.455316
5003.0,28.0,0.452954
5003.0,29.0,0.481366
5003.0,30.0,0.549682
5003.0,31.0,0.505005
5003.0,32.0,0.479812
5003.0,33.0,0.503632
5003.0,34.0,0.488548
5003.0,35.0,0.505401
5003.0,36.0,0.560612
5003.0,37.0,0.489122
5003.0,38.0,0.498318
5003.0,39.0,0.519501
5003.0,40.0,0.459002
5003.0,41.0,0.48432
5003.0,42.0,0.469429
5003.0,43.0,0.448455
5003.0,44.0,0.482855
5003.0,45.0,0.468809
5003.0,46.0,0.478316
5003.0,47.0,0.542099
5003.0,48.0,0.480008
5003.0,49.0,0.387646
5003.0,50.0,0.510001
5003.0,51.0,0.530717
5003.0,52.0,0.526017
5003.0,53.0,0.471299
5003.0,54.0,0.431883
5003.0,55.0,0.484722
5003.0,56.0,0.457965
5003.0,57.0,0.467685
5003.0,58.0,0.490093
5003.0,59.0,0.514444
5003.0,60.0,0.526841
5003.0,61.0,0.470179
5003.0,62.0,0.505727
5003.0,63.0,0.478693
5003.0,64.0,0.443652
5003.0,65.0,0.42789
5003.0,66.0,0.533987
5003.0,67.0,0.511827
5003.0,68.0,0.426845
5003.0,69.0,0.495229
5003.0,70.0,0.448881
5003.0,71.0,0.520129
5003.0,72.0,0.512184
5003.0,73.0,0.488627
5003.0,74.0,0.484226
5003.0,75.0,0.483335
5003.0,76.0,0.506245
5003.0,77.0,0.454328
5003.0,78.0,0.567534
5003.0,79.0,0.515418
5003.0,80.0,0.467115
5003.0,81.0,0.452705
5003.0,82.0,0.527583
5003.0,83.0,0.532187
5003.0,84.0,0.515082
5003.0,85.0,0.538425
5003.0,86.0,0.445471
5003.0,87.0,0.524979
5003.0,88.0,0.483983
5003.0,89.0,0.49176
5003.0,90.0,0.512806
5003.0,91.0,0.449389
5003.0,92.0,0.472227
5003.0,93.0,0.579628
5003.0,94.0,0.48705
5003.0,95.0,0.510224
5003.0,96.0,0.498221
5003.0,97.0,0.533055
5003.0,98.0,0.499522
5003.0,99.0,0.473346
5003.0,100.0,0.61963
5003.0,101.0,0.448674
5003.0,102.0,0.473024
5003.0,103.0,0.488496
5003.0,104.0,0.534743
5003.0,105.0,0.506484
5003.0,106.0,0.451571
5003.0,107.0,0.522627
5003.0,108.0,0.450948
5003.0,109.0,0.439684
5003.0,110.0,0.47588
5003.0,111.0,0.520279
5003.0,112.0,0.494917
5003.0,113.0,0.467863
5003.0,114.0,0.487447
5003.0,115.0,0.501138
5003.0,116.0,0.509536
5003.0,117.0,0.479326
5003.0,118.0,0.466926
5003.0,119.0,0.44233
5003.0,120.0,0.53459
5003.0,121.0,0.518619
5003.0,122.0,0.533364
5003.0,123.0,0.511941
5003.0,124.0,0.455894
5003.0,125.0,0.53532
5003.0,126.0,0.501018
5003.0,127.0,0.495694
5003.0,128.0,0.513743
5003.0,129.0,0.519136
5003.0,130.0,0.48237
5003.0,131.0,0.486988
5003.0,132.0,0.520255
5003.0,133.0,0.491886
5003.0,134.0,0.511559
5003.0,135.0,0.514766
5003.0,136.0,0.442834
5003.0,137.0,0.506508
5003.0,138.0,0.515033
5003.0,139.0,0.526814
5003.0,140.0,0.491639
5003.0,141.0,0.445981
5003.0,142.0,0.482915
5003.0,143.0,0.493037
5003.0,144.0,0.494678
5003.0,145.0,0.548428
5003.0,146.0,0.547489
5003.0,147.0,0.501059
5004.0,0.0,0.54603
5004.0,1.0,0.535088
5004.0,2.0,0.481816
5004.0,3.0,0.454914
5004.0,4.0,0.480729
5004.0,5.0,0.519144
5004.0,6.0,0.504779
5004.0,7.0,0.511104
5004.0,8.0,0.518074
5004.0,9.0,0.52835
5004.0,10.0,0.472881
5004.0,11.0,0.518992
5004.0,12.0,0.531214
5004.0,13.0,0.522468
5004.0,14.0,0.516364
5004.0,15.0,0.489173
5004.0,16.0,0.470822
5004.0,17.0,0.444357
5004.0,18.0,0.464066
5004.0,19.0,0.554097
5004.0,20.0,0.495648
5004.0,21.0,0.458852
5004.0,22.0,0.570903
5004.0,23.0,0.489656
5004.0,24.0,0.476357
5004.0,25.0,0.486631
5004.0,26.0,0.564561
5004.0,27.0,0.455868
5004.0,28.0,0.452887
5004.0,29.0,0.48194
5004.0,30.0,0.55014
5004.0,31.0,0.50583
5004.0,32.0,0.478928
5004.0,33.0,0.5045
5004.0,34.0,0.48764
5004.0,35.0,0.505409
5004.0,36.0,0.560383
5004.0,37.0,0.489044
5004.0,38.0,0.499381
5004.0,39.0,0.519034
5004.0,40.0,0.459266
5004.0,41.0,0.484577
5004.0,42.0,0.469743
5004.0,43.0,0.448635
5004.0,44.0,0.482388
5004.0,45.0,0.468717
5004.0,46.0,0.478394
5004.0,47.0,0.542841
5004.0,48.0,0.479421
5004.0,49.0,0.388209
5004.0,50.0,0.509814
5004.0,51.0,0.530517
5004.0,52.0,0.525897
5004.0,53.0,0.4704
5004.0,54.0,0.431246
5004.0,55.0,0.484098
5004.0,56.0,0.457902
5004.0,57.0,0.467075
5004.0,58.0,0.490362
5004.0,59.0,0.514398
5004.0,60.0,0.526892
5004.0,61.0,0.470608
5004.0,62.0,0.505247
5004.0,63.0,0.478761
5004.0,64.0,0.443771
5004.0,65.0,0.427932
5004.0,66.0,0.534058
5004.0,67.0,0.512008
5004.0,68.0,0.426649
5004.0,69.0,0.495803
5004.0,70.0,0.448702
5004.0,71.0,0.521018
5004.0,72.0,0.512421
5004.0,73.0,0.487826
5004.0,74.0,0.484733
5004.0,75.0,0.483092
5004.0,76.0,0.505732
5004.0,77.0,0.454925
5004.0,78.0,0.567874
5004.0,79.0,0.514843
5004.0,80.0,0.467323
5004.0,81.0,0.452096
5004.0,82.0,0.527974
5004.0,83.0,0.532268
5004.0,84.0,0.514615
5004.0,85.0,0.537969
5004.0,86.0,0.445717
5004.0,87.0,0.524456
5004.0,88.0,0.483779
5004.0,89.0,0.490955
5004.0,90.0,0.512935
5004.0,91.0,0.45005
5004.0,92.0,0.471707
5004.0,93.0,0.579228
5004.0,94.0,0.487362
5004.0,95.0,0.510341
5004.0,96.0,0.498392
5004.0,97.0,0.532765
5004.0,98.0,0.499108
5004.0,99.0,0.47357
5004.0,100.0,0.619815
5004.0,101.0,0.448489
5004.0,102.0,0.474557
5004.0,103.0,0.488693
5004.0,104.0,0.535739
5004.0,105.0,0.505937
5004.0,106.0,0.451867
5004.0,107.0,0.523334
5004.0,108.0,0.451178
5004.0,109.0,0.439463
5004.0,110.0,0.475492
5004.0,111.0,0.520545
5004.0,112.0,0.494763
5004.0,113.0,0.469046
5004.0,114.0,0.487673
5004.0,115.0,0.500469
5004.0,116.0,0.510266
5004.0,117.0,0.479613
5004.0,118.0,0.467655
5004.0,119.0,0.442528
5004.0,120.0,0.534984
5004.0,121.0,0.517705
5004.0,122.0,0.53396
5004.0,123.0,0.512358
5004.0,124.0,0.455914
5004.0,125.0,0.536001
5004.0,126.0,0.501374
5004.0,127.0,0.495579
5004.0,128.0,0.5133
5004.0,129.0,0.52005
5004.0,130.0,0.481811
5004.0,131.0,0.486377
5004.0,132.0,0.520353
5004.0,133.0,0.491995
5004.0,134.0,0.511061
5004.0,135.0,0.514724
5004.0,136.0,0.44277
5004.0,137.0,0.506424
5004.0,138.0,0.515205
5004.0,139.0,0.527188
5004.0,140.0,0.491778
5004.0,141.0,0.445549
5004.0,142.0,0.483061
5004.0,143.0,0.492859
5004.0,144.0,0.495438
5004.0,145.0,0.548369
5004.0,146.0,0.547626
5004.0,147.0,0.501314
5005.0,0.0,0.54645
5005.0,1.0,0.534596
5005.0,2.0,0.481975
5005.0,3.0,0.455041
5005.0,4.0,0.480703
5005.0,5.0,0.519121
5005.0,6.0,0.50542
5005.0,7.0,0.510432
5005.0,8.0,0.518148
5005.0,9.0,0.528038
5005.0,10.0,0.472174
5005.0,11.0,0.518895
5005.0,12.0,0.531681
5005.0,13.0,0.523136
5005.0,14.0,0.516797
5005.0,15.0,0.488846
5005.0,16.0,0.471028
5005.0,17.0,0.444734
5005.0,18.0,0.464267
5005.0,19.0,0.55425
5005.0,20.0,0.494563
5005.0,21.0,0.458827
5005.0,22.0,0.570888
5005.0,23.0,0.490027
5005.0,24.0,0.475858
5005.0,25.0,0.486669
5005.0,26.0,0.565165
5005.0,27.0,0.456182
5005.0,28.0,0.453136
5005.0,29.0,0.481533
5005.0,30.0,0.549772
5005.0,31.0,0.505825
5005.0,32.0,0.478993
5005.0,33.0,0.504596
5005.0,34.0,0.488042
5005.0,35.0,0.504405
5005.0,36.0,0.560838
5005.0,37.0,0.488972
5005.0,38.0,0.49937
5005.0,39.0,0.518921
5005.0,40.0,0.4589
5005.0,41.0,0.484289
5005.0,42.0,0.468991
5005.0,43.0,0.448855
5005.0,44.0,0.482433
5005.0,45.0,0.467282
5005.0,46.0,0.478069
5005.0,47.0,0.542304
5005.0,48.0,0.479611
5005.0,49.0,0.388386
5005.0,50.0,0.509664
5005.0,51.0,0.530761
5005.0,52.0,0.525319
5005.0,53.0,0.470712
5005.0,54.0,0.430417
5005.0,55.0,0.483783
5005.0,56.0,0.457371
5005.0,57.0,0.467244
5005.0,58.0,0.490172
5005.0,59.0,0.514257
5005.0,60.0,0.526803
5005.0,61.0,0.470563
5005.0,62.0,0.504063
5005.0,63.0,0.477699
5005.0,64.0,0.443847
5005.0,65.0,0.429081
5005.0,66.0,0.53377
5005.0,67.0,0.511626
5005.0,68.0,0.426444
5005.0,69.0,0.494637
5005.0,70.0,0.449004
5005.0,71.0,0.520507
5005.0,72.0,0.512259
5005.0,73.0,0.488133
5005.0,74.0,0.485196
5005.0,75.0,0.482419
5005.0,76.0,0.50547
5005.0,77.0,0.453977
5005.0,78.0,0.567895
5005.0,79.0,0.515297
5005.0,80.0,0.4679
5005.0,81.0,0.452374
5005.0,82.0,0.527978
5005.0,83.0,0.532231
5005.0,84.0,0.514426
5005.0,85.0,0.537994
5005.0,86.0,0.44699
5005.0,87.0,0.524251
5005.0,88.0,0.484095
5005.0,89.0,0.49066
5005.0,90.0,0.513293
5005.0,91.0,0.450545
5005.0,92.0,0.471349
5005.0,93.0,0.579367
5005.0,94.0,0.487177
5005.0,95.0,0.510811
5005.0,96.0,0.498916
5005.0,97.0,0.533183
5005.0,98.0,0.498651
5005.0,99.0,0.473935
5005.0,100.0,0.618677
5005.0,101.0,0.448116
5005.0,102.0,0.474512
5005.0,103.0,0.489404
5005.0,104.0,0.535197
5005.0,105.0,0.506559
5005.0,106.0,0.451678
5005.0,107.0,0.523293
5005.0,108.0,0.450443
5005.0,109.0,0.439151
5005.0,110.0,0.47542
5005.0,111.0,0.520047
5005.0,112.0,0.494535
5005.0,113.0,0.47027
5005.0,114.0,0.487942
5005.0,115.0,0.500133
5005.0,116.0,0.510589
5005.0,117.0,0.479387
5005.0,118.0,0.467914
5005.0,119.0,0.442376
5005.0,120.0,0.534587
5005.0,121.0,0.517999
5005.0,122.0,0.533956
5005.0,123.0,0.5122
5005.0,124.0,0.455976
5005.0,125.0,0.536894
5005.0,126.0,0.501167
5005.0,127.0,0.496023
5005.0,128.0,0.512825
5005.0,129.0,0.519724
5005.0,130.0,0.482173
5005.0,131.0,0.486534
5005.0,132.0,0.520594
5005.0,133.0,0.4928
5005.0,134.0,0.510874
5005.0,135.0,0.51511
5005.0,136.0,0.442252
5005.0,137.0,0.506599
5005.0,138.0,0.515259
5005.0,139.0,0.527112
5005.0,140.0,0.492134
5005.0,141.0,0.445406
5005.0,142.0,0.48326
5005.0,143.0,0.492834
5005.0,144.0,0.496262
5005.0,145.0,0.548234
5005.0,146.0,0.547345
5005.0,147.0,0.501318
5006.0,0.0,0.546742
5006.0,1.0,0.534518
5006.0,2.0,0.482486
5006.0,3.0,0.454625
5006.0,4.0,0.48103
5006.0,5.0,0.519543
5006.0,6.0,0.505752
5006.0,7.0,0.510061
5006.0,8.0,0.5178
5006.0,9.0,0.528425
5006.0,10.0,0.47357
5006.0,11.0,0.519269
5006.0,12.0,0.533235
5006.0,13.0,0.52277
5006.0,14.0,0.517705
5006.0,15.0,0.488234
5006.0,16.0,0.471705
5006.0,17.0,0.444921
5006.0,18.0,0.465007
5006.0,19.0,0.553271
5006.0,20.0,0.494351
5006.0,21.0,0.45909
5006.0,22.0,0.570888
5006.0,23.0,0.489793
5006.0,24.0,0.476367
5006.0,25.0,0.485794
5006.0,26.0,0.564959
5006.0,27.0,0.456186
5006.0,28.0,0.45251
5006.0,29.0,0.481131
5006.0,30.0,0.549779
5006.0,31.0,0.505473
5006.0,32.0,0.47964
5006.0,33.0,0.504357
5006.0,34.0,0.487956
5006.0,35.0,0.505051
5006.0,36.0,0.56179
5006.0,37.0,0.488853
5006.0,38.0,0.499628
5006.0,39.0,0.518798
5006.0,40.0,0.459097
5006.0,41.0,0.484631
5006.0,42.0,0.468815
5006.0,43.0,0.448709
5006.0,44.0,0.482545
5006.0,45.0,0.467108
5006.0,46.0,0.478407
5006.0,47.0,0.541969
5006.0,48.0,0.479659
5006.0,49.0,0.38833
5006.0,50.0,0.50957
5006.0,51.0,0.530877
5006.0,52.0,0.525743
5006.0,53.0,0.471696
5006.0,54.0,0.430526
5006.0,55.0,0.483355
5006.0,56.0,0.45704
5006.0,57.0,0.467275
5006.0,58.0,0.490707
5006.0,59.0,0.514507
5006.0,60.0,0.527635
5006.0,61.0,0.470396
5006.0,62.0,0.504314
5006.0,63.0,0.477456
5006.0,64.0,0.444616
5006.0,65.0,0.428908
5006.0,66.0,0.533
5006.0,67.0,0.51226
5006.0,68.0,0.42603
5006.0,69.0,0.49505
5006.0,70.0,0.448416
5006.0,71.0,0.520277
5006.0,72.0,0.512348
5006.0,73.0,0.48813
5006.0,74.0,0.484514
5006.0,75.0,0.482818
5006.0,76.0,0.504719
5006.0,77.0,0.454608
5006.0,78.0,0.567554
5006.0,79.0,0.515602
5006.0,80.0,0.467768
5006.0,81.0,0.453062
5006.0,82.0,0.527871
5006.0,83.0,0.532821
5006.0,84.0,0.514878
5006.0,85.0,0.538648
5006.0,86.0,0.446895
5006.0,87.0,0.523737
5006.0,88.0,0.483752
5006.0,89.0,0.49118
5006.0,90.0,0.513699
5006.0,91.0,0.449789
5006.0,92.0,0.470461
5006.0,93.0,0.578304
5006.0,94.0,0.486364
5006.0,95.0,0.510421
5006.0,96.0,0.498782
5006.0,97.0,0.533673
5006.0,98.0,0.498511
5006.0,99.0,0.473427
5006.0,100.0,0.618471
5006.0,101.0,0.448082
5006.0,102.0,0.474292
5006.0,103.0,0.490096
5006.0,104.0,0.536595
5006.0,105.0,0.506805
5006.0,106.0,0.451707
5006.0,107.0,0.523959
5006.0,108.0,0.45079
5006.0,109.0,0.439401
5006.0,110.0,0.475577
5006.0,111.0,0.520094
5006.0,112.0,0.494841
5006.0,113.0,0.470262
5006.0,114.0,0.488004
5006.0,115.0,0.499775
5006.0,116.0,0.510208
5006.0,117.0,0.479053
5006.0,118.0,0.468292
5006.0,119.0,0.441862
5006.0,120.0,0.535095
5006.0,121.0,0.517424
5006.0,122.0,0.534676
5006.0,123.0,0.512217
5006.0,124.0,0.456316
5006.0,125.0,0.536133
5006.0,126.0,0.50104
5006.0,127.0,0.49632
5006.0,128.0,0.513227
5006.0,129.0,0.519392
5006.0,130.0,0.481676
5006.0,131.0,0.486358
5006.0,132.0,0.519741
5006.0,133.0,0.49282
5006.0,134.0,0.510458
5006.0,135.0,0.515785
5006.0,136.0,0.443176
5006.0,137.0,0.507008
5006.0,138.0,0.515725
5006.0,139.0,0.527829
5006.0,140.0,0.491511
5006.0,141.0,0.444833
5006.0,142.0,0.483074
5006.0,143.0,0.492586
5006.0,144.0,0.4969
5006.0,145.0,0.547713
5006.0,146.0,0.547097
5006.0,147.0,0.500388
5007.0,0.0,0.547383
5007.0,1.0,0.534372
5007.0,2.0,0.482903
5007.0,3.0,0.455339
5007.0,4.0,0.481715
5007.0,5.0,0.520628
5007.0,6.0,0.506161
5007.0,7.0,0.510253
5007.0,8.0,0.517424
5007.0,9.0,0.528468
5007.0,10.0,0.474483
5007.0,11.0,0.519857
5007.0,12.0,0.533846
5007.0,13.0,0.522784
5007.0,14.0,0.517722
5007.0,15.0,0.487509
5007.0,16.0,0.472075
5007.0,17.0,0.445119
5007.0,18.0,0.465352
5007.0,19.0,0.553354
5007.0,20.0,0.493911
5007.0,21.0,0.458534
5007.0,22.0,0.570606
5007.0,23.0,0.4899
5007.0,24.0,0.475601
5007.0,25.0,0.485448
5007.0,26.0,0.564268
5007.0,27.0,0.457258
5007.0,28.0,0.45278
5007.0,29.0,0.481103
5007.0,30.0,0.548995
5007.0,31.0,0.505016
5007.0,32.0,0.478409
5007.0,33.0,0.504423
5007.0,34.0,0.488285
5007.0,35.0,0.50614
5007.0,36.0,0.561196
5007.0,37.0,0.488911
5007.0,38.0,0.500432
5007.0,39.0,0.519225
5007.0,40.0,0.45869
5007.0,41.0,0.484902
5007.0,42.0,0.469572
5007.0,43.0,0.448775
5007.0,44.0,0.48262
5007.0,45.0,0.467268
5007.0,46.0,0.478586
5007.0,47.0,0.542002
5007.0,48.0,0.479755
5007.0,49.0,0.388667
5007.0,50.0,0.509561
5007.0,51.0,0.531654
5007.0,52.0,0.525545
5007.0,53.0,0.471405
5007.0,54.0,0.430221
5007.0,55.0,0.483262
5007.0,56.0,0.456721
5007.0,57.0,0.467347
5007.0,58.0,0.491796
5007.0,59.0,0.514734
5007.0,60.0,0.527781
5007.0,61.0,0.470712
5007.0,62.0,0.503589
5007.0,63.0,0.477771
5007.0,64.0,0.443653
5007.0,65.0,0.429177
5007.0,66.0,0.533153
5007.0,67.0,0.512514
5007.0,68.0,0.426149
5007.0,69.0,0.495042
5007.0,70.0,0.448499
5007.0,71.0,0.520357
5007.0,72.0,0.511507
5007.0,73.0,0.4888
5007.0,74.0,0.484709
5007.0,75.0,0.482286
5007.0,76.0,0.504688
5007.0,77.0,0.454704
5007.0,78.0,0.567922
5007.0,79.0,0.515672
5007.0,80.0,0.467287
5007.0,81.0,0.454236
5007.0,82.0,0.527971
5007.0,83.0,0.533746
5007.0,84.0,0.514188
5007.0,85.0,0.538044
5007.0,86.0,0.446506
5007.0,87.0,0.523326
5007.0,88.0,0.482968
5007.0,89.0,0.491005
5007.0,90.0,0.513414
5007.0,91.0,0.449749
5007.0,92.0,0.470508
5007.0,93.0,0.578293
5007.0,94.0,0.486243
5007.0,95.0,0.510506
5007.0,96.0,0.498832
5007.0,97.0,0.532814
5007.0,98.0,0.498595
5007.0,99.0,0.47436
5007.0,100.0,0.618054
5007.0,101.0,0.447351
5007.0,102.0,0.474207
5007.0,103.0,0.490436
5007.0,104.0,0.536742
5007.0,105.0,0.506451
5007.0,106.0,0.451894
5007.0,107.0,0.523492
5007.0,108.0,0.451971
5007.0,109.0,0.438059
5007.0,110.0,0.47512
5007.0,111.0,0.520722
5007.0,112.0,0.495212
5007.0,113.0,0.469833
5007.0,114.0,0.486987
5007.0,115.0,0.49932
5007.0,116.0,0.510049
5007.0,117.0,0.479102
5007.0,118.0,0.468831
5007.0,119.0,0.441728
5007.0,120.0,0.535167
5007.0,121.0,0.517872
5007.0,122.0,0.533842
5007.0,123.0,0.513806
5007.0,124.0,0.456075
5007.0,125.0,0.535366
5007.0,126.0,0.500968
5007.0,127.0,0.496662
5007.0,128.0,0.512621
5007.0,129.0,0.519452
5007.0,130.0,0.481732
5007.0,131.0,0.486845
5007.0,132.0,0.519426
5007.0,133.0,0.492434
5007.0,134.0,0.510524
5007.0,135.0,0.515109
5007.0,136.0,0.443723
5007.0,137.0,0.507463
5007.0,138.0,0.515311
5007.0,139.0,0.526347
5007.0,140.0,0.492015
5007.0,141.0,0.445082
5007.0,142.0,0.483073
5007.0,143.0,0.492025
5007.0,144.0,0.496463
5007.0,145.0,0.54789
5007.0,146.0,0.547333
5007.0,147.0,0.500129
5008.0,0.0,0.548176
5008.0,1.0,0.53496
5008.0,2.0,0.482167
5008.0,3.0,0.454683
5008.0,4.0,0.481852
5008.0,5.0,0.519713
5008.0,6.0,0.506925
5008.0,7.0,0.510379
5008.0,8.0,0.517294
5008.0,9.0,0.52835
5008.0,10.0,0.475106
5008.0,11.0,0.519325
5008.0,12.0,0.533959
5008.0,13.0,0.522694
5008.0,14.0,0.518481
5008.0,15.0,0.487277
5008.0,16.0,0.471576
5008.0,17.0,0.445589
5008.0,18.0,0.465572
5008.0,19.0,0.553551
5008.0,20.0,0.494348
5008.0,21.0,0.458008
5008.0,22.0,0.570997
5008.0,23.0,0.490101
5008.0,24.0,0.474725
5008.0,25.0,0.485469
5008.0,26.0,0.564319
5008.0,27.0,0.457317
5008.0,28.0,0.452796
5008.0,29.0,0.480415
5008.0,30.0,0.549585
5008.0,31.0,0.505457
5008.0,32.0,0.478434
5008.0,33.0,0.505288
5008.0,34.0,0.488487
5008.0,35.0,0.50585
5008.0,36.0,0.562774
5008.0,37.0,0.488261
5008.0,38.0,0.50065
5008.0,39.0,0.520402
5008.0,40.0,0.45889
5008.0,41.0,0.485128
5008.0,42.0,0.469544
5008.0,43.0,0.44783
5008.0,44.0,0.481766
5008.0,45.0,0.468057
5008.0,46.0,0.478353
5008.0,47.0,0.54254
5008.0,48.0,0.479998
5008.0,49.0,0.389547
5008.0,50.0,0.509781
5008.0,51.0,0.53112
5008.0,52.0,0.524618
5008.0,53.0,0.471965
5008.0,54.0,0.429512
5008.0,55.0,0.483444
5008.0,56.0,0.45691
5008.0,57.0,0.467043
5008.0,58.0,0.492111
5008.0,59.0,0.515706
5008.0,60.0,0.527232
5008.0,61.0,0.471269
5008.0,62.0,0.502938
5008.0,63.0,0.4774
5008.0,64.0,0.443562
5008.0,65.0,0.428659
5008.0,66.0,0.532961
5008.0,67.0,0.512655
5008.0,68.0,0.425609
5008.0,69.0,0.49434
5008.0,70.0,0.447882
5008.0,71.0,0.519751
5008.0,72.0,0.510639
5008.0,73.0,0.488822
5008.0,74.0,0.484949
5008.0,75.0,0.482335
5008.0,76.0,0.504849
5008.0,77.0,0.454762
5008.0,78.0,0.567038
5008.0,79.0,0.516024
5008.0,80.0,0.466962
5008.0,81.0,0.454333
5008.0,82.0,0.528243
5008.0,83.0,0.533719
5008.0,84.0,0.513372
5008.0,85.0,0.537498
5008.0,86.0,0.446343
5008.0,87.0,0.523831
5008.0,88.0,0.482186
5008.0,89.0,0.490466
5008.0,90.0,0.513651
5008.0,91.0,0.449813
5008.0,92.0,0.470799
5008.0,93.0,0.578251
5008.0,94.0,0.486388
5008.0,95.0,0.510539
5008.0,96.0,0.49827
5008.0,97.0,0.534008
5008.0,98.0,0.498579
5008.0,99.0,0.474933
5008.0,100.0,0.61815
5008.0,101.0,0.446793
5008.0,102.0,0.473937
5008.0,103.0,0.490149
5008.0,104.0,0.537081
5008.0,105.0,0.505251
5008.0,106.0,0.45197
5008.0,107.0,0.523336
5008.0,108.0,0.452508
5008.0,109.0,0.437762
5008.0,110.0,0.475407
5008.0,111.0,0.521024
5008.0,112.0,0.495038
5008.0,113.0,0.469686
5008.0,114.0,0.486662
5008.0,115.0,0.499673
5008.0,116.0,0.510052
5008.0,117.0,0.479317
5008.0,118.0,0.469603
5008.0,119.0,0.441497
5008.0,120.0,0.53622
5008.0,121.0,0.518147
5008.0,122.0,0.533735
5008.0,123.0,0.512982
5008.0,124.0,0.455568
5008.0,125.0,0.534874
5008.0,126.0,0.500875
5008.0,127.0,0.497177
5008.0,128.0,0.512322
5008.0,129.0,0.518998
5008.0,130.0,0.482776
5008.0,131.0,0.486675
5008.0,132.0,0.519658
5008.0,133.0,0.492305
5008.0,134.0,0.509387
5008.0,135.0,0.515911
5008.0,136.0,0.443376
5008.0,137.0,0.507844
5008.0,138.0,0.515139
5008.0,139.0,0.525996
5008.0,140.0,0.490794
5008.0,141.0,0.445342
5008.0,142.0,0.48422
5008.0,143.0,0.491232
5008.0,144.0,0.497047
5008.0,145.0,0.549071
5008.0,146.0,0.546789
5008.0,147.0,0.500626
5009.0,0.0,0.547701
5009.0,1.0,0.53588
5009.0,2.0,0.483045
5009.0,3.0,0.454856
5009.0,4.0,0.482207
5009.0,5.0,0.518753
5009.0,6.0,0.506651
5009.0,7.0,0.510205
5009.0,8.0,0.517324
5009.0,9.0,0.528151
5009.0,10.0,0.47561
5009.0,11.0,0.519134
5009.0,12.0,0.533185
5009.0,13.0,0.522561
5009.0,14.0,0.518849
5009.0,15.0,0.487682
5009.0,16.0,0.471281
5009.0,17.0,0.445497
5009.0,18.0,0.465414
5009.0,19.0,0.55345
5009.0,20.0,0.494874
5009.0,21.0,0.459288
5009.0,22.0,0.571868
5009.0,23.0,0.490024
5009.0,24.0,0.473738
5009.0,25.0,0.485456
5009.0,26.0,0.564454
5009.0,27.0,0.457226
5009.0,28.0,0.451857
5009.0,29.0,0.481045
5009.0,30.0,0.550208
5009.0,31.0,0.50599
5009.0,32.0,0.478442
5009.0,33.0,0.505865
5009.0,34.0,0.488075
5009.0,35.0,0.506062
5009.0,36.0,0.563056
5009.0,37.0,0.487908
5009.0,38.0,0.501042
5009.0,39.0,0.518956
5009.0,40.0,0.458055
5009.0,41.0,0.484442
5009.0,42.0,0.469773
5009.0,43.0,0.448269
5009.0,44.0,0.481931
5009.0,45.0,0.467523
5009.0,46.0,0.478108
5009.0,47.0,0.542817
5009.0,48.0,0.479775
5009.0,49.0,0.389718
5009.0,50.0,0.510108
5009.0,51.0,0.531134
5009.0,52.0,0.524683
5009.0,53.0,0.471574
5009.0,54.0,0.428616
5009.0,55.0,0.484608
5009.0,56.0,0.457788
5009.0,57.0,0.466105
5009.0,58.0,0.492261
5009.0,59.0,0.515693
5009.0,60.0,0.527769
5009.0,61.0,0.470323
5009.0,62.0,0.503596
5009.0,63.0,0.477067
5009.0,64.0,0.443351
5009.0,65.0,0.429005
5009.0,66.0,0.53354
5009.0,67.0,0.513059
5009.0,68.0,0.425313
5009.0,69.0,0.493998
5009.0,70.0,0.44746
5009.0,71.0,0.519729
5009.0,72.0,0.510432
5009.0,73.0,0.488371
5009.0,74.0,0.484941
5009.0,75.0,0.482095
5009.0,76.0,0.504788
5009.0,77.0,0.455076
5009.0,78.0,0.568199
5009.0,79.0,0.515793
5009.0,80.0,0.467009
5009.0,81.0,0.454215
5009.0,82.0,0.528412
5009.0,83.0,0.532727
5009.0,84.0,0.513623
5009.0,85.0,0.537355
5009.0,86.0,0.446193
5009.0,87.0,0.523773
5009.0,88.0,0.481805
5009.0,89.0,0.490073
5009.0,90.0,0.512766
5009.0,91.0,0.450217
5009.0,92.0,0.471553
5009.0,93.0,0.578044
5009.0,94.0,0.48655
5009.0,95.0,0.510952
5009.0,96.0,0.498546
5009.0,97.0,0.532632
5009.0,98.0,0.49804
5009.0,99.0,0.474945
5009.0,100.0,0.617771
5009.0,101.0,0.446817
5009.0,102.0,0.473837
5009.0,103.0,0.490583
5009.0,104.0,0.537038
5009.0,105.0,0.504551
5009.0,106.0,0.451921
5009.0,107.0,0.523837
5009.0,108.0,0.453013
5009.0,109.0,0.437773
5009.0,110.0,0.475458
5009.0,111.0,0.521747
5009.0,112.0,0.494389
5009.0,113.0,0.469495
5009.0,114.0,0.486581
5009.0,115.0,0.499435
5009.0,116.0,0.510068
5009.0,117.0,0.480089
5009.0,118.0,0.468935
5009.0,119.0,0.441218
5009.0,120.0,0.535871
5009.0,121.0,0.517833
5009.0,122.0,0.533736
5009.0,123.0,0.513184
5009.0,124.0,0.454468
5009.0,125.0,0.534686
5009.0,126.0,0.500113
5009.0,127.0,0.498068
5009.0,128.0,0.51241
5009.0,129.0,0.518761
5009.0,130.0,0.482961
5009.0,131.0,0.486686
5009.0,132.0,0.52023
5009.0,133.0,0.492276
5009.0,134.0,0.508387
5009.0,135.0,0.516202
5009.0,136.0,0.443356
5009.0,137.0,0.508325
5009.0,138.0,0.51528
5009.0,139.0,0.526603
5009.0,140.0,0.490565
5009.0,141.0,0.444497
5009.0,142.0,0.484038
5009.0,143.0,0.491258
5009.0,144.0,0.497063
5009.0,145.0,0.549137
5009.0,146.0,0.546798
5009.0,147.0,0.501556
5010.0,0.0,0.548062
5010.0,1.0,0.535912
5010.0,2.0,0.482296
5010.0,3.0,0.454993
5010.0,4.0,0.481764
5010.0,5.0,0.519414
5010.0,6.0,0.507528
5010.0,7.0,0.510695
5010.0,8.0,0.51692
5010.0,9.0,0.527679
5010.0,10.0,0.47638
5010.0,11.0,0.518223
5010.0,12.0,0.53319
5010.0,13.0,0.523566
5010.0,14.0,0.518983
5010.0,15.0,0.487031
5010.0,16.0,0.471537
5010.0,17.0,0.445234
5010.0,18.0,0.465396
5010.0,19.0,0.553265
5010.0,20.0,0.49486
5010.0,21.0,0.459118
5010.0,22.0,0.57057
5010.0,23.0,0.489904
5010.0,24.0,0.473702
5010.0,25.0,0.485884
5010.0,26.0,0.564984
5010.0,27.0,0.457309
5010.0,28.0,0.451404
5010.0,29.0,0.481105
5010.0,30.0,0.549858
5010.0,31.0,0.505754
5010.0,32.0,0.479133
5010.0,33.0,0.505308
5010.0,34.0,0.488061
5010.0,35.0,0.505945
5010.0,36.0,0.563115
5010.0,37.0,0.488392
5010.0,38.0,0.502446
5010.0,39.0,0.519291
5010.0,40.0,0.458168
5010.0,41.0,0.483776
5010.0,42.0,0.468691
5010.0,43.0,0.448148
5010.0,44.0,0.481895
5010.0,45.0,0.466729
5010.0,46.0,0.478729
5010.0,47.0,0.543131
5010.0,48.0,0.480201
5010.0,49.0,0.389838
5010.0,50.0,0.509747
5010.0,51.0,0.530946
5010.0,52.0,0.524754
5010.0,53.0,0.472275
5010.0,54.0,0.429414
5010.0,55.0,0.485029
5010.0,56.0,0.457921
5010.0,57.0,0.465775
5010.0,58.0,0.491691
5010.0,59.0,0.515774
5010.0,60.0,0.528048
5010.0,61.0,0.470143
5010.0,62.0,0.50353
5010.0,63.0,0.476358
5010.0,64.0,0.442548
5010.0,65.0,0.429404
5010.0,66.0,0.533584
5010.0,67.0,0.513129
5010.0,68.0,0.424548
5010.0,69.0,0.494004
5010.0,70.0,0.446112
5010.0,71.0,0.519907
5010.0,72.0,0.510784
5010.0,73.0,0.489316
5010.0,74.0,0.485257
5010.0,75.0,0.481771
5010.0,76.0,0.504739
5010.0,77.0,0.454946
5010.0,78.0,0.56778
5010.0,79.0,0.516935
5010.0,80.0,0.466861
5010.0,81.0,0.453969
5010.0,82.0,0.528403
5010.0,83.0,0.532443
5010.0,84.0,0.513588
5010.0,85.0,0.537463
5010.0,86.0,0.44699
5010.0,87.0,0.523973
5010.0,88.0,0.481263
5010.0,89.0,0.490194
5010.0,90.0,0.512769
5010.0,91.0,0.450541
5010.0,92.0,0.471143
5010.0,93.0,0.578652
5010.0,94.0,0.487189
5010.0,95.0,0.511755
5010.0,96.0,0.498298
5010.0,97.0,0.532374
5010.0,98.0,0.497258
5010.0,99.0,0.474539
5010.0,100.0,0.617367
5010.0,101.0,0.446726
5010.0,102.0,0.474063
5010.0,103.0,0.490172
5010.0,104.0,0.537243
5010.0,105.0,0.504615
5010.0,106.0,0.453295
5010.0,107.0,0.523442
5010.0,108.0,0.453113
5010.0,109.0,0.437729
5010.0,110.0,0.475268
5010.0,111.0,0.521479
5010.0,112.0,0.493914
5010.0,113.0,0.469648
5010.0,114.0,0.486119
5010.0,115.0,0.498896
5010.0,116.0,0.510473
5010.0,117.0,0.480465
5010.0,118.0,0.468228
5010.0,119.0,0.441847
5010.0,120.0,0.535911
5010.0,121.0,0.518318
5010.0,122.0,0.532655
5010.0,123.0,0.512693
5010.0,124.0,0.454531
5010.0,125.0,0.534781
5010.0,126.0,0.499971
5010.0,127.0,0.498347
5010.0,128.0,0.512848
5010.0,129.0,0.518354
5010.0,130.0,0.483081
5010.0,131.0,0.486757
5010.0,132.0,0.519454
5010.0,133.0,0.492234
5010.0,134.0,0.508091
5010.0,135.0,0.516604
5010.0,136.0,0.44323
5010.0,137.0,0.508375
5010.0,138.0,0.51594
5010.0,139.0,0.527275
5010.0,140.0,0.490519
5010.0,141.0,0.444053
5010.0,142.0,0.484572
5010.0,143.0,0.491332
5010.0,144.0,0.497345
5010.0,145.0,0.54934
5010.0,146.0,0.546807
5010.0,147.0,0.501769
6000.0,0.0,0.52797
6000.0,1.0,0.543163
6000.0,2.0,0.495044
6000.0,3.0,0.479381
6000.0,4.0,0.512313
6000.0,5.0,0.523808
6000.0,6.0,0.492359
6000.0,7.0,0.526423
6000.0,8.0,0.506389
6000.0,9.0,0.523687
6000.0,10.0,0.493762
6000.0,11.0,0.500812
6000.0,12.0,0.516137
6000.0,13.0,0.5088
6000.0,14.0,0.542446
6000.0,15.0,0.484646
6000.0,16.0,0.481755
6000.0,17.0,0.443926
6000.0,18.0,0.445472
6000.0,19.0,0.549047
6000.0,20.0,0.487114
6000.0,21.0,0.464401
6000.0,22.0,0.585398
6000.0,23.0,0.482594
6000.0,24.0,0.46806
6000.0,25.0,0.476055
6000.0,26.0,0.569408
6000.0,27.0,0.450656
6000.0,28.0,0.466053
6000.0,29.0,0.475592
6000.0,30.0,0.564823
6000.0,31.0,0.509801
6000.0,32.0,0.471764
6000.0,33.0,0.496918
6000.0,34.0,0.475512
6000.0,35.0,0.501692
6000.0,36.0,0.576807
6000.0,37.0,0.508332
6000.0,38.0,0.516251
6000.0,39.0,0.516619
6000.0,40.0,0.456341
6000.0,41.0,0.471316
6000.0,42.0,0.473082
6000.0,43.0,0.43093
6000.0,44.0,0.481051
6000.0,45.0,0.455127
6000.0,46.0,0.461271
6000.0,47.0,0.550687
6000.0,48.0,0.463897
6000.0,49.0,0.382844
6000.0,50.0,0.50673
6000.0,51.0,0.545594
6000.0,52.0,0.522913
6000.0,53.0,0.485476
6000.0,54.0,0.410002
6000.0,55.0,0.490855
6000.0,56.0,0.489774
6000.0,57.0,0.483354
6000.0,58.0,0.53045
6000.0,59.0,0.509935
6000.0,60.0,0.529542
6000.0,61.0,0.478856
6000.0,62.0,0.526971
6000.0,63.0,0.47526
6000.0,64.0,0.41585
6000.0,65.0,0.431312
6000.0,66.0,0.518098
6000.0,67.0,0.513628
6000.0,68.0,0.44467
6000.0,69.0,0.487617
6000.0,70.0,0.434269
6000.0,71.0,0.522189
6000.0,72.0,0.534544
6000.0,73.0,0.492969
6000.0,74.0,0.471671
6000.0,75.0,0.478487
6000.0,76.0,0.501981
6000.0,77.0,0.44503
6000.0,78.0,0.554378
6000.0,79.0,0.517488
6000.0,80.0,0.459831
6000.0,81.0,0.464802
6000.0,82.0,0.546719
6000.0,83.0,0.538574
6000.0,84.0,0.52279
6000.0,85.0,0.538336
6000.0,86.0,0.452866
6000.0,87.0,0.523026
6000.0,88.0,0.461888
6000.0,89.0,0.486995
6000.0,90.0,0.508703
6000.0,91.0,0.43289
6000.0,92.0,0.490235
6000.0,93.0,0.583977
6000.0,94.0,0.484432
6000.0,95.0,0.50557
6000.0,96.0,0.521264
6000.0,97.0,0.522072
6000.0,98.0,0.503739
6000.0,99.0,0.47508
6000.0,100.0,0.627087
6000.0,101.0,0.455346
6000.0,102.0,0.46889
6000.0,103.0,0.488061
6000.0,104.0,0.536275
6000.0,105.0,0.523134
6000.0,106.0,0.415832
6000.0,107.0,0.533824
6000.0,108.0,0.442243
6000.0,109.0,0.428259
6000.0,110.0,0.476018
6000.0,111.0,0.487172
6000.0,112.0,0.474473
6000.0,113.0,0.470344
6000.0,114.0,0.470356
6000.0,115.0,0.481637
6000.0,116.0,0.53074
6000.0,117.0,0.467205
6000.0,118.0,0.483825
6000.0,119.0,0.44483
6000.0,120.0,0.542694
6000.0,121.0,0.525826
6000.0,122.0,0.531929
6000.0,123.0,0.515094
6000.0,124.0,0.448673
6000.0,125.0,0.520895
6000.0,126.0,0.500751
6000.0,127.0,0.489935
6000.0,128.0,0.495251
6000.0,129.0,0.547905
6000.0,130.0,0.486414
6000.0,131.0,0.479462
6000.0,132.0,0.520638
6000.0,133.0,0.48807
6000.0,134.0,0.491255
6000.0,135.0,0.511613
6000.0,136.0,0.435117
6000.0,137.0,0.534469
6000.0,138.0,0.520796
6000.0,139.0,0.55159
6000.0,140.0,0.491872
6000.0,141.0,0.446634
6000.0,142.0,0.479229
6000.0,143.0,0.514974
6000.0,144.0,0.524991
6000.0,145.0,0.550671
6000.0,146.0,0.547936
6000.0,147.0,0.518666
6001.0,0.0,0.527526
6001.0,1.0,0.543119
6001.0,2.0,0.495172
6001.0,3.0,0.479637
6001.0,4.0,0.511796
6001.0,5.0,0.523484
6001.0,6.0,0.492447
6001.0,7.0,0.527357
6001.0,8.0,0.506882
6001.0,9.0,0.524643
6001.0,10.0,0.494463
6001.0,11.0,0.500507
6001.0,12.0,0.515804
6001.0,13.0,0.50865
6001.0,14.0,0.541879
6001.0,15.0,0.485627
6001.0,16.0,0.481751
6001.0,17.0,0.443607
6001.0,18.0,0.444823
6001.0,19.0,0.548878
6001.0,20.0,0.486824
6001.0,21.0,0.463915
6001.0,22.0,0.585603
6001.0,23.0,0.482622
6001.0,24.0,0.468371
6001.0,25.0,0.476366
6001.0,26.0,0.569964
6001.0,27.0,0.451424
6001.0,28.0,0.465619
6001.0,29.0,0.474955
6001.0,30.0,0.56418
6001.0,31.0,0.509725
6001.0,32.0,0.472322
6001.0,33.0,0.496785
6001.0,34.0,0.475089
6001.0,35.0,0.500749
6001.0,36.0,0.576507
6001.0,37.0,0.508029
6001.0,38.0,0.516987
6001.0,39.0,0.517251
6001.0,40.0,0.455351
6001.0,41.0,0.471563
6001.0,42.0,0.473053
6001.0,43.0,0.431734
6001.0,44.0,0.481674
6001.0,45.0,0.455343
6001.0,46.0,0.460628
6001.0,47.0,0.550956
6001.0,48.0,0.464353
6001.0,49.0,0.382988
6001.0,50.0,0.506787
6001.0,51.0,0.545389
6001.0,52.0,0.522601
6001.0,53.0,0.486398
6001.0,54.0,0.409325
6001.0,55.0,0.491202
6001.0,56.0,0.489984
6001.0,57.0,0.48242
6001.0,58.0,0.529651
6001.0,59.0,0.509787
6001.0,60.0,0.530195
6001.0,61.0,0.47913
6001.0,62.0,0.526755
6001.0,63.0,0.475254
6001.0,64.0,0.415837
6001.0,65.0,0.431217
6001.0,66.0,0.517722
6001.0,67.0,0.513304
6001.0,68.0,0.445137
6001.0,69.0,0.487708
6001.0,70.0,0.434153
6001.0,71.0,0.521839
6001.0,72.0,0.535498
6001.0,73.0,0.493103
6001.0,74.0,0.471697
6001.0,75.0,0.479664
6001.0,76.0,0.501561
6001.0,77.0,0.445693
6001.0,78.0,0.554829
6001.0,79.0,0.517436
6001.0,80.0,0.459664
6001.0,81.0,0.464955
6001.0,82.0,0.545684
6001.0,83.0,0.53896
6001.0,84.0,0.523279
6001.0,85.0,0.537971
6001.0,86.0,0.452461
6001.0,87.0,0.522858
6001.0,88.0,0.46218
6001.0,89.0,0.486587
6001.0,90.0,0.507924
6001.0,91.0,0.432368
6001.0,92.0,0.490725
6001.0,93.0,0.584188
6001.0,94.0,0.482805
6001.0,95.0,0.506112
6001.0,96.0,0.521768
6001.0,97.0,0.522061
6001.0,98.0,0.50347
6001.0,99.0,0.475418
6001.0,100.0,0.62726
6001.0,101.0,0.455166
6001.0,102.0,0.468583
6001.0,103.0,0.48873
6001.0,104.0,0.536076
6001.0,105.0,0.523027
6001.0,106.0,0.415054
6001.0,107.0,0.533626
6001.0,108.0,0.442143
6001.0,109.0,0.427663
6001.0,110.0,0.475802
6001.0,111.0,0.486682
6001.0,112.0,0.474582
6001.0,113.0,0.470463
6001.0,114.0,0.470378
6001.0,115.0,0.481112
6001.0,116.0,0.53138
6001.0,117.0,0.467993
6001.0,118.0,0.483102
6001.0,119.0,0.445546
6001.0,120.0,0.542671
6001.0,121.0,0.525867
6001.0,122.0,0.532224
6001.0,123.0,0.515252
6001.0,124.0,0.44875
6001.0,125.0,0.521369
6001.0,126.0,0.500756
6001.0,127.0,0.489547
6001.0,128.0,0.494789
6001.0,129.0,0.547418
6001.0,130.0,0.486064
6001.0,131.0,0.479356
6001.0,132.0,0.520344
6001.0,133.0,0.488202
6001.0,134.0,0.491301
6001.0,135.0,0.512374
6001.0,136.0,0.434444
6001.0,137.0,0.534309
6001.0,138.0,0.52145
6001.0,139.0,0.550095
6001.0,140.0,0.491025
6001.0,141.0,0.447375
6001.0,142.0,0.479249
6001.0,143.0,0.514737
6001.0,144.0,0.525011
6001.0,145.0,0.551212
6001.0,146.0,0.546962
6001.0,147.0,0.517365
6002.0,0.0,0.527527
6002.0,1.0,0.542772
6002.0,2.0,0.495024
6002.0,3.0,0.478976
6002.0,4.0,0.51282
6002.0,5.0,0.52392
6002.0,6.0,0.492873
6002.0,7.0,0.527628
6002.0,8.0,0.506451
6002.0,9.0,0.524864
6002.0,10.0,0.494139
6002.0,11.0,0.499713
6002.0,12.0,0.516034
6002.0,13.0,0.508802
6002.0,14.0,0.541352
6002.0,15.0,0.484922
6002.0,16.0,0.481705
6002.0,17.0,0.443281
6002.0,18.0,0.444635
6002.0,19.0,0.548166
6002.0,20.0,0.486843
6002.0,21.0,0.464213
6002.0,22.0,0.585221
6002.0,23.0,0.481816
6002.0,24.0,0.468197
6002.0,25.0,0.476815
6002.0,26.0,0.570539
6002.0,27.0,0.450679
6002.0,28.0,0.466138
6002.0,29.0,0.474477
6002.0,30.0,0.564329
6002.0,31.0,0.510483
6002.0,32.0,0.47244
6002.0,33.0,0.496995
6002.0,34.0,0.475222
6002.0,35.0,0.500729
6002.0,36.0,0.577007
6002.0,37.0,0.507158
6002.0,38.0,0.516739
6002.0,39.0,0.518065
6002.0,40.0,0.45504
6002.0,41.0,0.471481
6002.0,42.0,0.473307
6002.0,43.0,0.431831
6002.0,44.0,0.481004
6002.0,45.0,0.456221
6002.0,46.0,0.460087
6002.0,47.0,0.551564
6002.0,48.0,0.464576
6002.0,49.0,0.382781
6002.0,50.0,0.507246
6002.0,51.0,0.54581
6002.0,52.0,0.522542
6002.0,53.0,0.486136
6002.0,54.0,0.408328
6002.0,55.0,0.491239
6002.0,56.0,0.489739
6002.0,57.0,0.483004
6002.0,58.0,0.529092
6002.0,59.0,0.509033
6002.0,60.0,0.529963
6002.0,61.0,0.478774
6002.0,62.0,0.526573
6002.0,63.0,0.47418
6002.0,64.0,0.415935
6002.0,65.0,0.430414
6002.0,66.0,0.517848
6002.0,67.0,0.512755
6002.0,68.0,0.445101
6002.0,69.0,0.488017
6002.0,70.0,0.433517
6002.0,71.0,0.522325
6002.0,72.0,0.535
6002.0,73.0,0.493437
6002.0,74.0,0.471478
6002.0,75.0,0.480092
6002.0,76.0,0.501639
6002.0,77.0,0.446148
6002.0,78.0,0.554791
6002.0,79.0,0.516869
6002.0,80.0,0.45929
6002.0,81.0,0.465087
6002.0,82.0,0.54504
6002.0,83.0,0.539496
6002.0,84.0,0.523299
6002.0,85.0,0.537908
6002.0,86.0,0.452608
6002.0,87.0,0.522666
6002.0,88.0,0.462474
6002.0,89.0,0.486713
6002.0,90.0,0.507144
6002.0,91.0,0.432869
6002.0,92.0,0.490865
6002.0,93.0,0.584137
6002.0,94.0,0.482471
6002.0,95.0,0.506527
6002.0,96.0,0.522032
6002.0,97.0,0.522645
6002.0,98.0,0.504132
6002.0,99.0,0.474592
6002.0,100.0,0.627044
6002.0,101.0,0.454763
6002.0,102.0,0.467819
6002.0,103.0,0.488608
6002.0,104.0,0.535236
6002.0,105.0,0.522392
6002.0,106.0,0.415655
6002.0,107.0,0.532993
6002.0,108.0,0.44255
6002.0,109.0,0.427793
6002.0,110.0,0.476078
6002.0,111.0,0.486589
6002.0,112.0,0.475271
6002.0,113.0,0.469147
6002.0,114.0,0.470366
6002.0,115.0,0.481785
6002.0,116.0,0.531731
6002.0,117.0,0.468075
6002.0,118.0,0.48348
6002.0,119.0,0.445068
6002.0,120.0,0.542432
6002.0,121.0,0.526564
6002.0,122.0,0.531694
6002.0,123.0,0.514603
6002.0,124.0,0.447677
6002.0,125.0,0.52136
6002.0,126.0,0.500813
6002.0,127.0,0.490216
6002.0,128.0,0.495124
6002.0,129.0,0.547428
6002.0,130.0,0.486019
6002.0,131.0,0.48097
6002.0,132.0,0.51915
6002.0,133.0,0.488985
6002.0,134.0,0.490942
6002.0,135.0,0.512324
6002.0,136.0,0.434349
6002.0,137.0,0.533614
6002.0,138.0,0.521265
6002.0,139.0,0.54979
6002.0,140.0,0.491217
6002.0,141.0,0.446685
6002.0,142.0,0.479463
6002.0,143.0,0.514311
6002.0,144.0,0.52456
6002.0,145.0,0.550926
6002.0,146.0,0.547766
6002.0,147.0,0.518076
6003.0,0.0,0.527361
6003.0,1.0,0.542794
6003.0,2.0,0.495427
6003.0,3.0,0.478891
6003.0,4.0,0.513145
6003.0,5.0,0.523895
6003.0,6.0,0.492774
6003.0,7.0,0.527221
6003.0,8.0,0.505913
6003.0,9.0,0.524711
6003.0,10.0,0.494198
6003.0,11.0,0.49894
6003.0,12.0,0.516168
6003.0,13.0,0.508774
6003.0,14.0,0.541149
6003.0,15.0,0.485769
6003.0,16.0,0.481649
6003.0,17.0,0.444068
6003.0,18.0,0.444322
6003.0,19.0,0.548691
6003.0,20.0,0.485771
6003.0,21.0,0.464352
6003.0,22.0,0.585269
6003.0,23.0,0.481407
6003.0,24.0,0.469425
6003.0,25.0,0.476885
6003.0,26.0,0.570691
6003.0,27.0,0.450436
6003.0,28.0,0.466359
6003.0,29.0,0.474107
6003.0,30.0,0.564009
6003.0,31.0,0.510846
6003.0,32.0,0.472593
6003.0,33.0,0.497356
6003.0,34.0,0.474882
6003.0,35.0,0.500258
6003.0,36.0,0.577693
6003.0,37.0,0.507172
6003.0,38.0,0.517215
6003.0,39.0,0.517939
6003.0,40.0,0.454848
6003.0,41.0,0.471209
6003.0,42.0,0.473535
6003.0,43.0,0.431887
6003.0,44.0,0.480815
6003.0,45.0,0.45605
6003.0,46.0,0.461172
6003.0,47.0,0.551812
6003.0,48.0,0.464706
6003.0,49.0,0.382711
6003.0,50.0,0.507872
6003.0,51.0,0.545829
6003.0,52.0,0.523056
6003.0,53.0,0.48656
6003.0,54.0,0.407766
6003.0,55.0,0.491572
6003.0,56.0,0.489089
6003.0,57.0,0.482103
6003.0,58.0,0.529639
6003.0,59.0,0.50856
6003.0,60.0,0.52979
6003.0,61.0,0.477786
6003.0,62.0,0.526836
6003.0,63.0,0.4736
6003.0,64.0,0.415132
6003.0,65.0,0.430566
6003.0,66.0,0.517854
6003.0,67.0,0.513162
6003.0,68.0,0.445915
6003.0,69.0,0.487897
6003.0,70.0,0.432973
6003.0,71.0,0.522289
6003.0,72.0,0.535488
6003.0,73.0,0.492669
6003.0,74.0,0.472579
6003.0,75.0,0.480077
6003.0,76.0,0.501236
6003.0,77.0,0.445563
6003.0,78.0,0.554528
6003.0,79.0,0.516938
6003.0,80.0,0.458708
6003.0,81.0,0.46526
6003.0,82.0,0.544925
6003.0,83.0,0.540233
6003.0,84.0,0.523032
6003.0,85.0,0.538013
6003.0,86.0,0.453081
6003.0,87.0,0.522336
6003.0,88.0,0.462642
6003.0,89.0,0.486426
6003.0,90.0,0.506851
6003.0,91.0,0.432748
6003.0,92.0,0.491191
6003.0,93.0,0.584783
6003.0,94.0,0.482056
6003.0,95.0,0.506977
6003.0,96.0,0.522475
6003.0,97.0,0.521626
6003.0,98.0,0.503995
6003.0,99.0,0.473559
6003.0,100.0,0.627323
6003.0,101.0,0.454106
6003.0,102.0,0.467019
6003.0,103.0,0.488446
6003.0,104.0,0.535165
6003.0,105.0,0.522068
6003.0,106.0,0.415644
6003.0,107.0,0.533794
6003.0,108.0,0.442773
6003.0,109.0,0.42679
6003.0,110.0,0.475658
6003.0,111.0,0.486029
6003.0,112.0,0.475814
6003.0,113.0,0.469652
6003.0,114.0,0.469594
6003.0,115.0,0.481973
6003.0,116.0,0.531855
6003.0,117.0,0.468013
6003.0,118.0,0.483776
6003.0,119.0,0.444277
6003.0,120.0,0.542313
6003.0,121.0,0.5262
6003.0,122.0,0.531997
6003.0,123.0,0.515048
6003.0,124.0,0.448183
6003.0,125.0,0.521405
6003.0,126.0,0.500392
6003.0,127.0,0.490106
6003.0,128.0,0.495266
6003.0,129.0,0.547039
6003.0,130.0,0.486403
6003.0,131.0,0.480537
6003.0,132.0,0.518872
6003.0,133.0,0.489092
6003.0,134.0,0.491005
6003.0,135.0,0.512153
6003.0,136.0,0.433488
6003.0,137.0,0.533598
6003.0,138.0,0.521757
6003.0,139.0,0.550798
6003.0,140.0,0.491421
6003.0,141.0,0.446846
6003.0,142.0,0.480484
6003.0,143.0,0.513731
6003.0,144.0,0.525015
6003.0,145.0,0.551052
6003.0,146.0,0.547149
6003.0,147.0,0.518467
6004.0,0.0,0.527463
6004.0,1.0,0.542718
6004.0,2.0,0.496854
6004.0,3.0,0.478091
6004.0,4.0,0.513694
6004.0,5.0,0.523965
6004.0,6.0,0.492411
6004.0,7.0,0.527578
6004.0,8.0,0.50546
6004.0,9.0,0.524066
6004.0,10.0,0.493915
6004.0,11.0,0.498636
6004.0,12.0,0.516645
6004.0,13.0,0.509114
6004.0,14.0,0.542009
6004.0,15.0,0.486483
6004.0,16.0,0.48177
6004.0,17.0,0.443985
6004.0,18.0,0.444426
6004.0,19.0,0.548952
6004.0,20.0,0.485973
6004.0,21.0,0.465426
6004.0,22.0,0.58549
6004.0,23.0,0.481234
6004.0,24.0,0.469008
6004.0,25.0,0.477205
6004.0,26.0,0.570489
6004.0,27.0,0.450184
6004.0,28.0,0.466627
6004.0,29.0,0.473727
6004.0,30.0,0.564313
6004.0,31.0,0.510447
6004.0,32.0,0.472271
6004.0,33.0,0.497618
6004.0,34.0,0.47464
6004.0,35.0,0.500304
6004.0,36.0,0.577898
6004.0,37.0,0.507043
6004.0,38.0,0.516395
6004.0,39.0,0.517228
6004.0,40.0,0.454159
6004.0,41.0,0.471047
6004.0,42.0,0.473945
6004.0,43.0,0.432006
6004.0,44.0,0.481633
6004.0,45.0,0.454724
6004.0,46.0,0.46126
6004.0,47.0,0.552083
6004.0,48.0,0.464562
6004.0,49.0,0.381854
6004.0,50.0,0.507171
6004.0,51.0,0.545983
6004.0,52.0,0.523841
6004.0,53.0,0.487352
6004.0,54.0,0.407527
6004.0,55.0,0.491892
6004.0,56.0,0.488771
6004.0,57.0,0.482152
6004.0,58.0,0.529859
6004.0,59.0,0.508783
6004.0,60.0,0.529382
6004.0,61.0,0.478497
6004.0,62.0,0.527188
6004.0,63.0,0.473394
6004.0,64.0,0.41508
6004.0,65.0,0.43069
6004.0,66.0,0.51759
6004.0,67.0,0.512678
6004.0,68.0,0.445973
6004.0,69.0,0.488978
6004.0,70.0,0.433321
6004.0,71.0,0.522506
6004.0,72.0,0.53587
6004.0,73.0,0.492691
6004.0,74.0,0.472506
6004.0,75.0,0.480226
6004.0,76.0,0.501135
6004.0,77.0,0.445187
6004.0,78.0,0.554879
6004.0,79.0,0.516826
6004.0,80.0,0.458006
6004.0,81.0,0.465195
6004.0,82.0,0.544554
6004.0,83.0,0.539477
6004.0,84.0,0.52307
6004.0,85.0,0.537972
6004.0,86.0,0.452551
6004.0,87.0,0.521228
6004.0,88.0,0.462349
6004.0,89.0,0.486007
6004.0,90.0,0.506532
6004.0,91.0,0.432878
6004.0,92.0,0.491523
6004.0,93.0,0.584839
6004.0,94.0,0.481444
6004.0,95.0,0.50661
6004.0,96.0,0.522426
6004.0,97.0,0.521377
6004.0,98.0,0.504731
6004.0,99.0,0.474178
6004.0,100.0,0.6278
6004.0,101.0,0.454181
6004.0,102.0,0.466849
6004.0,103.0,0.487732
6004.0,104.0,0.53587
6004.0,105.0,0.521608
6004.0,106.0,0.415247
6004.0,107.0,0.533834
6004.0,108.0,0.442414
6004.0,109.0,0.426391
6004.0,110.0,0.476375
6004.0,111.0,0.487222
6004.0,112.0,0.476343
6004.0,113.0,0.470597
6004.0,114.0,0.469402
6004.0,115.0,0.481726
6004.0,116.0,0.531701
6004.0,117.0,0.467123
6004.0,118.0,0.48362
6004.0,119.0,0.443708
6004.0,120.0,0.542865
6004.0,121.0,0.526686
6004.0,122.0,0.53172
6004.0,123.0,0.515064
6004.0,124.0,0.4483
6004.0,125.0,0.521538
6004.0,126.0,0.500636
6004.0,127.0,0.490744
6004.0,128.0,0.495976
6004.0,129.0,0.546847
6004.0,130.0,0.486494
6004.0,131.0,0.480355
6004.0,132.0,0.519139
6004.0,133.0,0.488744
6004.0,134.0,0.491343
6004.0,135.0,0.512545
6004.0,136.0,0.432805
6004.0,137.0,0.533259
6004.0,138.0,0.522294
6004.0,139.0,0.550238
6004.0,140.0,0.491088
6004.0,141.0,0.447002
6004.0,142.0,0.481073
6004.0,143.0,0.513944
6004.0,144.0,0.525516
6004.0,145.0,0.550706
6004.0,146.0,0.546729
6004.0,147.0,0.518019
6005.0,0.0,0.527689
6005.0,1.0,0.543133
6005.0,2.0,0.496125
6005.0,3.0,0.47791
6005.0,4.0,0.513695
6005.0,5.0,0.523955
6005.0,6.0,0.492523
6005.0,7.0,0.527825
6005.0,8.0,0.506236
6005.0,9.0,0.524153
6005.0,10.0,0.494603
6005.0,11.0,0.49914
6005.0,12.0,0.515812
6005.0,13.0,0.509599
6005.0,14.0,0.542058
6005.0,15.0,0.486097
6005.0,16.0,0.480657
6005.0,17.0,0.443437
6005.0,18.0,0.444514
6005.0,19.0,0.548712
6005.0,20.0,0.485472
6005.0,21.0,0.465738
6005.0,22.0,0.586118
6005.0,23.0,0.481108
6005.0,24.0,0.469325
6005.0,25.0,0.47722
6005.0,26.0,0.571219
6005.0,27.0,0.449985
6005.0,28.0,0.467003
6005.0,29.0,0.473796
6005.0,30.0,0.564727
6005.0,31.0,0.510463
6005.0,32.0,0.471588
6005.0,33.0,0.497093
6005.0,34.0,0.474541
6005.0,35.0,0.500449
6005.0,36.0,0.578585
6005.0,37.0,0.50762
6005.0,38.0,0.516794
6005.0,39.0,0.517103
6005.0,40.0,0.453802
6005.0,41.0,0.47188
6005.0,42.0,0.47439
6005.0,43.0,0.432779
6005.0,44.0,0.482444
6005.0,45.0,0.454572
6005.0,46.0,0.461377
6005.0,47.0,0.551955
6005.0,48.0,0.465496
6005.0,49.0,0.382203
6005.0,50.0,0.50645
6005.0,51.0,0.545428
6005.0,52.0,0.524481
6005.0,53.0,0.486742
6005.0,54.0,0.407521
6005.0,55.0,0.492519
6005.0,56.0,0.488353
6005.0,57.0,0.481593
6005.0,58.0,0.529831
6005.0,59.0,0.509526
6005.0,60.0,0.530807
6005.0,61.0,0.478998
6005.0,62.0,0.527498
6005.0,63.0,0.473563
6005.0,64.0,0.414429
6005.0,65.0,0.430292
6005.0,66.0,0.51705
6005.0,67.0,0.512829
6005.0,68.0,0.445819
6005.0,69.0,0.488659
6005.0,70.0,0.433079
6005.0,71.0,0.522028
6005.0,72.0,0.535984
6005.0,73.0,0.493019
6005.0,74.0,0.472809
6005.0,75.0,0.479768
6005.0,76.0,0.501918
6005.0,77.0,0.445575
6005.0,78.0,0.55481
6005.0,79.0,0.515766
6005.0,80.0,0.457766
6005.0,81.0,0.464676
6005.0,82.0,0.5447
6005.0,83.0,0.539625
6005.0,84.0,0.521934
6005.0,85.0,0.53742
6005.0,86.0,0.453007
6005.0,87.0,0.521417
6005.0,88.0,0.462327
6005.0,89.0,0.486479
6005.0,90.0,0.506919
6005.0,91.0,0.433544
6005.0,92.0,0.491868
6005.0,93.0,0.585649
6005.0,94.0,0.482306
6005.0,95.0,0.506841
6005.0,96.0,0.522805
6005.0,97.0,0.52222
6005.0,98.0,0.50455
6005.0,99.0,0.474426
6005.0,100.0,0.628051
6005.0,101.0,0.454129
6005.0,102.0,0.466464
6005.0,103.0,0.487575
6005.0,104.0,0.535204
6005.0,105.0,0.522469
6005.0,106.0,0.414474
6005.0,107.0,0.534019
6005.0,108.0,0.442872
6005.0,109.0,0.426673
6005.0,110.0,0.476108
6005.0,111.0,0.486908
6005.0,112.0,0.475825
6005.0,113.0,0.471238
6005.0,114.0,0.46962
6005.0,115.0,0.48156
6005.0,116.0,0.531803
6005.0,117.0,0.467491
6005.0,118.0,0.483348
6005.0,119.0,0.443808
6005.0,120.0,0.542485
6005.0,121.0,0.526988
6005.0,122.0,0.531293
6005.0,123.0,0.515498
6005.0,124.0,0.448282
6005.0,125.0,0.521561
6005.0,126.0,0.500245
6005.0,127.0,0.490049
6005.0,128.0,0.496309
6005.0,129.0,0.546077
6005.0,130.0,0.486364
6005.0,131.0,0.480013
6005.0,132.0,0.518485
6005.0,133.0,0.488666
6005.0,134.0,0.491796
6005.0,135.0,0.512233
6005.0,136.0,0.432222
6005.0,137.0,0.533062
6005.0,138.0,0.521644
6005.0,139.0,0.550751
6005.0,140.0,0.491467
6005.0,141.0,0.446472
6005.0,142.0,0.480306
6005.0,143.0,0.51391
6005.0,144.0,0.525895
6005.0,145.0,0.549937
6005.0,146.0,0.546395
6005.0,147.0,0.517815
6006.0,0.0,0.526921
6006.0,1.0,0.542769
6006.0,2.0,0.49663
6006.0,3.0,0.477669
6006.0,4.0,0.513869
6006.0,5.0,0.523601
6006.0,6.0,0.491878
6006.0,7.0,0.528422
6006.0,8.0,0.506353
6006.0,9.0,0.523911
6006.0,10.0,0.494394
6006.0,11.0,0.499992
6006.0,12.0,0.515554
6006.0,13.0,0.509724
6006.0,14.0,0.541148
6006.0,15.0,0.485874
6006.0,16.0,0.480389
6006.0,17.0,0.443509
6006.0,18.0,0.444538
6006.0,19.0,0.548009
6006.0,20.0,0.485557
6006.0,21.0,0.465034
6006.0,22.0,0.586283
6006.0,23.0,0.481845
6006.0,24.0,0.46946
6006.0,25.0,0.476951
6006.0,26.0,0.571141
6006.0,27.0,0.450161
6006.0,28.0,0.46725
6006.0,29.0,0.473795
6006.0,30.0,0.564425
6006.0,31.0,0.510665
6006.0,32.0,0.471179
6006.0,33.0,0.497325
6006.0,34.0,0.474489
6006.0,35.0,0.500404
6006.0,36.0,0.578361
6006.0,37.0,0.508544
6006.0,38.0,0.516802
6006.0,39.0,0.517106
6006.0,40.0,0.453705
6006.0,41.0,0.472465
6006.0,42.0,0.473828
6006.0,43.0,0.433479
6006.0,44.0,0.481368
6006.0,45.0,0.454332
6006.0,46.0,0.461375
6006.0,47.0,0.552066
6006.0,48.0,0.465857
6006.0,49.0,0.38235
6006.0,50.0,0.506426
6006.0,51.0,0.544695
6006.0,52.0,0.525128
6006.0,53.0,0.486157
6006.0,54.0,0.407302
6006.0,55.0,0.492929
6006.0,56.0,0.488467
6006.0,57.0,0.481466
6006.0,58.0,0.530192
6006.0,59.0,0.5099
6006.0,60.0,0.531012
6006.0,61.0,0.479392
6006.0,62.0,0.527979
6006.0,63.0,0.473608
6006.0,64.0,0.414355
6006.0,65.0,0.430595
6006.0,66.0,0.517004
6006.0,67.0,0.512928
6006.0,68.0,0.446564
6006.0,69.0,0.489366
6006.0,70.0,0.433492
6006.0,71.0,0.522468
6006.0,72.0,0.535785
6006.0,73.0,0.49272
6006.0,74.0,0.472448
6006.0,75.0,0.479444
6006.0,76.0,0.501834
6006.0,77.0,0.446176
6006.0,78.0,0.554645
6006.0,79.0,0.516115
6006.0,80.0,0.457304
6006.0,81.0,0.464847
6006.0,82.0,0.544733
6006.0,83.0,0.53947
6006.0,84.0,0.522109
6006.0,85.0,0.53728
6006.0,86.0,0.453722
6006.0,87.0,0.52164
6006.0,88.0,0.462858
6006.0,89.0,0.486805
6006.0,90.0,0.50594
6006.0,91.0,0.433776
6006.0,92.0,0.492005
6006.0,93.0,0.584688
6006.0,94.0,0.482591
6006.0,95.0,0.506004
6006.0,96.0,0.522244
6006.0,97.0,0.522183
6006.0,98.0,0.50446
6006.0,99.0,0.474148
6006.0,100.0,0.627725
6006.0,101.0,0.454125
6006.0,102.0,0.466441
6006.0,103.0,0.487718
6006.0,104.0,0.535579
6006.0,105.0,0.522514
6006.0,106.0,0.414724
6006.0,107.0,0.533959
6006.0,108.0,0.442818
6006.0,109.0,0.426524
6006.0,110.0,0.476851
6006.0,111.0,0.48765
6006.0,112.0,0.475086
6006.0,113.0,0.471311
6006.0,114.0,0.46961
6006.0,115.0,0.480995
6006.0,116.0,0.53167
6006.0,117.0,0.466478
6006.0,118.0,0.483769
6006.0,119.0,0.443172
6006.0,120.0,0.542565
6006.0,121.0,0.527263
6006.0,122.0,0.531561
6006.0,123.0,0.515199
6006.0,124.0,0.448498
6006.0,125.0,0.521437
6006.0,126.0,0.500749
6006.0,127.0,0.490079
6006.0,128.0,0.497095
6006.0,129.0,0.546169
6006.0,130.0,0.48649
6006.0,131.0,0.479964
6006.0,132.0,0.518271
6006.0,133.0,0.489011
6006.0,134.0,0.491998
6006.0,135.0,0.512093
6006.0,136.0,0.432839
6006.0,137.0,0.532449
6006.0,138.0,0.521534
6006.0,139.0,0.551069
6006.0,140.0,0.492112
6006.0,141.0,0.446143
6006.0,142.0,0.479668
6006.0,143.0,0.513944
6006.0,144.0,0.526586
6006.0,145.0,0.549401
6006.0,146.0,0.546203
6006.0,147.0,0.517577
6007.0,0.0,0.5264
6007.0,1.0,0.542182
6007.0,2.0,0.496353
6007.0,3.0,0.477243
6007.0,4.0,0.513703
6007.0,5.0,0.523654
6007.0,6.0,0.490361
6007.0,7.0,0.528468
6007.0,8.0,0.506077
6007.0,9.0,0.52376
6007.0,10.0,0.494284
6007.0,11.0,0.500173
6007.0,12.0,0.515708
6007.0,13.0,0.510158
6007.0,14.0,0.541504
6007.0,15.0,0.486699
6007.0,16.0,0.480411
6007.0,17.0,0.443418
6007.0,18.0,0.444069
6007.0,19.0,0.548949
6007.0,20.0,0.485635
6007.0,21.0,0.465339
6007.0,22.0,0.586198
6007.0,23.0,0.481955
6007.0,24.0,0.468505
6007.0,25.0,0.477253
6007.0,26.0,0.570929
6007.0,27.0,0.45033
6007.0,28.0,0.466979
6007.0,29.0,0.472587
6007.0,30.0,0.564431
6007.0,31.0,0.510526
6007.0,32.0,0.471197
6007.0,33.0,0.497154
6007.0,34.0,0.474955
6007.0,35.0,0.500151
6007.0,36.0,0.578335
6007.0,37.0,0.508596
6007.0,38.0,0.516466
6007.0,39.0,0.517045
6007.0,40.0,0.454603
6007.0,41.0,0.471906
6007.0,42.0,0.473717
6007.0,43.0,0.433829
6007.0,44.0,0.48071
6007.0,45.0,0.455456
6007.0,46.0,0.461834
6007.0,47.0,0.552136
6007.0,48.0,0.466531
6007.0,49.0,0.382425
6007.0,50.0,0.507028
6007.0,51.0,0.544804
6007.0,52.0,0.525396
6007.0,53.0,0.486886
6007.0,54.0,0.406577
6007.0,55.0,0.493274
6007.0,56.0,0.489301
6007.0,57.0,0.481644
6007.0,58.0,0.530631
6007.0,59.0,0.510734
6007.0,60.0,0.531833
6007.0,61.0,0.479778
6007.0,62.0,0.528101
6007.0,63.0,0.473903
6007.0,64.0,0.415034
6007.0,65.0,0.43012
6007.0,66.0,0.516529
6007.0,67.0,0.513269
6007.0,68.0,0.446477
6007.0,69.0,0.489791
6007.0,70.0,0.433346
6007.0,71.0,0.522326
6007.0,72.0,0.535696
6007.0,73.0,0.492637
6007.0,74.0,0.472402
6007.0,75.0,0.4794
6007.0,76.0,0.501869
6007.0,77.0,0.446293
6007.0,78.0,0.554802
6007.0,79.0,0.515199
6007.0,80.0,0.457342
6007.0,81.0,0.46471
6007.0,82.0,0.543569
6007.0,83.0,0.539396
6007.0,84.0,0.522058
6007.0,85.0,0.537585
6007.0,86.0,0.453919
6007.0,87.0,0.520607
6007.0,88.0,0.462527
6007.0,89.0,0.486216
6007.0,90.0,0.505938
6007.0,91.0,0.43405
6007.0,92.0,0.491786
6007.0,93.0,0.585912
6007.0,94.0,0.483453
6007.0,95.0,0.50611
6007.0,96.0,0.522324
6007.0,97.0,0.52165
6007.0,98.0,0.504453
6007.0,99.0,0.474911
6007.0,100.0,0.626747
6007.0,101.0,0.453722
6007.0,102.0,0.467
6007.0,103.0,0.487384
6007.0,104.0,0.535291
6007.0,105.0,0.522271
6007.0,106.0,0.414844
6007.0,107.0,0.533935
6007.0,108.0,0.442532
6007.0,109.0,0.426068
6007.0,110.0,0.476438
6007.0,111.0,0.487014
6007.0,112.0,0.475529
6007.0,113.0,0.470361
6007.0,114.0,0.469589
6007.0,115.0,0.480781
6007.0,116.0,0.531081
6007.0,117.0,0.466823
6007.0,118.0,0.48365
6007.0,119.0,0.443268
6007.0,120.0,0.542871
6007.0,121.0,0.527614
6007.0,122.0,0.532122
6007.0,123.0,0.515767
6007.0,124.0,0.44889
6007.0,125.0,0.521083
6007.0,126.0,0.500907
6007.0,127.0,0.488993
6007.0,128.0,0.497314
6007.0,129.0,0.546724
6007.0,130.0,0.486454
6007.0,131.0,0.479819
6007.0,132.0,0.517777
6007.0,133.0,0.489093
6007.0,134.0,0.492532
6007.0,135.0,0.511755
6007.0,136.0,0.432972
6007.0,137.0,0.532365
6007.0,138.0,0.521873
6007.0,139.0,0.550616
6007.0,140.0,0.492223
6007.0,141.0,0.44646
6007.0,142.0,0.479603
6007.0,143.0,0.513969
6007.0,144.0,0.526395
6007.0,145.0,0.549446
6007.0,146.0,0.545824
6007.0,147.0,0.516777
6008.0,0.0,0.525972
6008.0,1.0,0.542489
6008.0,2.0,0.496907
6008.0,3.0,0.477929
6008.0,4.0,0.514726
6008.0,5.0,0.52353
6008.0,6.0,0.490829
6008.0,7.0,0.529137
6008.0,8.0,0.506366
6008.0,9.0,0.523489
6008.0,10.0,0.494551
6008.0,11.0,0.500216
6008.0,12.0,0.515617
6008.0,13.0,0.509689
6008.0,14.0,0.54115
6008.0,15.0,0.486384
6008.0,16.0,0.479971
6008.0,17.0,0.443465
6008.0,18.0,0.444313
6008.0,19.0,0.54869
6008.0,20.0,0.483846
6008.0,21.0,0.466386
6008.0,22.0,0.586289
6008.0,23.0,0.482545
6008.0,24.0,0.468629
6008.0,25.0,0.477004
6008.0,26.0,0.571814
6008.0,27.0,0.45008
6008.0,28.0,0.466361
6008.0,29.0,0.472326
6008.0,30.0,0.563788
6008.0,31.0,0.511057
6008.0,32.0,0.471254
6008.0,33.0,0.497554
6008.0,34.0,0.474493
6008.0,35.0,0.499076
6008.0,36.0,0.578311
6008.0,37.0,0.508033
6008.0,38.0,0.516084
6008.0,39.0,0.517246
6008.0,40.0,0.454408
6008.0,41.0,0.471893
6008.0,42.0,0.473946
6008.0,43.0,0.434283
6008.0,44.0,0.480775
6008.0,45.0,0.45593
6008.0,46.0,0.461816
6008.0,47.0,0.552215
6008.0,48.0,0.4668
6008.0,49.0,0.382082
6008.0,50.0,0.507984
6008.0,51.0,0.545492
6008.0,52.0,0.524822
6008.0,53.0,0.486978
6008.0,54.0,0.407377
6008.0,55.0,0.493875
6008.0,56.0,0.489256
6008.0,57.0,0.48086
6008.0,58.0,0.529662
6008.0,59.0,0.51135
6008.0,60.0,0.531777
6008.0,61.0,0.479902
6008.0,62.0,0.52767
6008.0,63.0,0.474242
6008.0,64.0,0.414732
6008.0,65.0,0.430096
6008.0,66.0,0.515859
6008.0,67.0,0.513006
6008.0,68.0,0.447141
6008.0,69.0,0.490166
6008.0,70.0,0.433355
6008.0,71.0,0.522653
6008.0,72.0,0.535551
6008.0,73.0,0.492246
6008.0,74.0,0.472367
6008.0,75.0,0.479158
6008.0,76.0,0.502316
6008.0,77.0,0.446603
6008.0,78.0,0.554693
6008.0,79.0,0.514881
6008.0,80.0,0.457773
6008.0,81.0,0.464596
6008.0,82.0,0.543122
6008.0,83.0,0.539226
6008.0,84.0,0.521797
6008.0,85.0,0.537728
6008.0,86.0,0.454373
6008.0,87.0,0.519782
6008.0,88.0,0.46243
6008.0,89.0,0.485715
6008.0,90.0,0.50562
6008.0,91.0,0.434143
6008.0,92.0,0.492269
6008.0,93.0,0.585763
6008.0,94.0,0.483197
6008.0,95.0,0.506168
6008.0,96.0,0.522376
6008.0,97.0,0.52228
6008.0,98.0,0.503967
6008.0,99.0,0.473845
6008.0,100.0,0.627078
6008.0,101.0,0.453882
6008.0,102.0,0.466882
6008.0,103.0,0.487379
6008.0,104.0,0.535604
6008.0,105.0,0.522638
6008.0,106.0,0.41411
6008.0,107.0,0.534112
6008.0,108.0,0.442362
6008.0,109.0,0.426458
6008.0,110.0,0.477534
6008.0,111.0,0.486525
6008.0,112.0,0.475092
6008.0,113.0,0.471113
6008.0,114.0,0.469283
6008.0,115.0,0.480511
6008.0,116.0,0.531548
6008.0,117.0,0.467221
6008.0,118.0,0.48327
6008.0,119.0,0.443123
6008.0,120.0,0.543167
6008.0,121.0,0.526822
6008.0,122.0,0.532467
6008.0,123.0,0.51504
6008.0,124.0,0.449323
6008.0,125.0,0.521232
6008.0,126.0,0.500539
6008.0,127.0,0.489249
6008.0,128.0,0.498498
6008.0,129.0,0.546419
6008.0,130.0,0.486759
6008.0,131.0,0.479508
6008.0,132.0,0.517066
6008.0,133.0,0.489272
6008.0,134.0,0.493715
6008.0,135.0,0.511753
6008.0,136.0,0.432622
6008.0,137.0,0.53215
6008.0,138.0,0.52182
6008.0,139.0,0.550355
6008.0,140.0,0.493172
6008.0,141.0,0.446781
6008.0,142.0,0.480356
6008.0,143.0,0.513482
6008.0,144.0,0.527262
6008.0,145.0,0.548661
6008.0,146.0,0.545978
6008.0,147.0,0.516842
6009.0,0.0,0.525732
6009.0,1.0,0.542623
6009.0,2.0,0.496806
6009.0,3.0,0.477563
6009.0,4.0,0.514811
6009.0,5.0,0.523526
6009.0,6.0,0.490883
6009.0,7.0,0.529317
6009.0,8.0,0.506983
6009.0,9.0,0.523487
6009.0,10.0,0.494301
6009.0,11.0,0.500137
6009.0,12.0,0.515677
6009.0,13.0,0.509214
6009.0,14.0,0.540861
6009.0,15.0,0.486629
6009.0,16.0,0.479698
6009.0,17.0,0.443963
6009.0,18.0,0.444463
6009.0,19.0,0.549335
6009.0,20.0,0.483751
6009.0,21.0,0.465806
6009.0,22.0,0.58607
6009.0,23.0,0.482664
6009.0,24.0,0.468059
6009.0,25.0,0.476949
6009.0,26.0,0.571519
6009.0,27.0,0.449901
6009.0,28.0,0.466797
6009.0,29.0,0.47206
6009.0,30.0,0.563949
6009.0,31.0,0.510553
6009.0,32.0,0.471549
6009.0,33.0,0.497951
6009.0,34.0,0.474628
6009.0,35.0,0.498955
6009.0,36.0,0.579361
6009.0,37.0,0.508177
6009.0,38.0,0.515866
6009.0,39.0,0.517988
6009.0,40.0,0.453588
6009.0,41.0,0.471733
6009.0,42.0,0.473457
6009.0,43.0,0.434258
6009.0,44.0,0.480009
6009.0,45.0,0.455276
6009.0,46.0,0.462293
6009.0,47.0,0.552741
6009.0,48.0,0.467141
6009.0,49.0,0.381836
6009.0,50.0,0.50737
6009.0,51.0,0.546177
6009.0,52.0,0.525393
6009.0,53.0,0.486953
6009.0,54.0,0.407703
6009.0,55.0,0.493803
6009.0,56.0,0.489717
6009.0,57.0,0.480734
6009.0,58.0,0.529687
6009.0,59.0,0.511282
6009.0,60.0,0.531017
6009.0,61.0,0.479438
6009.0,62.0,0.527759
6009.0,63.0,0.474929
6009.0,64.0,0.414709
6009.0,65.0,0.430221
6009.0,66.0,0.516479
6009.0,67.0,0.512902
6009.0,68.0,0.447415
6009.0,69.0,0.490679
6009.0,70.0,0.433326
6009.0,71.0,0.522501
6009.0,72.0,0.535044
6009.0,73.0,0.49233
6009.0,74.0,0.471821
6009.0,75.0,0.479601
6009.0,76.0,0.502661
6009.0,77.0,0.446483
6009.0,78.0,0.555142
6009.0,79.0,0.514435
6009.0,80.0,0.458421
6009.0,81.0,0.464643
6009.0,82.0,0.544815
6009.0,83.0,0.538326
6009.0,84.0,0.521066
6009.0,85.0,0.537834
6009.0,86.0,0.455169
6009.0,87.0,0.520015
6009.0,88.0,0.462451
6009.0,89.0,0.485124
6009.0,90.0,0.504555
6009.0,91.0,0.434849
6009.0,92.0,0.491514
6009.0,93.0,0.585277
6009.0,94.0,0.483205
6009.0,95.0,0.505346
6009.0,96.0,0.52284
6009.0,97.0,0.522391
6009.0,98.0,0.504651
6009.0,99.0,0.474569
6009.0,100.0,0.626503
6009.0,101.0,0.453397
6009.0,102.0,0.467762
6009.0,103.0,0.487449
6009.0,104.0,0.535673
6009.0,105.0,0.522412
6009.0,106.0,0.413595
6009.0,107.0,0.535096
6009.0,108.0,0.442693
6009.0,109.0,0.42619
6009.0,110.0,0.477327
6009.0,111.0,0.486444
6009.0,112.0,0.474458
6009.0,113.0,0.471221
6009.0,114.0,0.46952
6009.0,115.0,0.480818
6009.0,116.0,0.531659
6009.0,117.0,0.467401
6009.0,118.0,0.483983
6009.0,119.0,0.443831
6009.0,120.0,0.543158
6009.0,121.0,0.527336
6009.0,122.0,0.531869
6009.0,123.0,0.515063
6009.0,124.0,0.44925
6009.0,125.0,0.520747
6009.0,126.0,0.500982
6009.0,127.0,0.489697
6009.0,128.0,0.498912
6009.0,129.0,0.547212
6009.0,130.0,0.486879
6009.0,131.0,0.479768
6009.0,132.0,0.516757
6009.0,133.0,0.489518
6009.0,134.0,0.49336
6009.0,135.0,0.511462
6009.0,136.0,0.432755
6009.0,137.0,0.531483
6009.0,138.0,0.522409
6009.0,139.0,0.550195
6009.0,140.0,0.49291
6009.0,141.0,0.446828
6009.0,142.0,0.480778
6009.0,143.0,0.513458
6009.0,144.0,0.52662
6009.0,145.0,0.54817
6009.0,146.0,0.545893
6009.0,147.0,0.517336
6010.0,0.0,0.52635
6010.0,1.0,0.542119
6010.0,2.0,0.497183
6010.0,3.0,0.477709
6010.0,4.0,0.514522
6010.0,5.0,0.52307
6010.0,6.0,0.490633
6010.0,7.0,0.529358
6010.0,8.0,0.506461
6010.0,9.0,0.523177
6010.0,10.0,0.495241
6010.0,11.0,0.501037
6010.0,12.0,0.516314
6010.0,13.0,0.50891
6010.0,14.0,0.541235
6010.0,15.0,0.487193
6010.0,16.0,0.479484
6010.0,17.0,0.444821
6010.0,18.0,0.444377
6010.0,19.0,0.548891
6010.0,20.0,0.483498
6010.0,21.0,0.466149
6010.0,22.0,0.5861
6010.0,23.0,0.481603
6010.0,24.0,0.468026
6010.0,25.0,0.476838
6010.0,26.0,0.572143
6010.0,27.0,0.449548
6010.0,28.0,0.466939
6010.0,29.0,0.471859
6010.0,30.0,0.563979
6010.0,31.0,0.510497
6010.0,32.0,0.470603
6010.0,33.0,0.497956
6010.0,34.0,0.475179
6010.0,35.0,0.499135
6010.0,36.0,0.579807
6010.0,37.0,0.508349
6010.0,38.0,0.5151
6010.0,39.0,0.518183
6010.0,40.0,0.453723
6010.0,41.0,0.471619
6010.0,42.0,0.472387
6010.0,43.0,0.434213
6010.0,44.0,0.480809
6010.0,45.0,0.455145
6010.0,46.0,0.462231
6010.0,47.0,0.553161
6010.0,48.0,0.466611
6010.0,49.0,0.381945
6010.0,50.0,0.507376
6010.0,51.0,0.545834
6010.0,52.0,0.526761
6010.0,53.0,0.487427
6010.0,54.0,0.408578
6010.0,55.0,0.492539
6010.0,56.0,0.489416
6010.0,57.0,0.48075
6010.0,58.0,0.52958
6010.0,59.0,0.511119
6010.0,60.0,0.531038
6010.0,61.0,0.47965
6010.0,62.0,0.527561
6010.0,63.0,0.47566
6010.0,64.0,0.415719
6010.0,65.0,0.429284
6010.0,66.0,0.516455
6010.0,67.0,0.512787
6010.0,68.0,0.447333
6010.0,69.0,0.491218
6010.0,70.0,0.43276
6010.0,71.0,0.52259
6010.0,72.0,0.535952
6010.0,73.0,0.490936
6010.0,74.0,0.471467
6010.0,75.0,0.479718
6010.0,76.0,0.502084
6010.0,77.0,0.446392
6010.0,78.0,0.555523
6010.0,79.0,0.514437
6010.0,80.0,0.458217
6010.0,81.0,0.465134
6010.0,82.0,0.544722
6010.0,83.0,0.539169
6010.0,84.0,0.521353
6010.0,85.0,0.538163
6010.0,86.0,0.455608
6010.0,87.0,0.519446
6010.0,88.0,0.462004
6010.0,89.0,0.485048
6010.0,90.0,0.505201
6010.0,91.0,0.434965
6010.0,92.0,0.491351
6010.0,93.0,0.584867
6010.0,94.0,0.482722
6010.0,95.0,0.505494
6010.0,96.0,0.522787
6010.0,97.0,0.522658
6010.0,98.0,0.5052
6010.0,99.0,0.475009
6010.0,100.0,0.626976
6010.0,101.0,0.453417
6010.0,102.0,0.467776
6010.0,103.0,0.487191
6010.0,104.0,0.535067
6010.0,105.0,0.522258
6010.0,106.0,0.413137
6010.0,107.0,0.535082
6010.0,108.0,0.442966
6010.0,109.0,0.426252
6010.0,110.0,0.477464
6010.0,111.0,0.486145
6010.0,112.0,0.474647
6010.0,113.0,0.47048
6010.0,114.0,0.469414
6010.0,115.0,0.48129
6010.0,116.0,0.532574
6010.0,117.0,0.467207
6010.0,118.0,0.483913
6010.0,119.0,0.444407
6010.0,120.0,0.542722
6010.0,121.0,0.5275
6010.0,122.0,0.53165
6010.0,123.0,0.514896
6010.0,124.0,0.449406
6010.0,125.0,0.520804
6010.0,126.0,0.501095
6010.0,127.0,0.489807
6010.0,128.0,0.498813
6010.0,129.0,0.547175
6010.0,130.0,0.486659
6010.0,131.0,0.480229
6010.0,132.0,0.517236
6010.0,133.0,0.489115
6010.0,134.0,0.493169
6010.0,135.0,0.512179
6010.0,136.0,0.432904
6010.0,137.0,0.531668
6010.0,138.0,0.522085
6010.0,139.0,0.550405
6010.0,140.0,0.492803
6010.0,141.0,0.447791
6010.0,142.0,0.481578
6010.0,143.0,0.513141
6010.0,144.0,0.527345
6010.0,145.0,0.548799
6010.0,146.0,0.545392
6010.0,147.0,0.516969
7000.0,0.0,0.535437
7000.0,1.0,0.534147
7000.0,2.0,0.490594
7000.0,3.0,0.477293
7000.0,4.0,0.500596
7000.0,5.0,0.523874
7000.0,6.0,0.480564
7000.0,7.0,0.53803
7000.0,8.0,0.536906
7000.0,9.0,0.499029
7000.0,10.0,0.476707
7000.0,11.0,0.48573
7000.0,12.0,0.527005
7000.0,13.0,0.526407
7000.0,14.0,0.541304
7000.0,15.0,0.497751
7000.0,16.0,0.471745
7000.0,17.0,0.437273
7000.0,18.0,0.46553
7000.0,19.0,0.515015
7000.0,20.0,0.45328
7000.0,21.0,0.455814
7000.0,22.0,0.585984
7000.0,23.0,0.482207
7000.0,24.0,0.469816
7000.0,25.0,0.461223
7000.0,26.0,0.580019
7000.0,27.0,0.44812
7000.0,28.0,0.458488
7000.0,29.0,0.452676
7000.0,30.0,0.571229
7000.0,31.0,0.542769
7000.0,32.0,0.492186
7000.0,33.0,0.512786
7000.0,34.0,0.462238
7000.0,35.0,0.526619
7000.0,36.0,0.576453
7000.0,37.0,0.496546
7000.0,38.0,0.505295
7000.0,39.0,0.517791
7000.0,40.0,0.462306
7000.0,41.0,0.478058
7000.0,42.0,0.46465
7000.0,43.0,0.396904
7000.0,44.0,0.500374
7000.0,45.0,0.440641
7000.0,46.0,0.454287
7000.0,47.0,0.536666
7000.0,48.0,0.455539
7000.0,49.0,0.381289
7000.0,50.0,0.532327
7000.0,51.0,0.519951
7000.0,52.0,0.530425
7000.0,53.0,0.504925
7000.0,54.0,0.416443
7000.0,55.0,0.497234
7000.0,56.0,0.491889
7000.0,57.0,0.484108
7000.0,58.0,0.5343
7000.0,59.0,0.502213
7000.0,60.0,0.531514
7000.0,61.0,0.446858
7000.0,62.0,0.541646
7000.0,63.0,0.492198
7000.0,64.0,0.42504
7000.0,65.0,0.407657
7000.0,66.0,0.537471
7000.0,67.0,0.505945
7000.0,68.0,0.438475
7000.0,69.0,0.490458
7000.0,70.0,0.434555
7000.0,71.0,0.518448
7000.0,72.0,0.534127
7000.0,73.0,0.493539
7000.0,74.0,0.478004
7000.0,75.0,0.469876
7000.0,76.0,0.514278
7000.0,77.0,0.455559
7000.0,78.0,0.538546
7000.0,79.0,0.519313
7000.0,80.0,0.462148
7000.0,81.0,0.45543
7000.0,82.0,0.574901
7000.0,83.0,0.552433
7000.0,84.0,0.520742
7000.0,85.0,0.543735
7000.0,86.0,0.461804
7000.0,87.0,0.539292
7000.0,88.0,0.429775
7000.0,89.0,0.490598
7000.0,90.0,0.484353
7000.0,91.0,0.437461
7000.0,92.0,0.495462
7000.0,93.0,0.613183
7000.0,94.0,0.482087
7000.0,95.0,0.528027
7000.0,96.0,0.525254
7000.0,97.0,0.501298
7000.0,98.0,0.512232
7000.0,99.0,0.474733
7000.0,100.0,0.60589
7000.0,101.0,0.466043
7000.0,102.0,0.501816
7000.0,103.0,0.511306
7000.0,104.0,0.500809
7000.0,105.0,0.513058
7000.0,106.0,0.416654
7000.0,107.0,0.544331
7000.0,108.0,0.430846
7000.0,109.0,0.470123
7000.0,110.0,0.492415
7000.0,111.0,0.480502
7000.0,112.0,0.453696
7000.0,113.0,0.44917
7000.0,114.0,0.454768
7000.0,115.0,0.477803
7000.0,116.0,0.531488
7000.0,117.0,0.473277
7000.0,118.0,0.465959
7000.0,119.0,0.462158
7000.0,120.0,0.571108
7000.0,121.0,0.510952
7000.0,122.0,0.526386
7000.0,123.0,0.538255
7000.0,124.0,0.437213
7000.0,125.0,0.507778
7000.0,126.0,0.490795
7000.0,127.0,0.506058
7000.0,128.0,0.498611
7000.0,129.0,0.571398
7000.0,130.0,0.483152
7000.0,131.0,0.461706
7000.0,132.0,0.512178
7000.0,133.0,0.505459
7000.0,134.0,0.502192
7000.0,135.0,0.488683
7000.0,136.0,0.436584
7000.0,137.0,0.515593
7000.0,138.0,0.540623
7000.0,139.0,0.526744
7000.0,140.0,0.515758
7000.0,141.0,0.439401
7000.0,142.0,0.480965
7000.0,143.0,0.502981
7000.0,144.0,0.535196
7000.0,145.0,0.546298
7000.0,146.0,0.554101
7000.0,147.0,0.497931
7001.0,0.0,0.53591
7001.0,1.0,0.534513
7001.0,2.0,0.490631
7001.0,3.0,0.477255
7001.0,4.0,0.501225
7001.0,5.0,0.523684
7001.0,6.0,0.481371
7001.0,7.0,0.538299
7001.0,8.0,0.537444
7001.0,9.0,0.500086
7001.0,10.0,0.475805
7001.0,11.0,0.485095
7001.0,12.0,0.527002
7001.0,13.0,0.525971
7001.0,14.0,0.541938
7001.0,15.0,0.497517
7001.0,16.0,0.4708
7001.0,17.0,0.437411
7001.0,18.0,0.465134
7001.0,19.0,0.514201
7001.0,20.0,0.453181
7001.0,21.0,0.456519
7001.0,22.0,0.586686
7001.0,23.0,0.482255
7001.0,24.0,0.470446
7001.0,25.0,0.460358
7001.0,26.0,0.580603
7001.0,27.0,0.447458
7001.0,28.0,0.459115
7001.0,29.0,0.452842
7001.0,30.0,0.570987
7001.0,31.0,0.541999
7001.0,32.0,0.492108
7001.0,33.0,0.513335
7001.0,34.0,0.462258
7001.0,35.0,0.52608
7001.0,36.0,0.576311
7001.0,37.0,0.496084
7001.0,38.0,0.504573
7001.0,39.0,0.517038
7001.0,40.0,0.46335
7001.0,41.0,0.479017
7001.0,42.0,0.46445
7001.0,43.0,0.396737
7001.0,44.0,0.500376
7001.0,45.0,0.440588
7001.0,46.0,0.455561
7001.0,47.0,0.537377
7001.0,48.0,0.454787
7001.0,49.0,0.381252
7001.0,50.0,0.532488
7001.0,51.0,0.520359
7001.0,52.0,0.530719
7001.0,53.0,0.504975
7001.0,54.0,0.417334
7001.0,55.0,0.496822
7001.0,56.0,0.492121
7001.0,57.0,0.483404
7001.0,58.0,0.534115
7001.0,59.0,0.502493
7001.0,60.0,0.531703
7001.0,61.0,0.447334
7001.0,62.0,0.542141
7001.0,63.0,0.492073
7001.0,64.0,0.425445
7001.0,65.0,0.408387
7001.0,66.0,0.537804
7001.0,67.0,0.505514
7001.0,68.0,0.438998
7001.0,69.0,0.490518
7001.0,70.0,0.434033
7001.0,71.0,0.51882
7001.0,72.0,0.533238
7001.0,73.0,0.493658
7001.0,74.0,0.477662
7001.0,75.0,0.469831
7001.0,76.0,0.513826
7001.0,77.0,0.45615
7001.0,78.0,0.538848
7001.0,79.0,0.519074
7001.0,80.0,0.462187
7001.0,81.0,0.455428
7001.0,82.0,0.574809
7001.0,83.0,0.55305
7001.0,84.0,0.520599
7001.0,85.0,0.543571
7001.0,86.0,0.462179
7001.0,87.0,0.539125
7001.0,88.0,0.429375
7001.0,89.0,0.491634
7001.0,90.0,0.48454
7001.0,91.0,0.437698
7001.0,92.0,0.496107
7001.0,93.0,0.613744
7001.0,94.0,0.482932
7001.0,95.0,0.528066
7001.0,96.0,0.524421
7001.0,97.0,0.5011
7001.0,98.0,0.512576
7001.0,99.0,0.474472
7001.0,100.0,0.606249
7001.0,101.0,0.465641
7001.0,102.0,0.502218
7001.0,103.0,0.511589
7001.0,104.0,0.499973
7001.0,105.0,0.512718
7001.0,106.0,0.416445
7001.0,107.0,0.544467
7001.0,108.0,0.430816
7001.0,109.0,0.470624
7001.0,110.0,0.493532
7001.0,111.0,0.480888
7001.0,112.0,0.454167
7001.0,113.0,0.449202
7001.0,114.0,0.455131
7001.0,115.0,0.477534
7001.0,116.0,0.531661
7001.0,117.0,0.472209
7001.0,118.0,0.464843
7001.0,119.0,0.461956
7001.0,120.0,0.570791
7001.0,121.0,0.510868
7001.0,122.0,0.526385
7001.0,123.0,0.539141
7001.0,124.0,0.436909
7001.0,125.0,0.507805
7001.0,126.0,0.490938
7001.0,127.0,0.505767
7001.0,128.0,0.499002
7001.0,129.0,0.570521
7001.0,130.0,0.483238
7001.0,131.0,0.462139
7001.0,132.0,0.511847
7001.0,133.0,0.505648
7001.0,134.0,0.502019
7001.0,135.0,0.488963
7001.0,136.0,0.436709
7001.0,137.0,0.514817
7001.0,138.0,0.539397
7001.0,139.0,0.527175
7001.0,140.0,0.516478
7001.0,141.0,0.439439
7001.0,142.0,0.481833
7001.0,143.0,0.503427
7001.0,144.0,0.534937
7001.0,145.0,0.546546
7001.0,146.0,0.553706
7001.0,147.0,0.498695
7002.0,0.0,0.536383
7002.0,1.0,0.533712
7002.0,2.0,0.489834
7002.0,3.0,0.477128
7002.0,4.0,0.501946
7002.0,5.0,0.522693
7002.0,6.0,0.482012
7002.0,7.0,0.538335
7002.0,8.0,0.537885
7002.0,9.0,0.499739
7002.0,10.0,0.476
7002.0,11.0,0.484307
7002.0,12.0,0.527995
7002.0,13.0,0.52568
7002.0,14.0,0.541376
7002.0,15.0,0.497456
7002.0,16.0,0.470877
7002.0,17.0,0.43772
7002.0,18.0,0.464867
7002.0,19.0,0.513972
7002.0,20.0,0.452979
7002.0,21.0,0.456609
7002.0,22.0,0.58674
7002.0,23.0,0.48231
7002.0,24.0,0.470521
7002.0,25.0,0.460355
7002.0,26.0,0.580511
7002.0,27.0,0.447115
7002.0,28.0,0.458299
7002.0,29.0,0.453031
7002.0,30.0,0.570553
7002.0,31.0,0.541965
7002.0,32.0,0.492783
7002.0,33.0,0.513489
7002.0,34.0,0.462783
7002.0,35.0,0.525992
7002.0,36.0,0.576093
7002.0,37.0,0.496107
7002.0,38.0,0.50417
7002.0,39.0,0.516456
7002.0,40.0,0.462953
7002.0,41.0,0.479396
7002.0,42.0,0.464672
7002.0,43.0,0.396692
7002.0,44.0,0.500838
7002.0,45.0,0.440891
7002.0,46.0,0.455087
7002.0,47.0,0.537337
7002.0,48.0,0.454565
7002.0,49.0,0.38139
7002.0,50.0,0.532881
7002.0,51.0,0.520065
7002.0,52.0,0.531478
7002.0,53.0,0.505329
7002.0,54.0,0.41772
7002.0,55.0,0.496458
7002.0,56.0,0.492529
7002.0,57.0,0.483484
7002.0,58.0,0.533924
7002.0,59.0,0.502634
7002.0,60.0,0.531548
7002.0,61.0,0.446239
7002.0,62.0,0.542106
7002.0,63.0,0.4917
7002.0,64.0,0.425124
7002.0,65.0,0.407534
7002.0,66.0,0.53803
7002.0,67.0,0.504883
7002.0,68.0,0.438245
7002.0,69.0,0.4907
7002.0,70.0,0.433683
7002.0,71.0,0.518451
7002.0,72.0,0.533593
7002.0,73.0,0.493159
7002.0,74.0,0.477067
7002.0,75.0,0.469361
7002.0,76.0,0.513925
7002.0,77.0,0.455964
7002.0,78.0,0.538255
7002.0,79.0,0.520019
7002.0,80.0,0.462481
7002.0,81.0,0.45593
7002.0,82.0,0.574729
7002.0,83.0,0.553429
7002.0,84.0,0.520779
7002.0,85.0,0.542773
7002.0,86.0,0.462161
7002.0,87.0,0.53926
7002.0,88.0,0.42931
7002.0,89.0,0.491745
7002.0,90.0,0.485536
7002.0,91.0,0.436846
7002.0,92.0,0.495931
7002.0,93.0,0.614259
7002.0,94.0,0.48278
7002.0,95.0,0.528006
7002.0,96.0,0.524728
7002.0,97.0,0.500963
7002.0,98.0,0.512526
7002.0,99.0,0.474674
7002.0,100.0,0.606475
7002.0,101.0,0.466346
7002.0,102.0,0.502943
7002.0,103.0,0.51105
7002.0,104.0,0.499813
7002.0,105.0,0.511747
7002.0,106.0,0.417207
7002.0,107.0,0.544208
7002.0,108.0,0.430271
7002.0,109.0,0.471304
7002.0,110.0,0.492237
7002.0,111.0,0.480584
7002.0,112.0,0.453956
7002.0,113.0,0.448955
7002.0,114.0,0.455613
7002.0,115.0,0.476793
7002.0,116.0,0.531945
7002.0,117.0,0.471966
7002.0,118.0,0.463763
7002.0,119.0,0.462981
7002.0,120.0,0.570402
7002.0,121.0,0.510559
7002.0,122.0,0.525926
7002.0,123.0,0.539418
7002.0,124.0,0.437333
7002.0,125.0,0.508438
7002.0,126.0,0.490616
7002.0,127.0,0.505208
7002.0,128.0,0.498639
7002.0,129.0,0.570961
7002.0,130.0,0.483165
7002.0,131.0,0.462741
7002.0,132.0,0.511604
7002.0,133.0,0.505506
7002.0,134.0,0.501772
7002.0,135.0,0.489753
7002.0,136.0,0.436072
7002.0,137.0,0.51553
7002.0,138.0,0.539647
7002.0,139.0,0.526851
7002.0,140.0,0.516385
7002.0,141.0,0.439019
7002.0,142.0,0.482059
7002.0,143.0,0.503412
7002.0,144.0,0.535006
7002.0,145.0,0.545966
7002.0,146.0,0.553283
7002.0,147.0,0.497733
7003.0,0.0,0.536944
7003.0,1.0,0.533833
7003.0,2.0,0.490581
7003.0,3.0,0.478073
7003.0,4.0,0.501703
7003.0,5.0,0.522512
7003.0,6.0,0.482105
7003.0,7.0,0.537308
7003.0,8.0,0.538111
7003.0,9.0,0.49981
7003.0,10.0,0.475878
7003.0,11.0,0.483851
7003.0,12.0,0.527916
7003.0,13.0,0.526422
7003.0,14.0,0.541089
7003.0,15.0,0.496627
7003.0,16.0,0.471416
7003.0,17.0,0.437597
7003.0,18.0,0.464572
7003.0,19.0,0.51445
7003.0,20.0,0.452514
7003.0,21.0,0.457254
7003.0,22.0,0.586861
7003.0,23.0,0.482194
7003.0,24.0,0.470989
7003.0,25.0,0.459867
7003.0,26.0,0.579711
7003.0,27.0,0.448068
7003.0,28.0,0.458251
7003.0,29.0,0.454387
7003.0,30.0,0.570165
7003.0,31.0,0.541473
7003.0,32.0,0.493026
7003.0,33.0,0.513233
7003.0,34.0,0.463074
7003.0,35.0,0.524831
7003.0,36.0,0.576055
7003.0,37.0,0.495661
7003.0,38.0,0.504776
7003.0,39.0,0.516613
7003.0,40.0,0.463413
7003.0,41.0,0.479573
7003.0,42.0,0.465122
7003.0,43.0,0.396554
7003.0,44.0,0.501327
7003.0,45.0,0.441147
7003.0,46.0,0.45558
7003.0,47.0,0.538059
7003.0,48.0,0.454311
7003.0,49.0,0.381429
7003.0,50.0,0.532437
7003.0,51.0,0.521034
7003.0,52.0,0.531467
7003.0,53.0,0.504784
7003.0,54.0,0.417834
7003.0,55.0,0.496232
7003.0,56.0,0.492276
7003.0,57.0,0.483162
7003.0,58.0,0.533933
7003.0,59.0,0.502752
7003.0,60.0,0.53204
7003.0,61.0,0.446962
7003.0,62.0,0.54236
7003.0,63.0,0.492141
7003.0,64.0,0.425342
7003.0,65.0,0.40776
7003.0,66.0,0.538073
7003.0,67.0,0.50502
7003.0,68.0,0.437747
7003.0,69.0,0.490729
7003.0,70.0,0.433859
7003.0,71.0,0.519051
7003.0,72.0,0.532302
7003.0,73.0,0.493467
7003.0,74.0,0.476853
7003.0,75.0,0.469739
7003.0,76.0,0.513936
7003.0,77.0,0.456949
7003.0,78.0,0.53782
7003.0,79.0,0.519837
7003.0,80.0,0.462839
7003.0,81.0,0.455403
7003.0,82.0,0.574392
7003.0,83.0,0.554267
7003.0,84.0,0.521316
7003.0,85.0,0.542551
7003.0,86.0,0.461369
7003.0,87.0,0.539298
7003.0,88.0,0.430005
7003.0,89.0,0.491142
7003.0,90.0,0.485092
7003.0,91.0,0.436899
7003.0,92.0,0.4965
7003.0,93.0,0.614855
7003.0,94.0,0.482606
7003.0,95.0,0.527234
7003.0,96.0,0.52454
7003.0,97.0,0.49991
7003.0,98.0,0.512148
7003.0,99.0,0.475012
7003.0,100.0,0.606208
7003.0,101.0,0.466358
7003.0,102.0,0.502725
7003.0,103.0,0.510974
7003.0,104.0,0.499764
7003.0,105.0,0.511635
7003.0,106.0,0.416708
7003.0,107.0,0.544121
7003.0,108.0,0.431172
7003.0,109.0,0.471475
7003.0,110.0,0.491564
7003.0,111.0,0.48026
7003.0,112.0,0.453464
7003.0,113.0,0.448315
7003.0,114.0,0.45478
7003.0,115.0,0.47683
7003.0,116.0,0.532424
7003.0,117.0,0.472954
7003.0,118.0,0.463942
7003.0,119.0,0.463588
7003.0,120.0,0.570209
7003.0,121.0,0.510666
7003.0,122.0,0.526731
7003.0,123.0,0.539394
7003.0,124.0,0.437106
7003.0,125.0,0.509064
7003.0,126.0,0.490229
7003.0,127.0,0.505748
7003.0,128.0,0.498777
7003.0,129.0,0.571467
7003.0,130.0,0.483234
7003.0,131.0,0.462397
7003.0,132.0,0.512033
7003.0,133.0,0.505284
7003.0,134.0,0.50151
7003.0,135.0,0.490984
7003.0,136.0,0.436438
7003.0,137.0,0.516227
7003.0,138.0,0.539963
7003.0,139.0,0.527059
7003.0,140.0,0.516261
7003.0,141.0,0.438749
7003.0,142.0,0.48235
7003.0,143.0,0.50248
7003.0,144.0,0.534895
7003.0,145.0,0.546533
7003.0,146.0,0.553487
7003.0,147.0,0.497983
7004.0,0.0,0.537194
7004.0,1.0,0.533719
7004.0,2.0,0.490515
7004.0,3.0,0.478878
7004.0,4.0,0.501783
7004.0,5.0,0.52311
7004.0,6.0,0.482314
7004.0,7.0,0.536638
7004.0,8.0,0.53797
7004.0,9.0,0.499545
7004.0,10.0,0.475854
7004.0,11.0,0.483806
7004.0,12.0,0.528374
7004.0,13.0,0.526815
7004.0,14.0,0.541099
7004.0,15.0,0.49676
7004.0,16.0,0.471003
7004.0,17.0,0.438062
7004.0,18.0,0.464462
7004.0,19.0,0.514357
7004.0,20.0,0.452632
7004.0,21.0,0.457723
7004.0,22.0,0.586602
7004.0,23.0,0.481733
7004.0,24.0,0.470648
7004.0,25.0,0.46033
7004.0,26.0,0.579954
7004.0,27.0,0.448752
7004.0,28.0,0.457717
7004.0,29.0,0.454692
7004.0,30.0,0.57048
7004.0,31.0,0.541442
7004.0,32.0,0.493037
7004.0,33.0,0.513413
7004.0,34.0,0.463372
7004.0,35.0,0.524798
7004.0,36.0,0.576625
7004.0,37.0,0.495422
7004.0,38.0,0.504583
7004.0,39.0,0.517007
7004.0,40.0,0.462037
7004.0,41.0,0.480037
7004.0,42.0,0.46425
7004.0,43.0,0.396303
7004.0,44.0,0.501627
7004.0,45.0,0.440847
7004.0,46.0,0.454933
7004.0,47.0,0.538307
7004.0,48.0,0.452994
7004.0,49.0,0.380905
7004.0,50.0,0.532661
7004.0,51.0,0.521237
7004.0,52.0,0.532053
7004.0,53.0,0.504459
7004.0,54.0,0.418483
7004.0,55.0,0.496655
7004.0,56.0,0.491843
7004.0,57.0,0.483729
7004.0,58.0,0.534019
7004.0,59.0,0.503559
7004.0,60.0,0.532251
7004.0,61.0,0.447224
7004.0,62.0,0.541319
7004.0,63.0,0.49194
7004.0,64.0,0.424409
7004.0,65.0,0.407483
7004.0,66.0,0.538195
7004.0,67.0,0.505078
7004.0,68.0,0.437335
7004.0,69.0,0.490146
7004.0,70.0,0.433069
7004.0,71.0,0.518598
7004.0,72.0,0.531928
7004.0,73.0,0.493494
7004.0,74.0,0.477032
7004.0,75.0,0.469514
7004.0,76.0,0.514377
7004.0,77.0,0.456256
7004.0,78.0,0.537815
7004.0,79.0,0.519466
7004.0,80.0,0.463476
7004.0,81.0,0.455601
7004.0,82.0,0.57435
7004.0,83.0,0.554603
7004.0,84.0,0.521449
7004.0,85.0,0.541441
7004.0,86.0,0.461001
7004.0,87.0,0.539249
7004.0,88.0,0.430359
7004.0,89.0,0.4912
7004.0,90.0,0.484783
7004.0,91.0,0.43672
7004.0,92.0,0.495817
7004.0,93.0,0.614985
7004.0,94.0,0.482922
7004.0,95.0,0.527187
7004.0,96.0,0.524013
7004.0,97.0,0.500868
7004.0,98.0,0.512791
7004.0,99.0,0.47547
7004.0,100.0,0.606577
7004.0,101.0,0.466559
7004.0,102.0,0.503479
7004.0,103.0,0.511658
7004.0,104.0,0.499577
7004.0,105.0,0.51115
7004.0,106.0,0.417524
7004.0,107.0,0.544236
7004.0,108.0,0.430748
7004.0,109.0,0.472474
7004.0,110.0,0.491527
7004.0,111.0,0.479868
7004.0,112.0,0.453965
7004.0,113.0,0.448292
7004.0,114.0,0.455377
7004.0,115.0,0.47634
7004.0,116.0,0.531639
7004.0,117.0,0.471815
7004.0,118.0,0.463709
7004.0,119.0,0.463447
7004.0,120.0,0.569893
7004.0,121.0,0.511797
7004.0,122.0,0.52718
7004.0,123.0,0.539486
7004.0,124.0,0.437342
7004.0,125.0,0.509868
7004.0,126.0,0.490605
7004.0,127.0,0.505882
7004.0,128.0,0.499585
7004.0,129.0,0.571196
7004.0,130.0,0.483341
7004.0,131.0,0.462118
7004.0,132.0,0.512259
7004.0,133.0,0.504927
7004.0,134.0,0.501857
7004.0,135.0,0.492466
7004.0,136.0,0.437024
7004.0,137.0,0.515824
7004.0,138.0,0.539572
7004.0,139.0,0.527137
7004.0,140.0,0.516277
7004.0,141.0,0.439154
7004.0,142.0,0.483195
7004.0,143.0,0.502703
7004.0,144.0,0.535719
7004.0,145.0,0.546424
7004.0,146.0,0.554173
7004.0,147.0,0.497256
7005.0,0.0,0.537392
7005.0,1.0,0.533724
7005.0,2.0,0.489768
7005.0,3.0,0.479359
7005.0,4.0,0.500872
7005.0,5.0,0.52324
7005.0,6.0,0.482107
7005.0,7.0,0.536776
7005.0,8.0,0.539023
7005.0,9.0,0.499955
7005.0,10.0,0.476207
7005.0,11.0,0.484068
7005.0,12.0,0.527476
7005.0,13.0,0.526855
7005.0,14.0,0.541635
7005.0,15.0,0.497335
7005.0,16.0,0.47151
7005.0,17.0,0.438172
7005.0,18.0,0.464816
7005.0,19.0,0.513546
7005.0,20.0,0.452576
7005.0,21.0,0.457777
7005.0,22.0,0.586793
7005.0,23.0,0.481299
7005.0,24.0,0.470295
7005.0,25.0,0.45942
7005.0,26.0,0.581257
7005.0,27.0,0.448145
7005.0,28.0,0.457831
7005.0,29.0,0.454374
7005.0,30.0,0.571455
7005.0,31.0,0.54202
7005.0,32.0,0.49297
7005.0,33.0,0.513904
7005.0,34.0,0.462733
7005.0,35.0,0.525396
7005.0,36.0,0.576579
7005.0,37.0,0.495389
7005.0,38.0,0.504722
7005.0,39.0,0.517426
7005.0,40.0,0.462177
7005.0,41.0,0.47913
7005.0,42.0,0.463346
7005.0,43.0,0.396189
7005.0,44.0,0.501828
7005.0,45.0,0.441369
7005.0,46.0,0.454608
7005.0,47.0,0.537879
7005.0,48.0,0.452601
7005.0,49.0,0.380907
7005.0,50.0,0.532489
7005.0,51.0,0.520429
7005.0,52.0,0.531629
7005.0,53.0,0.504537
7005.0,54.0,0.417972
7005.0,55.0,0.497037
7005.0,56.0,0.491894
7005.0,57.0,0.483964
7005.0,58.0,0.533192
7005.0,59.0,0.503707
7005.0,60.0,0.532517
7005.0,61.0,0.447077
7005.0,62.0,0.540918
7005.0,63.0,0.492726
7005.0,64.0,0.424614
7005.0,65.0,0.407913
7005.0,66.0,0.537729
7005.0,67.0,0.505281
7005.0,68.0,0.437331
7005.0,69.0,0.489795
7005.0,70.0,0.43356
7005.0,71.0,0.517799
7005.0,72.0,0.532897
7005.0,73.0,0.493269
7005.0,74.0,0.477724
7005.0,75.0,0.469174
7005.0,76.0,0.514148
7005.0,77.0,0.456635
7005.0,78.0,0.537467
7005.0,79.0,0.52011
7005.0,80.0,0.464226
7005.0,81.0,0.455516
7005.0,82.0,0.574677
7005.0,83.0,0.554829
7005.0,84.0,0.521805
7005.0,85.0,0.542019
7005.0,86.0,0.460924
7005.0,87.0,0.539079
7005.0,88.0,0.429902
7005.0,89.0,0.491184
7005.0,90.0,0.484361
7005.0,91.0,0.43604
7005.0,92.0,0.495703
7005.0,93.0,0.614974
7005.0,94.0,0.483298
7005.0,95.0,0.526788
7005.0,96.0,0.52455
7005.0,97.0,0.501321
7005.0,98.0,0.512613
7005.0,99.0,0.475832
7005.0,100.0,0.605931
7005.0,101.0,0.465539
7005.0,102.0,0.503544
7005.0,103.0,0.512196
7005.0,104.0,0.499227
7005.0,105.0,0.511377
7005.0,106.0,0.417661
7005.0,107.0,0.544438
7005.0,108.0,0.430536
7005.0,109.0,0.471914
7005.0,110.0,0.491788
7005.0,111.0,0.480301
7005.0,112.0,0.453363
7005.0,113.0,0.448718
7005.0,114.0,0.455214
7005.0,115.0,0.477213
7005.0,116.0,0.531424
7005.0,117.0,0.4712
7005.0,118.0,0.463549
7005.0,119.0,0.46316
7005.0,120.0,0.569725
7005.0,121.0,0.51223
7005.0,122.0,0.526736
7005.0,123.0,0.539197
7005.0,124.0,0.438028
7005.0,125.0,0.510263
7005.0,126.0,0.49107
7005.0,127.0,0.505607
7005.0,128.0,0.498494
7005.0,129.0,0.570998
7005.0,130.0,0.483755
7005.0,131.0,0.461736
7005.0,132.0,0.511925
7005.0,133.0,0.504781
7005.0,134.0,0.502809
7005.0,135.0,0.491395
7005.0,136.0,0.436983
7005.0,137.0,0.51565
7005.0,138.0,0.53962
7005.0,139.0,0.527356
7005.0,140.0,0.515923
7005.0,141.0,0.439437
7005.0,142.0,0.48256
7005.0,143.0,0.502483
7005.0,144.0,0.535177
7005.0,145.0,0.546613
7005.0,146.0,0.553936
7005.0,147.0,0.497399
7006.0,0.0,0.53678
7006.0,1.0,0.533545
7006.0,2.0,0.489054
7006.0,3.0,0.479364
7006.0,4.0,0.501743
7006.0,5.0,0.523029
7006.0,6.0,0.48136
7006.0,7.0,0.536371
7006.0,8.0,0.539046
7006.0,9.0,0.500205
7006.0,10.0,0.475861
7006.0,11.0,0.484041
7006.0,12.0,0.527538
7006.0,13.0,0.526943
7006.0,14.0,0.541326
7006.0,15.0,0.497795
7006.0,16.0,0.471219
7006.0,17.0,0.437723
7006.0,18.0,0.465567
7006.0,19.0,0.513203
7006.0,20.0,0.452397
7006.0,21.0,0.458207
7006.0,22.0,0.587207
7006.0,23.0,0.480628
7006.0,24.0,0.470512
7006.0,25.0,0.460099
7006.0,26.0,0.58055
7006.0,27.0,0.447795
7006.0,28.0,0.457754
7006.0,29.0,0.454354
7006.0,30.0,0.571615
7006.0,31.0,0.541818
7006.0,32.0,0.492795
7006.0,33.0,0.514576
7006.0,34.0,0.46232
7006.0,35.0,0.524475
7006.0,36.0,0.576273
7006.0,37.0,0.495355
7006.0,38.0,0.5037
7006.0,39.0,0.517214
7006.0,40.0,0.462234
7006.0,41.0,0.479758
7006.0,42.0,0.463487
7006.0,43.0,0.39635
7006.0,44.0,0.500868
7006.0,45.0,0.441463
7006.0,46.0,0.454911
7006.0,47.0,0.537861
7006.0,48.0,0.452216
7006.0,49.0,0.38089
7006.0,50.0,0.532173
7006.0,51.0,0.521085
7006.0,52.0,0.531679
7006.0,53.0,0.504957
7006.0,54.0,0.418218
7006.0,55.0,0.497083
7006.0,56.0,0.492158
7006.0,57.0,0.484569
7006.0,58.0,0.533751
7006.0,59.0,0.504422
7006.0,60.0,0.531977
7006.0,61.0,0.447528
7006.0,62.0,0.541094
7006.0,63.0,0.493664
7006.0,64.0,0.424997
7006.0,65.0,0.408276
7006.0,66.0,0.537391
7006.0,67.0,0.50495
7006.0,68.0,0.4372
7006.0,69.0,0.490407
7006.0,70.0,0.433796
7006.0,71.0,0.517604
7006.0,72.0,0.533775
7006.0,73.0,0.49314
7006.0,74.0,0.477087
7006.0,75.0,0.468102
7006.0,76.0,0.513501
7006.0,77.0,0.456798
7006.0,78.0,0.537261
7006.0,79.0,0.520256
7006.0,80.0,0.464608
7006.0,81.0,0.455807
7006.0,82.0,0.574267
7006.0,83.0,0.555081
7006.0,84.0,0.521451
7006.0,85.0,0.541716
7006.0,86.0,0.46054
7006.0,87.0,0.539395
7006.0,88.0,0.430313
7006.0,89.0,0.489682
7006.0,90.0,0.4843
7006.0,91.0,0.436251
7006.0,92.0,0.495579
7006.0,93.0,0.614111
7006.0,94.0,0.483847
7006.0,95.0,0.526343
7006.0,96.0,0.524089
7006.0,97.0,0.501425
7006.0,98.0,0.512604
7006.0,99.0,0.475744
7006.0,100.0,0.606108
7006.0,101.0,0.465526
7006.0,102.0,0.504388
7006.0,103.0,0.511486
7006.0,104.0,0.499839
7006.0,105.0,0.510491
7006.0,106.0,0.41705
7006.0,107.0,0.544437
7006.0,108.0,0.430332
7006.0,109.0,0.471852
7006.0,110.0,0.491467
7006.0,111.0,0.480232
7006.0,112.0,0.452971
7006.0,113.0,0.448098
7006.0,114.0,0.455452
7006.0,115.0,0.476411
7006.0,116.0,0.531416
7006.0,117.0,0.471035
7006.0,118.0,0.463198
7006.0,119.0,0.462806
7006.0,120.0,0.568502
7006.0,121.0,0.512637
7006.0,122.0,0.526635
7006.0,123.0,0.540058
7006.0,124.0,0.438118
7006.0,125.0,0.510737
7006.0,126.0,0.490645
7006.0,127.0,0.505425
7006.0,128.0,0.498021
7006.0,129.0,0.57176
7006.0,130.0,0.484113
7006.0,131.0,0.461656
7006.0,132.0,0.512258
7006.0,133.0,0.504846
7006.0,134.0,0.503453
7006.0,135.0,0.490714
7006.0,136.0,0.43697
7006.0,137.0,0.51521
7006.0,138.0,0.540442
7006.0,139.0,0.528145
7006.0,140.0,0.515945
7006.0,141.0,0.438827
7006.0,142.0,0.482444
7006.0,143.0,0.503082
7006.0,144.0,0.535584
7006.0,145.0,0.546385
7006.0,146.0,0.554377
7006.0,147.0,0.49723
7007.0,0.0,0.536462
7007.0,1.0,0.532832
7007.0,2.0,0.489729
7007.0,3.0,0.479802
7007.0,4.0,0.502909
7007.0,5.0,0.522545
7007.0,6.0,0.481917
7007.0,7.0,0.536263
7007.0,8.0,0.539713
7007.0,9.0,0.501086
7007.0,10.0,0.47493
7007.0,11.0,0.483711
7007.0,12.0,0.52783
7007.0,13.0,0.526921
7007.0,14.0,0.541449
7007.0,15.0,0.497995
7007.0,16.0,0.471702
7007.0,17.0,0.437762
7007.0,18.0,0.466363
7007.0,19.0,0.513643
7007.0,20.0,0.452284
7007.0,21.0,0.458416
7007.0,22.0,0.587096
7007.0,23.0,0.480652
7007.0,24.0,0.470918
7007.0,25.0,0.459744
7007.0,26.0,0.579324
7007.0,27.0,0.447992
7007.0,28.0,0.457682
7007.0,29.0,0.454799
7007.0,30.0,0.572209
7007.0,31.0,0.542366
7007.0,32.0,0.49226
7007.0,33.0,0.515567
7007.0,34.0,0.463071
7007.0,35.0,0.525121
7007.0,36.0,0.57564
7007.0,37.0,0.495703
7007.0,38.0,0.503435
7007.0,39.0,0.518007
7007.0,40.0,0.461728
7007.0,41.0,0.479662
7007.0,42.0,0.463332
7007.0,43.0,0.396037
7007.0,44.0,0.500962
7007.0,45.0,0.440901
7007.0,46.0,0.454813
7007.0,47.0,0.538847
7007.0,48.0,0.451766
7007.0,49.0,0.38042
7007.0,50.0,0.532745
7007.0,51.0,0.521123
7007.0,52.0,0.53147
7007.0,53.0,0.505589
7007.0,54.0,0.417651
7007.0,55.0,0.497245
7007.0,56.0,0.491197
7007.0,57.0,0.484752
7007.0,58.0,0.534175
7007.0,59.0,0.504163
7007.0,60.0,0.531878
7007.0,61.0,0.447939
7007.0,62.0,0.54032
7007.0,63.0,0.493367
7007.0,64.0,0.425475
7007.0,65.0,0.407964
7007.0,66.0,0.537979
7007.0,67.0,0.505191
7007.0,68.0,0.436555
7007.0,69.0,0.490557
7007.0,70.0,0.433353
7007.0,71.0,0.516992
7007.0,72.0,0.534755
7007.0,73.0,0.492792
7007.0,74.0,0.477712
7007.0,75.0,0.467351
7007.0,76.0,0.513138
7007.0,77.0,0.45691
7007.0,78.0,0.537657
7007.0,79.0,0.519991
7007.0,80.0,0.464558
7007.0,81.0,0.456371
7007.0,82.0,0.573726
7007.0,83.0,0.554461
7007.0,84.0,0.521332
7007.0,85.0,0.541394
7007.0,86.0,0.460358
7007.0,87.0,0.538697
7007.0,88.0,0.430682
7007.0,89.0,0.489132
7007.0,90.0,0.484392
7007.0,91.0,0.435906
7007.0,92.0,0.495853
7007.0,93.0,0.614113
7007.0,94.0,0.484858
7007.0,95.0,0.52656
7007.0,96.0,0.523948
7007.0,97.0,0.501478
7007.0,98.0,0.512283
7007.0,99.0,0.476549
7007.0,100.0,0.605568
7007.0,101.0,0.464537
7007.0,102.0,0.504698
7007.0,103.0,0.510635
7007.0,104.0,0.499392
7007.0,105.0,0.510094
7007.0,106.0,0.416858
7007.0,107.0,0.545398
7007.0,108.0,0.429092
7007.0,109.0,0.471947
7007.0,110.0,0.490954
7007.0,111.0,0.480419
7007.0,112.0,0.452585
7007.0,113.0,0.448214
7007.0,114.0,0.455168
7007.0,115.0,0.475491
7007.0,116.0,0.530941
7007.0,117.0,0.471288
7007.0,118.0,0.463374
7007.0,119.0,0.462295
7007.0,120.0,0.568207
7007.0,121.0,0.512839
7007.0,122.0,0.526914
7007.0,123.0,0.541115
7007.0,124.0,0.436913
7007.0,125.0,0.510928
7007.0,126.0,0.49069
7007.0,127.0,0.506065
7007.0,128.0,0.49834
7007.0,129.0,0.57148
7007.0,130.0,0.483928
7007.0,131.0,0.461873
7007.0,132.0,0.511969
7007.0,133.0,0.504398
7007.0,134.0,0.503772
7007.0,135.0,0.491144
7007.0,136.0,0.437497
7007.0,137.0,0.515687
7007.0,138.0,0.540244
7007.0,139.0,0.528206
7007.0,140.0,0.516145
7007.0,141.0,0.438739
7007.0,142.0,0.482566
7007.0,143.0,0.503396
7007.0,144.0,0.535728
7007.0,145.0,0.545369
7007.0,146.0,0.554093
7007.0,147.0,0.496921
7008.0,0.0,0.535648
7008.0,1.0,0.532654
7008.0,2.0,0.489807
7008.0,3.0,0.479867
7008.0,4.0,0.502545
7008.0,5.0,0.522761
7008.0,6.0,0.481146
7008.0,7.0,0.536004
7008.0,8.0,0.539638
7008.0,9.0,0.500813
7008.0,10.0,0.474088
7008.0,11.0,0.484001
7008.0,12.0,0.527514
7008.0,13.0,0.526973
7008.0,14.0,0.541428
7008.0,15.0,0.498462
7008.0,16.0,0.472286
7008.0,17.0,0.436795
7008.0,18.0,0.466093
7008.0,19.0,0.513058
7008.0,20.0,0.451716
7008.0,21.0,0.459312
7008.0,22.0,0.587097
7008.0,23.0,0.480815
7008.0,24.0,0.470827
7008.0,25.0,0.459408
7008.0,26.0,0.580173
7008.0,27.0,0.447843
7008.0,28.0,0.458349
7008.0,29.0,0.453753
7008.0,30.0,0.571899
7008.0,31.0,0.542347
7008.0,32.0,0.49184
7008.0,33.0,0.516049
7008.0,34.0,0.463132
7008.0,35.0,0.525497
7008.0,36.0,0.57514
7008.0,37.0,0.494848
7008.0,38.0,0.503138
7008.0,39.0,0.518593
7008.0,40.0,0.462554
7008.0,41.0,0.479281
7008.0,42.0,0.462935
7008.0,43.0,0.395398
7008.0,44.0,0.500433
7008.0,45.0,0.440887
7008.0,46.0,0.455164
7008.0,47.0,0.53893
7008.0,48.0,0.451682
7008.0,49.0,0.381448
7008.0,50.0,0.533221
7008.0,51.0,0.52094
7008.0,52.0,0.531739
7008.0,53.0,0.506269
7008.0,54.0,0.41776
7008.0,55.0,0.497414
7008.0,56.0,0.490603
7008.0,57.0,0.485413
7008.0,58.0,0.534873
7008.0,59.0,0.503962
7008.0,60.0,0.532398
7008.0,61.0,0.448174
7008.0,62.0,0.541074
7008.0,63.0,0.493759
7008.0,64.0,0.425351
7008.0,65.0,0.407521
7008.0,66.0,0.537994
7008.0,67.0,0.504873
7008.0,68.0,0.437156
7008.0,69.0,0.490828
7008.0,70.0,0.433194
7008.0,71.0,0.517185
7008.0,72.0,0.534434
7008.0,73.0,0.492824
7008.0,74.0,0.477461
7008.0,75.0,0.467014
7008.0,76.0,0.514342
7008.0,77.0,0.456547
7008.0,78.0,0.536935
7008.0,79.0,0.52001
7008.0,80.0,0.465346
7008.0,81.0,0.456647
7008.0,82.0,0.573912
7008.0,83.0,0.554573
7008.0,84.0,0.521824
7008.0,85.0,0.541414
7008.0,86.0,0.460397
7008.0,87.0,0.53867
7008.0,88.0,0.430775
7008.0,89.0,0.488912
7008.0,90.0,0.484078
7008.0,91.0,0.435497
7008.0,92.0,0.495608
7008.0,93.0,0.61345
7008.0,94.0,0.484446
7008.0,95.0,0.527256
7008.0,96.0,0.524259
7008.0,97.0,0.501401
7008.0,98.0,0.512567
7008.0,99.0,0.476531
7008.0,100.0,0.606208
7008.0,101.0,0.462927
7008.0,102.0,0.504808
7008.0,103.0,0.510748
7008.0,104.0,0.499436
7008.0,105.0,0.510444
7008.0,106.0,0.416189
7008.0,107.0,0.545012
7008.0,108.0,0.428636
7008.0,109.0,0.47155
7008.0,110.0,0.491437
7008.0,111.0,0.480765
7008.0,112.0,0.451756
7008.0,113.0,0.447738
7008.0,114.0,0.454639
7008.0,115.0,0.474529
7008.0,116.0,0.531071
7008.0,117.0,0.470562
7008.0,118.0,0.462609
7008.0,119.0,0.462034
7008.0,120.0,0.568648
7008.0,121.0,0.512478
7008.0,122.0,0.527256
7008.0,123.0,0.540664
7008.0,124.0,0.436782
7008.0,125.0,0.511027
7008.0,126.0,0.490777
7008.0,127.0,0.505601
7008.0,128.0,0.498468
7008.0,129.0,0.572034
7008.0,130.0,0.484081
7008.0,131.0,0.461815
7008.0,132.0,0.511771
7008.0,133.0,0.50426
7008.0,134.0,0.504119
7008.0,135.0,0.491068
7008.0,136.0,0.437802
7008.0,137.0,0.515737
7008.0,138.0,0.53961
7008.0,139.0,0.529245
7008.0,140.0,0.515718
7008.0,141.0,0.439666
7008.0,142.0,0.482997
7008.0,143.0,0.502903
7008.0,144.0,0.535687
7008.0,145.0,0.545544
7008.0,146.0,0.554263
7008.0,147.0,0.496389
7009.0,0.0,0.535032
7009.0,1.0,0.532204
7009.0,2.0,0.489672
7009.0,3.0,0.479673
7009.0,4.0,0.503181
7009.0,5.0,0.52335
7009.0,6.0,0.482079
7009.0,7.0,0.535644
7009.0,8.0,0.53983
7009.0,9.0,0.501061
7009.0,10.0,0.474314
7009.0,11.0,0.483718
7009.0,12.0,0.527338
7009.0,13.0,0.527901
7009.0,14.0,0.541545
7009.0,15.0,0.498221
7009.0,16.0,0.473293
7009.0,17.0,0.436331
7009.0,18.0,0.466053
7009.0,19.0,0.513217
7009.0,20.0,0.451645
7009.0,21.0,0.45839
7009.0,22.0,0.587068
7009.0,23.0,0.480437
7009.0,24.0,0.470542
7009.0,25.0,0.458533
7009.0,26.0,0.579811
7009.0,27.0,0.447382
7009.0,28.0,0.458859
7009.0,29.0,0.454262
7009.0,30.0,0.571169
7009.0,31.0,0.542736
7009.0,32.0,0.492039
7009.0,33.0,0.515387
7009.0,34.0,0.462989
7009.0,35.0,0.525629
7009.0,36.0,0.575428
7009.0,37.0,0.495412
7009.0,38.0,0.502857
7009.0,39.0,0.518626
7009.0,40.0,0.461627
7009.0,41.0,0.478924
7009.0,42.0,0.463015
7009.0,43.0,0.395519
7009.0,44.0,0.500802
7009.0,45.0,0.441313
7009.0,46.0,0.455601
7009.0,47.0,0.537881
7009.0,48.0,0.451792
7009.0,49.0,0.38155
7009.0,50.0,0.533382
7009.0,51.0,0.520841
7009.0,52.0,0.531859
7009.0,53.0,0.506294
7009.0,54.0,0.417466
7009.0,55.0,0.498384
7009.0,56.0,0.490733
7009.0,57.0,0.484828
7009.0,58.0,0.534625
7009.0,59.0,0.503869
7009.0,60.0,0.532246
7009.0,61.0,0.448702
7009.0,62.0,0.541229
7009.0,63.0,0.494356
7009.0,64.0,0.424774
7009.0,65.0,0.408362
7009.0,66.0,0.537883
7009.0,67.0,0.505538
7009.0,68.0,0.437423
7009.0,69.0,0.490995
7009.0,70.0,0.432997
7009.0,71.0,0.516915
7009.0,72.0,0.533965
7009.0,73.0,0.492594
7009.0,74.0,0.477271
7009.0,75.0,0.467404
7009.0,76.0,0.513966
7009.0,77.0,0.456612
7009.0,78.0,0.538046
7009.0,79.0,0.519565
7009.0,80.0,0.465271
7009.0,81.0,0.456832
7009.0,82.0,0.573767
7009.0,83.0,0.554761
7009.0,84.0,0.522216
7009.0,85.0,0.541572
7009.0,86.0,0.460705
7009.0,87.0,0.538963
7009.0,88.0,0.430422
7009.0,89.0,0.489077
7009.0,90.0,0.483513
7009.0,91.0,0.435001
7009.0,92.0,0.496032
7009.0,93.0,0.613203
7009.0,94.0,0.483018
7009.0,95.0,0.52828
7009.0,96.0,0.523345
7009.0,97.0,0.501837
7009.0,98.0,0.513006
7009.0,99.0,0.476512
7009.0,100.0,0.606758
7009.0,101.0,0.462737
7009.0,102.0,0.50469
7009.0,103.0,0.510714
7009.0,104.0,0.500186
7009.0,105.0,0.510085
7009.0,106.0,0.415545
7009.0,107.0,0.544323
7009.0,108.0,0.427884
7009.0,109.0,0.470934
7009.0,110.0,0.491769
7009.0,111.0,0.48005
7009.0,112.0,0.451358
7009.0,113.0,0.447979
7009.0,114.0,0.453745
7009.0,115.0,0.475495
7009.0,116.0,0.530601
7009.0,117.0,0.470699
7009.0,118.0,0.462562
7009.0,119.0,0.461068
7009.0,120.0,0.568735
7009.0,121.0,0.512749
7009.0,122.0,0.52836
7009.0,123.0,0.540282
7009.0,124.0,0.43694
7009.0,125.0,0.51153
7009.0,126.0,0.489898
7009.0,127.0,0.505146
7009.0,128.0,0.498407
7009.0,129.0,0.572421
7009.0,130.0,0.484289
7009.0,131.0,0.462497
7009.0,132.0,0.511383
7009.0,133.0,0.503799
7009.0,134.0,0.505361
7009.0,135.0,0.490713
7009.0,136.0,0.438024
7009.0,137.0,0.515962
7009.0,138.0,0.539109
7009.0,139.0,0.529544
7009.0,140.0,0.515646
7009.0,141.0,0.439627
7009.0,142.0,0.483422
7009.0,143.0,0.50285
7009.0,144.0,0.535424
7009.0,145.0,0.546343
7009.0,146.0,0.554401
7009.0,147.0,0.496377
7010.0,0.0,0.534988
7010.0,1.0,0.53155
7010.0,2.0,0.490913
7010.0,3.0,0.478353
7010.0,4.0,0.503332
7010.0,5.0,0.523488
7010.0,6.0,0.482246
7010.0,7.0,0.53584
7010.0,8.0,0.539809
7010.0,9.0,0.50035
7010.0,10.0,0.474391
7010.0,11.0,0.484308
7010.0,12.0,0.527042
7010.0,13.0,0.527422
7010.0,14.0,0.541462
7010.0,15.0,0.498038
7010.0,16.0,0.472206
7010.0,17.0,0.437192
7010.0,18.0,0.466543
7010.0,19.0,0.513419
7010.0,20.0,0.451475
7010.0,21.0,0.458833
7010.0,22.0,0.586803
7010.0,23.0,0.481312
7010.0,24.0,0.469608
7010.0,25.0,0.458636
7010.0,26.0,0.580099
7010.0,27.0,0.447559
7010.0,28.0,0.458162
7010.0,29.0,0.454438
7010.0,30.0,0.571021
7010.0,31.0,0.54288
7010.0,32.0,0.492071
7010.0,33.0,0.515503
7010.0,34.0,0.463081
7010.0,35.0,0.525904
7010.0,36.0,0.575905
7010.0,37.0,0.494934
7010.0,38.0,0.502533
7010.0,39.0,0.518839
7010.0,40.0,0.461321
7010.0,41.0,0.478697
7010.0,42.0,0.462144
7010.0,43.0,0.394906
7010.0,44.0,0.501302
7010.0,45.0,0.441288
7010.0,46.0,0.455392
7010.0,47.0,0.537805
7010.0,48.0,0.451695
7010.0,49.0,0.38191
7010.0,50.0,0.532855
7010.0,51.0,0.520973
7010.0,52.0,0.53216
7010.0,53.0,0.506996
7010.0,54.0,0.418035
7010.0,55.0,0.498528
7010.0,56.0,0.49019
7010.0,57.0,0.484569
7010.0,58.0,0.534784
7010.0,59.0,0.50444
7010.0,60.0,0.532166
7010.0,61.0,0.449277
7010.0,62.0,0.540507
7010.0,63.0,0.493899
7010.0,64.0,0.424783
7010.0,65.0,0.408923
7010.0,66.0,0.537806
7010.0,67.0,0.506335
7010.0,68.0,0.437288
7010.0,69.0,0.490614
7010.0,70.0,0.432788
7010.0,71.0,0.517502
7010.0,72.0,0.533773
7010.0,73.0,0.491516
7010.0,74.0,0.477813
7010.0,75.0,0.46717
7010.0,76.0,0.514951
7010.0,77.0,0.456008
7010.0,78.0,0.537766
7010.0,79.0,0.51921
7010.0,80.0,0.465214
7010.0,81.0,0.457164
7010.0,82.0,0.573391
7010.0,83.0,0.555241
7010.0,84.0,0.523599
7010.0,85.0,0.542168
7010.0,86.0,0.460799
7010.0,87.0,0.539678
7010.0,88.0,0.4314
7010.0,89.0,0.488924
7010.0,90.0,0.483537
7010.0,91.0,0.435058
7010.0,92.0,0.495966
7010.0,93.0,0.613235
7010.0,94.0,0.482816
7010.0,95.0,0.528987
7010.0,96.0,0.523532
7010.0,97.0,0.502352
7010.0,98.0,0.512599
7010.0,99.0,0.476606
7010.0,100.0,0.607114
7010.0,101.0,0.462577
7010.0,102.0,0.50453
7010.0,103.0,0.510718
7010.0,104.0,0.499834
7010.0,105.0,0.510467
7010.0,106.0,0.416076
7010.0,107.0,0.544084
7010.0,108.0,0.428308
7010.0,109.0,0.470923
7010.0,110.0,0.491471
7010.0,111.0,0.479957
7010.0,112.0,0.451171
7010.0,113.0,0.448085
7010.0,114.0,0.454477
7010.0,115.0,0.475699
7010.0,116.0,0.530947
7010.0,117.0,0.470024
7010.0,118.0,0.462937
7010.0,119.0,0.461048
7010.0,120.0,0.568142
7010.0,121.0,0.513069
7010.0,122.0,0.528808
7010.0,123.0,0.539904
7010.0,124.0,0.435693
7010.0,125.0,0.51143
7010.0,126.0,0.489493
7010.0,127.0,0.505598
7010.0,128.0,0.498278
7010.0,129.0,0.571377
7010.0,130.0,0.484788
7010.0,131.0,0.461922
7010.0,132.0,0.511781
7010.0,133.0,0.503682
7010.0,134.0,0.505931
7010.0,135.0,0.490042
7010.0,136.0,0.438432
7010.0,137.0,0.515553
7010.0,138.0,0.53994
7010.0,139.0,0.529294
7010.0,140.0,0.51501
7010.0,141.0,0.439205
7010.0,142.0,0.483688
7010.0,143.0,0.502629
7010.0,144.0,0.535347
7010.0,145.0,0.546954
7010.0,146.0,0.554207
7010.0,147.0,0.496706
8000.0,0.0,0.514194
8000.0,1.0,0.531939
8000.0,2.0,0.497242
8000.0,3.0,0.488664
8000.0,4.0,0.505131
8000.0,5.0,0.521645
8000.0,6.0,0.515977
8000.0,7.0,0.535605
8000.0,8.0,0.538822
8000.0,9.0,0.482957
8000.0,10.0,0.47656
8000.0,11.0,0.467555
8000.0,12.0,0.55237
8000.0,13.0,0.539457
8000.0,14.0,0.538572
8000.0,15.0,0.48792
8000.0,16.0,0.462713
8000.0,17.0,0.430141
8000.0,18.0,0.479125
8000.0,19.0,0.539785
8000.0,20.0,0.450311
8000.0,21.0,0.457811
8000.0,22.0,0.590753
8000.0,23.0,0.464516
8000.0,24.0,0.482746
8000.0,25.0,0.461853
8000.0,26.0,0.582483
8000.0,27.0,0.441692
8000.0,28.0,0.463557
8000.0,29.0,0.459632
8000.0,30.0,0.552249
8000.0,31.0,0.549892
8000.0,32.0,0.483272
8000.0,33.0,0.529081
8000.0,34.0,0.483052
8000.0,35.0,0.528431
8000.0,36.0,0.590203
8000.0,37.0,0.478473
8000.0,38.0,0.478615
8000.0,39.0,0.51035
8000.0,40.0,0.467258
8000.0,41.0,0.475661
8000.0,42.0,0.470369
8000.0,43.0,0.41651
8000.0,44.0,0.500676
8000.0,45.0,0.426621
8000.0,46.0,0.435794
8000.0,47.0,0.528688
8000.0,48.0,0.469702
8000.0,49.0,0.368616
8000.0,50.0,0.546012
8000.0,51.0,0.5206
8000.0,52.0,0.526946
8000.0,53.0,0.508515
8000.0,54.0,0.430459
8000.0,55.0,0.497778
8000.0,56.0,0.488854
8000.0,57.0,0.458672
8000.0,58.0,0.534095
8000.0,59.0,0.511437
8000.0,60.0,0.544451
8000.0,61.0,0.447381
8000.0,62.0,0.557965
8000.0,63.0,0.49392
8000.0,64.0,0.436611
8000.0,65.0,0.381848
8000.0,66.0,0.527343
8000.0,67.0,0.513173
8000.0,68.0,0.461794
8000.0,69.0,0.484873
8000.0,70.0,0.415109
8000.0,71.0,0.522793
8000.0,72.0,0.532772
8000.0,73.0,0.446953
8000.0,74.0,0.509421
8000.0,75.0,0.459786
8000.0,76.0,0.548434
8000.0,77.0,0.469881
8000.0,78.0,0.544388
8000.0,79.0,0.535856
8000.0,80.0,0.450739
8000.0,81.0,0.450559
8000.0,82.0,0.560427
8000.0,83.0,0.552465
8000.0,84.0,0.511067
8000.0,85.0,0.528457
8000.0,86.0,0.461514
8000.0,87.0,0.559259
8000.0,88.0,0.415566
8000.0,89.0,0.51478
8000.0,90.0,0.492506
8000.0,91.0,0.455562
8000.0,92.0,0.494649
8000.0,93.0,0.577848
8000.0,94.0,0.472242
8000.0,95.0,0.528843
8000.0,96.0,0.55649
8000.0,97.0,0.49144
8000.0,98.0,0.51306
8000.0,99.0,0.468667
8000.0,100.0,0.610266
8000.0,101.0,0.456718
8000.0,102.0,0.495824
8000.0,103.0,0.502627
8000.0,104.0,0.474912
8000.0,105.0,0.509514
8000.0,106.0,0.409782
8000.0,107.0,0.516659
8000.0,108.0,0.427749
8000.0,109.0,0.493168
8000.0,110.0,0.478395
8000.0,111.0,0.486175
8000.0,112.0,0.432985
8000.0,113.0,0.474625
8000.0,114.0,0.479486
8000.0,115.0,0.453856
8000.0,116.0,0.558836
8000.0,117.0,0.478528
8000.0,118.0,0.473557
8000.0,119.0,0.443712
8000.0,120.0,0.609193
8000.0,121.0,0.529173
8000.0,122.0,0.530176
8000.0,123.0,0.531939
8000.0,124.0,0.425394
8000.0,125.0,0.528285
8000.0,126.0,0.497205
8000.0,127.0,0.51793
8000.0,128.0,0.495218
8000.0,129.0,0.569386
8000.0,130.0,0.466409
8000.0,131.0,0.448303
8000.0,132.0,0.523068
8000.0,133.0,0.501422
8000.0,134.0,0.533761
8000.0,135.0,0.498555
8000.0,136.0,0.406106
8000.0,137.0,0.542846
8000.0,138.0,0.565949
8000.0,139.0,0.518079
8000.0,140.0,0.525916
8000.0,141.0,0.465625
8000.0,142.0,0.486469
8000.0,143.0,0.522959
8000.0,144.0,0.520279
8000.0,145.0,0.525971
8000.0,146.0,0.570701
8000.0,147.0,0.508233
8001.0,0.0,0.513276
8001.0,1.0,0.53193
8001.0,2.0,0.496983
8001.0,3.0,0.488716
8001.0,4.0,0.504413
8001.0,5.0,0.521229
8001.0,6.0,0.516344
8001.0,7.0,0.536014
8001.0,8.0,0.539501
8001.0,9.0,0.481893
8001.0,10.0,0.476804
8001.0,11.0,0.467352
8001.0,12.0,0.55114
8001.0,13.0,0.538937
8001.0,14.0,0.539329
8001.0,15.0,0.488233
8001.0,16.0,0.46231
8001.0,17.0,0.429974
8001.0,18.0,0.479177
8001.0,19.0,0.538931
8001.0,20.0,0.450327
8001.0,21.0,0.45817
8001.0,22.0,0.590686
8001.0,23.0,0.464997
8001.0,24.0,0.483165
8001.0,25.0,0.462412
8001.0,26.0,0.582074
8001.0,27.0,0.442181
8001.0,28.0,0.463546
8001.0,29.0,0.459924
8001.0,30.0,0.552349
8001.0,31.0,0.549611
8001.0,32.0,0.483998
8001.0,33.0,0.528762
8001.0,34.0,0.483114
8001.0,35.0,0.528506
8001.0,36.0,0.590444
8001.0,37.0,0.477956
8001.0,38.0,0.47842
8001.0,39.0,0.509727
8001.0,40.0,0.467486
8001.0,41.0,0.475836
8001.0,42.0,0.469977
8001.0,43.0,0.417588
8001.0,44.0,0.501081
8001.0,45.0,0.427543
8001.0,46.0,0.435365
8001.0,47.0,0.528716
8001.0,48.0,0.469691
8001.0,49.0,0.368585
8001.0,50.0,0.545351
8001.0,51.0,0.521008
8001.0,52.0,0.52619
8001.0,53.0,0.508486
8001.0,54.0,0.429723
8001.0,55.0,0.497426
8001.0,56.0,0.488388
8001.0,57.0,0.459397
8001.0,58.0,0.53402
8001.0,59.0,0.510524
8001.0,60.0,0.544085
8001.0,61.0,0.447609
8001.0,62.0,0.557937
8001.0,63.0,0.493594
8001.0,64.0,0.436288
8001.0,65.0,0.381127
8001.0,66.0,0.526998
8001.0,67.0,0.513338
8001.0,68.0,0.461899
8001.0,69.0,0.484842
8001.0,70.0,0.415687
8001.0,71.0,0.522141
8001.0,72.0,0.533368
8001.0,73.0,0.446796
8001.0,74.0,0.509117
8001.0,75.0,0.459031
8001.0,76.0,0.548113
8001.0,77.0,0.47005
8001.0,78.0,0.545219
8001.0,79.0,0.535676
8001.0,80.0,0.449941
8001.0,81.0,0.450029
8001.0,82.0,0.560817
8001.0,83.0,0.552644
8001.0,84.0,0.511487
8001.0,85.0,0.528389
8001.0,86.0,0.462529
8001.0,87.0,0.558959
8001.0,88.0,0.415868
8001.0,89.0,0.513997
8001.0,90.0,0.491422
8001.0,91.0,0.455451
8001.0,92.0,0.49398
8001.0,93.0,0.578266
8001.0,94.0,0.472497
8001.0,95.0,0.528495
8001.0,96.0,0.557159
8001.0,97.0,0.491207
8001.0,98.0,0.513135
8001.0,99.0,0.46916
8001.0,100.0,0.609956
8001.0,101.0,0.456697
8001.0,102.0,0.496244
8001.0,103.0,0.503091
8001.0,104.0,0.475728
8001.0,105.0,0.509225
8001.0,106.0,0.409162
8001.0,107.0,0.51557
8001.0,108.0,0.428062
8001.0,109.0,0.493546
8001.0,110.0,0.477337
8001.0,111.0,0.485973
8001.0,112.0,0.433949
8001.0,113.0,0.474301
8001.0,114.0,0.479858
8001.0,115.0,0.453308
8001.0,116.0,0.558569
8001.0,117.0,0.478066
8001.0,118.0,0.472674
8001.0,119.0,0.443681
8001.0,120.0,0.609516
8001.0,121.0,0.529493
8001.0,122.0,0.530447
8001.0,123.0,0.531233
8001.0,124.0,0.42539
8001.0,125.0,0.52846
8001.0,126.0,0.497816
8001.0,127.0,0.51757
8001.0,128.0,0.495549
8001.0,129.0,0.569089
8001.0,130.0,0.466232
8001.0,131.0,0.447943
8001.0,132.0,0.523479
8001.0,133.0,0.500938
8001.0,134.0,0.533668
8001.0,135.0,0.498752
8001.0,136.0,0.4065
8001.0,137.0,0.542446
8001.0,138.0,0.566074
8001.0,139.0,0.518086
8001.0,140.0,0.52697
8001.0,141.0,0.466879
8001.0,142.0,0.486383
8001.0,143.0,0.522964
8001.0,144.0,0.520698
8001.0,145.0,0.526201
8001.0,146.0,0.57075
8001.0,147.0,0.508083
8002.0,0.0,0.513486
8002.0,1.0,0.532094
8002.0,2.0,0.497747
8002.0,3.0,0.48944
8002.0,4.0,0.50422
8002.0,5.0,0.520975
8002.0,6.0,0.516509
8002.0,7.0,0.535607
8002.0,8.0,0.53893
8002.0,9.0,0.481824
8002.0,10.0,0.476624
8002.0,11.0,0.467516
8002.0,12.0,0.551205
8002.0,13.0,0.540024
8002.0,14.0,0.538887
8002.0,15.0,0.48848
8002.0,16.0,0.46363
8002.0,17.0,0.429369
8002.0,18.0,0.478299
8002.0,19.0,0.53858
8002.0,20.0,0.449697
8002.0,21.0,0.457005
8002.0,22.0,0.591806
8002.0,23.0,0.465018
8002.0,24.0,0.482666
8002.0,25.0,0.461864
8002.0,26.0,0.58196
8002.0,27.0,0.441472
8002.0,28.0,0.463993
8002.0,29.0,0.459501
8002.0,30.0,0.551507
8002.0,31.0,0.549454
8002.0,32.0,0.484001
8002.0,33.0,0.528312
8002.0,34.0,0.483104
8002.0,35.0,0.528208
8002.0,36.0,0.589902
8002.0,37.0,0.477411
8002.0,38.0,0.478478
8002.0,39.0,0.508579
8002.0,40.0,0.46746
8002.0,41.0,0.475524
8002.0,42.0,0.469777
8002.0,43.0,0.417441
8002.0,44.0,0.501169
8002.0,45.0,0.427924
8002.0,46.0,0.434582
8002.0,47.0,0.528147
8002.0,48.0,0.469255
8002.0,49.0,0.369193
8002.0,50.0,0.545813
8002.0,51.0,0.520918
8002.0,52.0,0.52599
8002.0,53.0,0.507795
8002.0,54.0,0.429919
8002.0,55.0,0.497726
8002.0,56.0,0.488616
8002.0,57.0,0.45934
8002.0,58.0,0.534689
8002.0,59.0,0.511039
8002.0,60.0,0.543961
8002.0,61.0,0.446965
8002.0,62.0,0.557949
8002.0,63.0,0.493266
8002.0,64.0,0.436434
8002.0,65.0,0.380831
8002.0,66.0,0.526875
8002.0,67.0,0.513513
8002.0,68.0,0.462252
8002.0,69.0,0.484472
8002.0,70.0,0.415641
8002.0,71.0,0.522205
8002.0,72.0,0.532366
8002.0,73.0,0.446593
8002.0,74.0,0.509777
8002.0,75.0,0.458785
8002.0,76.0,0.548319
8002.0,77.0,0.470554
8002.0,78.0,0.545595
8002.0,79.0,0.536453
8002.0,80.0,0.44988
8002.0,81.0,0.450355
8002.0,82.0,0.560641
8002.0,83.0,0.552175
8002.0,84.0,0.511488
8002.0,85.0,0.528884
8002.0,86.0,0.46246
8002.0,87.0,0.559262
8002.0,88.0,0.415568
8002.0,89.0,0.514401
8002.0,90.0,0.490702
8002.0,91.0,0.455615
8002.0,92.0,0.493932
8002.0,93.0,0.578332
8002.0,94.0,0.472198
8002.0,95.0,0.528506
8002.0,96.0,0.55776
8002.0,97.0,0.491015
8002.0,98.0,0.512863
8002.0,99.0,0.468983
8002.0,100.0,0.610452
8002.0,101.0,0.456241
8002.0,102.0,0.495903
8002.0,103.0,0.502786
8002.0,104.0,0.475559
8002.0,105.0,0.508814
8002.0,106.0,0.409615
8002.0,107.0,0.51597
8002.0,108.0,0.427073
8002.0,109.0,0.493156
8002.0,110.0,0.477539
8002.0,111.0,0.487267
8002.0,112.0,0.434186
8002.0,113.0,0.474167
8002.0,114.0,0.481007
8002.0,115.0,0.453969
8002.0,116.0,0.559231
8002.0,117.0,0.47805
8002.0,118.0,0.473012
8002.0,119.0,0.444369
8002.0,120.0,0.609171
8002.0,121.0,0.53011
8002.0,122.0,0.530423
8002.0,123.0,0.531364
8002.0,124.0,0.425088
8002.0,125.0,0.528944
8002.0,126.0,0.498133
8002.0,127.0,0.517115
8002.0,128.0,0.495057
8002.0,129.0,0.568928
8002.0,130.0,0.46616
8002.0,131.0,0.447974
8002.0,132.0,0.52357
8002.0,133.0,0.501495
8002.0,134.0,0.533122
8002.0,135.0,0.498921
8002.0,136.0,0.406085
8002.0,137.0,0.542663
8002.0,138.0,0.565832
8002.0,139.0,0.518265
8002.0,140.0,0.527864
8002.0,141.0,0.467532
8002.0,142.0,0.486357
8002.0,143.0,0.524056
8002.0,144.0,0.520549
8002.0,145.0,0.526394
8002.0,146.0,0.571079
8002.0,147.0,0.507305
8003.0,0.0,0.513682
8003.0,1.0,0.531984
8003.0,2.0,0.497543
8003.0,3.0,0.489297
8003.0,4.0,0.504005
8003.0,5.0,0.520964
8003.0,6.0,0.517615
8003.0,7.0,0.535649
8003.0,8.0,0.538154
8003.0,9.0,0.48094
8003.0,10.0,0.476754
8003.0,11.0,0.467969
8003.0,12.0,0.550927
8003.0,13.0,0.540347
8003.0,14.0,0.538838
8003.0,15.0,0.48817
8003.0,16.0,0.464331
8003.0,17.0,0.429159
8003.0,18.0,0.478765
8003.0,19.0,0.538571
8003.0,20.0,0.45086
8003.0,21.0,0.45572
8003.0,22.0,0.592311
8003.0,23.0,0.464869
8003.0,24.0,0.482824
8003.0,25.0,0.462336
8003.0,26.0,0.581948
8003.0,27.0,0.441472
8003.0,28.0,0.463429
8003.0,29.0,0.459707
8003.0,30.0,0.551275
8003.0,31.0,0.549875
8003.0,32.0,0.484713
8003.0,33.0,0.527597
8003.0,34.0,0.482277
8003.0,35.0,0.527751
8003.0,36.0,0.589948
8003.0,37.0,0.476725
8003.0,38.0,0.477919
8003.0,39.0,0.508889
8003.0,40.0,0.466838
8003.0,41.0,0.475503
8003.0,42.0,0.469488
8003.0,43.0,0.417608
8003.0,44.0,0.500165
8003.0,45.0,0.428568
8003.0,46.0,0.434525
8003.0,47.0,0.528242
8003.0,48.0,0.470017
8003.0,49.0,0.369081
8003.0,50.0,0.546349
8003.0,51.0,0.521217
8003.0,52.0,0.526467
8003.0,53.0,0.506905
8003.0,54.0,0.428947
8003.0,55.0,0.497901
8003.0,56.0,0.489226
8003.0,57.0,0.459088
8003.0,58.0,0.535451
8003.0,59.0,0.511456
8003.0,60.0,0.544257
8003.0,61.0,0.447191
8003.0,62.0,0.55713
8003.0,63.0,0.493439
8003.0,64.0,0.436317
8003.0,65.0,0.381684
8003.0,66.0,0.526676
8003.0,67.0,0.51379
8003.0,68.0,0.4623
8003.0,69.0,0.484081
8003.0,70.0,0.416596
8003.0,71.0,0.523304
8003.0,72.0,0.5326
8003.0,73.0,0.446536
8003.0,74.0,0.509333
8003.0,75.0,0.457808
8003.0,76.0,0.548956
8003.0,77.0,0.471225
8003.0,78.0,0.545794
8003.0,79.0,0.537028
8003.0,80.0,0.45001
8003.0,81.0,0.451439
8003.0,82.0,0.560348
8003.0,83.0,0.552401
8003.0,84.0,0.512099
8003.0,85.0,0.528269
8003.0,86.0,0.462516
8003.0,87.0,0.559318
8003.0,88.0,0.415243
8003.0,89.0,0.514704
8003.0,90.0,0.491104
8003.0,91.0,0.45594
8003.0,92.0,0.495564
8003.0,93.0,0.579269
8003.0,94.0,0.47283
8003.0,95.0,0.527892
8003.0,96.0,0.557774
8003.0,97.0,0.491497
8003.0,98.0,0.513045
8003.0,99.0,0.469468
8003.0,100.0,0.610008
8003.0,101.0,0.455896
8003.0,102.0,0.495759
8003.0,103.0,0.503333
8003.0,104.0,0.475108
8003.0,105.0,0.509436
8003.0,106.0,0.409147
8003.0,107.0,0.51579
8003.0,108.0,0.427282
8003.0,109.0,0.492653
8003.0,110.0,0.477371
8003.0,111.0,0.487158
8003.0,112.0,0.434752
8003.0,113.0,0.474172
8003.0,114.0,0.481335
8003.0,115.0,0.454154
8003.0,116.0,0.559101
8003.0,117.0,0.477611
8003.0,118.0,0.474179
8003.0,119.0,0.445273
8003.0,120.0,0.610289
8003.0,121.0,0.529708
8003.0,122.0,0.530198
8003.0,123.0,0.530995
8003.0,124.0,0.424372
8003.0,125.0,0.528908
8003.0,126.0,0.497784
8003.0,127.0,0.517471
8003.0,128.0,0.4951
8003.0,129.0,0.568626
8003.0,130.0,0.467098
8003.0,131.0,0.448934
8003.0,132.0,0.524041
8003.0,133.0,0.501908
8003.0,134.0,0.53254
8003.0,135.0,0.498818
8003.0,136.0,0.405561
8003.0,137.0,0.542438
8003.0,138.0,0.566098
8003.0,139.0,0.517443
8003.0,140.0,0.527702
8003.0,141.0,0.467512
8003.0,142.0,0.486709
8003.0,143.0,0.52362
8003.0,144.0,0.521506
8003.0,145.0,0.525333
8003.0,146.0,0.571154
8003.0,147.0,0.507277
8004.0,0.0,0.513773
8004.0,1.0,0.531123
8004.0,2.0,0.498033
8004.0,3.0,0.488222
8004.0,4.0,0.504237
8004.0,5.0,0.521077
8004.0,6.0,0.517308
8004.0,7.0,0.535916
8004.0,8.0,0.538636
8004.0,9.0,0.480113
8004.0,10.0,0.477457
8004.0,11.0,0.468225
8004.0,12.0,0.551154
8004.0,13.0,0.540941
8004.0,14.0,0.53862
8004.0,15.0,0.487248
8004.0,16.0,0.465721
8004.0,17.0,0.428771
8004.0,18.0,0.478871
8004.0,19.0,0.538423
8004.0,20.0,0.450542
8004.0,21.0,0.456246
8004.0,22.0,0.592309
8004.0,23.0,0.464764
8004.0,24.0,0.483365
8004.0,25.0,0.462086
8004.0,26.0,0.58254
8004.0,27.0,0.441558
8004.0,28.0,0.463608
8004.0,29.0,0.459587
8004.0,30.0,0.551041
8004.0,31.0,0.549849
8004.0,32.0,0.484452
8004.0,33.0,0.527245
8004.0,34.0,0.48186
8004.0,35.0,0.527609
8004.0,36.0,0.589874
8004.0,37.0,0.47685
8004.0,38.0,0.47723
8004.0,39.0,0.509725
8004.0,40.0,0.466653
8004.0,41.0,0.475393
8004.0,42.0,0.46912
8004.0,43.0,0.418021
8004.0,44.0,0.500723
8004.0,45.0,0.428559
8004.0,46.0,0.434632
8004.0,47.0,0.528121
8004.0,48.0,0.469975
8004.0,49.0,0.368509
8004.0,50.0,0.546909
8004.0,51.0,0.521926
8004.0,52.0,0.52632
8004.0,53.0,0.507342
8004.0,54.0,0.428545
8004.0,55.0,0.497874
8004.0,56.0,0.489001
8004.0,57.0,0.459095
8004.0,58.0,0.535587
8004.0,59.0,0.510662
8004.0,60.0,0.544563
8004.0,61.0,0.446271
8004.0,62.0,0.55763
8004.0,63.0,0.49323
8004.0,64.0,0.436442
8004.0,65.0,0.382027
8004.0,66.0,0.526196
8004.0,67.0,0.513993
8004.0,68.0,0.462399
8004.0,69.0,0.483988
8004.0,70.0,0.416383
8004.0,71.0,0.523676
8004.0,72.0,0.532843
8004.0,73.0,0.447105
8004.0,74.0,0.508622
8004.0,75.0,0.457095
8004.0,76.0,0.549177
8004.0,77.0,0.470782
8004.0,78.0,0.545679
8004.0,79.0,0.537516
8004.0,80.0,0.450359
8004.0,81.0,0.451737
8004.0,82.0,0.560272
8004.0,83.0,0.552834
8004.0,84.0,0.512984
8004.0,85.0,0.527946
8004.0,86.0,0.462389
8004.0,87.0,0.559684
8004.0,88.0,0.415397
8004.0,89.0,0.514903
8004.0,90.0,0.490921
8004.0,91.0,0.455896
8004.0,92.0,0.49542
8004.0,93.0,0.579397
8004.0,94.0,0.472947
8004.0,95.0,0.52713
8004.0,96.0,0.557937
8004.0,97.0,0.492091
8004.0,98.0,0.51246
8004.0,99.0,0.470187
8004.0,100.0,0.610245
8004.0,101.0,0.455852
8004.0,102.0,0.495169
8004.0,103.0,0.502943
8004.0,104.0,0.475629
8004.0,105.0,0.509963
8004.0,106.0,0.410149
8004.0,107.0,0.516063
8004.0,108.0,0.426718
8004.0,109.0,0.492671
8004.0,110.0,0.477008
8004.0,111.0,0.486509
8004.0,112.0,0.433651
8004.0,113.0,0.474419
8004.0,114.0,0.481427
8004.0,115.0,0.453975
8004.0,116.0,0.558629
8004.0,117.0,0.478634
8004.0,118.0,0.472953
8004.0,119.0,0.445235
8004.0,120.0,0.61066
8004.0,121.0,0.529489
8004.0,122.0,0.529371
8004.0,123.0,0.529939
8004.0,124.0,0.424709
8004.0,125.0,0.529026
8004.0,126.0,0.497094
8004.0,127.0,0.517894
8004.0,128.0,0.495143
8004.0,129.0,0.568351
8004.0,130.0,0.466134
8004.0,131.0,0.448611
8004.0,132.0,0.524065
8004.0,133.0,0.501832
8004.0,134.0,0.533132
8004.0,135.0,0.499654
8004.0,136.0,0.405071
8004.0,137.0,0.542864
8004.0,138.0,0.565344
8004.0,139.0,0.517469
8004.0,140.0,0.528292
8004.0,141.0,0.467503
8004.0,142.0,0.486727
8004.0,143.0,0.523553
8004.0,144.0,0.520668
8004.0,145.0,0.525464
8004.0,146.0,0.570457
8004.0,147.0,0.506568
8005.0,0.0,0.513223
8005.0,1.0,0.531844
8005.0,2.0,0.498183
8005.0,3.0,0.488237
8005.0,4.0,0.504065
8005.0,5.0,0.521334
8005.0,6.0,0.517306
8005.0,7.0,0.535059
8005.0,8.0,0.538235
8005.0,9.0,0.480752
8005.0,10.0,0.478018
8005.0,11.0,0.468894
8005.0,12.0,0.551143
8005.0,13.0,0.540902
8005.0,14.0,0.538799
8005.0,15.0,0.487336
8005.0,16.0,0.465973
8005.0,17.0,0.429468
8005.0,18.0,0.479131
8005.0,19.0,0.538663
8005.0,20.0,0.450842
8005.0,21.0,0.456602
8005.0,22.0,0.592305
8005.0,23.0,0.464984
8005.0,24.0,0.483556
8005.0,25.0,0.462617
8005.0,26.0,0.583229
8005.0,27.0,0.441791
8005.0,28.0,0.463804
8005.0,29.0,0.459197
8005.0,30.0,0.551095
8005.0,31.0,0.549026
8005.0,32.0,0.484389
8005.0,33.0,0.527876
8005.0,34.0,0.48133
8005.0,35.0,0.526676
8005.0,36.0,0.590231
8005.0,37.0,0.476213
8005.0,38.0,0.477239
8005.0,39.0,0.509781
8005.0,40.0,0.466794
8005.0,41.0,0.476218
8005.0,42.0,0.469927
8005.0,43.0,0.417393
8005.0,44.0,0.500437
8005.0,45.0,0.429087
8005.0,46.0,0.434216
8005.0,47.0,0.528416
8005.0,48.0,0.469659
8005.0,49.0,0.368447
8005.0,50.0,0.546953
8005.0,51.0,0.522125
8005.0,52.0,0.526766
8005.0,53.0,0.507312
8005.0,54.0,0.428403
8005.0,55.0,0.498239
8005.0,56.0,0.489146
8005.0,57.0,0.458423
8005.0,58.0,0.536098
8005.0,59.0,0.509995
8005.0,60.0,0.545255
8005.0,61.0,0.446661
8005.0,62.0,0.557431
8005.0,63.0,0.493707
8005.0,64.0,0.435492
8005.0,65.0,0.38152
8005.0,66.0,0.525952
8005.0,67.0,0.51357
8005.0,68.0,0.461911
8005.0,69.0,0.483388
8005.0,70.0,0.41646
8005.0,71.0,0.524399
8005.0,72.0,0.532419
8005.0,73.0,0.44718
8005.0,74.0,0.509057
8005.0,75.0,0.457727
8005.0,76.0,0.54897
8005.0,77.0,0.469247
8005.0,78.0,0.545318
8005.0,79.0,0.537427
8005.0,80.0,0.450591
8005.0,81.0,0.451462
8005.0,82.0,0.559815
8005.0,83.0,0.553214
8005.0,84.0,0.512404
8005.0,85.0,0.527593
8005.0,86.0,0.46129
8005.0,87.0,0.560151
8005.0,88.0,0.415772
8005.0,89.0,0.515274
8005.0,90.0,0.491258
8005.0,91.0,0.455158
8005.0,92.0,0.495333
8005.0,93.0,0.579808
8005.0,94.0,0.472943
8005.0,95.0,0.527424
8005.0,96.0,0.557721
8005.0,97.0,0.491482
8005.0,98.0,0.512846
8005.0,99.0,0.470043
8005.0,100.0,0.610376
8005.0,101.0,0.456365
8005.0,102.0,0.496292
8005.0,103.0,0.503386
8005.0,104.0,0.47586
8005.0,105.0,0.510434
8005.0,106.0,0.410252
8005.0,107.0,0.515845
8005.0,108.0,0.426712
8005.0,109.0,0.49273
8005.0,110.0,0.477072
8005.0,111.0,0.486407
8005.0,112.0,0.43382
8005.0,113.0,0.474229
8005.0,114.0,0.481643
8005.0,115.0,0.454478
8005.0,116.0,0.559008
8005.0,117.0,0.478813
8005.0,118.0,0.472753
8005.0,119.0,0.445261
8005.0,120.0,0.610982
8005.0,121.0,0.528679
8005.0,122.0,0.530539
8005.0,123.0,0.530986
8005.0,124.0,0.425254
8005.0,125.0,0.528729
8005.0,126.0,0.497891
8005.0,127.0,0.517454
8005.0,128.0,0.494842
8005.0,129.0,0.567825
8005.0,130.0,0.466403
8005.0,131.0,0.4481
8005.0,132.0,0.523555
8005.0,133.0,0.502534
8005.0,134.0,0.532511
8005.0,135.0,0.500165
8005.0,136.0,0.404988
8005.0,137.0,0.54297
8005.0,138.0,0.56515
8005.0,139.0,0.517684
8005.0,140.0,0.527755
8005.0,141.0,0.468066
8005.0,142.0,0.487136
8005.0,143.0,0.523203
8005.0,144.0,0.520768
8005.0,145.0,0.524397
8005.0,146.0,0.570599
8005.0,147.0,0.507024
8006.0,0.0,0.51355
8006.0,1.0,0.53172
8006.0,2.0,0.497951
8006.0,3.0,0.487109
8006.0,4.0,0.50425
8006.0,5.0,0.521214
8006.0,6.0,0.516684
8006.0,7.0,0.534349
8006.0,8.0,0.538749
8006.0,9.0,0.481381
8006.0,10.0,0.47821
8006.0,11.0,0.468095
8006.0,12.0,0.550571
8006.0,13.0,0.541065
8006.0,14.0,0.538757
8006.0,15.0,0.487191
8006.0,16.0,0.466003
8006.0,17.0,0.430298
8006.0,18.0,0.478548
8006.0,19.0,0.538534
8006.0,20.0,0.451421
8006.0,21.0,0.456644
8006.0,22.0,0.593248
8006.0,23.0,0.464886
8006.0,24.0,0.483901
8006.0,25.0,0.463802
8006.0,26.0,0.582673
8006.0,27.0,0.441727
8006.0,28.0,0.464341
8006.0,29.0,0.459703
8006.0,30.0,0.551519
8006.0,31.0,0.549587
8006.0,32.0,0.483278
8006.0,33.0,0.52806
8006.0,34.0,0.480932
8006.0,35.0,0.526278
8006.0,36.0,0.589945
8006.0,37.0,0.476374
8006.0,38.0,0.477634
8006.0,39.0,0.509814
8006.0,40.0,0.467111
8006.0,41.0,0.477144
8006.0,42.0,0.469623
8006.0,43.0,0.417941
8006.0,44.0,0.500439
8006.0,45.0,0.428833
8006.0,46.0,0.434158
8006.0,47.0,0.528545
8006.0,48.0,0.469072
8006.0,49.0,0.368456
8006.0,50.0,0.546458
8006.0,51.0,0.521914
8006.0,52.0,0.526264
8006.0,53.0,0.506866
8006.0,54.0,0.428127
8006.0,55.0,0.499009
8006.0,56.0,0.488089
8006.0,57.0,0.459317
8006.0,58.0,0.536887
8006.0,59.0,0.510478
8006.0,60.0,0.545449
8006.0,61.0,0.446307
8006.0,62.0,0.556806
8006.0,63.0,0.493335
8006.0,64.0,0.435203
8006.0,65.0,0.380711
8006.0,66.0,0.52604
8006.0,67.0,0.513711
8006.0,68.0,0.461298
8006.0,69.0,0.48375
8006.0,70.0,0.416701
8006.0,71.0,0.524469
8006.0,72.0,0.532581
8006.0,73.0,0.447827
8006.0,74.0,0.509081
8006.0,75.0,0.45701
8006.0,76.0,0.549353
8006.0,77.0,0.468758
8006.0,78.0,0.545342
8006.0,79.0,0.536547
8006.0,80.0,0.450028
8006.0,81.0,0.451345
8006.0,82.0,0.560697
8006.0,83.0,0.553501
8006.0,84.0,0.511494
8006.0,85.0,0.527131
8006.0,86.0,0.461172
8006.0,87.0,0.560475
8006.0,88.0,0.4158
8006.0,89.0,0.515391
8006.0,90.0,0.491009
8006.0,91.0,0.456159
8006.0,92.0,0.494842
8006.0,93.0,0.580032
8006.0,94.0,0.473439
8006.0,95.0,0.527143
8006.0,96.0,0.557979
8006.0,97.0,0.491102
8006.0,98.0,0.512379
8006.0,99.0,0.471375
8006.0,100.0,0.61004
8006.0,101.0,0.456257
8006.0,102.0,0.496301
8006.0,103.0,0.503463
8006.0,104.0,0.475947
8006.0,105.0,0.511025
8006.0,106.0,0.410576
8006.0,107.0,0.51499
8006.0,108.0,0.426258
8006.0,109.0,0.492508
8006.0,110.0,0.477131
8006.0,111.0,0.486448
8006.0,112.0,0.433404
8006.0,113.0,0.475239
8006.0,114.0,0.482772
8006.0,115.0,0.455025
8006.0,116.0,0.558229
8006.0,117.0,0.478338
8006.0,118.0,0.472362
8006.0,119.0,0.445688
8006.0,120.0,0.611543
8006.0,121.0,0.529229
8006.0,122.0,0.530207
8006.0,123.0,0.530931
8006.0,124.0,0.424263
8006.0,125.0,0.528948
8006.0,126.0,0.497081
8006.0,127.0,0.517444
8006.0,128.0,0.494544
8006.0,129.0,0.567517
8006.0,130.0,0.466486
8006.0,131.0,0.44738
8006.0,132.0,0.523468
8006.0,133.0,0.502251
8006.0,134.0,0.532288
8006.0,135.0,0.500467
8006.0,136.0,0.404347
8006.0,137.0,0.54248
8006.0,138.0,0.565359
8006.0,139.0,0.517123
8006.0,140.0,0.528213
8006.0,141.0,0.467901
8006.0,142.0,0.486565
8006.0,143.0,0.522987
8006.0,144.0,0.519529
8006.0,145.0,0.524724
8006.0,146.0,0.570095
8006.0,147.0,0.507742
8007.0,0.0,0.513423
8007.0,1.0,0.531492
8007.0,2.0,0.498294
8007.0,3.0,0.487094
8007.0,4.0,0.503609
8007.0,5.0,0.519833
8007.0,6.0,0.516368
8007.0,7.0,0.534533
8007.0,8.0,0.538976
8007.0,9.0,0.481332
8007.0,10.0,0.477274
8007.0,11.0,0.4685
8007.0,12.0,0.550842
8007.0,13.0,0.540398
8007.0,14.0,0.540084
8007.0,15.0,0.487619
8007.0,16.0,0.465809
8007.0,17.0,0.430799
8007.0,18.0,0.477813
8007.0,19.0,0.538303
8007.0,20.0,0.451
8007.0,21.0,0.455733
8007.0,22.0,0.593856
8007.0,23.0,0.464567
8007.0,24.0,0.48409
8007.0,25.0,0.464259
8007.0,26.0,0.58245
8007.0,27.0,0.441815
8007.0,28.0,0.463686
8007.0,29.0,0.459759
8007.0,30.0,0.552185
8007.0,31.0,0.549474
8007.0,32.0,0.483029
8007.0,33.0,0.528258
8007.0,34.0,0.48122
8007.0,35.0,0.525922
8007.0,36.0,0.590284
8007.0,37.0,0.47634
8007.0,38.0,0.478245
8007.0,39.0,0.510264
8007.0,40.0,0.467244
8007.0,41.0,0.476381
8007.0,42.0,0.469485
8007.0,43.0,0.418247
8007.0,44.0,0.500451
8007.0,45.0,0.428674
8007.0,46.0,0.4343
8007.0,47.0,0.528548
8007.0,48.0,0.468894
8007.0,49.0,0.368921
8007.0,50.0,0.546039
8007.0,51.0,0.521349
8007.0,52.0,0.526444
8007.0,53.0,0.506627
8007.0,54.0,0.428518
8007.0,55.0,0.498984
8007.0,56.0,0.48774
8007.0,57.0,0.459394
8007.0,58.0,0.536615
8007.0,59.0,0.510678
8007.0,60.0,0.545967
8007.0,61.0,0.446596
8007.0,62.0,0.557102
8007.0,63.0,0.493448
8007.0,64.0,0.435461
8007.0,65.0,0.380911
8007.0,66.0,0.526246
8007.0,67.0,0.5131
8007.0,68.0,0.460804
8007.0,69.0,0.484766
8007.0,70.0,0.417389
8007.0,71.0,0.524738
8007.0,72.0,0.532672
8007.0,73.0,0.448162
8007.0,74.0,0.508909
8007.0,75.0,0.45682
8007.0,76.0,0.549441
8007.0,77.0,0.469414
8007.0,78.0,0.546022
8007.0,79.0,0.536179
8007.0,80.0,0.449999
8007.0,81.0,0.451089
8007.0,82.0,0.560368
8007.0,83.0,0.552931
8007.0,84.0,0.51168
8007.0,85.0,0.526901
8007.0,86.0,0.462248
8007.0,87.0,0.560743
8007.0,88.0,0.415424
8007.0,89.0,0.516343
8007.0,90.0,0.490746
8007.0,91.0,0.457144
8007.0,92.0,0.495102
8007.0,93.0,0.579649
8007.0,94.0,0.473957
8007.0,95.0,0.52745
8007.0,96.0,0.557781
8007.0,97.0,0.491614
8007.0,98.0,0.51261
8007.0,99.0,0.471496
8007.0,100.0,0.610612
8007.0,101.0,0.456569
8007.0,102.0,0.495758
8007.0,103.0,0.503546
8007.0,104.0,0.475013
8007.0,105.0,0.511267
8007.0,106.0,0.410874
8007.0,107.0,0.515034
8007.0,108.0,0.427101
8007.0,109.0,0.492842
8007.0,110.0,0.476343
8007.0,111.0,0.486336
8007.0,112.0,0.433153
8007.0,113.0,0.474772
8007.0,114.0,0.482948
8007.0,115.0,0.454606
8007.0,116.0,0.558028
8007.0,117.0,0.478177
8007.0,118.0,0.472149
8007.0,119.0,0.446045
8007.0,120.0,0.611571
8007.0,121.0,0.529436
8007.0,122.0,0.529627
8007.0,123.0,0.529826
8007.0,124.0,0.424043
8007.0,125.0,0.529021
8007.0,126.0,0.49701
8007.0,127.0,0.51661
8007.0,128.0,0.494778
8007.0,129.0,0.567115
8007.0,130.0,0.466604
8007.0,131.0,0.447418
8007.0,132.0,0.523377
8007.0,133.0,0.502013
8007.0,134.0,0.532917
8007.0,135.0,0.500395
8007.0,136.0,0.404312
8007.0,137.0,0.543504
8007.0,138.0,0.565609
8007.0,139.0,0.517796
8007.0,140.0,0.529462
8007.0,141.0,0.467466
8007.0,142.0,0.487055
8007.0,143.0,0.522288
8007.0,144.0,0.518343
8007.0,145.0,0.525149
8007.0,146.0,0.57036
8007.0,147.0,0.508308
8008.0,0.0,0.513883
8008.0,1.0,0.530984
8008.0,2.0,0.498563
8008.0,3.0,0.487281
8008.0,4.0,0.502772
8008.0,5.0,0.519626
8008.0,6.0,0.51603
8008.0,7.0,0.534451
8008.0,8.0,0.538696
8008.0,9.0,0.481144
8008.0,10.0,0.477231
8008.0,11.0,0.468654
8008.0,12.0,0.550031
8008.0,13.0,0.540247
8008.0,14.0,0.540434
8008.0,15.0,0.487867
8008.0,16.0,0.465099
8008.0,17.0,0.430686
8008.0,18.0,0.47824
8008.0,19.0,0.537588
8008.0,20.0,0.450939
8008.0,21.0,0.455817
8008.0,22.0,0.594194
8008.0,23.0,0.46426
8008.0,24.0,0.483653
8008.0,25.0,0.464605
8008.0,26.0,0.583183
8008.0,27.0,0.442498
8008.0,28.0,0.463578
8008.0,29.0,0.459809
8008.0,30.0,0.552213
8008.0,31.0,0.549522
8008.0,32.0,0.48323
8008.0,33.0,0.528296
8008.0,34.0,0.481138
8008.0,35.0,0.526185
8008.0,36.0,0.590508
8008.0,37.0,0.475819
8008.0,38.0,0.478987
8008.0,39.0,0.510276
8008.0,40.0,0.467018
8008.0,41.0,0.476288
8008.0,42.0,0.468776
8008.0,43.0,0.418019
8008.0,44.0,0.500304
8008.0,45.0,0.428158
8008.0,46.0,0.434286
8008.0,47.0,0.528242
8008.0,48.0,0.468806
8008.0,49.0,0.36891
8008.0,50.0,0.545918
8008.0,51.0,0.522305
8008.0,52.0,0.526737
8008.0,53.0,0.506746
8008.0,54.0,0.428717
8008.0,55.0,0.499775
8008.0,56.0,0.487746
8008.0,57.0,0.458843
8008.0,58.0,0.536474
8008.0,59.0,0.510616
8008.0,60.0,0.545724
8008.0,61.0,0.446525
8008.0,62.0,0.557741
8008.0,63.0,0.493175
8008.0,64.0,0.434486
8008.0,65.0,0.380695
8008.0,66.0,0.526023
8008.0,67.0,0.513671
8008.0,68.0,0.460497
8008.0,69.0,0.484502
8008.0,70.0,0.417236
8008.0,71.0,0.525003
8008.0,72.0,0.532373
8008.0,73.0,0.448304
8008.0,74.0,0.508624
8008.0,75.0,0.457247
8008.0,76.0,0.549049
8008.0,77.0,0.469025
8008.0,78.0,0.545689
8008.0,79.0,0.536719
8008.0,80.0,0.450293
8008.0,81.0,0.449722
8008.0,82.0,0.560122
8008.0,83.0,0.553806
8008.0,84.0,0.511775
8008.0,85.0,0.527444
8008.0,86.0,0.462627
8008.0,87.0,0.560608
8008.0,88.0,0.415042
8008.0,89.0,0.517121
8008.0,90.0,0.49004
8008.0,91.0,0.456905
8008.0,92.0,0.494661
8008.0,93.0,0.579222
8008.0,94.0,0.474182
8008.0,95.0,0.527187
8008.0,96.0,0.556563
8008.0,97.0,0.491754
8008.0,98.0,0.512128
8008.0,99.0,0.470303
8008.0,100.0,0.610538
8008.0,101.0,0.455287
8008.0,102.0,0.495173
8008.0,103.0,0.502832
8008.0,104.0,0.47483
8008.0,105.0,0.512257
8008.0,106.0,0.411109
8008.0,107.0,0.515162
8008.0,108.0,0.426588
8008.0,109.0,0.493006
8008.0,110.0,0.476699
8008.0,111.0,0.485592
8008.0,112.0,0.434098
8008.0,113.0,0.475477
8008.0,114.0,0.481942
8008.0,115.0,0.455024
8008.0,116.0,0.558129
8008.0,117.0,0.479003
8008.0,118.0,0.471251
8008.0,119.0,0.446845
8008.0,120.0,0.61209
8008.0,121.0,0.5298
8008.0,122.0,0.529705
8008.0,123.0,0.530568
8008.0,124.0,0.424477
8008.0,125.0,0.529115
8008.0,126.0,0.497348
8008.0,127.0,0.517089
8008.0,128.0,0.494825
8008.0,129.0,0.566063
8008.0,130.0,0.466309
8008.0,131.0,0.447178
8008.0,132.0,0.523801
8008.0,133.0,0.502472
8008.0,134.0,0.53381
8008.0,135.0,0.501409
8008.0,136.0,0.404146
8008.0,137.0,0.543138
8008.0,138.0,0.565653
8008.0,139.0,0.51753
8008.0,140.0,0.530142
8008.0,141.0,0.468679
8008.0,142.0,0.486773
8008.0,143.0,0.521977
8008.0,144.0,0.517773
8008.0,145.0,0.523961
8008.0,146.0,0.570273
8008.0,147.0,0.508362
8009.0,0.0,0.512673
8009.0,1.0,0.530563
8009.0,2.0,0.498817
8009.0,3.0,0.488072
8009.0,4.0,0.503008
8009.0,5.0,0.519744
8009.0,6.0,0.515271
8009.0,7.0,0.533937
8009.0,8.0,0.538078
8009.0,9.0,0.480893
8009.0,10.0,0.477979
8009.0,11.0,0.469177
8009.0,12.0,0.549476
8009.0,13.0,0.540601
8009.0,14.0,0.539621
8009.0,15.0,0.488215
8009.0,16.0,0.464758
8009.0,17.0,0.430334
8009.0,18.0,0.477729
8009.0,19.0,0.536963
8009.0,20.0,0.450676
8009.0,21.0,0.455045
8009.0,22.0,0.594674
8009.0,23.0,0.464278
8009.0,24.0,0.484256
8009.0,25.0,0.464791
8009.0,26.0,0.583904
8009.0,27.0,0.442382
8009.0,28.0,0.46335
8009.0,29.0,0.458765
8009.0,30.0,0.552524
8009.0,31.0,0.549019
8009.0,32.0,0.483154
8009.0,33.0,0.529266
8009.0,34.0,0.482201
8009.0,35.0,0.52646
8009.0,36.0,0.590361
8009.0,37.0,0.475124
8009.0,38.0,0.47981
8009.0,39.0,0.510844
8009.0,40.0,0.467246
8009.0,41.0,0.47647
8009.0,42.0,0.468539
8009.0,43.0,0.418469
8009.0,44.0,0.500072
8009.0,45.0,0.428671
8009.0,46.0,0.434415
8009.0,47.0,0.527775
8009.0,48.0,0.468664
8009.0,49.0,0.368963
8009.0,50.0,0.546001
8009.0,51.0,0.522235
8009.0,52.0,0.52702
8009.0,53.0,0.506944
8009.0,54.0,0.428966
8009.0,55.0,0.49999
8009.0,56.0,0.487675
8009.0,57.0,0.459077
8009.0,58.0,0.536509
8009.0,59.0,0.511258
8009.0,60.0,0.545255
8009.0,61.0,0.445984
8009.0,62.0,0.557385
8009.0,63.0,0.493167
8009.0,64.0,0.434364
8009.0,65.0,0.380558
8009.0,66.0,0.526388
8009.0,67.0,0.513939
8009.0,68.0,0.460796
8009.0,69.0,0.484513
8009.0,70.0,0.417578
8009.0,71.0,0.524021
8009.0,72.0,0.532066
8009.0,73.0,0.4482
8009.0,74.0,0.508841
8009.0,75.0,0.457207
8009.0,76.0,0.548363
8009.0,77.0,0.468618
8009.0,78.0,0.545936
8009.0,79.0,0.537225
8009.0,80.0,0.450085
8009.0,81.0,0.449698
8009.0,82.0,0.560669
8009.0,83.0,0.553778
8009.0,84.0,0.511908
8009.0,85.0,0.526756
8009.0,86.0,0.462695
8009.0,87.0,0.560759
8009.0,88.0,0.415851
8009.0,89.0,0.516797
8009.0,90.0,0.490727
8009.0,91.0,0.456253
8009.0,92.0,0.49489
8009.0,93.0,0.579141
8009.0,94.0,0.474457
8009.0,95.0,0.528047
8009.0,96.0,0.556588
8009.0,97.0,0.491963
8009.0,98.0,0.512787
8009.0,99.0,0.470569
8009.0,100.0,0.610864
8009.0,101.0,0.454698
8009.0,102.0,0.495453
8009.0,103.0,0.502168
8009.0,104.0,0.474912
8009.0,105.0,0.511574
8009.0,106.0,0.410976
8009.0,107.0,0.515642
8009.0,108.0,0.426689
8009.0,109.0,0.49325
8009.0,110.0,0.476797
8009.0,111.0,0.486204
8009.0,112.0,0.433406
8009.0,113.0,0.475241
8009.0,114.0,0.481868
8009.0,115.0,0.455343
8009.0,116.0,0.558226
8009.0,117.0,0.479217
8009.0,118.0,0.471009
8009.0,119.0,0.447234
8009.0,120.0,0.612264
8009.0,121.0,0.529897
8009.0,122.0,0.528921
8009.0,123.0,0.529563
8009.0,124.0,0.424886
8009.0,125.0,0.529363
8009.0,126.0,0.497733
8009.0,127.0,0.516618
8009.0,128.0,0.493937
8009.0,129.0,0.566486
8009.0,130.0,0.466987
8009.0,131.0,0.447696
8009.0,132.0,0.523228
8009.0,133.0,0.502615
8009.0,134.0,0.533947
8009.0,135.0,0.501177
8009.0,136.0,0.404511
8009.0,137.0,0.543047
8009.0,138.0,0.565574
8009.0,139.0,0.516956
8009.0,140.0,0.530892
8009.0,141.0,0.46812
8009.0,142.0,0.48582
8009.0,143.0,0.521942
8009.0,144.0,0.51813
8009.0,145.0,0.522852
8009.0,146.0,0.570464
8009.0,147.0,0.508848
8010.0,0.0,0.512207
8010.0,1.0,0.529939
8010.0,2.0,0.497737
8010.0,3.0,0.488314
8010.0,4.0,0.503086
8010.0,5.0,0.519272
8010.0,6.0,0.51558
8010.0,7.0,0.533477
8010.0,8.0,0.537702
8010.0,9.0,0.481559
8010.0,10.0,0.47833
8010.0,11.0,0.469074
8010.0,12.0,0.548909
8010.0,13.0,0.541411
8010.0,14.0,0.538629
8010.0,15.0,0.488167
8010.0,16.0,0.464934
8010.0,17.0,0.430522
8010.0,18.0,0.478207
8010.0,19.0,0.537422
8010.0,20.0,0.450855
8010.0,21.0,0.45527
8010.0,22.0,0.595017
8010.0,23.0,0.465256
8010.0,24.0,0.48404
8010.0,25.0,0.463966
8010.0,26.0,0.583558
8010.0,27.0,0.441403
8010.0,28.0,0.463312
8010.0,29.0,0.459014
8010.0,30.0,0.552486
8010.0,31.0,0.548949
8010.0,32.0,0.482675
8010.0,33.0,0.529242
8010.0,34.0,0.481577
8010.0,35.0,0.526555
8010.0,36.0,0.59097
8010.0,37.0,0.475476
8010.0,38.0,0.480468
8010.0,39.0,0.510645
8010.0,40.0,0.466776
8010.0,41.0,0.475724
8010.0,42.0,0.468581
8010.0,43.0,0.418635
8010.0,44.0,0.500396
8010.0,45.0,0.429942
8010.0,46.0,0.434308
8010.0,47.0,0.527242
8010.0,48.0,0.468073
8010.0,49.0,0.369463
8010.0,50.0,0.546509
8010.0,51.0,0.522063
8010.0,52.0,0.526313
8010.0,53.0,0.50736
8010.0,54.0,0.429454
8010.0,55.0,0.499481
8010.0,56.0,0.487146
8010.0,57.0,0.459312
8010.0,58.0,0.537312
8010.0,59.0,0.512184
8010.0,60.0,0.544808
8010.0,61.0,0.445699
8010.0,62.0,0.555992
8010.0,63.0,0.493331
8010.0,64.0,0.435058
8010.0,65.0,0.380038
8010.0,66.0,0.526207
8010.0,67.0,0.514637
8010.0,68.0,0.460388
8010.0,69.0,0.484885
8010.0,70.0,0.417328
8010.0,71.0,0.524536
8010.0,72.0,0.532138
8010.0,73.0,0.44805
8010.0,74.0,0.508543
8010.0,75.0,0.45675
8010.0,76.0,0.548143
8010.0,77.0,0.468385
8010.0,78.0,0.545618
8010.0,79.0,0.537443
8010.0,80.0,0.44945
8010.0,81.0,0.450684
8010.0,82.0,0.56142
8010.0,83.0,0.553522
8010.0,84.0,0.51123
8010.0,85.0,0.526971
8010.0,86.0,0.462889
8010.0,87.0,0.561093
8010.0,88.0,0.416201
8010.0,89.0,0.516669
8010.0,90.0,0.49041
8010.0,91.0,0.456481
8010.0,92.0,0.495711
8010.0,93.0,0.579412
8010.0,94.0,0.473808
8010.0,95.0,0.52769
8010.0,96.0,0.556919
8010.0,97.0,0.491978
8010.0,98.0,0.512605
8010.0,99.0,0.471397
8010.0,100.0,0.610611
8010.0,101.0,0.454813
8010.0,102.0,0.495611
8010.0,103.0,0.501785
8010.0,104.0,0.474482
8010.0,105.0,0.510513
8010.0,106.0,0.41093
8010.0,107.0,0.515341
8010.0,108.0,0.426852
8010.0,109.0,0.494661
8010.0,110.0,0.476054
8010.0,111.0,0.486914
8010.0,112.0,0.433562
8010.0,113.0,0.475275
8010.0,114.0,0.482253
8010.0,115.0,0.455224
8010.0,116.0,0.558521
8010.0,117.0,0.479435
8010.0,118.0,0.470447
8010.0,119.0,0.44721
8010.0,120.0,0.611636
8010.0,121.0,0.53093
8010.0,122.0,0.529297
8010.0,123.0,0.529492
8010.0,124.0,0.425353
8010.0,125.0,0.528718
8010.0,126.0,0.498086
8010.0,127.0,0.516439
8010.0,128.0,0.494517
8010.0,129.0,0.566527
8010.0,130.0,0.466852
8010.0,131.0,0.447456
8010.0,132.0,0.522933
8010.0,133.0,0.503065
8010.0,134.0,0.534006
8010.0,135.0,0.501361
8010.0,136.0,0.40426
8010.0,137.0,0.543858
8010.0,138.0,0.564882
8010.0,139.0,0.517501
8010.0,140.0,0.530166
8010.0,141.0,0.467144
8010.0,142.0,0.48608
8010.0,143.0,0.522315
8010.0,144.0,0.518756
8010.0,145.0,0.522496
8010.0,146.0,0.570242
8010.0,147.0,0.508879
9000.0,0.0,0.499935
9000.0,1.0,0.511448
9000.0,2.0,0.475384
9000.0,3.0,0.507282
9000.0,4.0,0.510422
9000.0,5.0,0.525074
9000.0,6.0,0.490446
9000.0,7.0,0.526489
9000.0,8.0,0.530304
9000.0,9.0,0.449325
9000.0,10.0,0.496921
9000.0,11.0,0.456732
9000.0,12.0,0.538619
9000.0,13.0,0.534723
9000.0,14.0,0.550222
9000.0,15.0,0.477594
9000.0,16.0,0.455588
9000.0,17.0,0.431667
9000.0,18.0,0.461984
9000.0,19.0,0.529379
9000.0,20.0,0.460746
9000.0,21.0,0.468106
9000.0,22.0,0.602438
9000.0,23.0,0.425577
9000.0,24.0,0.479479
9000.0,25.0,0.470255
9000.0,26.0,0.604231
9000.0,27.0,0.437792
9000.0,28.0,0.45813
9000.0,29.0,0.466854
9000.0,30.0,0.540179
9000.0,31.0,0.544727
9000.0,32.0,0.49926
9000.0,33.0,0.510057
9000.0,34.0,0.478272
9000.0,35.0,0.537472
9000.0,36.0,0.625294
9000.0,37.0,0.487345
9000.0,38.0,0.47562
9000.0,39.0,0.508762
9000.0,40.0,0.455634
9000.0,41.0,0.4722
9000.0,42.0,0.447467
9000.0,43.0,0.432779
9000.0,44.0,0.51921
9000.0,45.0,0.420687
9000.0,46.0,0.468266
9000.0,47.0,0.525319
9000.0,48.0,0.436983
9000.0,49.0,0.357417
9000.0,50.0,0.579476
9000.0,51.0,0.505579
9000.0,52.0,0.539232
9000.0,53.0,0.494611
9000.0,54.0,0.444459
9000.0,55.0,0.505402
9000.0,56.0,0.497268
9000.0,57.0,0.456887
9000.0,58.0,0.554537
9000.0,59.0,0.526975
9000.0,60.0,0.53364
9000.0,61.0,0.406504
9000.0,62.0,0.552706
9000.0,63.0,0.478639
9000.0,64.0,0.42811
9000.0,65.0,0.37606
9000.0,66.0,0.546556
9000.0,67.0,0.513143
9000.0,68.0,0.465085
9000.0,69.0,0.483132
9000.0,70.0,0.410921
9000.0,71.0,0.533891
9000.0,72.0,0.498978
9000.0,73.0,0.468731
9000.0,74.0,0.482942
9000.0,75.0,0.436135
9000.0,76.0,0.565429
9000.0,77.0,0.456541
9000.0,78.0,0.546137
9000.0,79.0,0.525392
9000.0,80.0,0.442537
9000.0,81.0,0.424192
9000.0,82.0,0.568577
9000.0,83.0,0.550825
9000.0,84.0,0.553603
9000.0,85.0,0.531456
9000.0,86.0,0.456348
9000.0,87.0,0.545776
9000.0,88.0,0.393957
9000.0,89.0,0.517196
9000.0,90.0,0.504979
9000.0,91.0,0.465327
9000.0,92.0,0.50242
9000.0,93.0,0.560244
9000.0,94.0,0.469465
9000.0,95.0,0.51551
9000.0,96.0,0.561609
9000.0,97.0,0.496231
9000.0,98.0,0.459878
9000.0,99.0,0.451993
9000.0,100.0,0.624678
9000.0,101.0,0.440721
9000.0,102.0,0.487487
9000.0,103.0,0.529225
9000.0,104.0,0.46547
9000.0,105.0,0.505701
9000.0,106.0,0.37267
9000.0,107.0,0.515971
9000.0,108.0,0.431363
9000.0,109.0,0.500918
9000.0,110.0,0.470446
9000.0,111.0,0.480926
9000.0,112.0,0.421768
9000.0,113.0,0.492486
9000.0,114.0,0.489961
9000.0,115.0,0.459195
9000.0,116.0,0.590649
9000.0,117.0,0.502039
9000.0,118.0,0.462501
9000.0,119.0,0.46359
9000.0,120.0,0.617222
9000.0,121.0,0.536918
9000.0,122.0,0.542087
9000.0,123.0,0.50303
9000.0,124.0,0.423843
9000.0,125.0,0.530534
9000.0,126.0,0.491844
9000.0,127.0,0.519432
9000.0,128.0,0.508187
9000.0,129.0,0.53272
9000.0,130.0,0.471983
9000.0,131.0,0.447701
9000.0,132.0,0.54252
9000.0,133.0,0.499861
9000.0,134.0,0.522062
9000.0,135.0,0.485661
9000.0,136.0,0.389393
9000.0,137.0,0.538835
9000.0,138.0,0.566084
9000.0,139.0,0.536024
9000.0,140.0,0.526926
9000.0,141.0,0.475199
9000.0,142.0,0.492834
9000.0,143.0,0.509536
9000.0,144.0,0.537468
9000.0,145.0,0.498746
9000.0,146.0,0.577537
9000.0,147.0,0.500987
9001.0,0.0,0.500384
9001.0,1.0,0.511776
9001.0,2.0,0.475105
9001.0,3.0,0.507319
9001.0,4.0,0.510646
9001.0,5.0,0.524219
9001.0,6.0,0.490402
9001.0,7.0,0.526996
9001.0,8.0,0.531115
9001.0,9.0,0.449815
9001.0,10.0,0.497606
9001.0,11.0,0.456411
9001.0,12.0,0.537529
9001.0,13.0,0.534513
9001.0,14.0,0.55091
9001.0,15.0,0.477458
9001.0,16.0,0.455195
9001.0,17.0,0.431625
9001.0,18.0,0.462305
9001.0,19.0,0.529201
9001.0,20.0,0.461086
9001.0,21.0,0.46832
9001.0,22.0,0.602602
9001.0,23.0,0.426133
9001.0,24.0,0.480405
9001.0,25.0,0.470092
9001.0,26.0,0.603389
9001.0,27.0,0.437575
9001.0,28.0,0.458442
9001.0,29.0,0.467165
9001.0,30.0,0.540055
9001.0,31.0,0.545474
9001.0,32.0,0.499311
9001.0,33.0,0.509339
9001.0,34.0,0.477777
9001.0,35.0,0.538095
9001.0,36.0,0.625644
9001.0,37.0,0.487402
9001.0,38.0,0.475829
9001.0,39.0,0.507876
9001.0,40.0,0.456156
9001.0,41.0,0.472011
9001.0,42.0,0.446849
9001.0,43.0,0.432926
9001.0,44.0,0.51923
9001.0,45.0,0.419899
9001.0,46.0,0.468789
9001.0,47.0,0.526133
9001.0,48.0,0.437233
9001.0,49.0,0.358077
9001.0,50.0,0.579863
9001.0,51.0,0.506842
9001.0,52.0,0.539228
9001.0,53.0,0.494935
9001.0,54.0,0.444343
9001.0,55.0,0.505208
9001.0,56.0,0.49715
9001.0,57.0,0.457428
9001.0,58.0,0.554941
9001.0,59.0,0.527443
9001.0,60.0,0.533809
9001.0,61.0,0.406195
9001.0,62.0,0.553466
9001.0,63.0,0.479584
9001.0,64.0,0.428505
9001.0,65.0,0.375829
9001.0,66.0,0.546264
9001.0,67.0,0.512913
9001.0,68.0,0.464951
9001.0,69.0,0.482788
9001.0,70.0,0.411003
9001.0,71.0,0.534554
9001.0,72.0,0.497953
9001.0,73.0,0.468335
9001.0,74.0,0.482612
9001.0,75.0,0.436315
9001.0,76.0,0.565608
9001.0,77.0,0.456161
9001.0,78.0,0.545351
9001.0,79.0,0.52596
9001.0,80.0,0.442194
9001.0,81.0,0.424593
9001.0,82.0,0.568872
9001.0,83.0,0.550742
9001.0,84.0,0.553616
9001.0,85.0,0.531201
9001.0,86.0,0.456257
9001.0,87.0,0.545209
9001.0,88.0,0.393854
9001.0,89.0,0.516727
9001.0,90.0,0.505208
9001.0,91.0,0.465143
9001.0,92.0,0.503032
9001.0,93.0,0.560315
9001.0,94.0,0.47014
9001.0,95.0,0.51575
9001.0,96.0,0.561445
9001.0,97.0,0.496025
9001.0,98.0,0.459742
9001.0,99.0,0.451484
9001.0,100.0,0.624481
9001.0,101.0,0.439929
9001.0,102.0,0.488205
9001.0,103.0,0.528302
9001.0,104.0,0.465038
9001.0,105.0,0.506591
9001.0,106.0,0.372032
9001.0,107.0,0.515884
9001.0,108.0,0.431512
9001.0,109.0,0.500436
9001.0,110.0,0.469422
9001.0,111.0,0.48132
9001.0,112.0,0.421987
9001.0,113.0,0.491682
9001.0,114.0,0.489643
9001.0,115.0,0.459272
9001.0,116.0,0.591259
9001.0,117.0,0.501484
9001.0,118.0,0.46278
9001.0,119.0,0.463509
9001.0,120.0,0.616872
9001.0,121.0,0.537452
9001.0,122.0,0.542458
9001.0,123.0,0.502984
9001.0,124.0,0.423176
9001.0,125.0,0.530503
9001.0,126.0,0.492381
9001.0,127.0,0.518839
9001.0,128.0,0.507341
9001.0,129.0,0.533105
9001.0,130.0,0.47211
9001.0,131.0,0.448157
9001.0,132.0,0.543085
9001.0,133.0,0.499188
9001.0,134.0,0.522446
9001.0,135.0,0.485681
9001.0,136.0,0.388369
9001.0,137.0,0.538777
9001.0,138.0,0.567187
9001.0,139.0,0.537383
9001.0,140.0,0.527326
9001.0,141.0,0.474287
9001.0,142.0,0.492823
9001.0,143.0,0.509539
9001.0,144.0,0.537378
9001.0,145.0,0.498827
9001.0,146.0,0.577935
9001.0,147.0,0.501144
9002.0,0.0,0.500591
9002.0,1.0,0.512051
9002.0,2.0,0.473506
9002.0,3.0,0.507265
9002.0,4.0,0.51045
9002.0,5.0,0.524227
9002.0,6.0,0.489975
9002.0,7.0,0.526903
9002.0,8.0,0.531484
9002.0,9.0,0.450607
9002.0,10.0,0.497666
9002.0,11.0,0.456723
9002.0,12.0,0.537459
9002.0,13.0,0.534132
9002.0,14.0,0.551065
9002.0,15.0,0.47859
9002.0,16.0,0.454777
9002.0,17.0,0.431186
9002.0,18.0,0.461844
9002.0,19.0,0.529505
9002.0,20.0,0.461056
9002.0,21.0,0.468189
9002.0,22.0,0.602453
9002.0,23.0,0.425926
9002.0,24.0,0.480236
9002.0,25.0,0.469395
9002.0,26.0,0.603484
9002.0,27.0,0.4371
9002.0,28.0,0.458466
9002.0,29.0,0.467165
9002.0,30.0,0.540192
9002.0,31.0,0.545195
9002.0,32.0,0.498749
9002.0,33.0,0.510193
9002.0,34.0,0.477656
9002.0,35.0,0.538545
9002.0,36.0,0.62656
9002.0,37.0,0.487363
9002.0,38.0,0.475864
9002.0,39.0,0.507864
9002.0,40.0,0.455629
9002.0,41.0,0.471986
9002.0,42.0,0.447011
9002.0,43.0,0.433089
9002.0,44.0,0.51891
9002.0,45.0,0.419425
9002.0,46.0,0.469269
9002.0,47.0,0.525912
9002.0,48.0,0.436775
9002.0,49.0,0.358373
9002.0,50.0,0.580307
9002.0,51.0,0.507335
9002.0,52.0,0.539075
9002.0,53.0,0.494442
9002.0,54.0,0.443975
9002.0,55.0,0.506034
9002.0,56.0,0.497119
9002.0,57.0,0.457801
9002.0,58.0,0.555376
9002.0,59.0,0.526368
9002.0,60.0,0.53366
9002.0,61.0,0.406188
9002.0,62.0,0.553312
9002.0,63.0,0.478913
9002.0,64.0,0.428868
9002.0,65.0,0.375256
9002.0,66.0,0.546404
9002.0,67.0,0.512342
9002.0,68.0,0.464381
9002.0,69.0,0.483026
9002.0,70.0,0.410865
9002.0,71.0,0.534447
9002.0,72.0,0.498282
9002.0,73.0,0.469083
9002.0,74.0,0.482933
9002.0,75.0,0.436815
9002.0,76.0,0.565504
9002.0,77.0,0.455785
9002.0,78.0,0.546125
9002.0,79.0,0.525945
9002.0,80.0,0.442268
9002.0,81.0,0.423897
9002.0,82.0,0.569629
9002.0,83.0,0.5503
9002.0,84.0,0.55252
9002.0,85.0,0.530928
9002.0,86.0,0.455992
9002.0,87.0,0.54468
9002.0,88.0,0.394607
9002.0,89.0,0.517069
9002.0,90.0,0.504288
9002.0,91.0,0.465255
9002.0,92.0,0.502643
9002.0,93.0,0.560082
9002.0,94.0,0.469444
9002.0,95.0,0.516195
9002.0,96.0,0.560929
9002.0,97.0,0.495541
9002.0,98.0,0.45947
9002.0,99.0,0.452516
9002.0,100.0,0.624961
9002.0,101.0,0.439866
9002.0,102.0,0.486596
9002.0,103.0,0.528149
9002.0,104.0,0.464782
9002.0,105.0,0.50718
9002.0,106.0,0.371822
9002.0,107.0,0.515506
9002.0,108.0,0.43161
9002.0,109.0,0.50017
9002.0,110.0,0.470299
9002.0,111.0,0.481471
9002.0,112.0,0.421889
9002.0,113.0,0.491497
9002.0,114.0,0.489916
9002.0,115.0,0.459266
9002.0,116.0,0.591146
9002.0,117.0,0.502628
9002.0,118.0,0.462939
9002.0,119.0,0.462665
9002.0,120.0,0.61756
9002.0,121.0,0.537374
9002.0,122.0,0.542124
9002.0,123.0,0.503294
9002.0,124.0,0.424127
9002.0,125.0,0.53035
9002.0,126.0,0.492791
9002.0,127.0,0.518694
9002.0,128.0,0.507486
9002.0,129.0,0.533414
9002.0,130.0,0.472509
9002.0,131.0,0.448515
9002.0,132.0,0.544251
9002.0,133.0,0.499414
9002.0,134.0,0.522469
9002.0,135.0,0.485054
9002.0,136.0,0.388991
9002.0,137.0,0.538159
9002.0,138.0,0.567401
9002.0,139.0,0.53701
9002.0,140.0,0.527875
9002.0,141.0,0.474792
9002.0,142.0,0.492595
9002.0,143.0,0.510582
9002.0,144.0,0.537618
9002.0,145.0,0.498947
9002.0,146.0,0.577543
9002.0,147.0,0.50198
9003.0,0.0,0.500233
9003.0,1.0,0.512261
9003.0,2.0,0.473799
9003.0,3.0,0.506534
9003.0,4.0,0.510671
9003.0,5.0,0.52458
9003.0,6.0,0.490194
9003.0,7.0,0.526449
9003.0,8.0,0.531711
9003.0,9.0,0.451297
9003.0,10.0,0.498875
9003.0,11.0,0.455908
9003.0,12.0,0.537465
9003.0,13.0,0.53429
9003.0,14.0,0.550175
9003.0,15.0,0.477709
9003.0,16.0,0.455099
9003.0,17.0,0.43174
9003.0,18.0,0.460763
9003.0,19.0,0.530073
9003.0,20.0,0.460519
9003.0,21.0,0.468222
9003.0,22.0,0.602295
9003.0,23.0,0.42639
9003.0,24.0,0.479383
9003.0,25.0,0.469707
9003.0,26.0,0.603856
9003.0,27.0,0.436743
9003.0,28.0,0.458639
9003.0,29.0,0.466178
9003.0,30.0,0.540375
9003.0,31.0,0.545057
9003.0,32.0,0.500341
9003.0,33.0,0.509706
9003.0,34.0,0.477996
9003.0,35.0,0.538638
9003.0,36.0,0.626037
9003.0,37.0,0.487082
9003.0,38.0,0.476703
9003.0,39.0,0.507977
9003.0,40.0,0.456575
9003.0,41.0,0.472083
9003.0,42.0,0.448246
9003.0,43.0,0.432649
9003.0,44.0,0.519199
9003.0,45.0,0.41875
9003.0,46.0,0.469966
9003.0,47.0,0.526805
9003.0,48.0,0.43769
9003.0,49.0,0.358622
9003.0,50.0,0.580406
9003.0,51.0,0.507068
9003.0,52.0,0.539418
9003.0,53.0,0.493105
9003.0,54.0,0.443866
9003.0,55.0,0.505925
9003.0,56.0,0.49715
9003.0,57.0,0.458001
9003.0,58.0,0.555087
9003.0,59.0,0.526733
9003.0,60.0,0.533885
9003.0,61.0,0.406234
9003.0,62.0,0.553339
9003.0,63.0,0.478734
9003.0,64.0,0.42966
9003.0,65.0,0.374562
9003.0,66.0,0.547039
9003.0,67.0,0.51188
9003.0,68.0,0.464563
9003.0,69.0,0.482073
9003.0,70.0,0.410451
9003.0,71.0,0.534887
9003.0,72.0,0.497728
9003.0,73.0,0.46924
9003.0,74.0,0.482556
9003.0,75.0,0.43646
9003.0,76.0,0.565364
9003.0,77.0,0.455904
9003.0,78.0,0.545623
9003.0,79.0,0.525501
9003.0,80.0,0.442771
9003.0,81.0,0.424262
9003.0,82.0,0.569192
9003.0,83.0,0.55023
9003.0,84.0,0.552128
9003.0,85.0,0.531206
9003.0,86.0,0.4555
9003.0,87.0,0.544088
9003.0,88.0,0.395197
9003.0,89.0,0.517406
9003.0,90.0,0.504737
9003.0,91.0,0.464593
9003.0,92.0,0.501731
9003.0,93.0,0.559587
9003.0,94.0,0.469304
9003.0,95.0,0.515835
9003.0,96.0,0.560652
9003.0,97.0,0.495375
9003.0,98.0,0.458295
9003.0,99.0,0.45295
9003.0,100.0,0.624782
9003.0,101.0,0.439563
9003.0,102.0,0.486238
9003.0,103.0,0.527721
9003.0,104.0,0.464755
9003.0,105.0,0.50717
9003.0,106.0,0.371197
9003.0,107.0,0.515288
9003.0,108.0,0.432287
9003.0,109.0,0.50034
9003.0,110.0,0.470765
9003.0,111.0,0.482709
9003.0,112.0,0.422537
9003.0,113.0,0.491275
9003.0,114.0,0.488726
9003.0,115.0,0.459093
9003.0,116.0,0.591946
9003.0,117.0,0.502586
9003.0,118.0,0.46326
9003.0,119.0,0.462834
9003.0,120.0,0.617508
9003.0,121.0,0.537028
9003.0,122.0,0.542429
9003.0,123.0,0.503679
9003.0,124.0,0.424367
9003.0,125.0,0.5309
9003.0,126.0,0.492271
9003.0,127.0,0.518807
9003.0,128.0,0.5075
9003.0,129.0,0.534328
9003.0,130.0,0.471932
9003.0,131.0,0.448464
9003.0,132.0,0.543854
9003.0,133.0,0.500422
9003.0,134.0,0.5218
9003.0,135.0,0.485002
9003.0,136.0,0.388633
9003.0,137.0,0.538067
9003.0,138.0,0.567986
9003.0,139.0,0.537203
9003.0,140.0,0.527411
9003.0,141.0,0.473872
9003.0,142.0,0.493559
9003.0,143.0,0.510254
9003.0,144.0,0.537441
9003.0,145.0,0.498975
9003.0,146.0,0.577192
9003.0,147.0,0.501946
9004.0,0.0,0.500911
9004.0,1.0,0.511632
9004.0,2.0,0.473498
9004.0,3.0,0.506431
9004.0,4.0,0.509664
9004.0,5.0,0.523241
9004.0,6.0,0.49057
9004.0,7.0,0.526691
9004.0,8.0,0.531886
9004.0,9.0,0.451354
9004.0,10.0,0.498469
9004.0,11.0,0.456526
9004.0,12.0,0.538214
9004.0,13.0,0.533328
9004.0,14.0,0.551114
9004.0,15.0,0.478552
9004.0,16.0,0.455073
9004.0,17.0,0.431968
9004.0,18.0,0.461484
9004.0,19.0,0.52986
9004.0,20.0,0.461101
9004.0,21.0,0.468754
9004.0,22.0,0.603266
9004.0,23.0,0.426144
9004.0,24.0,0.480036
9004.0,25.0,0.470081
9004.0,26.0,0.603643
9004.0,27.0,0.436408
9004.0,28.0,0.458698
9004.0,29.0,0.467055
9004.0,30.0,0.539936
9004.0,31.0,0.545249
9004.0,32.0,0.499951
9004.0,33.0,0.509585
9004.0,34.0,0.477295
9004.0,35.0,0.538757
9004.0,36.0,0.626143
9004.0,37.0,0.487389
9004.0,38.0,0.47704
9004.0,39.0,0.507633
9004.0,40.0,0.456788
9004.0,41.0,0.471944
9004.0,42.0,0.447707
9004.0,43.0,0.433188
9004.0,44.0,0.518826
9004.0,45.0,0.41943
9004.0,46.0,0.470242
9004.0,47.0,0.526399
9004.0,48.0,0.437368
9004.0,49.0,0.358093
9004.0,50.0,0.580882
9004.0,51.0,0.507661
9004.0,52.0,0.538826
9004.0,53.0,0.492633
9004.0,54.0,0.443955
9004.0,55.0,0.50599
9004.0,56.0,0.49674
9004.0,57.0,0.458497
9004.0,58.0,0.554671
9004.0,59.0,0.526976
9004.0,60.0,0.534984
9004.0,61.0,0.405576
9004.0,62.0,0.553325
9004.0,63.0,0.478443
9004.0,64.0,0.430317
9004.0,65.0,0.374665
9004.0,66.0,0.546884
9004.0,67.0,0.511883
9004.0,68.0,0.464597
9004.0,69.0,0.481952
9004.0,70.0,0.411094
9004.0,71.0,0.5356
9004.0,72.0,0.497933
9004.0,73.0,0.468468
9004.0,74.0,0.482539
9004.0,75.0,0.436242
9004.0,76.0,0.564994
9004.0,77.0,0.455569
9004.0,78.0,0.546302
9004.0,79.0,0.524878
9004.0,80.0,0.443406
9004.0,81.0,0.423889
9004.0,82.0,0.569439
9004.0,83.0,0.550735
9004.0,84.0,0.552532
9004.0,85.0,0.531195
9004.0,86.0,0.455755
9004.0,87.0,0.544071
9004.0,88.0,0.394919
9004.0,89.0,0.517443
9004.0,90.0,0.50453
9004.0,91.0,0.4633
9004.0,92.0,0.501944
9004.0,93.0,0.559146
9004.0,94.0,0.467897
9004.0,95.0,0.515234
9004.0,96.0,0.56121
9004.0,97.0,0.495404
9004.0,98.0,0.458151
9004.0,99.0,0.453106
9004.0,100.0,0.624636
9004.0,101.0,0.44048
9004.0,102.0,0.486298
9004.0,103.0,0.527426
9004.0,104.0,0.46541
9004.0,105.0,0.506451
9004.0,106.0,0.371003
9004.0,107.0,0.514719
9004.0,108.0,0.432809
9004.0,109.0,0.499846
9004.0,110.0,0.47055
9004.0,111.0,0.482942
9004.0,112.0,0.423101
9004.0,113.0,0.490453
9004.0,114.0,0.489689
9004.0,115.0,0.459291
9004.0,116.0,0.591782
9004.0,117.0,0.502416
9004.0,118.0,0.463197
9004.0,119.0,0.463138
9004.0,120.0,0.617861
9004.0,121.0,0.537065
9004.0,122.0,0.542073
9004.0,123.0,0.503833
9004.0,124.0,0.424753
9004.0,125.0,0.530428
9004.0,126.0,0.492047
9004.0,127.0,0.518366
9004.0,128.0,0.506799
9004.0,129.0,0.534951
9004.0,130.0,0.471565
9004.0,131.0,0.448319
9004.0,132.0,0.543712
9004.0,133.0,0.501232
9004.0,134.0,0.521592
9004.0,135.0,0.484581
9004.0,136.0,0.388596
9004.0,137.0,0.538381
9004.0,138.0,0.568175
9004.0,139.0,0.537392
9004.0,140.0,0.527054
9004.0,141.0,0.472745
9004.0,142.0,0.493486
9004.0,143.0,0.510295
9004.0,144.0,0.538613
9004.0,145.0,0.498985
9004.0,146.0,0.57703
9004.0,147.0,0.501804
9005.0,0.0,0.500604
9005.0,1.0,0.51245
9005.0,2.0,0.474509
9005.0,3.0,0.506316
9005.0,4.0,0.509867
9005.0,5.0,0.524085
9005.0,6.0,0.492433
9005.0,7.0,0.527365
9005.0,8.0,0.531765
9005.0,9.0,0.451022
9005.0,10.0,0.499163
9005.0,11.0,0.45582
9005.0,12.0,0.538486
9005.0,13.0,0.532714
9005.0,14.0,0.551018
9005.0,15.0,0.479121
9005.0,16.0,0.455236
9005.0,17.0,0.432161
9005.0,18.0,0.460666
9005.0,19.0,0.529457
9005.0,20.0,0.461338
9005.0,21.0,0.468609
9005.0,22.0,0.603586
9005.0,23.0,0.426766
9005.0,24.0,0.479627
9005.0,25.0,0.470481
9005.0,26.0,0.603689
9005.0,27.0,0.436115
9005.0,28.0,0.458136
9005.0,29.0,0.467355
9005.0,30.0,0.540288
9005.0,31.0,0.544348
9005.0,32.0,0.499902
9005.0,33.0,0.510402
9005.0,34.0,0.477144
9005.0,35.0,0.538741
9005.0,36.0,0.6264
9005.0,37.0,0.487267
9005.0,38.0,0.477551
9005.0,39.0,0.507722
9005.0,40.0,0.456455
9005.0,41.0,0.471663
9005.0,42.0,0.447293
9005.0,43.0,0.432489
9005.0,44.0,0.51928
9005.0,45.0,0.420589
9005.0,46.0,0.469407
9005.0,47.0,0.525851
9005.0,48.0,0.437624
9005.0,49.0,0.358442
9005.0,50.0,0.580518
9005.0,51.0,0.507316
9005.0,52.0,0.538571
9005.0,53.0,0.492214
9005.0,54.0,0.444076
9005.0,55.0,0.505961
9005.0,56.0,0.495469
9005.0,57.0,0.458323
9005.0,58.0,0.554675
9005.0,59.0,0.527121
9005.0,60.0,0.534934
9005.0,61.0,0.4054
9005.0,62.0,0.553445
9005.0,63.0,0.478839
9005.0,64.0,0.430396
9005.0,65.0,0.374389
9005.0,66.0,0.547015
9005.0,67.0,0.511846
9005.0,68.0,0.464538
9005.0,69.0,0.481207
9005.0,70.0,0.409534
9005.0,71.0,0.535723
9005.0,72.0,0.49748
9005.0,73.0,0.46829
9005.0,74.0,0.483481
9005.0,75.0,0.436551
9005.0,76.0,0.56467
9005.0,77.0,0.455331
9005.0,78.0,0.546751
9005.0,79.0,0.526053
9005.0,80.0,0.442827
9005.0,81.0,0.423341
9005.0,82.0,0.57017
9005.0,83.0,0.550153
9005.0,84.0,0.552123
9005.0,85.0,0.532295
9005.0,86.0,0.454786
9005.0,87.0,0.544117
9005.0,88.0,0.395208
9005.0,89.0,0.517796
9005.0,90.0,0.503917
9005.0,91.0,0.46331
9005.0,92.0,0.502267
9005.0,93.0,0.559597
9005.0,94.0,0.467613
9005.0,95.0,0.514942
9005.0,96.0,0.560692
9005.0,97.0,0.495211
9005.0,98.0,0.457852
9005.0,99.0,0.453484
9005.0,100.0,0.625141
9005.0,101.0,0.441543
9005.0,102.0,0.486331
9005.0,103.0,0.527483
9005.0,104.0,0.465529
9005.0,105.0,0.506262
9005.0,106.0,0.37128
9005.0,107.0,0.515405
9005.0,108.0,0.43295
9005.0,109.0,0.500042
9005.0,110.0,0.469742
9005.0,111.0,0.482716
9005.0,112.0,0.422903
9005.0,113.0,0.490645
9005.0,114.0,0.490582
9005.0,115.0,0.459633
9005.0,116.0,0.592546
9005.0,117.0,0.501932
9005.0,118.0,0.463428
9005.0,119.0,0.464091
9005.0,120.0,0.617622
9005.0,121.0,0.537479
9005.0,122.0,0.543153
9005.0,123.0,0.50538
9005.0,124.0,0.424598
9005.0,125.0,0.531519
9005.0,126.0,0.492526
9005.0,127.0,0.518596
9005.0,128.0,0.505943
9005.0,129.0,0.534784
9005.0,130.0,0.47121
9005.0,131.0,0.449206
9005.0,132.0,0.543516
9005.0,133.0,0.501544
9005.0,134.0,0.52225
9005.0,135.0,0.485039
9005.0,136.0,0.388216
9005.0,137.0,0.538531
9005.0,138.0,0.567815
9005.0,139.0,0.537285
9005.0,140.0,0.527491
9005.0,141.0,0.473403
9005.0,142.0,0.493616
9005.0,143.0,0.510552
9005.0,144.0,0.539205
9005.0,145.0,0.498152
9005.0,146.0,0.577701
9005.0,147.0,0.501819
9006.0,0.0,0.500017
9006.0,1.0,0.513042
9006.0,2.0,0.473872
9006.0,3.0,0.506381
9006.0,4.0,0.50953
9006.0,5.0,0.523533
9006.0,6.0,0.491916
9006.0,7.0,0.526728
9006.0,8.0,0.532229
9006.0,9.0,0.450916
9006.0,10.0,0.498622
9006.0,11.0,0.455718
9006.0,12.0,0.537567
9006.0,13.0,0.532259
9006.0,14.0,0.55088
9006.0,15.0,0.478846
9006.0,16.0,0.455032
9006.0,17.0,0.431949
9006.0,18.0,0.460138
9006.0,19.0,0.529401
9006.0,20.0,0.460377
9006.0,21.0,0.468748
9006.0,22.0,0.602903
9006.0,23.0,0.425969
9006.0,24.0,0.479477
9006.0,25.0,0.470845
9006.0,26.0,0.604632
9006.0,27.0,0.437152
9006.0,28.0,0.458476
9006.0,29.0,0.468217
9006.0,30.0,0.539402
9006.0,31.0,0.54419
9006.0,32.0,0.500287
9006.0,33.0,0.510759
9006.0,34.0,0.477368
9006.0,35.0,0.538245
9006.0,36.0,0.626463
9006.0,37.0,0.48744
9006.0,38.0,0.477716
9006.0,39.0,0.506729
9006.0,40.0,0.456605
9006.0,41.0,0.471756
9006.0,42.0,0.446945
9006.0,43.0,0.432288
9006.0,44.0,0.518902
9006.0,45.0,0.420324
9006.0,46.0,0.469452
9006.0,47.0,0.525604
9006.0,48.0,0.437181
9006.0,49.0,0.358417
9006.0,50.0,0.580356
9006.0,51.0,0.507074
9006.0,52.0,0.53854
9006.0,53.0,0.492873
9006.0,54.0,0.443883
9006.0,55.0,0.506806
9006.0,56.0,0.495461
9006.0,57.0,0.457722
9006.0,58.0,0.554294
9006.0,59.0,0.527275
9006.0,60.0,0.535032
9006.0,61.0,0.405378
9006.0,62.0,0.553146
9006.0,63.0,0.478633
9006.0,64.0,0.430143
9006.0,65.0,0.374368
9006.0,66.0,0.546964
9006.0,67.0,0.512264
9006.0,68.0,0.464272
9006.0,69.0,0.480583
9006.0,70.0,0.409913
9006.0,71.0,0.535643
9006.0,72.0,0.497058
9006.0,73.0,0.468586
9006.0,74.0,0.484648
9006.0,75.0,0.436256
9006.0,76.0,0.565314
9006.0,77.0,0.455987
9006.0,78.0,0.546776
9006.0,79.0,0.525973
9006.0,80.0,0.441945
9006.0,81.0,0.422983
9006.0,82.0,0.569528
9006.0,83.0,0.550054
9006.0,84.0,0.551914
9006.0,85.0,0.532456
9006.0,86.0,0.455122
9006.0,87.0,0.54423
9006.0,88.0,0.394824
9006.0,89.0,0.518501
9006.0,90.0,0.50347
9006.0,91.0,0.463091
9006.0,92.0,0.502093
9006.0,93.0,0.559479
9006.0,94.0,0.468102
9006.0,95.0,0.513996
9006.0,96.0,0.561514
9006.0,97.0,0.49472
9006.0,98.0,0.457875
9006.0,99.0,0.453348
9006.0,100.0,0.624693
9006.0,101.0,0.441972
9006.0,102.0,0.48586
9006.0,103.0,0.5265
9006.0,104.0,0.465451
9006.0,105.0,0.506472
9006.0,106.0,0.371501
9006.0,107.0,0.515406
9006.0,108.0,0.433154
9006.0,109.0,0.499267
9006.0,110.0,0.469322
9006.0,111.0,0.482949
9006.0,112.0,0.422593
9006.0,113.0,0.49019
9006.0,114.0,0.491246
9006.0,115.0,0.459968
9006.0,116.0,0.592348
9006.0,117.0,0.501663
9006.0,118.0,0.463153
9006.0,119.0,0.464242
9006.0,120.0,0.617068
9006.0,121.0,0.537663
9006.0,122.0,0.543573
9006.0,123.0,0.505544
9006.0,124.0,0.42371
9006.0,125.0,0.53216
9006.0,126.0,0.491751
9006.0,127.0,0.517933
9006.0,128.0,0.5063
9006.0,129.0,0.53498
9006.0,130.0,0.471415
9006.0,131.0,0.448916
9006.0,132.0,0.542155
9006.0,133.0,0.501232
9006.0,134.0,0.522567
9006.0,135.0,0.484962
9006.0,136.0,0.388669
9006.0,137.0,0.538539
9006.0,138.0,0.568034
9006.0,139.0,0.537385
9006.0,140.0,0.528357
9006.0,141.0,0.473229
9006.0,142.0,0.494159
9006.0,143.0,0.510503
9006.0,144.0,0.539369
9006.0,145.0,0.498231
9006.0,146.0,0.577948
9006.0,147.0,0.501939
9007.0,0.0,0.499749
9007.0,1.0,0.514012
9007.0,2.0,0.473774
9007.0,3.0,0.506657
9007.0,4.0,0.510169
9007.0,5.0,0.523356
9007.0,6.0,0.493147
9007.0,7.0,0.525607
9007.0,8.0,0.531885
9007.0,9.0,0.450745
9007.0,10.0,0.497933
9007.0,11.0,0.455607
9007.0,12.0,0.537605
9007.0,13.0,0.531669
9007.0,14.0,0.552292
9007.0,15.0,0.47885
9007.0,16.0,0.455015
9007.0,17.0,0.432323
9007.0,18.0,0.459704
9007.0,19.0,0.529651
9007.0,20.0,0.4599
9007.0,21.0,0.468811
9007.0,22.0,0.602745
9007.0,23.0,0.425704
9007.0,24.0,0.479008
9007.0,25.0,0.470104
9007.0,26.0,0.604525
9007.0,27.0,0.437519
9007.0,28.0,0.458397
9007.0,29.0,0.468635
9007.0,30.0,0.538955
9007.0,31.0,0.543488
9007.0,32.0,0.501271
9007.0,33.0,0.510529
9007.0,34.0,0.477569
9007.0,35.0,0.538248
9007.0,36.0,0.626853
9007.0,37.0,0.486829
9007.0,38.0,0.477707
9007.0,39.0,0.506787
9007.0,40.0,0.456829
9007.0,41.0,0.472144
9007.0,42.0,0.447635
9007.0,43.0,0.432642
9007.0,44.0,0.519279
9007.0,45.0,0.420219
9007.0,46.0,0.469559
9007.0,47.0,0.525954
9007.0,48.0,0.437125
9007.0,49.0,0.358089
9007.0,50.0,0.579595
9007.0,51.0,0.507997
9007.0,52.0,0.537867
9007.0,53.0,0.492525
9007.0,54.0,0.443447
9007.0,55.0,0.506535
9007.0,56.0,0.494964
9007.0,57.0,0.456954
9007.0,58.0,0.553539
9007.0,59.0,0.526978
9007.0,60.0,0.534162
9007.0,61.0,0.404894
9007.0,62.0,0.553355
9007.0,63.0,0.478663
9007.0,64.0,0.431063
9007.0,65.0,0.374581
9007.0,66.0,0.546797
9007.0,67.0,0.512653
9007.0,68.0,0.464798
9007.0,69.0,0.479832
9007.0,70.0,0.409831
9007.0,71.0,0.535342
9007.0,72.0,0.497205
9007.0,73.0,0.469689
9007.0,74.0,0.485145
9007.0,75.0,0.436432
9007.0,76.0,0.56545
9007.0,77.0,0.456148
9007.0,78.0,0.546773
9007.0,79.0,0.524981
9007.0,80.0,0.441288
9007.0,81.0,0.421511
9007.0,82.0,0.568461
9007.0,83.0,0.55001
9007.0,84.0,0.551626
9007.0,85.0,0.53233
9007.0,86.0,0.45539
9007.0,87.0,0.544786
9007.0,88.0,0.394791
9007.0,89.0,0.518749
9007.0,90.0,0.502955
9007.0,91.0,0.463405
9007.0,92.0,0.502259
9007.0,93.0,0.559016
9007.0,94.0,0.468604
9007.0,95.0,0.513621
9007.0,96.0,0.561632
9007.0,97.0,0.494263
9007.0,98.0,0.457979
9007.0,99.0,0.453935
9007.0,100.0,0.624897
9007.0,101.0,0.44203
9007.0,102.0,0.484918
9007.0,103.0,0.526074
9007.0,104.0,0.465408
9007.0,105.0,0.506674
9007.0,106.0,0.371264
9007.0,107.0,0.514844
9007.0,108.0,0.433403
9007.0,109.0,0.498809
9007.0,110.0,0.469178
9007.0,111.0,0.483702
9007.0,112.0,0.422856
9007.0,113.0,0.48853
9007.0,114.0,0.490486
9007.0,115.0,0.459168
9007.0,116.0,0.592167
9007.0,117.0,0.502322
9007.0,118.0,0.463322
9007.0,119.0,0.46439
9007.0,120.0,0.617628
9007.0,121.0,0.537841
9007.0,122.0,0.54396
9007.0,123.0,0.506192
9007.0,124.0,0.423984
9007.0,125.0,0.532433
9007.0,126.0,0.491692
9007.0,127.0,0.517503
9007.0,128.0,0.506333
9007.0,129.0,0.534361
9007.0,130.0,0.471794
9007.0,131.0,0.448753
9007.0,132.0,0.541877
9007.0,133.0,0.501036
9007.0,134.0,0.522781
9007.0,135.0,0.484786
9007.0,136.0,0.388529
9007.0,137.0,0.538972
9007.0,138.0,0.567838
9007.0,139.0,0.536354
9007.0,140.0,0.52852
9007.0,141.0,0.47373
9007.0,142.0,0.494016
9007.0,143.0,0.510591
9007.0,144.0,0.539007
9007.0,145.0,0.49814
9007.0,146.0,0.578381
9007.0,147.0,0.502069
9008.0,0.0,0.499989
9008.0,1.0,0.513879
9008.0,2.0,0.474115
9008.0,3.0,0.506244
9008.0,4.0,0.510049
9008.0,5.0,0.524219
9008.0,6.0,0.492134
9008.0,7.0,0.52574
9008.0,8.0,0.531581
9008.0,9.0,0.450803
9008.0,10.0,0.498925
9008.0,11.0,0.455648
9008.0,12.0,0.537758
9008.0,13.0,0.532297
9008.0,14.0,0.551581
9008.0,15.0,0.479291
9008.0,16.0,0.45505
9008.0,17.0,0.432265
9008.0,18.0,0.458875
9008.0,19.0,0.529132
9008.0,20.0,0.46019
9008.0,21.0,0.46877
9008.0,22.0,0.602241
9008.0,23.0,0.42578
9008.0,24.0,0.479238
9008.0,25.0,0.469831
9008.0,26.0,0.604388
9008.0,27.0,0.437106
9008.0,28.0,0.458573
9008.0,29.0,0.468407
9008.0,30.0,0.539016
9008.0,31.0,0.543711
9008.0,32.0,0.500235
9008.0,33.0,0.510832
9008.0,34.0,0.478103
9008.0,35.0,0.538407
9008.0,36.0,0.626753
9008.0,37.0,0.487163
9008.0,38.0,0.476813
9008.0,39.0,0.506593
9008.0,40.0,0.456859
9008.0,41.0,0.471763
9008.0,42.0,0.447612
9008.0,43.0,0.432166
9008.0,44.0,0.51917
9008.0,45.0,0.419682
9008.0,46.0,0.470027
9008.0,47.0,0.525884
9008.0,48.0,0.437983
9008.0,49.0,0.358373
9008.0,50.0,0.579528
9008.0,51.0,0.507869
9008.0,52.0,0.539063
9008.0,53.0,0.491838
9008.0,54.0,0.443338
9008.0,55.0,0.506415
9008.0,56.0,0.495272
9008.0,57.0,0.45637
9008.0,58.0,0.553793
9008.0,59.0,0.526876
9008.0,60.0,0.53411
9008.0,61.0,0.404693
9008.0,62.0,0.55327
9008.0,63.0,0.479142
9008.0,64.0,0.429847
9008.0,65.0,0.374375
9008.0,66.0,0.544814
9008.0,67.0,0.513175
9008.0,68.0,0.464471
9008.0,69.0,0.479576
9008.0,70.0,0.410032
9008.0,71.0,0.535397
9008.0,72.0,0.496931
9008.0,73.0,0.470251
9008.0,74.0,0.484808
9008.0,75.0,0.436812
9008.0,76.0,0.564693
9008.0,77.0,0.456746
9008.0,78.0,0.546248
9008.0,79.0,0.525056
9008.0,80.0,0.440799
9008.0,81.0,0.421483
9008.0,82.0,0.568771
9008.0,83.0,0.549884
9008.0,84.0,0.551446
9008.0,85.0,0.531249
9008.0,86.0,0.456025
9008.0,87.0,0.543488
9008.0,88.0,0.395336
9008.0,89.0,0.518046
9008.0,90.0,0.502763
9008.0,91.0,0.463873
9008.0,92.0,0.501888
9008.0,93.0,0.558984
9008.0,94.0,0.468903
9008.0,95.0,0.51271
9008.0,96.0,0.561627
9008.0,97.0,0.49457
9008.0,98.0,0.457526
9008.0,99.0,0.454477
9008.0,100.0,0.625201
9008.0,101.0,0.442854
9008.0,102.0,0.485758
9008.0,103.0,0.526251
9008.0,104.0,0.466345
9008.0,105.0,0.506587
9008.0,106.0,0.370321
9008.0,107.0,0.515345
9008.0,108.0,0.434529
9008.0,109.0,0.49854
9008.0,110.0,0.469398
9008.0,111.0,0.483751
9008.0,112.0,0.422611
9008.0,113.0,0.489374
9008.0,114.0,0.490886
9008.0,115.0,0.459467
9008.0,116.0,0.592296
9008.0,117.0,0.502021
9008.0,118.0,0.462753
9008.0,119.0,0.463785
9008.0,120.0,0.617441
9008.0,121.0,0.537032
9008.0,122.0,0.544031
9008.0,123.0,0.507023
9008.0,124.0,0.424312
9008.0,125.0,0.532963
9008.0,126.0,0.491777
9008.0,127.0,0.517423
9008.0,128.0,0.5057
9008.0,129.0,0.534341
9008.0,130.0,0.472466
9008.0,131.0,0.448574
9008.0,132.0,0.543283
9008.0,133.0,0.50203
9008.0,134.0,0.522187
9008.0,135.0,0.484937
9008.0,136.0,0.387941
9008.0,137.0,0.538908
9008.0,138.0,0.56793
9008.0,139.0,0.536927
9008.0,140.0,0.52858
9008.0,141.0,0.473817
9008.0,142.0,0.493764
9008.0,143.0,0.510347
9008.0,144.0,0.539687
9008.0,145.0,0.498701
9008.0,146.0,0.578089
9008.0,147.0,0.501712
9009.0,0.0,0.500141
9009.0,1.0,0.513981
9009.0,2.0,0.473814
9009.0,3.0,0.505928
9009.0,4.0,0.509401
9009.0,5.0,0.524277
9009.0,6.0,0.492365
9009.0,7.0,0.525372
9009.0,8.0,0.531908
9009.0,9.0,0.450612
9009.0,10.0,0.498583
9009.0,11.0,0.45549
9009.0,12.0,0.537692
9009.0,13.0,0.532926
9009.0,14.0,0.550687
9009.0,15.0,0.47916
9009.0,16.0,0.455011
9009.0,17.0,0.4321
9009.0,18.0,0.458314
9009.0,19.0,0.529392
9009.0,20.0,0.461101
9009.0,21.0,0.469007
9009.0,22.0,0.601583
9009.0,23.0,0.426444
9009.0,24.0,0.479585
9009.0,25.0,0.469453
9009.0,26.0,0.603765
9009.0,27.0,0.437495
9009.0,28.0,0.458488
9009.0,29.0,0.468022
9009.0,30.0,0.538551
9009.0,31.0,0.544047
9009.0,32.0,0.500308
9009.0,33.0,0.510942
9009.0,34.0,0.477621
9009.0,35.0,0.538529
9009.0,36.0,0.626252
9009.0,37.0,0.487727
9009.0,38.0,0.476611
9009.0,39.0,0.506532
9009.0,40.0,0.455944
9009.0,41.0,0.472398
9009.0,42.0,0.447589
9009.0,43.0,0.431036
9009.0,44.0,0.519161
9009.0,45.0,0.420018
9009.0,46.0,0.469877
9009.0,47.0,0.526027
9009.0,48.0,0.437244
9009.0,49.0,0.358401
9009.0,50.0,0.57917
9009.0,51.0,0.508183
9009.0,52.0,0.538973
9009.0,53.0,0.491801
9009.0,54.0,0.44385
9009.0,55.0,0.505959
9009.0,56.0,0.496115
9009.0,57.0,0.455609
9009.0,58.0,0.553771
9009.0,59.0,0.526984
9009.0,60.0,0.533712
9009.0,61.0,0.404557
9009.0,62.0,0.55335
9009.0,63.0,0.479738
9009.0,64.0,0.429743
9009.0,65.0,0.374506
9009.0,66.0,0.544452
9009.0,67.0,0.51362
9009.0,68.0,0.46418
9009.0,69.0,0.479534
9009.0,70.0,0.41042
9009.0,71.0,0.53534
9009.0,72.0,0.497358
9009.0,73.0,0.469924
9009.0,74.0,0.484356
9009.0,75.0,0.43584
9009.0,76.0,0.564322
9009.0,77.0,0.456475
9009.0,78.0,0.546829
9009.0,79.0,0.52531
9009.0,80.0,0.440472
9009.0,81.0,0.420835
9009.0,82.0,0.568945
9009.0,83.0,0.549703
9009.0,84.0,0.55111
9009.0,85.0,0.530309
9009.0,86.0,0.456033
9009.0,87.0,0.542997
9009.0,88.0,0.395015
9009.0,89.0,0.518476
9009.0,90.0,0.502893
9009.0,91.0,0.463671
9009.0,92.0,0.501713
9009.0,93.0,0.5591
9009.0,94.0,0.468925
9009.0,95.0,0.512198
9009.0,96.0,0.561521
9009.0,97.0,0.494044
9009.0,98.0,0.457672
9009.0,99.0,0.454742
9009.0,100.0,0.624757
9009.0,101.0,0.442535
9009.0,102.0,0.486146
9009.0,103.0,0.526244
9009.0,104.0,0.467104
9009.0,105.0,0.506966
9009.0,106.0,0.371243
9009.0,107.0,0.514479
9009.0,108.0,0.434665
9009.0,109.0,0.498782
9009.0,110.0,0.469654
9009.0,111.0,0.482832
9009.0,112.0,0.422489
9009.0,113.0,0.488739
9009.0,114.0,0.490084
9009.0,115.0,0.460025
9009.0,116.0,0.591628
9009.0,117.0,0.502354
9009.0,118.0,0.462943
9009.0,119.0,0.464953
9009.0,120.0,0.61742
9009.0,121.0,0.536549
9009.0,122.0,0.544408
9009.0,123.0,0.506914
9009.0,124.0,0.424367
9009.0,125.0,0.532933
9009.0,126.0,0.492082
9009.0,127.0,0.517035
9009.0,128.0,0.505862
9009.0,129.0,0.534279
9009.0,130.0,0.473363
9009.0,131.0,0.449108
9009.0,132.0,0.54297
9009.0,133.0,0.502059
9009.0,134.0,0.522435
9009.0,135.0,0.484739
9009.0,136.0,0.389146
9009.0,137.0,0.538694
9009.0,138.0,0.568308
9009.0,139.0,0.537057
9009.0,140.0,0.528984
9009.0,141.0,0.473984
9009.0,142.0,0.493207
9009.0,143.0,0.510984
9009.0,144.0,0.540667
9009.0,145.0,0.498431
9009.0,146.0,0.57725
9009.0,147.0,0.501715
9010.0,0.0,0.500813
9010.0,1.0,0.513742
9010.0,2.0,0.473964
9010.0,3.0,0.505638
9010.0,4.0,0.509301
9010.0,5.0,0.524705
9010.0,6.0,0.49222
9010.0,7.0,0.526151
9010.0,8.0,0.53172
9010.0,9.0,0.450761
9010.0,10.0,0.499468
9010.0,11.0,0.455449
9010.0,12.0,0.538044
9010.0,13.0,0.531731
9010.0,14.0,0.550951
9010.0,15.0,0.479472
9010.0,16.0,0.454482
9010.0,17.0,0.432218
9010.0,18.0,0.457717
9010.0,19.0,0.530762
9010.0,20.0,0.460381
9010.0,21.0,0.468538
9010.0,22.0,0.602359
9010.0,23.0,0.426223
9010.0,24.0,0.480012
9010.0,25.0,0.469797
9010.0,26.0,0.60482
9010.0,27.0,0.437534
9010.0,28.0,0.458056
9010.0,29.0,0.468122
9010.0,30.0,0.53793
9010.0,31.0,0.544205
9010.0,32.0,0.500161
9010.0,33.0,0.511047
9010.0,34.0,0.47666
9010.0,35.0,0.538451
9010.0,36.0,0.626462
9010.0,37.0,0.487689
9010.0,38.0,0.476862
9010.0,39.0,0.507429
9010.0,40.0,0.455029
9010.0,41.0,0.473715
9010.0,42.0,0.44685
9010.0,43.0,0.430885
9010.0,44.0,0.518775
9010.0,45.0,0.419771
9010.0,46.0,0.470942
9010.0,47.0,0.52521
9010.0,48.0,0.437267
9010.0,49.0,0.358694
9010.0,50.0,0.5787
9010.0,51.0,0.50855
9010.0,52.0,0.538936
9010.0,53.0,0.491866
9010.0,54.0,0.443006
9010.0,55.0,0.506055
9010.0,56.0,0.495985
9010.0,57.0,0.455398
9010.0,58.0,0.553068
9010.0,59.0,0.527142
9010.0,60.0,0.533951
9010.0,61.0,0.405044
9010.0,62.0,0.553522
9010.0,63.0,0.479589
9010.0,64.0,0.429544
9010.0,65.0,0.37509
9010.0,66.0,0.544449
9010.0,67.0,0.513756
9010.0,68.0,0.46345
9010.0,69.0,0.479604
9010.0,70.0,0.410191
9010.0,71.0,0.535627
9010.0,72.0,0.496788
9010.0,73.0,0.470167
9010.0,74.0,0.484291
9010.0,75.0,0.436445
9010.0,76.0,0.564807
9010.0,77.0,0.456462
9010.0,78.0,0.547381
9010.0,79.0,0.524875
9010.0,80.0,0.441231
9010.0,81.0,0.420493
9010.0,82.0,0.568817
9010.0,83.0,0.549138
9010.0,84.0,0.550554
9010.0,85.0,0.530911
9010.0,86.0,0.456265
9010.0,87.0,0.543602
9010.0,88.0,0.394193
9010.0,89.0,0.518819
9010.0,90.0,0.502099
9010.0,91.0,0.4631
9010.0,92.0,0.502315
9010.0,93.0,0.559804
9010.0,94.0,0.468664
9010.0,95.0,0.512508
9010.0,96.0,0.56205
9010.0,97.0,0.494247
9010.0,98.0,0.457289
9010.0,99.0,0.454574
9010.0,100.0,0.624838
9010.0,101.0,0.44227
9010.0,102.0,0.485627
9010.0,103.0,0.52636
9010.0,104.0,0.465708
9010.0,105.0,0.50746
9010.0,106.0,0.371425
9010.0,107.0,0.514478
9010.0,108.0,0.434338
9010.0,109.0,0.498339
9010.0,110.0,0.468622
9010.0,111.0,0.482588
9010.0,112.0,0.422865
9010.0,113.0,0.489222
9010.0,114.0,0.490251
9010.0,115.0,0.459342
9010.0,116.0,0.590942
9010.0,117.0,0.502265
9010.0,118.0,0.464011
9010.0,119.0,0.465522
9010.0,120.0,0.617305
9010.0,121.0,0.536816
9010.0,122.0,0.54461
9010.0,123.0,0.506664
9010.0,124.0,0.425044
9010.0,125.0,0.532815
9010.0,126.0,0.492558
9010.0,127.0,0.516653
9010.0,128.0,0.506353
9010.0,129.0,0.534459
9010.0,130.0,0.473207
9010.0,131.0,0.449005
9010.0,132.0,0.54239
9010.0,133.0,0.502408
9010.0,134.0,0.522312
9010.0,135.0,0.484505
9010.0,136.0,0.38877
9010.0,137.0,0.539306
9010.0,138.0,0.568593
9010.0,139.0,0.537641
9010.0,140.0,0.528557
9010.0,141.0,0.473344
9010.0,142.0,0.494037
9010.0,143.0,0.510574
9010.0,144.0,0.540067
9010.0,145.0,0.498123
9010.0,146.0,0.576877
9010.0,147.0,0.502168
10000.0,0.0,0.49993
10000.0,1.0,0.494319
10000.0,2.0,0.469554
10000.0,3.0,0.489689
10000.0,4.0,0.503507
10000.0,5.0,0.521499
10000.0,6.0,0.484961
10000.0,7.0,0.533083
10000.0,8.0,0.508231
10000.0,9.0,0.477893
10000.0,10.0,0.515063
10000.0,11.0,0.486391
10000.0,12.0,0.562597
10000.0,13.0,0.520636
10000.0,14.0,0.547698
10000.0,15.0,0.490318
10000.0,16.0,0.449005
10000.0,17.0,0.454581
10000.0,18.0,0.468938
10000.0,19.0,0.526374
10000.0,20.0,0.46475
10000.0,21.0,0.466513
10000.0,22.0,0.584052
10000.0,23.0,0.418986
10000.0,24.0,0.445185
10000.0,25.0,0.449274
10000.0,26.0,0.622465
10000.0,27.0,0.441521
10000.0,28.0,0.427052
10000.0,29.0,0.456306
10000.0,30.0,0.522111
10000.0,31.0,0.549834
10000.0,32.0,0.502256
10000.0,33.0,0.492428
10000.0,34.0,0.483293
10000.0,35.0,0.531003
10000.0,36.0,0.617776
10000.0,37.0,0.476225
10000.0,38.0,0.465549
10000.0,39.0,0.507681
10000.0,40.0,0.479075
10000.0,41.0,0.475674
10000.0,42.0,0.476116
10000.0,43.0,0.447799
10000.0,44.0,0.524952
10000.0,45.0,0.41127
10000.0,46.0,0.484089
10000.0,47.0,0.537982
10000.0,48.0,0.450915
10000.0,49.0,0.348616
10000.0,50.0,0.575922
10000.0,51.0,0.528687
10000.0,52.0,0.532581
10000.0,53.0,0.494781
10000.0,54.0,0.458219
10000.0,55.0,0.506274
10000.0,56.0,0.520495
10000.0,57.0,0.444674
10000.0,58.0,0.558543
10000.0,59.0,0.504485
10000.0,60.0,0.536548
10000.0,61.0,0.389756
10000.0,62.0,0.564153
10000.0,63.0,0.494805
10000.0,64.0,0.432598
10000.0,65.0,0.368527
10000.0,66.0,0.559113
10000.0,67.0,0.529169
10000.0,68.0,0.428623
10000.0,69.0,0.484427
10000.0,70.0,0.42007
10000.0,71.0,0.502539
10000.0,72.0,0.502008
10000.0,73.0,0.47714
10000.0,74.0,0.456037
10000.0,75.0,0.451614
10000.0,76.0,0.595153
10000.0,77.0,0.418364
10000.0,78.0,0.580815
10000.0,79.0,0.509252
10000.0,80.0,0.427187
10000.0,81.0,0.400201
10000.0,82.0,0.550797
10000.0,83.0,0.557021
10000.0,84.0,0.554722
10000.0,85.0,0.540351
10000.0,86.0,0.452003
10000.0,87.0,0.552048
10000.0,88.0,0.383511
10000.0,89.0,0.507388
10000.0,90.0,0.511294
10000.0,91.0,0.464436
10000.0,92.0,0.490216
10000.0,93.0,0.55685
10000.0,94.0,0.472153
10000.0,95.0,0.510392
10000.0,96.0,0.594484
10000.0,97.0,0.475874
10000.0,98.0,0.480121
10000.0,99.0,0.434625
10000.0,100.0,0.642653
10000.0,101.0,0.440867
10000.0,102.0,0.506628
10000.0,103.0,0.517176
10000.0,104.0,0.411713
10000.0,105.0,0.505355
10000.0,106.0,0.368964
10000.0,107.0,0.512476
10000.0,108.0,0.429417
10000.0,109.0,0.523077
10000.0,110.0,0.467352
10000.0,111.0,0.505459
10000.0,112.0,0.405612
10000.0,113.0,0.490549
10000.0,114.0,0.496356
10000.0,115.0,0.471387
10000.0,116.0,0.602788
10000.0,117.0,0.476263
10000.0,118.0,0.44814
10000.0,119.0,0.428112
10000.0,120.0,0.605988
10000.0,121.0,0.539589
10000.0,122.0,0.516899
10000.0,123.0,0.481403
10000.0,124.0,0.398397
10000.0,125.0,0.529395
10000.0,126.0,0.502377
10000.0,127.0,0.505892
10000.0,128.0,0.525107
10000.0,129.0,0.5176
10000.0,130.0,0.471973
10000.0,131.0,0.466417
10000.0,132.0,0.53707
10000.0,133.0,0.488712
10000.0,134.0,0.517607
10000.0,135.0,0.487683
10000.0,136.0,0.396687
10000.0,137.0,0.548672
10000.0,138.0,0.57971
10000.0,139.0,0.522926
10000.0,140.0,0.547113
10000.0,141.0,0.491898
10000.0,142.0,0.498999
10000.0,143.0,0.500798
10000.0,144.0,0.53771
10000.0,145.0,0.514077
10000.0,146.0,0.577735
10000.0,147.0,0.516594
10001.0,0.0,0.499626
10001.0,1.0,0.493437
10001.0,2.0,0.470349
10001.0,3.0,0.489867
10001.0,4.0,0.503483
10001.0,5.0,0.522221
10001.0,6.0,0.484748
10001.0,7.0,0.532964
10001.0,8.0,0.508673
10001.0,9.0,0.477998
10001.0,10.0,0.514419
10001.0,11.0,0.485717
10001.0,12.0,0.56288
10001.0,13.0,0.520904
10001.0,14.0,0.548206
10001.0,15.0,0.490265
10001.0,16.0,0.448867
10001.0,17.0,0.454247
10001.0,18.0,0.468445
10001.0,19.0,0.526129
10001.0,20.0,0.465257
10001.0,21.0,0.467339
10001.0,22.0,0.583721
10001.0,23.0,0.419019
10001.0,24.0,0.444568
10001.0,25.0,0.449768
10001.0,26.0,0.622959
10001.0,27.0,0.440883
10001.0,28.0,0.426975
10001.0,29.0,0.45646
10001.0,30.0,0.521304
10001.0,31.0,0.548851
10001.0,32.0,0.501813
10001.0,33.0,0.492597
10001.0,34.0,0.482225
10001.0,35.0,0.530613
10001.0,36.0,0.617337
10001.0,37.0,0.476538
10001.0,38.0,0.465628
10001.0,39.0,0.507967
10001.0,40.0,0.479833
10001.0,41.0,0.475439
10001.0,42.0,0.477004
10001.0,43.0,0.447391
10001.0,44.0,0.524373
10001.0,45.0,0.411462
10001.0,46.0,0.483365
10001.0,47.0,0.537944
10001.0,48.0,0.45115
10001.0,49.0,0.348864
10001.0,50.0,0.576032
10001.0,51.0,0.529696
10001.0,52.0,0.532989
10001.0,53.0,0.494502
10001.0,54.0,0.457479
10001.0,55.0,0.506377
10001.0,56.0,0.520728
10001.0,57.0,0.444056
10001.0,58.0,0.559066
10001.0,59.0,0.505063
10001.0,60.0,0.537284
10001.0,61.0,0.389171
10001.0,62.0,0.563885
10001.0,63.0,0.494887
10001.0,64.0,0.432871
10001.0,65.0,0.368993
10001.0,66.0,0.559574
10001.0,67.0,0.529484
10001.0,68.0,0.428934
10001.0,69.0,0.483768
10001.0,70.0,0.420157
10001.0,71.0,0.503416
10001.0,72.0,0.50168
10001.0,73.0,0.477091
10001.0,74.0,0.45551
10001.0,75.0,0.451345
10001.0,76.0,0.5953
10001.0,77.0,0.417978
10001.0,78.0,0.580974
10001.0,79.0,0.509059
10001.0,80.0,0.426349
10001.0,81.0,0.399978
10001.0,82.0,0.551191
10001.0,83.0,0.556666
10001.0,84.0,0.553776
10001.0,85.0,0.540772
10001.0,86.0,0.452896
10001.0,87.0,0.552081
10001.0,88.0,0.383145
10001.0,89.0,0.507178
10001.0,90.0,0.512569
10001.0,91.0,0.464327
10001.0,92.0,0.490108
10001.0,93.0,0.556083
10001.0,94.0,0.472437
10001.0,95.0,0.510572
10001.0,96.0,0.594381
10001.0,97.0,0.475412
10001.0,98.0,0.479914
10001.0,99.0,0.434986
10001.0,100.0,0.642724
10001.0,101.0,0.440826
10001.0,102.0,0.506648
10001.0,103.0,0.516943
10001.0,104.0,0.411621
10001.0,105.0,0.505538
10001.0,106.0,0.369283
10001.0,107.0,0.512476
10001.0,108.0,0.430208
10001.0,109.0,0.522147
10001.0,110.0,0.467531
10001.0,111.0,0.506265
10001.0,112.0,0.406278
10001.0,113.0,0.490867
10001.0,114.0,0.49634
10001.0,115.0,0.471319
10001.0,116.0,0.60337
10001.0,117.0,0.476559
10001.0,118.0,0.447769
10001.0,119.0,0.428589
10001.0,120.0,0.605627
10001.0,121.0,0.539865
10001.0,122.0,0.517579
10001.0,123.0,0.482051
10001.0,124.0,0.398648
10001.0,125.0,0.530101
10001.0,126.0,0.502838
10001.0,127.0,0.50596
10001.0,128.0,0.525814
10001.0,129.0,0.517834
10001.0,130.0,0.472594
10001.0,131.0,0.46585
10001.0,132.0,0.536688
10001.0,133.0,0.488234
10001.0,134.0,0.518371
10001.0,135.0,0.487639
10001.0,136.0,0.396786
10001.0,137.0,0.548735
10001.0,138.0,0.580295
10001.0,139.0,0.522952
10001.0,140.0,0.546016
10001.0,141.0,0.491789
10001.0,142.0,0.498455
10001.0,143.0,0.50052
10001.0,144.0,0.537643
10001.0,145.0,0.513892
10001.0,146.0,0.577579
10001.0,147.0,0.516375
10002.0,0.0,0.499341
10002.0,1.0,0.492786
10002.0,2.0,0.46956
10002.0,3.0,0.489664
10002.0,4.0,0.503593
10002.0,5.0,0.522577
10002.0,6.0,0.484663
10002.0,7.0,0.533697
10002.0,8.0,0.509069
10002.0,9.0,0.477446
10002.0,10.0,0.514527
10002.0,11.0,0.485853
10002.0,12.0,0.563022
10002.0,13.0,0.521183
10002.0,14.0,0.54901
10002.0,15.0,0.489775
10002.0,16.0,0.448461
10002.0,17.0,0.454022
10002.0,18.0,0.468165
10002.0,19.0,0.525378
10002.0,20.0,0.46525
10002.0,21.0,0.467085
10002.0,22.0,0.583351
10002.0,23.0,0.418433
10002.0,24.0,0.444676
10002.0,25.0,0.449434
10002.0,26.0,0.622885
10002.0,27.0,0.440852
10002.0,28.0,0.427385
10002.0,29.0,0.455794
10002.0,30.0,0.521982
10002.0,31.0,0.548799
10002.0,32.0,0.50136
10002.0,33.0,0.492844
10002.0,34.0,0.481778
10002.0,35.0,0.530564
10002.0,36.0,0.617011
10002.0,37.0,0.475736
10002.0,38.0,0.46578
10002.0,39.0,0.507534
10002.0,40.0,0.480472
10002.0,41.0,0.475723
10002.0,42.0,0.476936
10002.0,43.0,0.447919
10002.0,44.0,0.524296
10002.0,45.0,0.411029
10002.0,46.0,0.482934
10002.0,47.0,0.537358
10002.0,48.0,0.4514
10002.0,49.0,0.348528
10002.0,50.0,0.575633
10002.0,51.0,0.530125
10002.0,52.0,0.533622
10002.0,53.0,0.494608
10002.0,54.0,0.457839
10002.0,55.0,0.506626
10002.0,56.0,0.520134
10002.0,57.0,0.443772
10002.0,58.0,0.558145
10002.0,59.0,0.505042
10002.0,60.0,0.537317
10002.0,61.0,0.388698
10002.0,62.0,0.562894
10002.0,63.0,0.494452
10002.0,64.0,0.432663
10002.0,65.0,0.368456
10002.0,66.0,0.559189
10002.0,67.0,0.529247
10002.0,68.0,0.429974
10002.0,69.0,0.483199
10002.0,70.0,0.420214
10002.0,71.0,0.503477
10002.0,72.0,0.501802
10002.0,73.0,0.477199
10002.0,74.0,0.455485
10002.0,75.0,0.4511
10002.0,76.0,0.594694
10002.0,77.0,0.417779
10002.0,78.0,0.580955
10002.0,79.0,0.509073
10002.0,80.0,0.426822
10002.0,81.0,0.399877
10002.0,82.0,0.550736
10002.0,83.0,0.556324
10002.0,84.0,0.554938
10002.0,85.0,0.540756
10002.0,86.0,0.453348
10002.0,87.0,0.552446
10002.0,88.0,0.383042
10002.0,89.0,0.506872
10002.0,90.0,0.51223
10002.0,91.0,0.464118
10002.0,92.0,0.490124
10002.0,93.0,0.555934
10002.0,94.0,0.472178
10002.0,95.0,0.509598
10002.0,96.0,0.59446
10002.0,97.0,0.475241
10002.0,98.0,0.479937
10002.0,99.0,0.435276
10002.0,100.0,0.642898
10002.0,101.0,0.441049
10002.0,102.0,0.506455
10002.0,103.0,0.517193
10002.0,104.0,0.41183
10002.0,105.0,0.505176
10002.0,106.0,0.368486
10002.0,107.0,0.512587
10002.0,108.0,0.431011
10002.0,109.0,0.522287
10002.0,110.0,0.467999
10002.0,111.0,0.506525
10002.0,112.0,0.406725
10002.0,113.0,0.491137
10002.0,114.0,0.495751
10002.0,115.0,0.472436
10002.0,116.0,0.603913
10002.0,117.0,0.477349
10002.0,118.0,0.448409
10002.0,119.0,0.428539
10002.0,120.0,0.605967
10002.0,121.0,0.540148
10002.0,122.0,0.518326
10002.0,123.0,0.481859
10002.0,124.0,0.398446
10002.0,125.0,0.530699
10002.0,126.0,0.501884
10002.0,127.0,0.506113
10002.0,128.0,0.525365
10002.0,129.0,0.518386
10002.0,130.0,0.472187
10002.0,131.0,0.465695
10002.0,132.0,0.536439
10002.0,133.0,0.487647
10002.0,134.0,0.517833
10002.0,135.0,0.487352
10002.0,136.0,0.396822
10002.0,137.0,0.548975
10002.0,138.0,0.579928
10002.0,139.0,0.523106
10002.0,140.0,0.546275
10002.0,141.0,0.492274
10002.0,142.0,0.498722
10002.0,143.0,0.499856
10002.0,144.0,0.536582
10002.0,145.0,0.513966
10002.0,146.0,0.578172
10002.0,147.0,0.515861
10003.0,0.0,0.499017
10003.0,1.0,0.492219
10003.0,2.0,0.469404
10003.0,3.0,0.489889
10003.0,4.0,0.504309
10003.0,5.0,0.522493
10003.0,6.0,0.484802
10003.0,7.0,0.533403
10003.0,8.0,0.509268
10003.0,9.0,0.478086
10003.0,10.0,0.513183
10003.0,11.0,0.485768
10003.0,12.0,0.562641
10003.0,13.0,0.521104
10003.0,14.0,0.548843
10003.0,15.0,0.490162
10003.0,16.0,0.448849
10003.0,17.0,0.454656
10003.0,18.0,0.468055
10003.0,19.0,0.525014
10003.0,20.0,0.463902
10003.0,21.0,0.466698
10003.0,22.0,0.58376
10003.0,23.0,0.418851
10003.0,24.0,0.445411
10003.0,25.0,0.449605
10003.0,26.0,0.621957
10003.0,27.0,0.440834
10003.0,28.0,0.427634
10003.0,29.0,0.455188
10003.0,30.0,0.522087
10003.0,31.0,0.549043
10003.0,32.0,0.501417
10003.0,33.0,0.492906
10003.0,34.0,0.48119
10003.0,35.0,0.530395
10003.0,36.0,0.616931
10003.0,37.0,0.475261
10003.0,38.0,0.466503
10003.0,39.0,0.507266
10003.0,40.0,0.480781
10003.0,41.0,0.475742
10003.0,42.0,0.47734
10003.0,43.0,0.447225
10003.0,44.0,0.524255
10003.0,45.0,0.411716
10003.0,46.0,0.483191
10003.0,47.0,0.536626
10003.0,48.0,0.451374
10003.0,49.0,0.348351
10003.0,50.0,0.57572
10003.0,51.0,0.530744
10003.0,52.0,0.534138
10003.0,53.0,0.494431
10003.0,54.0,0.458479
10003.0,55.0,0.506147
10003.0,56.0,0.520278
10003.0,57.0,0.444281
10003.0,58.0,0.559054
10003.0,59.0,0.504838
10003.0,60.0,0.537411
10003.0,61.0,0.388049
10003.0,62.0,0.562832
10003.0,63.0,0.494314
10003.0,64.0,0.431899
10003.0,65.0,0.368431
10003.0,66.0,0.559725
10003.0,67.0,0.529494
10003.0,68.0,0.430083
10003.0,69.0,0.484111
10003.0,70.0,0.420005
10003.0,71.0,0.504069
10003.0,72.0,0.501578
10003.0,73.0,0.477132
10003.0,74.0,0.455448
10003.0,75.0,0.450058
10003.0,76.0,0.594611
10003.0,77.0,0.418028
10003.0,78.0,0.580937
10003.0,79.0,0.508983
10003.0,80.0,0.426747
10003.0,81.0,0.399805
10003.0,82.0,0.550913
10003.0,83.0,0.556002
10003.0,84.0,0.553789
10003.0,85.0,0.540078
10003.0,86.0,0.454352
10003.0,87.0,0.552762
10003.0,88.0,0.383075
10003.0,89.0,0.506848
10003.0,90.0,0.511614
10003.0,91.0,0.464465
10003.0,92.0,0.490426
10003.0,93.0,0.555559
10003.0,94.0,0.471531
10003.0,95.0,0.509618
10003.0,96.0,0.594923
10003.0,97.0,0.474783
10003.0,98.0,0.479907
10003.0,99.0,0.435087
10003.0,100.0,0.643452
10003.0,101.0,0.442
10003.0,102.0,0.506884
10003.0,103.0,0.516636
10003.0,104.0,0.411663
10003.0,105.0,0.504831
10003.0,106.0,0.3686
10003.0,107.0,0.512322
10003.0,108.0,0.430618
10003.0,109.0,0.522231
10003.0,110.0,0.467756
10003.0,111.0,0.50713
10003.0,112.0,0.407546
10003.0,113.0,0.490949
10003.0,114.0,0.496422
10003.0,115.0,0.472652
10003.0,116.0,0.603908
10003.0,117.0,0.477639
10003.0,118.0,0.448477
10003.0,119.0,0.428602
10003.0,120.0,0.604841
10003.0,121.0,0.539908
10003.0,122.0,0.518108
10003.0,123.0,0.481371
10003.0,124.0,0.398328
10003.0,125.0,0.530945
10003.0,126.0,0.501637
10003.0,127.0,0.506168
10003.0,128.0,0.525318
10003.0,129.0,0.518071
10003.0,130.0,0.47223
10003.0,131.0,0.466294
10003.0,132.0,0.537261
10003.0,133.0,0.486749
10003.0,134.0,0.517633
10003.0,135.0,0.486147
10003.0,136.0,0.397066
10003.0,137.0,0.548628
10003.0,138.0,0.580042
10003.0,139.0,0.523651
10003.0,140.0,0.54639
10003.0,141.0,0.493064
10003.0,142.0,0.49856
10003.0,143.0,0.499816
10003.0,144.0,0.536693
10003.0,145.0,0.514073
10003.0,146.0,0.578325
10003.0,147.0,0.516071
10004.0,0.0,0.498809
10004.0,1.0,0.492444
10004.0,2.0,0.469115
10004.0,3.0,0.490341
10004.0,4.0,0.50467
10004.0,5.0,0.522107
10004.0,6.0,0.484393
10004.0,7.0,0.53306
10004.0,8.0,0.509093
10004.0,9.0,0.478441
10004.0,10.0,0.512939
10004.0,11.0,0.486646
10004.0,12.0,0.562255
10004.0,13.0,0.521796
10004.0,14.0,0.549181
10004.0,15.0,0.49087
10004.0,16.0,0.448446
10004.0,17.0,0.454689
10004.0,18.0,0.468551
10004.0,19.0,0.524969
10004.0,20.0,0.462766
10004.0,21.0,0.466819
10004.0,22.0,0.584118
10004.0,23.0,0.419605
10004.0,24.0,0.445846
10004.0,25.0,0.450113
10004.0,26.0,0.621778
10004.0,27.0,0.441183
10004.0,28.0,0.427932
10004.0,29.0,0.455682
10004.0,30.0,0.522193
10004.0,31.0,0.548415
10004.0,32.0,0.501563
10004.0,33.0,0.493469
10004.0,34.0,0.481869
10004.0,35.0,0.529569
10004.0,36.0,0.617888
10004.0,37.0,0.475881
10004.0,38.0,0.465759
10004.0,39.0,0.50658
10004.0,40.0,0.480828
10004.0,41.0,0.475255
10004.0,42.0,0.477363
10004.0,43.0,0.446745
10004.0,44.0,0.524153
10004.0,45.0,0.411564
10004.0,46.0,0.484169
10004.0,47.0,0.537369
10004.0,48.0,0.451132
10004.0,49.0,0.348895
10004.0,50.0,0.575608
10004.0,51.0,0.530818
10004.0,52.0,0.534599
10004.0,53.0,0.494886
10004.0,54.0,0.458039
10004.0,55.0,0.505718
10004.0,56.0,0.520793
10004.0,57.0,0.44334
10004.0,58.0,0.55907
10004.0,59.0,0.505202
10004.0,60.0,0.536519
10004.0,61.0,0.387831
10004.0,62.0,0.56296
10004.0,63.0,0.494137
10004.0,64.0,0.431621
10004.0,65.0,0.368043
10004.0,66.0,0.559383
10004.0,67.0,0.529144
10004.0,68.0,0.430127
10004.0,69.0,0.483931
10004.0,70.0,0.419644
10004.0,71.0,0.504606
10004.0,72.0,0.500951
10004.0,73.0,0.476566
10004.0,74.0,0.455625
10004.0,75.0,0.450798
10004.0,76.0,0.594841
10004.0,77.0,0.417912
10004.0,78.0,0.58059
10004.0,79.0,0.508534
10004.0,80.0,0.425867
10004.0,81.0,0.400321
10004.0,82.0,0.550644
10004.0,83.0,0.555969
10004.0,84.0,0.553753
10004.0,85.0,0.540138
10004.0,86.0,0.453467
10004.0,87.0,0.55137
10004.0,88.0,0.383013
10004.0,89.0,0.506168
10004.0,90.0,0.510963
10004.0,91.0,0.464301
10004.0,92.0,0.490242
10004.0,93.0,0.555387
10004.0,94.0,0.471711
10004.0,95.0,0.509406
10004.0,96.0,0.595086
10004.0,97.0,0.474353
10004.0,98.0,0.480012
10004.0,99.0,0.435436
10004.0,100.0,0.643266
10004.0,101.0,0.442198
10004.0,102.0,0.506545
10004.0,103.0,0.516489
10004.0,104.0,0.411157
10004.0,105.0,0.504599
10004.0,106.0,0.3688
10004.0,107.0,0.511977
10004.0,108.0,0.430524
10004.0,109.0,0.522906
10004.0,110.0,0.468087
10004.0,111.0,0.506719
10004.0,112.0,0.408038
10004.0,113.0,0.49156
10004.0,114.0,0.49666
10004.0,115.0,0.472329
10004.0,116.0,0.603936
10004.0,117.0,0.477535
10004.0,118.0,0.448034
10004.0,119.0,0.428688
10004.0,120.0,0.604926
10004.0,121.0,0.539464
10004.0,122.0,0.518155
10004.0,123.0,0.481945
10004.0,124.0,0.398611
10004.0,125.0,0.531044
10004.0,126.0,0.50151
10004.0,127.0,0.50591
10004.0,128.0,0.525577
10004.0,129.0,0.51772
10004.0,130.0,0.472023
10004.0,131.0,0.46612
10004.0,132.0,0.5377
10004.0,133.0,0.48697
10004.0,134.0,0.518147
10004.0,135.0,0.485196
10004.0,136.0,0.396972
10004.0,137.0,0.548485
10004.0,138.0,0.579837
10004.0,139.0,0.523749
10004.0,140.0,0.546344
10004.0,141.0,0.49265
10004.0,142.0,0.498041
10004.0,143.0,0.500123
10004.0,144.0,0.536993
10004.0,145.0,0.514105
10004.0,146.0,0.578671
10004.0,147.0,0.515811
10005.0,0.0,0.498476
10005.0,1.0,0.493298
10005.0,2.0,0.469049
10005.0,3.0,0.490674
10005.0,4.0,0.505077
10005.0,5.0,0.521349
10005.0,6.0,0.485112
10005.0,7.0,0.533688
10005.0,8.0,0.509826
10005.0,9.0,0.477732
10005.0,10.0,0.513003
10005.0,11.0,0.487411
10005.0,12.0,0.561921
10005.0,13.0,0.521155
10005.0,14.0,0.549653
10005.0,15.0,0.490768
10005.0,16.0,0.448532
10005.0,17.0,0.45502
10005.0,18.0,0.46846
10005.0,19.0,0.524871
10005.0,20.0,0.462905
10005.0,21.0,0.466801
10005.0,22.0,0.584547
10005.0,23.0,0.418807
10005.0,24.0,0.446163
10005.0,25.0,0.449877
10005.0,26.0,0.622099
10005.0,27.0,0.442013
10005.0,28.0,0.427518
10005.0,29.0,0.455648
10005.0,30.0,0.522345
10005.0,31.0,0.54822
10005.0,32.0,0.501445
10005.0,33.0,0.494865
10005.0,34.0,0.481901
10005.0,35.0,0.530437
10005.0,36.0,0.617902
10005.0,37.0,0.475725
10005.0,38.0,0.465719
10005.0,39.0,0.506593
10005.0,40.0,0.481806
10005.0,41.0,0.475019
10005.0,42.0,0.477851
10005.0,43.0,0.447372
10005.0,44.0,0.52407
10005.0,45.0,0.412135
10005.0,46.0,0.484909
10005.0,47.0,0.536202
10005.0,48.0,0.451283
10005.0,49.0,0.348603
10005.0,50.0,0.575899
10005.0,51.0,0.531071
10005.0,52.0,0.535037
10005.0,53.0,0.49545
10005.0,54.0,0.458459
10005.0,55.0,0.505837
10005.0,56.0,0.520913
10005.0,57.0,0.442952
10005.0,58.0,0.5593
10005.0,59.0,0.505175
10005.0,60.0,0.536542
10005.0,61.0,0.38741
10005.0,62.0,0.563214
10005.0,63.0,0.49385
10005.0,64.0,0.431009
10005.0,65.0,0.367549
10005.0,66.0,0.558898
10005.0,67.0,0.529679
10005.0,68.0,0.429787
10005.0,69.0,0.484631
10005.0,70.0,0.420848
10005.0,71.0,0.504785
10005.0,72.0,0.500725
10005.0,73.0,0.478051
10005.0,74.0,0.456083
10005.0,75.0,0.450948
10005.0,76.0,0.595203
10005.0,77.0,0.417442
10005.0,78.0,0.581127
10005.0,79.0,0.507773
10005.0,80.0,0.426673
10005.0,81.0,0.400932
10005.0,82.0,0.550981
10005.0,83.0,0.556858
10005.0,84.0,0.553409
10005.0,85.0,0.53994
10005.0,86.0,0.454377
10005.0,87.0,0.551422
10005.0,88.0,0.383078
10005.0,89.0,0.50609
10005.0,90.0,0.510499
10005.0,91.0,0.464562
10005.0,92.0,0.490052
10005.0,93.0,0.555918
10005.0,94.0,0.472648
10005.0,95.0,0.508639
10005.0,96.0,0.593203
10005.0,97.0,0.474272
10005.0,98.0,0.479507
10005.0,99.0,0.436605
10005.0,100.0,0.643404
10005.0,101.0,0.442517
10005.0,102.0,0.506304
10005.0,103.0,0.516925
10005.0,104.0,0.411682
10005.0,105.0,0.50502
10005.0,106.0,0.369435
10005.0,107.0,0.51226
10005.0,108.0,0.431085
10005.0,109.0,0.522236
10005.0,110.0,0.467731
10005.0,111.0,0.506344
10005.0,112.0,0.408302
10005.0,113.0,0.490889
10005.0,114.0,0.496466
10005.0,115.0,0.471953
10005.0,116.0,0.603682
10005.0,117.0,0.477665
10005.0,118.0,0.447586
10005.0,119.0,0.428069
10005.0,120.0,0.605301
10005.0,121.0,0.539178
10005.0,122.0,0.51836
10005.0,123.0,0.481763
10005.0,124.0,0.398191
10005.0,125.0,0.530675
10005.0,126.0,0.501494
10005.0,127.0,0.506225
10005.0,128.0,0.525117
10005.0,129.0,0.517153
10005.0,130.0,0.471509
10005.0,131.0,0.466235
10005.0,132.0,0.537986
10005.0,133.0,0.487361
10005.0,134.0,0.5186
10005.0,135.0,0.485477
10005.0,136.0,0.396597
10005.0,137.0,0.548205
10005.0,138.0,0.580661
10005.0,139.0,0.523527
10005.0,140.0,0.545742
10005.0,141.0,0.493111
10005.0,142.0,0.498427
10005.0,143.0,0.500004
10005.0,144.0,0.536584
10005.0,145.0,0.514185
10005.0,146.0,0.578355
10005.0,147.0,0.515727
10006.0,0.0,0.498311
10006.0,1.0,0.492762
10006.0,2.0,0.469367
10006.0,3.0,0.491237
10006.0,4.0,0.505519
10006.0,5.0,0.521397
10006.0,6.0,0.485348
10006.0,7.0,0.533613
10006.0,8.0,0.509949
10006.0,9.0,0.477343
10006.0,10.0,0.513576
10006.0,11.0,0.487343
10006.0,12.0,0.561181
10006.0,13.0,0.521353
10006.0,14.0,0.548831
10006.0,15.0,0.490592
10006.0,16.0,0.44849
10006.0,17.0,0.45547
10006.0,18.0,0.469425
10006.0,19.0,0.524516
10006.0,20.0,0.462847
10006.0,21.0,0.466596
10006.0,22.0,0.585088
10006.0,23.0,0.418493
10006.0,24.0,0.446957
10006.0,25.0,0.449492
10006.0,26.0,0.621634
10006.0,27.0,0.442814
10006.0,28.0,0.427541
10006.0,29.0,0.455245
10006.0,30.0,0.522347
10006.0,31.0,0.548571
10006.0,32.0,0.500842
10006.0,33.0,0.495323
10006.0,34.0,0.482843
10006.0,35.0,0.530685
10006.0,36.0,0.618105
10006.0,37.0,0.475501
10006.0,38.0,0.465653
10006.0,39.0,0.50751
10006.0,40.0,0.482229
10006.0,41.0,0.475678
10006.0,42.0,0.478626
10006.0,43.0,0.447834
10006.0,44.0,0.524352
10006.0,45.0,0.412168
10006.0,46.0,0.484705
10006.0,47.0,0.536315
10006.0,48.0,0.451468
10006.0,49.0,0.349057
10006.0,50.0,0.576376
10006.0,51.0,0.530825
10006.0,52.0,0.534951
10006.0,53.0,0.49558
10006.0,54.0,0.458288
10006.0,55.0,0.505879
10006.0,56.0,0.520302
10006.0,57.0,0.443291
10006.0,58.0,0.558989
10006.0,59.0,0.505046
10006.0,60.0,0.536631
10006.0,61.0,0.386959
10006.0,62.0,0.56276
10006.0,63.0,0.492973
10006.0,64.0,0.430935
10006.0,65.0,0.367227
10006.0,66.0,0.559689
10006.0,67.0,0.528985
10006.0,68.0,0.429289
10006.0,69.0,0.484943
10006.0,70.0,0.420639
10006.0,71.0,0.504716
10006.0,72.0,0.500664
10006.0,73.0,0.477143
10006.0,74.0,0.45556
10006.0,75.0,0.450968
10006.0,76.0,0.595161
10006.0,77.0,0.417921
10006.0,78.0,0.580585
10006.0,79.0,0.507158
10006.0,80.0,0.426424
10006.0,81.0,0.401551
10006.0,82.0,0.550788
10006.0,83.0,0.556572
10006.0,84.0,0.553285
10006.0,85.0,0.53931
10006.0,86.0,0.454239
10006.0,87.0,0.551457
10006.0,88.0,0.383444
10006.0,89.0,0.506584
10006.0,90.0,0.509476
10006.0,91.0,0.46548
10006.0,92.0,0.489968
10006.0,93.0,0.555773
10006.0,94.0,0.473451
10006.0,95.0,0.509374
10006.0,96.0,0.592063
10006.0,97.0,0.474645
10006.0,98.0,0.479044
10006.0,99.0,0.436497
10006.0,100.0,0.642902
10006.0,101.0,0.443068
10006.0,102.0,0.506746
10006.0,103.0,0.516361
10006.0,104.0,0.410966
10006.0,105.0,0.50463
10006.0,106.0,0.368988
10006.0,107.0,0.512235
10006.0,108.0,0.429502
10006.0,109.0,0.522085
10006.0,110.0,0.468376
10006.0,111.0,0.50759
10006.0,112.0,0.408093
10006.0,113.0,0.49016
10006.0,114.0,0.496321
10006.0,115.0,0.471622
10006.0,116.0,0.603587
10006.0,117.0,0.47694
10006.0,118.0,0.448145
10006.0,119.0,0.428405
10006.0,120.0,0.605271
10006.0,121.0,0.539315
10006.0,122.0,0.517822
10006.0,123.0,0.481681
10006.0,124.0,0.398402
10006.0,125.0,0.530002
10006.0,126.0,0.501559
10006.0,127.0,0.506561
10006.0,128.0,0.525225
10006.0,129.0,0.516533
10006.0,130.0,0.471815
10006.0,131.0,0.465736
10006.0,132.0,0.538081
10006.0,133.0,0.486563
10006.0,134.0,0.518762
10006.0,135.0,0.484694
10006.0,136.0,0.39601
10006.0,137.0,0.548014
10006.0,138.0,0.580313
10006.0,139.0,0.522899
10006.0,140.0,0.545897
10006.0,141.0,0.492516
10006.0,142.0,0.498854
10006.0,143.0,0.500163
10006.0,144.0,0.537023
10006.0,145.0,0.513969
10006.0,146.0,0.579566
10006.0,147.0,0.515544
10007.0,0.0,0.497898
10007.0,1.0,0.492174
10007.0,2.0,0.470107
10007.0,3.0,0.491536
10007.0,4.0,0.506051
10007.0,5.0,0.519836
10007.0,6.0,0.48554
10007.0,7.0,0.532965
10007.0,8.0,0.509224
10007.0,9.0,0.477083
10007.0,10.0,0.513529
10007.0,11.0,0.48771
10007.0,12.0,0.560544
10007.0,13.0,0.521695
10007.0,14.0,0.549671
10007.0,15.0,0.490686
10007.0,16.0,0.448142
10007.0,17.0,0.454893
10007.0,18.0,0.469299
10007.0,19.0,0.524295
10007.0,20.0,0.462886
10007.0,21.0,0.466859
10007.0,22.0,0.584039
10007.0,23.0,0.417404
10007.0,24.0,0.447184
10007.0,25.0,0.450487
10007.0,26.0,0.622499
10007.0,27.0,0.442988
10007.0,28.0,0.42765
10007.0,29.0,0.455494
10007.0,30.0,0.522962
10007.0,31.0,0.548309
10007.0,32.0,0.501193
10007.0,33.0,0.495151
10007.0,34.0,0.483085
10007.0,35.0,0.530834
10007.0,36.0,0.617903
10007.0,37.0,0.475879
10007.0,38.0,0.464644
10007.0,39.0,0.50799
10007.0,40.0,0.481583
10007.0,41.0,0.475618
10007.0,42.0,0.478733
10007.0,43.0,0.44782
10007.0,44.0,0.524201
10007.0,45.0,0.4126
10007.0,46.0,0.484733
10007.0,47.0,0.535982
10007.0,48.0,0.451239
10007.0,49.0,0.349746
10007.0,50.0,0.577106
10007.0,51.0,0.529854
10007.0,52.0,0.535077
10007.0,53.0,0.496131
10007.0,54.0,0.458706
10007.0,55.0,0.505934
10007.0,56.0,0.519723
10007.0,57.0,0.443496
10007.0,58.0,0.558715
10007.0,59.0,0.505508
10007.0,60.0,0.536271
10007.0,61.0,0.386833
10007.0,62.0,0.561472
10007.0,63.0,0.492914
10007.0,64.0,0.432108
10007.0,65.0,0.36676
10007.0,66.0,0.559504
10007.0,67.0,0.528217
10007.0,68.0,0.429677
10007.0,69.0,0.485154
10007.0,70.0,0.420159
10007.0,71.0,0.505039
10007.0,72.0,0.501167
10007.0,73.0,0.47694
10007.0,74.0,0.455711
10007.0,75.0,0.450431
10007.0,76.0,0.595345
10007.0,77.0,0.418992
10007.0,78.0,0.580052
10007.0,79.0,0.508074
10007.0,80.0,0.426747
10007.0,81.0,0.401315
10007.0,82.0,0.551075
10007.0,83.0,0.557484
10007.0,84.0,0.554612
10007.0,85.0,0.538549
10007.0,86.0,0.454792
10007.0,87.0,0.551278
10007.0,88.0,0.383649
10007.0,89.0,0.506648
10007.0,90.0,0.510292
10007.0,91.0,0.465931
10007.0,92.0,0.489561
10007.0,93.0,0.555505
10007.0,94.0,0.473072
10007.0,95.0,0.510344
10007.0,96.0,0.591547
10007.0,97.0,0.474719
10007.0,98.0,0.479006
10007.0,99.0,0.435664
10007.0,100.0,0.643361
10007.0,101.0,0.443657
10007.0,102.0,0.506689
10007.0,103.0,0.515956
10007.0,104.0,0.411004
10007.0,105.0,0.505354
10007.0,106.0,0.369467
10007.0,107.0,0.51268
10007.0,108.0,0.428964
10007.0,109.0,0.522316
10007.0,110.0,0.46801
10007.0,111.0,0.507405
10007.0,112.0,0.408449
10007.0,113.0,0.489836
10007.0,114.0,0.496615
10007.0,115.0,0.472112
10007.0,116.0,0.603691
10007.0,117.0,0.476697
10007.0,118.0,0.447884
10007.0,119.0,0.428298
10007.0,120.0,0.605687
10007.0,121.0,0.53879
10007.0,122.0,0.517919
10007.0,123.0,0.481456
10007.0,124.0,0.398421
10007.0,125.0,0.530172
10007.0,126.0,0.501311
10007.0,127.0,0.506808
10007.0,128.0,0.525367
10007.0,129.0,0.516872
10007.0,130.0,0.471866
10007.0,131.0,0.465376
10007.0,132.0,0.538417
10007.0,133.0,0.486422
10007.0,134.0,0.519634
10007.0,135.0,0.483792
10007.0,136.0,0.396022
10007.0,137.0,0.54823
10007.0,138.0,0.580321
10007.0,139.0,0.523216
10007.0,140.0,0.545994
10007.0,141.0,0.491212
10007.0,142.0,0.498601
10007.0,143.0,0.500526
10007.0,144.0,0.537078
10007.0,145.0,0.51417
10007.0,146.0,0.579941
10007.0,147.0,0.514926
10008.0,0.0,0.498412
10008.0,1.0,0.492877
10008.0,2.0,0.470064
10008.0,3.0,0.491569
10008.0,4.0,0.506009
10008.0,5.0,0.519911
10008.0,6.0,0.485772
10008.0,7.0,0.5319
10008.0,8.0,0.507453
10008.0,9.0,0.476541
10008.0,10.0,0.513361
10008.0,11.0,0.487583
10008.0,12.0,0.559701
10008.0,13.0,0.521385
10008.0,14.0,0.549099
10008.0,15.0,0.490184
10008.0,16.0,0.448559
10008.0,17.0,0.454337
10008.0,18.0,0.468966
10008.0,19.0,0.524012
10008.0,20.0,0.46336
10008.0,21.0,0.466728
10008.0,22.0,0.583515
10008.0,23.0,0.416744
10008.0,24.0,0.447608
10008.0,25.0,0.450576
10008.0,26.0,0.623252
10008.0,27.0,0.442855
10008.0,28.0,0.427938
10008.0,29.0,0.455901
10008.0,30.0,0.521853
10008.0,31.0,0.548545
10008.0,32.0,0.50046
10008.0,33.0,0.496306
10008.0,34.0,0.483589
10008.0,35.0,0.530353
10008.0,36.0,0.617705
10008.0,37.0,0.474858
10008.0,38.0,0.465329
10008.0,39.0,0.507659
10008.0,40.0,0.481638
10008.0,41.0,0.475903
10008.0,42.0,0.478638
10008.0,43.0,0.447917
10008.0,44.0,0.524999
10008.0,45.0,0.411983
10008.0,46.0,0.484564
10008.0,47.0,0.535452
10008.0,48.0,0.451228
10008.0,49.0,0.349337
10008.0,50.0,0.577718
10008.0,51.0,0.530202
10008.0,52.0,0.535317
10008.0,53.0,0.496696
10008.0,54.0,0.458051
10008.0,55.0,0.506288
10008.0,56.0,0.519756
10008.0,57.0,0.443508
10008.0,58.0,0.559196
10008.0,59.0,0.505384
10008.0,60.0,0.536347
10008.0,61.0,0.386981
10008.0,62.0,0.561014
10008.0,63.0,0.492726
10008.0,64.0,0.431916
10008.0,65.0,0.367001
10008.0,66.0,0.559851
10008.0,67.0,0.527849
10008.0,68.0,0.430105
10008.0,69.0,0.485611
10008.0,70.0,0.420286
10008.0,71.0,0.504935
10008.0,72.0,0.500332
10008.0,73.0,0.476941
10008.0,74.0,0.454988
10008.0,75.0,0.450878
10008.0,76.0,0.595553
10008.0,77.0,0.419472
10008.0,78.0,0.578878
10008.0,79.0,0.508573
10008.0,80.0,0.426391
10008.0,81.0,0.401483
10008.0,82.0,0.551126
10008.0,83.0,0.557061
10008.0,84.0,0.553614
10008.0,85.0,0.538376
10008.0,86.0,0.454589
10008.0,87.0,0.551292
10008.0,88.0,0.383978
10008.0,89.0,0.50668
10008.0,90.0,0.509737
10008.0,91.0,0.464229
10008.0,92.0,0.489865
10008.0,93.0,0.555764
10008.0,94.0,0.473155
10008.0,95.0,0.510901
10008.0,96.0,0.591531
10008.0,97.0,0.475511
10008.0,98.0,0.479363
10008.0,99.0,0.435114
10008.0,100.0,0.643129
10008.0,101.0,0.444594
10008.0,102.0,0.506592
10008.0,103.0,0.51518
10008.0,104.0,0.411356
10008.0,105.0,0.505732
10008.0,106.0,0.368392
10008.0,107.0,0.512798
10008.0,108.0,0.428752
10008.0,109.0,0.523215
10008.0,110.0,0.468528
10008.0,111.0,0.507919
10008.0,112.0,0.407793
10008.0,113.0,0.489751
10008.0,114.0,0.497323
10008.0,115.0,0.47262
10008.0,116.0,0.603722
10008.0,117.0,0.476281
10008.0,118.0,0.447552
10008.0,119.0,0.428446
10008.0,120.0,0.606367
10008.0,121.0,0.538506
10008.0,122.0,0.518483
10008.0,123.0,0.481021
10008.0,124.0,0.398475
10008.0,125.0,0.530244
10008.0,126.0,0.500794
10008.0,127.0,0.505805
10008.0,128.0,0.525263
10008.0,129.0,0.517735
10008.0,130.0,0.471827
10008.0,131.0,0.465489
10008.0,132.0,0.538155
10008.0,133.0,0.487109
10008.0,134.0,0.520235
10008.0,135.0,0.484068
10008.0,136.0,0.397076
10008.0,137.0,0.548349
10008.0,138.0,0.579876
10008.0,139.0,0.52293
10008.0,140.0,0.546384
10008.0,141.0,0.492013
10008.0,142.0,0.499021
10008.0,143.0,0.500578
10008.0,144.0,0.537018
10008.0,145.0,0.51387
10008.0,146.0,0.579986
10008.0,147.0,0.515219
10009.0,0.0,0.497429
10009.0,1.0,0.493141
10009.0,2.0,0.470697
10009.0,3.0,0.491078
10009.0,4.0,0.505807
10009.0,5.0,0.519421
10009.0,6.0,0.485979
10009.0,7.0,0.531115
10009.0,8.0,0.507425
10009.0,9.0,0.47716
10009.0,10.0,0.512514
10009.0,11.0,0.487755
10009.0,12.0,0.560426
10009.0,13.0,0.52148
10009.0,14.0,0.550268
10009.0,15.0,0.490408
10009.0,16.0,0.448491
10009.0,17.0,0.454982
10009.0,18.0,0.469457
10009.0,19.0,0.524055
10009.0,20.0,0.463542
10009.0,21.0,0.467671
10009.0,22.0,0.583862
10009.0,23.0,0.416612
10009.0,24.0,0.447199
10009.0,25.0,0.449793
10009.0,26.0,0.622225
10009.0,27.0,0.443159
10009.0,28.0,0.427736
10009.0,29.0,0.456554
10009.0,30.0,0.521777
10009.0,31.0,0.549641
10009.0,32.0,0.49939
10009.0,33.0,0.496894
10009.0,34.0,0.483357
10009.0,35.0,0.53088
10009.0,36.0,0.618435
10009.0,37.0,0.474732
10009.0,38.0,0.46501
10009.0,39.0,0.507107
10009.0,40.0,0.481149
10009.0,41.0,0.475198
10009.0,42.0,0.47846
10009.0,43.0,0.447541
10009.0,44.0,0.524827
10009.0,45.0,0.411894
10009.0,46.0,0.483488
10009.0,47.0,0.534943
10009.0,48.0,0.451113
10009.0,49.0,0.349867
10009.0,50.0,0.576798
10009.0,51.0,0.529321
10009.0,52.0,0.535426
10009.0,53.0,0.496173
10009.0,54.0,0.458089
10009.0,55.0,0.506571
10009.0,56.0,0.519735
10009.0,57.0,0.4434
10009.0,58.0,0.559671
10009.0,59.0,0.505154
10009.0,60.0,0.536573
10009.0,61.0,0.386171
10009.0,62.0,0.561325
10009.0,63.0,0.493391
10009.0,64.0,0.432414
10009.0,65.0,0.366832
10009.0,66.0,0.558742
10009.0,67.0,0.528069
10009.0,68.0,0.430283
10009.0,69.0,0.485545
10009.0,70.0,0.419807
10009.0,71.0,0.504956
10009.0,72.0,0.500679
10009.0,73.0,0.476964
10009.0,74.0,0.45487
10009.0,75.0,0.450934
10009.0,76.0,0.59552
10009.0,77.0,0.41887
10009.0,78.0,0.57892
10009.0,79.0,0.508634
10009.0,80.0,0.426337
10009.0,81.0,0.401109
10009.0,82.0,0.551441
10009.0,83.0,0.557825
10009.0,84.0,0.553362
10009.0,85.0,0.538426
10009.0,86.0,0.455463
10009.0,87.0,0.551614
10009.0,88.0,0.383339
10009.0,89.0,0.506196
10009.0,90.0,0.510075
10009.0,91.0,0.463891
10009.0,92.0,0.491406
10009.0,93.0,0.555721
10009.0,94.0,0.473403
10009.0,95.0,0.510873
10009.0,96.0,0.591825
10009.0,97.0,0.475532
10009.0,98.0,0.479126
10009.0,99.0,0.435211
10009.0,100.0,0.643182
10009.0,101.0,0.444419
10009.0,102.0,0.50746
10009.0,103.0,0.515468
10009.0,104.0,0.4111
10009.0,105.0,0.505592
10009.0,106.0,0.368363
10009.0,107.0,0.512205
10009.0,108.0,0.428416
10009.0,109.0,0.522081
10009.0,110.0,0.467666
10009.0,111.0,0.50754
10009.0,112.0,0.407712
10009.0,113.0,0.490224
10009.0,114.0,0.497991
10009.0,115.0,0.472212
10009.0,116.0,0.604391
10009.0,117.0,0.476401
10009.0,118.0,0.448139
10009.0,119.0,0.427495
10009.0,120.0,0.606371
10009.0,121.0,0.538017
10009.0,122.0,0.51789
10009.0,123.0,0.481017
10009.0,124.0,0.398045
10009.0,125.0,0.530822
10009.0,126.0,0.501002
10009.0,127.0,0.505153
10009.0,128.0,0.525577
10009.0,129.0,0.516951
10009.0,130.0,0.471434
10009.0,131.0,0.465352
10009.0,132.0,0.539021
10009.0,133.0,0.488074
10009.0,134.0,0.519588
10009.0,135.0,0.484344
10009.0,136.0,0.397505
10009.0,137.0,0.549175
10009.0,138.0,0.579508
10009.0,139.0,0.522723
10009.0,140.0,0.546101
10009.0,141.0,0.492259
10009.0,142.0,0.498629
10009.0,143.0,0.500524
10009.0,144.0,0.537488
10009.0,145.0,0.514529
10009.0,146.0,0.579691
10009.0,147.0,0.514893
10010.0,0.0,0.497309
10010.0,1.0,0.493107
10010.0,2.0,0.470768
10010.0,3.0,0.490968
10010.0,4.0,0.506224
10010.0,5.0,0.518688
10010.0,6.0,0.485825
10010.0,7.0,0.530383
10010.0,8.0,0.507353
10010.0,9.0,0.477294
10010.0,10.0,0.513461
10010.0,11.0,0.488421
10010.0,12.0,0.560973
10010.0,13.0,0.521723
10010.0,14.0,0.55014
10010.0,15.0,0.490364
10010.0,16.0,0.448257
10010.0,17.0,0.45432
10010.0,18.0,0.469152
10010.0,19.0,0.523724
10010.0,20.0,0.463202
10010.0,21.0,0.46783
10010.0,22.0,0.583267
10010.0,23.0,0.416354
10010.0,24.0,0.447534
10010.0,25.0,0.449175
10010.0,26.0,0.622641
10010.0,27.0,0.443277
10010.0,28.0,0.428547
10010.0,29.0,0.455929
10010.0,30.0,0.522592
10010.0,31.0,0.548901
10010.0,32.0,0.498878
10010.0,33.0,0.497258
10010.0,34.0,0.484253
10010.0,35.0,0.530848
10010.0,36.0,0.618826
10010.0,37.0,0.475157
10010.0,38.0,0.465948
10010.0,39.0,0.506275
10010.0,40.0,0.481762
10010.0,41.0,0.475292
10010.0,42.0,0.478319
10010.0,43.0,0.447878
10010.0,44.0,0.523915
10010.0,45.0,0.411888
10010.0,46.0,0.48381
10010.0,47.0,0.535391
10010.0,48.0,0.45098
10010.0,49.0,0.349418
10010.0,50.0,0.576595
10010.0,51.0,0.52918
10010.0,52.0,0.535278
10010.0,53.0,0.496109
10010.0,54.0,0.458504
10010.0,55.0,0.506093
10010.0,56.0,0.520492
10010.0,57.0,0.443085
10010.0,58.0,0.559767
10010.0,59.0,0.504954
10010.0,60.0,0.536752
10010.0,61.0,0.385993
10010.0,62.0,0.561606
10010.0,63.0,0.492938
10010.0,64.0,0.432534
10010.0,65.0,0.366753
10010.0,66.0,0.558791
10010.0,67.0,0.527581
10010.0,68.0,0.430082
10010.0,69.0,0.485298
10010.0,70.0,0.420373
10010.0,71.0,0.505283
10010.0,72.0,0.500552
10010.0,73.0,0.477062
10010.0,74.0,0.454545
10010.0,75.0,0.452099
10010.0,76.0,0.595324
10010.0,77.0,0.418211
10010.0,78.0,0.578429
10010.0,79.0,0.50913
10010.0,80.0,0.426142
10010.0,81.0,0.399926
10010.0,82.0,0.551215
10010.0,83.0,0.558145
10010.0,84.0,0.552741
10010.0,85.0,0.538691
10010.0,86.0,0.455562
10010.0,87.0,0.551577
10010.0,88.0,0.383
10010.0,89.0,0.506949
10010.0,90.0,0.510352
10010.0,91.0,0.464483
10010.0,92.0,0.491066
10010.0,93.0,0.555867
10010.0,94.0,0.474274
10010.0,95.0,0.51103
10010.0,96.0,0.591074
10010.0,97.0,0.475129
10010.0,98.0,0.479396
10010.0,99.0,0.43486
10010.0,100.0,0.643875
10010.0,101.0,0.444917
10010.0,102.0,0.508219
10010.0,103.0,0.515303
10010.0,104.0,0.411018
10010.0,105.0,0.505342
10010.0,106.0,0.368972
10010.0,107.0,0.511248
10010.0,108.0,0.427906
10010.0,109.0,0.521568
10010.0,110.0,0.468227
10010.0,111.0,0.507152
10010.0,112.0,0.408217
10010.0,113.0,0.490034
10010.0,114.0,0.497984
10010.0,115.0,0.471805
10010.0,116.0,0.604125
10010.0,117.0,0.476141
10010.0,118.0,0.448509
10010.0,119.0,0.42797
10010.0,120.0,0.606776
10010.0,121.0,0.537511
10010.0,122.0,0.516846
10010.0,123.0,0.481146
10010.0,124.0,0.399016
10010.0,125.0,0.530954
10010.0,126.0,0.501281
10010.0,127.0,0.504851
10010.0,128.0,0.526344
10010.0,129.0,0.517324
10010.0,130.0,0.471184
10010.0,131.0,0.465462
10010.0,132.0,0.539141
10010.0,133.0,0.488353
10010.0,134.0,0.519838
10010.0,135.0,0.48478
10010.0,136.0,0.397393
10010.0,137.0,0.549338
10010.0,138.0,0.579899
10010.0,139.0,0.522589
10010.0,140.0,0.547401
10010.0,141.0,0.491469
10010.0,142.0,0.498421
10010.0,143.0,0.499986
10010.0,144.0,0.537506
10010.0,145.0,0.514473
10010.0,146.0,0.57964
10010.0,147.0,0.513865
