FREQUENCIES 
Gen,mut_id,mut_freq
1.0,0.0,0.5
1.0,1.0,0.5
1.0,2.0,0.5
1.0,3.0,0.5
1.0,4.0,0.5
1.0,5.0,0.5
1.0,6.0,0.5
1.0,7.0,0.5
1.0,8.0,0.5
1.0,9.0,0.5
1.0,10.0,0.5
1.0,11.0,0.5
1.0,12.0,0.5
1.0,13.0,0.5
1.0,14.0,0.5
1.0,15.0,0.5
1.0,16.0,0.5
1.0,17.0,0.5
1.0,18.0,0.5
1.0,19.0,0.5
1.0,20.0,0.5
1.0,21.0,0.5
1.0,22.0,0.5
1.0,23.0,0.5
1.0,24.0,0.5
1.0,25.0,0.5
1.0,26.0,0.5
1.0,27.0,0.5
1.0,28.0,0.5
1.0,29.0,0.5
1.0,30.0,0.5
1.0,31.0,0.5
1.0,32.0,0.5
1.0,33.0,0.5
1.0,34.0,0.5
1.0,35.0,0.5
1.0,36.0,0.5
1.0,37.0,0.5
1.0,38.0,0.5
1.0,39.0,0.5
1.0,40.0,0.5
1.0,41.0,0.5
1.0,42.0,0.5
1.0,43.0,0.5
1.0,44.0,0.5
1.0,45.0,0.5
1.0,46.0,0.5
1.0,47.0,0.5
1.0,48.0,0.5
1.0,49.0,0.5
1.0,50.0,0.5
1.0,51.0,0.5
1.0,52.0,0.5
1.0,53.0,0.5
1.0,54.0,0.5
1.0,55.0,0.5
1.0,56.0,0.5
1.0,57.0,0.5
1.0,58.0,0.5
1.0,59.0,0.5
1.0,60.0,0.5
1.0,61.0,0.5
1.0,62.0,0.5
1.0,63.0,0.5
1.0,64.0,0.5
1.0,65.0,0.5
1.0,66.0,0.5
1.0,67.0,0.5
1.0,68.0,0.5
1.0,69.0,0.5
1.0,70.0,0.5
1.0,71.0,0.5
1.0,72.0,0.5
1.0,73.0,0.5
1.0,74.0,0.5
1.0,75.0,0.5
1.0,76.0,0.5
1.0,77.0,0.5
1.0,78.0,0.5
1.0,79.0,0.5
1.0,80.0,0.5
1.0,81.0,0.5
1.0,82.0,0.5
1.0,83.0,0.5
1.0,84.0,0.5
1.0,85.0,0.5
1.0,86.0,0.5
1.0,87.0,0.5
1.0,88.0,0.5
1.0,89.0,0.5
1.0,90.0,0.5
1.0,91.0,0.5
1.0,92.0,0.5
1.0,93.0,0.5
1.0,94.0,0.5
1.0,95.0,0.5
1.0,96.0,0.5
1.0,97.0,0.5
1.0,98.0,0.5
1.0,99.0,0.5
1.0,100.0,0.5
1.0,101.0,0.5
1.0,102.0,0.5
1.0,103.0,0.5
1.0,104.0,0.5
1.0,105.0,0.5
1.0,106.0,0.5
1.0,107.0,0.5
1.0,108.0,0.5
1.0,109.0,0.5
1.0,110.0,0.5
1.0,111.0,0.5
1.0,112.0,0.5
1.0,113.0,0.5
1.0,114.0,0.5
1.0,115.0,0.5
1.0,116.0,0.5
1.0,117.0,0.5
1.0,118.0,0.5
1.0,119.0,0.5
1.0,120.0,0.5
1.0,121.0,0.5
1.0,122.0,0.5
1.0,123.0,0.5
1.0,124.0,0.5
1.0,125.0,0.5
1.0,126.0,0.5
1.0,127.0,0.5
1.0,128.0,0.5
1.0,129.0,0.5
1.0,130.0,0.5
1.0,131.0,0.5
1.0,132.0,0.5
1.0,133.0,0.5
1.0,134.0,0.5
1.0,135.0,0.5
1.0,136.0,0.5
1.0,137.0,0.5
1.0,138.0,0.5
1.0,139.0,0.5
1.0,140.0,0.5
1.0,141.0,0.5
1.0,142.0,0.5
1.0,143.0,0.5
1.0,144.0,0.5
1.0,145.0,0.5
1.0,146.0,0.5
1.0,147.0,0.5
1.0,148.0,0.5
1.0,149.0,0.5
1.0,150.0,0.5
1.0,151.0,0.5
1.0,152.0,0.5
1.0,153.0,0.5
1.0,154.0,0.5
1.0,155.0,0.5
1.0,156.0,0.5
1.0,157.0,0.5
1.0,158.0,0.5
1.0,159.0,0.5
1.0,160.0,0.5
1.0,161.0,0.5
1.0,162.0,0.5
1.0,163.0,0.5
1.0,164.0,0.5
1.0,165.0,0.5
1.0,166.0,0.5
1.0,167.0,0.5
1.0,168.0,0.5
1.0,169.0,0.5
1.0,170.0,0.5
1.0,171.0,0.5
1.0,172.0,0.5
1.0,173.0,0.5
1.0,174.0,0.5
1.0,175.0,0.5
1.0,176.0,0.5
1.0,177.0,0.5
1.0,178.0,0.5
1.0,179.0,0.5
1.0,180.0,0.5
1.0,181.0,0.5
1.0,182.0,0.5
1.0,183.0,0.5
1.0,184.0,0.5
1.0,185.0,0.5
1.0,186.0,0.5
1.0,187.0,0.5
1.0,188.0,0.5
1.0,189.0,0.5
1.0,190.0,0.5
1.0,191.0,0.5
1.0,192.0,0.5
1.0,193.0,0.5
1.0,194.0,0.5
1.0,195.0,0.5
1.0,196.0,0.5
1.0,197.0,0.5
1.0,198.0,0.5
1.0,199.0,0.5
1.0,200.0,0.5
1.0,201.0,0.5
1.0,202.0,0.5
1.0,203.0,0.5
1.0,204.0,0.5
1.0,205.0,0.5
1.0,206.0,0.5
1.0,207.0,0.5
1.0,208.0,0.5
1.0,209.0,0.5
1.0,210.0,0.5
1.0,211.0,0.5
1.0,212.0,0.5
1.0,213.0,0.5
1.0,214.0,0.5
1.0,215.0,0.5
1.0,216.0,0.5
1.0,217.0,0.5
1.0,218.0,0.5
1.0,219.0,0.5
1.0,220.0,0.5
1.0,221.0,0.5
1.0,222.0,0.5
1.0,223.0,0.5
1.0,224.0,0.5
1.0,225.0,0.5
1.0,226.0,0.5
1.0,227.0,0.5
1.0,228.0,0.5
1.0,229.0,0.5
1.0,230.0,0.5
1.0,231.0,0.5
1.0,232.0,0.5
1.0,233.0,0.5
1.0,234.0,0.5
1.0,235.0,0.5
1.0,236.0,0.5
1.0,237.0,0.5
1.0,238.0,0.5
1.0,239.0,0.5
1.0,240.0,0.5
1.0,241.0,0.5
1.0,242.0,0.5
1.0,243.0,0.5
1.0,244.0,0.5
1.0,245.0,0.5
1.0,246.0,0.5
1.0,247.0,0.5
1.0,248.0,0.5
1.0,249.0,0.5
1.0,250.0,0.5
1.0,251.0,0.5
1.0,252.0,0.5
1.0,253.0,0.5
1.0,254.0,0.5
1.0,255.0,0.5
1.0,256.0,0.5
1.0,257.0,0.5
1.0,258.0,0.5
1.0,259.0,0.5
1.0,260.0,0.5
1.0,261.0,0.5
1.0,262.0,0.5
1.0,263.0,0.5
1.0,264.0,0.5
1.0,265.0,0.5
1.0,266.0,0.5
1.0,267.0,0.5
1.0,268.0,0.5
1.0,269.0,0.5
1.0,270.0,0.5
1.0,271.0,0.5
1.0,272.0,0.5
1.0,273.0,0.5
1.0,274.0,0.5
1.0,275.0,0.5
1.0,276.0,0.5
1.0,277.0,0.5
1.0,278.0,0.5
1.0,279.0,0.5
1.0,280.0,0.5
1.0,281.0,0.5
1.0,282.0,0.5
1.0,283.0,0.5
1.0,284.0,0.5
1.0,285.0,0.5
1.0,286.0,0.5
1.0,287.0,0.5
1.0,288.0,0.5
1.0,289.0,0.5
1.0,290.0,0.5
1.0,291.0,0.5
1.0,292.0,0.5
1.0,293.0,0.5
1.0,294.0,0.5
1.0,295.0,0.5
1.0,296.0,0.5
1.0,297.0,0.5
1.0,298.0,0.5
1.0,299.0,0.5
1.0,300.0,0.5
1.0,301.0,0.5
1.0,302.0,0.5
1.0,303.0,0.5
1.0,304.0,0.5
1.0,305.0,0.5
1.0,306.0,0.5
1.0,307.0,0.5
1.0,308.0,0.5
1.0,309.0,0.5
1.0,310.0,0.5
1.0,311.0,0.5
1.0,312.0,0.5
1.0,313.0,0.5
1.0,314.0,0.5
1.0,315.0,0.5
1.0,316.0,0.5
1.0,317.0,0.5
1.0,318.0,0.5
1.0,319.0,0.5
1.0,320.0,0.5
1.0,321.0,0.5
1.0,322.0,0.5
1.0,323.0,0.5
1.0,324.0,0.5
1.0,325.0,0.5
1.0,326.0,0.5
1.0,327.0,0.5
1.0,328.0,0.5
1.0,329.0,0.5
1.0,330.0,0.5
1.0,331.0,0.5
1.0,332.0,0.5
1.0,333.0,0.5
1.0,334.0,0.5
1000.0,0.0,0.084924
1000.0,1.0,0.000264
1000.0,2.0,0.022723
1000.0,3.0,0.444076
1000.0,4.0,0.28104
1000.0,5.0,0.440404
1000.0,6.0,0.734648
1000.0,7.0,0.739006
1000.0,8.0,0.321059
1000.0,9.0,0.741193
1000.0,10.0,0.947536
1000.0,11.0,0.637922
1000.0,12.0,0.35165
1000.0,13.0,0.368019
1000.0,14.0,0.598437
1000.0,15.0,0.824984
1000.0,16.0,0.56111
1000.0,17.0,0.0316
1000.0,18.0,0.606258
1000.0,19.0,0.570208
1000.0,20.0,0.45729
1000.0,21.0,0.000358
1000.0,22.0,0.856828
1000.0,23.0,1.0
1000.0,24.0,0.476274
1000.0,25.0,0.476822
1000.0,26.0,0.802589
1000.0,27.0,0.438764
1000.0,28.0,0.705942
1000.0,29.0,1.0
1000.0,30.0,0.205673
1000.0,31.0,0.658105
1000.0,32.0,0.903153
1000.0,33.0,1.0
1000.0,34.0,0.051946
1000.0,35.0,0.429159
1000.0,36.0,0.383202
1000.0,37.0,0.535343
1000.0,38.0,0.460924
1000.0,39.0,0.796571
1000.0,40.0,0.639974
1000.0,41.0,0.795183
1000.0,42.0,0.367385
1000.0,43.0,0.894955
1000.0,44.0,0.59663
1000.0,45.0,0.761409
1000.0,46.0,0.510581
1000.0,47.0,0.739405
1000.0,48.0,0.865373
1000.0,49.0,0.292229
1000.0,50.0,0.128697
1000.0,51.0,0.297122
1000.0,52.0,0.969254
1000.0,53.0,0.786453
1000.0,54.0,0.768154
1000.0,55.0,0.130207
1000.0,56.0,0.377793
1000.0,57.0,0.019071
1000.0,58.0,0.430712
1000.0,59.0,0.285572
1000.0,60.0,0.769578
1000.0,61.0,0.72894
1000.0,62.0,0.195894
1000.0,63.0,0.566342
1000.0,64.0,0.887541
1000.0,65.0,0.121506
1000.0,66.0,0.083152
1000.0,67.0,0.513814
1000.0,68.0,0.137257
1000.0,69.0,0.180314
1000.0,70.0,0.282015
1000.0,71.0,0.123655
1000.0,72.0,0.541584
1000.0,73.0,0.506815
1000.0,74.0,0.651489
1000.0,75.0,0.542201
1000.0,76.0,0.753845
1000.0,77.0,0.706044
1000.0,78.0,0.337017
1000.0,79.0,0.055104
1000.0,80.0,0.711646
1000.0,81.0,0.308885
1000.0,82.0,0.560268
1000.0,83.0,0.528423
1000.0,84.0,1.0
1000.0,85.0,0.473125
1000.0,86.0,0.744617
1000.0,87.0,0.947632
1000.0,88.0,0.001921
1000.0,89.0,0.605223
1000.0,90.0,0.557038
1000.0,91.0,0.42645
1000.0,92.0,0.33126
1000.0,93.0,0.456861
1000.0,94.0,0.44538
1000.0,95.0,0.375037
1000.0,96.0,0.921985
1000.0,97.0,0.320554
1000.0,98.0,0.0
1000.0,99.0,0.241929
1000.0,100.0,0.557361
1000.0,101.0,0.465874
1000.0,102.0,0.788887
1000.0,103.0,0.049435
1000.0,104.0,0.353292
1000.0,105.0,0.536918
1000.0,106.0,0.559544
1000.0,107.0,0.62335
1000.0,108.0,0.797862
1000.0,109.0,0.835015
1000.0,110.0,0.435601
1000.0,111.0,0.874269
1000.0,112.0,0.417286
1000.0,113.0,0.491867
1000.0,114.0,0.390443
1000.0,115.0,0.193303
1000.0,116.0,0.727077
1000.0,117.0,0.328943
1000.0,118.0,0.810193
1000.0,119.0,0.38348
1000.0,120.0,0.010711
1000.0,121.0,0.260921
1000.0,122.0,0.550653
1000.0,123.0,0.996839
1000.0,124.0,0.446379
1000.0,125.0,0.468748
1000.0,126.0,0.364683
1000.0,127.0,0.065199
1000.0,128.0,0.101843
1000.0,129.0,0.820477
1000.0,130.0,0.086901
1000.0,131.0,0.781379
1000.0,132.0,0.366087
1000.0,133.0,0.779067
1000.0,134.0,0.475164
1000.0,135.0,0.331295
1000.0,136.0,0.969502
1000.0,137.0,0.49308
1000.0,138.0,0.715134
1000.0,139.0,0.411242
1000.0,140.0,0.104055
1000.0,141.0,0.602315
1000.0,142.0,0.991226
1000.0,143.0,0.189794
1000.0,144.0,0.337577
1000.0,145.0,0.376325
1000.0,146.0,0.538638
1000.0,147.0,1.0
1000.0,148.0,0.433112
1000.0,149.0,0.46866
1000.0,150.0,0.338093
1000.0,151.0,0.536131
1000.0,152.0,0.348211
1000.0,153.0,0.35132
1000.0,154.0,0.569073
1000.0,155.0,0.614744
1000.0,156.0,0.541022
1000.0,157.0,0.007554
1000.0,158.0,0.170766
1000.0,159.0,0.132045
1000.0,160.0,0.086469
1000.0,161.0,0.175646
1000.0,162.0,0.623346
1000.0,163.0,0.567907
1000.0,164.0,0.61008
1000.0,165.0,0.431482
1000.0,166.0,5.5e-05
1000.0,167.0,0.494281
1000.0,168.0,0.560794
1000.0,169.0,0.6088
1000.0,170.0,0.665854
1000.0,171.0,0.480252
1000.0,172.0,0.541948
1000.0,173.0,0.656316
1000.0,174.0,0.444528
1000.0,175.0,0.38184
1000.0,176.0,0.354886
1000.0,177.0,0.0
1000.0,178.0,0.940515
1000.0,179.0,0.36946
1000.0,180.0,0.331208
1000.0,181.0,0.381157
1000.0,182.0,0.217961
1000.0,183.0,0.005591
1000.0,184.0,0.476601
1000.0,185.0,0.493262
1000.0,186.0,0.869977
1000.0,187.0,0.494562
1000.0,188.0,0.125337
1000.0,189.0,0.793553
1000.0,190.0,0.971389
1000.0,191.0,0.659878
1000.0,192.0,0.37117
1000.0,193.0,0.697148
1000.0,194.0,0.087738
1000.0,195.0,0.464219
1000.0,196.0,0.489897
1000.0,197.0,0.289429
1000.0,198.0,0.45096
1000.0,199.0,0.152454
1000.0,200.0,0.055556
1000.0,201.0,0.735269
1000.0,202.0,0.993984
1000.0,203.0,0.544664
1000.0,204.0,0.296813
1000.0,205.0,0.003286
1000.0,206.0,0.32352
1000.0,207.0,0.919408
1000.0,208.0,0.561459
1000.0,209.0,0.552481
1000.0,210.0,0.304411
1000.0,211.0,0.318869
1000.0,212.0,0.56371
1000.0,213.0,0.010255
1000.0,214.0,0.555795
1000.0,215.0,0.657518
1000.0,216.0,1.0
1000.0,217.0,0.694398
1000.0,218.0,0.000445
1000.0,219.0,0.409228
1000.0,220.0,0.774045
1000.0,221.0,0.512138
1000.0,222.0,0.071565
1000.0,223.0,0.568177
1000.0,224.0,0.373789
1000.0,225.0,0.780377
1000.0,226.0,0.662853
1000.0,227.0,0.819543
1000.0,228.0,0.766422
1000.0,229.0,0.232325
1000.0,230.0,0.401892
1000.0,231.0,0.286462
1000.0,232.0,0.430196
1000.0,233.0,0.756396
1000.0,234.0,0.283788
1000.0,235.0,0.002109
1000.0,236.0,0.916463
1000.0,237.0,0.28036
1000.0,238.0,0.568604
1000.0,239.0,0.871676
1000.0,240.0,0.203387
1000.0,241.0,0.452214
1000.0,242.0,0.443054
1000.0,243.0,0.023024
1000.0,244.0,0.076703
1000.0,245.0,0.957638
1000.0,246.0,0.576003
1000.0,247.0,0.499103
1000.0,248.0,0.508451
1000.0,249.0,0.456886
1000.0,250.0,0.521598
1000.0,251.0,0.907186
1000.0,252.0,0.486128
1000.0,253.0,0.706315
1000.0,254.0,0.616253
1000.0,255.0,0.409145
1000.0,256.0,0.955068
1000.0,257.0,0.732886
1000.0,258.0,0.490838
1000.0,259.0,0.608145
1000.0,260.0,0.828303
1000.0,261.0,0.305536
1000.0,262.0,0.090881
1000.0,263.0,0.477177
1000.0,264.0,0.002073
1000.0,265.0,0.424877
1000.0,266.0,0.374454
1000.0,267.0,0.74132
1000.0,268.0,0.408952
1000.0,269.0,0.203843
1000.0,270.0,0.698455
1000.0,271.0,0.000585
1000.0,272.0,0.147549
1000.0,273.0,0.351974
1000.0,274.0,0.412269
1000.0,275.0,0.666188
1000.0,276.0,0.085587
1000.0,277.0,0.313044
1000.0,278.0,0.494466
1000.0,279.0,0.217103
1000.0,280.0,0.530064
1000.0,281.0,0.830776
1000.0,282.0,1.0
1000.0,283.0,0.464616
1000.0,284.0,0.426914
1000.0,285.0,0.444284
1000.0,286.0,0.798835
1000.0,287.0,0.289461
1000.0,288.0,0.433725
1000.0,289.0,0.389947
1000.0,290.0,0.536138
1000.0,291.0,0.416777
1000.0,292.0,0.67298
1000.0,293.0,0.972848
1000.0,294.0,0.415142
1000.0,295.0,0.262573
1000.0,296.0,0.061135
1000.0,297.0,0.552356
1000.0,298.0,0.333578
1000.0,299.0,8.7e-05
1000.0,300.0,0.406691
1000.0,301.0,0.631261
1000.0,302.0,0.316467
1000.0,303.0,0.861148
1000.0,304.0,0.08658
1000.0,305.0,0.742735
1000.0,306.0,0.664369
1000.0,307.0,0.550292
1000.0,308.0,0.531968
1000.0,309.0,0.0
1000.0,310.0,0.840488
1000.0,311.0,0.511101
1000.0,312.0,0.000864
1000.0,313.0,0.567911
1000.0,314.0,0.406886
1000.0,315.0,0.490813
1000.0,316.0,0.370304
1000.0,317.0,0.86258
1000.0,318.0,0.59738
1000.0,319.0,0.29641
1000.0,320.0,0.318164
1000.0,321.0,0.028533
1000.0,322.0,0.151697
1000.0,323.0,0.337263
1000.0,324.0,0.544387
1000.0,325.0,0.219489
1000.0,326.0,0.766653
1000.0,327.0,0.288768
1000.0,328.0,0.106588
1000.0,329.0,0.851766
1000.0,330.0,0.263968
1000.0,331.0,0.550707
1000.0,332.0,0.350526
1000.0,333.0,0.009869
1000.0,334.0,0.277372
1001.0,0.0,0.085663
1001.0,1.0,0.0003
1001.0,2.0,0.022966
1001.0,3.0,0.448152
1001.0,4.0,0.283262
1001.0,5.0,0.449987
1001.0,6.0,0.737176
1001.0,7.0,0.741116
1001.0,8.0,0.321058
1001.0,9.0,0.742907
1001.0,10.0,0.948676
1001.0,11.0,0.63973
1001.0,12.0,0.359214
1001.0,13.0,0.370674
1001.0,14.0,0.612473
1001.0,15.0,0.824903
1001.0,16.0,0.562798
1001.0,17.0,0.032171
1001.0,18.0,0.61478
1001.0,19.0,0.571118
1001.0,20.0,0.462569
1001.0,21.0,0.000383
1001.0,22.0,0.858997
1001.0,23.0,1.0
1001.0,24.0,0.478159
1001.0,25.0,0.485591
1001.0,26.0,0.811024
1001.0,27.0,0.443928
1001.0,28.0,0.709416
1001.0,29.0,1.0
1001.0,30.0,0.214814
1001.0,31.0,0.657984
1001.0,32.0,0.903986
1001.0,33.0,1.0
1001.0,34.0,0.054925
1001.0,35.0,0.429618
1001.0,36.0,0.384824
1001.0,37.0,0.535319
1001.0,38.0,0.465777
1001.0,39.0,0.804092
1001.0,40.0,0.64398
1001.0,41.0,0.798486
1001.0,42.0,0.372875
1001.0,43.0,0.904411
1001.0,44.0,0.602265
1001.0,45.0,0.770259
1001.0,46.0,0.512235
1001.0,47.0,0.751925
1001.0,48.0,0.866439
1001.0,49.0,0.294743
1001.0,50.0,0.129609
1001.0,51.0,0.300936
1001.0,52.0,0.970597
1001.0,53.0,0.791297
1001.0,54.0,0.769962
1001.0,55.0,0.1312
1001.0,56.0,0.379007
1001.0,57.0,0.019301
1001.0,58.0,0.43326
1001.0,59.0,0.291544
1001.0,60.0,0.770967
1001.0,61.0,0.733392
1001.0,62.0,0.200046
1001.0,63.0,0.567355
1001.0,64.0,0.889592
1001.0,65.0,0.122683
1001.0,66.0,0.083859
1001.0,67.0,0.518472
1001.0,68.0,0.138306
1001.0,69.0,0.181586
1001.0,70.0,0.283293
1001.0,71.0,0.126642
1001.0,72.0,0.54669
1001.0,73.0,0.507197
1001.0,74.0,0.65412
1001.0,75.0,0.549222
1001.0,76.0,0.756382
1001.0,77.0,0.708451
1001.0,78.0,0.346012
1001.0,79.0,0.056612
1001.0,80.0,0.712125
1001.0,81.0,0.310655
1001.0,82.0,0.562574
1001.0,83.0,0.531386
1001.0,84.0,1.0
1001.0,85.0,0.473473
1001.0,86.0,0.748019
1001.0,87.0,0.94837
1001.0,88.0,0.001918
1001.0,89.0,0.606974
1001.0,90.0,0.557877
1001.0,91.0,0.429991
1001.0,92.0,0.33434
1001.0,93.0,0.457891
1001.0,94.0,0.448756
1001.0,95.0,0.376002
1001.0,96.0,0.923243
1001.0,97.0,0.364057
1001.0,98.0,0.0
1001.0,99.0,0.243689
1001.0,100.0,0.559131
1001.0,101.0,0.467502
1001.0,102.0,0.795594
1001.0,103.0,0.049933
1001.0,104.0,0.353391
1001.0,105.0,0.538016
1001.0,106.0,0.562743
1001.0,107.0,0.624309
1001.0,108.0,0.802853
1001.0,109.0,0.839909
1001.0,110.0,0.436521
1001.0,111.0,0.875387
1001.0,112.0,0.417254
1001.0,113.0,0.491992
1001.0,114.0,0.395417
1001.0,115.0,0.194486
1001.0,116.0,0.728044
1001.0,117.0,0.331136
1001.0,118.0,0.812794
1001.0,119.0,0.38508
1001.0,120.0,0.011133
1001.0,121.0,0.272262
1001.0,122.0,0.552286
1001.0,123.0,0.99696
1001.0,124.0,0.451408
1001.0,125.0,0.475151
1001.0,126.0,0.366456
1001.0,127.0,0.0664
1001.0,128.0,0.102768
1001.0,129.0,0.821386
1001.0,130.0,0.086991
1001.0,131.0,0.784371
1001.0,132.0,0.373859
1001.0,133.0,0.781067
1001.0,134.0,0.47772
1001.0,135.0,0.340468
1001.0,136.0,0.970168
1001.0,137.0,0.495222
1001.0,138.0,0.722692
1001.0,139.0,0.41583
1001.0,140.0,0.105085
1001.0,141.0,0.604105
1001.0,142.0,0.991714
1001.0,143.0,0.19275
1001.0,144.0,0.339683
1001.0,145.0,0.379832
1001.0,146.0,0.540809
1001.0,147.0,1.0
1001.0,148.0,0.436337
1001.0,149.0,0.478088
1001.0,150.0,0.33915
1001.0,151.0,0.540003
1001.0,152.0,0.348854
1001.0,153.0,0.360896
1001.0,154.0,0.57197
1001.0,155.0,0.621617
1001.0,156.0,0.540397
1001.0,157.0,0.007571
1001.0,158.0,0.175278
1001.0,159.0,0.135457
1001.0,160.0,0.089321
1001.0,161.0,0.17663
1001.0,162.0,0.623715
1001.0,163.0,0.570517
1001.0,164.0,0.612289
1001.0,165.0,0.438628
1001.0,166.0,6.9e-05
1001.0,167.0,0.496115
1001.0,168.0,0.561807
1001.0,169.0,0.641359
1001.0,170.0,0.669347
1001.0,171.0,0.481398
1001.0,172.0,0.543986
1001.0,173.0,0.659844
1001.0,174.0,0.445903
1001.0,175.0,0.38342
1001.0,176.0,0.357282
1001.0,177.0,0.0
1001.0,178.0,0.942078
1001.0,179.0,0.378804
1001.0,180.0,0.335823
1001.0,181.0,0.38306
1001.0,182.0,0.218504
1001.0,183.0,0.006057
1001.0,184.0,0.481823
1001.0,185.0,0.494782
1001.0,186.0,0.87345
1001.0,187.0,0.493529
1001.0,188.0,0.126425
1001.0,189.0,0.794481
1001.0,190.0,0.974573
1001.0,191.0,0.660817
1001.0,192.0,0.370596
1001.0,193.0,0.697693
1001.0,194.0,0.089567
1001.0,195.0,0.469885
1001.0,196.0,0.490682
1001.0,197.0,0.293677
1001.0,198.0,0.454535
1001.0,199.0,0.152999
1001.0,200.0,0.057281
1001.0,201.0,0.736888
1001.0,202.0,0.994105
1001.0,203.0,0.565708
1001.0,204.0,0.299958
1001.0,205.0,0.003389
1001.0,206.0,0.350677
1001.0,207.0,0.925722
1001.0,208.0,0.564482
1001.0,209.0,0.554452
1001.0,210.0,0.314076
1001.0,211.0,0.320665
1001.0,212.0,0.571061
1001.0,213.0,0.010417
1001.0,214.0,0.563754
1001.0,215.0,0.663023
1001.0,216.0,1.0
1001.0,217.0,0.69809
1001.0,218.0,0.000454
1001.0,219.0,0.410189
1001.0,220.0,0.776485
1001.0,221.0,0.523139
1001.0,222.0,0.072304
1001.0,223.0,0.569822
1001.0,224.0,0.377537
1001.0,225.0,0.783123
1001.0,226.0,0.669822
1001.0,227.0,0.822393
1001.0,228.0,0.768258
1001.0,229.0,0.234092
1001.0,230.0,0.403441
1001.0,231.0,0.348846
1001.0,232.0,0.431028
1001.0,233.0,0.759768
1001.0,234.0,0.289219
1001.0,235.0,0.002254
1001.0,236.0,0.917163
1001.0,237.0,0.281838
1001.0,238.0,0.582093
1001.0,239.0,0.872638
1001.0,240.0,0.205167
1001.0,241.0,0.456402
1001.0,242.0,0.446917
1001.0,243.0,0.02354
1001.0,244.0,0.077589
1001.0,245.0,0.960964
1001.0,246.0,0.577223
1001.0,247.0,0.500748
1001.0,248.0,0.512103
1001.0,249.0,0.460758
1001.0,250.0,0.52819
1001.0,251.0,0.908302
1001.0,252.0,0.487641
1001.0,253.0,0.708501
1001.0,254.0,0.62183
1001.0,255.0,0.410761
1001.0,256.0,0.956617
1001.0,257.0,0.736608
1001.0,258.0,0.491747
1001.0,259.0,0.610277
1001.0,260.0,0.831598
1001.0,261.0,0.312545
1001.0,262.0,0.091371
1001.0,263.0,0.478613
1001.0,264.0,0.00232
1001.0,265.0,0.425739
1001.0,266.0,0.378199
1001.0,267.0,0.744185
1001.0,268.0,0.415494
1001.0,269.0,0.206447
1001.0,270.0,0.697933
1001.0,271.0,0.000617
1001.0,272.0,0.149435
1001.0,273.0,0.354377
1001.0,274.0,0.413305
1001.0,275.0,0.666272
1001.0,276.0,0.086067
1001.0,277.0,0.316811
1001.0,278.0,0.495654
1001.0,279.0,0.220955
1001.0,280.0,0.530534
1001.0,281.0,0.834739
1001.0,282.0,1.0
1001.0,283.0,0.465367
1001.0,284.0,0.427047
1001.0,285.0,0.451464
1001.0,286.0,0.803169
1001.0,287.0,0.292309
1001.0,288.0,0.439994
1001.0,289.0,0.396433
1001.0,290.0,0.535632
1001.0,291.0,0.419294
1001.0,292.0,0.67464
1001.0,293.0,0.972958
1001.0,294.0,0.415743
1001.0,295.0,0.266775
1001.0,296.0,0.062285
1001.0,297.0,0.552637
1001.0,298.0,0.33586
1001.0,299.0,0.000104
1001.0,300.0,0.411008
1001.0,301.0,0.631884
1001.0,302.0,0.318427
1001.0,303.0,0.862585
1001.0,304.0,0.088033
1001.0,305.0,0.744283
1001.0,306.0,0.666402
1001.0,307.0,0.551311
1001.0,308.0,0.536129
1001.0,309.0,0.0
1001.0,310.0,0.842611
1001.0,311.0,0.511528
1001.0,312.0,0.000877
1001.0,313.0,0.569669
1001.0,314.0,0.407944
1001.0,315.0,0.493258
1001.0,316.0,0.372551
1001.0,317.0,0.864289
1001.0,318.0,0.598706
1001.0,319.0,0.297803
1001.0,320.0,0.327483
1001.0,321.0,0.029039
1001.0,322.0,0.153222
1001.0,323.0,0.371758
1001.0,324.0,0.545537
1001.0,325.0,0.230683
1001.0,326.0,0.769309
1001.0,327.0,0.289538
1001.0,328.0,0.10671
1001.0,329.0,0.862769
1001.0,330.0,0.265953
1001.0,331.0,0.551084
1001.0,332.0,0.355626
1001.0,333.0,0.010509
1001.0,334.0,0.281421
1002.0,0.0,0.086155
1002.0,1.0,0.00031
1002.0,2.0,0.023267
1002.0,3.0,0.452014
1002.0,4.0,0.285359
1002.0,5.0,0.45914
1002.0,6.0,0.739843
1002.0,7.0,0.742306
1002.0,8.0,0.321199
1002.0,9.0,0.74551
1002.0,10.0,0.949442
1002.0,11.0,0.641275
1002.0,12.0,0.36622
1002.0,13.0,0.373745
1002.0,14.0,0.625186
1002.0,15.0,0.825767
1002.0,16.0,0.564659
1002.0,17.0,0.032812
1002.0,18.0,0.622211
1002.0,19.0,0.57169
1002.0,20.0,0.467795
1002.0,21.0,0.000394
1002.0,22.0,0.861424
1002.0,23.0,1.0
1002.0,24.0,0.479672
1002.0,25.0,0.494366
1002.0,26.0,0.819371
1002.0,27.0,0.448609
1002.0,28.0,0.712975
1002.0,29.0,1.0
1002.0,30.0,0.224079
1002.0,31.0,0.658293
1002.0,32.0,0.90532
1002.0,33.0,1.0
1002.0,34.0,0.058233
1002.0,35.0,0.429479
1002.0,36.0,0.38707
1002.0,37.0,0.535673
1002.0,38.0,0.470384
1002.0,39.0,0.810912
1002.0,40.0,0.648324
1002.0,41.0,0.800905
1002.0,42.0,0.37836
1002.0,43.0,0.912703
1002.0,44.0,0.607052
1002.0,45.0,0.777904
1002.0,46.0,0.512059
1002.0,47.0,0.763174
1002.0,48.0,0.868155
1002.0,49.0,0.297134
1002.0,50.0,0.130216
1002.0,51.0,0.30562
1002.0,52.0,0.971693
1002.0,53.0,0.796214
1002.0,54.0,0.772079
1002.0,55.0,0.132034
1002.0,56.0,0.380728
1002.0,57.0,0.019539
1002.0,58.0,0.435507
1002.0,59.0,0.297775
1002.0,60.0,0.77193
1002.0,61.0,0.736757
1002.0,62.0,0.204619
1002.0,63.0,0.568038
1002.0,64.0,0.89159
1002.0,65.0,0.124061
1002.0,66.0,0.084551
1002.0,67.0,0.522182
1002.0,68.0,0.138533
1002.0,69.0,0.182128
1002.0,70.0,0.28493
1002.0,71.0,0.129132
1002.0,72.0,0.550756
1002.0,73.0,0.509005
1002.0,74.0,0.655002
1002.0,75.0,0.556387
1002.0,76.0,0.75843
1002.0,77.0,0.70988
1002.0,78.0,0.354653
1002.0,79.0,0.057619
1002.0,80.0,0.713575
1002.0,81.0,0.312663
1002.0,82.0,0.565261
1002.0,83.0,0.533524
1002.0,84.0,1.0
1002.0,85.0,0.474516
1002.0,86.0,0.75167
1002.0,87.0,0.948683
1002.0,88.0,0.001928
1002.0,89.0,0.608628
1002.0,90.0,0.558213
1002.0,91.0,0.432662
1002.0,92.0,0.337782
1002.0,93.0,0.459271
1002.0,94.0,0.453268
1002.0,95.0,0.376044
1002.0,96.0,0.924286
1002.0,97.0,0.408544
1002.0,98.0,0.0
1002.0,99.0,0.244402
1002.0,100.0,0.561008
1002.0,101.0,0.46973
1002.0,102.0,0.80285
1002.0,103.0,0.050613
1002.0,104.0,0.354165
1002.0,105.0,0.540887
1002.0,106.0,0.565759
1002.0,107.0,0.62564
1002.0,108.0,0.807729
1002.0,109.0,0.844531
1002.0,110.0,0.437002
1002.0,111.0,0.876576
1002.0,112.0,0.417885
1002.0,113.0,0.492962
1002.0,114.0,0.401125
1002.0,115.0,0.194963
1002.0,116.0,0.728882
1002.0,117.0,0.332398
1002.0,118.0,0.815459
1002.0,119.0,0.386549
1002.0,120.0,0.011385
1002.0,121.0,0.283292
1002.0,122.0,0.554607
1002.0,123.0,0.997084
1002.0,124.0,0.456854
1002.0,125.0,0.481268
1002.0,126.0,0.368956
1002.0,127.0,0.067622
1002.0,128.0,0.103771
1002.0,129.0,0.823482
1002.0,130.0,0.087422
1002.0,131.0,0.787543
1002.0,132.0,0.380257
1002.0,133.0,0.783383
1002.0,134.0,0.480554
1002.0,135.0,0.349887
1002.0,136.0,0.970744
1002.0,137.0,0.49793
1002.0,138.0,0.729276
1002.0,139.0,0.419909
1002.0,140.0,0.105947
1002.0,141.0,0.605936
1002.0,142.0,0.991935
1002.0,143.0,0.195629
1002.0,144.0,0.3418
1002.0,145.0,0.383579
1002.0,146.0,0.542501
1002.0,147.0,1.0
1002.0,148.0,0.439679
1002.0,149.0,0.486566
1002.0,150.0,0.34071
1002.0,151.0,0.543174
1002.0,152.0,0.349811
1002.0,153.0,0.370542
1002.0,154.0,0.57332
1002.0,155.0,0.627938
1002.0,156.0,0.539888
1002.0,157.0,0.007792
1002.0,158.0,0.181226
1002.0,159.0,0.139277
1002.0,160.0,0.091458
1002.0,161.0,0.177712
1002.0,162.0,0.624821
1002.0,163.0,0.573333
1002.0,164.0,0.614781
1002.0,165.0,0.445061
1002.0,166.0,9.3e-05
1002.0,167.0,0.497
1002.0,168.0,0.562316
1002.0,169.0,0.671314
1002.0,170.0,0.672708
1002.0,171.0,0.481761
1002.0,172.0,0.54583
1002.0,173.0,0.662964
1002.0,174.0,0.447005
1002.0,175.0,0.38408
1002.0,176.0,0.358911
1002.0,177.0,0.0
1002.0,178.0,0.943213
1002.0,179.0,0.386384
1002.0,180.0,0.340836
1002.0,181.0,0.38523
1002.0,182.0,0.219439
1002.0,183.0,0.006553
1002.0,184.0,0.485928
1002.0,185.0,0.496427
1002.0,186.0,0.877039
1002.0,187.0,0.493778
1002.0,188.0,0.12706
1002.0,189.0,0.796323
1002.0,190.0,0.977183
1002.0,191.0,0.661705
1002.0,192.0,0.37088
1002.0,193.0,0.698879
1002.0,194.0,0.091215
1002.0,195.0,0.477683
1002.0,196.0,0.492335
1002.0,197.0,0.298125
1002.0,198.0,0.45845
1002.0,199.0,0.154047
1002.0,200.0,0.058643
1002.0,201.0,0.738225
1002.0,202.0,0.994343
1002.0,203.0,0.585687
1002.0,204.0,0.302622
1002.0,205.0,0.003453
1002.0,206.0,0.375295
1002.0,207.0,0.9312
1002.0,208.0,0.566702
1002.0,209.0,0.556
1002.0,210.0,0.32274
1002.0,211.0,0.321688
1002.0,212.0,0.579301
1002.0,213.0,0.010562
1002.0,214.0,0.570275
1002.0,215.0,0.668644
1002.0,216.0,1.0
1002.0,217.0,0.702568
1002.0,218.0,0.000501
1002.0,219.0,0.412015
1002.0,220.0,0.778931
1002.0,221.0,0.53426
1002.0,222.0,0.072761
1002.0,223.0,0.570871
1002.0,224.0,0.380521
1002.0,225.0,0.785893
1002.0,226.0,0.675306
1002.0,227.0,0.824903
1002.0,228.0,0.771084
1002.0,229.0,0.235822
1002.0,230.0,0.403726
1002.0,231.0,0.410176
1002.0,232.0,0.431974
1002.0,233.0,0.763728
1002.0,234.0,0.294102
1002.0,235.0,0.002355
1002.0,236.0,0.918043
1002.0,237.0,0.282115
1002.0,238.0,0.59411
1002.0,239.0,0.873695
1002.0,240.0,0.206522
1002.0,241.0,0.461141
1002.0,242.0,0.449636
1002.0,243.0,0.023999
1002.0,244.0,0.078713
1002.0,245.0,0.963762
1002.0,246.0,0.577258
1002.0,247.0,0.502161
1002.0,248.0,0.515288
1002.0,249.0,0.464526
1002.0,250.0,0.53461
1002.0,251.0,0.909171
1002.0,252.0,0.488954
1002.0,253.0,0.711386
1002.0,254.0,0.627483
1002.0,255.0,0.411916
1002.0,256.0,0.957963
1002.0,257.0,0.739518
1002.0,258.0,0.492998
1002.0,259.0,0.612216
1002.0,260.0,0.834692
1002.0,261.0,0.319004
1002.0,262.0,0.091719
1002.0,263.0,0.479964
1002.0,264.0,0.002605
1002.0,265.0,0.426941
1002.0,266.0,0.382628
1002.0,267.0,0.748188
1002.0,268.0,0.421104
1002.0,269.0,0.209092
1002.0,270.0,0.698595
1002.0,271.0,0.000656
1002.0,272.0,0.151381
1002.0,273.0,0.357358
1002.0,274.0,0.413538
1002.0,275.0,0.667663
1002.0,276.0,0.087096
1002.0,277.0,0.320056
1002.0,278.0,0.497312
1002.0,279.0,0.223287
1002.0,280.0,0.531348
1002.0,281.0,0.838742
1002.0,282.0,1.0
1002.0,283.0,0.46665
1002.0,284.0,0.427695
1002.0,285.0,0.457449
1002.0,286.0,0.808072
1002.0,287.0,0.294447
1002.0,288.0,0.446567
1002.0,289.0,0.402165
1002.0,290.0,0.53595
1002.0,291.0,0.421855
1002.0,292.0,0.676362
1002.0,293.0,0.973246
1002.0,294.0,0.416111
1002.0,295.0,0.269681
1002.0,296.0,0.063129
1002.0,297.0,0.553536
1002.0,298.0,0.33773
1002.0,299.0,0.00013
1002.0,300.0,0.414188
1002.0,301.0,0.631944
1002.0,302.0,0.32175
1002.0,303.0,0.863462
1002.0,304.0,0.089088
1002.0,305.0,0.746116
1002.0,306.0,0.667695
1002.0,307.0,0.552599
1002.0,308.0,0.540147
1002.0,309.0,0.0
1002.0,310.0,0.844451
1002.0,311.0,0.512029
1002.0,312.0,0.00087
1002.0,313.0,0.570733
1002.0,314.0,0.409371
1002.0,315.0,0.49559
1002.0,316.0,0.374032
1002.0,317.0,0.865154
1002.0,318.0,0.599545
1002.0,319.0,0.299287
1002.0,320.0,0.335733
1002.0,321.0,0.02958
1002.0,322.0,0.154877
1002.0,323.0,0.406271
1002.0,324.0,0.547439
1002.0,325.0,0.241178
1002.0,326.0,0.770654
1002.0,327.0,0.29147
1002.0,328.0,0.106676
1002.0,329.0,0.872265
1002.0,330.0,0.267776
1002.0,331.0,0.550878
1002.0,332.0,0.360462
1002.0,333.0,0.011002
1002.0,334.0,0.286507
1003.0,0.0,0.086511
1003.0,1.0,0.000316
1003.0,2.0,0.023906
1003.0,3.0,0.456933
1003.0,4.0,0.287639
1003.0,5.0,0.468857
1003.0,6.0,0.742587
1003.0,7.0,0.743931
1003.0,8.0,0.32157
1003.0,9.0,0.747676
1003.0,10.0,0.950247
1003.0,11.0,0.642025
1003.0,12.0,0.372745
1003.0,13.0,0.377017
1003.0,14.0,0.637858
1003.0,15.0,0.826072
1003.0,16.0,0.566812
1003.0,17.0,0.033445
1003.0,18.0,0.62958
1003.0,19.0,0.573481
1003.0,20.0,0.471795
1003.0,21.0,0.000404
1003.0,22.0,0.863149
1003.0,23.0,1.0
1003.0,24.0,0.48185
1003.0,25.0,0.502711
1003.0,26.0,0.82699
1003.0,27.0,0.45367
1003.0,28.0,0.716044
1003.0,29.0,1.0
1003.0,30.0,0.232871
1003.0,31.0,0.659573
1003.0,32.0,0.907051
1003.0,33.0,1.0
1003.0,34.0,0.062291
1003.0,35.0,0.430334
1003.0,36.0,0.388008
1003.0,37.0,0.535673
1003.0,38.0,0.47564
1003.0,39.0,0.818179
1003.0,40.0,0.651801
1003.0,41.0,0.803522
1003.0,42.0,0.385008
1003.0,43.0,0.919672
1003.0,44.0,0.611719
1003.0,45.0,0.785828
1003.0,46.0,0.512889
1003.0,47.0,0.774508
1003.0,48.0,0.868799
1003.0,49.0,0.298401
1003.0,50.0,0.130782
1003.0,51.0,0.308871
1003.0,52.0,0.972977
1003.0,53.0,0.800914
1003.0,54.0,0.773266
1003.0,55.0,0.133337
1003.0,56.0,0.381966
1003.0,57.0,0.019772
1003.0,58.0,0.437642
1003.0,59.0,0.303545
1003.0,60.0,0.77326
1003.0,61.0,0.739498
1003.0,62.0,0.209724
1003.0,63.0,0.568411
1003.0,64.0,0.8938
1003.0,65.0,0.125275
1003.0,66.0,0.084867
1003.0,67.0,0.525332
1003.0,68.0,0.138947
1003.0,69.0,0.182714
1003.0,70.0,0.285625
1003.0,71.0,0.131784
1003.0,72.0,0.555239
1003.0,73.0,0.5092
1003.0,74.0,0.65712
1003.0,75.0,0.562936
1003.0,76.0,0.760138
1003.0,77.0,0.711337
1003.0,78.0,0.363348
1003.0,79.0,0.058306
1003.0,80.0,0.714503
1003.0,81.0,0.31512
1003.0,82.0,0.568686
1003.0,83.0,0.537207
1003.0,84.0,1.0
1003.0,85.0,0.473816
1003.0,86.0,0.754957
1003.0,87.0,0.948981
1003.0,88.0,0.001917
1003.0,89.0,0.611494
1003.0,90.0,0.559343
1003.0,91.0,0.435278
1003.0,92.0,0.341345
1003.0,93.0,0.45993
1003.0,94.0,0.457992
1003.0,95.0,0.376829
1003.0,96.0,0.925467
1003.0,97.0,0.451176
1003.0,98.0,0.0
1003.0,99.0,0.246433
1003.0,100.0,0.562447
1003.0,101.0,0.470714
1003.0,102.0,0.809218
1003.0,103.0,0.050956
1003.0,104.0,0.354269
1003.0,105.0,0.542977
1003.0,106.0,0.569593
1003.0,107.0,0.625219
1003.0,108.0,0.813283
1003.0,109.0,0.848642
1003.0,110.0,0.437426
1003.0,111.0,0.877495
1003.0,112.0,0.417753
1003.0,113.0,0.494609
1003.0,114.0,0.406437
1003.0,115.0,0.196293
1003.0,116.0,0.729795
1003.0,117.0,0.333819
1003.0,118.0,0.817856
1003.0,119.0,0.387464
1003.0,120.0,0.011609
1003.0,121.0,0.294136
1003.0,122.0,0.555385
1003.0,123.0,0.997157
1003.0,124.0,0.461177
1003.0,125.0,0.4875
1003.0,126.0,0.371214
1003.0,127.0,0.068836
1003.0,128.0,0.10478
1003.0,129.0,0.82538
1003.0,130.0,0.087844
1003.0,131.0,0.790555
1003.0,132.0,0.386366
1003.0,133.0,0.786489
1003.0,134.0,0.482909
1003.0,135.0,0.359413
1003.0,136.0,0.97142
1003.0,137.0,0.499671
1003.0,138.0,0.736497
1003.0,139.0,0.424287
1003.0,140.0,0.106693
1003.0,141.0,0.607718
1003.0,142.0,0.992278
1003.0,143.0,0.198624
1003.0,144.0,0.343691
1003.0,145.0,0.387297
1003.0,146.0,0.543939
1003.0,147.0,1.0
1003.0,148.0,0.442697
1003.0,149.0,0.495105
1003.0,150.0,0.342321
1003.0,151.0,0.546659
1003.0,152.0,0.351359
1003.0,153.0,0.379832
1003.0,154.0,0.574949
1003.0,155.0,0.633836
1003.0,156.0,0.539151
1003.0,157.0,0.008016
1003.0,158.0,0.186558
1003.0,159.0,0.143381
1003.0,160.0,0.09412
1003.0,161.0,0.178927
1003.0,162.0,0.625442
1003.0,163.0,0.57565
1003.0,164.0,0.618323
1003.0,165.0,0.451801
1003.0,166.0,0.000124
1003.0,167.0,0.498071
1003.0,168.0,0.563237
1003.0,169.0,0.701533
1003.0,170.0,0.676162
1003.0,171.0,0.482404
1003.0,172.0,0.547579
1003.0,173.0,0.665784
1003.0,174.0,0.448182
1003.0,175.0,0.385519
1003.0,176.0,0.361699
1003.0,177.0,0.0
1003.0,178.0,0.944539
1003.0,179.0,0.394377
1003.0,180.0,0.345514
1003.0,181.0,0.386176
1003.0,182.0,0.221169
1003.0,183.0,0.007025
1003.0,184.0,0.491052
1003.0,185.0,0.498467
1003.0,186.0,0.880034
1003.0,187.0,0.493697
1003.0,188.0,0.127682
1003.0,189.0,0.796973
1003.0,190.0,0.979285
1003.0,191.0,0.663091
1003.0,192.0,0.370225
1003.0,193.0,0.698714
1003.0,194.0,0.093058
1003.0,195.0,0.483378
1003.0,196.0,0.49431
1003.0,197.0,0.30202
1003.0,198.0,0.462669
1003.0,199.0,0.154572
1003.0,200.0,0.060082
1003.0,201.0,0.738617
1003.0,202.0,0.994521
1003.0,203.0,0.604257
1003.0,204.0,0.305135
1003.0,205.0,0.003523
1003.0,206.0,0.400469
1003.0,207.0,0.936205
1003.0,208.0,0.569455
1003.0,209.0,0.557173
1003.0,210.0,0.331975
1003.0,211.0,0.32281
1003.0,212.0,0.586499
1003.0,213.0,0.010612
1003.0,214.0,0.576985
1003.0,215.0,0.672702
1003.0,216.0,1.0
1003.0,217.0,0.707039
1003.0,218.0,0.000496
1003.0,219.0,0.412392
1003.0,220.0,0.781421
1003.0,221.0,0.545679
1003.0,222.0,0.07287
1003.0,223.0,0.572597
1003.0,224.0,0.384194
1003.0,225.0,0.788982
1003.0,226.0,0.681132
1003.0,227.0,0.827363
1003.0,228.0,0.773539
1003.0,229.0,0.237881
1003.0,230.0,0.404786
1003.0,231.0,0.467642
1003.0,232.0,0.432994
1003.0,233.0,0.767629
1003.0,234.0,0.298828
1003.0,235.0,0.002496
1003.0,236.0,0.919068
1003.0,237.0,0.282997
1003.0,238.0,0.605365
1003.0,239.0,0.874177
1003.0,240.0,0.209037
1003.0,241.0,0.464799
1003.0,242.0,0.453641
1003.0,243.0,0.024798
1003.0,244.0,0.080011
1003.0,245.0,0.966183
1003.0,246.0,0.578707
1003.0,247.0,0.503728
1003.0,248.0,0.519031
1003.0,249.0,0.468529
1003.0,250.0,0.540638
1003.0,251.0,0.910643
1003.0,252.0,0.489324
1003.0,253.0,0.713609
1003.0,254.0,0.632099
1003.0,255.0,0.414356
1003.0,256.0,0.959223
1003.0,257.0,0.741956
1003.0,258.0,0.494291
1003.0,259.0,0.613293
1003.0,260.0,0.837636
1003.0,261.0,0.325842
1003.0,262.0,0.092371
1003.0,263.0,0.481636
1003.0,264.0,0.002792
1003.0,265.0,0.428319
1003.0,266.0,0.386644
1003.0,267.0,0.750259
1003.0,268.0,0.427394
1003.0,269.0,0.212356
1003.0,270.0,0.699204
1003.0,271.0,0.000645
1003.0,272.0,0.154045
1003.0,273.0,0.360283
1003.0,274.0,0.414244
1003.0,275.0,0.669213
1003.0,276.0,0.088346
1003.0,277.0,0.323183
1003.0,278.0,0.500093
1003.0,279.0,0.225794
1003.0,280.0,0.532513
1003.0,281.0,0.842303
1003.0,282.0,1.0
1003.0,283.0,0.467812
1003.0,284.0,0.428254
1003.0,285.0,0.464556
1003.0,286.0,0.813634
1003.0,287.0,0.296989
1003.0,288.0,0.452662
1003.0,289.0,0.408095
1003.0,290.0,0.535755
1003.0,291.0,0.424318
1003.0,292.0,0.678716
1003.0,293.0,0.973604
1003.0,294.0,0.416641
1003.0,295.0,0.273033
1003.0,296.0,0.064343
1003.0,297.0,0.553077
1003.0,298.0,0.33953
1003.0,299.0,0.000128
1003.0,300.0,0.418091
1003.0,301.0,0.632145
1003.0,302.0,0.324584
1003.0,303.0,0.864805
1003.0,304.0,0.090382
1003.0,305.0,0.74783
1003.0,306.0,0.669786
1003.0,307.0,0.553213
1003.0,308.0,0.543952
1003.0,309.0,0.0
1003.0,310.0,0.846504
1003.0,311.0,0.512067
1003.0,312.0,0.000932
1003.0,313.0,0.572515
1003.0,314.0,0.411103
1003.0,315.0,0.498223
1003.0,316.0,0.375357
1003.0,317.0,0.866378
1003.0,318.0,0.601033
1003.0,319.0,0.299976
1003.0,320.0,0.344904
1003.0,321.0,0.030099
1003.0,322.0,0.156746
1003.0,323.0,0.439458
1003.0,324.0,0.548925
1003.0,325.0,0.251791
1003.0,326.0,0.772326
1003.0,327.0,0.293292
1003.0,328.0,0.106798
1003.0,329.0,0.880877
1003.0,330.0,0.269879
1003.0,331.0,0.552294
1003.0,332.0,0.365176
1003.0,333.0,0.011496
1003.0,334.0,0.290904
1004.0,0.0,0.08729
1004.0,1.0,0.000285
1004.0,2.0,0.024023
1004.0,3.0,0.461207
1004.0,4.0,0.289359
1004.0,5.0,0.478505
1004.0,6.0,0.74528
1004.0,7.0,0.74629
1004.0,8.0,0.321672
1004.0,9.0,0.748906
1004.0,10.0,0.951217
1004.0,11.0,0.642902
1004.0,12.0,0.379017
1004.0,13.0,0.379793
1004.0,14.0,0.649229
1004.0,15.0,0.827078
1004.0,16.0,0.568418
1004.0,17.0,0.033768
1004.0,18.0,0.635707
1004.0,19.0,0.574635
1004.0,20.0,0.476513
1004.0,21.0,0.000471
1004.0,22.0,0.864583
1004.0,23.0,1.0
1004.0,24.0,0.484295
1004.0,25.0,0.51108
1004.0,26.0,0.833575
1004.0,27.0,0.4583
1004.0,28.0,0.719675
1004.0,29.0,1.0
1004.0,30.0,0.241824
1004.0,31.0,0.65987
1004.0,32.0,0.908581
1004.0,33.0,1.0
1004.0,34.0,0.065915
1004.0,35.0,0.431431
1004.0,36.0,0.389631
1004.0,37.0,0.536341
1004.0,38.0,0.480294
1004.0,39.0,0.824211
1004.0,40.0,0.655293
1004.0,41.0,0.806676
1004.0,42.0,0.390824
1004.0,43.0,0.926265
1004.0,44.0,0.617154
1004.0,45.0,0.793092
1004.0,46.0,0.51423
1004.0,47.0,0.785157
1004.0,48.0,0.869547
1004.0,49.0,0.299601
1004.0,50.0,0.131733
1004.0,51.0,0.312036
1004.0,52.0,0.974038
1004.0,53.0,0.804815
1004.0,54.0,0.774965
1004.0,55.0,0.134167
1004.0,56.0,0.382924
1004.0,57.0,0.020352
1004.0,58.0,0.43894
1004.0,59.0,0.310001
1004.0,60.0,0.774978
1004.0,61.0,0.742544
1004.0,62.0,0.214614
1004.0,63.0,0.570357
1004.0,64.0,0.895933
1004.0,65.0,0.126846
1004.0,66.0,0.084673
1004.0,67.0,0.528946
1004.0,68.0,0.139331
1004.0,69.0,0.183347
1004.0,70.0,0.287273
1004.0,71.0,0.133838
1004.0,72.0,0.559465
1004.0,73.0,0.509124
1004.0,74.0,0.659588
1004.0,75.0,0.570186
1004.0,76.0,0.762861
1004.0,77.0,0.712402
1004.0,78.0,0.372446
1004.0,79.0,0.059478
1004.0,80.0,0.715296
1004.0,81.0,0.316735
1004.0,82.0,0.571312
1004.0,83.0,0.539415
1004.0,84.0,1.0
1004.0,85.0,0.474321
1004.0,86.0,0.757867
1004.0,87.0,0.948967
1004.0,88.0,0.001979
1004.0,89.0,0.613763
1004.0,90.0,0.560614
1004.0,91.0,0.437302
1004.0,92.0,0.344893
1004.0,93.0,0.46072
1004.0,94.0,0.463365
1004.0,95.0,0.377551
1004.0,96.0,0.926601
1004.0,97.0,0.49335
1004.0,98.0,0.0
1004.0,99.0,0.248129
1004.0,100.0,0.564733
1004.0,101.0,0.472558
1004.0,102.0,0.815081
1004.0,103.0,0.051356
1004.0,104.0,0.356332
1004.0,105.0,0.545388
1004.0,106.0,0.572161
1004.0,107.0,0.626031
1004.0,108.0,0.818594
1004.0,109.0,0.8525
1004.0,110.0,0.438737
1004.0,111.0,0.878145
1004.0,112.0,0.418379
1004.0,113.0,0.494811
1004.0,114.0,0.412015
1004.0,115.0,0.197638
1004.0,116.0,0.730579
1004.0,117.0,0.335782
1004.0,118.0,0.820848
1004.0,119.0,0.389334
1004.0,120.0,0.011874
1004.0,121.0,0.304493
1004.0,122.0,0.557336
1004.0,123.0,0.997378
1004.0,124.0,0.466105
1004.0,125.0,0.49429
1004.0,126.0,0.37393
1004.0,127.0,0.069954
1004.0,128.0,0.106102
1004.0,129.0,0.826239
1004.0,130.0,0.08873
1004.0,131.0,0.793464
1004.0,132.0,0.393701
1004.0,133.0,0.788866
1004.0,134.0,0.485854
1004.0,135.0,0.368922
1004.0,136.0,0.972111
1004.0,137.0,0.502472
1004.0,138.0,0.742906
1004.0,139.0,0.429257
1004.0,140.0,0.107407
1004.0,141.0,0.60836
1004.0,142.0,0.992549
1004.0,143.0,0.201457
1004.0,144.0,0.343883
1004.0,145.0,0.391774
1004.0,146.0,0.545299
1004.0,147.0,1.0
1004.0,148.0,0.44624
1004.0,149.0,0.50333
1004.0,150.0,0.344335
1004.0,151.0,0.549078
1004.0,152.0,0.351733
1004.0,153.0,0.390152
1004.0,154.0,0.576654
1004.0,155.0,0.640559
1004.0,156.0,0.538812
1004.0,157.0,0.008023
1004.0,158.0,0.192442
1004.0,159.0,0.147118
1004.0,160.0,0.096556
1004.0,161.0,0.18028
1004.0,162.0,0.626645
1004.0,163.0,0.578267
1004.0,164.0,0.621278
1004.0,165.0,0.457872
1004.0,166.0,0.000167
1004.0,167.0,0.497617
1004.0,168.0,0.564237
1004.0,169.0,0.729904
1004.0,170.0,0.680025
1004.0,171.0,0.483856
1004.0,172.0,0.550234
1004.0,173.0,0.669579
1004.0,174.0,0.448399
1004.0,175.0,0.386414
1004.0,176.0,0.364093
1004.0,177.0,0.0
1004.0,178.0,0.946031
1004.0,179.0,0.40189
1004.0,180.0,0.350211
1004.0,181.0,0.387364
1004.0,182.0,0.221365
1004.0,183.0,0.007554
1004.0,184.0,0.495194
1004.0,185.0,0.499915
1004.0,186.0,0.883189
1004.0,187.0,0.494693
1004.0,188.0,0.127887
1004.0,189.0,0.798445
1004.0,190.0,0.9815
1004.0,191.0,0.663843
1004.0,192.0,0.370413
1004.0,193.0,0.700341
1004.0,194.0,0.094784
1004.0,195.0,0.489549
1004.0,196.0,0.495273
1004.0,197.0,0.305885
1004.0,198.0,0.466976
1004.0,199.0,0.155379
1004.0,200.0,0.061009
1004.0,201.0,0.739708
1004.0,202.0,0.994753
1004.0,203.0,0.622405
1004.0,204.0,0.307145
1004.0,205.0,0.003679
1004.0,206.0,0.425426
1004.0,207.0,0.940816
1004.0,208.0,0.572866
1004.0,209.0,0.558423
1004.0,210.0,0.341108
1004.0,211.0,0.323871
1004.0,212.0,0.593508
1004.0,213.0,0.010777
1004.0,214.0,0.583327
1004.0,215.0,0.678109
1004.0,216.0,1.0
1004.0,217.0,0.711623
1004.0,218.0,0.000446
1004.0,219.0,0.413331
1004.0,220.0,0.783918
1004.0,221.0,0.555901
1004.0,222.0,0.073452
1004.0,223.0,0.573457
1004.0,224.0,0.38739
1004.0,225.0,0.791818
1004.0,226.0,0.685679
1004.0,227.0,0.82966
1004.0,228.0,0.775163
1004.0,229.0,0.240479
1004.0,230.0,0.406004
1004.0,231.0,0.52133
1004.0,232.0,0.432484
1004.0,233.0,0.771724
1004.0,234.0,0.302981
1004.0,235.0,0.002559
1004.0,236.0,0.919737
1004.0,237.0,0.283539
1004.0,238.0,0.616976
1004.0,239.0,0.875147
1004.0,240.0,0.210515
1004.0,241.0,0.468156
1004.0,242.0,0.457597
1004.0,243.0,0.025312
1004.0,244.0,0.081347
1004.0,245.0,0.968598
1004.0,246.0,0.579655
1004.0,247.0,0.504404
1004.0,248.0,0.522538
1004.0,249.0,0.472451
1004.0,250.0,0.548141
1004.0,251.0,0.911493
1004.0,252.0,0.490291
1004.0,253.0,0.716252
1004.0,254.0,0.636681
1004.0,255.0,0.416309
1004.0,256.0,0.960598
1004.0,257.0,0.744375
1004.0,258.0,0.496242
1004.0,259.0,0.61555
1004.0,260.0,0.84079
1004.0,261.0,0.333257
1004.0,262.0,0.093017
1004.0,263.0,0.483113
1004.0,264.0,0.003099
1004.0,265.0,0.4283
1004.0,266.0,0.38986
1004.0,267.0,0.753089
1004.0,268.0,0.432635
1004.0,269.0,0.215185
1004.0,270.0,0.699504
1004.0,271.0,0.000626
1004.0,272.0,0.155947
1004.0,273.0,0.363463
1004.0,274.0,0.415137
1004.0,275.0,0.671005
1004.0,276.0,0.089125
1004.0,277.0,0.326945
1004.0,278.0,0.502525
1004.0,279.0,0.228518
1004.0,280.0,0.533435
1004.0,281.0,0.846186
1004.0,282.0,1.0
1004.0,283.0,0.469005
1004.0,284.0,0.429563
1004.0,285.0,0.471614
1004.0,286.0,0.818041
1004.0,287.0,0.298913
1004.0,288.0,0.459225
1004.0,289.0,0.415536
1004.0,290.0,0.536823
1004.0,291.0,0.426564
1004.0,292.0,0.681177
1004.0,293.0,0.974114
1004.0,294.0,0.416916
1004.0,295.0,0.276118
1004.0,296.0,0.065462
1004.0,297.0,0.553385
1004.0,298.0,0.341542
1004.0,299.0,0.000132
1004.0,300.0,0.421948
1004.0,301.0,0.633372
1004.0,302.0,0.326815
1004.0,303.0,0.86567
1004.0,304.0,0.091443
1004.0,305.0,0.748948
1004.0,306.0,0.67046
1004.0,307.0,0.55404
1004.0,308.0,0.547578
1004.0,309.0,0.0
1004.0,310.0,0.849325
1004.0,311.0,0.512487
1004.0,312.0,0.000952
1004.0,313.0,0.573396
1004.0,314.0,0.413096
1004.0,315.0,0.502362
1004.0,316.0,0.377569
1004.0,317.0,0.867215
1004.0,318.0,0.602802
1004.0,319.0,0.300738
1004.0,320.0,0.35377
1004.0,321.0,0.030653
1004.0,322.0,0.159137
1004.0,323.0,0.471741
1004.0,324.0,0.550656
1004.0,325.0,0.262792
1004.0,326.0,0.773558
1004.0,327.0,0.293962
1004.0,328.0,0.106722
1004.0,329.0,0.888845
1004.0,330.0,0.272367
1004.0,331.0,0.552554
1004.0,332.0,0.369435
1004.0,333.0,0.012042
1004.0,334.0,0.295014
1005.0,0.0,0.087352
1005.0,1.0,0.000295
1005.0,2.0,0.02419
1005.0,3.0,0.465462
1005.0,4.0,0.291085
1005.0,5.0,0.487524
1005.0,6.0,0.748147
1005.0,7.0,0.748348
1005.0,8.0,0.322023
1005.0,9.0,0.750708
1005.0,10.0,0.95163
1005.0,11.0,0.644131
1005.0,12.0,0.385309
1005.0,13.0,0.383051
1005.0,14.0,0.659997
1005.0,15.0,0.828038
1005.0,16.0,0.569672
1005.0,17.0,0.034415
1005.0,18.0,0.643438
1005.0,19.0,0.5761
1005.0,20.0,0.481767
1005.0,21.0,0.00048
1005.0,22.0,0.866271
1005.0,23.0,1.0
1005.0,24.0,0.4858
1005.0,25.0,0.518115
1005.0,26.0,0.840787
1005.0,27.0,0.463727
1005.0,28.0,0.72311
1005.0,29.0,1.0
1005.0,30.0,0.251616
1005.0,31.0,0.660834
1005.0,32.0,0.909987
1005.0,33.0,1.0
1005.0,34.0,0.069928
1005.0,35.0,0.43183
1005.0,36.0,0.391471
1005.0,37.0,0.536702
1005.0,38.0,0.484146
1005.0,39.0,0.830891
1005.0,40.0,0.658897
1005.0,41.0,0.809302
1005.0,42.0,0.39688
1005.0,43.0,0.932186
1005.0,44.0,0.622226
1005.0,45.0,0.798783
1005.0,46.0,0.515192
1005.0,47.0,0.79525
1005.0,48.0,0.871301
1005.0,49.0,0.301226
1005.0,50.0,0.132672
1005.0,51.0,0.316127
1005.0,52.0,0.974944
1005.0,53.0,0.808187
1005.0,54.0,0.776924
1005.0,55.0,0.135128
1005.0,56.0,0.383913
1005.0,57.0,0.020897
1005.0,58.0,0.441219
1005.0,59.0,0.315807
1005.0,60.0,0.776752
1005.0,61.0,0.744821
1005.0,62.0,0.220404
1005.0,63.0,0.572589
1005.0,64.0,0.897348
1005.0,65.0,0.12795
1005.0,66.0,0.085741
1005.0,67.0,0.531222
1005.0,68.0,0.139818
1005.0,69.0,0.184162
1005.0,70.0,0.28861
1005.0,71.0,0.136581
1005.0,72.0,0.563004
1005.0,73.0,0.50943
1005.0,74.0,0.661715
1005.0,75.0,0.576827
1005.0,76.0,0.765356
1005.0,77.0,0.713162
1005.0,78.0,0.380954
1005.0,79.0,0.061268
1005.0,80.0,0.715874
1005.0,81.0,0.318865
1005.0,82.0,0.57408
1005.0,83.0,0.541055
1005.0,84.0,1.0
1005.0,85.0,0.475223
1005.0,86.0,0.761103
1005.0,87.0,0.949213
1005.0,88.0,0.001988
1005.0,89.0,0.616264
1005.0,90.0,0.56079
1005.0,91.0,0.439937
1005.0,92.0,0.347858
1005.0,93.0,0.462807
1005.0,94.0,0.467646
1005.0,95.0,0.377887
1005.0,96.0,0.927805
1005.0,97.0,0.533498
1005.0,98.0,0.0
1005.0,99.0,0.249269
1005.0,100.0,0.567023
1005.0,101.0,0.474393
1005.0,102.0,0.821355
1005.0,103.0,0.051809
1005.0,104.0,0.357765
1005.0,105.0,0.547198
1005.0,106.0,0.574318
1005.0,107.0,0.626676
1005.0,108.0,0.823626
1005.0,109.0,0.856381
1005.0,110.0,0.439847
1005.0,111.0,0.879487
1005.0,112.0,0.41861
1005.0,113.0,0.494745
1005.0,114.0,0.418235
1005.0,115.0,0.199061
1005.0,116.0,0.731218
1005.0,117.0,0.337704
1005.0,118.0,0.823246
1005.0,119.0,0.392016
1005.0,120.0,0.012158
1005.0,121.0,0.315413
1005.0,122.0,0.559966
1005.0,123.0,0.997547
1005.0,124.0,0.471353
1005.0,125.0,0.499762
1005.0,126.0,0.377099
1005.0,127.0,0.071514
1005.0,128.0,0.106381
1005.0,129.0,0.828193
1005.0,130.0,0.088825
1005.0,131.0,0.795918
1005.0,132.0,0.400625
1005.0,133.0,0.791576
1005.0,134.0,0.489165
1005.0,135.0,0.37838
1005.0,136.0,0.972876
1005.0,137.0,0.504715
1005.0,138.0,0.749234
1005.0,139.0,0.43279
1005.0,140.0,0.108082
1005.0,141.0,0.609726
1005.0,142.0,0.9927
1005.0,143.0,0.203826
1005.0,144.0,0.344913
1005.0,145.0,0.395547
1005.0,146.0,0.547892
1005.0,147.0,1.0
1005.0,148.0,0.448721
1005.0,149.0,0.511185
1005.0,150.0,0.345951
1005.0,151.0,0.552868
1005.0,152.0,0.352958
1005.0,153.0,0.399772
1005.0,154.0,0.579646
1005.0,155.0,0.646928
1005.0,156.0,0.538236
1005.0,157.0,0.008193
1005.0,158.0,0.198235
1005.0,159.0,0.150996
1005.0,160.0,0.098971
1005.0,161.0,0.181153
1005.0,162.0,0.626469
1005.0,163.0,0.580466
1005.0,164.0,0.623989
1005.0,165.0,0.464573
1005.0,166.0,0.000195
1005.0,167.0,0.499029
1005.0,168.0,0.565378
1005.0,169.0,0.756009
1005.0,170.0,0.683117
1005.0,171.0,0.484761
1005.0,172.0,0.551333
1005.0,173.0,0.671702
1005.0,174.0,0.448741
1005.0,175.0,0.387763
1005.0,176.0,0.36666
1005.0,177.0,0.0
1005.0,178.0,0.947016
1005.0,179.0,0.410356
1005.0,180.0,0.354744
1005.0,181.0,0.390635
1005.0,182.0,0.222215
1005.0,183.0,0.008125
1005.0,184.0,0.498969
1005.0,185.0,0.500842
1005.0,186.0,0.886521
1005.0,187.0,0.495333
1005.0,188.0,0.128416
1005.0,189.0,0.798825
1005.0,190.0,0.983373
1005.0,191.0,0.664543
1005.0,192.0,0.370837
1005.0,193.0,0.701481
1005.0,194.0,0.096556
1005.0,195.0,0.494495
1005.0,196.0,0.496257
1005.0,197.0,0.308542
1005.0,198.0,0.47135
1005.0,199.0,0.155833
1005.0,200.0,0.062553
1005.0,201.0,0.739756
1005.0,202.0,0.99499
1005.0,203.0,0.639186
1005.0,204.0,0.309566
1005.0,205.0,0.003857
1005.0,206.0,0.449353
1005.0,207.0,0.945397
1005.0,208.0,0.576062
1005.0,209.0,0.559652
1005.0,210.0,0.350948
1005.0,211.0,0.32415
1005.0,212.0,0.601466
1005.0,213.0,0.01106
1005.0,214.0,0.588972
1005.0,215.0,0.682845
1005.0,216.0,1.0
1005.0,217.0,0.715507
1005.0,218.0,0.000438
1005.0,219.0,0.414928
1005.0,220.0,0.785841
1005.0,221.0,0.565684
1005.0,222.0,0.074229
1005.0,223.0,0.575041
1005.0,224.0,0.39044
1005.0,225.0,0.794792
1005.0,226.0,0.691144
1005.0,227.0,0.832648
1005.0,228.0,0.777092
1005.0,229.0,0.243103
1005.0,230.0,0.406841
1005.0,231.0,0.569131
1005.0,232.0,0.432598
1005.0,233.0,0.775533
1005.0,234.0,0.307679
1005.0,235.0,0.002581
1005.0,236.0,0.920511
1005.0,237.0,0.284346
1005.0,238.0,0.627009
1005.0,239.0,0.875565
1005.0,240.0,0.212519
1005.0,241.0,0.471645
1005.0,242.0,0.461663
1005.0,243.0,0.025916
1005.0,244.0,0.08196
1005.0,245.0,0.970916
1005.0,246.0,0.580372
1005.0,247.0,0.505242
1005.0,248.0,0.525965
1005.0,249.0,0.47698
1005.0,250.0,0.554091
1005.0,251.0,0.9125
1005.0,252.0,0.491002
1005.0,253.0,0.719006
1005.0,254.0,0.642119
1005.0,255.0,0.418376
1005.0,256.0,0.961862
1005.0,257.0,0.746925
1005.0,258.0,0.498466
1005.0,259.0,0.617858
1005.0,260.0,0.843809
1005.0,261.0,0.340592
1005.0,262.0,0.093704
1005.0,263.0,0.484806
1005.0,264.0,0.003584
1005.0,265.0,0.428685
1005.0,266.0,0.394132
1005.0,267.0,0.755327
1005.0,268.0,0.438462
1005.0,269.0,0.217246
1005.0,270.0,0.699798
1005.0,271.0,0.000653
1005.0,272.0,0.157524
1005.0,273.0,0.366507
1005.0,274.0,0.416337
1005.0,275.0,0.672673
1005.0,276.0,0.090436
1005.0,277.0,0.32957
1005.0,278.0,0.504965
1005.0,279.0,0.231663
1005.0,280.0,0.534569
1005.0,281.0,0.849349
1005.0,282.0,1.0
1005.0,283.0,0.470113
1005.0,284.0,0.430342
1005.0,285.0,0.477536
1005.0,286.0,0.822901
1005.0,287.0,0.30155
1005.0,288.0,0.463507
1005.0,289.0,0.423137
1005.0,290.0,0.537442
1005.0,291.0,0.428601
1005.0,292.0,0.684108
1005.0,293.0,0.974716
1005.0,294.0,0.416669
1005.0,295.0,0.279805
1005.0,296.0,0.067268
1005.0,297.0,0.554248
1005.0,298.0,0.34421
1005.0,299.0,0.000131
1005.0,300.0,0.425372
1005.0,301.0,0.633368
1005.0,302.0,0.329017
1005.0,303.0,0.867101
1005.0,304.0,0.09211
1005.0,305.0,0.750477
1005.0,306.0,0.67144
1005.0,307.0,0.555106
1005.0,308.0,0.552367
1005.0,309.0,0.0
1005.0,310.0,0.852033
1005.0,311.0,0.512752
1005.0,312.0,0.000974
1005.0,313.0,0.574229
1005.0,314.0,0.413748
1005.0,315.0,0.504759
1005.0,316.0,0.378586
1005.0,317.0,0.868399
1005.0,318.0,0.604071
1005.0,319.0,0.301907
1005.0,320.0,0.361974
1005.0,321.0,0.031277
1005.0,322.0,0.160868
1005.0,323.0,0.50178
1005.0,324.0,0.55195
1005.0,325.0,0.273323
1005.0,326.0,0.77487
1005.0,327.0,0.294672
1005.0,328.0,0.106842
1005.0,329.0,0.896757
1005.0,330.0,0.274854
1005.0,331.0,0.553782
1005.0,332.0,0.374545
1005.0,333.0,0.012646
1005.0,334.0,0.299376
1006.0,0.0,0.086664
1006.0,1.0,0.000285
1006.0,2.0,0.023555
1006.0,3.0,0.460418
1006.0,4.0,0.288993
1006.0,5.0,0.477889
1006.0,6.0,0.745275
1006.0,7.0,0.7466
1006.0,8.0,0.32203
1006.0,9.0,0.749217
1006.0,10.0,0.951139
1006.0,11.0,0.643589
1006.0,12.0,0.377491
1006.0,13.0,0.379864
1006.0,14.0,0.646089
1006.0,15.0,0.82691
1006.0,16.0,0.568521
1006.0,17.0,0.033639
1006.0,18.0,0.636314
1006.0,19.0,0.574548
1006.0,20.0,0.476169
1006.0,21.0,0.000479
1006.0,22.0,0.864374
1006.0,23.0,1.0
1006.0,24.0,0.483827
1006.0,25.0,0.51019
1006.0,26.0,0.833929
1006.0,27.0,0.458968
1006.0,28.0,0.719514
1006.0,29.0,1.0
1006.0,30.0,0.241918
1006.0,31.0,0.65977
1006.0,32.0,0.909613
1006.0,33.0,1.0
1006.0,34.0,0.065386
1006.0,35.0,0.430715
1006.0,36.0,0.388895
1006.0,37.0,0.535812
1006.0,38.0,0.479205
1006.0,39.0,0.824583
1006.0,40.0,0.655741
1006.0,41.0,0.806159
1006.0,42.0,0.391027
1006.0,43.0,0.926054
1006.0,44.0,0.61682
1006.0,45.0,0.792532
1006.0,46.0,0.514906
1006.0,47.0,0.785214
1006.0,48.0,0.870577
1006.0,49.0,0.298905
1006.0,50.0,0.131217
1006.0,51.0,0.312945
1006.0,52.0,0.974165
1006.0,53.0,0.804567
1006.0,54.0,0.775912
1006.0,55.0,0.133526
1006.0,56.0,0.3822
1006.0,57.0,0.020053
1006.0,58.0,0.439597
1006.0,59.0,0.309797
1006.0,60.0,0.775741
1006.0,61.0,0.741459
1006.0,62.0,0.215177
1006.0,63.0,0.57115
1006.0,64.0,0.896158
1006.0,65.0,0.127045
1006.0,66.0,0.085081
1006.0,67.0,0.527053
1006.0,68.0,0.13946
1006.0,69.0,0.183423
1006.0,70.0,0.286527
1006.0,71.0,0.133402
1006.0,72.0,0.558991
1006.0,73.0,0.50902
1006.0,74.0,0.660022
1006.0,75.0,0.571076
1006.0,76.0,0.7638
1006.0,77.0,0.712229
1006.0,78.0,0.370301
1006.0,79.0,0.059365
1006.0,80.0,0.715357
1006.0,81.0,0.31613
1006.0,82.0,0.571123
1006.0,83.0,0.538882
1006.0,84.0,1.0
1006.0,85.0,0.474585
1006.0,86.0,0.757738
1006.0,87.0,0.948455
1006.0,88.0,0.001938
1006.0,89.0,0.614176
1006.0,90.0,0.559841
1006.0,91.0,0.436774
1006.0,92.0,0.344334
1006.0,93.0,0.461428
1006.0,94.0,0.46301
1006.0,95.0,0.377292
1006.0,96.0,0.927138
1006.0,97.0,0.485225
1006.0,98.0,0.0
1006.0,99.0,0.247441
1006.0,100.0,0.565275
1006.0,101.0,0.472231
1006.0,102.0,0.815419
1006.0,103.0,0.051241
1006.0,104.0,0.35616
1006.0,105.0,0.545813
1006.0,106.0,0.570675
1006.0,107.0,0.627072
1006.0,108.0,0.818976
1006.0,109.0,0.852386
1006.0,110.0,0.439077
1006.0,111.0,0.878667
1006.0,112.0,0.418184
1006.0,113.0,0.494735
1006.0,114.0,0.412511
1006.0,115.0,0.198569
1006.0,116.0,0.731167
1006.0,117.0,0.334912
1006.0,118.0,0.820742
1006.0,119.0,0.388887
1006.0,120.0,0.011669
1006.0,121.0,0.303635
1006.0,122.0,0.558087
1006.0,123.0,0.997335
1006.0,124.0,0.465257
1006.0,125.0,0.493108
1006.0,126.0,0.374537
1006.0,127.0,0.069608
1006.0,128.0,0.105066
1006.0,129.0,0.826099
1006.0,130.0,0.088348
1006.0,131.0,0.793768
1006.0,132.0,0.392477
1006.0,133.0,0.78907
1006.0,134.0,0.487058
1006.0,135.0,0.368229
1006.0,136.0,0.972212
1006.0,137.0,0.502896
1006.0,138.0,0.742987
1006.0,139.0,0.427319
1006.0,140.0,0.107003
1006.0,141.0,0.607502
1006.0,142.0,0.992589
1006.0,143.0,0.200629
1006.0,144.0,0.343951
1006.0,145.0,0.39164
1006.0,146.0,0.545143
1006.0,147.0,1.0
1006.0,148.0,0.445857
1006.0,149.0,0.501806
1006.0,150.0,0.344013
1006.0,151.0,0.549554
1006.0,152.0,0.352167
1006.0,153.0,0.389735
1006.0,154.0,0.578252
1006.0,155.0,0.640377
1006.0,156.0,0.538272
1006.0,157.0,0.008187
1006.0,158.0,0.192382
1006.0,159.0,0.146246
1006.0,160.0,0.095753
1006.0,161.0,0.179652
1006.0,162.0,0.62508
1006.0,163.0,0.577932
1006.0,164.0,0.620721
1006.0,165.0,0.457983
1006.0,166.0,0.000144
1006.0,167.0,0.497913
1006.0,168.0,0.564171
1006.0,169.0,0.726492
1006.0,170.0,0.678926
1006.0,171.0,0.483572
1006.0,172.0,0.549628
1006.0,173.0,0.668873
1006.0,174.0,0.44796
1006.0,175.0,0.386585
1006.0,176.0,0.363983
1006.0,177.0,0.0
1006.0,178.0,0.946236
1006.0,179.0,0.400847
1006.0,180.0,0.349518
1006.0,181.0,0.388302
1006.0,182.0,0.221322
1006.0,183.0,0.007478
1006.0,184.0,0.494026
1006.0,185.0,0.499857
1006.0,186.0,0.883029
1006.0,187.0,0.495359
1006.0,188.0,0.127369
1006.0,189.0,0.798007
1006.0,190.0,0.981508
1006.0,191.0,0.663737
1006.0,192.0,0.370671
1006.0,193.0,0.701845
1006.0,194.0,0.094401
1006.0,195.0,0.488089
1006.0,196.0,0.494178
1006.0,197.0,0.304236
1006.0,198.0,0.467039
1006.0,199.0,0.154965
1006.0,200.0,0.060684
1006.0,201.0,0.738614
1006.0,202.0,0.994896
1006.0,203.0,0.621389
1006.0,204.0,0.306977
1006.0,205.0,0.003685
1006.0,206.0,0.422885
1006.0,207.0,0.94102
1006.0,208.0,0.572751
1006.0,209.0,0.558515
1006.0,210.0,0.341263
1006.0,211.0,0.322757
1006.0,212.0,0.593109
1006.0,213.0,0.010904
1006.0,214.0,0.581847
1006.0,215.0,0.676424
1006.0,216.0,1.0
1006.0,217.0,0.711066
1006.0,218.0,0.000414
1006.0,219.0,0.413305
1006.0,220.0,0.783161
1006.0,221.0,0.554082
1006.0,222.0,0.072923
1006.0,223.0,0.573773
1006.0,224.0,0.388004
1006.0,225.0,0.792451
1006.0,226.0,0.685936
1006.0,227.0,0.829794
1006.0,228.0,0.774724
1006.0,229.0,0.240837
1006.0,230.0,0.405242
1006.0,231.0,0.50864
1006.0,232.0,0.43186
1006.0,233.0,0.772517
1006.0,234.0,0.302117
1006.0,235.0,0.002451
1006.0,236.0,0.919702
1006.0,237.0,0.282783
1006.0,238.0,0.614831
1006.0,239.0,0.875432
1006.0,240.0,0.210404
1006.0,241.0,0.467134
1006.0,242.0,0.458852
1006.0,243.0,0.025123
1006.0,244.0,0.080639
1006.0,245.0,0.968769
1006.0,246.0,0.579947
1006.0,247.0,0.504933
1006.0,248.0,0.522244
1006.0,249.0,0.47273
1006.0,250.0,0.547401
1006.0,251.0,0.912012
1006.0,252.0,0.490005
1006.0,253.0,0.716204
1006.0,254.0,0.637003
1006.0,255.0,0.416748
1006.0,256.0,0.960531
1006.0,257.0,0.744287
1006.0,258.0,0.496121
1006.0,259.0,0.61692
1006.0,260.0,0.840916
1006.0,261.0,0.33321
1006.0,262.0,0.093097
1006.0,263.0,0.483824
1006.0,264.0,0.003221
1006.0,265.0,0.428622
1006.0,266.0,0.388971
1006.0,267.0,0.75253
1006.0,268.0,0.432187
1006.0,269.0,0.214859
1006.0,270.0,0.699721
1006.0,271.0,0.000607
1006.0,272.0,0.154999
1006.0,273.0,0.363423
1006.0,274.0,0.416344
1006.0,275.0,0.671266
1006.0,276.0,0.089325
1006.0,277.0,0.326302
1006.0,278.0,0.503126
1006.0,279.0,0.227908
1006.0,280.0,0.53362
1006.0,281.0,0.846494
1006.0,282.0,1.0
1006.0,283.0,0.469935
1006.0,284.0,0.429351
1006.0,285.0,0.470322
1006.0,286.0,0.818951
1006.0,287.0,0.29944
1006.0,288.0,0.456647
1006.0,289.0,0.41562
1006.0,290.0,0.536587
1006.0,291.0,0.426279
1006.0,292.0,0.681626
1006.0,293.0,0.974549
1006.0,294.0,0.416286
1006.0,295.0,0.276637
1006.0,296.0,0.066226
1006.0,297.0,0.554474
1006.0,298.0,0.341818
1006.0,299.0,0.000111
1006.0,300.0,0.422235
1006.0,301.0,0.632618
1006.0,302.0,0.326332
1006.0,303.0,0.866383
1006.0,304.0,0.091178
1006.0,305.0,0.74842
1006.0,306.0,0.670016
1006.0,307.0,0.55413
1006.0,308.0,0.548535
1006.0,309.0,0.0
1006.0,310.0,0.850531
1006.0,311.0,0.512547
1006.0,312.0,0.000927
1006.0,313.0,0.57322
1006.0,314.0,0.411626
1006.0,315.0,0.502243
1006.0,316.0,0.376541
1006.0,317.0,0.866978
1006.0,318.0,0.60277
1006.0,319.0,0.29989
1006.0,320.0,0.353586
1006.0,321.0,0.030606
1006.0,322.0,0.159318
1006.0,323.0,0.46558
1006.0,324.0,0.549238
1006.0,325.0,0.261774
1006.0,326.0,0.773395
1006.0,327.0,0.293527
1006.0,328.0,0.106798
1006.0,329.0,0.888452
1006.0,330.0,0.272316
1006.0,331.0,0.553006
1006.0,332.0,0.370399
1006.0,333.0,0.011987
1006.0,334.0,0.294244
1007.0,0.0,0.086105
1007.0,1.0,0.000299
1007.0,2.0,0.02302
1007.0,3.0,0.455442
1007.0,4.0,0.286054
1007.0,5.0,0.4684
1007.0,6.0,0.742132
1007.0,7.0,0.744566
1007.0,8.0,0.321169
1007.0,9.0,0.747688
1007.0,10.0,0.950097
1007.0,11.0,0.643183
1007.0,12.0,0.370656
1007.0,13.0,0.376688
1007.0,14.0,0.634204
1007.0,15.0,0.826215
1007.0,16.0,0.567773
1007.0,17.0,0.033319
1007.0,18.0,0.628791
1007.0,19.0,0.573421
1007.0,20.0,0.470119
1007.0,21.0,0.000424
1007.0,22.0,0.862926
1007.0,23.0,1.0
1007.0,24.0,0.48213
1007.0,25.0,0.502324
1007.0,26.0,0.826607
1007.0,27.0,0.45358
1007.0,28.0,0.715298
1007.0,29.0,1.0
1007.0,30.0,0.232141
1007.0,31.0,0.659633
1007.0,32.0,0.908733
1007.0,33.0,1.0
1007.0,34.0,0.061863
1007.0,35.0,0.430603
1007.0,36.0,0.386688
1007.0,37.0,0.535178
1007.0,38.0,0.473937
1007.0,39.0,0.817131
1007.0,40.0,0.652418
1007.0,41.0,0.803029
1007.0,42.0,0.385046
1007.0,43.0,0.919037
1007.0,44.0,0.611744
1007.0,45.0,0.785502
1007.0,46.0,0.514939
1007.0,47.0,0.774724
1007.0,48.0,0.869952
1007.0,49.0,0.295508
1007.0,50.0,0.129555
1007.0,51.0,0.309554
1007.0,52.0,0.973359
1007.0,53.0,0.80125
1007.0,54.0,0.774173
1007.0,55.0,0.131766
1007.0,56.0,0.381482
1007.0,57.0,0.019349
1007.0,58.0,0.438912
1007.0,59.0,0.30386
1007.0,60.0,0.775334
1007.0,61.0,0.738542
1007.0,62.0,0.210491
1007.0,63.0,0.569395
1007.0,64.0,0.894424
1007.0,65.0,0.12574
1007.0,66.0,0.083832
1007.0,67.0,0.523203
1007.0,68.0,0.138761
1007.0,69.0,0.182059
1007.0,70.0,0.28532
1007.0,71.0,0.131132
1007.0,72.0,0.554971
1007.0,73.0,0.508542
1007.0,74.0,0.656969
1007.0,75.0,0.565021
1007.0,76.0,0.761398
1007.0,77.0,0.711568
1007.0,78.0,0.361596
1007.0,79.0,0.057806
1007.0,80.0,0.714138
1007.0,81.0,0.313743
1007.0,82.0,0.568334
1007.0,83.0,0.536769
1007.0,84.0,1.0
1007.0,85.0,0.474352
1007.0,86.0,0.753867
1007.0,87.0,0.947827
1007.0,88.0,0.001892
1007.0,89.0,0.612182
1007.0,90.0,0.560353
1007.0,91.0,0.434567
1007.0,92.0,0.341109
1007.0,93.0,0.460026
1007.0,94.0,0.459353
1007.0,95.0,0.37576
1007.0,96.0,0.926777
1007.0,97.0,0.438934
1007.0,98.0,0.0
1007.0,99.0,0.246059
1007.0,100.0,0.564846
1007.0,101.0,0.470236
1007.0,102.0,0.809091
1007.0,103.0,0.05037
1007.0,104.0,0.354495
1007.0,105.0,0.544117
1007.0,106.0,0.568075
1007.0,107.0,0.627784
1007.0,108.0,0.814289
1007.0,109.0,0.848752
1007.0,110.0,0.438713
1007.0,111.0,0.877727
1007.0,112.0,0.417058
1007.0,113.0,0.493933
1007.0,114.0,0.406795
1007.0,115.0,0.197586
1007.0,116.0,0.730551
1007.0,117.0,0.332779
1007.0,118.0,0.818552
1007.0,119.0,0.385714
1007.0,120.0,0.01127
1007.0,121.0,0.291494
1007.0,122.0,0.555629
1007.0,123.0,0.997244
1007.0,124.0,0.459248
1007.0,125.0,0.486651
1007.0,126.0,0.371964
1007.0,127.0,0.06763
1007.0,128.0,0.104308
1007.0,129.0,0.823524
1007.0,130.0,0.087422
1007.0,131.0,0.791655
1007.0,132.0,0.385769
1007.0,133.0,0.78642
1007.0,134.0,0.484721
1007.0,135.0,0.358423
1007.0,136.0,0.971587
1007.0,137.0,0.501362
1007.0,138.0,0.73645
1007.0,139.0,0.422947
1007.0,140.0,0.105599
1007.0,141.0,0.606058
1007.0,142.0,0.992549
1007.0,143.0,0.19659
1007.0,144.0,0.342169
1007.0,145.0,0.388058
1007.0,146.0,0.543954
1007.0,147.0,1.0
1007.0,148.0,0.442814
1007.0,149.0,0.49278
1007.0,150.0,0.34229
1007.0,151.0,0.546369
1007.0,152.0,0.352046
1007.0,153.0,0.379056
1007.0,154.0,0.57775
1007.0,155.0,0.634875
1007.0,156.0,0.538662
1007.0,157.0,0.007912
1007.0,158.0,0.187495
1007.0,159.0,0.142105
1007.0,160.0,0.093029
1007.0,161.0,0.177671
1007.0,162.0,0.623569
1007.0,163.0,0.574752
1007.0,164.0,0.617644
1007.0,165.0,0.450707
1007.0,166.0,0.000113
1007.0,167.0,0.49669
1007.0,168.0,0.56396
1007.0,169.0,0.697715
1007.0,170.0,0.674993
1007.0,171.0,0.482172
1007.0,172.0,0.547728
1007.0,173.0,0.665763
1007.0,174.0,0.44804
1007.0,175.0,0.384258
1007.0,176.0,0.361908
1007.0,177.0,0.0
1007.0,178.0,0.944812
1007.0,179.0,0.392025
1007.0,180.0,0.344662
1007.0,181.0,0.386705
1007.0,182.0,0.219986
1007.0,183.0,0.00685
1007.0,184.0,0.48852
1007.0,185.0,0.498262
1007.0,186.0,0.879735
1007.0,187.0,0.494388
1007.0,188.0,0.126594
1007.0,189.0,0.797029
1007.0,190.0,0.979472
1007.0,191.0,0.662885
1007.0,192.0,0.369928
1007.0,193.0,0.701283
1007.0,194.0,0.0924
1007.0,195.0,0.48164
1007.0,196.0,0.492033
1007.0,197.0,0.301415
1007.0,198.0,0.462747
1007.0,199.0,0.15455
1007.0,200.0,0.059391
1007.0,201.0,0.738145
1007.0,202.0,0.994768
1007.0,203.0,0.603143
1007.0,204.0,0.304689
1007.0,205.0,0.003504
1007.0,206.0,0.397417
1007.0,207.0,0.936276
1007.0,208.0,0.570538
1007.0,209.0,0.557823
1007.0,210.0,0.331615
1007.0,211.0,0.321417
1007.0,212.0,0.585706
1007.0,213.0,0.01041
1007.0,214.0,0.574427
1007.0,215.0,0.670656
1007.0,216.0,1.0
1007.0,217.0,0.706151
1007.0,218.0,0.000429
1007.0,219.0,0.411844
1007.0,220.0,0.781128
1007.0,221.0,0.542914
1007.0,222.0,0.072513
1007.0,223.0,0.572024
1007.0,224.0,0.385184
1007.0,225.0,0.789566
1007.0,226.0,0.681023
1007.0,227.0,0.827058
1007.0,228.0,0.771901
1007.0,229.0,0.238671
1007.0,230.0,0.403855
1007.0,231.0,0.448881
1007.0,232.0,0.432062
1007.0,233.0,0.769017
1007.0,234.0,0.297037
1007.0,235.0,0.002397
1007.0,236.0,0.919178
1007.0,237.0,0.282492
1007.0,238.0,0.602125
1007.0,239.0,0.874754
1007.0,240.0,0.208823
1007.0,241.0,0.462812
1007.0,242.0,0.455465
1007.0,243.0,0.02414
1007.0,244.0,0.079216
1007.0,245.0,0.966377
1007.0,246.0,0.578526
1007.0,247.0,0.503336
1007.0,248.0,0.518181
1007.0,249.0,0.468534
1007.0,250.0,0.540697
1007.0,251.0,0.911376
1007.0,252.0,0.489583
1007.0,253.0,0.713788
1007.0,254.0,0.632163
1007.0,255.0,0.414989
1007.0,256.0,0.959697
1007.0,257.0,0.741166
1007.0,258.0,0.494638
1007.0,259.0,0.615739
1007.0,260.0,0.837449
1007.0,261.0,0.326327
1007.0,262.0,0.092613
1007.0,263.0,0.482792
1007.0,264.0,0.002857
1007.0,265.0,0.428841
1007.0,266.0,0.383885
1007.0,267.0,0.750158
1007.0,268.0,0.426363
1007.0,269.0,0.211511
1007.0,270.0,0.699055
1007.0,271.0,0.000579
1007.0,272.0,0.152779
1007.0,273.0,0.35976
1007.0,274.0,0.415926
1007.0,275.0,0.669095
1007.0,276.0,0.08818
1007.0,277.0,0.323382
1007.0,278.0,0.500884
1007.0,279.0,0.224504
1007.0,280.0,0.532321
1007.0,281.0,0.843947
1007.0,282.0,1.0
1007.0,283.0,0.469892
1007.0,284.0,0.427243
1007.0,285.0,0.462784
1007.0,286.0,0.814679
1007.0,287.0,0.296991
1007.0,288.0,0.450345
1007.0,289.0,0.408381
1007.0,290.0,0.535678
1007.0,291.0,0.424757
1007.0,292.0,0.679918
1007.0,293.0,0.974528
1007.0,294.0,0.415352
1007.0,295.0,0.272854
1007.0,296.0,0.06508
1007.0,297.0,0.554714
1007.0,298.0,0.338572
1007.0,299.0,0.0001
1007.0,300.0,0.418248
1007.0,301.0,0.631007
1007.0,302.0,0.323659
1007.0,303.0,0.865344
1007.0,304.0,0.090138
1007.0,305.0,0.746897
1007.0,306.0,0.668548
1007.0,307.0,0.552668
1007.0,308.0,0.544021
1007.0,309.0,0.0
1007.0,310.0,0.850117
1007.0,311.0,0.512597
1007.0,312.0,0.000847
1007.0,313.0,0.572282
1007.0,314.0,0.410878
1007.0,315.0,0.499383
1007.0,316.0,0.375076
1007.0,317.0,0.865661
1007.0,318.0,0.601505
1007.0,319.0,0.298405
1007.0,320.0,0.345597
1007.0,321.0,0.029754
1007.0,322.0,0.156386
1007.0,323.0,0.431511
1007.0,324.0,0.547589
1007.0,325.0,0.250544
1007.0,326.0,0.772821
1007.0,327.0,0.291531
1007.0,328.0,0.106185
1007.0,329.0,0.878915
1007.0,330.0,0.270473
1007.0,331.0,0.551958
1007.0,332.0,0.36574
1007.0,333.0,0.011755
1007.0,334.0,0.289743
1008.0,0.0,0.085807
1008.0,1.0,0.000295
1008.0,2.0,0.022718
1008.0,3.0,0.452242
1008.0,4.0,0.28411
1008.0,5.0,0.459624
1008.0,6.0,0.739342
1008.0,7.0,0.742642
1008.0,8.0,0.320598
1008.0,9.0,0.746655
1008.0,10.0,0.949725
1008.0,11.0,0.642969
1008.0,12.0,0.364322
1008.0,13.0,0.372739
1008.0,14.0,0.622244
1008.0,15.0,0.825843
1008.0,16.0,0.565831
1008.0,17.0,0.03234
1008.0,18.0,0.620963
1008.0,19.0,0.572662
1008.0,20.0,0.464335
1008.0,21.0,0.000401
1008.0,22.0,0.860885
1008.0,23.0,1.0
1008.0,24.0,0.480504
1008.0,25.0,0.493803
1008.0,26.0,0.818787
1008.0,27.0,0.44876
1008.0,28.0,0.711138
1008.0,29.0,1.0
1008.0,30.0,0.222494
1008.0,31.0,0.658861
1008.0,32.0,0.907645
1008.0,33.0,1.0
1008.0,34.0,0.058351
1008.0,35.0,0.429748
1008.0,36.0,0.384404
1008.0,37.0,0.534542
1008.0,38.0,0.469083
1008.0,39.0,0.810025
1008.0,40.0,0.649299
1008.0,41.0,0.800633
1008.0,42.0,0.379418
1008.0,43.0,0.911695
1008.0,44.0,0.606389
1008.0,45.0,0.7776
1008.0,46.0,0.51498
1008.0,47.0,0.763484
1008.0,48.0,0.869295
1008.0,49.0,0.293561
1008.0,50.0,0.128364
1008.0,51.0,0.30556
1008.0,52.0,0.972827
1008.0,53.0,0.797509
1008.0,54.0,0.773113
1008.0,55.0,0.130686
1008.0,56.0,0.380064
1008.0,57.0,0.018469
1008.0,58.0,0.43699
1008.0,59.0,0.298781
1008.0,60.0,0.774581
1008.0,61.0,0.735119
1008.0,62.0,0.205289
1008.0,63.0,0.568071
1008.0,64.0,0.893146
1008.0,65.0,0.124467
1008.0,66.0,0.083004
1008.0,67.0,0.519461
1008.0,68.0,0.137669
1008.0,69.0,0.180728
1008.0,70.0,0.284129
1008.0,71.0,0.128087
1008.0,72.0,0.550412
1008.0,73.0,0.507777
1008.0,74.0,0.655435
1008.0,75.0,0.557845
1008.0,76.0,0.759758
1008.0,77.0,0.709793
1008.0,78.0,0.353143
1008.0,79.0,0.056348
1008.0,80.0,0.713863
1008.0,81.0,0.311455
1008.0,82.0,0.566098
1008.0,83.0,0.534208
1008.0,84.0,1.0
1008.0,85.0,0.474889
1008.0,86.0,0.750095
1008.0,87.0,0.947663
1008.0,88.0,0.001789
1008.0,89.0,0.608981
1008.0,90.0,0.559913
1008.0,91.0,0.432871
1008.0,92.0,0.337529
1008.0,93.0,0.459066
1008.0,94.0,0.455364
1008.0,95.0,0.374994
1008.0,96.0,0.926061
1008.0,97.0,0.397092
1008.0,98.0,0.0
1008.0,99.0,0.244682
1008.0,100.0,0.562779
1008.0,101.0,0.468377
1008.0,102.0,0.803062
1008.0,103.0,0.050069
1008.0,104.0,0.352388
1008.0,105.0,0.541694
1008.0,106.0,0.565473
1008.0,107.0,0.627292
1008.0,108.0,0.809078
1008.0,109.0,0.844988
1008.0,110.0,0.437137
1008.0,111.0,0.876466
1008.0,112.0,0.416201
1008.0,113.0,0.494791
1008.0,114.0,0.40222
1008.0,115.0,0.197371
1008.0,116.0,0.730416
1008.0,117.0,0.330943
1008.0,118.0,0.814819
1008.0,119.0,0.385175
1008.0,120.0,0.010794
1008.0,121.0,0.279723
1008.0,122.0,0.553965
1008.0,123.0,0.99706
1008.0,124.0,0.454339
1008.0,125.0,0.479935
1008.0,126.0,0.369954
1008.0,127.0,0.066595
1008.0,128.0,0.103231
1008.0,129.0,0.821743
1008.0,130.0,0.086968
1008.0,131.0,0.788419
1008.0,132.0,0.378523
1008.0,133.0,0.784013
1008.0,134.0,0.483051
1008.0,135.0,0.347977
1008.0,136.0,0.970906
1008.0,137.0,0.499283
1008.0,138.0,0.729881
1008.0,139.0,0.418328
1008.0,140.0,0.104878
1008.0,141.0,0.604964
1008.0,142.0,0.992428
1008.0,143.0,0.193713
1008.0,144.0,0.341258
1008.0,145.0,0.384615
1008.0,146.0,0.541568
1008.0,147.0,1.0
1008.0,148.0,0.440634
1008.0,149.0,0.483952
1008.0,150.0,0.340016
1008.0,151.0,0.542986
1008.0,152.0,0.351034
1008.0,153.0,0.369642
1008.0,154.0,0.576208
1008.0,155.0,0.629833
1008.0,156.0,0.539924
1008.0,157.0,0.00782
1008.0,158.0,0.182078
1008.0,159.0,0.138677
1008.0,160.0,0.090543
1008.0,161.0,0.176343
1008.0,162.0,0.623545
1008.0,163.0,0.57251
1008.0,164.0,0.614734
1008.0,165.0,0.444275
1008.0,166.0,9.9e-05
1008.0,167.0,0.494907
1008.0,168.0,0.563976
1008.0,169.0,0.668609
1008.0,170.0,0.671181
1008.0,171.0,0.480361
1008.0,172.0,0.546012
1008.0,173.0,0.663501
1008.0,174.0,0.448052
1008.0,175.0,0.383292
1008.0,176.0,0.360322
1008.0,177.0,0.0
1008.0,178.0,0.943496
1008.0,179.0,0.384068
1008.0,180.0,0.339774
1008.0,181.0,0.385128
1008.0,182.0,0.219523
1008.0,183.0,0.006197
1008.0,184.0,0.483939
1008.0,185.0,0.497473
1008.0,186.0,0.8766
1008.0,187.0,0.49328
1008.0,188.0,0.126161
1008.0,189.0,0.7972
1008.0,190.0,0.977058
1008.0,191.0,0.662582
1008.0,192.0,0.36899
1008.0,193.0,0.700218
1008.0,194.0,0.090279
1008.0,195.0,0.475928
1008.0,196.0,0.49125
1008.0,197.0,0.298311
1008.0,198.0,0.458789
1008.0,199.0,0.153872
1008.0,200.0,0.057907
1008.0,201.0,0.736995
1008.0,202.0,0.994581
1008.0,203.0,0.585355
1008.0,204.0,0.302776
1008.0,205.0,0.003287
1008.0,206.0,0.373203
1008.0,207.0,0.931862
1008.0,208.0,0.566715
1008.0,209.0,0.55731
1008.0,210.0,0.322305
1008.0,211.0,0.319528
1008.0,212.0,0.578272
1008.0,213.0,0.010025
1008.0,214.0,0.566866
1008.0,215.0,0.665857
1008.0,216.0,1.0
1008.0,217.0,0.702114
1008.0,218.0,0.000423
1008.0,219.0,0.410866
1008.0,220.0,0.778704
1008.0,221.0,0.532517
1008.0,222.0,0.071599
1008.0,223.0,0.570527
1008.0,224.0,0.382156
1008.0,225.0,0.786823
1008.0,226.0,0.675248
1008.0,227.0,0.824451
1008.0,228.0,0.769422
1008.0,229.0,0.236669
1008.0,230.0,0.402541
1008.0,231.0,0.39215
1008.0,232.0,0.431957
1008.0,233.0,0.765706
1008.0,234.0,0.292915
1008.0,235.0,0.002277
1008.0,236.0,0.91869
1008.0,237.0,0.281787
1008.0,238.0,0.590418
1008.0,239.0,0.874759
1008.0,240.0,0.206551
1008.0,241.0,0.458106
1008.0,242.0,0.452634
1008.0,243.0,0.023453
1008.0,244.0,0.077719
1008.0,245.0,0.96409
1008.0,246.0,0.578484
1008.0,247.0,0.500794
1008.0,248.0,0.516032
1008.0,249.0,0.465496
1008.0,250.0,0.533573
1008.0,251.0,0.910773
1008.0,252.0,0.489055
1008.0,253.0,0.711484
1008.0,254.0,0.627566
1008.0,255.0,0.413243
1008.0,256.0,0.958566
1008.0,257.0,0.738324
1008.0,258.0,0.492311
1008.0,259.0,0.614055
1008.0,260.0,0.834564
1008.0,261.0,0.319489
1008.0,262.0,0.091846
1008.0,263.0,0.482533
1008.0,264.0,0.002646
1008.0,265.0,0.429105
1008.0,266.0,0.380204
1008.0,267.0,0.748143
1008.0,268.0,0.420203
1008.0,269.0,0.209277
1008.0,270.0,0.698391
1008.0,271.0,0.000598
1008.0,272.0,0.150718
1008.0,273.0,0.355645
1008.0,274.0,0.415674
1008.0,275.0,0.667345
1008.0,276.0,0.08689
1008.0,277.0,0.319297
1008.0,278.0,0.498276
1008.0,279.0,0.221804
1008.0,280.0,0.531768
1008.0,281.0,0.841101
1008.0,282.0,1.0
1008.0,283.0,0.470272
1008.0,284.0,0.426769
1008.0,285.0,0.456282
1008.0,286.0,0.810639
1008.0,287.0,0.294314
1008.0,288.0,0.444185
1008.0,289.0,0.401523
1008.0,290.0,0.534674
1008.0,291.0,0.42253
1008.0,292.0,0.678089
1008.0,293.0,0.9745
1008.0,294.0,0.415766
1008.0,295.0,0.268177
1008.0,296.0,0.063683
1008.0,297.0,0.554893
1008.0,298.0,0.335983
1008.0,299.0,9.6e-05
1008.0,300.0,0.413818
1008.0,301.0,0.631446
1008.0,302.0,0.320271
1008.0,303.0,0.864622
1008.0,304.0,0.088836
1008.0,305.0,0.746074
1008.0,306.0,0.665929
1008.0,307.0,0.5517
1008.0,308.0,0.53917
1008.0,309.0,0.0
1008.0,310.0,0.848648
1008.0,311.0,0.512087
1008.0,312.0,0.000824
1008.0,313.0,0.57149
1008.0,314.0,0.409555
1008.0,315.0,0.496555
1008.0,316.0,0.373209
1008.0,317.0,0.864295
1008.0,318.0,0.600528
1008.0,319.0,0.295816
1008.0,320.0,0.337295
1008.0,321.0,0.029267
1008.0,322.0,0.154831
1008.0,323.0,0.397978
1008.0,324.0,0.545928
1008.0,325.0,0.239924
1008.0,326.0,0.770973
1008.0,327.0,0.290314
1008.0,328.0,0.105794
1008.0,329.0,0.869851
1008.0,330.0,0.267942
1008.0,331.0,0.551823
1008.0,332.0,0.361274
1008.0,333.0,0.011386
1008.0,334.0,0.285293
1009.0,0.0,0.084951
1009.0,1.0,0.000261
1009.0,2.0,0.022112
1009.0,3.0,0.447435
1009.0,4.0,0.281948
1009.0,5.0,0.45044
1009.0,6.0,0.736443
1009.0,7.0,0.741625
1009.0,8.0,0.31969
1009.0,9.0,0.745358
1009.0,10.0,0.949113
1009.0,11.0,0.642627
1009.0,12.0,0.357227
1009.0,13.0,0.368648
1009.0,14.0,0.609248
1009.0,15.0,0.825654
1009.0,16.0,0.564206
1009.0,17.0,0.031785
1009.0,18.0,0.614264
1009.0,19.0,0.571803
1009.0,20.0,0.459268
1009.0,21.0,0.000401
1009.0,22.0,0.858166
1009.0,23.0,1.0
1009.0,24.0,0.4781
1009.0,25.0,0.485043
1009.0,26.0,0.810061
1009.0,27.0,0.443584
1009.0,28.0,0.708693
1009.0,29.0,1.0
1009.0,30.0,0.214139
1009.0,31.0,0.659081
1009.0,32.0,0.906663
1009.0,33.0,1.0
1009.0,34.0,0.054867
1009.0,35.0,0.429004
1009.0,36.0,0.382614
1009.0,37.0,0.534882
1009.0,38.0,0.463607
1009.0,39.0,0.803066
1009.0,40.0,0.645559
1009.0,41.0,0.79785
1009.0,42.0,0.373726
1009.0,43.0,0.903207
1009.0,44.0,0.601294
1009.0,45.0,0.770227
1009.0,46.0,0.5142
1009.0,47.0,0.751798
1009.0,48.0,0.868583
1009.0,49.0,0.291516
1009.0,50.0,0.126647
1009.0,51.0,0.30211
1009.0,52.0,0.971588
1009.0,53.0,0.793047
1009.0,54.0,0.772199
1009.0,55.0,0.12955
1009.0,56.0,0.379212
1009.0,57.0,0.018059
1009.0,58.0,0.435366
1009.0,59.0,0.293481
1009.0,60.0,0.773866
1009.0,61.0,0.733394
1009.0,62.0,0.200082
1009.0,63.0,0.567167
1009.0,64.0,0.892049
1009.0,65.0,0.123413
1009.0,66.0,0.082083
1009.0,67.0,0.515494
1009.0,68.0,0.136835
1009.0,69.0,0.179609
1009.0,70.0,0.282553
1009.0,71.0,0.125425
1009.0,72.0,0.547012
1009.0,73.0,0.506878
1009.0,74.0,0.653177
1009.0,75.0,0.551184
1009.0,76.0,0.758233
1009.0,77.0,0.70881
1009.0,78.0,0.346275
1009.0,79.0,0.054484
1009.0,80.0,0.713409
1009.0,81.0,0.308886
1009.0,82.0,0.56403
1009.0,83.0,0.531683
1009.0,84.0,1.0
1009.0,85.0,0.473672
1009.0,86.0,0.747751
1009.0,87.0,0.9478
1009.0,88.0,0.001672
1009.0,89.0,0.606368
1009.0,90.0,0.558767
1009.0,91.0,0.430309
1009.0,92.0,0.334215
1009.0,93.0,0.458451
1009.0,94.0,0.451413
1009.0,95.0,0.372939
1009.0,96.0,0.925249
1009.0,97.0,0.358421
1009.0,98.0,0.0
1009.0,99.0,0.243854
1009.0,100.0,0.561407
1009.0,101.0,0.466146
1009.0,102.0,0.795951
1009.0,103.0,0.049592
1009.0,104.0,0.349936
1009.0,105.0,0.540232
1009.0,106.0,0.562505
1009.0,107.0,0.627775
1009.0,108.0,0.804971
1009.0,109.0,0.841697
1009.0,110.0,0.436293
1009.0,111.0,0.875169
1009.0,112.0,0.415066
1009.0,113.0,0.494278
1009.0,114.0,0.39738
1009.0,115.0,0.195778
1009.0,116.0,0.730055
1009.0,117.0,0.328645
1009.0,118.0,0.811564
1009.0,119.0,0.382616
1009.0,120.0,0.010341
1009.0,121.0,0.268216
1009.0,122.0,0.552064
1009.0,123.0,0.996895
1009.0,124.0,0.448682
1009.0,125.0,0.474529
1009.0,126.0,0.366815
1009.0,127.0,0.065554
1009.0,128.0,0.102552
1009.0,129.0,0.820568
1009.0,130.0,0.085589
1009.0,131.0,0.785834
1009.0,132.0,0.371887
1009.0,133.0,0.782226
1009.0,134.0,0.480541
1009.0,135.0,0.33833
1009.0,136.0,0.970154
1009.0,137.0,0.497145
1009.0,138.0,0.723592
1009.0,139.0,0.414093
1009.0,140.0,0.103906
1009.0,141.0,0.603489
1009.0,142.0,0.99229
1009.0,143.0,0.190326
1009.0,144.0,0.340247
1009.0,145.0,0.381196
1009.0,146.0,0.539705
1009.0,147.0,1.0
1009.0,148.0,0.437726
1009.0,149.0,0.47584
1009.0,150.0,0.338101
1009.0,151.0,0.540127
1009.0,152.0,0.349652
1009.0,153.0,0.360123
1009.0,154.0,0.574414
1009.0,155.0,0.62384
1009.0,156.0,0.54001
1009.0,157.0,0.007568
1009.0,158.0,0.177521
1009.0,159.0,0.134999
1009.0,160.0,0.088029
1009.0,161.0,0.174343
1009.0,162.0,0.622445
1009.0,163.0,0.569631
1009.0,164.0,0.61221
1009.0,165.0,0.436921
1009.0,166.0,8.4e-05
1009.0,167.0,0.493679
1009.0,168.0,0.5639
1009.0,169.0,0.639419
1009.0,170.0,0.6665
1009.0,171.0,0.47952
1009.0,172.0,0.54436
1009.0,173.0,0.6602
1009.0,174.0,0.447401
1009.0,175.0,0.381974
1009.0,176.0,0.357295
1009.0,177.0,0.0
1009.0,178.0,0.942531
1009.0,179.0,0.376777
1009.0,180.0,0.335595
1009.0,181.0,0.382989
1009.0,182.0,0.21898
1009.0,183.0,0.005733
1009.0,184.0,0.479933
1009.0,185.0,0.495791
1009.0,186.0,0.873091
1009.0,187.0,0.493459
1009.0,188.0,0.124744
1009.0,189.0,0.796139
1009.0,190.0,0.97427
1009.0,191.0,0.661415
1009.0,192.0,0.368193
1009.0,193.0,0.698648
1009.0,194.0,0.088349
1009.0,195.0,0.470058
1009.0,196.0,0.490354
1009.0,197.0,0.294439
1009.0,198.0,0.454232
1009.0,199.0,0.15308
1009.0,200.0,0.056685
1009.0,201.0,0.736394
1009.0,202.0,0.99439
1009.0,203.0,0.566991
1009.0,204.0,0.300708
1009.0,205.0,0.003223
1009.0,206.0,0.3487
1009.0,207.0,0.927059
1009.0,208.0,0.564841
1009.0,209.0,0.555918
1009.0,210.0,0.31322
1009.0,211.0,0.318379
1009.0,212.0,0.571221
1009.0,213.0,0.009945
1009.0,214.0,0.559472
1009.0,215.0,0.659604
1009.0,216.0,1.0
1009.0,217.0,0.696996
1009.0,218.0,0.000403
1009.0,219.0,0.409468
1009.0,220.0,0.775782
1009.0,221.0,0.522111
1009.0,222.0,0.070909
1009.0,223.0,0.56916
1009.0,224.0,0.379289
1009.0,225.0,0.784366
1009.0,226.0,0.670118
1009.0,227.0,0.821818
1009.0,228.0,0.766413
1009.0,229.0,0.234561
1009.0,230.0,0.401104
1009.0,231.0,0.339403
1009.0,232.0,0.431811
1009.0,233.0,0.761554
1009.0,234.0,0.287324
1009.0,235.0,0.002189
1009.0,236.0,0.918346
1009.0,237.0,0.281126
1009.0,238.0,0.577729
1009.0,239.0,0.873338
1009.0,240.0,0.20474
1009.0,241.0,0.453909
1009.0,242.0,0.449713
1009.0,243.0,0.022583
1009.0,244.0,0.076584
1009.0,245.0,0.961408
1009.0,246.0,0.577907
1009.0,247.0,0.500498
1009.0,248.0,0.512876
1009.0,249.0,0.461974
1009.0,250.0,0.526456
1009.0,251.0,0.910425
1009.0,252.0,0.487853
1009.0,253.0,0.708043
1009.0,254.0,0.622452
1009.0,255.0,0.412439
1009.0,256.0,0.957582
1009.0,257.0,0.735644
1009.0,258.0,0.491083
1009.0,259.0,0.612722
1009.0,260.0,0.831611
1009.0,261.0,0.313175
1009.0,262.0,0.090955
1009.0,263.0,0.481019
1009.0,264.0,0.002472
1009.0,265.0,0.4283
1009.0,266.0,0.376053
1009.0,267.0,0.74565
1009.0,268.0,0.414073
1009.0,269.0,0.206637
1009.0,270.0,0.698504
1009.0,271.0,0.000594
1009.0,272.0,0.148336
1009.0,273.0,0.351686
1009.0,274.0,0.415248
1009.0,275.0,0.66531
1009.0,276.0,0.085667
1009.0,277.0,0.31692
1009.0,278.0,0.496355
1009.0,279.0,0.219015
1009.0,280.0,0.530533
1009.0,281.0,0.836981
1009.0,282.0,1.0
1009.0,283.0,0.469133
1009.0,284.0,0.425508
1009.0,285.0,0.449405
1009.0,286.0,0.806321
1009.0,287.0,0.292591
1009.0,288.0,0.437723
1009.0,289.0,0.395029
1009.0,290.0,0.533227
1009.0,291.0,0.420399
1009.0,292.0,0.675573
1009.0,293.0,0.974522
1009.0,294.0,0.41534
1009.0,295.0,0.264733
1009.0,296.0,0.062077
1009.0,297.0,0.554467
1009.0,298.0,0.334272
1009.0,299.0,7.2e-05
1009.0,300.0,0.41004
1009.0,301.0,0.632281
1009.0,302.0,0.316783
1009.0,303.0,0.864002
1009.0,304.0,0.088175
1009.0,305.0,0.745505
1009.0,306.0,0.663633
1009.0,307.0,0.551037
1009.0,308.0,0.534685
1009.0,309.0,0.0
1009.0,310.0,0.847238
1009.0,311.0,0.511121
1009.0,312.0,0.000801
1009.0,313.0,0.570749
1009.0,314.0,0.408394
1009.0,315.0,0.4936
1009.0,316.0,0.371232
1009.0,317.0,0.863561
1009.0,318.0,0.59918
1009.0,319.0,0.294442
1009.0,320.0,0.329289
1009.0,321.0,0.028524
1009.0,322.0,0.153494
1009.0,323.0,0.366328
1009.0,324.0,0.544238
1009.0,325.0,0.229612
1009.0,326.0,0.76993
1009.0,327.0,0.288721
1009.0,328.0,0.104792
1009.0,329.0,0.860058
1009.0,330.0,0.265121
1009.0,331.0,0.550571
1009.0,332.0,0.356204
1009.0,333.0,0.011059
1009.0,334.0,0.281539
1010.0,0.0,0.084321
1010.0,1.0,0.000255
1010.0,2.0,0.0215
1010.0,3.0,0.442363
1010.0,4.0,0.278936
1010.0,5.0,0.441235
1010.0,6.0,0.733298
1010.0,7.0,0.740086
1010.0,8.0,0.319002
1010.0,9.0,0.74337
1010.0,10.0,0.948783
1010.0,11.0,0.641984
1010.0,12.0,0.349757
1010.0,13.0,0.365583
1010.0,14.0,0.597643
1010.0,15.0,0.825917
1010.0,16.0,0.562462
1010.0,17.0,0.031252
1010.0,18.0,0.608106
1010.0,19.0,0.571522
1010.0,20.0,0.454153
1010.0,21.0,0.000429
1010.0,22.0,0.856768
1010.0,23.0,1.0
1010.0,24.0,0.477288
1010.0,25.0,0.477266
1010.0,26.0,0.802274
1010.0,27.0,0.438839
1010.0,28.0,0.705434
1010.0,29.0,1.0
1010.0,30.0,0.206059
1010.0,31.0,0.658182
1010.0,32.0,0.906033
1010.0,33.0,1.0
1010.0,34.0,0.051895
1010.0,35.0,0.42878
1010.0,36.0,0.38057
1010.0,37.0,0.533231
1010.0,38.0,0.459333
1010.0,39.0,0.796956
1010.0,40.0,0.642796
1010.0,41.0,0.795141
1010.0,42.0,0.367408
1010.0,43.0,0.89413
1010.0,44.0,0.596404
1010.0,45.0,0.763113
1010.0,46.0,0.513438
1010.0,47.0,0.739672
1010.0,48.0,0.868567
1010.0,49.0,0.289321
1010.0,50.0,0.125492
1010.0,51.0,0.298589
1010.0,52.0,0.970921
1010.0,53.0,0.78939
1010.0,54.0,0.770552
1010.0,55.0,0.128722
1010.0,56.0,0.378885
1010.0,57.0,0.017444
1010.0,58.0,0.433956
1010.0,59.0,0.287609
1010.0,60.0,0.77329
1010.0,61.0,0.731759
1010.0,62.0,0.194389
1010.0,63.0,0.565605
1010.0,64.0,0.890359
1010.0,65.0,0.12159
1010.0,66.0,0.081068
1010.0,67.0,0.512701
1010.0,68.0,0.136323
1010.0,69.0,0.178614
1010.0,70.0,0.281157
1010.0,71.0,0.123258
1010.0,72.0,0.542788
1010.0,73.0,0.506132
1010.0,74.0,0.650717
1010.0,75.0,0.543472
1010.0,76.0,0.756525
1010.0,77.0,0.707634
1010.0,78.0,0.337766
1010.0,79.0,0.052897
1010.0,80.0,0.713255
1010.0,81.0,0.306132
1010.0,82.0,0.561587
1010.0,83.0,0.528984
1010.0,84.0,1.0
1010.0,85.0,0.473642
1010.0,86.0,0.744509
1010.0,87.0,0.947362
1010.0,88.0,0.001653
1010.0,89.0,0.604438
1010.0,90.0,0.558573
1010.0,91.0,0.427192
1010.0,92.0,0.331437
1010.0,93.0,0.456269
1010.0,94.0,0.447113
1010.0,95.0,0.371804
1010.0,96.0,0.924611
1010.0,97.0,0.323157
1010.0,98.0,0.0
1010.0,99.0,0.242866
1010.0,100.0,0.558842
1010.0,101.0,0.463181
1010.0,102.0,0.789228
1010.0,103.0,0.048618
1010.0,104.0,0.348298
1010.0,105.0,0.537877
1010.0,106.0,0.559517
1010.0,107.0,0.62724
1010.0,108.0,0.800007
1010.0,109.0,0.838062
1010.0,110.0,0.436263
1010.0,111.0,0.873892
1010.0,112.0,0.414501
1010.0,113.0,0.494766
1010.0,114.0,0.392434
1010.0,115.0,0.194913
1010.0,116.0,0.729106
1010.0,117.0,0.326723
1010.0,118.0,0.808343
1010.0,119.0,0.381283
1010.0,120.0,0.009963
1010.0,121.0,0.25772
1010.0,122.0,0.550439
1010.0,123.0,0.996738
1010.0,124.0,0.443319
1010.0,125.0,0.468141
1010.0,126.0,0.364511
1010.0,127.0,0.064119
1010.0,128.0,0.101844
1010.0,129.0,0.818756
1010.0,130.0,0.085015
1010.0,131.0,0.783128
1010.0,132.0,0.364795
1010.0,133.0,0.779802
1010.0,134.0,0.478685
1010.0,135.0,0.328276
1010.0,136.0,0.969626
1010.0,137.0,0.493509
1010.0,138.0,0.716534
1010.0,139.0,0.409539
1010.0,140.0,0.103239
1010.0,141.0,0.602411
1010.0,142.0,0.992173
1010.0,143.0,0.187802
1010.0,144.0,0.338352
1010.0,145.0,0.377337
1010.0,146.0,0.537849
1010.0,147.0,1.0
1010.0,148.0,0.435952
1010.0,149.0,0.467144
1010.0,150.0,0.336788
1010.0,151.0,0.537446
1010.0,152.0,0.348624
1010.0,153.0,0.352116
1010.0,154.0,0.572568
1010.0,155.0,0.617631
1010.0,156.0,0.540119
1010.0,157.0,0.007438
1010.0,158.0,0.172629
1010.0,159.0,0.131212
1010.0,160.0,0.085555
1010.0,161.0,0.173473
1010.0,162.0,0.621984
1010.0,163.0,0.568144
1010.0,164.0,0.609468
1010.0,165.0,0.430361
1010.0,166.0,7.1e-05
1010.0,167.0,0.492213
1010.0,168.0,0.562557
1010.0,169.0,0.610717
1010.0,170.0,0.662128
1010.0,171.0,0.478716
1010.0,172.0,0.543078
1010.0,173.0,0.656471
1010.0,174.0,0.447878
1010.0,175.0,0.380989
1010.0,176.0,0.355134
1010.0,177.0,0.0
1010.0,178.0,0.94159
1010.0,179.0,0.369763
1010.0,180.0,0.330488
1010.0,181.0,0.381374
1010.0,182.0,0.218262
1010.0,183.0,0.005263
1010.0,184.0,0.475379
1010.0,185.0,0.494147
1010.0,186.0,0.868899
1010.0,187.0,0.493082
1010.0,188.0,0.12354
1010.0,189.0,0.794786
1010.0,190.0,0.97151
1010.0,191.0,0.659886
1010.0,192.0,0.367437
1010.0,193.0,0.698198
1010.0,194.0,0.085923
1010.0,195.0,0.463627
1010.0,196.0,0.489143
1010.0,197.0,0.291665
1010.0,198.0,0.450926
1010.0,199.0,0.152471
1010.0,200.0,0.055295
1010.0,201.0,0.735399
1010.0,202.0,0.994305
1010.0,203.0,0.547467
1010.0,204.0,0.298928
1010.0,205.0,0.003085
1010.0,206.0,0.324759
1010.0,207.0,0.922383
1010.0,208.0,0.561543
1010.0,209.0,0.554514
1010.0,210.0,0.303998
1010.0,211.0,0.316629
1010.0,212.0,0.563662
1010.0,213.0,0.009641
1010.0,214.0,0.553143
1010.0,215.0,0.654212
1010.0,216.0,1.0
1010.0,217.0,0.692093
1010.0,218.0,0.00038
1010.0,219.0,0.408188
1010.0,220.0,0.772639
1010.0,221.0,0.511188
1010.0,222.0,0.070109
1010.0,223.0,0.568454
1010.0,224.0,0.376682
1010.0,225.0,0.781975
1010.0,226.0,0.665847
1010.0,227.0,0.818884
1010.0,228.0,0.763498
1010.0,229.0,0.231772
1010.0,230.0,0.399972
1010.0,231.0,0.290636
1010.0,232.0,0.431476
1010.0,233.0,0.757575
1010.0,234.0,0.282142
1010.0,235.0,0.002102
1010.0,236.0,0.917896
1010.0,237.0,0.279297
1010.0,238.0,0.565909
1010.0,239.0,0.872497
1010.0,240.0,0.20291
1010.0,241.0,0.451384
1010.0,242.0,0.446858
1010.0,243.0,0.021997
1010.0,244.0,0.075486
1010.0,245.0,0.958679
1010.0,246.0,0.576525
1010.0,247.0,0.500094
1010.0,248.0,0.509864
1010.0,249.0,0.457756
1010.0,250.0,0.520184
1010.0,251.0,0.909534
1010.0,252.0,0.48656
1010.0,253.0,0.705087
1010.0,254.0,0.617081
1010.0,255.0,0.410892
1010.0,256.0,0.95669
1010.0,257.0,0.732668
1010.0,258.0,0.490362
1010.0,259.0,0.612124
1010.0,260.0,0.828704
1010.0,261.0,0.30602
1010.0,262.0,0.089861
1010.0,263.0,0.479666
1010.0,264.0,0.002172
1010.0,265.0,0.428479
1010.0,266.0,0.372251
1010.0,267.0,0.74276
1010.0,268.0,0.408236
1010.0,269.0,0.203409
1010.0,270.0,0.698313
1010.0,271.0,0.000579
1010.0,272.0,0.146728
1010.0,273.0,0.348424
1010.0,274.0,0.41487
1010.0,275.0,0.663616
1010.0,276.0,0.084378
1010.0,277.0,0.313616
1010.0,278.0,0.49441
1010.0,279.0,0.21626
1010.0,280.0,0.529145
1010.0,281.0,0.833013
1010.0,282.0,1.0
1010.0,283.0,0.468501
1010.0,284.0,0.424637
1010.0,285.0,0.442693
1010.0,286.0,0.80187
1010.0,287.0,0.289968
1010.0,288.0,0.4309
1010.0,289.0,0.389046
1010.0,290.0,0.532753
1010.0,291.0,0.417581
1010.0,292.0,0.673459
1010.0,293.0,0.974728
1010.0,294.0,0.415181
1010.0,295.0,0.262294
1010.0,296.0,0.06084
1010.0,297.0,0.554811
1010.0,298.0,0.332163
1010.0,299.0,7.6e-05
1010.0,300.0,0.406016
1010.0,301.0,0.631858
1010.0,302.0,0.314184
1010.0,303.0,0.863406
1010.0,304.0,0.086665
1010.0,305.0,0.744666
1010.0,306.0,0.661366
1010.0,307.0,0.549889
1010.0,308.0,0.531289
1010.0,309.0,0.0
1010.0,310.0,0.845394
1010.0,311.0,0.51073
1010.0,312.0,0.000761
1010.0,313.0,0.569146
1010.0,314.0,0.406923
1010.0,315.0,0.490904
1010.0,316.0,0.368631
1010.0,317.0,0.862807
1010.0,318.0,0.597949
1010.0,319.0,0.293051
1010.0,320.0,0.322859
1010.0,321.0,0.027948
1010.0,322.0,0.15132
1010.0,323.0,0.33646
1010.0,324.0,0.542621
1010.0,325.0,0.218964
1010.0,326.0,0.768674
1010.0,327.0,0.287011
1010.0,328.0,0.105
1010.0,329.0,0.850238
1010.0,330.0,0.262133
1010.0,331.0,0.549908
1010.0,332.0,0.351718
1010.0,333.0,0.010694
1010.0,334.0,0.277285
2000.0,0.0,0.013868
2000.0,1.0,0.0
2000.0,2.0,0.0012
2000.0,3.0,0.439377
2000.0,4.0,0.262486
2000.0,5.0,0.448976
2000.0,6.0,0.787361
2000.0,7.0,0.785111
2000.0,8.0,0.238366
2000.0,9.0,0.772209
2000.0,10.0,0.984274
2000.0,11.0,0.753059
2000.0,12.0,0.362934
2000.0,13.0,0.335926
2000.0,14.0,0.59375
2000.0,15.0,0.883627
2000.0,16.0,0.608902
2000.0,17.0,0.010131
2000.0,18.0,0.598169
2000.0,19.0,0.641114
2000.0,20.0,0.449178
2000.0,21.0,0.0
2000.0,22.0,0.881748
2000.0,23.0,1.0
2000.0,24.0,0.459116
2000.0,25.0,0.467741
2000.0,26.0,0.787247
2000.0,27.0,0.439273
2000.0,28.0,0.70194
2000.0,29.0,1.0
2000.0,30.0,0.20979
2000.0,31.0,0.721784
2000.0,32.0,0.988269
2000.0,33.0,1.0
2000.0,34.0,0.033289
2000.0,35.0,0.403624
2000.0,36.0,0.397902
2000.0,37.0,0.52579
2000.0,38.0,0.451465
2000.0,39.0,0.909881
2000.0,40.0,0.629163
2000.0,41.0,0.816968
2000.0,42.0,0.37115
2000.0,43.0,0.885496
2000.0,44.0,0.596869
2000.0,45.0,0.759992
2000.0,46.0,0.526875
2000.0,47.0,0.861013
2000.0,48.0,0.94707
2000.0,49.0,0.26489
2000.0,50.0,0.017771
2000.0,51.0,0.292273
2000.0,52.0,0.997766
2000.0,53.0,0.801448
2000.0,54.0,0.937419
2000.0,55.0,0.043284
2000.0,56.0,0.3497
2000.0,57.0,0.000743
2000.0,58.0,0.41075
2000.0,59.0,0.28057
2000.0,60.0,0.813751
2000.0,61.0,0.844289
2000.0,62.0,0.163149
2000.0,63.0,0.621288
2000.0,64.0,0.931255
2000.0,65.0,0.05917
2000.0,66.0,0.024707
2000.0,67.0,0.520583
2000.0,68.0,0.05314
2000.0,69.0,0.099956
2000.0,70.0,0.270253
2000.0,71.0,0.088331
2000.0,72.0,0.533867
2000.0,73.0,0.48957
2000.0,74.0,0.674563
2000.0,75.0,0.54907
2000.0,76.0,0.832635
2000.0,77.0,0.744993
2000.0,78.0,0.331456
2000.0,79.0,0.010846
2000.0,80.0,0.845496
2000.0,81.0,0.300577
2000.0,82.0,0.566647
2000.0,83.0,0.524998
2000.0,84.0,1.0
2000.0,85.0,0.490741
2000.0,86.0,0.732185
2000.0,87.0,0.98717
2000.0,88.0,0.0
2000.0,89.0,0.675713
2000.0,90.0,0.596978
2000.0,91.0,0.419902
2000.0,92.0,0.230852
2000.0,93.0,0.446423
2000.0,94.0,0.427649
2000.0,95.0,0.290159
2000.0,96.0,0.996876
2000.0,97.0,0.324461
2000.0,98.0,0.0
2000.0,99.0,0.148648
2000.0,100.0,0.624103
2000.0,101.0,0.434704
2000.0,102.0,0.793168
2000.0,103.0,0.001648
2000.0,104.0,0.206907
2000.0,105.0,0.564316
2000.0,106.0,0.646955
2000.0,107.0,0.714442
2000.0,108.0,0.85182
2000.0,109.0,0.91253
2000.0,110.0,0.40666
2000.0,111.0,0.898345
2000.0,112.0,0.302063
2000.0,113.0,0.527843
2000.0,114.0,0.38439
2000.0,115.0,0.151201
2000.0,116.0,0.850448
2000.0,117.0,0.290407
2000.0,118.0,0.797723
2000.0,119.0,0.330253
2000.0,120.0,0.0
2000.0,121.0,0.263467
2000.0,122.0,0.570219
2000.0,123.0,1.0
2000.0,124.0,0.45101
2000.0,125.0,0.470175
2000.0,126.0,0.372474
2000.0,127.0,0.046403
2000.0,128.0,0.054153
2000.0,129.0,0.917166
2000.0,130.0,0.039089
2000.0,131.0,0.8876
2000.0,132.0,0.367226
2000.0,133.0,0.819291
2000.0,134.0,0.489269
2000.0,135.0,0.329015
2000.0,136.0,0.997411
2000.0,137.0,0.48412
2000.0,138.0,0.709619
2000.0,139.0,0.407794
2000.0,140.0,0.02409
2000.0,141.0,0.627656
2000.0,142.0,0.999952
2000.0,143.0,0.144
2000.0,144.0,0.270362
2000.0,145.0,0.378701
2000.0,146.0,0.557308
2000.0,147.0,1.0
2000.0,148.0,0.398389
2000.0,149.0,0.464875
2000.0,150.0,0.281411
2000.0,151.0,0.548948
2000.0,152.0,0.337594
2000.0,153.0,0.347146
2000.0,154.0,0.587611
2000.0,155.0,0.622894
2000.0,156.0,0.594767
2000.0,157.0,0.000197
2000.0,158.0,0.180179
2000.0,159.0,0.119844
2000.0,160.0,0.041975
2000.0,161.0,0.077328
2000.0,162.0,0.693347
2000.0,163.0,0.588703
2000.0,164.0,0.658149
2000.0,165.0,0.435793
2000.0,166.0,0.0
2000.0,167.0,0.482722
2000.0,168.0,0.571714
2000.0,169.0,0.60708
2000.0,170.0,0.675618
2000.0,171.0,0.481807
2000.0,172.0,0.534488
2000.0,173.0,0.665118
2000.0,174.0,0.420502
2000.0,175.0,0.359411
2000.0,176.0,0.297507
2000.0,177.0,0.0
2000.0,178.0,0.993834
2000.0,179.0,0.36776
2000.0,180.0,0.336749
2000.0,181.0,0.312078
2000.0,182.0,0.113455
2000.0,183.0,8.5e-05
2000.0,184.0,0.477973
2000.0,185.0,0.499871
2000.0,186.0,0.868963
2000.0,187.0,0.521066
2000.0,188.0,0.033839
2000.0,189.0,0.865942
2000.0,190.0,0.999572
2000.0,191.0,0.666318
2000.0,192.0,0.29447
2000.0,193.0,0.749519
2000.0,194.0,0.022132
2000.0,195.0,0.463187
2000.0,196.0,0.501827
2000.0,197.0,0.291695
2000.0,198.0,0.429618
2000.0,199.0,0.100788
2000.0,200.0,0.022022
2000.0,201.0,0.756708
2000.0,202.0,0.999898
2000.0,203.0,0.542275
2000.0,204.0,0.275422
2000.0,205.0,0.0
2000.0,206.0,0.33398
2000.0,207.0,0.993303
2000.0,208.0,0.555871
2000.0,209.0,0.587522
2000.0,210.0,0.302642
2000.0,211.0,0.21092
2000.0,212.0,0.569941
2000.0,213.0,0.000398
2000.0,214.0,0.549933
2000.0,215.0,0.662186
2000.0,216.0,1.0
2000.0,217.0,0.696841
2000.0,218.0,0.0
2000.0,219.0,0.370082
2000.0,220.0,0.887681
2000.0,221.0,0.512915
2000.0,222.0,0.02845
2000.0,223.0,0.579921
2000.0,224.0,0.369187
2000.0,225.0,0.790888
2000.0,226.0,0.697356
2000.0,227.0,0.835303
2000.0,228.0,0.757866
2000.0,229.0,0.234491
2000.0,230.0,0.386213
2000.0,231.0,0.28622
2000.0,232.0,0.368817
2000.0,233.0,0.77255
2000.0,234.0,0.26942
2000.0,235.0,0.0
2000.0,236.0,0.943214
2000.0,237.0,0.184997
2000.0,238.0,0.561251
2000.0,239.0,0.967251
2000.0,240.0,0.181849
2000.0,241.0,0.45345
2000.0,242.0,0.436352
2000.0,243.0,0.00413
2000.0,244.0,0.022485
2000.0,245.0,0.996391
2000.0,246.0,0.601552
2000.0,247.0,0.495483
2000.0,248.0,0.52999
2000.0,249.0,0.450041
2000.0,250.0,0.515789
2000.0,251.0,0.936441
2000.0,252.0,0.466174
2000.0,253.0,0.707274
2000.0,254.0,0.616034
2000.0,255.0,0.414022
2000.0,256.0,0.996156
2000.0,257.0,0.812327
2000.0,258.0,0.481404
2000.0,259.0,0.605502
2000.0,260.0,0.893003
2000.0,261.0,0.305718
2000.0,262.0,0.0094
2000.0,263.0,0.456903
2000.0,264.0,0.0
2000.0,265.0,0.380599
2000.0,266.0,0.376955
2000.0,267.0,0.786778
2000.0,268.0,0.415864
2000.0,269.0,0.167327
2000.0,270.0,0.803683
2000.0,271.0,0.0
2000.0,272.0,0.127337
2000.0,273.0,0.353682
2000.0,274.0,0.356033
2000.0,275.0,0.661026
2000.0,276.0,0.044932
2000.0,277.0,0.316953
2000.0,278.0,0.482229
2000.0,279.0,0.211541
2000.0,280.0,0.517974
2000.0,281.0,0.829521
2000.0,282.0,1.0
2000.0,283.0,0.440823
2000.0,284.0,0.337919
2000.0,285.0,0.45386
2000.0,286.0,0.810715
2000.0,287.0,0.274757
2000.0,288.0,0.422589
2000.0,289.0,0.388995
2000.0,290.0,0.581722
2000.0,291.0,0.411101
2000.0,292.0,0.683071
2000.0,293.0,0.99989
2000.0,294.0,0.356466
2000.0,295.0,0.247074
2000.0,296.0,0.015082
2000.0,297.0,0.625079
2000.0,298.0,0.203454
2000.0,299.0,0.0
2000.0,300.0,0.380791
2000.0,301.0,0.678972
2000.0,302.0,0.203417
2000.0,303.0,0.928598
2000.0,304.0,0.017644
2000.0,305.0,0.823242
2000.0,306.0,0.678307
2000.0,307.0,0.566645
2000.0,308.0,0.531469
2000.0,309.0,0.0
2000.0,310.0,0.974325
2000.0,311.0,0.507043
2000.0,312.0,0.0
2000.0,313.0,0.554952
2000.0,314.0,0.384796
2000.0,315.0,0.473364
2000.0,316.0,0.351062
2000.0,317.0,0.932551
2000.0,318.0,0.613165
2000.0,319.0,0.16375
2000.0,320.0,0.320547
2000.0,321.0,0.004566
2000.0,322.0,0.121482
2000.0,323.0,0.337914
2000.0,324.0,0.558511
2000.0,325.0,0.099577
2000.0,326.0,0.79139
2000.0,327.0,0.194418
2000.0,328.0,0.067152
2000.0,329.0,0.847619
2000.0,330.0,0.150885
2000.0,331.0,0.587351
2000.0,332.0,0.353299
2000.0,333.0,0.000143
2000.0,334.0,0.281857
2001.0,0.0,0.013956
2001.0,1.0,0.0
2001.0,2.0,0.00112
2001.0,3.0,0.443698
2001.0,4.0,0.265032
2001.0,5.0,0.45872
2001.0,6.0,0.789096
2001.0,7.0,0.786178
2001.0,8.0,0.238968
2001.0,9.0,0.773082
2001.0,10.0,0.984527
2001.0,11.0,0.754017
2001.0,12.0,0.370523
2001.0,13.0,0.338268
2001.0,14.0,0.607122
2001.0,15.0,0.884206
2001.0,16.0,0.610119
2001.0,17.0,0.010334
2001.0,18.0,0.605168
2001.0,19.0,0.64357
2001.0,20.0,0.453471
2001.0,21.0,0.0
2001.0,22.0,0.88388
2001.0,23.0,1.0
2001.0,24.0,0.460742
2001.0,25.0,0.475551
2001.0,26.0,0.79689
2001.0,27.0,0.44392
2001.0,28.0,0.704984
2001.0,29.0,1.0
2001.0,30.0,0.218816
2001.0,31.0,0.72256
2001.0,32.0,0.988434
2001.0,33.0,1.0
2001.0,34.0,0.035556
2001.0,35.0,0.404272
2001.0,36.0,0.400467
2001.0,37.0,0.527092
2001.0,38.0,0.457147
2001.0,39.0,0.914002
2001.0,40.0,0.632719
2001.0,41.0,0.819278
2001.0,42.0,0.376408
2001.0,43.0,0.894624
2001.0,44.0,0.602801
2001.0,45.0,0.767971
2001.0,46.0,0.528206
2001.0,47.0,0.867315
2001.0,48.0,0.948029
2001.0,49.0,0.266368
2001.0,50.0,0.017939
2001.0,51.0,0.296074
2001.0,52.0,0.997837
2001.0,53.0,0.805885
2001.0,54.0,0.938046
2001.0,55.0,0.043774
2001.0,56.0,0.351055
2001.0,57.0,0.000795
2001.0,58.0,0.413622
2001.0,59.0,0.286474
2001.0,60.0,0.814485
2001.0,61.0,0.847329
2001.0,62.0,0.168491
2001.0,63.0,0.622764
2001.0,64.0,0.932294
2001.0,65.0,0.059502
2001.0,66.0,0.025085
2001.0,67.0,0.523807
2001.0,68.0,0.053499
2001.0,69.0,0.100856
2001.0,70.0,0.271752
2001.0,71.0,0.090229
2001.0,72.0,0.53856
2001.0,73.0,0.491239
2001.0,74.0,0.676699
2001.0,75.0,0.556853
2001.0,76.0,0.834638
2001.0,77.0,0.746194
2001.0,78.0,0.339797
2001.0,79.0,0.011007
2001.0,80.0,0.846568
2001.0,81.0,0.303743
2001.0,82.0,0.569762
2001.0,83.0,0.527928
2001.0,84.0,1.0
2001.0,85.0,0.490269
2001.0,86.0,0.736385
2001.0,87.0,0.987308
2001.0,88.0,0.0
2001.0,89.0,0.678327
2001.0,90.0,0.598137
2001.0,91.0,0.423262
2001.0,92.0,0.2346
2001.0,93.0,0.449219
2001.0,94.0,0.431486
2001.0,95.0,0.290213
2001.0,96.0,0.996908
2001.0,97.0,0.367671
2001.0,98.0,0.0
2001.0,99.0,0.149067
2001.0,100.0,0.625009
2001.0,101.0,0.436298
2001.0,102.0,0.800047
2001.0,103.0,0.001671
2001.0,104.0,0.206593
2001.0,105.0,0.566404
2001.0,106.0,0.649599
2001.0,107.0,0.715666
2001.0,108.0,0.856086
2001.0,109.0,0.915636
2001.0,110.0,0.407868
2001.0,111.0,0.899383
2001.0,112.0,0.302482
2001.0,113.0,0.528567
2001.0,114.0,0.389599
2001.0,115.0,0.151417
2001.0,116.0,0.850165
2001.0,117.0,0.291152
2001.0,118.0,0.799663
2001.0,119.0,0.331505
2001.0,120.0,0.0
2001.0,121.0,0.274574
2001.0,122.0,0.572048
2001.0,123.0,1.0
2001.0,124.0,0.456242
2001.0,125.0,0.475916
2001.0,126.0,0.374461
2001.0,127.0,0.047217
2001.0,128.0,0.054988
2001.0,129.0,0.917074
2001.0,130.0,0.03944
2001.0,131.0,0.889122
2001.0,132.0,0.375655
2001.0,133.0,0.821899
2001.0,134.0,0.488026
2001.0,135.0,0.337323
2001.0,136.0,0.997462
2001.0,137.0,0.486192
2001.0,138.0,0.716885
2001.0,139.0,0.413161
2001.0,140.0,0.024434
2001.0,141.0,0.629097
2001.0,142.0,0.999951
2001.0,143.0,0.147353
2001.0,144.0,0.271538
2001.0,145.0,0.382515
2001.0,146.0,0.558592
2001.0,147.0,1.0
2001.0,148.0,0.400841
2001.0,149.0,0.472942
2001.0,150.0,0.283045
2001.0,151.0,0.551701
2001.0,152.0,0.339626
2001.0,153.0,0.356191
2001.0,154.0,0.588671
2001.0,155.0,0.62913
2001.0,156.0,0.594564
2001.0,157.0,0.000213
2001.0,158.0,0.186385
2001.0,159.0,0.122979
2001.0,160.0,0.043313
2001.0,161.0,0.077732
2001.0,162.0,0.694258
2001.0,163.0,0.590867
2001.0,164.0,0.661604
2001.0,165.0,0.441996
2001.0,166.0,0.0
2001.0,167.0,0.483776
2001.0,168.0,0.573389
2001.0,169.0,0.638321
2001.0,170.0,0.679381
2001.0,171.0,0.48135
2001.0,172.0,0.536358
2001.0,173.0,0.668682
2001.0,174.0,0.420974
2001.0,175.0,0.360977
2001.0,176.0,0.299751
2001.0,177.0,0.0
2001.0,178.0,0.994162
2001.0,179.0,0.375736
2001.0,180.0,0.34027
2001.0,181.0,0.312927
2001.0,182.0,0.113621
2001.0,183.0,9.4e-05
2001.0,184.0,0.482496
2001.0,185.0,0.500801
2001.0,186.0,0.873123
2001.0,187.0,0.520493
2001.0,188.0,0.034091
2001.0,189.0,0.867084
2001.0,190.0,0.999594
2001.0,191.0,0.666286
2001.0,192.0,0.295446
2001.0,193.0,0.75059
2001.0,194.0,0.022531
2001.0,195.0,0.469538
2001.0,196.0,0.500801
2001.0,197.0,0.296121
2001.0,198.0,0.433567
2001.0,199.0,0.101249
2001.0,200.0,0.022456
2001.0,201.0,0.758297
2001.0,202.0,0.999889
2001.0,203.0,0.563179
2001.0,204.0,0.277683
2001.0,205.0,0.0
2001.0,206.0,0.359946
2001.0,207.0,0.993882
2001.0,208.0,0.559119
2001.0,209.0,0.588182
2001.0,210.0,0.310883
2001.0,211.0,0.21236
2001.0,212.0,0.578228
2001.0,213.0,0.000397
2001.0,214.0,0.557422
2001.0,215.0,0.668741
2001.0,216.0,1.0
2001.0,217.0,0.700675
2001.0,218.0,0.0
2001.0,219.0,0.37023
2001.0,220.0,0.889092
2001.0,221.0,0.523888
2001.0,222.0,0.028964
2001.0,223.0,0.580972
2001.0,224.0,0.371155
2001.0,225.0,0.793588
2001.0,226.0,0.702909
2001.0,227.0,0.838329
2001.0,228.0,0.760409
2001.0,229.0,0.237228
2001.0,230.0,0.387498
2001.0,231.0,0.347785
2001.0,232.0,0.368682
2001.0,233.0,0.776308
2001.0,234.0,0.274074
2001.0,235.0,0.0
2001.0,236.0,0.943794
2001.0,237.0,0.185006
2001.0,238.0,0.572951
2001.0,239.0,0.967958
2001.0,240.0,0.183762
2001.0,241.0,0.457098
2001.0,242.0,0.439803
2001.0,243.0,0.004323
2001.0,244.0,0.023117
2001.0,245.0,0.996771
2001.0,246.0,0.603561
2001.0,247.0,0.497281
2001.0,248.0,0.533672
2001.0,249.0,0.454152
2001.0,250.0,0.522427
2001.0,251.0,0.937073
2001.0,252.0,0.466725
2001.0,253.0,0.710142
2001.0,254.0,0.622614
2001.0,255.0,0.416366
2001.0,256.0,0.996357
2001.0,257.0,0.815139
2001.0,258.0,0.482375
2001.0,259.0,0.605494
2001.0,260.0,0.895396
2001.0,261.0,0.313236
2001.0,262.0,0.009435
2001.0,263.0,0.458227
2001.0,264.0,0.0
2001.0,265.0,0.380643
2001.0,266.0,0.381672
2001.0,267.0,0.788715
2001.0,268.0,0.421667
2001.0,269.0,0.169434
2001.0,270.0,0.804338
2001.0,271.0,0.0
2001.0,272.0,0.129438
2001.0,273.0,0.357358
2001.0,274.0,0.356337
2001.0,275.0,0.66409
2001.0,276.0,0.045401
2001.0,277.0,0.320738
2001.0,278.0,0.484572
2001.0,279.0,0.214516
2001.0,280.0,0.518309
2001.0,281.0,0.832595
2001.0,282.0,1.0
2001.0,283.0,0.440868
2001.0,284.0,0.339056
2001.0,285.0,0.459927
2001.0,286.0,0.815519
2001.0,287.0,0.276023
2001.0,288.0,0.428956
2001.0,289.0,0.396268
2001.0,290.0,0.582335
2001.0,291.0,0.414458
2001.0,292.0,0.685472
2001.0,293.0,0.999888
2001.0,294.0,0.356177
2001.0,295.0,0.250196
2001.0,296.0,0.015225
2001.0,297.0,0.626026
2001.0,298.0,0.205288
2001.0,299.0,0.0
2001.0,300.0,0.384387
2001.0,301.0,0.679264
2001.0,302.0,0.205595
2001.0,303.0,0.928698
2001.0,304.0,0.017814
2001.0,305.0,0.824534
2001.0,306.0,0.680228
2001.0,307.0,0.566992
2001.0,308.0,0.535558
2001.0,309.0,0.0
2001.0,310.0,0.974788
2001.0,311.0,0.506577
2001.0,312.0,0.0
2001.0,313.0,0.556755
2001.0,314.0,0.386938
2001.0,315.0,0.476839
2001.0,316.0,0.352432
2001.0,317.0,0.933546
2001.0,318.0,0.61504
2001.0,319.0,0.16566
2001.0,320.0,0.329054
2001.0,321.0,0.004578
2001.0,322.0,0.122698
2001.0,323.0,0.37223
2001.0,324.0,0.559647
2001.0,325.0,0.105813
2001.0,326.0,0.792875
2001.0,327.0,0.195364
2001.0,328.0,0.06738
2001.0,329.0,0.858431
2001.0,330.0,0.151534
2001.0,331.0,0.588459
2001.0,332.0,0.356868
2001.0,333.0,0.000159
2001.0,334.0,0.287461
2002.0,0.0,0.013885
2002.0,1.0,0.0
2002.0,2.0,0.001102
2002.0,3.0,0.448165
2002.0,4.0,0.267764
2002.0,5.0,0.467469
2002.0,6.0,0.790948
2002.0,7.0,0.787117
2002.0,8.0,0.238962
2002.0,9.0,0.774747
2002.0,10.0,0.984672
2002.0,11.0,0.754477
2002.0,12.0,0.37796
2002.0,13.0,0.341803
2002.0,14.0,0.619771
2002.0,15.0,0.884835
2002.0,16.0,0.611574
2002.0,17.0,0.010448
2002.0,18.0,0.612932
2002.0,19.0,0.644588
2002.0,20.0,0.458401
2002.0,21.0,0.0
2002.0,22.0,0.885683
2002.0,23.0,1.0
2002.0,24.0,0.461904
2002.0,25.0,0.483987
2002.0,26.0,0.805599
2002.0,27.0,0.448905
2002.0,28.0,0.708244
2002.0,29.0,1.0
2002.0,30.0,0.22824
2002.0,31.0,0.722752
2002.0,32.0,0.9886
2002.0,33.0,1.0
2002.0,34.0,0.038011
2002.0,35.0,0.404639
2002.0,36.0,0.402557
2002.0,37.0,0.527798
2002.0,38.0,0.461646
2002.0,39.0,0.917996
2002.0,40.0,0.637248
2002.0,41.0,0.821745
2002.0,42.0,0.382672
2002.0,43.0,0.903366
2002.0,44.0,0.608452
2002.0,45.0,0.775782
2002.0,46.0,0.529578
2002.0,47.0,0.873503
2002.0,48.0,0.948845
2002.0,49.0,0.268058
2002.0,50.0,0.018348
2002.0,51.0,0.299726
2002.0,52.0,0.997928
2002.0,53.0,0.810227
2002.0,54.0,0.938601
2002.0,55.0,0.04428
2002.0,56.0,0.352884
2002.0,57.0,0.000864
2002.0,58.0,0.416154
2002.0,59.0,0.292034
2002.0,60.0,0.815542
2002.0,61.0,0.849044
2002.0,62.0,0.172764
2002.0,63.0,0.624192
2002.0,64.0,0.932818
2002.0,65.0,0.060397
2002.0,66.0,0.025491
2002.0,67.0,0.5275
2002.0,68.0,0.054193
2002.0,69.0,0.101847
2002.0,70.0,0.273354
2002.0,71.0,0.09171
2002.0,72.0,0.544109
2002.0,73.0,0.491858
2002.0,74.0,0.678519
2002.0,75.0,0.564053
2002.0,76.0,0.83567
2002.0,77.0,0.747591
2002.0,78.0,0.348019
2002.0,79.0,0.011357
2002.0,80.0,0.84807
2002.0,81.0,0.305972
2002.0,82.0,0.571068
2002.0,83.0,0.53074
2002.0,84.0,1.0
2002.0,85.0,0.490598
2002.0,86.0,0.740611
2002.0,87.0,0.98779
2002.0,88.0,0.0
2002.0,89.0,0.680484
2002.0,90.0,0.598087
2002.0,91.0,0.426354
2002.0,92.0,0.237264
2002.0,93.0,0.451974
2002.0,94.0,0.435163
2002.0,95.0,0.290525
2002.0,96.0,0.99701
2002.0,97.0,0.409877
2002.0,98.0,0.0
2002.0,99.0,0.14941
2002.0,100.0,0.624705
2002.0,101.0,0.438504
2002.0,102.0,0.806877
2002.0,103.0,0.001728
2002.0,104.0,0.207891
2002.0,105.0,0.568383
2002.0,106.0,0.652381
2002.0,107.0,0.716071
2002.0,108.0,0.860571
2002.0,109.0,0.918162
2002.0,110.0,0.408494
2002.0,111.0,0.900631
2002.0,112.0,0.302654
2002.0,113.0,0.528635
2002.0,114.0,0.394859
2002.0,115.0,0.15242
2002.0,116.0,0.8505
2002.0,117.0,0.292456
2002.0,118.0,0.80232
2002.0,119.0,0.333842
2002.0,120.0,0.0
2002.0,121.0,0.28554
2002.0,122.0,0.573087
2002.0,123.0,1.0
2002.0,124.0,0.462445
2002.0,125.0,0.482133
2002.0,126.0,0.375961
2002.0,127.0,0.048803
2002.0,128.0,0.056006
2002.0,129.0,0.918034
2002.0,130.0,0.039517
2002.0,131.0,0.891025
2002.0,132.0,0.383321
2002.0,133.0,0.823526
2002.0,134.0,0.48771
2002.0,135.0,0.346952
2002.0,136.0,0.99753
2002.0,137.0,0.487805
2002.0,138.0,0.724061
2002.0,139.0,0.417557
2002.0,140.0,0.024712
2002.0,141.0,0.6297
2002.0,142.0,0.999945
2002.0,143.0,0.149858
2002.0,144.0,0.272469
2002.0,145.0,0.385782
2002.0,146.0,0.559655
2002.0,147.0,1.0
2002.0,148.0,0.404317
2002.0,149.0,0.481079
2002.0,150.0,0.285105
2002.0,151.0,0.555186
2002.0,152.0,0.340965
2002.0,153.0,0.365487
2002.0,154.0,0.589626
2002.0,155.0,0.634695
2002.0,156.0,0.59459
2002.0,157.0,0.000231
2002.0,158.0,0.191849
2002.0,159.0,0.125835
2002.0,160.0,0.044377
2002.0,161.0,0.078409
2002.0,162.0,0.695922
2002.0,163.0,0.592049
2002.0,164.0,0.664707
2002.0,165.0,0.448737
2002.0,166.0,0.0
2002.0,167.0,0.485197
2002.0,168.0,0.573607
2002.0,169.0,0.66934
2002.0,170.0,0.683285
2002.0,171.0,0.481543
2002.0,172.0,0.539508
2002.0,173.0,0.67168
2002.0,174.0,0.421626
2002.0,175.0,0.361791
2002.0,176.0,0.303124
2002.0,177.0,0.0
2002.0,178.0,0.994323
2002.0,179.0,0.38489
2002.0,180.0,0.343982
2002.0,181.0,0.313241
2002.0,182.0,0.114587
2002.0,183.0,0.000103
2002.0,184.0,0.486665
2002.0,185.0,0.503352
2002.0,186.0,0.876943
2002.0,187.0,0.521648
2002.0,188.0,0.034375
2002.0,189.0,0.867347
2002.0,190.0,0.999645
2002.0,191.0,0.666318
2002.0,192.0,0.296052
2002.0,193.0,0.751717
2002.0,194.0,0.022793
2002.0,195.0,0.475912
2002.0,196.0,0.499583
2002.0,197.0,0.300437
2002.0,198.0,0.438006
2002.0,199.0,0.101933
2002.0,200.0,0.023116
2002.0,201.0,0.759512
2002.0,202.0,0.999896
2002.0,203.0,0.582094
2002.0,204.0,0.279823
2002.0,205.0,0.0
2002.0,206.0,0.384126
2002.0,207.0,0.994392
2002.0,208.0,0.562805
2002.0,209.0,0.588003
2002.0,210.0,0.319307
2002.0,211.0,0.214624
2002.0,212.0,0.58517
2002.0,213.0,0.000363
2002.0,214.0,0.565285
2002.0,215.0,0.673926
2002.0,216.0,1.0
2002.0,217.0,0.703989
2002.0,218.0,0.0
2002.0,219.0,0.371108
2002.0,220.0,0.890951
2002.0,221.0,0.535025
2002.0,222.0,0.029349
2002.0,223.0,0.582527
2002.0,224.0,0.374826
2002.0,225.0,0.796381
2002.0,226.0,0.708754
2002.0,227.0,0.841475
2002.0,228.0,0.762953
2002.0,229.0,0.239073
2002.0,230.0,0.389182
2002.0,231.0,0.408624
2002.0,232.0,0.369166
2002.0,233.0,0.779683
2002.0,234.0,0.280503
2002.0,235.0,0.0
2002.0,236.0,0.944013
2002.0,237.0,0.185939
2002.0,238.0,0.584692
2002.0,239.0,0.968296
2002.0,240.0,0.185887
2002.0,241.0,0.459912
2002.0,242.0,0.443363
2002.0,243.0,0.004347
2002.0,244.0,0.023567
2002.0,245.0,0.997035
2002.0,246.0,0.60483
2002.0,247.0,0.498148
2002.0,248.0,0.536449
2002.0,249.0,0.458323
2002.0,250.0,0.529356
2002.0,251.0,0.937308
2002.0,252.0,0.46697
2002.0,253.0,0.712253
2002.0,254.0,0.628001
2002.0,255.0,0.418405
2002.0,256.0,0.996459
2002.0,257.0,0.817111
2002.0,258.0,0.483485
2002.0,259.0,0.605814
2002.0,260.0,0.897429
2002.0,261.0,0.320916
2002.0,262.0,0.009495
2002.0,263.0,0.459229
2002.0,264.0,0.0
2002.0,265.0,0.381067
2002.0,266.0,0.384131
2002.0,267.0,0.789825
2002.0,268.0,0.428019
2002.0,269.0,0.171326
2002.0,270.0,0.805082
2002.0,271.0,0.0
2002.0,272.0,0.131096
2002.0,273.0,0.360637
2002.0,274.0,0.357229
2002.0,275.0,0.666389
2002.0,276.0,0.045855
2002.0,277.0,0.322603
2002.0,278.0,0.48774
2002.0,279.0,0.217766
2002.0,280.0,0.519207
2002.0,281.0,0.83546
2002.0,282.0,1.0
2002.0,283.0,0.441799
2002.0,284.0,0.339922
2002.0,285.0,0.466452
2002.0,286.0,0.82101
2002.0,287.0,0.277642
2002.0,288.0,0.435298
2002.0,289.0,0.403292
2002.0,290.0,0.58404
2002.0,291.0,0.417244
2002.0,292.0,0.688111
2002.0,293.0,0.99988
2002.0,294.0,0.355746
2002.0,295.0,0.253553
2002.0,296.0,0.015579
2002.0,297.0,0.626708
2002.0,298.0,0.206859
2002.0,299.0,0.0
2002.0,300.0,0.388445
2002.0,301.0,0.680088
2002.0,302.0,0.207543
2002.0,303.0,0.928687
2002.0,304.0,0.017812
2002.0,305.0,0.825711
2002.0,306.0,0.681222
2002.0,307.0,0.568691
2002.0,308.0,0.540001
2002.0,309.0,0.0
2002.0,310.0,0.975539
2002.0,311.0,0.506044
2002.0,312.0,0.0
2002.0,313.0,0.558222
2002.0,314.0,0.388061
2002.0,315.0,0.480862
2002.0,316.0,0.354442
2002.0,317.0,0.934552
2002.0,318.0,0.616814
2002.0,319.0,0.165914
2002.0,320.0,0.336837
2002.0,321.0,0.004576
2002.0,322.0,0.12411
2002.0,323.0,0.405467
2002.0,324.0,0.562063
2002.0,325.0,0.112541
2002.0,326.0,0.793641
2002.0,327.0,0.19689
2002.0,328.0,0.067651
2002.0,329.0,0.867839
2002.0,330.0,0.151774
2002.0,331.0,0.590199
2002.0,332.0,0.360807
2002.0,333.0,0.000182
2002.0,334.0,0.2918
2003.0,0.0,0.01408
2003.0,1.0,0.0
2003.0,2.0,0.001097
2003.0,3.0,0.451444
2003.0,4.0,0.270574
2003.0,5.0,0.476867
2003.0,6.0,0.793779
2003.0,7.0,0.78844
2003.0,8.0,0.239356
2003.0,9.0,0.776222
2003.0,10.0,0.98474
2003.0,11.0,0.755114
2003.0,12.0,0.385013
2003.0,13.0,0.344412
2003.0,14.0,0.632412
2003.0,15.0,0.885034
2003.0,16.0,0.612668
2003.0,17.0,0.010619
2003.0,18.0,0.62006
2003.0,19.0,0.645716
2003.0,20.0,0.46185
2003.0,21.0,0.0
2003.0,22.0,0.88705
2003.0,23.0,1.0
2003.0,24.0,0.463604
2003.0,25.0,0.492378
2003.0,26.0,0.814322
2003.0,27.0,0.454219
2003.0,28.0,0.711133
2003.0,29.0,1.0
2003.0,30.0,0.23786
2003.0,31.0,0.723372
2003.0,32.0,0.988499
2003.0,33.0,1.0
2003.0,34.0,0.040011
2003.0,35.0,0.404484
2003.0,36.0,0.404596
2003.0,37.0,0.528698
2003.0,38.0,0.466951
2003.0,39.0,0.921965
2003.0,40.0,0.641168
2003.0,41.0,0.824054
2003.0,42.0,0.387397
2003.0,43.0,0.910738
2003.0,44.0,0.61375
2003.0,45.0,0.782987
2003.0,46.0,0.530489
2003.0,47.0,0.879466
2003.0,48.0,0.949607
2003.0,49.0,0.269251
2003.0,50.0,0.018477
2003.0,51.0,0.302277
2003.0,52.0,0.998083
2003.0,53.0,0.814923
2003.0,54.0,0.939755
2003.0,55.0,0.044802
2003.0,56.0,0.354197
2003.0,57.0,0.000892
2003.0,58.0,0.418553
2003.0,59.0,0.298223
2003.0,60.0,0.816426
2003.0,61.0,0.85069
2003.0,62.0,0.177825
2003.0,63.0,0.62481
2003.0,64.0,0.933797
2003.0,65.0,0.061129
2003.0,66.0,0.025702
2003.0,67.0,0.531599
2003.0,68.0,0.054281
2003.0,69.0,0.102484
2003.0,70.0,0.274231
2003.0,71.0,0.093852
2003.0,72.0,0.547838
2003.0,73.0,0.493059
2003.0,74.0,0.680179
2003.0,75.0,0.572443
2003.0,76.0,0.836933
2003.0,77.0,0.748495
2003.0,78.0,0.356446
2003.0,79.0,0.011524
2003.0,80.0,0.848863
2003.0,81.0,0.308857
2003.0,82.0,0.573206
2003.0,83.0,0.534139
2003.0,84.0,1.0
2003.0,85.0,0.490155
2003.0,86.0,0.744141
2003.0,87.0,0.988105
2003.0,88.0,0.0
2003.0,89.0,0.68276
2003.0,90.0,0.598709
2003.0,91.0,0.429601
2003.0,92.0,0.240131
2003.0,93.0,0.45379
2003.0,94.0,0.440092
2003.0,95.0,0.290918
2003.0,96.0,0.997057
2003.0,97.0,0.452547
2003.0,98.0,0.0
2003.0,99.0,0.150142
2003.0,100.0,0.626252
2003.0,101.0,0.439341
2003.0,102.0,0.812438
2003.0,103.0,0.001815
2003.0,104.0,0.209121
2003.0,105.0,0.570217
2003.0,106.0,0.654981
2003.0,107.0,0.717768
2003.0,108.0,0.864266
2003.0,109.0,0.920958
2003.0,110.0,0.408476
2003.0,111.0,0.901702
2003.0,112.0,0.303385
2003.0,113.0,0.5284
2003.0,114.0,0.4
2003.0,115.0,0.152842
2003.0,116.0,0.851076
2003.0,117.0,0.294685
2003.0,118.0,0.805377
2003.0,119.0,0.335393
2003.0,120.0,0.0
2003.0,121.0,0.296071
2003.0,122.0,0.575446
2003.0,123.0,1.0
2003.0,124.0,0.466695
2003.0,125.0,0.488725
2003.0,126.0,0.378106
2003.0,127.0,0.049552
2003.0,128.0,0.05682
2003.0,129.0,0.918691
2003.0,130.0,0.039779
2003.0,131.0,0.892764
2003.0,132.0,0.390102
2003.0,133.0,0.825284
2003.0,134.0,0.487217
2003.0,135.0,0.356085
2003.0,136.0,0.997599
2003.0,137.0,0.489216
2003.0,138.0,0.73027
2003.0,139.0,0.422732
2003.0,140.0,0.024918
2003.0,141.0,0.631367
2003.0,142.0,0.999948
2003.0,143.0,0.152713
2003.0,144.0,0.273381
2003.0,145.0,0.389364
2003.0,146.0,0.561238
2003.0,147.0,1.0
2003.0,148.0,0.407358
2003.0,149.0,0.489103
2003.0,150.0,0.286929
2003.0,151.0,0.558325
2003.0,152.0,0.342561
2003.0,153.0,0.37488
2003.0,154.0,0.590673
2003.0,155.0,0.639821
2003.0,156.0,0.59418
2003.0,157.0,0.000256
2003.0,158.0,0.197377
2003.0,159.0,0.129343
2003.0,160.0,0.045588
2003.0,161.0,0.07879
2003.0,162.0,0.69679
2003.0,163.0,0.594062
2003.0,164.0,0.666756
2003.0,165.0,0.455252
2003.0,166.0,0.0
2003.0,167.0,0.487192
2003.0,168.0,0.573408
2003.0,169.0,0.69914
2003.0,170.0,0.686974
2003.0,171.0,0.480541
2003.0,172.0,0.541362
2003.0,173.0,0.675564
2003.0,174.0,0.422657
2003.0,175.0,0.363534
2003.0,176.0,0.305794
2003.0,177.0,0.0
2003.0,178.0,0.994439
2003.0,179.0,0.393499
2003.0,180.0,0.347158
2003.0,181.0,0.314095
2003.0,182.0,0.114707
2003.0,183.0,0.000119
2003.0,184.0,0.490875
2003.0,185.0,0.504745
2003.0,186.0,0.880863
2003.0,187.0,0.521423
2003.0,188.0,0.034716
2003.0,189.0,0.86813
2003.0,190.0,0.99971
2003.0,191.0,0.666749
2003.0,192.0,0.29714
2003.0,193.0,0.752803
2003.0,194.0,0.0231
2003.0,195.0,0.482354
2003.0,196.0,0.498628
2003.0,197.0,0.305357
2003.0,198.0,0.441818
2003.0,199.0,0.102759
2003.0,200.0,0.023414
2003.0,201.0,0.760777
2003.0,202.0,0.999893
2003.0,203.0,0.601273
2003.0,204.0,0.282053
2003.0,205.0,0.0
2003.0,206.0,0.409115
2003.0,207.0,0.994844
2003.0,208.0,0.56601
2003.0,209.0,0.589528
2003.0,210.0,0.328035
2003.0,211.0,0.216843
2003.0,212.0,0.593399
2003.0,213.0,0.000349
2003.0,214.0,0.571803
2003.0,215.0,0.67927
2003.0,216.0,1.0
2003.0,217.0,0.708112
2003.0,218.0,0.0
2003.0,219.0,0.371529
2003.0,220.0,0.893219
2003.0,221.0,0.545941
2003.0,222.0,0.029834
2003.0,223.0,0.584073
2003.0,224.0,0.377515
2003.0,225.0,0.798858
2003.0,226.0,0.71476
2003.0,227.0,0.843426
2003.0,228.0,0.766587
2003.0,229.0,0.241461
2003.0,230.0,0.390337
2003.0,231.0,0.466641
2003.0,232.0,0.368984
2003.0,233.0,0.782768
2003.0,234.0,0.286375
2003.0,235.0,0.0
2003.0,236.0,0.944777
2003.0,237.0,0.186644
2003.0,238.0,0.59683
2003.0,239.0,0.968592
2003.0,240.0,0.186959
2003.0,241.0,0.463674
2003.0,242.0,0.446731
2003.0,243.0,0.004466
2003.0,244.0,0.023756
2003.0,245.0,0.997179
2003.0,246.0,0.605856
2003.0,247.0,0.499877
2003.0,248.0,0.540394
2003.0,249.0,0.463603
2003.0,250.0,0.536066
2003.0,251.0,0.937921
2003.0,252.0,0.468197
2003.0,253.0,0.7152
2003.0,254.0,0.632795
2003.0,255.0,0.420675
2003.0,256.0,0.996568
2003.0,257.0,0.819221
2003.0,258.0,0.484647
2003.0,259.0,0.607466
2003.0,260.0,0.899277
2003.0,261.0,0.328104
2003.0,262.0,0.009591
2003.0,263.0,0.460557
2003.0,264.0,0.0
2003.0,265.0,0.381699
2003.0,266.0,0.386602
2003.0,267.0,0.790987
2003.0,268.0,0.434291
2003.0,269.0,0.173154
2003.0,270.0,0.806025
2003.0,271.0,0.0
2003.0,272.0,0.132731
2003.0,273.0,0.364171
2003.0,274.0,0.356877
2003.0,275.0,0.66854
2003.0,276.0,0.046502
2003.0,277.0,0.32574
2003.0,278.0,0.489882
2003.0,279.0,0.220717
2003.0,280.0,0.519899
2003.0,281.0,0.838524
2003.0,282.0,1.0
2003.0,283.0,0.442644
2003.0,284.0,0.340586
2003.0,285.0,0.473928
2003.0,286.0,0.825232
2003.0,287.0,0.278879
2003.0,288.0,0.442469
2003.0,289.0,0.41081
2003.0,290.0,0.585247
2003.0,291.0,0.420065
2003.0,292.0,0.690835
2003.0,293.0,0.999887
2003.0,294.0,0.356052
2003.0,295.0,0.256794
2003.0,296.0,0.015699
2003.0,297.0,0.627052
2003.0,298.0,0.208115
2003.0,299.0,0.0
2003.0,300.0,0.390863
2003.0,301.0,0.680897
2003.0,302.0,0.210146
2003.0,303.0,0.928926
2003.0,304.0,0.018258
2003.0,305.0,0.826672
2003.0,306.0,0.683787
2003.0,307.0,0.569341
2003.0,308.0,0.544082
2003.0,309.0,0.0
2003.0,310.0,0.975988
2003.0,311.0,0.505788
2003.0,312.0,0.0
2003.0,313.0,0.559803
2003.0,314.0,0.389104
2003.0,315.0,0.484174
2003.0,316.0,0.356543
2003.0,317.0,0.934961
2003.0,318.0,0.618559
2003.0,319.0,0.167254
2003.0,320.0,0.345292
2003.0,321.0,0.004582
2003.0,322.0,0.125195
2003.0,323.0,0.438717
2003.0,324.0,0.562619
2003.0,325.0,0.11975
2003.0,326.0,0.794265
2003.0,327.0,0.196798
2003.0,328.0,0.067634
2003.0,329.0,0.876416
2003.0,330.0,0.152354
2003.0,331.0,0.591107
2003.0,332.0,0.365568
2003.0,333.0,0.000186
2003.0,334.0,0.296621
2004.0,0.0,0.014264
2004.0,1.0,0.0
2004.0,2.0,0.001092
2004.0,3.0,0.45568
2004.0,4.0,0.272189
2004.0,5.0,0.485442
2004.0,6.0,0.796134
2004.0,7.0,0.789265
2004.0,8.0,0.239723
2004.0,9.0,0.777252
2004.0,10.0,0.984984
2004.0,11.0,0.757027
2004.0,12.0,0.392987
2004.0,13.0,0.347246
2004.0,14.0,0.645135
2004.0,15.0,0.885631
2004.0,16.0,0.614166
2004.0,17.0,0.010793
2004.0,18.0,0.627992
2004.0,19.0,0.646906
2004.0,20.0,0.466659
2004.0,21.0,0.0
2004.0,22.0,0.888638
2004.0,23.0,1.0
2004.0,24.0,0.464652
2004.0,25.0,0.500359
2004.0,26.0,0.823216
2004.0,27.0,0.459669
2004.0,28.0,0.713655
2004.0,29.0,1.0
2004.0,30.0,0.247322
2004.0,31.0,0.724208
2004.0,32.0,0.988571
2004.0,33.0,1.0
2004.0,34.0,0.042576
2004.0,35.0,0.405363
2004.0,36.0,0.407245
2004.0,37.0,0.529026
2004.0,38.0,0.472326
2004.0,39.0,0.925696
2004.0,40.0,0.645071
2004.0,41.0,0.826523
2004.0,42.0,0.393123
2004.0,43.0,0.917791
2004.0,44.0,0.618764
2004.0,45.0,0.790376
2004.0,46.0,0.53087
2004.0,47.0,0.884566
2004.0,48.0,0.949989
2004.0,49.0,0.270356
2004.0,50.0,0.018454
2004.0,51.0,0.305784
2004.0,52.0,0.99807
2004.0,53.0,0.819201
2004.0,54.0,0.940542
2004.0,55.0,0.045169
2004.0,56.0,0.355517
2004.0,57.0,0.000856
2004.0,58.0,0.420101
2004.0,59.0,0.304107
2004.0,60.0,0.816717
2004.0,61.0,0.852666
2004.0,62.0,0.182281
2004.0,63.0,0.625269
2004.0,64.0,0.934943
2004.0,65.0,0.061434
2004.0,66.0,0.02602
2004.0,67.0,0.535806
2004.0,68.0,0.054398
2004.0,69.0,0.103292
2004.0,70.0,0.275359
2004.0,71.0,0.095874
2004.0,72.0,0.551658
2004.0,73.0,0.493661
2004.0,74.0,0.681865
2004.0,75.0,0.579379
2004.0,76.0,0.838433
2004.0,77.0,0.750064
2004.0,78.0,0.364566
2004.0,79.0,0.011989
2004.0,80.0,0.849989
2004.0,81.0,0.310612
2004.0,82.0,0.575999
2004.0,83.0,0.537153
2004.0,84.0,1.0
2004.0,85.0,0.489085
2004.0,86.0,0.747706
2004.0,87.0,0.988215
2004.0,88.0,0.0
2004.0,89.0,0.685158
2004.0,90.0,0.598254
2004.0,91.0,0.431938
2004.0,92.0,0.243076
2004.0,93.0,0.456094
2004.0,94.0,0.444806
2004.0,95.0,0.29229
2004.0,96.0,0.997078
2004.0,97.0,0.493835
2004.0,98.0,0.0
2004.0,99.0,0.150586
2004.0,100.0,0.627387
2004.0,101.0,0.441171
2004.0,102.0,0.817877
2004.0,103.0,0.001834
2004.0,104.0,0.209954
2004.0,105.0,0.571602
2004.0,106.0,0.657591
2004.0,107.0,0.718321
2004.0,108.0,0.868731
2004.0,109.0,0.923561
2004.0,110.0,0.409395
2004.0,111.0,0.902724
2004.0,112.0,0.304254
2004.0,113.0,0.529325
2004.0,114.0,0.405529
2004.0,115.0,0.154244
2004.0,116.0,0.851412
2004.0,117.0,0.29645
2004.0,118.0,0.806785
2004.0,119.0,0.33692
2004.0,120.0,0.0
2004.0,121.0,0.306681
2004.0,122.0,0.577848
2004.0,123.0,1.0
2004.0,124.0,0.472108
2004.0,125.0,0.494744
2004.0,126.0,0.380258
2004.0,127.0,0.050561
2004.0,128.0,0.05716
2004.0,129.0,0.919374
2004.0,130.0,0.040222
2004.0,131.0,0.89419
2004.0,132.0,0.396885
2004.0,133.0,0.827727
2004.0,134.0,0.486901
2004.0,135.0,0.366019
2004.0,136.0,0.997652
2004.0,137.0,0.49174
2004.0,138.0,0.735854
2004.0,139.0,0.428206
2004.0,140.0,0.025319
2004.0,141.0,0.63218
2004.0,142.0,0.999955
2004.0,143.0,0.155713
2004.0,144.0,0.274285
2004.0,145.0,0.392926
2004.0,146.0,0.563678
2004.0,147.0,1.0
2004.0,148.0,0.410144
2004.0,149.0,0.49623
2004.0,150.0,0.289001
2004.0,151.0,0.560028
2004.0,152.0,0.344475
2004.0,153.0,0.384018
2004.0,154.0,0.592139
2004.0,155.0,0.645106
2004.0,156.0,0.594963
2004.0,157.0,0.000278
2004.0,158.0,0.202713
2004.0,159.0,0.132831
2004.0,160.0,0.046983
2004.0,161.0,0.078979
2004.0,162.0,0.697049
2004.0,163.0,0.596755
2004.0,164.0,0.668582
2004.0,165.0,0.461459
2004.0,166.0,0.0
2004.0,167.0,0.487969
2004.0,168.0,0.574959
2004.0,169.0,0.727733
2004.0,170.0,0.690132
2004.0,171.0,0.480168
2004.0,172.0,0.54237
2004.0,173.0,0.678154
2004.0,174.0,0.423938
2004.0,175.0,0.365082
2004.0,176.0,0.308808
2004.0,177.0,0.0
2004.0,178.0,0.994449
2004.0,179.0,0.401097
2004.0,180.0,0.351376
2004.0,181.0,0.315498
2004.0,182.0,0.115324
2004.0,183.0,0.000147
2004.0,184.0,0.495794
2004.0,185.0,0.505556
2004.0,186.0,0.884635
2004.0,187.0,0.521423
2004.0,188.0,0.035038
2004.0,189.0,0.868741
2004.0,190.0,0.999735
2004.0,191.0,0.667053
2004.0,192.0,0.297777
2004.0,193.0,0.753155
2004.0,194.0,0.023474
2004.0,195.0,0.488341
2004.0,196.0,0.497621
2004.0,197.0,0.309965
2004.0,198.0,0.445378
2004.0,199.0,0.102672
2004.0,200.0,0.02378
2004.0,201.0,0.762236
2004.0,202.0,0.999869
2004.0,203.0,0.619292
2004.0,204.0,0.283723
2004.0,205.0,0.0
2004.0,206.0,0.433271
2004.0,207.0,0.99525
2004.0,208.0,0.568921
2004.0,209.0,0.589843
2004.0,210.0,0.33691
2004.0,211.0,0.218175
2004.0,212.0,0.600193
2004.0,213.0,0.000379
2004.0,214.0,0.57871
2004.0,215.0,0.68391
2004.0,216.0,1.0
2004.0,217.0,0.712944
2004.0,218.0,0.0
2004.0,219.0,0.37308
2004.0,220.0,0.895625
2004.0,221.0,0.555296
2004.0,222.0,0.030246
2004.0,223.0,0.586607
2004.0,224.0,0.380282
2004.0,225.0,0.801561
2004.0,226.0,0.720046
2004.0,227.0,0.845776
2004.0,228.0,0.769717
2004.0,229.0,0.243929
2004.0,230.0,0.390551
2004.0,231.0,0.519409
2004.0,232.0,0.369057
2004.0,233.0,0.786412
2004.0,234.0,0.291749
2004.0,235.0,0.0
2004.0,236.0,0.94491
2004.0,237.0,0.18779
2004.0,238.0,0.608579
2004.0,239.0,0.968828
2004.0,240.0,0.189259
2004.0,241.0,0.467519
2004.0,242.0,0.449724
2004.0,243.0,0.004557
2004.0,244.0,0.023991
2004.0,245.0,0.997341
2004.0,246.0,0.607456
2004.0,247.0,0.500479
2004.0,248.0,0.544029
2004.0,249.0,0.467409
2004.0,250.0,0.542726
2004.0,251.0,0.938299
2004.0,252.0,0.469074
2004.0,253.0,0.718925
2004.0,254.0,0.637266
2004.0,255.0,0.423161
2004.0,256.0,0.996499
2004.0,257.0,0.821675
2004.0,258.0,0.486566
2004.0,259.0,0.608264
2004.0,260.0,0.900953
2004.0,261.0,0.334569
2004.0,262.0,0.009844
2004.0,263.0,0.462527
2004.0,264.0,0.0
2004.0,265.0,0.382194
2004.0,266.0,0.390195
2004.0,267.0,0.792972
2004.0,268.0,0.439377
2004.0,269.0,0.175338
2004.0,270.0,0.8068
2004.0,271.0,0.0
2004.0,272.0,0.133778
2004.0,273.0,0.367198
2004.0,274.0,0.356735
2004.0,275.0,0.671192
2004.0,276.0,0.047175
2004.0,277.0,0.328841
2004.0,278.0,0.491389
2004.0,279.0,0.223889
2004.0,280.0,0.520528
2004.0,281.0,0.841116
2004.0,282.0,1.0
2004.0,283.0,0.442573
2004.0,284.0,0.341114
2004.0,285.0,0.480817
2004.0,286.0,0.829287
2004.0,287.0,0.281212
2004.0,288.0,0.448889
2004.0,289.0,0.41731
2004.0,290.0,0.58622
2004.0,291.0,0.422198
2004.0,292.0,0.692495
2004.0,293.0,0.999892
2004.0,294.0,0.356393
2004.0,295.0,0.260727
2004.0,296.0,0.016102
2004.0,297.0,0.627369
2004.0,298.0,0.210528
2004.0,299.0,0.0
2004.0,300.0,0.394575
2004.0,301.0,0.681649
2004.0,302.0,0.212879
2004.0,303.0,0.928985
2004.0,304.0,0.018328
2004.0,305.0,0.827734
2004.0,306.0,0.686555
2004.0,307.0,0.570724
2004.0,308.0,0.547428
2004.0,309.0,0.0
2004.0,310.0,0.976487
2004.0,311.0,0.505315
2004.0,312.0,0.0
2004.0,313.0,0.561618
2004.0,314.0,0.390189
2004.0,315.0,0.487251
2004.0,316.0,0.3569
2004.0,317.0,0.935411
2004.0,318.0,0.620663
2004.0,319.0,0.167487
2004.0,320.0,0.354419
2004.0,321.0,0.004628
2004.0,322.0,0.126505
2004.0,323.0,0.470639
2004.0,324.0,0.564016
2004.0,325.0,0.126918
2004.0,326.0,0.795717
2004.0,327.0,0.197428
2004.0,328.0,0.068054
2004.0,329.0,0.884642
2004.0,330.0,0.153982
2004.0,331.0,0.591907
2004.0,332.0,0.369427
2004.0,333.0,0.000179
2004.0,334.0,0.300649
2005.0,0.0,0.014165
2005.0,1.0,0.0
2005.0,2.0,0.001198
2005.0,3.0,0.46024
2005.0,4.0,0.274703
2005.0,5.0,0.494938
2005.0,6.0,0.798903
2005.0,7.0,0.790139
2005.0,8.0,0.240532
2005.0,9.0,0.778817
2005.0,10.0,0.985025
2005.0,11.0,0.757445
2005.0,12.0,0.398956
2005.0,13.0,0.349777
2005.0,14.0,0.656956
2005.0,15.0,0.886903
2005.0,16.0,0.616492
2005.0,17.0,0.010998
2005.0,18.0,0.634949
2005.0,19.0,0.648094
2005.0,20.0,0.471211
2005.0,21.0,0.0
2005.0,22.0,0.890444
2005.0,23.0,1.0
2005.0,24.0,0.465653
2005.0,25.0,0.507449
2005.0,26.0,0.830778
2005.0,27.0,0.464476
2005.0,28.0,0.716689
2005.0,29.0,1.0
2005.0,30.0,0.257276
2005.0,31.0,0.724803
2005.0,32.0,0.988554
2005.0,33.0,1.0
2005.0,34.0,0.045301
2005.0,35.0,0.405291
2005.0,36.0,0.409709
2005.0,37.0,0.53071
2005.0,38.0,0.477059
2005.0,39.0,0.928794
2005.0,40.0,0.648678
2005.0,41.0,0.828928
2005.0,42.0,0.398824
2005.0,43.0,0.923651
2005.0,44.0,0.623943
2005.0,45.0,0.797674
2005.0,46.0,0.531822
2005.0,47.0,0.889202
2005.0,48.0,0.950062
2005.0,49.0,0.27187
2005.0,50.0,0.018385
2005.0,51.0,0.310185
2005.0,52.0,0.998137
2005.0,53.0,0.823006
2005.0,54.0,0.941673
2005.0,55.0,0.045099
2005.0,56.0,0.356309
2005.0,57.0,0.000874
2005.0,58.0,0.422441
2005.0,59.0,0.30981
2005.0,60.0,0.817158
2005.0,61.0,0.854484
2005.0,62.0,0.186909
2005.0,63.0,0.625298
2005.0,64.0,0.935986
2005.0,65.0,0.061925
2005.0,66.0,0.026486
2005.0,67.0,0.538663
2005.0,68.0,0.054248
2005.0,69.0,0.103404
2005.0,70.0,0.276629
2005.0,71.0,0.098065
2005.0,72.0,0.554984
2005.0,73.0,0.494216
2005.0,74.0,0.682986
2005.0,75.0,0.586575
2005.0,76.0,0.840599
2005.0,77.0,0.751429
2005.0,78.0,0.373249
2005.0,79.0,0.012215
2005.0,80.0,0.851065
2005.0,81.0,0.313225
2005.0,82.0,0.57858
2005.0,83.0,0.53962
2005.0,84.0,1.0
2005.0,85.0,0.489525
2005.0,86.0,0.751077
2005.0,87.0,0.988323
2005.0,88.0,0.0
2005.0,89.0,0.687671
2005.0,90.0,0.599261
2005.0,91.0,0.433179
2005.0,92.0,0.24558
2005.0,93.0,0.458229
2005.0,94.0,0.449836
2005.0,95.0,0.292421
2005.0,96.0,0.997096
2005.0,97.0,0.53356
2005.0,98.0,0.0
2005.0,99.0,0.15102
2005.0,100.0,0.629109
2005.0,101.0,0.442424
2005.0,102.0,0.823091
2005.0,103.0,0.001829
2005.0,104.0,0.211152
2005.0,105.0,0.573717
2005.0,106.0,0.660509
2005.0,107.0,0.71807
2005.0,108.0,0.872566
2005.0,109.0,0.926027
2005.0,110.0,0.409926
2005.0,111.0,0.90321
2005.0,112.0,0.304195
2005.0,113.0,0.529002
2005.0,114.0,0.411454
2005.0,115.0,0.155637
2005.0,116.0,0.852165
2005.0,117.0,0.298922
2005.0,118.0,0.808545
2005.0,119.0,0.338124
2005.0,120.0,0.0
2005.0,121.0,0.316727
2005.0,122.0,0.579673
2005.0,123.0,1.0
2005.0,124.0,0.476732
2005.0,125.0,0.50036
2005.0,126.0,0.382921
2005.0,127.0,0.051611
2005.0,128.0,0.057493
2005.0,129.0,0.919954
2005.0,130.0,0.040356
2005.0,131.0,0.895681
2005.0,132.0,0.404039
2005.0,133.0,0.830145
2005.0,134.0,0.486718
2005.0,135.0,0.375378
2005.0,136.0,0.997744
2005.0,137.0,0.493567
2005.0,138.0,0.741446
2005.0,139.0,0.434143
2005.0,140.0,0.025613
2005.0,141.0,0.633661
2005.0,142.0,0.999953
2005.0,143.0,0.158275
2005.0,144.0,0.275285
2005.0,145.0,0.396098
2005.0,146.0,0.565601
2005.0,147.0,1.0
2005.0,148.0,0.412458
2005.0,149.0,0.504019
2005.0,150.0,0.290554
2005.0,151.0,0.562962
2005.0,152.0,0.346603
2005.0,153.0,0.393992
2005.0,154.0,0.59351
2005.0,155.0,0.65006
2005.0,156.0,0.595392
2005.0,157.0,0.000287
2005.0,158.0,0.208361
2005.0,159.0,0.136581
2005.0,160.0,0.048365
2005.0,161.0,0.079218
2005.0,162.0,0.698168
2005.0,163.0,0.599247
2005.0,164.0,0.671277
2005.0,165.0,0.468345
2005.0,166.0,0.0
2005.0,167.0,0.488771
2005.0,168.0,0.576909
2005.0,169.0,0.753549
2005.0,170.0,0.693647
2005.0,171.0,0.480283
2005.0,172.0,0.544624
2005.0,173.0,0.681267
2005.0,174.0,0.42576
2005.0,175.0,0.365906
2005.0,176.0,0.312137
2005.0,177.0,0.0
2005.0,178.0,0.994585
2005.0,179.0,0.408805
2005.0,180.0,0.355732
2005.0,181.0,0.316485
2005.0,182.0,0.115609
2005.0,183.0,0.000159
2005.0,184.0,0.500235
2005.0,185.0,0.508303
2005.0,186.0,0.888582
2005.0,187.0,0.521711
2005.0,188.0,0.034965
2005.0,189.0,0.869806
2005.0,190.0,0.999795
2005.0,191.0,0.668149
2005.0,192.0,0.298866
2005.0,193.0,0.753333
2005.0,194.0,0.023643
2005.0,195.0,0.493652
2005.0,196.0,0.497409
2005.0,197.0,0.314107
2005.0,198.0,0.449478
2005.0,199.0,0.10325
2005.0,200.0,0.024232
2005.0,201.0,0.762576
2005.0,202.0,0.99985
2005.0,203.0,0.636321
2005.0,204.0,0.286176
2005.0,205.0,0.0
2005.0,206.0,0.455594
2005.0,207.0,0.995712
2005.0,208.0,0.571856
2005.0,209.0,0.590177
2005.0,210.0,0.346572
2005.0,211.0,0.219463
2005.0,212.0,0.60734
2005.0,213.0,0.00038
2005.0,214.0,0.585216
2005.0,215.0,0.688363
2005.0,216.0,1.0
2005.0,217.0,0.716726
2005.0,218.0,0.0
2005.0,219.0,0.374179
2005.0,220.0,0.896758
2005.0,221.0,0.565469
2005.0,222.0,0.030548
2005.0,223.0,0.588183
2005.0,224.0,0.383589
2005.0,225.0,0.803342
2005.0,226.0,0.724686
2005.0,227.0,0.848066
2005.0,228.0,0.771573
2005.0,229.0,0.246242
2005.0,230.0,0.392203
2005.0,231.0,0.566974
2005.0,232.0,0.368217
2005.0,233.0,0.789128
2005.0,234.0,0.297229
2005.0,235.0,0.0
2005.0,236.0,0.945325
2005.0,237.0,0.188146
2005.0,238.0,0.620138
2005.0,239.0,0.96908
2005.0,240.0,0.191081
2005.0,241.0,0.470632
2005.0,242.0,0.452808
2005.0,243.0,0.004792
2005.0,244.0,0.024434
2005.0,245.0,0.99745
2005.0,246.0,0.607762
2005.0,247.0,0.502667
2005.0,248.0,0.547747
2005.0,249.0,0.471541
2005.0,250.0,0.549276
2005.0,251.0,0.938972
2005.0,252.0,0.46897
2005.0,253.0,0.721124
2005.0,254.0,0.642199
2005.0,255.0,0.424876
2005.0,256.0,0.996593
2005.0,257.0,0.823994
2005.0,258.0,0.487278
2005.0,259.0,0.608404
2005.0,260.0,0.902689
2005.0,261.0,0.341087
2005.0,262.0,0.009988
2005.0,263.0,0.463494
2005.0,264.0,0.0
2005.0,265.0,0.38306
2005.0,266.0,0.394845
2005.0,267.0,0.795551
2005.0,268.0,0.445684
2005.0,269.0,0.177709
2005.0,270.0,0.807243
2005.0,271.0,0.0
2005.0,272.0,0.135117
2005.0,273.0,0.370304
2005.0,274.0,0.357911
2005.0,275.0,0.67268
2005.0,276.0,0.047515
2005.0,277.0,0.331409
2005.0,278.0,0.493832
2005.0,279.0,0.227174
2005.0,280.0,0.521253
2005.0,281.0,0.84331
2005.0,282.0,1.0
2005.0,283.0,0.442749
2005.0,284.0,0.342047
2005.0,285.0,0.487273
2005.0,286.0,0.833349
2005.0,287.0,0.283575
2005.0,288.0,0.45559
2005.0,289.0,0.425173
2005.0,290.0,0.588798
2005.0,291.0,0.425044
2005.0,292.0,0.694785
2005.0,293.0,0.999895
2005.0,294.0,0.355361
2005.0,295.0,0.263639
2005.0,296.0,0.016625
2005.0,297.0,0.627727
2005.0,298.0,0.211918
2005.0,299.0,0.0
2005.0,300.0,0.39766
2005.0,301.0,0.681662
2005.0,302.0,0.214265
2005.0,303.0,0.928919
2005.0,304.0,0.018696
2005.0,305.0,0.829006
2005.0,306.0,0.688965
2005.0,307.0,0.571735
2005.0,308.0,0.551737
2005.0,309.0,0.0
2005.0,310.0,0.977007
2005.0,311.0,0.505207
2005.0,312.0,0.0
2005.0,313.0,0.562322
2005.0,314.0,0.392354
2005.0,315.0,0.490166
2005.0,316.0,0.357503
2005.0,317.0,0.935846
2005.0,318.0,0.622511
2005.0,319.0,0.168638
2005.0,320.0,0.362895
2005.0,321.0,0.004624
2005.0,322.0,0.128184
2005.0,323.0,0.501054
2005.0,324.0,0.565214
2005.0,325.0,0.134525
2005.0,326.0,0.796484
2005.0,327.0,0.198021
2005.0,328.0,0.068578
2005.0,329.0,0.892837
2005.0,330.0,0.155261
2005.0,331.0,0.593041
2005.0,332.0,0.373699
2005.0,333.0,0.000189
2005.0,334.0,0.305537
2006.0,0.0,0.01395
2006.0,1.0,0.0
2006.0,2.0,0.00121
2006.0,3.0,0.455633
2006.0,4.0,0.272671
2006.0,5.0,0.4851
2006.0,6.0,0.796583
2006.0,7.0,0.789222
2006.0,8.0,0.239222
2006.0,9.0,0.776579
2006.0,10.0,0.984835
2006.0,11.0,0.755706
2006.0,12.0,0.391427
2006.0,13.0,0.346994
2006.0,14.0,0.643283
2006.0,15.0,0.886266
2006.0,16.0,0.613684
2006.0,17.0,0.010767
2006.0,18.0,0.627938
2006.0,19.0,0.647368
2006.0,20.0,0.466663
2006.0,21.0,0.0
2006.0,22.0,0.888516
2006.0,23.0,1.0
2006.0,24.0,0.463714
2006.0,25.0,0.499714
2006.0,26.0,0.822385
2006.0,27.0,0.459588
2006.0,28.0,0.713573
2006.0,29.0,1.0
2006.0,30.0,0.247615
2006.0,31.0,0.724014
2006.0,32.0,0.988387
2006.0,33.0,1.0
2006.0,34.0,0.042699
2006.0,35.0,0.404952
2006.0,36.0,0.406078
2006.0,37.0,0.530232
2006.0,38.0,0.471317
2006.0,39.0,0.924811
2006.0,40.0,0.644295
2006.0,41.0,0.826148
2006.0,42.0,0.393931
2006.0,43.0,0.917439
2006.0,44.0,0.618668
2006.0,45.0,0.790541
2006.0,46.0,0.530232
2006.0,47.0,0.883831
2006.0,48.0,0.94958
2006.0,49.0,0.269722
2006.0,50.0,0.018003
2006.0,51.0,0.306927
2006.0,52.0,0.998083
2006.0,53.0,0.819037
2006.0,54.0,0.940775
2006.0,55.0,0.044847
2006.0,56.0,0.354309
2006.0,57.0,0.000828
2006.0,58.0,0.420011
2006.0,59.0,0.303691
2006.0,60.0,0.816918
2006.0,61.0,0.85282
2006.0,62.0,0.182328
2006.0,63.0,0.62563
2006.0,64.0,0.934954
2006.0,65.0,0.061124
2006.0,66.0,0.026337
2006.0,67.0,0.535457
2006.0,68.0,0.053701
2006.0,69.0,0.101845
2006.0,70.0,0.275703
2006.0,71.0,0.095528
2006.0,72.0,0.54978
2006.0,73.0,0.493218
2006.0,74.0,0.68128
2006.0,75.0,0.579235
2006.0,76.0,0.83933
2006.0,77.0,0.75062
2006.0,78.0,0.365246
2006.0,79.0,0.011867
2006.0,80.0,0.850527
2006.0,81.0,0.31056
2006.0,82.0,0.576542
2006.0,83.0,0.536755
2006.0,84.0,1.0
2006.0,85.0,0.489254
2006.0,86.0,0.747021
2006.0,87.0,0.988057
2006.0,88.0,0.0
2006.0,89.0,0.684684
2006.0,90.0,0.599914
2006.0,91.0,0.431018
2006.0,92.0,0.24258
2006.0,93.0,0.457303
2006.0,94.0,0.445192
2006.0,95.0,0.291086
2006.0,96.0,0.997127
2006.0,97.0,0.485854
2006.0,98.0,0.0
2006.0,99.0,0.149529
2006.0,100.0,0.627568
2006.0,101.0,0.440481
2006.0,102.0,0.817834
2006.0,103.0,0.001808
2006.0,104.0,0.209996
2006.0,105.0,0.57124
2006.0,106.0,0.657213
2006.0,107.0,0.716923
2006.0,108.0,0.86862
2006.0,109.0,0.923587
2006.0,110.0,0.407807
2006.0,111.0,0.902928
2006.0,112.0,0.303504
2006.0,113.0,0.528715
2006.0,114.0,0.406317
2006.0,115.0,0.154632
2006.0,116.0,0.851508
2006.0,117.0,0.296532
2006.0,118.0,0.806949
2006.0,119.0,0.336312
2006.0,120.0,0.0
2006.0,121.0,0.305044
2006.0,122.0,0.576956
2006.0,123.0,1.0
2006.0,124.0,0.471656
2006.0,125.0,0.492757
2006.0,126.0,0.380558
2006.0,127.0,0.050266
2006.0,128.0,0.056366
2006.0,129.0,0.919634
2006.0,130.0,0.039974
2006.0,131.0,0.893735
2006.0,132.0,0.396909
2006.0,133.0,0.829009
2006.0,134.0,0.486877
2006.0,135.0,0.364855
2006.0,136.0,0.997766
2006.0,137.0,0.49136
2006.0,138.0,0.734903
2006.0,139.0,0.428404
2006.0,140.0,0.025214
2006.0,141.0,0.632541
2006.0,142.0,0.999947
2006.0,143.0,0.155015
2006.0,144.0,0.273513
2006.0,145.0,0.392664
2006.0,146.0,0.563685
2006.0,147.0,1.0
2006.0,148.0,0.409955
2006.0,149.0,0.49432
2006.0,150.0,0.289521
2006.0,151.0,0.559551
2006.0,152.0,0.345408
2006.0,153.0,0.384036
2006.0,154.0,0.591933
2006.0,155.0,0.643418
2006.0,156.0,0.59667
2006.0,157.0,0.000255
2006.0,158.0,0.201674
2006.0,159.0,0.132702
2006.0,160.0,0.04679
2006.0,161.0,0.078539
2006.0,162.0,0.697221
2006.0,163.0,0.596875
2006.0,164.0,0.669623
2006.0,165.0,0.461215
2006.0,166.0,0.0
2006.0,167.0,0.488154
2006.0,168.0,0.5761
2006.0,169.0,0.72511
2006.0,170.0,0.689957
2006.0,171.0,0.480024
2006.0,172.0,0.543712
2006.0,173.0,0.678474
2006.0,174.0,0.425149
2006.0,175.0,0.364497
2006.0,176.0,0.309848
2006.0,177.0,0.0
2006.0,178.0,0.99448
2006.0,179.0,0.400475
2006.0,180.0,0.352222
2006.0,181.0,0.315223
2006.0,182.0,0.115302
2006.0,183.0,0.000144
2006.0,184.0,0.496907
2006.0,185.0,0.50671
2006.0,186.0,0.884653
2006.0,187.0,0.521188
2006.0,188.0,0.034745
2006.0,189.0,0.869528
2006.0,190.0,0.999791
2006.0,191.0,0.667221
2006.0,192.0,0.29734
2006.0,193.0,0.752452
2006.0,194.0,0.023302
2006.0,195.0,0.487106
2006.0,196.0,0.498576
2006.0,197.0,0.310702
2006.0,198.0,0.444271
2006.0,199.0,0.102601
2006.0,200.0,0.024133
2006.0,201.0,0.760233
2006.0,202.0,0.99985
2006.0,203.0,0.617485
2006.0,204.0,0.284529
2006.0,205.0,0.0
2006.0,206.0,0.430526
2006.0,207.0,0.995363
2006.0,208.0,0.568742
2006.0,209.0,0.589776
2006.0,210.0,0.337641
2006.0,211.0,0.217572
2006.0,212.0,0.599804
2006.0,213.0,0.000374
2006.0,214.0,0.57845
2006.0,215.0,0.682872
2006.0,216.0,1.0
2006.0,217.0,0.712452
2006.0,218.0,0.0
2006.0,219.0,0.373505
2006.0,220.0,0.89508
2006.0,221.0,0.554665
2006.0,222.0,0.030517
2006.0,223.0,0.586314
2006.0,224.0,0.380352
2006.0,225.0,0.801158
2006.0,226.0,0.719454
2006.0,227.0,0.846136
2006.0,228.0,0.76901
2006.0,229.0,0.243969
2006.0,230.0,0.390902
2006.0,231.0,0.505912
2006.0,232.0,0.367581
2006.0,233.0,0.785273
2006.0,234.0,0.292566
2006.0,235.0,0.0
2006.0,236.0,0.944642
2006.0,237.0,0.187224
2006.0,238.0,0.608073
2006.0,239.0,0.969194
2006.0,240.0,0.188716
2006.0,241.0,0.467042
2006.0,242.0,0.449952
2006.0,243.0,0.004759
2006.0,244.0,0.023756
2006.0,245.0,0.997241
2006.0,246.0,0.606458
2006.0,247.0,0.501039
2006.0,248.0,0.544035
2006.0,249.0,0.467632
2006.0,250.0,0.541909
2006.0,251.0,0.938902
2006.0,252.0,0.468375
2006.0,253.0,0.71832
2006.0,254.0,0.637187
2006.0,255.0,0.422119
2006.0,256.0,0.996628
2006.0,257.0,0.821925
2006.0,258.0,0.485935
2006.0,259.0,0.607566
2006.0,260.0,0.90071
2006.0,261.0,0.333392
2006.0,262.0,0.009873
2006.0,263.0,0.463199
2006.0,264.0,0.0
2006.0,265.0,0.3832
2006.0,266.0,0.391563
2006.0,267.0,0.793907
2006.0,268.0,0.439134
2006.0,269.0,0.17513
2006.0,270.0,0.807113
2006.0,271.0,0.0
2006.0,272.0,0.133312
2006.0,273.0,0.366438
2006.0,274.0,0.35796
2006.0,275.0,0.670331
2006.0,276.0,0.047125
2006.0,277.0,0.329026
2006.0,278.0,0.491366
2006.0,279.0,0.223712
2006.0,280.0,0.521095
2006.0,281.0,0.840424
2006.0,282.0,1.0
2006.0,283.0,0.441953
2006.0,284.0,0.340734
2006.0,285.0,0.481335
2006.0,286.0,0.829678
2006.0,287.0,0.28199
2006.0,288.0,0.449856
2006.0,289.0,0.41755
2006.0,290.0,0.587951
2006.0,291.0,0.42237
2006.0,292.0,0.692871
2006.0,293.0,0.999897
2006.0,294.0,0.35563
2006.0,295.0,0.26029
2006.0,296.0,0.016097
2006.0,297.0,0.62674
2006.0,298.0,0.209744
2006.0,299.0,0.0
2006.0,300.0,0.394669
2006.0,301.0,0.680197
2006.0,302.0,0.212995
2006.0,303.0,0.92964
2006.0,304.0,0.018685
2006.0,305.0,0.828459
2006.0,306.0,0.686791
2006.0,307.0,0.570841
2006.0,308.0,0.548079
2006.0,309.0,0.0
2006.0,310.0,0.976542
2006.0,311.0,0.506525
2006.0,312.0,0.0
2006.0,313.0,0.560835
2006.0,314.0,0.390698
2006.0,315.0,0.48672
2006.0,316.0,0.355669
2006.0,317.0,0.935533
2006.0,318.0,0.621529
2006.0,319.0,0.167385
2006.0,320.0,0.353588
2006.0,321.0,0.004365
2006.0,322.0,0.1263
2006.0,323.0,0.465745
2006.0,324.0,0.563423
2006.0,325.0,0.126191
2006.0,326.0,0.7965
2006.0,327.0,0.197714
2006.0,328.0,0.068601
2006.0,329.0,0.884177
2006.0,330.0,0.154336
2006.0,331.0,0.591946
2006.0,332.0,0.368407
2006.0,333.0,0.000171
2006.0,334.0,0.30029
2007.0,0.0,0.013848
2007.0,1.0,0.0
2007.0,2.0,0.001156
2007.0,3.0,0.450996
2007.0,4.0,0.270616
2007.0,5.0,0.475697
2007.0,6.0,0.794717
2007.0,7.0,0.788296
2007.0,8.0,0.23847
2007.0,9.0,0.774969
2007.0,10.0,0.984566
2007.0,11.0,0.75497
2007.0,12.0,0.384419
2007.0,13.0,0.344048
2007.0,14.0,0.63001
2007.0,15.0,0.885961
2007.0,16.0,0.612474
2007.0,17.0,0.01067
2007.0,18.0,0.620317
2007.0,19.0,0.646945
2007.0,20.0,0.462103
2007.0,21.0,0.0
2007.0,22.0,0.887127
2007.0,23.0,1.0
2007.0,24.0,0.462255
2007.0,25.0,0.491433
2007.0,26.0,0.814245
2007.0,27.0,0.454475
2007.0,28.0,0.709936
2007.0,29.0,1.0
2007.0,30.0,0.238565
2007.0,31.0,0.723397
2007.0,32.0,0.988254
2007.0,33.0,1.0
2007.0,34.0,0.040198
2007.0,35.0,0.404614
2007.0,36.0,0.402732
2007.0,37.0,0.529874
2007.0,38.0,0.466767
2007.0,39.0,0.920963
2007.0,40.0,0.64018
2007.0,41.0,0.823118
2007.0,42.0,0.38791
2007.0,43.0,0.910928
2007.0,44.0,0.613363
2007.0,45.0,0.783213
2007.0,46.0,0.529872
2007.0,47.0,0.87872
2007.0,48.0,0.949089
2007.0,49.0,0.268284
2007.0,50.0,0.017951
2007.0,51.0,0.302951
2007.0,52.0,0.997997
2007.0,53.0,0.815341
2007.0,54.0,0.940313
2007.0,55.0,0.044089
2007.0,56.0,0.354175
2007.0,57.0,0.000812
2007.0,58.0,0.417706
2007.0,59.0,0.297423
2007.0,60.0,0.816606
2007.0,61.0,0.851342
2007.0,62.0,0.177753
2007.0,63.0,0.625206
2007.0,64.0,0.934005
2007.0,65.0,0.06049
2007.0,66.0,0.026151
2007.0,67.0,0.531399
2007.0,68.0,0.053687
2007.0,69.0,0.100965
2007.0,70.0,0.275104
2007.0,71.0,0.093206
2007.0,72.0,0.545203
2007.0,73.0,0.492682
2007.0,74.0,0.679054
2007.0,75.0,0.572972
2007.0,76.0,0.838714
2007.0,77.0,0.749355
2007.0,78.0,0.356282
2007.0,79.0,0.011597
2007.0,80.0,0.849651
2007.0,81.0,0.308636
2007.0,82.0,0.573608
2007.0,83.0,0.53462
2007.0,84.0,1.0
2007.0,85.0,0.489915
2007.0,86.0,0.743228
2007.0,87.0,0.987909
2007.0,88.0,0.0
2007.0,89.0,0.682176
2007.0,90.0,0.599275
2007.0,91.0,0.427762
2007.0,92.0,0.239073
2007.0,93.0,0.454445
2007.0,94.0,0.440376
2007.0,95.0,0.290986
2007.0,96.0,0.997153
2007.0,97.0,0.440023
2007.0,98.0,0.0
2007.0,99.0,0.148644
2007.0,100.0,0.626695
2007.0,101.0,0.438804
2007.0,102.0,0.811966
2007.0,103.0,0.001853
2007.0,104.0,0.208644
2007.0,105.0,0.569814
2007.0,106.0,0.654862
2007.0,107.0,0.716472
2007.0,108.0,0.865168
2007.0,109.0,0.92126
2007.0,110.0,0.406065
2007.0,111.0,0.902069
2007.0,112.0,0.303559
2007.0,113.0,0.527886
2007.0,114.0,0.401949
2007.0,115.0,0.15359
2007.0,116.0,0.851584
2007.0,117.0,0.294174
2007.0,118.0,0.805057
2007.0,119.0,0.333246
2007.0,120.0,0.0
2007.0,121.0,0.294187
2007.0,122.0,0.574777
2007.0,123.0,1.0
2007.0,124.0,0.46684
2007.0,125.0,0.486423
2007.0,126.0,0.377905
2007.0,127.0,0.049277
2007.0,128.0,0.055559
2007.0,129.0,0.918642
2007.0,130.0,0.039834
2007.0,131.0,0.891763
2007.0,132.0,0.389944
2007.0,133.0,0.826777
2007.0,134.0,0.48772
2007.0,135.0,0.355727
2007.0,136.0,0.997714
2007.0,137.0,0.489611
2007.0,138.0,0.727851
2007.0,139.0,0.422785
2007.0,140.0,0.024843
2007.0,141.0,0.63042
2007.0,142.0,0.999947
2007.0,143.0,0.152612
2007.0,144.0,0.271473
2007.0,145.0,0.388653
2007.0,146.0,0.561336
2007.0,147.0,1.0
2007.0,148.0,0.406604
2007.0,149.0,0.48578
2007.0,150.0,0.287914
2007.0,151.0,0.556686
2007.0,152.0,0.343889
2007.0,153.0,0.374672
2007.0,154.0,0.589787
2007.0,155.0,0.636781
2007.0,156.0,0.596766
2007.0,157.0,0.000256
2007.0,158.0,0.195711
2007.0,159.0,0.12868
2007.0,160.0,0.045672
2007.0,161.0,0.077852
2007.0,162.0,0.695568
2007.0,163.0,0.594359
2007.0,164.0,0.667086
2007.0,165.0,0.454337
2007.0,166.0,0.0
2007.0,167.0,0.486866
2007.0,168.0,0.574004
2007.0,169.0,0.695699
2007.0,170.0,0.685812
2007.0,171.0,0.479772
2007.0,172.0,0.54147
2007.0,173.0,0.67437
2007.0,174.0,0.424184
2007.0,175.0,0.364215
2007.0,176.0,0.306112
2007.0,177.0,0.0
2007.0,178.0,0.994337
2007.0,179.0,0.393344
2007.0,180.0,0.348416
2007.0,181.0,0.31351
2007.0,182.0,0.114051
2007.0,183.0,0.000141
2007.0,184.0,0.492903
2007.0,185.0,0.506182
2007.0,186.0,0.880373
2007.0,187.0,0.520944
2007.0,188.0,0.034521
2007.0,189.0,0.869081
2007.0,190.0,0.999732
2007.0,191.0,0.665951
2007.0,192.0,0.296705
2007.0,193.0,0.752033
2007.0,194.0,0.022976
2007.0,195.0,0.481807
2007.0,196.0,0.499294
2007.0,197.0,0.306898
2007.0,198.0,0.439583
2007.0,199.0,0.101945
2007.0,200.0,0.023514
2007.0,201.0,0.75935
2007.0,202.0,0.999858
2007.0,203.0,0.597868
2007.0,204.0,0.281783
2007.0,205.0,0.0
2007.0,206.0,0.40532
2007.0,207.0,0.995035
2007.0,208.0,0.565921
2007.0,209.0,0.588971
2007.0,210.0,0.328076
2007.0,211.0,0.215726
2007.0,212.0,0.593557
2007.0,213.0,0.000366
2007.0,214.0,0.571625
2007.0,215.0,0.67703
2007.0,216.0,1.0
2007.0,217.0,0.707883
2007.0,218.0,0.0
2007.0,219.0,0.372688
2007.0,220.0,0.893748
2007.0,221.0,0.54336
2007.0,222.0,0.030041
2007.0,223.0,0.584843
2007.0,224.0,0.376474
2007.0,225.0,0.799406
2007.0,226.0,0.713813
2007.0,227.0,0.843377
2007.0,228.0,0.766053
2007.0,229.0,0.241572
2007.0,230.0,0.389229
2007.0,231.0,0.446315
2007.0,232.0,0.36883
2007.0,233.0,0.782256
2007.0,234.0,0.286691
2007.0,235.0,0.0
2007.0,236.0,0.944665
2007.0,237.0,0.186197
2007.0,238.0,0.595988
2007.0,239.0,0.969062
2007.0,240.0,0.187026
2007.0,241.0,0.463052
2007.0,242.0,0.446261
2007.0,243.0,0.004645
2007.0,244.0,0.023255
2007.0,245.0,0.99695
2007.0,246.0,0.60684
2007.0,247.0,0.499612
2007.0,248.0,0.54053
2007.0,249.0,0.463051
2007.0,250.0,0.53511
2007.0,251.0,0.938527
2007.0,252.0,0.467349
2007.0,253.0,0.715458
2007.0,254.0,0.631477
2007.0,255.0,0.420352
2007.0,256.0,0.996499
2007.0,257.0,0.820317
2007.0,258.0,0.483823
2007.0,259.0,0.606433
2007.0,260.0,0.898377
2007.0,261.0,0.327358
2007.0,262.0,0.009987
2007.0,263.0,0.462088
2007.0,264.0,0.0
2007.0,265.0,0.383408
2007.0,266.0,0.388064
2007.0,267.0,0.791436
2007.0,268.0,0.433109
2007.0,269.0,0.172659
2007.0,270.0,0.807647
2007.0,271.0,0.0
2007.0,272.0,0.131725
2007.0,273.0,0.363381
2007.0,274.0,0.357109
2007.0,275.0,0.667974
2007.0,276.0,0.046538
2007.0,277.0,0.325887
2007.0,278.0,0.489163
2007.0,279.0,0.221336
2007.0,280.0,0.520472
2007.0,281.0,0.838298
2007.0,282.0,1.0
2007.0,283.0,0.441919
2007.0,284.0,0.339756
2007.0,285.0,0.474272
2007.0,286.0,0.824792
2007.0,287.0,0.279884
2007.0,288.0,0.443493
2007.0,289.0,0.410189
2007.0,290.0,0.586531
2007.0,291.0,0.418826
2007.0,292.0,0.689657
2007.0,293.0,0.99989
2007.0,294.0,0.35565
2007.0,295.0,0.257483
2007.0,296.0,0.01581
2007.0,297.0,0.625929
2007.0,298.0,0.20813
2007.0,299.0,0.0
2007.0,300.0,0.39073
2007.0,301.0,0.679861
2007.0,302.0,0.211193
2007.0,303.0,0.929708
2007.0,304.0,0.018547
2007.0,305.0,0.827483
2007.0,306.0,0.685577
2007.0,307.0,0.570176
2007.0,308.0,0.544505
2007.0,309.0,0.0
2007.0,310.0,0.976138
2007.0,311.0,0.506526
2007.0,312.0,0.0
2007.0,313.0,0.559744
2007.0,314.0,0.389595
2007.0,315.0,0.48331
2007.0,316.0,0.354799
2007.0,317.0,0.934839
2007.0,318.0,0.62039
2007.0,319.0,0.166429
2007.0,320.0,0.345645
2007.0,321.0,0.004215
2007.0,322.0,0.123983
2007.0,323.0,0.430129
2007.0,324.0,0.562098
2007.0,325.0,0.118314
2007.0,326.0,0.795495
2007.0,327.0,0.196925
2007.0,328.0,0.068503
2007.0,329.0,0.87569
2007.0,330.0,0.153083
2007.0,331.0,0.591538
2007.0,332.0,0.363909
2007.0,333.0,0.000168
2007.0,334.0,0.295792
2008.0,0.0,0.013799
2008.0,1.0,0.0
2008.0,2.0,0.001181
2008.0,3.0,0.446381
2008.0,4.0,0.268582
2008.0,5.0,0.466475
2008.0,6.0,0.792468
2008.0,7.0,0.787392
2008.0,8.0,0.237683
2008.0,9.0,0.772998
2008.0,10.0,0.984436
2008.0,11.0,0.754535
2008.0,12.0,0.377267
2008.0,13.0,0.341764
2008.0,14.0,0.617417
2008.0,15.0,0.885345
2008.0,16.0,0.611665
2008.0,17.0,0.01016
2008.0,18.0,0.613523
2008.0,19.0,0.645023
2008.0,20.0,0.456941
2008.0,21.0,0.0
2008.0,22.0,0.885349
2008.0,23.0,1.0
2008.0,24.0,0.461237
2008.0,25.0,0.483303
2008.0,26.0,0.805239
2008.0,27.0,0.448719
2008.0,28.0,0.706488
2008.0,29.0,1.0
2008.0,30.0,0.228895
2008.0,31.0,0.72282
2008.0,32.0,0.988382
2008.0,33.0,1.0
2008.0,34.0,0.038163
2008.0,35.0,0.404549
2008.0,36.0,0.39997
2008.0,37.0,0.528054
2008.0,38.0,0.462166
2008.0,39.0,0.917643
2008.0,40.0,0.637133
2008.0,41.0,0.819886
2008.0,42.0,0.382302
2008.0,43.0,0.903949
2008.0,44.0,0.608503
2008.0,45.0,0.775434
2008.0,46.0,0.529366
2008.0,47.0,0.873545
2008.0,48.0,0.948966
2008.0,49.0,0.266433
2008.0,50.0,0.017683
2008.0,51.0,0.299569
2008.0,52.0,0.997817
2008.0,53.0,0.810686
2008.0,54.0,0.939934
2008.0,55.0,0.043663
2008.0,56.0,0.352478
2008.0,57.0,0.000835
2008.0,58.0,0.415321
2008.0,59.0,0.292145
2008.0,60.0,0.816177
2008.0,61.0,0.848884
2008.0,62.0,0.173073
2008.0,63.0,0.62499
2008.0,64.0,0.932535
2008.0,65.0,0.059477
2008.0,66.0,0.026041
2008.0,67.0,0.527959
2008.0,68.0,0.053539
2008.0,69.0,0.100663
2008.0,70.0,0.274175
2008.0,71.0,0.091262
2008.0,72.0,0.540975
2008.0,73.0,0.492427
2008.0,74.0,0.676974
2008.0,75.0,0.566525
2008.0,76.0,0.837
2008.0,77.0,0.748837
2008.0,78.0,0.34742
2008.0,79.0,0.011311
2008.0,80.0,0.848933
2008.0,81.0,0.307423
2008.0,82.0,0.571369
2008.0,83.0,0.532251
2008.0,84.0,1.0
2008.0,85.0,0.489762
2008.0,86.0,0.74004
2008.0,87.0,0.987607
2008.0,88.0,0.0
2008.0,89.0,0.67821
2008.0,90.0,0.599693
2008.0,91.0,0.424591
2008.0,92.0,0.235882
2008.0,93.0,0.451762
2008.0,94.0,0.43671
2008.0,95.0,0.290206
2008.0,96.0,0.997178
2008.0,97.0,0.397427
2008.0,98.0,0.0
2008.0,99.0,0.147816
2008.0,100.0,0.625709
2008.0,101.0,0.438109
2008.0,102.0,0.80636
2008.0,103.0,0.001875
2008.0,104.0,0.208503
2008.0,105.0,0.568328
2008.0,106.0,0.651647
2008.0,107.0,0.715887
2008.0,108.0,0.861517
2008.0,109.0,0.919592
2008.0,110.0,0.404873
2008.0,111.0,0.900947
2008.0,112.0,0.302655
2008.0,113.0,0.528055
2008.0,114.0,0.396571
2008.0,115.0,0.152712
2008.0,116.0,0.851214
2008.0,117.0,0.292768
2008.0,118.0,0.803108
2008.0,119.0,0.331402
2008.0,120.0,0.0
2008.0,121.0,0.283698
2008.0,122.0,0.572922
2008.0,123.0,1.0
2008.0,124.0,0.46208
2008.0,125.0,0.480042
2008.0,126.0,0.374873
2008.0,127.0,0.048147
2008.0,128.0,0.054759
2008.0,129.0,0.917922
2008.0,130.0,0.039864
2008.0,131.0,0.890385
2008.0,132.0,0.383699
2008.0,133.0,0.825236
2008.0,134.0,0.487471
2008.0,135.0,0.345954
2008.0,136.0,0.997737
2008.0,137.0,0.488254
2008.0,138.0,0.721868
2008.0,139.0,0.417938
2008.0,140.0,0.024472
2008.0,141.0,0.629515
2008.0,142.0,0.999948
2008.0,143.0,0.150117
2008.0,144.0,0.268985
2008.0,145.0,0.38494
2008.0,146.0,0.559627
2008.0,147.0,1.0
2008.0,148.0,0.403438
2008.0,149.0,0.477594
2008.0,150.0,0.286186
2008.0,151.0,0.554253
2008.0,152.0,0.343448
2008.0,153.0,0.3653
2008.0,154.0,0.589067
2008.0,155.0,0.630295
2008.0,156.0,0.595637
2008.0,157.0,0.000258
2008.0,158.0,0.189815
2008.0,159.0,0.125543
2008.0,160.0,0.044472
2008.0,161.0,0.076725
2008.0,162.0,0.69499
2008.0,163.0,0.591672
2008.0,164.0,0.664762
2008.0,165.0,0.447871
2008.0,166.0,0.0
2008.0,167.0,0.484989
2008.0,168.0,0.573054
2008.0,169.0,0.665815
2008.0,170.0,0.683507
2008.0,171.0,0.479815
2008.0,172.0,0.5386
2008.0,173.0,0.670505
2008.0,174.0,0.421798
2008.0,175.0,0.362699
2008.0,176.0,0.303304
2008.0,177.0,0.0
2008.0,178.0,0.994219
2008.0,179.0,0.385412
2008.0,180.0,0.343818
2008.0,181.0,0.312166
2008.0,182.0,0.112926
2008.0,183.0,0.000117
2008.0,184.0,0.487963
2008.0,185.0,0.505652
2008.0,186.0,0.876791
2008.0,187.0,0.520009
2008.0,188.0,0.034203
2008.0,189.0,0.868346
2008.0,190.0,0.999644
2008.0,191.0,0.665026
2008.0,192.0,0.295517
2008.0,193.0,0.750792
2008.0,194.0,0.022684
2008.0,195.0,0.475557
2008.0,196.0,0.498538
2008.0,197.0,0.303043
2008.0,198.0,0.435472
2008.0,199.0,0.101611
2008.0,200.0,0.022799
2008.0,201.0,0.757967
2008.0,202.0,0.999868
2008.0,203.0,0.579067
2008.0,204.0,0.279285
2008.0,205.0,0.0
2008.0,206.0,0.380399
2008.0,207.0,0.994625
2008.0,208.0,0.562391
2008.0,209.0,0.587762
2008.0,210.0,0.31932
2008.0,211.0,0.213713
2008.0,212.0,0.585755
2008.0,213.0,0.000365
2008.0,214.0,0.563769
2008.0,215.0,0.671665
2008.0,216.0,1.0
2008.0,217.0,0.703769
2008.0,218.0,0.0
2008.0,219.0,0.371968
2008.0,220.0,0.892702
2008.0,221.0,0.53318
2008.0,222.0,0.029702
2008.0,223.0,0.583024
2008.0,224.0,0.373171
2008.0,225.0,0.797519
2008.0,226.0,0.709324
2008.0,227.0,0.841484
2008.0,228.0,0.763336
2008.0,229.0,0.238992
2008.0,230.0,0.388801
2008.0,231.0,0.389612
2008.0,232.0,0.369387
2008.0,233.0,0.778563
2008.0,234.0,0.281894
2008.0,235.0,0.0
2008.0,236.0,0.944287
2008.0,237.0,0.185714
2008.0,238.0,0.584418
2008.0,239.0,0.969393
2008.0,240.0,0.185612
2008.0,241.0,0.459253
2008.0,242.0,0.443568
2008.0,243.0,0.004523
2008.0,244.0,0.022828
2008.0,245.0,0.996749
2008.0,246.0,0.606349
2008.0,247.0,0.497575
2008.0,248.0,0.536634
2008.0,249.0,0.459402
2008.0,250.0,0.529172
2008.0,251.0,0.93812
2008.0,252.0,0.466018
2008.0,253.0,0.712113
2008.0,254.0,0.626485
2008.0,255.0,0.418391
2008.0,256.0,0.996428
2008.0,257.0,0.818765
2008.0,258.0,0.482715
2008.0,259.0,0.605786
2008.0,260.0,0.896245
2008.0,261.0,0.319902
2008.0,262.0,0.009928
2008.0,263.0,0.46073
2008.0,264.0,0.0
2008.0,265.0,0.382783
2008.0,266.0,0.38499
2008.0,267.0,0.789127
2008.0,268.0,0.427119
2008.0,269.0,0.170096
2008.0,270.0,0.807711
2008.0,271.0,0.0
2008.0,272.0,0.130728
2008.0,273.0,0.359828
2008.0,274.0,0.356583
2008.0,275.0,0.665845
2008.0,276.0,0.046045
2008.0,277.0,0.323242
2008.0,278.0,0.487284
2008.0,279.0,0.218706
2008.0,280.0,0.520339
2008.0,281.0,0.835104
2008.0,282.0,1.0
2008.0,283.0,0.441763
2008.0,284.0,0.339577
2008.0,285.0,0.468088
2008.0,286.0,0.82007
2008.0,287.0,0.27741
2008.0,288.0,0.437041
2008.0,289.0,0.402706
2008.0,290.0,0.585412
2008.0,291.0,0.416166
2008.0,292.0,0.687831
2008.0,293.0,0.999885
2008.0,294.0,0.355415
2008.0,295.0,0.254033
2008.0,296.0,0.015592
2008.0,297.0,0.625454
2008.0,298.0,0.205655
2008.0,299.0,0.0
2008.0,300.0,0.388076
2008.0,301.0,0.679404
2008.0,302.0,0.209176
2008.0,303.0,0.929661
2008.0,304.0,0.018116
2008.0,305.0,0.826982
2008.0,306.0,0.683528
2008.0,307.0,0.569869
2008.0,308.0,0.540271
2008.0,309.0,0.0
2008.0,310.0,0.975671
2008.0,311.0,0.506479
2008.0,312.0,0.0
2008.0,313.0,0.559332
2008.0,314.0,0.3884
2008.0,315.0,0.481176
2008.0,316.0,0.352791
2008.0,317.0,0.934343
2008.0,318.0,0.618521
2008.0,319.0,0.165151
2008.0,320.0,0.337366
2008.0,321.0,0.004085
2008.0,322.0,0.122807
2008.0,323.0,0.396608
2008.0,324.0,0.560455
2008.0,325.0,0.110863
2008.0,326.0,0.794762
2008.0,327.0,0.195958
2008.0,328.0,0.06821
2008.0,329.0,0.866039
2008.0,330.0,0.151799
2008.0,331.0,0.591432
2008.0,332.0,0.359824
2008.0,333.0,0.000144
2008.0,334.0,0.291423
2009.0,0.0,0.013866
2009.0,1.0,0.0
2009.0,2.0,0.001165
2009.0,3.0,0.441461
2009.0,4.0,0.266004
2009.0,5.0,0.457653
2009.0,6.0,0.789428
2009.0,7.0,0.785999
2009.0,8.0,0.23708
2009.0,9.0,0.771631
2009.0,10.0,0.984201
2009.0,11.0,0.754176
2009.0,12.0,0.37
2009.0,13.0,0.338595
2009.0,14.0,0.605886
2009.0,15.0,0.885052
2009.0,16.0,0.609836
2009.0,17.0,0.009892
2009.0,18.0,0.606832
2009.0,19.0,0.64465
2009.0,20.0,0.452405
2009.0,21.0,0.0
2009.0,22.0,0.884018
2009.0,23.0,1.0
2009.0,24.0,0.460109
2009.0,25.0,0.475321
2009.0,26.0,0.796888
2009.0,27.0,0.443548
2009.0,28.0,0.703144
2009.0,29.0,1.0
2009.0,30.0,0.219942
2009.0,31.0,0.72205
2009.0,32.0,0.988285
2009.0,33.0,1.0
2009.0,34.0,0.036034
2009.0,35.0,0.40439
2009.0,36.0,0.398112
2009.0,37.0,0.526958
2009.0,38.0,0.457511
2009.0,39.0,0.91368
2009.0,40.0,0.63394
2009.0,41.0,0.817269
2009.0,42.0,0.377263
2009.0,43.0,0.896059
2009.0,44.0,0.603585
2009.0,45.0,0.768049
2009.0,46.0,0.529412
2009.0,47.0,0.868151
2009.0,48.0,0.948409
2009.0,49.0,0.264902
2009.0,50.0,0.017293
2009.0,51.0,0.295701
2009.0,52.0,0.997803
2009.0,53.0,0.806017
2009.0,54.0,0.939635
2009.0,55.0,0.043299
2009.0,56.0,0.351681
2009.0,57.0,0.0008
2009.0,58.0,0.413603
2009.0,59.0,0.285803
2009.0,60.0,0.815834
2009.0,61.0,0.847274
2009.0,62.0,0.169115
2009.0,63.0,0.623581
2009.0,64.0,0.931394
2009.0,65.0,0.058543
2009.0,66.0,0.02554
2009.0,67.0,0.524435
2009.0,68.0,0.053178
2009.0,69.0,0.100369
2009.0,70.0,0.272907
2009.0,71.0,0.089423
2009.0,72.0,0.537011
2009.0,73.0,0.492107
2009.0,74.0,0.67557
2009.0,75.0,0.55856
2009.0,76.0,0.835502
2009.0,77.0,0.748113
2009.0,78.0,0.339234
2009.0,79.0,0.011057
2009.0,80.0,0.848321
2009.0,81.0,0.305405
2009.0,82.0,0.568547
2009.0,83.0,0.529737
2009.0,84.0,1.0
2009.0,85.0,0.488827
2009.0,86.0,0.736611
2009.0,87.0,0.987376
2009.0,88.0,0.0
2009.0,89.0,0.675552
2009.0,90.0,0.599127
2009.0,91.0,0.422405
2009.0,92.0,0.233005
2009.0,93.0,0.449154
2009.0,94.0,0.432855
2009.0,95.0,0.288668
2009.0,96.0,0.997202
2009.0,97.0,0.358808
2009.0,98.0,0.0
2009.0,99.0,0.146815
2009.0,100.0,0.62412
2009.0,101.0,0.43651
2009.0,102.0,0.800184
2009.0,103.0,0.001862
2009.0,104.0,0.207382
2009.0,105.0,0.566172
2009.0,106.0,0.649647
2009.0,107.0,0.715817
2009.0,108.0,0.857414
2009.0,109.0,0.916901
2009.0,110.0,0.402839
2009.0,111.0,0.900238
2009.0,112.0,0.301821
2009.0,113.0,0.528133
2009.0,114.0,0.392168
2009.0,115.0,0.151508
2009.0,116.0,0.85068
2009.0,117.0,0.291387
2009.0,118.0,0.801398
2009.0,119.0,0.32903
2009.0,120.0,0.0
2009.0,121.0,0.273497
2009.0,122.0,0.572128
2009.0,123.0,1.0
2009.0,124.0,0.457166
2009.0,125.0,0.473612
2009.0,126.0,0.371901
2009.0,127.0,0.047156
2009.0,128.0,0.054335
2009.0,129.0,0.917673
2009.0,130.0,0.039544
2009.0,131.0,0.888563
2009.0,132.0,0.37687
2009.0,133.0,0.823474
2009.0,134.0,0.48683
2009.0,135.0,0.337082
2009.0,136.0,0.99767
2009.0,137.0,0.485626
2009.0,138.0,0.715302
2009.0,139.0,0.413261
2009.0,140.0,0.024238
2009.0,141.0,0.628576
2009.0,142.0,0.999943
2009.0,143.0,0.146729
2009.0,144.0,0.266956
2009.0,145.0,0.38306
2009.0,146.0,0.557537
2009.0,147.0,1.0
2009.0,148.0,0.401172
2009.0,149.0,0.469602
2009.0,150.0,0.284687
2009.0,151.0,0.551697
2009.0,152.0,0.342295
2009.0,153.0,0.355641
2009.0,154.0,0.588685
2009.0,155.0,0.624672
2009.0,156.0,0.596415
2009.0,157.0,0.000231
2009.0,158.0,0.184424
2009.0,159.0,0.122169
2009.0,160.0,0.04354
2009.0,161.0,0.075979
2009.0,162.0,0.694072
2009.0,163.0,0.588618
2009.0,164.0,0.661887
2009.0,165.0,0.441254
2009.0,166.0,0.0
2009.0,167.0,0.483428
2009.0,168.0,0.572281
2009.0,169.0,0.635611
2009.0,170.0,0.68004
2009.0,171.0,0.479893
2009.0,172.0,0.536441
2009.0,173.0,0.668029
2009.0,174.0,0.421074
2009.0,175.0,0.361428
2009.0,176.0,0.301001
2009.0,177.0,0.0
2009.0,178.0,0.994031
2009.0,179.0,0.377413
2009.0,180.0,0.3399
2009.0,181.0,0.311171
2009.0,182.0,0.112294
2009.0,183.0,9.2e-05
2009.0,184.0,0.483453
2009.0,185.0,0.504867
2009.0,186.0,0.872846
2009.0,187.0,0.517934
2009.0,188.0,0.033643
2009.0,189.0,0.868359
2009.0,190.0,0.999626
2009.0,191.0,0.663951
2009.0,192.0,0.293953
2009.0,193.0,0.749933
2009.0,194.0,0.022059
2009.0,195.0,0.469342
2009.0,196.0,0.499091
2009.0,197.0,0.298218
2009.0,198.0,0.432174
2009.0,199.0,0.100796
2009.0,200.0,0.022283
2009.0,201.0,0.756668
2009.0,202.0,0.999847
2009.0,203.0,0.560499
2009.0,204.0,0.277768
2009.0,205.0,0.0
2009.0,206.0,0.356142
2009.0,207.0,0.994209
2009.0,208.0,0.559262
2009.0,209.0,0.586149
2009.0,210.0,0.310677
2009.0,211.0,0.211996
2009.0,212.0,0.57808
2009.0,213.0,0.000371
2009.0,214.0,0.555903
2009.0,215.0,0.666603
2009.0,216.0,1.0
2009.0,217.0,0.699808
2009.0,218.0,0.0
2009.0,219.0,0.371209
2009.0,220.0,0.891153
2009.0,221.0,0.522064
2009.0,222.0,0.029167
2009.0,223.0,0.581496
2009.0,224.0,0.369999
2009.0,225.0,0.795454
2009.0,226.0,0.704417
2009.0,227.0,0.838824
2009.0,228.0,0.760337
2009.0,229.0,0.236332
2009.0,230.0,0.38836
2009.0,231.0,0.335993
2009.0,232.0,0.36911
2009.0,233.0,0.775528
2009.0,234.0,0.277186
2009.0,235.0,0.0
2009.0,236.0,0.944148
2009.0,237.0,0.18563
2009.0,238.0,0.5727
2009.0,239.0,0.969282
2009.0,240.0,0.183842
2009.0,241.0,0.455661
2009.0,242.0,0.440218
2009.0,243.0,0.00447
2009.0,244.0,0.022113
2009.0,245.0,0.996479
2009.0,246.0,0.605174
2009.0,247.0,0.495272
2009.0,248.0,0.533624
2009.0,249.0,0.455294
2009.0,250.0,0.523607
2009.0,251.0,0.937503
2009.0,252.0,0.464527
2009.0,253.0,0.708707
2009.0,254.0,0.621196
2009.0,255.0,0.417049
2009.0,256.0,0.996362
2009.0,257.0,0.81745
2009.0,258.0,0.48071
2009.0,259.0,0.603401
2009.0,260.0,0.894953
2009.0,261.0,0.313665
2009.0,262.0,0.009949
2009.0,263.0,0.459887
2009.0,264.0,0.0
2009.0,265.0,0.383188
2009.0,266.0,0.381758
2009.0,267.0,0.78732
2009.0,268.0,0.421407
2009.0,269.0,0.167449
2009.0,270.0,0.806851
2009.0,271.0,0.0
2009.0,272.0,0.129237
2009.0,273.0,0.356241
2009.0,274.0,0.356674
2009.0,275.0,0.663684
2009.0,276.0,0.045499
2009.0,277.0,0.318801
2009.0,278.0,0.4853
2009.0,279.0,0.216131
2009.0,280.0,0.519671
2009.0,281.0,0.833025
2009.0,282.0,1.0
2009.0,283.0,0.441663
2009.0,284.0,0.339343
2009.0,285.0,0.461369
2009.0,286.0,0.816125
2009.0,287.0,0.275742
2009.0,288.0,0.430301
2009.0,289.0,0.395535
2009.0,290.0,0.584306
2009.0,291.0,0.414229
2009.0,292.0,0.685257
2009.0,293.0,0.999882
2009.0,294.0,0.354929
2009.0,295.0,0.250136
2009.0,296.0,0.015391
2009.0,297.0,0.6246
2009.0,298.0,0.203553
2009.0,299.0,0.0
2009.0,300.0,0.384625
2009.0,301.0,0.679039
2009.0,302.0,0.206945
2009.0,303.0,0.92974
2009.0,304.0,0.017851
2009.0,305.0,0.826374
2009.0,306.0,0.681496
2009.0,307.0,0.569066
2009.0,308.0,0.535997
2009.0,309.0,0.0
2009.0,310.0,0.97491
2009.0,311.0,0.506463
2009.0,312.0,0.0
2009.0,313.0,0.558089
2009.0,314.0,0.386733
2009.0,315.0,0.478057
2009.0,316.0,0.350918
2009.0,317.0,0.9333
2009.0,318.0,0.617086
2009.0,319.0,0.163981
2009.0,320.0,0.329051
2009.0,321.0,0.003877
2009.0,322.0,0.121937
2009.0,323.0,0.365347
2009.0,324.0,0.559329
2009.0,325.0,0.104156
2009.0,326.0,0.793788
2009.0,327.0,0.194952
2009.0,328.0,0.068179
2009.0,329.0,0.856826
2009.0,330.0,0.150706
2009.0,331.0,0.589963
2009.0,332.0,0.355874
2009.0,333.0,0.000136
2009.0,334.0,0.287906
2010.0,0.0,0.013692
2010.0,1.0,0.0
2010.0,2.0,0.001208
2010.0,3.0,0.437719
2010.0,4.0,0.263591
2010.0,5.0,0.448622
2010.0,6.0,0.787282
2010.0,7.0,0.783895
2010.0,8.0,0.237062
2010.0,9.0,0.770688
2010.0,10.0,0.98392
2010.0,11.0,0.753428
2010.0,12.0,0.363431
2010.0,13.0,0.335163
2010.0,14.0,0.5943
2010.0,15.0,0.884168
2010.0,16.0,0.607912
2010.0,17.0,0.009625
2010.0,18.0,0.60038
2010.0,19.0,0.642785
2010.0,20.0,0.448325
2010.0,21.0,0.0
2010.0,22.0,0.882672
2010.0,23.0,1.0
2010.0,24.0,0.458777
2010.0,25.0,0.46731
2010.0,26.0,0.788673
2010.0,27.0,0.438814
2010.0,28.0,0.700697
2010.0,29.0,1.0
2010.0,30.0,0.211771
2010.0,31.0,0.721794
2010.0,32.0,0.988372
2010.0,33.0,1.0
2010.0,34.0,0.0339
2010.0,35.0,0.404227
2010.0,36.0,0.396072
2010.0,37.0,0.525656
2010.0,38.0,0.453578
2010.0,39.0,0.910314
2010.0,40.0,0.630425
2010.0,41.0,0.814109
2010.0,42.0,0.372075
2010.0,43.0,0.887156
2010.0,44.0,0.59833
2010.0,45.0,0.760059
2010.0,46.0,0.528709
2010.0,47.0,0.861989
2010.0,48.0,0.947651
2010.0,49.0,0.263621
2010.0,50.0,0.017312
2010.0,51.0,0.292695
2010.0,52.0,0.997673
2010.0,53.0,0.801457
2010.0,54.0,0.939403
2010.0,55.0,0.042881
2010.0,56.0,0.350082
2010.0,57.0,0.000768
2010.0,58.0,0.411677
2010.0,59.0,0.28056
2010.0,60.0,0.815347
2010.0,61.0,0.844988
2010.0,62.0,0.165304
2010.0,63.0,0.622162
2010.0,64.0,0.930268
2010.0,65.0,0.058008
2010.0,66.0,0.025435
2010.0,67.0,0.520667
2010.0,68.0,0.052477
2010.0,69.0,0.099815
2010.0,70.0,0.271579
2010.0,71.0,0.087767
2010.0,72.0,0.532943
2010.0,73.0,0.491229
2010.0,74.0,0.673346
2010.0,75.0,0.551365
2010.0,76.0,0.834111
2010.0,77.0,0.748219
2010.0,78.0,0.331559
2010.0,79.0,0.011003
2010.0,80.0,0.84734
2010.0,81.0,0.302824
2010.0,82.0,0.565545
2010.0,83.0,0.527663
2010.0,84.0,1.0
2010.0,85.0,0.488743
2010.0,86.0,0.732891
2010.0,87.0,0.987111
2010.0,88.0,0.0
2010.0,89.0,0.672613
2010.0,90.0,0.598717
2010.0,91.0,0.420138
2010.0,92.0,0.230426
2010.0,93.0,0.446207
2010.0,94.0,0.429506
2010.0,95.0,0.287959
2010.0,96.0,0.997122
2010.0,97.0,0.323002
2010.0,98.0,0.0
2010.0,99.0,0.145864
2010.0,100.0,0.623064
2010.0,101.0,0.43492
2010.0,102.0,0.794228
2010.0,103.0,0.001936
2010.0,104.0,0.206167
2010.0,105.0,0.564334
2010.0,106.0,0.64669
2010.0,107.0,0.715162
2010.0,108.0,0.852892
2010.0,109.0,0.915042
2010.0,110.0,0.401762
2010.0,111.0,0.899177
2010.0,112.0,0.301396
2010.0,113.0,0.528167
2010.0,114.0,0.387131
2010.0,115.0,0.150133
2010.0,116.0,0.850644
2010.0,117.0,0.289185
2010.0,118.0,0.79905
2010.0,119.0,0.327167
2010.0,120.0,0.0
2010.0,121.0,0.263175
2010.0,122.0,0.570107
2010.0,123.0,1.0
2010.0,124.0,0.452615
2010.0,125.0,0.467404
2010.0,126.0,0.368788
2010.0,127.0,0.046557
2010.0,128.0,0.053742
2010.0,129.0,0.916997
2010.0,130.0,0.03938
2010.0,131.0,0.887005
2010.0,132.0,0.370713
2010.0,133.0,0.82142
2010.0,134.0,0.486659
2010.0,135.0,0.328297
2010.0,136.0,0.997635
2010.0,137.0,0.48357
2010.0,138.0,0.709666
2010.0,139.0,0.408097
2010.0,140.0,0.024137
2010.0,141.0,0.626762
2010.0,142.0,0.999923
2010.0,143.0,0.143746
2010.0,144.0,0.265648
2010.0,145.0,0.379863
2010.0,146.0,0.555742
2010.0,147.0,1.0
2010.0,148.0,0.398524
2010.0,149.0,0.460856
2010.0,150.0,0.283071
2010.0,151.0,0.548517
2010.0,152.0,0.339825
2010.0,153.0,0.346194
2010.0,154.0,0.587008
2010.0,155.0,0.618145
2010.0,156.0,0.596392
2010.0,157.0,0.000223
2010.0,158.0,0.178975
2010.0,159.0,0.11889
2010.0,160.0,0.042629
2010.0,161.0,0.075646
2010.0,162.0,0.69313
2010.0,163.0,0.585863
2010.0,164.0,0.659387
2010.0,165.0,0.434101
2010.0,166.0,0.0
2010.0,167.0,0.482591
2010.0,168.0,0.571028
2010.0,169.0,0.606192
2010.0,170.0,0.676801
2010.0,171.0,0.479628
2010.0,172.0,0.534341
2010.0,173.0,0.665405
2010.0,174.0,0.419482
2010.0,175.0,0.360129
2010.0,176.0,0.297821
2010.0,177.0,0.0
2010.0,178.0,0.993862
2010.0,179.0,0.370288
2010.0,180.0,0.336115
2010.0,181.0,0.309556
2010.0,182.0,0.111736
2010.0,183.0,9.7e-05
2010.0,184.0,0.480093
2010.0,185.0,0.504194
2010.0,186.0,0.868736
2010.0,187.0,0.517011
2010.0,188.0,0.033588
2010.0,189.0,0.868166
2010.0,190.0,0.999572
2010.0,191.0,0.66295
2010.0,192.0,0.293007
2010.0,193.0,0.749282
2010.0,194.0,0.021639
2010.0,195.0,0.462864
2010.0,196.0,0.499552
2010.0,197.0,0.294322
2010.0,198.0,0.429111
2010.0,199.0,0.100345
2010.0,200.0,0.021774
2010.0,201.0,0.755863
2010.0,202.0,0.999856
2010.0,203.0,0.541428
2010.0,204.0,0.275891
2010.0,205.0,0.0
2010.0,206.0,0.333445
2010.0,207.0,0.993768
2010.0,208.0,0.556364
2010.0,209.0,0.585113
2010.0,210.0,0.303274
2010.0,211.0,0.210339
2010.0,212.0,0.570012
2010.0,213.0,0.000376
2010.0,214.0,0.548064
2010.0,215.0,0.661523
2010.0,216.0,1.0
2010.0,217.0,0.695836
2010.0,218.0,0.0
2010.0,219.0,0.371242
2010.0,220.0,0.89018
2010.0,221.0,0.512146
2010.0,222.0,0.028842
2010.0,223.0,0.580821
2010.0,224.0,0.366653
2010.0,225.0,0.792626
2010.0,226.0,0.699698
2010.0,227.0,0.836383
2010.0,228.0,0.757413
2010.0,229.0,0.234431
2010.0,230.0,0.386756
2010.0,231.0,0.287095
2010.0,232.0,0.368345
2010.0,233.0,0.772134
2010.0,234.0,0.271972
2010.0,235.0,0.0
2010.0,236.0,0.943976
2010.0,237.0,0.185544
2010.0,238.0,0.561802
2010.0,239.0,0.969049
2010.0,240.0,0.181848
2010.0,241.0,0.452775
2010.0,242.0,0.436726
2010.0,243.0,0.004316
2010.0,244.0,0.021674
2010.0,245.0,0.996267
2010.0,246.0,0.604537
2010.0,247.0,0.494582
2010.0,248.0,0.529299
2010.0,249.0,0.451942
2010.0,250.0,0.518025
2010.0,251.0,0.937435
2010.0,252.0,0.463517
2010.0,253.0,0.705658
2010.0,254.0,0.614604
2010.0,255.0,0.413948
2010.0,256.0,0.996422
2010.0,257.0,0.81628
2010.0,258.0,0.479433
2010.0,259.0,0.602128
2010.0,260.0,0.892912
2010.0,261.0,0.306903
2010.0,262.0,0.010003
2010.0,263.0,0.459587
2010.0,264.0,0.0
2010.0,265.0,0.383709
2010.0,266.0,0.378973
2010.0,267.0,0.784744
2010.0,268.0,0.416042
2010.0,269.0,0.165862
2010.0,270.0,0.806492
2010.0,271.0,0.0
2010.0,272.0,0.127683
2010.0,273.0,0.353566
2010.0,274.0,0.357138
2010.0,275.0,0.662396
2010.0,276.0,0.044516
2010.0,277.0,0.314902
2010.0,278.0,0.482246
2010.0,279.0,0.213489
2010.0,280.0,0.518839
2010.0,281.0,0.830833
2010.0,282.0,1.0
2010.0,283.0,0.441101
2010.0,284.0,0.33849
2010.0,285.0,0.455517
2010.0,286.0,0.811464
2010.0,287.0,0.273762
2010.0,288.0,0.424552
2010.0,289.0,0.38846
2010.0,290.0,0.583011
2010.0,291.0,0.411467
2010.0,292.0,0.682834
2010.0,293.0,0.999862
2010.0,294.0,0.354972
2010.0,295.0,0.247435
2010.0,296.0,0.015087
2010.0,297.0,0.624691
2010.0,298.0,0.201467
2010.0,299.0,0.0
2010.0,300.0,0.381211
2010.0,301.0,0.678155
2010.0,302.0,0.205075
2010.0,303.0,0.929173
2010.0,304.0,0.017606
2010.0,305.0,0.825587
2010.0,306.0,0.679684
2010.0,307.0,0.56823
2010.0,308.0,0.532292
2010.0,309.0,0.0
2010.0,310.0,0.974452
2010.0,311.0,0.506766
2010.0,312.0,0.0
2010.0,313.0,0.556826
2010.0,314.0,0.385772
2010.0,315.0,0.474601
2010.0,316.0,0.350015
2010.0,317.0,0.932382
2010.0,318.0,0.616011
2010.0,319.0,0.16305
2010.0,320.0,0.321859
2010.0,321.0,0.003688
2010.0,322.0,0.120509
2010.0,323.0,0.336232
2010.0,324.0,0.558556
2010.0,325.0,0.097669
2010.0,326.0,0.792421
2010.0,327.0,0.193103
2010.0,328.0,0.067836
2010.0,329.0,0.845907
2010.0,330.0,0.149772
2010.0,331.0,0.589803
2010.0,332.0,0.351458
2010.0,333.0,0.000123
2010.0,334.0,0.28456
3000.0,0.0,0.002204
3000.0,1.0,0.0
3000.0,2.0,0.000212
3000.0,3.0,0.43444
3000.0,4.0,0.248216
3000.0,5.0,0.437769
3000.0,6.0,0.795243
3000.0,7.0,0.790195
3000.0,8.0,0.179383
3000.0,9.0,0.753658
3000.0,10.0,0.992615
3000.0,11.0,0.850785
3000.0,12.0,0.349491
3000.0,13.0,0.342668
3000.0,14.0,0.595051
3000.0,15.0,0.878191
3000.0,16.0,0.591747
3000.0,17.0,0.003626
3000.0,18.0,0.619778
3000.0,19.0,0.724655
3000.0,20.0,0.450303
3000.0,21.0,0.0
3000.0,22.0,0.893499
3000.0,23.0,1.0
3000.0,24.0,0.465641
3000.0,25.0,0.472956
3000.0,26.0,0.790264
3000.0,27.0,0.452293
3000.0,28.0,0.697743
3000.0,29.0,1.0
3000.0,30.0,0.206942
3000.0,31.0,0.747391
3000.0,32.0,0.999333
3000.0,33.0,1.0
3000.0,34.0,0.022839
3000.0,35.0,0.38228
3000.0,36.0,0.380146
3000.0,37.0,0.533224
3000.0,38.0,0.463349
3000.0,39.0,0.956201
3000.0,40.0,0.647661
3000.0,41.0,0.808005
3000.0,42.0,0.363265
3000.0,43.0,0.881017
3000.0,44.0,0.605482
3000.0,45.0,0.764293
3000.0,46.0,0.538008
3000.0,47.0,0.908302
3000.0,48.0,0.973105
3000.0,49.0,0.251467
3000.0,50.0,0.000825
3000.0,51.0,0.266495
3000.0,52.0,0.999176
3000.0,53.0,0.800401
3000.0,54.0,0.979997
3000.0,55.0,0.020433
3000.0,56.0,0.350366
3000.0,57.0,0.0
3000.0,58.0,0.43246
3000.0,59.0,0.287138
3000.0,60.0,0.826719
3000.0,61.0,0.915442
3000.0,62.0,0.162412
3000.0,63.0,0.669576
3000.0,64.0,0.940001
3000.0,65.0,0.034249
3000.0,66.0,0.003976
3000.0,67.0,0.533642
3000.0,68.0,0.022741
3000.0,69.0,0.066548
3000.0,70.0,0.269298
3000.0,71.0,0.071523
3000.0,72.0,0.521665
3000.0,73.0,0.490097
3000.0,74.0,0.665824
3000.0,75.0,0.553643
3000.0,76.0,0.855746
3000.0,77.0,0.785085
3000.0,78.0,0.324437
3000.0,79.0,0.003075
3000.0,80.0,0.911852
3000.0,81.0,0.307289
3000.0,82.0,0.571281
3000.0,83.0,0.518588
3000.0,84.0,1.0
3000.0,85.0,0.461095
3000.0,86.0,0.731139
3000.0,87.0,0.997162
3000.0,88.0,0.0
3000.0,89.0,0.684759
3000.0,90.0,0.604046
3000.0,91.0,0.436908
3000.0,92.0,0.179266
3000.0,93.0,0.462927
3000.0,94.0,0.445582
3000.0,95.0,0.218913
3000.0,96.0,0.999948
3000.0,97.0,0.325203
3000.0,98.0,0.0
3000.0,99.0,0.117574
3000.0,100.0,0.655213
3000.0,101.0,0.412897
3000.0,102.0,0.788764
3000.0,103.0,0.0
3000.0,104.0,0.103159
3000.0,105.0,0.589871
3000.0,106.0,0.689239
3000.0,107.0,0.766617
3000.0,108.0,0.876365
3000.0,109.0,0.954194
3000.0,110.0,0.389361
3000.0,111.0,0.901673
3000.0,112.0,0.259145
3000.0,113.0,0.559322
3000.0,114.0,0.352592
3000.0,115.0,0.145373
3000.0,116.0,0.890704
3000.0,117.0,0.271056
3000.0,118.0,0.805209
3000.0,119.0,0.256715
3000.0,120.0,0.0
3000.0,121.0,0.267045
3000.0,122.0,0.56091
3000.0,123.0,1.0
3000.0,124.0,0.460951
3000.0,125.0,0.471832
3000.0,126.0,0.383242
3000.0,127.0,0.047978
3000.0,128.0,0.043904
3000.0,129.0,0.948092
3000.0,130.0,0.022752
3000.0,131.0,0.946193
3000.0,132.0,0.373097
3000.0,133.0,0.835531
3000.0,134.0,0.487438
3000.0,135.0,0.334731
3000.0,136.0,1.0
3000.0,137.0,0.49735
3000.0,138.0,0.716648
3000.0,139.0,0.409244
3000.0,140.0,0.009075
3000.0,141.0,0.622109
3000.0,142.0,1.0
3000.0,143.0,0.125305
3000.0,144.0,0.214708
3000.0,145.0,0.380377
3000.0,146.0,0.543178
3000.0,147.0,1.0
3000.0,148.0,0.38213
3000.0,149.0,0.455444
3000.0,150.0,0.253579
3000.0,151.0,0.557701
3000.0,152.0,0.322115
3000.0,153.0,0.336672
3000.0,154.0,0.602197
3000.0,155.0,0.621255
3000.0,156.0,0.632551
3000.0,157.0,0.0
3000.0,158.0,0.171442
3000.0,159.0,0.127289
3000.0,160.0,0.024426
3000.0,161.0,0.044672
3000.0,162.0,0.722451
3000.0,163.0,0.60738
3000.0,164.0,0.64682
3000.0,165.0,0.428895
3000.0,166.0,0.0
3000.0,167.0,0.465732
3000.0,168.0,0.56172
3000.0,169.0,0.609734
3000.0,170.0,0.679889
3000.0,171.0,0.471812
3000.0,172.0,0.540166
3000.0,173.0,0.663758
3000.0,174.0,0.420783
3000.0,175.0,0.364814
3000.0,176.0,0.270028
3000.0,177.0,0.0
3000.0,178.0,1.0
3000.0,179.0,0.371361
3000.0,180.0,0.339002
3000.0,181.0,0.270685
3000.0,182.0,0.043265
3000.0,183.0,0.0
3000.0,184.0,0.475861
3000.0,185.0,0.533898
3000.0,186.0,0.872911
3000.0,187.0,0.525875
3000.0,188.0,0.008507
3000.0,189.0,0.894402
3000.0,190.0,1.0
3000.0,191.0,0.669262
3000.0,192.0,0.255303
3000.0,193.0,0.774811
3000.0,194.0,0.004662
3000.0,195.0,0.458504
3000.0,196.0,0.515824
3000.0,197.0,0.295404
3000.0,198.0,0.420882
3000.0,199.0,0.06154
3000.0,200.0,0.007084
3000.0,201.0,0.767376
3000.0,202.0,1.0
3000.0,203.0,0.545998
3000.0,204.0,0.286115
3000.0,205.0,0.0
3000.0,206.0,0.330251
3000.0,207.0,0.9997
3000.0,208.0,0.566173
3000.0,209.0,0.614871
3000.0,210.0,0.306451
3000.0,211.0,0.155444
3000.0,212.0,0.566713
3000.0,213.0,0.000226
3000.0,214.0,0.54942
3000.0,215.0,0.668267
3000.0,216.0,1.0
3000.0,217.0,0.69512
3000.0,218.0,0.0
3000.0,219.0,0.337333
3000.0,220.0,0.932644
3000.0,221.0,0.508665
3000.0,222.0,0.018652
3000.0,223.0,0.602065
3000.0,224.0,0.364144
3000.0,225.0,0.809161
3000.0,226.0,0.709097
3000.0,227.0,0.831915
3000.0,228.0,0.762664
3000.0,229.0,0.233259
3000.0,230.0,0.396885
3000.0,231.0,0.288644
3000.0,232.0,0.358191
3000.0,233.0,0.776682
3000.0,234.0,0.272853
3000.0,235.0,0.0
3000.0,236.0,0.948379
3000.0,237.0,0.165968
3000.0,238.0,0.570218
3000.0,239.0,0.987422
3000.0,240.0,0.158545
3000.0,241.0,0.45703
3000.0,242.0,0.454774
3000.0,243.0,0.00159
3000.0,244.0,0.006175
3000.0,245.0,0.998579
3000.0,246.0,0.604213
3000.0,247.0,0.509931
3000.0,248.0,0.542995
3000.0,249.0,0.459345
3000.0,250.0,0.514862
3000.0,251.0,0.939709
3000.0,252.0,0.434088
3000.0,253.0,0.702131
3000.0,254.0,0.616371
3000.0,255.0,0.410379
3000.0,256.0,1.0
3000.0,257.0,0.824778
3000.0,258.0,0.443122
3000.0,259.0,0.61113
3000.0,260.0,0.907627
3000.0,261.0,0.308934
3000.0,262.0,0.000275
3000.0,263.0,0.474065
3000.0,264.0,0.0
3000.0,265.0,0.373243
3000.0,266.0,0.377631
3000.0,267.0,0.791811
3000.0,268.0,0.413881
3000.0,269.0,0.161019
3000.0,270.0,0.857342
3000.0,271.0,0.0
3000.0,272.0,0.122865
3000.0,273.0,0.350228
3000.0,274.0,0.295549
3000.0,275.0,0.678543
3000.0,276.0,0.039403
3000.0,277.0,0.312478
3000.0,278.0,0.466808
3000.0,279.0,0.199703
3000.0,280.0,0.51621
3000.0,281.0,0.832557
3000.0,282.0,1.0
3000.0,283.0,0.43031
3000.0,284.0,0.259741
3000.0,285.0,0.443928
3000.0,286.0,0.820204
3000.0,287.0,0.27502
3000.0,288.0,0.418863
3000.0,289.0,0.379276
3000.0,290.0,0.618317
3000.0,291.0,0.415428
3000.0,292.0,0.682853
3000.0,293.0,1.0
3000.0,294.0,0.331731
3000.0,295.0,0.24947
3000.0,296.0,0.004948
3000.0,297.0,0.718864
3000.0,298.0,0.115487
3000.0,299.0,0.0
3000.0,300.0,0.389036
3000.0,301.0,0.705767
3000.0,302.0,0.11904
3000.0,303.0,0.940482
3000.0,304.0,0.001872
3000.0,305.0,0.839134
3000.0,306.0,0.697194
3000.0,307.0,0.572941
3000.0,308.0,0.525287
3000.0,309.0,0.0
3000.0,310.0,0.996566
3000.0,311.0,0.467444
3000.0,312.0,0.0
3000.0,313.0,0.542028
3000.0,314.0,0.393735
3000.0,315.0,0.485073
3000.0,316.0,0.331303
3000.0,317.0,0.947298
3000.0,318.0,0.617084
3000.0,319.0,0.089352
3000.0,320.0,0.322837
3000.0,321.0,0.000338
3000.0,322.0,0.11294
3000.0,323.0,0.341513
3000.0,324.0,0.532857
3000.0,325.0,0.045966
3000.0,326.0,0.78499
3000.0,327.0,0.186601
3000.0,328.0,0.051559
3000.0,329.0,0.854569
3000.0,330.0,0.105285
3000.0,331.0,0.599141
3000.0,332.0,0.347051
3000.0,333.0,0.0
3000.0,334.0,0.274284
3001.0,0.0,0.0022
3001.0,1.0,0.0
3001.0,2.0,0.00022
3001.0,3.0,0.438379
3001.0,4.0,0.250546
3001.0,5.0,0.447763
3001.0,6.0,0.797221
3001.0,7.0,0.792641
3001.0,8.0,0.179065
3001.0,9.0,0.755977
3001.0,10.0,0.992726
3001.0,11.0,0.851031
3001.0,12.0,0.356522
3001.0,13.0,0.345577
3001.0,14.0,0.609924
3001.0,15.0,0.879027
3001.0,16.0,0.592897
3001.0,17.0,0.003795
3001.0,18.0,0.627042
3001.0,19.0,0.725974
3001.0,20.0,0.454585
3001.0,21.0,0.0
3001.0,22.0,0.895038
3001.0,23.0,1.0
3001.0,24.0,0.467528
3001.0,25.0,0.48206
3001.0,26.0,0.798854
3001.0,27.0,0.458549
3001.0,28.0,0.701706
3001.0,29.0,1.0
3001.0,30.0,0.216526
3001.0,31.0,0.747664
3001.0,32.0,0.999308
3001.0,33.0,1.0
3001.0,34.0,0.02422
3001.0,35.0,0.381973
3001.0,36.0,0.38256
3001.0,37.0,0.533149
3001.0,38.0,0.468592
3001.0,39.0,0.958371
3001.0,40.0,0.652519
3001.0,41.0,0.810789
3001.0,42.0,0.369026
3001.0,43.0,0.891744
3001.0,44.0,0.611485
3001.0,45.0,0.772499
3001.0,46.0,0.538547
3001.0,47.0,0.912523
3001.0,48.0,0.973793
3001.0,49.0,0.253179
3001.0,50.0,0.000853
3001.0,51.0,0.268918
3001.0,52.0,0.999225
3001.0,53.0,0.804731
3001.0,54.0,0.980372
3001.0,55.0,0.020491
3001.0,56.0,0.351543
3001.0,57.0,0.0
3001.0,58.0,0.43368
3001.0,59.0,0.292955
3001.0,60.0,0.827433
3001.0,61.0,0.916577
3001.0,62.0,0.166863
3001.0,63.0,0.670147
3001.0,64.0,0.941088
3001.0,65.0,0.034158
3001.0,66.0,0.004059
3001.0,67.0,0.537455
3001.0,68.0,0.022815
3001.0,69.0,0.067171
3001.0,70.0,0.270831
3001.0,71.0,0.073423
3001.0,72.0,0.526211
3001.0,73.0,0.491041
3001.0,74.0,0.667534
3001.0,75.0,0.560855
3001.0,76.0,0.85727
3001.0,77.0,0.785739
3001.0,78.0,0.332997
3001.0,79.0,0.003223
3001.0,80.0,0.912751
3001.0,81.0,0.309701
3001.0,82.0,0.574019
3001.0,83.0,0.52152
3001.0,84.0,1.0
3001.0,85.0,0.4606
3001.0,86.0,0.734873
3001.0,87.0,0.997192
3001.0,88.0,0.0
3001.0,89.0,0.687557
3001.0,90.0,0.605009
3001.0,91.0,0.440707
3001.0,92.0,0.182219
3001.0,93.0,0.464563
3001.0,94.0,0.449993
3001.0,95.0,0.219458
3001.0,96.0,0.999954
3001.0,97.0,0.368513
3001.0,98.0,0.0
3001.0,99.0,0.118078
3001.0,100.0,0.656198
3001.0,101.0,0.414106
3001.0,102.0,0.795713
3001.0,103.0,0.0
3001.0,104.0,0.103392
3001.0,105.0,0.591859
3001.0,106.0,0.692139
3001.0,107.0,0.766143
3001.0,108.0,0.879588
3001.0,109.0,0.955707
3001.0,110.0,0.389831
3001.0,111.0,0.902416
3001.0,112.0,0.258262
3001.0,113.0,0.559223
3001.0,114.0,0.357771
3001.0,115.0,0.146781
3001.0,116.0,0.891211
3001.0,117.0,0.273246
3001.0,118.0,0.807992
3001.0,119.0,0.259015
3001.0,120.0,0.0
3001.0,121.0,0.278737
3001.0,122.0,0.562252
3001.0,123.0,1.0
3001.0,124.0,0.465403
3001.0,125.0,0.478305
3001.0,126.0,0.385202
3001.0,127.0,0.048935
3001.0,128.0,0.044436
3001.0,129.0,0.948625
3001.0,130.0,0.022822
3001.0,131.0,0.946963
3001.0,132.0,0.380237
3001.0,133.0,0.83794
3001.0,134.0,0.484926
3001.0,135.0,0.344695
3001.0,136.0,1.0
3001.0,137.0,0.500025
3001.0,138.0,0.723179
3001.0,139.0,0.414933
3001.0,140.0,0.009311
3001.0,141.0,0.622899
3001.0,142.0,1.0
3001.0,143.0,0.127218
3001.0,144.0,0.215905
3001.0,145.0,0.383407
3001.0,146.0,0.544784
3001.0,147.0,1.0
3001.0,148.0,0.385113
3001.0,149.0,0.464605
3001.0,150.0,0.254653
3001.0,151.0,0.56041
3001.0,152.0,0.323283
3001.0,153.0,0.345604
3001.0,154.0,0.603702
3001.0,155.0,0.627528
3001.0,156.0,0.632028
3001.0,157.0,0.0
3001.0,158.0,0.176995
3001.0,159.0,0.130696
3001.0,160.0,0.025139
3001.0,161.0,0.045195
3001.0,162.0,0.723952
3001.0,163.0,0.61068
3001.0,164.0,0.649742
3001.0,165.0,0.435999
3001.0,166.0,0.0
3001.0,167.0,0.466365
3001.0,168.0,0.562791
3001.0,169.0,0.641237
3001.0,170.0,0.683772
3001.0,171.0,0.472513
3001.0,172.0,0.542105
3001.0,173.0,0.667956
3001.0,174.0,0.42161
3001.0,175.0,0.365303
3001.0,176.0,0.272349
3001.0,177.0,0.0
3001.0,178.0,1.0
3001.0,179.0,0.37984
3001.0,180.0,0.343479
3001.0,181.0,0.272356
3001.0,182.0,0.043591
3001.0,183.0,0.0
3001.0,184.0,0.480403
3001.0,185.0,0.535731
3001.0,186.0,0.877148
3001.0,187.0,0.526705
3001.0,188.0,0.008481
3001.0,189.0,0.894998
3001.0,190.0,1.0
3001.0,191.0,0.670242
3001.0,192.0,0.256062
3001.0,193.0,0.77536
3001.0,194.0,0.004689
3001.0,195.0,0.466107
3001.0,196.0,0.514527
3001.0,197.0,0.298644
3001.0,198.0,0.424435
3001.0,199.0,0.061479
3001.0,200.0,0.00732
3001.0,201.0,0.768781
3001.0,202.0,1.0
3001.0,203.0,0.566017
3001.0,204.0,0.287997
3001.0,205.0,0.0
3001.0,206.0,0.354278
3001.0,207.0,0.999749
3001.0,208.0,0.568992
3001.0,209.0,0.615081
3001.0,210.0,0.315378
3001.0,211.0,0.156607
3001.0,212.0,0.574329
3001.0,213.0,0.000229
3001.0,214.0,0.556995
3001.0,215.0,0.673667
3001.0,216.0,1.0
3001.0,217.0,0.69918
3001.0,218.0,0.0
3001.0,219.0,0.337837
3001.0,220.0,0.933812
3001.0,221.0,0.519097
3001.0,222.0,0.01895
3001.0,223.0,0.604324
3001.0,224.0,0.366926
3001.0,225.0,0.811349
3001.0,226.0,0.715041
3001.0,227.0,0.833956
3001.0,228.0,0.764534
3001.0,229.0,0.236136
3001.0,230.0,0.397768
3001.0,231.0,0.349827
3001.0,232.0,0.358494
3001.0,233.0,0.780586
3001.0,234.0,0.2768
3001.0,235.0,0.0
3001.0,236.0,0.948811
3001.0,237.0,0.166889
3001.0,238.0,0.58197
3001.0,239.0,0.987483
3001.0,240.0,0.159797
3001.0,241.0,0.460393
3001.0,242.0,0.458719
3001.0,243.0,0.001646
3001.0,244.0,0.006282
3001.0,245.0,0.998669
3001.0,246.0,0.605465
3001.0,247.0,0.51198
3001.0,248.0,0.546862
3001.0,249.0,0.463836
3001.0,250.0,0.522831
3001.0,251.0,0.939961
3001.0,252.0,0.435367
3001.0,253.0,0.705532
3001.0,254.0,0.62288
3001.0,255.0,0.412911
3001.0,256.0,1.0
3001.0,257.0,0.827054
3001.0,258.0,0.445261
3001.0,259.0,0.612588
3001.0,260.0,0.909108
3001.0,261.0,0.316481
3001.0,262.0,0.000293
3001.0,263.0,0.475346
3001.0,264.0,0.0
3001.0,265.0,0.37318
3001.0,266.0,0.380833
3001.0,267.0,0.793718
3001.0,268.0,0.419853
3001.0,269.0,0.162584
3001.0,270.0,0.856876
3001.0,271.0,0.0
3001.0,272.0,0.124184
3001.0,273.0,0.353353
3001.0,274.0,0.296293
3001.0,275.0,0.680632
3001.0,276.0,0.039563
3001.0,277.0,0.316119
3001.0,278.0,0.469561
3001.0,279.0,0.202304
3001.0,280.0,0.518101
3001.0,281.0,0.836178
3001.0,282.0,1.0
3001.0,283.0,0.430865
3001.0,284.0,0.260676
3001.0,285.0,0.450574
3001.0,286.0,0.825209
3001.0,287.0,0.276268
3001.0,288.0,0.426101
3001.0,289.0,0.386267
3001.0,290.0,0.619484
3001.0,291.0,0.417684
3001.0,292.0,0.68518
3001.0,293.0,1.0
3001.0,294.0,0.331988
3001.0,295.0,0.252982
3001.0,296.0,0.004818
3001.0,297.0,0.71918
3001.0,298.0,0.116132
3001.0,299.0,0.0
3001.0,300.0,0.391968
3001.0,301.0,0.706571
3001.0,302.0,0.120799
3001.0,303.0,0.940251
3001.0,304.0,0.001986
3001.0,305.0,0.839559
3001.0,306.0,0.699877
3001.0,307.0,0.573339
3001.0,308.0,0.529617
3001.0,309.0,0.0
3001.0,310.0,0.996758
3001.0,311.0,0.467654
3001.0,312.0,0.0
3001.0,313.0,0.543591
3001.0,314.0,0.395551
3001.0,315.0,0.48793
3001.0,316.0,0.333375
3001.0,317.0,0.947715
3001.0,318.0,0.619302
3001.0,319.0,0.08955
3001.0,320.0,0.331151
3001.0,321.0,0.000347
3001.0,322.0,0.113928
3001.0,323.0,0.37718
3001.0,324.0,0.534393
3001.0,325.0,0.04908
3001.0,326.0,0.785895
3001.0,327.0,0.187319
3001.0,328.0,0.051725
3001.0,329.0,0.865154
3001.0,330.0,0.105732
3001.0,331.0,0.600076
3001.0,332.0,0.350493
3001.0,333.0,0.0
3001.0,334.0,0.27865
3002.0,0.0,0.002236
3002.0,1.0,0.0
3002.0,2.0,0.000214
3002.0,3.0,0.442313
3002.0,4.0,0.253132
3002.0,5.0,0.457763
3002.0,6.0,0.799212
3002.0,7.0,0.793727
3002.0,8.0,0.178655
3002.0,9.0,0.757624
3002.0,10.0,0.992776
3002.0,11.0,0.851166
3002.0,12.0,0.364473
3002.0,13.0,0.348375
3002.0,14.0,0.622735
3002.0,15.0,0.8792
3002.0,16.0,0.594357
3002.0,17.0,0.003855
3002.0,18.0,0.634593
3002.0,19.0,0.727048
3002.0,20.0,0.459549
3002.0,21.0,0.0
3002.0,22.0,0.896398
3002.0,23.0,1.0
3002.0,24.0,0.468153
3002.0,25.0,0.490848
3002.0,26.0,0.80737
3002.0,27.0,0.464003
3002.0,28.0,0.705815
3002.0,29.0,1.0
3002.0,30.0,0.225825
3002.0,31.0,0.748423
3002.0,32.0,0.999343
3002.0,33.0,1.0
3002.0,34.0,0.025538
3002.0,35.0,0.381781
3002.0,36.0,0.384022
3002.0,37.0,0.533018
3002.0,38.0,0.473825
3002.0,39.0,0.960302
3002.0,40.0,0.655489
3002.0,41.0,0.813075
3002.0,42.0,0.374404
3002.0,43.0,0.90048
3002.0,44.0,0.616504
3002.0,45.0,0.780007
3002.0,46.0,0.538635
3002.0,47.0,0.915905
3002.0,48.0,0.974193
3002.0,49.0,0.254868
3002.0,50.0,0.000867
3002.0,51.0,0.272687
3002.0,52.0,0.999294
3002.0,53.0,0.809429
3002.0,54.0,0.980614
3002.0,55.0,0.020889
3002.0,56.0,0.352892
3002.0,57.0,0.0
3002.0,58.0,0.435443
3002.0,59.0,0.29994
3002.0,60.0,0.828656
3002.0,61.0,0.917245
3002.0,62.0,0.171025
3002.0,63.0,0.671251
3002.0,64.0,0.942269
3002.0,65.0,0.033987
3002.0,66.0,0.004031
3002.0,67.0,0.541808
3002.0,68.0,0.022806
3002.0,69.0,0.068309
3002.0,70.0,0.272772
3002.0,71.0,0.074899
3002.0,72.0,0.530502
3002.0,73.0,0.491715
3002.0,74.0,0.669802
3002.0,75.0,0.568595
3002.0,76.0,0.858819
3002.0,77.0,0.786145
3002.0,78.0,0.342129
3002.0,79.0,0.003324
3002.0,80.0,0.913773
3002.0,81.0,0.311637
3002.0,82.0,0.576824
3002.0,83.0,0.524438
3002.0,84.0,1.0
3002.0,85.0,0.461857
3002.0,86.0,0.738034
3002.0,87.0,0.997143
3002.0,88.0,0.0
3002.0,89.0,0.690723
3002.0,90.0,0.605722
3002.0,91.0,0.443717
3002.0,92.0,0.184885
3002.0,93.0,0.465554
3002.0,94.0,0.453562
3002.0,95.0,0.219804
3002.0,96.0,0.999946
3002.0,97.0,0.411356
3002.0,98.0,0.0
3002.0,99.0,0.118989
3002.0,100.0,0.65656
3002.0,101.0,0.415619
3002.0,102.0,0.802237
3002.0,103.0,0.0
3002.0,104.0,0.103754
3002.0,105.0,0.593402
3002.0,106.0,0.695548
3002.0,107.0,0.767257
3002.0,108.0,0.883425
3002.0,109.0,0.956785
3002.0,110.0,0.390469
3002.0,111.0,0.903356
3002.0,112.0,0.258439
3002.0,113.0,0.559585
3002.0,114.0,0.362391
3002.0,115.0,0.148512
3002.0,116.0,0.891371
3002.0,117.0,0.274705
3002.0,118.0,0.809939
3002.0,119.0,0.260793
3002.0,120.0,0.0
3002.0,121.0,0.290095
3002.0,122.0,0.563697
3002.0,123.0,1.0
3002.0,124.0,0.470201
3002.0,125.0,0.484091
3002.0,126.0,0.388091
3002.0,127.0,0.050249
3002.0,128.0,0.044977
3002.0,129.0,0.94897
3002.0,130.0,0.022865
3002.0,131.0,0.947935
3002.0,132.0,0.386793
3002.0,133.0,0.8402
3002.0,134.0,0.481886
3002.0,135.0,0.354267
3002.0,136.0,1.0
3002.0,137.0,0.502208
3002.0,138.0,0.729795
3002.0,139.0,0.420193
3002.0,140.0,0.009551
3002.0,141.0,0.623583
3002.0,142.0,1.0
3002.0,143.0,0.129089
3002.0,144.0,0.217006
3002.0,145.0,0.387155
3002.0,146.0,0.547902
3002.0,147.0,1.0
3002.0,148.0,0.38797
3002.0,149.0,0.473214
3002.0,150.0,0.255758
3002.0,151.0,0.562864
3002.0,152.0,0.323454
3002.0,153.0,0.355745
3002.0,154.0,0.604996
3002.0,155.0,0.633835
3002.0,156.0,0.631268
3002.0,157.0,0.0
3002.0,158.0,0.182944
3002.0,159.0,0.134543
3002.0,160.0,0.025771
3002.0,161.0,0.045499
3002.0,162.0,0.724105
3002.0,163.0,0.613498
3002.0,164.0,0.65254
3002.0,165.0,0.442692
3002.0,166.0,0.0
3002.0,167.0,0.468142
3002.0,168.0,0.564312
3002.0,169.0,0.671704
3002.0,170.0,0.68693
3002.0,171.0,0.473585
3002.0,172.0,0.54447
3002.0,173.0,0.670638
3002.0,174.0,0.423058
3002.0,175.0,0.367383
3002.0,176.0,0.275193
3002.0,177.0,0.0
3002.0,178.0,1.0
3002.0,179.0,0.387707
3002.0,180.0,0.348678
3002.0,181.0,0.274316
3002.0,182.0,0.043539
3002.0,183.0,0.0
3002.0,184.0,0.484732
3002.0,185.0,0.53786
3002.0,186.0,0.8816
3002.0,187.0,0.52725
3002.0,188.0,0.008453
3002.0,189.0,0.895818
3002.0,190.0,1.0
3002.0,191.0,0.671027
3002.0,192.0,0.257068
3002.0,193.0,0.776195
3002.0,194.0,0.00484
3002.0,195.0,0.47189
3002.0,196.0,0.513365
3002.0,197.0,0.301823
3002.0,198.0,0.428909
3002.0,199.0,0.0612
3002.0,200.0,0.007645
3002.0,201.0,0.770414
3002.0,202.0,1.0
3002.0,203.0,0.586235
3002.0,204.0,0.289424
3002.0,205.0,0.0
3002.0,206.0,0.379069
3002.0,207.0,0.999787
3002.0,208.0,0.571975
3002.0,209.0,0.615308
3002.0,210.0,0.323864
3002.0,211.0,0.157625
3002.0,212.0,0.58112
3002.0,213.0,0.000235
3002.0,214.0,0.564821
3002.0,215.0,0.679643
3002.0,216.0,1.0
3002.0,217.0,0.703519
3002.0,218.0,0.0
3002.0,219.0,0.338607
3002.0,220.0,0.935113
3002.0,221.0,0.529306
3002.0,222.0,0.019187
3002.0,223.0,0.604969
3002.0,224.0,0.36982
3002.0,225.0,0.813889
3002.0,226.0,0.720621
3002.0,227.0,0.835325
3002.0,228.0,0.767112
3002.0,229.0,0.238892
3002.0,230.0,0.399335
3002.0,231.0,0.410051
3002.0,232.0,0.358638
3002.0,233.0,0.784457
3002.0,234.0,0.282066
3002.0,235.0,0.0
3002.0,236.0,0.948903
3002.0,237.0,0.167307
3002.0,238.0,0.593558
3002.0,239.0,0.987474
3002.0,240.0,0.161481
3002.0,241.0,0.463826
3002.0,242.0,0.462165
3002.0,243.0,0.001668
3002.0,244.0,0.006387
3002.0,245.0,0.998819
3002.0,246.0,0.605888
3002.0,247.0,0.513085
3002.0,248.0,0.550552
3002.0,249.0,0.468412
3002.0,250.0,0.529403
3002.0,251.0,0.940273
3002.0,252.0,0.436988
3002.0,253.0,0.708352
3002.0,254.0,0.628015
3002.0,255.0,0.414868
3002.0,256.0,1.0
3002.0,257.0,0.828797
3002.0,258.0,0.44764
3002.0,259.0,0.613496
3002.0,260.0,0.911115
3002.0,261.0,0.323178
3002.0,262.0,0.000279
3002.0,263.0,0.476029
3002.0,264.0,0.0
3002.0,265.0,0.372216
3002.0,266.0,0.384695
3002.0,267.0,0.795252
3002.0,268.0,0.425595
3002.0,269.0,0.16507
3002.0,270.0,0.856883
3002.0,271.0,0.0
3002.0,272.0,0.125512
3002.0,273.0,0.357022
3002.0,274.0,0.297388
3002.0,275.0,0.682718
3002.0,276.0,0.040122
3002.0,277.0,0.318474
3002.0,278.0,0.471814
3002.0,279.0,0.205078
3002.0,280.0,0.519188
3002.0,281.0,0.839756
3002.0,282.0,1.0
3002.0,283.0,0.431782
3002.0,284.0,0.261128
3002.0,285.0,0.45665
3002.0,286.0,0.829826
3002.0,287.0,0.277063
3002.0,288.0,0.432984
3002.0,289.0,0.392792
3002.0,290.0,0.620645
3002.0,291.0,0.420495
3002.0,292.0,0.687197
3002.0,293.0,1.0
3002.0,294.0,0.332753
3002.0,295.0,0.256106
3002.0,296.0,0.004918
3002.0,297.0,0.719903
3002.0,298.0,0.117772
3002.0,299.0,0.0
3002.0,300.0,0.394788
3002.0,301.0,0.707778
3002.0,302.0,0.122701
3002.0,303.0,0.940458
3002.0,304.0,0.00205
3002.0,305.0,0.840629
3002.0,306.0,0.701489
3002.0,307.0,0.574482
3002.0,308.0,0.533365
3002.0,309.0,0.0
3002.0,310.0,0.996817
3002.0,311.0,0.467048
3002.0,312.0,0.0
3002.0,313.0,0.543824
3002.0,314.0,0.397558
3002.0,315.0,0.491213
3002.0,316.0,0.334673
3002.0,317.0,0.94779
3002.0,318.0,0.62086
3002.0,319.0,0.089969
3002.0,320.0,0.33951
3002.0,321.0,0.000384
3002.0,322.0,0.115149
3002.0,323.0,0.411697
3002.0,324.0,0.53595
3002.0,325.0,0.05287
3002.0,326.0,0.78693
3002.0,327.0,0.188117
3002.0,328.0,0.052307
3002.0,329.0,0.874681
3002.0,330.0,0.106155
3002.0,331.0,0.601905
3002.0,332.0,0.355209
3002.0,333.0,0.0
3002.0,334.0,0.282799
3003.0,0.0,0.002233
3003.0,1.0,0.0
3003.0,2.0,0.000238
3003.0,3.0,0.446353
3003.0,4.0,0.25477
3003.0,5.0,0.466825
3003.0,6.0,0.802027
3003.0,7.0,0.795525
3003.0,8.0,0.178842
3003.0,9.0,0.758577
3003.0,10.0,0.992817
3003.0,11.0,0.85162
3003.0,12.0,0.371912
3003.0,13.0,0.351309
3003.0,14.0,0.635552
3003.0,15.0,0.879584
3003.0,16.0,0.596732
3003.0,17.0,0.003888
3003.0,18.0,0.641487
3003.0,19.0,0.728555
3003.0,20.0,0.464573
3003.0,21.0,0.0
3003.0,22.0,0.898042
3003.0,23.0,1.0
3003.0,24.0,0.469959
3003.0,25.0,0.499511
3003.0,26.0,0.815428
3003.0,27.0,0.469379
3003.0,28.0,0.709169
3003.0,29.0,1.0
3003.0,30.0,0.234871
3003.0,31.0,0.749863
3003.0,32.0,0.999355
3003.0,33.0,1.0
3003.0,34.0,0.027169
3003.0,35.0,0.382037
3003.0,36.0,0.386336
3003.0,37.0,0.533434
3003.0,38.0,0.478631
3003.0,39.0,0.962351
3003.0,40.0,0.659505
3003.0,41.0,0.815362
3003.0,42.0,0.380373
3003.0,43.0,0.908627
3003.0,44.0,0.620883
3003.0,45.0,0.787154
3003.0,46.0,0.539172
3003.0,47.0,0.919188
3003.0,48.0,0.974542
3003.0,49.0,0.255918
3003.0,50.0,0.000828
3003.0,51.0,0.276341
3003.0,52.0,0.999371
3003.0,53.0,0.813314
3003.0,54.0,0.981154
3003.0,55.0,0.021058
3003.0,56.0,0.353462
3003.0,57.0,0.0
3003.0,58.0,0.437235
3003.0,59.0,0.305919
3003.0,60.0,0.82944
3003.0,61.0,0.918614
3003.0,62.0,0.174515
3003.0,63.0,0.672383
3003.0,64.0,0.943113
3003.0,65.0,0.034019
3003.0,66.0,0.004034
3003.0,67.0,0.544231
3003.0,68.0,0.022817
3003.0,69.0,0.068723
3003.0,70.0,0.274029
3003.0,71.0,0.07635
3003.0,72.0,0.535012
3003.0,73.0,0.491889
3003.0,74.0,0.672004
3003.0,75.0,0.575525
3003.0,76.0,0.859764
3003.0,77.0,0.787176
3003.0,78.0,0.35039
3003.0,79.0,0.003438
3003.0,80.0,0.91439
3003.0,81.0,0.314424
3003.0,82.0,0.578929
3003.0,83.0,0.527457
3003.0,84.0,1.0
3003.0,85.0,0.462179
3003.0,86.0,0.741726
3003.0,87.0,0.997209
3003.0,88.0,0.0
3003.0,89.0,0.692877
3003.0,90.0,0.606225
3003.0,91.0,0.446885
3003.0,92.0,0.1872
3003.0,93.0,0.466715
3003.0,94.0,0.45779
3003.0,95.0,0.220968
3003.0,96.0,0.999945
3003.0,97.0,0.453197
3003.0,98.0,0.0
3003.0,99.0,0.119866
3003.0,100.0,0.65698
3003.0,101.0,0.416401
3003.0,102.0,0.808357
3003.0,103.0,0.0
3003.0,104.0,0.104112
3003.0,105.0,0.593384
3003.0,106.0,0.698449
3003.0,107.0,0.767326
3003.0,108.0,0.88694
3003.0,109.0,0.958042
3003.0,110.0,0.392017
3003.0,111.0,0.904449
3003.0,112.0,0.257647
3003.0,113.0,0.56057
3003.0,114.0,0.36746
3003.0,115.0,0.150159
3003.0,116.0,0.891771
3003.0,117.0,0.277024
3003.0,118.0,0.812141
3003.0,119.0,0.262022
3003.0,120.0,0.0
3003.0,121.0,0.301323
3003.0,122.0,0.565705
3003.0,123.0,1.0
3003.0,124.0,0.47425
3003.0,125.0,0.490463
3003.0,126.0,0.390231
3003.0,127.0,0.051439
3003.0,128.0,0.0455
3003.0,129.0,0.949322
3003.0,130.0,0.023062
3003.0,131.0,0.948813
3003.0,132.0,0.393375
3003.0,133.0,0.843037
3003.0,134.0,0.479385
3003.0,135.0,0.363885
3003.0,136.0,1.0
3003.0,137.0,0.504426
3003.0,138.0,0.736519
3003.0,139.0,0.423744
3003.0,140.0,0.009649
3003.0,141.0,0.625054
3003.0,142.0,1.0
3003.0,143.0,0.130633
3003.0,144.0,0.218018
3003.0,145.0,0.390329
3003.0,146.0,0.550436
3003.0,147.0,1.0
3003.0,148.0,0.390256
3003.0,149.0,0.481126
3003.0,150.0,0.257295
3003.0,151.0,0.564782
3003.0,152.0,0.325053
3003.0,153.0,0.366055
3003.0,154.0,0.606409
3003.0,155.0,0.639914
3003.0,156.0,0.63079
3003.0,157.0,0.0
3003.0,158.0,0.188497
3003.0,159.0,0.138055
3003.0,160.0,0.0268
3003.0,161.0,0.046443
3003.0,162.0,0.724501
3003.0,163.0,0.617287
3003.0,164.0,0.655664
3003.0,165.0,0.450149
3003.0,166.0,0.0
3003.0,167.0,0.469599
3003.0,168.0,0.566491
3003.0,169.0,0.701393
3003.0,170.0,0.690512
3003.0,171.0,0.474761
3003.0,172.0,0.545699
3003.0,173.0,0.67325
3003.0,174.0,0.423154
3003.0,175.0,0.368361
3003.0,176.0,0.278236
3003.0,177.0,0.0
3003.0,178.0,1.0
3003.0,179.0,0.395649
3003.0,180.0,0.353533
3003.0,181.0,0.275364
3003.0,182.0,0.04379
3003.0,183.0,0.0
3003.0,184.0,0.488913
3003.0,185.0,0.539034
3003.0,186.0,0.885336
3003.0,187.0,0.528409
3003.0,188.0,0.008546
3003.0,189.0,0.896549
3003.0,190.0,1.0
3003.0,191.0,0.671865
3003.0,192.0,0.257366
3003.0,193.0,0.776488
3003.0,194.0,0.005062
3003.0,195.0,0.477836
3003.0,196.0,0.511415
3003.0,197.0,0.305424
3003.0,198.0,0.433358
3003.0,199.0,0.060791
3003.0,200.0,0.007774
3003.0,201.0,0.771335
3003.0,202.0,1.0
3003.0,203.0,0.604876
3003.0,204.0,0.291326
3003.0,205.0,0.0
3003.0,206.0,0.40275
3003.0,207.0,0.999786
3003.0,208.0,0.574764
3003.0,209.0,0.615438
3003.0,210.0,0.333589
3003.0,211.0,0.158476
3003.0,212.0,0.588906
3003.0,213.0,0.000245
3003.0,214.0,0.572518
3003.0,215.0,0.685078
3003.0,216.0,1.0
3003.0,217.0,0.708237
3003.0,218.0,0.0
3003.0,219.0,0.338542
3003.0,220.0,0.936341
3003.0,221.0,0.539572
3003.0,222.0,0.0194
3003.0,223.0,0.605979
3003.0,224.0,0.37341
3003.0,225.0,0.816869
3003.0,226.0,0.724566
3003.0,227.0,0.837708
3003.0,228.0,0.769719
3003.0,229.0,0.242249
3003.0,230.0,0.401134
3003.0,231.0,0.46813
3003.0,232.0,0.359228
3003.0,233.0,0.78832
3003.0,234.0,0.287069
3003.0,235.0,0.0
3003.0,236.0,0.949122
3003.0,237.0,0.167385
3003.0,238.0,0.604437
3003.0,239.0,0.98767
3003.0,240.0,0.162727
3003.0,241.0,0.46854
3003.0,242.0,0.464901
3003.0,243.0,0.001695
3003.0,244.0,0.006284
3003.0,245.0,0.998884
3003.0,246.0,0.607228
3003.0,247.0,0.513694
3003.0,248.0,0.553715
3003.0,249.0,0.471448
3003.0,250.0,0.535692
3003.0,251.0,0.940802
3003.0,252.0,0.43737
3003.0,253.0,0.710511
3003.0,254.0,0.633385
3003.0,255.0,0.416712
3003.0,256.0,1.0
3003.0,257.0,0.830944
3003.0,258.0,0.448827
3003.0,259.0,0.614401
3003.0,260.0,0.912824
3003.0,261.0,0.330002
3003.0,262.0,0.000291
3003.0,263.0,0.477607
3003.0,264.0,0.0
3003.0,265.0,0.371435
3003.0,266.0,0.387598
3003.0,267.0,0.797272
3003.0,268.0,0.431529
3003.0,269.0,0.168098
3003.0,270.0,0.856598
3003.0,271.0,0.0
3003.0,272.0,0.127278
3003.0,273.0,0.360598
3003.0,274.0,0.299211
3003.0,275.0,0.685313
3003.0,276.0,0.041034
3003.0,277.0,0.321911
3003.0,278.0,0.474007
3003.0,279.0,0.208613
3003.0,280.0,0.5212
3003.0,281.0,0.84335
3003.0,282.0,1.0
3003.0,283.0,0.431942
3003.0,284.0,0.262206
3003.0,285.0,0.463058
3003.0,286.0,0.834258
3003.0,287.0,0.278879
3003.0,288.0,0.438155
3003.0,289.0,0.400198
3003.0,290.0,0.622767
3003.0,291.0,0.423357
3003.0,292.0,0.688855
3003.0,293.0,1.0
3003.0,294.0,0.333719
3003.0,295.0,0.259282
3003.0,296.0,0.004857
3003.0,297.0,0.719649
3003.0,298.0,0.119018
3003.0,299.0,0.0
3003.0,300.0,0.398543
3003.0,301.0,0.708569
3003.0,302.0,0.124525
3003.0,303.0,0.940939
3003.0,304.0,0.002086
3003.0,305.0,0.841025
3003.0,306.0,0.703759
3003.0,307.0,0.575764
3003.0,308.0,0.53735
3003.0,309.0,0.0
3003.0,310.0,0.996869
3003.0,311.0,0.467568
3003.0,312.0,0.0
3003.0,313.0,0.545514
3003.0,314.0,0.399613
3003.0,315.0,0.493295
3003.0,316.0,0.336213
3003.0,317.0,0.948173
3003.0,318.0,0.621421
3003.0,319.0,0.090555
3003.0,320.0,0.347585
3003.0,321.0,0.000412
3003.0,322.0,0.116176
3003.0,323.0,0.444401
3003.0,324.0,0.537214
3003.0,325.0,0.056781
3003.0,326.0,0.788341
3003.0,327.0,0.188051
3003.0,328.0,0.052139
3003.0,329.0,0.88326
3003.0,330.0,0.107164
3003.0,331.0,0.602902
3003.0,332.0,0.36016
3003.0,333.0,0.0
3003.0,334.0,0.287354
3004.0,0.0,0.002142
3004.0,1.0,0.0
3004.0,2.0,0.000251
3004.0,3.0,0.450364
3004.0,4.0,0.256113
3004.0,5.0,0.476237
3004.0,6.0,0.804366
3004.0,7.0,0.796044
3004.0,8.0,0.179337
3004.0,9.0,0.760232
3004.0,10.0,0.992861
3004.0,11.0,0.851809
3004.0,12.0,0.378466
3004.0,13.0,0.353016
3004.0,14.0,0.64718
3004.0,15.0,0.880153
3004.0,16.0,0.598069
3004.0,17.0,0.004053
3004.0,18.0,0.648335
3004.0,19.0,0.730613
3004.0,20.0,0.469413
3004.0,21.0,0.0
3004.0,22.0,0.899172
3004.0,23.0,1.0
3004.0,24.0,0.471382
3004.0,25.0,0.508317
3004.0,26.0,0.823339
3004.0,27.0,0.474767
3004.0,28.0,0.713074
3004.0,29.0,1.0
3004.0,30.0,0.243246
3004.0,31.0,0.749174
3004.0,32.0,0.99938
3004.0,33.0,1.0
3004.0,34.0,0.028837
3004.0,35.0,0.381162
3004.0,36.0,0.388313
3004.0,37.0,0.533472
3004.0,38.0,0.484125
3004.0,39.0,0.964376
3004.0,40.0,0.663072
3004.0,41.0,0.81839
3004.0,42.0,0.386298
3004.0,43.0,0.915824
3004.0,44.0,0.625571
3004.0,45.0,0.79418
3004.0,46.0,0.540018
3004.0,47.0,0.92265
3004.0,48.0,0.974565
3004.0,49.0,0.256643
3004.0,50.0,0.000874
3004.0,51.0,0.279355
3004.0,52.0,0.999404
3004.0,53.0,0.818112
3004.0,54.0,0.981451
3004.0,55.0,0.021244
3004.0,56.0,0.353915
3004.0,57.0,0.0
3004.0,58.0,0.439163
3004.0,59.0,0.311896
3004.0,60.0,0.830414
3004.0,61.0,0.919534
3004.0,62.0,0.178978
3004.0,63.0,0.673124
3004.0,64.0,0.944022
3004.0,65.0,0.033858
3004.0,66.0,0.004124
3004.0,67.0,0.546743
3004.0,68.0,0.022733
3004.0,69.0,0.06907
3004.0,70.0,0.274676
3004.0,71.0,0.078254
3004.0,72.0,0.539371
3004.0,73.0,0.492486
3004.0,74.0,0.673817
3004.0,75.0,0.581953
3004.0,76.0,0.860901
3004.0,77.0,0.788901
3004.0,78.0,0.35887
3004.0,79.0,0.003482
3004.0,80.0,0.91498
3004.0,81.0,0.31755
3004.0,82.0,0.581832
3004.0,83.0,0.530476
3004.0,84.0,1.0
3004.0,85.0,0.462416
3004.0,86.0,0.745433
3004.0,87.0,0.997246
3004.0,88.0,0.0
3004.0,89.0,0.695492
3004.0,90.0,0.606928
3004.0,91.0,0.450433
3004.0,92.0,0.189432
3004.0,93.0,0.468855
3004.0,94.0,0.463197
3004.0,95.0,0.221113
3004.0,96.0,0.999938
3004.0,97.0,0.494534
3004.0,98.0,0.0
3004.0,99.0,0.12063
3004.0,100.0,0.658093
3004.0,101.0,0.417632
3004.0,102.0,0.814261
3004.0,103.0,0.0
3004.0,104.0,0.104049
3004.0,105.0,0.593671
3004.0,106.0,0.700859
3004.0,107.0,0.767936
3004.0,108.0,0.890065
3004.0,109.0,0.959578
3004.0,110.0,0.39319
3004.0,111.0,0.905141
3004.0,112.0,0.257506
3004.0,113.0,0.562103
3004.0,114.0,0.371473
3004.0,115.0,0.151553
3004.0,116.0,0.89173
3004.0,117.0,0.279074
3004.0,118.0,0.813917
3004.0,119.0,0.263957
3004.0,120.0,0.0
3004.0,121.0,0.313184
3004.0,122.0,0.567856
3004.0,123.0,1.0
3004.0,124.0,0.478752
3004.0,125.0,0.496804
3004.0,126.0,0.392586
3004.0,127.0,0.052709
3004.0,128.0,0.046114
3004.0,129.0,0.94947
3004.0,130.0,0.022732
3004.0,131.0,0.949207
3004.0,132.0,0.40002
3004.0,133.0,0.844946
3004.0,134.0,0.476344
3004.0,135.0,0.373428
3004.0,136.0,1.0
3004.0,137.0,0.50648
3004.0,138.0,0.741945
3004.0,139.0,0.429006
3004.0,140.0,0.009605
3004.0,141.0,0.62653
3004.0,142.0,1.0
3004.0,143.0,0.132671
3004.0,144.0,0.219521
3004.0,145.0,0.394704
3004.0,146.0,0.552629
3004.0,147.0,1.0
3004.0,148.0,0.393293
3004.0,149.0,0.489068
3004.0,150.0,0.259125
3004.0,151.0,0.567831
3004.0,152.0,0.3272
3004.0,153.0,0.37616
3004.0,154.0,0.606992
3004.0,155.0,0.645568
3004.0,156.0,0.629994
3004.0,157.0,0.0
3004.0,158.0,0.19442
3004.0,159.0,0.141733
3004.0,160.0,0.027769
3004.0,161.0,0.046991
3004.0,162.0,0.725476
3004.0,163.0,0.619401
3004.0,164.0,0.658709
3004.0,165.0,0.456862
3004.0,166.0,0.0
3004.0,167.0,0.471098
3004.0,168.0,0.56788
3004.0,169.0,0.729153
3004.0,170.0,0.694838
3004.0,171.0,0.47529
3004.0,172.0,0.545979
3004.0,173.0,0.67714
3004.0,174.0,0.42413
3004.0,175.0,0.369774
3004.0,176.0,0.280862
3004.0,177.0,0.0
3004.0,178.0,1.0
3004.0,179.0,0.403982
3004.0,180.0,0.357228
3004.0,181.0,0.277452
3004.0,182.0,0.043542
3004.0,183.0,0.0
3004.0,184.0,0.493557
3004.0,185.0,0.540342
3004.0,186.0,0.888682
3004.0,187.0,0.528553
3004.0,188.0,0.008543
3004.0,189.0,0.897067
3004.0,190.0,1.0
3004.0,191.0,0.673511
3004.0,192.0,0.257293
3004.0,193.0,0.776949
3004.0,194.0,0.005107
3004.0,195.0,0.483858
3004.0,196.0,0.509709
3004.0,197.0,0.308886
3004.0,198.0,0.437665
3004.0,199.0,0.061023
3004.0,200.0,0.007926
3004.0,201.0,0.771983
3004.0,202.0,1.0
3004.0,203.0,0.62235
3004.0,204.0,0.293599
3004.0,205.0,0.0
3004.0,206.0,0.426158
3004.0,207.0,0.999792
3004.0,208.0,0.576986
3004.0,209.0,0.616559
3004.0,210.0,0.343472
3004.0,211.0,0.159127
3004.0,212.0,0.595999
3004.0,213.0,0.000251
3004.0,214.0,0.579464
3004.0,215.0,0.68948
3004.0,216.0,1.0
3004.0,217.0,0.712251
3004.0,218.0,0.0
3004.0,219.0,0.340059
3004.0,220.0,0.937803
3004.0,221.0,0.549684
3004.0,222.0,0.019455
3004.0,223.0,0.60742
3004.0,224.0,0.37616
3004.0,225.0,0.819869
3004.0,226.0,0.729605
3004.0,227.0,0.839837
3004.0,228.0,0.771791
3004.0,229.0,0.244728
3004.0,230.0,0.402335
3004.0,231.0,0.520713
3004.0,232.0,0.358685
3004.0,233.0,0.7921
3004.0,234.0,0.292246
3004.0,235.0,0.0
3004.0,236.0,0.949466
3004.0,237.0,0.16826
3004.0,238.0,0.616475
3004.0,239.0,0.987912
3004.0,240.0,0.163508
3004.0,241.0,0.472529
3004.0,242.0,0.466809
3004.0,243.0,0.001743
3004.0,244.0,0.006384
3004.0,245.0,0.998997
3004.0,246.0,0.608256
3004.0,247.0,0.515519
3004.0,248.0,0.556727
3004.0,249.0,0.474721
3004.0,250.0,0.541612
3004.0,251.0,0.941271
3004.0,252.0,0.43868
3004.0,253.0,0.713099
3004.0,254.0,0.639405
3004.0,255.0,0.418251
3004.0,256.0,1.0
3004.0,257.0,0.833345
3004.0,258.0,0.451352
3004.0,259.0,0.615245
3004.0,260.0,0.914383
3004.0,261.0,0.336824
3004.0,262.0,0.000288
3004.0,263.0,0.478571
3004.0,264.0,0.0
3004.0,265.0,0.371686
3004.0,266.0,0.391275
3004.0,267.0,0.79913
3004.0,268.0,0.437187
3004.0,269.0,0.170627
3004.0,270.0,0.85628
3004.0,271.0,0.0
3004.0,272.0,0.129418
3004.0,273.0,0.365084
3004.0,274.0,0.300461
3004.0,275.0,0.687721
3004.0,276.0,0.041586
3004.0,277.0,0.325377
3004.0,278.0,0.476682
3004.0,279.0,0.211081
3004.0,280.0,0.522291
3004.0,281.0,0.846497
3004.0,282.0,1.0
3004.0,283.0,0.432143
3004.0,284.0,0.263095
3004.0,285.0,0.470346
3004.0,286.0,0.838986
3004.0,287.0,0.279681
3004.0,288.0,0.445279
3004.0,289.0,0.406718
3004.0,290.0,0.624185
3004.0,291.0,0.424935
3004.0,292.0,0.690774
3004.0,293.0,1.0
3004.0,294.0,0.334337
3004.0,295.0,0.263355
3004.0,296.0,0.004917
3004.0,297.0,0.720225
3004.0,298.0,0.119394
3004.0,299.0,0.0
3004.0,300.0,0.402963
3004.0,301.0,0.709819
3004.0,302.0,0.125487
3004.0,303.0,0.940986
3004.0,304.0,0.002057
3004.0,305.0,0.841645
3004.0,306.0,0.706461
3004.0,307.0,0.577102
3004.0,308.0,0.541536
3004.0,309.0,0.0
3004.0,310.0,0.996951
3004.0,311.0,0.46792
3004.0,312.0,0.0
3004.0,313.0,0.546675
3004.0,314.0,0.401754
3004.0,315.0,0.495867
3004.0,316.0,0.336763
3004.0,317.0,0.948624
3004.0,318.0,0.622874
3004.0,319.0,0.09128
3004.0,320.0,0.356764
3004.0,321.0,0.000413
3004.0,322.0,0.116824
3004.0,323.0,0.475132
3004.0,324.0,0.538111
3004.0,325.0,0.060339
3004.0,326.0,0.790166
3004.0,327.0,0.188199
3004.0,328.0,0.052368
3004.0,329.0,0.890729
3004.0,330.0,0.107892
3004.0,331.0,0.603937
3004.0,332.0,0.363826
3004.0,333.0,0.0
3004.0,334.0,0.291948
3005.0,0.0,0.002117
3005.0,1.0,0.0
3005.0,2.0,0.000251
3005.0,3.0,0.454221
3005.0,4.0,0.258175
3005.0,5.0,0.484857
3005.0,6.0,0.805752
3005.0,7.0,0.796887
3005.0,8.0,0.17936
3005.0,9.0,0.761838
3005.0,10.0,0.992942
3005.0,11.0,0.852506
3005.0,12.0,0.385706
3005.0,13.0,0.356094
3005.0,14.0,0.658546
3005.0,15.0,0.880784
3005.0,16.0,0.599127
3005.0,17.0,0.004093
3005.0,18.0,0.655074
3005.0,19.0,0.731564
3005.0,20.0,0.473832
3005.0,21.0,0.0
3005.0,22.0,0.900397
3005.0,23.0,1.0
3005.0,24.0,0.473566
3005.0,25.0,0.51522
3005.0,26.0,0.830349
3005.0,27.0,0.479538
3005.0,28.0,0.717074
3005.0,29.0,1.0
3005.0,30.0,0.252835
3005.0,31.0,0.749495
3005.0,32.0,0.999424
3005.0,33.0,1.0
3005.0,34.0,0.03072
3005.0,35.0,0.381453
3005.0,36.0,0.389861
3005.0,37.0,0.534061
3005.0,38.0,0.489177
3005.0,39.0,0.965716
3005.0,40.0,0.667214
3005.0,41.0,0.820967
3005.0,42.0,0.392262
3005.0,43.0,0.92249
3005.0,44.0,0.630576
3005.0,45.0,0.801115
3005.0,46.0,0.540522
3005.0,47.0,0.925827
3005.0,48.0,0.975059
3005.0,49.0,0.258815
3005.0,50.0,0.00087
3005.0,51.0,0.283013
3005.0,52.0,0.999434
3005.0,53.0,0.822078
3005.0,54.0,0.981758
3005.0,55.0,0.021872
3005.0,56.0,0.354841
3005.0,57.0,0.0
3005.0,58.0,0.440246
3005.0,59.0,0.317528
3005.0,60.0,0.830883
3005.0,61.0,0.920468
3005.0,62.0,0.183269
3005.0,63.0,0.674161
3005.0,64.0,0.944981
3005.0,65.0,0.033954
3005.0,66.0,0.004078
3005.0,67.0,0.549211
3005.0,68.0,0.02287
3005.0,69.0,0.069423
3005.0,70.0,0.276046
3005.0,71.0,0.08028
3005.0,72.0,0.54377
3005.0,73.0,0.493032
3005.0,74.0,0.675939
3005.0,75.0,0.589476
3005.0,76.0,0.861751
3005.0,77.0,0.789738
3005.0,78.0,0.366843
3005.0,79.0,0.003477
3005.0,80.0,0.915492
3005.0,81.0,0.319065
3005.0,82.0,0.583181
3005.0,83.0,0.533088
3005.0,84.0,1.0
3005.0,85.0,0.463153
3005.0,86.0,0.748581
3005.0,87.0,0.997323
3005.0,88.0,0.0
3005.0,89.0,0.697569
3005.0,90.0,0.607491
3005.0,91.0,0.454203
3005.0,92.0,0.191708
3005.0,93.0,0.47071
3005.0,94.0,0.467782
3005.0,95.0,0.222585
3005.0,96.0,0.999935
3005.0,97.0,0.533779
3005.0,98.0,0.0
3005.0,99.0,0.121747
3005.0,100.0,0.659046
3005.0,101.0,0.418633
3005.0,102.0,0.820227
3005.0,103.0,0.0
3005.0,104.0,0.104549
3005.0,105.0,0.59401
3005.0,106.0,0.703878
3005.0,107.0,0.767923
3005.0,108.0,0.893115
3005.0,109.0,0.960325
3005.0,110.0,0.394456
3005.0,111.0,0.905826
3005.0,112.0,0.257057
3005.0,113.0,0.562674
3005.0,114.0,0.376151
3005.0,115.0,0.153479
3005.0,116.0,0.892211
3005.0,117.0,0.280314
3005.0,118.0,0.816307
3005.0,119.0,0.265092
3005.0,120.0,0.0
3005.0,121.0,0.324688
3005.0,122.0,0.569484
3005.0,123.0,1.0
3005.0,124.0,0.483255
3005.0,125.0,0.502717
3005.0,126.0,0.394333
3005.0,127.0,0.054095
3005.0,128.0,0.046434
3005.0,129.0,0.9501
3005.0,130.0,0.022714
3005.0,131.0,0.94976
3005.0,132.0,0.406257
3005.0,133.0,0.846696
3005.0,134.0,0.473677
3005.0,135.0,0.382936
3005.0,136.0,1.0
3005.0,137.0,0.509336
3005.0,138.0,0.747416
3005.0,139.0,0.433181
3005.0,140.0,0.009929
3005.0,141.0,0.627939
3005.0,142.0,1.0
3005.0,143.0,0.134626
3005.0,144.0,0.220408
3005.0,145.0,0.398019
3005.0,146.0,0.55508
3005.0,147.0,1.0
3005.0,148.0,0.397053
3005.0,149.0,0.498177
3005.0,150.0,0.261172
3005.0,151.0,0.570362
3005.0,152.0,0.328652
3005.0,153.0,0.385573
3005.0,154.0,0.607864
3005.0,155.0,0.652342
3005.0,156.0,0.630323
3005.0,157.0,0.0
3005.0,158.0,0.200822
3005.0,159.0,0.14492
3005.0,160.0,0.028603
3005.0,161.0,0.047763
3005.0,162.0,0.726174
3005.0,163.0,0.620463
3005.0,164.0,0.66112
3005.0,165.0,0.464123
3005.0,166.0,0.0
3005.0,167.0,0.472638
3005.0,168.0,0.57021
3005.0,169.0,0.755014
3005.0,170.0,0.698659
3005.0,171.0,0.47645
3005.0,172.0,0.547941
3005.0,173.0,0.680826
3005.0,174.0,0.425033
3005.0,175.0,0.370362
3005.0,176.0,0.283842
3005.0,177.0,0.0
3005.0,178.0,1.0
3005.0,179.0,0.412341
3005.0,180.0,0.361519
3005.0,181.0,0.278126
3005.0,182.0,0.043771
3005.0,183.0,0.0
3005.0,184.0,0.497774
3005.0,185.0,0.541293
3005.0,186.0,0.892097
3005.0,187.0,0.528871
3005.0,188.0,0.00853
3005.0,189.0,0.896985
3005.0,190.0,1.0
3005.0,191.0,0.674534
3005.0,192.0,0.257385
3005.0,193.0,0.777496
3005.0,194.0,0.005213
3005.0,195.0,0.490226
3005.0,196.0,0.508009
3005.0,197.0,0.312614
3005.0,198.0,0.442784
3005.0,199.0,0.061674
3005.0,200.0,0.008014
3005.0,201.0,0.773296
3005.0,202.0,1.0
3005.0,203.0,0.639655
3005.0,204.0,0.295838
3005.0,205.0,0.0
3005.0,206.0,0.448971
3005.0,207.0,0.999827
3005.0,208.0,0.579509
3005.0,209.0,0.616563
3005.0,210.0,0.353164
3005.0,211.0,0.160031
3005.0,212.0,0.603643
3005.0,213.0,0.000252
3005.0,214.0,0.585777
3005.0,215.0,0.695174
3005.0,216.0,1.0
3005.0,217.0,0.717079
3005.0,218.0,0.0
3005.0,219.0,0.341934
3005.0,220.0,0.938986
3005.0,221.0,0.559236
3005.0,222.0,0.019691
3005.0,223.0,0.608571
3005.0,224.0,0.379475
3005.0,225.0,0.822039
3005.0,226.0,0.735553
3005.0,227.0,0.842114
3005.0,228.0,0.773938
3005.0,229.0,0.247626
3005.0,230.0,0.404121
3005.0,231.0,0.569031
3005.0,232.0,0.358106
3005.0,233.0,0.795219
3005.0,234.0,0.297093
3005.0,235.0,0.0
3005.0,236.0,0.949794
3005.0,237.0,0.169482
3005.0,238.0,0.627618
3005.0,239.0,0.988106
3005.0,240.0,0.16505
3005.0,241.0,0.476134
3005.0,242.0,0.469429
3005.0,243.0,0.001839
3005.0,244.0,0.006333
3005.0,245.0,0.999082
3005.0,246.0,0.610634
3005.0,247.0,0.516913
3005.0,248.0,0.559126
3005.0,249.0,0.479434
3005.0,250.0,0.548535
3005.0,251.0,0.942097
3005.0,252.0,0.440027
3005.0,253.0,0.714769
3005.0,254.0,0.644467
3005.0,255.0,0.419757
3005.0,256.0,1.0
3005.0,257.0,0.835407
3005.0,258.0,0.452456
3005.0,259.0,0.616459
3005.0,260.0,0.915738
3005.0,261.0,0.344143
3005.0,262.0,0.00027
3005.0,263.0,0.47984
3005.0,264.0,0.0
3005.0,265.0,0.372407
3005.0,266.0,0.394708
3005.0,267.0,0.800885
3005.0,268.0,0.443623
3005.0,269.0,0.17326
3005.0,270.0,0.855945
3005.0,271.0,0.0
3005.0,272.0,0.130719
3005.0,273.0,0.369453
3005.0,274.0,0.301139
3005.0,275.0,0.688543
3005.0,276.0,0.042
3005.0,277.0,0.327582
3005.0,278.0,0.478982
3005.0,279.0,0.214464
3005.0,280.0,0.52336
3005.0,281.0,0.849534
3005.0,282.0,1.0
3005.0,283.0,0.432801
3005.0,284.0,0.264061
3005.0,285.0,0.477039
3005.0,286.0,0.843174
3005.0,287.0,0.281078
3005.0,288.0,0.451412
3005.0,289.0,0.413794
3005.0,290.0,0.625465
3005.0,291.0,0.42731
3005.0,292.0,0.693464
3005.0,293.0,1.0
3005.0,294.0,0.335049
3005.0,295.0,0.267185
3005.0,296.0,0.004879
3005.0,297.0,0.720589
3005.0,298.0,0.120348
3005.0,299.0,0.0
3005.0,300.0,0.406256
3005.0,301.0,0.710187
3005.0,302.0,0.126736
3005.0,303.0,0.941369
3005.0,304.0,0.002122
3005.0,305.0,0.841822
3005.0,306.0,0.708745
3005.0,307.0,0.578751
3005.0,308.0,0.546032
3005.0,309.0,0.0
3005.0,310.0,0.997068
3005.0,311.0,0.468661
3005.0,312.0,0.0
3005.0,313.0,0.54809
3005.0,314.0,0.40254
3005.0,315.0,0.498384
3005.0,316.0,0.338092
3005.0,317.0,0.948938
3005.0,318.0,0.624576
3005.0,319.0,0.091796
3005.0,320.0,0.365092
3005.0,321.0,0.000411
3005.0,322.0,0.1175
3005.0,323.0,0.505237
3005.0,324.0,0.540424
3005.0,325.0,0.064115
3005.0,326.0,0.792024
3005.0,327.0,0.188623
3005.0,328.0,0.052634
3005.0,329.0,0.898619
3005.0,330.0,0.108204
3005.0,331.0,0.604814
3005.0,332.0,0.36913
3005.0,333.0,0.0
3005.0,334.0,0.296731
3006.0,0.0,0.002063
3006.0,1.0,0.0
3006.0,2.0,0.000246
3006.0,3.0,0.448378
3006.0,4.0,0.256076
3006.0,5.0,0.475364
3006.0,6.0,0.803338
3006.0,7.0,0.796095
3006.0,8.0,0.178413
3006.0,9.0,0.760399
3006.0,10.0,0.9928
3006.0,11.0,0.851846
3006.0,12.0,0.378514
3006.0,13.0,0.353101
3006.0,14.0,0.646482
3006.0,15.0,0.880343
3006.0,16.0,0.596743
3006.0,17.0,0.003845
3006.0,18.0,0.647583
3006.0,19.0,0.731012
3006.0,20.0,0.469024
3006.0,21.0,0.0
3006.0,22.0,0.898944
3006.0,23.0,1.0
3006.0,24.0,0.470132
3006.0,25.0,0.505573
3006.0,26.0,0.82282
3006.0,27.0,0.473971
3006.0,28.0,0.713802
3006.0,29.0,1.0
3006.0,30.0,0.243705
3006.0,31.0,0.749563
3006.0,32.0,0.999447
3006.0,33.0,1.0
3006.0,34.0,0.02895
3006.0,35.0,0.381317
3006.0,36.0,0.387885
3006.0,37.0,0.533588
3006.0,38.0,0.484306
3006.0,39.0,0.963982
3006.0,40.0,0.663995
3006.0,41.0,0.818235
3006.0,42.0,0.386362
3006.0,43.0,0.915952
3006.0,44.0,0.624749
3006.0,45.0,0.794038
3006.0,46.0,0.540584
3006.0,47.0,0.922589
3006.0,48.0,0.974801
3006.0,49.0,0.257269
3006.0,50.0,0.000922
3006.0,51.0,0.279861
3006.0,52.0,0.999389
3006.0,53.0,0.81791
3006.0,54.0,0.981568
3006.0,55.0,0.021685
3006.0,56.0,0.353948
3006.0,57.0,0.0
3006.0,58.0,0.439084
3006.0,59.0,0.310703
3006.0,60.0,0.830166
3006.0,61.0,0.91998
3006.0,62.0,0.178362
3006.0,63.0,0.673679
3006.0,64.0,0.944123
3006.0,65.0,0.033868
3006.0,66.0,0.003926
3006.0,67.0,0.545359
3006.0,68.0,0.022942
3006.0,69.0,0.06945
3006.0,70.0,0.274939
3006.0,71.0,0.078131
3006.0,72.0,0.53907
3006.0,73.0,0.492545
3006.0,74.0,0.673913
3006.0,75.0,0.582449
3006.0,76.0,0.860559
3006.0,77.0,0.788778
3006.0,78.0,0.357475
3006.0,79.0,0.003333
3006.0,80.0,0.915185
3006.0,81.0,0.317375
3006.0,82.0,0.580988
3006.0,83.0,0.529431
3006.0,84.0,1.0
3006.0,85.0,0.462645
3006.0,86.0,0.745727
3006.0,87.0,0.997248
3006.0,88.0,0.0
3006.0,89.0,0.694915
3006.0,90.0,0.60804
3006.0,91.0,0.450416
3006.0,92.0,0.188687
3006.0,93.0,0.468799
3006.0,94.0,0.462776
3006.0,95.0,0.22211
3006.0,96.0,0.999942
3006.0,97.0,0.485418
3006.0,98.0,0.0
3006.0,99.0,0.121349
3006.0,100.0,0.659009
3006.0,101.0,0.416975
3006.0,102.0,0.814027
3006.0,103.0,0.0
3006.0,104.0,0.103829
3006.0,105.0,0.592463
3006.0,106.0,0.700307
3006.0,107.0,0.768315
3006.0,108.0,0.88979
3006.0,109.0,0.959132
3006.0,110.0,0.393264
3006.0,111.0,0.905285
3006.0,112.0,0.257573
3006.0,113.0,0.561787
3006.0,114.0,0.370392
3006.0,115.0,0.151241
3006.0,116.0,0.892108
3006.0,117.0,0.278998
3006.0,118.0,0.814127
3006.0,119.0,0.262887
3006.0,120.0,0.0
3006.0,121.0,0.312605
3006.0,122.0,0.566691
3006.0,123.0,1.0
3006.0,124.0,0.477828
3006.0,125.0,0.496205
3006.0,126.0,0.391698
3006.0,127.0,0.052413
3006.0,128.0,0.045861
3006.0,129.0,0.949468
3006.0,130.0,0.022679
3006.0,131.0,0.949171
3006.0,132.0,0.399206
3006.0,133.0,0.844645
3006.0,134.0,0.477255
3006.0,135.0,0.373039
3006.0,136.0,1.0
3006.0,137.0,0.506729
3006.0,138.0,0.741541
3006.0,139.0,0.427964
3006.0,140.0,0.009719
3006.0,141.0,0.627286
3006.0,142.0,1.0
3006.0,143.0,0.132523
3006.0,144.0,0.219027
3006.0,145.0,0.394119
3006.0,146.0,0.552868
3006.0,147.0,1.0
3006.0,148.0,0.393867
3006.0,149.0,0.490091
3006.0,150.0,0.260598
3006.0,151.0,0.567183
3006.0,152.0,0.326831
3006.0,153.0,0.376073
3006.0,154.0,0.606106
3006.0,155.0,0.646285
3006.0,156.0,0.631146
3006.0,157.0,0.0
3006.0,158.0,0.194095
3006.0,159.0,0.141629
3006.0,160.0,0.027499
3006.0,161.0,0.047264
3006.0,162.0,0.724975
3006.0,163.0,0.617579
3006.0,164.0,0.658912
3006.0,165.0,0.4567
3006.0,166.0,0.0
3006.0,167.0,0.47033
3006.0,168.0,0.568641
3006.0,169.0,0.725893
3006.0,170.0,0.694772
3006.0,171.0,0.475861
3006.0,172.0,0.545567
3006.0,173.0,0.677445
3006.0,174.0,0.426215
3006.0,175.0,0.369738
3006.0,176.0,0.280535
3006.0,177.0,0.0
3006.0,178.0,1.0
3006.0,179.0,0.403078
3006.0,180.0,0.358168
3006.0,181.0,0.276496
3006.0,182.0,0.043693
3006.0,183.0,0.0
3006.0,184.0,0.494068
3006.0,185.0,0.540275
3006.0,186.0,0.888841
3006.0,187.0,0.528095
3006.0,188.0,0.008496
3006.0,189.0,0.896206
3006.0,190.0,1.0
3006.0,191.0,0.67369
3006.0,192.0,0.256776
3006.0,193.0,0.7784
3006.0,194.0,0.005023
3006.0,195.0,0.484283
3006.0,196.0,0.509463
3006.0,197.0,0.308065
3006.0,198.0,0.43749
3006.0,199.0,0.061041
3006.0,200.0,0.007957
3006.0,201.0,0.772313
3006.0,202.0,1.0
3006.0,203.0,0.621855
3006.0,204.0,0.293301
3006.0,205.0,0.0
3006.0,206.0,0.424452
3006.0,207.0,0.999831
3006.0,208.0,0.575485
3006.0,209.0,0.616203
3006.0,210.0,0.343362
3006.0,211.0,0.159092
3006.0,212.0,0.596371
3006.0,213.0,0.00025
3006.0,214.0,0.578824
3006.0,215.0,0.688679
3006.0,216.0,1.0
3006.0,217.0,0.712335
3006.0,218.0,0.0
3006.0,219.0,0.340698
3006.0,220.0,0.937858
3006.0,221.0,0.548503
3006.0,222.0,0.019312
3006.0,223.0,0.606592
3006.0,224.0,0.375648
3006.0,225.0,0.819907
3006.0,226.0,0.729874
3006.0,227.0,0.839676
3006.0,228.0,0.771181
3006.0,229.0,0.244849
3006.0,230.0,0.403337
3006.0,231.0,0.508973
3006.0,232.0,0.357015
3006.0,233.0,0.792367
3006.0,234.0,0.291688
3006.0,235.0,0.0
3006.0,236.0,0.949465
3006.0,237.0,0.169161
3006.0,238.0,0.615212
3006.0,239.0,0.988015
3006.0,240.0,0.163693
3006.0,241.0,0.472904
3006.0,242.0,0.465811
3006.0,243.0,0.001781
3006.0,244.0,0.006208
3006.0,245.0,0.999012
3006.0,246.0,0.610573
3006.0,247.0,0.516561
3006.0,248.0,0.555898
3006.0,249.0,0.475718
3006.0,250.0,0.541668
3006.0,251.0,0.941192
3006.0,252.0,0.439878
3006.0,253.0,0.711596
3006.0,254.0,0.639153
3006.0,255.0,0.416965
3006.0,256.0,1.0
3006.0,257.0,0.83287
3006.0,258.0,0.452365
3006.0,259.0,0.614076
3006.0,260.0,0.914133
3006.0,261.0,0.33679
3006.0,262.0,0.000263
3006.0,263.0,0.479707
3006.0,264.0,0.0
3006.0,265.0,0.372213
3006.0,266.0,0.390106
3006.0,267.0,0.798449
3006.0,268.0,0.438
3006.0,269.0,0.170583
3006.0,270.0,0.85684
3006.0,271.0,0.0
3006.0,272.0,0.129409
3006.0,273.0,0.365401
3006.0,274.0,0.300666
3006.0,275.0,0.685672
3006.0,276.0,0.041807
3006.0,277.0,0.324917
3006.0,278.0,0.476775
3006.0,279.0,0.211756
3006.0,280.0,0.522825
3006.0,281.0,0.846584
3006.0,282.0,1.0
3006.0,283.0,0.43308
3006.0,284.0,0.262786
3006.0,285.0,0.470081
3006.0,286.0,0.83923
3006.0,287.0,0.279234
3006.0,288.0,0.444422
3006.0,289.0,0.406829
3006.0,290.0,0.623123
3006.0,291.0,0.424479
3006.0,292.0,0.691372
3006.0,293.0,1.0
3006.0,294.0,0.335173
3006.0,295.0,0.263646
3006.0,296.0,0.004815
3006.0,297.0,0.720462
3006.0,298.0,0.118753
3006.0,299.0,0.0
3006.0,300.0,0.402063
3006.0,301.0,0.709025
3006.0,302.0,0.124894
3006.0,303.0,0.941123
3006.0,304.0,0.002151
3006.0,305.0,0.841996
3006.0,306.0,0.706856
3006.0,307.0,0.57726
3006.0,308.0,0.540309
3006.0,309.0,0.0
3006.0,310.0,0.997054
3006.0,311.0,0.468798
3006.0,312.0,0.0
3006.0,313.0,0.546341
3006.0,314.0,0.400756
3006.0,315.0,0.494723
3006.0,316.0,0.335642
3006.0,317.0,0.949157
3006.0,318.0,0.624217
3006.0,319.0,0.091453
3006.0,320.0,0.355664
3006.0,321.0,0.000391
3006.0,322.0,0.116551
3006.0,323.0,0.469431
3006.0,324.0,0.538815
3006.0,325.0,0.059707
3006.0,326.0,0.78965
3006.0,327.0,0.188157
3006.0,328.0,0.052445
3006.0,329.0,0.890268
3006.0,330.0,0.1071
3006.0,331.0,0.604159
3006.0,332.0,0.364572
3006.0,333.0,0.0
3006.0,334.0,0.292462
3007.0,0.0,0.002076
3007.0,1.0,0.0
3007.0,2.0,0.000259
3007.0,3.0,0.444006
3007.0,4.0,0.253522
3007.0,5.0,0.466637
3007.0,6.0,0.800599
3007.0,7.0,0.795165
3007.0,8.0,0.17769
3007.0,9.0,0.759123
3007.0,10.0,0.992696
3007.0,11.0,0.851346
3007.0,12.0,0.370703
3007.0,13.0,0.350072
3007.0,14.0,0.633407
3007.0,15.0,0.879885
3007.0,16.0,0.595671
3007.0,17.0,0.003748
3007.0,18.0,0.641
3007.0,19.0,0.729917
3007.0,20.0,0.463718
3007.0,21.0,0.0
3007.0,22.0,0.897032
3007.0,23.0,1.0
3007.0,24.0,0.46807
3007.0,25.0,0.496685
3007.0,26.0,0.815407
3007.0,27.0,0.468557
3007.0,28.0,0.710843
3007.0,29.0,1.0
3007.0,30.0,0.23478
3007.0,31.0,0.748946
3007.0,32.0,0.999418
3007.0,33.0,1.0
3007.0,34.0,0.027242
3007.0,35.0,0.380727
3007.0,36.0,0.385372
3007.0,37.0,0.533671
3007.0,38.0,0.478928
3007.0,39.0,0.961869
3007.0,40.0,0.660458
3007.0,41.0,0.814978
3007.0,42.0,0.380727
3007.0,43.0,0.908652
3007.0,44.0,0.620189
3007.0,45.0,0.787502
3007.0,46.0,0.540506
3007.0,47.0,0.919281
3007.0,48.0,0.974268
3007.0,49.0,0.255933
3007.0,50.0,0.000893
3007.0,51.0,0.276605
3007.0,52.0,0.999351
3007.0,53.0,0.813442
3007.0,54.0,0.98127
3007.0,55.0,0.021526
3007.0,56.0,0.35217
3007.0,57.0,0.0
3007.0,58.0,0.438682
3007.0,59.0,0.305396
3007.0,60.0,0.829363
3007.0,61.0,0.919552
3007.0,62.0,0.173297
3007.0,63.0,0.67285
3007.0,64.0,0.94318
3007.0,65.0,0.034053
3007.0,66.0,0.003889
3007.0,67.0,0.541513
3007.0,68.0,0.022857
3007.0,69.0,0.068721
3007.0,70.0,0.273984
3007.0,71.0,0.076173
3007.0,72.0,0.535096
3007.0,73.0,0.492166
3007.0,74.0,0.672131
3007.0,75.0,0.575359
3007.0,76.0,0.859239
3007.0,77.0,0.788124
3007.0,78.0,0.349397
3007.0,79.0,0.003197
3007.0,80.0,0.914227
3007.0,81.0,0.314412
3007.0,82.0,0.579126
3007.0,83.0,0.527304
3007.0,84.0,1.0
3007.0,85.0,0.462763
3007.0,86.0,0.743674
3007.0,87.0,0.997211
3007.0,88.0,0.0
3007.0,89.0,0.692265
3007.0,90.0,0.607847
3007.0,91.0,0.446235
3007.0,92.0,0.18583
3007.0,93.0,0.467423
3007.0,94.0,0.457615
3007.0,95.0,0.222124
3007.0,96.0,0.999943
3007.0,97.0,0.439424
3007.0,98.0,0.0
3007.0,99.0,0.121025
3007.0,100.0,0.657715
3007.0,101.0,0.415667
3007.0,102.0,0.807799
3007.0,103.0,0.0
3007.0,104.0,0.103116
3007.0,105.0,0.591152
3007.0,106.0,0.697581
3007.0,107.0,0.768416
3007.0,108.0,0.886912
3007.0,109.0,0.958168
3007.0,110.0,0.39235
3007.0,111.0,0.904803
3007.0,112.0,0.257214
3007.0,113.0,0.561021
3007.0,114.0,0.365791
3007.0,115.0,0.149839
3007.0,116.0,0.891878
3007.0,117.0,0.277489
3007.0,118.0,0.812704
3007.0,119.0,0.260576
3007.0,120.0,0.0
3007.0,121.0,0.301548
3007.0,122.0,0.564942
3007.0,123.0,1.0
3007.0,124.0,0.47165
3007.0,125.0,0.490182
3007.0,126.0,0.389661
3007.0,127.0,0.051014
3007.0,128.0,0.045187
3007.0,129.0,0.949136
3007.0,130.0,0.022692
3007.0,131.0,0.948566
3007.0,132.0,0.391367
3007.0,133.0,0.841841
3007.0,134.0,0.480317
3007.0,135.0,0.363386
3007.0,136.0,1.0
3007.0,137.0,0.504242
3007.0,138.0,0.735959
3007.0,139.0,0.422047
3007.0,140.0,0.009645
3007.0,141.0,0.625909
3007.0,142.0,1.0
3007.0,143.0,0.131035
3007.0,144.0,0.217655
3007.0,145.0,0.390131
3007.0,146.0,0.551599
3007.0,147.0,1.0
3007.0,148.0,0.391326
3007.0,149.0,0.48147
3007.0,150.0,0.259334
3007.0,151.0,0.564574
3007.0,152.0,0.325396
3007.0,153.0,0.366175
3007.0,154.0,0.605259
3007.0,155.0,0.639957
3007.0,156.0,0.631392
3007.0,157.0,0.0
3007.0,158.0,0.187747
3007.0,159.0,0.138212
3007.0,160.0,0.026689
3007.0,161.0,0.046737
3007.0,162.0,0.724334
3007.0,163.0,0.614628
3007.0,164.0,0.65633
3007.0,165.0,0.449535
3007.0,166.0,0.0
3007.0,167.0,0.467745
3007.0,168.0,0.567207
3007.0,169.0,0.696672
3007.0,170.0,0.690489
3007.0,171.0,0.475553
3007.0,172.0,0.543474
3007.0,173.0,0.674287
3007.0,174.0,0.424208
3007.0,175.0,0.367608
3007.0,176.0,0.278076
3007.0,177.0,0.0
3007.0,178.0,1.0
3007.0,179.0,0.394844
3007.0,180.0,0.353847
3007.0,181.0,0.274734
3007.0,182.0,0.043464
3007.0,183.0,0.0
3007.0,184.0,0.488903
3007.0,185.0,0.539494
3007.0,186.0,0.885605
3007.0,187.0,0.527266
3007.0,188.0,0.00842
3007.0,189.0,0.895545
3007.0,190.0,1.0
3007.0,191.0,0.67363
3007.0,192.0,0.256024
3007.0,193.0,0.778159
3007.0,194.0,0.004839
3007.0,195.0,0.47819
3007.0,196.0,0.511378
3007.0,197.0,0.304094
3007.0,198.0,0.432751
3007.0,199.0,0.060625
3007.0,200.0,0.007916
3007.0,201.0,0.771474
3007.0,202.0,1.0
3007.0,203.0,0.602827
3007.0,204.0,0.291432
3007.0,205.0,0.0
3007.0,206.0,0.400958
3007.0,207.0,0.99983
3007.0,208.0,0.572085
3007.0,209.0,0.615359
3007.0,210.0,0.334514
3007.0,211.0,0.157545
3007.0,212.0,0.588516
3007.0,213.0,0.000251
3007.0,214.0,0.572046
3007.0,215.0,0.683639
3007.0,216.0,1.0
3007.0,217.0,0.707368
3007.0,218.0,0.0
3007.0,219.0,0.339161
3007.0,220.0,0.936727
3007.0,221.0,0.537433
3007.0,222.0,0.019021
3007.0,223.0,0.606344
3007.0,224.0,0.372021
3007.0,225.0,0.817415
3007.0,226.0,0.724652
3007.0,227.0,0.837527
3007.0,228.0,0.768836
3007.0,229.0,0.242703
3007.0,230.0,0.402613
3007.0,231.0,0.448866
3007.0,232.0,0.356802
3007.0,233.0,0.788349
3007.0,234.0,0.286205
3007.0,235.0,0.0
3007.0,236.0,0.949316
3007.0,237.0,0.168304
3007.0,238.0,0.603403
3007.0,239.0,0.987868
3007.0,240.0,0.162373
3007.0,241.0,0.469495
3007.0,242.0,0.462541
3007.0,243.0,0.00168
3007.0,244.0,0.005998
3007.0,245.0,0.998929
3007.0,246.0,0.609367
3007.0,247.0,0.514584
3007.0,248.0,0.551323
3007.0,249.0,0.471559
3007.0,250.0,0.53502
3007.0,251.0,0.940561
3007.0,252.0,0.438675
3007.0,253.0,0.708388
3007.0,254.0,0.633327
3007.0,255.0,0.414097
3007.0,256.0,1.0
3007.0,257.0,0.83106
3007.0,258.0,0.450995
3007.0,259.0,0.612985
3007.0,260.0,0.912927
3007.0,261.0,0.329432
3007.0,262.0,0.000267
3007.0,263.0,0.479244
3007.0,264.0,0.0
3007.0,265.0,0.372019
3007.0,266.0,0.385879
3007.0,267.0,0.796663
3007.0,268.0,0.431761
3007.0,269.0,0.167357
3007.0,270.0,0.857287
3007.0,271.0,0.0
3007.0,272.0,0.126886
3007.0,273.0,0.360746
3007.0,274.0,0.300155
3007.0,275.0,0.683727
3007.0,276.0,0.041369
3007.0,277.0,0.320846
3007.0,278.0,0.47399
3007.0,279.0,0.207979
3007.0,280.0,0.52167
3007.0,281.0,0.843515
3007.0,282.0,1.0
3007.0,283.0,0.432896
3007.0,284.0,0.262988
3007.0,285.0,0.463283
3007.0,286.0,0.835258
3007.0,287.0,0.277977
3007.0,288.0,0.437548
3007.0,289.0,0.399978
3007.0,290.0,0.622052
3007.0,291.0,0.422324
3007.0,292.0,0.689067
3007.0,293.0,1.0
3007.0,294.0,0.334908
3007.0,295.0,0.259387
3007.0,296.0,0.004879
3007.0,297.0,0.721183
3007.0,298.0,0.118283
3007.0,299.0,0.0
3007.0,300.0,0.398553
3007.0,301.0,0.707497
3007.0,302.0,0.123607
3007.0,303.0,0.940941
3007.0,304.0,0.002119
3007.0,305.0,0.841518
3007.0,306.0,0.704368
3007.0,307.0,0.576815
3007.0,308.0,0.535948
3007.0,309.0,0.0
3007.0,310.0,0.996998
3007.0,311.0,0.469206
3007.0,312.0,0.0
3007.0,313.0,0.54532
3007.0,314.0,0.398137
3007.0,315.0,0.492603
3007.0,316.0,0.334211
3007.0,317.0,0.949011
3007.0,318.0,0.623588
3007.0,319.0,0.09088
3007.0,320.0,0.346415
3007.0,321.0,0.000377
3007.0,322.0,0.115269
3007.0,323.0,0.434852
3007.0,324.0,0.537587
3007.0,325.0,0.055605
3007.0,326.0,0.78843
3007.0,327.0,0.187589
3007.0,328.0,0.052531
3007.0,329.0,0.881591
3007.0,330.0,0.106253
3007.0,331.0,0.603433
3007.0,332.0,0.359975
3007.0,333.0,0.0
3007.0,334.0,0.288071
3008.0,0.0,0.002078
3008.0,1.0,0.0
3008.0,2.0,0.000238
3008.0,3.0,0.43903
3008.0,4.0,0.251485
3008.0,5.0,0.45756
3008.0,6.0,0.799241
3008.0,7.0,0.794453
3008.0,8.0,0.176917
3008.0,9.0,0.757253
3008.0,10.0,0.992435
3008.0,11.0,0.851227
3008.0,12.0,0.363343
3008.0,13.0,0.347646
3008.0,14.0,0.62
3008.0,15.0,0.88023
3008.0,16.0,0.594658
3008.0,17.0,0.003603
3008.0,18.0,0.634631
3008.0,19.0,0.729147
3008.0,20.0,0.458367
3008.0,21.0,0.0
3008.0,22.0,0.895482
3008.0,23.0,1.0
3008.0,24.0,0.465184
3008.0,25.0,0.487435
3008.0,26.0,0.807142
3008.0,27.0,0.462523
3008.0,28.0,0.708031
3008.0,29.0,1.0
3008.0,30.0,0.226607
3008.0,31.0,0.748853
3008.0,32.0,0.999423
3008.0,33.0,1.0
3008.0,34.0,0.0257
3008.0,35.0,0.380139
3008.0,36.0,0.383718
3008.0,37.0,0.533252
3008.0,38.0,0.473652
3008.0,39.0,0.959686
3008.0,40.0,0.656918
3008.0,41.0,0.811377
3008.0,42.0,0.373832
3008.0,43.0,0.900429
3008.0,44.0,0.615187
3008.0,45.0,0.780457
3008.0,46.0,0.540507
3008.0,47.0,0.915336
3008.0,48.0,0.973912
3008.0,49.0,0.253764
3008.0,50.0,0.000844
3008.0,51.0,0.272896
3008.0,52.0,0.999341
3008.0,53.0,0.809614
3008.0,54.0,0.980992
3008.0,55.0,0.021549
3008.0,56.0,0.350847
3008.0,57.0,0.0
3008.0,58.0,0.436996
3008.0,59.0,0.299828
3008.0,60.0,0.828168
3008.0,61.0,0.918883
3008.0,62.0,0.168586
3008.0,63.0,0.672282
3008.0,64.0,0.942261
3008.0,65.0,0.034177
3008.0,66.0,0.003924
3008.0,67.0,0.53827
3008.0,68.0,0.022956
3008.0,69.0,0.068487
3008.0,70.0,0.273983
3008.0,71.0,0.074189
3008.0,72.0,0.531465
3008.0,73.0,0.492254
3008.0,74.0,0.6697
3008.0,75.0,0.568084
3008.0,76.0,0.857747
3008.0,77.0,0.787534
3008.0,78.0,0.340764
3008.0,79.0,0.003153
3008.0,80.0,0.913902
3008.0,81.0,0.312174
3008.0,82.0,0.576882
3008.0,83.0,0.52465
3008.0,84.0,1.0
3008.0,85.0,0.463492
3008.0,86.0,0.740885
3008.0,87.0,0.997129
3008.0,88.0,0.0
3008.0,89.0,0.689749
3008.0,90.0,0.607471
3008.0,91.0,0.442153
3008.0,92.0,0.184239
3008.0,93.0,0.465531
3008.0,94.0,0.45324
3008.0,95.0,0.222232
3008.0,96.0,0.999945
3008.0,97.0,0.396696
3008.0,98.0,0.0
3008.0,99.0,0.1211
3008.0,100.0,0.656753
3008.0,101.0,0.415454
3008.0,102.0,0.801356
3008.0,103.0,0.0
3008.0,104.0,0.102475
3008.0,105.0,0.590301
3008.0,106.0,0.694815
3008.0,107.0,0.768185
3008.0,108.0,0.883601
3008.0,109.0,0.956739
3008.0,110.0,0.390918
3008.0,111.0,0.904321
3008.0,112.0,0.257432
3008.0,113.0,0.561705
3008.0,114.0,0.361588
3008.0,115.0,0.148691
3008.0,116.0,0.891537
3008.0,117.0,0.276232
3008.0,118.0,0.811083
3008.0,119.0,0.259261
3008.0,120.0,0.0
3008.0,121.0,0.289803
3008.0,122.0,0.563357
3008.0,123.0,1.0
3008.0,124.0,0.466384
3008.0,125.0,0.484831
3008.0,126.0,0.38774
3008.0,127.0,0.049724
3008.0,128.0,0.04489
3008.0,129.0,0.948706
3008.0,130.0,0.022435
3008.0,131.0,0.948456
3008.0,132.0,0.384323
3008.0,133.0,0.839779
3008.0,134.0,0.482918
3008.0,135.0,0.353787
3008.0,136.0,1.0
3008.0,137.0,0.500863
3008.0,138.0,0.72972
3008.0,139.0,0.416947
3008.0,140.0,0.009498
3008.0,141.0,0.623794
3008.0,142.0,1.0
3008.0,143.0,0.128847
3008.0,144.0,0.216262
3008.0,145.0,0.38731
3008.0,146.0,0.550241
3008.0,147.0,1.0
3008.0,148.0,0.389284
3008.0,149.0,0.472324
3008.0,150.0,0.258484
3008.0,151.0,0.561607
3008.0,152.0,0.324104
3008.0,153.0,0.357258
3008.0,154.0,0.603257
3008.0,155.0,0.634278
3008.0,156.0,0.631159
3008.0,157.0,0.0
3008.0,158.0,0.181398
3008.0,159.0,0.13458
3008.0,160.0,0.02621
3008.0,161.0,0.04622
3008.0,162.0,0.723922
3008.0,163.0,0.612198
3008.0,164.0,0.654101
3008.0,165.0,0.442894
3008.0,166.0,0.0
3008.0,167.0,0.465537
3008.0,168.0,0.566103
3008.0,169.0,0.667532
3008.0,170.0,0.685784
3008.0,171.0,0.47514
3008.0,172.0,0.542132
3008.0,173.0,0.671255
3008.0,174.0,0.423453
3008.0,175.0,0.366457
3008.0,176.0,0.275915
3008.0,177.0,0.0
3008.0,178.0,1.0
3008.0,179.0,0.386518
3008.0,180.0,0.349254
3008.0,181.0,0.274593
3008.0,182.0,0.043312
3008.0,183.0,0.0
3008.0,184.0,0.484079
3008.0,185.0,0.538602
3008.0,186.0,0.88179
3008.0,187.0,0.525926
3008.0,188.0,0.008256
3008.0,189.0,0.895181
3008.0,190.0,1.0
3008.0,191.0,0.672372
3008.0,192.0,0.2545
3008.0,193.0,0.777663
3008.0,194.0,0.004772
3008.0,195.0,0.471436
3008.0,196.0,0.513168
3008.0,197.0,0.300956
3008.0,198.0,0.428256
3008.0,199.0,0.060434
3008.0,200.0,0.007772
3008.0,201.0,0.77039
3008.0,202.0,1.0
3008.0,203.0,0.584499
3008.0,204.0,0.288602
3008.0,205.0,0.0
3008.0,206.0,0.377323
3008.0,207.0,0.999831
3008.0,208.0,0.56908
3008.0,209.0,0.615232
3008.0,210.0,0.325554
3008.0,211.0,0.15602
3008.0,212.0,0.581359
3008.0,213.0,0.000243
3008.0,214.0,0.565283
3008.0,215.0,0.677456
3008.0,216.0,1.0
3008.0,217.0,0.702833
3008.0,218.0,0.0
3008.0,219.0,0.337447
3008.0,220.0,0.935581
3008.0,221.0,0.527133
3008.0,222.0,0.018636
3008.0,223.0,0.605758
3008.0,224.0,0.369401
3008.0,225.0,0.815147
3008.0,226.0,0.717875
3008.0,227.0,0.835431
3008.0,228.0,0.765981
3008.0,229.0,0.23973
3008.0,230.0,0.401989
3008.0,231.0,0.391533
3008.0,232.0,0.356265
3008.0,233.0,0.784434
3008.0,234.0,0.280816
3008.0,235.0,0.0
3008.0,236.0,0.949016
3008.0,237.0,0.167771
3008.0,238.0,0.591931
3008.0,239.0,0.988024
3008.0,240.0,0.161203
3008.0,241.0,0.466242
3008.0,242.0,0.45956
3008.0,243.0,0.001601
3008.0,244.0,0.005882
3008.0,245.0,0.998831
3008.0,246.0,0.608232
3008.0,247.0,0.513091
3008.0,248.0,0.547793
3008.0,249.0,0.467202
3008.0,250.0,0.528788
3008.0,251.0,0.939825
3008.0,252.0,0.438692
3008.0,253.0,0.705258
3008.0,254.0,0.626659
3008.0,255.0,0.412911
3008.0,256.0,1.0
3008.0,257.0,0.829144
3008.0,258.0,0.449992
3008.0,259.0,0.612002
3008.0,260.0,0.91122
3008.0,261.0,0.322457
3008.0,262.0,0.000255
3008.0,263.0,0.478183
3008.0,264.0,0.0
3008.0,265.0,0.372617
3008.0,266.0,0.383044
3008.0,267.0,0.794452
3008.0,268.0,0.425451
3008.0,269.0,0.165062
3008.0,270.0,0.857622
3008.0,271.0,0.0
3008.0,272.0,0.125851
3008.0,273.0,0.357359
3008.0,274.0,0.299286
3008.0,275.0,0.68199
3008.0,276.0,0.040846
3008.0,277.0,0.317901
3008.0,278.0,0.470597
3008.0,279.0,0.20455
3008.0,280.0,0.521201
3008.0,281.0,0.840078
3008.0,282.0,1.0
3008.0,283.0,0.432565
3008.0,284.0,0.261749
3008.0,285.0,0.456015
3008.0,286.0,0.831388
3008.0,287.0,0.276142
3008.0,288.0,0.431504
3008.0,289.0,0.393049
3008.0,290.0,0.621177
3008.0,291.0,0.420464
3008.0,292.0,0.685643
3008.0,293.0,1.0
3008.0,294.0,0.334452
3008.0,295.0,0.255918
3008.0,296.0,0.004984
3008.0,297.0,0.720894
3008.0,298.0,0.117369
3008.0,299.0,0.0
3008.0,300.0,0.395059
3008.0,301.0,0.706894
3008.0,302.0,0.121559
3008.0,303.0,0.940683
3008.0,304.0,0.002148
3008.0,305.0,0.840865
3008.0,306.0,0.701985
3008.0,307.0,0.575219
3008.0,308.0,0.532102
3008.0,309.0,0.0
3008.0,310.0,0.996882
3008.0,311.0,0.469341
3008.0,312.0,0.0
3008.0,313.0,0.543867
3008.0,314.0,0.397612
3008.0,315.0,0.490047
3008.0,316.0,0.331426
3008.0,317.0,0.948654
3008.0,318.0,0.622624
3008.0,319.0,0.090274
3008.0,320.0,0.338217
3008.0,321.0,0.000349
3008.0,322.0,0.113778
3008.0,323.0,0.400838
3008.0,324.0,0.536524
3008.0,325.0,0.05157
3008.0,326.0,0.78666
3008.0,327.0,0.187565
3008.0,328.0,0.052381
3008.0,329.0,0.872812
3008.0,330.0,0.105561
3008.0,331.0,0.602565
3008.0,332.0,0.355619
3008.0,333.0,0.0
3008.0,334.0,0.283208
3009.0,0.0,0.002093
3009.0,1.0,0.0
3009.0,2.0,0.000237
3009.0,3.0,0.435249
3009.0,4.0,0.249338
3009.0,5.0,0.449461
3009.0,6.0,0.797159
3009.0,7.0,0.792784
3009.0,8.0,0.175919
3009.0,9.0,0.754635
3009.0,10.0,0.992319
3009.0,11.0,0.850309
3009.0,12.0,0.356304
3009.0,13.0,0.344201
3009.0,14.0,0.607718
3009.0,15.0,0.879599
3009.0,16.0,0.592738
3009.0,17.0,0.003349
3009.0,18.0,0.627554
3009.0,19.0,0.727986
3009.0,20.0,0.453734
3009.0,21.0,0.0
3009.0,22.0,0.893732
3009.0,23.0,1.0
3009.0,24.0,0.464907
3009.0,25.0,0.479014
3009.0,26.0,0.798421
3009.0,27.0,0.457031
3009.0,28.0,0.704928
3009.0,29.0,1.0
3009.0,30.0,0.218514
3009.0,31.0,0.748392
3009.0,32.0,0.999415
3009.0,33.0,1.0
3009.0,34.0,0.024519
3009.0,35.0,0.379781
3009.0,36.0,0.381524
3009.0,37.0,0.53334
3009.0,38.0,0.468536
3009.0,39.0,0.957578
3009.0,40.0,0.653302
3009.0,41.0,0.808502
3009.0,42.0,0.368827
3009.0,43.0,0.891099
3009.0,44.0,0.61018
3009.0,45.0,0.77256
3009.0,46.0,0.539784
3009.0,47.0,0.912215
3009.0,48.0,0.973649
3009.0,49.0,0.251282
3009.0,50.0,0.000784
3009.0,51.0,0.268829
3009.0,52.0,0.999337
3009.0,53.0,0.805324
3009.0,54.0,0.980946
3009.0,55.0,0.021298
3009.0,56.0,0.349813
3009.0,57.0,0.0
3009.0,58.0,0.43515
3009.0,59.0,0.293493
3009.0,60.0,0.827204
3009.0,61.0,0.918345
3009.0,62.0,0.164099
3009.0,63.0,0.671218
3009.0,64.0,0.940818
3009.0,65.0,0.03435
3009.0,66.0,0.00392
3009.0,67.0,0.535823
3009.0,68.0,0.022905
3009.0,69.0,0.068362
3009.0,70.0,0.273152
3009.0,71.0,0.072576
3009.0,72.0,0.526744
3009.0,73.0,0.4907
3009.0,74.0,0.667386
3009.0,75.0,0.561052
3009.0,76.0,0.856708
3009.0,77.0,0.786852
3009.0,78.0,0.333424
3009.0,79.0,0.003031
3009.0,80.0,0.91382
3009.0,81.0,0.308861
3009.0,82.0,0.575239
3009.0,83.0,0.522584
3009.0,84.0,1.0
3009.0,85.0,0.462828
3009.0,86.0,0.738232
3009.0,87.0,0.997092
3009.0,88.0,0.0
3009.0,89.0,0.686827
3009.0,90.0,0.606905
3009.0,91.0,0.438961
3009.0,92.0,0.182227
3009.0,93.0,0.464421
3009.0,94.0,0.449478
3009.0,95.0,0.221691
3009.0,96.0,0.999954
3009.0,97.0,0.357699
3009.0,98.0,0.0
3009.0,99.0,0.120053
3009.0,100.0,0.655724
3009.0,101.0,0.414417
3009.0,102.0,0.794222
3009.0,103.0,0.0
3009.0,104.0,0.102003
3009.0,105.0,0.587371
3009.0,106.0,0.692487
3009.0,107.0,0.767966
3009.0,108.0,0.88065
3009.0,109.0,0.955448
3009.0,110.0,0.389761
3009.0,111.0,0.903506
3009.0,112.0,0.25728
3009.0,113.0,0.560861
3009.0,114.0,0.356884
3009.0,115.0,0.148026
3009.0,116.0,0.891743
3009.0,117.0,0.274696
3009.0,118.0,0.808366
3009.0,119.0,0.257541
3009.0,120.0,0.0
3009.0,121.0,0.279882
3009.0,122.0,0.562006
3009.0,123.0,1.0
3009.0,124.0,0.461609
3009.0,125.0,0.478963
3009.0,126.0,0.38473
3009.0,127.0,0.048893
3009.0,128.0,0.044422
3009.0,129.0,0.948335
3009.0,130.0,0.02229
3009.0,131.0,0.947538
3009.0,132.0,0.377251
3009.0,133.0,0.836905
3009.0,134.0,0.485574
3009.0,135.0,0.344858
3009.0,136.0,1.0
3009.0,137.0,0.498736
3009.0,138.0,0.723063
3009.0,139.0,0.412209
3009.0,140.0,0.00936
3009.0,141.0,0.622329
3009.0,142.0,1.0
3009.0,143.0,0.127301
3009.0,144.0,0.215005
3009.0,145.0,0.384138
3009.0,146.0,0.547389
3009.0,147.0,1.0
3009.0,148.0,0.386928
3009.0,149.0,0.463814
3009.0,150.0,0.257297
3009.0,151.0,0.558631
3009.0,152.0,0.32272
3009.0,153.0,0.348102
3009.0,154.0,0.600452
3009.0,155.0,0.629638
3009.0,156.0,0.632021
3009.0,157.0,0.0
3009.0,158.0,0.175571
3009.0,159.0,0.131283
3009.0,160.0,0.025546
3009.0,161.0,0.045596
3009.0,162.0,0.723355
3009.0,163.0,0.610223
3009.0,164.0,0.651217
3009.0,165.0,0.43578
3009.0,166.0,0.0
3009.0,167.0,0.463597
3009.0,168.0,0.564417
3009.0,169.0,0.637953
3009.0,170.0,0.683118
3009.0,171.0,0.472987
3009.0,172.0,0.540255
3009.0,173.0,0.668298
3009.0,174.0,0.423048
3009.0,175.0,0.364834
3009.0,176.0,0.273987
3009.0,177.0,0.0
3009.0,178.0,1.0
3009.0,179.0,0.378368
3009.0,180.0,0.344799
3009.0,181.0,0.273645
3009.0,182.0,0.043329
3009.0,183.0,0.0
3009.0,184.0,0.479794
3009.0,185.0,0.537952
3009.0,186.0,0.878429
3009.0,187.0,0.525327
3009.0,188.0,0.007922
3009.0,189.0,0.895041
3009.0,190.0,1.0
3009.0,191.0,0.671371
3009.0,192.0,0.254031
3009.0,193.0,0.776897
3009.0,194.0,0.004704
3009.0,195.0,0.466152
3009.0,196.0,0.51522
3009.0,197.0,0.29705
3009.0,198.0,0.423493
3009.0,199.0,0.060389
3009.0,200.0,0.007715
3009.0,201.0,0.769891
3009.0,202.0,1.0
3009.0,203.0,0.565692
3009.0,204.0,0.286674
3009.0,205.0,0.0
3009.0,206.0,0.3541
3009.0,207.0,0.999819
3009.0,208.0,0.565814
3009.0,209.0,0.615328
3009.0,210.0,0.317054
3009.0,211.0,0.154674
3009.0,212.0,0.574565
3009.0,213.0,0.000257
3009.0,214.0,0.558468
3009.0,215.0,0.671295
3009.0,216.0,1.0
3009.0,217.0,0.698297
3009.0,218.0,0.0
3009.0,219.0,0.336477
3009.0,220.0,0.934445
3009.0,221.0,0.517172
3009.0,222.0,0.01827
3009.0,223.0,0.604442
3009.0,224.0,0.366127
3009.0,225.0,0.812519
3009.0,226.0,0.712946
3009.0,227.0,0.83253
3009.0,228.0,0.762874
3009.0,229.0,0.23658
3009.0,230.0,0.400028
3009.0,231.0,0.338357
3009.0,232.0,0.356807
3009.0,233.0,0.78059
3009.0,234.0,0.275819
3009.0,235.0,0.0
3009.0,236.0,0.948712
3009.0,237.0,0.16641
3009.0,238.0,0.58065
3009.0,239.0,0.988076
3009.0,240.0,0.159951
3009.0,241.0,0.463131
3009.0,242.0,0.456685
3009.0,243.0,0.001542
3009.0,244.0,0.005958
3009.0,245.0,0.998715
3009.0,246.0,0.608497
3009.0,247.0,0.51289
3009.0,248.0,0.545004
3009.0,249.0,0.463073
3009.0,250.0,0.522577
3009.0,251.0,0.939923
3009.0,252.0,0.436808
3009.0,253.0,0.703294
3009.0,254.0,0.621865
3009.0,255.0,0.411417
3009.0,256.0,1.0
3009.0,257.0,0.827623
3009.0,258.0,0.448288
3009.0,259.0,0.610167
3009.0,260.0,0.909917
3009.0,261.0,0.315261
3009.0,262.0,0.00027
3009.0,263.0,0.477487
3009.0,264.0,0.0
3009.0,265.0,0.372189
3009.0,266.0,0.379366
3009.0,267.0,0.792489
3009.0,268.0,0.419445
3009.0,269.0,0.163081
3009.0,270.0,0.857669
3009.0,271.0,0.0
3009.0,272.0,0.123862
3009.0,273.0,0.353952
3009.0,274.0,0.297945
3009.0,275.0,0.68102
3009.0,276.0,0.040426
3009.0,277.0,0.315219
3009.0,278.0,0.468397
3009.0,279.0,0.202359
3009.0,280.0,0.519969
3009.0,281.0,0.836773
3009.0,282.0,1.0
3009.0,283.0,0.431649
3009.0,284.0,0.260114
3009.0,285.0,0.44884
3009.0,286.0,0.82693
3009.0,287.0,0.274729
3009.0,288.0,0.425395
3009.0,289.0,0.386215
3009.0,290.0,0.619668
3009.0,291.0,0.418444
3009.0,292.0,0.682375
3009.0,293.0,1.0
3009.0,294.0,0.333691
3009.0,295.0,0.252084
3009.0,296.0,0.004996
3009.0,297.0,0.720574
3009.0,298.0,0.116022
3009.0,299.0,0.0
3009.0,300.0,0.39178
3009.0,301.0,0.705684
3009.0,302.0,0.120502
3009.0,303.0,0.940363
3009.0,304.0,0.00215
3009.0,305.0,0.840168
3009.0,306.0,0.699983
3009.0,307.0,0.574761
3009.0,308.0,0.527434
3009.0,309.0,0.0
3009.0,310.0,0.996868
3009.0,311.0,0.469136
3009.0,312.0,0.0
3009.0,313.0,0.54256
3009.0,314.0,0.396492
3009.0,315.0,0.487677
3009.0,316.0,0.329726
3009.0,317.0,0.948594
3009.0,318.0,0.621503
3009.0,319.0,0.090183
3009.0,320.0,0.329878
3009.0,321.0,0.00035
3009.0,322.0,0.112472
3009.0,323.0,0.369456
3009.0,324.0,0.535635
3009.0,325.0,0.047958
3009.0,326.0,0.785572
3009.0,327.0,0.186799
3009.0,328.0,0.052191
3009.0,329.0,0.862883
3009.0,330.0,0.105204
3009.0,331.0,0.602341
3009.0,332.0,0.351032
3009.0,333.0,0.0
3009.0,334.0,0.279039
3010.0,0.0,0.002122
3010.0,1.0,0.0
3010.0,2.0,0.000225
3010.0,3.0,0.430628
3010.0,4.0,0.246495
3010.0,5.0,0.439318
3010.0,6.0,0.794962
3010.0,7.0,0.791435
3010.0,8.0,0.175376
3010.0,9.0,0.753062
3010.0,10.0,0.99225
3010.0,11.0,0.849825
3010.0,12.0,0.3496
3010.0,13.0,0.341757
3010.0,14.0,0.595151
3010.0,15.0,0.877964
3010.0,16.0,0.591541
3010.0,17.0,0.003296
3010.0,18.0,0.620179
3010.0,19.0,0.726883
3010.0,20.0,0.44897
3010.0,21.0,0.0
3010.0,22.0,0.8931
3010.0,23.0,1.0
3010.0,24.0,0.462721
3010.0,25.0,0.470406
3010.0,26.0,0.789266
3010.0,27.0,0.451322
3010.0,28.0,0.701623
3010.0,29.0,1.0
3010.0,30.0,0.210755
3010.0,31.0,0.748096
3010.0,32.0,0.999383
3010.0,33.0,1.0
3010.0,34.0,0.02334
3010.0,35.0,0.379049
3010.0,36.0,0.378966
3010.0,37.0,0.53222
3010.0,38.0,0.463734
3010.0,39.0,0.95561
3010.0,40.0,0.649411
3010.0,41.0,0.805893
3010.0,42.0,0.363605
3010.0,43.0,0.880846
3010.0,44.0,0.604466
3010.0,45.0,0.76504
3010.0,46.0,0.538454
3010.0,47.0,0.908804
3010.0,48.0,0.973124
3010.0,49.0,0.250253
3010.0,50.0,0.000787
3010.0,51.0,0.265297
3010.0,52.0,0.999297
3010.0,53.0,0.801781
3010.0,54.0,0.980853
3010.0,55.0,0.021207
3010.0,56.0,0.348376
3010.0,57.0,0.0
3010.0,58.0,0.434357
3010.0,59.0,0.287915
3010.0,60.0,0.825712
3010.0,61.0,0.917395
3010.0,62.0,0.160911
3010.0,63.0,0.67031
3010.0,64.0,0.940229
3010.0,65.0,0.034549
3010.0,66.0,0.003934
3010.0,67.0,0.532018
3010.0,68.0,0.022762
3010.0,69.0,0.067946
3010.0,70.0,0.272748
3010.0,71.0,0.070991
3010.0,72.0,0.522864
3010.0,73.0,0.489699
3010.0,74.0,0.665388
3010.0,75.0,0.554296
3010.0,76.0,0.85536
3010.0,77.0,0.786112
3010.0,78.0,0.325755
3010.0,79.0,0.002852
3010.0,80.0,0.913119
3010.0,81.0,0.306176
3010.0,82.0,0.571838
3010.0,83.0,0.520031
3010.0,84.0,1.0
3010.0,85.0,0.463034
3010.0,86.0,0.73578
3010.0,87.0,0.99704
3010.0,88.0,0.0
3010.0,89.0,0.683843
3010.0,90.0,0.607371
3010.0,91.0,0.436299
3010.0,92.0,0.179503
3010.0,93.0,0.462116
3010.0,94.0,0.445243
3010.0,95.0,0.221378
3010.0,96.0,0.999953
3010.0,97.0,0.323398
3010.0,98.0,0.0
3010.0,99.0,0.119401
3010.0,100.0,0.655029
3010.0,101.0,0.413712
3010.0,102.0,0.787072
3010.0,103.0,0.0
3010.0,104.0,0.101292
3010.0,105.0,0.585308
3010.0,106.0,0.69026
3010.0,107.0,0.767741
3010.0,108.0,0.877188
3010.0,109.0,0.95417
3010.0,110.0,0.388486
3010.0,111.0,0.902376
3010.0,112.0,0.256433
3010.0,113.0,0.560351
3010.0,114.0,0.352364
3010.0,115.0,0.146997
3010.0,116.0,0.891581
3010.0,117.0,0.273242
3010.0,118.0,0.805957
3010.0,119.0,0.255993
3010.0,120.0,0.0
3010.0,121.0,0.269182
3010.0,122.0,0.560192
3010.0,123.0,1.0
3010.0,124.0,0.456026
3010.0,125.0,0.473699
3010.0,126.0,0.38332
3010.0,127.0,0.047995
3010.0,128.0,0.044041
3010.0,129.0,0.948086
3010.0,130.0,0.022483
3010.0,131.0,0.94675
3010.0,132.0,0.370073
3010.0,133.0,0.835151
3010.0,134.0,0.487081
3010.0,135.0,0.336332
3010.0,136.0,1.0
3010.0,137.0,0.495362
3010.0,138.0,0.716069
3010.0,139.0,0.407171
3010.0,140.0,0.009133
3010.0,141.0,0.621164
3010.0,142.0,1.0
3010.0,143.0,0.125794
3010.0,144.0,0.213279
3010.0,145.0,0.382068
3010.0,146.0,0.545439
3010.0,147.0,1.0
3010.0,148.0,0.383579
3010.0,149.0,0.455146
3010.0,150.0,0.256357
3010.0,151.0,0.555473
3010.0,152.0,0.320521
3010.0,153.0,0.338997
3010.0,154.0,0.598669
3010.0,155.0,0.623586
3010.0,156.0,0.633371
3010.0,157.0,0.0
3010.0,158.0,0.170432
3010.0,159.0,0.12711
3010.0,160.0,0.025125
3010.0,161.0,0.045324
3010.0,162.0,0.723354
3010.0,163.0,0.607819
3010.0,164.0,0.648247
3010.0,165.0,0.42969
3010.0,166.0,0.0
3010.0,167.0,0.46151
3010.0,168.0,0.563164
3010.0,169.0,0.609201
3010.0,170.0,0.679142
3010.0,171.0,0.470723
3010.0,172.0,0.537949
3010.0,173.0,0.664941
3010.0,174.0,0.422069
3010.0,175.0,0.363461
3010.0,176.0,0.272075
3010.0,177.0,0.0
3010.0,178.0,1.0
3010.0,179.0,0.370904
3010.0,180.0,0.341378
3010.0,181.0,0.273102
3010.0,182.0,0.043173
3010.0,183.0,0.0
3010.0,184.0,0.476117
3010.0,185.0,0.537039
3010.0,186.0,0.874296
3010.0,187.0,0.525526
3010.0,188.0,0.007803
3010.0,189.0,0.894937
3010.0,190.0,1.0
3010.0,191.0,0.670713
3010.0,192.0,0.253642
3010.0,193.0,0.776616
3010.0,194.0,0.004726
3010.0,195.0,0.460997
3010.0,196.0,0.515599
3010.0,197.0,0.293677
3010.0,198.0,0.41825
3010.0,199.0,0.060099
3010.0,200.0,0.007663
3010.0,201.0,0.769555
3010.0,202.0,1.0
3010.0,203.0,0.546581
3010.0,204.0,0.285287
3010.0,205.0,0.0
3010.0,206.0,0.332269
3010.0,207.0,0.999799
3010.0,208.0,0.56205
3010.0,209.0,0.615003
3010.0,210.0,0.308167
3010.0,211.0,0.153278
3010.0,212.0,0.567347
3010.0,213.0,0.000251
3010.0,214.0,0.552074
3010.0,215.0,0.665844
3010.0,216.0,1.0
3010.0,217.0,0.694078
3010.0,218.0,0.0
3010.0,219.0,0.335433
3010.0,220.0,0.932926
3010.0,221.0,0.507119
3010.0,222.0,0.018053
3010.0,223.0,0.602838
3010.0,224.0,0.363735
3010.0,225.0,0.810662
3010.0,226.0,0.707662
3010.0,227.0,0.830166
3010.0,228.0,0.760035
3010.0,229.0,0.233373
3010.0,230.0,0.399279
3010.0,231.0,0.288777
3010.0,232.0,0.356269
3010.0,233.0,0.776238
3010.0,234.0,0.271312
3010.0,235.0,0.0
3010.0,236.0,0.948267
3010.0,237.0,0.165775
3010.0,238.0,0.569242
3010.0,239.0,0.988266
3010.0,240.0,0.159032
3010.0,241.0,0.460507
3010.0,242.0,0.453883
3010.0,243.0,0.001577
3010.0,244.0,0.00595
3010.0,245.0,0.998669
3010.0,246.0,0.607404
3010.0,247.0,0.511849
3010.0,248.0,0.541676
3010.0,249.0,0.459582
3010.0,250.0,0.515454
3010.0,251.0,0.939854
3010.0,252.0,0.435532
3010.0,253.0,0.700863
3010.0,254.0,0.616087
3010.0,255.0,0.408386
3010.0,256.0,1.0
3010.0,257.0,0.825426
3010.0,258.0,0.446736
3010.0,259.0,0.608887
3010.0,260.0,0.908198
3010.0,261.0,0.309354
3010.0,262.0,0.00026
3010.0,263.0,0.477213
3010.0,264.0,0.0
3010.0,265.0,0.372336
3010.0,266.0,0.375336
3010.0,267.0,0.791318
3010.0,268.0,0.414326
3010.0,269.0,0.161008
3010.0,270.0,0.858478
3010.0,271.0,0.0
3010.0,272.0,0.121953
3010.0,273.0,0.350061
3010.0,274.0,0.297546
3010.0,275.0,0.679002
3010.0,276.0,0.040194
3010.0,277.0,0.312964
3010.0,278.0,0.466041
3010.0,279.0,0.199896
3010.0,280.0,0.5186
3010.0,281.0,0.834001
3010.0,282.0,1.0
3010.0,283.0,0.431472
3010.0,284.0,0.259458
3010.0,285.0,0.441838
3010.0,286.0,0.822547
3010.0,287.0,0.273165
3010.0,288.0,0.419729
3010.0,289.0,0.378845
3010.0,290.0,0.618657
3010.0,291.0,0.415953
3010.0,292.0,0.67973
3010.0,293.0,1.0
3010.0,294.0,0.332552
3010.0,295.0,0.249064
3010.0,296.0,0.004946
3010.0,297.0,0.721583
3010.0,298.0,0.11497
3010.0,299.0,0.0
3010.0,300.0,0.387762
3010.0,301.0,0.705389
3010.0,302.0,0.119439
3010.0,303.0,0.940002
3010.0,304.0,0.002043
3010.0,305.0,0.838883
3010.0,306.0,0.697683
3010.0,307.0,0.573564
3010.0,308.0,0.523545
3010.0,309.0,0.0
3010.0,310.0,0.99679
3010.0,311.0,0.469468
3010.0,312.0,0.0
3010.0,313.0,0.540608
3010.0,314.0,0.395542
3010.0,315.0,0.484898
3010.0,316.0,0.327737
3010.0,317.0,0.948424
3010.0,318.0,0.619745
3010.0,319.0,0.089909
3010.0,320.0,0.321823
3010.0,321.0,0.000339
3010.0,322.0,0.110965
3010.0,323.0,0.339219
3010.0,324.0,0.534952
3010.0,325.0,0.044728
3010.0,326.0,0.784671
3010.0,327.0,0.186418
3010.0,328.0,0.051882
3010.0,329.0,0.852691
3010.0,330.0,0.104848
3010.0,331.0,0.602443
3010.0,332.0,0.347225
3010.0,333.0,0.0
3010.0,334.0,0.275439
4000.0,0.0,0.00024
4000.0,1.0,0.0
4000.0,2.0,0.0
4000.0,3.0,0.437839
4000.0,4.0,0.25445
4000.0,5.0,0.43706
4000.0,6.0,0.800011
4000.0,7.0,0.788709
4000.0,8.0,0.144876
4000.0,9.0,0.749992
4000.0,10.0,0.995081
4000.0,11.0,0.930292
4000.0,12.0,0.350574
4000.0,13.0,0.332414
4000.0,14.0,0.592981
4000.0,15.0,0.887023
4000.0,16.0,0.580052
4000.0,17.0,0.001199
4000.0,18.0,0.602376
4000.0,19.0,0.779069
4000.0,20.0,0.450763
4000.0,21.0,0.0
4000.0,22.0,0.886008
4000.0,23.0,1.0
4000.0,24.0,0.472159
4000.0,25.0,0.475667
4000.0,26.0,0.792299
4000.0,27.0,0.43636
4000.0,28.0,0.697315
4000.0,29.0,1.0
4000.0,30.0,0.206791
4000.0,31.0,0.777938
4000.0,32.0,0.998943
4000.0,33.0,1.0
4000.0,34.0,0.025019
4000.0,35.0,0.356846
4000.0,36.0,0.387208
4000.0,37.0,0.546185
4000.0,38.0,0.466022
4000.0,39.0,0.976226
4000.0,40.0,0.638103
4000.0,41.0,0.816406
4000.0,42.0,0.36642
4000.0,43.0,0.885473
4000.0,44.0,0.607498
4000.0,45.0,0.758695
4000.0,46.0,0.529476
4000.0,47.0,0.947511
4000.0,48.0,0.992565
4000.0,49.0,0.24445
4000.0,50.0,0.0
4000.0,51.0,0.286797
4000.0,52.0,1.0
4000.0,53.0,0.807807
4000.0,54.0,0.999429
4000.0,55.0,0.015501
4000.0,56.0,0.34688
4000.0,57.0,0.0
4000.0,58.0,0.419666
4000.0,59.0,0.285731
4000.0,60.0,0.829464
4000.0,61.0,0.945511
4000.0,62.0,0.164189
4000.0,63.0,0.682442
4000.0,64.0,0.944218
4000.0,65.0,0.021523
4000.0,66.0,0.0
4000.0,67.0,0.526727
4000.0,68.0,0.015834
4000.0,69.0,0.05137
4000.0,70.0,0.261075
4000.0,71.0,0.073904
4000.0,72.0,0.529107
4000.0,73.0,0.481673
4000.0,74.0,0.6682
4000.0,75.0,0.546346
4000.0,76.0,0.893414
4000.0,77.0,0.79258
4000.0,78.0,0.331661
4000.0,79.0,0.002279
4000.0,80.0,0.952674
4000.0,81.0,0.301998
4000.0,82.0,0.560185
4000.0,83.0,0.518155
4000.0,84.0,1.0
4000.0,85.0,0.424672
4000.0,86.0,0.747823
4000.0,87.0,0.999152
4000.0,88.0,0.0
4000.0,89.0,0.703192
4000.0,90.0,0.638049
4000.0,91.0,0.42731
4000.0,92.0,0.125793
4000.0,93.0,0.442403
4000.0,94.0,0.424109
4000.0,95.0,0.140373
4000.0,96.0,1.0
4000.0,97.0,0.32222
4000.0,98.0,0.0
4000.0,99.0,0.092251
4000.0,100.0,0.686119
4000.0,101.0,0.411214
4000.0,102.0,0.785357
4000.0,103.0,0.0
4000.0,104.0,0.048416
4000.0,105.0,0.600251
4000.0,106.0,0.725601
4000.0,107.0,0.819156
4000.0,108.0,0.894085
4000.0,109.0,0.973868
4000.0,110.0,0.389522
4000.0,111.0,0.906592
4000.0,112.0,0.210557
4000.0,113.0,0.551444
4000.0,114.0,0.365086
4000.0,115.0,0.137419
4000.0,116.0,0.942925
4000.0,117.0,0.273649
4000.0,118.0,0.80787
4000.0,119.0,0.206442
4000.0,120.0,0.0
4000.0,121.0,0.26119
4000.0,122.0,0.568555
4000.0,123.0,1.0
4000.0,124.0,0.463713
4000.0,125.0,0.473624
4000.0,126.0,0.378729
4000.0,127.0,0.037276
4000.0,128.0,0.036018
4000.0,129.0,0.968539
4000.0,130.0,0.024072
4000.0,131.0,0.968864
4000.0,132.0,0.367479
4000.0,133.0,0.814706
4000.0,134.0,0.490981
4000.0,135.0,0.330557
4000.0,136.0,1.0
4000.0,137.0,0.493362
4000.0,138.0,0.715989
4000.0,139.0,0.405249
4000.0,140.0,0.003203
4000.0,141.0,0.639839
4000.0,142.0,1.0
4000.0,143.0,0.137481
4000.0,144.0,0.203461
4000.0,145.0,0.373463
4000.0,146.0,0.56442
4000.0,147.0,1.0
4000.0,148.0,0.389688
4000.0,149.0,0.456554
4000.0,150.0,0.251685
4000.0,151.0,0.564596
4000.0,152.0,0.326956
4000.0,153.0,0.341364
4000.0,154.0,0.587962
4000.0,155.0,0.623173
4000.0,156.0,0.673024
4000.0,157.0,0.0
4000.0,158.0,0.171772
4000.0,159.0,0.121268
4000.0,160.0,0.023032
4000.0,161.0,0.029392
4000.0,162.0,0.729267
4000.0,163.0,0.620281
4000.0,164.0,0.650299
4000.0,165.0,0.439136
4000.0,166.0,0.0
4000.0,167.0,0.469404
4000.0,168.0,0.56801
4000.0,169.0,0.610407
4000.0,170.0,0.67042
4000.0,171.0,0.464529
4000.0,172.0,0.520503
4000.0,173.0,0.659862
4000.0,174.0,0.432325
4000.0,175.0,0.365583
4000.0,176.0,0.240573
4000.0,177.0,0.0
4000.0,178.0,1.0
4000.0,179.0,0.372069
4000.0,180.0,0.333859
4000.0,181.0,0.229062
4000.0,182.0,0.021693
4000.0,183.0,0.0
4000.0,184.0,0.482304
4000.0,185.0,0.496612
4000.0,186.0,0.861669
4000.0,187.0,0.523264
4000.0,188.0,0.001102
4000.0,189.0,0.888206
4000.0,190.0,1.0
4000.0,191.0,0.669685
4000.0,192.0,0.203067
4000.0,193.0,0.796829
4000.0,194.0,0.001485
4000.0,195.0,0.470751
4000.0,196.0,0.508424
4000.0,197.0,0.289773
4000.0,198.0,0.427542
4000.0,199.0,0.054065
4000.0,200.0,0.002594
4000.0,201.0,0.749802
4000.0,202.0,1.0
4000.0,203.0,0.546979
4000.0,204.0,0.271494
4000.0,205.0,0.0
4000.0,206.0,0.332427
4000.0,207.0,1.0
4000.0,208.0,0.571102
4000.0,209.0,0.647657
4000.0,210.0,0.303443
4000.0,211.0,0.153769
4000.0,212.0,0.567148
4000.0,213.0,0.0
4000.0,214.0,0.551016
4000.0,215.0,0.663218
4000.0,216.0,1.0
4000.0,217.0,0.684596
4000.0,218.0,0.0
4000.0,219.0,0.281353
4000.0,220.0,0.961764
4000.0,221.0,0.510618
4000.0,222.0,0.00969
4000.0,223.0,0.609663
4000.0,224.0,0.376222
4000.0,225.0,0.807046
4000.0,226.0,0.727285
4000.0,227.0,0.825169
4000.0,228.0,0.762249
4000.0,229.0,0.23294
4000.0,230.0,0.37748
4000.0,231.0,0.286711
4000.0,232.0,0.329152
4000.0,233.0,0.782054
4000.0,234.0,0.260844
4000.0,235.0,0.0
4000.0,236.0,0.949115
4000.0,237.0,0.139799
4000.0,238.0,0.568341
4000.0,239.0,0.997502
4000.0,240.0,0.172069
4000.0,241.0,0.447418
4000.0,242.0,0.453677
4000.0,243.0,0.0
4000.0,244.0,0.000866
4000.0,245.0,1.0
4000.0,246.0,0.62859
4000.0,247.0,0.508171
4000.0,248.0,0.533849
4000.0,249.0,0.457616
4000.0,250.0,0.522748
4000.0,251.0,0.939148
4000.0,252.0,0.416775
4000.0,253.0,0.697962
4000.0,254.0,0.619755
4000.0,255.0,0.409471
4000.0,256.0,1.0
4000.0,257.0,0.833482
4000.0,258.0,0.450263
4000.0,259.0,0.59584
4000.0,260.0,0.928387
4000.0,261.0,0.31214
4000.0,262.0,0.0
4000.0,263.0,0.461283
4000.0,264.0,0.0
4000.0,265.0,0.348503
4000.0,266.0,0.383011
4000.0,267.0,0.785211
4000.0,268.0,0.409266
4000.0,269.0,0.149211
4000.0,270.0,0.868205
4000.0,271.0,0.0
4000.0,272.0,0.121928
4000.0,273.0,0.353015
4000.0,274.0,0.242232
4000.0,275.0,0.674952
4000.0,276.0,0.0338
4000.0,277.0,0.310849
4000.0,278.0,0.480583
4000.0,279.0,0.209591
4000.0,280.0,0.533495
4000.0,281.0,0.834005
4000.0,282.0,1.0
4000.0,283.0,0.420674
4000.0,284.0,0.197231
4000.0,285.0,0.446611
4000.0,286.0,0.809347
4000.0,287.0,0.277578
4000.0,288.0,0.428408
4000.0,289.0,0.386184
4000.0,290.0,0.617595
4000.0,291.0,0.415764
4000.0,292.0,0.66812
4000.0,293.0,1.0
4000.0,294.0,0.313691
4000.0,295.0,0.262936
4000.0,296.0,0.001376
4000.0,297.0,0.772946
4000.0,298.0,0.075347
4000.0,299.0,0.0
4000.0,300.0,0.389573
4000.0,301.0,0.729654
4000.0,302.0,0.057954
4000.0,303.0,0.971325
4000.0,304.0,8.1e-05
4000.0,305.0,0.844051
4000.0,306.0,0.703494
4000.0,307.0,0.57487
4000.0,308.0,0.536541
4000.0,309.0,0.0
4000.0,310.0,1.0
4000.0,311.0,0.46922
4000.0,312.0,0.0
4000.0,313.0,0.558486
4000.0,314.0,0.401479
4000.0,315.0,0.483249
4000.0,316.0,0.329677
4000.0,317.0,0.960964
4000.0,318.0,0.621485
4000.0,319.0,0.038857
4000.0,320.0,0.325015
4000.0,321.0,0.0
4000.0,322.0,0.10683
4000.0,323.0,0.33737
4000.0,324.0,0.539692
4000.0,325.0,0.025942
4000.0,326.0,0.79162
4000.0,327.0,0.16778
4000.0,328.0,0.048185
4000.0,329.0,0.854171
4000.0,330.0,0.066367
4000.0,331.0,0.615172
4000.0,332.0,0.353886
4000.0,333.0,0.0
4000.0,334.0,0.270148
4001.0,0.0,0.00027
4001.0,1.0,0.0
4001.0,2.0,0.0
4001.0,3.0,0.442704
4001.0,4.0,0.256701
4001.0,5.0,0.44808
4001.0,6.0,0.801634
4001.0,7.0,0.789373
4001.0,8.0,0.145387
4001.0,9.0,0.752617
4001.0,10.0,0.995133
4001.0,11.0,0.930722
4001.0,12.0,0.35769
4001.0,13.0,0.335231
4001.0,14.0,0.606343
4001.0,15.0,0.887846
4001.0,16.0,0.581405
4001.0,17.0,0.001259
4001.0,18.0,0.610656
4001.0,19.0,0.78003
4001.0,20.0,0.455743
4001.0,21.0,0.0
4001.0,22.0,0.887171
4001.0,23.0,1.0
4001.0,24.0,0.473787
4001.0,25.0,0.483281
4001.0,26.0,0.801673
4001.0,27.0,0.441617
4001.0,28.0,0.70092
4001.0,29.0,1.0
4001.0,30.0,0.216034
4001.0,31.0,0.777847
4001.0,32.0,0.998883
4001.0,33.0,1.0
4001.0,34.0,0.026664
4001.0,35.0,0.357858
4001.0,36.0,0.388784
4001.0,37.0,0.546824
4001.0,38.0,0.470135
4001.0,39.0,0.977722
4001.0,40.0,0.641868
4001.0,41.0,0.819479
4001.0,42.0,0.371832
4001.0,43.0,0.894845
4001.0,44.0,0.612672
4001.0,45.0,0.767749
4001.0,46.0,0.528897
4001.0,47.0,0.949619
4001.0,48.0,0.99274
4001.0,49.0,0.246446
4001.0,50.0,0.0
4001.0,51.0,0.290473
4001.0,52.0,1.0
4001.0,53.0,0.812353
4001.0,54.0,0.999401
4001.0,55.0,0.015919
4001.0,56.0,0.347777
4001.0,57.0,0.0
4001.0,58.0,0.420681
4001.0,59.0,0.290695
4001.0,60.0,0.83
4001.0,61.0,0.945868
4001.0,62.0,0.16796
4001.0,63.0,0.683819
4001.0,64.0,0.945332
4001.0,65.0,0.021571
4001.0,66.0,0.0
4001.0,67.0,0.530173
4001.0,68.0,0.015964
4001.0,69.0,0.051683
4001.0,70.0,0.261915
4001.0,71.0,0.07616
4001.0,72.0,0.532778
4001.0,73.0,0.483043
4001.0,74.0,0.670586
4001.0,75.0,0.553428
4001.0,76.0,0.894045
4001.0,77.0,0.793296
4001.0,78.0,0.339939
4001.0,79.0,0.00234
4001.0,80.0,0.952807
4001.0,81.0,0.304343
4001.0,82.0,0.562749
4001.0,83.0,0.520999
4001.0,84.0,1.0
4001.0,85.0,0.424591
4001.0,86.0,0.751296
4001.0,87.0,0.99916
4001.0,88.0,0.0
4001.0,89.0,0.705368
4001.0,90.0,0.638246
4001.0,91.0,0.431944
4001.0,92.0,0.127998
4001.0,93.0,0.44257
4001.0,94.0,0.427746
4001.0,95.0,0.141184
4001.0,96.0,1.0
4001.0,97.0,0.36453
4001.0,98.0,0.0
4001.0,99.0,0.092893
4001.0,100.0,0.687079
4001.0,101.0,0.413526
4001.0,102.0,0.792522
4001.0,103.0,0.0
4001.0,104.0,0.048866
4001.0,105.0,0.60309
4001.0,106.0,0.728148
4001.0,107.0,0.820214
4001.0,108.0,0.897148
4001.0,109.0,0.974773
4001.0,110.0,0.389818
4001.0,111.0,0.907297
4001.0,112.0,0.210799
4001.0,113.0,0.552246
4001.0,114.0,0.369726
4001.0,115.0,0.138401
4001.0,116.0,0.942977
4001.0,117.0,0.275739
4001.0,118.0,0.810509
4001.0,119.0,0.207119
4001.0,120.0,0.0
4001.0,121.0,0.272242
4001.0,122.0,0.569557
4001.0,123.0,1.0
4001.0,124.0,0.468272
4001.0,125.0,0.480576
4001.0,126.0,0.38165
4001.0,127.0,0.037896
4001.0,128.0,0.036678
4001.0,129.0,0.968701
4001.0,130.0,0.024031
4001.0,131.0,0.969332
4001.0,132.0,0.374527
4001.0,133.0,0.817484
4001.0,134.0,0.485122
4001.0,135.0,0.339863
4001.0,136.0,1.0
4001.0,137.0,0.495907
4001.0,138.0,0.722861
4001.0,139.0,0.410146
4001.0,140.0,0.003216
4001.0,141.0,0.641444
4001.0,142.0,1.0
4001.0,143.0,0.138987
4001.0,144.0,0.204919
4001.0,145.0,0.3768
4001.0,146.0,0.566694
4001.0,147.0,1.0
4001.0,148.0,0.392487
4001.0,149.0,0.465471
4001.0,150.0,0.25317
4001.0,151.0,0.567417
4001.0,152.0,0.328318
4001.0,153.0,0.350317
4001.0,154.0,0.588957
4001.0,155.0,0.628336
4001.0,156.0,0.673373
4001.0,157.0,0.0
4001.0,158.0,0.177346
4001.0,159.0,0.124769
4001.0,160.0,0.023339
4001.0,161.0,0.030074
4001.0,162.0,0.730068
4001.0,163.0,0.622626
4001.0,164.0,0.653228
4001.0,165.0,0.445233
4001.0,166.0,0.0
4001.0,167.0,0.471253
4001.0,168.0,0.569381
4001.0,169.0,0.642459
4001.0,170.0,0.674843
4001.0,171.0,0.46517
4001.0,172.0,0.522614
4001.0,173.0,0.663758
4001.0,174.0,0.432257
4001.0,175.0,0.366735
4001.0,176.0,0.242978
4001.0,177.0,0.0
4001.0,178.0,1.0
4001.0,179.0,0.380629
4001.0,180.0,0.337866
4001.0,181.0,0.230008
4001.0,182.0,0.021561
4001.0,183.0,0.0
4001.0,184.0,0.48613
4001.0,185.0,0.498057
4001.0,186.0,0.865921
4001.0,187.0,0.522919
4001.0,188.0,0.001136
4001.0,189.0,0.888319
4001.0,190.0,1.0
4001.0,191.0,0.670997
4001.0,192.0,0.203953
4001.0,193.0,0.797186
4001.0,194.0,0.001556
4001.0,195.0,0.476704
4001.0,196.0,0.50688
4001.0,197.0,0.293351
4001.0,198.0,0.431432
4001.0,199.0,0.054308
4001.0,200.0,0.002626
4001.0,201.0,0.750965
4001.0,202.0,1.0
4001.0,203.0,0.568038
4001.0,204.0,0.273594
4001.0,205.0,0.0
4001.0,206.0,0.356356
4001.0,207.0,1.0
4001.0,208.0,0.573733
4001.0,209.0,0.648127
4001.0,210.0,0.312485
4001.0,211.0,0.154081
4001.0,212.0,0.575946
4001.0,213.0,0.0
4001.0,214.0,0.558326
4001.0,215.0,0.669485
4001.0,216.0,1.0
4001.0,217.0,0.68906
4001.0,218.0,0.0
4001.0,219.0,0.282547
4001.0,220.0,0.962383
4001.0,221.0,0.521954
4001.0,222.0,0.009774
4001.0,223.0,0.610594
4001.0,224.0,0.379664
4001.0,225.0,0.809324
4001.0,226.0,0.733185
4001.0,227.0,0.827684
4001.0,228.0,0.764885
4001.0,229.0,0.235164
4001.0,230.0,0.378384
4001.0,231.0,0.349013
4001.0,232.0,0.329582
4001.0,233.0,0.785355
4001.0,234.0,0.266409
4001.0,235.0,0.0
4001.0,236.0,0.949565
4001.0,237.0,0.140099
4001.0,238.0,0.580409
4001.0,239.0,0.997545
4001.0,240.0,0.173869
4001.0,241.0,0.450658
4001.0,242.0,0.457216
4001.0,243.0,0.0
4001.0,244.0,0.000886
4001.0,245.0,1.0
4001.0,246.0,0.62993
4001.0,247.0,0.509581
4001.0,248.0,0.53731
4001.0,249.0,0.461653
4001.0,250.0,0.529776
4001.0,251.0,0.939615
4001.0,252.0,0.417493
4001.0,253.0,0.700653
4001.0,254.0,0.625226
4001.0,255.0,0.412007
4001.0,256.0,1.0
4001.0,257.0,0.835616
4001.0,258.0,0.452009
4001.0,259.0,0.598178
4001.0,260.0,0.930284
4001.0,261.0,0.320293
4001.0,262.0,0.0
4001.0,263.0,0.462406
4001.0,264.0,0.0
4001.0,265.0,0.349027
4001.0,266.0,0.386267
4001.0,267.0,0.787892
4001.0,268.0,0.415587
4001.0,269.0,0.151693
4001.0,270.0,0.86916
4001.0,271.0,0.0
4001.0,272.0,0.123888
4001.0,273.0,0.355932
4001.0,274.0,0.24276
4001.0,275.0,0.676463
4001.0,276.0,0.034342
4001.0,277.0,0.314127
4001.0,278.0,0.482261
4001.0,279.0,0.213624
4001.0,280.0,0.534057
4001.0,281.0,0.837226
4001.0,282.0,1.0
4001.0,283.0,0.421808
4001.0,284.0,0.197356
4001.0,285.0,0.452503
4001.0,286.0,0.813591
4001.0,287.0,0.279639
4001.0,288.0,0.43518
4001.0,289.0,0.392918
4001.0,290.0,0.618367
4001.0,291.0,0.417683
4001.0,292.0,0.669727
4001.0,293.0,1.0
4001.0,294.0,0.313767
4001.0,295.0,0.26628
4001.0,296.0,0.001463
4001.0,297.0,0.772812
4001.0,298.0,0.076129
4001.0,299.0,0.0
4001.0,300.0,0.393226
4001.0,301.0,0.730164
4001.0,302.0,0.058943
4001.0,303.0,0.971352
4001.0,304.0,0.000104
4001.0,305.0,0.844012
4001.0,306.0,0.704451
4001.0,307.0,0.575576
4001.0,308.0,0.540836
4001.0,309.0,0.0
4001.0,310.0,1.0
4001.0,311.0,0.469504
4001.0,312.0,0.0
4001.0,313.0,0.5602
4001.0,314.0,0.402719
4001.0,315.0,0.487913
4001.0,316.0,0.331103
4001.0,317.0,0.961545
4001.0,318.0,0.622119
4001.0,319.0,0.039534
4001.0,320.0,0.333191
4001.0,321.0,0.0
4001.0,322.0,0.108087
4001.0,323.0,0.372269
4001.0,324.0,0.54077
4001.0,325.0,0.028091
4001.0,326.0,0.792749
4001.0,327.0,0.16778
4001.0,328.0,0.048369
4001.0,329.0,0.864727
4001.0,330.0,0.066815
4001.0,331.0,0.615559
4001.0,332.0,0.357746
4001.0,333.0,0.0
4001.0,334.0,0.274835
4002.0,0.0,0.000259
4002.0,1.0,0.0
4002.0,2.0,0.0
4002.0,3.0,0.447941
4002.0,4.0,0.259434
4002.0,5.0,0.457312
4002.0,6.0,0.803378
4002.0,7.0,0.791016
4002.0,8.0,0.145349
4002.0,9.0,0.754346
4002.0,10.0,0.995301
4002.0,11.0,0.931098
4002.0,12.0,0.364676
4002.0,13.0,0.338825
4002.0,14.0,0.619475
4002.0,15.0,0.888429
4002.0,16.0,0.582603
4002.0,17.0,0.001304
4002.0,18.0,0.617399
4002.0,19.0,0.781757
4002.0,20.0,0.460457
4002.0,21.0,0.0
4002.0,22.0,0.888555
4002.0,23.0,1.0
4002.0,24.0,0.47573
4002.0,25.0,0.491896
4002.0,26.0,0.810238
4002.0,27.0,0.446518
4002.0,28.0,0.704232
4002.0,29.0,1.0
4002.0,30.0,0.224668
4002.0,31.0,0.778062
4002.0,32.0,0.998937
4002.0,33.0,1.0
4002.0,34.0,0.028433
4002.0,35.0,0.358707
4002.0,36.0,0.390938
4002.0,37.0,0.547773
4002.0,38.0,0.476203
4002.0,39.0,0.978812
4002.0,40.0,0.64503
4002.0,41.0,0.822974
4002.0,42.0,0.378094
4002.0,43.0,0.902761
4002.0,44.0,0.617737
4002.0,45.0,0.776552
4002.0,46.0,0.528631
4002.0,47.0,0.95171
4002.0,48.0,0.992724
4002.0,49.0,0.248527
4002.0,50.0,0.0
4002.0,51.0,0.294138
4002.0,52.0,1.0
4002.0,53.0,0.817226
4002.0,54.0,0.999435
4002.0,55.0,0.016159
4002.0,56.0,0.349788
4002.0,57.0,0.0
4002.0,58.0,0.42171
4002.0,59.0,0.295772
4002.0,60.0,0.830456
4002.0,61.0,0.946092
4002.0,62.0,0.172041
4002.0,63.0,0.685514
4002.0,64.0,0.946344
4002.0,65.0,0.021915
4002.0,66.0,0.0
4002.0,67.0,0.534288
4002.0,68.0,0.015849
4002.0,69.0,0.051858
4002.0,70.0,0.262981
4002.0,71.0,0.078141
4002.0,72.0,0.536934
4002.0,73.0,0.484058
4002.0,74.0,0.672013
4002.0,75.0,0.55964
4002.0,76.0,0.895597
4002.0,77.0,0.793564
4002.0,78.0,0.348701
4002.0,79.0,0.00234
4002.0,80.0,0.952923
4002.0,81.0,0.30735
4002.0,82.0,0.565025
4002.0,83.0,0.523624
4002.0,84.0,1.0
4002.0,85.0,0.425599
4002.0,86.0,0.754561
4002.0,87.0,0.999185
4002.0,88.0,0.0
4002.0,89.0,0.706941
4002.0,90.0,0.638864
4002.0,91.0,0.435931
4002.0,92.0,0.12979
4002.0,93.0,0.443404
4002.0,94.0,0.432478
4002.0,95.0,0.141319
4002.0,96.0,1.0
4002.0,97.0,0.407045
4002.0,98.0,0.0
4002.0,99.0,0.093552
4002.0,100.0,0.68794
4002.0,101.0,0.414498
4002.0,102.0,0.798918
4002.0,103.0,0.0
4002.0,104.0,0.049066
4002.0,105.0,0.60529
4002.0,106.0,0.731497
4002.0,107.0,0.820042
4002.0,108.0,0.899417
4002.0,109.0,0.975436
4002.0,110.0,0.390972
4002.0,111.0,0.907949
4002.0,112.0,0.211312
4002.0,113.0,0.552882
4002.0,114.0,0.373655
4002.0,115.0,0.139561
4002.0,116.0,0.943241
4002.0,117.0,0.277751
4002.0,118.0,0.813136
4002.0,119.0,0.208202
4002.0,120.0,0.0
4002.0,121.0,0.282674
4002.0,122.0,0.571085
4002.0,123.0,1.0
4002.0,124.0,0.47301
4002.0,125.0,0.486956
4002.0,126.0,0.385015
4002.0,127.0,0.038305
4002.0,128.0,0.03709
4002.0,129.0,0.968819
4002.0,130.0,0.024215
4002.0,131.0,0.969958
4002.0,132.0,0.382095
4002.0,133.0,0.820065
4002.0,134.0,0.47883
4002.0,135.0,0.350087
4002.0,136.0,1.0
4002.0,137.0,0.497991
4002.0,138.0,0.72903
4002.0,139.0,0.414808
4002.0,140.0,0.003327
4002.0,141.0,0.643011
4002.0,142.0,1.0
4002.0,143.0,0.141688
4002.0,144.0,0.20545
4002.0,145.0,0.379566
4002.0,146.0,0.568879
4002.0,147.0,1.0
4002.0,148.0,0.396138
4002.0,149.0,0.47378
4002.0,150.0,0.25411
4002.0,151.0,0.57044
4002.0,152.0,0.330725
4002.0,153.0,0.360363
4002.0,154.0,0.590615
4002.0,155.0,0.634586
4002.0,156.0,0.673743
4002.0,157.0,0.0
4002.0,158.0,0.183266
4002.0,159.0,0.128449
4002.0,160.0,0.023959
4002.0,161.0,0.030531
4002.0,162.0,0.730686
4002.0,163.0,0.624707
4002.0,164.0,0.655993
4002.0,165.0,0.452444
4002.0,166.0,0.0
4002.0,167.0,0.473084
4002.0,168.0,0.570423
4002.0,169.0,0.672665
4002.0,170.0,0.678788
4002.0,171.0,0.466128
4002.0,172.0,0.525324
4002.0,173.0,0.666648
4002.0,174.0,0.43314
4002.0,175.0,0.368778
4002.0,176.0,0.244929
4002.0,177.0,0.0
4002.0,178.0,1.0
4002.0,179.0,0.388295
4002.0,180.0,0.342913
4002.0,181.0,0.231628
4002.0,182.0,0.021786
4002.0,183.0,0.0
4002.0,184.0,0.491308
4002.0,185.0,0.500752
4002.0,186.0,0.870741
4002.0,187.0,0.523145
4002.0,188.0,0.001076
4002.0,189.0,0.888512
4002.0,190.0,1.0
4002.0,191.0,0.672036
4002.0,192.0,0.204955
4002.0,193.0,0.797084
4002.0,194.0,0.001648
4002.0,195.0,0.483068
4002.0,196.0,0.505969
4002.0,197.0,0.29677
4002.0,198.0,0.435464
4002.0,199.0,0.053898
4002.0,200.0,0.002674
4002.0,201.0,0.752704
4002.0,202.0,1.0
4002.0,203.0,0.587607
4002.0,204.0,0.275261
4002.0,205.0,0.0
4002.0,206.0,0.380094
4002.0,207.0,1.0
4002.0,208.0,0.576738
4002.0,209.0,0.648996
4002.0,210.0,0.321829
4002.0,211.0,0.154579
4002.0,212.0,0.584011
4002.0,213.0,0.0
4002.0,214.0,0.564681
4002.0,215.0,0.675385
4002.0,216.0,1.0
4002.0,217.0,0.693466
4002.0,218.0,0.0
4002.0,219.0,0.282668
4002.0,220.0,0.963213
4002.0,221.0,0.531907
4002.0,222.0,0.009854
4002.0,223.0,0.611561
4002.0,224.0,0.383371
4002.0,225.0,0.811622
4002.0,226.0,0.738605
4002.0,227.0,0.830261
4002.0,228.0,0.768085
4002.0,229.0,0.237065
4002.0,230.0,0.379375
4002.0,231.0,0.410377
4002.0,232.0,0.329997
4002.0,233.0,0.78812
4002.0,234.0,0.271818
4002.0,235.0,0.0
4002.0,236.0,0.949582
4002.0,237.0,0.140564
4002.0,238.0,0.592319
4002.0,239.0,0.997506
4002.0,240.0,0.175074
4002.0,241.0,0.452991
4002.0,242.0,0.461022
4002.0,243.0,0.0
4002.0,244.0,0.000911
4002.0,245.0,1.0
4002.0,246.0,0.630368
4002.0,247.0,0.510764
4002.0,248.0,0.541211
4002.0,249.0,0.466225
4002.0,250.0,0.536836
4002.0,251.0,0.940176
4002.0,252.0,0.418876
4002.0,253.0,0.703385
4002.0,254.0,0.630479
4002.0,255.0,0.413399
4002.0,256.0,1.0
4002.0,257.0,0.836856
4002.0,258.0,0.45367
4002.0,259.0,0.599876
4002.0,260.0,0.931958
4002.0,261.0,0.327619
4002.0,262.0,0.0
4002.0,263.0,0.462953
4002.0,264.0,0.0
4002.0,265.0,0.349435
4002.0,266.0,0.389909
4002.0,267.0,0.789955
4002.0,268.0,0.421681
4002.0,269.0,0.154326
4002.0,270.0,0.869872
4002.0,271.0,0.0
4002.0,272.0,0.125955
4002.0,273.0,0.359794
4002.0,274.0,0.244286
4002.0,275.0,0.677929
4002.0,276.0,0.034593
4002.0,277.0,0.316453
4002.0,278.0,0.484393
4002.0,279.0,0.217269
4002.0,280.0,0.534716
4002.0,281.0,0.840313
4002.0,282.0,1.0
4002.0,283.0,0.42225
4002.0,284.0,0.198506
4002.0,285.0,0.458745
4002.0,286.0,0.819162
4002.0,287.0,0.281074
4002.0,288.0,0.440954
4002.0,289.0,0.399858
4002.0,290.0,0.619385
4002.0,291.0,0.41947
4002.0,292.0,0.671601
4002.0,293.0,1.0
4002.0,294.0,0.314414
4002.0,295.0,0.269968
4002.0,296.0,0.001577
4002.0,297.0,0.772782
4002.0,298.0,0.076502
4002.0,299.0,0.0
4002.0,300.0,0.396956
4002.0,301.0,0.730734
4002.0,302.0,0.0599
4002.0,303.0,0.971215
4002.0,304.0,0.000106
4002.0,305.0,0.844694
4002.0,306.0,0.706555
4002.0,307.0,0.575924
4002.0,308.0,0.545212
4002.0,309.0,0.0
4002.0,310.0,1.0
4002.0,311.0,0.469074
4002.0,312.0,0.0
4002.0,313.0,0.562368
4002.0,314.0,0.404006
4002.0,315.0,0.491984
4002.0,316.0,0.332875
4002.0,317.0,0.961591
4002.0,318.0,0.623124
4002.0,319.0,0.039906
4002.0,320.0,0.341914
4002.0,321.0,0.0
4002.0,322.0,0.109061
4002.0,323.0,0.405755
4002.0,324.0,0.542799
4002.0,325.0,0.030162
4002.0,326.0,0.793913
4002.0,327.0,0.168432
4002.0,328.0,0.049075
4002.0,329.0,0.874778
4002.0,330.0,0.067129
4002.0,331.0,0.614686
4002.0,332.0,0.361899
4002.0,333.0,0.0
4002.0,334.0,0.279507
4003.0,0.0,0.000255
4003.0,1.0,0.0
4003.0,2.0,0.0
4003.0,3.0,0.453059
4003.0,4.0,0.261389
4003.0,5.0,0.46689
4003.0,6.0,0.805127
4003.0,7.0,0.79255
4003.0,8.0,0.145463
4003.0,9.0,0.755243
4003.0,10.0,0.995395
4003.0,11.0,0.931916
4003.0,12.0,0.371538
4003.0,13.0,0.341823
4003.0,14.0,0.632831
4003.0,15.0,0.889027
4003.0,16.0,0.583632
4003.0,17.0,0.001418
4003.0,18.0,0.624852
4003.0,19.0,0.782067
4003.0,20.0,0.46492
4003.0,21.0,0.0
4003.0,22.0,0.890316
4003.0,23.0,1.0
4003.0,24.0,0.477076
4003.0,25.0,0.499649
4003.0,26.0,0.817665
4003.0,27.0,0.452162
4003.0,28.0,0.707369
4003.0,29.0,1.0
4003.0,30.0,0.233342
4003.0,31.0,0.778239
4003.0,32.0,0.998945
4003.0,33.0,1.0
4003.0,34.0,0.030201
4003.0,35.0,0.358561
4003.0,36.0,0.393775
4003.0,37.0,0.547407
4003.0,38.0,0.481446
4003.0,39.0,0.979928
4003.0,40.0,0.648042
4003.0,41.0,0.826223
4003.0,42.0,0.384029
4003.0,43.0,0.909577
4003.0,44.0,0.623244
4003.0,45.0,0.7845
4003.0,46.0,0.528324
4003.0,47.0,0.953939
4003.0,48.0,0.99272
4003.0,49.0,0.25021
4003.0,50.0,0.0
4003.0,51.0,0.298446
4003.0,52.0,1.0
4003.0,53.0,0.821054
4003.0,54.0,0.999419
4003.0,55.0,0.016344
4003.0,56.0,0.350827
4003.0,57.0,0.0
4003.0,58.0,0.421369
4003.0,59.0,0.30192
4003.0,60.0,0.830747
4003.0,61.0,0.94655
4003.0,62.0,0.175353
4003.0,63.0,0.687553
4003.0,64.0,0.9472
4003.0,65.0,0.021832
4003.0,66.0,0.0
4003.0,67.0,0.538406
4003.0,68.0,0.015912
4003.0,69.0,0.051761
4003.0,70.0,0.263751
4003.0,71.0,0.080145
4003.0,72.0,0.541762
4003.0,73.0,0.485429
4003.0,74.0,0.67375
4003.0,75.0,0.567526
4003.0,76.0,0.89653
4003.0,77.0,0.792964
4003.0,78.0,0.357661
4003.0,79.0,0.002358
4003.0,80.0,0.953033
4003.0,81.0,0.309713
4003.0,82.0,0.566838
4003.0,83.0,0.526235
4003.0,84.0,1.0
4003.0,85.0,0.425097
4003.0,86.0,0.758177
4003.0,87.0,0.999194
4003.0,88.0,0.0
4003.0,89.0,0.708402
4003.0,90.0,0.640139
4003.0,91.0,0.439747
4003.0,92.0,0.131293
4003.0,93.0,0.44471
4003.0,94.0,0.437244
4003.0,95.0,0.142032
4003.0,96.0,1.0
4003.0,97.0,0.449061
4003.0,98.0,0.0
4003.0,99.0,0.093605
4003.0,100.0,0.688684
4003.0,101.0,0.4165
4003.0,102.0,0.805714
4003.0,103.0,0.0
4003.0,104.0,0.04948
4003.0,105.0,0.607534
4003.0,106.0,0.733693
4003.0,107.0,0.81972
4003.0,108.0,0.902617
4003.0,109.0,0.976422
4003.0,110.0,0.391843
4003.0,111.0,0.9085
4003.0,112.0,0.211265
4003.0,113.0,0.553067
4003.0,114.0,0.37813
4003.0,115.0,0.140415
4003.0,116.0,0.94383
4003.0,117.0,0.279348
4003.0,118.0,0.816013
4003.0,119.0,0.208806
4003.0,120.0,0.0
4003.0,121.0,0.293482
4003.0,122.0,0.572495
4003.0,123.0,1.0
4003.0,124.0,0.476831
4003.0,125.0,0.493157
4003.0,126.0,0.387399
4003.0,127.0,0.038944
4003.0,128.0,0.037484
4003.0,129.0,0.968932
4003.0,130.0,0.024427
4003.0,131.0,0.970483
4003.0,132.0,0.388944
4003.0,133.0,0.822897
4003.0,134.0,0.4734
4003.0,135.0,0.359906
4003.0,136.0,1.0
4003.0,137.0,0.499201
4003.0,138.0,0.735157
4003.0,139.0,0.419559
4003.0,140.0,0.003287
4003.0,141.0,0.644431
4003.0,142.0,1.0
4003.0,143.0,0.144753
4003.0,144.0,0.206852
4003.0,145.0,0.382713
4003.0,146.0,0.572028
4003.0,147.0,1.0
4003.0,148.0,0.399909
4003.0,149.0,0.482204
4003.0,150.0,0.254967
4003.0,151.0,0.573801
4003.0,152.0,0.332749
4003.0,153.0,0.370671
4003.0,154.0,0.591247
4003.0,155.0,0.640719
4003.0,156.0,0.673174
4003.0,157.0,0.0
4003.0,158.0,0.18918
4003.0,159.0,0.13222
4003.0,160.0,0.024448
4003.0,161.0,0.030926
4003.0,162.0,0.732145
4003.0,163.0,0.626931
4003.0,164.0,0.658373
4003.0,165.0,0.459796
4003.0,166.0,0.0
4003.0,167.0,0.475107
4003.0,168.0,0.571872
4003.0,169.0,0.701913
4003.0,170.0,0.683375
4003.0,171.0,0.466989
4003.0,172.0,0.527491
4003.0,173.0,0.669086
4003.0,174.0,0.434078
4003.0,175.0,0.370214
4003.0,176.0,0.247283
4003.0,177.0,0.0
4003.0,178.0,1.0
4003.0,179.0,0.39744
4003.0,180.0,0.34767
4003.0,181.0,0.232348
4003.0,182.0,0.021823
4003.0,183.0,0.0
4003.0,184.0,0.495314
4003.0,185.0,0.502036
4003.0,186.0,0.874617
4003.0,187.0,0.524106
4003.0,188.0,0.001068
4003.0,189.0,0.889228
4003.0,190.0,1.0
4003.0,191.0,0.673766
4003.0,192.0,0.205169
4003.0,193.0,0.79788
4003.0,194.0,0.001684
4003.0,195.0,0.488974
4003.0,196.0,0.504431
4003.0,197.0,0.300029
4003.0,198.0,0.439986
4003.0,199.0,0.053417
4003.0,200.0,0.00272
4003.0,201.0,0.754287
4003.0,202.0,1.0
4003.0,203.0,0.607311
4003.0,204.0,0.277114
4003.0,205.0,0.0
4003.0,206.0,0.403467
4003.0,207.0,1.0
4003.0,208.0,0.579972
4003.0,209.0,0.649952
4003.0,210.0,0.330417
4003.0,211.0,0.154166
4003.0,212.0,0.59177
4003.0,213.0,0.0
4003.0,214.0,0.57156
4003.0,215.0,0.681614
4003.0,216.0,1.0
4003.0,217.0,0.697399
4003.0,218.0,0.0
4003.0,219.0,0.284036
4003.0,220.0,0.963988
4003.0,221.0,0.542858
4003.0,222.0,0.009899
4003.0,223.0,0.61237
4003.0,224.0,0.386561
4003.0,225.0,0.814156
4003.0,226.0,0.743716
4003.0,227.0,0.833172
4003.0,228.0,0.770569
4003.0,229.0,0.239123
4003.0,230.0,0.381066
4003.0,231.0,0.467699
4003.0,232.0,0.330154
4003.0,233.0,0.792403
4003.0,234.0,0.276953
4003.0,235.0,0.0
4003.0,236.0,0.950261
4003.0,237.0,0.140632
4003.0,238.0,0.604009
4003.0,239.0,0.997584
4003.0,240.0,0.176431
4003.0,241.0,0.456892
4003.0,242.0,0.464175
4003.0,243.0,0.0
4003.0,244.0,0.000935
4003.0,245.0,1.0
4003.0,246.0,0.631342
4003.0,247.0,0.512402
4003.0,248.0,0.544039
4003.0,249.0,0.471323
4003.0,250.0,0.543074
4003.0,251.0,0.940411
4003.0,252.0,0.42019
4003.0,253.0,0.705903
4003.0,254.0,0.635185
4003.0,255.0,0.415228
4003.0,256.0,1.0
4003.0,257.0,0.838173
4003.0,258.0,0.455418
4003.0,259.0,0.601747
4003.0,260.0,0.933206
4003.0,261.0,0.334322
4003.0,262.0,0.0
4003.0,263.0,0.464053
4003.0,264.0,0.0
4003.0,265.0,0.350526
4003.0,266.0,0.394086
4003.0,267.0,0.791211
4003.0,268.0,0.427262
4003.0,269.0,0.15557
4003.0,270.0,0.870983
4003.0,271.0,0.0
4003.0,272.0,0.127022
4003.0,273.0,0.363362
4003.0,274.0,0.244161
4003.0,275.0,0.679677
4003.0,276.0,0.035022
4003.0,277.0,0.318512
4003.0,278.0,0.487355
4003.0,279.0,0.220099
4003.0,280.0,0.535731
4003.0,281.0,0.843398
4003.0,282.0,1.0
4003.0,283.0,0.422701
4003.0,284.0,0.199345
4003.0,285.0,0.464555
4003.0,286.0,0.8232
4003.0,287.0,0.282426
4003.0,288.0,0.446801
4003.0,289.0,0.407955
4003.0,290.0,0.619952
4003.0,291.0,0.421225
4003.0,292.0,0.67392
4003.0,293.0,1.0
4003.0,294.0,0.315157
4003.0,295.0,0.273157
4003.0,296.0,0.00159
4003.0,297.0,0.77282
4003.0,298.0,0.077726
4003.0,299.0,0.0
4003.0,300.0,0.401539
4003.0,301.0,0.731447
4003.0,302.0,0.060804
4003.0,303.0,0.971101
4003.0,304.0,0.00011
4003.0,305.0,0.844933
4003.0,306.0,0.708963
4003.0,307.0,0.576825
4003.0,308.0,0.549496
4003.0,309.0,0.0
4003.0,310.0,1.0
4003.0,311.0,0.470532
4003.0,312.0,0.0
4003.0,313.0,0.56374
4003.0,314.0,0.405735
4003.0,315.0,0.495289
4003.0,316.0,0.333695
4003.0,317.0,0.962095
4003.0,318.0,0.625852
4003.0,319.0,0.040095
4003.0,320.0,0.350164
4003.0,321.0,0.0
4003.0,322.0,0.110101
4003.0,323.0,0.43868
4003.0,324.0,0.545336
4003.0,325.0,0.032303
4003.0,326.0,0.794647
4003.0,327.0,0.16871
4003.0,328.0,0.049105
4003.0,329.0,0.883943
4003.0,330.0,0.067666
4003.0,331.0,0.614231
4003.0,332.0,0.366519
4003.0,333.0,0.0
4003.0,334.0,0.284375
4004.0,0.0,0.00027
4004.0,1.0,0.0
4004.0,2.0,0.0
4004.0,3.0,0.457959
4004.0,4.0,0.262941
4004.0,5.0,0.475817
4004.0,6.0,0.807335
4004.0,7.0,0.79313
4004.0,8.0,0.145329
4004.0,9.0,0.756726
4004.0,10.0,0.995306
4004.0,11.0,0.932011
4004.0,12.0,0.377115
4004.0,13.0,0.344773
4004.0,14.0,0.645245
4004.0,15.0,0.889493
4004.0,16.0,0.585529
4004.0,17.0,0.001417
4004.0,18.0,0.632063
4004.0,19.0,0.783843
4004.0,20.0,0.469154
4004.0,21.0,0.0
4004.0,22.0,0.891761
4004.0,23.0,1.0
4004.0,24.0,0.479292
4004.0,25.0,0.507762
4004.0,26.0,0.825668
4004.0,27.0,0.456757
4004.0,28.0,0.711398
4004.0,29.0,1.0
4004.0,30.0,0.243221
4004.0,31.0,0.778077
4004.0,32.0,0.998941
4004.0,33.0,1.0
4004.0,34.0,0.032051
4004.0,35.0,0.359222
4004.0,36.0,0.396246
4004.0,37.0,0.548917
4004.0,38.0,0.4854
4004.0,39.0,0.980962
4004.0,40.0,0.650975
4004.0,41.0,0.828375
4004.0,42.0,0.389581
4004.0,43.0,0.915736
4004.0,44.0,0.628935
4004.0,45.0,0.792488
4004.0,46.0,0.527662
4004.0,47.0,0.955626
4004.0,48.0,0.992718
4004.0,49.0,0.251849
4004.0,50.0,0.0
4004.0,51.0,0.301998
4004.0,52.0,1.0
4004.0,53.0,0.824171
4004.0,54.0,0.999411
4004.0,55.0,0.016321
4004.0,56.0,0.351744
4004.0,57.0,0.0
4004.0,58.0,0.423066
4004.0,59.0,0.307887
4004.0,60.0,0.831337
4004.0,61.0,0.947372
4004.0,62.0,0.178657
4004.0,63.0,0.689322
4004.0,64.0,0.948426
4004.0,65.0,0.02176
4004.0,66.0,0.0
4004.0,67.0,0.542245
4004.0,68.0,0.015685
4004.0,69.0,0.051935
4004.0,70.0,0.265442
4004.0,71.0,0.081743
4004.0,72.0,0.546424
4004.0,73.0,0.486427
4004.0,74.0,0.676618
4004.0,75.0,0.574424
4004.0,76.0,0.897431
4004.0,77.0,0.79348
4004.0,78.0,0.36554
4004.0,79.0,0.002448
4004.0,80.0,0.953639
4004.0,81.0,0.312698
4004.0,82.0,0.569247
4004.0,83.0,0.529068
4004.0,84.0,1.0
4004.0,85.0,0.425118
4004.0,86.0,0.760921
4004.0,87.0,0.999256
4004.0,88.0,0.0
4004.0,89.0,0.710764
4004.0,90.0,0.641839
4004.0,91.0,0.443067
4004.0,92.0,0.132888
4004.0,93.0,0.446552
4004.0,94.0,0.441375
4004.0,95.0,0.14255
4004.0,96.0,1.0
4004.0,97.0,0.489692
4004.0,98.0,0.0
4004.0,99.0,0.094297
4004.0,100.0,0.690178
4004.0,101.0,0.417904
4004.0,102.0,0.811611
4004.0,103.0,0.0
4004.0,104.0,0.049513
4004.0,105.0,0.610012
4004.0,106.0,0.736574
4004.0,107.0,0.81956
4004.0,108.0,0.905761
4004.0,109.0,0.976997
4004.0,110.0,0.391881
4004.0,111.0,0.909445
4004.0,112.0,0.21087
4004.0,113.0,0.554736
4004.0,114.0,0.382629
4004.0,115.0,0.141033
4004.0,116.0,0.943879
4004.0,117.0,0.281756
4004.0,118.0,0.81779
4004.0,119.0,0.209432
4004.0,120.0,0.0
4004.0,121.0,0.304135
4004.0,122.0,0.574152
4004.0,123.0,1.0
4004.0,124.0,0.482096
4004.0,125.0,0.499043
4004.0,126.0,0.389979
4004.0,127.0,0.039711
4004.0,128.0,0.038108
4004.0,129.0,0.969557
4004.0,130.0,0.024668
4004.0,131.0,0.970809
4004.0,132.0,0.396461
4004.0,133.0,0.82505
4004.0,134.0,0.468098
4004.0,135.0,0.369719
4004.0,136.0,1.0
4004.0,137.0,0.501591
4004.0,138.0,0.740619
4004.0,139.0,0.424827
4004.0,140.0,0.003308
4004.0,141.0,0.645209
4004.0,142.0,1.0
4004.0,143.0,0.147257
4004.0,144.0,0.208588
4004.0,145.0,0.385069
4004.0,146.0,0.574713
4004.0,147.0,1.0
4004.0,148.0,0.402597
4004.0,149.0,0.490899
4004.0,150.0,0.255997
4004.0,151.0,0.577394
4004.0,152.0,0.334667
4004.0,153.0,0.381401
4004.0,154.0,0.592544
4004.0,155.0,0.646547
4004.0,156.0,0.674208
4004.0,157.0,0.0
4004.0,158.0,0.195247
4004.0,159.0,0.135354
4004.0,160.0,0.025164
4004.0,161.0,0.031359
4004.0,162.0,0.732993
4004.0,163.0,0.629231
4004.0,164.0,0.660634
4004.0,165.0,0.465737
4004.0,166.0,0.0
4004.0,167.0,0.476815
4004.0,168.0,0.572906
4004.0,169.0,0.729753
4004.0,170.0,0.688049
4004.0,171.0,0.467454
4004.0,172.0,0.530215
4004.0,173.0,0.671597
4004.0,174.0,0.434619
4004.0,175.0,0.371624
4004.0,176.0,0.250595
4004.0,177.0,0.0
4004.0,178.0,1.0
4004.0,179.0,0.405124
4004.0,180.0,0.352425
4004.0,181.0,0.233283
4004.0,182.0,0.021987
4004.0,183.0,0.0
4004.0,184.0,0.500134
4004.0,185.0,0.503266
4004.0,186.0,0.878919
4004.0,187.0,0.524698
4004.0,188.0,0.001057
4004.0,189.0,0.889547
4004.0,190.0,1.0
4004.0,191.0,0.674524
4004.0,192.0,0.205477
4004.0,193.0,0.799226
4004.0,194.0,0.001683
4004.0,195.0,0.4963
4004.0,196.0,0.503399
4004.0,197.0,0.303503
4004.0,198.0,0.444395
4004.0,199.0,0.053257
4004.0,200.0,0.002821
4004.0,201.0,0.755724
4004.0,202.0,1.0
4004.0,203.0,0.624866
4004.0,204.0,0.279127
4004.0,205.0,0.0
4004.0,206.0,0.426969
4004.0,207.0,1.0
4004.0,208.0,0.583132
4004.0,209.0,0.650965
4004.0,210.0,0.340788
4004.0,211.0,0.154242
4004.0,212.0,0.598119
4004.0,213.0,0.0
4004.0,214.0,0.578559
4004.0,215.0,0.686545
4004.0,216.0,1.0
4004.0,217.0,0.701144
4004.0,218.0,0.0
4004.0,219.0,0.284261
4004.0,220.0,0.964467
4004.0,221.0,0.553915
4004.0,222.0,0.009844
4004.0,223.0,0.613586
4004.0,224.0,0.390443
4004.0,225.0,0.816816
4004.0,226.0,0.748021
4004.0,227.0,0.836299
4004.0,228.0,0.772934
4004.0,229.0,0.241115
4004.0,230.0,0.382132
4004.0,231.0,0.521062
4004.0,232.0,0.330516
4004.0,233.0,0.795455
4004.0,234.0,0.281669
4004.0,235.0,0.0
4004.0,236.0,0.950538
4004.0,237.0,0.141553
4004.0,238.0,0.615599
4004.0,239.0,0.997567
4004.0,240.0,0.178262
4004.0,241.0,0.460135
4004.0,242.0,0.466848
4004.0,243.0,0.0
4004.0,244.0,0.000991
4004.0,245.0,1.0
4004.0,246.0,0.631938
4004.0,247.0,0.514121
4004.0,248.0,0.547438
4004.0,249.0,0.475623
4004.0,250.0,0.548524
4004.0,251.0,0.941232
4004.0,252.0,0.421175
4004.0,253.0,0.709051
4004.0,254.0,0.639046
4004.0,255.0,0.416627
4004.0,256.0,1.0
4004.0,257.0,0.840166
4004.0,258.0,0.458378
4004.0,259.0,0.603511
4004.0,260.0,0.93514
4004.0,261.0,0.341358
4004.0,262.0,0.0
4004.0,263.0,0.465692
4004.0,264.0,0.0
4004.0,265.0,0.3513
4004.0,266.0,0.397516
4004.0,267.0,0.792242
4004.0,268.0,0.432706
4004.0,269.0,0.157716
4004.0,270.0,0.871557
4004.0,271.0,0.0
4004.0,272.0,0.128668
4004.0,273.0,0.36691
4004.0,274.0,0.244489
4004.0,275.0,0.680585
4004.0,276.0,0.035572
4004.0,277.0,0.320675
4004.0,278.0,0.489423
4004.0,279.0,0.223294
4004.0,280.0,0.536677
4004.0,281.0,0.846815
4004.0,282.0,1.0
4004.0,283.0,0.423216
4004.0,284.0,0.199945
4004.0,285.0,0.471027
4004.0,286.0,0.827985
4004.0,287.0,0.284647
4004.0,288.0,0.45239
4004.0,289.0,0.41413
4004.0,290.0,0.620658
4004.0,291.0,0.423783
4004.0,292.0,0.675539
4004.0,293.0,1.0
4004.0,294.0,0.314764
4004.0,295.0,0.276678
4004.0,296.0,0.001645
4004.0,297.0,0.773351
4004.0,298.0,0.078345
4004.0,299.0,0.0
4004.0,300.0,0.405137
4004.0,301.0,0.73178
4004.0,302.0,0.062026
4004.0,303.0,0.971301
4004.0,304.0,0.000116
4004.0,305.0,0.845524
4004.0,306.0,0.711054
4004.0,307.0,0.576994
4004.0,308.0,0.553521
4004.0,309.0,0.0
4004.0,310.0,1.0
4004.0,311.0,0.471019
4004.0,312.0,0.0
4004.0,313.0,0.565948
4004.0,314.0,0.407952
4004.0,315.0,0.499309
4004.0,316.0,0.33535
4004.0,317.0,0.962319
4004.0,318.0,0.626855
4004.0,319.0,0.040155
4004.0,320.0,0.358558
4004.0,321.0,0.0
4004.0,322.0,0.111015
4004.0,323.0,0.470077
4004.0,324.0,0.546848
4004.0,325.0,0.034709
4004.0,326.0,0.795219
4004.0,327.0,0.169101
4004.0,328.0,0.049132
4004.0,329.0,0.891947
4004.0,330.0,0.068316
4004.0,331.0,0.614234
4004.0,332.0,0.371043
4004.0,333.0,0.0
4004.0,334.0,0.289353
4005.0,0.0,0.000259
4005.0,1.0,0.0
4005.0,2.0,0.0
4005.0,3.0,0.46257
4005.0,4.0,0.264434
4005.0,5.0,0.485073
4005.0,6.0,0.808248
4005.0,7.0,0.794247
4005.0,8.0,0.145474
4005.0,9.0,0.75806
4005.0,10.0,0.99528
4005.0,11.0,0.932448
4005.0,12.0,0.384065
4005.0,13.0,0.346756
4005.0,14.0,0.656197
4005.0,15.0,0.890853
4005.0,16.0,0.586371
4005.0,17.0,0.001417
4005.0,18.0,0.639867
4005.0,19.0,0.784754
4005.0,20.0,0.474634
4005.0,21.0,0.0
4005.0,22.0,0.893231
4005.0,23.0,1.0
4005.0,24.0,0.480894
4005.0,25.0,0.516094
4005.0,26.0,0.832545
4005.0,27.0,0.461241
4005.0,28.0,0.71481
4005.0,29.0,1.0
4005.0,30.0,0.253214
4005.0,31.0,0.778922
4005.0,32.0,0.998885
4005.0,33.0,1.0
4005.0,34.0,0.03404
4005.0,35.0,0.361291
4005.0,36.0,0.398954
4005.0,37.0,0.548948
4005.0,38.0,0.489607
4005.0,39.0,0.981829
4005.0,40.0,0.654857
4005.0,41.0,0.83162
4005.0,42.0,0.395143
4005.0,43.0,0.922152
4005.0,44.0,0.634102
4005.0,45.0,0.799215
4005.0,46.0,0.528048
4005.0,47.0,0.957869
4005.0,48.0,0.992748
4005.0,49.0,0.252433
4005.0,50.0,0.0
4005.0,51.0,0.30591
4005.0,52.0,1.0
4005.0,53.0,0.828145
4005.0,54.0,0.999409
4005.0,55.0,0.016495
4005.0,56.0,0.352918
4005.0,57.0,0.0
4005.0,58.0,0.424571
4005.0,59.0,0.313595
4005.0,60.0,0.832116
4005.0,61.0,0.947942
4005.0,62.0,0.182851
4005.0,63.0,0.689392
4005.0,64.0,0.949184
4005.0,65.0,0.021678
4005.0,66.0,0.0
4005.0,67.0,0.545848
4005.0,68.0,0.015854
4005.0,69.0,0.052193
4005.0,70.0,0.26701
4005.0,71.0,0.08341
4005.0,72.0,0.550371
4005.0,73.0,0.487927
4005.0,74.0,0.677746
4005.0,75.0,0.58148
4005.0,76.0,0.898487
4005.0,77.0,0.794469
4005.0,78.0,0.374739
4005.0,79.0,0.002496
4005.0,80.0,0.953672
4005.0,81.0,0.314899
4005.0,82.0,0.571945
4005.0,83.0,0.530768
4005.0,84.0,1.0
4005.0,85.0,0.424431
4005.0,86.0,0.764451
4005.0,87.0,0.999285
4005.0,88.0,0.0
4005.0,89.0,0.712515
4005.0,90.0,0.643035
4005.0,91.0,0.446652
4005.0,92.0,0.135164
4005.0,93.0,0.448022
4005.0,94.0,0.445746
4005.0,95.0,0.143449
4005.0,96.0,1.0
4005.0,97.0,0.530007
4005.0,98.0,0.0
4005.0,99.0,0.094951
4005.0,100.0,0.691853
4005.0,101.0,0.420685
4005.0,102.0,0.817794
4005.0,103.0,0.0
4005.0,104.0,0.049892
4005.0,105.0,0.611365
4005.0,106.0,0.739282
4005.0,107.0,0.818911
4005.0,108.0,0.908189
4005.0,109.0,0.977741
4005.0,110.0,0.393117
4005.0,111.0,0.909375
4005.0,112.0,0.211633
4005.0,113.0,0.555274
4005.0,114.0,0.38824
4005.0,115.0,0.142631
4005.0,116.0,0.94362
4005.0,117.0,0.28328
4005.0,118.0,0.818711
4005.0,119.0,0.210508
4005.0,120.0,0.0
4005.0,121.0,0.314547
4005.0,122.0,0.575359
4005.0,123.0,1.0
4005.0,124.0,0.486791
4005.0,125.0,0.50472
4005.0,126.0,0.39356
4005.0,127.0,0.04026
4005.0,128.0,0.038546
4005.0,129.0,0.969732
4005.0,130.0,0.024439
4005.0,131.0,0.971327
4005.0,132.0,0.403675
4005.0,133.0,0.82619
4005.0,134.0,0.462744
4005.0,135.0,0.378166
4005.0,136.0,1.0
4005.0,137.0,0.503873
4005.0,138.0,0.746185
4005.0,139.0,0.42909
4005.0,140.0,0.003271
4005.0,141.0,0.646464
4005.0,142.0,1.0
4005.0,143.0,0.150378
4005.0,144.0,0.209909
4005.0,145.0,0.389066
4005.0,146.0,0.575316
4005.0,147.0,1.0
4005.0,148.0,0.405715
4005.0,149.0,0.499478
4005.0,150.0,0.257003
4005.0,151.0,0.579693
4005.0,152.0,0.335504
4005.0,153.0,0.390744
4005.0,154.0,0.59345
4005.0,155.0,0.652323
4005.0,156.0,0.674194
4005.0,157.0,0.0
4005.0,158.0,0.200792
4005.0,159.0,0.13892
4005.0,160.0,0.025875
4005.0,161.0,0.031757
4005.0,162.0,0.734483
4005.0,163.0,0.631203
4005.0,164.0,0.663064
4005.0,165.0,0.472243
4005.0,166.0,0.0
4005.0,167.0,0.477919
4005.0,168.0,0.57424
4005.0,169.0,0.755912
4005.0,170.0,0.692955
4005.0,171.0,0.469136
4005.0,172.0,0.532432
4005.0,173.0,0.674306
4005.0,174.0,0.434393
4005.0,175.0,0.373124
4005.0,176.0,0.252929
4005.0,177.0,0.0
4005.0,178.0,1.0
4005.0,179.0,0.413785
4005.0,180.0,0.357181
4005.0,181.0,0.234276
4005.0,182.0,0.022357
4005.0,183.0,0.0
4005.0,184.0,0.504528
4005.0,185.0,0.504816
4005.0,186.0,0.882083
4005.0,187.0,0.525218
4005.0,188.0,0.00103
4005.0,189.0,0.889709
4005.0,190.0,1.0
4005.0,191.0,0.675008
4005.0,192.0,0.205741
4005.0,193.0,0.799185
4005.0,194.0,0.001701
4005.0,195.0,0.502519
4005.0,196.0,0.502278
4005.0,197.0,0.307521
4005.0,198.0,0.448082
4005.0,199.0,0.053558
4005.0,200.0,0.002791
4005.0,201.0,0.756813
4005.0,202.0,1.0
4005.0,203.0,0.641885
4005.0,204.0,0.282343
4005.0,205.0,0.0
4005.0,206.0,0.449626
4005.0,207.0,1.0
4005.0,208.0,0.587173
4005.0,209.0,0.651541
4005.0,210.0,0.35033
4005.0,211.0,0.15494
4005.0,212.0,0.605675
4005.0,213.0,0.0
4005.0,214.0,0.58477
4005.0,215.0,0.692017
4005.0,216.0,1.0
4005.0,217.0,0.705975
4005.0,218.0,0.0
4005.0,219.0,0.284904
4005.0,220.0,0.965165
4005.0,221.0,0.565072
4005.0,222.0,0.010063
4005.0,223.0,0.614978
4005.0,224.0,0.393542
4005.0,225.0,0.819223
4005.0,226.0,0.753188
4005.0,227.0,0.838756
4005.0,228.0,0.775687
4005.0,229.0,0.242557
4005.0,230.0,0.383057
4005.0,231.0,0.568662
4005.0,232.0,0.330614
4005.0,233.0,0.79838
4005.0,234.0,0.286662
4005.0,235.0,0.0
4005.0,236.0,0.95095
4005.0,237.0,0.14228
4005.0,238.0,0.626322
4005.0,239.0,0.997652
4005.0,240.0,0.179855
4005.0,241.0,0.463266
4005.0,242.0,0.469343
4005.0,243.0,0.0
4005.0,244.0,0.001049
4005.0,245.0,1.0
4005.0,246.0,0.632408
4005.0,247.0,0.515508
4005.0,248.0,0.549957
4005.0,249.0,0.480525
4005.0,250.0,0.554585
4005.0,251.0,0.94185
4005.0,252.0,0.421156
4005.0,253.0,0.710974
4005.0,254.0,0.643736
4005.0,255.0,0.41836
4005.0,256.0,1.0
4005.0,257.0,0.842281
4005.0,258.0,0.460049
4005.0,259.0,0.605185
4005.0,260.0,0.936645
4005.0,261.0,0.348211
4005.0,262.0,0.0
4005.0,263.0,0.465569
4005.0,264.0,0.0
4005.0,265.0,0.351564
4005.0,266.0,0.400383
4005.0,267.0,0.793203
4005.0,268.0,0.438816
4005.0,269.0,0.159908
4005.0,270.0,0.872282
4005.0,271.0,0.0
4005.0,272.0,0.130884
4005.0,273.0,0.370368
4005.0,274.0,0.246108
4005.0,275.0,0.682742
4005.0,276.0,0.035748
4005.0,277.0,0.322874
4005.0,278.0,0.492663
4005.0,279.0,0.226364
4005.0,280.0,0.537487
4005.0,281.0,0.85011
4005.0,282.0,1.0
4005.0,283.0,0.423699
4005.0,284.0,0.200633
4005.0,285.0,0.478206
4005.0,286.0,0.832085
4005.0,287.0,0.286921
4005.0,288.0,0.457258
4005.0,289.0,0.420705
4005.0,290.0,0.621673
4005.0,291.0,0.425839
4005.0,292.0,0.67758
4005.0,293.0,1.0
4005.0,294.0,0.315679
4005.0,295.0,0.279666
4005.0,296.0,0.00171
4005.0,297.0,0.773879
4005.0,298.0,0.078799
4005.0,299.0,0.0
4005.0,300.0,0.408324
4005.0,301.0,0.731701
4005.0,302.0,0.062748
4005.0,303.0,0.971379
4005.0,304.0,0.000107
4005.0,305.0,0.846649
4005.0,306.0,0.712399
4005.0,307.0,0.577296
4005.0,308.0,0.557358
4005.0,309.0,0.0
4005.0,310.0,1.0
4005.0,311.0,0.471339
4005.0,312.0,0.0
4005.0,313.0,0.567478
4005.0,314.0,0.40843
4005.0,315.0,0.502601
4005.0,316.0,0.337292
4005.0,317.0,0.962777
4005.0,318.0,0.62735
4005.0,319.0,0.040261
4005.0,320.0,0.366349
4005.0,321.0,0.0
4005.0,322.0,0.112577
4005.0,323.0,0.500367
4005.0,324.0,0.548198
4005.0,325.0,0.037949
4005.0,326.0,0.796417
4005.0,327.0,0.169452
4005.0,328.0,0.04907
4005.0,329.0,0.899855
4005.0,330.0,0.068681
4005.0,331.0,0.614868
4005.0,332.0,0.376012
4005.0,333.0,0.0
4005.0,334.0,0.29343
4006.0,0.0,0.000281
4006.0,1.0,0.0
4006.0,2.0,0.0
4006.0,3.0,0.457543
4006.0,4.0,0.262207
4006.0,5.0,0.47564
4006.0,6.0,0.805967
4006.0,7.0,0.792737
4006.0,8.0,0.145181
4006.0,9.0,0.756059
4006.0,10.0,0.995218
4006.0,11.0,0.93239
4006.0,12.0,0.376953
4006.0,13.0,0.343827
4006.0,14.0,0.642758
4006.0,15.0,0.890189
4006.0,16.0,0.585489
4006.0,17.0,0.001331
4006.0,18.0,0.632435
4006.0,19.0,0.783546
4006.0,20.0,0.470054
4006.0,21.0,0.0
4006.0,22.0,0.891781
4006.0,23.0,1.0
4006.0,24.0,0.479673
4006.0,25.0,0.507487
4006.0,26.0,0.825543
4006.0,27.0,0.455903
4006.0,28.0,0.711324
4006.0,29.0,1.0
4006.0,30.0,0.242499
4006.0,31.0,0.779159
4006.0,32.0,0.998946
4006.0,33.0,1.0
4006.0,34.0,0.031757
4006.0,35.0,0.360607
4006.0,36.0,0.396339
4006.0,37.0,0.548737
4006.0,38.0,0.485254
4006.0,39.0,0.981248
4006.0,40.0,0.65212
4006.0,41.0,0.828696
4006.0,42.0,0.39031
4006.0,43.0,0.916387
4006.0,44.0,0.628878
4006.0,45.0,0.792477
4006.0,46.0,0.528214
4006.0,47.0,0.955816
4006.0,48.0,0.992437
4006.0,49.0,0.25071
4006.0,50.0,0.0
4006.0,51.0,0.302918
4006.0,52.0,1.0
4006.0,53.0,0.824526
4006.0,54.0,0.999386
4006.0,55.0,0.016376
4006.0,56.0,0.352225
4006.0,57.0,0.0
4006.0,58.0,0.423084
4006.0,59.0,0.308248
4006.0,60.0,0.830801
4006.0,61.0,0.947719
4006.0,62.0,0.178308
4006.0,63.0,0.688813
4006.0,64.0,0.948375
4006.0,65.0,0.021878
4006.0,66.0,0.0
4006.0,67.0,0.540777
4006.0,68.0,0.0157
4006.0,69.0,0.051753
4006.0,70.0,0.265094
4006.0,71.0,0.081906
4006.0,72.0,0.54678
4006.0,73.0,0.486646
4006.0,74.0,0.676048
4006.0,75.0,0.573637
4006.0,76.0,0.897801
4006.0,77.0,0.792899
4006.0,78.0,0.364936
4006.0,79.0,0.002483
4006.0,80.0,0.953728
4006.0,81.0,0.313288
4006.0,82.0,0.568431
4006.0,83.0,0.52832
4006.0,84.0,1.0
4006.0,85.0,0.424137
4006.0,86.0,0.760693
4006.0,87.0,0.999313
4006.0,88.0,0.0
4006.0,89.0,0.709972
4006.0,90.0,0.642314
4006.0,91.0,0.441717
4006.0,92.0,0.133467
4006.0,93.0,0.447426
4006.0,94.0,0.442486
4006.0,95.0,0.143024
4006.0,96.0,1.0
4006.0,97.0,0.483029
4006.0,98.0,0.0
4006.0,99.0,0.093896
4006.0,100.0,0.691157
4006.0,101.0,0.418008
4006.0,102.0,0.811338
4006.0,103.0,0.0
4006.0,104.0,0.050003
4006.0,105.0,0.609109
4006.0,106.0,0.737468
4006.0,107.0,0.819146
4006.0,108.0,0.90484
4006.0,109.0,0.976972
4006.0,110.0,0.39278
4006.0,111.0,0.908365
4006.0,112.0,0.211207
4006.0,113.0,0.554927
4006.0,114.0,0.383298
4006.0,115.0,0.14194
4006.0,116.0,0.94393
4006.0,117.0,0.280573
4006.0,118.0,0.816547
4006.0,119.0,0.20832
4006.0,120.0,0.0
4006.0,121.0,0.30266
4006.0,122.0,0.573189
4006.0,123.0,1.0
4006.0,124.0,0.481809
4006.0,125.0,0.498246
4006.0,126.0,0.390577
4006.0,127.0,0.039419
4006.0,128.0,0.038073
4006.0,129.0,0.96919
4006.0,130.0,0.024015
4006.0,131.0,0.970735
4006.0,132.0,0.39601
4006.0,133.0,0.823309
4006.0,134.0,0.469157
4006.0,135.0,0.367737
4006.0,136.0,1.0
4006.0,137.0,0.502306
4006.0,138.0,0.740124
4006.0,139.0,0.424217
4006.0,140.0,0.003331
4006.0,141.0,0.645584
4006.0,142.0,1.0
4006.0,143.0,0.147833
4006.0,144.0,0.208039
4006.0,145.0,0.385406
4006.0,146.0,0.571979
4006.0,147.0,1.0
4006.0,148.0,0.402686
4006.0,149.0,0.490873
4006.0,150.0,0.25609
4006.0,151.0,0.576211
4006.0,152.0,0.333489
4006.0,153.0,0.381072
4006.0,154.0,0.592806
4006.0,155.0,0.646172
4006.0,156.0,0.67444
4006.0,157.0,0.0
4006.0,158.0,0.194331
4006.0,159.0,0.135182
4006.0,160.0,0.025296
4006.0,161.0,0.03106
4006.0,162.0,0.732635
4006.0,163.0,0.628837
4006.0,164.0,0.659745
4006.0,165.0,0.465177
4006.0,166.0,0.0
4006.0,167.0,0.476147
4006.0,168.0,0.57353
4006.0,169.0,0.727096
4006.0,170.0,0.688227
4006.0,171.0,0.468954
4006.0,172.0,0.53058
4006.0,173.0,0.670836
4006.0,174.0,0.434365
4006.0,175.0,0.371576
4006.0,176.0,0.250507
4006.0,177.0,0.0
4006.0,178.0,1.0
4006.0,179.0,0.404906
4006.0,180.0,0.352371
4006.0,181.0,0.232542
4006.0,182.0,0.022239
4006.0,183.0,0.0
4006.0,184.0,0.500777
4006.0,185.0,0.504293
4006.0,186.0,0.878567
4006.0,187.0,0.5247
4006.0,188.0,0.001041
4006.0,189.0,0.889261
4006.0,190.0,1.0
4006.0,191.0,0.67403
4006.0,192.0,0.205123
4006.0,193.0,0.799653
4006.0,194.0,0.001614
4006.0,195.0,0.494707
4006.0,196.0,0.503494
4006.0,197.0,0.303017
4006.0,198.0,0.443755
4006.0,199.0,0.05309
4006.0,200.0,0.002782
4006.0,201.0,0.755415
4006.0,202.0,1.0
4006.0,203.0,0.623073
4006.0,204.0,0.28037
4006.0,205.0,0.0
4006.0,206.0,0.4252
4006.0,207.0,1.0
4006.0,208.0,0.583299
4006.0,209.0,0.650061
4006.0,210.0,0.339783
4006.0,211.0,0.154405
4006.0,212.0,0.598679
4006.0,213.0,0.0
4006.0,214.0,0.576945
4006.0,215.0,0.686111
4006.0,216.0,1.0
4006.0,217.0,0.700824
4006.0,218.0,0.0
4006.0,219.0,0.283993
4006.0,220.0,0.964342
4006.0,221.0,0.553636
4006.0,222.0,0.009921
4006.0,223.0,0.613415
4006.0,224.0,0.389354
4006.0,225.0,0.816301
4006.0,226.0,0.748139
4006.0,227.0,0.835893
4006.0,228.0,0.772987
4006.0,229.0,0.240024
4006.0,230.0,0.382722
4006.0,231.0,0.508168
4006.0,232.0,0.331091
4006.0,233.0,0.794948
4006.0,234.0,0.281162
4006.0,235.0,0.0
4006.0,236.0,0.950433
4006.0,237.0,0.141739
4006.0,238.0,0.613674
4006.0,239.0,0.997647
4006.0,240.0,0.178234
4006.0,241.0,0.46037
4006.0,242.0,0.466579
4006.0,243.0,0.0
4006.0,244.0,0.000978
4006.0,245.0,1.0
4006.0,246.0,0.631756
4006.0,247.0,0.513749
4006.0,248.0,0.545902
4006.0,249.0,0.476798
4006.0,250.0,0.54744
4006.0,251.0,0.941054
4006.0,252.0,0.419585
4006.0,253.0,0.708829
4006.0,254.0,0.638055
4006.0,255.0,0.416253
4006.0,256.0,1.0
4006.0,257.0,0.840794
4006.0,258.0,0.458617
4006.0,259.0,0.604814
4006.0,260.0,0.93506
4006.0,261.0,0.34108
4006.0,262.0,0.0
4006.0,263.0,0.464563
4006.0,264.0,0.0
4006.0,265.0,0.351976
4006.0,266.0,0.397548
4006.0,267.0,0.790282
4006.0,268.0,0.432084
4006.0,269.0,0.157395
4006.0,270.0,0.871204
4006.0,271.0,0.0
4006.0,272.0,0.129595
4006.0,273.0,0.366525
4006.0,274.0,0.244868
4006.0,275.0,0.681099
4006.0,276.0,0.035535
4006.0,277.0,0.320089
4006.0,278.0,0.489995
4006.0,279.0,0.222911
4006.0,280.0,0.537411
4006.0,281.0,0.846963
4006.0,282.0,1.0
4006.0,283.0,0.423403
4006.0,284.0,0.199837
4006.0,285.0,0.471312
4006.0,286.0,0.827576
4006.0,287.0,0.285217
4006.0,288.0,0.451205
4006.0,289.0,0.414121
4006.0,290.0,0.621008
4006.0,291.0,0.423546
4006.0,292.0,0.67547
4006.0,293.0,1.0
4006.0,294.0,0.316203
4006.0,295.0,0.276266
4006.0,296.0,0.001634
4006.0,297.0,0.773625
4006.0,298.0,0.077908
4006.0,299.0,0.0
4006.0,300.0,0.404081
4006.0,301.0,0.730691
4006.0,302.0,0.06192
4006.0,303.0,0.971529
4006.0,304.0,0.000122
4006.0,305.0,0.845883
4006.0,306.0,0.710777
4006.0,307.0,0.576462
4006.0,308.0,0.552934
4006.0,309.0,0.0
4006.0,310.0,1.0
4006.0,311.0,0.471386
4006.0,312.0,0.0
4006.0,313.0,0.565183
4006.0,314.0,0.407587
4006.0,315.0,0.499042
4006.0,316.0,0.336436
4006.0,317.0,0.962905
4006.0,318.0,0.626457
4006.0,319.0,0.039944
4006.0,320.0,0.358246
4006.0,321.0,0.0
4006.0,322.0,0.111617
4006.0,323.0,0.464413
4006.0,324.0,0.547377
4006.0,325.0,0.034969
4006.0,326.0,0.796059
4006.0,327.0,0.169122
4006.0,328.0,0.049258
4006.0,329.0,0.891418
4006.0,330.0,0.068498
4006.0,331.0,0.613936
4006.0,332.0,0.371141
4006.0,333.0,0.0
4006.0,334.0,0.287987
4007.0,0.0,0.000288
4007.0,1.0,0.0
4007.0,2.0,0.0
4007.0,3.0,0.452592
4007.0,4.0,0.260464
4007.0,5.0,0.465969
4007.0,6.0,0.803713
4007.0,7.0,0.790842
4007.0,8.0,0.144962
4007.0,9.0,0.754166
4007.0,10.0,0.995054
4007.0,11.0,0.932196
4007.0,12.0,0.36998
4007.0,13.0,0.341175
4007.0,14.0,0.629894
4007.0,15.0,0.889614
4007.0,16.0,0.583684
4007.0,17.0,0.001326
4007.0,18.0,0.626083
4007.0,19.0,0.783286
4007.0,20.0,0.46575
4007.0,21.0,0.0
4007.0,22.0,0.890207
4007.0,23.0,1.0
4007.0,24.0,0.477349
4007.0,25.0,0.499137
4007.0,26.0,0.818116
4007.0,27.0,0.449981
4007.0,28.0,0.707266
4007.0,29.0,1.0
4007.0,30.0,0.232928
4007.0,31.0,0.778404
4007.0,32.0,0.99892
4007.0,33.0,1.0
4007.0,34.0,0.029878
4007.0,35.0,0.359363
4007.0,36.0,0.393685
4007.0,37.0,0.547622
4007.0,38.0,0.480547
4007.0,39.0,0.980126
4007.0,40.0,0.648067
4007.0,41.0,0.825651
4007.0,42.0,0.384371
4007.0,43.0,0.910062
4007.0,44.0,0.623569
4007.0,45.0,0.785164
4007.0,46.0,0.52818
4007.0,47.0,0.953545
4007.0,48.0,0.992475
4007.0,49.0,0.248436
4007.0,50.0,0.0
4007.0,51.0,0.299571
4007.0,52.0,1.0
4007.0,53.0,0.820818
4007.0,54.0,0.99942
4007.0,55.0,0.01611
4007.0,56.0,0.35093
4007.0,57.0,0.0
4007.0,58.0,0.421832
4007.0,59.0,0.302124
4007.0,60.0,0.82971
4007.0,61.0,0.947367
4007.0,62.0,0.174166
4007.0,63.0,0.687773
4007.0,64.0,0.947473
4007.0,65.0,0.022036
4007.0,66.0,0.0
4007.0,67.0,0.537121
4007.0,68.0,0.015462
4007.0,69.0,0.051372
4007.0,70.0,0.263997
4007.0,71.0,0.080087
4007.0,72.0,0.541672
4007.0,73.0,0.485749
4007.0,74.0,0.673986
4007.0,75.0,0.566265
4007.0,76.0,0.897242
4007.0,77.0,0.792526
4007.0,78.0,0.354944
4007.0,79.0,0.002396
4007.0,80.0,0.953476
4007.0,81.0,0.311637
4007.0,82.0,0.565231
4007.0,83.0,0.5267
4007.0,84.0,1.0
4007.0,85.0,0.424256
4007.0,86.0,0.757076
4007.0,87.0,0.99926
4007.0,88.0,0.0
4007.0,89.0,0.706934
4007.0,90.0,0.64189
4007.0,91.0,0.437467
4007.0,92.0,0.131409
4007.0,93.0,0.446894
4007.0,94.0,0.437975
4007.0,95.0,0.142856
4007.0,96.0,1.0
4007.0,97.0,0.437132
4007.0,98.0,0.0
4007.0,99.0,0.093806
4007.0,100.0,0.689928
4007.0,101.0,0.415964
4007.0,102.0,0.804602
4007.0,103.0,0.0
4007.0,104.0,0.049655
4007.0,105.0,0.608176
4007.0,106.0,0.734538
4007.0,107.0,0.819543
4007.0,108.0,0.901484
4007.0,109.0,0.976194
4007.0,110.0,0.391619
4007.0,111.0,0.907069
4007.0,112.0,0.210819
4007.0,113.0,0.554116
4007.0,114.0,0.379281
4007.0,115.0,0.140984
4007.0,116.0,0.943644
4007.0,117.0,0.278612
4007.0,118.0,0.814194
4007.0,119.0,0.207398
4007.0,120.0,0.0
4007.0,121.0,0.291858
4007.0,122.0,0.571133
4007.0,123.0,1.0
4007.0,124.0,0.477851
4007.0,125.0,0.491623
4007.0,126.0,0.388802
4007.0,127.0,0.038712
4007.0,128.0,0.037614
4007.0,129.0,0.96893
4007.0,130.0,0.023808
4007.0,131.0,0.970329
4007.0,132.0,0.388385
4007.0,133.0,0.821299
4007.0,134.0,0.475104
4007.0,135.0,0.358367
4007.0,136.0,1.0
4007.0,137.0,0.500029
4007.0,138.0,0.733587
4007.0,139.0,0.419999
4007.0,140.0,0.003295
4007.0,141.0,0.6437
4007.0,142.0,1.0
4007.0,143.0,0.144432
4007.0,144.0,0.206969
4007.0,145.0,0.382585
4007.0,146.0,0.571201
4007.0,147.0,1.0
4007.0,148.0,0.399721
4007.0,149.0,0.481995
4007.0,150.0,0.254514
4007.0,151.0,0.573116
4007.0,152.0,0.331813
4007.0,153.0,0.370607
4007.0,154.0,0.591522
4007.0,155.0,0.639622
4007.0,156.0,0.674355
4007.0,157.0,0.0
4007.0,158.0,0.188833
4007.0,159.0,0.13225
4007.0,160.0,0.024554
4007.0,161.0,0.030762
4007.0,162.0,0.731378
4007.0,163.0,0.626787
4007.0,164.0,0.657167
4007.0,165.0,0.458302
4007.0,166.0,0.0
4007.0,167.0,0.474241
4007.0,168.0,0.573495
4007.0,169.0,0.698829
4007.0,170.0,0.682772
4007.0,171.0,0.46889
4007.0,172.0,0.528225
4007.0,173.0,0.66801
4007.0,174.0,0.433457
4007.0,175.0,0.370032
4007.0,176.0,0.24835
4007.0,177.0,0.0
4007.0,178.0,1.0
4007.0,179.0,0.396511
4007.0,180.0,0.347283
4007.0,181.0,0.231551
4007.0,182.0,0.022246
4007.0,183.0,0.0
4007.0,184.0,0.496317
4007.0,185.0,0.503433
4007.0,186.0,0.875136
4007.0,187.0,0.524399
4007.0,188.0,0.001077
4007.0,189.0,0.888389
4007.0,190.0,1.0
4007.0,191.0,0.673058
4007.0,192.0,0.204708
4007.0,193.0,0.800079
4007.0,194.0,0.001515
4007.0,195.0,0.487691
4007.0,196.0,0.504596
4007.0,197.0,0.300074
4007.0,198.0,0.439639
4007.0,199.0,0.053049
4007.0,200.0,0.002669
4007.0,201.0,0.754485
4007.0,202.0,1.0
4007.0,203.0,0.604806
4007.0,204.0,0.27794
4007.0,205.0,0.0
4007.0,206.0,0.40164
4007.0,207.0,1.0
4007.0,208.0,0.580162
4007.0,209.0,0.649464
4007.0,210.0,0.330601
4007.0,211.0,0.154
4007.0,212.0,0.591247
4007.0,213.0,0.0
4007.0,214.0,0.569784
4007.0,215.0,0.680536
4007.0,216.0,1.0
4007.0,217.0,0.696682
4007.0,218.0,0.0
4007.0,219.0,0.28267
4007.0,220.0,0.963675
4007.0,221.0,0.543438
4007.0,222.0,0.009784
4007.0,223.0,0.611685
4007.0,224.0,0.386304
4007.0,225.0,0.813754
4007.0,226.0,0.742625
4007.0,227.0,0.833178
4007.0,228.0,0.770895
4007.0,229.0,0.237371
4007.0,230.0,0.38244
4007.0,231.0,0.449459
4007.0,232.0,0.330392
4007.0,233.0,0.791233
4007.0,234.0,0.27645
4007.0,235.0,0.0
4007.0,236.0,0.949914
4007.0,237.0,0.140827
4007.0,238.0,0.601584
4007.0,239.0,0.997645
4007.0,240.0,0.177145
4007.0,241.0,0.456853
4007.0,242.0,0.463083
4007.0,243.0,0.0
4007.0,244.0,0.001012
4007.0,245.0,1.0
4007.0,246.0,0.631735
4007.0,247.0,0.511559
4007.0,248.0,0.543137
4007.0,249.0,0.472611
4007.0,250.0,0.541148
4007.0,251.0,0.940579
4007.0,252.0,0.41807
4007.0,253.0,0.706446
4007.0,254.0,0.63281
4007.0,255.0,0.413739
4007.0,256.0,1.0
4007.0,257.0,0.839388
4007.0,258.0,0.456503
4007.0,259.0,0.604383
4007.0,260.0,0.933643
4007.0,261.0,0.333315
4007.0,262.0,0.0
4007.0,263.0,0.462486
4007.0,264.0,0.0
4007.0,265.0,0.351269
4007.0,266.0,0.393322
4007.0,267.0,0.788631
4007.0,268.0,0.425564
4007.0,269.0,0.155097
4007.0,270.0,0.871259
4007.0,271.0,0.0
4007.0,272.0,0.12804
4007.0,273.0,0.363046
4007.0,274.0,0.244864
4007.0,275.0,0.679001
4007.0,276.0,0.035063
4007.0,277.0,0.317231
4007.0,278.0,0.487908
4007.0,279.0,0.219214
4007.0,280.0,0.536037
4007.0,281.0,0.843326
4007.0,282.0,1.0
4007.0,283.0,0.423649
4007.0,284.0,0.199512
4007.0,285.0,0.464128
4007.0,286.0,0.822851
4007.0,287.0,0.283107
4007.0,288.0,0.446064
4007.0,289.0,0.407117
4007.0,290.0,0.620121
4007.0,291.0,0.420837
4007.0,292.0,0.673479
4007.0,293.0,1.0
4007.0,294.0,0.314959
4007.0,295.0,0.271516
4007.0,296.0,0.001545
4007.0,297.0,0.771917
4007.0,298.0,0.077341
4007.0,299.0,0.0
4007.0,300.0,0.400541
4007.0,301.0,0.72987
4007.0,302.0,0.06056
4007.0,303.0,0.971747
4007.0,304.0,0.000132
4007.0,305.0,0.845923
4007.0,306.0,0.708937
4007.0,307.0,0.575982
4007.0,308.0,0.54852
4007.0,309.0,0.0
4007.0,310.0,1.0
4007.0,311.0,0.472159
4007.0,312.0,0.0
4007.0,313.0,0.563777
4007.0,314.0,0.406672
4007.0,315.0,0.495508
4007.0,316.0,0.334903
4007.0,317.0,0.962042
4007.0,318.0,0.624881
4007.0,319.0,0.039593
4007.0,320.0,0.349344
4007.0,321.0,0.0
4007.0,322.0,0.111107
4007.0,323.0,0.430149
4007.0,324.0,0.546107
4007.0,325.0,0.032511
4007.0,326.0,0.795289
4007.0,327.0,0.168946
4007.0,328.0,0.049145
4007.0,329.0,0.882757
4007.0,330.0,0.068388
4007.0,331.0,0.613036
4007.0,332.0,0.366225
4007.0,333.0,0.0
4007.0,334.0,0.283395
4008.0,0.0,0.000276
4008.0,1.0,0.0
4008.0,2.0,0.0
4008.0,3.0,0.447504
4008.0,4.0,0.257291
4008.0,5.0,0.456795
4008.0,6.0,0.801966
4008.0,7.0,0.789185
4008.0,8.0,0.144438
4008.0,9.0,0.752424
4008.0,10.0,0.994938
4008.0,11.0,0.932098
4008.0,12.0,0.363107
4008.0,13.0,0.339049
4008.0,14.0,0.616247
4008.0,15.0,0.888495
4008.0,16.0,0.58317
4008.0,17.0,0.001276
4008.0,18.0,0.619092
4008.0,19.0,0.782308
4008.0,20.0,0.461362
4008.0,21.0,0.0
4008.0,22.0,0.888983
4008.0,23.0,1.0
4008.0,24.0,0.475155
4008.0,25.0,0.490005
4008.0,26.0,0.810682
4008.0,27.0,0.444916
4008.0,28.0,0.703372
4008.0,29.0,1.0
4008.0,30.0,0.22364
4008.0,31.0,0.777865
4008.0,32.0,0.998937
4008.0,33.0,1.0
4008.0,34.0,0.027953
4008.0,35.0,0.358966
4008.0,36.0,0.391028
4008.0,37.0,0.546475
4008.0,38.0,0.476016
4008.0,39.0,0.979067
4008.0,40.0,0.644703
4008.0,41.0,0.823474
4008.0,42.0,0.379118
4008.0,43.0,0.903217
4008.0,44.0,0.618063
4008.0,45.0,0.77736
4008.0,46.0,0.527003
4008.0,47.0,0.951312
4008.0,48.0,0.992528
4008.0,49.0,0.24743
4008.0,50.0,0.0
4008.0,51.0,0.295979
4008.0,52.0,1.0
4008.0,53.0,0.816658
4008.0,54.0,0.999426
4008.0,55.0,0.015892
4008.0,56.0,0.349517
4008.0,57.0,0.0
4008.0,58.0,0.420128
4008.0,59.0,0.296378
4008.0,60.0,0.829048
4008.0,61.0,0.947156
4008.0,62.0,0.170642
4008.0,63.0,0.687835
4008.0,64.0,0.946801
4008.0,65.0,0.02226
4008.0,66.0,0.0
4008.0,67.0,0.533392
4008.0,68.0,0.01531
4008.0,69.0,0.051228
4008.0,70.0,0.263164
4008.0,71.0,0.078585
4008.0,72.0,0.538285
4008.0,73.0,0.484169
4008.0,74.0,0.671812
4008.0,75.0,0.560193
4008.0,76.0,0.896679
4008.0,77.0,0.7916
4008.0,78.0,0.34626
4008.0,79.0,0.002308
4008.0,80.0,0.953745
4008.0,81.0,0.309638
4008.0,82.0,0.562774
4008.0,83.0,0.524374
4008.0,84.0,1.0
4008.0,85.0,0.425242
4008.0,86.0,0.752908
4008.0,87.0,0.999241
4008.0,88.0,0.0
4008.0,89.0,0.704286
4008.0,90.0,0.640755
4008.0,91.0,0.433416
4008.0,92.0,0.128583
4008.0,93.0,0.444616
4008.0,94.0,0.434349
4008.0,95.0,0.141988
4008.0,96.0,1.0
4008.0,97.0,0.3956
4008.0,98.0,0.0
4008.0,99.0,0.093418
4008.0,100.0,0.688567
4008.0,101.0,0.413717
4008.0,102.0,0.797921
4008.0,103.0,0.0
4008.0,104.0,0.049154
4008.0,105.0,0.606247
4008.0,106.0,0.73216
4008.0,107.0,0.819633
4008.0,108.0,0.898158
4008.0,109.0,0.975367
4008.0,110.0,0.390924
4008.0,111.0,0.905909
4008.0,112.0,0.210427
4008.0,113.0,0.553617
4008.0,114.0,0.37417
4008.0,115.0,0.140188
4008.0,116.0,0.94348
4008.0,117.0,0.275951
4008.0,118.0,0.811494
4008.0,119.0,0.205848
4008.0,120.0,0.0
4008.0,121.0,0.281241
4008.0,122.0,0.570141
4008.0,123.0,1.0
4008.0,124.0,0.472379
4008.0,125.0,0.486027
4008.0,126.0,0.385582
4008.0,127.0,0.038226
4008.0,128.0,0.036924
4008.0,129.0,0.968192
4008.0,130.0,0.023044
4008.0,131.0,0.969701
4008.0,132.0,0.381675
4008.0,133.0,0.819505
4008.0,134.0,0.480901
4008.0,135.0,0.349037
4008.0,136.0,1.0
4008.0,137.0,0.497413
4008.0,138.0,0.727547
4008.0,139.0,0.414967
4008.0,140.0,0.003243
4008.0,141.0,0.643068
4008.0,142.0,1.0
4008.0,143.0,0.141485
4008.0,144.0,0.20567
4008.0,145.0,0.38085
4008.0,146.0,0.568528
4008.0,147.0,1.0
4008.0,148.0,0.397701
4008.0,149.0,0.473009
4008.0,150.0,0.253574
4008.0,151.0,0.569599
4008.0,152.0,0.330696
4008.0,153.0,0.361109
4008.0,154.0,0.590291
4008.0,155.0,0.633079
4008.0,156.0,0.674491
4008.0,157.0,0.0
4008.0,158.0,0.184061
4008.0,159.0,0.128804
4008.0,160.0,0.024106
4008.0,161.0,0.030571
4008.0,162.0,0.731348
4008.0,163.0,0.624333
4008.0,164.0,0.654558
4008.0,165.0,0.450836
4008.0,166.0,0.0
4008.0,167.0,0.472661
4008.0,168.0,0.572395
4008.0,169.0,0.669218
4008.0,170.0,0.678411
4008.0,171.0,0.467931
4008.0,172.0,0.526943
4008.0,173.0,0.66543
4008.0,174.0,0.432217
4008.0,175.0,0.369076
4008.0,176.0,0.245519
4008.0,177.0,0.0
4008.0,178.0,1.0
4008.0,179.0,0.388185
4008.0,180.0,0.343336
4008.0,181.0,0.230499
4008.0,182.0,0.021961
4008.0,183.0,0.0
4008.0,184.0,0.491995
4008.0,185.0,0.502596
4008.0,186.0,0.871677
4008.0,187.0,0.524859
4008.0,188.0,0.001117
4008.0,189.0,0.887935
4008.0,190.0,1.0
4008.0,191.0,0.672149
4008.0,192.0,0.20397
4008.0,193.0,0.799581
4008.0,194.0,0.001472
4008.0,195.0,0.481209
4008.0,196.0,0.505428
4008.0,197.0,0.297664
4008.0,198.0,0.434903
4008.0,199.0,0.052691
4008.0,200.0,0.002552
4008.0,201.0,0.753589
4008.0,202.0,1.0
4008.0,203.0,0.586484
4008.0,204.0,0.275588
4008.0,205.0,0.0
4008.0,206.0,0.378603
4008.0,207.0,1.0
4008.0,208.0,0.5767
4008.0,209.0,0.649523
4008.0,210.0,0.321842
4008.0,211.0,0.154216
4008.0,212.0,0.584528
4008.0,213.0,0.0
4008.0,214.0,0.563791
4008.0,215.0,0.675348
4008.0,216.0,1.0
4008.0,217.0,0.691977
4008.0,218.0,0.0
4008.0,219.0,0.282055
4008.0,220.0,0.962889
4008.0,221.0,0.533919
4008.0,222.0,0.00964
4008.0,223.0,0.609238
4008.0,224.0,0.382925
4008.0,225.0,0.811097
4008.0,226.0,0.737678
4008.0,227.0,0.829726
4008.0,228.0,0.768335
4008.0,229.0,0.235502
4008.0,230.0,0.381404
4008.0,231.0,0.392325
4008.0,232.0,0.330017
4008.0,233.0,0.78841
4008.0,234.0,0.270859
4008.0,235.0,0.0
4008.0,236.0,0.94944
4008.0,237.0,0.140083
4008.0,238.0,0.590205
4008.0,239.0,0.997543
4008.0,240.0,0.175326
4008.0,241.0,0.453902
4008.0,242.0,0.460338
4008.0,243.0,0.0
4008.0,244.0,0.000961
4008.0,245.0,1.0
4008.0,246.0,0.631683
4008.0,247.0,0.510227
4008.0,248.0,0.539773
4008.0,249.0,0.467839
4008.0,250.0,0.534662
4008.0,251.0,0.940465
4008.0,252.0,0.416697
4008.0,253.0,0.704969
4008.0,254.0,0.627605
4008.0,255.0,0.41112
4008.0,256.0,1.0
4008.0,257.0,0.838071
4008.0,258.0,0.455405
4008.0,259.0,0.60418
4008.0,260.0,0.932672
4008.0,261.0,0.3263
4008.0,262.0,0.0
4008.0,263.0,0.461941
4008.0,264.0,0.0
4008.0,265.0,0.350841
4008.0,266.0,0.390369
4008.0,267.0,0.78644
4008.0,268.0,0.419075
4008.0,269.0,0.152782
4008.0,270.0,0.870859
4008.0,271.0,0.0
4008.0,272.0,0.126085
4008.0,273.0,0.359555
4008.0,274.0,0.243724
4008.0,275.0,0.676776
4008.0,276.0,0.034609
4008.0,277.0,0.315832
4008.0,278.0,0.486094
4008.0,279.0,0.216541
4008.0,280.0,0.535184
4008.0,281.0,0.839276
4008.0,282.0,1.0
4008.0,283.0,0.424086
4008.0,284.0,0.199059
4008.0,285.0,0.457454
4008.0,286.0,0.817678
4008.0,287.0,0.280929
4008.0,288.0,0.439512
4008.0,289.0,0.400507
4008.0,290.0,0.618848
4008.0,291.0,0.418753
4008.0,292.0,0.67173
4008.0,293.0,1.0
4008.0,294.0,0.313911
4008.0,295.0,0.267654
4008.0,296.0,0.001441
4008.0,297.0,0.771139
4008.0,298.0,0.076783
4008.0,299.0,0.0
4008.0,300.0,0.397225
4008.0,301.0,0.72902
4008.0,302.0,0.059551
4008.0,303.0,0.971811
4008.0,304.0,0.000129
4008.0,305.0,0.845087
4008.0,306.0,0.707399
4008.0,307.0,0.574706
4008.0,308.0,0.544514
4008.0,309.0,0.0
4008.0,310.0,1.0
4008.0,311.0,0.471505
4008.0,312.0,0.0
4008.0,313.0,0.562197
4008.0,314.0,0.406174
4008.0,315.0,0.492741
4008.0,316.0,0.333171
4008.0,317.0,0.961796
4008.0,318.0,0.623333
4008.0,319.0,0.039808
4008.0,320.0,0.340759
4008.0,321.0,0.0
4008.0,322.0,0.109822
4008.0,323.0,0.397196
4008.0,324.0,0.543781
4008.0,325.0,0.02997
4008.0,326.0,0.793597
4008.0,327.0,0.168641
4008.0,328.0,0.049201
4008.0,329.0,0.873523
4008.0,330.0,0.068235
4008.0,331.0,0.612569
4008.0,332.0,0.361452
4008.0,333.0,0.0
4008.0,334.0,0.278555
4009.0,0.0,0.000257
4009.0,1.0,0.0
4009.0,2.0,0.0
4009.0,3.0,0.442742
4009.0,4.0,0.254307
4009.0,5.0,0.447436
4009.0,6.0,0.799902
4009.0,7.0,0.788584
4009.0,8.0,0.143859
4009.0,9.0,0.750393
4009.0,10.0,0.994892
4009.0,11.0,0.931598
4009.0,12.0,0.356472
4009.0,13.0,0.336237
4009.0,14.0,0.603944
4009.0,15.0,0.887213
4009.0,16.0,0.580666
4009.0,17.0,0.00125
4009.0,18.0,0.612213
4009.0,19.0,0.781225
4009.0,20.0,0.456662
4009.0,21.0,0.0
4009.0,22.0,0.886997
4009.0,23.0,1.0
4009.0,24.0,0.474584
4009.0,25.0,0.481822
4009.0,26.0,0.802479
4009.0,27.0,0.439875
4009.0,28.0,0.699882
4009.0,29.0,1.0
4009.0,30.0,0.215085
4009.0,31.0,0.777991
4009.0,32.0,0.998942
4009.0,33.0,1.0
4009.0,34.0,0.026296
4009.0,35.0,0.358611
4009.0,36.0,0.389968
4009.0,37.0,0.544904
4009.0,38.0,0.47216
4009.0,39.0,0.977822
4009.0,40.0,0.641444
4009.0,41.0,0.820739
4009.0,42.0,0.373684
4009.0,43.0,0.895676
4009.0,44.0,0.612964
4009.0,45.0,0.769801
4009.0,46.0,0.526911
4009.0,47.0,0.949483
4009.0,48.0,0.992622
4009.0,49.0,0.245283
4009.0,50.0,0.0
4009.0,51.0,0.292075
4009.0,52.0,1.0
4009.0,53.0,0.812473
4009.0,54.0,0.999434
4009.0,55.0,0.015789
4009.0,56.0,0.348458
4009.0,57.0,0.0
4009.0,58.0,0.41951
4009.0,59.0,0.291366
4009.0,60.0,0.828863
4009.0,61.0,0.946819
4009.0,62.0,0.166874
4009.0,63.0,0.68716
4009.0,64.0,0.946095
4009.0,65.0,0.022747
4009.0,66.0,0.0
4009.0,67.0,0.529486
4009.0,68.0,0.015423
4009.0,69.0,0.050998
4009.0,70.0,0.261552
4009.0,71.0,0.077291
4009.0,72.0,0.533212
4009.0,73.0,0.482415
4009.0,74.0,0.669729
4009.0,75.0,0.553613
4009.0,76.0,0.896367
4009.0,77.0,0.790999
4009.0,78.0,0.339507
4009.0,79.0,0.002182
4009.0,80.0,0.953479
4009.0,81.0,0.307646
4009.0,82.0,0.560233
4009.0,83.0,0.521565
4009.0,84.0,1.0
4009.0,85.0,0.425216
4009.0,86.0,0.749599
4009.0,87.0,0.999191
4009.0,88.0,0.0
4009.0,89.0,0.701982
4009.0,90.0,0.639642
4009.0,91.0,0.42871
4009.0,92.0,0.126845
4009.0,93.0,0.444173
4009.0,94.0,0.430732
4009.0,95.0,0.141475
4009.0,96.0,1.0
4009.0,97.0,0.356834
4009.0,98.0,0.0
4009.0,99.0,0.093006
4009.0,100.0,0.687313
4009.0,101.0,0.412321
4009.0,102.0,0.791461
4009.0,103.0,0.0
4009.0,104.0,0.049213
4009.0,105.0,0.605637
4009.0,106.0,0.72937
4009.0,107.0,0.819167
4009.0,108.0,0.894572
4009.0,109.0,0.974195
4009.0,110.0,0.390801
4009.0,111.0,0.905496
4009.0,112.0,0.210253
4009.0,113.0,0.553861
4009.0,114.0,0.369618
4009.0,115.0,0.139456
4009.0,116.0,0.943664
4009.0,117.0,0.274333
4009.0,118.0,0.809179
4009.0,119.0,0.204848
4009.0,120.0,0.0
4009.0,121.0,0.271275
4009.0,122.0,0.567996
4009.0,123.0,1.0
4009.0,124.0,0.467122
4009.0,125.0,0.479911
4009.0,126.0,0.382943
4009.0,127.0,0.037884
4009.0,128.0,0.036806
4009.0,129.0,0.968203
4009.0,130.0,0.023048
4009.0,131.0,0.969439
4009.0,132.0,0.375383
4009.0,133.0,0.817316
4009.0,134.0,0.487805
4009.0,135.0,0.340163
4009.0,136.0,1.0
4009.0,137.0,0.494945
4009.0,138.0,0.720258
4009.0,139.0,0.411157
4009.0,140.0,0.00322
4009.0,141.0,0.641991
4009.0,142.0,1.0
4009.0,143.0,0.139645
4009.0,144.0,0.20425
4009.0,145.0,0.378025
4009.0,146.0,0.565672
4009.0,147.0,1.0
4009.0,148.0,0.395775
4009.0,149.0,0.464232
4009.0,150.0,0.252362
4009.0,151.0,0.566351
4009.0,152.0,0.329343
4009.0,153.0,0.352038
4009.0,154.0,0.589108
4009.0,155.0,0.628098
4009.0,156.0,0.674849
4009.0,157.0,0.0
4009.0,158.0,0.179532
4009.0,159.0,0.125592
4009.0,160.0,0.023292
4009.0,161.0,0.030467
4009.0,162.0,0.730253
4009.0,163.0,0.621529
4009.0,164.0,0.651537
4009.0,165.0,0.443403
4009.0,166.0,0.0
4009.0,167.0,0.4707
4009.0,168.0,0.571778
4009.0,169.0,0.639409
4009.0,170.0,0.674248
4009.0,171.0,0.467218
4009.0,172.0,0.524503
4009.0,173.0,0.662415
4009.0,174.0,0.431877
4009.0,175.0,0.366595
4009.0,176.0,0.244374
4009.0,177.0,0.0
4009.0,178.0,1.0
4009.0,179.0,0.379426
4009.0,180.0,0.338872
4009.0,181.0,0.230037
4009.0,182.0,0.022111
4009.0,183.0,0.0
4009.0,184.0,0.489123
4009.0,185.0,0.500687
4009.0,186.0,0.867588
4009.0,187.0,0.523489
4009.0,188.0,0.001112
4009.0,189.0,0.887917
4009.0,190.0,1.0
4009.0,191.0,0.671122
4009.0,192.0,0.203216
4009.0,193.0,0.798855
4009.0,194.0,0.001502
4009.0,195.0,0.475936
4009.0,196.0,0.506178
4009.0,197.0,0.29317
4009.0,198.0,0.431297
4009.0,199.0,0.052115
4009.0,200.0,0.002473
4009.0,201.0,0.752944
4009.0,202.0,1.0
4009.0,203.0,0.568227
4009.0,204.0,0.273056
4009.0,205.0,0.0
4009.0,206.0,0.356035
4009.0,207.0,1.0
4009.0,208.0,0.573219
4009.0,209.0,0.649573
4009.0,210.0,0.313256
4009.0,211.0,0.154488
4009.0,212.0,0.577481
4009.0,213.0,0.0
4009.0,214.0,0.556331
4009.0,215.0,0.670112
4009.0,216.0,1.0
4009.0,217.0,0.686454
4009.0,218.0,0.0
4009.0,219.0,0.281213
4009.0,220.0,0.962391
4009.0,221.0,0.523859
4009.0,222.0,0.009481
4009.0,223.0,0.607883
4009.0,224.0,0.378953
4009.0,225.0,0.808942
4009.0,226.0,0.732896
4009.0,227.0,0.827162
4009.0,228.0,0.76592
4009.0,229.0,0.233099
4009.0,230.0,0.380272
4009.0,231.0,0.339476
4009.0,232.0,0.330354
4009.0,233.0,0.78525
4009.0,234.0,0.26699
4009.0,235.0,0.0
4009.0,236.0,0.948534
4009.0,237.0,0.139337
4009.0,238.0,0.579277
4009.0,239.0,0.997543
4009.0,240.0,0.173905
4009.0,241.0,0.45152
4009.0,242.0,0.457408
4009.0,243.0,0.0
4009.0,244.0,0.000919
4009.0,245.0,1.0
4009.0,246.0,0.630825
4009.0,247.0,0.509137
4009.0,248.0,0.537287
4009.0,249.0,0.464445
4009.0,250.0,0.528785
4009.0,251.0,0.939474
4009.0,252.0,0.416086
4009.0,253.0,0.703116
4009.0,254.0,0.622303
4009.0,255.0,0.408707
4009.0,256.0,1.0
4009.0,257.0,0.836586
4009.0,258.0,0.454113
4009.0,259.0,0.603191
4009.0,260.0,0.930894
4009.0,261.0,0.318095
4009.0,262.0,0.0
4009.0,263.0,0.460691
4009.0,264.0,0.0
4009.0,265.0,0.350859
4009.0,266.0,0.38702
4009.0,267.0,0.784826
4009.0,268.0,0.412629
4009.0,269.0,0.150314
4009.0,270.0,0.869816
4009.0,271.0,0.0
4009.0,272.0,0.124891
4009.0,273.0,0.356758
4009.0,274.0,0.242834
4009.0,275.0,0.674513
4009.0,276.0,0.034651
4009.0,277.0,0.31293
4009.0,278.0,0.483864
4009.0,279.0,0.213771
4009.0,280.0,0.535726
4009.0,281.0,0.835423
4009.0,282.0,1.0
4009.0,283.0,0.423604
4009.0,284.0,0.198435
4009.0,285.0,0.451332
4009.0,286.0,0.813503
4009.0,287.0,0.279063
4009.0,288.0,0.434198
4009.0,289.0,0.392681
4009.0,290.0,0.61853
4009.0,291.0,0.41588
4009.0,292.0,0.670027
4009.0,293.0,1.0
4009.0,294.0,0.314489
4009.0,295.0,0.264639
4009.0,296.0,0.001405
4009.0,297.0,0.770806
4009.0,298.0,0.076508
4009.0,299.0,0.0
4009.0,300.0,0.393337
4009.0,301.0,0.727889
4009.0,302.0,0.058652
4009.0,303.0,0.971575
4009.0,304.0,0.000112
4009.0,305.0,0.84506
4009.0,306.0,0.705722
4009.0,307.0,0.573708
4009.0,308.0,0.540421
4009.0,309.0,0.0
4009.0,310.0,1.0
4009.0,311.0,0.471269
4009.0,312.0,0.0
4009.0,313.0,0.560323
4009.0,314.0,0.405644
4009.0,315.0,0.489447
4009.0,316.0,0.331526
4009.0,317.0,0.961622
4009.0,318.0,0.622463
4009.0,319.0,0.03973
4009.0,320.0,0.333008
4009.0,321.0,0.0
4009.0,322.0,0.10889
4009.0,323.0,0.366293
4009.0,324.0,0.54272
4009.0,325.0,0.028233
4009.0,326.0,0.791968
4009.0,327.0,0.168475
4009.0,328.0,0.049387
4009.0,329.0,0.864066
4009.0,330.0,0.067976
4009.0,331.0,0.611388
4009.0,332.0,0.356122
4009.0,333.0,0.0
4009.0,334.0,0.274627
4010.0,0.0,0.000248
4010.0,1.0,0.0
4010.0,2.0,0.0
4010.0,3.0,0.438882
4010.0,4.0,0.252143
4010.0,5.0,0.438176
4010.0,6.0,0.797678
4010.0,7.0,0.786481
4010.0,8.0,0.142978
4010.0,9.0,0.748787
4010.0,10.0,0.994796
4010.0,11.0,0.931481
4010.0,12.0,0.34957
4010.0,13.0,0.333783
4010.0,14.0,0.590808
4010.0,15.0,0.886212
4010.0,16.0,0.579028
4010.0,17.0,0.001234
4010.0,18.0,0.605348
4010.0,19.0,0.779564
4010.0,20.0,0.451344
4010.0,21.0,0.0
4010.0,22.0,0.885102
4010.0,23.0,1.0
4010.0,24.0,0.473002
4010.0,25.0,0.47387
4010.0,26.0,0.793422
4010.0,27.0,0.434975
4010.0,28.0,0.696523
4010.0,29.0,1.0
4010.0,30.0,0.206536
4010.0,31.0,0.778022
4010.0,32.0,0.99898
4010.0,33.0,1.0
4010.0,34.0,0.024728
4010.0,35.0,0.357597
4010.0,36.0,0.388238
4010.0,37.0,0.544021
4010.0,38.0,0.468542
4010.0,39.0,0.976468
4010.0,40.0,0.637523
4010.0,41.0,0.818541
4010.0,42.0,0.368499
4010.0,43.0,0.887341
4010.0,44.0,0.606864
4010.0,45.0,0.762174
4010.0,46.0,0.527249
4010.0,47.0,0.947572
4010.0,48.0,0.992505
4010.0,49.0,0.243293
4010.0,50.0,0.0
4010.0,51.0,0.287972
4010.0,52.0,1.0
4010.0,53.0,0.808389
4010.0,54.0,0.999422
4010.0,55.0,0.015726
4010.0,56.0,0.347747
4010.0,57.0,0.0
4010.0,58.0,0.418177
4010.0,59.0,0.286409
4010.0,60.0,0.827989
4010.0,61.0,0.946098
4010.0,62.0,0.163197
4010.0,63.0,0.686221
4010.0,64.0,0.944967
4010.0,65.0,0.022904
4010.0,66.0,0.0
4010.0,67.0,0.52585
4010.0,68.0,0.015465
4010.0,69.0,0.050783
4010.0,70.0,0.260292
4010.0,71.0,0.075522
4010.0,72.0,0.528536
4010.0,73.0,0.48236
4010.0,74.0,0.666937
4010.0,75.0,0.547198
4010.0,76.0,0.895815
4010.0,77.0,0.789405
4010.0,78.0,0.332984
4010.0,79.0,0.002174
4010.0,80.0,0.953352
4010.0,81.0,0.305606
4010.0,82.0,0.557454
4010.0,83.0,0.518999
4010.0,84.0,1.0
4010.0,85.0,0.425598
4010.0,86.0,0.746337
4010.0,87.0,0.999214
4010.0,88.0,0.0
4010.0,89.0,0.699591
4010.0,90.0,0.638387
4010.0,91.0,0.425423
4010.0,92.0,0.124499
4010.0,93.0,0.443153
4010.0,94.0,0.426011
4010.0,95.0,0.141164
4010.0,96.0,1.0
4010.0,97.0,0.32272
4010.0,98.0,0.0
4010.0,99.0,0.092631
4010.0,100.0,0.686049
4010.0,101.0,0.410706
4010.0,102.0,0.784351
4010.0,103.0,0.0
4010.0,104.0,0.049131
4010.0,105.0,0.603348
4010.0,106.0,0.727472
4010.0,107.0,0.818985
4010.0,108.0,0.891083
4010.0,109.0,0.973198
4010.0,110.0,0.389247
4010.0,111.0,0.904741
4010.0,112.0,0.209718
4010.0,113.0,0.553521
4010.0,114.0,0.365294
4010.0,115.0,0.138856
4010.0,116.0,0.943218
4010.0,117.0,0.272568
4010.0,118.0,0.806828
4010.0,119.0,0.203396
4010.0,120.0,0.0
4010.0,121.0,0.261543
4010.0,122.0,0.566405
4010.0,123.0,1.0
4010.0,124.0,0.462385
4010.0,125.0,0.473422
4010.0,126.0,0.380699
4010.0,127.0,0.037185
4010.0,128.0,0.036557
4010.0,129.0,0.968152
4010.0,130.0,0.023123
4010.0,131.0,0.96869
4010.0,132.0,0.367335
4010.0,133.0,0.815408
4010.0,134.0,0.492278
4010.0,135.0,0.330763
4010.0,136.0,1.0
4010.0,137.0,0.493136
4010.0,138.0,0.713881
4010.0,139.0,0.406496
4010.0,140.0,0.003195
4010.0,141.0,0.640461
4010.0,142.0,1.0
4010.0,143.0,0.137234
4010.0,144.0,0.203768
4010.0,145.0,0.375637
4010.0,146.0,0.563084
4010.0,147.0,1.0
4010.0,148.0,0.392954
4010.0,149.0,0.455956
4010.0,150.0,0.251255
4010.0,151.0,0.564876
4010.0,152.0,0.328011
4010.0,153.0,0.342908
4010.0,154.0,0.587315
4010.0,155.0,0.621744
4010.0,156.0,0.674689
4010.0,157.0,0.0
4010.0,158.0,0.173747
4010.0,159.0,0.122227
4010.0,160.0,0.02275
4010.0,161.0,0.030311
4010.0,162.0,0.729651
4010.0,163.0,0.618596
4010.0,164.0,0.64945
4010.0,165.0,0.436954
4010.0,166.0,0.0
4010.0,167.0,0.469128
4010.0,168.0,0.570551
4010.0,169.0,0.610863
4010.0,170.0,0.670061
4010.0,171.0,0.466222
4010.0,172.0,0.522118
4010.0,173.0,0.659579
4010.0,174.0,0.431387
4010.0,175.0,0.36562
4010.0,176.0,0.241931
4010.0,177.0,0.0
4010.0,178.0,1.0
4010.0,179.0,0.371832
4010.0,180.0,0.334033
4010.0,181.0,0.229387
4010.0,182.0,0.021788
4010.0,183.0,0.0
4010.0,184.0,0.485167
4010.0,185.0,0.4993
4010.0,186.0,0.863276
4010.0,187.0,0.522964
4010.0,188.0,0.00109
4010.0,189.0,0.887742
4010.0,190.0,1.0
4010.0,191.0,0.669986
4010.0,192.0,0.202803
4010.0,193.0,0.798851
4010.0,194.0,0.001523
4010.0,195.0,0.468658
4010.0,196.0,0.507595
4010.0,197.0,0.288951
4010.0,198.0,0.427652
4010.0,199.0,0.052083
4010.0,200.0,0.002453
4010.0,201.0,0.7518
4010.0,202.0,1.0
4010.0,203.0,0.549495
4010.0,204.0,0.270856
4010.0,205.0,0.0
4010.0,206.0,0.334252
4010.0,207.0,1.0
4010.0,208.0,0.570152
4010.0,209.0,0.649166
4010.0,210.0,0.305245
4010.0,211.0,0.154568
4010.0,212.0,0.570252
4010.0,213.0,0.0
4010.0,214.0,0.549026
4010.0,215.0,0.664814
4010.0,216.0,1.0
4010.0,217.0,0.682069
4010.0,218.0,0.0
4010.0,219.0,0.279871
4010.0,220.0,0.961607
4010.0,221.0,0.514332
4010.0,222.0,0.00907
4010.0,223.0,0.606897
4010.0,224.0,0.375835
4010.0,225.0,0.807249
4010.0,226.0,0.728248
4010.0,227.0,0.824986
4010.0,228.0,0.762991
4010.0,229.0,0.231767
4010.0,230.0,0.378806
4010.0,231.0,0.290025
4010.0,232.0,0.330456
4010.0,233.0,0.782015
4010.0,234.0,0.262936
4010.0,235.0,0.0
4010.0,236.0,0.948154
4010.0,237.0,0.13919
4010.0,238.0,0.568123
4010.0,239.0,0.997485
4010.0,240.0,0.171639
4010.0,241.0,0.447936
4010.0,242.0,0.453795
4010.0,243.0,0.0
4010.0,244.0,0.000923
4010.0,245.0,1.0
4010.0,246.0,0.629209
4010.0,247.0,0.508077
4010.0,248.0,0.533549
4010.0,249.0,0.460057
4010.0,250.0,0.521638
4010.0,251.0,0.938986
4010.0,252.0,0.414886
4010.0,253.0,0.700797
4010.0,254.0,0.61668
4010.0,255.0,0.406599
4010.0,256.0,1.0
4010.0,257.0,0.83444
4010.0,258.0,0.451897
4010.0,259.0,0.602372
4010.0,260.0,0.929178
4010.0,261.0,0.311512
4010.0,262.0,0.0
4010.0,263.0,0.45997
4010.0,264.0,0.0
4010.0,265.0,0.350354
4010.0,266.0,0.383897
4010.0,267.0,0.782694
4010.0,268.0,0.406851
4010.0,269.0,0.149328
4010.0,270.0,0.869007
4010.0,271.0,0.0
4010.0,272.0,0.123083
4010.0,273.0,0.352738
4010.0,274.0,0.243032
4010.0,275.0,0.672695
4010.0,276.0,0.034399
4010.0,277.0,0.31053
4010.0,278.0,0.480951
4010.0,279.0,0.211201
4010.0,280.0,0.535616
4010.0,281.0,0.831546
4010.0,282.0,1.0
4010.0,283.0,0.423656
4010.0,284.0,0.197242
4010.0,285.0,0.444822
4010.0,286.0,0.80852
4010.0,287.0,0.278182
4010.0,288.0,0.429079
4010.0,289.0,0.385731
4010.0,290.0,0.617845
4010.0,291.0,0.413298
4010.0,292.0,0.667639
4010.0,293.0,1.0
4010.0,294.0,0.314701
4010.0,295.0,0.260844
4010.0,296.0,0.001359
4010.0,297.0,0.770085
4010.0,298.0,0.07617
4010.0,299.0,0.0
4010.0,300.0,0.389827
4010.0,301.0,0.727448
4010.0,302.0,0.058095
4010.0,303.0,0.97156
4010.0,304.0,0.000108
4010.0,305.0,0.845012
4010.0,306.0,0.703821
4010.0,307.0,0.572953
4010.0,308.0,0.537554
4010.0,309.0,0.0
4010.0,310.0,1.0
4010.0,311.0,0.470519
4010.0,312.0,0.0
4010.0,313.0,0.557597
4010.0,314.0,0.4046
4010.0,315.0,0.485817
4010.0,316.0,0.329941
4010.0,317.0,0.961433
4010.0,318.0,0.621683
4010.0,319.0,0.039319
4010.0,320.0,0.325143
4010.0,321.0,0.0
4010.0,322.0,0.108001
4010.0,323.0,0.337281
4010.0,324.0,0.541049
4010.0,325.0,0.026216
4010.0,326.0,0.791301
4010.0,327.0,0.168056
4010.0,328.0,0.049294
4010.0,329.0,0.854109
4010.0,330.0,0.067588
4010.0,331.0,0.611877
4010.0,332.0,0.351447
4010.0,333.0,0.0
4010.0,334.0,0.271097
5000.0,0.0,0.0
5000.0,1.0,0.0
5000.0,2.0,0.0
5000.0,3.0,0.43395
5000.0,4.0,0.258308
5000.0,5.0,0.445055
5000.0,6.0,0.794181
5000.0,7.0,0.784288
5000.0,8.0,0.114475
5000.0,9.0,0.754498
5000.0,10.0,0.99917
5000.0,11.0,0.968702
5000.0,12.0,0.342424
5000.0,13.0,0.351849
5000.0,14.0,0.59223
5000.0,15.0,0.881888
5000.0,16.0,0.602613
5000.0,17.0,0.000122
5000.0,18.0,0.608939
5000.0,19.0,0.795976
5000.0,20.0,0.450549
5000.0,21.0,0.0
5000.0,22.0,0.889131
5000.0,23.0,1.0
5000.0,24.0,0.450183
5000.0,25.0,0.470195
5000.0,26.0,0.792481
5000.0,27.0,0.442029
5000.0,28.0,0.703097
5000.0,29.0,1.0
5000.0,30.0,0.211918
5000.0,31.0,0.756917
5000.0,32.0,0.99961
5000.0,33.0,1.0
5000.0,34.0,0.026188
5000.0,35.0,0.367419
5000.0,36.0,0.400527
5000.0,37.0,0.527627
5000.0,38.0,0.454874
5000.0,39.0,0.986182
5000.0,40.0,0.642396
5000.0,41.0,0.810236
5000.0,42.0,0.37051
5000.0,43.0,0.886148
5000.0,44.0,0.6001
5000.0,45.0,0.770329
5000.0,46.0,0.508661
5000.0,47.0,0.961177
5000.0,48.0,0.996234
5000.0,49.0,0.254072
5000.0,50.0,0.0
5000.0,51.0,0.27977
5000.0,52.0,1.0
5000.0,53.0,0.806547
5000.0,54.0,1.0
5000.0,55.0,0.005897
5000.0,56.0,0.34891
5000.0,57.0,0.0
5000.0,58.0,0.419824
5000.0,59.0,0.281274
5000.0,60.0,0.840439
5000.0,61.0,0.958002
5000.0,62.0,0.17183
5000.0,63.0,0.732985
5000.0,64.0,0.950352
5000.0,65.0,0.016612
5000.0,66.0,0.0
5000.0,67.0,0.537187
5000.0,68.0,0.006018
5000.0,69.0,0.042186
5000.0,70.0,0.244046
5000.0,71.0,0.081625
5000.0,72.0,0.534123
5000.0,73.0,0.491311
5000.0,74.0,0.662245
5000.0,75.0,0.546903
5000.0,76.0,0.914952
5000.0,77.0,0.79867
5000.0,78.0,0.335454
5000.0,79.0,0.000766
5000.0,80.0,0.973002
5000.0,81.0,0.303189
5000.0,82.0,0.564528
5000.0,83.0,0.527074
5000.0,84.0,1.0
5000.0,85.0,0.381713
5000.0,86.0,0.744193
5000.0,87.0,0.998234
5000.0,88.0,0.0
5000.0,89.0,0.695903
5000.0,90.0,0.662042
5000.0,91.0,0.431994
5000.0,92.0,0.118837
5000.0,93.0,0.438738
5000.0,94.0,0.419961
5000.0,95.0,0.099229
5000.0,96.0,1.0
5000.0,97.0,0.323839
5000.0,98.0,0.0
5000.0,99.0,0.075084
5000.0,100.0,0.700799
5000.0,101.0,0.395775
5000.0,102.0,0.791415
5000.0,103.0,0.0
5000.0,104.0,0.030357
5000.0,105.0,0.604653
5000.0,106.0,0.737826
5000.0,107.0,0.845467
5000.0,108.0,0.907197
5000.0,109.0,0.978998
5000.0,110.0,0.417512
5000.0,111.0,0.905477
5000.0,112.0,0.178211
5000.0,113.0,0.544587
5000.0,114.0,0.36727
5000.0,115.0,0.125551
5000.0,116.0,0.958103
5000.0,117.0,0.27565
5000.0,118.0,0.799411
5000.0,119.0,0.151147
5000.0,120.0,0.0
5000.0,121.0,0.268941
5000.0,122.0,0.57269
5000.0,123.0,1.0
5000.0,124.0,0.463071
5000.0,125.0,0.467194
5000.0,126.0,0.371984
5000.0,127.0,0.041543
5000.0,128.0,0.032542
5000.0,129.0,0.978319
5000.0,130.0,0.015608
5000.0,131.0,0.980197
5000.0,132.0,0.365799
5000.0,133.0,0.822331
5000.0,134.0,0.498899
5000.0,135.0,0.332609
5000.0,136.0,1.0
5000.0,137.0,0.49305
5000.0,138.0,0.714454
5000.0,139.0,0.414155
5000.0,140.0,0.001221
5000.0,141.0,0.635182
5000.0,142.0,1.0
5000.0,143.0,0.14576
5000.0,144.0,0.200071
5000.0,145.0,0.384291
5000.0,146.0,0.555719
5000.0,147.0,1.0
5000.0,148.0,0.395326
5000.0,149.0,0.463774
5000.0,150.0,0.256584
5000.0,151.0,0.573104
5000.0,152.0,0.341625
5000.0,153.0,0.347159
5000.0,154.0,0.58667
5000.0,155.0,0.619505
5000.0,156.0,0.708404
5000.0,157.0,0.0
5000.0,158.0,0.175887
5000.0,159.0,0.12212
5000.0,160.0,0.01809
5000.0,161.0,0.020939
5000.0,162.0,0.76194
5000.0,163.0,0.616643
5000.0,164.0,0.663774
5000.0,165.0,0.431164
5000.0,166.0,0.0
5000.0,167.0,0.460256
5000.0,168.0,0.569207
5000.0,169.0,0.604081
5000.0,170.0,0.664645
5000.0,171.0,0.470039
5000.0,172.0,0.536588
5000.0,173.0,0.660372
5000.0,174.0,0.448213
5000.0,175.0,0.365142
5000.0,176.0,0.203076
5000.0,177.0,0.0
5000.0,178.0,1.0
5000.0,179.0,0.369057
5000.0,180.0,0.335883
5000.0,181.0,0.203834
5000.0,182.0,0.010471
5000.0,183.0,0.0
5000.0,184.0,0.473609
5000.0,185.0,0.505179
5000.0,186.0,0.860906
5000.0,187.0,0.517373
5000.0,188.0,0.0
5000.0,189.0,0.896486
5000.0,190.0,1.0
5000.0,191.0,0.658745
5000.0,192.0,0.205226
5000.0,193.0,0.815813
5000.0,194.0,2.3e-05
5000.0,195.0,0.457273
5000.0,196.0,0.511492
5000.0,197.0,0.280384
5000.0,198.0,0.428639
5000.0,199.0,0.039065
5000.0,200.0,8.6e-05
5000.0,201.0,0.749736
5000.0,202.0,1.0
5000.0,203.0,0.550141
5000.0,204.0,0.280825
5000.0,205.0,0.0
5000.0,206.0,0.33893
5000.0,207.0,1.0
5000.0,208.0,0.570614
5000.0,209.0,0.675904
5000.0,210.0,0.305265
5000.0,211.0,0.114614
5000.0,212.0,0.574963
5000.0,213.0,0.0
5000.0,214.0,0.548585
5000.0,215.0,0.661365
5000.0,216.0,1.0
5000.0,217.0,0.708844
5000.0,218.0,0.0
5000.0,219.0,0.267827
5000.0,220.0,0.976549
5000.0,221.0,0.504902
5000.0,222.0,0.003744
5000.0,223.0,0.612204
5000.0,224.0,0.364008
5000.0,225.0,0.80686
5000.0,226.0,0.732084
5000.0,227.0,0.8381
5000.0,228.0,0.762287
5000.0,229.0,0.223042
5000.0,230.0,0.375636
5000.0,231.0,0.28754
5000.0,232.0,0.295786
5000.0,233.0,0.778723
5000.0,234.0,0.272266
5000.0,235.0,0.0
5000.0,236.0,0.948292
5000.0,237.0,0.123886
5000.0,238.0,0.560188
5000.0,239.0,0.999511
5000.0,240.0,0.155614
5000.0,241.0,0.442065
5000.0,242.0,0.43927
5000.0,243.0,0.0
5000.0,244.0,0.001449
5000.0,245.0,1.0
5000.0,246.0,0.627012
5000.0,247.0,0.513658
5000.0,248.0,0.531561
5000.0,249.0,0.458218
5000.0,250.0,0.514095
5000.0,251.0,0.943174
5000.0,252.0,0.403184
5000.0,253.0,0.700777
5000.0,254.0,0.614055
5000.0,255.0,0.409244
5000.0,256.0,1.0
5000.0,257.0,0.831804
5000.0,258.0,0.457414
5000.0,259.0,0.614815
5000.0,260.0,0.9373
5000.0,261.0,0.304648
5000.0,262.0,0.0
5000.0,263.0,0.471291
5000.0,264.0,0.0
5000.0,265.0,0.356023
5000.0,266.0,0.377887
5000.0,267.0,0.794249
5000.0,268.0,0.414386
5000.0,269.0,0.155255
5000.0,270.0,0.882202
5000.0,271.0,0.0
5000.0,272.0,0.1324
5000.0,273.0,0.356374
5000.0,274.0,0.205808
5000.0,275.0,0.663654
5000.0,276.0,0.034094
5000.0,277.0,0.320918
5000.0,278.0,0.479964
5000.0,279.0,0.210042
5000.0,280.0,0.524366
5000.0,281.0,0.829018
5000.0,282.0,1.0
5000.0,283.0,0.446937
5000.0,284.0,0.169295
5000.0,285.0,0.44353
5000.0,286.0,0.808964
5000.0,287.0,0.269902
5000.0,288.0,0.427748
5000.0,289.0,0.388596
5000.0,290.0,0.628408
5000.0,291.0,0.408289
5000.0,292.0,0.680411
5000.0,293.0,1.0
5000.0,294.0,0.286504
5000.0,295.0,0.260774
5000.0,296.0,0.000172
5000.0,297.0,0.82436
5000.0,298.0,0.046979
5000.0,299.0,0.0
5000.0,300.0,0.383945
5000.0,301.0,0.743297
5000.0,302.0,0.024925
5000.0,303.0,0.976113
5000.0,304.0,0.0
5000.0,305.0,0.844757
5000.0,306.0,0.696891
5000.0,307.0,0.576174
5000.0,308.0,0.525616
5000.0,309.0,0.0
5000.0,310.0,1.0
5000.0,311.0,0.461855
5000.0,312.0,0.0
5000.0,313.0,0.567967
5000.0,314.0,0.387923
5000.0,315.0,0.477243
5000.0,316.0,0.329232
5000.0,317.0,0.968395
5000.0,318.0,0.610873
5000.0,319.0,0.016615
5000.0,320.0,0.324264
5000.0,321.0,0.0
5000.0,322.0,0.116204
5000.0,323.0,0.338215
5000.0,324.0,0.551054
5000.0,325.0,0.015806
5000.0,326.0,0.794119
5000.0,327.0,0.175525
5000.0,328.0,0.050802
5000.0,329.0,0.854098
5000.0,330.0,0.036888
5000.0,331.0,0.639037
5000.0,332.0,0.347868
5000.0,333.0,0.0
5000.0,334.0,0.27817
5001.0,0.0,0.0
5001.0,1.0,0.0
5001.0,2.0,0.0
5001.0,3.0,0.439068
5001.0,4.0,0.260797
5001.0,5.0,0.45575
5001.0,6.0,0.79529
5001.0,7.0,0.785753
5001.0,8.0,0.11497
5001.0,9.0,0.756053
5001.0,10.0,0.999166
5001.0,11.0,0.968807
5001.0,12.0,0.348788
5001.0,13.0,0.355651
5001.0,14.0,0.606957
5001.0,15.0,0.882331
5001.0,16.0,0.604764
5001.0,17.0,0.000136
5001.0,18.0,0.617687
5001.0,19.0,0.796759
5001.0,20.0,0.454917
5001.0,21.0,0.0
5001.0,22.0,0.890497
5001.0,23.0,1.0
5001.0,24.0,0.452508
5001.0,25.0,0.478213
5001.0,26.0,0.801583
5001.0,27.0,0.446804
5001.0,28.0,0.706637
5001.0,29.0,1.0
5001.0,30.0,0.220835
5001.0,31.0,0.758213
5001.0,32.0,0.99963
5001.0,33.0,1.0
5001.0,34.0,0.027783
5001.0,35.0,0.369198
5001.0,36.0,0.403505
5001.0,37.0,0.529023
5001.0,38.0,0.458554
5001.0,39.0,0.987056
5001.0,40.0,0.646373
5001.0,41.0,0.812854
5001.0,42.0,0.376515
5001.0,43.0,0.895451
5001.0,44.0,0.605138
5001.0,45.0,0.77778
5001.0,46.0,0.509051
5001.0,47.0,0.962843
5001.0,48.0,0.99617
5001.0,49.0,0.255415
5001.0,50.0,0.0
5001.0,51.0,0.283638
5001.0,52.0,1.0
5001.0,53.0,0.811242
5001.0,54.0,1.0
5001.0,55.0,0.006029
5001.0,56.0,0.349767
5001.0,57.0,0.0
5001.0,58.0,0.421644
5001.0,59.0,0.287189
5001.0,60.0,0.840653
5001.0,61.0,0.958577
5001.0,62.0,0.176626
5001.0,63.0,0.734338
5001.0,64.0,0.950965
5001.0,65.0,0.01629
5001.0,66.0,0.0
5001.0,67.0,0.539598
5001.0,68.0,0.006061
5001.0,69.0,0.04239
5001.0,70.0,0.246137
5001.0,71.0,0.08387
5001.0,72.0,0.537598
5001.0,73.0,0.492124
5001.0,74.0,0.664681
5001.0,75.0,0.554261
5001.0,76.0,0.915669
5001.0,77.0,0.799798
5001.0,78.0,0.343019
5001.0,79.0,0.000806
5001.0,80.0,0.973038
5001.0,81.0,0.306026
5001.0,82.0,0.567317
5001.0,83.0,0.529299
5001.0,84.0,1.0
5001.0,85.0,0.381506
5001.0,86.0,0.748132
5001.0,87.0,0.998347
5001.0,88.0,0.0
5001.0,89.0,0.698677
5001.0,90.0,0.66272
5001.0,91.0,0.435744
5001.0,92.0,0.120693
5001.0,93.0,0.440221
5001.0,94.0,0.423931
5001.0,95.0,0.099491
5001.0,96.0,1.0
5001.0,97.0,0.366688
5001.0,98.0,0.0
5001.0,99.0,0.075857
5001.0,100.0,0.702518
5001.0,101.0,0.397408
5001.0,102.0,0.797798
5001.0,103.0,0.0
5001.0,104.0,0.030763
5001.0,105.0,0.606094
5001.0,106.0,0.741138
5001.0,107.0,0.845494
5001.0,108.0,0.910382
5001.0,109.0,0.979504
5001.0,110.0,0.418784
5001.0,111.0,0.906957
5001.0,112.0,0.179058
5001.0,113.0,0.544968
5001.0,114.0,0.371272
5001.0,115.0,0.126802
5001.0,116.0,0.958379
5001.0,117.0,0.27647
5001.0,118.0,0.803045
5001.0,119.0,0.152085
5001.0,120.0,0.0
5001.0,121.0,0.280202
5001.0,122.0,0.575384
5001.0,123.0,1.0
5001.0,124.0,0.469293
5001.0,125.0,0.473757
5001.0,126.0,0.374919
5001.0,127.0,0.042619
5001.0,128.0,0.032706
5001.0,129.0,0.978597
5001.0,130.0,0.015602
5001.0,131.0,0.980594
5001.0,132.0,0.372619
5001.0,133.0,0.823919
5001.0,134.0,0.490273
5001.0,135.0,0.342079
5001.0,136.0,1.0
5001.0,137.0,0.495696
5001.0,138.0,0.721064
5001.0,139.0,0.418615
5001.0,140.0,0.001256
5001.0,141.0,0.636503
5001.0,142.0,1.0
5001.0,143.0,0.148647
5001.0,144.0,0.201519
5001.0,145.0,0.387191
5001.0,146.0,0.557486
5001.0,147.0,1.0
5001.0,148.0,0.397885
5001.0,149.0,0.472721
5001.0,150.0,0.25727
5001.0,151.0,0.575519
5001.0,152.0,0.342447
5001.0,153.0,0.356823
5001.0,154.0,0.589037
5001.0,155.0,0.6254
5001.0,156.0,0.707369
5001.0,157.0,0.0
5001.0,158.0,0.181314
5001.0,159.0,0.12569
5001.0,160.0,0.018438
5001.0,161.0,0.021268
5001.0,162.0,0.762228
5001.0,163.0,0.618813
5001.0,164.0,0.666341
5001.0,165.0,0.4377
5001.0,166.0,0.0
5001.0,167.0,0.461059
5001.0,168.0,0.570289
5001.0,169.0,0.635495
5001.0,170.0,0.668801
5001.0,171.0,0.470695
5001.0,172.0,0.539297
5001.0,173.0,0.662652
5001.0,174.0,0.448164
5001.0,175.0,0.366474
5001.0,176.0,0.205063
5001.0,177.0,0.0
5001.0,178.0,1.0
5001.0,179.0,0.376653
5001.0,180.0,0.341278
5001.0,181.0,0.204179
5001.0,182.0,0.010342
5001.0,183.0,0.0
5001.0,184.0,0.477363
5001.0,185.0,0.506883
5001.0,186.0,0.865673
5001.0,187.0,0.518514
5001.0,188.0,0.0
5001.0,189.0,0.896886
5001.0,190.0,1.0
5001.0,191.0,0.659996
5001.0,192.0,0.206663
5001.0,193.0,0.815492
5001.0,194.0,3.0e-05
5001.0,195.0,0.463424
5001.0,196.0,0.509782
5001.0,197.0,0.284106
5001.0,198.0,0.43247
5001.0,199.0,0.038947
5001.0,200.0,6.5e-05
5001.0,201.0,0.751303
5001.0,202.0,1.0
5001.0,203.0,0.571398
5001.0,204.0,0.282539
5001.0,205.0,0.0
5001.0,206.0,0.362904
5001.0,207.0,1.0
5001.0,208.0,0.57317
5001.0,209.0,0.677158
5001.0,210.0,0.314476
5001.0,211.0,0.11546
5001.0,212.0,0.582113
5001.0,213.0,0.0
5001.0,214.0,0.556804
5001.0,215.0,0.666555
5001.0,216.0,1.0
5001.0,217.0,0.713303
5001.0,218.0,0.0
5001.0,219.0,0.268339
5001.0,220.0,0.976832
5001.0,221.0,0.515813
5001.0,222.0,0.003872
5001.0,223.0,0.613173
5001.0,224.0,0.367594
5001.0,225.0,0.808815
5001.0,226.0,0.737196
5001.0,227.0,0.840564
5001.0,228.0,0.765261
5001.0,229.0,0.225224
5001.0,230.0,0.377268
5001.0,231.0,0.349526
5001.0,232.0,0.294829
5001.0,233.0,0.781951
5001.0,234.0,0.277572
5001.0,235.0,0.0
5001.0,236.0,0.948898
5001.0,237.0,0.124996
5001.0,238.0,0.572808
5001.0,239.0,0.999508
5001.0,240.0,0.157345
5001.0,241.0,0.444594
5001.0,242.0,0.442098
5001.0,243.0,0.0
5001.0,244.0,0.001472
5001.0,245.0,1.0
5001.0,246.0,0.628201
5001.0,247.0,0.514088
5001.0,248.0,0.534021
5001.0,249.0,0.462119
5001.0,250.0,0.5219
5001.0,251.0,0.943374
5001.0,252.0,0.403452
5001.0,253.0,0.703944
5001.0,254.0,0.620487
5001.0,255.0,0.411536
5001.0,256.0,1.0
5001.0,257.0,0.833262
5001.0,258.0,0.45836
5001.0,259.0,0.615818
5001.0,260.0,0.938518
5001.0,261.0,0.312405
5001.0,262.0,0.0
5001.0,263.0,0.471821
5001.0,264.0,0.0
5001.0,265.0,0.356986
5001.0,266.0,0.381503
5001.0,267.0,0.79688
5001.0,268.0,0.420792
5001.0,269.0,0.157648
5001.0,270.0,0.882812
5001.0,271.0,0.0
5001.0,272.0,0.134038
5001.0,273.0,0.360132
5001.0,274.0,0.207002
5001.0,275.0,0.665716
5001.0,276.0,0.034693
5001.0,277.0,0.322784
5001.0,278.0,0.481502
5001.0,279.0,0.213032
5001.0,280.0,0.525194
5001.0,281.0,0.831385
5001.0,282.0,1.0
5001.0,283.0,0.447853
5001.0,284.0,0.169552
5001.0,285.0,0.451593
5001.0,286.0,0.813532
5001.0,287.0,0.272465
5001.0,288.0,0.434532
5001.0,289.0,0.396522
5001.0,290.0,0.628568
5001.0,291.0,0.410662
5001.0,292.0,0.682784
5001.0,293.0,1.0
5001.0,294.0,0.286738
5001.0,295.0,0.264858
5001.0,296.0,0.000165
5001.0,297.0,0.824844
5001.0,298.0,0.047036
5001.0,299.0,0.0
5001.0,300.0,0.387244
5001.0,301.0,0.743535
5001.0,302.0,0.025227
5001.0,303.0,0.976336
5001.0,304.0,0.0
5001.0,305.0,0.845171
5001.0,306.0,0.699426
5001.0,307.0,0.576912
5001.0,308.0,0.530117
5001.0,309.0,0.0
5001.0,310.0,1.0
5001.0,311.0,0.463035
5001.0,312.0,0.0
5001.0,313.0,0.569607
5001.0,314.0,0.388862
5001.0,315.0,0.479706
5001.0,316.0,0.331044
5001.0,317.0,0.968349
5001.0,318.0,0.611759
5001.0,319.0,0.016847
5001.0,320.0,0.331644
5001.0,321.0,0.0
5001.0,322.0,0.117166
5001.0,323.0,0.372006
5001.0,324.0,0.553473
5001.0,325.0,0.017051
5001.0,326.0,0.795605
5001.0,327.0,0.176256
5001.0,328.0,0.051234
5001.0,329.0,0.863938
5001.0,330.0,0.03714
5001.0,331.0,0.639839
5001.0,332.0,0.353324
5001.0,333.0,0.0
5001.0,334.0,0.281432
5002.0,0.0,0.0
5002.0,1.0,0.0
5002.0,2.0,0.0
5002.0,3.0,0.443321
5002.0,4.0,0.262772
5002.0,5.0,0.464706
5002.0,6.0,0.797523
5002.0,7.0,0.786895
5002.0,8.0,0.114819
5002.0,9.0,0.758009
5002.0,10.0,0.999215
5002.0,11.0,0.969017
5002.0,12.0,0.355595
5002.0,13.0,0.358518
5002.0,14.0,0.620891
5002.0,15.0,0.883006
5002.0,16.0,0.606442
5002.0,17.0,0.000143
5002.0,18.0,0.624928
5002.0,19.0,0.797149
5002.0,20.0,0.45932
5002.0,21.0,0.0
5002.0,22.0,0.891505
5002.0,23.0,1.0
5002.0,24.0,0.454274
5002.0,25.0,0.487193
5002.0,26.0,0.810606
5002.0,27.0,0.451659
5002.0,28.0,0.709438
5002.0,29.0,1.0
5002.0,30.0,0.230089
5002.0,31.0,0.758856
5002.0,32.0,0.999623
5002.0,33.0,1.0
5002.0,34.0,0.029671
5002.0,35.0,0.370145
5002.0,36.0,0.405592
5002.0,37.0,0.530746
5002.0,38.0,0.462899
5002.0,39.0,0.987746
5002.0,40.0,0.650183
5002.0,41.0,0.816461
5002.0,42.0,0.382568
5002.0,43.0,0.903226
5002.0,44.0,0.610942
5002.0,45.0,0.784657
5002.0,46.0,0.509296
5002.0,47.0,0.964354
5002.0,48.0,0.996254
5002.0,49.0,0.257226
5002.0,50.0,0.0
5002.0,51.0,0.287527
5002.0,52.0,1.0
5002.0,53.0,0.814884
5002.0,54.0,1.0
5002.0,55.0,0.006227
5002.0,56.0,0.351713
5002.0,57.0,0.0
5002.0,58.0,0.42311
5002.0,59.0,0.293616
5002.0,60.0,0.841257
5002.0,61.0,0.958929
5002.0,62.0,0.181027
5002.0,63.0,0.734441
5002.0,64.0,0.952145
5002.0,65.0,0.016418
5002.0,66.0,0.0
5002.0,67.0,0.543332
5002.0,68.0,0.00622
5002.0,69.0,0.042436
5002.0,70.0,0.246527
5002.0,71.0,0.08588
5002.0,72.0,0.541538
5002.0,73.0,0.492697
5002.0,74.0,0.667341
5002.0,75.0,0.560833
5002.0,76.0,0.916478
5002.0,77.0,0.80038
5002.0,78.0,0.35136
5002.0,79.0,0.000849
5002.0,80.0,0.973094
5002.0,81.0,0.308425
5002.0,82.0,0.56975
5002.0,83.0,0.531688
5002.0,84.0,1.0
5002.0,85.0,0.382789
5002.0,86.0,0.751568
5002.0,87.0,0.998394
5002.0,88.0,0.0
5002.0,89.0,0.701103
5002.0,90.0,0.662648
5002.0,91.0,0.439
5002.0,92.0,0.121919
5002.0,93.0,0.442138
5002.0,94.0,0.428332
5002.0,95.0,0.099635
5002.0,96.0,1.0
5002.0,97.0,0.409805
5002.0,98.0,0.0
5002.0,99.0,0.076563
5002.0,100.0,0.703823
5002.0,101.0,0.399496
5002.0,102.0,0.804333
5002.0,103.0,0.0
5002.0,104.0,0.031098
5002.0,105.0,0.607764
5002.0,106.0,0.743847
5002.0,107.0,0.846575
5002.0,108.0,0.912935
5002.0,109.0,0.980441
5002.0,110.0,0.419349
5002.0,111.0,0.907923
5002.0,112.0,0.17965
5002.0,113.0,0.544674
5002.0,114.0,0.376069
5002.0,115.0,0.127658
5002.0,116.0,0.958462
5002.0,117.0,0.279603
5002.0,118.0,0.806059
5002.0,119.0,0.153466
5002.0,120.0,0.0
5002.0,121.0,0.291299
5002.0,122.0,0.576682
5002.0,123.0,1.0
5002.0,124.0,0.474426
5002.0,125.0,0.480748
5002.0,126.0,0.376936
5002.0,127.0,0.043589
5002.0,128.0,0.032699
5002.0,129.0,0.97865
5002.0,130.0,0.015722
5002.0,131.0,0.981173
5002.0,132.0,0.379803
5002.0,133.0,0.826189
5002.0,134.0,0.482702
5002.0,135.0,0.351522
5002.0,136.0,1.0
5002.0,137.0,0.497832
5002.0,138.0,0.728175
5002.0,139.0,0.42465
5002.0,140.0,0.001279
5002.0,141.0,0.637912
5002.0,142.0,1.0
5002.0,143.0,0.150593
5002.0,144.0,0.202651
5002.0,145.0,0.389877
5002.0,146.0,0.55929
5002.0,147.0,1.0
5002.0,148.0,0.400273
5002.0,149.0,0.482401
5002.0,150.0,0.259143
5002.0,151.0,0.577642
5002.0,152.0,0.344778
5002.0,153.0,0.364544
5002.0,154.0,0.590641
5002.0,155.0,0.631839
5002.0,156.0,0.707043
5002.0,157.0,0.0
5002.0,158.0,0.18695
5002.0,159.0,0.129099
5002.0,160.0,0.018853
5002.0,161.0,0.021376
5002.0,162.0,0.762178
5002.0,163.0,0.621993
5002.0,164.0,0.669144
5002.0,165.0,0.444424
5002.0,166.0,0.0
5002.0,167.0,0.461766
5002.0,168.0,0.571536
5002.0,169.0,0.667752
5002.0,170.0,0.673035
5002.0,171.0,0.471624
5002.0,172.0,0.541889
5002.0,173.0,0.666547
5002.0,174.0,0.448576
5002.0,175.0,0.367443
5002.0,176.0,0.206436
5002.0,177.0,0.0
5002.0,178.0,1.0
5002.0,179.0,0.384754
5002.0,180.0,0.345991
5002.0,181.0,0.205902
5002.0,182.0,0.010503
5002.0,183.0,0.0
5002.0,184.0,0.481455
5002.0,185.0,0.508237
5002.0,186.0,0.870446
5002.0,187.0,0.519125
5002.0,188.0,0.0
5002.0,189.0,0.897516
5002.0,190.0,1.0
5002.0,191.0,0.661016
5002.0,192.0,0.207481
5002.0,193.0,0.816434
5002.0,194.0,3.6e-05
5002.0,195.0,0.470363
5002.0,196.0,0.507206
5002.0,197.0,0.287101
5002.0,198.0,0.437039
5002.0,199.0,0.039038
5002.0,200.0,6.4e-05
5002.0,201.0,0.752152
5002.0,202.0,1.0
5002.0,203.0,0.589177
5002.0,204.0,0.285277
5002.0,205.0,0.0
5002.0,206.0,0.38562
5002.0,207.0,1.0
5002.0,208.0,0.575617
5002.0,209.0,0.677912
5002.0,210.0,0.323192
5002.0,211.0,0.116666
5002.0,212.0,0.58905
5002.0,213.0,0.0
5002.0,214.0,0.564169
5002.0,215.0,0.670793
5002.0,216.0,1.0
5002.0,217.0,0.71743
5002.0,218.0,0.0
5002.0,219.0,0.269693
5002.0,220.0,0.977226
5002.0,221.0,0.526885
5002.0,222.0,0.003995
5002.0,223.0,0.614452
5002.0,224.0,0.370234
5002.0,225.0,0.811587
5002.0,226.0,0.742548
5002.0,227.0,0.843208
5002.0,228.0,0.768074
5002.0,229.0,0.227718
5002.0,230.0,0.379382
5002.0,231.0,0.410231
5002.0,232.0,0.294592
5002.0,233.0,0.785712
5002.0,234.0,0.282417
5002.0,235.0,0.0
5002.0,236.0,0.949373
5002.0,237.0,0.126093
5002.0,238.0,0.585044
5002.0,239.0,0.999531
5002.0,240.0,0.158498
5002.0,241.0,0.447409
5002.0,242.0,0.445243
5002.0,243.0,0.0
5002.0,244.0,0.001508
5002.0,245.0,1.0
5002.0,246.0,0.628845
5002.0,247.0,0.515485
5002.0,248.0,0.538375
5002.0,249.0,0.466011
5002.0,250.0,0.527897
5002.0,251.0,0.943734
5002.0,252.0,0.405016
5002.0,253.0,0.707239
5002.0,254.0,0.625916
5002.0,255.0,0.413033
5002.0,256.0,1.0
5002.0,257.0,0.835
5002.0,258.0,0.458677
5002.0,259.0,0.617249
5002.0,260.0,0.939549
5002.0,261.0,0.319658
5002.0,262.0,0.0
5002.0,263.0,0.472923
5002.0,264.0,0.0
5002.0,265.0,0.35781
5002.0,266.0,0.384887
5002.0,267.0,0.79929
5002.0,268.0,0.426737
5002.0,269.0,0.159753
5002.0,270.0,0.883382
5002.0,271.0,0.0
5002.0,272.0,0.135731
5002.0,273.0,0.363477
5002.0,274.0,0.208911
5002.0,275.0,0.666934
5002.0,276.0,0.035012
5002.0,277.0,0.325547
5002.0,278.0,0.484022
5002.0,279.0,0.2154
5002.0,280.0,0.525638
5002.0,281.0,0.834504
5002.0,282.0,1.0
5002.0,283.0,0.447718
5002.0,284.0,0.169837
5002.0,285.0,0.458315
5002.0,286.0,0.81896
5002.0,287.0,0.274917
5002.0,288.0,0.440386
5002.0,289.0,0.403236
5002.0,290.0,0.62937
5002.0,291.0,0.41389
5002.0,292.0,0.684624
5002.0,293.0,1.0
5002.0,294.0,0.286296
5002.0,295.0,0.267797
5002.0,296.0,0.000166
5002.0,297.0,0.825189
5002.0,298.0,0.047205
5002.0,299.0,0.0
5002.0,300.0,0.390839
5002.0,301.0,0.743996
5002.0,302.0,0.02556
5002.0,303.0,0.976305
5002.0,304.0,0.0
5002.0,305.0,0.845934
5002.0,306.0,0.701185
5002.0,307.0,0.578149
5002.0,308.0,0.534411
5002.0,309.0,0.0
5002.0,310.0,1.0
5002.0,311.0,0.463073
5002.0,312.0,0.0
5002.0,313.0,0.571523
5002.0,314.0,0.390069
5002.0,315.0,0.483842
5002.0,316.0,0.333261
5002.0,317.0,0.968491
5002.0,318.0,0.613102
5002.0,319.0,0.01716
5002.0,320.0,0.340311
5002.0,321.0,0.0
5002.0,322.0,0.1179
5002.0,323.0,0.406375
5002.0,324.0,0.554429
5002.0,325.0,0.018134
5002.0,326.0,0.796833
5002.0,327.0,0.176877
5002.0,328.0,0.05178
5002.0,329.0,0.873373
5002.0,330.0,0.037254
5002.0,331.0,0.639628
5002.0,332.0,0.358048
5002.0,333.0,0.0
5002.0,334.0,0.285499
5003.0,0.0,0.0
5003.0,1.0,0.0
5003.0,2.0,0.0
5003.0,3.0,0.447628
5003.0,4.0,0.265038
5003.0,5.0,0.474034
5003.0,6.0,0.799539
5003.0,7.0,0.788055
5003.0,8.0,0.114763
5003.0,9.0,0.759712
5003.0,10.0,0.999221
5003.0,11.0,0.969068
5003.0,12.0,0.361821
5003.0,13.0,0.36337
5003.0,14.0,0.633654
5003.0,15.0,0.883815
5003.0,16.0,0.608163
5003.0,17.0,0.000151
5003.0,18.0,0.631247
5003.0,19.0,0.797223
5003.0,20.0,0.465022
5003.0,21.0,0.0
5003.0,22.0,0.892705
5003.0,23.0,1.0
5003.0,24.0,0.45548
5003.0,25.0,0.495464
5003.0,26.0,0.817902
5003.0,27.0,0.456196
5003.0,28.0,0.71161
5003.0,29.0,1.0
5003.0,30.0,0.239539
5003.0,31.0,0.759333
5003.0,32.0,0.999619
5003.0,33.0,1.0
5003.0,34.0,0.03153
5003.0,35.0,0.370307
5003.0,36.0,0.408485
5003.0,37.0,0.531478
5003.0,38.0,0.467924
5003.0,39.0,0.988314
5003.0,40.0,0.654357
5003.0,41.0,0.819165
5003.0,42.0,0.388932
5003.0,43.0,0.911039
5003.0,44.0,0.615624
5003.0,45.0,0.791632
5003.0,46.0,0.508555
5003.0,47.0,0.965408
5003.0,48.0,0.996238
5003.0,49.0,0.259048
5003.0,50.0,0.0
5003.0,51.0,0.289811
5003.0,52.0,1.0
5003.0,53.0,0.818794
5003.0,54.0,1.0
5003.0,55.0,0.006468
5003.0,56.0,0.353055
5003.0,57.0,0.0
5003.0,58.0,0.424494
5003.0,59.0,0.30002
5003.0,60.0,0.842317
5003.0,61.0,0.959367
5003.0,62.0,0.185742
5003.0,63.0,0.734784
5003.0,64.0,0.952982
5003.0,65.0,0.016333
5003.0,66.0,0.0
5003.0,67.0,0.547094
5003.0,68.0,0.006248
5003.0,69.0,0.04285
5003.0,70.0,0.247605
5003.0,71.0,0.087826
5003.0,72.0,0.544987
5003.0,73.0,0.493556
5003.0,74.0,0.669478
5003.0,75.0,0.567518
5003.0,76.0,0.917147
5003.0,77.0,0.800281
5003.0,78.0,0.359388
5003.0,79.0,0.000875
5003.0,80.0,0.973265
5003.0,81.0,0.310614
5003.0,82.0,0.572815
5003.0,83.0,0.534954
5003.0,84.0,1.0
5003.0,85.0,0.383359
5003.0,86.0,0.754957
5003.0,87.0,0.998481
5003.0,88.0,0.0
5003.0,89.0,0.703281
5003.0,90.0,0.662865
5003.0,91.0,0.443518
5003.0,92.0,0.123684
5003.0,93.0,0.443155
5003.0,94.0,0.431843
5003.0,95.0,0.099589
5003.0,96.0,1.0
5003.0,97.0,0.450937
5003.0,98.0,0.0
5003.0,99.0,0.076856
5003.0,100.0,0.704776
5003.0,101.0,0.401617
5003.0,102.0,0.810838
5003.0,103.0,0.0
5003.0,104.0,0.031208
5003.0,105.0,0.609211
5003.0,106.0,0.745608
5003.0,107.0,0.846751
5003.0,108.0,0.915391
5003.0,109.0,0.98115
5003.0,110.0,0.421232
5003.0,111.0,0.908848
5003.0,112.0,0.179892
5003.0,113.0,0.544874
5003.0,114.0,0.380565
5003.0,115.0,0.129993
5003.0,116.0,0.958555
5003.0,117.0,0.281475
5003.0,118.0,0.808639
5003.0,119.0,0.154939
5003.0,120.0,0.0
5003.0,121.0,0.301849
5003.0,122.0,0.578262
5003.0,123.0,1.0
5003.0,124.0,0.480218
5003.0,125.0,0.486126
5003.0,126.0,0.380682
5003.0,127.0,0.044129
5003.0,128.0,0.032673
5003.0,129.0,0.978842
5003.0,130.0,0.015879
5003.0,131.0,0.981755
5003.0,132.0,0.387251
5003.0,133.0,0.828683
5003.0,134.0,0.475435
5003.0,135.0,0.360962
5003.0,136.0,1.0
5003.0,137.0,0.500083
5003.0,138.0,0.733862
5003.0,139.0,0.429221
5003.0,140.0,0.001309
5003.0,141.0,0.639194
5003.0,142.0,1.0
5003.0,143.0,0.153667
5003.0,144.0,0.203522
5003.0,145.0,0.392515
5003.0,146.0,0.562159
5003.0,147.0,1.0
5003.0,148.0,0.40255
5003.0,149.0,0.491359
5003.0,150.0,0.25986
5003.0,151.0,0.580081
5003.0,152.0,0.346266
5003.0,153.0,0.372387
5003.0,154.0,0.593049
5003.0,155.0,0.637708
5003.0,156.0,0.707202
5003.0,157.0,0.0
5003.0,158.0,0.192325
5003.0,159.0,0.133114
5003.0,160.0,0.019255
5003.0,161.0,0.021508
5003.0,162.0,0.763201
5003.0,163.0,0.624497
5003.0,164.0,0.672267
5003.0,165.0,0.451215
5003.0,166.0,0.0
5003.0,167.0,0.463292
5003.0,168.0,0.572575
5003.0,169.0,0.696769
5003.0,170.0,0.677281
5003.0,171.0,0.472917
5003.0,172.0,0.544219
5003.0,173.0,0.669578
5003.0,174.0,0.448279
5003.0,175.0,0.368348
5003.0,176.0,0.208616
5003.0,177.0,0.0
5003.0,178.0,1.0
5003.0,179.0,0.393958
5003.0,180.0,0.351565
5003.0,181.0,0.20693
5003.0,182.0,0.01049
5003.0,183.0,0.0
5003.0,184.0,0.486449
5003.0,185.0,0.509428
5003.0,186.0,0.874348
5003.0,187.0,0.519972
5003.0,188.0,0.0
5003.0,189.0,0.897497
5003.0,190.0,1.0
5003.0,191.0,0.661649
5003.0,192.0,0.207898
5003.0,193.0,0.816536
5003.0,194.0,3.3e-05
5003.0,195.0,0.47764
5003.0,196.0,0.505079
5003.0,197.0,0.29107
5003.0,198.0,0.441584
5003.0,199.0,0.038963
5003.0,200.0,6.0e-05
5003.0,201.0,0.752848
5003.0,202.0,1.0
5003.0,203.0,0.60829
5003.0,204.0,0.287473
5003.0,205.0,0.0
5003.0,206.0,0.408521
5003.0,207.0,1.0
5003.0,208.0,0.578309
5003.0,209.0,0.678879
5003.0,210.0,0.332444
5003.0,211.0,0.117757
5003.0,212.0,0.596503
5003.0,213.0,0.0
5003.0,214.0,0.571007
5003.0,215.0,0.675615
5003.0,216.0,1.0
5003.0,217.0,0.720963
5003.0,218.0,0.0
5003.0,219.0,0.271824
5003.0,220.0,0.977741
5003.0,221.0,0.537576
5003.0,222.0,0.004017
5003.0,223.0,0.615906
5003.0,224.0,0.374003
5003.0,225.0,0.814069
5003.0,226.0,0.74669
5003.0,227.0,0.846341
5003.0,228.0,0.771206
5003.0,229.0,0.229523
5003.0,230.0,0.380952
5003.0,231.0,0.46777
5003.0,232.0,0.294791
5003.0,233.0,0.789014
5003.0,234.0,0.28805
5003.0,235.0,0.0
5003.0,236.0,0.949653
5003.0,237.0,0.126737
5003.0,238.0,0.596867
5003.0,239.0,0.999532
5003.0,240.0,0.159841
5003.0,241.0,0.449876
5003.0,242.0,0.4479
5003.0,243.0,0.0
5003.0,244.0,0.0016
5003.0,245.0,1.0
5003.0,246.0,0.629864
5003.0,247.0,0.516993
5003.0,248.0,0.542424
5003.0,249.0,0.47069
5003.0,250.0,0.534521
5003.0,251.0,0.94426
5003.0,252.0,0.406518
5003.0,253.0,0.710595
5003.0,254.0,0.631672
5003.0,255.0,0.415269
5003.0,256.0,1.0
5003.0,257.0,0.836895
5003.0,258.0,0.459106
5003.0,259.0,0.618571
5003.0,260.0,0.940251
5003.0,261.0,0.326764
5003.0,262.0,0.0
5003.0,263.0,0.473007
5003.0,264.0,0.0
5003.0,265.0,0.359108
5003.0,266.0,0.387423
5003.0,267.0,0.801468
5003.0,268.0,0.43188
5003.0,269.0,0.161749
5003.0,270.0,0.883868
5003.0,271.0,0.0
5003.0,272.0,0.137129
5003.0,273.0,0.367007
5003.0,274.0,0.209737
5003.0,275.0,0.668633
5003.0,276.0,0.035715
5003.0,277.0,0.329345
5003.0,278.0,0.486133
5003.0,279.0,0.21863
5003.0,280.0,0.52578
5003.0,281.0,0.837434
5003.0,282.0,1.0
5003.0,283.0,0.448027
5003.0,284.0,0.169815
5003.0,285.0,0.464367
5003.0,286.0,0.823487
5003.0,287.0,0.276151
5003.0,288.0,0.445691
5003.0,289.0,0.410312
5003.0,290.0,0.629325
5003.0,291.0,0.416073
5003.0,292.0,0.686924
5003.0,293.0,1.0
5003.0,294.0,0.286195
5003.0,295.0,0.271442
5003.0,296.0,0.000165
5003.0,297.0,0.825554
5003.0,298.0,0.047474
5003.0,299.0,0.0
5003.0,300.0,0.394029
5003.0,301.0,0.744447
5003.0,302.0,0.025828
5003.0,303.0,0.976171
5003.0,304.0,0.0
5003.0,305.0,0.84673
5003.0,306.0,0.703467
5003.0,307.0,0.580279
5003.0,308.0,0.537958
5003.0,309.0,0.0
5003.0,310.0,1.0
5003.0,311.0,0.463597
5003.0,312.0,0.0
5003.0,313.0,0.573186
5003.0,314.0,0.390392
5003.0,315.0,0.487021
5003.0,316.0,0.335272
5003.0,317.0,0.96882
5003.0,318.0,0.615406
5003.0,319.0,0.017197
5003.0,320.0,0.348652
5003.0,321.0,0.0
5003.0,322.0,0.119681
5003.0,323.0,0.439818
5003.0,324.0,0.556241
5003.0,325.0,0.019467
5003.0,326.0,0.798339
5003.0,327.0,0.177885
5003.0,328.0,0.051805
5003.0,329.0,0.88192
5003.0,330.0,0.037483
5003.0,331.0,0.639447
5003.0,332.0,0.36256
5003.0,333.0,0.0
5003.0,334.0,0.290287
5004.0,0.0,0.0
5004.0,1.0,0.0
5004.0,2.0,0.0
5004.0,3.0,0.451532
5004.0,4.0,0.267897
5004.0,5.0,0.48276
5004.0,6.0,0.801244
5004.0,7.0,0.788201
5004.0,8.0,0.115138
5004.0,9.0,0.761096
5004.0,10.0,0.999209
5004.0,11.0,0.969073
5004.0,12.0,0.367996
5004.0,13.0,0.366403
5004.0,14.0,0.64521
5004.0,15.0,0.884181
5004.0,16.0,0.609413
5004.0,17.0,0.00017
5004.0,18.0,0.637825
5004.0,19.0,0.798368
5004.0,20.0,0.470169
5004.0,21.0,0.0
5004.0,22.0,0.894121
5004.0,23.0,1.0
5004.0,24.0,0.456643
5004.0,25.0,0.503431
5004.0,26.0,0.825221
5004.0,27.0,0.460898
5004.0,28.0,0.715302
5004.0,29.0,1.0
5004.0,30.0,0.249846
5004.0,31.0,0.759209
5004.0,32.0,0.999652
5004.0,33.0,1.0
5004.0,34.0,0.033516
5004.0,35.0,0.370872
5004.0,36.0,0.41118
5004.0,37.0,0.532223
5004.0,38.0,0.472288
5004.0,39.0,0.98872
5004.0,40.0,0.658109
5004.0,41.0,0.821878
5004.0,42.0,0.394732
5004.0,43.0,0.917636
5004.0,44.0,0.620586
5004.0,45.0,0.797738
5004.0,46.0,0.509533
5004.0,47.0,0.966406
5004.0,48.0,0.996409
5004.0,49.0,0.260978
5004.0,50.0,0.0
5004.0,51.0,0.293343
5004.0,52.0,1.0
5004.0,53.0,0.822845
5004.0,54.0,1.0
5004.0,55.0,0.006426
5004.0,56.0,0.354283
5004.0,57.0,0.0
5004.0,58.0,0.426295
5004.0,59.0,0.305729
5004.0,60.0,0.843404
5004.0,61.0,0.959701
5004.0,62.0,0.190439
5004.0,63.0,0.7348
5004.0,64.0,0.953585
5004.0,65.0,0.016232
5004.0,66.0,0.0
5004.0,67.0,0.551031
5004.0,68.0,0.00626
5004.0,69.0,0.043192
5004.0,70.0,0.248519
5004.0,71.0,0.090131
5004.0,72.0,0.54911
5004.0,73.0,0.494545
5004.0,74.0,0.672047
5004.0,75.0,0.574102
5004.0,76.0,0.918214
5004.0,77.0,0.801266
5004.0,78.0,0.367169
5004.0,79.0,0.000887
5004.0,80.0,0.973461
5004.0,81.0,0.313465
5004.0,82.0,0.576248
5004.0,83.0,0.537817
5004.0,84.0,1.0
5004.0,85.0,0.383952
5004.0,86.0,0.758277
5004.0,87.0,0.998523
5004.0,88.0,0.0
5004.0,89.0,0.705795
5004.0,90.0,0.663266
5004.0,91.0,0.446829
5004.0,92.0,0.12567
5004.0,93.0,0.443018
5004.0,94.0,0.435453
5004.0,95.0,0.100076
5004.0,96.0,1.0
5004.0,97.0,0.491526
5004.0,98.0,0.0
5004.0,99.0,0.07758
5004.0,100.0,0.706325
5004.0,101.0,0.402448
5004.0,102.0,0.816086
5004.0,103.0,0.0
5004.0,104.0,0.031518
5004.0,105.0,0.61115
5004.0,106.0,0.74784
5004.0,107.0,0.847097
5004.0,108.0,0.917954
5004.0,109.0,0.981813
5004.0,110.0,0.423019
5004.0,111.0,0.909727
5004.0,112.0,0.180186
5004.0,113.0,0.545451
5004.0,114.0,0.384558
5004.0,115.0,0.130303
5004.0,116.0,0.958352
5004.0,117.0,0.28338
5004.0,118.0,0.811409
5004.0,119.0,0.156427
5004.0,120.0,0.0
5004.0,121.0,0.312998
5004.0,122.0,0.580858
5004.0,123.0,1.0
5004.0,124.0,0.485977
5004.0,125.0,0.492796
5004.0,126.0,0.383104
5004.0,127.0,0.044808
5004.0,128.0,0.033296
5004.0,129.0,0.978729
5004.0,130.0,0.015933
5004.0,131.0,0.982103
5004.0,132.0,0.393688
5004.0,133.0,0.830767
5004.0,134.0,0.468597
5004.0,135.0,0.370564
5004.0,136.0,1.0
5004.0,137.0,0.502389
5004.0,138.0,0.739724
5004.0,139.0,0.43281
5004.0,140.0,0.001387
5004.0,141.0,0.639971
5004.0,142.0,1.0
5004.0,143.0,0.156177
5004.0,144.0,0.205396
5004.0,145.0,0.395418
5004.0,146.0,0.564455
5004.0,147.0,1.0
5004.0,148.0,0.404139
5004.0,149.0,0.498524
5004.0,150.0,0.260099
5004.0,151.0,0.582827
5004.0,152.0,0.347299
5004.0,153.0,0.381995
5004.0,154.0,0.595337
5004.0,155.0,0.643333
5004.0,156.0,0.706459
5004.0,157.0,0.0
5004.0,158.0,0.197203
5004.0,159.0,0.136628
5004.0,160.0,0.019889
5004.0,161.0,0.021743
5004.0,162.0,0.764385
5004.0,163.0,0.627202
5004.0,164.0,0.674768
5004.0,165.0,0.457597
5004.0,166.0,0.0
5004.0,167.0,0.464144
5004.0,168.0,0.574065
5004.0,169.0,0.725014
5004.0,170.0,0.680646
5004.0,171.0,0.473714
5004.0,172.0,0.546939
5004.0,173.0,0.673333
5004.0,174.0,0.449425
5004.0,175.0,0.369838
5004.0,176.0,0.210757
5004.0,177.0,0.0
5004.0,178.0,1.0
5004.0,179.0,0.40267
5004.0,180.0,0.356445
5004.0,181.0,0.208342
5004.0,182.0,0.010534
5004.0,183.0,0.0
5004.0,184.0,0.491231
5004.0,185.0,0.50987
5004.0,186.0,0.878182
5004.0,187.0,0.521319
5004.0,188.0,0.0
5004.0,189.0,0.8977
5004.0,190.0,1.0
5004.0,191.0,0.662565
5004.0,192.0,0.208417
5004.0,193.0,0.817116
5004.0,194.0,3.7e-05
5004.0,195.0,0.483665
5004.0,196.0,0.502663
5004.0,197.0,0.294805
5004.0,198.0,0.44531
5004.0,199.0,0.039049
5004.0,200.0,4.2e-05
5004.0,201.0,0.754465
5004.0,202.0,1.0
5004.0,203.0,0.626113
5004.0,204.0,0.288714
5004.0,205.0,0.0
5004.0,206.0,0.430475
5004.0,207.0,1.0
5004.0,208.0,0.58119
5004.0,209.0,0.679281
5004.0,210.0,0.341435
5004.0,211.0,0.118459
5004.0,212.0,0.604377
5004.0,213.0,0.0
5004.0,214.0,0.57828
5004.0,215.0,0.68044
5004.0,216.0,1.0
5004.0,217.0,0.724514
5004.0,218.0,0.0
5004.0,219.0,0.272591
5004.0,220.0,0.978238
5004.0,221.0,0.548377
5004.0,222.0,0.004062
5004.0,223.0,0.615896
5004.0,224.0,0.377104
5004.0,225.0,0.816061
5004.0,226.0,0.752507
5004.0,227.0,0.84863
5004.0,228.0,0.774168
5004.0,229.0,0.23189
5004.0,230.0,0.381788
5004.0,231.0,0.520229
5004.0,232.0,0.295237
5004.0,233.0,0.79218
5004.0,234.0,0.292354
5004.0,235.0,0.0
5004.0,236.0,0.949831
5004.0,237.0,0.127508
5004.0,238.0,0.608572
5004.0,239.0,0.999531
5004.0,240.0,0.161011
5004.0,241.0,0.453345
5004.0,242.0,0.450284
5004.0,243.0,0.0
5004.0,244.0,0.001669
5004.0,245.0,1.0
5004.0,246.0,0.63141
5004.0,247.0,0.518067
5004.0,248.0,0.546154
5004.0,249.0,0.474752
5004.0,250.0,0.54186
5004.0,251.0,0.944176
5004.0,252.0,0.407956
5004.0,253.0,0.713512
5004.0,254.0,0.63693
5004.0,255.0,0.417085
5004.0,256.0,1.0
5004.0,257.0,0.839175
5004.0,258.0,0.460182
5004.0,259.0,0.620509
5004.0,260.0,0.941693
5004.0,261.0,0.334097
5004.0,262.0,0.0
5004.0,263.0,0.473669
5004.0,264.0,0.0
5004.0,265.0,0.360339
5004.0,266.0,0.390664
5004.0,267.0,0.803705
5004.0,268.0,0.439239
5004.0,269.0,0.164164
5004.0,270.0,0.884927
5004.0,271.0,0.0
5004.0,272.0,0.139317
5004.0,273.0,0.371321
5004.0,274.0,0.211103
5004.0,275.0,0.669441
5004.0,276.0,0.036244
5004.0,277.0,0.332181
5004.0,278.0,0.488437
5004.0,279.0,0.221317
5004.0,280.0,0.526751
5004.0,281.0,0.839267
5004.0,282.0,1.0
5004.0,283.0,0.448193
5004.0,284.0,0.170711
5004.0,285.0,0.470257
5004.0,286.0,0.827868
5004.0,287.0,0.278161
5004.0,288.0,0.451784
5004.0,289.0,0.417509
5004.0,290.0,0.629357
5004.0,291.0,0.418501
5004.0,292.0,0.689292
5004.0,293.0,1.0
5004.0,294.0,0.287002
5004.0,295.0,0.274582
5004.0,296.0,0.000164
5004.0,297.0,0.82613
5004.0,298.0,0.047793
5004.0,299.0,0.0
5004.0,300.0,0.396375
5004.0,301.0,0.744604
5004.0,302.0,0.026031
5004.0,303.0,0.976386
5004.0,304.0,0.0
5004.0,305.0,0.847055
5004.0,306.0,0.704674
5004.0,307.0,0.580883
5004.0,308.0,0.541637
5004.0,309.0,0.0
5004.0,310.0,1.0
5004.0,311.0,0.463645
5004.0,312.0,0.0
5004.0,313.0,0.575033
5004.0,314.0,0.392081
5004.0,315.0,0.490948
5004.0,316.0,0.336635
5004.0,317.0,0.969131
5004.0,318.0,0.617668
5004.0,319.0,0.017342
5004.0,320.0,0.357202
5004.0,321.0,0.0
5004.0,322.0,0.12061
5004.0,323.0,0.470721
5004.0,324.0,0.557848
5004.0,325.0,0.020832
5004.0,326.0,0.799961
5004.0,327.0,0.179091
5004.0,328.0,0.052147
5004.0,329.0,0.890003
5004.0,330.0,0.037074
5004.0,331.0,0.639525
5004.0,332.0,0.367118
5004.0,333.0,0.0
5004.0,334.0,0.294589
5005.0,0.0,0.0
5005.0,1.0,0.0
5005.0,2.0,0.0
5005.0,3.0,0.45581
5005.0,4.0,0.270757
5005.0,5.0,0.491867
5005.0,6.0,0.802766
5005.0,7.0,0.789257
5005.0,8.0,0.115266
5005.0,9.0,0.762516
5005.0,10.0,0.999197
5005.0,11.0,0.96863
5005.0,12.0,0.374586
5005.0,13.0,0.369599
5005.0,14.0,0.656583
5005.0,15.0,0.884701
5005.0,16.0,0.610319
5005.0,17.0,0.000171
5005.0,18.0,0.64411
5005.0,19.0,0.799283
5005.0,20.0,0.474613
5005.0,21.0,0.0
5005.0,22.0,0.89613
5005.0,23.0,1.0
5005.0,24.0,0.458457
5005.0,25.0,0.511025
5005.0,26.0,0.831879
5005.0,27.0,0.465963
5005.0,28.0,0.719652
5005.0,29.0,1.0
5005.0,30.0,0.259456
5005.0,31.0,0.759054
5005.0,32.0,0.999618
5005.0,33.0,1.0
5005.0,34.0,0.035686
5005.0,35.0,0.371356
5005.0,36.0,0.414064
5005.0,37.0,0.532621
5005.0,38.0,0.47594
5005.0,39.0,0.989353
5005.0,40.0,0.662133
5005.0,41.0,0.824094
5005.0,42.0,0.400582
5005.0,43.0,0.924156
5005.0,44.0,0.625809
5005.0,45.0,0.803976
5005.0,46.0,0.509911
5005.0,47.0,0.967435
5005.0,48.0,0.996422
5005.0,49.0,0.26169
5005.0,50.0,0.0
5005.0,51.0,0.297197
5005.0,52.0,1.0
5005.0,53.0,0.82603
5005.0,54.0,1.0
5005.0,55.0,0.006452
5005.0,56.0,0.354881
5005.0,57.0,0.0
5005.0,58.0,0.427222
5005.0,59.0,0.310943
5005.0,60.0,0.84349
5005.0,61.0,0.960029
5005.0,62.0,0.195321
5005.0,63.0,0.736233
5005.0,64.0,0.954103
5005.0,65.0,0.016342
5005.0,66.0,0.0
5005.0,67.0,0.555218
5005.0,68.0,0.006358
5005.0,69.0,0.042977
5005.0,70.0,0.2501
5005.0,71.0,0.092242
5005.0,72.0,0.55251
5005.0,73.0,0.496137
5005.0,74.0,0.674153
5005.0,75.0,0.580595
5005.0,76.0,0.918921
5005.0,77.0,0.80117
5005.0,78.0,0.375628
5005.0,79.0,0.000934
5005.0,80.0,0.973694
5005.0,81.0,0.316313
5005.0,82.0,0.578791
5005.0,83.0,0.540535
5005.0,84.0,1.0
5005.0,85.0,0.38475
5005.0,86.0,0.761788
5005.0,87.0,0.998581
5005.0,88.0,0.0
5005.0,89.0,0.707665
5005.0,90.0,0.663857
5005.0,91.0,0.449967
5005.0,92.0,0.127382
5005.0,93.0,0.443825
5005.0,94.0,0.439295
5005.0,95.0,0.100541
5005.0,96.0,1.0
5005.0,97.0,0.530691
5005.0,98.0,0.0
5005.0,99.0,0.078128
5005.0,100.0,0.707235
5005.0,101.0,0.404864
5005.0,102.0,0.820933
5005.0,103.0,0.0
5005.0,104.0,0.031919
5005.0,105.0,0.613813
5005.0,106.0,0.749986
5005.0,107.0,0.847567
5005.0,108.0,0.919935
5005.0,109.0,0.982139
5005.0,110.0,0.424852
5005.0,111.0,0.910663
5005.0,112.0,0.180475
5005.0,113.0,0.546357
5005.0,114.0,0.388811
5005.0,115.0,0.131254
5005.0,116.0,0.958404
5005.0,117.0,0.285392
5005.0,118.0,0.814593
5005.0,119.0,0.157611
5005.0,120.0,0.0
5005.0,121.0,0.323318
5005.0,122.0,0.581987
5005.0,123.0,1.0
5005.0,124.0,0.490092
5005.0,125.0,0.498903
5005.0,126.0,0.385069
5005.0,127.0,0.04593
5005.0,128.0,0.033844
5005.0,129.0,0.978862
5005.0,130.0,0.016008
5005.0,131.0,0.98233
5005.0,132.0,0.400242
5005.0,133.0,0.83265
5005.0,134.0,0.46155
5005.0,135.0,0.379653
5005.0,136.0,1.0
5005.0,137.0,0.504792
5005.0,138.0,0.745676
5005.0,139.0,0.438242
5005.0,140.0,0.00144
5005.0,141.0,0.640765
5005.0,142.0,1.0
5005.0,143.0,0.159062
5005.0,144.0,0.206872
5005.0,145.0,0.398508
5005.0,146.0,0.566388
5005.0,147.0,1.0
5005.0,148.0,0.406856
5005.0,149.0,0.506226
5005.0,150.0,0.260262
5005.0,151.0,0.585808
5005.0,152.0,0.348682
5005.0,153.0,0.391416
5005.0,154.0,0.59704
5005.0,155.0,0.649589
5005.0,156.0,0.705943
5005.0,157.0,0.0
5005.0,158.0,0.202994
5005.0,159.0,0.139706
5005.0,160.0,0.020532
5005.0,161.0,0.021634
5005.0,162.0,0.764186
5005.0,163.0,0.629662
5005.0,164.0,0.677284
5005.0,165.0,0.46448
5005.0,166.0,0.0
5005.0,167.0,0.465306
5005.0,168.0,0.575416
5005.0,169.0,0.751985
5005.0,170.0,0.685263
5005.0,171.0,0.474649
5005.0,172.0,0.549112
5005.0,173.0,0.67578
5005.0,174.0,0.449388
5005.0,175.0,0.371433
5005.0,176.0,0.212802
5005.0,177.0,0.0
5005.0,178.0,1.0
5005.0,179.0,0.410329
5005.0,180.0,0.36096
5005.0,181.0,0.209457
5005.0,182.0,0.010502
5005.0,183.0,0.0
5005.0,184.0,0.495519
5005.0,185.0,0.510963
5005.0,186.0,0.881247
5005.0,187.0,0.521633
5005.0,188.0,0.0
5005.0,189.0,0.897833
5005.0,190.0,1.0
5005.0,191.0,0.663105
5005.0,192.0,0.209087
5005.0,193.0,0.817107
5005.0,194.0,3.5e-05
5005.0,195.0,0.490623
5005.0,196.0,0.499988
5005.0,197.0,0.29802
5005.0,198.0,0.449033
5005.0,199.0,0.038905
5005.0,200.0,3.6e-05
5005.0,201.0,0.756143
5005.0,202.0,1.0
5005.0,203.0,0.642267
5005.0,204.0,0.291151
5005.0,205.0,0.0
5005.0,206.0,0.451818
5005.0,207.0,1.0
5005.0,208.0,0.584724
5005.0,209.0,0.680711
5005.0,210.0,0.350573
5005.0,211.0,0.119232
5005.0,212.0,0.610389
5005.0,213.0,0.0
5005.0,214.0,0.585196
5005.0,215.0,0.684603
5005.0,216.0,1.0
5005.0,217.0,0.728304
5005.0,218.0,0.0
5005.0,219.0,0.272814
5005.0,220.0,0.978852
5005.0,221.0,0.558388
5005.0,222.0,0.004024
5005.0,223.0,0.616462
5005.0,224.0,0.380403
5005.0,225.0,0.817779
5005.0,226.0,0.757158
5005.0,227.0,0.850802
5005.0,228.0,0.778041
5005.0,229.0,0.234317
5005.0,230.0,0.382879
5005.0,231.0,0.56742
5005.0,232.0,0.295463
5005.0,233.0,0.795826
5005.0,234.0,0.296639
5005.0,235.0,0.0
5005.0,236.0,0.950077
5005.0,237.0,0.128063
5005.0,238.0,0.618876
5005.0,239.0,0.999563
5005.0,240.0,0.162487
5005.0,241.0,0.458036
5005.0,242.0,0.452675
5005.0,243.0,0.0
5005.0,244.0,0.00175
5005.0,245.0,1.0
5005.0,246.0,0.632243
5005.0,247.0,0.518581
5005.0,248.0,0.549984
5005.0,249.0,0.478698
5005.0,250.0,0.548524
5005.0,251.0,0.944666
5005.0,252.0,0.409261
5005.0,253.0,0.716636
5005.0,254.0,0.641085
5005.0,255.0,0.419364
5005.0,256.0,1.0
5005.0,257.0,0.84198
5005.0,258.0,0.460789
5005.0,259.0,0.620998
5005.0,260.0,0.942828
5005.0,261.0,0.341067
5005.0,262.0,0.0
5005.0,263.0,0.474425
5005.0,264.0,0.0
5005.0,265.0,0.36053
5005.0,266.0,0.394858
5005.0,267.0,0.80609
5005.0,268.0,0.445833
5005.0,269.0,0.166178
5005.0,270.0,0.885256
5005.0,271.0,0.0
5005.0,272.0,0.140584
5005.0,273.0,0.374482
5005.0,274.0,0.210907
5005.0,275.0,0.670764
5005.0,276.0,0.036365
5005.0,277.0,0.335388
5005.0,278.0,0.490386
5005.0,279.0,0.224075
5005.0,280.0,0.526912
5005.0,281.0,0.842318
5005.0,282.0,1.0
5005.0,283.0,0.447964
5005.0,284.0,0.171716
5005.0,285.0,0.476655
5005.0,286.0,0.832168
5005.0,287.0,0.278963
5005.0,288.0,0.457209
5005.0,289.0,0.424585
5005.0,290.0,0.629382
5005.0,291.0,0.420965
5005.0,292.0,0.691221
5005.0,293.0,1.0
5005.0,294.0,0.287053
5005.0,295.0,0.277118
5005.0,296.0,0.000175
5005.0,297.0,0.827472
5005.0,298.0,0.048032
5005.0,299.0,0.0
5005.0,300.0,0.399713
5005.0,301.0,0.744926
5005.0,302.0,0.026393
5005.0,303.0,0.976419
5005.0,304.0,0.0
5005.0,305.0,0.84756
5005.0,306.0,0.707189
5005.0,307.0,0.581688
5005.0,308.0,0.543779
5005.0,309.0,0.0
5005.0,310.0,1.0
5005.0,311.0,0.464334
5005.0,312.0,0.0
5005.0,313.0,0.576192
5005.0,314.0,0.393973
5005.0,315.0,0.493577
5005.0,316.0,0.338401
5005.0,317.0,0.969453
5005.0,318.0,0.619083
5005.0,319.0,0.017304
5005.0,320.0,0.365212
5005.0,321.0,0.0
5005.0,322.0,0.121816
5005.0,323.0,0.501746
5005.0,324.0,0.559859
5005.0,325.0,0.022434
5005.0,326.0,0.801166
5005.0,327.0,0.180271
5005.0,328.0,0.052558
5005.0,329.0,0.897737
5005.0,330.0,0.037208
5005.0,331.0,0.639207
5005.0,332.0,0.371034
5005.0,333.0,0.0
5005.0,334.0,0.299788
5006.0,0.0,0.0
5006.0,1.0,0.0
5006.0,2.0,0.0
5006.0,3.0,0.450581
5006.0,4.0,0.267711
5006.0,5.0,0.481893
5006.0,6.0,0.800486
5006.0,7.0,0.787591
5006.0,8.0,0.115023
5006.0,9.0,0.760949
5006.0,10.0,0.999255
5006.0,11.0,0.96908
5006.0,12.0,0.367631
5006.0,13.0,0.366295
5006.0,14.0,0.643824
5006.0,15.0,0.883879
5006.0,16.0,0.60902
5006.0,17.0,0.000147
5006.0,18.0,0.636633
5006.0,19.0,0.797461
5006.0,20.0,0.469246
5006.0,21.0,0.0
5006.0,22.0,0.894908
5006.0,23.0,1.0
5006.0,24.0,0.456766
5006.0,25.0,0.503253
5006.0,26.0,0.824923
5006.0,27.0,0.46152
5006.0,28.0,0.71649
5006.0,29.0,1.0
5006.0,30.0,0.248699
5006.0,31.0,0.759063
5006.0,32.0,0.999649
5006.0,33.0,1.0
5006.0,34.0,0.033904
5006.0,35.0,0.370987
5006.0,36.0,0.411204
5006.0,37.0,0.532049
5006.0,38.0,0.471371
5006.0,39.0,0.988982
5006.0,40.0,0.658584
5006.0,41.0,0.821515
5006.0,42.0,0.393862
5006.0,43.0,0.917164
5006.0,44.0,0.620326
5006.0,45.0,0.797103
5006.0,46.0,0.510169
5006.0,47.0,0.96607
5006.0,48.0,0.996448
5006.0,49.0,0.259339
5006.0,50.0,0.0
5006.0,51.0,0.293879
5006.0,52.0,1.0
5006.0,53.0,0.822426
5006.0,54.0,1.0
5006.0,55.0,0.006284
5006.0,56.0,0.353275
5006.0,57.0,0.0
5006.0,58.0,0.425699
5006.0,59.0,0.305279
5006.0,60.0,0.842408
5006.0,61.0,0.959752
5006.0,62.0,0.190346
5006.0,63.0,0.736305
5006.0,64.0,0.953375
5006.0,65.0,0.01619
5006.0,66.0,0.0
5006.0,67.0,0.551706
5006.0,68.0,0.006251
5006.0,69.0,0.04283
5006.0,70.0,0.247977
5006.0,71.0,0.089745
5006.0,72.0,0.547622
5006.0,73.0,0.494612
5006.0,74.0,0.670797
5006.0,75.0,0.57424
5006.0,76.0,0.917828
5006.0,77.0,0.800784
5006.0,78.0,0.366171
5006.0,79.0,0.000884
5006.0,80.0,0.973483
5006.0,81.0,0.31423
5006.0,82.0,0.575467
5006.0,83.0,0.538154
5006.0,84.0,1.0
5006.0,85.0,0.384595
5006.0,86.0,0.758336
5006.0,87.0,0.998469
5006.0,88.0,0.0
5006.0,89.0,0.705267
5006.0,90.0,0.66228
5006.0,91.0,0.445782
5006.0,92.0,0.126096
5006.0,93.0,0.44158
5006.0,94.0,0.435435
5006.0,95.0,0.100147
5006.0,96.0,1.0
5006.0,97.0,0.482666
5006.0,98.0,0.0
5006.0,99.0,0.077749
5006.0,100.0,0.706049
5006.0,101.0,0.403466
5006.0,102.0,0.81471
5006.0,103.0,0.0
5006.0,104.0,0.031441
5006.0,105.0,0.612623
5006.0,106.0,0.747823
5006.0,107.0,0.847487
5006.0,108.0,0.917445
5006.0,109.0,0.98168
5006.0,110.0,0.421743
5006.0,111.0,0.91015
5006.0,112.0,0.179775
5006.0,113.0,0.546095
5006.0,114.0,0.384256
5006.0,115.0,0.13031
5006.0,116.0,0.958197
5006.0,117.0,0.284524
5006.0,118.0,0.811337
5006.0,119.0,0.15595
5006.0,120.0,0.0
5006.0,121.0,0.311096
5006.0,122.0,0.580759
5006.0,123.0,1.0
5006.0,124.0,0.484681
5006.0,125.0,0.492242
5006.0,126.0,0.382963
5006.0,127.0,0.044769
5006.0,128.0,0.03316
5006.0,129.0,0.979076
5006.0,130.0,0.015953
5006.0,131.0,0.982163
5006.0,132.0,0.39336
5006.0,133.0,0.830741
5006.0,134.0,0.469776
5006.0,135.0,0.370047
5006.0,136.0,1.0
5006.0,137.0,0.503478
5006.0,138.0,0.739437
5006.0,139.0,0.433297
5006.0,140.0,0.001454
5006.0,141.0,0.638384
5006.0,142.0,1.0
5006.0,143.0,0.156044
5006.0,144.0,0.205358
5006.0,145.0,0.395576
5006.0,146.0,0.564954
5006.0,147.0,1.0
5006.0,148.0,0.403971
5006.0,149.0,0.497294
5006.0,150.0,0.258501
5006.0,151.0,0.583175
5006.0,152.0,0.347275
5006.0,153.0,0.381087
5006.0,154.0,0.595351
5006.0,155.0,0.643324
5006.0,156.0,0.707036
5006.0,157.0,0.0
5006.0,158.0,0.196753
5006.0,159.0,0.135341
5006.0,160.0,0.020045
5006.0,161.0,0.021303
5006.0,162.0,0.76349
5006.0,163.0,0.627153
5006.0,164.0,0.67433
5006.0,165.0,0.457721
5006.0,166.0,0.0
5006.0,167.0,0.464686
5006.0,168.0,0.573118
5006.0,169.0,0.722804
5006.0,170.0,0.681139
5006.0,171.0,0.473248
5006.0,172.0,0.545918
5006.0,173.0,0.672808
5006.0,174.0,0.449725
5006.0,175.0,0.369751
5006.0,176.0,0.209776
5006.0,177.0,0.0
5006.0,178.0,1.0
5006.0,179.0,0.401514
5006.0,180.0,0.356005
5006.0,181.0,0.207439
5006.0,182.0,0.010626
5006.0,183.0,0.0
5006.0,184.0,0.490526
5006.0,185.0,0.508596
5006.0,186.0,0.877024
5006.0,187.0,0.521312
5006.0,188.0,0.0
5006.0,189.0,0.897788
5006.0,190.0,1.0
5006.0,191.0,0.661757
5006.0,192.0,0.208964
5006.0,193.0,0.81695
5006.0,194.0,3.0e-05
5006.0,195.0,0.484342
5006.0,196.0,0.501977
5006.0,197.0,0.295013
5006.0,198.0,0.44526
5006.0,199.0,0.038832
5006.0,200.0,2.3e-05
5006.0,201.0,0.755288
5006.0,202.0,1.0
5006.0,203.0,0.623605
5006.0,204.0,0.289107
5006.0,205.0,0.0
5006.0,206.0,0.428839
5006.0,207.0,1.0
5006.0,208.0,0.580322
5006.0,209.0,0.679395
5006.0,210.0,0.339968
5006.0,211.0,0.118954
5006.0,212.0,0.602583
5006.0,213.0,0.0
5006.0,214.0,0.578188
5006.0,215.0,0.679766
5006.0,216.0,1.0
5006.0,217.0,0.723504
5006.0,218.0,0.0
5006.0,219.0,0.271679
5006.0,220.0,0.978434
5006.0,221.0,0.548095
5006.0,222.0,0.00411
5006.0,223.0,0.614878
5006.0,224.0,0.376634
5006.0,225.0,0.815693
5006.0,226.0,0.751926
5006.0,227.0,0.848452
5006.0,228.0,0.775633
5006.0,229.0,0.231969
5006.0,230.0,0.381155
5006.0,231.0,0.506998
5006.0,232.0,0.295785
5006.0,233.0,0.79287
5006.0,234.0,0.291631
5006.0,235.0,0.0
5006.0,236.0,0.949346
5006.0,237.0,0.127155
5006.0,238.0,0.606738
5006.0,239.0,0.999514
5006.0,240.0,0.160993
5006.0,241.0,0.454637
5006.0,242.0,0.450113
5006.0,243.0,0.0
5006.0,244.0,0.001824
5006.0,245.0,1.0
5006.0,246.0,0.63123
5006.0,247.0,0.517225
5006.0,248.0,0.547701
5006.0,249.0,0.474531
5006.0,250.0,0.542522
5006.0,251.0,0.94416
5006.0,252.0,0.407165
5006.0,253.0,0.713679
5006.0,254.0,0.634751
5006.0,255.0,0.416967
5006.0,256.0,1.0
5006.0,257.0,0.840099
5006.0,258.0,0.460406
5006.0,259.0,0.62059
5006.0,260.0,0.941823
5006.0,261.0,0.333822
5006.0,262.0,0.0
5006.0,263.0,0.473336
5006.0,264.0,0.0
5006.0,265.0,0.360187
5006.0,266.0,0.39091
5006.0,267.0,0.804456
5006.0,268.0,0.43979
5006.0,269.0,0.164105
5006.0,270.0,0.884929
5006.0,271.0,0.0
5006.0,272.0,0.138851
5006.0,273.0,0.369975
5006.0,274.0,0.210072
5006.0,275.0,0.669978
5006.0,276.0,0.03614
5006.0,277.0,0.332887
5006.0,278.0,0.488261
5006.0,279.0,0.221275
5006.0,280.0,0.525613
5006.0,281.0,0.839371
5006.0,282.0,1.0
5006.0,283.0,0.448148
5006.0,284.0,0.171176
5006.0,285.0,0.470202
5006.0,286.0,0.827527
5006.0,287.0,0.278098
5006.0,288.0,0.450036
5006.0,289.0,0.417044
5006.0,290.0,0.628758
5006.0,291.0,0.417843
5006.0,292.0,0.689424
5006.0,293.0,1.0
5006.0,294.0,0.286444
5006.0,295.0,0.273394
5006.0,296.0,0.000154
5006.0,297.0,0.826156
5006.0,298.0,0.047933
5006.0,299.0,0.0
5006.0,300.0,0.395849
5006.0,301.0,0.745705
5006.0,302.0,0.025992
5006.0,303.0,0.976422
5006.0,304.0,0.0
5006.0,305.0,0.846575
5006.0,306.0,0.705365
5006.0,307.0,0.580661
5006.0,308.0,0.53867
5006.0,309.0,0.0
5006.0,310.0,1.0
5006.0,311.0,0.464404
5006.0,312.0,0.0
5006.0,313.0,0.573022
5006.0,314.0,0.392149
5006.0,315.0,0.488573
5006.0,316.0,0.336485
5006.0,317.0,0.96928
5006.0,318.0,0.617704
5006.0,319.0,0.017196
5006.0,320.0,0.356478
5006.0,321.0,0.0
5006.0,322.0,0.120447
5006.0,323.0,0.467047
5006.0,324.0,0.558029
5006.0,325.0,0.020731
5006.0,326.0,0.799929
5006.0,327.0,0.179268
5006.0,328.0,0.052593
5006.0,329.0,0.889584
5006.0,330.0,0.037119
5006.0,331.0,0.639263
5006.0,332.0,0.366589
5006.0,333.0,0.0
5006.0,334.0,0.294717
5007.0,0.0,0.0
5007.0,1.0,0.0
5007.0,2.0,0.0
5007.0,3.0,0.445904
5007.0,4.0,0.264628
5007.0,5.0,0.471664
5007.0,6.0,0.79891
5007.0,7.0,0.786389
5007.0,8.0,0.114723
5007.0,9.0,0.759795
5007.0,10.0,0.999196
5007.0,11.0,0.96895
5007.0,12.0,0.359895
5007.0,13.0,0.362753
5007.0,14.0,0.63045
5007.0,15.0,0.882998
5007.0,16.0,0.607536
5007.0,17.0,0.000142
5007.0,18.0,0.629384
5007.0,19.0,0.796692
5007.0,20.0,0.464834
5007.0,21.0,0.0
5007.0,22.0,0.893342
5007.0,23.0,1.0
5007.0,24.0,0.456818
5007.0,25.0,0.49406
5007.0,26.0,0.816928
5007.0,27.0,0.456527
5007.0,28.0,0.713668
5007.0,29.0,1.0
5007.0,30.0,0.239062
5007.0,31.0,0.758158
5007.0,32.0,0.999625
5007.0,33.0,1.0
5007.0,34.0,0.03204
5007.0,35.0,0.370593
5007.0,36.0,0.408692
5007.0,37.0,0.530522
5007.0,38.0,0.466541
5007.0,39.0,0.988424
5007.0,40.0,0.654602
5007.0,41.0,0.818515
5007.0,42.0,0.38839
5007.0,43.0,0.909783
5007.0,44.0,0.615239
5007.0,45.0,0.790627
5007.0,46.0,0.509592
5007.0,47.0,0.964439
5007.0,48.0,0.996445
5007.0,49.0,0.257342
5007.0,50.0,0.0
5007.0,51.0,0.290566
5007.0,52.0,1.0
5007.0,53.0,0.818129
5007.0,54.0,1.0
5007.0,55.0,0.006103
5007.0,56.0,0.352643
5007.0,57.0,0.0
5007.0,58.0,0.423607
5007.0,59.0,0.299729
5007.0,60.0,0.841961
5007.0,61.0,0.9594
5007.0,62.0,0.185515
5007.0,63.0,0.735171
5007.0,64.0,0.952142
5007.0,65.0,0.016052
5007.0,66.0,0.0
5007.0,67.0,0.548193
5007.0,68.0,0.006304
5007.0,69.0,0.043133
5007.0,70.0,0.247441
5007.0,71.0,0.087571
5007.0,72.0,0.543802
5007.0,73.0,0.49315
5007.0,74.0,0.668411
5007.0,75.0,0.567106
5007.0,76.0,0.917516
5007.0,77.0,0.799925
5007.0,78.0,0.356125
5007.0,79.0,0.00086
5007.0,80.0,0.973221
5007.0,81.0,0.310956
5007.0,82.0,0.573319
5007.0,83.0,0.535565
5007.0,84.0,1.0
5007.0,85.0,0.385313
5007.0,86.0,0.754594
5007.0,87.0,0.998491
5007.0,88.0,0.0
5007.0,89.0,0.703305
5007.0,90.0,0.660929
5007.0,91.0,0.442837
5007.0,92.0,0.124338
5007.0,93.0,0.440463
5007.0,94.0,0.431436
5007.0,95.0,0.099703
5007.0,96.0,1.0
5007.0,97.0,0.436617
5007.0,98.0,0.0
5007.0,99.0,0.076971
5007.0,100.0,0.704601
5007.0,101.0,0.402122
5007.0,102.0,0.808534
5007.0,103.0,0.0
5007.0,104.0,0.031329
5007.0,105.0,0.611638
5007.0,106.0,0.74586
5007.0,107.0,0.847483
5007.0,108.0,0.915185
5007.0,109.0,0.981236
5007.0,110.0,0.419786
5007.0,111.0,0.908875
5007.0,112.0,0.179587
5007.0,113.0,0.545465
5007.0,114.0,0.379267
5007.0,115.0,0.129943
5007.0,116.0,0.957942
5007.0,117.0,0.282113
5007.0,118.0,0.808847
5007.0,119.0,0.154134
5007.0,120.0,0.0
5007.0,121.0,0.299513
5007.0,122.0,0.579777
5007.0,123.0,1.0
5007.0,124.0,0.47849
5007.0,125.0,0.485673
5007.0,126.0,0.380686
5007.0,127.0,0.043417
5007.0,128.0,0.032998
5007.0,129.0,0.978843
5007.0,130.0,0.015728
5007.0,131.0,0.981617
5007.0,132.0,0.38598
5007.0,133.0,0.8286
5007.0,134.0,0.478109
5007.0,135.0,0.360405
5007.0,136.0,1.0
5007.0,137.0,0.500272
5007.0,138.0,0.733722
5007.0,139.0,0.428253
5007.0,140.0,0.001481
5007.0,141.0,0.636983
5007.0,142.0,1.0
5007.0,143.0,0.152778
5007.0,144.0,0.204479
5007.0,145.0,0.392223
5007.0,146.0,0.563358
5007.0,147.0,1.0
5007.0,148.0,0.401611
5007.0,149.0,0.488184
5007.0,150.0,0.257716
5007.0,151.0,0.580594
5007.0,152.0,0.345848
5007.0,153.0,0.371005
5007.0,154.0,0.592902
5007.0,155.0,0.637513
5007.0,156.0,0.707945
5007.0,157.0,0.0
5007.0,158.0,0.191499
5007.0,159.0,0.131725
5007.0,160.0,0.019655
5007.0,161.0,0.020795
5007.0,162.0,0.7627
5007.0,163.0,0.625682
5007.0,164.0,0.672271
5007.0,165.0,0.450697
5007.0,166.0,0.0
5007.0,167.0,0.46345
5007.0,168.0,0.571063
5007.0,169.0,0.693247
5007.0,170.0,0.67673
5007.0,171.0,0.471635
5007.0,172.0,0.54266
5007.0,173.0,0.6697
5007.0,174.0,0.44928
5007.0,175.0,0.368315
5007.0,176.0,0.207966
5007.0,177.0,0.0
5007.0,178.0,1.0
5007.0,179.0,0.394523
5007.0,180.0,0.350854
5007.0,181.0,0.206273
5007.0,182.0,0.010697
5007.0,183.0,0.0
5007.0,184.0,0.486334
5007.0,185.0,0.507134
5007.0,186.0,0.873333
5007.0,187.0,0.520477
5007.0,188.0,0.0
5007.0,189.0,0.897334
5007.0,190.0,1.0
5007.0,191.0,0.66158
5007.0,192.0,0.208737
5007.0,193.0,0.816637
5007.0,194.0,2.7e-05
5007.0,195.0,0.477179
5007.0,196.0,0.504307
5007.0,197.0,0.291074
5007.0,198.0,0.440695
5007.0,199.0,0.038357
5007.0,200.0,2.9e-05
5007.0,201.0,0.754619
5007.0,202.0,1.0
5007.0,203.0,0.604709
5007.0,204.0,0.28645
5007.0,205.0,0.0
5007.0,206.0,0.405353
5007.0,207.0,1.0
5007.0,208.0,0.577531
5007.0,209.0,0.679779
5007.0,210.0,0.331134
5007.0,211.0,0.118616
5007.0,212.0,0.595298
5007.0,213.0,0.0
5007.0,214.0,0.572425
5007.0,215.0,0.673738
5007.0,216.0,1.0
5007.0,217.0,0.71946
5007.0,218.0,0.0
5007.0,219.0,0.27145
5007.0,220.0,0.978074
5007.0,221.0,0.536586
5007.0,222.0,0.004114
5007.0,223.0,0.613687
5007.0,224.0,0.373583
5007.0,225.0,0.813293
5007.0,226.0,0.746272
5007.0,227.0,0.846848
5007.0,228.0,0.773263
5007.0,229.0,0.22955
5007.0,230.0,0.380446
5007.0,231.0,0.447829
5007.0,232.0,0.29572
5007.0,233.0,0.790209
5007.0,234.0,0.286261
5007.0,235.0,0.0
5007.0,236.0,0.949028
5007.0,237.0,0.125912
5007.0,238.0,0.593978
5007.0,239.0,0.999444
5007.0,240.0,0.159746
5007.0,241.0,0.45132
5007.0,242.0,0.448452
5007.0,243.0,0.0
5007.0,244.0,0.001801
5007.0,245.0,1.0
5007.0,246.0,0.630244
5007.0,247.0,0.516922
5007.0,248.0,0.543917
5007.0,249.0,0.469938
5007.0,250.0,0.535785
5007.0,251.0,0.944055
5007.0,252.0,0.405898
5007.0,253.0,0.710557
5007.0,254.0,0.62918
5007.0,255.0,0.414816
5007.0,256.0,1.0
5007.0,257.0,0.837594
5007.0,258.0,0.458393
5007.0,259.0,0.618884
5007.0,260.0,0.940868
5007.0,261.0,0.32729
5007.0,262.0,0.0
5007.0,263.0,0.472758
5007.0,264.0,0.0
5007.0,265.0,0.360275
5007.0,266.0,0.38749
5007.0,267.0,0.802196
5007.0,268.0,0.434409
5007.0,269.0,0.161251
5007.0,270.0,0.884465
5007.0,271.0,0.0
5007.0,272.0,0.137592
5007.0,273.0,0.365676
5007.0,274.0,0.210351
5007.0,275.0,0.668029
5007.0,276.0,0.035897
5007.0,277.0,0.330175
5007.0,278.0,0.485689
5007.0,279.0,0.21734
5007.0,280.0,0.524715
5007.0,281.0,0.836276
5007.0,282.0,1.0
5007.0,283.0,0.446921
5007.0,284.0,0.170994
5007.0,285.0,0.463993
5007.0,286.0,0.822347
5007.0,287.0,0.276454
5007.0,288.0,0.443128
5007.0,289.0,0.409803
5007.0,290.0,0.627992
5007.0,291.0,0.415256
5007.0,292.0,0.687261
5007.0,293.0,1.0
5007.0,294.0,0.286045
5007.0,295.0,0.269843
5007.0,296.0,0.000162
5007.0,297.0,0.825739
5007.0,298.0,0.047367
5007.0,299.0,0.0
5007.0,300.0,0.39159
5007.0,301.0,0.745133
5007.0,302.0,0.025569
5007.0,303.0,0.976588
5007.0,304.0,0.0
5007.0,305.0,0.846339
5007.0,306.0,0.704348
5007.0,307.0,0.580218
5007.0,308.0,0.534705
5007.0,309.0,0.0
5007.0,310.0,1.0
5007.0,311.0,0.463494
5007.0,312.0,0.0
5007.0,313.0,0.570925
5007.0,314.0,0.389815
5007.0,315.0,0.485205
5007.0,316.0,0.335109
5007.0,317.0,0.968868
5007.0,318.0,0.616554
5007.0,319.0,0.016822
5007.0,320.0,0.348447
5007.0,321.0,0.0
5007.0,322.0,0.11901
5007.0,323.0,0.4324
5007.0,324.0,0.556548
5007.0,325.0,0.019147
5007.0,326.0,0.799036
5007.0,327.0,0.178856
5007.0,328.0,0.052895
5007.0,329.0,0.880643
5007.0,330.0,0.036512
5007.0,331.0,0.639443
5007.0,332.0,0.361368
5007.0,333.0,0.0
5007.0,334.0,0.290432
5008.0,0.0,0.0
5008.0,1.0,0.0
5008.0,2.0,0.0
5008.0,3.0,0.441026
5008.0,4.0,0.261697
5008.0,5.0,0.461849
5008.0,6.0,0.797786
5008.0,7.0,0.785306
5008.0,8.0,0.114049
5008.0,9.0,0.75801
5008.0,10.0,0.999164
5008.0,11.0,0.968856
5008.0,12.0,0.352992
5008.0,13.0,0.359392
5008.0,14.0,0.61771
5008.0,15.0,0.882394
5008.0,16.0,0.60601
5008.0,17.0,0.000131
5008.0,18.0,0.622182
5008.0,19.0,0.795775
5008.0,20.0,0.459859
5008.0,21.0,0.0
5008.0,22.0,0.891486
5008.0,23.0,1.0
5008.0,24.0,0.454655
5008.0,25.0,0.486309
5008.0,26.0,0.809506
5008.0,27.0,0.452089
5008.0,28.0,0.710453
5008.0,29.0,1.0
5008.0,30.0,0.229423
5008.0,31.0,0.757792
5008.0,32.0,0.999605
5008.0,33.0,1.0
5008.0,34.0,0.030064
5008.0,35.0,0.370335
5008.0,36.0,0.405679
5008.0,37.0,0.528946
5008.0,38.0,0.46166
5008.0,39.0,0.987647
5008.0,40.0,0.651124
5008.0,41.0,0.815627
5008.0,42.0,0.382343
5008.0,43.0,0.901592
5008.0,44.0,0.609765
5008.0,45.0,0.783869
5008.0,46.0,0.509081
5008.0,47.0,0.962946
5008.0,48.0,0.996308
5008.0,49.0,0.256269
5008.0,50.0,0.0
5008.0,51.0,0.286739
5008.0,52.0,1.0
5008.0,53.0,0.814433
5008.0,54.0,1.0
5008.0,55.0,0.005964
5008.0,56.0,0.352146
5008.0,57.0,0.0
5008.0,58.0,0.422288
5008.0,59.0,0.294687
5008.0,60.0,0.840853
5008.0,61.0,0.959582
5008.0,62.0,0.180492
5008.0,63.0,0.734846
5008.0,64.0,0.951576
5008.0,65.0,0.015949
5008.0,66.0,0.0
5008.0,67.0,0.543466
5008.0,68.0,0.006264
5008.0,69.0,0.043036
5008.0,70.0,0.245958
5008.0,71.0,0.08568
5008.0,72.0,0.539411
5008.0,73.0,0.492593
5008.0,74.0,0.666117
5008.0,75.0,0.560303
5008.0,76.0,0.916786
5008.0,77.0,0.799046
5008.0,78.0,0.3484
5008.0,79.0,0.000817
5008.0,80.0,0.972639
5008.0,81.0,0.308014
5008.0,82.0,0.570823
5008.0,83.0,0.532584
5008.0,84.0,1.0
5008.0,85.0,0.384984
5008.0,86.0,0.751122
5008.0,87.0,0.99845
5008.0,88.0,0.0
5008.0,89.0,0.700915
5008.0,90.0,0.660569
5008.0,91.0,0.439891
5008.0,92.0,0.122998
5008.0,93.0,0.438934
5008.0,94.0,0.427119
5008.0,95.0,0.099834
5008.0,96.0,1.0
5008.0,97.0,0.394727
5008.0,98.0,0.0
5008.0,99.0,0.076125
5008.0,100.0,0.703648
5008.0,101.0,0.400522
5008.0,102.0,0.802234
5008.0,103.0,0.0
5008.0,104.0,0.030914
5008.0,105.0,0.610361
5008.0,106.0,0.742905
5008.0,107.0,0.847668
5008.0,108.0,0.912246
5008.0,109.0,0.980506
5008.0,110.0,0.418725
5008.0,111.0,0.907717
5008.0,112.0,0.179588
5008.0,113.0,0.544799
5008.0,114.0,0.374295
5008.0,115.0,0.129148
5008.0,116.0,0.958166
5008.0,117.0,0.28013
5008.0,118.0,0.8054
5008.0,119.0,0.153237
5008.0,120.0,0.0
5008.0,121.0,0.288444
5008.0,122.0,0.578381
5008.0,123.0,1.0
5008.0,124.0,0.472913
5008.0,125.0,0.479819
5008.0,126.0,0.378624
5008.0,127.0,0.04272
5008.0,128.0,0.032669
5008.0,129.0,0.97831
5008.0,130.0,0.015493
5008.0,131.0,0.981419
5008.0,132.0,0.379042
5008.0,133.0,0.826076
5008.0,134.0,0.485108
5008.0,135.0,0.351058
5008.0,136.0,1.0
5008.0,137.0,0.497802
5008.0,138.0,0.728661
5008.0,139.0,0.424556
5008.0,140.0,0.001469
5008.0,141.0,0.636129
5008.0,142.0,1.0
5008.0,143.0,0.150076
5008.0,144.0,0.203307
5008.0,145.0,0.390086
5008.0,146.0,0.561263
5008.0,147.0,1.0
5008.0,148.0,0.398914
5008.0,149.0,0.479416
5008.0,150.0,0.256654
5008.0,151.0,0.577997
5008.0,152.0,0.344587
5008.0,153.0,0.361752
5008.0,154.0,0.591235
5008.0,155.0,0.632328
5008.0,156.0,0.708647
5008.0,157.0,0.0
5008.0,158.0,0.185647
5008.0,159.0,0.128025
5008.0,160.0,0.019519
5008.0,161.0,0.020674
5008.0,162.0,0.761935
5008.0,163.0,0.623412
5008.0,164.0,0.668835
5008.0,165.0,0.443449
5008.0,166.0,0.0
5008.0,167.0,0.461241
5008.0,168.0,0.56968
5008.0,169.0,0.663921
5008.0,170.0,0.671824
5008.0,171.0,0.470512
5008.0,172.0,0.540748
5008.0,173.0,0.666476
5008.0,174.0,0.449497
5008.0,175.0,0.367089
5008.0,176.0,0.205017
5008.0,177.0,0.0
5008.0,178.0,1.0
5008.0,179.0,0.386761
5008.0,180.0,0.346587
5008.0,181.0,0.204947
5008.0,182.0,0.010704
5008.0,183.0,0.0
5008.0,184.0,0.482066
5008.0,185.0,0.505664
5008.0,186.0,0.869461
5008.0,187.0,0.520324
5008.0,188.0,0.0
5008.0,189.0,0.897227
5008.0,190.0,1.0
5008.0,191.0,0.660627
5008.0,192.0,0.208386
5008.0,193.0,0.816262
5008.0,194.0,3.0e-05
5008.0,195.0,0.469713
5008.0,196.0,0.507784
5008.0,197.0,0.28773
5008.0,198.0,0.436196
5008.0,199.0,0.038374
5008.0,200.0,2.0e-05
5008.0,201.0,0.754427
5008.0,202.0,1.0
5008.0,203.0,0.586872
5008.0,204.0,0.283281
5008.0,205.0,0.0
5008.0,206.0,0.382757
5008.0,207.0,1.0
5008.0,208.0,0.573727
5008.0,209.0,0.679188
5008.0,210.0,0.322289
5008.0,211.0,0.117798
5008.0,212.0,0.588764
5008.0,213.0,0.0
5008.0,214.0,0.565712
5008.0,215.0,0.66854
5008.0,216.0,1.0
5008.0,217.0,0.714569
5008.0,218.0,0.0
5008.0,219.0,0.270313
5008.0,220.0,0.977571
5008.0,221.0,0.5263
5008.0,222.0,0.004038
5008.0,223.0,0.612165
5008.0,224.0,0.370658
5008.0,225.0,0.811189
5008.0,226.0,0.741348
5008.0,227.0,0.844371
5008.0,228.0,0.769889
5008.0,229.0,0.227428
5008.0,230.0,0.378517
5008.0,231.0,0.391559
5008.0,232.0,0.296058
5008.0,233.0,0.787287
5008.0,234.0,0.281388
5008.0,235.0,0.0
5008.0,236.0,0.948657
5008.0,237.0,0.125665
5008.0,238.0,0.582457
5008.0,239.0,0.99944
5008.0,240.0,0.158223
5008.0,241.0,0.448027
5008.0,242.0,0.444665
5008.0,243.0,0.0
5008.0,244.0,0.001744
5008.0,245.0,1.0
5008.0,246.0,0.629354
5008.0,247.0,0.516754
5008.0,248.0,0.540162
5008.0,249.0,0.466213
5008.0,250.0,0.529467
5008.0,251.0,0.944175
5008.0,252.0,0.404339
5008.0,253.0,0.707426
5008.0,254.0,0.623454
5008.0,255.0,0.413636
5008.0,256.0,1.0
5008.0,257.0,0.835479
5008.0,258.0,0.45722
5008.0,259.0,0.617386
5008.0,260.0,0.940221
5008.0,261.0,0.320719
5008.0,262.0,0.0
5008.0,263.0,0.471988
5008.0,264.0,0.0
5008.0,265.0,0.359537
5008.0,266.0,0.383688
5008.0,267.0,0.799702
5008.0,268.0,0.427997
5008.0,269.0,0.159012
5008.0,270.0,0.883899
5008.0,271.0,0.0
5008.0,272.0,0.136471
5008.0,273.0,0.362509
5008.0,274.0,0.21012
5008.0,275.0,0.666089
5008.0,276.0,0.035436
5008.0,277.0,0.327195
5008.0,278.0,0.483246
5008.0,279.0,0.214509
5008.0,280.0,0.523571
5008.0,281.0,0.833333
5008.0,282.0,1.0
5008.0,283.0,0.446635
5008.0,284.0,0.170702
5008.0,285.0,0.457574
5008.0,286.0,0.817783
5008.0,287.0,0.274271
5008.0,288.0,0.43685
5008.0,289.0,0.402617
5008.0,290.0,0.627531
5008.0,291.0,0.412925
5008.0,292.0,0.684084
5008.0,293.0,1.0
5008.0,294.0,0.286261
5008.0,295.0,0.266915
5008.0,296.0,0.000152
5008.0,297.0,0.825068
5008.0,298.0,0.047048
5008.0,299.0,0.0
5008.0,300.0,0.388127
5008.0,301.0,0.744002
5008.0,302.0,0.025159
5008.0,303.0,0.976569
5008.0,304.0,0.0
5008.0,305.0,0.845545
5008.0,306.0,0.703213
5008.0,307.0,0.580321
5008.0,308.0,0.530922
5008.0,309.0,0.0
5008.0,310.0,1.0
5008.0,311.0,0.463362
5008.0,312.0,0.0
5008.0,313.0,0.569524
5008.0,314.0,0.388626
5008.0,315.0,0.481419
5008.0,316.0,0.334112
5008.0,317.0,0.968772
5008.0,318.0,0.615056
5008.0,319.0,0.016603
5008.0,320.0,0.341196
5008.0,321.0,0.0
5008.0,322.0,0.1178
5008.0,323.0,0.399577
5008.0,324.0,0.555084
5008.0,325.0,0.017665
5008.0,326.0,0.79777
5008.0,327.0,0.17765
5008.0,328.0,0.052836
5008.0,329.0,0.871388
5008.0,330.0,0.036165
5008.0,331.0,0.639322
5008.0,332.0,0.357201
5008.0,333.0,0.0
5008.0,334.0,0.285522
5009.0,0.0,0.0
5009.0,1.0,0.0
5009.0,2.0,0.0
5009.0,3.0,0.437355
5009.0,4.0,0.260385
5009.0,5.0,0.453019
5009.0,6.0,0.796201
5009.0,7.0,0.784066
5009.0,8.0,0.113878
5009.0,9.0,0.756735
5009.0,10.0,0.999134
5009.0,11.0,0.968945
5009.0,12.0,0.345995
5009.0,13.0,0.356742
5009.0,14.0,0.604019
5009.0,15.0,0.881932
5009.0,16.0,0.604696
5009.0,17.0,0.00014
5009.0,18.0,0.614774
5009.0,19.0,0.794125
5009.0,20.0,0.456056
5009.0,21.0,0.0
5009.0,22.0,0.889803
5009.0,23.0,1.0
5009.0,24.0,0.452443
5009.0,25.0,0.477317
5009.0,26.0,0.800978
5009.0,27.0,0.446726
5009.0,28.0,0.707433
5009.0,29.0,1.0
5009.0,30.0,0.220269
5009.0,31.0,0.756599
5009.0,32.0,0.999604
5009.0,33.0,1.0
5009.0,34.0,0.028298
5009.0,35.0,0.369357
5009.0,36.0,0.40253
5009.0,37.0,0.527957
5009.0,38.0,0.457249
5009.0,39.0,0.987142
5009.0,40.0,0.647416
5009.0,41.0,0.812645
5009.0,42.0,0.376639
5009.0,43.0,0.893032
5009.0,44.0,0.603425
5009.0,45.0,0.776609
5009.0,46.0,0.508741
5009.0,47.0,0.961397
5009.0,48.0,0.996315
5009.0,49.0,0.254536
5009.0,50.0,0.0
5009.0,51.0,0.28293
5009.0,52.0,1.0
5009.0,53.0,0.810373
5009.0,54.0,1.0
5009.0,55.0,0.005962
5009.0,56.0,0.351531
5009.0,57.0,0.0
5009.0,58.0,0.421025
5009.0,59.0,0.289413
5009.0,60.0,0.841036
5009.0,61.0,0.959436
5009.0,62.0,0.175774
5009.0,63.0,0.734881
5009.0,64.0,0.950902
5009.0,65.0,0.015978
5009.0,66.0,0.0
5009.0,67.0,0.540429
5009.0,68.0,0.006273
5009.0,69.0,0.042874
5009.0,70.0,0.244867
5009.0,71.0,0.083736
5009.0,72.0,0.535215
5009.0,73.0,0.491967
5009.0,74.0,0.663729
5009.0,75.0,0.554223
5009.0,76.0,0.916345
5009.0,77.0,0.799024
5009.0,78.0,0.339985
5009.0,79.0,0.000724
5009.0,80.0,0.972631
5009.0,81.0,0.305119
5009.0,82.0,0.568172
5009.0,83.0,0.52917
5009.0,84.0,1.0
5009.0,85.0,0.384786
5009.0,86.0,0.748052
5009.0,87.0,0.998382
5009.0,88.0,0.0
5009.0,89.0,0.699305
5009.0,90.0,0.660101
5009.0,91.0,0.435586
5009.0,92.0,0.120861
5009.0,93.0,0.438211
5009.0,94.0,0.421907
5009.0,95.0,0.100107
5009.0,96.0,1.0
5009.0,97.0,0.356548
5009.0,98.0,0.0
5009.0,99.0,0.075492
5009.0,100.0,0.702253
5009.0,101.0,0.398054
5009.0,102.0,0.796674
5009.0,103.0,0.0
5009.0,104.0,0.03047
5009.0,105.0,0.608829
5009.0,106.0,0.740104
5009.0,107.0,0.847128
5009.0,108.0,0.909429
5009.0,109.0,0.979786
5009.0,110.0,0.416734
5009.0,111.0,0.906676
5009.0,112.0,0.179233
5009.0,113.0,0.544566
5009.0,114.0,0.370024
5009.0,115.0,0.128682
5009.0,116.0,0.958252
5009.0,117.0,0.278794
5009.0,118.0,0.80244
5009.0,119.0,0.151904
5009.0,120.0,0.0
5009.0,121.0,0.278388
5009.0,122.0,0.577427
5009.0,123.0,1.0
5009.0,124.0,0.46783
5009.0,125.0,0.473025
5009.0,126.0,0.376574
5009.0,127.0,0.042008
5009.0,128.0,0.032497
5009.0,129.0,0.978
5009.0,130.0,0.015412
5009.0,131.0,0.98092
5009.0,132.0,0.372486
5009.0,133.0,0.823707
5009.0,134.0,0.492111
5009.0,135.0,0.342396
5009.0,136.0,1.0
5009.0,137.0,0.495646
5009.0,138.0,0.722217
5009.0,139.0,0.419962
5009.0,140.0,0.001471
5009.0,141.0,0.634898
5009.0,142.0,1.0
5009.0,143.0,0.14715
5009.0,144.0,0.201848
5009.0,145.0,0.387367
5009.0,146.0,0.559129
5009.0,147.0,1.0
5009.0,148.0,0.395207
5009.0,149.0,0.470424
5009.0,150.0,0.254639
5009.0,151.0,0.575647
5009.0,152.0,0.343251
5009.0,153.0,0.352553
5009.0,154.0,0.590452
5009.0,155.0,0.626459
5009.0,156.0,0.708703
5009.0,157.0,0.0
5009.0,158.0,0.180371
5009.0,159.0,0.125125
5009.0,160.0,0.019041
5009.0,161.0,0.020431
5009.0,162.0,0.760566
5009.0,163.0,0.620579
5009.0,164.0,0.666132
5009.0,165.0,0.435973
5009.0,166.0,0.0
5009.0,167.0,0.459477
5009.0,168.0,0.568208
5009.0,169.0,0.63358
5009.0,170.0,0.666987
5009.0,171.0,0.469428
5009.0,172.0,0.538879
5009.0,173.0,0.663462
5009.0,174.0,0.450001
5009.0,175.0,0.365544
5009.0,176.0,0.202691
5009.0,177.0,0.0
5009.0,178.0,1.0
5009.0,179.0,0.378381
5009.0,180.0,0.341382
5009.0,181.0,0.203568
5009.0,182.0,0.010624
5009.0,183.0,0.0
5009.0,184.0,0.477455
5009.0,185.0,0.504281
5009.0,186.0,0.864889
5009.0,187.0,0.51983
5009.0,188.0,0.0
5009.0,189.0,0.897031
5009.0,190.0,1.0
5009.0,191.0,0.659034
5009.0,192.0,0.208943
5009.0,193.0,0.815777
5009.0,194.0,3.1e-05
5009.0,195.0,0.463183
5009.0,196.0,0.509364
5009.0,197.0,0.283424
5009.0,198.0,0.432308
5009.0,199.0,0.038075
5009.0,200.0,2.1e-05
5009.0,201.0,0.753666
5009.0,202.0,1.0
5009.0,203.0,0.567728
5009.0,204.0,0.280927
5009.0,205.0,0.0
5009.0,206.0,0.361882
5009.0,207.0,1.0
5009.0,208.0,0.570249
5009.0,209.0,0.678827
5009.0,210.0,0.313912
5009.0,211.0,0.11728
5009.0,212.0,0.582623
5009.0,213.0,0.0
5009.0,214.0,0.55936
5009.0,215.0,0.66304
5009.0,216.0,1.0
5009.0,217.0,0.710291
5009.0,218.0,0.0
5009.0,219.0,0.268518
5009.0,220.0,0.976971
5009.0,221.0,0.515708
5009.0,222.0,0.003831
5009.0,223.0,0.610771
5009.0,224.0,0.36687
5009.0,225.0,0.809407
5009.0,226.0,0.735856
5009.0,227.0,0.842082
5009.0,228.0,0.767851
5009.0,229.0,0.225232
5009.0,230.0,0.377675
5009.0,231.0,0.337225
5009.0,232.0,0.295861
5009.0,233.0,0.784578
5009.0,234.0,0.276459
5009.0,235.0,0.0
5009.0,236.0,0.947966
5009.0,237.0,0.124819
5009.0,238.0,0.571007
5009.0,239.0,0.999393
5009.0,240.0,0.156737
5009.0,241.0,0.445492
5009.0,242.0,0.442418
5009.0,243.0,0.0
5009.0,244.0,0.001682
5009.0,245.0,1.0
5009.0,246.0,0.628305
5009.0,247.0,0.514726
5009.0,248.0,0.535802
5009.0,249.0,0.462922
5009.0,250.0,0.521715
5009.0,251.0,0.944132
5009.0,252.0,0.40437
5009.0,253.0,0.705142
5009.0,254.0,0.617409
5009.0,255.0,0.411167
5009.0,256.0,1.0
5009.0,257.0,0.833152
5009.0,258.0,0.455618
5009.0,259.0,0.615822
5009.0,260.0,0.939416
5009.0,261.0,0.314081
5009.0,262.0,0.0
5009.0,263.0,0.470732
5009.0,264.0,0.0
5009.0,265.0,0.358877
5009.0,266.0,0.379844
5009.0,267.0,0.797446
5009.0,268.0,0.422138
5009.0,269.0,0.156566
5009.0,270.0,0.883498
5009.0,271.0,0.0
5009.0,272.0,0.134836
5009.0,273.0,0.35889
5009.0,274.0,0.210204
5009.0,275.0,0.66494
5009.0,276.0,0.035189
5009.0,277.0,0.323443
5009.0,278.0,0.481603
5009.0,279.0,0.211865
5009.0,280.0,0.523886
5009.0,281.0,0.829665
5009.0,282.0,1.0
5009.0,283.0,0.446672
5009.0,284.0,0.170055
5009.0,285.0,0.450902
5009.0,286.0,0.813299
5009.0,287.0,0.273068
5009.0,288.0,0.43036
5009.0,289.0,0.395302
5009.0,290.0,0.626751
5009.0,291.0,0.410245
5009.0,292.0,0.681894
5009.0,293.0,1.0
5009.0,294.0,0.285529
5009.0,295.0,0.263398
5009.0,296.0,0.000152
5009.0,297.0,0.824725
5009.0,298.0,0.046779
5009.0,299.0,0.0
5009.0,300.0,0.384092
5009.0,301.0,0.74316
5009.0,302.0,0.024815
5009.0,303.0,0.976797
5009.0,304.0,0.0
5009.0,305.0,0.844922
5009.0,306.0,0.701301
5009.0,307.0,0.578495
5009.0,308.0,0.527899
5009.0,309.0,0.0
5009.0,310.0,1.0
5009.0,311.0,0.463423
5009.0,312.0,0.0
5009.0,313.0,0.566347
5009.0,314.0,0.387631
5009.0,315.0,0.478037
5009.0,316.0,0.333139
5009.0,317.0,0.968596
5009.0,318.0,0.612862
5009.0,319.0,0.016141
5009.0,320.0,0.332625
5009.0,321.0,0.0
5009.0,322.0,0.116067
5009.0,323.0,0.368909
5009.0,324.0,0.553323
5009.0,325.0,0.016567
5009.0,326.0,0.797019
5009.0,327.0,0.176615
5009.0,328.0,0.052449
5009.0,329.0,0.861992
5009.0,330.0,0.03586
5009.0,331.0,0.639743
5009.0,332.0,0.352559
5009.0,333.0,0.0
5009.0,334.0,0.281293
5010.0,0.0,0.0
5010.0,1.0,0.0
5010.0,2.0,0.0
5010.0,3.0,0.433127
5010.0,4.0,0.257551
5010.0,5.0,0.443317
5010.0,6.0,0.795028
5010.0,7.0,0.783785
5010.0,8.0,0.113608
5010.0,9.0,0.755687
5010.0,10.0,0.999175
5010.0,11.0,0.968913
5010.0,12.0,0.33946
5010.0,13.0,0.354443
5010.0,14.0,0.591429
5010.0,15.0,0.880956
5010.0,16.0,0.603128
5010.0,17.0,0.000139
5010.0,18.0,0.607776
5010.0,19.0,0.793518
5010.0,20.0,0.451239
5010.0,21.0,0.0
5010.0,22.0,0.888334
5010.0,23.0,1.0
5010.0,24.0,0.451366
5010.0,25.0,0.468337
5010.0,26.0,0.792379
5010.0,27.0,0.442476
5010.0,28.0,0.703924
5010.0,29.0,1.0
5010.0,30.0,0.211805
5010.0,31.0,0.756031
5010.0,32.0,0.999607
5010.0,33.0,1.0
5010.0,34.0,0.026747
5010.0,35.0,0.369425
5010.0,36.0,0.400442
5010.0,37.0,0.528023
5010.0,38.0,0.453142
5010.0,39.0,0.986487
5010.0,40.0,0.644078
5010.0,41.0,0.809528
5010.0,42.0,0.370173
5010.0,43.0,0.883978
5010.0,44.0,0.598692
5010.0,45.0,0.768701
5010.0,46.0,0.508762
5010.0,47.0,0.959751
5010.0,48.0,0.996354
5010.0,49.0,0.252526
5010.0,50.0,0.0
5010.0,51.0,0.279504
5010.0,52.0,1.0
5010.0,53.0,0.805838
5010.0,54.0,1.0
5010.0,55.0,0.005863
5010.0,56.0,0.350055
5010.0,57.0,0.0
5010.0,58.0,0.419189
5010.0,59.0,0.283808
5010.0,60.0,0.840068
5010.0,61.0,0.959246
5010.0,62.0,0.171035
5010.0,63.0,0.733319
5010.0,64.0,0.949932
5010.0,65.0,0.016115
5010.0,66.0,0.0
5010.0,67.0,0.537429
5010.0,68.0,0.006212
5010.0,69.0,0.043009
5010.0,70.0,0.243487
5010.0,71.0,0.081345
5010.0,72.0,0.531615
5010.0,73.0,0.490321
5010.0,74.0,0.661625
5010.0,75.0,0.547428
5010.0,76.0,0.915564
5010.0,77.0,0.79886
5010.0,78.0,0.33174
5010.0,79.0,0.00063
5010.0,80.0,0.972694
5010.0,81.0,0.302048
5010.0,82.0,0.56494
5010.0,83.0,0.527447
5010.0,84.0,1.0
5010.0,85.0,0.384027
5010.0,86.0,0.744624
5010.0,87.0,0.998314
5010.0,88.0,0.0
5010.0,89.0,0.697109
5010.0,90.0,0.660113
5010.0,91.0,0.433061
5010.0,92.0,0.119113
5010.0,93.0,0.436956
5010.0,94.0,0.417271
5010.0,95.0,0.099644
5010.0,96.0,1.0
5010.0,97.0,0.320657
5010.0,98.0,0.0
5010.0,99.0,0.07519
5010.0,100.0,0.701079
5010.0,101.0,0.396261
5010.0,102.0,0.790997
5010.0,103.0,0.0
5010.0,104.0,0.030185
5010.0,105.0,0.606983
5010.0,106.0,0.73833
5010.0,107.0,0.846887
5010.0,108.0,0.906605
5010.0,109.0,0.979049
5010.0,110.0,0.415244
5010.0,111.0,0.905783
5010.0,112.0,0.179105
5010.0,113.0,0.544228
5010.0,114.0,0.365026
5010.0,115.0,0.12754
5010.0,116.0,0.958249
5010.0,117.0,0.276765
5010.0,118.0,0.799272
5010.0,119.0,0.150848
5010.0,120.0,0.0
5010.0,121.0,0.268253
5010.0,122.0,0.576047
5010.0,123.0,1.0
5010.0,124.0,0.463021
5010.0,125.0,0.468564
5010.0,126.0,0.374694
5010.0,127.0,0.04115
5010.0,128.0,0.03231
5010.0,129.0,0.977325
5010.0,130.0,0.015421
5010.0,131.0,0.98076
5010.0,132.0,0.366234
5010.0,133.0,0.821871
5010.0,134.0,0.499561
5010.0,135.0,0.333748
5010.0,136.0,1.0
5010.0,137.0,0.493969
5010.0,138.0,0.715552
5010.0,139.0,0.415137
5010.0,140.0,0.00139
5010.0,141.0,0.633386
5010.0,142.0,1.0
5010.0,143.0,0.144419
5010.0,144.0,0.20097
5010.0,145.0,0.385101
5010.0,146.0,0.557143
5010.0,147.0,1.0
5010.0,148.0,0.392792
5010.0,149.0,0.462618
5010.0,150.0,0.253095
5010.0,151.0,0.573696
5010.0,152.0,0.342335
5010.0,153.0,0.343165
5010.0,154.0,0.588342
5010.0,155.0,0.620538
5010.0,156.0,0.709683
5010.0,157.0,0.0
5010.0,158.0,0.174992
5010.0,159.0,0.121889
5010.0,160.0,0.018807
5010.0,161.0,0.020084
5010.0,162.0,0.759355
5010.0,163.0,0.618397
5010.0,164.0,0.66322
5010.0,165.0,0.430232
5010.0,166.0,0.0
5010.0,167.0,0.458009
5010.0,168.0,0.567654
5010.0,169.0,0.604341
5010.0,170.0,0.662968
5010.0,171.0,0.468202
5010.0,172.0,0.537302
5010.0,173.0,0.660332
5010.0,174.0,0.449703
5010.0,175.0,0.364661
5010.0,176.0,0.200756
5010.0,177.0,0.0
5010.0,178.0,1.0
5010.0,179.0,0.371792
5010.0,180.0,0.336254
5010.0,181.0,0.202817
5010.0,182.0,0.010675
5010.0,183.0,0.0
5010.0,184.0,0.472317
5010.0,185.0,0.503508
5010.0,186.0,0.860669
5010.0,187.0,0.519465
5010.0,188.0,0.0
5010.0,189.0,0.897063
5010.0,190.0,1.0
5010.0,191.0,0.659075
5010.0,192.0,0.208176
5010.0,193.0,0.816338
5010.0,194.0,3.4e-05
5010.0,195.0,0.457397
5010.0,196.0,0.511904
5010.0,197.0,0.279406
5010.0,198.0,0.427765
5010.0,199.0,0.038173
5010.0,200.0,2.7e-05
5010.0,201.0,0.752662
5010.0,202.0,1.0
5010.0,203.0,0.549339
5010.0,204.0,0.278463
5010.0,205.0,0.0
5010.0,206.0,0.339962
5010.0,207.0,1.0
5010.0,208.0,0.567362
5010.0,209.0,0.678483
5010.0,210.0,0.305595
5010.0,211.0,0.116739
5010.0,212.0,0.576381
5010.0,213.0,0.0
5010.0,214.0,0.551891
5010.0,215.0,0.657711
5010.0,216.0,1.0
5010.0,217.0,0.705726
5010.0,218.0,0.0
5010.0,219.0,0.267585
5010.0,220.0,0.976898
5010.0,221.0,0.505534
5010.0,222.0,0.003752
5010.0,223.0,0.608993
5010.0,224.0,0.363275
5010.0,225.0,0.806399
5010.0,226.0,0.730567
5010.0,227.0,0.839982
5010.0,228.0,0.765827
5010.0,229.0,0.224079
5010.0,230.0,0.376837
5010.0,231.0,0.288006
5010.0,232.0,0.295739
5010.0,233.0,0.780936
5010.0,234.0,0.272344
5010.0,235.0,0.0
5010.0,236.0,0.947295
5010.0,237.0,0.124281
5010.0,238.0,0.559894
5010.0,239.0,0.999434
5010.0,240.0,0.155456
5010.0,241.0,0.441935
5010.0,242.0,0.439092
5010.0,243.0,0.0
5010.0,244.0,0.001644
5010.0,245.0,1.0
5010.0,246.0,0.627988
5010.0,247.0,0.513632
5010.0,248.0,0.53231
5010.0,249.0,0.459618
5010.0,250.0,0.516873
5010.0,251.0,0.943799
5010.0,252.0,0.402282
5010.0,253.0,0.702963
5010.0,254.0,0.612093
5010.0,255.0,0.408938
5010.0,256.0,1.0
5010.0,257.0,0.831159
5010.0,258.0,0.45476
5010.0,259.0,0.614497
5010.0,260.0,0.938191
5010.0,261.0,0.307481
5010.0,262.0,0.0
5010.0,263.0,0.470239
5010.0,264.0,0.0
5010.0,265.0,0.359133
5010.0,266.0,0.376638
5010.0,267.0,0.795347
5010.0,268.0,0.417178
5010.0,269.0,0.154091
5010.0,270.0,0.882393
5010.0,271.0,0.0
5010.0,272.0,0.133404
5010.0,273.0,0.355241
5010.0,274.0,0.209633
5010.0,275.0,0.663449
5010.0,276.0,0.034948
5010.0,277.0,0.321162
5010.0,278.0,0.479167
5010.0,279.0,0.208862
5010.0,280.0,0.522909
5010.0,281.0,0.826265
5010.0,282.0,1.0
5010.0,283.0,0.446724
5010.0,284.0,0.169581
5010.0,285.0,0.443411
5010.0,286.0,0.808484
5010.0,287.0,0.271695
5010.0,288.0,0.426754
5010.0,289.0,0.389026
5010.0,290.0,0.625073
5010.0,291.0,0.407967
5010.0,292.0,0.679849
5010.0,293.0,1.0
5010.0,294.0,0.285013
5010.0,295.0,0.259567
5010.0,296.0,0.000159
5010.0,297.0,0.824598
5010.0,298.0,0.046715
5010.0,299.0,0.0
5010.0,300.0,0.3813
5010.0,301.0,0.742433
5010.0,302.0,0.02455
5010.0,303.0,0.976958
5010.0,304.0,0.0
5010.0,305.0,0.844402
5010.0,306.0,0.69973
5010.0,307.0,0.578053
5010.0,308.0,0.524522
5010.0,309.0,0.0
5010.0,310.0,1.0
5010.0,311.0,0.462726
5010.0,312.0,0.0
5010.0,313.0,0.56507
5010.0,314.0,0.386567
5010.0,315.0,0.475045
5010.0,316.0,0.331742
5010.0,317.0,0.968161
5010.0,318.0,0.611482
5010.0,319.0,0.015939
5010.0,320.0,0.324716
5010.0,321.0,0.0
5010.0,322.0,0.115218
5010.0,323.0,0.339277
5010.0,324.0,0.552466
5010.0,325.0,0.015296
5010.0,326.0,0.794994
5010.0,327.0,0.17499
5010.0,328.0,0.051824
5010.0,329.0,0.85212
5010.0,330.0,0.035826
5010.0,331.0,0.64017
5010.0,332.0,0.348974
5010.0,333.0,0.0
5010.0,334.0,0.277143
6000.0,0.0,0.0
6000.0,1.0,0.0
6000.0,2.0,0.0
6000.0,3.0,0.4503
6000.0,4.0,0.268932
6000.0,5.0,0.43173
6000.0,6.0,0.787452
6000.0,7.0,0.775552
6000.0,8.0,0.067532
6000.0,9.0,0.790615
6000.0,10.0,0.999487
6000.0,11.0,0.973672
6000.0,12.0,0.326957
6000.0,13.0,0.32401
6000.0,14.0,0.594412
6000.0,15.0,0.875616
6000.0,16.0,0.623139
6000.0,17.0,0.0
6000.0,18.0,0.611613
6000.0,19.0,0.818522
6000.0,20.0,0.441881
6000.0,21.0,0.0
6000.0,22.0,0.896698
6000.0,23.0,1.0
6000.0,24.0,0.454638
6000.0,25.0,0.485561
6000.0,26.0,0.787687
6000.0,27.0,0.434654
6000.0,28.0,0.689815
6000.0,29.0,1.0
6000.0,30.0,0.207998
6000.0,31.0,0.780232
6000.0,32.0,1.0
6000.0,33.0,1.0
6000.0,34.0,0.031016
6000.0,35.0,0.348433
6000.0,36.0,0.384434
6000.0,37.0,0.527949
6000.0,38.0,0.464012
6000.0,39.0,0.988034
6000.0,40.0,0.64969
6000.0,41.0,0.812358
6000.0,42.0,0.355047
6000.0,43.0,0.88836
6000.0,44.0,0.612616
6000.0,45.0,0.750342
6000.0,46.0,0.488056
6000.0,47.0,0.983638
6000.0,48.0,0.997083
6000.0,49.0,0.257387
6000.0,50.0,0.0
6000.0,51.0,0.277192
6000.0,52.0,1.0
6000.0,53.0,0.803612
6000.0,54.0,1.0
6000.0,55.0,0.001293
6000.0,56.0,0.35447
6000.0,57.0,0.0
6000.0,58.0,0.422988
6000.0,59.0,0.287898
6000.0,60.0,0.860051
6000.0,61.0,0.976248
6000.0,62.0,0.170909
6000.0,63.0,0.743184
6000.0,64.0,0.946767
6000.0,65.0,0.019481
6000.0,66.0,0.0
6000.0,67.0,0.526824
6000.0,68.0,0.002987
6000.0,69.0,0.032318
6000.0,70.0,0.254321
6000.0,71.0,0.081259
6000.0,72.0,0.543537
6000.0,73.0,0.488048
6000.0,74.0,0.659029
6000.0,75.0,0.540568
6000.0,76.0,0.925026
6000.0,77.0,0.802626
6000.0,78.0,0.329074
6000.0,79.0,0.0
6000.0,80.0,0.976337
6000.0,81.0,0.317293
6000.0,82.0,0.566593
6000.0,83.0,0.527955
6000.0,84.0,1.0
6000.0,85.0,0.401662
6000.0,86.0,0.735328
6000.0,87.0,0.999906
6000.0,88.0,0.0
6000.0,89.0,0.707545
6000.0,90.0,0.680237
6000.0,91.0,0.425377
6000.0,92.0,0.101019
6000.0,93.0,0.433837
6000.0,94.0,0.439446
6000.0,95.0,0.068677
6000.0,96.0,1.0
6000.0,97.0,0.323049
6000.0,98.0,0.0
6000.0,99.0,0.076154
6000.0,100.0,0.717107
6000.0,101.0,0.392653
6000.0,102.0,0.804493
6000.0,103.0,0.0
6000.0,104.0,0.016288
6000.0,105.0,0.61543
6000.0,106.0,0.764552
6000.0,107.0,0.870182
6000.0,108.0,0.916671
6000.0,109.0,0.988531
6000.0,110.0,0.42336
6000.0,111.0,0.897522
6000.0,112.0,0.144034
6000.0,113.0,0.561257
6000.0,114.0,0.359188
6000.0,115.0,0.139509
6000.0,116.0,0.973315
6000.0,117.0,0.274893
6000.0,118.0,0.797953
6000.0,119.0,0.124157
6000.0,120.0,0.0
6000.0,121.0,0.267981
6000.0,122.0,0.562813
6000.0,123.0,1.0
6000.0,124.0,0.452323
6000.0,125.0,0.473297
6000.0,126.0,0.373605
6000.0,127.0,0.045688
6000.0,128.0,0.039597
6000.0,129.0,0.985478
6000.0,130.0,0.004478
6000.0,131.0,0.992043
6000.0,132.0,0.373041
6000.0,133.0,0.806413
6000.0,134.0,0.504104
6000.0,135.0,0.328637
6000.0,136.0,1.0
6000.0,137.0,0.49758
6000.0,138.0,0.714248
6000.0,139.0,0.408877
6000.0,140.0,0.000895
6000.0,141.0,0.625431
6000.0,142.0,1.0
6000.0,143.0,0.140991
6000.0,144.0,0.176848
6000.0,145.0,0.377021
6000.0,146.0,0.550275
6000.0,147.0,1.0
6000.0,148.0,0.385803
6000.0,149.0,0.453801
6000.0,150.0,0.246497
6000.0,151.0,0.556083
6000.0,152.0,0.329618
6000.0,153.0,0.345329
6000.0,154.0,0.60261
6000.0,155.0,0.625567
6000.0,156.0,0.72473
6000.0,157.0,0.0
6000.0,158.0,0.164797
6000.0,159.0,0.129719
6000.0,160.0,0.022832
6000.0,161.0,0.011036
6000.0,162.0,0.756175
6000.0,163.0,0.620003
6000.0,164.0,0.647186
6000.0,165.0,0.430763
6000.0,166.0,0.0
6000.0,167.0,0.442775
6000.0,168.0,0.57636
6000.0,169.0,0.610178
6000.0,170.0,0.668936
6000.0,171.0,0.473115
6000.0,172.0,0.526322
6000.0,173.0,0.664819
6000.0,174.0,0.424693
6000.0,175.0,0.352554
6000.0,176.0,0.191271
6000.0,177.0,0.0
6000.0,178.0,1.0
6000.0,179.0,0.37043
6000.0,180.0,0.333176
6000.0,181.0,0.18625
6000.0,182.0,0.0031
6000.0,183.0,0.0
6000.0,184.0,0.482551
6000.0,185.0,0.501669
6000.0,186.0,0.872101
6000.0,187.0,0.505729
6000.0,188.0,0.0
6000.0,189.0,0.893183
6000.0,190.0,1.0
6000.0,191.0,0.66871
6000.0,192.0,0.171232
6000.0,193.0,0.832905
6000.0,194.0,0.0
6000.0,195.0,0.461268
6000.0,196.0,0.510339
6000.0,197.0,0.289499
6000.0,198.0,0.433528
6000.0,199.0,0.031122
6000.0,200.0,0.0
6000.0,201.0,0.735432
6000.0,202.0,1.0
6000.0,203.0,0.546622
6000.0,204.0,0.302232
6000.0,205.0,0.0
6000.0,206.0,0.335126
6000.0,207.0,1.0
6000.0,208.0,0.568949
6000.0,209.0,0.689704
6000.0,210.0,0.301489
6000.0,211.0,0.106507
6000.0,212.0,0.568898
6000.0,213.0,0.0
6000.0,214.0,0.544068
6000.0,215.0,0.66708
6000.0,216.0,1.0
6000.0,217.0,0.712723
6000.0,218.0,0.0
6000.0,219.0,0.270167
6000.0,220.0,0.981755
6000.0,221.0,0.507667
6000.0,222.0,0.00279
6000.0,223.0,0.608657
6000.0,224.0,0.362195
6000.0,225.0,0.790831
6000.0,226.0,0.744554
6000.0,227.0,0.830269
6000.0,228.0,0.758888
6000.0,229.0,0.233183
6000.0,230.0,0.379104
6000.0,231.0,0.287404
6000.0,232.0,0.255309
6000.0,233.0,0.768575
6000.0,234.0,0.282925
6000.0,235.0,0.0
6000.0,236.0,0.945774
6000.0,237.0,0.122207
6000.0,238.0,0.571983
6000.0,239.0,0.999486
6000.0,240.0,0.161455
6000.0,241.0,0.457579
6000.0,242.0,0.439034
6000.0,243.0,0.0
6000.0,244.0,0.000948
6000.0,245.0,1.0
6000.0,246.0,0.622134
6000.0,247.0,0.494021
6000.0,248.0,0.551163
6000.0,249.0,0.45046
6000.0,250.0,0.523203
6000.0,251.0,0.948153
6000.0,252.0,0.400928
6000.0,253.0,0.707492
6000.0,254.0,0.615203
6000.0,255.0,0.399711
6000.0,256.0,1.0
6000.0,257.0,0.843511
6000.0,258.0,0.481313
6000.0,259.0,0.620979
6000.0,260.0,0.939956
6000.0,261.0,0.317353
6000.0,262.0,0.0
6000.0,263.0,0.459756
6000.0,264.0,0.0
6000.0,265.0,0.327626
6000.0,266.0,0.382334
6000.0,267.0,0.771825
6000.0,268.0,0.421135
6000.0,269.0,0.139638
6000.0,270.0,0.892213
6000.0,271.0,0.0
6000.0,272.0,0.116607
6000.0,273.0,0.354701
6000.0,274.0,0.189458
6000.0,275.0,0.671699
6000.0,276.0,0.023608
6000.0,277.0,0.329429
6000.0,278.0,0.485597
6000.0,279.0,0.203865
6000.0,280.0,0.528763
6000.0,281.0,0.823545
6000.0,282.0,1.0
6000.0,283.0,0.470275
6000.0,284.0,0.146261
6000.0,285.0,0.450302
6000.0,286.0,0.825205
6000.0,287.0,0.27025
6000.0,288.0,0.427955
6000.0,289.0,0.383675
6000.0,290.0,0.584071
6000.0,291.0,0.421922
6000.0,292.0,0.674782
6000.0,293.0,1.0
6000.0,294.0,0.255607
6000.0,295.0,0.254458
6000.0,296.0,0.0
6000.0,297.0,0.858219
6000.0,298.0,0.024125
6000.0,299.0,0.0
6000.0,300.0,0.359682
6000.0,301.0,0.717964
6000.0,302.0,0.01184
6000.0,303.0,0.964511
6000.0,304.0,0.0
6000.0,305.0,0.853235
6000.0,306.0,0.707784
6000.0,307.0,0.583837
6000.0,308.0,0.530194
6000.0,309.0,0.0
6000.0,310.0,1.0
6000.0,311.0,0.481199
6000.0,312.0,0.0
6000.0,313.0,0.566312
6000.0,314.0,0.400084
6000.0,315.0,0.486814
6000.0,316.0,0.339036
6000.0,317.0,0.96539
6000.0,318.0,0.626521
6000.0,319.0,0.007483
6000.0,320.0,0.325245
6000.0,321.0,0.0
6000.0,322.0,0.119484
6000.0,323.0,0.341088
6000.0,324.0,0.541814
6000.0,325.0,0.012618
6000.0,326.0,0.790348
6000.0,327.0,0.144488
6000.0,328.0,0.060773
6000.0,329.0,0.853554
6000.0,330.0,0.033203
6000.0,331.0,0.648632
6000.0,332.0,0.350221
6000.0,333.0,0.0
6000.0,334.0,0.277999
6001.0,0.0,0.0
6001.0,1.0,0.0
6001.0,2.0,0.0
6001.0,3.0,0.455014
6001.0,4.0,0.271081
6001.0,5.0,0.441169
6001.0,6.0,0.787998
6001.0,7.0,0.777011
6001.0,8.0,0.06773
6001.0,9.0,0.791087
6001.0,10.0,0.999555
6001.0,11.0,0.973686
6001.0,12.0,0.334536
6001.0,13.0,0.326924
6001.0,14.0,0.609093
6001.0,15.0,0.87642
6001.0,16.0,0.624121
6001.0,17.0,0.0
6001.0,18.0,0.619721
6001.0,19.0,0.819663
6001.0,20.0,0.446274
6001.0,21.0,0.0
6001.0,22.0,0.898603
6001.0,23.0,1.0
6001.0,24.0,0.457074
6001.0,25.0,0.495241
6001.0,26.0,0.797673
6001.0,27.0,0.438766
6001.0,28.0,0.694339
6001.0,29.0,1.0
6001.0,30.0,0.217332
6001.0,31.0,0.780657
6001.0,32.0,1.0
6001.0,33.0,1.0
6001.0,34.0,0.033214
6001.0,35.0,0.34947
6001.0,36.0,0.386917
6001.0,37.0,0.528834
6001.0,38.0,0.468598
6001.0,39.0,0.988821
6001.0,40.0,0.653708
6001.0,41.0,0.81564
6001.0,42.0,0.361451
6001.0,43.0,0.897793
6001.0,44.0,0.618884
6001.0,45.0,0.760589
6001.0,46.0,0.489271
6001.0,47.0,0.984593
6001.0,48.0,0.997118
6001.0,49.0,0.259206
6001.0,50.0,0.0
6001.0,51.0,0.281372
6001.0,52.0,1.0
6001.0,53.0,0.808903
6001.0,54.0,1.0
6001.0,55.0,0.001257
6001.0,56.0,0.355863
6001.0,57.0,0.0
6001.0,58.0,0.424419
6001.0,59.0,0.293624
6001.0,60.0,0.860157
6001.0,61.0,0.976381
6001.0,62.0,0.175084
6001.0,63.0,0.74269
6001.0,64.0,0.947763
6001.0,65.0,0.019455
6001.0,66.0,0.0
6001.0,67.0,0.531373
6001.0,68.0,0.00311
6001.0,69.0,0.03245
6001.0,70.0,0.25504
6001.0,71.0,0.083887
6001.0,72.0,0.547321
6001.0,73.0,0.489391
6001.0,74.0,0.661103
6001.0,75.0,0.5477
6001.0,76.0,0.925631
6001.0,77.0,0.803062
6001.0,78.0,0.338203
6001.0,79.0,0.0
6001.0,80.0,0.976567
6001.0,81.0,0.319788
6001.0,82.0,0.569639
6001.0,83.0,0.53099
6001.0,84.0,1.0
6001.0,85.0,0.402396
6001.0,86.0,0.739263
6001.0,87.0,0.999911
6001.0,88.0,0.0
6001.0,89.0,0.709716
6001.0,90.0,0.6808
6001.0,91.0,0.427905
6001.0,92.0,0.102818
6001.0,93.0,0.434771
6001.0,94.0,0.44345
6001.0,95.0,0.068518
6001.0,96.0,1.0
6001.0,97.0,0.366644
6001.0,98.0,0.0
6001.0,99.0,0.077001
6001.0,100.0,0.718009
6001.0,101.0,0.394299
6001.0,102.0,0.811451
6001.0,103.0,0.0
6001.0,104.0,0.016242
6001.0,105.0,0.618116
6001.0,106.0,0.767564
6001.0,107.0,0.870754
6001.0,108.0,0.919606
6001.0,109.0,0.988919
6001.0,110.0,0.424169
6001.0,111.0,0.898474
6001.0,112.0,0.14412
6001.0,113.0,0.561589
6001.0,114.0,0.363102
6001.0,115.0,0.141494
6001.0,116.0,0.973159
6001.0,117.0,0.27706
6001.0,118.0,0.800705
6001.0,119.0,0.124682
6001.0,120.0,0.0
6001.0,121.0,0.279629
6001.0,122.0,0.564325
6001.0,123.0,1.0
6001.0,124.0,0.456868
6001.0,125.0,0.479314
6001.0,126.0,0.375823
6001.0,127.0,0.046636
6001.0,128.0,0.039921
6001.0,129.0,0.985602
6001.0,130.0,0.004442
6001.0,131.0,0.992244
6001.0,132.0,0.380872
6001.0,133.0,0.808578
6001.0,134.0,0.494799
6001.0,135.0,0.337543
6001.0,136.0,1.0
6001.0,137.0,0.499931
6001.0,138.0,0.720929
6001.0,139.0,0.413941
6001.0,140.0,0.000926
6001.0,141.0,0.627081
6001.0,142.0,1.0
6001.0,143.0,0.143562
6001.0,144.0,0.17792
6001.0,145.0,0.379149
6001.0,146.0,0.552334
6001.0,147.0,1.0
6001.0,148.0,0.388458
6001.0,149.0,0.462413
6001.0,150.0,0.248264
6001.0,151.0,0.559086
6001.0,152.0,0.330836
6001.0,153.0,0.355708
6001.0,154.0,0.604535
6001.0,155.0,0.630964
6001.0,156.0,0.724562
6001.0,157.0,0.0
6001.0,158.0,0.170327
6001.0,159.0,0.133328
6001.0,160.0,0.023243
6001.0,161.0,0.011404
6001.0,162.0,0.757403
6001.0,163.0,0.622431
6001.0,164.0,0.651186
6001.0,165.0,0.436741
6001.0,166.0,0.0
6001.0,167.0,0.444527
6001.0,168.0,0.578095
6001.0,169.0,0.642107
6001.0,170.0,0.674077
6001.0,171.0,0.473352
6001.0,172.0,0.528575
6001.0,173.0,0.667812
6001.0,174.0,0.42483
6001.0,175.0,0.354453
6001.0,176.0,0.193345
6001.0,177.0,0.0
6001.0,178.0,1.0
6001.0,179.0,0.378433
6001.0,180.0,0.338028
6001.0,181.0,0.187422
6001.0,182.0,0.003098
6001.0,183.0,0.0
6001.0,184.0,0.486682
6001.0,185.0,0.50119
6001.0,186.0,0.876296
6001.0,187.0,0.506016
6001.0,188.0,0.0
6001.0,189.0,0.893713
6001.0,190.0,1.0
6001.0,191.0,0.670033
6001.0,192.0,0.17183
6001.0,193.0,0.832932
6001.0,194.0,0.0
6001.0,195.0,0.467402
6001.0,196.0,0.507154
6001.0,197.0,0.293015
6001.0,198.0,0.438362
6001.0,199.0,0.031033
6001.0,200.0,0.0
6001.0,201.0,0.736224
6001.0,202.0,1.0
6001.0,203.0,0.566515
6001.0,204.0,0.304416
6001.0,205.0,0.0
6001.0,206.0,0.35758
6001.0,207.0,1.0
6001.0,208.0,0.572166
6001.0,209.0,0.69084
6001.0,210.0,0.3101
6001.0,211.0,0.106486
6001.0,212.0,0.576533
6001.0,213.0,0.0
6001.0,214.0,0.552217
6001.0,215.0,0.67146
6001.0,216.0,1.0
6001.0,217.0,0.716882
6001.0,218.0,0.0
6001.0,219.0,0.270568
6001.0,220.0,0.982386
6001.0,221.0,0.518591
6001.0,222.0,0.002809
6001.0,223.0,0.610941
6001.0,224.0,0.365223
6001.0,225.0,0.793299
6001.0,226.0,0.75024
6001.0,227.0,0.832649
6001.0,228.0,0.761657
6001.0,229.0,0.23564
6001.0,230.0,0.380281
6001.0,231.0,0.350123
6001.0,232.0,0.255515
6001.0,233.0,0.772247
6001.0,234.0,0.28758
6001.0,235.0,0.0
6001.0,236.0,0.946085
6001.0,237.0,0.122809
6001.0,238.0,0.585199
6001.0,239.0,0.999449
6001.0,240.0,0.162742
6001.0,241.0,0.460645
6001.0,242.0,0.442148
6001.0,243.0,0.0
6001.0,244.0,0.001106
6001.0,245.0,1.0
6001.0,246.0,0.622463
6001.0,247.0,0.495769
6001.0,248.0,0.553921
6001.0,249.0,0.45419
6001.0,250.0,0.531172
6001.0,251.0,0.948791
6001.0,252.0,0.402366
6001.0,253.0,0.710474
6001.0,254.0,0.620366
6001.0,255.0,0.40188
6001.0,256.0,1.0
6001.0,257.0,0.845015
6001.0,258.0,0.483004
6001.0,259.0,0.621839
6001.0,260.0,0.941012
6001.0,261.0,0.324866
6001.0,262.0,0.0
6001.0,263.0,0.46035
6001.0,264.0,0.0
6001.0,265.0,0.326642
6001.0,266.0,0.386094
6001.0,267.0,0.774235
6001.0,268.0,0.426557
6001.0,269.0,0.142117
6001.0,270.0,0.892656
6001.0,271.0,0.0
6001.0,272.0,0.117737
6001.0,273.0,0.358711
6001.0,274.0,0.18903
6001.0,275.0,0.673568
6001.0,276.0,0.024006
6001.0,277.0,0.332068
6001.0,278.0,0.488083
6001.0,279.0,0.20708
6001.0,280.0,0.52943
6001.0,281.0,0.827436
6001.0,282.0,1.0
6001.0,283.0,0.470956
6001.0,284.0,0.146822
6001.0,285.0,0.457955
6001.0,286.0,0.829444
6001.0,287.0,0.271961
6001.0,288.0,0.434361
6001.0,289.0,0.391277
6001.0,290.0,0.584866
6001.0,291.0,0.424381
6001.0,292.0,0.677064
6001.0,293.0,1.0
6001.0,294.0,0.255921
6001.0,295.0,0.258388
6001.0,296.0,0.0
6001.0,297.0,0.859232
6001.0,298.0,0.024559
6001.0,299.0,0.0
6001.0,300.0,0.363007
6001.0,301.0,0.719173
6001.0,302.0,0.012106
6001.0,303.0,0.964706
6001.0,304.0,0.0
6001.0,305.0,0.854135
6001.0,306.0,0.70899
6001.0,307.0,0.584106
6001.0,308.0,0.533867
6001.0,309.0,0.0
6001.0,310.0,1.0
6001.0,311.0,0.481432
6001.0,312.0,0.0
6001.0,313.0,0.568383
6001.0,314.0,0.401205
6001.0,315.0,0.490222
6001.0,316.0,0.340415
6001.0,317.0,0.965685
6001.0,318.0,0.627916
6001.0,319.0,0.00747
6001.0,320.0,0.333575
6001.0,321.0,0.0
6001.0,322.0,0.120622
6001.0,323.0,0.375345
6001.0,324.0,0.542872
6001.0,325.0,0.013509
6001.0,326.0,0.791892
6001.0,327.0,0.144932
6001.0,328.0,0.060963
6001.0,329.0,0.863735
6001.0,330.0,0.033399
6001.0,331.0,0.648501
6001.0,332.0,0.354367
6001.0,333.0,0.0
6001.0,334.0,0.282238
6002.0,0.0,0.0
6002.0,1.0,0.0
6002.0,2.0,0.0
6002.0,3.0,0.459199
6002.0,4.0,0.272541
6002.0,5.0,0.450476
6002.0,6.0,0.788589
6002.0,7.0,0.778698
6002.0,8.0,0.067451
6002.0,9.0,0.791043
6002.0,10.0,0.999565
6002.0,11.0,0.973548
6002.0,12.0,0.341525
6002.0,13.0,0.329524
6002.0,14.0,0.622269
6002.0,15.0,0.878069
6002.0,16.0,0.625622
6002.0,17.0,0.0
6002.0,18.0,0.62656
6002.0,19.0,0.820069
6002.0,20.0,0.450711
6002.0,21.0,0.0
6002.0,22.0,0.899642
6002.0,23.0,1.0
6002.0,24.0,0.458548
6002.0,25.0,0.504065
6002.0,26.0,0.806646
6002.0,27.0,0.444032
6002.0,28.0,0.699009
6002.0,29.0,1.0
6002.0,30.0,0.226837
6002.0,31.0,0.781109
6002.0,32.0,1.0
6002.0,33.0,1.0
6002.0,34.0,0.03538
6002.0,35.0,0.350526
6002.0,36.0,0.389378
6002.0,37.0,0.530019
6002.0,38.0,0.473163
6002.0,39.0,0.989483
6002.0,40.0,0.657744
6002.0,41.0,0.818306
6002.0,42.0,0.368317
6002.0,43.0,0.906096
6002.0,44.0,0.622936
6002.0,45.0,0.768739
6002.0,46.0,0.48911
6002.0,47.0,0.985167
6002.0,48.0,0.997157
6002.0,49.0,0.260882
6002.0,50.0,0.0
6002.0,51.0,0.284004
6002.0,52.0,1.0
6002.0,53.0,0.812441
6002.0,54.0,1.0
6002.0,55.0,0.001233
6002.0,56.0,0.355959
6002.0,57.0,0.0
6002.0,58.0,0.425969
6002.0,59.0,0.300302
6002.0,60.0,0.860447
6002.0,61.0,0.976715
6002.0,62.0,0.180012
6002.0,63.0,0.743055
6002.0,64.0,0.948788
6002.0,65.0,0.019301
6002.0,66.0,0.0
6002.0,67.0,0.534788
6002.0,68.0,0.003188
6002.0,69.0,0.032462
6002.0,70.0,0.255876
6002.0,71.0,0.086446
6002.0,72.0,0.550994
6002.0,73.0,0.490272
6002.0,74.0,0.662213
6002.0,75.0,0.554585
6002.0,76.0,0.926518
6002.0,77.0,0.803782
6002.0,78.0,0.346697
6002.0,79.0,0.0
6002.0,80.0,0.976448
6002.0,81.0,0.320992
6002.0,82.0,0.573014
6002.0,83.0,0.53371
6002.0,84.0,1.0
6002.0,85.0,0.404029
6002.0,86.0,0.743336
6002.0,87.0,0.999914
6002.0,88.0,0.0
6002.0,89.0,0.711302
6002.0,90.0,0.680891
6002.0,91.0,0.430408
6002.0,92.0,0.104327
6002.0,93.0,0.436017
6002.0,94.0,0.448627
6002.0,95.0,0.068537
6002.0,96.0,1.0
6002.0,97.0,0.409942
6002.0,98.0,0.0
6002.0,99.0,0.077905
6002.0,100.0,0.72002
6002.0,101.0,0.395976
6002.0,102.0,0.817528
6002.0,103.0,0.0
6002.0,104.0,0.016171
6002.0,105.0,0.619958
6002.0,106.0,0.769801
6002.0,107.0,0.871131
6002.0,108.0,0.922118
6002.0,109.0,0.989112
6002.0,110.0,0.425066
6002.0,111.0,0.899606
6002.0,112.0,0.143989
6002.0,113.0,0.561482
6002.0,114.0,0.367782
6002.0,115.0,0.142221
6002.0,116.0,0.973313
6002.0,117.0,0.27876
6002.0,118.0,0.804261
6002.0,119.0,0.125348
6002.0,120.0,0.0
6002.0,121.0,0.291959
6002.0,122.0,0.565901
6002.0,123.0,1.0
6002.0,124.0,0.461066
6002.0,125.0,0.484623
6002.0,126.0,0.378394
6002.0,127.0,0.047474
6002.0,128.0,0.040422
6002.0,129.0,0.985695
6002.0,130.0,0.004491
6002.0,131.0,0.992415
6002.0,132.0,0.389558
6002.0,133.0,0.810963
6002.0,134.0,0.484263
6002.0,135.0,0.346871
6002.0,136.0,1.0
6002.0,137.0,0.501512
6002.0,138.0,0.727011
6002.0,139.0,0.419118
6002.0,140.0,0.000906
6002.0,141.0,0.62967
6002.0,142.0,1.0
6002.0,143.0,0.145906
6002.0,144.0,0.17854
6002.0,145.0,0.382927
6002.0,146.0,0.554731
6002.0,147.0,1.0
6002.0,148.0,0.391229
6002.0,149.0,0.471074
6002.0,150.0,0.249663
6002.0,151.0,0.561711
6002.0,152.0,0.332333
6002.0,153.0,0.365426
6002.0,154.0,0.606665
6002.0,155.0,0.636564
6002.0,156.0,0.724966
6002.0,157.0,0.0
6002.0,158.0,0.175381
6002.0,159.0,0.136932
6002.0,160.0,0.023893
6002.0,161.0,0.01163
6002.0,162.0,0.758745
6002.0,163.0,0.625328
6002.0,164.0,0.654022
6002.0,165.0,0.443059
6002.0,166.0,0.0
6002.0,167.0,0.44631
6002.0,168.0,0.578824
6002.0,169.0,0.672523
6002.0,170.0,0.677708
6002.0,171.0,0.473049
6002.0,172.0,0.530713
6002.0,173.0,0.671228
6002.0,174.0,0.425946
6002.0,175.0,0.356294
6002.0,176.0,0.194897
6002.0,177.0,0.0
6002.0,178.0,1.0
6002.0,179.0,0.387268
6002.0,180.0,0.343172
6002.0,181.0,0.188928
6002.0,182.0,0.003131
6002.0,183.0,0.0
6002.0,184.0,0.490663
6002.0,185.0,0.501492
6002.0,186.0,0.879747
6002.0,187.0,0.506365
6002.0,188.0,0.0
6002.0,189.0,0.893478
6002.0,190.0,1.0
6002.0,191.0,0.671466
6002.0,192.0,0.171745
6002.0,193.0,0.833329
6002.0,194.0,0.0
6002.0,195.0,0.473583
6002.0,196.0,0.503875
6002.0,197.0,0.296062
6002.0,198.0,0.442514
6002.0,199.0,0.03108
6002.0,200.0,0.0
6002.0,201.0,0.736569
6002.0,202.0,1.0
6002.0,203.0,0.585615
6002.0,204.0,0.306308
6002.0,205.0,0.0
6002.0,206.0,0.380573
6002.0,207.0,1.0
6002.0,208.0,0.575021
6002.0,209.0,0.692489
6002.0,210.0,0.319079
6002.0,211.0,0.106784
6002.0,212.0,0.584121
6002.0,213.0,0.0
6002.0,214.0,0.559117
6002.0,215.0,0.67613
6002.0,216.0,1.0
6002.0,217.0,0.720961
6002.0,218.0,0.0
6002.0,219.0,0.271392
6002.0,220.0,0.98285
6002.0,221.0,0.528999
6002.0,222.0,0.002808
6002.0,223.0,0.612818
6002.0,224.0,0.369085
6002.0,225.0,0.795969
6002.0,226.0,0.755579
6002.0,227.0,0.834789
6002.0,228.0,0.763973
6002.0,229.0,0.238203
6002.0,230.0,0.382192
6002.0,231.0,0.411188
6002.0,232.0,0.254849
6002.0,233.0,0.775725
6002.0,234.0,0.293975
6002.0,235.0,0.0
6002.0,236.0,0.946279
6002.0,237.0,0.122999
6002.0,238.0,0.598098
6002.0,239.0,0.999375
6002.0,240.0,0.164023
6002.0,241.0,0.462728
6002.0,242.0,0.444339
6002.0,243.0,0.0
6002.0,244.0,0.001195
6002.0,245.0,1.0
6002.0,246.0,0.623317
6002.0,247.0,0.495896
6002.0,248.0,0.556847
6002.0,249.0,0.459169
6002.0,250.0,0.537862
6002.0,251.0,0.948795
6002.0,252.0,0.40351
6002.0,253.0,0.714317
6002.0,254.0,0.625779
6002.0,255.0,0.40368
6002.0,256.0,1.0
6002.0,257.0,0.847283
6002.0,258.0,0.484704
6002.0,259.0,0.624265
6002.0,260.0,0.942483
6002.0,261.0,0.331889
6002.0,262.0,0.0
6002.0,263.0,0.461103
6002.0,264.0,0.0
6002.0,265.0,0.327071
6002.0,266.0,0.389406
6002.0,267.0,0.776812
6002.0,268.0,0.432239
6002.0,269.0,0.144372
6002.0,270.0,0.893425
6002.0,271.0,0.0
6002.0,272.0,0.11856
6002.0,273.0,0.361221
6002.0,274.0,0.189415
6002.0,275.0,0.674895
6002.0,276.0,0.024643
6002.0,277.0,0.334087
6002.0,278.0,0.491002
6002.0,279.0,0.210634
6002.0,280.0,0.531041
6002.0,281.0,0.831512
6002.0,282.0,1.0
6002.0,283.0,0.472162
6002.0,284.0,0.147349
6002.0,285.0,0.465488
6002.0,286.0,0.833231
6002.0,287.0,0.273241
6002.0,288.0,0.440189
6002.0,289.0,0.399433
6002.0,290.0,0.585505
6002.0,291.0,0.427985
6002.0,292.0,0.679952
6002.0,293.0,1.0
6002.0,294.0,0.255679
6002.0,295.0,0.261855
6002.0,296.0,0.0
6002.0,297.0,0.860029
6002.0,298.0,0.024878
6002.0,299.0,0.0
6002.0,300.0,0.366049
6002.0,301.0,0.720751
6002.0,302.0,0.012165
6002.0,303.0,0.964359
6002.0,304.0,0.0
6002.0,305.0,0.854459
6002.0,306.0,0.709748
6002.0,307.0,0.585536
6002.0,308.0,0.53875
6002.0,309.0,0.0
6002.0,310.0,1.0
6002.0,311.0,0.481988
6002.0,312.0,0.0
6002.0,313.0,0.569243
6002.0,314.0,0.402388
6002.0,315.0,0.493998
6002.0,316.0,0.341525
6002.0,317.0,0.965624
6002.0,318.0,0.627991
6002.0,319.0,0.007578
6002.0,320.0,0.342957
6002.0,321.0,0.0
6002.0,322.0,0.12192
6002.0,323.0,0.409394
6002.0,324.0,0.544346
6002.0,325.0,0.014679
6002.0,326.0,0.793564
6002.0,327.0,0.14545
6002.0,328.0,0.061098
6002.0,329.0,0.873543
6002.0,330.0,0.034024
6002.0,331.0,0.647223
6002.0,332.0,0.358864
6002.0,333.0,0.0
6002.0,334.0,0.287337
6003.0,0.0,0.0
6003.0,1.0,0.0
6003.0,2.0,0.0
6003.0,3.0,0.462621
6003.0,4.0,0.27471
6003.0,5.0,0.459495
6003.0,6.0,0.790074
6003.0,7.0,0.780102
6003.0,8.0,0.067711
6003.0,9.0,0.790873
6003.0,10.0,0.999603
6003.0,11.0,0.973794
6003.0,12.0,0.348493
6003.0,13.0,0.33271
6003.0,14.0,0.634302
6003.0,15.0,0.878375
6003.0,16.0,0.626179
6003.0,17.0,0.0
6003.0,18.0,0.633583
6003.0,19.0,0.820778
6003.0,20.0,0.455317
6003.0,21.0,0.0
6003.0,22.0,0.901064
6003.0,23.0,1.0
6003.0,24.0,0.459701
6003.0,25.0,0.512357
6003.0,26.0,0.814794
6003.0,27.0,0.449805
6003.0,28.0,0.702844
6003.0,29.0,1.0
6003.0,30.0,0.236193
6003.0,31.0,0.78168
6003.0,32.0,1.0
6003.0,33.0,1.0
6003.0,34.0,0.037206
6003.0,35.0,0.350611
6003.0,36.0,0.392051
6003.0,37.0,0.530445
6003.0,38.0,0.476342
6003.0,39.0,0.989977
6003.0,40.0,0.662125
6003.0,41.0,0.821246
6003.0,42.0,0.375508
6003.0,43.0,0.913677
6003.0,44.0,0.628317
6003.0,45.0,0.777246
6003.0,46.0,0.489153
6003.0,47.0,0.985823
6003.0,48.0,0.997245
6003.0,49.0,0.262037
6003.0,50.0,0.0
6003.0,51.0,0.287757
6003.0,52.0,1.0
6003.0,53.0,0.815843
6003.0,54.0,1.0
6003.0,55.0,0.00128
6003.0,56.0,0.356658
6003.0,57.0,0.0
6003.0,58.0,0.426925
6003.0,59.0,0.306615
6003.0,60.0,0.860606
6003.0,61.0,0.97674
6003.0,62.0,0.184943
6003.0,63.0,0.743959
6003.0,64.0,0.949936
6003.0,65.0,0.019071
6003.0,66.0,0.0
6003.0,67.0,0.538404
6003.0,68.0,0.003269
6003.0,69.0,0.03268
6003.0,70.0,0.257672
6003.0,71.0,0.088104
6003.0,72.0,0.554171
6003.0,73.0,0.490978
6003.0,74.0,0.663891
6003.0,75.0,0.561952
6003.0,76.0,0.92713
6003.0,77.0,0.804557
6003.0,78.0,0.355973
6003.0,79.0,0.0
6003.0,80.0,0.976798
6003.0,81.0,0.323209
6003.0,82.0,0.574397
6003.0,83.0,0.536491
6003.0,84.0,1.0
6003.0,85.0,0.405031
6003.0,86.0,0.746902
6003.0,87.0,0.999922
6003.0,88.0,0.0
6003.0,89.0,0.713737
6003.0,90.0,0.681389
6003.0,91.0,0.432693
6003.0,92.0,0.10616
6003.0,93.0,0.43723
6003.0,94.0,0.452824
6003.0,95.0,0.069021
6003.0,96.0,1.0
6003.0,97.0,0.451808
6003.0,98.0,0.0
6003.0,99.0,0.078538
6003.0,100.0,0.720526
6003.0,101.0,0.397212
6003.0,102.0,0.823807
6003.0,103.0,0.0
6003.0,104.0,0.016545
6003.0,105.0,0.621553
6003.0,106.0,0.771073
6003.0,107.0,0.87115
6003.0,108.0,0.924242
6003.0,109.0,0.989513
6003.0,110.0,0.426305
6003.0,111.0,0.900588
6003.0,112.0,0.144124
6003.0,113.0,0.5618
6003.0,114.0,0.373581
6003.0,115.0,0.143321
6003.0,116.0,0.973416
6003.0,117.0,0.280355
6003.0,118.0,0.80695
6003.0,119.0,0.126107
6003.0,120.0,0.0
6003.0,121.0,0.303046
6003.0,122.0,0.568199
6003.0,123.0,1.0
6003.0,124.0,0.465582
6003.0,125.0,0.489958
6003.0,126.0,0.380933
6003.0,127.0,0.048731
6003.0,128.0,0.040881
6003.0,129.0,0.985664
6003.0,130.0,0.004557
6003.0,131.0,0.992338
6003.0,132.0,0.396869
6003.0,133.0,0.81331
6003.0,134.0,0.473974
6003.0,135.0,0.356831
6003.0,136.0,1.0
6003.0,137.0,0.503727
6003.0,138.0,0.733636
6003.0,139.0,0.423037
6003.0,140.0,0.000951
6003.0,141.0,0.631367
6003.0,142.0,1.0
6003.0,143.0,0.149065
6003.0,144.0,0.179978
6003.0,145.0,0.385921
6003.0,146.0,0.555929
6003.0,147.0,1.0
6003.0,148.0,0.39433
6003.0,149.0,0.4791
6003.0,150.0,0.251207
6003.0,151.0,0.564821
6003.0,152.0,0.334114
6003.0,153.0,0.375236
6003.0,154.0,0.608905
6003.0,155.0,0.642485
6003.0,156.0,0.724834
6003.0,157.0,0.0
6003.0,158.0,0.181094
6003.0,159.0,0.139877
6003.0,160.0,0.024583
6003.0,161.0,0.0117
6003.0,162.0,0.759171
6003.0,163.0,0.627144
6003.0,164.0,0.656365
6003.0,165.0,0.449363
6003.0,166.0,0.0
6003.0,167.0,0.447084
6003.0,168.0,0.57986
6003.0,169.0,0.701272
6003.0,170.0,0.681839
6003.0,171.0,0.472755
6003.0,172.0,0.531981
6003.0,173.0,0.67493
6003.0,174.0,0.427481
6003.0,175.0,0.358078
6003.0,176.0,0.196691
6003.0,177.0,0.0
6003.0,178.0,1.0
6003.0,179.0,0.394974
6003.0,180.0,0.348143
6003.0,181.0,0.190022
6003.0,182.0,0.003139
6003.0,183.0,0.0
6003.0,184.0,0.495139
6003.0,185.0,0.501958
6003.0,186.0,0.882395
6003.0,187.0,0.50689
6003.0,188.0,0.0
6003.0,189.0,0.893711
6003.0,190.0,1.0
6003.0,191.0,0.671694
6003.0,192.0,0.17212
6003.0,193.0,0.833889
6003.0,194.0,0.0
6003.0,195.0,0.480062
6003.0,196.0,0.501219
6003.0,197.0,0.299309
6003.0,198.0,0.446764
6003.0,199.0,0.031073
6003.0,200.0,0.0
6003.0,201.0,0.737166
6003.0,202.0,1.0
6003.0,203.0,0.604639
6003.0,204.0,0.309007
6003.0,205.0,0.0
6003.0,206.0,0.402885
6003.0,207.0,1.0
6003.0,208.0,0.577817
6003.0,209.0,0.692849
6003.0,210.0,0.328099
6003.0,211.0,0.106659
6003.0,212.0,0.591733
6003.0,213.0,0.0
6003.0,214.0,0.566186
6003.0,215.0,0.681677
6003.0,216.0,1.0
6003.0,217.0,0.725241
6003.0,218.0,0.0
6003.0,219.0,0.271717
6003.0,220.0,0.983005
6003.0,221.0,0.540151
6003.0,222.0,0.002861
6003.0,223.0,0.614504
6003.0,224.0,0.37208
6003.0,225.0,0.797336
6003.0,226.0,0.760206
6003.0,227.0,0.837186
6003.0,228.0,0.766278
6003.0,229.0,0.240252
6003.0,230.0,0.383492
6003.0,231.0,0.468488
6003.0,232.0,0.256085
6003.0,233.0,0.778567
6003.0,234.0,0.300147
6003.0,235.0,0.0
6003.0,236.0,0.946327
6003.0,237.0,0.12315
6003.0,238.0,0.61015
6003.0,239.0,0.999384
6003.0,240.0,0.165567
6003.0,241.0,0.46532
6003.0,242.0,0.446762
6003.0,243.0,0.0
6003.0,244.0,0.001268
6003.0,245.0,1.0
6003.0,246.0,0.624046
6003.0,247.0,0.497342
6003.0,248.0,0.559843
6003.0,249.0,0.462991
6003.0,250.0,0.5444
6003.0,251.0,0.949055
6003.0,252.0,0.405569
6003.0,253.0,0.717814
6003.0,254.0,0.631216
6003.0,255.0,0.406086
6003.0,256.0,1.0
6003.0,257.0,0.849252
6003.0,258.0,0.485998
6003.0,259.0,0.626201
6003.0,260.0,0.944052
6003.0,261.0,0.33962
6003.0,262.0,0.0
6003.0,263.0,0.461831
6003.0,264.0,0.0
6003.0,265.0,0.32726
6003.0,266.0,0.393436
6003.0,267.0,0.778374
6003.0,268.0,0.437518
6003.0,269.0,0.146331
6003.0,270.0,0.89336
6003.0,271.0,0.0
6003.0,272.0,0.120083
6003.0,273.0,0.364617
6003.0,274.0,0.189426
6003.0,275.0,0.677172
6003.0,276.0,0.025012
6003.0,277.0,0.337366
6003.0,278.0,0.493578
6003.0,279.0,0.21394
6003.0,280.0,0.532695
6003.0,281.0,0.835647
6003.0,282.0,1.0
6003.0,283.0,0.471999
6003.0,284.0,0.148
6003.0,285.0,0.471753
6003.0,286.0,0.837814
6003.0,287.0,0.274979
6003.0,288.0,0.446201
6003.0,289.0,0.406901
6003.0,290.0,0.586301
6003.0,291.0,0.430697
6003.0,292.0,0.681296
6003.0,293.0,1.0
6003.0,294.0,0.256941
6003.0,295.0,0.265168
6003.0,296.0,0.0
6003.0,297.0,0.859746
6003.0,298.0,0.025039
6003.0,299.0,0.0
6003.0,300.0,0.369064
6003.0,301.0,0.72106
6003.0,302.0,0.012392
6003.0,303.0,0.964391
6003.0,304.0,0.0
6003.0,305.0,0.855069
6003.0,306.0,0.712001
6003.0,307.0,0.585733
6003.0,308.0,0.542599
6003.0,309.0,0.0
6003.0,310.0,1.0
6003.0,311.0,0.481213
6003.0,312.0,0.0
6003.0,313.0,0.569875
6003.0,314.0,0.404156
6003.0,315.0,0.498307
6003.0,316.0,0.343654
6003.0,317.0,0.965724
6003.0,318.0,0.628954
6003.0,319.0,0.00767
6003.0,320.0,0.351147
6003.0,321.0,0.0
6003.0,322.0,0.122979
6003.0,323.0,0.442782
6003.0,324.0,0.545654
6003.0,325.0,0.015838
6003.0,326.0,0.794878
6003.0,327.0,0.145925
6003.0,328.0,0.061744
6003.0,329.0,0.882388
6003.0,330.0,0.034075
6003.0,331.0,0.646649
6003.0,332.0,0.363347
6003.0,333.0,0.0
6003.0,334.0,0.291986
6004.0,0.0,0.0
6004.0,1.0,0.0
6004.0,2.0,0.0
6004.0,3.0,0.465988
6004.0,4.0,0.277448
6004.0,5.0,0.468323
6004.0,6.0,0.7915
6004.0,7.0,0.781555
6004.0,8.0,0.067445
6004.0,9.0,0.791808
6004.0,10.0,0.999581
6004.0,11.0,0.974042
6004.0,12.0,0.355811
6004.0,13.0,0.335346
6004.0,14.0,0.645742
6004.0,15.0,0.879414
6004.0,16.0,0.627279
6004.0,17.0,0.0
6004.0,18.0,0.639901
6004.0,19.0,0.821335
6004.0,20.0,0.458973
6004.0,21.0,0.0
6004.0,22.0,0.902515
6004.0,23.0,1.0
6004.0,24.0,0.46081
6004.0,25.0,0.521194
6004.0,26.0,0.822805
6004.0,27.0,0.454246
6004.0,28.0,0.706617
6004.0,29.0,1.0
6004.0,30.0,0.244936
6004.0,31.0,0.782104
6004.0,32.0,1.0
6004.0,33.0,1.0
6004.0,34.0,0.039611
6004.0,35.0,0.351228
6004.0,36.0,0.394976
6004.0,37.0,0.531165
6004.0,38.0,0.482176
6004.0,39.0,0.990438
6004.0,40.0,0.66495
6004.0,41.0,0.823765
6004.0,42.0,0.381838
6004.0,43.0,0.920278
6004.0,44.0,0.633153
6004.0,45.0,0.784735
6004.0,46.0,0.490251
6004.0,47.0,0.98658
6004.0,48.0,0.99719
6004.0,49.0,0.2639
6004.0,50.0,0.0
6004.0,51.0,0.291273
6004.0,52.0,1.0
6004.0,53.0,0.820134
6004.0,54.0,1.0
6004.0,55.0,0.001324
6004.0,56.0,0.357235
6004.0,57.0,0.0
6004.0,58.0,0.428094
6004.0,59.0,0.312847
6004.0,60.0,0.861046
6004.0,61.0,0.976857
6004.0,62.0,0.188577
6004.0,63.0,0.744719
6004.0,64.0,0.950883
6004.0,65.0,0.018918
6004.0,66.0,0.0
6004.0,67.0,0.542165
6004.0,68.0,0.003307
6004.0,69.0,0.032502
6004.0,70.0,0.258597
6004.0,71.0,0.091144
6004.0,72.0,0.559078
6004.0,73.0,0.491889
6004.0,74.0,0.666022
6004.0,75.0,0.569867
6004.0,76.0,0.92758
6004.0,77.0,0.805453
6004.0,78.0,0.364619
6004.0,79.0,0.0
6004.0,80.0,0.977192
6004.0,81.0,0.326094
6004.0,82.0,0.576484
6004.0,83.0,0.53984
6004.0,84.0,1.0
6004.0,85.0,0.406201
6004.0,86.0,0.750537
6004.0,87.0,0.999915
6004.0,88.0,0.0
6004.0,89.0,0.71634
6004.0,90.0,0.681727
6004.0,91.0,0.435751
6004.0,92.0,0.108267
6004.0,93.0,0.438883
6004.0,94.0,0.456256
6004.0,95.0,0.069035
6004.0,96.0,1.0
6004.0,97.0,0.492912
6004.0,98.0,0.0
6004.0,99.0,0.079174
6004.0,100.0,0.721301
6004.0,101.0,0.399247
6004.0,102.0,0.829252
6004.0,103.0,0.0
6004.0,104.0,0.01683
6004.0,105.0,0.623734
6004.0,106.0,0.773253
6004.0,107.0,0.871638
6004.0,108.0,0.926337
6004.0,109.0,0.990007
6004.0,110.0,0.426879
6004.0,111.0,0.901385
6004.0,112.0,0.144821
6004.0,113.0,0.562831
6004.0,114.0,0.378062
6004.0,115.0,0.144769
6004.0,116.0,0.973372
6004.0,117.0,0.281862
6004.0,118.0,0.810551
6004.0,119.0,0.126663
6004.0,120.0,0.0
6004.0,121.0,0.313195
6004.0,122.0,0.570386
6004.0,123.0,1.0
6004.0,124.0,0.470509
6004.0,125.0,0.496107
6004.0,126.0,0.382596
6004.0,127.0,0.049687
6004.0,128.0,0.041393
6004.0,129.0,0.985699
6004.0,130.0,0.004708
6004.0,131.0,0.992479
6004.0,132.0,0.40339
6004.0,133.0,0.816318
6004.0,134.0,0.464804
6004.0,135.0,0.36622
6004.0,136.0,1.0
6004.0,137.0,0.505162
6004.0,138.0,0.739984
6004.0,139.0,0.428046
6004.0,140.0,0.000964
6004.0,141.0,0.632778
6004.0,142.0,1.0
6004.0,143.0,0.152141
6004.0,144.0,0.18107
6004.0,145.0,0.388638
6004.0,146.0,0.558034
6004.0,147.0,1.0
6004.0,148.0,0.396688
6004.0,149.0,0.48792
6004.0,150.0,0.25164
6004.0,151.0,0.567698
6004.0,152.0,0.33716
6004.0,153.0,0.384956
6004.0,154.0,0.610388
6004.0,155.0,0.647858
6004.0,156.0,0.725234
6004.0,157.0,0.0
6004.0,158.0,0.186556
6004.0,159.0,0.143871
6004.0,160.0,0.025006
6004.0,161.0,0.011735
6004.0,162.0,0.760518
6004.0,163.0,0.630101
6004.0,164.0,0.657818
6004.0,165.0,0.455835
6004.0,166.0,0.0
6004.0,167.0,0.447791
6004.0,168.0,0.580988
6004.0,169.0,0.72965
6004.0,170.0,0.685614
6004.0,171.0,0.47249
6004.0,172.0,0.534651
6004.0,173.0,0.678008
6004.0,174.0,0.427956
6004.0,175.0,0.358639
6004.0,176.0,0.198914
6004.0,177.0,0.0
6004.0,178.0,1.0
6004.0,179.0,0.402458
6004.0,180.0,0.351875
6004.0,181.0,0.192077
6004.0,182.0,0.003097
6004.0,183.0,0.0
6004.0,184.0,0.499708
6004.0,185.0,0.503033
6004.0,186.0,0.886072
6004.0,187.0,0.507349
6004.0,188.0,0.0
6004.0,189.0,0.894359
6004.0,190.0,1.0
6004.0,191.0,0.671998
6004.0,192.0,0.173361
6004.0,193.0,0.833836
6004.0,194.0,0.0
6004.0,195.0,0.485974
6004.0,196.0,0.49833
6004.0,197.0,0.302625
6004.0,198.0,0.450691
6004.0,199.0,0.031358
6004.0,200.0,0.0
6004.0,201.0,0.738716
6004.0,202.0,1.0
6004.0,203.0,0.622451
6004.0,204.0,0.310653
6004.0,205.0,0.0
6004.0,206.0,0.423992
6004.0,207.0,1.0
6004.0,208.0,0.580945
6004.0,209.0,0.69444
6004.0,210.0,0.337248
6004.0,211.0,0.106195
6004.0,212.0,0.59891
6004.0,213.0,0.0
6004.0,214.0,0.57235
6004.0,215.0,0.687183
6004.0,216.0,1.0
6004.0,217.0,0.72917
6004.0,218.0,0.0
6004.0,219.0,0.272552
6004.0,220.0,0.983434
6004.0,221.0,0.551156
6004.0,222.0,0.002869
6004.0,223.0,0.615956
6004.0,224.0,0.37559
6004.0,225.0,0.799948
6004.0,226.0,0.76493
6004.0,227.0,0.839243
6004.0,228.0,0.769678
6004.0,229.0,0.243578
6004.0,230.0,0.384365
6004.0,231.0,0.521418
6004.0,232.0,0.255841
6004.0,233.0,0.782139
6004.0,234.0,0.306073
6004.0,235.0,0.0
6004.0,236.0,0.946702
6004.0,237.0,0.123001
6004.0,238.0,0.620562
6004.0,239.0,0.999397
6004.0,240.0,0.166699
6004.0,241.0,0.468292
6004.0,242.0,0.448926
6004.0,243.0,0.0
6004.0,244.0,0.001264
6004.0,245.0,1.0
6004.0,246.0,0.625016
6004.0,247.0,0.498055
6004.0,248.0,0.563907
6004.0,249.0,0.466872
6004.0,250.0,0.551196
6004.0,251.0,0.949591
6004.0,252.0,0.407039
6004.0,253.0,0.720882
6004.0,254.0,0.63615
6004.0,255.0,0.40838
6004.0,256.0,1.0
6004.0,257.0,0.851122
6004.0,258.0,0.488694
6004.0,259.0,0.628471
6004.0,260.0,0.944724
6004.0,261.0,0.346001
6004.0,262.0,0.0
6004.0,263.0,0.461806
6004.0,264.0,0.0
6004.0,265.0,0.326717
6004.0,266.0,0.396414
6004.0,267.0,0.779848
6004.0,268.0,0.442925
6004.0,269.0,0.148229
6004.0,270.0,0.89405
6004.0,271.0,0.0
6004.0,272.0,0.12106
6004.0,273.0,0.367398
6004.0,274.0,0.189976
6004.0,275.0,0.679053
6004.0,276.0,0.025313
6004.0,277.0,0.339597
6004.0,278.0,0.495396
6004.0,279.0,0.217309
6004.0,280.0,0.533624
6004.0,281.0,0.839371
6004.0,282.0,1.0
6004.0,283.0,0.472784
6004.0,284.0,0.148934
6004.0,285.0,0.477837
6004.0,286.0,0.842119
6004.0,287.0,0.277117
6004.0,288.0,0.45233
6004.0,289.0,0.414854
6004.0,290.0,0.587242
6004.0,291.0,0.433667
6004.0,292.0,0.683675
6004.0,293.0,1.0
6004.0,294.0,0.257758
6004.0,295.0,0.268051
6004.0,296.0,0.0
6004.0,297.0,0.859577
6004.0,298.0,0.025339
6004.0,299.0,0.0
6004.0,300.0,0.372047
6004.0,301.0,0.721662
6004.0,302.0,0.012508
6004.0,303.0,0.964425
6004.0,304.0,0.0
6004.0,305.0,0.855897
6004.0,306.0,0.713062
6004.0,307.0,0.586193
6004.0,308.0,0.547194
6004.0,309.0,0.0
6004.0,310.0,1.0
6004.0,311.0,0.482309
6004.0,312.0,0.0
6004.0,313.0,0.570987
6004.0,314.0,0.405421
6004.0,315.0,0.501399
6004.0,316.0,0.345704
6004.0,317.0,0.96582
6004.0,318.0,0.630305
6004.0,319.0,0.007622
6004.0,320.0,0.360147
6004.0,321.0,0.0
6004.0,322.0,0.12491
6004.0,323.0,0.475117
6004.0,324.0,0.546866
6004.0,325.0,0.017058
6004.0,326.0,0.796463
6004.0,327.0,0.147177
6004.0,328.0,0.061995
6004.0,329.0,0.890617
6004.0,330.0,0.034106
6004.0,331.0,0.646531
6004.0,332.0,0.367586
6004.0,333.0,0.0
6004.0,334.0,0.297557
6005.0,0.0,0.0
6005.0,1.0,0.0
6005.0,2.0,0.0
6005.0,3.0,0.470684
6005.0,4.0,0.280063
6005.0,5.0,0.477648
6005.0,6.0,0.793036
6005.0,7.0,0.782985
6005.0,8.0,0.067858
6005.0,9.0,0.792553
6005.0,10.0,0.999626
6005.0,11.0,0.974086
6005.0,12.0,0.363772
6005.0,13.0,0.337412
6005.0,14.0,0.657338
6005.0,15.0,0.879777
6005.0,16.0,0.628536
6005.0,17.0,0.0
6005.0,18.0,0.646681
6005.0,19.0,0.822592
6005.0,20.0,0.463786
6005.0,21.0,0.0
6005.0,22.0,0.90398
6005.0,23.0,1.0
6005.0,24.0,0.462411
6005.0,25.0,0.528843
6005.0,26.0,0.830506
6005.0,27.0,0.458155
6005.0,28.0,0.71032
6005.0,29.0,1.0
6005.0,30.0,0.254874
6005.0,31.0,0.782296
6005.0,32.0,1.0
6005.0,33.0,1.0
6005.0,34.0,0.041902
6005.0,35.0,0.351719
6005.0,36.0,0.396825
6005.0,37.0,0.532063
6005.0,38.0,0.486818
6005.0,39.0,0.990811
6005.0,40.0,0.668844
6005.0,41.0,0.826636
6005.0,42.0,0.388431
6005.0,43.0,0.926504
6005.0,44.0,0.638675
6005.0,45.0,0.791115
6005.0,46.0,0.49015
6005.0,47.0,0.986955
6005.0,48.0,0.997282
6005.0,49.0,0.265657
6005.0,50.0,0.0
6005.0,51.0,0.295195
6005.0,52.0,1.0
6005.0,53.0,0.824363
6005.0,54.0,1.0
6005.0,55.0,0.001297
6005.0,56.0,0.358299
6005.0,57.0,0.0
6005.0,58.0,0.430725
6005.0,59.0,0.31821
6005.0,60.0,0.86124
6005.0,61.0,0.977036
6005.0,62.0,0.192994
6005.0,63.0,0.746044
6005.0,64.0,0.9518
6005.0,65.0,0.018849
6005.0,66.0,0.0
6005.0,67.0,0.546353
6005.0,68.0,0.003268
6005.0,69.0,0.03267
6005.0,70.0,0.260138
6005.0,71.0,0.093535
6005.0,72.0,0.563212
6005.0,73.0,0.493349
6005.0,74.0,0.667146
6005.0,75.0,0.576661
6005.0,76.0,0.92794
6005.0,77.0,0.806446
6005.0,78.0,0.373036
6005.0,79.0,0.0
6005.0,80.0,0.977185
6005.0,81.0,0.32806
6005.0,82.0,0.579176
6005.0,83.0,0.541994
6005.0,84.0,1.0
6005.0,85.0,0.407035
6005.0,86.0,0.752989
6005.0,87.0,0.99992
6005.0,88.0,0.0
6005.0,89.0,0.718866
6005.0,90.0,0.681617
6005.0,91.0,0.437799
6005.0,92.0,0.109868
6005.0,93.0,0.440767
6005.0,94.0,0.460779
6005.0,95.0,0.069108
6005.0,96.0,1.0
6005.0,97.0,0.533068
6005.0,98.0,0.0
6005.0,99.0,0.079372
6005.0,100.0,0.72228
6005.0,101.0,0.401099
6005.0,102.0,0.83479
6005.0,103.0,0.0
6005.0,104.0,0.016981
6005.0,105.0,0.625131
6005.0,106.0,0.77584
6005.0,107.0,0.871523
6005.0,108.0,0.928484
6005.0,109.0,0.990537
6005.0,110.0,0.428336
6005.0,111.0,0.901806
6005.0,112.0,0.145259
6005.0,113.0,0.563802
6005.0,114.0,0.3823
6005.0,115.0,0.145279
6005.0,116.0,0.973493
6005.0,117.0,0.283141
6005.0,118.0,0.812787
6005.0,119.0,0.127516
6005.0,120.0,0.0
6005.0,121.0,0.322937
6005.0,122.0,0.572715
6005.0,123.0,1.0
6005.0,124.0,0.475331
6005.0,125.0,0.502278
6005.0,126.0,0.385431
6005.0,127.0,0.050999
6005.0,128.0,0.042269
6005.0,129.0,0.98593
6005.0,130.0,0.004827
6005.0,131.0,0.992593
6005.0,132.0,0.410489
6005.0,133.0,0.817681
6005.0,134.0,0.45609
6005.0,135.0,0.374519
6005.0,136.0,1.0
6005.0,137.0,0.506726
6005.0,138.0,0.745535
6005.0,139.0,0.433154
6005.0,140.0,0.000982
6005.0,141.0,0.634094
6005.0,142.0,1.0
6005.0,143.0,0.15453
6005.0,144.0,0.182925
6005.0,145.0,0.393371
6005.0,146.0,0.559737
6005.0,147.0,1.0
6005.0,148.0,0.398696
6005.0,149.0,0.495349
6005.0,150.0,0.252638
6005.0,151.0,0.569039
6005.0,152.0,0.339187
6005.0,153.0,0.393633
6005.0,154.0,0.612294
6005.0,155.0,0.653474
6005.0,156.0,0.724789
6005.0,157.0,0.0
6005.0,158.0,0.191836
6005.0,159.0,0.147095
6005.0,160.0,0.025604
6005.0,161.0,0.011865
6005.0,162.0,0.761759
6005.0,163.0,0.632463
6005.0,164.0,0.660082
6005.0,165.0,0.461268
6005.0,166.0,0.0
6005.0,167.0,0.448956
6005.0,168.0,0.581526
6005.0,169.0,0.755306
6005.0,170.0,0.689696
6005.0,171.0,0.473157
6005.0,172.0,0.537383
6005.0,173.0,0.680844
6005.0,174.0,0.428897
6005.0,175.0,0.359702
6005.0,176.0,0.200333
6005.0,177.0,0.0
6005.0,178.0,1.0
6005.0,179.0,0.410079
6005.0,180.0,0.356704
6005.0,181.0,0.194047
6005.0,182.0,0.00311
6005.0,183.0,0.0
6005.0,184.0,0.50411
6005.0,185.0,0.504596
6005.0,186.0,0.889156
6005.0,187.0,0.507556
6005.0,188.0,0.0
6005.0,189.0,0.894632
6005.0,190.0,1.0
6005.0,191.0,0.673635
6005.0,192.0,0.17317
6005.0,193.0,0.833469
6005.0,194.0,0.0
6005.0,195.0,0.49166
6005.0,196.0,0.495357
6005.0,197.0,0.306857
6005.0,198.0,0.455577
6005.0,199.0,0.031151
6005.0,200.0,0.0
6005.0,201.0,0.73977
6005.0,202.0,1.0
6005.0,203.0,0.638994
6005.0,204.0,0.312335
6005.0,205.0,0.0
6005.0,206.0,0.443778
6005.0,207.0,1.0
6005.0,208.0,0.583074
6005.0,209.0,0.695219
6005.0,210.0,0.345805
6005.0,211.0,0.106322
6005.0,212.0,0.605485
6005.0,213.0,0.0
6005.0,214.0,0.578648
6005.0,215.0,0.692352
6005.0,216.0,1.0
6005.0,217.0,0.731429
6005.0,218.0,0.0
6005.0,219.0,0.273307
6005.0,220.0,0.983869
6005.0,221.0,0.561362
6005.0,222.0,0.00284
6005.0,223.0,0.617493
6005.0,224.0,0.378761
6005.0,225.0,0.801988
6005.0,226.0,0.769824
6005.0,227.0,0.841438
6005.0,228.0,0.772688
6005.0,229.0,0.245978
6005.0,230.0,0.384887
6005.0,231.0,0.568041
6005.0,232.0,0.255239
6005.0,233.0,0.785866
6005.0,234.0,0.311188
6005.0,235.0,0.0
6005.0,236.0,0.946962
6005.0,237.0,0.123314
6005.0,238.0,0.631654
6005.0,239.0,0.999379
6005.0,240.0,0.168033
6005.0,241.0,0.472244
6005.0,242.0,0.4519
6005.0,243.0,0.0
6005.0,244.0,0.001298
6005.0,245.0,1.0
6005.0,246.0,0.625639
6005.0,247.0,0.498626
6005.0,248.0,0.567154
6005.0,249.0,0.471225
6005.0,250.0,0.557363
6005.0,251.0,0.949824
6005.0,252.0,0.408449
6005.0,253.0,0.724445
6005.0,254.0,0.641414
6005.0,255.0,0.410509
6005.0,256.0,1.0
6005.0,257.0,0.852531
6005.0,258.0,0.490627
6005.0,259.0,0.630115
6005.0,260.0,0.945563
6005.0,261.0,0.353038
6005.0,262.0,0.0
6005.0,263.0,0.462361
6005.0,264.0,0.0
6005.0,265.0,0.327509
6005.0,266.0,0.399603
6005.0,267.0,0.781189
6005.0,268.0,0.448286
6005.0,269.0,0.150437
6005.0,270.0,0.894557
6005.0,271.0,0.0
6005.0,272.0,0.122337
6005.0,273.0,0.370285
6005.0,274.0,0.190845
6005.0,275.0,0.680089
6005.0,276.0,0.025623
6005.0,277.0,0.342365
6005.0,278.0,0.498069
6005.0,279.0,0.220823
6005.0,280.0,0.533993
6005.0,281.0,0.842738
6005.0,282.0,1.0
6005.0,283.0,0.47363
6005.0,284.0,0.149736
6005.0,285.0,0.484098
6005.0,286.0,0.846215
6005.0,287.0,0.278886
6005.0,288.0,0.458454
6005.0,289.0,0.421483
6005.0,290.0,0.588595
6005.0,291.0,0.436199
6005.0,292.0,0.686309
6005.0,293.0,1.0
6005.0,294.0,0.257895
6005.0,295.0,0.271776
6005.0,296.0,0.0
6005.0,297.0,0.860016
6005.0,298.0,0.025642
6005.0,299.0,0.0
6005.0,300.0,0.374937
6005.0,301.0,0.723134
6005.0,302.0,0.012626
6005.0,303.0,0.964685
6005.0,304.0,0.0
6005.0,305.0,0.856418
6005.0,306.0,0.714996
6005.0,307.0,0.586591
6005.0,308.0,0.551282
6005.0,309.0,0.0
6005.0,310.0,1.0
6005.0,311.0,0.482953
6005.0,312.0,0.0
6005.0,313.0,0.573459
6005.0,314.0,0.406498
6005.0,315.0,0.504571
6005.0,316.0,0.347728
6005.0,317.0,0.966151
6005.0,318.0,0.630582
6005.0,319.0,0.008002
6005.0,320.0,0.368003
6005.0,321.0,0.0
6005.0,322.0,0.12597
6005.0,323.0,0.506574
6005.0,324.0,0.549364
6005.0,325.0,0.018328
6005.0,326.0,0.797914
6005.0,327.0,0.147824
6005.0,328.0,0.062287
6005.0,329.0,0.898109
6005.0,330.0,0.034367
6005.0,331.0,0.646306
6005.0,332.0,0.372
6005.0,333.0,0.0
6005.0,334.0,0.30176
6006.0,0.0,0.0
6006.0,1.0,0.0
6006.0,2.0,0.0
6006.0,3.0,0.465879
6006.0,4.0,0.27788
6006.0,5.0,0.4679
6006.0,6.0,0.791911
6006.0,7.0,0.781904
6006.0,8.0,0.067542
6006.0,9.0,0.792074
6006.0,10.0,0.999591
6006.0,11.0,0.974206
6006.0,12.0,0.356797
6006.0,13.0,0.334355
6006.0,14.0,0.644454
6006.0,15.0,0.878721
6006.0,16.0,0.62772
6006.0,17.0,0.0
6006.0,18.0,0.639456
6006.0,19.0,0.82176
6006.0,20.0,0.459183
6006.0,21.0,0.0
6006.0,22.0,0.902638
6006.0,23.0,1.0
6006.0,24.0,0.460156
6006.0,25.0,0.519483
6006.0,26.0,0.823161
6006.0,27.0,0.452919
6006.0,28.0,0.706773
6006.0,29.0,1.0
6006.0,30.0,0.245094
6006.0,31.0,0.782568
6006.0,32.0,1.0
6006.0,33.0,1.0
6006.0,34.0,0.039406
6006.0,35.0,0.351457
6006.0,36.0,0.394662
6006.0,37.0,0.531286
6006.0,38.0,0.480427
6006.0,39.0,0.990506
6006.0,40.0,0.664539
6006.0,41.0,0.82363
6006.0,42.0,0.381243
6006.0,43.0,0.920088
6006.0,44.0,0.633116
6006.0,45.0,0.783468
6006.0,46.0,0.488931
6006.0,47.0,0.986141
6006.0,48.0,0.997198
6006.0,49.0,0.263048
6006.0,50.0,0.0
6006.0,51.0,0.291835
6006.0,52.0,1.0
6006.0,53.0,0.820039
6006.0,54.0,1.0
6006.0,55.0,0.001274
6006.0,56.0,0.357452
6006.0,57.0,0.0
6006.0,58.0,0.428864
6006.0,59.0,0.311489
6006.0,60.0,0.860492
6006.0,61.0,0.97664
6006.0,62.0,0.187794
6006.0,63.0,0.745142
6006.0,64.0,0.950552
6006.0,65.0,0.019177
6006.0,66.0,0.0
6006.0,67.0,0.543136
6006.0,68.0,0.003177
6006.0,69.0,0.032081
6006.0,70.0,0.260045
6006.0,71.0,0.091136
6006.0,72.0,0.558974
6006.0,73.0,0.492571
6006.0,74.0,0.666028
6006.0,75.0,0.569531
6006.0,76.0,0.926884
6006.0,77.0,0.806141
6006.0,78.0,0.36364
6006.0,79.0,0.0
6006.0,80.0,0.977049
6006.0,81.0,0.325796
6006.0,82.0,0.575639
6006.0,83.0,0.539188
6006.0,84.0,1.0
6006.0,85.0,0.405982
6006.0,86.0,0.749434
6006.0,87.0,0.999931
6006.0,88.0,0.0
6006.0,89.0,0.716595
6006.0,90.0,0.681732
6006.0,91.0,0.434738
6006.0,92.0,0.108521
6006.0,93.0,0.43902
6006.0,94.0,0.45668
6006.0,95.0,0.068958
6006.0,96.0,1.0
6006.0,97.0,0.483859
6006.0,98.0,0.0
6006.0,99.0,0.078429
6006.0,100.0,0.721002
6006.0,101.0,0.399289
6006.0,102.0,0.829788
6006.0,103.0,0.0
6006.0,104.0,0.016958
6006.0,105.0,0.623879
6006.0,106.0,0.773854
6006.0,107.0,0.871018
6006.0,108.0,0.926157
6006.0,109.0,0.990221
6006.0,110.0,0.428211
6006.0,111.0,0.901058
6006.0,112.0,0.144641
6006.0,113.0,0.564158
6006.0,114.0,0.377381
6006.0,115.0,0.144246
6006.0,116.0,0.973385
6006.0,117.0,0.280922
6006.0,118.0,0.809613
6006.0,119.0,0.126088
6006.0,120.0,0.0
6006.0,121.0,0.310652
6006.0,122.0,0.570468
6006.0,123.0,1.0
6006.0,124.0,0.469434
6006.0,125.0,0.495785
6006.0,126.0,0.38316
6006.0,127.0,0.049269
6006.0,128.0,0.041833
6006.0,129.0,0.985724
6006.0,130.0,0.00466
6006.0,131.0,0.992535
6006.0,132.0,0.402808
6006.0,133.0,0.815497
6006.0,134.0,0.466755
6006.0,135.0,0.364234
6006.0,136.0,1.0
6006.0,137.0,0.504496
6006.0,138.0,0.73864
6006.0,139.0,0.427342
6006.0,140.0,0.000973
6006.0,141.0,0.632822
6006.0,142.0,1.0
6006.0,143.0,0.15191
6006.0,144.0,0.181377
6006.0,145.0,0.389954
6006.0,146.0,0.557955
6006.0,147.0,1.0
6006.0,148.0,0.395808
6006.0,149.0,0.486294
6006.0,150.0,0.251627
6006.0,151.0,0.56539
6006.0,152.0,0.337341
6006.0,153.0,0.383702
6006.0,154.0,0.610599
6006.0,155.0,0.646913
6006.0,156.0,0.725178
6006.0,157.0,0.0
6006.0,158.0,0.185634
6006.0,159.0,0.143116
6006.0,160.0,0.024986
6006.0,161.0,0.011778
6006.0,162.0,0.760995
6006.0,163.0,0.63003
6006.0,164.0,0.656726
6006.0,165.0,0.454452
6006.0,166.0,0.0
6006.0,167.0,0.447099
6006.0,168.0,0.580139
6006.0,169.0,0.726452
6006.0,170.0,0.685506
6006.0,171.0,0.473942
6006.0,172.0,0.53551
6006.0,173.0,0.678086
6006.0,174.0,0.427728
6006.0,175.0,0.358775
6006.0,176.0,0.199201
6006.0,177.0,0.0
6006.0,178.0,1.0
6006.0,179.0,0.401102
6006.0,180.0,0.351718
6006.0,181.0,0.192197
6006.0,182.0,0.003018
6006.0,183.0,0.0
6006.0,184.0,0.500317
6006.0,185.0,0.503089
6006.0,186.0,0.886247
6006.0,187.0,0.507172
6006.0,188.0,0.0
6006.0,189.0,0.894354
6006.0,190.0,1.0
6006.0,191.0,0.67275
6006.0,192.0,0.173135
6006.0,193.0,0.833319
6006.0,194.0,0.0
6006.0,195.0,0.485489
6006.0,196.0,0.499428
6006.0,197.0,0.303244
6006.0,198.0,0.449999
6006.0,199.0,0.031201
6006.0,200.0,0.0
6006.0,201.0,0.7378
6006.0,202.0,1.0
6006.0,203.0,0.621357
6006.0,204.0,0.310022
6006.0,205.0,0.0
6006.0,206.0,0.421045
6006.0,207.0,1.0
6006.0,208.0,0.579647
6006.0,209.0,0.694781
6006.0,210.0,0.335674
6006.0,211.0,0.106572
6006.0,212.0,0.597666
6006.0,213.0,0.0
6006.0,214.0,0.571006
6006.0,215.0,0.687902
6006.0,216.0,1.0
6006.0,217.0,0.726678
6006.0,218.0,0.0
6006.0,219.0,0.272699
6006.0,220.0,0.98382
6006.0,221.0,0.549316
6006.0,222.0,0.00271
6006.0,223.0,0.61626
6006.0,224.0,0.376291
6006.0,225.0,0.799833
6006.0,226.0,0.7647
6006.0,227.0,0.838422
6006.0,228.0,0.770024
6006.0,229.0,0.243545
6006.0,230.0,0.384319
6006.0,231.0,0.507556
6006.0,232.0,0.254919
6006.0,233.0,0.782291
6006.0,234.0,0.305449
6006.0,235.0,0.0
6006.0,236.0,0.946741
6006.0,237.0,0.12355
6006.0,238.0,0.620871
6006.0,239.0,0.999351
6006.0,240.0,0.166592
6006.0,241.0,0.468541
6006.0,242.0,0.449346
6006.0,243.0,0.0
6006.0,244.0,0.00125
6006.0,245.0,1.0
6006.0,246.0,0.624281
6006.0,247.0,0.498307
6006.0,248.0,0.562621
6006.0,249.0,0.467231
6006.0,250.0,0.55123
6006.0,251.0,0.949387
6006.0,252.0,0.407504
6006.0,253.0,0.72216
6006.0,254.0,0.635414
6006.0,255.0,0.409109
6006.0,256.0,1.0
6006.0,257.0,0.850236
6006.0,258.0,0.488244
6006.0,259.0,0.628341
6006.0,260.0,0.944645
6006.0,261.0,0.346153
6006.0,262.0,0.0
6006.0,263.0,0.46193
6006.0,264.0,0.0
6006.0,265.0,0.327221
6006.0,266.0,0.395774
6006.0,267.0,0.779212
6006.0,268.0,0.442435
6006.0,269.0,0.147747
6006.0,270.0,0.893408
6006.0,271.0,0.0
6006.0,272.0,0.121016
6006.0,273.0,0.367428
6006.0,274.0,0.190453
6006.0,275.0,0.678205
6006.0,276.0,0.025184
6006.0,277.0,0.340286
6006.0,278.0,0.495609
6006.0,279.0,0.217432
6006.0,280.0,0.533254
6006.0,281.0,0.838816
6006.0,282.0,1.0
6006.0,283.0,0.473357
6006.0,284.0,0.14953
6006.0,285.0,0.477362
6006.0,286.0,0.841667
6006.0,287.0,0.276527
6006.0,288.0,0.451903
6006.0,289.0,0.414694
6006.0,290.0,0.58844
6006.0,291.0,0.433043
6006.0,292.0,0.684668
6006.0,293.0,1.0
6006.0,294.0,0.257463
6006.0,295.0,0.268166
6006.0,296.0,0.0
6006.0,297.0,0.859919
6006.0,298.0,0.0255
6006.0,299.0,0.0
6006.0,300.0,0.372451
6006.0,301.0,0.721956
6006.0,302.0,0.012496
6006.0,303.0,0.964764
6006.0,304.0,0.0
6006.0,305.0,0.855478
6006.0,306.0,0.712936
6006.0,307.0,0.585826
6006.0,308.0,0.546038
6006.0,309.0,0.0
6006.0,310.0,1.0
6006.0,311.0,0.483245
6006.0,312.0,0.0
6006.0,313.0,0.571797
6006.0,314.0,0.404563
6006.0,315.0,0.501
6006.0,316.0,0.346044
6006.0,317.0,0.966116
6006.0,318.0,0.628576
6006.0,319.0,0.007928
6006.0,320.0,0.359636
6006.0,321.0,0.0
6006.0,322.0,0.124749
6006.0,323.0,0.470446
6006.0,324.0,0.547418
6006.0,325.0,0.016895
6006.0,326.0,0.796432
6006.0,327.0,0.146648
6006.0,328.0,0.06223
6006.0,329.0,0.88973
6006.0,330.0,0.034289
6006.0,331.0,0.646927
6006.0,332.0,0.366808
6006.0,333.0,0.0
6006.0,334.0,0.296998
6007.0,0.0,0.0
6007.0,1.0,0.0
6007.0,2.0,0.0
6007.0,3.0,0.46067
6007.0,4.0,0.275899
6007.0,5.0,0.458824
6007.0,6.0,0.789976
6007.0,7.0,0.78067
6007.0,8.0,0.067363
6007.0,9.0,0.790688
6007.0,10.0,0.999592
6007.0,11.0,0.974239
6007.0,12.0,0.349844
6007.0,13.0,0.331941
6007.0,14.0,0.632253
6007.0,15.0,0.87798
6007.0,16.0,0.625897
6007.0,17.0,0.0
6007.0,18.0,0.632232
6007.0,19.0,0.820692
6007.0,20.0,0.45415
6007.0,21.0,0.0
6007.0,22.0,0.90085
6007.0,23.0,1.0
6007.0,24.0,0.458074
6007.0,25.0,0.51094
6007.0,26.0,0.815668
6007.0,27.0,0.448225
6007.0,28.0,0.703691
6007.0,29.0,1.0
6007.0,30.0,0.235659
6007.0,31.0,0.782199
6007.0,32.0,1.0
6007.0,33.0,1.0
6007.0,34.0,0.037153
6007.0,35.0,0.351255
6007.0,36.0,0.39218
6007.0,37.0,0.5304
6007.0,38.0,0.475931
6007.0,39.0,0.990033
6007.0,40.0,0.660525
6007.0,41.0,0.82076
6007.0,42.0,0.375097
6007.0,43.0,0.913297
6007.0,44.0,0.628493
6007.0,45.0,0.776132
6007.0,46.0,0.488728
6007.0,47.0,0.985399
6007.0,48.0,0.997149
6007.0,49.0,0.260925
6007.0,50.0,0.0
6007.0,51.0,0.288664
6007.0,52.0,1.0
6007.0,53.0,0.816064
6007.0,54.0,1.0
6007.0,55.0,0.001247
6007.0,56.0,0.357035
6007.0,57.0,0.0
6007.0,58.0,0.427052
6007.0,59.0,0.30535
6007.0,60.0,0.859256
6007.0,61.0,0.976465
6007.0,62.0,0.182672
6007.0,63.0,0.744301
6007.0,64.0,0.949561
6007.0,65.0,0.019195
6007.0,66.0,0.0
6007.0,67.0,0.539671
6007.0,68.0,0.003125
6007.0,69.0,0.032138
6007.0,70.0,0.259099
6007.0,71.0,0.088798
6007.0,72.0,0.555067
6007.0,73.0,0.492391
6007.0,74.0,0.664992
6007.0,75.0,0.562746
6007.0,76.0,0.926168
6007.0,77.0,0.805188
6007.0,78.0,0.355131
6007.0,79.0,0.0
6007.0,80.0,0.976661
6007.0,81.0,0.32409
6007.0,82.0,0.572254
6007.0,83.0,0.537181
6007.0,84.0,1.0
6007.0,85.0,0.405119
6007.0,86.0,0.745837
6007.0,87.0,0.999925
6007.0,88.0,0.0
6007.0,89.0,0.713154
6007.0,90.0,0.681312
6007.0,91.0,0.431422
6007.0,92.0,0.106903
6007.0,93.0,0.437379
6007.0,94.0,0.451823
6007.0,95.0,0.068907
6007.0,96.0,1.0
6007.0,97.0,0.438181
6007.0,98.0,0.0
6007.0,99.0,0.077603
6007.0,100.0,0.719672
6007.0,101.0,0.397774
6007.0,102.0,0.823499
6007.0,103.0,0.0
6007.0,104.0,0.016938
6007.0,105.0,0.621609
6007.0,106.0,0.771031
6007.0,107.0,0.871104
6007.0,108.0,0.923914
6007.0,109.0,0.989935
6007.0,110.0,0.428269
6007.0,111.0,0.900161
6007.0,112.0,0.143888
6007.0,113.0,0.563241
6007.0,114.0,0.372334
6007.0,115.0,0.143037
6007.0,116.0,0.973223
6007.0,117.0,0.279604
6007.0,118.0,0.805439
6007.0,119.0,0.125006
6007.0,120.0,0.0
6007.0,121.0,0.299417
6007.0,122.0,0.56851
6007.0,123.0,1.0
6007.0,124.0,0.464214
6007.0,125.0,0.489029
6007.0,126.0,0.381136
6007.0,127.0,0.047937
6007.0,128.0,0.041707
6007.0,129.0,0.985762
6007.0,130.0,0.004676
6007.0,131.0,0.99242
6007.0,132.0,0.395618
6007.0,133.0,0.813344
6007.0,134.0,0.477373
6007.0,135.0,0.354963
6007.0,136.0,1.0
6007.0,137.0,0.50222
6007.0,138.0,0.731987
6007.0,139.0,0.421885
6007.0,140.0,0.000968
6007.0,141.0,0.631839
6007.0,142.0,1.0
6007.0,143.0,0.150091
6007.0,144.0,0.180355
6007.0,145.0,0.386061
6007.0,146.0,0.55567
6007.0,147.0,1.0
6007.0,148.0,0.393219
6007.0,149.0,0.477594
6007.0,150.0,0.250516
6007.0,151.0,0.56287
6007.0,152.0,0.336084
6007.0,153.0,0.373598
6007.0,154.0,0.608979
6007.0,155.0,0.640687
6007.0,156.0,0.724898
6007.0,157.0,0.0
6007.0,158.0,0.181276
6007.0,159.0,0.139589
6007.0,160.0,0.024566
6007.0,161.0,0.011496
6007.0,162.0,0.760541
6007.0,163.0,0.626709
6007.0,164.0,0.653387
6007.0,165.0,0.446988
6007.0,166.0,0.0
6007.0,167.0,0.445467
6007.0,168.0,0.579448
6007.0,169.0,0.696595
6007.0,170.0,0.682067
6007.0,171.0,0.473874
6007.0,172.0,0.534384
6007.0,173.0,0.674045
6007.0,174.0,0.427422
6007.0,175.0,0.355857
6007.0,176.0,0.197334
6007.0,177.0,0.0
6007.0,178.0,1.0
6007.0,179.0,0.392036
6007.0,180.0,0.347213
6007.0,181.0,0.190536
6007.0,182.0,0.003006
6007.0,183.0,0.0
6007.0,184.0,0.496452
6007.0,185.0,0.502382
6007.0,186.0,0.88333
6007.0,187.0,0.505946
6007.0,188.0,0.0
6007.0,189.0,0.893259
6007.0,190.0,1.0
6007.0,191.0,0.672338
6007.0,192.0,0.172915
6007.0,193.0,0.833182
6007.0,194.0,0.0
6007.0,195.0,0.479038
6007.0,196.0,0.502568
6007.0,197.0,0.300407
6007.0,198.0,0.445339
6007.0,199.0,0.031481
6007.0,200.0,0.0
6007.0,201.0,0.736384
6007.0,202.0,1.0
6007.0,203.0,0.603172
6007.0,204.0,0.307771
6007.0,205.0,0.0
6007.0,206.0,0.398809
6007.0,207.0,1.0
6007.0,208.0,0.575701
6007.0,209.0,0.693543
6007.0,210.0,0.32719
6007.0,211.0,0.10579
6007.0,212.0,0.590003
6007.0,213.0,0.0
6007.0,214.0,0.563338
6007.0,215.0,0.682554
6007.0,216.0,1.0
6007.0,217.0,0.721129
6007.0,218.0,0.0
6007.0,219.0,0.271842
6007.0,220.0,0.983472
6007.0,221.0,0.537598
6007.0,222.0,0.002712
6007.0,223.0,0.614345
6007.0,224.0,0.373643
6007.0,225.0,0.79705
6007.0,226.0,0.759583
6007.0,227.0,0.836076
6007.0,228.0,0.767398
6007.0,229.0,0.241563
6007.0,230.0,0.383252
6007.0,231.0,0.448536
6007.0,232.0,0.255042
6007.0,233.0,0.77849
6007.0,234.0,0.299693
6007.0,235.0,0.0
6007.0,236.0,0.946625
6007.0,237.0,0.123122
6007.0,238.0,0.608732
6007.0,239.0,0.999336
6007.0,240.0,0.1648
6007.0,241.0,0.46488
6007.0,242.0,0.446535
6007.0,243.0,0.0
6007.0,244.0,0.001223
6007.0,245.0,1.0
6007.0,246.0,0.622655
6007.0,247.0,0.496913
6007.0,248.0,0.559493
6007.0,249.0,0.463262
6007.0,250.0,0.543818
6007.0,251.0,0.949108
6007.0,252.0,0.405239
6007.0,253.0,0.719568
6007.0,254.0,0.629364
6007.0,255.0,0.407066
6007.0,256.0,1.0
6007.0,257.0,0.848716
6007.0,258.0,0.487126
6007.0,259.0,0.627714
6007.0,260.0,0.943037
6007.0,261.0,0.339183
6007.0,262.0,0.0
6007.0,263.0,0.461275
6007.0,264.0,0.0
6007.0,265.0,0.326807
6007.0,266.0,0.392925
6007.0,267.0,0.776513
6007.0,268.0,0.436394
6007.0,269.0,0.145012
6007.0,270.0,0.893169
6007.0,271.0,0.0
6007.0,272.0,0.119943
6007.0,273.0,0.364571
6007.0,274.0,0.190688
6007.0,275.0,0.676175
6007.0,276.0,0.024758
6007.0,277.0,0.337366
6007.0,278.0,0.492903
6007.0,279.0,0.214781
6007.0,280.0,0.532204
6007.0,281.0,0.835721
6007.0,282.0,1.0
6007.0,283.0,0.472331
6007.0,284.0,0.148644
6007.0,285.0,0.469457
6007.0,286.0,0.837171
6007.0,287.0,0.273847
6007.0,288.0,0.445948
6007.0,289.0,0.407641
6007.0,290.0,0.587842
6007.0,291.0,0.430942
6007.0,292.0,0.68311
6007.0,293.0,1.0
6007.0,294.0,0.256831
6007.0,295.0,0.26454
6007.0,296.0,0.0
6007.0,297.0,0.859875
6007.0,298.0,0.025299
6007.0,299.0,0.0
6007.0,300.0,0.369929
6007.0,301.0,0.721682
6007.0,302.0,0.012578
6007.0,303.0,0.964994
6007.0,304.0,0.0
6007.0,305.0,0.854974
6007.0,306.0,0.710872
6007.0,307.0,0.58483
6007.0,308.0,0.541426
6007.0,309.0,0.0
6007.0,310.0,1.0
6007.0,311.0,0.484442
6007.0,312.0,0.0
6007.0,313.0,0.570459
6007.0,314.0,0.403792
6007.0,315.0,0.497327
6007.0,316.0,0.344231
6007.0,317.0,0.965916
6007.0,318.0,0.628098
6007.0,319.0,0.007884
6007.0,320.0,0.350769
6007.0,321.0,0.0
6007.0,322.0,0.123522
6007.0,323.0,0.436509
6007.0,324.0,0.545054
6007.0,325.0,0.015617
6007.0,326.0,0.794509
6007.0,327.0,0.145939
6007.0,328.0,0.061832
6007.0,329.0,0.8804
6007.0,330.0,0.03429
6007.0,331.0,0.647194
6007.0,332.0,0.361394
6007.0,333.0,0.0
6007.0,334.0,0.292477
6008.0,0.0,0.0
6008.0,1.0,0.0
6008.0,2.0,0.0
6008.0,3.0,0.455716
6008.0,4.0,0.274321
6008.0,5.0,0.449716
6008.0,6.0,0.789081
6008.0,7.0,0.779503
6008.0,8.0,0.067061
6008.0,9.0,0.790007
6008.0,10.0,0.999602
6008.0,11.0,0.973938
6008.0,12.0,0.343308
6008.0,13.0,0.329293
6008.0,14.0,0.619731
6008.0,15.0,0.877154
6008.0,16.0,0.624491
6008.0,17.0,0.0
6008.0,18.0,0.625923
6008.0,19.0,0.819752
6008.0,20.0,0.45028
6008.0,21.0,0.0
6008.0,22.0,0.899311
6008.0,23.0,1.0
6008.0,24.0,0.45634
6008.0,25.0,0.503396
6008.0,26.0,0.807793
6008.0,27.0,0.443656
6008.0,28.0,0.700109
6008.0,29.0,1.0
6008.0,30.0,0.227199
6008.0,31.0,0.781923
6008.0,32.0,1.0
6008.0,33.0,1.0
6008.0,34.0,0.034877
6008.0,35.0,0.350578
6008.0,36.0,0.388835
6008.0,37.0,0.52931
6008.0,38.0,0.471323
6008.0,39.0,0.989538
6008.0,40.0,0.657381
6008.0,41.0,0.818449
6008.0,42.0,0.369232
6008.0,43.0,0.905846
6008.0,44.0,0.623775
6008.0,45.0,0.768173
6008.0,46.0,0.487519
6008.0,47.0,0.984757
6008.0,48.0,0.997056
6008.0,49.0,0.259417
6008.0,50.0,0.0
6008.0,51.0,0.284919
6008.0,52.0,1.0
6008.0,53.0,0.811765
6008.0,54.0,1.0
6008.0,55.0,0.001221
6008.0,56.0,0.355985
6008.0,57.0,0.0
6008.0,58.0,0.427054
6008.0,59.0,0.299817
6008.0,60.0,0.858331
6008.0,61.0,0.976275
6008.0,62.0,0.177938
6008.0,63.0,0.743795
6008.0,64.0,0.948321
6008.0,65.0,0.01923
6008.0,66.0,0.0
6008.0,67.0,0.536051
6008.0,68.0,0.003077
6008.0,69.0,0.031808
6008.0,70.0,0.257513
6008.0,71.0,0.086516
6008.0,72.0,0.551051
6008.0,73.0,0.490923
6008.0,74.0,0.663928
6008.0,75.0,0.555449
6008.0,76.0,0.92596
6008.0,77.0,0.804323
6008.0,78.0,0.345929
6008.0,79.0,0.0
6008.0,80.0,0.976748
6008.0,81.0,0.322426
6008.0,82.0,0.569411
6008.0,83.0,0.534172
6008.0,84.0,1.0
6008.0,85.0,0.404057
6008.0,86.0,0.742794
6008.0,87.0,0.999916
6008.0,88.0,0.0
6008.0,89.0,0.710874
6008.0,90.0,0.680857
6008.0,91.0,0.429402
6008.0,92.0,0.105174
6008.0,93.0,0.436677
6008.0,94.0,0.447549
6008.0,95.0,0.0685
6008.0,96.0,1.0
6008.0,97.0,0.395273
6008.0,98.0,0.0
6008.0,99.0,0.077221
6008.0,100.0,0.718251
6008.0,101.0,0.394959
6008.0,102.0,0.81761
6008.0,103.0,0.0
6008.0,104.0,0.01702
6008.0,105.0,0.619456
6008.0,106.0,0.767891
6008.0,107.0,0.870738
6008.0,108.0,0.921186
6008.0,109.0,0.989494
6008.0,110.0,0.427559
6008.0,111.0,0.899028
6008.0,112.0,0.143149
6008.0,113.0,0.562349
6008.0,114.0,0.367307
6008.0,115.0,0.142365
6008.0,116.0,0.973296
6008.0,117.0,0.277741
6008.0,118.0,0.80228
6008.0,119.0,0.123973
6008.0,120.0,0.0
6008.0,121.0,0.288053
6008.0,122.0,0.566929
6008.0,123.0,1.0
6008.0,124.0,0.459197
6008.0,125.0,0.482257
6008.0,126.0,0.378732
6008.0,127.0,0.046384
6008.0,128.0,0.041728
6008.0,129.0,0.985731
6008.0,130.0,0.004464
6008.0,131.0,0.992305
6008.0,132.0,0.388628
6008.0,133.0,0.811318
6008.0,134.0,0.487377
6008.0,135.0,0.345631
6008.0,136.0,1.0
6008.0,137.0,0.499995
6008.0,138.0,0.724581
6008.0,139.0,0.41604
6008.0,140.0,0.000939
6008.0,141.0,0.630555
6008.0,142.0,1.0
6008.0,143.0,0.147457
6008.0,144.0,0.178329
6008.0,145.0,0.382973
6008.0,146.0,0.554246
6008.0,147.0,1.0
6008.0,148.0,0.390597
6008.0,149.0,0.468027
6008.0,150.0,0.249166
6008.0,151.0,0.559954
6008.0,152.0,0.33493
6008.0,153.0,0.364691
6008.0,154.0,0.606572
6008.0,155.0,0.63456
6008.0,156.0,0.725079
6008.0,157.0,0.0
6008.0,158.0,0.176334
6008.0,159.0,0.135516
6008.0,160.0,0.02381
6008.0,161.0,0.011319
6008.0,162.0,0.75978
6008.0,163.0,0.624178
6008.0,164.0,0.649944
6008.0,165.0,0.44023
6008.0,166.0,0.0
6008.0,167.0,0.443158
6008.0,168.0,0.578331
6008.0,169.0,0.666401
6008.0,170.0,0.677483
6008.0,171.0,0.474175
6008.0,172.0,0.53217
6008.0,173.0,0.670874
6008.0,174.0,0.426343
6008.0,175.0,0.354188
6008.0,176.0,0.195779
6008.0,177.0,0.0
6008.0,178.0,1.0
6008.0,179.0,0.383879
6008.0,180.0,0.342467
6008.0,181.0,0.188281
6008.0,182.0,0.002941
6008.0,183.0,0.0
6008.0,184.0,0.491627
6008.0,185.0,0.501959
6008.0,186.0,0.879379
6008.0,187.0,0.505818
6008.0,188.0,0.0
6008.0,189.0,0.893093
6008.0,190.0,1.0
6008.0,191.0,0.671487
6008.0,192.0,0.172159
6008.0,193.0,0.833453
6008.0,194.0,0.0
6008.0,195.0,0.472604
6008.0,196.0,0.506636
6008.0,197.0,0.296765
6008.0,198.0,0.44059
6008.0,199.0,0.031362
6008.0,200.0,0.0
6008.0,201.0,0.735118
6008.0,202.0,1.0
6008.0,203.0,0.583999
6008.0,204.0,0.306198
6008.0,205.0,0.0
6008.0,206.0,0.377012
6008.0,207.0,1.0
6008.0,208.0,0.571944
6008.0,209.0,0.692538
6008.0,210.0,0.318776
6008.0,211.0,0.105821
6008.0,212.0,0.582151
6008.0,213.0,0.0
6008.0,214.0,0.557407
6008.0,215.0,0.677123
6008.0,216.0,1.0
6008.0,217.0,0.716819
6008.0,218.0,0.0
6008.0,219.0,0.270584
6008.0,220.0,0.983131
6008.0,221.0,0.526
6008.0,222.0,0.002641
6008.0,223.0,0.612985
6008.0,224.0,0.370134
6008.0,225.0,0.794557
6008.0,226.0,0.754608
6008.0,227.0,0.833831
6008.0,228.0,0.765557
6008.0,229.0,0.239237
6008.0,230.0,0.381826
6008.0,231.0,0.391345
6008.0,232.0,0.255556
6008.0,233.0,0.775473
6008.0,234.0,0.294337
6008.0,235.0,0.0
6008.0,236.0,0.945987
6008.0,237.0,0.123435
6008.0,238.0,0.597321
6008.0,239.0,0.999347
6008.0,240.0,0.163448
6008.0,241.0,0.461121
6008.0,242.0,0.444646
6008.0,243.0,0.0
6008.0,244.0,0.001221
6008.0,245.0,1.0
6008.0,246.0,0.621164
6008.0,247.0,0.496163
6008.0,248.0,0.555117
6008.0,249.0,0.458977
6008.0,250.0,0.536316
6008.0,251.0,0.948849
6008.0,252.0,0.402238
6008.0,253.0,0.716718
6008.0,254.0,0.624662
6008.0,255.0,0.405314
6008.0,256.0,1.0
6008.0,257.0,0.84702
6008.0,258.0,0.486254
6008.0,259.0,0.626101
6008.0,260.0,0.942488
6008.0,261.0,0.331554
6008.0,262.0,0.0
6008.0,263.0,0.460878
6008.0,264.0,0.0
6008.0,265.0,0.325803
6008.0,266.0,0.3898
6008.0,267.0,0.774191
6008.0,268.0,0.431056
6008.0,269.0,0.14254
6008.0,270.0,0.892572
6008.0,271.0,0.0
6008.0,272.0,0.118937
6008.0,273.0,0.361696
6008.0,274.0,0.19044
6008.0,275.0,0.673877
6008.0,276.0,0.024733
6008.0,277.0,0.335249
6008.0,278.0,0.49032
6008.0,279.0,0.212276
6008.0,280.0,0.531351
6008.0,281.0,0.831851
6008.0,282.0,1.0
6008.0,283.0,0.472202
6008.0,284.0,0.148146
6008.0,285.0,0.46157
6008.0,286.0,0.833057
6008.0,287.0,0.272056
6008.0,288.0,0.440008
6008.0,289.0,0.400966
6008.0,290.0,0.587025
6008.0,291.0,0.428295
6008.0,292.0,0.680813
6008.0,293.0,1.0
6008.0,294.0,0.256795
6008.0,295.0,0.262263
6008.0,296.0,0.0
6008.0,297.0,0.859178
6008.0,298.0,0.025152
6008.0,299.0,0.0
6008.0,300.0,0.366275
6008.0,301.0,0.720993
6008.0,302.0,0.012416
6008.0,303.0,0.965234
6008.0,304.0,0.0
6008.0,305.0,0.854977
6008.0,306.0,0.709613
6008.0,307.0,0.584242
6008.0,308.0,0.53649
6008.0,309.0,0.0
6008.0,310.0,1.0
6008.0,311.0,0.485351
6008.0,312.0,0.0
6008.0,313.0,0.567502
6008.0,314.0,0.402367
6008.0,315.0,0.493473
6008.0,316.0,0.341987
6008.0,317.0,0.965491
6008.0,318.0,0.627018
6008.0,319.0,0.007833
6008.0,320.0,0.342215
6008.0,321.0,0.0
6008.0,322.0,0.121952
6008.0,323.0,0.40396
6008.0,324.0,0.543544
6008.0,325.0,0.014293
6008.0,326.0,0.793187
6008.0,327.0,0.145341
6008.0,328.0,0.062041
6008.0,329.0,0.870981
6008.0,330.0,0.033945
6008.0,331.0,0.647565
6008.0,332.0,0.356614
6008.0,333.0,0.0
6008.0,334.0,0.288673
6009.0,0.0,0.0
6009.0,1.0,0.0
6009.0,2.0,0.0
6009.0,3.0,0.451807
6009.0,4.0,0.272268
6009.0,5.0,0.440894
6009.0,6.0,0.78776
6009.0,7.0,0.779041
6009.0,8.0,0.066706
6009.0,9.0,0.788897
6009.0,10.0,0.999613
6009.0,11.0,0.973967
6009.0,12.0,0.337243
6009.0,13.0,0.327009
6009.0,14.0,0.606847
6009.0,15.0,0.876652
6009.0,16.0,0.623358
6009.0,17.0,0.0
6009.0,18.0,0.61896
6009.0,19.0,0.817728
6009.0,20.0,0.445372
6009.0,21.0,0.0
6009.0,22.0,0.897381
6009.0,23.0,1.0
6009.0,24.0,0.455313
6009.0,25.0,0.494776
6009.0,26.0,0.800476
6009.0,27.0,0.438578
6009.0,28.0,0.69648
6009.0,29.0,1.0
6009.0,30.0,0.218688
6009.0,31.0,0.781838
6009.0,32.0,1.0
6009.0,33.0,1.0
6009.0,34.0,0.032785
6009.0,35.0,0.350291
6009.0,36.0,0.386185
6009.0,37.0,0.527391
6009.0,38.0,0.4668
6009.0,39.0,0.988991
6009.0,40.0,0.653482
6009.0,41.0,0.815813
6009.0,42.0,0.36306
6009.0,43.0,0.897716
6009.0,44.0,0.619658
6009.0,45.0,0.760538
6009.0,46.0,0.487532
6009.0,47.0,0.984163
6009.0,48.0,0.997051
6009.0,49.0,0.257911
6009.0,50.0,0.0
6009.0,51.0,0.281494
6009.0,52.0,1.0
6009.0,53.0,0.807358
6009.0,54.0,1.0
6009.0,55.0,0.001137
6009.0,56.0,0.355217
6009.0,57.0,0.0
6009.0,58.0,0.426158
6009.0,59.0,0.293901
6009.0,60.0,0.857355
6009.0,61.0,0.975894
6009.0,62.0,0.173824
6009.0,63.0,0.742519
6009.0,64.0,0.947288
6009.0,65.0,0.019217
6009.0,66.0,0.0
6009.0,67.0,0.532557
6009.0,68.0,0.003021
6009.0,69.0,0.03157
6009.0,70.0,0.256383
6009.0,71.0,0.084224
6009.0,72.0,0.547065
6009.0,73.0,0.489655
6009.0,74.0,0.661928
6009.0,75.0,0.548365
6009.0,76.0,0.925432
6009.0,77.0,0.80312
6009.0,78.0,0.338372
6009.0,79.0,0.0
6009.0,80.0,0.976668
6009.0,81.0,0.320445
6009.0,82.0,0.567515
6009.0,83.0,0.531442
6009.0,84.0,1.0
6009.0,85.0,0.403572
6009.0,86.0,0.73997
6009.0,87.0,0.999915
6009.0,88.0,0.0
6009.0,89.0,0.709137
6009.0,90.0,0.680393
6009.0,91.0,0.426327
6009.0,92.0,0.10397
6009.0,93.0,0.435259
6009.0,94.0,0.443099
6009.0,95.0,0.068
6009.0,96.0,1.0
6009.0,97.0,0.356089
6009.0,98.0,0.0
6009.0,99.0,0.076767
6009.0,100.0,0.717068
6009.0,101.0,0.393514
6009.0,102.0,0.812138
6009.0,103.0,0.0
6009.0,104.0,0.017019
6009.0,105.0,0.617423
6009.0,106.0,0.766265
6009.0,107.0,0.870434
6009.0,108.0,0.918825
6009.0,109.0,0.989044
6009.0,110.0,0.427499
6009.0,111.0,0.898117
6009.0,112.0,0.143128
6009.0,113.0,0.56174
6009.0,114.0,0.363242
6009.0,115.0,0.141567
6009.0,116.0,0.973318
6009.0,117.0,0.275723
6009.0,118.0,0.79921
6009.0,119.0,0.122776
6009.0,120.0,0.0
6009.0,121.0,0.277287
6009.0,122.0,0.565833
6009.0,123.0,1.0
6009.0,124.0,0.454276
6009.0,125.0,0.476231
6009.0,126.0,0.376447
6009.0,127.0,0.045557
6009.0,128.0,0.041149
6009.0,129.0,0.985805
6009.0,130.0,0.004455
6009.0,131.0,0.99227
6009.0,132.0,0.381261
6009.0,133.0,0.808878
6009.0,134.0,0.496955
6009.0,135.0,0.336543
6009.0,136.0,1.0
6009.0,137.0,0.498329
6009.0,138.0,0.718117
6009.0,139.0,0.409843
6009.0,140.0,0.000944
6009.0,141.0,0.629634
6009.0,142.0,1.0
6009.0,143.0,0.14459
6009.0,144.0,0.176542
6009.0,145.0,0.379329
6009.0,146.0,0.552082
6009.0,147.0,1.0
6009.0,148.0,0.38788
6009.0,149.0,0.460045
6009.0,150.0,0.247763
6009.0,151.0,0.557158
6009.0,152.0,0.333668
6009.0,153.0,0.355456
6009.0,154.0,0.605292
6009.0,155.0,0.628998
6009.0,156.0,0.724879
6009.0,157.0,0.0
6009.0,158.0,0.171308
6009.0,159.0,0.132014
6009.0,160.0,0.023134
6009.0,161.0,0.011065
6009.0,162.0,0.759239
6009.0,163.0,0.621355
6009.0,164.0,0.647295
6009.0,165.0,0.434395
6009.0,166.0,0.0
6009.0,167.0,0.441572
6009.0,168.0,0.578291
6009.0,169.0,0.637151
6009.0,170.0,0.674203
6009.0,171.0,0.473506
6009.0,172.0,0.531045
6009.0,173.0,0.667808
6009.0,174.0,0.425131
6009.0,175.0,0.353268
6009.0,176.0,0.19391
6009.0,177.0,0.0
6009.0,178.0,1.0
6009.0,179.0,0.376643
6009.0,180.0,0.337781
6009.0,181.0,0.186652
6009.0,182.0,0.00295
6009.0,183.0,0.0
6009.0,184.0,0.48756
6009.0,185.0,0.502215
6009.0,186.0,0.875884
6009.0,187.0,0.505833
6009.0,188.0,0.0
6009.0,189.0,0.893157
6009.0,190.0,1.0
6009.0,191.0,0.670702
6009.0,192.0,0.172032
6009.0,193.0,0.832978
6009.0,194.0,0.0
6009.0,195.0,0.466373
6009.0,196.0,0.509509
6009.0,197.0,0.29379
6009.0,198.0,0.436554
6009.0,199.0,0.031176
6009.0,200.0,0.0
6009.0,201.0,0.733786
6009.0,202.0,1.0
6009.0,203.0,0.565919
6009.0,204.0,0.304382
6009.0,205.0,0.0
6009.0,206.0,0.355921
6009.0,207.0,1.0
6009.0,208.0,0.568116
6009.0,209.0,0.691695
6009.0,210.0,0.309761
6009.0,211.0,0.10599
6009.0,212.0,0.574188
6009.0,213.0,0.0
6009.0,214.0,0.550658
6009.0,215.0,0.671746
6009.0,216.0,1.0
6009.0,217.0,0.711897
6009.0,218.0,0.0
6009.0,219.0,0.268917
6009.0,220.0,0.982846
6009.0,221.0,0.516588
6009.0,222.0,0.002624
6009.0,223.0,0.610998
6009.0,224.0,0.366415
6009.0,225.0,0.792722
6009.0,226.0,0.749419
6009.0,227.0,0.831553
6009.0,228.0,0.762333
6009.0,229.0,0.236815
6009.0,230.0,0.381662
6009.0,231.0,0.337796
6009.0,232.0,0.255059
6009.0,233.0,0.772545
6009.0,234.0,0.289577
6009.0,235.0,0.0
6009.0,236.0,0.945642
6009.0,237.0,0.122648
6009.0,238.0,0.585237
6009.0,239.0,0.999393
6009.0,240.0,0.162097
6009.0,241.0,0.458392
6009.0,242.0,0.442229
6009.0,243.0,0.0
6009.0,244.0,0.001184
6009.0,245.0,1.0
6009.0,246.0,0.61953
6009.0,247.0,0.494195
6009.0,248.0,0.551499
6009.0,249.0,0.45528
6009.0,250.0,0.53071
6009.0,251.0,0.948486
6009.0,252.0,0.401398
6009.0,253.0,0.713838
6009.0,254.0,0.6187
6009.0,255.0,0.403381
6009.0,256.0,1.0
6009.0,257.0,0.844506
6009.0,258.0,0.484791
6009.0,259.0,0.624686
6009.0,260.0,0.941461
6009.0,261.0,0.324171
6009.0,262.0,0.0
6009.0,263.0,0.460642
6009.0,264.0,0.0
6009.0,265.0,0.325037
6009.0,266.0,0.38639
6009.0,267.0,0.772626
6009.0,268.0,0.4255
6009.0,269.0,0.140285
6009.0,270.0,0.89292
6009.0,271.0,0.0
6009.0,272.0,0.117682
6009.0,273.0,0.358506
6009.0,274.0,0.189124
6009.0,275.0,0.672045
6009.0,276.0,0.024709
6009.0,277.0,0.332233
6009.0,278.0,0.488591
6009.0,279.0,0.208883
6009.0,280.0,0.531115
6009.0,281.0,0.82784
6009.0,282.0,1.0
6009.0,283.0,0.471709
6009.0,284.0,0.147657
6009.0,285.0,0.454509
6009.0,286.0,0.828954
6009.0,287.0,0.270138
6009.0,288.0,0.43389
6009.0,289.0,0.393153
6009.0,290.0,0.585713
6009.0,291.0,0.425603
6009.0,292.0,0.679998
6009.0,293.0,1.0
6009.0,294.0,0.255776
6009.0,295.0,0.258946
6009.0,296.0,0.0
6009.0,297.0,0.859175
6009.0,298.0,0.024668
6009.0,299.0,0.0
6009.0,300.0,0.363256
6009.0,301.0,0.720413
6009.0,302.0,0.012238
6009.0,303.0,0.964841
6009.0,304.0,0.0
6009.0,305.0,0.854443
6009.0,306.0,0.708739
6009.0,307.0,0.584126
6009.0,308.0,0.532353
6009.0,309.0,0.0
6009.0,310.0,1.0
6009.0,311.0,0.484929
6009.0,312.0,0.0
6009.0,313.0,0.565534
6009.0,314.0,0.400451
6009.0,315.0,0.489228
6009.0,316.0,0.340214
6009.0,317.0,0.965261
6009.0,318.0,0.625874
6009.0,319.0,0.007769
6009.0,320.0,0.333689
6009.0,321.0,0.0
6009.0,322.0,0.120281
6009.0,323.0,0.373796
6009.0,324.0,0.542322
6009.0,325.0,0.013474
6009.0,326.0,0.791943
6009.0,327.0,0.144811
6009.0,328.0,0.061756
6009.0,329.0,0.860975
6009.0,330.0,0.033521
6009.0,331.0,0.647555
6009.0,332.0,0.352192
6009.0,333.0,0.0
6009.0,334.0,0.283927
6010.0,0.0,0.0
6010.0,1.0,0.0
6010.0,2.0,0.0
6010.0,3.0,0.447623
6010.0,4.0,0.270432
6010.0,5.0,0.43211
6010.0,6.0,0.787098
6010.0,7.0,0.778307
6010.0,8.0,0.066279
6010.0,9.0,0.787735
6010.0,10.0,0.999635
6010.0,11.0,0.9738
6010.0,12.0,0.331168
6010.0,13.0,0.323916
6010.0,14.0,0.594555
6010.0,15.0,0.876059
6010.0,16.0,0.621685
6010.0,17.0,0.0
6010.0,18.0,0.611682
6010.0,19.0,0.81739
6010.0,20.0,0.44109
6010.0,21.0,0.0
6010.0,22.0,0.895908
6010.0,23.0,1.0
6010.0,24.0,0.453603
6010.0,25.0,0.486142
6010.0,26.0,0.792362
6010.0,27.0,0.434719
6010.0,28.0,0.693121
6010.0,29.0,1.0
6010.0,30.0,0.210503
6010.0,31.0,0.780905
6010.0,32.0,1.0
6010.0,33.0,1.0
6010.0,34.0,0.030958
6010.0,35.0,0.349767
6010.0,36.0,0.383358
6010.0,37.0,0.526727
6010.0,38.0,0.462588
6010.0,39.0,0.988392
6010.0,40.0,0.649226
6010.0,41.0,0.812986
6010.0,42.0,0.356899
6010.0,43.0,0.889236
6010.0,44.0,0.614518
6010.0,45.0,0.752547
6010.0,46.0,0.487647
6010.0,47.0,0.983438
6010.0,48.0,0.997061
6010.0,49.0,0.256343
6010.0,50.0,0.0
6010.0,51.0,0.277901
6010.0,52.0,1.0
6010.0,53.0,0.803129
6010.0,54.0,1.0
6010.0,55.0,0.001109
6010.0,56.0,0.354646
6010.0,57.0,0.0
6010.0,58.0,0.425556
6010.0,59.0,0.287811
6010.0,60.0,0.855477
6010.0,61.0,0.975661
6010.0,62.0,0.169771
6010.0,63.0,0.74124
6010.0,64.0,0.946594
6010.0,65.0,0.019418
6010.0,66.0,0.0
6010.0,67.0,0.528505
6010.0,68.0,0.002933
6010.0,69.0,0.031246
6010.0,70.0,0.255459
6010.0,71.0,0.08215
6010.0,72.0,0.543596
6010.0,73.0,0.489168
6010.0,74.0,0.660305
6010.0,75.0,0.541623
6010.0,76.0,0.924371
6010.0,77.0,0.802597
6010.0,78.0,0.330356
6010.0,79.0,0.0
6010.0,80.0,0.976539
6010.0,81.0,0.318883
6010.0,82.0,0.564016
6010.0,83.0,0.528624
6010.0,84.0,1.0
6010.0,85.0,0.401995
6010.0,86.0,0.735859
6010.0,87.0,0.999917
6010.0,88.0,0.0
6010.0,89.0,0.707227
6010.0,90.0,0.679696
6010.0,91.0,0.423123
6010.0,92.0,0.101897
6010.0,93.0,0.434081
6010.0,94.0,0.438313
6010.0,95.0,0.067888
6010.0,96.0,1.0
6010.0,97.0,0.319924
6010.0,98.0,0.0
6010.0,99.0,0.075795
6010.0,100.0,0.716092
6010.0,101.0,0.392368
6010.0,102.0,0.805901
6010.0,103.0,0.0
6010.0,104.0,0.016846
6010.0,105.0,0.61536
6010.0,106.0,0.763474
6010.0,107.0,0.869363
6010.0,108.0,0.916399
6010.0,109.0,0.988594
6010.0,110.0,0.427309
6010.0,111.0,0.897159
6010.0,112.0,0.143182
6010.0,113.0,0.561446
6010.0,114.0,0.358798
6010.0,115.0,0.139924
6010.0,116.0,0.973057
6010.0,117.0,0.273685
6010.0,118.0,0.796474
6010.0,119.0,0.121818
6010.0,120.0,0.0
6010.0,121.0,0.266254
6010.0,122.0,0.564313
6010.0,123.0,1.0
6010.0,124.0,0.449891
6010.0,125.0,0.470202
6010.0,126.0,0.375142
6010.0,127.0,0.044663
6010.0,128.0,0.040699
6010.0,129.0,0.985761
6010.0,130.0,0.004502
6010.0,131.0,0.992022
6010.0,132.0,0.374302
6010.0,133.0,0.807136
6010.0,134.0,0.505484
6010.0,135.0,0.328
6010.0,136.0,1.0
6010.0,137.0,0.495809
6010.0,138.0,0.711772
6010.0,139.0,0.405281
6010.0,140.0,0.000922
6010.0,141.0,0.628002
6010.0,142.0,1.0
6010.0,143.0,0.141932
6010.0,144.0,0.174695
6010.0,145.0,0.376457
6010.0,146.0,0.550012
6010.0,147.0,1.0
6010.0,148.0,0.384073
6010.0,149.0,0.452729
6010.0,150.0,0.246371
6010.0,151.0,0.5552
6010.0,152.0,0.332003
6010.0,153.0,0.346991
6010.0,154.0,0.603619
6010.0,155.0,0.623855
6010.0,156.0,0.724972
6010.0,157.0,0.0
6010.0,158.0,0.166659
6010.0,159.0,0.129091
6010.0,160.0,0.022282
6010.0,161.0,0.010813
6010.0,162.0,0.758299
6010.0,163.0,0.618869
6010.0,164.0,0.644292
6010.0,165.0,0.428862
6010.0,166.0,0.0
6010.0,167.0,0.440218
6010.0,168.0,0.578056
6010.0,169.0,0.609237
6010.0,170.0,0.670376
6010.0,171.0,0.472192
6010.0,172.0,0.528827
6010.0,173.0,0.665179
6010.0,174.0,0.42387
6010.0,175.0,0.352459
6010.0,176.0,0.191615
6010.0,177.0,0.0
6010.0,178.0,1.0
6010.0,179.0,0.369013
6010.0,180.0,0.3336
6010.0,181.0,0.185216
6010.0,182.0,0.002947
6010.0,183.0,0.0
6010.0,184.0,0.483719
6010.0,185.0,0.501122
6010.0,186.0,0.872189
6010.0,187.0,0.504967
6010.0,188.0,0.0
6010.0,189.0,0.892072
6010.0,190.0,1.0
6010.0,191.0,0.668622
6010.0,192.0,0.171109
6010.0,193.0,0.832398
6010.0,194.0,0.0
6010.0,195.0,0.460572
6010.0,196.0,0.512537
6010.0,197.0,0.290767
6010.0,198.0,0.432522
6010.0,199.0,0.031304
6010.0,200.0,0.0
6010.0,201.0,0.731522
6010.0,202.0,1.0
6010.0,203.0,0.547615
6010.0,204.0,0.302402
6010.0,205.0,0.0
6010.0,206.0,0.335651
6010.0,207.0,1.0
6010.0,208.0,0.564737
6010.0,209.0,0.690488
6010.0,210.0,0.301787
6010.0,211.0,0.105653
6010.0,212.0,0.566841
6010.0,213.0,0.0
6010.0,214.0,0.544116
6010.0,215.0,0.666581
6010.0,216.0,1.0
6010.0,217.0,0.708116
6010.0,218.0,0.0
6010.0,219.0,0.267422
6010.0,220.0,0.982866
6010.0,221.0,0.505572
6010.0,222.0,0.002549
6010.0,223.0,0.60958
6010.0,224.0,0.363307
6010.0,225.0,0.789539
6010.0,226.0,0.744896
6010.0,227.0,0.829544
6010.0,228.0,0.759661
6010.0,229.0,0.234844
6010.0,230.0,0.380345
6010.0,231.0,0.288583
6010.0,232.0,0.255688
6010.0,233.0,0.769399
6010.0,234.0,0.284213
6010.0,235.0,0.0
6010.0,236.0,0.945364
6010.0,237.0,0.122196
6010.0,238.0,0.572671
6010.0,239.0,0.999417
6010.0,240.0,0.160939
6010.0,241.0,0.455186
6010.0,242.0,0.439285
6010.0,243.0,0.0
6010.0,244.0,0.001154
6010.0,245.0,1.0
6010.0,246.0,0.617644
6010.0,247.0,0.492581
6010.0,248.0,0.547477
6010.0,249.0,0.451961
6010.0,250.0,0.524563
6010.0,251.0,0.948291
6010.0,252.0,0.400029
6010.0,253.0,0.711193
6010.0,254.0,0.613611
6010.0,255.0,0.401667
6010.0,256.0,1.0
6010.0,257.0,0.842271
6010.0,258.0,0.483326
6010.0,259.0,0.622898
6010.0,260.0,0.940162
6010.0,261.0,0.317876
6010.0,262.0,0.0
6010.0,263.0,0.459135
6010.0,264.0,0.0
6010.0,265.0,0.325688
6010.0,266.0,0.383534
6010.0,267.0,0.770664
6010.0,268.0,0.420088
6010.0,269.0,0.13787
6010.0,270.0,0.892711
6010.0,271.0,0.0
6010.0,272.0,0.116394
6010.0,273.0,0.355728
6010.0,274.0,0.188614
6010.0,275.0,0.669524
6010.0,276.0,0.024451
6010.0,277.0,0.32951
6010.0,278.0,0.486372
6010.0,279.0,0.206167
6010.0,280.0,0.52978
6010.0,281.0,0.823757
6010.0,282.0,1.0
6010.0,283.0,0.470935
6010.0,284.0,0.147162
6010.0,285.0,0.44806
6010.0,286.0,0.824288
6010.0,287.0,0.268794
6010.0,288.0,0.428112
6010.0,289.0,0.386627
6010.0,290.0,0.585187
6010.0,291.0,0.423719
6010.0,292.0,0.678254
6010.0,293.0,1.0
6010.0,294.0,0.255491
6010.0,295.0,0.255813
6010.0,296.0,0.0
6010.0,297.0,0.859571
6010.0,298.0,0.02447
6010.0,299.0,0.0
6010.0,300.0,0.360479
6010.0,301.0,0.719525
6010.0,302.0,0.012192
6010.0,303.0,0.964657
6010.0,304.0,0.0
6010.0,305.0,0.853658
6010.0,306.0,0.706635
6010.0,307.0,0.583553
6010.0,308.0,0.527963
6010.0,309.0,0.0
6010.0,310.0,1.0
6010.0,311.0,0.48479
6010.0,312.0,0.0
6010.0,313.0,0.56451
6010.0,314.0,0.398187
6010.0,315.0,0.485246
6010.0,316.0,0.338959
6010.0,317.0,0.965232
6010.0,318.0,0.624357
6010.0,319.0,0.007701
6010.0,320.0,0.32629
6010.0,321.0,0.0
6010.0,322.0,0.119345
6010.0,323.0,0.344925
6010.0,324.0,0.540279
6010.0,325.0,0.012352
6010.0,326.0,0.79058
6010.0,327.0,0.144335
6010.0,328.0,0.061507
6010.0,329.0,0.851232
6010.0,330.0,0.033478
6010.0,331.0,0.647973
6010.0,332.0,0.347652
6010.0,333.0,0.0
6010.0,334.0,0.279282
7000.0,0.0,0.0
7000.0,1.0,0.0
7000.0,2.0,0.0
7000.0,3.0,0.427475
7000.0,4.0,0.276135
7000.0,5.0,0.443616
7000.0,6.0,0.799437
7000.0,7.0,0.779042
7000.0,8.0,0.050912
7000.0,9.0,0.761126
7000.0,10.0,1.0
7000.0,11.0,0.990715
7000.0,12.0,0.33008
7000.0,13.0,0.347313
7000.0,14.0,0.590062
7000.0,15.0,0.895483
7000.0,16.0,0.617249
7000.0,17.0,0.0
7000.0,18.0,0.605973
7000.0,19.0,0.846016
7000.0,20.0,0.445997
7000.0,21.0,0.0
7000.0,22.0,0.897635
7000.0,23.0,1.0
7000.0,24.0,0.435234
7000.0,25.0,0.467906
7000.0,26.0,0.794761
7000.0,27.0,0.444681
7000.0,28.0,0.696538
7000.0,29.0,1.0
7000.0,30.0,0.209691
7000.0,31.0,0.770319
7000.0,32.0,1.0
7000.0,33.0,1.0
7000.0,34.0,0.023687
7000.0,35.0,0.380269
7000.0,36.0,0.393041
7000.0,37.0,0.522119
7000.0,38.0,0.459249
7000.0,39.0,0.991396
7000.0,40.0,0.642226
7000.0,41.0,0.809426
7000.0,42.0,0.368417
7000.0,43.0,0.888584
7000.0,44.0,0.612905
7000.0,45.0,0.764035
7000.0,46.0,0.499737
7000.0,47.0,0.990064
7000.0,48.0,0.999854
7000.0,49.0,0.244938
7000.0,50.0,0.0
7000.0,51.0,0.28211
7000.0,52.0,1.0
7000.0,53.0,0.807547
7000.0,54.0,1.0
7000.0,55.0,0.001355
7000.0,56.0,0.354194
7000.0,57.0,0.0
7000.0,58.0,0.43022
7000.0,59.0,0.278645
7000.0,60.0,0.84439
7000.0,61.0,0.985214
7000.0,62.0,0.164852
7000.0,63.0,0.757339
7000.0,64.0,0.950866
7000.0,65.0,0.014946
7000.0,66.0,0.0
7000.0,67.0,0.54045
7000.0,68.0,0.002583
7000.0,69.0,0.034265
7000.0,70.0,0.26371
7000.0,71.0,0.07829
7000.0,72.0,0.531108
7000.0,73.0,0.487633
7000.0,74.0,0.666774
7000.0,75.0,0.546451
7000.0,76.0,0.923042
7000.0,77.0,0.786024
7000.0,78.0,0.334929
7000.0,79.0,0.0
7000.0,80.0,0.983666
7000.0,81.0,0.306996
7000.0,82.0,0.580183
7000.0,83.0,0.51927
7000.0,84.0,1.0
7000.0,85.0,0.381604
7000.0,86.0,0.739006
7000.0,87.0,1.0
7000.0,88.0,0.0
7000.0,89.0,0.710796
7000.0,90.0,0.681581
7000.0,91.0,0.434169
7000.0,92.0,0.089369
7000.0,93.0,0.435821
7000.0,94.0,0.428003
7000.0,95.0,0.058546
7000.0,96.0,1.0
7000.0,97.0,0.323401
7000.0,98.0,0.0
7000.0,99.0,0.063019
7000.0,100.0,0.72994
7000.0,101.0,0.396154
7000.0,102.0,0.792276
7000.0,103.0,0.0
7000.0,104.0,0.015154
7000.0,105.0,0.636558
7000.0,106.0,0.755458
7000.0,107.0,0.885343
7000.0,108.0,0.916922
7000.0,109.0,0.991572
7000.0,110.0,0.397229
7000.0,111.0,0.895008
7000.0,112.0,0.130329
7000.0,113.0,0.560559
7000.0,114.0,0.347782
7000.0,115.0,0.157627
7000.0,116.0,0.986116
7000.0,117.0,0.266093
7000.0,118.0,0.795983
7000.0,119.0,0.099125
7000.0,120.0,0.0
7000.0,121.0,0.263002
7000.0,122.0,0.569154
7000.0,123.0,1.0
7000.0,124.0,0.440419
7000.0,125.0,0.472357
7000.0,126.0,0.371482
7000.0,127.0,0.044977
7000.0,128.0,0.02657
7000.0,129.0,0.989405
7000.0,130.0,0.005306
7000.0,131.0,0.996178
7000.0,132.0,0.368359
7000.0,133.0,0.821221
7000.0,134.0,0.507877
7000.0,135.0,0.328331
7000.0,136.0,1.0
7000.0,137.0,0.488156
7000.0,138.0,0.711489
7000.0,139.0,0.408324
7000.0,140.0,0.000525
7000.0,141.0,0.609717
7000.0,142.0,1.0
7000.0,143.0,0.133479
7000.0,144.0,0.16122
7000.0,145.0,0.387692
7000.0,146.0,0.557223
7000.0,147.0,1.0
7000.0,148.0,0.404764
7000.0,149.0,0.460502
7000.0,150.0,0.249752
7000.0,151.0,0.545921
7000.0,152.0,0.336554
7000.0,153.0,0.342441
7000.0,154.0,0.601383
7000.0,155.0,0.614002
7000.0,156.0,0.711815
7000.0,157.0,0.0
7000.0,158.0,0.174483
7000.0,159.0,0.125128
7000.0,160.0,0.02095
7000.0,161.0,0.012911
7000.0,162.0,0.758657
7000.0,163.0,0.6295
7000.0,164.0,0.643103
7000.0,165.0,0.432269
7000.0,166.0,0.0
7000.0,167.0,0.44085
7000.0,168.0,0.569675
7000.0,169.0,0.608518
7000.0,170.0,0.662495
7000.0,171.0,0.460534
7000.0,172.0,0.527882
7000.0,173.0,0.670904
7000.0,174.0,0.408404
7000.0,175.0,0.368881
7000.0,176.0,0.179187
7000.0,177.0,0.0
7000.0,178.0,1.0
7000.0,179.0,0.372054
7000.0,180.0,0.335767
7000.0,181.0,0.166659
7000.0,182.0,0.000198
7000.0,183.0,0.0
7000.0,184.0,0.477925
7000.0,185.0,0.509108
7000.0,186.0,0.875895
7000.0,187.0,0.508227
7000.0,188.0,0.0
7000.0,189.0,0.904947
7000.0,190.0,1.0
7000.0,191.0,0.662698
7000.0,192.0,0.149053
7000.0,193.0,0.812573
7000.0,194.0,0.0
7000.0,195.0,0.462899
7000.0,196.0,0.503122
7000.0,197.0,0.293791
7000.0,198.0,0.427318
7000.0,199.0,0.034979
7000.0,200.0,0.0
7000.0,201.0,0.742126
7000.0,202.0,1.0
7000.0,203.0,0.549101
7000.0,204.0,0.290556
7000.0,205.0,0.0
7000.0,206.0,0.338568
7000.0,207.0,1.0
7000.0,208.0,0.553527
7000.0,209.0,0.705203
7000.0,210.0,0.299502
7000.0,211.0,0.111103
7000.0,212.0,0.568719
7000.0,213.0,0.0
7000.0,214.0,0.553652
7000.0,215.0,0.656565
7000.0,216.0,1.0
7000.0,217.0,0.69547
7000.0,218.0,0.0
7000.0,219.0,0.271231
7000.0,220.0,0.983598
7000.0,221.0,0.507684
7000.0,222.0,0.001135
7000.0,223.0,0.61658
7000.0,224.0,0.370611
7000.0,225.0,0.793915
7000.0,226.0,0.723747
7000.0,227.0,0.8334
7000.0,228.0,0.771064
7000.0,229.0,0.233535
7000.0,230.0,0.387092
7000.0,231.0,0.288345
7000.0,232.0,0.213291
7000.0,233.0,0.772503
7000.0,234.0,0.276966
7000.0,235.0,0.0
7000.0,236.0,0.955606
7000.0,237.0,0.113429
7000.0,238.0,0.564377
7000.0,239.0,1.0
7000.0,240.0,0.164568
7000.0,241.0,0.448344
7000.0,242.0,0.456671
7000.0,243.0,0.0
7000.0,244.0,0.000168
7000.0,245.0,1.0
7000.0,246.0,0.634878
7000.0,247.0,0.521616
7000.0,248.0,0.546759
7000.0,249.0,0.454963
7000.0,250.0,0.517919
7000.0,251.0,0.952299
7000.0,252.0,0.393394
7000.0,253.0,0.709157
7000.0,254.0,0.614031
7000.0,255.0,0.409008
7000.0,256.0,1.0
7000.0,257.0,0.853123
7000.0,258.0,0.472219
7000.0,259.0,0.615575
7000.0,260.0,0.9526
7000.0,261.0,0.302347
7000.0,262.0,0.0
7000.0,263.0,0.462662
7000.0,264.0,0.0
7000.0,265.0,0.320564
7000.0,266.0,0.380242
7000.0,267.0,0.780102
7000.0,268.0,0.409801
7000.0,269.0,0.154231
7000.0,270.0,0.901508
7000.0,271.0,0.0
7000.0,272.0,0.12535
7000.0,273.0,0.360658
7000.0,274.0,0.141896
7000.0,275.0,0.669711
7000.0,276.0,0.018001
7000.0,277.0,0.324751
7000.0,278.0,0.477
7000.0,279.0,0.212914
7000.0,280.0,0.508102
7000.0,281.0,0.834462
7000.0,282.0,1.0
7000.0,283.0,0.450968
7000.0,284.0,0.114208
7000.0,285.0,0.439414
7000.0,286.0,0.813799
7000.0,287.0,0.27309
7000.0,288.0,0.429776
7000.0,289.0,0.37853
7000.0,290.0,0.577803
7000.0,291.0,0.423254
7000.0,292.0,0.679803
7000.0,293.0,1.0
7000.0,294.0,0.25092
7000.0,295.0,0.268696
7000.0,296.0,0.0
7000.0,297.0,0.905356
7000.0,298.0,0.013373
7000.0,299.0,0.0
7000.0,300.0,0.349291
7000.0,301.0,0.751727
7000.0,302.0,0.006998
7000.0,303.0,0.973416
7000.0,304.0,0.0
7000.0,305.0,0.870128
7000.0,306.0,0.69719
7000.0,307.0,0.58668
7000.0,308.0,0.535233
7000.0,309.0,0.0
7000.0,310.0,1.0
7000.0,311.0,0.501603
7000.0,312.0,0.0
7000.0,313.0,0.562184
7000.0,314.0,0.393814
7000.0,315.0,0.485628
7000.0,316.0,0.323931
7000.0,317.0,0.974559
7000.0,318.0,0.620331
7000.0,319.0,0.003822
7000.0,320.0,0.316303
7000.0,321.0,0.0
7000.0,322.0,0.117658
7000.0,323.0,0.340119
7000.0,324.0,0.551099
7000.0,325.0,0.007744
7000.0,326.0,0.798927
7000.0,327.0,0.134262
7000.0,328.0,0.059354
7000.0,329.0,0.849612
7000.0,330.0,0.025315
7000.0,331.0,0.604257
7000.0,332.0,0.348863
7000.0,333.0,0.0
7000.0,334.0,0.275681
7001.0,0.0,0.0
7001.0,1.0,0.0
7001.0,2.0,0.0
7001.0,3.0,0.431317
7001.0,4.0,0.277614
7001.0,5.0,0.45267
7001.0,6.0,0.801095
7001.0,7.0,0.780721
7001.0,8.0,0.051559
7001.0,9.0,0.762827
7001.0,10.0,1.0
7001.0,11.0,0.990995
7001.0,12.0,0.33747
7001.0,13.0,0.349511
7001.0,14.0,0.603999
7001.0,15.0,0.895837
7001.0,16.0,0.618649
7001.0,17.0,0.0
7001.0,18.0,0.612549
7001.0,19.0,0.845948
7001.0,20.0,0.450103
7001.0,21.0,0.0
7001.0,22.0,0.899412
7001.0,23.0,1.0
7001.0,24.0,0.436956
7001.0,25.0,0.477273
7001.0,26.0,0.803926
7001.0,27.0,0.449077
7001.0,28.0,0.700377
7001.0,29.0,1.0
7001.0,30.0,0.218506
7001.0,31.0,0.7704
7001.0,32.0,1.0
7001.0,33.0,1.0
7001.0,34.0,0.025153
7001.0,35.0,0.380727
7001.0,36.0,0.39451
7001.0,37.0,0.522369
7001.0,38.0,0.463057
7001.0,39.0,0.991843
7001.0,40.0,0.646358
7001.0,41.0,0.811564
7001.0,42.0,0.375225
7001.0,43.0,0.89833
7001.0,44.0,0.618075
7001.0,45.0,0.77246
7001.0,46.0,0.501596
7001.0,47.0,0.990428
7001.0,48.0,0.999852
7001.0,49.0,0.247254
7001.0,50.0,0.0
7001.0,51.0,0.286076
7001.0,52.0,1.0
7001.0,53.0,0.812369
7001.0,54.0,1.0
7001.0,55.0,0.001369
7001.0,56.0,0.355643
7001.0,57.0,0.0
7001.0,58.0,0.431759
7001.0,59.0,0.283456
7001.0,60.0,0.845067
7001.0,61.0,0.98553
7001.0,62.0,0.169513
7001.0,63.0,0.756704
7001.0,64.0,0.951977
7001.0,65.0,0.014796
7001.0,66.0,0.0
7001.0,67.0,0.543953
7001.0,68.0,0.002616
7001.0,69.0,0.034184
7001.0,70.0,0.265749
7001.0,71.0,0.080053
7001.0,72.0,0.535483
7001.0,73.0,0.488609
7001.0,74.0,0.669309
7001.0,75.0,0.554081
7001.0,76.0,0.923595
7001.0,77.0,0.78707
7001.0,78.0,0.343427
7001.0,79.0,0.0
7001.0,80.0,0.983801
7001.0,81.0,0.309208
7001.0,82.0,0.582997
7001.0,83.0,0.522445
7001.0,84.0,1.0
7001.0,85.0,0.381856
7001.0,86.0,0.743313
7001.0,87.0,1.0
7001.0,88.0,0.0
7001.0,89.0,0.712732
7001.0,90.0,0.682661
7001.0,91.0,0.436599
7001.0,92.0,0.090917
7001.0,93.0,0.438552
7001.0,94.0,0.432607
7001.0,95.0,0.059098
7001.0,96.0,1.0
7001.0,97.0,0.366469
7001.0,98.0,0.0
7001.0,99.0,0.06331
7001.0,100.0,0.731587
7001.0,101.0,0.397445
7001.0,102.0,0.799322
7001.0,103.0,0.0
7001.0,104.0,0.015625
7001.0,105.0,0.638479
7001.0,106.0,0.759413
7001.0,107.0,0.885731
7001.0,108.0,0.919012
7001.0,109.0,0.991976
7001.0,110.0,0.398441
7001.0,111.0,0.89623
7001.0,112.0,0.130778
7001.0,113.0,0.560903
7001.0,114.0,0.352486
7001.0,115.0,0.159803
7001.0,116.0,0.986147
7001.0,117.0,0.266935
7001.0,118.0,0.798624
7001.0,119.0,0.100694
7001.0,120.0,0.0
7001.0,121.0,0.274388
7001.0,122.0,0.569727
7001.0,123.0,1.0
7001.0,124.0,0.445917
7001.0,125.0,0.47946
7001.0,126.0,0.374818
7001.0,127.0,0.046618
7001.0,128.0,0.026706
7001.0,129.0,0.989314
7001.0,130.0,0.005398
7001.0,131.0,0.996291
7001.0,132.0,0.375301
7001.0,133.0,0.824066
7001.0,134.0,0.495392
7001.0,135.0,0.337967
7001.0,136.0,1.0
7001.0,137.0,0.490317
7001.0,138.0,0.717992
7001.0,139.0,0.412489
7001.0,140.0,0.000544
7001.0,141.0,0.611449
7001.0,142.0,1.0
7001.0,143.0,0.136015
7001.0,144.0,0.16197
7001.0,145.0,0.38997
7001.0,146.0,0.557886
7001.0,147.0,1.0
7001.0,148.0,0.407555
7001.0,149.0,0.46757
7001.0,150.0,0.251594
7001.0,151.0,0.549139
7001.0,152.0,0.337531
7001.0,153.0,0.351763
7001.0,154.0,0.602373
7001.0,155.0,0.620161
7001.0,156.0,0.711481
7001.0,157.0,0.0
7001.0,158.0,0.180788
7001.0,159.0,0.127866
7001.0,160.0,0.021343
7001.0,161.0,0.013001
7001.0,162.0,0.758313
7001.0,163.0,0.631681
7001.0,164.0,0.646078
7001.0,165.0,0.439226
7001.0,166.0,0.0
7001.0,167.0,0.442697
7001.0,168.0,0.570053
7001.0,169.0,0.641243
7001.0,170.0,0.666424
7001.0,171.0,0.460271
7001.0,172.0,0.529452
7001.0,173.0,0.674523
7001.0,174.0,0.408335
7001.0,175.0,0.37001
7001.0,176.0,0.180764
7001.0,177.0,0.0
7001.0,178.0,1.0
7001.0,179.0,0.380309
7001.0,180.0,0.341051
7001.0,181.0,0.168135
7001.0,182.0,0.000183
7001.0,183.0,0.0
7001.0,184.0,0.482061
7001.0,185.0,0.50996
7001.0,186.0,0.879005
7001.0,187.0,0.508935
7001.0,188.0,0.0
7001.0,189.0,0.905605
7001.0,190.0,1.0
7001.0,191.0,0.663131
7001.0,192.0,0.149851
7001.0,193.0,0.812597
7001.0,194.0,0.0
7001.0,195.0,0.469146
7001.0,196.0,0.500301
7001.0,197.0,0.297356
7001.0,198.0,0.431241
7001.0,199.0,0.034844
7001.0,200.0,0.0
7001.0,201.0,0.742301
7001.0,202.0,1.0
7001.0,203.0,0.569405
7001.0,204.0,0.292665
7001.0,205.0,0.0
7001.0,206.0,0.36077
7001.0,207.0,1.0
7001.0,208.0,0.556453
7001.0,209.0,0.705665
7001.0,210.0,0.309107
7001.0,211.0,0.110849
7001.0,212.0,0.575874
7001.0,213.0,0.0
7001.0,214.0,0.560613
7001.0,215.0,0.661861
7001.0,216.0,1.0
7001.0,217.0,0.699801
7001.0,218.0,0.0
7001.0,219.0,0.271759
7001.0,220.0,0.984072
7001.0,221.0,0.518825
7001.0,222.0,0.001183
7001.0,223.0,0.618316
7001.0,224.0,0.374894
7001.0,225.0,0.796889
7001.0,226.0,0.730067
7001.0,227.0,0.835644
7001.0,228.0,0.773576
7001.0,229.0,0.235641
7001.0,230.0,0.388177
7001.0,231.0,0.350523
7001.0,232.0,0.213693
7001.0,233.0,0.7758
7001.0,234.0,0.281259
7001.0,235.0,0.0
7001.0,236.0,0.956206
7001.0,237.0,0.113497
7001.0,238.0,0.577445
7001.0,239.0,1.0
7001.0,240.0,0.16578
7001.0,241.0,0.450746
7001.0,242.0,0.459089
7001.0,243.0,0.0
7001.0,244.0,0.000188
7001.0,245.0,1.0
7001.0,246.0,0.635619
7001.0,247.0,0.524193
7001.0,248.0,0.550387
7001.0,249.0,0.458934
7001.0,250.0,0.524198
7001.0,251.0,0.952668
7001.0,252.0,0.395375
7001.0,253.0,0.710458
7001.0,254.0,0.618412
7001.0,255.0,0.411604
7001.0,256.0,1.0
7001.0,257.0,0.854139
7001.0,258.0,0.473509
7001.0,259.0,0.617685
7001.0,260.0,0.953521
7001.0,261.0,0.309949
7001.0,262.0,0.0
7001.0,263.0,0.463723
7001.0,264.0,0.0
7001.0,265.0,0.32055
7001.0,266.0,0.384732
7001.0,267.0,0.78247
7001.0,268.0,0.414449
7001.0,269.0,0.15691
7001.0,270.0,0.901979
7001.0,271.0,0.0
7001.0,272.0,0.126392
7001.0,273.0,0.363958
7001.0,274.0,0.142219
7001.0,275.0,0.671106
7001.0,276.0,0.018193
7001.0,277.0,0.328078
7001.0,278.0,0.479897
7001.0,279.0,0.216119
7001.0,280.0,0.509642
7001.0,281.0,0.836071
7001.0,282.0,1.0
7001.0,283.0,0.451132
7001.0,284.0,0.114514
7001.0,285.0,0.446925
7001.0,286.0,0.817997
7001.0,287.0,0.27569
7001.0,288.0,0.436208
7001.0,289.0,0.386864
7001.0,290.0,0.578579
7001.0,291.0,0.4262
7001.0,292.0,0.681247
7001.0,293.0,1.0
7001.0,294.0,0.25156
7001.0,295.0,0.271587
7001.0,296.0,0.0
7001.0,297.0,0.906004
7001.0,298.0,0.01357
7001.0,299.0,0.0
7001.0,300.0,0.353431
7001.0,301.0,0.752241
7001.0,302.0,0.007018
7001.0,303.0,0.973189
7001.0,304.0,0.0
7001.0,305.0,0.870152
7001.0,306.0,0.699149
7001.0,307.0,0.58802
7001.0,308.0,0.539563
7001.0,309.0,0.0
7001.0,310.0,1.0
7001.0,311.0,0.501902
7001.0,312.0,0.0
7001.0,313.0,0.563162
7001.0,314.0,0.395751
7001.0,315.0,0.488796
7001.0,316.0,0.325191
7001.0,317.0,0.974752
7001.0,318.0,0.621367
7001.0,319.0,0.003822
7001.0,320.0,0.324577
7001.0,321.0,0.0
7001.0,322.0,0.118148
7001.0,323.0,0.374424
7001.0,324.0,0.552301
7001.0,325.0,0.008561
7001.0,326.0,0.800662
7001.0,327.0,0.135174
7001.0,328.0,0.059492
7001.0,329.0,0.860544
7001.0,330.0,0.025574
7001.0,331.0,0.604661
7001.0,332.0,0.352587
7001.0,333.0,0.0
7001.0,334.0,0.280488
7002.0,0.0,0.0
7002.0,1.0,0.0
7002.0,2.0,0.0
7002.0,3.0,0.434778
7002.0,4.0,0.279595
7002.0,5.0,0.461335
7002.0,6.0,0.801916
7002.0,7.0,0.782307
7002.0,8.0,0.051913
7002.0,9.0,0.764711
7002.0,10.0,1.0
7002.0,11.0,0.99095
7002.0,12.0,0.345346
7002.0,13.0,0.352094
7002.0,14.0,0.616651
7002.0,15.0,0.896614
7002.0,16.0,0.619987
7002.0,17.0,0.0
7002.0,18.0,0.619498
7002.0,19.0,0.847163
7002.0,20.0,0.454594
7002.0,21.0,0.0
7002.0,22.0,0.900723
7002.0,23.0,1.0
7002.0,24.0,0.438619
7002.0,25.0,0.486366
7002.0,26.0,0.812433
7002.0,27.0,0.453823
7002.0,28.0,0.703564
7002.0,29.0,1.0
7002.0,30.0,0.227383
7002.0,31.0,0.770545
7002.0,32.0,1.0
7002.0,33.0,1.0
7002.0,34.0,0.026736
7002.0,35.0,0.381273
7002.0,36.0,0.395893
7002.0,37.0,0.522684
7002.0,38.0,0.46763
7002.0,39.0,0.992119
7002.0,40.0,0.649752
7002.0,41.0,0.81513
7002.0,42.0,0.380605
7002.0,43.0,0.905797
7002.0,44.0,0.624383
7002.0,45.0,0.780505
7002.0,46.0,0.502265
7002.0,47.0,0.990797
7002.0,48.0,0.999835
7002.0,49.0,0.249396
7002.0,50.0,0.0
7002.0,51.0,0.2897
7002.0,52.0,1.0
7002.0,53.0,0.816616
7002.0,54.0,1.0
7002.0,55.0,0.001411
7002.0,56.0,0.357099
7002.0,57.0,0.0
7002.0,58.0,0.43267
7002.0,59.0,0.289179
7002.0,60.0,0.84534
7002.0,61.0,0.985762
7002.0,62.0,0.17362
7002.0,63.0,0.757554
7002.0,64.0,0.952826
7002.0,65.0,0.014652
7002.0,66.0,0.0
7002.0,67.0,0.546868
7002.0,68.0,0.002616
7002.0,69.0,0.034283
7002.0,70.0,0.266928
7002.0,71.0,0.081607
7002.0,72.0,0.53892
7002.0,73.0,0.488971
7002.0,74.0,0.672338
7002.0,75.0,0.561407
7002.0,76.0,0.923871
7002.0,77.0,0.788012
7002.0,78.0,0.35205
7002.0,79.0,0.0
7002.0,80.0,0.983892
7002.0,81.0,0.311231
7002.0,82.0,0.58525
7002.0,83.0,0.526338
7002.0,84.0,1.0
7002.0,85.0,0.381281
7002.0,86.0,0.747071
7002.0,87.0,1.0
7002.0,88.0,0.0
7002.0,89.0,0.71497
7002.0,90.0,0.683866
7002.0,91.0,0.438417
7002.0,92.0,0.092434
7002.0,93.0,0.440953
7002.0,94.0,0.437612
7002.0,95.0,0.059445
7002.0,96.0,1.0
7002.0,97.0,0.409998
7002.0,98.0,0.0
7002.0,99.0,0.063367
7002.0,100.0,0.732459
7002.0,101.0,0.398438
7002.0,102.0,0.805809
7002.0,103.0,0.0
7002.0,104.0,0.01602
7002.0,105.0,0.640316
7002.0,106.0,0.761792
7002.0,107.0,0.885391
7002.0,108.0,0.920968
7002.0,109.0,0.992314
7002.0,110.0,0.40034
7002.0,111.0,0.896918
7002.0,112.0,0.130393
7002.0,113.0,0.561886
7002.0,114.0,0.357154
7002.0,115.0,0.161351
7002.0,116.0,0.986174
7002.0,117.0,0.269234
7002.0,118.0,0.801861
7002.0,119.0,0.102388
7002.0,120.0,0.0
7002.0,121.0,0.286069
7002.0,122.0,0.571176
7002.0,123.0,1.0
7002.0,124.0,0.450403
7002.0,125.0,0.486111
7002.0,126.0,0.377168
7002.0,127.0,0.047768
7002.0,128.0,0.027082
7002.0,129.0,0.989387
7002.0,130.0,0.00545
7002.0,131.0,0.996313
7002.0,132.0,0.382048
7002.0,133.0,0.825918
7002.0,134.0,0.482881
7002.0,135.0,0.347472
7002.0,136.0,1.0
7002.0,137.0,0.49228
7002.0,138.0,0.724794
7002.0,139.0,0.416865
7002.0,140.0,0.000548
7002.0,141.0,0.612689
7002.0,142.0,1.0
7002.0,143.0,0.138518
7002.0,144.0,0.162463
7002.0,145.0,0.392824
7002.0,146.0,0.559643
7002.0,147.0,1.0
7002.0,148.0,0.41087
7002.0,149.0,0.475732
7002.0,150.0,0.253216
7002.0,151.0,0.55265
7002.0,152.0,0.338853
7002.0,153.0,0.36193
7002.0,154.0,0.604475
7002.0,155.0,0.626438
7002.0,156.0,0.712462
7002.0,157.0,0.0
7002.0,158.0,0.186969
7002.0,159.0,0.131253
7002.0,160.0,0.021532
7002.0,161.0,0.013162
7002.0,162.0,0.758447
7002.0,163.0,0.633845
7002.0,164.0,0.650388
7002.0,165.0,0.446234
7002.0,166.0,0.0
7002.0,167.0,0.445057
7002.0,168.0,0.570753
7002.0,169.0,0.670999
7002.0,170.0,0.670607
7002.0,171.0,0.461089
7002.0,172.0,0.53044
7002.0,173.0,0.678538
7002.0,174.0,0.408428
7002.0,175.0,0.370514
7002.0,176.0,0.182901
7002.0,177.0,0.0
7002.0,178.0,1.0
7002.0,179.0,0.388256
7002.0,180.0,0.346091
7002.0,181.0,0.169926
7002.0,182.0,0.000195
7002.0,183.0,0.0
7002.0,184.0,0.486693
7002.0,185.0,0.510964
7002.0,186.0,0.883215
7002.0,187.0,0.509521
7002.0,188.0,0.0
7002.0,189.0,0.906005
7002.0,190.0,1.0
7002.0,191.0,0.664383
7002.0,192.0,0.150378
7002.0,193.0,0.8132
7002.0,194.0,0.0
7002.0,195.0,0.475144
7002.0,196.0,0.49682
7002.0,197.0,0.300603
7002.0,198.0,0.436113
7002.0,199.0,0.035047
7002.0,200.0,0.0
7002.0,201.0,0.744314
7002.0,202.0,1.0
7002.0,203.0,0.587998
7002.0,204.0,0.294059
7002.0,205.0,0.0
7002.0,206.0,0.383864
7002.0,207.0,1.0
7002.0,208.0,0.560097
7002.0,209.0,0.706986
7002.0,210.0,0.31675
7002.0,211.0,0.110602
7002.0,212.0,0.583911
7002.0,213.0,0.0
7002.0,214.0,0.567367
7002.0,215.0,0.667738
7002.0,216.0,1.0
7002.0,217.0,0.704596
7002.0,218.0,0.0
7002.0,219.0,0.272213
7002.0,220.0,0.984189
7002.0,221.0,0.530497
7002.0,222.0,0.001213
7002.0,223.0,0.619092
7002.0,224.0,0.377785
7002.0,225.0,0.799726
7002.0,226.0,0.735293
7002.0,227.0,0.837663
7002.0,228.0,0.777077
7002.0,229.0,0.238192
7002.0,230.0,0.389241
7002.0,231.0,0.41153
7002.0,232.0,0.213953
7002.0,233.0,0.779203
7002.0,234.0,0.286716
7002.0,235.0,0.0
7002.0,236.0,0.956508
7002.0,237.0,0.113343
7002.0,238.0,0.58913
7002.0,239.0,1.0
7002.0,240.0,0.167261
7002.0,241.0,0.454054
7002.0,242.0,0.462704
7002.0,243.0,0.0
7002.0,244.0,0.00018
7002.0,245.0,1.0
7002.0,246.0,0.636911
7002.0,247.0,0.524633
7002.0,248.0,0.553275
7002.0,249.0,0.463239
7002.0,250.0,0.53052
7002.0,251.0,0.953231
7002.0,252.0,0.397495
7002.0,253.0,0.712875
7002.0,254.0,0.623456
7002.0,255.0,0.413075
7002.0,256.0,1.0
7002.0,257.0,0.856216
7002.0,258.0,0.475989
7002.0,259.0,0.620007
7002.0,260.0,0.954053
7002.0,261.0,0.317055
7002.0,262.0,0.0
7002.0,263.0,0.464449
7002.0,264.0,0.0
7002.0,265.0,0.320377
7002.0,266.0,0.388472
7002.0,267.0,0.785058
7002.0,268.0,0.420389
7002.0,269.0,0.159205
7002.0,270.0,0.903027
7002.0,271.0,0.0
7002.0,272.0,0.127881
7002.0,273.0,0.366848
7002.0,274.0,0.14251
7002.0,275.0,0.67344
7002.0,276.0,0.018688
7002.0,277.0,0.330362
7002.0,278.0,0.482181
7002.0,279.0,0.218849
7002.0,280.0,0.509835
7002.0,281.0,0.838849
7002.0,282.0,1.0
7002.0,283.0,0.4534
7002.0,284.0,0.11485
7002.0,285.0,0.454389
7002.0,286.0,0.822631
7002.0,287.0,0.277532
7002.0,288.0,0.442568
7002.0,289.0,0.393544
7002.0,290.0,0.579643
7002.0,291.0,0.429155
7002.0,292.0,0.683299
7002.0,293.0,1.0
7002.0,294.0,0.25227
7002.0,295.0,0.275179
7002.0,296.0,0.0
7002.0,297.0,0.906309
7002.0,298.0,0.013493
7002.0,299.0,0.0
7002.0,300.0,0.357068
7002.0,301.0,0.752546
7002.0,302.0,0.007162
7002.0,303.0,0.973101
7002.0,304.0,0.0
7002.0,305.0,0.870392
7002.0,306.0,0.701681
7002.0,307.0,0.588929
7002.0,308.0,0.544284
7002.0,309.0,0.0
7002.0,310.0,1.0
7002.0,311.0,0.501673
7002.0,312.0,0.0
7002.0,313.0,0.565532
7002.0,314.0,0.396723
7002.0,315.0,0.491934
7002.0,316.0,0.327232
7002.0,317.0,0.974961
7002.0,318.0,0.622986
7002.0,319.0,0.003849
7002.0,320.0,0.333413
7002.0,321.0,0.0
7002.0,322.0,0.119557
7002.0,323.0,0.407943
7002.0,324.0,0.554246
7002.0,325.0,0.009244
7002.0,326.0,0.801991
7002.0,327.0,0.135527
7002.0,328.0,0.059409
7002.0,329.0,0.87062
7002.0,330.0,0.025892
7002.0,331.0,0.604489
7002.0,332.0,0.357352
7002.0,333.0,0.0
7002.0,334.0,0.284925
7003.0,0.0,0.0
7003.0,1.0,0.0
7003.0,2.0,0.0
7003.0,3.0,0.438372
7003.0,4.0,0.282132
7003.0,5.0,0.470099
7003.0,6.0,0.80193
7003.0,7.0,0.784494
7003.0,8.0,0.05214
7003.0,9.0,0.766052
7003.0,10.0,1.0
7003.0,11.0,0.991169
7003.0,12.0,0.35209
7003.0,13.0,0.355414
7003.0,14.0,0.629575
7003.0,15.0,0.897241
7003.0,16.0,0.621649
7003.0,17.0,0.0
7003.0,18.0,0.626768
7003.0,19.0,0.848579
7003.0,20.0,0.459146
7003.0,21.0,0.0
7003.0,22.0,0.902055
7003.0,23.0,1.0
7003.0,24.0,0.439837
7003.0,25.0,0.494493
7003.0,26.0,0.820603
7003.0,27.0,0.458983
7003.0,28.0,0.706626
7003.0,29.0,1.0
7003.0,30.0,0.236086
7003.0,31.0,0.770883
7003.0,32.0,1.0
7003.0,33.0,1.0
7003.0,34.0,0.028358
7003.0,35.0,0.381827
7003.0,36.0,0.398018
7003.0,37.0,0.523254
7003.0,38.0,0.472358
7003.0,39.0,0.992495
7003.0,40.0,0.653336
7003.0,41.0,0.818377
7003.0,42.0,0.386944
7003.0,43.0,0.913705
7003.0,44.0,0.629195
7003.0,45.0,0.787354
7003.0,46.0,0.503199
7003.0,47.0,0.991145
7003.0,48.0,0.999849
7003.0,49.0,0.251685
7003.0,50.0,0.0
7003.0,51.0,0.292905
7003.0,52.0,1.0
7003.0,53.0,0.82048
7003.0,54.0,1.0
7003.0,55.0,0.00141
7003.0,56.0,0.358105
7003.0,57.0,0.0
7003.0,58.0,0.433999
7003.0,59.0,0.295187
7003.0,60.0,0.845324
7003.0,61.0,0.985794
7003.0,62.0,0.178471
7003.0,63.0,0.757653
7003.0,64.0,0.953519
7003.0,65.0,0.014703
7003.0,66.0,0.0
7003.0,67.0,0.550766
7003.0,68.0,0.002795
7003.0,69.0,0.034197
7003.0,70.0,0.268641
7003.0,71.0,0.083709
7003.0,72.0,0.542538
7003.0,73.0,0.489772
7003.0,74.0,0.673838
7003.0,75.0,0.568813
7003.0,76.0,0.924482
7003.0,77.0,0.789151
7003.0,78.0,0.360014
7003.0,79.0,0.0
7003.0,80.0,0.983878
7003.0,81.0,0.314124
7003.0,82.0,0.586499
7003.0,83.0,0.530031
7003.0,84.0,1.0
7003.0,85.0,0.381746
7003.0,86.0,0.749866
7003.0,87.0,1.0
7003.0,88.0,0.0
7003.0,89.0,0.717502
7003.0,90.0,0.684752
7003.0,91.0,0.440419
7003.0,92.0,0.094224
7003.0,93.0,0.442387
7003.0,94.0,0.442104
7003.0,95.0,0.059451
7003.0,96.0,1.0
7003.0,97.0,0.452865
7003.0,98.0,0.0
7003.0,99.0,0.063695
7003.0,100.0,0.733359
7003.0,101.0,0.399279
7003.0,102.0,0.81181
7003.0,103.0,0.0
7003.0,104.0,0.016372
7003.0,105.0,0.642883
7003.0,106.0,0.764373
7003.0,107.0,0.885658
7003.0,108.0,0.923227
7003.0,109.0,0.992636
7003.0,110.0,0.401441
7003.0,111.0,0.897838
7003.0,112.0,0.130546
7003.0,113.0,0.562018
7003.0,114.0,0.361579
7003.0,115.0,0.162905
7003.0,116.0,0.986059
7003.0,117.0,0.272254
7003.0,118.0,0.80506
7003.0,119.0,0.10353
7003.0,120.0,0.0
7003.0,121.0,0.297682
7003.0,122.0,0.572914
7003.0,123.0,1.0
7003.0,124.0,0.45482
7003.0,125.0,0.492067
7003.0,126.0,0.380046
7003.0,127.0,0.048474
7003.0,128.0,0.027367
7003.0,129.0,0.98948
7003.0,130.0,0.005614
7003.0,131.0,0.996451
7003.0,132.0,0.389594
7003.0,133.0,0.827762
7003.0,134.0,0.472239
7003.0,135.0,0.356366
7003.0,136.0,1.0
7003.0,137.0,0.495376
7003.0,138.0,0.729698
7003.0,139.0,0.4209
7003.0,140.0,0.000589
7003.0,141.0,0.613694
7003.0,142.0,1.0
7003.0,143.0,0.140855
7003.0,144.0,0.162793
7003.0,145.0,0.396587
7003.0,146.0,0.561607
7003.0,147.0,1.0
7003.0,148.0,0.413102
7003.0,149.0,0.482629
7003.0,150.0,0.254047
7003.0,151.0,0.555632
7003.0,152.0,0.339586
7003.0,153.0,0.371352
7003.0,154.0,0.6048
7003.0,155.0,0.632143
7003.0,156.0,0.713277
7003.0,157.0,0.0
7003.0,158.0,0.192957
7003.0,159.0,0.134618
7003.0,160.0,0.022202
7003.0,161.0,0.013088
7003.0,162.0,0.758981
7003.0,163.0,0.637579
7003.0,164.0,0.653444
7003.0,165.0,0.453195
7003.0,166.0,0.0
7003.0,167.0,0.44619
7003.0,168.0,0.571255
7003.0,169.0,0.699852
7003.0,170.0,0.674197
7003.0,171.0,0.461914
7003.0,172.0,0.532912
7003.0,173.0,0.681277
7003.0,174.0,0.408821
7003.0,175.0,0.372226
7003.0,176.0,0.184255
7003.0,177.0,0.0
7003.0,178.0,1.0
7003.0,179.0,0.396285
7003.0,180.0,0.35102
7003.0,181.0,0.171576
7003.0,182.0,0.00017
7003.0,183.0,0.0
7003.0,184.0,0.491614
7003.0,185.0,0.512045
7003.0,186.0,0.886205
7003.0,187.0,0.508854
7003.0,188.0,0.0
7003.0,189.0,0.906446
7003.0,190.0,1.0
7003.0,191.0,0.665323
7003.0,192.0,0.149877
7003.0,193.0,0.81366
7003.0,194.0,0.0
7003.0,195.0,0.482239
7003.0,196.0,0.493405
7003.0,197.0,0.303701
7003.0,198.0,0.440425
7003.0,199.0,0.035831
7003.0,200.0,0.0
7003.0,201.0,0.745932
7003.0,202.0,1.0
7003.0,203.0,0.6065
7003.0,204.0,0.296507
7003.0,205.0,0.0
7003.0,206.0,0.404853
7003.0,207.0,1.0
7003.0,208.0,0.563761
7003.0,209.0,0.707928
7003.0,210.0,0.325235
7003.0,211.0,0.110976
7003.0,212.0,0.591933
7003.0,213.0,0.0
7003.0,214.0,0.574255
7003.0,215.0,0.67326
7003.0,216.0,1.0
7003.0,217.0,0.70921
7003.0,218.0,0.0
7003.0,219.0,0.272657
7003.0,220.0,0.984684
7003.0,221.0,0.541324
7003.0,222.0,0.00126
7003.0,223.0,0.62034
7003.0,224.0,0.380343
7003.0,225.0,0.801395
7003.0,226.0,0.740306
7003.0,227.0,0.840317
7003.0,228.0,0.778906
7003.0,229.0,0.241551
7003.0,230.0,0.389739
7003.0,231.0,0.469971
7003.0,232.0,0.214379
7003.0,233.0,0.781865
7003.0,234.0,0.291851
7003.0,235.0,0.0
7003.0,236.0,0.957107
7003.0,237.0,0.113158
7003.0,238.0,0.600735
7003.0,239.0,1.0
7003.0,240.0,0.168489
7003.0,241.0,0.456867
7003.0,242.0,0.465709
7003.0,243.0,0.0
7003.0,244.0,0.000191
7003.0,245.0,1.0
7003.0,246.0,0.637717
7003.0,247.0,0.525276
7003.0,248.0,0.556443
7003.0,249.0,0.467407
7003.0,250.0,0.537417
7003.0,251.0,0.953625
7003.0,252.0,0.398982
7003.0,253.0,0.714658
7003.0,254.0,0.62829
7003.0,255.0,0.415229
7003.0,256.0,1.0
7003.0,257.0,0.857608
7003.0,258.0,0.478127
7003.0,259.0,0.62128
7003.0,260.0,0.954571
7003.0,261.0,0.324418
7003.0,262.0,0.0
7003.0,263.0,0.466277
7003.0,264.0,0.0
7003.0,265.0,0.321187
7003.0,266.0,0.391885
7003.0,267.0,0.787231
7003.0,268.0,0.426113
7003.0,269.0,0.161897
7003.0,270.0,0.904106
7003.0,271.0,0.0
7003.0,272.0,0.129211
7003.0,273.0,0.36974
7003.0,274.0,0.143011
7003.0,275.0,0.674948
7003.0,276.0,0.018844
7003.0,277.0,0.332922
7003.0,278.0,0.485482
7003.0,279.0,0.222399
7003.0,280.0,0.511398
7003.0,281.0,0.842654
7003.0,282.0,1.0
7003.0,283.0,0.453843
7003.0,284.0,0.11487
7003.0,285.0,0.460074
7003.0,286.0,0.826299
7003.0,287.0,0.279609
7003.0,288.0,0.448393
7003.0,289.0,0.400193
7003.0,290.0,0.581387
7003.0,291.0,0.431343
7003.0,292.0,0.685518
7003.0,293.0,1.0
7003.0,294.0,0.25277
7003.0,295.0,0.279048
7003.0,296.0,0.0
7003.0,297.0,0.906326
7003.0,298.0,0.013472
7003.0,299.0,0.0
7003.0,300.0,0.360634
7003.0,301.0,0.753353
7003.0,302.0,0.007151
7003.0,303.0,0.973163
7003.0,304.0,0.0
7003.0,305.0,0.870418
7003.0,306.0,0.703746
7003.0,307.0,0.589598
7003.0,308.0,0.549685
7003.0,309.0,0.0
7003.0,310.0,1.0
7003.0,311.0,0.501447
7003.0,312.0,0.0
7003.0,313.0,0.567343
7003.0,314.0,0.398808
7003.0,315.0,0.495227
7003.0,316.0,0.329051
7003.0,317.0,0.974959
7003.0,318.0,0.624893
7003.0,319.0,0.003894
7003.0,320.0,0.341023
7003.0,321.0,0.0
7003.0,322.0,0.120677
7003.0,323.0,0.441027
7003.0,324.0,0.555048
7003.0,325.0,0.010145
7003.0,326.0,0.803954
7003.0,327.0,0.136176
7003.0,328.0,0.059553
7003.0,329.0,0.879754
7003.0,330.0,0.025986
7003.0,331.0,0.604593
7003.0,332.0,0.362081
7003.0,333.0,0.0
7003.0,334.0,0.288426
7004.0,0.0,0.0
7004.0,1.0,0.0
7004.0,2.0,0.0
7004.0,3.0,0.442819
7004.0,4.0,0.285491
7004.0,5.0,0.47889
7004.0,6.0,0.803125
7004.0,7.0,0.786888
7004.0,8.0,0.052264
7004.0,9.0,0.767295
7004.0,10.0,1.0
7004.0,11.0,0.991424
7004.0,12.0,0.359182
7004.0,13.0,0.358118
7004.0,14.0,0.640756
7004.0,15.0,0.898005
7004.0,16.0,0.622813
7004.0,17.0,0.0
7004.0,18.0,0.633339
7004.0,19.0,0.849674
7004.0,20.0,0.463772
7004.0,21.0,0.0
7004.0,22.0,0.903355
7004.0,23.0,1.0
7004.0,24.0,0.440936
7004.0,25.0,0.502344
7004.0,26.0,0.828208
7004.0,27.0,0.465102
7004.0,28.0,0.709271
7004.0,29.0,1.0
7004.0,30.0,0.245234
7004.0,31.0,0.770687
7004.0,32.0,1.0
7004.0,33.0,1.0
7004.0,34.0,0.030202
7004.0,35.0,0.382041
7004.0,36.0,0.399409
7004.0,37.0,0.525068
7004.0,38.0,0.477391
7004.0,39.0,0.992587
7004.0,40.0,0.657638
7004.0,41.0,0.821302
7004.0,42.0,0.393519
7004.0,43.0,0.920305
7004.0,44.0,0.633236
7004.0,45.0,0.794478
7004.0,46.0,0.503453
7004.0,47.0,0.991528
7004.0,48.0,0.999838
7004.0,49.0,0.253013
7004.0,50.0,0.0
7004.0,51.0,0.296571
7004.0,52.0,1.0
7004.0,53.0,0.824069
7004.0,54.0,1.0
7004.0,55.0,0.001463
7004.0,56.0,0.359536
7004.0,57.0,0.0
7004.0,58.0,0.435856
7004.0,59.0,0.300617
7004.0,60.0,0.846084
7004.0,61.0,0.986272
7004.0,62.0,0.182142
7004.0,63.0,0.757897
7004.0,64.0,0.954445
7004.0,65.0,0.014359
7004.0,66.0,0.0
7004.0,67.0,0.555218
7004.0,68.0,0.002712
7004.0,69.0,0.034507
7004.0,70.0,0.269559
7004.0,71.0,0.085595
7004.0,72.0,0.547347
7004.0,73.0,0.490306
7004.0,74.0,0.675873
7004.0,75.0,0.57601
7004.0,76.0,0.925151
7004.0,77.0,0.790063
7004.0,78.0,0.368061
7004.0,79.0,0.0
7004.0,80.0,0.98391
7004.0,81.0,0.316428
7004.0,82.0,0.588126
7004.0,83.0,0.533974
7004.0,84.0,1.0
7004.0,85.0,0.381488
7004.0,86.0,0.753445
7004.0,87.0,1.0
7004.0,88.0,0.0
7004.0,89.0,0.720645
7004.0,90.0,0.685532
7004.0,91.0,0.441844
7004.0,92.0,0.095511
7004.0,93.0,0.444407
7004.0,94.0,0.446802
7004.0,95.0,0.059094
7004.0,96.0,1.0
7004.0,97.0,0.494351
7004.0,98.0,0.0
7004.0,99.0,0.063809
7004.0,100.0,0.734574
7004.0,101.0,0.400056
7004.0,102.0,0.817495
7004.0,103.0,0.0
7004.0,104.0,0.01667
7004.0,105.0,0.643671
7004.0,106.0,0.76744
7004.0,107.0,0.885664
7004.0,108.0,0.92527
7004.0,109.0,0.992774
7004.0,110.0,0.402071
7004.0,111.0,0.898762
7004.0,112.0,0.130843
7004.0,113.0,0.563029
7004.0,114.0,0.367118
7004.0,115.0,0.163566
7004.0,116.0,0.986072
7004.0,117.0,0.273499
7004.0,118.0,0.808119
7004.0,119.0,0.103748
7004.0,120.0,0.0
7004.0,121.0,0.309544
7004.0,122.0,0.574244
7004.0,123.0,1.0
7004.0,124.0,0.460257
7004.0,125.0,0.498732
7004.0,126.0,0.382188
7004.0,127.0,0.0498
7004.0,128.0,0.027558
7004.0,129.0,0.989686
7004.0,130.0,0.005968
7004.0,131.0,0.996592
7004.0,132.0,0.396157
7004.0,133.0,0.830284
7004.0,134.0,0.460912
7004.0,135.0,0.365676
7004.0,136.0,1.0
7004.0,137.0,0.497286
7004.0,138.0,0.734888
7004.0,139.0,0.424491
7004.0,140.0,0.000629
7004.0,141.0,0.614818
7004.0,142.0,1.0
7004.0,143.0,0.143335
7004.0,144.0,0.162916
7004.0,145.0,0.399805
7004.0,146.0,0.56386
7004.0,147.0,1.0
7004.0,148.0,0.416121
7004.0,149.0,0.490288
7004.0,150.0,0.254996
7004.0,151.0,0.559039
7004.0,152.0,0.339843
7004.0,153.0,0.380273
7004.0,154.0,0.606186
7004.0,155.0,0.637701
7004.0,156.0,0.71422
7004.0,157.0,0.0
7004.0,158.0,0.198782
7004.0,159.0,0.138427
7004.0,160.0,0.022541
7004.0,161.0,0.013173
7004.0,162.0,0.759596
7004.0,163.0,0.640008
7004.0,164.0,0.656433
7004.0,165.0,0.460415
7004.0,166.0,0.0
7004.0,167.0,0.447293
7004.0,168.0,0.572586
7004.0,169.0,0.72727
7004.0,170.0,0.677574
7004.0,171.0,0.462195
7004.0,172.0,0.534871
7004.0,173.0,0.684423
7004.0,174.0,0.409291
7004.0,175.0,0.374064
7004.0,176.0,0.185562
7004.0,177.0,0.0
7004.0,178.0,1.0
7004.0,179.0,0.404437
7004.0,180.0,0.355074
7004.0,181.0,0.173365
7004.0,182.0,0.000188
7004.0,183.0,0.0
7004.0,184.0,0.495632
7004.0,185.0,0.512924
7004.0,186.0,0.889402
7004.0,187.0,0.508796
7004.0,188.0,0.0
7004.0,189.0,0.906922
7004.0,190.0,1.0
7004.0,191.0,0.666537
7004.0,192.0,0.150257
7004.0,193.0,0.81462
7004.0,194.0,0.0
7004.0,195.0,0.489008
7004.0,196.0,0.491216
7004.0,197.0,0.30737
7004.0,198.0,0.444213
7004.0,199.0,0.035941
7004.0,200.0,0.0
7004.0,201.0,0.746943
7004.0,202.0,1.0
7004.0,203.0,0.624745
7004.0,204.0,0.298133
7004.0,205.0,0.0
7004.0,206.0,0.425671
7004.0,207.0,1.0
7004.0,208.0,0.56665
7004.0,209.0,0.709017
7004.0,210.0,0.334878
7004.0,211.0,0.110944
7004.0,212.0,0.598296
7004.0,213.0,0.0
7004.0,214.0,0.581464
7004.0,215.0,0.679086
7004.0,216.0,1.0
7004.0,217.0,0.713789
7004.0,218.0,0.0
7004.0,219.0,0.273055
7004.0,220.0,0.985011
7004.0,221.0,0.552437
7004.0,222.0,0.001311
7004.0,223.0,0.622244
7004.0,224.0,0.38401
7004.0,225.0,0.803917
7004.0,226.0,0.745523
7004.0,227.0,0.842986
7004.0,228.0,0.781465
7004.0,229.0,0.244098
7004.0,230.0,0.390501
7004.0,231.0,0.523611
7004.0,232.0,0.213417
7004.0,233.0,0.785605
7004.0,234.0,0.297422
7004.0,235.0,0.0
7004.0,236.0,0.957967
7004.0,237.0,0.113244
7004.0,238.0,0.612555
7004.0,239.0,1.0
7004.0,240.0,0.169288
7004.0,241.0,0.459853
7004.0,242.0,0.468817
7004.0,243.0,0.0
7004.0,244.0,0.000196
7004.0,245.0,1.0
7004.0,246.0,0.638869
7004.0,247.0,0.526081
7004.0,248.0,0.55851
7004.0,249.0,0.470993
7004.0,250.0,0.544026
7004.0,251.0,0.953921
7004.0,252.0,0.40092
7004.0,253.0,0.717636
7004.0,254.0,0.632739
7004.0,255.0,0.416695
7004.0,256.0,1.0
7004.0,257.0,0.859194
7004.0,258.0,0.480239
7004.0,259.0,0.623094
7004.0,260.0,0.955461
7004.0,261.0,0.331111
7004.0,262.0,0.0
7004.0,263.0,0.467089
7004.0,264.0,0.0
7004.0,265.0,0.321817
7004.0,266.0,0.395141
7004.0,267.0,0.790117
7004.0,268.0,0.432391
7004.0,269.0,0.164503
7004.0,270.0,0.904067
7004.0,271.0,0.0
7004.0,272.0,0.130341
7004.0,273.0,0.372688
7004.0,274.0,0.143354
7004.0,275.0,0.676871
7004.0,276.0,0.019267
7004.0,277.0,0.33562
7004.0,278.0,0.487689
7004.0,279.0,0.225909
7004.0,280.0,0.512826
7004.0,281.0,0.845617
7004.0,282.0,1.0
7004.0,283.0,0.454566
7004.0,284.0,0.115532
7004.0,285.0,0.466833
7004.0,286.0,0.83107
7004.0,287.0,0.281895
7004.0,288.0,0.45537
7004.0,289.0,0.405527
7004.0,290.0,0.582541
7004.0,291.0,0.433524
7004.0,292.0,0.687725
7004.0,293.0,1.0
7004.0,294.0,0.252808
7004.0,295.0,0.282294
7004.0,296.0,0.0
7004.0,297.0,0.906877
7004.0,298.0,0.013646
7004.0,299.0,0.0
7004.0,300.0,0.364279
7004.0,301.0,0.753958
7004.0,302.0,0.00729
7004.0,303.0,0.972762
7004.0,304.0,0.0
7004.0,305.0,0.871011
7004.0,306.0,0.70563
7004.0,307.0,0.590983
7004.0,308.0,0.553921
7004.0,309.0,0.0
7004.0,310.0,1.0
7004.0,311.0,0.500947
7004.0,312.0,0.0
7004.0,313.0,0.56847
7004.0,314.0,0.399315
7004.0,315.0,0.49866
7004.0,316.0,0.331147
7004.0,317.0,0.975366
7004.0,318.0,0.626395
7004.0,319.0,0.004042
7004.0,320.0,0.348895
7004.0,321.0,0.0
7004.0,322.0,0.121445
7004.0,323.0,0.472223
7004.0,324.0,0.55678
7004.0,325.0,0.011073
7004.0,326.0,0.804555
7004.0,327.0,0.137364
7004.0,328.0,0.059284
7004.0,329.0,0.888454
7004.0,330.0,0.0262
7004.0,331.0,0.605378
7004.0,332.0,0.365656
7004.0,333.0,0.0
7004.0,334.0,0.292817
7005.0,0.0,0.0
7005.0,1.0,0.0
7005.0,2.0,0.0
7005.0,3.0,0.446827
7005.0,4.0,0.287771
7005.0,5.0,0.487828
7005.0,6.0,0.804164
7005.0,7.0,0.788889
7005.0,8.0,0.052377
7005.0,9.0,0.769938
7005.0,10.0,1.0
7005.0,11.0,0.991647
7005.0,12.0,0.365655
7005.0,13.0,0.361175
7005.0,14.0,0.652735
7005.0,15.0,0.89827
7005.0,16.0,0.625019
7005.0,17.0,0.0
7005.0,18.0,0.640779
7005.0,19.0,0.851057
7005.0,20.0,0.468825
7005.0,21.0,0.0
7005.0,22.0,0.904434
7005.0,23.0,1.0
7005.0,24.0,0.441876
7005.0,25.0,0.509802
7005.0,26.0,0.836074
7005.0,27.0,0.469737
7005.0,28.0,0.712232
7005.0,29.0,1.0
7005.0,30.0,0.254278
7005.0,31.0,0.770681
7005.0,32.0,1.0
7005.0,33.0,1.0
7005.0,34.0,0.031802
7005.0,35.0,0.382561
7005.0,36.0,0.401798
7005.0,37.0,0.52588
7005.0,38.0,0.482042
7005.0,39.0,0.993018
7005.0,40.0,0.661019
7005.0,41.0,0.823759
7005.0,42.0,0.40001
7005.0,43.0,0.926245
7005.0,44.0,0.638956
7005.0,45.0,0.800677
7005.0,46.0,0.503956
7005.0,47.0,0.991873
7005.0,48.0,0.999852
7005.0,49.0,0.25476
7005.0,50.0,0.0
7005.0,51.0,0.299848
7005.0,52.0,1.0
7005.0,53.0,0.828504
7005.0,54.0,1.0
7005.0,55.0,0.001405
7005.0,56.0,0.360478
7005.0,57.0,0.0
7005.0,58.0,0.436924
7005.0,59.0,0.306113
7005.0,60.0,0.846677
7005.0,61.0,0.986323
7005.0,62.0,0.185847
7005.0,63.0,0.758549
7005.0,64.0,0.95492
7005.0,65.0,0.014117
7005.0,66.0,0.0
7005.0,67.0,0.559592
7005.0,68.0,0.002756
7005.0,69.0,0.03456
7005.0,70.0,0.27088
7005.0,71.0,0.087077
7005.0,72.0,0.55281
7005.0,73.0,0.491972
7005.0,74.0,0.678015
7005.0,75.0,0.582721
7005.0,76.0,0.925364
7005.0,77.0,0.79017
7005.0,78.0,0.375833
7005.0,79.0,0.0
7005.0,80.0,0.984232
7005.0,81.0,0.318871
7005.0,82.0,0.590257
7005.0,83.0,0.536788
7005.0,84.0,1.0
7005.0,85.0,0.38216
7005.0,86.0,0.757654
7005.0,87.0,1.0
7005.0,88.0,0.0
7005.0,89.0,0.722932
7005.0,90.0,0.685798
7005.0,91.0,0.443414
7005.0,92.0,0.097492
7005.0,93.0,0.4467
7005.0,94.0,0.450905
7005.0,95.0,0.059164
7005.0,96.0,1.0
7005.0,97.0,0.53466
7005.0,98.0,0.0
7005.0,99.0,0.063932
7005.0,100.0,0.734575
7005.0,101.0,0.402233
7005.0,102.0,0.822829
7005.0,103.0,0.0
7005.0,104.0,0.017006
7005.0,105.0,0.6454
7005.0,106.0,0.769718
7005.0,107.0,0.885661
7005.0,108.0,0.927498
7005.0,109.0,0.992987
7005.0,110.0,0.403172
7005.0,111.0,0.900407
7005.0,112.0,0.131566
7005.0,113.0,0.563521
7005.0,114.0,0.372781
7005.0,115.0,0.164622
7005.0,116.0,0.986163
7005.0,117.0,0.275129
7005.0,118.0,0.810597
7005.0,119.0,0.104518
7005.0,120.0,0.0
7005.0,121.0,0.320639
7005.0,122.0,0.57584
7005.0,123.0,1.0
7005.0,124.0,0.464561
7005.0,125.0,0.504605
7005.0,126.0,0.384554
7005.0,127.0,0.050809
7005.0,128.0,0.027668
7005.0,129.0,0.989893
7005.0,130.0,0.006236
7005.0,131.0,0.996675
7005.0,132.0,0.402886
7005.0,133.0,0.833452
7005.0,134.0,0.449634
7005.0,135.0,0.374089
7005.0,136.0,1.0
7005.0,137.0,0.499962
7005.0,138.0,0.740123
7005.0,139.0,0.428748
7005.0,140.0,0.000697
7005.0,141.0,0.615607
7005.0,142.0,1.0
7005.0,143.0,0.145491
7005.0,144.0,0.164513
7005.0,145.0,0.403213
7005.0,146.0,0.56516
7005.0,147.0,1.0
7005.0,148.0,0.419486
7005.0,149.0,0.497654
7005.0,150.0,0.255433
7005.0,151.0,0.562152
7005.0,152.0,0.341477
7005.0,153.0,0.390443
7005.0,154.0,0.607328
7005.0,155.0,0.642666
7005.0,156.0,0.713602
7005.0,157.0,0.0
7005.0,158.0,0.205265
7005.0,159.0,0.142209
7005.0,160.0,0.023158
7005.0,161.0,0.013274
7005.0,162.0,0.760031
7005.0,163.0,0.641914
7005.0,164.0,0.659157
7005.0,165.0,0.468109
7005.0,166.0,0.0
7005.0,167.0,0.449909
7005.0,168.0,0.573613
7005.0,169.0,0.753473
7005.0,170.0,0.681486
7005.0,171.0,0.462821
7005.0,172.0,0.536856
7005.0,173.0,0.687615
7005.0,174.0,0.409943
7005.0,175.0,0.375341
7005.0,176.0,0.18737
7005.0,177.0,0.0
7005.0,178.0,1.0
7005.0,179.0,0.412803
7005.0,180.0,0.359057
7005.0,181.0,0.175281
7005.0,182.0,0.000201
7005.0,183.0,0.0
7005.0,184.0,0.499298
7005.0,185.0,0.513848
7005.0,186.0,0.892884
7005.0,187.0,0.509587
7005.0,188.0,0.0
7005.0,189.0,0.907176
7005.0,190.0,1.0
7005.0,191.0,0.668465
7005.0,192.0,0.150178
7005.0,193.0,0.814927
7005.0,194.0,0.0
7005.0,195.0,0.494137
7005.0,196.0,0.489184
7005.0,197.0,0.310912
7005.0,198.0,0.448292
7005.0,199.0,0.035975
7005.0,200.0,0.0
7005.0,201.0,0.748303
7005.0,202.0,1.0
7005.0,203.0,0.641094
7005.0,204.0,0.3
7005.0,205.0,0.0
7005.0,206.0,0.4459
7005.0,207.0,1.0
7005.0,208.0,0.570314
7005.0,209.0,0.709812
7005.0,210.0,0.344009
7005.0,211.0,0.110733
7005.0,212.0,0.604581
7005.0,213.0,0.0
7005.0,214.0,0.588395
7005.0,215.0,0.68542
7005.0,216.0,1.0
7005.0,217.0,0.717367
7005.0,218.0,0.0
7005.0,219.0,0.273135
7005.0,220.0,0.985197
7005.0,221.0,0.563418
7005.0,222.0,0.001293
7005.0,223.0,0.624669
7005.0,224.0,0.386842
7005.0,225.0,0.805955
7005.0,226.0,0.749896
7005.0,227.0,0.845125
7005.0,228.0,0.784349
7005.0,229.0,0.24637
7005.0,230.0,0.392307
7005.0,231.0,0.570782
7005.0,232.0,0.213176
7005.0,233.0,0.788731
7005.0,234.0,0.302362
7005.0,235.0,0.0
7005.0,236.0,0.958405
7005.0,237.0,0.113268
7005.0,238.0,0.62428
7005.0,239.0,1.0
7005.0,240.0,0.169957
7005.0,241.0,0.462403
7005.0,242.0,0.471628
7005.0,243.0,0.0
7005.0,244.0,0.00022
7005.0,245.0,1.0
7005.0,246.0,0.640079
7005.0,247.0,0.526768
7005.0,248.0,0.562351
7005.0,249.0,0.473623
7005.0,250.0,0.551049
7005.0,251.0,0.954253
7005.0,252.0,0.402363
7005.0,253.0,0.719673
7005.0,254.0,0.636357
7005.0,255.0,0.418705
7005.0,256.0,1.0
7005.0,257.0,0.860476
7005.0,258.0,0.482088
7005.0,259.0,0.624551
7005.0,260.0,0.956009
7005.0,261.0,0.338889
7005.0,262.0,0.0
7005.0,263.0,0.468477
7005.0,264.0,0.0
7005.0,265.0,0.32159
7005.0,266.0,0.398214
7005.0,267.0,0.792335
7005.0,268.0,0.437895
7005.0,269.0,0.166628
7005.0,270.0,0.904691
7005.0,271.0,0.0
7005.0,272.0,0.13204
7005.0,273.0,0.375331
7005.0,274.0,0.143573
7005.0,275.0,0.677677
7005.0,276.0,0.019702
7005.0,277.0,0.338162
7005.0,278.0,0.490092
7005.0,279.0,0.228263
7005.0,280.0,0.514667
7005.0,281.0,0.848288
7005.0,282.0,1.0
7005.0,283.0,0.454967
7005.0,284.0,0.115286
7005.0,285.0,0.473285
7005.0,286.0,0.834941
7005.0,287.0,0.284909
7005.0,288.0,0.462116
7005.0,289.0,0.413164
7005.0,290.0,0.583396
7005.0,291.0,0.435602
7005.0,292.0,0.689882
7005.0,293.0,1.0
7005.0,294.0,0.252687
7005.0,295.0,0.285688
7005.0,296.0,0.0
7005.0,297.0,0.907115
7005.0,298.0,0.013707
7005.0,299.0,0.0
7005.0,300.0,0.367823
7005.0,301.0,0.755463
7005.0,302.0,0.007436
7005.0,303.0,0.97255
7005.0,304.0,0.0
7005.0,305.0,0.870603
7005.0,306.0,0.707084
7005.0,307.0,0.590997
7005.0,308.0,0.557892
7005.0,309.0,0.0
7005.0,310.0,1.0
7005.0,311.0,0.501609
7005.0,312.0,0.0
7005.0,313.0,0.569952
7005.0,314.0,0.400547
7005.0,315.0,0.501739
7005.0,316.0,0.332906
7005.0,317.0,0.975493
7005.0,318.0,0.627516
7005.0,319.0,0.004056
7005.0,320.0,0.357284
7005.0,321.0,0.0
7005.0,322.0,0.122381
7005.0,323.0,0.50324
7005.0,324.0,0.55739
7005.0,325.0,0.012132
7005.0,326.0,0.805169
7005.0,327.0,0.13805
7005.0,328.0,0.0593
7005.0,329.0,0.896224
7005.0,330.0,0.026432
7005.0,331.0,0.606284
7005.0,332.0,0.370072
7005.0,333.0,0.0
7005.0,334.0,0.297072
7006.0,0.0,0.0
7006.0,1.0,0.0
7006.0,2.0,0.0
7006.0,3.0,0.442827
7006.0,4.0,0.284494
7006.0,5.0,0.478051
7006.0,6.0,0.802878
7006.0,7.0,0.787532
7006.0,8.0,0.052409
7006.0,9.0,0.768189
7006.0,10.0,1.0
7006.0,11.0,0.991492
7006.0,12.0,0.358274
7006.0,13.0,0.358715
7006.0,14.0,0.640883
7006.0,15.0,0.897637
7006.0,16.0,0.62424
7006.0,17.0,0.0
7006.0,18.0,0.633825
7006.0,19.0,0.850158
7006.0,20.0,0.464063
7006.0,21.0,0.0
7006.0,22.0,0.903578
7006.0,23.0,1.0
7006.0,24.0,0.440243
7006.0,25.0,0.501545
7006.0,26.0,0.828656
7006.0,27.0,0.464492
7006.0,28.0,0.708725
7006.0,29.0,1.0
7006.0,30.0,0.244779
7006.0,31.0,0.771083
7006.0,32.0,1.0
7006.0,33.0,1.0
7006.0,34.0,0.029699
7006.0,35.0,0.382568
7006.0,36.0,0.399891
7006.0,37.0,0.524528
7006.0,38.0,0.477661
7006.0,39.0,0.992618
7006.0,40.0,0.657574
7006.0,41.0,0.820921
7006.0,42.0,0.394129
7006.0,43.0,0.919924
7006.0,44.0,0.633977
7006.0,45.0,0.793127
7006.0,46.0,0.504305
7006.0,47.0,0.991323
7006.0,48.0,0.999828
7006.0,49.0,0.252705
7006.0,50.0,0.0
7006.0,51.0,0.296403
7006.0,52.0,1.0
7006.0,53.0,0.824261
7006.0,54.0,1.0
7006.0,55.0,0.001431
7006.0,56.0,0.35949
7006.0,57.0,0.0
7006.0,58.0,0.434769
7006.0,59.0,0.299693
7006.0,60.0,0.846194
7006.0,61.0,0.986406
7006.0,62.0,0.18047
7006.0,63.0,0.758795
7006.0,64.0,0.954146
7006.0,65.0,0.014361
7006.0,66.0,0.0
7006.0,67.0,0.555499
7006.0,68.0,0.002764
7006.0,69.0,0.034268
7006.0,70.0,0.26902
7006.0,71.0,0.085442
7006.0,72.0,0.548321
7006.0,73.0,0.490756
7006.0,74.0,0.675626
7006.0,75.0,0.574973
7006.0,76.0,0.924768
7006.0,77.0,0.789807
7006.0,78.0,0.366876
7006.0,79.0,0.0
7006.0,80.0,0.983963
7006.0,81.0,0.317017
7006.0,82.0,0.587359
7006.0,83.0,0.534241
7006.0,84.0,1.0
7006.0,85.0,0.381655
7006.0,86.0,0.755682
7006.0,87.0,1.0
7006.0,88.0,0.0
7006.0,89.0,0.720897
7006.0,90.0,0.686692
7006.0,91.0,0.441547
7006.0,92.0,0.09492
7006.0,93.0,0.445707
7006.0,94.0,0.445717
7006.0,95.0,0.059154
7006.0,96.0,1.0
7006.0,97.0,0.485071
7006.0,98.0,0.0
7006.0,99.0,0.06324
7006.0,100.0,0.733916
7006.0,101.0,0.400298
7006.0,102.0,0.816695
7006.0,103.0,0.0
7006.0,104.0,0.01659
7006.0,105.0,0.644051
7006.0,106.0,0.76685
7006.0,107.0,0.885287
7006.0,108.0,0.924936
7006.0,109.0,0.992627
7006.0,110.0,0.402743
7006.0,111.0,0.900115
7006.0,112.0,0.131419
7006.0,113.0,0.562834
7006.0,114.0,0.367487
7006.0,115.0,0.1622
7006.0,116.0,0.986223
7006.0,117.0,0.273691
7006.0,118.0,0.807526
7006.0,119.0,0.103748
7006.0,120.0,0.0
7006.0,121.0,0.308387
7006.0,122.0,0.574019
7006.0,123.0,1.0
7006.0,124.0,0.45896
7006.0,125.0,0.498031
7006.0,126.0,0.382259
7006.0,127.0,0.049899
7006.0,128.0,0.02762
7006.0,129.0,0.989632
7006.0,130.0,0.006033
7006.0,131.0,0.996729
7006.0,132.0,0.39507
7006.0,133.0,0.830626
7006.0,134.0,0.462074
7006.0,135.0,0.364244
7006.0,136.0,1.0
7006.0,137.0,0.497441
7006.0,138.0,0.735195
7006.0,139.0,0.424422
7006.0,140.0,0.000694
7006.0,141.0,0.61441
7006.0,142.0,1.0
7006.0,143.0,0.142471
7006.0,144.0,0.164287
7006.0,145.0,0.399728
7006.0,146.0,0.563102
7006.0,147.0,1.0
7006.0,148.0,0.416461
7006.0,149.0,0.489331
7006.0,150.0,0.253663
7006.0,151.0,0.559195
7006.0,152.0,0.340323
7006.0,153.0,0.380345
7006.0,154.0,0.605228
7006.0,155.0,0.635909
7006.0,156.0,0.712918
7006.0,157.0,0.0
7006.0,158.0,0.198787
7006.0,159.0,0.138478
7006.0,160.0,0.022575
7006.0,161.0,0.013177
7006.0,162.0,0.759388
7006.0,163.0,0.63936
7006.0,164.0,0.655799
7006.0,165.0,0.461195
7006.0,166.0,0.0
7006.0,167.0,0.447829
7006.0,168.0,0.572557
7006.0,169.0,0.725157
7006.0,170.0,0.67769
7006.0,171.0,0.461998
7006.0,172.0,0.535159
7006.0,173.0,0.685124
7006.0,174.0,0.40985
7006.0,175.0,0.373853
7006.0,176.0,0.185553
7006.0,177.0,0.0
7006.0,178.0,1.0
7006.0,179.0,0.403887
7006.0,180.0,0.354008
7006.0,181.0,0.173605
7006.0,182.0,0.000211
7006.0,183.0,0.0
7006.0,184.0,0.494907
7006.0,185.0,0.512994
7006.0,186.0,0.889187
7006.0,187.0,0.509977
7006.0,188.0,0.0
7006.0,189.0,0.906923
7006.0,190.0,1.0
7006.0,191.0,0.667971
7006.0,192.0,0.149492
7006.0,193.0,0.81453
7006.0,194.0,0.0
7006.0,195.0,0.487253
7006.0,196.0,0.492167
7006.0,197.0,0.30701
7006.0,198.0,0.443664
7006.0,199.0,0.035778
7006.0,200.0,0.0
7006.0,201.0,0.747801
7006.0,202.0,1.0
7006.0,203.0,0.623175
7006.0,204.0,0.297921
7006.0,205.0,0.0
7006.0,206.0,0.423247
7006.0,207.0,1.0
7006.0,208.0,0.567777
7006.0,209.0,0.708846
7006.0,210.0,0.334137
7006.0,211.0,0.110404
7006.0,212.0,0.596832
7006.0,213.0,0.0
7006.0,214.0,0.581206
7006.0,215.0,0.680443
7006.0,216.0,1.0
7006.0,217.0,0.712214
7006.0,218.0,0.0
7006.0,219.0,0.27202
7006.0,220.0,0.984959
7006.0,221.0,0.55257
7006.0,222.0,0.001285
7006.0,223.0,0.622753
7006.0,224.0,0.383228
7006.0,225.0,0.803641
7006.0,226.0,0.744848
7006.0,227.0,0.842593
7006.0,228.0,0.781287
7006.0,229.0,0.243903
7006.0,230.0,0.390723
7006.0,231.0,0.509923
7006.0,232.0,0.212156
7006.0,233.0,0.785164
7006.0,234.0,0.297564
7006.0,235.0,0.0
7006.0,236.0,0.958378
7006.0,237.0,0.112875
7006.0,238.0,0.612114
7006.0,239.0,1.0
7006.0,240.0,0.168125
7006.0,241.0,0.459112
7006.0,242.0,0.469033
7006.0,243.0,0.0
7006.0,244.0,0.000222
7006.0,245.0,1.0
7006.0,246.0,0.638621
7006.0,247.0,0.52455
7006.0,248.0,0.558326
7006.0,249.0,0.469474
7006.0,250.0,0.543898
7006.0,251.0,0.953369
7006.0,252.0,0.401061
7006.0,253.0,0.717184
7006.0,254.0,0.631358
7006.0,255.0,0.416762
7006.0,256.0,1.0
7006.0,257.0,0.858695
7006.0,258.0,0.480893
7006.0,259.0,0.622935
7006.0,260.0,0.954912
7006.0,261.0,0.331183
7006.0,262.0,0.0
7006.0,263.0,0.466605
7006.0,264.0,0.0
7006.0,265.0,0.322057
7006.0,266.0,0.394808
7006.0,267.0,0.790423
7006.0,268.0,0.431296
7006.0,269.0,0.164411
7006.0,270.0,0.903917
7006.0,271.0,0.0
7006.0,272.0,0.13053
7006.0,273.0,0.372189
7006.0,274.0,0.143517
7006.0,275.0,0.676301
7006.0,276.0,0.019286
7006.0,277.0,0.335257
7006.0,278.0,0.486868
7006.0,279.0,0.225197
7006.0,280.0,0.513337
7006.0,281.0,0.844602
7006.0,282.0,1.0
7006.0,283.0,0.454867
7006.0,284.0,0.114675
7006.0,285.0,0.467169
7006.0,286.0,0.830914
7006.0,287.0,0.282395
7006.0,288.0,0.456141
7006.0,289.0,0.405357
7006.0,290.0,0.582132
7006.0,291.0,0.432517
7006.0,292.0,0.687259
7006.0,293.0,1.0
7006.0,294.0,0.251816
7006.0,295.0,0.281859
7006.0,296.0,0.0
7006.0,297.0,0.907211
7006.0,298.0,0.013672
7006.0,299.0,0.0
7006.0,300.0,0.364261
7006.0,301.0,0.754563
7006.0,302.0,0.007246
7006.0,303.0,0.972506
7006.0,304.0,0.0
7006.0,305.0,0.870146
7006.0,306.0,0.70486
7006.0,307.0,0.590428
7006.0,308.0,0.553147
7006.0,309.0,0.0
7006.0,310.0,1.0
7006.0,311.0,0.500658
7006.0,312.0,0.0
7006.0,313.0,0.567563
7006.0,314.0,0.399337
7006.0,315.0,0.497682
7006.0,316.0,0.330414
7006.0,317.0,0.975058
7006.0,318.0,0.625034
7006.0,319.0,0.004007
7006.0,320.0,0.348306
7006.0,321.0,0.0
7006.0,322.0,0.120867
7006.0,323.0,0.467491
7006.0,324.0,0.556718
7006.0,325.0,0.01112
7006.0,326.0,0.803862
7006.0,327.0,0.137745
7006.0,328.0,0.059038
7006.0,329.0,0.887416
7006.0,330.0,0.02616
7006.0,331.0,0.605892
7006.0,332.0,0.365456
7006.0,333.0,0.0
7006.0,334.0,0.292825
7007.0,0.0,0.0
7007.0,1.0,0.0
7007.0,2.0,0.0
7007.0,3.0,0.438694
7007.0,4.0,0.282276
7007.0,5.0,0.468429
7007.0,6.0,0.801919
7007.0,7.0,0.786181
7007.0,8.0,0.052098
7007.0,9.0,0.766356
7007.0,10.0,1.0
7007.0,11.0,0.991487
7007.0,12.0,0.351326
7007.0,13.0,0.355588
7007.0,14.0,0.627471
7007.0,15.0,0.896848
7007.0,16.0,0.62317
7007.0,17.0,0.0
7007.0,18.0,0.627038
7007.0,19.0,0.849558
7007.0,20.0,0.458118
7007.0,21.0,0.0
7007.0,22.0,0.901632
7007.0,23.0,1.0
7007.0,24.0,0.437866
7007.0,25.0,0.493481
7007.0,26.0,0.820287
7007.0,27.0,0.458825
7007.0,28.0,0.705744
7007.0,29.0,1.0
7007.0,30.0,0.235298
7007.0,31.0,0.770988
7007.0,32.0,1.0
7007.0,33.0,1.0
7007.0,34.0,0.027882
7007.0,35.0,0.382715
7007.0,36.0,0.397962
7007.0,37.0,0.5225
7007.0,38.0,0.472011
7007.0,39.0,0.992304
7007.0,40.0,0.65457
7007.0,41.0,0.81749
7007.0,42.0,0.387736
7007.0,43.0,0.913276
7007.0,44.0,0.629283
7007.0,45.0,0.786312
7007.0,46.0,0.503292
7007.0,47.0,0.990789
7007.0,48.0,0.999804
7007.0,49.0,0.251402
7007.0,50.0,0.0
7007.0,51.0,0.293202
7007.0,52.0,1.0
7007.0,53.0,0.820895
7007.0,54.0,1.0
7007.0,55.0,0.001429
7007.0,56.0,0.358797
7007.0,57.0,0.0
7007.0,58.0,0.433553
7007.0,59.0,0.293976
7007.0,60.0,0.845976
7007.0,61.0,0.986425
7007.0,62.0,0.175935
7007.0,63.0,0.757736
7007.0,64.0,0.953697
7007.0,65.0,0.014561
7007.0,66.0,0.0
7007.0,67.0,0.55194
7007.0,68.0,0.002742
7007.0,69.0,0.034087
7007.0,70.0,0.267674
7007.0,71.0,0.083639
7007.0,72.0,0.544659
7007.0,73.0,0.490363
7007.0,74.0,0.674361
7007.0,75.0,0.56821
7007.0,76.0,0.924201
7007.0,77.0,0.78916
7007.0,78.0,0.35905
7007.0,79.0,0.0
7007.0,80.0,0.983744
7007.0,81.0,0.314562
7007.0,82.0,0.58574
7007.0,83.0,0.530614
7007.0,84.0,1.0
7007.0,85.0,0.381587
7007.0,86.0,0.753032
7007.0,87.0,1.0
7007.0,88.0,0.0
7007.0,89.0,0.719038
7007.0,90.0,0.686251
7007.0,91.0,0.440683
7007.0,92.0,0.092712
7007.0,93.0,0.444524
7007.0,94.0,0.440576
7007.0,95.0,0.058875
7007.0,96.0,1.0
7007.0,97.0,0.438916
7007.0,98.0,0.0
7007.0,99.0,0.062545
7007.0,100.0,0.733281
7007.0,101.0,0.398576
7007.0,102.0,0.810607
7007.0,103.0,0.0
7007.0,104.0,0.016343
7007.0,105.0,0.642876
7007.0,106.0,0.764902
7007.0,107.0,0.884656
7007.0,108.0,0.922441
7007.0,109.0,0.99226
7007.0,110.0,0.402109
7007.0,111.0,0.899001
7007.0,112.0,0.1317
7007.0,113.0,0.561859
7007.0,114.0,0.362838
7007.0,115.0,0.161121
7007.0,116.0,0.98626
7007.0,117.0,0.272072
7007.0,118.0,0.805908
7007.0,119.0,0.102732
7007.0,120.0,0.0
7007.0,121.0,0.296943
7007.0,122.0,0.572439
7007.0,123.0,1.0
7007.0,124.0,0.453724
7007.0,125.0,0.490956
7007.0,126.0,0.379138
7007.0,127.0,0.049053
7007.0,128.0,0.027618
7007.0,129.0,0.989514
7007.0,130.0,0.005828
7007.0,131.0,0.996729
7007.0,132.0,0.388456
7007.0,133.0,0.828633
7007.0,134.0,0.47312
7007.0,135.0,0.354395
7007.0,136.0,1.0
7007.0,137.0,0.495635
7007.0,138.0,0.72882
7007.0,139.0,0.419997
7007.0,140.0,0.000673
7007.0,141.0,0.613501
7007.0,142.0,1.0
7007.0,143.0,0.139719
7007.0,144.0,0.162969
7007.0,145.0,0.396894
7007.0,146.0,0.560992
7007.0,147.0,1.0
7007.0,148.0,0.413182
7007.0,149.0,0.481062
7007.0,150.0,0.252319
7007.0,151.0,0.555709
7007.0,152.0,0.338732
7007.0,153.0,0.369832
7007.0,154.0,0.603239
7007.0,155.0,0.62962
7007.0,156.0,0.711704
7007.0,157.0,0.0
7007.0,158.0,0.193078
7007.0,159.0,0.135303
7007.0,160.0,0.021968
7007.0,161.0,0.0131
7007.0,162.0,0.758642
7007.0,163.0,0.637078
7007.0,164.0,0.652426
7007.0,165.0,0.454477
7007.0,166.0,0.0
7007.0,167.0,0.446521
7007.0,168.0,0.572541
7007.0,169.0,0.696109
7007.0,170.0,0.674048
7007.0,171.0,0.462563
7007.0,172.0,0.533031
7007.0,173.0,0.681918
7007.0,174.0,0.408745
7007.0,175.0,0.372341
7007.0,176.0,0.184148
7007.0,177.0,0.0
7007.0,178.0,1.0
7007.0,179.0,0.396094
7007.0,180.0,0.349989
7007.0,181.0,0.171815
7007.0,182.0,0.000233
7007.0,183.0,0.0
7007.0,184.0,0.490272
7007.0,185.0,0.511913
7007.0,186.0,0.885679
7007.0,187.0,0.509297
7007.0,188.0,0.0
7007.0,189.0,0.906471
7007.0,190.0,1.0
7007.0,191.0,0.666883
7007.0,192.0,0.148431
7007.0,193.0,0.814533
7007.0,194.0,0.0
7007.0,195.0,0.481103
7007.0,196.0,0.494184
7007.0,197.0,0.302865
7007.0,198.0,0.44007
7007.0,199.0,0.03594
7007.0,200.0,0.0
7007.0,201.0,0.747003
7007.0,202.0,1.0
7007.0,203.0,0.60404
7007.0,204.0,0.296304
7007.0,205.0,0.0
7007.0,206.0,0.401133
7007.0,207.0,1.0
7007.0,208.0,0.566087
7007.0,209.0,0.707822
7007.0,210.0,0.324434
7007.0,211.0,0.109857
7007.0,212.0,0.589623
7007.0,213.0,0.0
7007.0,214.0,0.573711
7007.0,215.0,0.674708
7007.0,216.0,1.0
7007.0,217.0,0.70777
7007.0,218.0,0.0
7007.0,219.0,0.271056
7007.0,220.0,0.984518
7007.0,221.0,0.542225
7007.0,222.0,0.001252
7007.0,223.0,0.620428
7007.0,224.0,0.379941
7007.0,225.0,0.800633
7007.0,226.0,0.739843
7007.0,227.0,0.84113
7007.0,228.0,0.77799
7007.0,229.0,0.241089
7007.0,230.0,0.389454
7007.0,231.0,0.449978
7007.0,232.0,0.211252
7007.0,233.0,0.781222
7007.0,234.0,0.292162
7007.0,235.0,0.0
7007.0,236.0,0.958138
7007.0,237.0,0.112485
7007.0,238.0,0.59952
7007.0,239.0,1.0
7007.0,240.0,0.166647
7007.0,241.0,0.456604
7007.0,242.0,0.466675
7007.0,243.0,0.0
7007.0,244.0,0.000236
7007.0,245.0,1.0
7007.0,246.0,0.636778
7007.0,247.0,0.5223
7007.0,248.0,0.55488
7007.0,249.0,0.465354
7007.0,250.0,0.536066
7007.0,251.0,0.952647
7007.0,252.0,0.400116
7007.0,253.0,0.714452
7007.0,254.0,0.625812
7007.0,255.0,0.414149
7007.0,256.0,1.0
7007.0,257.0,0.856999
7007.0,258.0,0.478904
7007.0,259.0,0.621744
7007.0,260.0,0.954118
7007.0,261.0,0.32445
7007.0,262.0,0.0
7007.0,263.0,0.465382
7007.0,264.0,0.0
7007.0,265.0,0.321473
7007.0,266.0,0.392391
7007.0,267.0,0.788508
7007.0,268.0,0.424998
7007.0,269.0,0.161828
7007.0,270.0,0.903456
7007.0,271.0,0.0
7007.0,272.0,0.129509
7007.0,273.0,0.368308
7007.0,274.0,0.143019
7007.0,275.0,0.674258
7007.0,276.0,0.019149
7007.0,277.0,0.331784
7007.0,278.0,0.485235
7007.0,279.0,0.222445
7007.0,280.0,0.510597
7007.0,281.0,0.841773
7007.0,282.0,1.0
7007.0,283.0,0.454377
7007.0,284.0,0.113587
7007.0,285.0,0.46021
7007.0,286.0,0.825971
7007.0,287.0,0.279948
7007.0,288.0,0.449922
7007.0,289.0,0.398216
7007.0,290.0,0.581358
7007.0,291.0,0.430279
7007.0,292.0,0.684261
7007.0,293.0,1.0
7007.0,294.0,0.251459
7007.0,295.0,0.27816
7007.0,296.0,0.0
7007.0,297.0,0.906921
7007.0,298.0,0.013436
7007.0,299.0,0.0
7007.0,300.0,0.361626
7007.0,301.0,0.753787
7007.0,302.0,0.00711
7007.0,303.0,0.97258
7007.0,304.0,0.0
7007.0,305.0,0.869472
7007.0,306.0,0.703845
7007.0,307.0,0.588875
7007.0,308.0,0.54801
7007.0,309.0,0.0
7007.0,310.0,1.0
7007.0,311.0,0.499987
7007.0,312.0,0.0
7007.0,313.0,0.565845
7007.0,314.0,0.39791
7007.0,315.0,0.49485
7007.0,316.0,0.329289
7007.0,317.0,0.974819
7007.0,318.0,0.624095
7007.0,319.0,0.00389
7007.0,320.0,0.340425
7007.0,321.0,0.0
7007.0,322.0,0.119018
7007.0,323.0,0.432615
7007.0,324.0,0.554801
7007.0,325.0,0.010269
7007.0,326.0,0.802067
7007.0,327.0,0.137329
7007.0,328.0,0.058962
7007.0,329.0,0.87851
7007.0,330.0,0.026235
7007.0,331.0,0.604779
7007.0,332.0,0.360359
7007.0,333.0,0.0
7007.0,334.0,0.288236
7008.0,0.0,0.0
7008.0,1.0,0.0
7008.0,2.0,0.0
7008.0,3.0,0.434598
7008.0,4.0,0.280133
7008.0,5.0,0.459322
7008.0,6.0,0.800086
7008.0,7.0,0.78484
7008.0,8.0,0.052115
7008.0,9.0,0.764481
7008.0,10.0,1.0
7008.0,11.0,0.991456
7008.0,12.0,0.344223
7008.0,13.0,0.352942
7008.0,14.0,0.615092
7008.0,15.0,0.896381
7008.0,16.0,0.62192
7008.0,17.0,0.0
7008.0,18.0,0.619964
7008.0,19.0,0.848909
7008.0,20.0,0.454325
7008.0,21.0,0.0
7008.0,22.0,0.900057
7008.0,23.0,1.0
7008.0,24.0,0.435523
7008.0,25.0,0.484518
7008.0,26.0,0.812702
7008.0,27.0,0.453826
7008.0,28.0,0.702513
7008.0,29.0,1.0
7008.0,30.0,0.225967
7008.0,31.0,0.771187
7008.0,32.0,1.0
7008.0,33.0,1.0
7008.0,34.0,0.026296
7008.0,35.0,0.382907
7008.0,36.0,0.395424
7008.0,37.0,0.521951
7008.0,38.0,0.467418
7008.0,39.0,0.992076
7008.0,40.0,0.651209
7008.0,41.0,0.814337
7008.0,42.0,0.382103
7008.0,43.0,0.905925
7008.0,44.0,0.624401
7008.0,45.0,0.778515
7008.0,46.0,0.501856
7008.0,47.0,0.990421
7008.0,48.0,0.999803
7008.0,49.0,0.249368
7008.0,50.0,0.0
7008.0,51.0,0.289518
7008.0,52.0,1.0
7008.0,53.0,0.817095
7008.0,54.0,1.0
7008.0,55.0,0.001369
7008.0,56.0,0.358739
7008.0,57.0,0.0
7008.0,58.0,0.432432
7008.0,59.0,0.28825
7008.0,60.0,0.845794
7008.0,61.0,0.986186
7008.0,62.0,0.171344
7008.0,63.0,0.757693
7008.0,64.0,0.953146
7008.0,65.0,0.014687
7008.0,66.0,0.0
7008.0,67.0,0.548543
7008.0,68.0,0.002734
7008.0,69.0,0.033971
7008.0,70.0,0.265985
7008.0,71.0,0.081984
7008.0,72.0,0.540279
7008.0,73.0,0.489578
7008.0,74.0,0.671659
7008.0,75.0,0.560362
7008.0,76.0,0.923158
7008.0,77.0,0.788815
7008.0,78.0,0.350244
7008.0,79.0,0.0
7008.0,80.0,0.983755
7008.0,81.0,0.312416
7008.0,82.0,0.583621
7008.0,83.0,0.527154
7008.0,84.0,1.0
7008.0,85.0,0.381401
7008.0,86.0,0.749926
7008.0,87.0,1.0
7008.0,88.0,0.0
7008.0,89.0,0.71696
7008.0,90.0,0.685356
7008.0,91.0,0.439189
7008.0,92.0,0.090964
7008.0,93.0,0.443361
7008.0,94.0,0.436079
7008.0,95.0,0.058453
7008.0,96.0,1.0
7008.0,97.0,0.396435
7008.0,98.0,0.0
7008.0,99.0,0.062078
7008.0,100.0,0.732706
7008.0,101.0,0.397615
7008.0,102.0,0.803781
7008.0,103.0,0.0
7008.0,104.0,0.016197
7008.0,105.0,0.641463
7008.0,106.0,0.761939
7008.0,107.0,0.884181
7008.0,108.0,0.919951
7008.0,109.0,0.991972
7008.0,110.0,0.401076
7008.0,111.0,0.897996
7008.0,112.0,0.13183
7008.0,113.0,0.561738
7008.0,114.0,0.357725
7008.0,115.0,0.159533
7008.0,116.0,0.986131
7008.0,117.0,0.271233
7008.0,118.0,0.804002
7008.0,119.0,0.102181
7008.0,120.0,0.0
7008.0,121.0,0.285267
7008.0,122.0,0.570717
7008.0,123.0,1.0
7008.0,124.0,0.448842
7008.0,125.0,0.484603
7008.0,126.0,0.376748
7008.0,127.0,0.048149
7008.0,128.0,0.027562
7008.0,129.0,0.989371
7008.0,130.0,0.0056
7008.0,131.0,0.996689
7008.0,132.0,0.381847
7008.0,133.0,0.826476
7008.0,134.0,0.484277
7008.0,135.0,0.345421
7008.0,136.0,1.0
7008.0,137.0,0.494279
7008.0,138.0,0.722119
7008.0,139.0,0.415607
7008.0,140.0,0.000712
7008.0,141.0,0.612245
7008.0,142.0,1.0
7008.0,143.0,0.137208
7008.0,144.0,0.162263
7008.0,145.0,0.39338
7008.0,146.0,0.558398
7008.0,147.0,1.0
7008.0,148.0,0.41029
7008.0,149.0,0.473272
7008.0,150.0,0.251173
7008.0,151.0,0.553584
7008.0,152.0,0.33677
7008.0,153.0,0.360225
7008.0,154.0,0.60177
7008.0,155.0,0.624874
7008.0,156.0,0.710945
7008.0,157.0,0.0
7008.0,158.0,0.187345
7008.0,159.0,0.132003
7008.0,160.0,0.021157
7008.0,161.0,0.013139
7008.0,162.0,0.757557
7008.0,163.0,0.635108
7008.0,164.0,0.649773
7008.0,165.0,0.448376
7008.0,166.0,0.0
7008.0,167.0,0.443863
7008.0,168.0,0.5725
7008.0,169.0,0.666611
7008.0,170.0,0.669096
7008.0,171.0,0.461944
7008.0,172.0,0.531271
7008.0,173.0,0.678309
7008.0,174.0,0.408499
7008.0,175.0,0.370699
7008.0,176.0,0.183132
7008.0,177.0,0.0
7008.0,178.0,1.0
7008.0,179.0,0.387157
7008.0,180.0,0.345284
7008.0,181.0,0.169882
7008.0,182.0,0.000221
7008.0,183.0,0.0
7008.0,184.0,0.486245
7008.0,185.0,0.511294
7008.0,186.0,0.882122
7008.0,187.0,0.507918
7008.0,188.0,0.0
7008.0,189.0,0.906486
7008.0,190.0,1.0
7008.0,191.0,0.666388
7008.0,192.0,0.147523
7008.0,193.0,0.813364
7008.0,194.0,0.0
7008.0,195.0,0.474805
7008.0,196.0,0.497036
7008.0,197.0,0.300104
7008.0,198.0,0.435159
7008.0,199.0,0.03587
7008.0,200.0,0.0
7008.0,201.0,0.746564
7008.0,202.0,1.0
7008.0,203.0,0.585968
7008.0,204.0,0.293825
7008.0,205.0,0.0
7008.0,206.0,0.378999
7008.0,207.0,1.0
7008.0,208.0,0.562853
7008.0,209.0,0.706497
7008.0,210.0,0.316159
7008.0,211.0,0.110199
7008.0,212.0,0.582021
7008.0,213.0,0.0
7008.0,214.0,0.56596
7008.0,215.0,0.6691
7008.0,216.0,1.0
7008.0,217.0,0.702521
7008.0,218.0,0.0
7008.0,219.0,0.271012
7008.0,220.0,0.984293
7008.0,221.0,0.531114
7008.0,222.0,0.001258
7008.0,223.0,0.618999
7008.0,224.0,0.376816
7008.0,225.0,0.798353
7008.0,226.0,0.734627
7008.0,227.0,0.839231
7008.0,228.0,0.775338
7008.0,229.0,0.238475
7008.0,230.0,0.388001
7008.0,231.0,0.391832
7008.0,232.0,0.210631
7008.0,233.0,0.777794
7008.0,234.0,0.286826
7008.0,235.0,0.0
7008.0,236.0,0.958066
7008.0,237.0,0.112631
7008.0,238.0,0.587754
7008.0,239.0,1.0
7008.0,240.0,0.164706
7008.0,241.0,0.453879
7008.0,242.0,0.463951
7008.0,243.0,0.0
7008.0,244.0,0.000241
7008.0,245.0,1.0
7008.0,246.0,0.635283
7008.0,247.0,0.520708
7008.0,248.0,0.551434
7008.0,249.0,0.462014
7008.0,250.0,0.529468
7008.0,251.0,0.952322
7008.0,252.0,0.398202
7008.0,253.0,0.713088
7008.0,254.0,0.620427
7008.0,255.0,0.41232
7008.0,256.0,1.0
7008.0,257.0,0.855424
7008.0,258.0,0.477928
7008.0,259.0,0.620667
7008.0,260.0,0.953782
7008.0,261.0,0.316803
7008.0,262.0,0.0
7008.0,263.0,0.464515
7008.0,264.0,0.0
7008.0,265.0,0.322522
7008.0,266.0,0.389674
7008.0,267.0,0.785925
7008.0,268.0,0.420271
7008.0,269.0,0.160372
7008.0,270.0,0.903081
7008.0,271.0,0.0
7008.0,272.0,0.128347
7008.0,273.0,0.365331
7008.0,274.0,0.142627
7008.0,275.0,0.672508
7008.0,276.0,0.01887
7008.0,277.0,0.32741
7008.0,278.0,0.483289
7008.0,279.0,0.218962
7008.0,280.0,0.509014
7008.0,281.0,0.838471
7008.0,282.0,1.0
7008.0,283.0,0.454327
7008.0,284.0,0.112749
7008.0,285.0,0.453552
7008.0,286.0,0.822302
7008.0,287.0,0.277889
7008.0,288.0,0.444131
7008.0,289.0,0.391612
7008.0,290.0,0.580793
7008.0,291.0,0.427366
7008.0,292.0,0.682802
7008.0,293.0,1.0
7008.0,294.0,0.250112
7008.0,295.0,0.274861
7008.0,296.0,0.0
7008.0,297.0,0.907148
7008.0,298.0,0.013254
7008.0,299.0,0.0
7008.0,300.0,0.356909
7008.0,301.0,0.753206
7008.0,302.0,0.006971
7008.0,303.0,0.972373
7008.0,304.0,0.0
7008.0,305.0,0.869025
7008.0,306.0,0.702762
7008.0,307.0,0.58866
7008.0,308.0,0.54395
7008.0,309.0,0.0
7008.0,310.0,1.0
7008.0,311.0,0.498866
7008.0,312.0,0.0
7008.0,313.0,0.564703
7008.0,314.0,0.396365
7008.0,315.0,0.490696
7008.0,316.0,0.328174
7008.0,317.0,0.974373
7008.0,318.0,0.622701
7008.0,319.0,0.003877
7008.0,320.0,0.331939
7008.0,321.0,0.0
7008.0,322.0,0.117534
7008.0,323.0,0.399091
7008.0,324.0,0.553787
7008.0,325.0,0.00949
7008.0,326.0,0.801355
7008.0,327.0,0.136024
7008.0,328.0,0.058785
7008.0,329.0,0.869413
7008.0,330.0,0.026309
7008.0,331.0,0.603982
7008.0,332.0,0.356511
7008.0,333.0,0.0
7008.0,334.0,0.283654
7009.0,0.0,0.0
7009.0,1.0,0.0
7009.0,2.0,0.0
7009.0,3.0,0.430221
7009.0,4.0,0.278452
7009.0,5.0,0.450175
7009.0,6.0,0.79958
7009.0,7.0,0.783173
7009.0,8.0,0.052518
7009.0,9.0,0.76342
7009.0,10.0,1.0
7009.0,11.0,0.991501
7009.0,12.0,0.337986
7009.0,13.0,0.351067
7009.0,14.0,0.603009
7009.0,15.0,0.89582
7009.0,16.0,0.620178
7009.0,17.0,0.0
7009.0,18.0,0.612226
7009.0,19.0,0.849065
7009.0,20.0,0.450275
7009.0,21.0,0.0
7009.0,22.0,0.898674
7009.0,23.0,1.0
7009.0,24.0,0.433982
7009.0,25.0,0.477015
7009.0,26.0,0.804638
7009.0,27.0,0.448945
7009.0,28.0,0.698456
7009.0,29.0,1.0
7009.0,30.0,0.217657
7009.0,31.0,0.770818
7009.0,32.0,1.0
7009.0,33.0,1.0
7009.0,34.0,0.024602
7009.0,35.0,0.382029
7009.0,36.0,0.393917
7009.0,37.0,0.521041
7009.0,38.0,0.462964
7009.0,39.0,0.991779
7009.0,40.0,0.648258
7009.0,41.0,0.811351
7009.0,42.0,0.376152
7009.0,43.0,0.897977
7009.0,44.0,0.619356
7009.0,45.0,0.77069
7009.0,46.0,0.502081
7009.0,47.0,0.989742
7009.0,48.0,0.999803
7009.0,49.0,0.247894
7009.0,50.0,0.0
7009.0,51.0,0.285513
7009.0,52.0,1.0
7009.0,53.0,0.813176
7009.0,54.0,1.0
7009.0,55.0,0.001418
7009.0,56.0,0.357906
7009.0,57.0,0.0
7009.0,58.0,0.431038
7009.0,59.0,0.282397
7009.0,60.0,0.845367
7009.0,61.0,0.985849
7009.0,62.0,0.166477
7009.0,63.0,0.756833
7009.0,64.0,0.952426
7009.0,65.0,0.014858
7009.0,66.0,0.0
7009.0,67.0,0.545136
7009.0,68.0,0.002706
7009.0,69.0,0.03342
7009.0,70.0,0.264322
7009.0,71.0,0.079413
7009.0,72.0,0.535639
7009.0,73.0,0.488528
7009.0,74.0,0.670373
7009.0,75.0,0.553049
7009.0,76.0,0.922206
7009.0,77.0,0.788131
7009.0,78.0,0.341851
7009.0,79.0,0.0
7009.0,80.0,0.983572
7009.0,81.0,0.310192
7009.0,82.0,0.581508
7009.0,83.0,0.524696
7009.0,84.0,1.0
7009.0,85.0,0.380552
7009.0,86.0,0.746918
7009.0,87.0,1.0
7009.0,88.0,0.0
7009.0,89.0,0.715409
7009.0,90.0,0.685121
7009.0,91.0,0.436893
7009.0,92.0,0.089468
7009.0,93.0,0.441762
7009.0,94.0,0.431414
7009.0,95.0,0.05854
7009.0,96.0,1.0
7009.0,97.0,0.357944
7009.0,98.0,0.0
7009.0,99.0,0.061329
7009.0,100.0,0.731661
7009.0,101.0,0.396668
7009.0,102.0,0.797103
7009.0,103.0,0.0
7009.0,104.0,0.015806
7009.0,105.0,0.640232
7009.0,106.0,0.759643
7009.0,107.0,0.88411
7009.0,108.0,0.917315
7009.0,109.0,0.991584
7009.0,110.0,0.39973
7009.0,111.0,0.89712
7009.0,112.0,0.131938
7009.0,113.0,0.561825
7009.0,114.0,0.353073
7009.0,115.0,0.157898
7009.0,116.0,0.986089
7009.0,117.0,0.269892
7009.0,118.0,0.801109
7009.0,119.0,0.101545
7009.0,120.0,0.0
7009.0,121.0,0.27463
7009.0,122.0,0.568748
7009.0,123.0,1.0
7009.0,124.0,0.44298
7009.0,125.0,0.478448
7009.0,126.0,0.373661
7009.0,127.0,0.047142
7009.0,128.0,0.027189
7009.0,129.0,0.989166
7009.0,130.0,0.005562
7009.0,131.0,0.996511
7009.0,132.0,0.375575
7009.0,133.0,0.824686
7009.0,134.0,0.495211
7009.0,135.0,0.336712
7009.0,136.0,1.0
7009.0,137.0,0.491655
7009.0,138.0,0.715687
7009.0,139.0,0.41162
7009.0,140.0,0.000671
7009.0,141.0,0.611069
7009.0,142.0,1.0
7009.0,143.0,0.135356
7009.0,144.0,0.160971
7009.0,145.0,0.389225
7009.0,146.0,0.55583
7009.0,147.0,1.0
7009.0,148.0,0.407542
7009.0,149.0,0.46501
7009.0,150.0,0.250845
7009.0,151.0,0.55065
7009.0,152.0,0.334699
7009.0,153.0,0.351991
7009.0,154.0,0.5991
7009.0,155.0,0.619306
7009.0,156.0,0.710167
7009.0,157.0,0.0
7009.0,158.0,0.181648
7009.0,159.0,0.12842
7009.0,160.0,0.020787
7009.0,161.0,0.013079
7009.0,162.0,0.757049
7009.0,163.0,0.632043
7009.0,164.0,0.647741
7009.0,165.0,0.440999
7009.0,166.0,0.0
7009.0,167.0,0.441379
7009.0,168.0,0.57283
7009.0,169.0,0.636831
7009.0,170.0,0.664687
7009.0,171.0,0.461439
7009.0,172.0,0.528911
7009.0,173.0,0.675305
7009.0,174.0,0.408114
7009.0,175.0,0.36923
7009.0,176.0,0.181126
7009.0,177.0,0.0
7009.0,178.0,1.0
7009.0,179.0,0.379716
7009.0,180.0,0.341198
7009.0,181.0,0.167312
7009.0,182.0,0.00024
7009.0,183.0,0.0
7009.0,184.0,0.4827
7009.0,185.0,0.510256
7009.0,186.0,0.878339
7009.0,187.0,0.507687
7009.0,188.0,0.0
7009.0,189.0,0.905957
7009.0,190.0,1.0
7009.0,191.0,0.6658
7009.0,192.0,0.146996
7009.0,193.0,0.812439
7009.0,194.0,0.0
7009.0,195.0,0.469421
7009.0,196.0,0.499179
7009.0,197.0,0.297002
7009.0,198.0,0.430332
7009.0,199.0,0.035886
7009.0,200.0,0.0
7009.0,201.0,0.746002
7009.0,202.0,1.0
7009.0,203.0,0.567312
7009.0,204.0,0.292088
7009.0,205.0,0.0
7009.0,206.0,0.358049
7009.0,207.0,1.0
7009.0,208.0,0.560324
7009.0,209.0,0.705742
7009.0,210.0,0.306975
7009.0,211.0,0.109675
7009.0,212.0,0.574156
7009.0,213.0,0.0
7009.0,214.0,0.559208
7009.0,215.0,0.663383
7009.0,216.0,1.0
7009.0,217.0,0.697231
7009.0,218.0,0.0
7009.0,219.0,0.269978
7009.0,220.0,0.983951
7009.0,221.0,0.520266
7009.0,222.0,0.001258
7009.0,223.0,0.617502
7009.0,224.0,0.372916
7009.0,225.0,0.795808
7009.0,226.0,0.72942
7009.0,227.0,0.836562
7009.0,228.0,0.77324
7009.0,229.0,0.236919
7009.0,230.0,0.387112
7009.0,231.0,0.338513
7009.0,232.0,0.210087
7009.0,233.0,0.774437
7009.0,234.0,0.282905
7009.0,235.0,0.0
7009.0,236.0,0.957783
7009.0,237.0,0.111853
7009.0,238.0,0.576235
7009.0,239.0,1.0
7009.0,240.0,0.163479
7009.0,241.0,0.451297
7009.0,242.0,0.460442
7009.0,243.0,0.0
7009.0,244.0,0.000223
7009.0,245.0,1.0
7009.0,246.0,0.634493
7009.0,247.0,0.519464
7009.0,248.0,0.548304
7009.0,249.0,0.458798
7009.0,250.0,0.522737
7009.0,251.0,0.952004
7009.0,252.0,0.39681
7009.0,253.0,0.710507
7009.0,254.0,0.615471
7009.0,255.0,0.410548
7009.0,256.0,1.0
7009.0,257.0,0.8543
7009.0,258.0,0.477608
7009.0,259.0,0.618946
7009.0,260.0,0.953011
7009.0,261.0,0.309539
7009.0,262.0,0.0
7009.0,263.0,0.463322
7009.0,264.0,0.0
7009.0,265.0,0.322385
7009.0,266.0,0.38719
7009.0,267.0,0.784622
7009.0,268.0,0.414525
7009.0,269.0,0.158523
7009.0,270.0,0.902572
7009.0,271.0,0.0
7009.0,272.0,0.127325
7009.0,273.0,0.361563
7009.0,274.0,0.142261
7009.0,275.0,0.670531
7009.0,276.0,0.018346
7009.0,277.0,0.325594
7009.0,278.0,0.481462
7009.0,279.0,0.216144
7009.0,280.0,0.507828
7009.0,281.0,0.834846
7009.0,282.0,1.0
7009.0,283.0,0.454053
7009.0,284.0,0.113193
7009.0,285.0,0.446797
7009.0,286.0,0.818038
7009.0,287.0,0.275778
7009.0,288.0,0.437539
7009.0,289.0,0.385165
7009.0,290.0,0.579597
7009.0,291.0,0.424481
7009.0,292.0,0.680766
7009.0,293.0,1.0
7009.0,294.0,0.248978
7009.0,295.0,0.271698
7009.0,296.0,0.0
7009.0,297.0,0.906917
7009.0,298.0,0.013033
7009.0,299.0,0.0
7009.0,300.0,0.354313
7009.0,301.0,0.752436
7009.0,302.0,0.006823
7009.0,303.0,0.972274
7009.0,304.0,0.0
7009.0,305.0,0.868425
7009.0,306.0,0.70113
7009.0,307.0,0.587919
7009.0,308.0,0.539905
7009.0,309.0,0.0
7009.0,310.0,1.0
7009.0,311.0,0.498239
7009.0,312.0,0.0
7009.0,313.0,0.563638
7009.0,314.0,0.394521
7009.0,315.0,0.486892
7009.0,316.0,0.325313
7009.0,317.0,0.974307
7009.0,318.0,0.621346
7009.0,319.0,0.003781
7009.0,320.0,0.324016
7009.0,321.0,0.0
7009.0,322.0,0.115931
7009.0,323.0,0.367795
7009.0,324.0,0.552548
7009.0,325.0,0.009
7009.0,326.0,0.799551
7009.0,327.0,0.134968
7009.0,328.0,0.058152
7009.0,329.0,0.860141
7009.0,330.0,0.026302
7009.0,331.0,0.601636
7009.0,332.0,0.35121
7009.0,333.0,0.0
7009.0,334.0,0.279303
7010.0,0.0,0.0
7010.0,1.0,0.0
7010.0,2.0,0.0
7010.0,3.0,0.426023
7010.0,4.0,0.275132
7010.0,5.0,0.440986
7010.0,6.0,0.79859
7010.0,7.0,0.782134
7010.0,8.0,0.052472
7010.0,9.0,0.762775
7010.0,10.0,1.0
7010.0,11.0,0.991442
7010.0,12.0,0.330896
7010.0,13.0,0.348747
7010.0,14.0,0.591297
7010.0,15.0,0.895011
7010.0,16.0,0.619829
7010.0,17.0,0.0
7010.0,18.0,0.604795
7010.0,19.0,0.847884
7010.0,20.0,0.445934
7010.0,21.0,0.0
7010.0,22.0,0.897817
7010.0,23.0,1.0
7010.0,24.0,0.432244
7010.0,25.0,0.468951
7010.0,26.0,0.79614
7010.0,27.0,0.443574
7010.0,28.0,0.695128
7010.0,29.0,1.0
7010.0,30.0,0.208721
7010.0,31.0,0.77078
7010.0,32.0,1.0
7010.0,33.0,1.0
7010.0,34.0,0.022817
7010.0,35.0,0.381774
7010.0,36.0,0.392445
7010.0,37.0,0.520666
7010.0,38.0,0.458122
7010.0,39.0,0.99128
7010.0,40.0,0.645143
7010.0,41.0,0.80781
7010.0,42.0,0.370539
7010.0,43.0,0.889298
7010.0,44.0,0.614614
7010.0,45.0,0.762406
7010.0,46.0,0.501741
7010.0,47.0,0.989265
7010.0,48.0,0.999791
7010.0,49.0,0.246557
7010.0,50.0,0.0
7010.0,51.0,0.281519
7010.0,52.0,1.0
7010.0,53.0,0.809461
7010.0,54.0,1.0
7010.0,55.0,0.001408
7010.0,56.0,0.357064
7010.0,57.0,0.0
7010.0,58.0,0.430271
7010.0,59.0,0.27785
7010.0,60.0,0.845497
7010.0,61.0,0.985569
7010.0,62.0,0.161597
7010.0,63.0,0.756593
7010.0,64.0,0.951798
7010.0,65.0,0.015178
7010.0,66.0,0.0
7010.0,67.0,0.541024
7010.0,68.0,0.00264
7010.0,69.0,0.033059
7010.0,70.0,0.262315
7010.0,71.0,0.077186
7010.0,72.0,0.532194
7010.0,73.0,0.487318
7010.0,74.0,0.668651
7010.0,75.0,0.546607
7010.0,76.0,0.92165
7010.0,77.0,0.787429
7010.0,78.0,0.333997
7010.0,79.0,0.0
7010.0,80.0,0.983328
7010.0,81.0,0.307547
7010.0,82.0,0.579131
7010.0,83.0,0.520959
7010.0,84.0,1.0
7010.0,85.0,0.380118
7010.0,86.0,0.743315
7010.0,87.0,1.0
7010.0,88.0,0.0
7010.0,89.0,0.713601
7010.0,90.0,0.684503
7010.0,91.0,0.436073
7010.0,92.0,0.088156
7010.0,93.0,0.439257
7010.0,94.0,0.427269
7010.0,95.0,0.057915
7010.0,96.0,1.0
7010.0,97.0,0.322569
7010.0,98.0,0.0
7010.0,99.0,0.061245
7010.0,100.0,0.729987
7010.0,101.0,0.395187
7010.0,102.0,0.790304
7010.0,103.0,0.0
7010.0,104.0,0.015814
7010.0,105.0,0.638164
7010.0,106.0,0.757202
7010.0,107.0,0.884286
7010.0,108.0,0.91454
7010.0,109.0,0.991258
7010.0,110.0,0.39825
7010.0,111.0,0.896422
7010.0,112.0,0.131913
7010.0,113.0,0.561425
7010.0,114.0,0.348534
7010.0,115.0,0.156626
7010.0,116.0,0.986043
7010.0,117.0,0.268152
7010.0,118.0,0.798166
7010.0,119.0,0.100599
7010.0,120.0,0.0
7010.0,121.0,0.264181
7010.0,122.0,0.566911
7010.0,123.0,1.0
7010.0,124.0,0.437351
7010.0,125.0,0.472401
7010.0,126.0,0.371081
7010.0,127.0,0.046074
7010.0,128.0,0.026829
7010.0,129.0,0.989104
7010.0,130.0,0.005597
7010.0,131.0,0.996359
7010.0,132.0,0.369539
7010.0,133.0,0.822881
7010.0,134.0,0.504561
7010.0,135.0,0.327463
7010.0,136.0,1.0
7010.0,137.0,0.488428
7010.0,138.0,0.709888
7010.0,139.0,0.406689
7010.0,140.0,0.000653
7010.0,141.0,0.610263
7010.0,142.0,1.0
7010.0,143.0,0.133712
7010.0,144.0,0.160285
7010.0,145.0,0.385767
7010.0,146.0,0.55381
7010.0,147.0,1.0
7010.0,148.0,0.405034
7010.0,149.0,0.457567
7010.0,150.0,0.249683
7010.0,151.0,0.548922
7010.0,152.0,0.333713
7010.0,153.0,0.344388
7010.0,154.0,0.597334
7010.0,155.0,0.612979
7010.0,156.0,0.709861
7010.0,157.0,0.0
7010.0,158.0,0.175992
7010.0,159.0,0.124777
7010.0,160.0,0.020122
7010.0,161.0,0.013127
7010.0,162.0,0.756666
7010.0,163.0,0.629889
7010.0,164.0,0.644751
7010.0,165.0,0.434994
7010.0,166.0,0.0
7010.0,167.0,0.438971
7010.0,168.0,0.57212
7010.0,169.0,0.607297
7010.0,170.0,0.661166
7010.0,171.0,0.461325
7010.0,172.0,0.527239
7010.0,173.0,0.672639
7010.0,174.0,0.407652
7010.0,175.0,0.367745
7010.0,176.0,0.180053
7010.0,177.0,0.0
7010.0,178.0,1.0
7010.0,179.0,0.372447
7010.0,180.0,0.337766
7010.0,181.0,0.165595
7010.0,182.0,0.00025
7010.0,183.0,0.0
7010.0,184.0,0.478651
7010.0,185.0,0.508648
7010.0,186.0,0.874649
7010.0,187.0,0.506763
7010.0,188.0,0.0
7010.0,189.0,0.90532
7010.0,190.0,1.0
7010.0,191.0,0.664541
7010.0,192.0,0.145974
7010.0,193.0,0.811684
7010.0,194.0,0.0
7010.0,195.0,0.462978
7010.0,196.0,0.501499
7010.0,197.0,0.293427
7010.0,198.0,0.427053
7010.0,199.0,0.035651
7010.0,200.0,0.0
7010.0,201.0,0.745293
7010.0,202.0,1.0
7010.0,203.0,0.548155
7010.0,204.0,0.290823
7010.0,205.0,0.0
7010.0,206.0,0.338281
7010.0,207.0,1.0
7010.0,208.0,0.556924
7010.0,209.0,0.704735
7010.0,210.0,0.29892
7010.0,211.0,0.10956
7010.0,212.0,0.566114
7010.0,213.0,0.0
7010.0,214.0,0.552313
7010.0,215.0,0.658674
7010.0,216.0,1.0
7010.0,217.0,0.691664
7010.0,218.0,0.0
7010.0,219.0,0.269235
7010.0,220.0,0.983492
7010.0,221.0,0.509881
7010.0,222.0,0.00131
7010.0,223.0,0.615729
7010.0,224.0,0.369842
7010.0,225.0,0.793545
7010.0,226.0,0.724276
7010.0,227.0,0.834148
7010.0,228.0,0.771474
7010.0,229.0,0.23455
7010.0,230.0,0.386528
7010.0,231.0,0.289726
7010.0,232.0,0.210008
7010.0,233.0,0.770813
7010.0,234.0,0.278108
7010.0,235.0,0.0
7010.0,236.0,0.957265
7010.0,237.0,0.111226
7010.0,238.0,0.565388
7010.0,239.0,1.0
7010.0,240.0,0.161876
7010.0,241.0,0.448776
7010.0,242.0,0.45774
7010.0,243.0,0.0
7010.0,244.0,0.000218
7010.0,245.0,1.0
7010.0,246.0,0.633259
7010.0,247.0,0.518494
7010.0,248.0,0.544527
7010.0,249.0,0.455251
7010.0,250.0,0.516206
7010.0,251.0,0.951644
7010.0,252.0,0.395982
7010.0,253.0,0.709155
7010.0,254.0,0.610564
7010.0,255.0,0.40881
7010.0,256.0,1.0
7010.0,257.0,0.853275
7010.0,258.0,0.475875
7010.0,259.0,0.617527
7010.0,260.0,0.952052
7010.0,261.0,0.302612
7010.0,262.0,0.0
7010.0,263.0,0.461913
7010.0,264.0,0.0
7010.0,265.0,0.322842
7010.0,266.0,0.383739
7010.0,267.0,0.782297
7010.0,268.0,0.408699
7010.0,269.0,0.155697
7010.0,270.0,0.902282
7010.0,271.0,0.0
7010.0,272.0,0.126076
7010.0,273.0,0.358299
7010.0,274.0,0.141587
7010.0,275.0,0.666958
7010.0,276.0,0.018202
7010.0,277.0,0.323323
7010.0,278.0,0.478896
7010.0,279.0,0.213418
7010.0,280.0,0.506465
7010.0,281.0,0.831151
7010.0,282.0,1.0
7010.0,283.0,0.454097
7010.0,284.0,0.111951
7010.0,285.0,0.44057
7010.0,286.0,0.813198
7010.0,287.0,0.273436
7010.0,288.0,0.431503
7010.0,289.0,0.377741
7010.0,290.0,0.578967
7010.0,291.0,0.422965
7010.0,292.0,0.67811
7010.0,293.0,1.0
7010.0,294.0,0.249132
7010.0,295.0,0.268488
7010.0,296.0,0.0
7010.0,297.0,0.906568
7010.0,298.0,0.012647
7010.0,299.0,0.0
7010.0,300.0,0.351648
7010.0,301.0,0.75126
7010.0,302.0,0.006741
7010.0,303.0,0.972673
7010.0,304.0,0.0
7010.0,305.0,0.86762
7010.0,306.0,0.700075
7010.0,307.0,0.586734
7010.0,308.0,0.53628
7010.0,309.0,0.0
7010.0,310.0,1.0
7010.0,311.0,0.49812
7010.0,312.0,0.0
7010.0,313.0,0.562084
7010.0,314.0,0.392756
7010.0,315.0,0.483689
7010.0,316.0,0.32362
7010.0,317.0,0.974159
7010.0,318.0,0.619555
7010.0,319.0,0.003739
7010.0,320.0,0.316256
7010.0,321.0,0.0
7010.0,322.0,0.115288
7010.0,323.0,0.339978
7010.0,324.0,0.551723
7010.0,325.0,0.008411
7010.0,326.0,0.798234
7010.0,327.0,0.133968
7010.0,328.0,0.058036
7010.0,329.0,0.850652
7010.0,330.0,0.026479
7010.0,331.0,0.601112
7010.0,332.0,0.34719
7010.0,333.0,0.0
7010.0,334.0,0.275757
8000.0,0.0,0.0
8000.0,1.0,0.0
8000.0,2.0,0.0
8000.0,3.0,0.425353
8000.0,4.0,0.272937
8000.0,5.0,0.437094
8000.0,6.0,0.803491
8000.0,7.0,0.794548
8000.0,8.0,0.044826
8000.0,9.0,0.766674
8000.0,10.0,1.0
8000.0,11.0,0.99345
8000.0,12.0,0.33992
8000.0,13.0,0.340508
8000.0,14.0,0.594836
8000.0,15.0,0.897121
8000.0,16.0,0.607773
8000.0,17.0,0.0
8000.0,18.0,0.606594
8000.0,19.0,0.867535
8000.0,20.0,0.445785
8000.0,21.0,0.0
8000.0,22.0,0.898224
8000.0,23.0,1.0
8000.0,24.0,0.421846
8000.0,25.0,0.472781
8000.0,26.0,0.799948
8000.0,27.0,0.428696
8000.0,28.0,0.704515
8000.0,29.0,1.0
8000.0,30.0,0.212222
8000.0,31.0,0.73649
8000.0,32.0,1.0
8000.0,33.0,1.0
8000.0,34.0,0.027669
8000.0,35.0,0.362026
8000.0,36.0,0.399016
8000.0,37.0,0.512266
8000.0,38.0,0.456265
8000.0,39.0,0.994418
8000.0,40.0,0.63471
8000.0,41.0,0.815699
8000.0,42.0,0.36726
8000.0,43.0,0.883947
8000.0,44.0,0.60782
8000.0,45.0,0.759232
8000.0,46.0,0.513022
8000.0,47.0,0.997201
8000.0,48.0,1.0
8000.0,49.0,0.255191
8000.0,50.0,0.0
8000.0,51.0,0.289013
8000.0,52.0,1.0
8000.0,53.0,0.79339
8000.0,54.0,1.0
8000.0,55.0,8.4e-05
8000.0,56.0,0.34179
8000.0,57.0,0.0
8000.0,58.0,0.424589
8000.0,59.0,0.293562
8000.0,60.0,0.842963
8000.0,61.0,0.99402
8000.0,62.0,0.179162
8000.0,63.0,0.762765
8000.0,64.0,0.944368
8000.0,65.0,0.014138
8000.0,66.0,0.0
8000.0,67.0,0.542417
8000.0,68.0,0.001285
8000.0,69.0,0.029032
8000.0,70.0,0.263615
8000.0,71.0,0.070904
8000.0,72.0,0.528881
8000.0,73.0,0.486294
8000.0,74.0,0.661852
8000.0,75.0,0.54434
8000.0,76.0,0.903725
8000.0,77.0,0.793473
8000.0,78.0,0.329258
8000.0,79.0,0.0
8000.0,80.0,0.98415
8000.0,81.0,0.296643
8000.0,82.0,0.577394
8000.0,83.0,0.518824
8000.0,84.0,1.0
8000.0,85.0,0.412628
8000.0,86.0,0.734928
8000.0,87.0,1.0
8000.0,88.0,0.0
8000.0,89.0,0.699466
8000.0,90.0,0.702099
8000.0,91.0,0.449173
8000.0,92.0,0.086109
8000.0,93.0,0.443554
8000.0,94.0,0.419238
8000.0,95.0,0.038222
8000.0,96.0,1.0
8000.0,97.0,0.324825
8000.0,98.0,0.0
8000.0,99.0,0.06619
8000.0,100.0,0.732828
8000.0,101.0,0.380218
8000.0,102.0,0.797284
8000.0,103.0,0.0
8000.0,104.0,0.006449
8000.0,105.0,0.643555
8000.0,106.0,0.757421
8000.0,107.0,0.884559
8000.0,108.0,0.911107
8000.0,109.0,0.995684
8000.0,110.0,0.389542
8000.0,111.0,0.89928
8000.0,112.0,0.150937
8000.0,113.0,0.556347
8000.0,114.0,0.351432
8000.0,115.0,0.142893
8000.0,116.0,0.992326
8000.0,117.0,0.273179
8000.0,118.0,0.79655
8000.0,119.0,0.084398
8000.0,120.0,0.0
8000.0,121.0,0.270102
8000.0,122.0,0.568647
8000.0,123.0,1.0
8000.0,124.0,0.450962
8000.0,125.0,0.470707
8000.0,126.0,0.366857
8000.0,127.0,0.040258
8000.0,128.0,0.021991
8000.0,129.0,0.991855
8000.0,130.0,0.006835
8000.0,131.0,0.996906
8000.0,132.0,0.37006
8000.0,133.0,0.830195
8000.0,134.0,0.5205
8000.0,135.0,0.337511
8000.0,136.0,1.0
8000.0,137.0,0.491509
8000.0,138.0,0.719434
8000.0,139.0,0.409017
8000.0,140.0,0.0
8000.0,141.0,0.638993
8000.0,142.0,1.0
8000.0,143.0,0.142974
8000.0,144.0,0.153499
8000.0,145.0,0.382403
8000.0,146.0,0.546354
8000.0,147.0,1.0
8000.0,148.0,0.387146
8000.0,149.0,0.460158
8000.0,150.0,0.236953
8000.0,151.0,0.552633
8000.0,152.0,0.333283
8000.0,153.0,0.346423
8000.0,154.0,0.591596
8000.0,155.0,0.611737
8000.0,156.0,0.714052
8000.0,157.0,0.0
8000.0,158.0,0.17583
8000.0,159.0,0.127957
8000.0,160.0,0.027775
8000.0,161.0,0.007376
8000.0,162.0,0.76358
8000.0,163.0,0.606076
8000.0,164.0,0.64765
8000.0,165.0,0.438451
8000.0,166.0,0.0
8000.0,167.0,0.44673
8000.0,168.0,0.567799
8000.0,169.0,0.603273
8000.0,170.0,0.660002
8000.0,171.0,0.470947
8000.0,172.0,0.530221
8000.0,173.0,0.666905
8000.0,174.0,0.414841
8000.0,175.0,0.355134
8000.0,176.0,0.176066
8000.0,177.0,0.0
8000.0,178.0,1.0
8000.0,179.0,0.370427
8000.0,180.0,0.332119
8000.0,181.0,0.167805
8000.0,182.0,0.0
8000.0,183.0,0.0
8000.0,184.0,0.480143
8000.0,185.0,0.506907
8000.0,186.0,0.873357
8000.0,187.0,0.505441
8000.0,188.0,0.0
8000.0,189.0,0.899915
8000.0,190.0,1.0
8000.0,191.0,0.652098
8000.0,192.0,0.122482
8000.0,193.0,0.821874
8000.0,194.0,0.0
8000.0,195.0,0.460465
8000.0,196.0,0.509568
8000.0,197.0,0.298456
8000.0,198.0,0.423624
8000.0,199.0,0.037357
8000.0,200.0,0.0
8000.0,201.0,0.743022
8000.0,202.0,1.0
8000.0,203.0,0.547025
8000.0,204.0,0.284566
8000.0,205.0,0.0
8000.0,206.0,0.347702
8000.0,207.0,1.0
8000.0,208.0,0.571717
8000.0,209.0,0.695136
8000.0,210.0,0.303883
8000.0,211.0,0.102901
8000.0,212.0,0.562834
8000.0,213.0,0.0
8000.0,214.0,0.548426
8000.0,215.0,0.661797
8000.0,216.0,1.0
8000.0,217.0,0.687886
8000.0,218.0,0.0
8000.0,219.0,0.28213
8000.0,220.0,0.988196
8000.0,221.0,0.516768
8000.0,222.0,0.000399
8000.0,223.0,0.608911
8000.0,224.0,0.362241
8000.0,225.0,0.785148
8000.0,226.0,0.727736
8000.0,227.0,0.838294
8000.0,228.0,0.757969
8000.0,229.0,0.225217
8000.0,230.0,0.381433
8000.0,231.0,0.287689
8000.0,232.0,0.199153
8000.0,233.0,0.768379
8000.0,234.0,0.276496
8000.0,235.0,0.0
8000.0,236.0,0.959122
8000.0,237.0,0.103384
8000.0,238.0,0.57426
8000.0,239.0,1.0
8000.0,240.0,0.175484
8000.0,241.0,0.46019
8000.0,242.0,0.452924
8000.0,243.0,0.0
8000.0,244.0,0.0
8000.0,245.0,1.0
8000.0,246.0,0.649929
8000.0,247.0,0.506138
8000.0,248.0,0.54717
8000.0,249.0,0.445324
8000.0,250.0,0.524528
8000.0,251.0,0.948631
8000.0,252.0,0.402803
8000.0,253.0,0.716925
8000.0,254.0,0.606403
8000.0,255.0,0.412211
8000.0,256.0,1.0
8000.0,257.0,0.853779
8000.0,258.0,0.478191
8000.0,259.0,0.618367
8000.0,260.0,0.948424
8000.0,261.0,0.301454
8000.0,262.0,0.0
8000.0,263.0,0.461106
8000.0,264.0,0.0
8000.0,265.0,0.300312
8000.0,266.0,0.384382
8000.0,267.0,0.776831
8000.0,268.0,0.415997
8000.0,269.0,0.150906
8000.0,270.0,0.919713
8000.0,271.0,0.0
8000.0,272.0,0.127845
8000.0,273.0,0.35424
8000.0,274.0,0.114373
8000.0,275.0,0.670898
8000.0,276.0,0.019563
8000.0,277.0,0.316461
8000.0,278.0,0.489174
8000.0,279.0,0.214775
8000.0,280.0,0.511819
8000.0,281.0,0.84032
8000.0,282.0,1.0
8000.0,283.0,0.425238
8000.0,284.0,0.09953
8000.0,285.0,0.440853
8000.0,286.0,0.807324
8000.0,287.0,0.271122
8000.0,288.0,0.425179
8000.0,289.0,0.381859
8000.0,290.0,0.600938
8000.0,291.0,0.412574
8000.0,292.0,0.685495
8000.0,293.0,1.0
8000.0,294.0,0.248416
8000.0,295.0,0.255405
8000.0,296.0,0.0
8000.0,297.0,0.932027
8000.0,298.0,0.005237
8000.0,299.0,0.0
8000.0,300.0,0.357048
8000.0,301.0,0.746159
8000.0,302.0,0.005749
8000.0,303.0,0.97111
8000.0,304.0,0.0
8000.0,305.0,0.871957
8000.0,306.0,0.701629
8000.0,307.0,0.566666
8000.0,308.0,0.537454
8000.0,309.0,0.0
8000.0,310.0,1.0
8000.0,311.0,0.499263
8000.0,312.0,0.0
8000.0,313.0,0.555021
8000.0,314.0,0.384274
8000.0,315.0,0.477359
8000.0,316.0,0.317039
8000.0,317.0,0.976536
8000.0,318.0,0.616032
8000.0,319.0,0.001068
8000.0,320.0,0.322246
8000.0,321.0,0.0
8000.0,322.0,0.104918
8000.0,323.0,0.335716
8000.0,324.0,0.553496
8000.0,325.0,0.003159
8000.0,326.0,0.804695
8000.0,327.0,0.138034
8000.0,328.0,0.066348
8000.0,329.0,0.856432
8000.0,330.0,0.020362
8000.0,331.0,0.630394
8000.0,332.0,0.351004
8000.0,333.0,0.0
8000.0,334.0,0.27534
8001.0,0.0,0.0
8001.0,1.0,0.0
8001.0,2.0,0.0
8001.0,3.0,0.429464
8001.0,4.0,0.274824
8001.0,5.0,0.446779
8001.0,6.0,0.80558
8001.0,7.0,0.796535
8001.0,8.0,0.044674
8001.0,9.0,0.767664
8001.0,10.0,1.0
8001.0,11.0,0.993512
8001.0,12.0,0.34745
8001.0,13.0,0.343265
8001.0,14.0,0.609056
8001.0,15.0,0.897676
8001.0,16.0,0.610212
8001.0,17.0,0.0
8001.0,18.0,0.61396
8001.0,19.0,0.867982
8001.0,20.0,0.451376
8001.0,21.0,0.0
8001.0,22.0,0.899302
8001.0,23.0,1.0
8001.0,24.0,0.423364
8001.0,25.0,0.480866
8001.0,26.0,0.809184
8001.0,27.0,0.433342
8001.0,28.0,0.70702
8001.0,29.0,1.0
8001.0,30.0,0.221525
8001.0,31.0,0.737415
8001.0,32.0,1.0
8001.0,33.0,1.0
8001.0,34.0,0.029258
8001.0,35.0,0.362222
8001.0,36.0,0.399826
8001.0,37.0,0.513638
8001.0,38.0,0.461455
8001.0,39.0,0.99474
8001.0,40.0,0.639096
8001.0,41.0,0.817686
8001.0,42.0,0.372867
8001.0,43.0,0.893723
8001.0,44.0,0.613989
8001.0,45.0,0.768265
8001.0,46.0,0.514533
8001.0,47.0,0.997529
8001.0,48.0,1.0
8001.0,49.0,0.256826
8001.0,50.0,0.0
8001.0,51.0,0.292736
8001.0,52.0,1.0
8001.0,53.0,0.797514
8001.0,54.0,1.0
8001.0,55.0,9.1e-05
8001.0,56.0,0.343314
8001.0,57.0,0.0
8001.0,58.0,0.426324
8001.0,59.0,0.299596
8001.0,60.0,0.843422
8001.0,61.0,0.99405
8001.0,62.0,0.182903
8001.0,63.0,0.763137
8001.0,64.0,0.945491
8001.0,65.0,0.014103
8001.0,66.0,0.0
8001.0,67.0,0.545261
8001.0,68.0,0.001312
8001.0,69.0,0.029162
8001.0,70.0,0.264393
8001.0,71.0,0.073088
8001.0,72.0,0.533955
8001.0,73.0,0.486995
8001.0,74.0,0.66385
8001.0,75.0,0.551768
8001.0,76.0,0.904402
8001.0,77.0,0.793973
8001.0,78.0,0.337822
8001.0,79.0,0.0
8001.0,80.0,0.984175
8001.0,81.0,0.299123
8001.0,82.0,0.580747
8001.0,83.0,0.522061
8001.0,84.0,1.0
8001.0,85.0,0.41308
8001.0,86.0,0.738882
8001.0,87.0,1.0
8001.0,88.0,0.0
8001.0,89.0,0.701671
8001.0,90.0,0.702808
8001.0,91.0,0.44874
8001.0,92.0,0.087746
8001.0,93.0,0.445845
8001.0,94.0,0.423471
8001.0,95.0,0.038332
8001.0,96.0,1.0
8001.0,97.0,0.368065
8001.0,98.0,0.0
8001.0,99.0,0.066559
8001.0,100.0,0.734238
8001.0,101.0,0.381657
8001.0,102.0,0.80383
8001.0,103.0,0.0
8001.0,104.0,0.006436
8001.0,105.0,0.646202
8001.0,106.0,0.760601
8001.0,107.0,0.884434
8001.0,108.0,0.913903
8001.0,109.0,0.995835
8001.0,110.0,0.390213
8001.0,111.0,0.900029
8001.0,112.0,0.15232
8001.0,113.0,0.557021
8001.0,114.0,0.356162
8001.0,115.0,0.1445
8001.0,116.0,0.992281
8001.0,117.0,0.275411
8001.0,118.0,0.799009
8001.0,119.0,0.084893
8001.0,120.0,0.0
8001.0,121.0,0.282281
8001.0,122.0,0.569715
8001.0,123.0,1.0
8001.0,124.0,0.456725
8001.0,125.0,0.477814
8001.0,126.0,0.368654
8001.0,127.0,0.041058
8001.0,128.0,0.022243
8001.0,129.0,0.992035
8001.0,130.0,0.006935
8001.0,131.0,0.99703
8001.0,132.0,0.377575
8001.0,133.0,0.832707
8001.0,134.0,0.507085
8001.0,135.0,0.346611
8001.0,136.0,1.0
8001.0,137.0,0.493747
8001.0,138.0,0.726513
8001.0,139.0,0.412986
8001.0,140.0,0.0
8001.0,141.0,0.639605
8001.0,142.0,1.0
8001.0,143.0,0.145663
8001.0,144.0,0.154355
8001.0,145.0,0.386
8001.0,146.0,0.548808
8001.0,147.0,1.0
8001.0,148.0,0.390102
8001.0,149.0,0.468729
8001.0,150.0,0.238504
8001.0,151.0,0.554726
8001.0,152.0,0.334994
8001.0,153.0,0.355653
8001.0,154.0,0.59372
8001.0,155.0,0.617648
8001.0,156.0,0.714132
8001.0,157.0,0.0
8001.0,158.0,0.181794
8001.0,159.0,0.131814
8001.0,160.0,0.028272
8001.0,161.0,0.007401
8001.0,162.0,0.764203
8001.0,163.0,0.608518
8001.0,164.0,0.650329
8001.0,165.0,0.445716
8001.0,166.0,0.0
8001.0,167.0,0.449598
8001.0,168.0,0.568381
8001.0,169.0,0.634511
8001.0,170.0,0.664374
8001.0,171.0,0.471152
8001.0,172.0,0.531805
8001.0,173.0,0.670154
8001.0,174.0,0.415799
8001.0,175.0,0.356339
8001.0,176.0,0.177853
8001.0,177.0,0.0
8001.0,178.0,1.0
8001.0,179.0,0.379451
8001.0,180.0,0.337808
8001.0,181.0,0.169268
8001.0,182.0,0.0
8001.0,183.0,0.0
8001.0,184.0,0.484463
8001.0,185.0,0.508183
8001.0,186.0,0.877271
8001.0,187.0,0.505752
8001.0,188.0,0.0
8001.0,189.0,0.900602
8001.0,190.0,1.0
8001.0,191.0,0.652752
8001.0,192.0,0.122959
8001.0,193.0,0.82206
8001.0,194.0,0.0
8001.0,195.0,0.467147
8001.0,196.0,0.507825
8001.0,197.0,0.302419
8001.0,198.0,0.427895
8001.0,199.0,0.037701
8001.0,200.0,0.0
8001.0,201.0,0.74445
8001.0,202.0,1.0
8001.0,203.0,0.566989
8001.0,204.0,0.287552
8001.0,205.0,0.0
8001.0,206.0,0.369413
8001.0,207.0,1.0
8001.0,208.0,0.574527
8001.0,209.0,0.695925
8001.0,210.0,0.312305
8001.0,211.0,0.101744
8001.0,212.0,0.571295
8001.0,213.0,0.0
8001.0,214.0,0.55545
8001.0,215.0,0.667968
8001.0,216.0,1.0
8001.0,217.0,0.692333
8001.0,218.0,0.0
8001.0,219.0,0.282887
8001.0,220.0,0.988442
8001.0,221.0,0.528003
8001.0,222.0,0.000392
8001.0,223.0,0.610365
8001.0,224.0,0.36631
8001.0,225.0,0.788929
8001.0,226.0,0.732778
8001.0,227.0,0.840322
8001.0,228.0,0.761581
8001.0,229.0,0.227875
8001.0,230.0,0.382646
8001.0,231.0,0.348529
8001.0,232.0,0.199322
8001.0,233.0,0.771217
8001.0,234.0,0.282012
8001.0,235.0,0.0
8001.0,236.0,0.959266
8001.0,237.0,0.103318
8001.0,238.0,0.586091
8001.0,239.0,1.0
8001.0,240.0,0.176724
8001.0,241.0,0.46384
8001.0,242.0,0.456179
8001.0,243.0,0.0
8001.0,244.0,0.0
8001.0,245.0,1.0
8001.0,246.0,0.650469
8001.0,247.0,0.50611
8001.0,248.0,0.55131
8001.0,249.0,0.448208
8001.0,250.0,0.531743
8001.0,251.0,0.949301
8001.0,252.0,0.402405
8001.0,253.0,0.718939
8001.0,254.0,0.611911
8001.0,255.0,0.41467
8001.0,256.0,1.0
8001.0,257.0,0.855465
8001.0,258.0,0.479589
8001.0,259.0,0.620174
8001.0,260.0,0.949073
8001.0,261.0,0.30883
8001.0,262.0,0.0
8001.0,263.0,0.462277
8001.0,264.0,0.0
8001.0,265.0,0.299887
8001.0,266.0,0.387527
8001.0,267.0,0.7796
8001.0,268.0,0.422263
8001.0,269.0,0.152255
8001.0,270.0,0.920343
8001.0,271.0,0.0
8001.0,272.0,0.12857
8001.0,273.0,0.357555
8001.0,274.0,0.114439
8001.0,275.0,0.671837
8001.0,276.0,0.019685
8001.0,277.0,0.318439
8001.0,278.0,0.491853
8001.0,279.0,0.217849
8001.0,280.0,0.512033
8001.0,281.0,0.843669
8001.0,282.0,1.0
8001.0,283.0,0.424961
8001.0,284.0,0.099988
8001.0,285.0,0.447606
8001.0,286.0,0.812171
8001.0,287.0,0.272044
8001.0,288.0,0.430629
8001.0,289.0,0.389736
8001.0,290.0,0.601124
8001.0,291.0,0.415204
8001.0,292.0,0.688203
8001.0,293.0,1.0
8001.0,294.0,0.248323
8001.0,295.0,0.258225
8001.0,296.0,0.0
8001.0,297.0,0.932096
8001.0,298.0,0.005205
8001.0,299.0,0.0
8001.0,300.0,0.35922
8001.0,301.0,0.746493
8001.0,302.0,0.005831
8001.0,303.0,0.971575
8001.0,304.0,0.0
8001.0,305.0,0.872271
8001.0,306.0,0.70288
8001.0,307.0,0.567863
8001.0,308.0,0.541564
8001.0,309.0,0.0
8001.0,310.0,1.0
8001.0,311.0,0.49903
8001.0,312.0,0.0
8001.0,313.0,0.556038
8001.0,314.0,0.385529
8001.0,315.0,0.481452
8001.0,316.0,0.318439
8001.0,317.0,0.97675
8001.0,318.0,0.617471
8001.0,319.0,0.001102
8001.0,320.0,0.33067
8001.0,321.0,0.0
8001.0,322.0,0.105814
8001.0,323.0,0.370806
8001.0,324.0,0.55606
8001.0,325.0,0.003401
8001.0,326.0,0.8058
8001.0,327.0,0.138003
8001.0,328.0,0.066563
8001.0,329.0,0.867042
8001.0,330.0,0.020657
8001.0,331.0,0.631282
8001.0,332.0,0.356241
8001.0,333.0,0.0
8001.0,334.0,0.279913
8002.0,0.0,0.0
8002.0,1.0,0.0
8002.0,2.0,0.0
8002.0,3.0,0.434267
8002.0,4.0,0.276698
8002.0,5.0,0.455822
8002.0,6.0,0.806674
8002.0,7.0,0.79713
8002.0,8.0,0.044791
8002.0,9.0,0.769262
8002.0,10.0,1.0
8002.0,11.0,0.993654
8002.0,12.0,0.353742
8002.0,13.0,0.346116
8002.0,14.0,0.622531
8002.0,15.0,0.898101
8002.0,16.0,0.612864
8002.0,17.0,0.0
8002.0,18.0,0.620684
8002.0,19.0,0.868712
8002.0,20.0,0.457904
8002.0,21.0,0.0
8002.0,22.0,0.900235
8002.0,23.0,1.0
8002.0,24.0,0.426193
8002.0,25.0,0.488338
8002.0,26.0,0.817047
8002.0,27.0,0.439744
8002.0,28.0,0.710459
8002.0,29.0,1.0
8002.0,30.0,0.230077
8002.0,31.0,0.738096
8002.0,32.0,1.0
8002.0,33.0,1.0
8002.0,34.0,0.031047
8002.0,35.0,0.361929
8002.0,36.0,0.401375
8002.0,37.0,0.514377
8002.0,38.0,0.466163
8002.0,39.0,0.995025
8002.0,40.0,0.643387
8002.0,41.0,0.82024
8002.0,42.0,0.37912
8002.0,43.0,0.901821
8002.0,44.0,0.618383
8002.0,45.0,0.775832
8002.0,46.0,0.515338
8002.0,47.0,0.997622
8002.0,48.0,1.0
8002.0,49.0,0.257867
8002.0,50.0,0.0
8002.0,51.0,0.295878
8002.0,52.0,1.0
8002.0,53.0,0.801301
8002.0,54.0,1.0
8002.0,55.0,0.0001
8002.0,56.0,0.344361
8002.0,57.0,0.0
8002.0,58.0,0.429001
8002.0,59.0,0.305864
8002.0,60.0,0.843444
8002.0,61.0,0.994138
8002.0,62.0,0.187393
8002.0,63.0,0.76376
8002.0,64.0,0.946765
8002.0,65.0,0.014042
8002.0,66.0,0.0
8002.0,67.0,0.548155
8002.0,68.0,0.001309
8002.0,69.0,0.028989
8002.0,70.0,0.265087
8002.0,71.0,0.074913
8002.0,72.0,0.537711
8002.0,73.0,0.487236
8002.0,74.0,0.666644
8002.0,75.0,0.559031
8002.0,76.0,0.905509
8002.0,77.0,0.794286
8002.0,78.0,0.346744
8002.0,79.0,0.0
8002.0,80.0,0.984229
8002.0,81.0,0.301996
8002.0,82.0,0.584248
8002.0,83.0,0.525907
8002.0,84.0,1.0
8002.0,85.0,0.413926
8002.0,86.0,0.742608
8002.0,87.0,1.0
8002.0,88.0,0.0
8002.0,89.0,0.704166
8002.0,90.0,0.703021
8002.0,91.0,0.44909
8002.0,92.0,0.088917
8002.0,93.0,0.447365
8002.0,94.0,0.426875
8002.0,95.0,0.038238
8002.0,96.0,1.0
8002.0,97.0,0.410539
8002.0,98.0,0.0
8002.0,99.0,0.066662
8002.0,100.0,0.73508
8002.0,101.0,0.38353
8002.0,102.0,0.81058
8002.0,103.0,0.0
8002.0,104.0,0.006582
8002.0,105.0,0.648428
8002.0,106.0,0.762141
8002.0,107.0,0.884923
8002.0,108.0,0.916644
8002.0,109.0,0.996007
8002.0,110.0,0.390218
8002.0,111.0,0.900894
8002.0,112.0,0.153744
8002.0,113.0,0.558004
8002.0,114.0,0.360492
8002.0,115.0,0.145487
8002.0,116.0,0.992275
8002.0,117.0,0.277183
8002.0,118.0,0.801549
8002.0,119.0,0.085528
8002.0,120.0,0.0
8002.0,121.0,0.292763
8002.0,122.0,0.571538
8002.0,123.0,1.0
8002.0,124.0,0.461724
8002.0,125.0,0.484387
8002.0,126.0,0.371069
8002.0,127.0,0.042132
8002.0,128.0,0.022641
8002.0,129.0,0.992073
8002.0,130.0,0.007148
8002.0,131.0,0.997099
8002.0,132.0,0.385415
8002.0,133.0,0.835267
8002.0,134.0,0.494852
8002.0,135.0,0.356769
8002.0,136.0,1.0
8002.0,137.0,0.496435
8002.0,138.0,0.732302
8002.0,139.0,0.418364
8002.0,140.0,0.0
8002.0,141.0,0.641111
8002.0,142.0,1.0
8002.0,143.0,0.14903
8002.0,144.0,0.155811
8002.0,145.0,0.389904
8002.0,146.0,0.551361
8002.0,147.0,1.0
8002.0,148.0,0.393055
8002.0,149.0,0.478176
8002.0,150.0,0.240292
8002.0,151.0,0.558039
8002.0,152.0,0.336795
8002.0,153.0,0.364817
8002.0,154.0,0.594709
8002.0,155.0,0.623492
8002.0,156.0,0.715368
8002.0,157.0,0.0
8002.0,158.0,0.187332
8002.0,159.0,0.135338
8002.0,160.0,0.029107
8002.0,161.0,0.007495
8002.0,162.0,0.765399
8002.0,163.0,0.610985
8002.0,164.0,0.653535
8002.0,165.0,0.451896
8002.0,166.0,0.0
8002.0,167.0,0.4517
8002.0,168.0,0.569663
8002.0,169.0,0.665459
8002.0,170.0,0.667798
8002.0,171.0,0.471535
8002.0,172.0,0.534349
8002.0,173.0,0.673099
8002.0,174.0,0.416493
8002.0,175.0,0.357097
8002.0,176.0,0.179463
8002.0,177.0,0.0
8002.0,178.0,1.0
8002.0,179.0,0.387578
8002.0,180.0,0.343163
8002.0,181.0,0.171094
8002.0,182.0,0.0
8002.0,183.0,0.0
8002.0,184.0,0.48902
8002.0,185.0,0.509038
8002.0,186.0,0.881538
8002.0,187.0,0.505946
8002.0,188.0,0.0
8002.0,189.0,0.901599
8002.0,190.0,1.0
8002.0,191.0,0.653334
8002.0,192.0,0.12321
8002.0,193.0,0.822213
8002.0,194.0,0.0
8002.0,195.0,0.474153
8002.0,196.0,0.503645
8002.0,197.0,0.306226
8002.0,198.0,0.43206
8002.0,199.0,0.037695
8002.0,200.0,0.0
8002.0,201.0,0.745799
8002.0,202.0,1.0
8002.0,203.0,0.585599
8002.0,204.0,0.290181
8002.0,205.0,0.0
8002.0,206.0,0.390383
8002.0,207.0,1.0
8002.0,208.0,0.577676
8002.0,209.0,0.697432
8002.0,210.0,0.321354
8002.0,211.0,0.100629
8002.0,212.0,0.5794
8002.0,213.0,0.0
8002.0,214.0,0.562651
8002.0,215.0,0.673549
8002.0,216.0,1.0
8002.0,217.0,0.696972
8002.0,218.0,0.0
8002.0,219.0,0.283591
8002.0,220.0,0.988743
8002.0,221.0,0.538825
8002.0,222.0,0.00037
8002.0,223.0,0.611906
8002.0,224.0,0.369281
8002.0,225.0,0.791474
8002.0,226.0,0.737687
8002.0,227.0,0.841777
8002.0,228.0,0.764584
8002.0,229.0,0.230975
8002.0,230.0,0.382884
8002.0,231.0,0.408921
8002.0,232.0,0.200039
8002.0,233.0,0.775164
8002.0,234.0,0.287625
8002.0,235.0,0.0
8002.0,236.0,0.959501
8002.0,237.0,0.103355
8002.0,238.0,0.59841
8002.0,239.0,1.0
8002.0,240.0,0.178808
8002.0,241.0,0.466604
8002.0,242.0,0.458553
8002.0,243.0,0.0
8002.0,244.0,0.0
8002.0,245.0,1.0
8002.0,246.0,0.650203
8002.0,247.0,0.506869
8002.0,248.0,0.554519
8002.0,249.0,0.452798
8002.0,250.0,0.538655
8002.0,251.0,0.949843
8002.0,252.0,0.402682
8002.0,253.0,0.721498
8002.0,254.0,0.61694
8002.0,255.0,0.416906
8002.0,256.0,1.0
8002.0,257.0,0.856106
8002.0,258.0,0.4814
8002.0,259.0,0.62181
8002.0,260.0,0.950134
8002.0,261.0,0.31595
8002.0,262.0,0.0
8002.0,263.0,0.463433
8002.0,264.0,0.0
8002.0,265.0,0.300451
8002.0,266.0,0.390345
8002.0,267.0,0.781724
8002.0,268.0,0.429653
8002.0,269.0,0.1548
8002.0,270.0,0.920119
8002.0,271.0,0.0
8002.0,272.0,0.1303
8002.0,273.0,0.360594
8002.0,274.0,0.114969
8002.0,275.0,0.673741
8002.0,276.0,0.019828
8002.0,277.0,0.319997
8002.0,278.0,0.495082
8002.0,279.0,0.220751
8002.0,280.0,0.513943
8002.0,281.0,0.847277
8002.0,282.0,1.0
8002.0,283.0,0.426209
8002.0,284.0,0.100541
8002.0,285.0,0.455333
8002.0,286.0,0.817015
8002.0,287.0,0.273478
8002.0,288.0,0.436096
8002.0,289.0,0.397357
8002.0,290.0,0.602436
8002.0,291.0,0.417525
8002.0,292.0,0.691176
8002.0,293.0,1.0
8002.0,294.0,0.248631
8002.0,295.0,0.261136
8002.0,296.0,0.0
8002.0,297.0,0.932159
8002.0,298.0,0.005179
8002.0,299.0,0.0
8002.0,300.0,0.36181
8002.0,301.0,0.748193
8002.0,302.0,0.00582
8002.0,303.0,0.971827
8002.0,304.0,0.0
8002.0,305.0,0.872327
8002.0,306.0,0.705001
8002.0,307.0,0.568576
8002.0,308.0,0.545388
8002.0,309.0,0.0
8002.0,310.0,1.0
8002.0,311.0,0.498857
8002.0,312.0,0.0
8002.0,313.0,0.557694
8002.0,314.0,0.38657
8002.0,315.0,0.485172
8002.0,316.0,0.320641
8002.0,317.0,0.97681
8002.0,318.0,0.619267
8002.0,319.0,0.001086
8002.0,320.0,0.33979
8002.0,321.0,0.0
8002.0,322.0,0.106929
8002.0,323.0,0.40337
8002.0,324.0,0.557737
8002.0,325.0,0.003674
8002.0,326.0,0.806301
8002.0,327.0,0.138809
8002.0,328.0,0.066252
8002.0,329.0,0.876774
8002.0,330.0,0.020796
8002.0,331.0,0.631792
8002.0,332.0,0.360692
8002.0,333.0,0.0
8002.0,334.0,0.284238
8003.0,0.0,0.0
8003.0,1.0,0.0
8003.0,2.0,0.0
8003.0,3.0,0.4399
8003.0,4.0,0.278364
8003.0,5.0,0.463691
8003.0,6.0,0.808739
8003.0,7.0,0.798465
8003.0,8.0,0.045249
8003.0,9.0,0.770616
8003.0,10.0,1.0
8003.0,11.0,0.99363
8003.0,12.0,0.361179
8003.0,13.0,0.34896
8003.0,14.0,0.63606
8003.0,15.0,0.899262
8003.0,16.0,0.615032
8003.0,17.0,0.0
8003.0,18.0,0.627642
8003.0,19.0,0.869257
8003.0,20.0,0.462443
8003.0,21.0,0.0
8003.0,22.0,0.901566
8003.0,23.0,1.0
8003.0,24.0,0.428277
8003.0,25.0,0.496389
8003.0,26.0,0.824665
8003.0,27.0,0.444572
8003.0,28.0,0.714207
8003.0,29.0,1.0
8003.0,30.0,0.238837
8003.0,31.0,0.738324
8003.0,32.0,1.0
8003.0,33.0,1.0
8003.0,34.0,0.032808
8003.0,35.0,0.362915
8003.0,36.0,0.402954
8003.0,37.0,0.515518
8003.0,38.0,0.470605
8003.0,39.0,0.995233
8003.0,40.0,0.647524
8003.0,41.0,0.822924
8003.0,42.0,0.384759
8003.0,43.0,0.90965
8003.0,44.0,0.623515
8003.0,45.0,0.783547
8003.0,46.0,0.516502
8003.0,47.0,0.997779
8003.0,48.0,1.0
8003.0,49.0,0.259689
8003.0,50.0,0.0
8003.0,51.0,0.299647
8003.0,52.0,1.0
8003.0,53.0,0.805309
8003.0,54.0,1.0
8003.0,55.0,9.2e-05
8003.0,56.0,0.345893
8003.0,57.0,0.0
8003.0,58.0,0.431134
8003.0,59.0,0.312198
8003.0,60.0,0.843153
8003.0,61.0,0.994062
8003.0,62.0,0.191805
8003.0,63.0,0.764385
8003.0,64.0,0.948189
8003.0,65.0,0.014368
8003.0,66.0,0.0
8003.0,67.0,0.551178
8003.0,68.0,0.001334
8003.0,69.0,0.02895
8003.0,70.0,0.265541
8003.0,71.0,0.076987
8003.0,72.0,0.542067
8003.0,73.0,0.487864
8003.0,74.0,0.669282
8003.0,75.0,0.566586
8003.0,76.0,0.906237
8003.0,77.0,0.796181
8003.0,78.0,0.355749
8003.0,79.0,0.0
8003.0,80.0,0.984506
8003.0,81.0,0.304489
8003.0,82.0,0.58688
8003.0,83.0,0.528428
8003.0,84.0,1.0
8003.0,85.0,0.413467
8003.0,86.0,0.746776
8003.0,87.0,1.0
8003.0,88.0,0.0
8003.0,89.0,0.707242
8003.0,90.0,0.703442
8003.0,91.0,0.450185
8003.0,92.0,0.090255
8003.0,93.0,0.449494
8003.0,94.0,0.430999
8003.0,95.0,0.038435
8003.0,96.0,1.0
8003.0,97.0,0.452592
8003.0,98.0,0.0
8003.0,99.0,0.067806
8003.0,100.0,0.73654
8003.0,101.0,0.384785
8003.0,102.0,0.817176
8003.0,103.0,0.0
8003.0,104.0,0.00672
8003.0,105.0,0.651053
8003.0,106.0,0.764358
8003.0,107.0,0.88497
8003.0,108.0,0.919661
8003.0,109.0,0.99618
8003.0,110.0,0.390732
8003.0,111.0,0.901477
8003.0,112.0,0.154672
8003.0,113.0,0.55872
8003.0,114.0,0.365589
8003.0,115.0,0.146405
8003.0,116.0,0.992174
8003.0,117.0,0.279615
8003.0,118.0,0.803179
8003.0,119.0,0.086039
8003.0,120.0,0.0
8003.0,121.0,0.303717
8003.0,122.0,0.573645
8003.0,123.0,1.0
8003.0,124.0,0.466222
8003.0,125.0,0.489543
8003.0,126.0,0.373237
8003.0,127.0,0.043185
8003.0,128.0,0.022955
8003.0,129.0,0.992237
8003.0,130.0,0.00711
8003.0,131.0,0.997143
8003.0,132.0,0.391942
8003.0,133.0,0.837929
8003.0,134.0,0.482566
8003.0,135.0,0.366028
8003.0,136.0,1.0
8003.0,137.0,0.499325
8003.0,138.0,0.737481
8003.0,139.0,0.422515
8003.0,140.0,0.0
8003.0,141.0,0.641385
8003.0,142.0,1.0
8003.0,143.0,0.15216
8003.0,144.0,0.156483
8003.0,145.0,0.394148
8003.0,146.0,0.553791
8003.0,147.0,1.0
8003.0,148.0,0.395139
8003.0,149.0,0.486118
8003.0,150.0,0.241411
8003.0,151.0,0.561065
8003.0,152.0,0.338309
8003.0,153.0,0.374723
8003.0,154.0,0.595898
8003.0,155.0,0.629168
8003.0,156.0,0.716012
8003.0,157.0,0.0
8003.0,158.0,0.192951
8003.0,159.0,0.138942
8003.0,160.0,0.029623
8003.0,161.0,0.007567
8003.0,162.0,0.766294
8003.0,163.0,0.612816
8003.0,164.0,0.655706
8003.0,165.0,0.457802
8003.0,166.0,0.0
8003.0,167.0,0.452309
8003.0,168.0,0.570175
8003.0,169.0,0.694697
8003.0,170.0,0.671661
8003.0,171.0,0.47072
8003.0,172.0,0.536549
8003.0,173.0,0.675408
8003.0,174.0,0.416676
8003.0,175.0,0.358361
8003.0,176.0,0.181561
8003.0,177.0,0.0
8003.0,178.0,1.0
8003.0,179.0,0.39522
8003.0,180.0,0.347357
8003.0,181.0,0.172072
8003.0,182.0,0.0
8003.0,183.0,0.0
8003.0,184.0,0.492631
8003.0,185.0,0.510406
8003.0,186.0,0.885479
8003.0,187.0,0.50614
8003.0,188.0,0.0
8003.0,189.0,0.901641
8003.0,190.0,1.0
8003.0,191.0,0.653891
8003.0,192.0,0.124067
8003.0,193.0,0.822692
8003.0,194.0,0.0
8003.0,195.0,0.479727
8003.0,196.0,0.500891
8003.0,197.0,0.310326
8003.0,198.0,0.436863
8003.0,199.0,0.037861
8003.0,200.0,0.0
8003.0,201.0,0.747151
8003.0,202.0,1.0
8003.0,203.0,0.60481
8003.0,204.0,0.292637
8003.0,205.0,0.0
8003.0,206.0,0.410886
8003.0,207.0,1.0
8003.0,208.0,0.581071
8003.0,209.0,0.698276
8003.0,210.0,0.330467
8003.0,211.0,0.100534
8003.0,212.0,0.587219
8003.0,213.0,0.0
8003.0,214.0,0.568294
8003.0,215.0,0.67862
8003.0,216.0,1.0
8003.0,217.0,0.701168
8003.0,218.0,0.0
8003.0,219.0,0.28486
8003.0,220.0,0.989096
8003.0,221.0,0.549652
8003.0,222.0,0.000359
8003.0,223.0,0.613576
8003.0,224.0,0.372645
8003.0,225.0,0.793994
8003.0,226.0,0.743066
8003.0,227.0,0.844108
8003.0,228.0,0.767845
8003.0,229.0,0.23329
8003.0,230.0,0.384159
8003.0,231.0,0.466533
8003.0,232.0,0.199512
8003.0,233.0,0.778469
8003.0,234.0,0.293066
8003.0,235.0,0.0
8003.0,236.0,0.959618
8003.0,237.0,0.103959
8003.0,238.0,0.60965
8003.0,239.0,1.0
8003.0,240.0,0.180802
8003.0,241.0,0.469956
8003.0,242.0,0.461197
8003.0,243.0,0.0
8003.0,244.0,0.0
8003.0,245.0,1.0
8003.0,246.0,0.651185
8003.0,247.0,0.506805
8003.0,248.0,0.558004
8003.0,249.0,0.456918
8003.0,250.0,0.545629
8003.0,251.0,0.950349
8003.0,252.0,0.403455
8003.0,253.0,0.724056
8003.0,254.0,0.622541
8003.0,255.0,0.419267
8003.0,256.0,1.0
8003.0,257.0,0.856956
8003.0,258.0,0.482536
8003.0,259.0,0.623185
8003.0,260.0,0.950773
8003.0,261.0,0.32344
8003.0,262.0,0.0
8003.0,263.0,0.464129
8003.0,264.0,0.0
8003.0,265.0,0.300649
8003.0,266.0,0.393144
8003.0,267.0,0.783532
8003.0,268.0,0.435816
8003.0,269.0,0.156178
8003.0,270.0,0.920788
8003.0,271.0,0.0
8003.0,272.0,0.131434
8003.0,273.0,0.363127
8003.0,274.0,0.114862
8003.0,275.0,0.675404
8003.0,276.0,0.020145
8003.0,277.0,0.323293
8003.0,278.0,0.496429
8003.0,279.0,0.223076
8003.0,280.0,0.514932
8003.0,281.0,0.850932
8003.0,282.0,1.0
8003.0,283.0,0.427126
8003.0,284.0,0.100962
8003.0,285.0,0.462169
8003.0,286.0,0.821819
8003.0,287.0,0.274338
8003.0,288.0,0.442466
8003.0,289.0,0.404744
8003.0,290.0,0.602465
8003.0,291.0,0.419842
8003.0,292.0,0.69359
8003.0,293.0,1.0
8003.0,294.0,0.248706
8003.0,295.0,0.265156
8003.0,296.0,0.0
8003.0,297.0,0.932253
8003.0,298.0,0.005101
8003.0,299.0,0.0
8003.0,300.0,0.365147
8003.0,301.0,0.748803
8003.0,302.0,0.005952
8003.0,303.0,0.972233
8003.0,304.0,0.0
8003.0,305.0,0.873109
8003.0,306.0,0.706906
8003.0,307.0,0.56957
8003.0,308.0,0.549931
8003.0,309.0,0.0
8003.0,310.0,1.0
8003.0,311.0,0.499309
8003.0,312.0,0.0
8003.0,313.0,0.559205
8003.0,314.0,0.388212
8003.0,315.0,0.488217
8003.0,316.0,0.322635
8003.0,317.0,0.976884
8003.0,318.0,0.620402
8003.0,319.0,0.001082
8003.0,320.0,0.348524
8003.0,321.0,0.0
8003.0,322.0,0.108701
8003.0,323.0,0.436607
8003.0,324.0,0.559749
8003.0,325.0,0.003996
8003.0,326.0,0.806917
8003.0,327.0,0.139132
8003.0,328.0,0.066399
8003.0,329.0,0.885575
8003.0,330.0,0.02079
8003.0,331.0,0.631648
8003.0,332.0,0.365146
8003.0,333.0,0.0
8003.0,334.0,0.28839
8004.0,0.0,0.0
8004.0,1.0,0.0
8004.0,2.0,0.0
8004.0,3.0,0.445112
8004.0,4.0,0.281001
8004.0,5.0,0.472735
8004.0,6.0,0.810751
8004.0,7.0,0.800257
8004.0,8.0,0.045528
8004.0,9.0,0.7718
8004.0,10.0,1.0
8004.0,11.0,0.993696
8004.0,12.0,0.367703
8004.0,13.0,0.351976
8004.0,14.0,0.648628
8004.0,15.0,0.89915
8004.0,16.0,0.617391
8004.0,17.0,0.0
8004.0,18.0,0.634442
8004.0,19.0,0.870333
8004.0,20.0,0.467814
8004.0,21.0,0.0
8004.0,22.0,0.903177
8004.0,23.0,1.0
8004.0,24.0,0.430348
8004.0,25.0,0.504407
8004.0,26.0,0.832215
8004.0,27.0,0.449735
8004.0,28.0,0.717383
8004.0,29.0,1.0
8004.0,30.0,0.247917
8004.0,31.0,0.739808
8004.0,32.0,1.0
8004.0,33.0,1.0
8004.0,34.0,0.034711
8004.0,35.0,0.363992
8004.0,36.0,0.405414
8004.0,37.0,0.516536
8004.0,38.0,0.474884
8004.0,39.0,0.995468
8004.0,40.0,0.650987
8004.0,41.0,0.826168
8004.0,42.0,0.391231
8004.0,43.0,0.916553
8004.0,44.0,0.628399
8004.0,45.0,0.789883
8004.0,46.0,0.517002
8004.0,47.0,0.997824
8004.0,48.0,1.0
8004.0,49.0,0.262031
8004.0,50.0,0.0
8004.0,51.0,0.303224
8004.0,52.0,1.0
8004.0,53.0,0.810035
8004.0,54.0,1.0
8004.0,55.0,9.5e-05
8004.0,56.0,0.347122
8004.0,57.0,0.0
8004.0,58.0,0.432137
8004.0,59.0,0.317698
8004.0,60.0,0.843352
8004.0,61.0,0.994028
8004.0,62.0,0.195836
8004.0,63.0,0.764651
8004.0,64.0,0.949076
8004.0,65.0,0.014506
8004.0,66.0,0.0
8004.0,67.0,0.553532
8004.0,68.0,0.00141
8004.0,69.0,0.028971
8004.0,70.0,0.26699
8004.0,71.0,0.078891
8004.0,72.0,0.547142
8004.0,73.0,0.48907
8004.0,74.0,0.672398
8004.0,75.0,0.573398
8004.0,76.0,0.907161
8004.0,77.0,0.796905
8004.0,78.0,0.364147
8004.0,79.0,0.0
8004.0,80.0,0.98492
8004.0,81.0,0.307
8004.0,82.0,0.589249
8004.0,83.0,0.532389
8004.0,84.0,1.0
8004.0,85.0,0.414496
8004.0,86.0,0.751019
8004.0,87.0,1.0
8004.0,88.0,0.0
8004.0,89.0,0.70996
8004.0,90.0,0.703914
8004.0,91.0,0.45087
8004.0,92.0,0.091587
8004.0,93.0,0.451196
8004.0,94.0,0.43568
8004.0,95.0,0.038583
8004.0,96.0,1.0
8004.0,97.0,0.493311
8004.0,98.0,0.0
8004.0,99.0,0.068614
8004.0,100.0,0.737128
8004.0,101.0,0.386119
8004.0,102.0,0.822345
8004.0,103.0,0.0
8004.0,104.0,0.006906
8004.0,105.0,0.653037
8004.0,106.0,0.767406
8004.0,107.0,0.885293
8004.0,108.0,0.921721
8004.0,109.0,0.996287
8004.0,110.0,0.39147
8004.0,111.0,0.902281
8004.0,112.0,0.155497
8004.0,113.0,0.557903
8004.0,114.0,0.370111
8004.0,115.0,0.147459
8004.0,116.0,0.992116
8004.0,117.0,0.281177
8004.0,118.0,0.805124
8004.0,119.0,0.086267
8004.0,120.0,0.0
8004.0,121.0,0.314921
8004.0,122.0,0.574609
8004.0,123.0,1.0
8004.0,124.0,0.470578
8004.0,125.0,0.496418
8004.0,126.0,0.375168
8004.0,127.0,0.044266
8004.0,128.0,0.023182
8004.0,129.0,0.992379
8004.0,130.0,0.007275
8004.0,131.0,0.997274
8004.0,132.0,0.398621
8004.0,133.0,0.840034
8004.0,134.0,0.470123
8004.0,135.0,0.375051
8004.0,136.0,1.0
8004.0,137.0,0.502982
8004.0,138.0,0.742916
8004.0,139.0,0.427415
8004.0,140.0,0.0
8004.0,141.0,0.642455
8004.0,142.0,1.0
8004.0,143.0,0.155085
8004.0,144.0,0.157408
8004.0,145.0,0.397781
8004.0,146.0,0.555532
8004.0,147.0,1.0
8004.0,148.0,0.397296
8004.0,149.0,0.495409
8004.0,150.0,0.24278
8004.0,151.0,0.56494
8004.0,152.0,0.338435
8004.0,153.0,0.384819
8004.0,154.0,0.597619
8004.0,155.0,0.635139
8004.0,156.0,0.716916
8004.0,157.0,0.0
8004.0,158.0,0.198232
8004.0,159.0,0.142307
8004.0,160.0,0.030526
8004.0,161.0,0.007635
8004.0,162.0,0.766836
8004.0,163.0,0.614781
8004.0,164.0,0.658193
8004.0,165.0,0.465776
8004.0,166.0,0.0
8004.0,167.0,0.453989
8004.0,168.0,0.570555
8004.0,169.0,0.72311
8004.0,170.0,0.676469
8004.0,171.0,0.471615
8004.0,172.0,0.539086
8004.0,173.0,0.678749
8004.0,174.0,0.417726
8004.0,175.0,0.359468
8004.0,176.0,0.183952
8004.0,177.0,0.0
8004.0,178.0,1.0
8004.0,179.0,0.402151
8004.0,180.0,0.352489
8004.0,181.0,0.173274
8004.0,182.0,0.0
8004.0,183.0,0.0
8004.0,184.0,0.495698
8004.0,185.0,0.512299
8004.0,186.0,0.88889
8004.0,187.0,0.50718
8004.0,188.0,0.0
8004.0,189.0,0.90197
8004.0,190.0,1.0
8004.0,191.0,0.654271
8004.0,192.0,0.124292
8004.0,193.0,0.823331
8004.0,194.0,0.0
8004.0,195.0,0.486212
8004.0,196.0,0.497541
8004.0,197.0,0.313359
8004.0,198.0,0.441247
8004.0,199.0,0.038454
8004.0,200.0,0.0
8004.0,201.0,0.748659
8004.0,202.0,1.0
8004.0,203.0,0.622274
8004.0,204.0,0.295554
8004.0,205.0,0.0
8004.0,206.0,0.431937
8004.0,207.0,1.0
8004.0,208.0,0.583721
8004.0,209.0,0.69913
8004.0,210.0,0.33928
8004.0,211.0,0.100166
8004.0,212.0,0.59465
8004.0,213.0,0.0
8004.0,214.0,0.574754
8004.0,215.0,0.683565
8004.0,216.0,1.0
8004.0,217.0,0.704943
8004.0,218.0,0.0
8004.0,219.0,0.286293
8004.0,220.0,0.989318
8004.0,221.0,0.559542
8004.0,222.0,0.000362
8004.0,223.0,0.615672
8004.0,224.0,0.375908
8004.0,225.0,0.796807
8004.0,226.0,0.748035
8004.0,227.0,0.8459
8004.0,228.0,0.77037
8004.0,229.0,0.234887
8004.0,230.0,0.384386
8004.0,231.0,0.519374
8004.0,232.0,0.19891
8004.0,233.0,0.781139
8004.0,234.0,0.298238
8004.0,235.0,0.0
8004.0,236.0,0.959642
8004.0,237.0,0.104168
8004.0,238.0,0.621147
8004.0,239.0,1.0
8004.0,240.0,0.182207
8004.0,241.0,0.473039
8004.0,242.0,0.464201
8004.0,243.0,0.0
8004.0,244.0,0.0
8004.0,245.0,1.0
8004.0,246.0,0.652063
8004.0,247.0,0.508572
8004.0,248.0,0.561692
8004.0,249.0,0.461283
8004.0,250.0,0.552627
8004.0,251.0,0.950343
8004.0,252.0,0.403318
8004.0,253.0,0.727046
8004.0,254.0,0.628256
8004.0,255.0,0.421522
8004.0,256.0,1.0
8004.0,257.0,0.859099
8004.0,258.0,0.484554
8004.0,259.0,0.62443
8004.0,260.0,0.951525
8004.0,261.0,0.330217
8004.0,262.0,0.0
8004.0,263.0,0.464915
8004.0,264.0,0.0
8004.0,265.0,0.301249
8004.0,266.0,0.395265
8004.0,267.0,0.785389
8004.0,268.0,0.442277
8004.0,269.0,0.157914
8004.0,270.0,0.921042
8004.0,271.0,0.0
8004.0,272.0,0.132384
8004.0,273.0,0.366323
8004.0,274.0,0.115433
8004.0,275.0,0.677316
8004.0,276.0,0.020567
8004.0,277.0,0.32641
8004.0,278.0,0.49778
8004.0,279.0,0.226187
8004.0,280.0,0.515631
8004.0,281.0,0.854063
8004.0,282.0,1.0
8004.0,283.0,0.428761
8004.0,284.0,0.101096
8004.0,285.0,0.469473
8004.0,286.0,0.826388
8004.0,287.0,0.275563
8004.0,288.0,0.449279
8004.0,289.0,0.410989
8004.0,290.0,0.603021
8004.0,291.0,0.421635
8004.0,292.0,0.696109
8004.0,293.0,1.0
8004.0,294.0,0.248968
8004.0,295.0,0.26823
8004.0,296.0,0.0
8004.0,297.0,0.932592
8004.0,298.0,0.005148
8004.0,299.0,0.0
8004.0,300.0,0.368447
8004.0,301.0,0.748523
8004.0,302.0,0.005875
8004.0,303.0,0.972242
8004.0,304.0,0.0
8004.0,305.0,0.873701
8004.0,306.0,0.7087
8004.0,307.0,0.570515
8004.0,308.0,0.553954
8004.0,309.0,0.0
8004.0,310.0,1.0
8004.0,311.0,0.498709
8004.0,312.0,0.0
8004.0,313.0,0.560725
8004.0,314.0,0.389797
8004.0,315.0,0.492174
8004.0,316.0,0.323929
8004.0,317.0,0.977359
8004.0,318.0,0.622682
8004.0,319.0,0.001058
8004.0,320.0,0.35674
8004.0,321.0,0.0
8004.0,322.0,0.110516
8004.0,323.0,0.468623
8004.0,324.0,0.561412
8004.0,325.0,0.004281
8004.0,326.0,0.808908
8004.0,327.0,0.14013
8004.0,328.0,0.066608
8004.0,329.0,0.892973
8004.0,330.0,0.020902
8004.0,331.0,0.632042
8004.0,332.0,0.369618
8004.0,333.0,0.0
8004.0,334.0,0.292295
8005.0,0.0,0.0
8005.0,1.0,0.0
8005.0,2.0,0.0
8005.0,3.0,0.4492
8005.0,4.0,0.283632
8005.0,5.0,0.481538
8005.0,6.0,0.813355
8005.0,7.0,0.801573
8005.0,8.0,0.045714
8005.0,9.0,0.773272
8005.0,10.0,1.0
8005.0,11.0,0.993697
8005.0,12.0,0.374558
8005.0,13.0,0.353783
8005.0,14.0,0.660058
8005.0,15.0,0.899224
8005.0,16.0,0.619256
8005.0,17.0,0.0
8005.0,18.0,0.640719
8005.0,19.0,0.8712
8005.0,20.0,0.473274
8005.0,21.0,0.0
8005.0,22.0,0.904718
8005.0,23.0,1.0
8005.0,24.0,0.43194
8005.0,25.0,0.511545
8005.0,26.0,0.838991
8005.0,27.0,0.454815
8005.0,28.0,0.720953
8005.0,29.0,1.0
8005.0,30.0,0.257614
8005.0,31.0,0.740012
8005.0,32.0,1.0
8005.0,33.0,1.0
8005.0,34.0,0.036739
8005.0,35.0,0.365029
8005.0,36.0,0.407222
8005.0,37.0,0.516654
8005.0,38.0,0.479894
8005.0,39.0,0.995696
8005.0,40.0,0.653909
8005.0,41.0,0.828671
8005.0,42.0,0.397337
8005.0,43.0,0.922929
8005.0,44.0,0.632282
8005.0,45.0,0.796658
8005.0,46.0,0.517229
8005.0,47.0,0.997977
8005.0,48.0,1.0
8005.0,49.0,0.264615
8005.0,50.0,0.0
8005.0,51.0,0.306731
8005.0,52.0,1.0
8005.0,53.0,0.815179
8005.0,54.0,1.0
8005.0,55.0,0.000113
8005.0,56.0,0.348589
8005.0,57.0,0.0
8005.0,58.0,0.434032
8005.0,59.0,0.322921
8005.0,60.0,0.8436
8005.0,61.0,0.994144
8005.0,62.0,0.199585
8005.0,63.0,0.764993
8005.0,64.0,0.949893
8005.0,65.0,0.014509
8005.0,66.0,0.0
8005.0,67.0,0.556914
8005.0,68.0,0.001504
8005.0,69.0,0.029004
8005.0,70.0,0.267365
8005.0,71.0,0.080799
8005.0,72.0,0.551647
8005.0,73.0,0.489793
8005.0,74.0,0.674601
8005.0,75.0,0.579141
8005.0,76.0,0.90792
8005.0,77.0,0.798369
8005.0,78.0,0.371728
8005.0,79.0,0.0
8005.0,80.0,0.985087
8005.0,81.0,0.309535
8005.0,82.0,0.59206
8005.0,83.0,0.536143
8005.0,84.0,1.0
8005.0,85.0,0.413957
8005.0,86.0,0.753573
8005.0,87.0,1.0
8005.0,88.0,0.0
8005.0,89.0,0.712243
8005.0,90.0,0.704418
8005.0,91.0,0.451473
8005.0,92.0,0.092953
8005.0,93.0,0.453151
8005.0,94.0,0.44031
8005.0,95.0,0.038843
8005.0,96.0,1.0
8005.0,97.0,0.532687
8005.0,98.0,0.0
8005.0,99.0,0.068825
8005.0,100.0,0.738738
8005.0,101.0,0.387907
8005.0,102.0,0.827379
8005.0,103.0,0.0
8005.0,104.0,0.006903
8005.0,105.0,0.654764
8005.0,106.0,0.769491
8005.0,107.0,0.885426
8005.0,108.0,0.924489
8005.0,109.0,0.996411
8005.0,110.0,0.391973
8005.0,111.0,0.902495
8005.0,112.0,0.155687
8005.0,113.0,0.557774
8005.0,114.0,0.374386
8005.0,115.0,0.148427
8005.0,116.0,0.99218
8005.0,117.0,0.283
8005.0,118.0,0.807249
8005.0,119.0,0.086681
8005.0,120.0,0.0
8005.0,121.0,0.325375
8005.0,122.0,0.576383
8005.0,123.0,1.0
8005.0,124.0,0.475648
8005.0,125.0,0.501636
8005.0,126.0,0.377267
8005.0,127.0,0.045389
8005.0,128.0,0.023367
8005.0,129.0,0.992362
8005.0,130.0,0.007377
8005.0,131.0,0.997424
8005.0,132.0,0.405214
8005.0,133.0,0.841784
8005.0,134.0,0.457186
8005.0,135.0,0.384142
8005.0,136.0,1.0
8005.0,137.0,0.506103
8005.0,138.0,0.748328
8005.0,139.0,0.432692
8005.0,140.0,0.0
8005.0,141.0,0.643421
8005.0,142.0,1.0
8005.0,143.0,0.157853
8005.0,144.0,0.158479
8005.0,145.0,0.401758
8005.0,146.0,0.557843
8005.0,147.0,1.0
8005.0,148.0,0.400178
8005.0,149.0,0.502657
8005.0,150.0,0.243746
8005.0,151.0,0.568979
8005.0,152.0,0.338617
8005.0,153.0,0.394689
8005.0,154.0,0.599032
8005.0,155.0,0.641333
8005.0,156.0,0.716703
8005.0,157.0,0.0
8005.0,158.0,0.203681
8005.0,159.0,0.146613
8005.0,160.0,0.031096
8005.0,161.0,0.007672
8005.0,162.0,0.767001
8005.0,163.0,0.617537
8005.0,164.0,0.661385
8005.0,165.0,0.473317
8005.0,166.0,0.0
8005.0,167.0,0.455703
8005.0,168.0,0.571974
8005.0,169.0,0.749088
8005.0,170.0,0.680462
8005.0,171.0,0.471422
8005.0,172.0,0.54151
8005.0,173.0,0.681585
8005.0,174.0,0.418668
8005.0,175.0,0.361147
8005.0,176.0,0.185108
8005.0,177.0,0.0
8005.0,178.0,1.0
8005.0,179.0,0.409183
8005.0,180.0,0.357264
8005.0,181.0,0.174378
8005.0,182.0,0.0
8005.0,183.0,0.0
8005.0,184.0,0.50033
8005.0,185.0,0.51352
8005.0,186.0,0.891348
8005.0,187.0,0.506638
8005.0,188.0,0.0
8005.0,189.0,0.902795
8005.0,190.0,1.0
8005.0,191.0,0.654651
8005.0,192.0,0.124648
8005.0,193.0,0.824317
8005.0,194.0,0.0
8005.0,195.0,0.49287
8005.0,196.0,0.49453
8005.0,197.0,0.316152
8005.0,198.0,0.444693
8005.0,199.0,0.038772
8005.0,200.0,0.0
8005.0,201.0,0.750519
8005.0,202.0,1.0
8005.0,203.0,0.63846
8005.0,204.0,0.297865
8005.0,205.0,0.0
8005.0,206.0,0.452534
8005.0,207.0,1.0
8005.0,208.0,0.586703
8005.0,209.0,0.699934
8005.0,210.0,0.348998
8005.0,211.0,0.099743
8005.0,212.0,0.602454
8005.0,213.0,0.0
8005.0,214.0,0.580614
8005.0,215.0,0.68802
8005.0,216.0,1.0
8005.0,217.0,0.7086
8005.0,218.0,0.0
8005.0,219.0,0.287257
8005.0,220.0,0.989427
8005.0,221.0,0.569291
8005.0,222.0,0.000378
8005.0,223.0,0.616385
8005.0,224.0,0.379092
8005.0,225.0,0.799906
8005.0,226.0,0.753114
8005.0,227.0,0.847667
8005.0,228.0,0.772999
8005.0,229.0,0.237507
8005.0,230.0,0.385578
8005.0,231.0,0.567497
8005.0,232.0,0.198938
8005.0,233.0,0.785118
8005.0,234.0,0.304207
8005.0,235.0,0.0
8005.0,236.0,0.959868
8005.0,237.0,0.104845
8005.0,238.0,0.632074
8005.0,239.0,1.0
8005.0,240.0,0.183857
8005.0,241.0,0.476451
8005.0,242.0,0.46634
8005.0,243.0,0.0
8005.0,244.0,0.0
8005.0,245.0,1.0
8005.0,246.0,0.653068
8005.0,247.0,0.509753
8005.0,248.0,0.565121
8005.0,249.0,0.4654
8005.0,250.0,0.558364
8005.0,251.0,0.950229
8005.0,252.0,0.40413
8005.0,253.0,0.728932
8005.0,254.0,0.633709
8005.0,255.0,0.423198
8005.0,256.0,1.0
8005.0,257.0,0.861132
8005.0,258.0,0.485973
8005.0,259.0,0.62685
8005.0,260.0,0.95236
8005.0,261.0,0.337797
8005.0,262.0,0.0
8005.0,263.0,0.466529
8005.0,264.0,0.0
8005.0,265.0,0.301701
8005.0,266.0,0.398432
8005.0,267.0,0.787016
8005.0,268.0,0.448306
8005.0,269.0,0.160172
8005.0,270.0,0.920957
8005.0,271.0,0.0
8005.0,272.0,0.133963
8005.0,273.0,0.369103
8005.0,274.0,0.115647
8005.0,275.0,0.678956
8005.0,276.0,0.02086
8005.0,277.0,0.329382
8005.0,278.0,0.499816
8005.0,279.0,0.22883
8005.0,280.0,0.517329
8005.0,281.0,0.85699
8005.0,282.0,1.0
8005.0,283.0,0.428927
8005.0,284.0,0.10145
8005.0,285.0,0.477335
8005.0,286.0,0.831023
8005.0,287.0,0.277077
8005.0,288.0,0.454906
8005.0,289.0,0.417831
8005.0,290.0,0.603829
8005.0,291.0,0.425478
8005.0,292.0,0.699019
8005.0,293.0,1.0
8005.0,294.0,0.24975
8005.0,295.0,0.271289
8005.0,296.0,0.0
8005.0,297.0,0.933178
8005.0,298.0,0.005127
8005.0,299.0,0.0
8005.0,300.0,0.371681
8005.0,301.0,0.749612
8005.0,302.0,0.005933
8005.0,303.0,0.972323
8005.0,304.0,0.0
8005.0,305.0,0.874092
8005.0,306.0,0.710534
8005.0,307.0,0.570898
8005.0,308.0,0.558175
8005.0,309.0,0.0
8005.0,310.0,1.0
8005.0,311.0,0.498819
8005.0,312.0,0.0
8005.0,313.0,0.561938
8005.0,314.0,0.391381
8005.0,315.0,0.495942
8005.0,316.0,0.325321
8005.0,317.0,0.977747
8005.0,318.0,0.623281
8005.0,319.0,0.001074
8005.0,320.0,0.364365
8005.0,321.0,0.0
8005.0,322.0,0.111569
8005.0,323.0,0.499141
8005.0,324.0,0.562704
8005.0,325.0,0.004607
8005.0,326.0,0.809798
8005.0,327.0,0.140376
8005.0,328.0,0.066814
8005.0,329.0,0.900001
8005.0,330.0,0.021104
8005.0,331.0,0.63274
8005.0,332.0,0.373681
8005.0,333.0,0.0
8005.0,334.0,0.296756
8006.0,0.0,0.0
8006.0,1.0,0.0
8006.0,2.0,0.0
8006.0,3.0,0.445101
8006.0,4.0,0.281535
8006.0,5.0,0.47213
8006.0,6.0,0.811318
8006.0,7.0,0.799724
8006.0,8.0,0.046036
8006.0,9.0,0.772585
8006.0,10.0,1.0
8006.0,11.0,0.993681
8006.0,12.0,0.367609
8006.0,13.0,0.351022
8006.0,14.0,0.646664
8006.0,15.0,0.89888
8006.0,16.0,0.61736
8006.0,17.0,0.0
8006.0,18.0,0.633698
8006.0,19.0,0.870713
8006.0,20.0,0.467758
8006.0,21.0,0.0
8006.0,22.0,0.903334
8006.0,23.0,1.0
8006.0,24.0,0.430176
8006.0,25.0,0.503836
8006.0,26.0,0.83129
8006.0,27.0,0.450406
8006.0,28.0,0.717357
8006.0,29.0,1.0
8006.0,30.0,0.247283
8006.0,31.0,0.739715
8006.0,32.0,1.0
8006.0,33.0,1.0
8006.0,34.0,0.034877
8006.0,35.0,0.363907
8006.0,36.0,0.405985
8006.0,37.0,0.515328
8006.0,38.0,0.475199
8006.0,39.0,0.995455
8006.0,40.0,0.650131
8006.0,41.0,0.826314
8006.0,42.0,0.391623
8006.0,43.0,0.91597
8006.0,44.0,0.626856
8006.0,45.0,0.788475
8006.0,46.0,0.516681
8006.0,47.0,0.997806
8006.0,48.0,1.0
8006.0,49.0,0.262549
8006.0,50.0,0.0
8006.0,51.0,0.303037
8006.0,52.0,1.0
8006.0,53.0,0.810545
8006.0,54.0,1.0
8006.0,55.0,0.000113
8006.0,56.0,0.346904
8006.0,57.0,0.0
8006.0,58.0,0.432761
8006.0,59.0,0.317831
8006.0,60.0,0.842631
8006.0,61.0,0.994121
8006.0,62.0,0.195248
8006.0,63.0,0.763837
8006.0,64.0,0.948929
8006.0,65.0,0.01445
8006.0,66.0,0.0
8006.0,67.0,0.553221
8006.0,68.0,0.001469
8006.0,69.0,0.028707
8006.0,70.0,0.265957
8006.0,71.0,0.078578
8006.0,72.0,0.546293
8006.0,73.0,0.488864
8006.0,74.0,0.672967
8006.0,75.0,0.572271
8006.0,76.0,0.90654
8006.0,77.0,0.797183
8006.0,78.0,0.362452
8006.0,79.0,0.0
8006.0,80.0,0.985043
8006.0,81.0,0.306886
8006.0,82.0,0.588817
8006.0,83.0,0.531651
8006.0,84.0,1.0
8006.0,85.0,0.413805
8006.0,86.0,0.750566
8006.0,87.0,1.0
8006.0,88.0,0.0
8006.0,89.0,0.709881
8006.0,90.0,0.703357
8006.0,91.0,0.450668
8006.0,92.0,0.091508
8006.0,93.0,0.450823
8006.0,94.0,0.435449
8006.0,95.0,0.038761
8006.0,96.0,1.0
8006.0,97.0,0.48499
8006.0,98.0,0.0
8006.0,99.0,0.067973
8006.0,100.0,0.73764
8006.0,101.0,0.386503
8006.0,102.0,0.82199
8006.0,103.0,0.0
8006.0,104.0,0.006716
8006.0,105.0,0.652679
8006.0,106.0,0.767564
8006.0,107.0,0.88524
8006.0,108.0,0.921755
8006.0,109.0,0.996194
8006.0,110.0,0.391454
8006.0,111.0,0.901686
8006.0,112.0,0.15459
8006.0,113.0,0.557392
8006.0,114.0,0.368709
8006.0,115.0,0.147725
8006.0,116.0,0.992303
8006.0,117.0,0.281425
8006.0,118.0,0.804589
8006.0,119.0,0.08595
8006.0,120.0,0.0
8006.0,121.0,0.314058
8006.0,122.0,0.575139
8006.0,123.0,1.0
8006.0,124.0,0.469315
8006.0,125.0,0.49477
8006.0,126.0,0.374541
8006.0,127.0,0.044348
8006.0,128.0,0.023177
8006.0,129.0,0.992326
8006.0,130.0,0.007325
8006.0,131.0,0.997279
8006.0,132.0,0.398269
8006.0,133.0,0.839833
8006.0,134.0,0.471013
8006.0,135.0,0.373161
8006.0,136.0,1.0
8006.0,137.0,0.503464
8006.0,138.0,0.741986
8006.0,139.0,0.427285
8006.0,140.0,0.0
8006.0,141.0,0.642542
8006.0,142.0,1.0
8006.0,143.0,0.155181
8006.0,144.0,0.157167
8006.0,145.0,0.398164
8006.0,146.0,0.556335
8006.0,147.0,1.0
8006.0,148.0,0.397252
8006.0,149.0,0.494251
8006.0,150.0,0.242619
8006.0,151.0,0.565238
8006.0,152.0,0.337421
8006.0,153.0,0.383994
8006.0,154.0,0.598043
8006.0,155.0,0.635475
8006.0,156.0,0.71632
8006.0,157.0,0.0
8006.0,158.0,0.196896
8006.0,159.0,0.143403
8006.0,160.0,0.030386
8006.0,161.0,0.00775
8006.0,162.0,0.766449
8006.0,163.0,0.614643
8006.0,164.0,0.658083
8006.0,165.0,0.466777
8006.0,166.0,0.0
8006.0,167.0,0.453595
8006.0,168.0,0.570133
8006.0,169.0,0.720847
8006.0,170.0,0.676129
8006.0,171.0,0.470956
8006.0,172.0,0.539514
8006.0,173.0,0.678173
8006.0,174.0,0.417597
8006.0,175.0,0.359452
8006.0,176.0,0.182949
8006.0,177.0,0.0
8006.0,178.0,1.0
8006.0,179.0,0.400729
8006.0,180.0,0.350981
8006.0,181.0,0.172662
8006.0,182.0,0.0
8006.0,183.0,0.0
8006.0,184.0,0.496898
8006.0,185.0,0.511763
8006.0,186.0,0.887515
8006.0,187.0,0.506183
8006.0,188.0,0.0
8006.0,189.0,0.902307
8006.0,190.0,1.0
8006.0,191.0,0.654757
8006.0,192.0,0.124152
8006.0,193.0,0.823913
8006.0,194.0,0.0
8006.0,195.0,0.48544
8006.0,196.0,0.496558
8006.0,197.0,0.311988
8006.0,198.0,0.439988
8006.0,199.0,0.038921
8006.0,200.0,0.0
8006.0,201.0,0.749804
8006.0,202.0,1.0
8006.0,203.0,0.619298
8006.0,204.0,0.294938
8006.0,205.0,0.0
8006.0,206.0,0.430663
8006.0,207.0,1.0
8006.0,208.0,0.583725
8006.0,209.0,0.699749
8006.0,210.0,0.340091
8006.0,211.0,0.101093
8006.0,212.0,0.594777
8006.0,213.0,0.0
8006.0,214.0,0.572953
8006.0,215.0,0.681791
8006.0,216.0,1.0
8006.0,217.0,0.704339
8006.0,218.0,0.0
8006.0,219.0,0.28602
8006.0,220.0,0.989095
8006.0,221.0,0.559092
8006.0,222.0,0.000391
8006.0,223.0,0.614899
8006.0,224.0,0.375905
8006.0,225.0,0.79692
8006.0,226.0,0.748938
8006.0,227.0,0.844979
8006.0,228.0,0.770096
8006.0,229.0,0.234773
8006.0,230.0,0.384028
8006.0,231.0,0.506424
8006.0,232.0,0.199345
8006.0,233.0,0.781865
8006.0,234.0,0.299047
8006.0,235.0,0.0
8006.0,236.0,0.959435
8006.0,237.0,0.104564
8006.0,238.0,0.61998
8006.0,239.0,1.0
8006.0,240.0,0.182282
8006.0,241.0,0.474097
8006.0,242.0,0.463556
8006.0,243.0,0.0
8006.0,244.0,0.0
8006.0,245.0,1.0
8006.0,246.0,0.652007
8006.0,247.0,0.50817
8006.0,248.0,0.560754
8006.0,249.0,0.461698
8006.0,250.0,0.551958
8006.0,251.0,0.94965
8006.0,252.0,0.403681
8006.0,253.0,0.726279
8006.0,254.0,0.628541
8006.0,255.0,0.421802
8006.0,256.0,1.0
8006.0,257.0,0.859355
8006.0,258.0,0.484795
8006.0,259.0,0.625152
8006.0,260.0,0.95147
8006.0,261.0,0.330787
8006.0,262.0,0.0
8006.0,263.0,0.465569
8006.0,264.0,0.0
8006.0,265.0,0.301005
8006.0,266.0,0.395682
8006.0,267.0,0.785279
8006.0,268.0,0.442944
8006.0,269.0,0.157477
8006.0,270.0,0.92058
8006.0,271.0,0.0
8006.0,272.0,0.132487
8006.0,273.0,0.365158
8006.0,274.0,0.115239
8006.0,275.0,0.676155
8006.0,276.0,0.020396
8006.0,277.0,0.326754
8006.0,278.0,0.497216
8006.0,279.0,0.226434
8006.0,280.0,0.515999
8006.0,281.0,0.853629
8006.0,282.0,1.0
8006.0,283.0,0.428884
8006.0,284.0,0.101144
8006.0,285.0,0.469877
8006.0,286.0,0.826628
8006.0,287.0,0.275768
8006.0,288.0,0.447817
8006.0,289.0,0.410979
8006.0,290.0,0.60422
8006.0,291.0,0.421731
8006.0,292.0,0.696589
8006.0,293.0,1.0
8006.0,294.0,0.249932
8006.0,295.0,0.268941
8006.0,296.0,0.0
8006.0,297.0,0.932904
8006.0,298.0,0.005082
8006.0,299.0,0.0
8006.0,300.0,0.368352
8006.0,301.0,0.748427
8006.0,302.0,0.00581
8006.0,303.0,0.972029
8006.0,304.0,0.0
8006.0,305.0,0.873798
8006.0,306.0,0.708966
8006.0,307.0,0.569948
8006.0,308.0,0.552203
8006.0,309.0,0.0
8006.0,310.0,1.0
8006.0,311.0,0.498854
8006.0,312.0,0.0
8006.0,313.0,0.559877
8006.0,314.0,0.390238
8006.0,315.0,0.492996
8006.0,316.0,0.322974
8006.0,317.0,0.977662
8006.0,318.0,0.62161
8006.0,319.0,0.001109
8006.0,320.0,0.355569
8006.0,321.0,0.0
8006.0,322.0,0.110006
8006.0,323.0,0.462471
8006.0,324.0,0.560952
8006.0,325.0,0.004248
8006.0,326.0,0.808473
8006.0,327.0,0.140044
8006.0,328.0,0.066528
8006.0,329.0,0.891665
8006.0,330.0,0.021125
8006.0,331.0,0.632626
8006.0,332.0,0.368919
8006.0,333.0,0.0
8006.0,334.0,0.291587
8007.0,0.0,0.0
8007.0,1.0,0.0
8007.0,2.0,0.0
8007.0,3.0,0.440963
8007.0,4.0,0.279526
8007.0,5.0,0.462956
8007.0,6.0,0.809381
8007.0,7.0,0.797796
8007.0,8.0,0.045835
8007.0,9.0,0.77168
8007.0,10.0,1.0
8007.0,11.0,0.993655
8007.0,12.0,0.360155
8007.0,13.0,0.347582
8007.0,14.0,0.633627
8007.0,15.0,0.898141
8007.0,16.0,0.616454
8007.0,17.0,0.0
8007.0,18.0,0.626032
8007.0,19.0,0.870072
8007.0,20.0,0.462268
8007.0,21.0,0.0
8007.0,22.0,0.902242
8007.0,23.0,1.0
8007.0,24.0,0.428732
8007.0,25.0,0.495594
8007.0,26.0,0.823565
8007.0,27.0,0.445341
8007.0,28.0,0.713622
8007.0,29.0,1.0
8007.0,30.0,0.238029
8007.0,31.0,0.739881
8007.0,32.0,1.0
8007.0,33.0,1.0
8007.0,34.0,0.032761
8007.0,35.0,0.363174
8007.0,36.0,0.403574
8007.0,37.0,0.51454
8007.0,38.0,0.469942
8007.0,39.0,0.995389
8007.0,40.0,0.645414
8007.0,41.0,0.823272
8007.0,42.0,0.385281
8007.0,43.0,0.909273
8007.0,44.0,0.62055
8007.0,45.0,0.7805
8007.0,46.0,0.516265
8007.0,47.0,0.997662
8007.0,48.0,1.0
8007.0,49.0,0.259943
8007.0,50.0,0.0
8007.0,51.0,0.300471
8007.0,52.0,1.0
8007.0,53.0,0.806995
8007.0,54.0,1.0
8007.0,55.0,0.000119
8007.0,56.0,0.34588
8007.0,57.0,0.0
8007.0,58.0,0.430061
8007.0,59.0,0.311074
8007.0,60.0,0.843559
8007.0,61.0,0.994018
8007.0,62.0,0.191134
8007.0,63.0,0.763477
8007.0,64.0,0.94769
8007.0,65.0,0.014406
8007.0,66.0,0.0
8007.0,67.0,0.549721
8007.0,68.0,0.001367
8007.0,69.0,0.028499
8007.0,70.0,0.264859
8007.0,71.0,0.076388
8007.0,72.0,0.541993
8007.0,73.0,0.489092
8007.0,74.0,0.670147
8007.0,75.0,0.564842
8007.0,76.0,0.90596
8007.0,77.0,0.79611
8007.0,78.0,0.354206
8007.0,79.0,0.0
8007.0,80.0,0.985073
8007.0,81.0,0.304874
8007.0,82.0,0.584701
8007.0,83.0,0.528024
8007.0,84.0,1.0
8007.0,85.0,0.413601
8007.0,86.0,0.74693
8007.0,87.0,1.0
8007.0,88.0,0.0
8007.0,89.0,0.707581
8007.0,90.0,0.70206
8007.0,91.0,0.449815
8007.0,92.0,0.090145
8007.0,93.0,0.450025
8007.0,94.0,0.431239
8007.0,95.0,0.038487
8007.0,96.0,1.0
8007.0,97.0,0.43974
8007.0,98.0,0.0
8007.0,99.0,0.067095
8007.0,100.0,0.736127
8007.0,101.0,0.385323
8007.0,102.0,0.816063
8007.0,103.0,0.0
8007.0,104.0,0.006623
8007.0,105.0,0.651146
8007.0,106.0,0.764889
8007.0,107.0,0.884798
8007.0,108.0,0.919287
8007.0,109.0,0.99598
8007.0,110.0,0.391478
8007.0,111.0,0.900604
8007.0,112.0,0.154663
8007.0,113.0,0.556146
8007.0,114.0,0.363841
8007.0,115.0,0.146123
8007.0,116.0,0.992417
8007.0,117.0,0.279856
8007.0,118.0,0.802274
8007.0,119.0,0.084816
8007.0,120.0,0.0
8007.0,121.0,0.30246
8007.0,122.0,0.572657
8007.0,123.0,1.0
8007.0,124.0,0.464856
8007.0,125.0,0.489454
8007.0,126.0,0.372552
8007.0,127.0,0.043145
8007.0,128.0,0.022817
8007.0,129.0,0.992476
8007.0,130.0,0.007116
8007.0,131.0,0.997131
8007.0,132.0,0.391426
8007.0,133.0,0.837537
8007.0,134.0,0.484686
8007.0,135.0,0.363209
8007.0,136.0,1.0
8007.0,137.0,0.500347
8007.0,138.0,0.735921
8007.0,139.0,0.421901
8007.0,140.0,0.0
8007.0,141.0,0.6418
8007.0,142.0,1.0
8007.0,143.0,0.153169
8007.0,144.0,0.156449
8007.0,145.0,0.39418
8007.0,146.0,0.554264
8007.0,147.0,1.0
8007.0,148.0,0.393386
8007.0,149.0,0.484889
8007.0,150.0,0.240828
8007.0,151.0,0.561014
8007.0,152.0,0.336199
8007.0,153.0,0.374056
8007.0,154.0,0.597356
8007.0,155.0,0.629951
8007.0,156.0,0.71568
8007.0,157.0,0.0
8007.0,158.0,0.190454
8007.0,159.0,0.139892
8007.0,160.0,0.029513
8007.0,161.0,0.00759
8007.0,162.0,0.765903
8007.0,163.0,0.612103
8007.0,164.0,0.655301
8007.0,165.0,0.459943
8007.0,166.0,0.0
8007.0,167.0,0.452318
8007.0,168.0,0.569663
8007.0,169.0,0.692041
8007.0,170.0,0.671043
8007.0,171.0,0.471056
8007.0,172.0,0.536897
8007.0,173.0,0.675174
8007.0,174.0,0.416644
8007.0,175.0,0.35833
8007.0,176.0,0.18115
8007.0,177.0,0.0
8007.0,178.0,1.0
8007.0,179.0,0.392015
8007.0,180.0,0.346041
8007.0,181.0,0.171145
8007.0,182.0,0.0
8007.0,183.0,0.0
8007.0,184.0,0.492806
8007.0,185.0,0.510374
8007.0,186.0,0.884315
8007.0,187.0,0.506458
8007.0,188.0,0.0
8007.0,189.0,0.901931
8007.0,190.0,1.0
8007.0,191.0,0.653053
8007.0,192.0,0.124003
8007.0,193.0,0.823291
8007.0,194.0,0.0
8007.0,195.0,0.478743
8007.0,196.0,0.499355
8007.0,197.0,0.307764
8007.0,198.0,0.435848
8007.0,199.0,0.038745
8007.0,200.0,0.0
8007.0,201.0,0.748416
8007.0,202.0,1.0
8007.0,203.0,0.601987
8007.0,204.0,0.292598
8007.0,205.0,0.0
8007.0,206.0,0.408854
8007.0,207.0,1.0
8007.0,208.0,0.580151
8007.0,209.0,0.698851
8007.0,210.0,0.329891
8007.0,211.0,0.102066
8007.0,212.0,0.588173
8007.0,213.0,0.0
8007.0,214.0,0.565483
8007.0,215.0,0.675403
8007.0,216.0,1.0
8007.0,217.0,0.700145
8007.0,218.0,0.0
8007.0,219.0,0.285118
8007.0,220.0,0.988777
8007.0,221.0,0.549056
8007.0,222.0,0.000369
8007.0,223.0,0.613603
8007.0,224.0,0.371934
8007.0,225.0,0.794442
8007.0,226.0,0.744568
8007.0,227.0,0.842955
8007.0,228.0,0.766951
8007.0,229.0,0.232621
8007.0,230.0,0.382736
8007.0,231.0,0.446532
8007.0,232.0,0.19892
8007.0,233.0,0.778423
8007.0,234.0,0.294133
8007.0,235.0,0.0
8007.0,236.0,0.959128
8007.0,237.0,0.105163
8007.0,238.0,0.607987
8007.0,239.0,1.0
8007.0,240.0,0.180895
8007.0,241.0,0.470978
8007.0,242.0,0.459902
8007.0,243.0,0.0
8007.0,244.0,0.0
8007.0,245.0,1.0
8007.0,246.0,0.651095
8007.0,247.0,0.506849
8007.0,248.0,0.557309
8007.0,249.0,0.457333
8007.0,250.0,0.545347
8007.0,251.0,0.949428
8007.0,252.0,0.40291
8007.0,253.0,0.724104
8007.0,254.0,0.624012
8007.0,255.0,0.420519
8007.0,256.0,1.0
8007.0,257.0,0.85748
8007.0,258.0,0.483741
8007.0,259.0,0.622963
8007.0,260.0,0.950574
8007.0,261.0,0.322899
8007.0,262.0,0.0
8007.0,263.0,0.464209
8007.0,264.0,0.0
8007.0,265.0,0.301137
8007.0,266.0,0.393481
8007.0,267.0,0.783175
8007.0,268.0,0.43753
8007.0,269.0,0.155686
8007.0,270.0,0.919927
8007.0,271.0,0.0
8007.0,272.0,0.13128
8007.0,273.0,0.361646
8007.0,274.0,0.11445
8007.0,275.0,0.675245
8007.0,276.0,0.020258
8007.0,277.0,0.324108
8007.0,278.0,0.493756
8007.0,279.0,0.223966
8007.0,280.0,0.515114
8007.0,281.0,0.850106
8007.0,282.0,1.0
8007.0,283.0,0.427506
8007.0,284.0,0.099904
8007.0,285.0,0.463393
8007.0,286.0,0.821749
8007.0,287.0,0.274468
8007.0,288.0,0.440733
8007.0,289.0,0.403926
8007.0,290.0,0.603488
8007.0,291.0,0.418512
8007.0,292.0,0.694334
8007.0,293.0,1.0
8007.0,294.0,0.249943
8007.0,295.0,0.265384
8007.0,296.0,0.0
8007.0,297.0,0.932354
8007.0,298.0,0.004948
8007.0,299.0,0.0
8007.0,300.0,0.364785
8007.0,301.0,0.748233
8007.0,302.0,0.005751
8007.0,303.0,0.971697
8007.0,304.0,0.0
8007.0,305.0,0.873485
8007.0,306.0,0.706899
8007.0,307.0,0.569894
8007.0,308.0,0.547331
8007.0,309.0,0.0
8007.0,310.0,1.0
8007.0,311.0,0.498678
8007.0,312.0,0.0
8007.0,313.0,0.558275
8007.0,314.0,0.389315
8007.0,315.0,0.489686
8007.0,316.0,0.321329
8007.0,317.0,0.977234
8007.0,318.0,0.619862
8007.0,319.0,0.001095
8007.0,320.0,0.346059
8007.0,321.0,0.0
8007.0,322.0,0.108837
8007.0,323.0,0.427732
8007.0,324.0,0.55927
8007.0,325.0,0.004003
8007.0,326.0,0.807483
8007.0,327.0,0.139995
8007.0,328.0,0.066996
8007.0,329.0,0.883397
8007.0,330.0,0.021186
8007.0,331.0,0.631667
8007.0,332.0,0.364224
8007.0,333.0,0.0
8007.0,334.0,0.287112
8008.0,0.0,0.0
8008.0,1.0,0.0
8008.0,2.0,0.0
8008.0,3.0,0.437005
8008.0,4.0,0.27756
8008.0,5.0,0.45375
8008.0,6.0,0.807919
8008.0,7.0,0.796036
8008.0,8.0,0.045741
8008.0,9.0,0.77062
8008.0,10.0,1.0
8008.0,11.0,0.993552
8008.0,12.0,0.353893
8008.0,13.0,0.344538
8008.0,14.0,0.620161
8008.0,15.0,0.897645
8008.0,16.0,0.613804
8008.0,17.0,0.0
8008.0,18.0,0.618634
8008.0,19.0,0.868975
8008.0,20.0,0.456991
8008.0,21.0,0.0
8008.0,22.0,0.900782
8008.0,23.0,1.0
8008.0,24.0,0.426915
8008.0,25.0,0.486695
8008.0,26.0,0.815514
8008.0,27.0,0.440379
8008.0,28.0,0.710059
8008.0,29.0,1.0
8008.0,30.0,0.22882
8008.0,31.0,0.739788
8008.0,32.0,1.0
8008.0,33.0,1.0
8008.0,34.0,0.030931
8008.0,35.0,0.362461
8008.0,36.0,0.40082
8008.0,37.0,0.513949
8008.0,38.0,0.46515
8008.0,39.0,0.995111
8008.0,40.0,0.64197
8008.0,41.0,0.820481
8008.0,42.0,0.379997
8008.0,43.0,0.901007
8008.0,44.0,0.616268
8008.0,45.0,0.773407
8008.0,46.0,0.515885
8008.0,47.0,0.99749
8008.0,48.0,1.0
8008.0,49.0,0.258295
8008.0,50.0,0.0
8008.0,51.0,0.296483
8008.0,52.0,1.0
8008.0,53.0,0.802965
8008.0,54.0,1.0
8008.0,55.0,0.000113
8008.0,56.0,0.344868
8008.0,57.0,0.0
8008.0,58.0,0.428697
8008.0,59.0,0.305838
8008.0,60.0,0.842973
8008.0,61.0,0.993959
8008.0,62.0,0.187265
8008.0,63.0,0.763613
8008.0,64.0,0.946564
8008.0,65.0,0.014323
8008.0,66.0,0.0
8008.0,67.0,0.546252
8008.0,68.0,0.001337
8008.0,69.0,0.028415
8008.0,70.0,0.264272
8008.0,71.0,0.074356
8008.0,72.0,0.537343
8008.0,73.0,0.488372
8008.0,74.0,0.667337
8008.0,75.0,0.557805
8008.0,76.0,0.905367
8008.0,77.0,0.795515
8008.0,78.0,0.346539
8008.0,79.0,0.0
8008.0,80.0,0.985036
8008.0,81.0,0.302569
8008.0,82.0,0.58251
8008.0,83.0,0.52418
8008.0,84.0,1.0
8008.0,85.0,0.413571
8008.0,86.0,0.743743
8008.0,87.0,1.0
8008.0,88.0,0.0
8008.0,89.0,0.705814
8008.0,90.0,0.702001
8008.0,91.0,0.448184
8008.0,92.0,0.088535
8008.0,93.0,0.448966
8008.0,94.0,0.426854
8008.0,95.0,0.038541
8008.0,96.0,1.0
8008.0,97.0,0.397239
8008.0,98.0,0.0
8008.0,99.0,0.066232
8008.0,100.0,0.734755
8008.0,101.0,0.384369
8008.0,102.0,0.810324
8008.0,103.0,0.0
8008.0,104.0,0.006492
8008.0,105.0,0.648454
8008.0,106.0,0.762335
8008.0,107.0,0.884323
8008.0,108.0,0.916947
8008.0,109.0,0.995833
8008.0,110.0,0.391165
8008.0,111.0,0.900037
8008.0,112.0,0.154766
8008.0,113.0,0.556056
8008.0,114.0,0.359861
8008.0,115.0,0.145442
8008.0,116.0,0.99234
8008.0,117.0,0.279131
8008.0,118.0,0.800101
8008.0,119.0,0.083974
8008.0,120.0,0.0
8008.0,121.0,0.291616
8008.0,122.0,0.570897
8008.0,123.0,1.0
8008.0,124.0,0.460382
8008.0,125.0,0.483096
8008.0,126.0,0.370171
8008.0,127.0,0.042345
8008.0,128.0,0.022507
8008.0,129.0,0.99245
8008.0,130.0,0.007112
8008.0,131.0,0.997104
8008.0,132.0,0.384608
8008.0,133.0,0.835002
8008.0,134.0,0.497757
8008.0,135.0,0.354242
8008.0,136.0,1.0
8008.0,137.0,0.497423
8008.0,138.0,0.730013
8008.0,139.0,0.417544
8008.0,140.0,0.0
8008.0,141.0,0.641823
8008.0,142.0,1.0
8008.0,143.0,0.149911
8008.0,144.0,0.15559
8008.0,145.0,0.39082
8008.0,146.0,0.551816
8008.0,147.0,1.0
8008.0,148.0,0.391599
8008.0,149.0,0.476212
8008.0,150.0,0.239924
8008.0,151.0,0.558405
8008.0,152.0,0.33386
8008.0,153.0,0.364062
8008.0,154.0,0.596272
8008.0,155.0,0.623811
8008.0,156.0,0.71524
8008.0,157.0,0.0
8008.0,158.0,0.184635
8008.0,159.0,0.136092
8008.0,160.0,0.028992
8008.0,161.0,0.007398
8008.0,162.0,0.76483
8008.0,163.0,0.60946
8008.0,164.0,0.65284
8008.0,165.0,0.452804
8008.0,166.0,0.0
8008.0,167.0,0.450686
8008.0,168.0,0.569698
8008.0,169.0,0.663078
8008.0,170.0,0.667426
8008.0,171.0,0.470807
8008.0,172.0,0.534874
8008.0,173.0,0.672303
8008.0,174.0,0.414396
8008.0,175.0,0.358352
8008.0,176.0,0.179219
8008.0,177.0,0.0
8008.0,178.0,1.0
8008.0,179.0,0.38323
8008.0,180.0,0.34107
8008.0,181.0,0.169477
8008.0,182.0,0.0
8008.0,183.0,0.0
8008.0,184.0,0.488418
8008.0,185.0,0.50914
8008.0,186.0,0.881054
8008.0,187.0,0.506221
8008.0,188.0,0.0
8008.0,189.0,0.902071
8008.0,190.0,1.0
8008.0,191.0,0.651553
8008.0,192.0,0.123859
8008.0,193.0,0.823515
8008.0,194.0,0.0
8008.0,195.0,0.472871
8008.0,196.0,0.502082
8008.0,197.0,0.304542
8008.0,198.0,0.431761
8008.0,199.0,0.038646
8008.0,200.0,0.0
8008.0,201.0,0.74725
8008.0,202.0,1.0
8008.0,203.0,0.584229
8008.0,204.0,0.290386
8008.0,205.0,0.0
8008.0,206.0,0.387674
8008.0,207.0,1.0
8008.0,208.0,0.576718
8008.0,209.0,0.697384
8008.0,210.0,0.320573
8008.0,211.0,0.101993
8008.0,212.0,0.580719
8008.0,213.0,0.0
8008.0,214.0,0.559224
8008.0,215.0,0.669445
8008.0,216.0,1.0
8008.0,217.0,0.695729
8008.0,218.0,0.0
8008.0,219.0,0.284637
8008.0,220.0,0.98869
8008.0,221.0,0.538167
8008.0,222.0,0.000362
8008.0,223.0,0.612582
8008.0,224.0,0.368347
8008.0,225.0,0.792368
8008.0,226.0,0.7406
8008.0,227.0,0.840629
8008.0,228.0,0.764627
8008.0,229.0,0.230637
8008.0,230.0,0.382195
8008.0,231.0,0.389095
8008.0,232.0,0.198582
8008.0,233.0,0.775604
8008.0,234.0,0.288635
8008.0,235.0,0.0
8008.0,236.0,0.958951
8008.0,237.0,0.105094
8008.0,238.0,0.595725
8008.0,239.0,1.0
8008.0,240.0,0.17913
8008.0,241.0,0.467889
8008.0,242.0,0.456929
8008.0,243.0,0.0
8008.0,244.0,0.0
8008.0,245.0,1.0
8008.0,246.0,0.65088
8008.0,247.0,0.505337
8008.0,248.0,0.553174
8008.0,249.0,0.45369
8008.0,250.0,0.538368
8008.0,251.0,0.948785
8008.0,252.0,0.402055
8008.0,253.0,0.722341
8008.0,254.0,0.618667
8008.0,255.0,0.418787
8008.0,256.0,1.0
8008.0,257.0,0.855819
8008.0,258.0,0.482408
8008.0,259.0,0.620614
8008.0,260.0,0.949588
8008.0,261.0,0.315069
8008.0,262.0,0.0
8008.0,263.0,0.462606
8008.0,264.0,0.0
8008.0,265.0,0.300475
8008.0,266.0,0.390243
8008.0,267.0,0.781324
8008.0,268.0,0.432047
8008.0,269.0,0.154018
8008.0,270.0,0.919523
8008.0,271.0,0.0
8008.0,272.0,0.130526
8008.0,273.0,0.35822
8008.0,274.0,0.113827
8008.0,275.0,0.67318
8008.0,276.0,0.019889
8008.0,277.0,0.321807
8008.0,278.0,0.491249
8008.0,279.0,0.220524
8008.0,280.0,0.513746
8008.0,281.0,0.846453
8008.0,282.0,1.0
8008.0,283.0,0.426574
8008.0,284.0,0.099233
8008.0,285.0,0.456668
8008.0,286.0,0.816724
8008.0,287.0,0.273824
8008.0,288.0,0.435503
8008.0,289.0,0.397119
8008.0,290.0,0.603491
8008.0,291.0,0.415895
8008.0,292.0,0.691582
8008.0,293.0,1.0
8008.0,294.0,0.248983
8008.0,295.0,0.262007
8008.0,296.0,0.0
8008.0,297.0,0.931889
8008.0,298.0,0.005005
8008.0,299.0,0.0
8008.0,300.0,0.36154
8008.0,301.0,0.747365
8008.0,302.0,0.005705
8008.0,303.0,0.971671
8008.0,304.0,0.0
8008.0,305.0,0.872707
8008.0,306.0,0.705203
8008.0,307.0,0.568457
8008.0,308.0,0.542431
8008.0,309.0,0.0
8008.0,310.0,1.0
8008.0,311.0,0.498757
8008.0,312.0,0.0
8008.0,313.0,0.557941
8008.0,314.0,0.388401
8008.0,315.0,0.487244
8008.0,316.0,0.320331
8008.0,317.0,0.976968
8008.0,318.0,0.618108
8008.0,319.0,0.001154
8008.0,320.0,0.337726
8008.0,321.0,0.0
8008.0,322.0,0.107979
8008.0,323.0,0.394634
8008.0,324.0,0.556683
8008.0,325.0,0.003641
8008.0,326.0,0.806522
8008.0,327.0,0.139568
8008.0,328.0,0.067164
8008.0,329.0,0.874462
8008.0,330.0,0.021068
8008.0,331.0,0.631621
8008.0,332.0,0.359087
8008.0,333.0,0.0
8008.0,334.0,0.283338
8009.0,0.0,0.0
8009.0,1.0,0.0
8009.0,2.0,0.0
8009.0,3.0,0.43168
8009.0,4.0,0.276225
8009.0,5.0,0.444638
8009.0,6.0,0.805837
8009.0,7.0,0.794455
8009.0,8.0,0.045482
8009.0,9.0,0.76934
8009.0,10.0,1.0
8009.0,11.0,0.99351
8009.0,12.0,0.346744
8009.0,13.0,0.341712
8009.0,14.0,0.60789
8009.0,15.0,0.896583
8009.0,16.0,0.610818
8009.0,17.0,0.0
8009.0,18.0,0.611437
8009.0,19.0,0.867541
8009.0,20.0,0.452951
8009.0,21.0,0.0
8009.0,22.0,0.899703
8009.0,23.0,1.0
8009.0,24.0,0.425423
8009.0,25.0,0.47845
8009.0,26.0,0.807333
8009.0,27.0,0.435588
8009.0,28.0,0.706653
8009.0,29.0,1.0
8009.0,30.0,0.219975
8009.0,31.0,0.739171
8009.0,32.0,1.0
8009.0,33.0,1.0
8009.0,34.0,0.028986
8009.0,35.0,0.361593
8009.0,36.0,0.399146
8009.0,37.0,0.513223
8009.0,38.0,0.459549
8009.0,39.0,0.994889
8009.0,40.0,0.637822
8009.0,41.0,0.818374
8009.0,42.0,0.374503
8009.0,43.0,0.892128
8009.0,44.0,0.611911
8009.0,45.0,0.764536
8009.0,46.0,0.515561
8009.0,47.0,0.997405
8009.0,48.0,1.0
8009.0,49.0,0.255962
8009.0,50.0,0.0
8009.0,51.0,0.292912
8009.0,52.0,1.0
8009.0,53.0,0.798413
8009.0,54.0,1.0
8009.0,55.0,0.000103
8009.0,56.0,0.34405
8009.0,57.0,0.0
8009.0,58.0,0.42682
8009.0,59.0,0.300448
8009.0,60.0,0.842161
8009.0,61.0,0.993853
8009.0,62.0,0.183656
8009.0,63.0,0.763896
8009.0,64.0,0.945499
8009.0,65.0,0.014129
8009.0,66.0,0.0
8009.0,67.0,0.542845
8009.0,68.0,0.001334
8009.0,69.0,0.028256
8009.0,70.0,0.263128
8009.0,71.0,0.072614
8009.0,72.0,0.532734
8009.0,73.0,0.487884
8009.0,74.0,0.664409
8009.0,75.0,0.551583
8009.0,76.0,0.904741
8009.0,77.0,0.794791
8009.0,78.0,0.338569
8009.0,79.0,0.0
8009.0,80.0,0.984957
8009.0,81.0,0.299003
8009.0,82.0,0.580124
8009.0,83.0,0.521172
8009.0,84.0,1.0
8009.0,85.0,0.412987
8009.0,86.0,0.741012
8009.0,87.0,1.0
8009.0,88.0,0.0
8009.0,89.0,0.703517
8009.0,90.0,0.701286
8009.0,91.0,0.447524
8009.0,92.0,0.08713
8009.0,93.0,0.448532
8009.0,94.0,0.423223
8009.0,95.0,0.038368
8009.0,96.0,1.0
8009.0,97.0,0.358813
8009.0,98.0,0.0
8009.0,99.0,0.065266
8009.0,100.0,0.733169
8009.0,101.0,0.38281
8009.0,102.0,0.803636
8009.0,103.0,0.0
8009.0,104.0,0.006411
8009.0,105.0,0.646451
8009.0,106.0,0.75988
8009.0,107.0,0.884261
8009.0,108.0,0.914617
8009.0,109.0,0.99566
8009.0,110.0,0.390045
8009.0,111.0,0.899117
8009.0,112.0,0.154119
8009.0,113.0,0.555074
8009.0,114.0,0.355214
8009.0,115.0,0.144212
8009.0,116.0,0.992411
8009.0,117.0,0.278186
8009.0,118.0,0.79734
8009.0,119.0,0.082973
8009.0,120.0,0.0
8009.0,121.0,0.28062
8009.0,122.0,0.568501
8009.0,123.0,1.0
8009.0,124.0,0.454658
8009.0,125.0,0.476954
8009.0,126.0,0.368189
8009.0,127.0,0.041509
8009.0,128.0,0.022458
8009.0,129.0,0.992396
8009.0,130.0,0.006847
8009.0,131.0,0.997015
8009.0,132.0,0.377849
8009.0,133.0,0.832813
8009.0,134.0,0.51028
8009.0,135.0,0.344498
8009.0,136.0,1.0
8009.0,137.0,0.494034
8009.0,138.0,0.724712
8009.0,139.0,0.412606
8009.0,140.0,0.0
8009.0,141.0,0.641681
8009.0,142.0,1.0
8009.0,143.0,0.147145
8009.0,144.0,0.154566
8009.0,145.0,0.386592
8009.0,146.0,0.549792
8009.0,147.0,1.0
8009.0,148.0,0.389268
8009.0,149.0,0.469244
8009.0,150.0,0.238195
8009.0,151.0,0.556207
8009.0,152.0,0.333111
8009.0,153.0,0.354562
8009.0,154.0,0.594942
8009.0,155.0,0.61848
8009.0,156.0,0.714806
8009.0,157.0,0.0
8009.0,158.0,0.17886
8009.0,159.0,0.132893
8009.0,160.0,0.028492
8009.0,161.0,0.007318
8009.0,162.0,0.76407
8009.0,163.0,0.607374
8009.0,164.0,0.650214
8009.0,165.0,0.446053
8009.0,166.0,0.0
8009.0,167.0,0.448731
8009.0,168.0,0.569561
8009.0,169.0,0.634492
8009.0,170.0,0.663396
8009.0,171.0,0.470399
8009.0,172.0,0.532017
8009.0,173.0,0.668828
8009.0,174.0,0.412929
8009.0,175.0,0.358026
8009.0,176.0,0.177854
8009.0,177.0,0.0
8009.0,178.0,1.0
8009.0,179.0,0.375061
8009.0,180.0,0.336637
8009.0,181.0,0.1688
8009.0,182.0,0.0
8009.0,183.0,0.0
8009.0,184.0,0.485719
8009.0,185.0,0.507276
8009.0,186.0,0.877394
8009.0,187.0,0.506107
8009.0,188.0,0.0
8009.0,189.0,0.901474
8009.0,190.0,1.0
8009.0,191.0,0.649786
8009.0,192.0,0.123605
8009.0,193.0,0.823484
8009.0,194.0,0.0
8009.0,195.0,0.466739
8009.0,196.0,0.504639
8009.0,197.0,0.301359
8009.0,198.0,0.427064
8009.0,199.0,0.038257
8009.0,200.0,0.0
8009.0,201.0,0.745245
8009.0,202.0,1.0
8009.0,203.0,0.566055
8009.0,204.0,0.288196
8009.0,205.0,0.0
8009.0,206.0,0.36727
8009.0,207.0,1.0
8009.0,208.0,0.5726
8009.0,209.0,0.697274
8009.0,210.0,0.31256
8009.0,211.0,0.102388
8009.0,212.0,0.572968
8009.0,213.0,0.0
8009.0,214.0,0.553084
8009.0,215.0,0.664561
8009.0,216.0,1.0
8009.0,217.0,0.691174
8009.0,218.0,0.0
8009.0,219.0,0.283099
8009.0,220.0,0.988411
8009.0,221.0,0.527629
8009.0,222.0,0.000359
8009.0,223.0,0.610673
8009.0,224.0,0.364751
8009.0,225.0,0.790301
8009.0,226.0,0.735036
8009.0,227.0,0.838583
8009.0,228.0,0.761513
8009.0,229.0,0.229245
8009.0,230.0,0.381052
8009.0,231.0,0.334769
8009.0,232.0,0.197905
8009.0,233.0,0.772529
8009.0,234.0,0.283694
8009.0,235.0,0.0
8009.0,236.0,0.958602
8009.0,237.0,0.104909
8009.0,238.0,0.583936
8009.0,239.0,1.0
8009.0,240.0,0.176929
8009.0,241.0,0.465046
8009.0,242.0,0.454932
8009.0,243.0,0.0
8009.0,244.0,0.0
8009.0,245.0,1.0
8009.0,246.0,0.650621
8009.0,247.0,0.504364
8009.0,248.0,0.550065
8009.0,249.0,0.45014
8009.0,250.0,0.532829
8009.0,251.0,0.948315
8009.0,252.0,0.401239
8009.0,253.0,0.719921
8009.0,254.0,0.613991
8009.0,255.0,0.416651
8009.0,256.0,1.0
8009.0,257.0,0.853508
8009.0,258.0,0.48074
8009.0,259.0,0.619374
8009.0,260.0,0.948897
8009.0,261.0,0.307082
8009.0,262.0,0.0
8009.0,263.0,0.462189
8009.0,264.0,0.0
8009.0,265.0,0.300305
8009.0,266.0,0.387998
8009.0,267.0,0.780091
8009.0,268.0,0.42597
8009.0,269.0,0.151664
8009.0,270.0,0.918871
8009.0,271.0,0.0
8009.0,272.0,0.129202
8009.0,273.0,0.354442
8009.0,274.0,0.113653
8009.0,275.0,0.670643
8009.0,276.0,0.019584
8009.0,277.0,0.319226
8009.0,278.0,0.488544
8009.0,279.0,0.217597
8009.0,280.0,0.512858
8009.0,281.0,0.843867
8009.0,282.0,1.0
8009.0,283.0,0.426958
8009.0,284.0,0.098932
8009.0,285.0,0.450541
8009.0,286.0,0.812
8009.0,287.0,0.272343
8009.0,288.0,0.429799
8009.0,289.0,0.389746
8009.0,290.0,0.603098
8009.0,291.0,0.412892
8009.0,292.0,0.689441
8009.0,293.0,1.0
8009.0,294.0,0.2488
8009.0,295.0,0.258257
8009.0,296.0,0.0
8009.0,297.0,0.931514
8009.0,298.0,0.005001
8009.0,299.0,0.0
8009.0,300.0,0.357781
8009.0,301.0,0.745857
8009.0,302.0,0.005553
8009.0,303.0,0.971397
8009.0,304.0,0.0
8009.0,305.0,0.872357
8009.0,306.0,0.703134
8009.0,307.0,0.566939
8009.0,308.0,0.538039
8009.0,309.0,0.0
8009.0,310.0,1.0
8009.0,311.0,0.4995
8009.0,312.0,0.0
8009.0,313.0,0.556036
8009.0,314.0,0.387033
8009.0,315.0,0.48427
8009.0,316.0,0.318186
8009.0,317.0,0.976935
8009.0,318.0,0.616191
8009.0,319.0,0.001125
8009.0,320.0,0.329813
8009.0,321.0,0.0
8009.0,322.0,0.107236
8009.0,323.0,0.363728
8009.0,324.0,0.55427
8009.0,325.0,0.003342
8009.0,326.0,0.80484
8009.0,327.0,0.139285
8009.0,328.0,0.067472
8009.0,329.0,0.865066
8009.0,330.0,0.021179
8009.0,331.0,0.631356
8009.0,332.0,0.355486
8009.0,333.0,0.0
8009.0,334.0,0.278249
8010.0,0.0,0.0
8010.0,1.0,0.0
8010.0,2.0,0.0
8010.0,3.0,0.426575
8010.0,4.0,0.273986
8010.0,5.0,0.436172
8010.0,6.0,0.804092
8010.0,7.0,0.793775
8010.0,8.0,0.045413
8010.0,9.0,0.767655
8010.0,10.0,1.0
8010.0,11.0,0.993659
8010.0,12.0,0.340168
8010.0,13.0,0.338422
8010.0,14.0,0.596437
8010.0,15.0,0.89569
8010.0,16.0,0.609502
8010.0,17.0,0.0
8010.0,18.0,0.604131
8010.0,19.0,0.866315
8010.0,20.0,0.447512
8010.0,21.0,0.0
8010.0,22.0,0.898895
8010.0,23.0,1.0
8010.0,24.0,0.423649
8010.0,25.0,0.470309
8010.0,26.0,0.798924
8010.0,27.0,0.430974
8010.0,28.0,0.703236
8010.0,29.0,1.0
8010.0,30.0,0.211561
8010.0,31.0,0.739048
8010.0,32.0,1.0
8010.0,33.0,1.0
8010.0,34.0,0.027532
8010.0,35.0,0.360024
8010.0,36.0,0.396804
8010.0,37.0,0.512108
8010.0,38.0,0.454793
8010.0,39.0,0.994541
8010.0,40.0,0.63488
8010.0,41.0,0.815203
8010.0,42.0,0.368623
8010.0,43.0,0.883008
8010.0,44.0,0.607342
8010.0,45.0,0.756261
8010.0,46.0,0.514695
8010.0,47.0,0.997316
8010.0,48.0,1.0
8010.0,49.0,0.253474
8010.0,50.0,0.0
8010.0,51.0,0.289528
8010.0,52.0,1.0
8010.0,53.0,0.794095
8010.0,54.0,1.0
8010.0,55.0,8.2e-05
8010.0,56.0,0.342678
8010.0,57.0,0.0
8010.0,58.0,0.42455
8010.0,59.0,0.293974
8010.0,60.0,0.84133
8010.0,61.0,0.993814
8010.0,62.0,0.18061
8010.0,63.0,0.762626
8010.0,64.0,0.944405
8010.0,65.0,0.013968
8010.0,66.0,0.0
8010.0,67.0,0.53909
8010.0,68.0,0.001243
8010.0,69.0,0.027889
8010.0,70.0,0.261762
8010.0,71.0,0.070423
8010.0,72.0,0.528254
8010.0,73.0,0.487176
8010.0,74.0,0.662581
8010.0,75.0,0.544828
8010.0,76.0,0.904054
8010.0,77.0,0.794276
8010.0,78.0,0.331016
8010.0,79.0,0.0
8010.0,80.0,0.984782
8010.0,81.0,0.295875
8010.0,82.0,0.576693
8010.0,83.0,0.518181
8010.0,84.0,1.0
8010.0,85.0,0.412191
8010.0,86.0,0.737363
8010.0,87.0,1.0
8010.0,88.0,0.0
8010.0,89.0,0.701445
8010.0,90.0,0.701058
8010.0,91.0,0.447188
8010.0,92.0,0.086192
8010.0,93.0,0.446859
8010.0,94.0,0.419299
8010.0,95.0,0.038251
8010.0,96.0,1.0
8010.0,97.0,0.323073
8010.0,98.0,0.0
8010.0,99.0,0.064445
8010.0,100.0,0.731597
8010.0,101.0,0.382675
8010.0,102.0,0.797114
8010.0,103.0,0.0
8010.0,104.0,0.006375
8010.0,105.0,0.64426
8010.0,106.0,0.756915
8010.0,107.0,0.883892
8010.0,108.0,0.912218
8010.0,109.0,0.995401
8010.0,110.0,0.39037
8010.0,111.0,0.898323
8010.0,112.0,0.153925
8010.0,113.0,0.554609
8010.0,114.0,0.35057
8010.0,115.0,0.143268
8010.0,116.0,0.992364
8010.0,117.0,0.276417
8010.0,118.0,0.795264
8010.0,119.0,0.08223
8010.0,120.0,0.0
8010.0,121.0,0.270423
8010.0,122.0,0.567387
8010.0,123.0,1.0
8010.0,124.0,0.449638
8010.0,125.0,0.471536
8010.0,126.0,0.366076
8010.0,127.0,0.040462
8010.0,128.0,0.022035
8010.0,129.0,0.99243
8010.0,130.0,0.006855
8010.0,131.0,0.996891
8010.0,132.0,0.371318
8010.0,133.0,0.83109
8010.0,134.0,0.521816
8010.0,135.0,0.336889
8010.0,136.0,1.0
8010.0,137.0,0.49173
8010.0,138.0,0.718333
8010.0,139.0,0.408167
8010.0,140.0,0.0
8010.0,141.0,0.64119
8010.0,142.0,1.0
8010.0,143.0,0.144537
8010.0,144.0,0.153704
8010.0,145.0,0.38189
8010.0,146.0,0.546838
8010.0,147.0,1.0
8010.0,148.0,0.386848
8010.0,149.0,0.461152
8010.0,150.0,0.23708
8010.0,151.0,0.553042
8010.0,152.0,0.332414
8010.0,153.0,0.344678
8010.0,154.0,0.592721
8010.0,155.0,0.612745
8010.0,156.0,0.714189
8010.0,157.0,0.0
8010.0,158.0,0.173777
8010.0,159.0,0.129773
8010.0,160.0,0.027853
8010.0,161.0,0.007242
8010.0,162.0,0.763992
8010.0,163.0,0.605239
8010.0,164.0,0.64706
8010.0,165.0,0.439805
8010.0,166.0,0.0
8010.0,167.0,0.446811
8010.0,168.0,0.569446
8010.0,169.0,0.605915
8010.0,170.0,0.659716
8010.0,171.0,0.470635
8010.0,172.0,0.52962
8010.0,173.0,0.665499
8010.0,174.0,0.411903
8010.0,175.0,0.357545
8010.0,176.0,0.176923
8010.0,177.0,0.0
8010.0,178.0,1.0
8010.0,179.0,0.366553
8010.0,180.0,0.331737
8010.0,181.0,0.167319
8010.0,182.0,0.0
8010.0,183.0,0.0
8010.0,184.0,0.481619
8010.0,185.0,0.506585
8010.0,186.0,0.873678
8010.0,187.0,0.505096
8010.0,188.0,0.0
8010.0,189.0,0.901098
8010.0,190.0,1.0
8010.0,191.0,0.647819
8010.0,192.0,0.122704
8010.0,193.0,0.823523
8010.0,194.0,0.0
8010.0,195.0,0.460555
8010.0,196.0,0.507615
8010.0,197.0,0.298022
8010.0,198.0,0.423289
8010.0,199.0,0.038058
8010.0,200.0,0.0
8010.0,201.0,0.743238
8010.0,202.0,1.0
8010.0,203.0,0.547646
8010.0,204.0,0.286365
8010.0,205.0,0.0
8010.0,206.0,0.34747
8010.0,207.0,1.0
8010.0,208.0,0.569923
8010.0,209.0,0.696256
8010.0,210.0,0.304157
8010.0,211.0,0.10355
8010.0,212.0,0.564983
8010.0,213.0,0.0
8010.0,214.0,0.546916
8010.0,215.0,0.659247
8010.0,216.0,1.0
8010.0,217.0,0.687417
8010.0,218.0,0.0
8010.0,219.0,0.282514
8010.0,220.0,0.988289
8010.0,221.0,0.517021
8010.0,222.0,0.000342
8010.0,223.0,0.608771
8010.0,224.0,0.361451
8010.0,225.0,0.787475
8010.0,226.0,0.730155
8010.0,227.0,0.8362
8010.0,228.0,0.758224
8010.0,229.0,0.227018
8010.0,230.0,0.379209
8010.0,231.0,0.285733
8010.0,232.0,0.198512
8010.0,233.0,0.769026
8010.0,234.0,0.27802
8010.0,235.0,0.0
8010.0,236.0,0.958356
8010.0,237.0,0.105058
8010.0,238.0,0.572587
8010.0,239.0,1.0
8010.0,240.0,0.17524
8010.0,241.0,0.461975
8010.0,242.0,0.451039
8010.0,243.0,0.0
8010.0,244.0,0.0
8010.0,245.0,1.0
8010.0,246.0,0.649651
8010.0,247.0,0.503067
8010.0,248.0,0.547233
8010.0,249.0,0.446079
8010.0,250.0,0.527162
8010.0,251.0,0.948452
8010.0,252.0,0.400476
8010.0,253.0,0.717833
8010.0,254.0,0.609453
8010.0,255.0,0.414119
8010.0,256.0,1.0
8010.0,257.0,0.851641
8010.0,258.0,0.480288
8010.0,259.0,0.617445
8010.0,260.0,0.947894
8010.0,261.0,0.30037
8010.0,262.0,0.0
8010.0,263.0,0.460819
8010.0,264.0,0.0
8010.0,265.0,0.299705
8010.0,266.0,0.384585
8010.0,267.0,0.77878
8010.0,268.0,0.419706
8010.0,269.0,0.149516
8010.0,270.0,0.918383
8010.0,271.0,0.0
8010.0,272.0,0.127723
8010.0,273.0,0.350453
8010.0,274.0,0.11386
8010.0,275.0,0.668703
8010.0,276.0,0.019333
8010.0,277.0,0.317167
8010.0,278.0,0.486518
8010.0,279.0,0.214066
8010.0,280.0,0.512264
8010.0,281.0,0.840057
8010.0,282.0,1.0
8010.0,283.0,0.426846
8010.0,284.0,0.098364
8010.0,285.0,0.444135
8010.0,286.0,0.807439
8010.0,287.0,0.270676
8010.0,288.0,0.424676
8010.0,289.0,0.383297
8010.0,290.0,0.603064
8010.0,291.0,0.410339
8010.0,292.0,0.687518
8010.0,293.0,1.0
8010.0,294.0,0.24908
8010.0,295.0,0.254949
8010.0,296.0,0.0
8010.0,297.0,0.931278
8010.0,298.0,0.005054
8010.0,299.0,0.0
8010.0,300.0,0.354022
8010.0,301.0,0.74379
8010.0,302.0,0.005566
8010.0,303.0,0.971114
8010.0,304.0,0.0
8010.0,305.0,0.872227
8010.0,306.0,0.701545
8010.0,307.0,0.56437
8010.0,308.0,0.533931
8010.0,309.0,0.0
8010.0,310.0,1.0
8010.0,311.0,0.499683
8010.0,312.0,0.0
8010.0,313.0,0.555224
8010.0,314.0,0.385035
8010.0,315.0,0.481746
8010.0,316.0,0.317168
8010.0,317.0,0.976561
8010.0,318.0,0.613993
8010.0,319.0,0.001135
8010.0,320.0,0.323241
8010.0,321.0,0.0
8010.0,322.0,0.105988
8010.0,323.0,0.334705
8010.0,324.0,0.552184
8010.0,325.0,0.003121
8010.0,326.0,0.803314
8010.0,327.0,0.138534
8010.0,328.0,0.067568
8010.0,329.0,0.855114
8010.0,330.0,0.021119
8010.0,331.0,0.630785
8010.0,332.0,0.351941
8010.0,333.0,0.0
8010.0,334.0,0.273976
9000.0,0.0,0.0
9000.0,1.0,0.0
9000.0,2.0,0.0
9000.0,3.0,0.431824
9000.0,4.0,0.264033
9000.0,5.0,0.437799
9000.0,6.0,0.791073
9000.0,7.0,0.779235
9000.0,8.0,0.044821
9000.0,9.0,0.781431
9000.0,10.0,1.0
9000.0,11.0,0.998651
9000.0,12.0,0.34823
9000.0,13.0,0.334779
9000.0,14.0,0.591123
9000.0,15.0,0.898935
9000.0,16.0,0.591058
9000.0,17.0,0.0
9000.0,18.0,0.621118
9000.0,19.0,0.872507
9000.0,20.0,0.441146
9000.0,21.0,0.0
9000.0,22.0,0.90334
9000.0,23.0,1.0
9000.0,24.0,0.404698
9000.0,25.0,0.472398
9000.0,26.0,0.800263
9000.0,27.0,0.440964
9000.0,28.0,0.697551
9000.0,29.0,1.0
9000.0,30.0,0.212896
9000.0,31.0,0.739343
9000.0,32.0,1.0
9000.0,33.0,1.0
9000.0,34.0,0.023504
9000.0,35.0,0.371921
9000.0,36.0,0.3976
9000.0,37.0,0.528403
9000.0,38.0,0.454696
9000.0,39.0,0.998182
9000.0,40.0,0.636458
9000.0,41.0,0.811303
9000.0,42.0,0.366063
9000.0,43.0,0.887473
9000.0,44.0,0.611196
9000.0,45.0,0.760822
9000.0,46.0,0.499721
9000.0,47.0,0.999533
9000.0,48.0,1.0
9000.0,49.0,0.246854
9000.0,50.0,0.0
9000.0,51.0,0.28391
9000.0,52.0,1.0
9000.0,53.0,0.803365
9000.0,54.0,1.0
9000.0,55.0,0.0
9000.0,56.0,0.341277
9000.0,57.0,0.0
9000.0,58.0,0.434611
9000.0,59.0,0.28472
9000.0,60.0,0.84852
9000.0,61.0,0.995272
9000.0,62.0,0.164415
9000.0,63.0,0.765595
9000.0,64.0,0.948728
9000.0,65.0,0.011408
9000.0,66.0,0.0
9000.0,67.0,0.528145
9000.0,68.0,0.000327
9000.0,69.0,0.018899
9000.0,70.0,0.262141
9000.0,71.0,0.077629
9000.0,72.0,0.531266
9000.0,73.0,0.476201
9000.0,74.0,0.657583
9000.0,75.0,0.545621
9000.0,76.0,0.906985
9000.0,77.0,0.789458
9000.0,78.0,0.328781
9000.0,79.0,0.0
9000.0,80.0,0.994467
9000.0,81.0,0.307388
9000.0,82.0,0.570477
9000.0,83.0,0.524014
9000.0,84.0,1.0
9000.0,85.0,0.392264
9000.0,86.0,0.746589
9000.0,87.0,1.0
9000.0,88.0,0.0
9000.0,89.0,0.71267
9000.0,90.0,0.729022
9000.0,91.0,0.450962
9000.0,92.0,0.062086
9000.0,93.0,0.448591
9000.0,94.0,0.408732
9000.0,95.0,0.026397
9000.0,96.0,1.0
9000.0,97.0,0.32476
9000.0,98.0,0.0
9000.0,99.0,0.071502
9000.0,100.0,0.735278
9000.0,101.0,0.402674
9000.0,102.0,0.793673
9000.0,103.0,0.0
9000.0,104.0,0.003602
9000.0,105.0,0.647122
9000.0,106.0,0.741553
9000.0,107.0,0.8727
9000.0,108.0,0.908821
9000.0,109.0,0.990395
9000.0,110.0,0.384077
9000.0,111.0,0.910795
9000.0,112.0,0.143196
9000.0,113.0,0.570966
9000.0,114.0,0.349714
9000.0,115.0,0.153182
9000.0,116.0,0.996612
9000.0,117.0,0.251269
9000.0,118.0,0.807586
9000.0,119.0,0.069845
9000.0,120.0,0.0
9000.0,121.0,0.263102
9000.0,122.0,0.565616
9000.0,123.0,1.0
9000.0,124.0,0.444133
9000.0,125.0,0.477581
9000.0,126.0,0.361941
9000.0,127.0,0.041728
9000.0,128.0,0.022682
9000.0,129.0,0.991426
9000.0,130.0,0.008487
9000.0,131.0,0.999383
9000.0,132.0,0.374562
9000.0,133.0,0.829441
9000.0,134.0,0.521203
9000.0,135.0,0.334785
9000.0,136.0,1.0
9000.0,137.0,0.501364
9000.0,138.0,0.71481
9000.0,139.0,0.409704
9000.0,140.0,0.0
9000.0,141.0,0.635303
9000.0,142.0,1.0
9000.0,143.0,0.139211
9000.0,144.0,0.162279
9000.0,145.0,0.385087
9000.0,146.0,0.557043
9000.0,147.0,1.0
9000.0,148.0,0.379108
9000.0,149.0,0.456766
9000.0,150.0,0.245205
9000.0,151.0,0.551628
9000.0,152.0,0.324538
9000.0,153.0,0.347731
9000.0,154.0,0.595195
9000.0,155.0,0.615102
9000.0,156.0,0.738236
9000.0,157.0,0.0
9000.0,158.0,0.171902
9000.0,159.0,0.121374
9000.0,160.0,0.025239
9000.0,161.0,0.007534
9000.0,162.0,0.763614
9000.0,163.0,0.618094
9000.0,164.0,0.656414
9000.0,165.0,0.433687
9000.0,166.0,0.0
9000.0,167.0,0.465132
9000.0,168.0,0.577447
9000.0,169.0,0.608219
9000.0,170.0,0.673631
9000.0,171.0,0.461639
9000.0,172.0,0.53704
9000.0,173.0,0.663095
9000.0,174.0,0.413359
9000.0,175.0,0.361838
9000.0,176.0,0.170989
9000.0,177.0,0.0
9000.0,178.0,1.0
9000.0,179.0,0.368233
9000.0,180.0,0.328473
9000.0,181.0,0.168841
9000.0,182.0,0.0
9000.0,183.0,0.0
9000.0,184.0,0.481779
9000.0,185.0,0.497985
9000.0,186.0,0.875165
9000.0,187.0,0.51715
9000.0,188.0,0.0
9000.0,189.0,0.919666
9000.0,190.0,1.0
9000.0,191.0,0.674787
9000.0,192.0,0.091329
9000.0,193.0,0.815279
9000.0,194.0,0.0
9000.0,195.0,0.46224
9000.0,196.0,0.530893
9000.0,197.0,0.28254
9000.0,198.0,0.42082
9000.0,199.0,0.035727
9000.0,200.0,0.0
9000.0,201.0,0.747454
9000.0,202.0,1.0
9000.0,203.0,0.546469
9000.0,204.0,0.288213
9000.0,205.0,0.0
9000.0,206.0,0.341159
9000.0,207.0,1.0
9000.0,208.0,0.566329
9000.0,209.0,0.726558
9000.0,210.0,0.306111
9000.0,211.0,0.074869
9000.0,212.0,0.564503
9000.0,213.0,0.0
9000.0,214.0,0.545805
9000.0,215.0,0.657966
9000.0,216.0,1.0
9000.0,217.0,0.697667
9000.0,218.0,0.0
9000.0,219.0,0.298073
9000.0,220.0,0.988798
9000.0,221.0,0.507805
9000.0,222.0,0.0
9000.0,223.0,0.587755
9000.0,224.0,0.374459
9000.0,225.0,0.801688
9000.0,226.0,0.730562
9000.0,227.0,0.833972
9000.0,228.0,0.766332
9000.0,229.0,0.23401
9000.0,230.0,0.395173
9000.0,231.0,0.286886
9000.0,232.0,0.193301
9000.0,233.0,0.772123
9000.0,234.0,0.277525
9000.0,235.0,0.0
9000.0,236.0,0.947071
9000.0,237.0,0.116653
9000.0,238.0,0.570342
9000.0,239.0,1.0
9000.0,240.0,0.168324
9000.0,241.0,0.447781
9000.0,242.0,0.44147
9000.0,243.0,0.0
9000.0,244.0,0.0
9000.0,245.0,1.0
9000.0,246.0,0.616072
9000.0,247.0,0.491393
9000.0,248.0,0.518089
9000.0,249.0,0.457859
9000.0,250.0,0.522495
9000.0,251.0,0.952867
9000.0,252.0,0.39562
9000.0,253.0,0.707247
9000.0,254.0,0.609911
9000.0,255.0,0.392184
9000.0,256.0,1.0
9000.0,257.0,0.85641
9000.0,258.0,0.453418
9000.0,259.0,0.617959
9000.0,260.0,0.940924
9000.0,261.0,0.303631
9000.0,262.0,0.0
9000.0,263.0,0.466735
9000.0,264.0,0.0
9000.0,265.0,0.294422
9000.0,266.0,0.377268
9000.0,267.0,0.778626
9000.0,268.0,0.428797
9000.0,269.0,0.148057
9000.0,270.0,0.935031
9000.0,271.0,0.0
9000.0,272.0,0.124566
9000.0,273.0,0.350944
9000.0,274.0,0.114606
9000.0,275.0,0.669534
9000.0,276.0,0.025529
9000.0,277.0,0.312426
9000.0,278.0,0.47714
9000.0,279.0,0.207923
9000.0,280.0,0.53688
9000.0,281.0,0.817003
9000.0,282.0,1.0
9000.0,283.0,0.414208
9000.0,284.0,0.073696
9000.0,285.0,0.450205
9000.0,286.0,0.811616
9000.0,287.0,0.266034
9000.0,288.0,0.423705
9000.0,289.0,0.384298
9000.0,290.0,0.606851
9000.0,291.0,0.401139
9000.0,292.0,0.67573
9000.0,293.0,1.0
9000.0,294.0,0.271002
9000.0,295.0,0.246537
9000.0,296.0,0.0
9000.0,297.0,0.948901
9000.0,298.0,0.001119
9000.0,299.0,0.0
9000.0,300.0,0.338735
9000.0,301.0,0.731602
9000.0,302.0,0.000816
9000.0,303.0,0.978185
9000.0,304.0,0.0
9000.0,305.0,0.861807
9000.0,306.0,0.7024
9000.0,307.0,0.562124
9000.0,308.0,0.529693
9000.0,309.0,0.0
9000.0,310.0,1.0
9000.0,311.0,0.508594
9000.0,312.0,0.0
9000.0,313.0,0.556321
9000.0,314.0,0.40024
9000.0,315.0,0.492551
9000.0,316.0,0.334133
9000.0,317.0,0.985629
9000.0,318.0,0.626588
9000.0,319.0,0.000125
9000.0,320.0,0.317723
9000.0,321.0,0.0
9000.0,322.0,0.119128
9000.0,323.0,0.339645
9000.0,324.0,0.559621
9000.0,325.0,0.001468
9000.0,326.0,0.807167
9000.0,327.0,0.147988
9000.0,328.0,0.061586
9000.0,329.0,0.850435
9000.0,330.0,0.016618
9000.0,331.0,0.630377
9000.0,332.0,0.342147
9000.0,333.0,0.0
9000.0,334.0,0.275325
9001.0,0.0,0.0
9001.0,1.0,0.0
9001.0,2.0,0.0
9001.0,3.0,0.435497
9001.0,4.0,0.265965
9001.0,5.0,0.447683
9001.0,6.0,0.793454
9001.0,7.0,0.78004
9001.0,8.0,0.045203
9001.0,9.0,0.782023
9001.0,10.0,1.0
9001.0,11.0,0.998745
9001.0,12.0,0.354717
9001.0,13.0,0.336846
9001.0,14.0,0.605108
9001.0,15.0,0.899678
9001.0,16.0,0.593009
9001.0,17.0,0.0
9001.0,18.0,0.629396
9001.0,19.0,0.87247
9001.0,20.0,0.446342
9001.0,21.0,0.0
9001.0,22.0,0.903723
9001.0,23.0,1.0
9001.0,24.0,0.405984
9001.0,25.0,0.481421
9001.0,26.0,0.809122
9001.0,27.0,0.445049
9001.0,28.0,0.701065
9001.0,29.0,1.0
9001.0,30.0,0.222878
9001.0,31.0,0.738785
9001.0,32.0,1.0
9001.0,33.0,1.0
9001.0,34.0,0.02501
9001.0,35.0,0.371692
9001.0,36.0,0.400365
9001.0,37.0,0.528576
9001.0,38.0,0.460502
9001.0,39.0,0.998306
9001.0,40.0,0.641023
9001.0,41.0,0.814584
9001.0,42.0,0.371782
9001.0,43.0,0.897203
9001.0,44.0,0.616037
9001.0,45.0,0.770154
9001.0,46.0,0.500558
9001.0,47.0,0.999567
9001.0,48.0,1.0
9001.0,49.0,0.249186
9001.0,50.0,0.0
9001.0,51.0,0.286862
9001.0,52.0,1.0
9001.0,53.0,0.807967
9001.0,54.0,1.0
9001.0,55.0,0.0
9001.0,56.0,0.342856
9001.0,57.0,0.0
9001.0,58.0,0.436584
9001.0,59.0,0.290526
9001.0,60.0,0.849116
9001.0,61.0,0.995226
9001.0,62.0,0.169124
9001.0,63.0,0.766285
9001.0,64.0,0.949685
9001.0,65.0,0.011249
9001.0,66.0,0.0
9001.0,67.0,0.532133
9001.0,68.0,0.000332
9001.0,69.0,0.01896
9001.0,70.0,0.262825
9001.0,71.0,0.079013
9001.0,72.0,0.534869
9001.0,73.0,0.476877
9001.0,74.0,0.660259
9001.0,75.0,0.553558
9001.0,76.0,0.907998
9001.0,77.0,0.790516
9001.0,78.0,0.338157
9001.0,79.0,0.0
9001.0,80.0,0.994588
9001.0,81.0,0.308876
9001.0,82.0,0.573195
9001.0,83.0,0.526553
9001.0,84.0,1.0
9001.0,85.0,0.39253
9001.0,86.0,0.749272
9001.0,87.0,1.0
9001.0,88.0,0.0
9001.0,89.0,0.71496
9001.0,90.0,0.729449
9001.0,91.0,0.451521
9001.0,92.0,0.063378
9001.0,93.0,0.449425
9001.0,94.0,0.412708
9001.0,95.0,0.026506
9001.0,96.0,1.0
9001.0,97.0,0.368335
9001.0,98.0,0.0
9001.0,99.0,0.071704
9001.0,100.0,0.736251
9001.0,101.0,0.404243
9001.0,102.0,0.799552
9001.0,103.0,0.0
9001.0,104.0,0.003523
9001.0,105.0,0.648909
9001.0,106.0,0.744105
9001.0,107.0,0.872837
9001.0,108.0,0.911411
9001.0,109.0,0.990518
9001.0,110.0,0.384533
9001.0,111.0,0.911591
9001.0,112.0,0.142845
9001.0,113.0,0.570898
9001.0,114.0,0.354714
9001.0,115.0,0.153886
9001.0,116.0,0.996617
9001.0,117.0,0.252558
9001.0,118.0,0.810305
9001.0,119.0,0.070541
9001.0,120.0,0.0
9001.0,121.0,0.274122
9001.0,122.0,0.568358
9001.0,123.0,1.0
9001.0,124.0,0.449207
9001.0,125.0,0.484125
9001.0,126.0,0.364395
9001.0,127.0,0.042482
9001.0,128.0,0.022994
9001.0,129.0,0.991438
9001.0,130.0,0.008591
9001.0,131.0,0.999409
9001.0,132.0,0.382111
9001.0,133.0,0.832291
9001.0,134.0,0.508301
9001.0,135.0,0.344189
9001.0,136.0,1.0
9001.0,137.0,0.503649
9001.0,138.0,0.721616
9001.0,139.0,0.414557
9001.0,140.0,0.0
9001.0,141.0,0.63624
9001.0,142.0,1.0
9001.0,143.0,0.141988
9001.0,144.0,0.163476
9001.0,145.0,0.388973
9001.0,146.0,0.559263
9001.0,147.0,1.0
9001.0,148.0,0.382399
9001.0,149.0,0.465596
9001.0,150.0,0.246436
9001.0,151.0,0.554879
9001.0,152.0,0.326242
9001.0,153.0,0.358574
9001.0,154.0,0.597419
9001.0,155.0,0.620965
9001.0,156.0,0.740503
9001.0,157.0,0.0
9001.0,158.0,0.177988
9001.0,159.0,0.125401
9001.0,160.0,0.025727
9001.0,161.0,0.007634
9001.0,162.0,0.764806
9001.0,163.0,0.620468
9001.0,164.0,0.658427
9001.0,165.0,0.440348
9001.0,166.0,0.0
9001.0,167.0,0.46645
9001.0,168.0,0.577283
9001.0,169.0,0.639128
9001.0,170.0,0.678299
9001.0,171.0,0.462263
9001.0,172.0,0.54039
9001.0,173.0,0.666928
9001.0,174.0,0.413097
9001.0,175.0,0.363585
9001.0,176.0,0.172063
9001.0,177.0,0.0
9001.0,178.0,1.0
9001.0,179.0,0.376264
9001.0,180.0,0.333132
9001.0,181.0,0.169564
9001.0,182.0,0.0
9001.0,183.0,0.0
9001.0,184.0,0.486751
9001.0,185.0,0.499131
9001.0,186.0,0.878934
9001.0,187.0,0.517422
9001.0,188.0,0.0
9001.0,189.0,0.920331
9001.0,190.0,1.0
9001.0,191.0,0.676465
9001.0,192.0,0.091332
9001.0,193.0,0.815822
9001.0,194.0,0.0
9001.0,195.0,0.469075
9001.0,196.0,0.527523
9001.0,197.0,0.285843
9001.0,198.0,0.424509
9001.0,199.0,0.036003
9001.0,200.0,0.0
9001.0,201.0,0.748331
9001.0,202.0,1.0
9001.0,203.0,0.566793
9001.0,204.0,0.290844
9001.0,205.0,0.0
9001.0,206.0,0.362598
9001.0,207.0,1.0
9001.0,208.0,0.569521
9001.0,209.0,0.727343
9001.0,210.0,0.315383
9001.0,211.0,0.073488
9001.0,212.0,0.571932
9001.0,213.0,0.0
9001.0,214.0,0.552223
9001.0,215.0,0.663145
9001.0,216.0,1.0
9001.0,217.0,0.701392
9001.0,218.0,0.0
9001.0,219.0,0.298524
9001.0,220.0,0.989071
9001.0,221.0,0.518753
9001.0,222.0,0.0
9001.0,223.0,0.589726
9001.0,224.0,0.378036
9001.0,225.0,0.803768
9001.0,226.0,0.736098
9001.0,227.0,0.836789
9001.0,228.0,0.769745
9001.0,229.0,0.23593
9001.0,230.0,0.396545
9001.0,231.0,0.348829
9001.0,232.0,0.192383
9001.0,233.0,0.775041
9001.0,234.0,0.282296
9001.0,235.0,0.0
9001.0,236.0,0.947063
9001.0,237.0,0.11704
9001.0,238.0,0.581925
9001.0,239.0,1.0
9001.0,240.0,0.170255
9001.0,241.0,0.451406
9001.0,242.0,0.443687
9001.0,243.0,0.0
9001.0,244.0,0.0
9001.0,245.0,1.0
9001.0,246.0,0.617604
9001.0,247.0,0.49221
9001.0,248.0,0.521789
9001.0,249.0,0.462745
9001.0,250.0,0.529136
9001.0,251.0,0.95309
9001.0,252.0,0.39771
9001.0,253.0,0.710171
9001.0,254.0,0.615506
9001.0,255.0,0.394531
9001.0,256.0,1.0
9001.0,257.0,0.858358
9001.0,258.0,0.455244
9001.0,259.0,0.62096
9001.0,260.0,0.941723
9001.0,261.0,0.310742
9001.0,262.0,0.0
9001.0,263.0,0.467211
9001.0,264.0,0.0
9001.0,265.0,0.294349
9001.0,266.0,0.379915
9001.0,267.0,0.781104
9001.0,268.0,0.435951
9001.0,269.0,0.150433
9001.0,270.0,0.93532
9001.0,271.0,0.0
9001.0,272.0,0.126103
9001.0,273.0,0.354601
9001.0,274.0,0.115046
9001.0,275.0,0.670994
9001.0,276.0,0.026196
9001.0,277.0,0.314835
9001.0,278.0,0.479526
9001.0,279.0,0.21165
9001.0,280.0,0.537919
9001.0,281.0,0.821072
9001.0,282.0,1.0
9001.0,283.0,0.41437
9001.0,284.0,0.073902
9001.0,285.0,0.457592
9001.0,286.0,0.816865
9001.0,287.0,0.267945
9001.0,288.0,0.430388
9001.0,289.0,0.39152
9001.0,290.0,0.606851
9001.0,291.0,0.402466
9001.0,292.0,0.677402
9001.0,293.0,1.0
9001.0,294.0,0.271494
9001.0,295.0,0.249675
9001.0,296.0,0.0
9001.0,297.0,0.94919
9001.0,298.0,0.001114
9001.0,299.0,0.0
9001.0,300.0,0.342259
9001.0,301.0,0.732163
9001.0,302.0,0.000838
9001.0,303.0,0.978343
9001.0,304.0,0.0
9001.0,305.0,0.861743
9001.0,306.0,0.704289
9001.0,307.0,0.562236
9001.0,308.0,0.534126
9001.0,309.0,0.0
9001.0,310.0,1.0
9001.0,311.0,0.508473
9001.0,312.0,0.0
9001.0,313.0,0.557796
9001.0,314.0,0.401628
9001.0,315.0,0.495394
9001.0,316.0,0.334965
9001.0,317.0,0.985486
9001.0,318.0,0.627764
9001.0,319.0,0.000127
9001.0,320.0,0.325894
9001.0,321.0,0.0
9001.0,322.0,0.120274
9001.0,323.0,0.374176
9001.0,324.0,0.560504
9001.0,325.0,0.001513
9001.0,326.0,0.807957
9001.0,327.0,0.149117
9001.0,328.0,0.061733
9001.0,329.0,0.860439
9001.0,330.0,0.016863
9001.0,331.0,0.630906
9001.0,332.0,0.345581
9001.0,333.0,0.0
9001.0,334.0,0.280365
9002.0,0.0,0.0
9002.0,1.0,0.0
9002.0,2.0,0.0
9002.0,3.0,0.439808
9002.0,4.0,0.266743
9002.0,5.0,0.457721
9002.0,6.0,0.795828
9002.0,7.0,0.781352
9002.0,8.0,0.045364
9002.0,9.0,0.783605
9002.0,10.0,1.0
9002.0,11.0,0.99873
9002.0,12.0,0.360697
9002.0,13.0,0.339507
9002.0,14.0,0.618127
9002.0,15.0,0.90071
9002.0,16.0,0.594632
9002.0,17.0,0.0
9002.0,18.0,0.636617
9002.0,19.0,0.872815
9002.0,20.0,0.451611
9002.0,21.0,0.0
9002.0,22.0,0.904506
9002.0,23.0,1.0
9002.0,24.0,0.407513
9002.0,25.0,0.489607
9002.0,26.0,0.816994
9002.0,27.0,0.450464
9002.0,28.0,0.704686
9002.0,29.0,1.0
9002.0,30.0,0.231882
9002.0,31.0,0.739132
9002.0,32.0,1.0
9002.0,33.0,1.0
9002.0,34.0,0.02682
9002.0,35.0,0.370973
9002.0,36.0,0.402718
9002.0,37.0,0.528341
9002.0,38.0,0.46565
9002.0,39.0,0.998357
9002.0,40.0,0.643345
9002.0,41.0,0.817941
9002.0,42.0,0.376943
9002.0,43.0,0.906366
9002.0,44.0,0.621063
9002.0,45.0,0.778698
9002.0,46.0,0.501027
9002.0,47.0,0.999607
9002.0,48.0,1.0
9002.0,49.0,0.251528
9002.0,50.0,0.0
9002.0,51.0,0.290383
9002.0,52.0,1.0
9002.0,53.0,0.811484
9002.0,54.0,1.0
9002.0,55.0,0.0
9002.0,56.0,0.343506
9002.0,57.0,0.0
9002.0,58.0,0.438541
9002.0,59.0,0.295717
9002.0,60.0,0.849852
9002.0,61.0,0.995296
9002.0,62.0,0.173369
9002.0,63.0,0.767277
9002.0,64.0,0.950653
9002.0,65.0,0.011165
9002.0,66.0,0.0
9002.0,67.0,0.535452
9002.0,68.0,0.000351
9002.0,69.0,0.01909
9002.0,70.0,0.26423
9002.0,71.0,0.080684
9002.0,72.0,0.539448
9002.0,73.0,0.479578
9002.0,74.0,0.663269
9002.0,75.0,0.559542
9002.0,76.0,0.908527
9002.0,77.0,0.791383
9002.0,78.0,0.347776
9002.0,79.0,0.0
9002.0,80.0,0.994653
9002.0,81.0,0.311033
9002.0,82.0,0.575384
9002.0,83.0,0.52854
9002.0,84.0,1.0
9002.0,85.0,0.393968
9002.0,86.0,0.753412
9002.0,87.0,1.0
9002.0,88.0,0.0
9002.0,89.0,0.717284
9002.0,90.0,0.730128
9002.0,91.0,0.452423
9002.0,92.0,0.064298
9002.0,93.0,0.450307
9002.0,94.0,0.417381
9002.0,95.0,0.026638
9002.0,96.0,1.0
9002.0,97.0,0.410857
9002.0,98.0,0.0
9002.0,99.0,0.072343
9002.0,100.0,0.737948
9002.0,101.0,0.405511
9002.0,102.0,0.806741
9002.0,103.0,0.0
9002.0,104.0,0.003619
9002.0,105.0,0.650315
9002.0,106.0,0.747038
9002.0,107.0,0.872778
9002.0,108.0,0.914162
9002.0,109.0,0.990799
9002.0,110.0,0.3851
9002.0,111.0,0.912593
9002.0,112.0,0.142475
9002.0,113.0,0.572997
9002.0,114.0,0.358836
9002.0,115.0,0.154654
9002.0,116.0,0.99655
9002.0,117.0,0.254269
9002.0,118.0,0.81265
9002.0,119.0,0.071535
9002.0,120.0,0.0
9002.0,121.0,0.284957
9002.0,122.0,0.571029
9002.0,123.0,1.0
9002.0,124.0,0.454318
9002.0,125.0,0.49035
9002.0,126.0,0.367024
9002.0,127.0,0.043167
9002.0,128.0,0.023316
9002.0,129.0,0.99149
9002.0,130.0,0.008651
9002.0,131.0,0.99948
9002.0,132.0,0.388336
9002.0,133.0,0.835429
9002.0,134.0,0.493699
9002.0,135.0,0.354236
9002.0,136.0,1.0
9002.0,137.0,0.505792
9002.0,138.0,0.728577
9002.0,139.0,0.419386
9002.0,140.0,0.0
9002.0,141.0,0.637802
9002.0,142.0,1.0
9002.0,143.0,0.14469
9002.0,144.0,0.164269
9002.0,145.0,0.392734
9002.0,146.0,0.561432
9002.0,147.0,1.0
9002.0,148.0,0.386226
9002.0,149.0,0.474531
9002.0,150.0,0.247766
9002.0,151.0,0.558481
9002.0,152.0,0.327211
9002.0,153.0,0.368048
9002.0,154.0,0.599192
9002.0,155.0,0.626405
9002.0,156.0,0.741713
9002.0,157.0,0.0
9002.0,158.0,0.183068
9002.0,159.0,0.12902
9002.0,160.0,0.026151
9002.0,161.0,0.007484
9002.0,162.0,0.764588
9002.0,163.0,0.623686
9002.0,164.0,0.661586
9002.0,165.0,0.447571
9002.0,166.0,0.0
9002.0,167.0,0.467715
9002.0,168.0,0.578163
9002.0,169.0,0.66975
9002.0,170.0,0.682415
9002.0,171.0,0.462816
9002.0,172.0,0.541382
9002.0,173.0,0.670861
9002.0,174.0,0.413175
9002.0,175.0,0.365422
9002.0,176.0,0.172942
9002.0,177.0,0.0
9002.0,178.0,1.0
9002.0,179.0,0.385231
9002.0,180.0,0.338218
9002.0,181.0,0.170788
9002.0,182.0,0.0
9002.0,183.0,0.0
9002.0,184.0,0.491006
9002.0,185.0,0.500607
9002.0,186.0,0.882442
9002.0,187.0,0.517176
9002.0,188.0,0.0
9002.0,189.0,0.920724
9002.0,190.0,1.0
9002.0,191.0,0.677878
9002.0,192.0,0.091305
9002.0,193.0,0.816445
9002.0,194.0,0.0
9002.0,195.0,0.475364
9002.0,196.0,0.524962
9002.0,197.0,0.289428
9002.0,198.0,0.428616
9002.0,199.0,0.036027
9002.0,200.0,0.0
9002.0,201.0,0.748709
9002.0,202.0,1.0
9002.0,203.0,0.586741
9002.0,204.0,0.293258
9002.0,205.0,0.0
9002.0,206.0,0.385357
9002.0,207.0,1.0
9002.0,208.0,0.571919
9002.0,209.0,0.72813
9002.0,210.0,0.323666
9002.0,211.0,0.071642
9002.0,212.0,0.579259
9002.0,213.0,0.0
9002.0,214.0,0.560418
9002.0,215.0,0.668733
9002.0,216.0,1.0
9002.0,217.0,0.705474
9002.0,218.0,0.0
9002.0,219.0,0.299203
9002.0,220.0,0.989294
9002.0,221.0,0.529664
9002.0,222.0,0.0
9002.0,223.0,0.592263
9002.0,224.0,0.380855
9002.0,225.0,0.80597
9002.0,226.0,0.741328
9002.0,227.0,0.839336
9002.0,228.0,0.772586
9002.0,229.0,0.238639
9002.0,230.0,0.398125
9002.0,231.0,0.40942
9002.0,232.0,0.191504
9002.0,233.0,0.778208
9002.0,234.0,0.287613
9002.0,235.0,0.0
9002.0,236.0,0.947119
9002.0,237.0,0.117229
9002.0,238.0,0.592525
9002.0,239.0,1.0
9002.0,240.0,0.171251
9002.0,241.0,0.454661
9002.0,242.0,0.446108
9002.0,243.0,0.0
9002.0,244.0,0.0
9002.0,245.0,1.0
9002.0,246.0,0.618124
9002.0,247.0,0.493678
9002.0,248.0,0.525043
9002.0,249.0,0.466727
9002.0,250.0,0.535623
9002.0,251.0,0.95365
9002.0,252.0,0.398888
9002.0,253.0,0.712748
9002.0,254.0,0.620762
9002.0,255.0,0.397429
9002.0,256.0,1.0
9002.0,257.0,0.859567
9002.0,258.0,0.45619
9002.0,259.0,0.62137
9002.0,260.0,0.943124
9002.0,261.0,0.317751
9002.0,262.0,0.0
9002.0,263.0,0.46691
9002.0,264.0,0.0
9002.0,265.0,0.295253
9002.0,266.0,0.381943
9002.0,267.0,0.783186
9002.0,268.0,0.442263
9002.0,269.0,0.152498
9002.0,270.0,0.935436
9002.0,271.0,0.0
9002.0,272.0,0.127136
9002.0,273.0,0.358138
9002.0,274.0,0.115048
9002.0,275.0,0.673358
9002.0,276.0,0.026657
9002.0,277.0,0.317347
9002.0,278.0,0.481365
9002.0,279.0,0.215394
9002.0,280.0,0.538646
9002.0,281.0,0.824857
9002.0,282.0,1.0
9002.0,283.0,0.413772
9002.0,284.0,0.074086
9002.0,285.0,0.464088
9002.0,286.0,0.821277
9002.0,287.0,0.269519
9002.0,288.0,0.436409
9002.0,289.0,0.398381
9002.0,290.0,0.606863
9002.0,291.0,0.405083
9002.0,292.0,0.679285
9002.0,293.0,1.0
9002.0,294.0,0.27191
9002.0,295.0,0.253084
9002.0,296.0,0.0
9002.0,297.0,0.948972
9002.0,298.0,0.00115
9002.0,299.0,0.0
9002.0,300.0,0.346632
9002.0,301.0,0.732767
9002.0,302.0,0.000798
9002.0,303.0,0.977946
9002.0,304.0,0.0
9002.0,305.0,0.861408
9002.0,306.0,0.705661
9002.0,307.0,0.563246
9002.0,308.0,0.537671
9002.0,309.0,0.0
9002.0,310.0,1.0
9002.0,311.0,0.508397
9002.0,312.0,0.0
9002.0,313.0,0.558198
9002.0,314.0,0.404257
9002.0,315.0,0.498056
9002.0,316.0,0.33567
9002.0,317.0,0.985468
9002.0,318.0,0.628668
9002.0,319.0,0.000131
9002.0,320.0,0.333802
9002.0,321.0,0.0
9002.0,322.0,0.121304
9002.0,323.0,0.408246
9002.0,324.0,0.561071
9002.0,325.0,0.001646
9002.0,326.0,0.80855
9002.0,327.0,0.149734
9002.0,328.0,0.061571
9002.0,329.0,0.870063
9002.0,330.0,0.017079
9002.0,331.0,0.632211
9002.0,332.0,0.350263
9002.0,333.0,0.0
9002.0,334.0,0.285308
9003.0,0.0,0.0
9003.0,1.0,0.0
9003.0,2.0,0.0
9003.0,3.0,0.444066
9003.0,4.0,0.269112
9003.0,5.0,0.466543
9003.0,6.0,0.796614
9003.0,7.0,0.783202
9003.0,8.0,0.045711
9003.0,9.0,0.784827
9003.0,10.0,1.0
9003.0,11.0,0.99875
9003.0,12.0,0.368035
9003.0,13.0,0.342861
9003.0,14.0,0.632236
9003.0,15.0,0.901833
9003.0,16.0,0.59552
9003.0,17.0,0.0
9003.0,18.0,0.643565
9003.0,19.0,0.87303
9003.0,20.0,0.456146
9003.0,21.0,0.0
9003.0,22.0,0.905701
9003.0,23.0,1.0
9003.0,24.0,0.408474
9003.0,25.0,0.49763
9003.0,26.0,0.825368
9003.0,27.0,0.455318
9003.0,28.0,0.708446
9003.0,29.0,1.0
9003.0,30.0,0.241425
9003.0,31.0,0.738508
9003.0,32.0,1.0
9003.0,33.0,1.0
9003.0,34.0,0.028702
9003.0,35.0,0.371251
9003.0,36.0,0.404701
9003.0,37.0,0.529077
9003.0,38.0,0.470435
9003.0,39.0,0.998473
9003.0,40.0,0.646812
9003.0,41.0,0.820155
9003.0,42.0,0.382964
9003.0,43.0,0.913877
9003.0,44.0,0.626044
9003.0,45.0,0.78684
9003.0,46.0,0.501592
9003.0,47.0,0.999656
9003.0,48.0,1.0
9003.0,49.0,0.252842
9003.0,50.0,0.0
9003.0,51.0,0.293144
9003.0,52.0,1.0
9003.0,53.0,0.815337
9003.0,54.0,1.0
9003.0,55.0,0.0
9003.0,56.0,0.34524
9003.0,57.0,0.0
9003.0,58.0,0.439858
9003.0,59.0,0.30095
9003.0,60.0,0.850186
9003.0,61.0,0.995357
9003.0,62.0,0.178045
9003.0,63.0,0.768155
9003.0,64.0,0.95164
9003.0,65.0,0.010926
9003.0,66.0,0.0
9003.0,67.0,0.539096
9003.0,68.0,0.000378
9003.0,69.0,0.019167
9003.0,70.0,0.265889
9003.0,71.0,0.08304
9003.0,72.0,0.543409
9003.0,73.0,0.480449
9003.0,74.0,0.665522
9003.0,75.0,0.56629
9003.0,76.0,0.909195
9003.0,77.0,0.792503
9003.0,78.0,0.356363
9003.0,79.0,0.0
9003.0,80.0,0.994696
9003.0,81.0,0.312614
9003.0,82.0,0.577466
9003.0,83.0,0.531873
9003.0,84.0,1.0
9003.0,85.0,0.393856
9003.0,86.0,0.756974
9003.0,87.0,1.0
9003.0,88.0,0.0
9003.0,89.0,0.720458
9003.0,90.0,0.731065
9003.0,91.0,0.453398
9003.0,92.0,0.065449
9003.0,93.0,0.452372
9003.0,94.0,0.420986
9003.0,95.0,0.026727
9003.0,96.0,1.0
9003.0,97.0,0.453075
9003.0,98.0,0.0
9003.0,99.0,0.07292
9003.0,100.0,0.738746
9003.0,101.0,0.40774
9003.0,102.0,0.812384
9003.0,103.0,0.0
9003.0,104.0,0.003686
9003.0,105.0,0.651716
9003.0,106.0,0.749677
9003.0,107.0,0.873
9003.0,108.0,0.916885
9003.0,109.0,0.991118
9003.0,110.0,0.385821
9003.0,111.0,0.913392
9003.0,112.0,0.142445
9003.0,113.0,0.57281
9003.0,114.0,0.363671
9003.0,115.0,0.155492
9003.0,116.0,0.99657
9003.0,117.0,0.255401
9003.0,118.0,0.815053
9003.0,119.0,0.071969
9003.0,120.0,0.0
9003.0,121.0,0.295492
9003.0,122.0,0.571505
9003.0,123.0,1.0
9003.0,124.0,0.459452
9003.0,125.0,0.496094
9003.0,126.0,0.369373
9003.0,127.0,0.044056
9003.0,128.0,0.023577
9003.0,129.0,0.991526
9003.0,130.0,0.008581
9003.0,131.0,0.999519
9003.0,132.0,0.39506
9003.0,133.0,0.838518
9003.0,134.0,0.480901
9003.0,135.0,0.364194
9003.0,136.0,1.0
9003.0,137.0,0.507395
9003.0,138.0,0.734283
9003.0,139.0,0.422854
9003.0,140.0,0.0
9003.0,141.0,0.638856
9003.0,142.0,1.0
9003.0,143.0,0.147574
9003.0,144.0,0.165065
9003.0,145.0,0.396947
9003.0,146.0,0.563837
9003.0,147.0,1.0
9003.0,148.0,0.389104
9003.0,149.0,0.484221
9003.0,150.0,0.249632
9003.0,151.0,0.561501
9003.0,152.0,0.328466
9003.0,153.0,0.377263
9003.0,154.0,0.602048
9003.0,155.0,0.632569
9003.0,156.0,0.742904
9003.0,157.0,0.0
9003.0,158.0,0.188961
9003.0,159.0,0.132358
9003.0,160.0,0.026561
9003.0,161.0,0.007461
9003.0,162.0,0.765171
9003.0,163.0,0.624947
9003.0,164.0,0.665434
9003.0,165.0,0.454228
9003.0,166.0,0.0
9003.0,167.0,0.468349
9003.0,168.0,0.578396
9003.0,169.0,0.69971
9003.0,170.0,0.685955
9003.0,171.0,0.462895
9003.0,172.0,0.543267
9003.0,173.0,0.674227
9003.0,174.0,0.413779
9003.0,175.0,0.36685
9003.0,176.0,0.174722
9003.0,177.0,0.0
9003.0,178.0,1.0
9003.0,179.0,0.392723
9003.0,180.0,0.343091
9003.0,181.0,0.171726
9003.0,182.0,0.0
9003.0,183.0,0.0
9003.0,184.0,0.495691
9003.0,185.0,0.502297
9003.0,186.0,0.885709
9003.0,187.0,0.517571
9003.0,188.0,0.0
9003.0,189.0,0.921346
9003.0,190.0,1.0
9003.0,191.0,0.679894
9003.0,192.0,0.0918
9003.0,193.0,0.816348
9003.0,194.0,0.0
9003.0,195.0,0.481055
9003.0,196.0,0.521171
9003.0,197.0,0.293096
9003.0,198.0,0.432024
9003.0,199.0,0.03631
9003.0,200.0,0.0
9003.0,201.0,0.749468
9003.0,202.0,1.0
9003.0,203.0,0.605084
9003.0,204.0,0.296202
9003.0,205.0,0.0
9003.0,206.0,0.406674
9003.0,207.0,1.0
9003.0,208.0,0.574424
9003.0,209.0,0.728513
9003.0,210.0,0.332379
9003.0,211.0,0.069581
9003.0,212.0,0.58694
9003.0,213.0,0.0
9003.0,214.0,0.567116
9003.0,215.0,0.674221
9003.0,216.0,1.0
9003.0,217.0,0.709433
9003.0,218.0,0.0
9003.0,219.0,0.299678
9003.0,220.0,0.989631
9003.0,221.0,0.540914
9003.0,222.0,0.0
9003.0,223.0,0.593441
9003.0,224.0,0.383725
9003.0,225.0,0.808415
9003.0,226.0,0.746772
9003.0,227.0,0.841036
9003.0,228.0,0.775829
9003.0,229.0,0.241203
9003.0,230.0,0.3991
9003.0,231.0,0.467285
9003.0,232.0,0.191149
9003.0,233.0,0.782068
9003.0,234.0,0.294032
9003.0,235.0,0.0
9003.0,236.0,0.947225
9003.0,237.0,0.117508
9003.0,238.0,0.603415
9003.0,239.0,1.0
9003.0,240.0,0.172779
9003.0,241.0,0.458466
9003.0,242.0,0.448934
9003.0,243.0,0.0
9003.0,244.0,0.0
9003.0,245.0,1.0
9003.0,246.0,0.618733
9003.0,247.0,0.494561
9003.0,248.0,0.528834
9003.0,249.0,0.470292
9003.0,250.0,0.54239
9003.0,251.0,0.954013
9003.0,252.0,0.40016
9003.0,253.0,0.714978
9003.0,254.0,0.62636
9003.0,255.0,0.398809
9003.0,256.0,1.0
9003.0,257.0,0.861019
9003.0,258.0,0.458815
9003.0,259.0,0.623148
9003.0,260.0,0.944091
9003.0,261.0,0.324559
9003.0,262.0,0.0
9003.0,263.0,0.467415
9003.0,264.0,0.0
9003.0,265.0,0.29572
9003.0,266.0,0.384785
9003.0,267.0,0.786037
9003.0,268.0,0.447499
9003.0,269.0,0.154996
9003.0,270.0,0.935115
9003.0,271.0,0.0
9003.0,272.0,0.128472
9003.0,273.0,0.362157
9003.0,274.0,0.115738
9003.0,275.0,0.675207
9003.0,276.0,0.026739
9003.0,277.0,0.319901
9003.0,278.0,0.483283
9003.0,279.0,0.218426
9003.0,280.0,0.539451
9003.0,281.0,0.829025
9003.0,282.0,1.0
9003.0,283.0,0.414249
9003.0,284.0,0.074139
9003.0,285.0,0.471304
9003.0,286.0,0.825856
9003.0,287.0,0.271537
9003.0,288.0,0.442604
9003.0,289.0,0.405638
9003.0,290.0,0.607577
9003.0,291.0,0.40687
9003.0,292.0,0.681557
9003.0,293.0,1.0
9003.0,294.0,0.272408
9003.0,295.0,0.257079
9003.0,296.0,0.0
9003.0,297.0,0.949389
9003.0,298.0,0.001167
9003.0,299.0,0.0
9003.0,300.0,0.34991
9003.0,301.0,0.733787
9003.0,302.0,0.000791
9003.0,303.0,0.978149
9003.0,304.0,0.0
9003.0,305.0,0.862021
9003.0,306.0,0.707192
9003.0,307.0,0.564768
9003.0,308.0,0.541678
9003.0,309.0,0.0
9003.0,310.0,1.0
9003.0,311.0,0.509026
9003.0,312.0,0.0
9003.0,313.0,0.558463
9003.0,314.0,0.405966
9003.0,315.0,0.500137
9003.0,316.0,0.336557
9003.0,317.0,0.985581
9003.0,318.0,0.630104
9003.0,319.0,0.000139
9003.0,320.0,0.342394
9003.0,321.0,0.0
9003.0,322.0,0.122574
9003.0,323.0,0.440894
9003.0,324.0,0.561179
9003.0,325.0,0.001721
9003.0,326.0,0.809698
9003.0,327.0,0.150324
9003.0,328.0,0.061267
9003.0,329.0,0.878411
9003.0,330.0,0.017304
9003.0,331.0,0.632784
9003.0,332.0,0.354537
9003.0,333.0,0.0
9003.0,334.0,0.28968
9004.0,0.0,0.0
9004.0,1.0,0.0
9004.0,2.0,0.0
9004.0,3.0,0.448511
9004.0,4.0,0.271332
9004.0,5.0,0.475896
9004.0,6.0,0.79888
9004.0,7.0,0.784742
9004.0,8.0,0.04595
9004.0,9.0,0.786258
9004.0,10.0,1.0
9004.0,11.0,0.998826
9004.0,12.0,0.375491
9004.0,13.0,0.345194
9004.0,14.0,0.64425
9004.0,15.0,0.902678
9004.0,16.0,0.597392
9004.0,17.0,0.0
9004.0,18.0,0.650702
9004.0,19.0,0.873994
9004.0,20.0,0.461419
9004.0,21.0,0.0
9004.0,22.0,0.907181
9004.0,23.0,1.0
9004.0,24.0,0.410416
9004.0,25.0,0.505083
9004.0,26.0,0.833081
9004.0,27.0,0.459577
9004.0,28.0,0.711561
9004.0,29.0,1.0
9004.0,30.0,0.250464
9004.0,31.0,0.738447
9004.0,32.0,1.0
9004.0,33.0,1.0
9004.0,34.0,0.030284
9004.0,35.0,0.371149
9004.0,36.0,0.406326
9004.0,37.0,0.529902
9004.0,38.0,0.475027
9004.0,39.0,0.998601
9004.0,40.0,0.649643
9004.0,41.0,0.822894
9004.0,42.0,0.389403
9004.0,43.0,0.920815
9004.0,44.0,0.631623
9004.0,45.0,0.793658
9004.0,46.0,0.502392
9004.0,47.0,0.999693
9004.0,48.0,1.0
9004.0,49.0,0.253987
9004.0,50.0,0.0
9004.0,51.0,0.297101
9004.0,52.0,1.0
9004.0,53.0,0.819166
9004.0,54.0,1.0
9004.0,55.0,0.0
9004.0,56.0,0.346388
9004.0,57.0,0.0
9004.0,58.0,0.440572
9004.0,59.0,0.306978
9004.0,60.0,0.850689
9004.0,61.0,0.995425
9004.0,62.0,0.182975
9004.0,63.0,0.769464
9004.0,64.0,0.952809
9004.0,65.0,0.010934
9004.0,66.0,0.0
9004.0,67.0,0.542777
9004.0,68.0,0.000428
9004.0,69.0,0.019129
9004.0,70.0,0.267289
9004.0,71.0,0.084744
9004.0,72.0,0.546435
9004.0,73.0,0.480882
9004.0,74.0,0.668553
9004.0,75.0,0.573796
9004.0,76.0,0.909482
9004.0,77.0,0.793533
9004.0,78.0,0.365857
9004.0,79.0,0.0
9004.0,80.0,0.994765
9004.0,81.0,0.314203
9004.0,82.0,0.580188
9004.0,83.0,0.534054
9004.0,84.0,1.0
9004.0,85.0,0.394278
9004.0,86.0,0.759528
9004.0,87.0,1.0
9004.0,88.0,0.0
9004.0,89.0,0.72376
9004.0,90.0,0.731373
9004.0,91.0,0.453698
9004.0,92.0,0.067066
9004.0,93.0,0.453901
9004.0,94.0,0.424784
9004.0,95.0,0.026367
9004.0,96.0,1.0
9004.0,97.0,0.494181
9004.0,98.0,0.0
9004.0,99.0,0.073483
9004.0,100.0,0.740754
9004.0,101.0,0.409452
9004.0,102.0,0.818259
9004.0,103.0,0.0
9004.0,104.0,0.003734
9004.0,105.0,0.653121
9004.0,106.0,0.752901
9004.0,107.0,0.873306
9004.0,108.0,0.919467
9004.0,109.0,0.99142
9004.0,110.0,0.385593
9004.0,111.0,0.914319
9004.0,112.0,0.142598
9004.0,113.0,0.573434
9004.0,114.0,0.369258
9004.0,115.0,0.156751
9004.0,116.0,0.996486
9004.0,117.0,0.256951
9004.0,118.0,0.817424
9004.0,119.0,0.072509
9004.0,120.0,0.0
9004.0,121.0,0.305963
9004.0,122.0,0.573434
9004.0,123.0,1.0
9004.0,124.0,0.464369
9004.0,125.0,0.502756
9004.0,126.0,0.371705
9004.0,127.0,0.045153
9004.0,128.0,0.023871
9004.0,129.0,0.991556
9004.0,130.0,0.008496
9004.0,131.0,0.999538
9004.0,132.0,0.402202
9004.0,133.0,0.84122
9004.0,134.0,0.466904
9004.0,135.0,0.37396
9004.0,136.0,1.0
9004.0,137.0,0.50962
9004.0,138.0,0.740081
9004.0,139.0,0.426873
9004.0,140.0,0.0
9004.0,141.0,0.639767
9004.0,142.0,1.0
9004.0,143.0,0.150729
9004.0,144.0,0.166193
9004.0,145.0,0.401023
9004.0,146.0,0.566551
9004.0,147.0,1.0
9004.0,148.0,0.39222
9004.0,149.0,0.492289
9004.0,150.0,0.250714
9004.0,151.0,0.563927
9004.0,152.0,0.33007
9004.0,153.0,0.387554
9004.0,154.0,0.603905
9004.0,155.0,0.638193
9004.0,156.0,0.743938
9004.0,157.0,0.0
9004.0,158.0,0.194645
9004.0,159.0,0.136449
9004.0,160.0,0.027272
9004.0,161.0,0.007436
9004.0,162.0,0.766107
9004.0,163.0,0.626959
9004.0,164.0,0.667926
9004.0,165.0,0.461232
9004.0,166.0,0.0
9004.0,167.0,0.470399
9004.0,168.0,0.578746
9004.0,169.0,0.727871
9004.0,170.0,0.689114
9004.0,171.0,0.463547
9004.0,172.0,0.544313
9004.0,173.0,0.676951
9004.0,174.0,0.414082
9004.0,175.0,0.369129
9004.0,176.0,0.176165
9004.0,177.0,0.0
9004.0,178.0,1.0
9004.0,179.0,0.401768
9004.0,180.0,0.347253
9004.0,181.0,0.173026
9004.0,182.0,0.0
9004.0,183.0,0.0
9004.0,184.0,0.500257
9004.0,185.0,0.503365
9004.0,186.0,0.88976
9004.0,187.0,0.517433
9004.0,188.0,0.0
9004.0,189.0,0.921257
9004.0,190.0,1.0
9004.0,191.0,0.682466
9004.0,192.0,0.092052
9004.0,193.0,0.817329
9004.0,194.0,0.0
9004.0,195.0,0.488225
9004.0,196.0,0.518676
9004.0,197.0,0.297406
9004.0,198.0,0.436527
9004.0,199.0,0.036224
9004.0,200.0,0.0
9004.0,201.0,0.750397
9004.0,202.0,1.0
9004.0,203.0,0.622295
9004.0,204.0,0.297871
9004.0,205.0,0.0
9004.0,206.0,0.427174
9004.0,207.0,1.0
9004.0,208.0,0.576707
9004.0,209.0,0.728482
9004.0,210.0,0.341555
9004.0,211.0,0.067871
9004.0,212.0,0.59376
9004.0,213.0,0.0
9004.0,214.0,0.574281
9004.0,215.0,0.679422
9004.0,216.0,1.0
9004.0,217.0,0.712911
9004.0,218.0,0.0
9004.0,219.0,0.301371
9004.0,220.0,0.98986
9004.0,221.0,0.551536
9004.0,222.0,0.0
9004.0,223.0,0.595982
9004.0,224.0,0.387084
9004.0,225.0,0.810358
9004.0,226.0,0.75132
9004.0,227.0,0.842721
9004.0,228.0,0.778318
9004.0,229.0,0.242928
9004.0,230.0,0.399518
9004.0,231.0,0.520532
9004.0,232.0,0.190819
9004.0,233.0,0.785786
9004.0,234.0,0.29887
9004.0,235.0,0.0
9004.0,236.0,0.94788
9004.0,237.0,0.11767
9004.0,238.0,0.614913
9004.0,239.0,1.0
9004.0,240.0,0.174161
9004.0,241.0,0.461605
9004.0,242.0,0.451261
9004.0,243.0,0.0
9004.0,244.0,0.0
9004.0,245.0,1.0
9004.0,246.0,0.61954
9004.0,247.0,0.495572
9004.0,248.0,0.531767
9004.0,249.0,0.474506
9004.0,250.0,0.548905
9004.0,251.0,0.954552
9004.0,252.0,0.401304
9004.0,253.0,0.717023
9004.0,254.0,0.631416
9004.0,255.0,0.401072
9004.0,256.0,1.0
9004.0,257.0,0.862122
9004.0,258.0,0.460415
9004.0,259.0,0.624308
9004.0,260.0,0.945042
9004.0,261.0,0.330596
9004.0,262.0,0.0
9004.0,263.0,0.467746
9004.0,264.0,0.0
9004.0,265.0,0.296091
9004.0,266.0,0.388419
9004.0,267.0,0.788424
9004.0,268.0,0.453111
9004.0,269.0,0.157214
9004.0,270.0,0.935113
9004.0,271.0,0.0
9004.0,272.0,0.129011
9004.0,273.0,0.365935
9004.0,274.0,0.115803
9004.0,275.0,0.677322
9004.0,276.0,0.027189
9004.0,277.0,0.322676
9004.0,278.0,0.485407
9004.0,279.0,0.221476
9004.0,280.0,0.541916
9004.0,281.0,0.832617
9004.0,282.0,1.0
9004.0,283.0,0.415027
9004.0,284.0,0.074252
9004.0,285.0,0.477875
9004.0,286.0,0.830373
9004.0,287.0,0.273703
9004.0,288.0,0.447649
9004.0,289.0,0.412246
9004.0,290.0,0.608975
9004.0,291.0,0.409313
9004.0,292.0,0.683424
9004.0,293.0,1.0
9004.0,294.0,0.272244
9004.0,295.0,0.259523
9004.0,296.0,0.0
9004.0,297.0,0.949723
9004.0,298.0,0.001192
9004.0,299.0,0.0
9004.0,300.0,0.353717
9004.0,301.0,0.734806
9004.0,302.0,0.000846
9004.0,303.0,0.978311
9004.0,304.0,0.0
9004.0,305.0,0.862908
9004.0,306.0,0.709247
9004.0,307.0,0.565336
9004.0,308.0,0.545998
9004.0,309.0,0.0
9004.0,310.0,1.0
9004.0,311.0,0.508711
9004.0,312.0,0.0
9004.0,313.0,0.559591
9004.0,314.0,0.40821
9004.0,315.0,0.503271
9004.0,316.0,0.337964
9004.0,317.0,0.985783
9004.0,318.0,0.631035
9004.0,319.0,0.000127
9004.0,320.0,0.350584
9004.0,321.0,0.0
9004.0,322.0,0.123764
9004.0,323.0,0.472833
9004.0,324.0,0.562092
9004.0,325.0,0.001839
9004.0,326.0,0.810882
9004.0,327.0,0.150259
9004.0,328.0,0.061575
9004.0,329.0,0.887192
9004.0,330.0,0.017323
9004.0,331.0,0.633727
9004.0,332.0,0.358944
9004.0,333.0,0.0
9004.0,334.0,0.293571
9005.0,0.0,0.0
9005.0,1.0,0.0
9005.0,2.0,0.0
9005.0,3.0,0.452791
9005.0,4.0,0.273121
9005.0,5.0,0.485368
9005.0,6.0,0.800709
9005.0,7.0,0.785925
9005.0,8.0,0.045945
9005.0,9.0,0.7876
9005.0,10.0,1.0
9005.0,11.0,0.998843
9005.0,12.0,0.381765
9005.0,13.0,0.34801
9005.0,14.0,0.65575
9005.0,15.0,0.903585
9005.0,16.0,0.599282
9005.0,17.0,0.0
9005.0,18.0,0.658093
9005.0,19.0,0.874673
9005.0,20.0,0.466127
9005.0,21.0,0.0
9005.0,22.0,0.908538
9005.0,23.0,1.0
9005.0,24.0,0.411824
9005.0,25.0,0.513218
9005.0,26.0,0.839839
9005.0,27.0,0.464295
9005.0,28.0,0.714132
9005.0,29.0,1.0
9005.0,30.0,0.259693
9005.0,31.0,0.738906
9005.0,32.0,1.0
9005.0,33.0,1.0
9005.0,34.0,0.032059
9005.0,35.0,0.371448
9005.0,36.0,0.409077
9005.0,37.0,0.530255
9005.0,38.0,0.479537
9005.0,39.0,0.998665
9005.0,40.0,0.653451
9005.0,41.0,0.825216
9005.0,42.0,0.396732
9005.0,43.0,0.926018
9005.0,44.0,0.636938
9005.0,45.0,0.80086
9005.0,46.0,0.503077
9005.0,47.0,0.999694
9005.0,48.0,1.0
9005.0,49.0,0.255663
9005.0,50.0,0.0
9005.0,51.0,0.30025
9005.0,52.0,1.0
9005.0,53.0,0.822664
9005.0,54.0,1.0
9005.0,55.0,0.0
9005.0,56.0,0.34762
9005.0,57.0,0.0
9005.0,58.0,0.442831
9005.0,59.0,0.31292
9005.0,60.0,0.851193
9005.0,61.0,0.99545
9005.0,62.0,0.187628
9005.0,63.0,0.771412
9005.0,64.0,0.953827
9005.0,65.0,0.010679
9005.0,66.0,0.0
9005.0,67.0,0.546062
9005.0,68.0,0.000416
9005.0,69.0,0.019223
9005.0,70.0,0.269819
9005.0,71.0,0.086391
9005.0,72.0,0.550751
9005.0,73.0,0.481644
9005.0,74.0,0.670961
9005.0,75.0,0.581332
9005.0,76.0,0.910124
9005.0,77.0,0.794854
9005.0,78.0,0.374553
9005.0,79.0,0.0
9005.0,80.0,0.994857
9005.0,81.0,0.31711
9005.0,82.0,0.582757
9005.0,83.0,0.535525
9005.0,84.0,1.0
9005.0,85.0,0.39389
9005.0,86.0,0.762785
9005.0,87.0,1.0
9005.0,88.0,0.0
9005.0,89.0,0.725822
9005.0,90.0,0.731956
9005.0,91.0,0.453369
9005.0,92.0,0.068255
9005.0,93.0,0.454983
9005.0,94.0,0.429336
9005.0,95.0,0.026501
9005.0,96.0,1.0
9005.0,97.0,0.53387
9005.0,98.0,0.0
9005.0,99.0,0.073892
9005.0,100.0,0.742737
9005.0,101.0,0.410414
9005.0,102.0,0.823412
9005.0,103.0,0.0
9005.0,104.0,0.003695
9005.0,105.0,0.655127
9005.0,106.0,0.756723
9005.0,107.0,0.873602
9005.0,108.0,0.921905
9005.0,109.0,0.991695
9005.0,110.0,0.387448
9005.0,111.0,0.915268
9005.0,112.0,0.142377
9005.0,113.0,0.574309
9005.0,114.0,0.374061
9005.0,115.0,0.157941
9005.0,116.0,0.996422
9005.0,117.0,0.25782
9005.0,118.0,0.81981
9005.0,119.0,0.073496
9005.0,120.0,0.0
9005.0,121.0,0.315966
9005.0,122.0,0.57519
9005.0,123.0,1.0
9005.0,124.0,0.470026
9005.0,125.0,0.509064
9005.0,126.0,0.374327
9005.0,127.0,0.045888
9005.0,128.0,0.024185
9005.0,129.0,0.991576
9005.0,130.0,0.008706
9005.0,131.0,0.999578
9005.0,132.0,0.408976
9005.0,133.0,0.844324
9005.0,134.0,0.455114
9005.0,135.0,0.38291
9005.0,136.0,1.0
9005.0,137.0,0.512465
9005.0,138.0,0.745293
9005.0,139.0,0.431141
9005.0,140.0,0.0
9005.0,141.0,0.640556
9005.0,142.0,1.0
9005.0,143.0,0.153322
9005.0,144.0,0.167742
9005.0,145.0,0.404193
9005.0,146.0,0.568249
9005.0,147.0,1.0
9005.0,148.0,0.395571
9005.0,149.0,0.500849
9005.0,150.0,0.251866
9005.0,151.0,0.566871
9005.0,152.0,0.331833
9005.0,153.0,0.397276
9005.0,154.0,0.605509
9005.0,155.0,0.643717
9005.0,156.0,0.744758
9005.0,157.0,0.0
9005.0,158.0,0.200464
9005.0,159.0,0.140887
9005.0,160.0,0.028228
9005.0,161.0,0.007318
9005.0,162.0,0.767159
9005.0,163.0,0.629525
9005.0,164.0,0.671152
9005.0,165.0,0.467579
9005.0,166.0,0.0
9005.0,167.0,0.47178
9005.0,168.0,0.579274
9005.0,169.0,0.753444
9005.0,170.0,0.692835
9005.0,171.0,0.463941
9005.0,172.0,0.546214
9005.0,173.0,0.679933
9005.0,174.0,0.414665
9005.0,175.0,0.370129
9005.0,176.0,0.177437
9005.0,177.0,0.0
9005.0,178.0,1.0
9005.0,179.0,0.410004
9005.0,180.0,0.351769
9005.0,181.0,0.1739
9005.0,182.0,0.0
9005.0,183.0,0.0
9005.0,184.0,0.504762
9005.0,185.0,0.504109
9005.0,186.0,0.892902
9005.0,187.0,0.517099
9005.0,188.0,0.0
9005.0,189.0,0.921761
9005.0,190.0,1.0
9005.0,191.0,0.684315
9005.0,192.0,0.092503
9005.0,193.0,0.818331
9005.0,194.0,0.0
9005.0,195.0,0.494361
9005.0,196.0,0.516435
9005.0,197.0,0.300159
9005.0,198.0,0.440461
9005.0,199.0,0.036022
9005.0,200.0,0.0
9005.0,201.0,0.75125
9005.0,202.0,1.0
9005.0,203.0,0.63859
9005.0,204.0,0.30057
9005.0,205.0,0.0
9005.0,206.0,0.446515
9005.0,207.0,1.0
9005.0,208.0,0.579978
9005.0,209.0,0.729115
9005.0,210.0,0.350526
9005.0,211.0,0.067024
9005.0,212.0,0.600758
9005.0,213.0,0.0
9005.0,214.0,0.58024
9005.0,215.0,0.684075
9005.0,216.0,1.0
9005.0,217.0,0.717215
9005.0,218.0,0.0
9005.0,219.0,0.302549
9005.0,220.0,0.990355
9005.0,221.0,0.56226
9005.0,222.0,0.0
9005.0,223.0,0.597542
9005.0,224.0,0.390429
9005.0,225.0,0.81292
9005.0,226.0,0.75604
9005.0,227.0,0.844791
9005.0,228.0,0.781249
9005.0,229.0,0.245147
9005.0,230.0,0.399912
9005.0,231.0,0.56833
9005.0,232.0,0.190406
9005.0,233.0,0.788653
9005.0,234.0,0.304186
9005.0,235.0,0.0
9005.0,236.0,0.948054
9005.0,237.0,0.118214
9005.0,238.0,0.62512
9005.0,239.0,1.0
9005.0,240.0,0.175476
9005.0,241.0,0.463849
9005.0,242.0,0.453555
9005.0,243.0,0.0
9005.0,244.0,0.0
9005.0,245.0,1.0
9005.0,246.0,0.620531
9005.0,247.0,0.497015
9005.0,248.0,0.535467
9005.0,249.0,0.478258
9005.0,250.0,0.555145
9005.0,251.0,0.954846
9005.0,252.0,0.402473
9005.0,253.0,0.718514
9005.0,254.0,0.636461
9005.0,255.0,0.403862
9005.0,256.0,1.0
9005.0,257.0,0.86436
9005.0,258.0,0.460941
9005.0,259.0,0.625131
9005.0,260.0,0.946548
9005.0,261.0,0.336879
9005.0,262.0,0.0
9005.0,263.0,0.468698
9005.0,264.0,0.0
9005.0,265.0,0.296427
9005.0,266.0,0.390795
9005.0,267.0,0.790106
9005.0,268.0,0.4589
9005.0,269.0,0.160077
9005.0,270.0,0.935314
9005.0,271.0,0.0
9005.0,272.0,0.129931
9005.0,273.0,0.368491
9005.0,274.0,0.115835
9005.0,275.0,0.679218
9005.0,276.0,0.027386
9005.0,277.0,0.325134
9005.0,278.0,0.487688
9005.0,279.0,0.224366
9005.0,280.0,0.543114
9005.0,281.0,0.835496
9005.0,282.0,1.0
9005.0,283.0,0.41521
9005.0,284.0,0.074428
9005.0,285.0,0.483893
9005.0,286.0,0.834778
9005.0,287.0,0.275159
9005.0,288.0,0.453485
9005.0,289.0,0.418812
9005.0,290.0,0.610545
9005.0,291.0,0.411272
9005.0,292.0,0.686275
9005.0,293.0,1.0
9005.0,294.0,0.27253
9005.0,295.0,0.262161
9005.0,296.0,0.0
9005.0,297.0,0.949972
9005.0,298.0,0.001231
9005.0,299.0,0.0
9005.0,300.0,0.357459
9005.0,301.0,0.735635
9005.0,302.0,0.000841
9005.0,303.0,0.978291
9005.0,304.0,0.0
9005.0,305.0,0.863606
9005.0,306.0,0.711043
9005.0,307.0,0.566323
9005.0,308.0,0.549721
9005.0,309.0,0.0
9005.0,310.0,1.0
9005.0,311.0,0.509378
9005.0,312.0,0.0
9005.0,313.0,0.561507
9005.0,314.0,0.409974
9005.0,315.0,0.505887
9005.0,316.0,0.339922
9005.0,317.0,0.985803
9005.0,318.0,0.632618
9005.0,319.0,0.000133
9005.0,320.0,0.359117
9005.0,321.0,0.0
9005.0,322.0,0.125259
9005.0,323.0,0.503045
9005.0,324.0,0.564313
9005.0,325.0,0.001953
9005.0,326.0,0.81121
9005.0,327.0,0.15071
9005.0,328.0,0.062123
9005.0,329.0,0.895379
9005.0,330.0,0.017272
9005.0,331.0,0.634591
9005.0,332.0,0.363807
9005.0,333.0,0.0
9005.0,334.0,0.298435
9006.0,0.0,0.0
9006.0,1.0,0.0
9006.0,2.0,0.0
9006.0,3.0,0.448167
9006.0,4.0,0.270793
9006.0,5.0,0.475884
9006.0,6.0,0.798653
9006.0,7.0,0.784022
9006.0,8.0,0.045938
9006.0,9.0,0.78616
9006.0,10.0,1.0
9006.0,11.0,0.99882
9006.0,12.0,0.374847
9006.0,13.0,0.345366
9006.0,14.0,0.643294
9006.0,15.0,0.903123
9006.0,16.0,0.598132
9006.0,17.0,0.0
9006.0,18.0,0.650821
9006.0,19.0,0.874512
9006.0,20.0,0.460946
9006.0,21.0,0.0
9006.0,22.0,0.906867
9006.0,23.0,1.0
9006.0,24.0,0.409979
9006.0,25.0,0.50403
9006.0,26.0,0.832541
9006.0,27.0,0.459434
9006.0,28.0,0.710461
9006.0,29.0,1.0
9006.0,30.0,0.249774
9006.0,31.0,0.737785
9006.0,32.0,1.0
9006.0,33.0,1.0
9006.0,34.0,0.030334
9006.0,35.0,0.371385
9006.0,36.0,0.406643
9006.0,37.0,0.529413
9006.0,38.0,0.474552
9006.0,39.0,0.998524
9006.0,40.0,0.649561
9006.0,41.0,0.822342
9006.0,42.0,0.390386
9006.0,43.0,0.919885
9006.0,44.0,0.631936
9006.0,45.0,0.794036
9006.0,46.0,0.501935
9006.0,47.0,0.999681
9006.0,48.0,1.0
9006.0,49.0,0.254078
9006.0,50.0,0.0
9006.0,51.0,0.297681
9006.0,52.0,1.0
9006.0,53.0,0.818314
9006.0,54.0,1.0
9006.0,55.0,0.0
9006.0,56.0,0.34677
9006.0,57.0,0.0
9006.0,58.0,0.441324
9006.0,59.0,0.307788
9006.0,60.0,0.850691
9006.0,61.0,0.995297
9006.0,62.0,0.182344
9006.0,63.0,0.770332
9006.0,64.0,0.952903
9006.0,65.0,0.010852
9006.0,66.0,0.0
9006.0,67.0,0.542495
9006.0,68.0,0.000408
9006.0,69.0,0.019132
9006.0,70.0,0.26845
9006.0,71.0,0.084579
9006.0,72.0,0.546063
9006.0,73.0,0.48059
9006.0,74.0,0.668281
9006.0,75.0,0.573923
9006.0,76.0,0.909266
9006.0,77.0,0.792922
9006.0,78.0,0.364693
9006.0,79.0,0.0
9006.0,80.0,0.99473
9006.0,81.0,0.31406
9006.0,82.0,0.58059
9006.0,83.0,0.533237
9006.0,84.0,1.0
9006.0,85.0,0.393686
9006.0,86.0,0.759446
9006.0,87.0,1.0
9006.0,88.0,0.0
9006.0,89.0,0.72311
9006.0,90.0,0.731814
9006.0,91.0,0.453315
9006.0,92.0,0.067551
9006.0,93.0,0.454465
9006.0,94.0,0.425572
9006.0,95.0,0.026428
9006.0,96.0,1.0
9006.0,97.0,0.485395
9006.0,98.0,0.0
9006.0,99.0,0.073146
9006.0,100.0,0.740808
9006.0,101.0,0.409007
9006.0,102.0,0.817294
9006.0,103.0,0.0
9006.0,104.0,0.003556
9006.0,105.0,0.653446
9006.0,106.0,0.754208
9006.0,107.0,0.873453
9006.0,108.0,0.919655
9006.0,109.0,0.991335
9006.0,110.0,0.38579
9006.0,111.0,0.913783
9006.0,112.0,0.142594
9006.0,113.0,0.574011
9006.0,114.0,0.369039
9006.0,115.0,0.157331
9006.0,116.0,0.99632
9006.0,117.0,0.256791
9006.0,118.0,0.818026
9006.0,119.0,0.073038
9006.0,120.0,0.0
9006.0,121.0,0.303881
9006.0,122.0,0.574232
9006.0,123.0,1.0
9006.0,124.0,0.464537
9006.0,125.0,0.503209
9006.0,126.0,0.371233
9006.0,127.0,0.045174
9006.0,128.0,0.023715
9006.0,129.0,0.991437
9006.0,130.0,0.008496
9006.0,131.0,0.999543
9006.0,132.0,0.401992
9006.0,133.0,0.84186
9006.0,134.0,0.469611
9006.0,135.0,0.372852
9006.0,136.0,1.0
9006.0,137.0,0.510151
9006.0,138.0,0.739233
9006.0,139.0,0.425713
9006.0,140.0,0.0
9006.0,141.0,0.639682
9006.0,142.0,1.0
9006.0,143.0,0.150505
9006.0,144.0,0.16701
9006.0,145.0,0.400045
9006.0,146.0,0.565736
9006.0,147.0,1.0
9006.0,148.0,0.392779
9006.0,149.0,0.491587
9006.0,150.0,0.250465
9006.0,151.0,0.564122
9006.0,152.0,0.330008
9006.0,153.0,0.385942
9006.0,154.0,0.604055
9006.0,155.0,0.638251
9006.0,156.0,0.744234
9006.0,157.0,0.0
9006.0,158.0,0.194385
9006.0,159.0,0.13695
9006.0,160.0,0.027367
9006.0,161.0,0.0072
9006.0,162.0,0.76597
9006.0,163.0,0.626347
9006.0,164.0,0.66903
9006.0,165.0,0.460414
9006.0,166.0,0.0
9006.0,167.0,0.469978
9006.0,168.0,0.579555
9006.0,169.0,0.724681
9006.0,170.0,0.688902
9006.0,171.0,0.465129
9006.0,172.0,0.5449
9006.0,173.0,0.676599
9006.0,174.0,0.414442
9006.0,175.0,0.368836
9006.0,176.0,0.175575
9006.0,177.0,0.0
9006.0,178.0,1.0
9006.0,179.0,0.400746
9006.0,180.0,0.347122
9006.0,181.0,0.172879
9006.0,182.0,0.0
9006.0,183.0,0.0
9006.0,184.0,0.499997
9006.0,185.0,0.502711
9006.0,186.0,0.889718
9006.0,187.0,0.517706
9006.0,188.0,0.0
9006.0,189.0,0.921426
9006.0,190.0,1.0
9006.0,191.0,0.682884
9006.0,192.0,0.092373
9006.0,193.0,0.817868
9006.0,194.0,0.0
9006.0,195.0,0.488298
9006.0,196.0,0.519625
9006.0,197.0,0.296608
9006.0,198.0,0.436618
9006.0,199.0,0.035797
9006.0,200.0,0.0
9006.0,201.0,0.75031
9006.0,202.0,1.0
9006.0,203.0,0.620716
9006.0,204.0,0.298138
9006.0,205.0,0.0
9006.0,206.0,0.424334
9006.0,207.0,1.0
9006.0,208.0,0.576806
9006.0,209.0,0.727352
9006.0,210.0,0.340741
9006.0,211.0,0.068478
9006.0,212.0,0.593581
9006.0,213.0,0.0
9006.0,214.0,0.57244
9006.0,215.0,0.678536
9006.0,216.0,1.0
9006.0,217.0,0.713408
9006.0,218.0,0.0
9006.0,219.0,0.301344
9006.0,220.0,0.990069
9006.0,221.0,0.551109
9006.0,222.0,0.0
9006.0,223.0,0.595327
9006.0,224.0,0.387364
9006.0,225.0,0.811278
9006.0,226.0,0.751036
9006.0,227.0,0.843186
9006.0,228.0,0.779272
9006.0,229.0,0.242801
9006.0,230.0,0.398394
9006.0,231.0,0.507457
9006.0,232.0,0.190188
9006.0,233.0,0.785274
9006.0,234.0,0.299617
9006.0,235.0,0.0
9006.0,236.0,0.947819
9006.0,237.0,0.117522
9006.0,238.0,0.613486
9006.0,239.0,1.0
9006.0,240.0,0.174579
9006.0,241.0,0.460777
9006.0,242.0,0.450596
9006.0,243.0,0.0
9006.0,244.0,0.0
9006.0,245.0,1.0
9006.0,246.0,0.618879
9006.0,247.0,0.495877
9006.0,248.0,0.532375
9006.0,249.0,0.474059
9006.0,250.0,0.54808
9006.0,251.0,0.954557
9006.0,252.0,0.401726
9006.0,253.0,0.715033
9006.0,254.0,0.63145
9006.0,255.0,0.401776
9006.0,256.0,1.0
9006.0,257.0,0.86326
9006.0,258.0,0.460572
9006.0,259.0,0.623522
9006.0,260.0,0.945596
9006.0,261.0,0.328921
9006.0,262.0,0.0
9006.0,263.0,0.46756
9006.0,264.0,0.0
9006.0,265.0,0.296038
9006.0,266.0,0.388313
9006.0,267.0,0.787654
9006.0,268.0,0.453064
9006.0,269.0,0.157723
9006.0,270.0,0.935252
9006.0,271.0,0.0
9006.0,272.0,0.128806
9006.0,273.0,0.365156
9006.0,274.0,0.115555
9006.0,275.0,0.676796
9006.0,276.0,0.027039
9006.0,277.0,0.322596
9006.0,278.0,0.485805
9006.0,279.0,0.221302
9006.0,280.0,0.542787
9006.0,281.0,0.832209
9006.0,282.0,1.0
9006.0,283.0,0.414728
9006.0,284.0,0.07474
9006.0,285.0,0.477513
9006.0,286.0,0.830439
9006.0,287.0,0.272792
9006.0,288.0,0.447324
9006.0,289.0,0.411335
9006.0,290.0,0.610329
9006.0,291.0,0.409199
9006.0,292.0,0.683389
9006.0,293.0,1.0
9006.0,294.0,0.272247
9006.0,295.0,0.258914
9006.0,296.0,0.0
9006.0,297.0,0.949753
9006.0,298.0,0.001143
9006.0,299.0,0.0
9006.0,300.0,0.353891
9006.0,301.0,0.735113
9006.0,302.0,0.00087
9006.0,303.0,0.978192
9006.0,304.0,0.0
9006.0,305.0,0.86378
9006.0,306.0,0.709413
9006.0,307.0,0.565476
9006.0,308.0,0.546083
9006.0,309.0,0.0
9006.0,310.0,1.0
9006.0,311.0,0.5097
9006.0,312.0,0.0
9006.0,313.0,0.559865
9006.0,314.0,0.407717
9006.0,315.0,0.503844
9006.0,316.0,0.338405
9006.0,317.0,0.985803
9006.0,318.0,0.631738
9006.0,319.0,0.000151
9006.0,320.0,0.350379
9006.0,321.0,0.0
9006.0,322.0,0.124067
9006.0,323.0,0.466779
9006.0,324.0,0.563252
9006.0,325.0,0.001844
9006.0,326.0,0.809904
9006.0,327.0,0.15035
9006.0,328.0,0.061932
9006.0,329.0,0.887263
9006.0,330.0,0.017122
9006.0,331.0,0.633925
9006.0,332.0,0.359629
9006.0,333.0,0.0
9006.0,334.0,0.294276
9007.0,0.0,0.0
9007.0,1.0,0.0
9007.0,2.0,0.0
9007.0,3.0,0.443461
9007.0,4.0,0.26833
9007.0,5.0,0.466308
9007.0,6.0,0.796667
9007.0,7.0,0.782555
9007.0,8.0,0.046124
9007.0,9.0,0.784933
9007.0,10.0,1.0
9007.0,11.0,0.99879
9007.0,12.0,0.368169
9007.0,13.0,0.342031
9007.0,14.0,0.63057
9007.0,15.0,0.901481
9007.0,16.0,0.597124
9007.0,17.0,0.0
9007.0,18.0,0.643109
9007.0,19.0,0.873763
9007.0,20.0,0.45595
9007.0,21.0,0.0
9007.0,22.0,0.905709
9007.0,23.0,1.0
9007.0,24.0,0.407257
9007.0,25.0,0.496026
9007.0,26.0,0.82498
9007.0,27.0,0.454424
9007.0,28.0,0.707948
9007.0,29.0,1.0
9007.0,30.0,0.239872
9007.0,31.0,0.737213
9007.0,32.0,1.0
9007.0,33.0,1.0
9007.0,34.0,0.028478
9007.0,35.0,0.370178
9007.0,36.0,0.405583
9007.0,37.0,0.528641
9007.0,38.0,0.468883
9007.0,39.0,0.998474
9007.0,40.0,0.646106
9007.0,41.0,0.820159
9007.0,42.0,0.383746
9007.0,43.0,0.912948
9007.0,44.0,0.62663
9007.0,45.0,0.786136
9007.0,46.0,0.500911
9007.0,47.0,0.999665
9007.0,48.0,1.0
9007.0,49.0,0.252732
9007.0,50.0,0.0
9007.0,51.0,0.294466
9007.0,52.0,1.0
9007.0,53.0,0.814262
9007.0,54.0,1.0
9007.0,55.0,0.0
9007.0,56.0,0.345072
9007.0,57.0,0.0
9007.0,58.0,0.440008
9007.0,59.0,0.302926
9007.0,60.0,0.850378
9007.0,61.0,0.995146
9007.0,62.0,0.177074
9007.0,63.0,0.769935
9007.0,64.0,0.952267
9007.0,65.0,0.010943
9007.0,66.0,0.0
9007.0,67.0,0.540219
9007.0,68.0,0.000387
9007.0,69.0,0.019025
9007.0,70.0,0.266627
9007.0,71.0,0.082612
9007.0,72.0,0.541303
9007.0,73.0,0.480326
9007.0,74.0,0.665373
9007.0,75.0,0.567441
9007.0,76.0,0.908632
9007.0,77.0,0.791924
9007.0,78.0,0.355451
9007.0,79.0,0.0
9007.0,80.0,0.994618
9007.0,81.0,0.311177
9007.0,82.0,0.578228
9007.0,83.0,0.529783
9007.0,84.0,1.0
9007.0,85.0,0.393604
9007.0,86.0,0.756247
9007.0,87.0,1.0
9007.0,88.0,0.0
9007.0,89.0,0.7209
9007.0,90.0,0.731139
9007.0,91.0,0.453093
9007.0,92.0,0.066323
9007.0,93.0,0.452893
9007.0,94.0,0.420986
9007.0,95.0,0.026474
9007.0,96.0,1.0
9007.0,97.0,0.439578
9007.0,98.0,0.0
9007.0,99.0,0.072661
9007.0,100.0,0.739811
9007.0,101.0,0.407586
9007.0,102.0,0.81174
9007.0,103.0,0.0
9007.0,104.0,0.003478
9007.0,105.0,0.651912
9007.0,106.0,0.752123
9007.0,107.0,0.873843
9007.0,108.0,0.916837
9007.0,109.0,0.990939
9007.0,110.0,0.384649
9007.0,111.0,0.913056
9007.0,112.0,0.142497
9007.0,113.0,0.573758
9007.0,114.0,0.364781
9007.0,115.0,0.156465
9007.0,116.0,0.996334
9007.0,117.0,0.255402
9007.0,118.0,0.815868
9007.0,119.0,0.072556
9007.0,120.0,0.0
9007.0,121.0,0.292582
9007.0,122.0,0.572887
9007.0,123.0,1.0
9007.0,124.0,0.458392
9007.0,125.0,0.497731
9007.0,126.0,0.368636
9007.0,127.0,0.044272
9007.0,128.0,0.02368
9007.0,129.0,0.991275
9007.0,130.0,0.008487
9007.0,131.0,0.999547
9007.0,132.0,0.39495
9007.0,133.0,0.839063
9007.0,134.0,0.483246
9007.0,135.0,0.362333
9007.0,136.0,1.0
9007.0,137.0,0.507985
9007.0,138.0,0.73293
9007.0,139.0,0.421252
9007.0,140.0,0.0
9007.0,141.0,0.638075
9007.0,142.0,1.0
9007.0,143.0,0.147891
9007.0,144.0,0.166213
9007.0,145.0,0.396487
9007.0,146.0,0.562896
9007.0,147.0,1.0
9007.0,148.0,0.388514
9007.0,149.0,0.48314
9007.0,150.0,0.249341
9007.0,151.0,0.561382
9007.0,152.0,0.328304
9007.0,153.0,0.375842
9007.0,154.0,0.601591
9007.0,155.0,0.632714
9007.0,156.0,0.744209
9007.0,157.0,0.0
9007.0,158.0,0.188887
9007.0,159.0,0.132929
9007.0,160.0,0.026744
9007.0,161.0,0.007293
9007.0,162.0,0.765538
9007.0,163.0,0.623824
9007.0,164.0,0.666308
9007.0,165.0,0.453895
9007.0,166.0,0.0
9007.0,167.0,0.468281
9007.0,168.0,0.578309
9007.0,169.0,0.695699
9007.0,170.0,0.684589
9007.0,171.0,0.464788
9007.0,172.0,0.543091
9007.0,173.0,0.673177
9007.0,174.0,0.413611
9007.0,175.0,0.368135
9007.0,176.0,0.174129
9007.0,177.0,0.0
9007.0,178.0,1.0
9007.0,179.0,0.392654
9007.0,180.0,0.342084
9007.0,181.0,0.171883
9007.0,182.0,0.0
9007.0,183.0,0.0
9007.0,184.0,0.495154
9007.0,185.0,0.501572
9007.0,186.0,0.885981
9007.0,187.0,0.517771
9007.0,188.0,0.0
9007.0,189.0,0.921135
9007.0,190.0,1.0
9007.0,191.0,0.682222
9007.0,192.0,0.092221
9007.0,193.0,0.816692
9007.0,194.0,0.0
9007.0,195.0,0.481668
9007.0,196.0,0.522882
9007.0,197.0,0.293371
9007.0,198.0,0.431753
9007.0,199.0,0.035537
9007.0,200.0,0.0
9007.0,201.0,0.749155
9007.0,202.0,1.0
9007.0,203.0,0.602465
9007.0,204.0,0.296502
9007.0,205.0,0.0
9007.0,206.0,0.402281
9007.0,207.0,1.0
9007.0,208.0,0.573518
9007.0,209.0,0.726683
9007.0,210.0,0.331445
9007.0,211.0,0.069892
9007.0,212.0,0.58602
9007.0,213.0,0.0
9007.0,214.0,0.566457
9007.0,215.0,0.673029
9007.0,216.0,1.0
9007.0,217.0,0.708998
9007.0,218.0,0.0
9007.0,219.0,0.300304
9007.0,220.0,0.989846
9007.0,221.0,0.539329
9007.0,222.0,0.0
9007.0,223.0,0.593929
9007.0,224.0,0.383927
9007.0,225.0,0.808913
9007.0,226.0,0.74601
9007.0,227.0,0.84114
9007.0,228.0,0.777305
9007.0,229.0,0.240953
9007.0,230.0,0.396732
9007.0,231.0,0.447374
9007.0,232.0,0.190266
9007.0,233.0,0.782149
9007.0,234.0,0.294736
9007.0,235.0,0.0
9007.0,236.0,0.947376
9007.0,237.0,0.116733
9007.0,238.0,0.601003
9007.0,239.0,1.0
9007.0,240.0,0.173223
9007.0,241.0,0.456978
9007.0,242.0,0.448362
9007.0,243.0,0.0
9007.0,244.0,0.0
9007.0,245.0,1.0
9007.0,246.0,0.617954
9007.0,247.0,0.495846
9007.0,248.0,0.528912
9007.0,249.0,0.469456
9007.0,250.0,0.541662
9007.0,251.0,0.954413
9007.0,252.0,0.400626
9007.0,253.0,0.711925
9007.0,254.0,0.625595
9007.0,255.0,0.39957
9007.0,256.0,1.0
9007.0,257.0,0.86159
9007.0,258.0,0.459358
9007.0,259.0,0.621499
9007.0,260.0,0.944252
9007.0,261.0,0.321428
9007.0,262.0,0.0
9007.0,263.0,0.466715
9007.0,264.0,0.0
9007.0,265.0,0.295202
9007.0,266.0,0.383344
9007.0,267.0,0.785051
9007.0,268.0,0.446854
9007.0,269.0,0.154985
9007.0,270.0,0.934984
9007.0,271.0,0.0
9007.0,272.0,0.127393
9007.0,273.0,0.360814
9007.0,274.0,0.115543
9007.0,275.0,0.674962
9007.0,276.0,0.02672
9007.0,277.0,0.319369
9007.0,278.0,0.481559
9007.0,279.0,0.217858
9007.0,280.0,0.541209
9007.0,281.0,0.828489
9007.0,282.0,1.0
9007.0,283.0,0.41466
9007.0,284.0,0.074978
9007.0,285.0,0.470353
9007.0,286.0,0.825756
9007.0,287.0,0.270751
9007.0,288.0,0.440999
9007.0,289.0,0.404067
9007.0,290.0,0.609621
9007.0,291.0,0.406486
9007.0,292.0,0.681511
9007.0,293.0,1.0
9007.0,294.0,0.271085
9007.0,295.0,0.255081
9007.0,296.0,0.0
9007.0,297.0,0.949398
9007.0,298.0,0.001209
9007.0,299.0,0.0
9007.0,300.0,0.350201
9007.0,301.0,0.734084
9007.0,302.0,0.000894
9007.0,303.0,0.978432
9007.0,304.0,0.0
9007.0,305.0,0.86366
9007.0,306.0,0.707812
9007.0,307.0,0.564963
9007.0,308.0,0.5414
9007.0,309.0,0.0
9007.0,310.0,1.0
9007.0,311.0,0.510215
9007.0,312.0,0.0
9007.0,313.0,0.55856
9007.0,314.0,0.404987
9007.0,315.0,0.501715
9007.0,316.0,0.336347
9007.0,317.0,0.985626
9007.0,318.0,0.630643
9007.0,319.0,0.000171
9007.0,320.0,0.34175
9007.0,321.0,0.0
9007.0,322.0,0.122843
9007.0,323.0,0.431646
9007.0,324.0,0.562044
9007.0,325.0,0.00169
9007.0,326.0,0.808216
9007.0,327.0,0.149963
9007.0,328.0,0.061841
9007.0,329.0,0.879136
9007.0,330.0,0.017068
9007.0,331.0,0.633428
9007.0,332.0,0.354393
9007.0,333.0,0.0
9007.0,334.0,0.288898
9008.0,0.0,0.0
9008.0,1.0,0.0
9008.0,2.0,0.0
9008.0,3.0,0.438815
9008.0,4.0,0.266481
9008.0,5.0,0.45617
9008.0,6.0,0.794717
9008.0,7.0,0.781974
9008.0,8.0,0.0461
9008.0,9.0,0.783684
9008.0,10.0,1.0
9008.0,11.0,0.998768
9008.0,12.0,0.360654
9008.0,13.0,0.339386
9008.0,14.0,0.617486
9008.0,15.0,0.900691
9008.0,16.0,0.59446
9008.0,17.0,0.0
9008.0,18.0,0.635952
9008.0,19.0,0.873734
9008.0,20.0,0.451237
9008.0,21.0,0.0
9008.0,22.0,0.903881
9008.0,23.0,1.0
9008.0,24.0,0.405825
9008.0,25.0,0.487017
9008.0,26.0,0.816944
9008.0,27.0,0.450226
9008.0,28.0,0.704718
9008.0,29.0,1.0
9008.0,30.0,0.231005
9008.0,31.0,0.735993
9008.0,32.0,1.0
9008.0,33.0,1.0
9008.0,34.0,0.026871
9008.0,35.0,0.369318
9008.0,36.0,0.403303
9008.0,37.0,0.527383
9008.0,38.0,0.463836
9008.0,39.0,0.998392
9008.0,40.0,0.642828
9008.0,41.0,0.81788
9008.0,42.0,0.3787
9008.0,43.0,0.906076
9008.0,44.0,0.621102
9008.0,45.0,0.77929
9008.0,46.0,0.499823
9008.0,47.0,0.99964
9008.0,48.0,1.0
9008.0,49.0,0.251366
9008.0,50.0,0.0
9008.0,51.0,0.291657
9008.0,52.0,1.0
9008.0,53.0,0.810611
9008.0,54.0,1.0
9008.0,55.0,0.0
9008.0,56.0,0.343887
9008.0,57.0,0.0
9008.0,58.0,0.438139
9008.0,59.0,0.297383
9008.0,60.0,0.84956
9008.0,61.0,0.995042
9008.0,62.0,0.172282
9008.0,63.0,0.768875
9008.0,64.0,0.951486
9008.0,65.0,0.011103
9008.0,66.0,0.0
9008.0,67.0,0.536224
9008.0,68.0,0.000415
9008.0,69.0,0.019072
9008.0,70.0,0.264892
9008.0,71.0,0.08078
9008.0,72.0,0.536815
9008.0,73.0,0.478807
9008.0,74.0,0.663038
9008.0,75.0,0.560093
9008.0,76.0,0.907626
9008.0,77.0,0.791164
9008.0,78.0,0.346393
9008.0,79.0,0.0
9008.0,80.0,0.99461
9008.0,81.0,0.308492
9008.0,82.0,0.576163
9008.0,83.0,0.526818
9008.0,84.0,1.0
9008.0,85.0,0.392715
9008.0,86.0,0.753315
9008.0,87.0,1.0
9008.0,88.0,0.0
9008.0,89.0,0.718483
9008.0,90.0,0.730872
9008.0,91.0,0.452282
9008.0,92.0,0.065348
9008.0,93.0,0.452798
9008.0,94.0,0.416485
9008.0,95.0,0.026245
9008.0,96.0,1.0
9008.0,97.0,0.397003
9008.0,98.0,0.0
9008.0,99.0,0.071937
9008.0,100.0,0.738477
9008.0,101.0,0.405161
9008.0,102.0,0.805645
9008.0,103.0,0.0
9008.0,104.0,0.003553
9008.0,105.0,0.650706
9008.0,106.0,0.749272
9008.0,107.0,0.873811
9008.0,108.0,0.91362
9008.0,109.0,0.990822
9008.0,110.0,0.383779
9008.0,111.0,0.911976
9008.0,112.0,0.141762
9008.0,113.0,0.573463
9008.0,114.0,0.359202
9008.0,115.0,0.156274
9008.0,116.0,0.996323
9008.0,117.0,0.254344
9008.0,118.0,0.813998
9008.0,119.0,0.072135
9008.0,120.0,0.0
9008.0,121.0,0.2818
9008.0,122.0,0.571847
9008.0,123.0,1.0
9008.0,124.0,0.453518
9008.0,125.0,0.491559
9008.0,126.0,0.366206
9008.0,127.0,0.043241
9008.0,128.0,0.023446
9008.0,129.0,0.991266
9008.0,130.0,0.008392
9008.0,131.0,0.999545
9008.0,132.0,0.387758
9008.0,133.0,0.83684
9008.0,134.0,0.495849
9008.0,135.0,0.353604
9008.0,136.0,1.0
9008.0,137.0,0.505154
9008.0,138.0,0.726178
9008.0,139.0,0.416903
9008.0,140.0,0.0
9008.0,141.0,0.636342
9008.0,142.0,1.0
9008.0,143.0,0.145211
9008.0,144.0,0.164992
9008.0,145.0,0.392201
9008.0,146.0,0.56078
9008.0,147.0,1.0
9008.0,148.0,0.386384
9008.0,149.0,0.474551
9008.0,150.0,0.248069
9008.0,151.0,0.558549
9008.0,152.0,0.326979
9008.0,153.0,0.366228
9008.0,154.0,0.600259
9008.0,155.0,0.62684
9008.0,156.0,0.743796
9008.0,157.0,0.0
9008.0,158.0,0.182943
9008.0,159.0,0.129108
9008.0,160.0,0.025742
9008.0,161.0,0.007191
9008.0,162.0,0.764244
9008.0,163.0,0.621443
9008.0,164.0,0.662658
9008.0,165.0,0.446998
9008.0,166.0,0.0
9008.0,167.0,0.466161
9008.0,168.0,0.578168
9008.0,169.0,0.666643
9008.0,170.0,0.680542
9008.0,171.0,0.465185
9008.0,172.0,0.541771
9008.0,173.0,0.669654
9008.0,174.0,0.413014
9008.0,175.0,0.367202
9008.0,176.0,0.17268
9008.0,177.0,0.0
9008.0,178.0,1.0
9008.0,179.0,0.384904
9008.0,180.0,0.336787
9008.0,181.0,0.170407
9008.0,182.0,0.0
9008.0,183.0,0.0
9008.0,184.0,0.491279
9008.0,185.0,0.500737
9008.0,186.0,0.882372
9008.0,187.0,0.517011
9008.0,188.0,0.0
9008.0,189.0,0.92066
9008.0,190.0,1.0
9008.0,191.0,0.68213
9008.0,192.0,0.091898
9008.0,193.0,0.816367
9008.0,194.0,0.0
9008.0,195.0,0.474921
9008.0,196.0,0.525617
9008.0,197.0,0.29045
9008.0,198.0,0.426753
9008.0,199.0,0.035379
9008.0,200.0,0.0
9008.0,201.0,0.748303
9008.0,202.0,1.0
9008.0,203.0,0.584418
9008.0,204.0,0.294831
9008.0,205.0,0.0
9008.0,206.0,0.382206
9008.0,207.0,1.0
9008.0,208.0,0.57051
9008.0,209.0,0.725477
9008.0,210.0,0.322001
9008.0,211.0,0.071711
9008.0,212.0,0.578423
9008.0,213.0,0.0
9008.0,214.0,0.560461
9008.0,215.0,0.667487
9008.0,216.0,1.0
9008.0,217.0,0.704927
9008.0,218.0,0.0
9008.0,219.0,0.299103
9008.0,220.0,0.989543
9008.0,221.0,0.52792
9008.0,222.0,0.0
9008.0,223.0,0.592855
9008.0,224.0,0.379939
9008.0,225.0,0.806857
9008.0,226.0,0.740752
9008.0,227.0,0.83911
9008.0,228.0,0.774809
9008.0,229.0,0.238862
9008.0,230.0,0.395607
9008.0,231.0,0.389607
9008.0,232.0,0.190058
9008.0,233.0,0.779289
9008.0,234.0,0.289557
9008.0,235.0,0.0
9008.0,236.0,0.946774
9008.0,237.0,0.116328
9008.0,238.0,0.58907
9008.0,239.0,1.0
9008.0,240.0,0.17149
9008.0,241.0,0.453268
9008.0,242.0,0.446063
9008.0,243.0,0.0
9008.0,244.0,0.0
9008.0,245.0,1.0
9008.0,246.0,0.617016
9008.0,247.0,0.494376
9008.0,248.0,0.526508
9008.0,249.0,0.464662
9008.0,250.0,0.5348
9008.0,251.0,0.954544
9008.0,252.0,0.399157
9008.0,253.0,0.709028
9008.0,254.0,0.620174
9008.0,255.0,0.396841
9008.0,256.0,1.0
9008.0,257.0,0.859624
9008.0,258.0,0.458138
9008.0,259.0,0.620203
9008.0,260.0,0.943395
9008.0,261.0,0.314215
9008.0,262.0,0.0
9008.0,263.0,0.466304
9008.0,264.0,0.0
9008.0,265.0,0.294992
9008.0,266.0,0.380002
9008.0,267.0,0.782887
9008.0,268.0,0.441197
9008.0,269.0,0.153143
9008.0,270.0,0.935028
9008.0,271.0,0.0
9008.0,272.0,0.126444
9008.0,273.0,0.356945
9008.0,274.0,0.115115
9008.0,275.0,0.673534
9008.0,276.0,0.026311
9008.0,277.0,0.317815
9008.0,278.0,0.478824
9008.0,279.0,0.21507
9008.0,280.0,0.538876
9008.0,281.0,0.824983
9008.0,282.0,1.0
9008.0,283.0,0.414327
9008.0,284.0,0.074803
9008.0,285.0,0.462839
9008.0,286.0,0.820451
9008.0,287.0,0.268921
9008.0,288.0,0.434968
9008.0,289.0,0.397286
9008.0,290.0,0.609383
9008.0,291.0,0.403392
9008.0,292.0,0.679646
9008.0,293.0,1.0
9008.0,294.0,0.271177
9008.0,295.0,0.251762
9008.0,296.0,0.0
9008.0,297.0,0.949457
9008.0,298.0,0.001274
9008.0,299.0,0.0
9008.0,300.0,0.347563
9008.0,301.0,0.733805
9008.0,302.0,0.000847
9008.0,303.0,0.978331
9008.0,304.0,0.0
9008.0,305.0,0.863386
9008.0,306.0,0.706513
9008.0,307.0,0.564401
9008.0,308.0,0.536859
9008.0,309.0,0.0
9008.0,310.0,1.0
9008.0,311.0,0.509519
9008.0,312.0,0.0
9008.0,313.0,0.557425
9008.0,314.0,0.40339
9008.0,315.0,0.499018
9008.0,316.0,0.334404
9008.0,317.0,0.985387
9008.0,318.0,0.629158
9008.0,319.0,0.000167
9008.0,320.0,0.333781
9008.0,321.0,0.0
9008.0,322.0,0.121582
9008.0,323.0,0.398606
9008.0,324.0,0.561431
9008.0,325.0,0.001559
9008.0,326.0,0.806767
9008.0,327.0,0.148899
9008.0,328.0,0.061947
9008.0,329.0,0.869918
9008.0,330.0,0.017048
9008.0,331.0,0.633074
9008.0,332.0,0.349805
9008.0,333.0,0.0
9008.0,334.0,0.285317
9009.0,0.0,0.0
9009.0,1.0,0.0
9009.0,2.0,0.0
9009.0,3.0,0.434162
9009.0,4.0,0.264394
9009.0,5.0,0.44709
9009.0,6.0,0.792861
9009.0,7.0,0.781511
9009.0,8.0,0.045879
9009.0,9.0,0.78216
9009.0,10.0,1.0
9009.0,11.0,0.998678
9009.0,12.0,0.354438
9009.0,13.0,0.335907
9009.0,14.0,0.604902
9009.0,15.0,0.899237
9009.0,16.0,0.59332
9009.0,17.0,0.0
9009.0,18.0,0.62863
9009.0,19.0,0.872955
9009.0,20.0,0.446916
9009.0,21.0,0.0
9009.0,22.0,0.902066
9009.0,23.0,1.0
9009.0,24.0,0.403569
9009.0,25.0,0.478734
9009.0,26.0,0.809317
9009.0,27.0,0.445659
9009.0,28.0,0.702267
9009.0,29.0,1.0
9009.0,30.0,0.22273
9009.0,31.0,0.736475
9009.0,32.0,1.0
9009.0,33.0,1.0
9009.0,34.0,0.025151
9009.0,35.0,0.367781
9009.0,36.0,0.400102
9009.0,37.0,0.525988
9009.0,38.0,0.458124
9009.0,39.0,0.99829
9009.0,40.0,0.639671
9009.0,41.0,0.815473
9009.0,42.0,0.373484
9009.0,43.0,0.89837
9009.0,44.0,0.617116
9009.0,45.0,0.771144
9009.0,46.0,0.499227
9009.0,47.0,0.999611
9009.0,48.0,1.0
9009.0,49.0,0.250344
9009.0,50.0,0.0
9009.0,51.0,0.288019
9009.0,52.0,1.0
9009.0,53.0,0.806385
9009.0,54.0,1.0
9009.0,55.0,0.0
9009.0,56.0,0.343308
9009.0,57.0,0.0
9009.0,58.0,0.435472
9009.0,59.0,0.29212
9009.0,60.0,0.848936
9009.0,61.0,0.995082
9009.0,62.0,0.16811
9009.0,63.0,0.768257
9009.0,64.0,0.950369
9009.0,65.0,0.01127
9009.0,66.0,0.0
9009.0,67.0,0.532209
9009.0,68.0,0.000406
9009.0,69.0,0.019221
9009.0,70.0,0.263275
9009.0,71.0,0.07845
9009.0,72.0,0.532361
9009.0,73.0,0.478072
9009.0,74.0,0.660809
9009.0,75.0,0.552052
9009.0,76.0,0.90696
9009.0,77.0,0.790153
9009.0,78.0,0.337438
9009.0,79.0,0.0
9009.0,80.0,0.994569
9009.0,81.0,0.304884
9009.0,82.0,0.574326
9009.0,83.0,0.523322
9009.0,84.0,1.0
9009.0,85.0,0.392655
9009.0,86.0,0.750707
9009.0,87.0,1.0
9009.0,88.0,0.0
9009.0,89.0,0.715522
9009.0,90.0,0.731066
9009.0,91.0,0.451755
9009.0,92.0,0.064582
9009.0,93.0,0.451425
9009.0,94.0,0.412796
9009.0,95.0,0.026195
9009.0,96.0,1.0
9009.0,97.0,0.357582
9009.0,98.0,0.0
9009.0,99.0,0.071655
9009.0,100.0,0.73748
9009.0,101.0,0.402992
9009.0,102.0,0.799423
9009.0,103.0,0.0
9009.0,104.0,0.003447
9009.0,105.0,0.64943
9009.0,106.0,0.747109
9009.0,107.0,0.87276
9009.0,108.0,0.910662
9009.0,109.0,0.990612
9009.0,110.0,0.382598
9009.0,111.0,0.911407
9009.0,112.0,0.14219
9009.0,113.0,0.573794
9009.0,114.0,0.354266
9009.0,115.0,0.155499
9009.0,116.0,0.996253
9009.0,117.0,0.252347
9009.0,118.0,0.811977
9009.0,119.0,0.071442
9009.0,120.0,0.0
9009.0,121.0,0.270722
9009.0,122.0,0.570056
9009.0,123.0,1.0
9009.0,124.0,0.448099
9009.0,125.0,0.485698
9009.0,126.0,0.36418
9009.0,127.0,0.04244
9009.0,128.0,0.02325
9009.0,129.0,0.991192
9009.0,130.0,0.008227
9009.0,131.0,0.999502
9009.0,132.0,0.380938
9009.0,133.0,0.834269
9009.0,134.0,0.508531
9009.0,135.0,0.344262
9009.0,136.0,1.0
9009.0,137.0,0.501844
9009.0,138.0,0.719077
9009.0,139.0,0.411581
9009.0,140.0,0.0
9009.0,141.0,0.63573
9009.0,142.0,1.0
9009.0,143.0,0.143283
9009.0,144.0,0.164158
9009.0,145.0,0.387872
9009.0,146.0,0.558382
9009.0,147.0,1.0
9009.0,148.0,0.383895
9009.0,149.0,0.46515
9009.0,150.0,0.247498
9009.0,151.0,0.555706
9009.0,152.0,0.324512
9009.0,153.0,0.356706
9009.0,154.0,0.599121
9009.0,155.0,0.621155
9009.0,156.0,0.742558
9009.0,157.0,0.0
9009.0,158.0,0.177074
9009.0,159.0,0.126021
9009.0,160.0,0.025034
9009.0,161.0,0.007268
9009.0,162.0,0.763225
9009.0,163.0,0.61907
9009.0,164.0,0.659266
9009.0,165.0,0.439924
9009.0,166.0,0.0
9009.0,167.0,0.463906
9009.0,168.0,0.578487
9009.0,169.0,0.63775
9009.0,170.0,0.676879
9009.0,171.0,0.465417
9009.0,172.0,0.540504
9009.0,173.0,0.666078
9009.0,174.0,0.412689
9009.0,175.0,0.365931
9009.0,176.0,0.171127
9009.0,177.0,0.0
9009.0,178.0,1.0
9009.0,179.0,0.377292
9009.0,180.0,0.331684
9009.0,181.0,0.168222
9009.0,182.0,0.0
9009.0,183.0,0.0
9009.0,184.0,0.487776
9009.0,185.0,0.499364
9009.0,186.0,0.878308
9009.0,187.0,0.516152
9009.0,188.0,0.0
9009.0,189.0,0.920463
9009.0,190.0,1.0
9009.0,191.0,0.681507
9009.0,192.0,0.091749
9009.0,193.0,0.815549
9009.0,194.0,0.0
9009.0,195.0,0.468189
9009.0,196.0,0.528636
9009.0,197.0,0.286979
9009.0,198.0,0.421782
9009.0,199.0,0.035472
9009.0,200.0,0.0
9009.0,201.0,0.747374
9009.0,202.0,1.0
9009.0,203.0,0.566008
9009.0,204.0,0.293692
9009.0,205.0,0.0
9009.0,206.0,0.361367
9009.0,207.0,1.0
9009.0,208.0,0.567785
9009.0,209.0,0.725171
9009.0,210.0,0.313528
9009.0,211.0,0.072931
9009.0,212.0,0.572024
9009.0,213.0,0.0
9009.0,214.0,0.554165
9009.0,215.0,0.662196
9009.0,216.0,1.0
9009.0,217.0,0.700723
9009.0,218.0,0.0
9009.0,219.0,0.298781
9009.0,220.0,0.989041
9009.0,221.0,0.518237
9009.0,222.0,0.0
9009.0,223.0,0.590713
9009.0,224.0,0.375939
9009.0,225.0,0.804726
9009.0,226.0,0.73605
9009.0,227.0,0.836898
9009.0,228.0,0.771653
9009.0,229.0,0.236892
9009.0,230.0,0.394714
9009.0,231.0,0.335824
9009.0,232.0,0.189594
9009.0,233.0,0.775406
9009.0,234.0,0.284479
9009.0,235.0,0.0
9009.0,236.0,0.946235
9009.0,237.0,0.115781
9009.0,238.0,0.578083
9009.0,239.0,1.0
9009.0,240.0,0.17003
9009.0,241.0,0.449858
9009.0,242.0,0.443103
9009.0,243.0,0.0
9009.0,244.0,0.0
9009.0,245.0,1.0
9009.0,246.0,0.616086
9009.0,247.0,0.494122
9009.0,248.0,0.52424
9009.0,249.0,0.460921
9009.0,250.0,0.52788
9009.0,251.0,0.954406
9009.0,252.0,0.398075
9009.0,253.0,0.706811
9009.0,254.0,0.61476
9009.0,255.0,0.396096
9009.0,256.0,1.0
9009.0,257.0,0.857438
9009.0,258.0,0.45734
9009.0,259.0,0.619123
9009.0,260.0,0.942161
9009.0,261.0,0.307491
9009.0,262.0,0.0
9009.0,263.0,0.466036
9009.0,264.0,0.0
9009.0,265.0,0.294731
9009.0,266.0,0.376706
9009.0,267.0,0.780685
9009.0,268.0,0.435123
9009.0,269.0,0.15148
9009.0,270.0,0.934845
9009.0,271.0,0.0
9009.0,272.0,0.125374
9009.0,273.0,0.353586
9009.0,274.0,0.114418
9009.0,275.0,0.671348
9009.0,276.0,0.026079
9009.0,277.0,0.315671
9009.0,278.0,0.476546
9009.0,279.0,0.211567
9009.0,280.0,0.537105
9009.0,281.0,0.820502
9009.0,282.0,1.0
9009.0,283.0,0.413928
9009.0,284.0,0.074794
9009.0,285.0,0.45631
9009.0,286.0,0.817163
9009.0,287.0,0.267565
9009.0,288.0,0.43009
9009.0,289.0,0.389765
9009.0,290.0,0.608637
9009.0,291.0,0.400422
9009.0,292.0,0.678066
9009.0,293.0,1.0
9009.0,294.0,0.27138
9009.0,295.0,0.248729
9009.0,296.0,0.0
9009.0,297.0,0.949372
9009.0,298.0,0.001239
9009.0,299.0,0.0
9009.0,300.0,0.343942
9009.0,301.0,0.732715
9009.0,302.0,0.00083
9009.0,303.0,0.978294
9009.0,304.0,0.0
9009.0,305.0,0.863065
9009.0,306.0,0.704545
9009.0,307.0,0.563913
9009.0,308.0,0.532378
9009.0,309.0,0.0
9009.0,310.0,1.0
9009.0,311.0,0.509323
9009.0,312.0,0.0
9009.0,313.0,0.556208
9009.0,314.0,0.402308
9009.0,315.0,0.495701
9009.0,316.0,0.332425
9009.0,317.0,0.985105
9009.0,318.0,0.627398
9009.0,319.0,0.000186
9009.0,320.0,0.325424
9009.0,321.0,0.0
9009.0,322.0,0.120409
9009.0,323.0,0.367809
9009.0,324.0,0.560198
9009.0,325.0,0.001439
9009.0,326.0,0.805986
9009.0,327.0,0.148164
9009.0,328.0,0.062107
9009.0,329.0,0.859922
9009.0,330.0,0.01712
9009.0,331.0,0.63273
9009.0,332.0,0.345915
9009.0,333.0,0.0
9009.0,334.0,0.280697
9010.0,0.0,0.0
9010.0,1.0,0.0
9010.0,2.0,0.0
9010.0,3.0,0.429515
9010.0,4.0,0.262058
9010.0,5.0,0.438716
9010.0,6.0,0.791537
9010.0,7.0,0.780368
9010.0,8.0,0.045912
9010.0,9.0,0.779946
9010.0,10.0,1.0
9010.0,11.0,0.998652
9010.0,12.0,0.347734
9010.0,13.0,0.333511
9010.0,14.0,0.592699
9010.0,15.0,0.898201
9010.0,16.0,0.591999
9010.0,17.0,0.0
9010.0,18.0,0.621608
9010.0,19.0,0.873052
9010.0,20.0,0.442121
9010.0,21.0,0.0
9010.0,22.0,0.900732
9010.0,23.0,1.0
9010.0,24.0,0.402019
9010.0,25.0,0.469844
9010.0,26.0,0.800942
9010.0,27.0,0.440026
9010.0,28.0,0.698716
9010.0,29.0,1.0
9010.0,30.0,0.214887
9010.0,31.0,0.736185
9010.0,32.0,1.0
9010.0,33.0,1.0
9010.0,34.0,0.023738
9010.0,35.0,0.367197
9010.0,36.0,0.397401
9010.0,37.0,0.524934
9010.0,38.0,0.452935
9010.0,39.0,0.998184
9010.0,40.0,0.635867
9010.0,41.0,0.812879
9010.0,42.0,0.368239
9010.0,43.0,0.8895
9010.0,44.0,0.612301
9010.0,45.0,0.763475
9010.0,46.0,0.498829
9010.0,47.0,0.99961
9010.0,48.0,1.0
9010.0,49.0,0.247893
9010.0,50.0,0.0
9010.0,51.0,0.284418
9010.0,52.0,1.0
9010.0,53.0,0.80271
9010.0,54.0,1.0
9010.0,55.0,0.0
9010.0,56.0,0.34167
9010.0,57.0,0.0
9010.0,58.0,0.433897
9010.0,59.0,0.286328
9010.0,60.0,0.848306
9010.0,61.0,0.995002
9010.0,62.0,0.163797
9010.0,63.0,0.767508
9010.0,64.0,0.949709
9010.0,65.0,0.011348
9010.0,66.0,0.0
9010.0,67.0,0.528447
9010.0,68.0,0.000411
9010.0,69.0,0.019147
9010.0,70.0,0.26232
9010.0,71.0,0.076964
9010.0,72.0,0.528457
9010.0,73.0,0.477297
9010.0,74.0,0.657594
9010.0,75.0,0.545556
9010.0,76.0,0.906167
9010.0,77.0,0.788963
9010.0,78.0,0.329811
9010.0,79.0,0.0
9010.0,80.0,0.994487
9010.0,81.0,0.302815
9010.0,82.0,0.572113
9010.0,83.0,0.520471
9010.0,84.0,1.0
9010.0,85.0,0.391408
9010.0,86.0,0.747502
9010.0,87.0,1.0
9010.0,88.0,0.0
9010.0,89.0,0.713021
9010.0,90.0,0.730317
9010.0,91.0,0.450594
9010.0,92.0,0.063599
9010.0,93.0,0.450753
9010.0,94.0,0.408573
9010.0,95.0,0.026156
9010.0,96.0,1.0
9010.0,97.0,0.321966
9010.0,98.0,0.0
9010.0,99.0,0.07138
9010.0,100.0,0.736598
9010.0,101.0,0.40143
9010.0,102.0,0.793372
9010.0,103.0,0.0
9010.0,104.0,0.003337
9010.0,105.0,0.647362
9010.0,106.0,0.745051
9010.0,107.0,0.873417
9010.0,108.0,0.907524
9010.0,109.0,0.990378
9010.0,110.0,0.381298
9010.0,111.0,0.910724
9010.0,112.0,0.141836
9010.0,113.0,0.57436
9010.0,114.0,0.350096
9010.0,115.0,0.154212
9010.0,116.0,0.996247
9010.0,117.0,0.250285
9010.0,118.0,0.810919
9010.0,119.0,0.070295
9010.0,120.0,0.0
9010.0,121.0,0.260929
9010.0,122.0,0.568807
9010.0,123.0,1.0
9010.0,124.0,0.442525
9010.0,125.0,0.479529
9010.0,126.0,0.362313
9010.0,127.0,0.04177
9010.0,128.0,0.022825
9010.0,129.0,0.99113
9010.0,130.0,0.008153
9010.0,131.0,0.999506
9010.0,132.0,0.375179
9010.0,133.0,0.831714
9010.0,134.0,0.520418
9010.0,135.0,0.334704
9010.0,136.0,1.0
9010.0,137.0,0.498143
9010.0,138.0,0.713149
9010.0,139.0,0.406837
9010.0,140.0,0.0
9010.0,141.0,0.634631
9010.0,142.0,1.0
9010.0,143.0,0.141322
9010.0,144.0,0.163188
9010.0,145.0,0.3846
9010.0,146.0,0.555936
9010.0,147.0,1.0
9010.0,148.0,0.380807
9010.0,149.0,0.457588
9010.0,150.0,0.246345
9010.0,151.0,0.552064
9010.0,152.0,0.323582
9010.0,153.0,0.346739
9010.0,154.0,0.59766
9010.0,155.0,0.614572
9010.0,156.0,0.74186
9010.0,157.0,0.0
9010.0,158.0,0.171336
9010.0,159.0,0.12237
9010.0,160.0,0.024468
9010.0,161.0,0.007288
9010.0,162.0,0.76176
9010.0,163.0,0.616933
9010.0,164.0,0.656663
9010.0,165.0,0.433125
9010.0,166.0,0.0
9010.0,167.0,0.461758
9010.0,168.0,0.577408
9010.0,169.0,0.608523
9010.0,170.0,0.673756
9010.0,171.0,0.465768
9010.0,172.0,0.538242
9010.0,173.0,0.663508
9010.0,174.0,0.411672
9010.0,175.0,0.365292
9010.0,176.0,0.169878
9010.0,177.0,0.0
9010.0,178.0,1.0
9010.0,179.0,0.369478
9010.0,180.0,0.327552
9010.0,181.0,0.16735
9010.0,182.0,0.0
9010.0,183.0,0.0
9010.0,184.0,0.484073
9010.0,185.0,0.497801
9010.0,186.0,0.874509
9010.0,187.0,0.51549
9010.0,188.0,0.0
9010.0,189.0,0.919834
9010.0,190.0,1.0
9010.0,191.0,0.680431
9010.0,192.0,0.091399
9010.0,193.0,0.815335
9010.0,194.0,0.0
9010.0,195.0,0.461674
9010.0,196.0,0.532304
9010.0,197.0,0.283346
9010.0,198.0,0.418216
9010.0,199.0,0.035436
9010.0,200.0,0.0
9010.0,201.0,0.745646
9010.0,202.0,1.0
9010.0,203.0,0.546949
9010.0,204.0,0.292039
9010.0,205.0,0.0
9010.0,206.0,0.342048
9010.0,207.0,1.0
9010.0,208.0,0.564465
9010.0,209.0,0.724859
9010.0,210.0,0.306053
9010.0,211.0,0.074421
9010.0,212.0,0.565248
9010.0,213.0,0.0
9010.0,214.0,0.546887
9010.0,215.0,0.65687
9010.0,216.0,1.0
9010.0,217.0,0.694969
9010.0,218.0,0.0
9010.0,219.0,0.298127
9010.0,220.0,0.988911
9010.0,221.0,0.507358
9010.0,222.0,0.0
9010.0,223.0,0.588108
9010.0,224.0,0.372175
9010.0,225.0,0.802789
9010.0,226.0,0.731542
9010.0,227.0,0.834968
9010.0,228.0,0.768813
9010.0,229.0,0.235215
9010.0,230.0,0.393918
9010.0,231.0,0.287274
9010.0,232.0,0.190037
9010.0,233.0,0.771991
9010.0,234.0,0.278915
9010.0,235.0,0.0
9010.0,236.0,0.945908
9010.0,237.0,0.11502
9010.0,238.0,0.567537
9010.0,239.0,1.0
9010.0,240.0,0.168332
9010.0,241.0,0.446478
9010.0,242.0,0.439574
9010.0,243.0,0.0
9010.0,244.0,0.0
9010.0,245.0,1.0
9010.0,246.0,0.615389
9010.0,247.0,0.494175
9010.0,248.0,0.520075
9010.0,249.0,0.456495
9010.0,250.0,0.521829
9010.0,251.0,0.954057
9010.0,252.0,0.397197
9010.0,253.0,0.704478
9010.0,254.0,0.609092
9010.0,255.0,0.39376
9010.0,256.0,1.0
9010.0,257.0,0.855482
9010.0,258.0,0.455601
9010.0,259.0,0.617219
9010.0,260.0,0.940464
9010.0,261.0,0.301064
9010.0,262.0,0.0
9010.0,263.0,0.464478
9010.0,264.0,0.0
9010.0,265.0,0.294836
9010.0,266.0,0.373812
9010.0,267.0,0.777348
9010.0,268.0,0.428847
9010.0,269.0,0.148652
9010.0,270.0,0.934883
9010.0,271.0,0.0
9010.0,272.0,0.124406
9010.0,273.0,0.350853
9010.0,274.0,0.113905
9010.0,275.0,0.669908
9010.0,276.0,0.025867
9010.0,277.0,0.313282
9010.0,278.0,0.474754
9010.0,279.0,0.208302
9010.0,280.0,0.535625
9010.0,281.0,0.817538
9010.0,282.0,1.0
9010.0,283.0,0.413887
9010.0,284.0,0.074955
9010.0,285.0,0.448897
9010.0,286.0,0.81302
9010.0,287.0,0.266751
9010.0,288.0,0.424313
9010.0,289.0,0.383456
9010.0,290.0,0.607385
9010.0,291.0,0.397527
9010.0,292.0,0.676601
9010.0,293.0,1.0
9010.0,294.0,0.271422
9010.0,295.0,0.246004
9010.0,296.0,0.0
9010.0,297.0,0.949107
9010.0,298.0,0.001183
9010.0,299.0,0.0
9010.0,300.0,0.340614
9010.0,301.0,0.732155
9010.0,302.0,0.000857
9010.0,303.0,0.978389
9010.0,304.0,0.0
9010.0,305.0,0.861802
9010.0,306.0,0.702754
9010.0,307.0,0.564119
9010.0,308.0,0.528539
9010.0,309.0,0.0
9010.0,310.0,1.0
9010.0,311.0,0.509106
9010.0,312.0,0.0
9010.0,313.0,0.55467
9010.0,314.0,0.401995
9010.0,315.0,0.492793
9010.0,316.0,0.331304
9010.0,317.0,0.984627
9010.0,318.0,0.626418
9010.0,319.0,0.000172
9010.0,320.0,0.317698
9010.0,321.0,0.0
9010.0,322.0,0.119507
9010.0,323.0,0.33823
9010.0,324.0,0.558819
9010.0,325.0,0.001233
9010.0,326.0,0.804452
9010.0,327.0,0.147507
9010.0,328.0,0.062035
9010.0,329.0,0.849376
9010.0,330.0,0.017019
9010.0,331.0,0.632167
9010.0,332.0,0.341676
9010.0,333.0,0.0
9010.0,334.0,0.276457
10000.0,0.0,0.0
10000.0,1.0,0.0
10000.0,2.0,0.0
10000.0,3.0,0.43012
10000.0,4.0,0.259657
10000.0,5.0,0.440478
10000.0,6.0,0.797359
10000.0,7.0,0.780918
10000.0,8.0,0.048806
10000.0,9.0,0.767439
10000.0,10.0,1.0
10000.0,11.0,1.0
10000.0,12.0,0.351614
10000.0,13.0,0.363171
10000.0,14.0,0.597513
10000.0,15.0,0.885946
10000.0,16.0,0.602418
10000.0,17.0,0.0
10000.0,18.0,0.608935
10000.0,19.0,0.904982
10000.0,20.0,0.463326
10000.0,21.0,0.0
10000.0,22.0,0.903498
10000.0,23.0,1.0
10000.0,24.0,0.408831
10000.0,25.0,0.477424
10000.0,26.0,0.794989
10000.0,27.0,0.438118
10000.0,28.0,0.695906
10000.0,29.0,1.0
10000.0,30.0,0.208342
10000.0,31.0,0.759769
10000.0,32.0,1.0
10000.0,33.0,1.0
10000.0,34.0,0.020795
10000.0,35.0,0.376839
10000.0,36.0,0.385788
10000.0,37.0,0.53658
10000.0,38.0,0.463505
10000.0,39.0,0.997987
10000.0,40.0,0.640066
10000.0,41.0,0.803716
10000.0,42.0,0.364577
10000.0,43.0,0.887275
10000.0,44.0,0.608738
10000.0,45.0,0.758549
10000.0,46.0,0.476054
10000.0,47.0,1.0
10000.0,48.0,1.0
10000.0,49.0,0.270174
10000.0,50.0,0.0
10000.0,51.0,0.276651
10000.0,52.0,1.0
10000.0,53.0,0.804033
10000.0,54.0,1.0
10000.0,55.0,0.0
10000.0,56.0,0.344502
10000.0,57.0,0.0
10000.0,58.0,0.4342
10000.0,59.0,0.283319
10000.0,60.0,0.841383
10000.0,61.0,0.993942
10000.0,62.0,0.173699
10000.0,63.0,0.782034
10000.0,64.0,0.953535
10000.0,65.0,0.009857
10000.0,66.0,0.0
10000.0,67.0,0.532512
10000.0,68.0,0.0
10000.0,69.0,0.016722
10000.0,70.0,0.260864
10000.0,71.0,0.083113
10000.0,72.0,0.528213
10000.0,73.0,0.474445
10000.0,74.0,0.652879
10000.0,75.0,0.554572
10000.0,76.0,0.926403
10000.0,77.0,0.812199
10000.0,78.0,0.330269
10000.0,79.0,0.0
10000.0,80.0,0.99459
10000.0,81.0,0.300618
10000.0,82.0,0.590101
10000.0,83.0,0.526028
10000.0,84.0,1.0
10000.0,85.0,0.385873
10000.0,86.0,0.73058
10000.0,87.0,1.0
10000.0,88.0,0.0
10000.0,89.0,0.693219
10000.0,90.0,0.747859
10000.0,91.0,0.458323
10000.0,92.0,0.057541
10000.0,93.0,0.436583
10000.0,94.0,0.434724
10000.0,95.0,0.021586
10000.0,96.0,1.0
10000.0,97.0,0.321215
10000.0,98.0,0.0
10000.0,99.0,0.082064
10000.0,100.0,0.731184
10000.0,101.0,0.396339
10000.0,102.0,0.790881
10000.0,103.0,0.0
10000.0,104.0,0.001191
10000.0,105.0,0.629872
10000.0,106.0,0.773035
10000.0,107.0,0.875548
10000.0,108.0,0.902759
10000.0,109.0,0.991185
10000.0,110.0,0.377358
10000.0,111.0,0.917188
10000.0,112.0,0.135792
10000.0,113.0,0.562787
10000.0,114.0,0.360234
10000.0,115.0,0.128376
10000.0,116.0,0.997585
10000.0,117.0,0.270732
10000.0,118.0,0.802143
10000.0,119.0,0.051218
10000.0,120.0,0.0
10000.0,121.0,0.268522
10000.0,122.0,0.576545
10000.0,123.0,1.0
10000.0,124.0,0.44025
10000.0,125.0,0.471678
10000.0,126.0,0.362673
10000.0,127.0,0.048289
10000.0,128.0,0.017506
10000.0,129.0,0.995709
10000.0,130.0,0.00339
10000.0,131.0,0.999403
10000.0,132.0,0.368652
10000.0,133.0,0.821316
10000.0,134.0,0.515401
10000.0,135.0,0.332404
10000.0,136.0,1.0
10000.0,137.0,0.490395
10000.0,138.0,0.712766
10000.0,139.0,0.403356
10000.0,140.0,0.0
10000.0,141.0,0.647426
10000.0,142.0,1.0
10000.0,143.0,0.142168
10000.0,144.0,0.151919
10000.0,145.0,0.377649
10000.0,146.0,0.551394
10000.0,147.0,1.0
10000.0,148.0,0.386542
10000.0,149.0,0.457343
10000.0,150.0,0.252423
10000.0,151.0,0.53185
10000.0,152.0,0.333241
10000.0,153.0,0.349928
10000.0,154.0,0.604992
10000.0,155.0,0.620292
10000.0,156.0,0.763424
10000.0,157.0,0.0
10000.0,158.0,0.174951
10000.0,159.0,0.123042
10000.0,160.0,0.015794
10000.0,161.0,0.006858
10000.0,162.0,0.749801
10000.0,163.0,0.597064
10000.0,164.0,0.652413
10000.0,165.0,0.4339
10000.0,166.0,0.0
10000.0,167.0,0.471865
10000.0,168.0,0.574241
10000.0,169.0,0.614003
10000.0,170.0,0.659608
10000.0,171.0,0.457374
10000.0,172.0,0.53206
10000.0,173.0,0.667067
10000.0,174.0,0.410108
10000.0,175.0,0.375898
10000.0,176.0,0.154995
10000.0,177.0,0.0
10000.0,178.0,1.0
10000.0,179.0,0.368034
10000.0,180.0,0.323156
10000.0,181.0,0.177427
10000.0,182.0,0.0
10000.0,183.0,0.0
10000.0,184.0,0.478704
10000.0,185.0,0.501429
10000.0,186.0,0.871517
10000.0,187.0,0.51839
10000.0,188.0,0.0
10000.0,189.0,0.92024
10000.0,190.0,1.0
10000.0,191.0,0.674874
10000.0,192.0,0.084562
10000.0,193.0,0.811463
10000.0,194.0,0.0
10000.0,195.0,0.464894
10000.0,196.0,0.52743
10000.0,197.0,0.291531
10000.0,198.0,0.439263
10000.0,199.0,0.033719
10000.0,200.0,0.0
10000.0,201.0,0.750904
10000.0,202.0,1.0
10000.0,203.0,0.551217
10000.0,204.0,0.280357
10000.0,205.0,0.0
10000.0,206.0,0.346193
10000.0,207.0,1.0
10000.0,208.0,0.574044
10000.0,209.0,0.74915
10000.0,210.0,0.303995
10000.0,211.0,0.075308
10000.0,212.0,0.566474
10000.0,213.0,0.0
10000.0,214.0,0.541152
10000.0,215.0,0.661104
10000.0,216.0,1.0
10000.0,217.0,0.691761
10000.0,218.0,0.0
10000.0,219.0,0.283606
10000.0,220.0,0.995786
10000.0,221.0,0.513201
10000.0,222.0,0.0
10000.0,223.0,0.615277
10000.0,224.0,0.361714
10000.0,225.0,0.788872
10000.0,226.0,0.726519
10000.0,227.0,0.832444
10000.0,228.0,0.768311
10000.0,229.0,0.234235
10000.0,230.0,0.405
10000.0,231.0,0.285508
10000.0,232.0,0.206516
10000.0,233.0,0.763787
10000.0,234.0,0.27885
10000.0,235.0,0.0
10000.0,236.0,0.954045
10000.0,237.0,0.104055
10000.0,238.0,0.560885
10000.0,239.0,1.0
10000.0,240.0,0.153553
10000.0,241.0,0.457945
10000.0,242.0,0.439553
10000.0,243.0,0.0
10000.0,244.0,0.0
10000.0,245.0,1.0
10000.0,246.0,0.603787
10000.0,247.0,0.518346
10000.0,248.0,0.530355
10000.0,249.0,0.452706
10000.0,250.0,0.515437
10000.0,251.0,0.957533
10000.0,252.0,0.393809
10000.0,253.0,0.707273
10000.0,254.0,0.609867
10000.0,255.0,0.411488
10000.0,256.0,1.0
10000.0,257.0,0.865256
10000.0,258.0,0.440284
10000.0,259.0,0.615774
10000.0,260.0,0.942809
10000.0,261.0,0.306619
10000.0,262.0,0.0
10000.0,263.0,0.482324
10000.0,264.0,0.0
10000.0,265.0,0.3095
10000.0,266.0,0.379646
10000.0,267.0,0.784331
10000.0,268.0,0.401371
10000.0,269.0,0.139084
10000.0,270.0,0.949576
10000.0,271.0,0.0
10000.0,272.0,0.116628
10000.0,273.0,0.344747
10000.0,274.0,0.112244
10000.0,275.0,0.674001
10000.0,276.0,0.026359
10000.0,277.0,0.318466
10000.0,278.0,0.475432
10000.0,279.0,0.216713
10000.0,280.0,0.532393
10000.0,281.0,0.835427
10000.0,282.0,1.0
10000.0,283.0,0.427645
10000.0,284.0,0.04994
10000.0,285.0,0.452575
10000.0,286.0,0.817391
10000.0,287.0,0.266061
10000.0,288.0,0.432217
10000.0,289.0,0.37822
10000.0,290.0,0.605329
10000.0,291.0,0.422543
10000.0,292.0,0.67985
10000.0,293.0,1.0
10000.0,294.0,0.269696
10000.0,295.0,0.254526
10000.0,296.0,0.0
10000.0,297.0,0.969453
10000.0,298.0,0.000605
10000.0,299.0,0.0
10000.0,300.0,0.390744
10000.0,301.0,0.74743
10000.0,302.0,7.3e-05
10000.0,303.0,0.985987
10000.0,304.0,0.0
10000.0,305.0,0.872529
10000.0,306.0,0.717004
10000.0,307.0,0.557607
10000.0,308.0,0.529874
10000.0,309.0,0.0
10000.0,310.0,1.0
10000.0,311.0,0.515095
10000.0,312.0,0.0
10000.0,313.0,0.560327
10000.0,314.0,0.395526
10000.0,315.0,0.489711
10000.0,316.0,0.328546
10000.0,317.0,0.987037
10000.0,318.0,0.612501
10000.0,319.0,0.0
10000.0,320.0,0.33538
10000.0,321.0,0.0
10000.0,322.0,0.115277
10000.0,323.0,0.342379
10000.0,324.0,0.545972
10000.0,325.0,0.001071
10000.0,326.0,0.794929
10000.0,327.0,0.150254
10000.0,328.0,0.047549
10000.0,329.0,0.851381
10000.0,330.0,0.011265
10000.0,331.0,0.652358
10000.0,332.0,0.345584
10000.0,333.0,0.0
10000.0,334.0,0.279952
10001.0,0.0,0.0
10001.0,1.0,0.0
10001.0,2.0,0.0
10001.0,3.0,0.434712
10001.0,4.0,0.261852
10001.0,5.0,0.450318
10001.0,6.0,0.798498
10001.0,7.0,0.78207
10001.0,8.0,0.04885
10001.0,9.0,0.769176
10001.0,10.0,1.0
10001.0,11.0,1.0
10001.0,12.0,0.358299
10001.0,13.0,0.365789
10001.0,14.0,0.611023
10001.0,15.0,0.886482
10001.0,16.0,0.603327
10001.0,17.0,0.0
10001.0,18.0,0.615738
10001.0,19.0,0.905362
10001.0,20.0,0.467629
10001.0,21.0,0.0
10001.0,22.0,0.905059
10001.0,23.0,1.0
10001.0,24.0,0.410376
10001.0,25.0,0.486791
10001.0,26.0,0.805302
10001.0,27.0,0.443546
10001.0,28.0,0.699277
10001.0,29.0,1.0
10001.0,30.0,0.216902
10001.0,31.0,0.760367
10001.0,32.0,1.0
10001.0,33.0,1.0
10001.0,34.0,0.022282
10001.0,35.0,0.377477
10001.0,36.0,0.387369
10001.0,37.0,0.538401
10001.0,38.0,0.468591
10001.0,39.0,0.998138
10001.0,40.0,0.643954
10001.0,41.0,0.806542
10001.0,42.0,0.370179
10001.0,43.0,0.895788
10001.0,44.0,0.613768
10001.0,45.0,0.767453
10001.0,46.0,0.475712
10001.0,47.0,1.0
10001.0,48.0,1.0
10001.0,49.0,0.271864
10001.0,50.0,0.0
10001.0,51.0,0.279831
10001.0,52.0,1.0
10001.0,53.0,0.808961
10001.0,54.0,1.0
10001.0,55.0,0.0
10001.0,56.0,0.345123
10001.0,57.0,0.0
10001.0,58.0,0.436788
10001.0,59.0,0.289398
10001.0,60.0,0.841756
10001.0,61.0,0.994049
10001.0,62.0,0.179002
10001.0,63.0,0.783308
10001.0,64.0,0.954519
10001.0,65.0,0.009521
10001.0,66.0,0.0
10001.0,67.0,0.535618
10001.0,68.0,0.0
10001.0,69.0,0.01665
10001.0,70.0,0.261775
10001.0,71.0,0.084543
10001.0,72.0,0.532001
10001.0,73.0,0.474682
10001.0,74.0,0.654276
10001.0,75.0,0.562084
10001.0,76.0,0.927738
10001.0,77.0,0.813467
10001.0,78.0,0.338166
10001.0,79.0,0.0
10001.0,80.0,0.994644
10001.0,81.0,0.303002
10001.0,82.0,0.592596
10001.0,83.0,0.527833
10001.0,84.0,1.0
10001.0,85.0,0.385545
10001.0,86.0,0.734376
10001.0,87.0,1.0
10001.0,88.0,0.0
10001.0,89.0,0.695058
10001.0,90.0,0.748031
10001.0,91.0,0.456844
10001.0,92.0,0.058183
10001.0,93.0,0.437784
10001.0,94.0,0.438247
10001.0,95.0,0.021518
10001.0,96.0,1.0
10001.0,97.0,0.363808
10001.0,98.0,0.0
10001.0,99.0,0.082831
10001.0,100.0,0.73181
10001.0,101.0,0.397962
10001.0,102.0,0.798704
10001.0,103.0,0.0
10001.0,104.0,0.001248
10001.0,105.0,0.631816
10001.0,106.0,0.77505
10001.0,107.0,0.876236
10001.0,108.0,0.905755
10001.0,109.0,0.991542
10001.0,110.0,0.377685
10001.0,111.0,0.917878
10001.0,112.0,0.135765
10001.0,113.0,0.5628
10001.0,114.0,0.364679
10001.0,115.0,0.128318
10001.0,116.0,0.997554
10001.0,117.0,0.271582
10001.0,118.0,0.805878
10001.0,119.0,0.051391
10001.0,120.0,0.0
10001.0,121.0,0.280007
10001.0,122.0,0.578222
10001.0,123.0,1.0
10001.0,124.0,0.445042
10001.0,125.0,0.477557
10001.0,126.0,0.365137
10001.0,127.0,0.049127
10001.0,128.0,0.017677
10001.0,129.0,0.995894
10001.0,130.0,0.003523
10001.0,131.0,0.999419
10001.0,132.0,0.374915
10001.0,133.0,0.82314
10001.0,134.0,0.501393
10001.0,135.0,0.342161
10001.0,136.0,1.0
10001.0,137.0,0.492099
10001.0,138.0,0.718883
10001.0,139.0,0.407367
10001.0,140.0,0.0
10001.0,141.0,0.648861
10001.0,142.0,1.0
10001.0,143.0,0.145178
10001.0,144.0,0.152482
10001.0,145.0,0.380938
10001.0,146.0,0.552807
10001.0,147.0,1.0
10001.0,148.0,0.38917
10001.0,149.0,0.466104
10001.0,150.0,0.253236
10001.0,151.0,0.534936
10001.0,152.0,0.334089
10001.0,153.0,0.359755
10001.0,154.0,0.60558
10001.0,155.0,0.626447
10001.0,156.0,0.763026
10001.0,157.0,0.0
10001.0,158.0,0.1809
10001.0,159.0,0.126838
10001.0,160.0,0.016262
10001.0,161.0,0.006819
10001.0,162.0,0.750502
10001.0,163.0,0.599462
10001.0,164.0,0.655135
10001.0,165.0,0.440548
10001.0,166.0,0.0
10001.0,167.0,0.473507
10001.0,168.0,0.575169
10001.0,169.0,0.645445
10001.0,170.0,0.663198
10001.0,171.0,0.457756
10001.0,172.0,0.535005
10001.0,173.0,0.670257
10001.0,174.0,0.411097
10001.0,175.0,0.37754
10001.0,176.0,0.156168
10001.0,177.0,0.0
10001.0,178.0,1.0
10001.0,179.0,0.375567
10001.0,180.0,0.328213
10001.0,181.0,0.178414
10001.0,182.0,0.0
10001.0,183.0,0.0
10001.0,184.0,0.483388
10001.0,185.0,0.503223
10001.0,186.0,0.875344
10001.0,187.0,0.51783
10001.0,188.0,0.0
10001.0,189.0,0.920405
10001.0,190.0,1.0
10001.0,191.0,0.676008
10001.0,192.0,0.084813
10001.0,193.0,0.81209
10001.0,194.0,0.0
10001.0,195.0,0.472246
10001.0,196.0,0.523039
10001.0,197.0,0.295539
10001.0,198.0,0.443303
10001.0,199.0,0.034143
10001.0,200.0,0.0
10001.0,201.0,0.752939
10001.0,202.0,1.0
10001.0,203.0,0.571534
10001.0,204.0,0.282725
10001.0,205.0,0.0
10001.0,206.0,0.368102
10001.0,207.0,1.0
10001.0,208.0,0.577072
10001.0,209.0,0.749183
10001.0,210.0,0.31278
10001.0,211.0,0.072546
10001.0,212.0,0.573972
10001.0,213.0,0.0
10001.0,214.0,0.548845
10001.0,215.0,0.667153
10001.0,216.0,1.0
10001.0,217.0,0.696049
10001.0,218.0,0.0
10001.0,219.0,0.284611
10001.0,220.0,0.995852
10001.0,221.0,0.524033
10001.0,222.0,0.0
10001.0,223.0,0.616224
10001.0,224.0,0.36502
10001.0,225.0,0.792151
10001.0,226.0,0.731254
10001.0,227.0,0.835083
10001.0,228.0,0.770669
10001.0,229.0,0.235202
10001.0,230.0,0.406022
10001.0,231.0,0.347278
10001.0,232.0,0.205917
10001.0,233.0,0.767843
10001.0,234.0,0.283737
10001.0,235.0,0.0
10001.0,236.0,0.954244
10001.0,237.0,0.104552
10001.0,238.0,0.57247
10001.0,239.0,1.0
10001.0,240.0,0.154497
10001.0,241.0,0.460679
10001.0,242.0,0.442091
10001.0,243.0,0.0
10001.0,244.0,0.0
10001.0,245.0,1.0
10001.0,246.0,0.605588
10001.0,247.0,0.518712
10001.0,248.0,0.534132
10001.0,249.0,0.45558
10001.0,250.0,0.522826
10001.0,251.0,0.957511
10001.0,252.0,0.395115
10001.0,253.0,0.709345
10001.0,254.0,0.615509
10001.0,255.0,0.413261
10001.0,256.0,1.0
10001.0,257.0,0.866498
10001.0,258.0,0.440787
10001.0,259.0,0.61721
10001.0,260.0,0.944013
10001.0,261.0,0.314106
10001.0,262.0,0.0
10001.0,263.0,0.48294
10001.0,264.0,0.0
10001.0,265.0,0.309254
10001.0,266.0,0.383606
10001.0,267.0,0.785907
10001.0,268.0,0.40792
10001.0,269.0,0.141468
10001.0,270.0,0.94952
10001.0,271.0,0.0
10001.0,272.0,0.117531
10001.0,273.0,0.348513
10001.0,274.0,0.112593
10001.0,275.0,0.676768
10001.0,276.0,0.026559
10001.0,277.0,0.321844
10001.0,278.0,0.477626
10001.0,279.0,0.2202
10001.0,280.0,0.533788
10001.0,281.0,0.839501
10001.0,282.0,1.0
10001.0,283.0,0.428261
10001.0,284.0,0.050257
10001.0,285.0,0.45982
10001.0,286.0,0.821795
10001.0,287.0,0.26841
10001.0,288.0,0.438036
10001.0,289.0,0.385013
10001.0,290.0,0.606964
10001.0,291.0,0.425256
10001.0,292.0,0.681818
10001.0,293.0,1.0
10001.0,294.0,0.269958
10001.0,295.0,0.25805
10001.0,296.0,0.0
10001.0,297.0,0.969641
10001.0,298.0,0.000603
10001.0,299.0,0.0
10001.0,300.0,0.394516
10001.0,301.0,0.748318
10001.0,302.0,6.0e-05
10001.0,303.0,0.986175
10001.0,304.0,0.0
10001.0,305.0,0.872973
10001.0,306.0,0.718165
10001.0,307.0,0.558267
10001.0,308.0,0.534832
10001.0,309.0,0.0
10001.0,310.0,1.0
10001.0,311.0,0.515522
10001.0,312.0,0.0
10001.0,313.0,0.561769
10001.0,314.0,0.39709
10001.0,315.0,0.492952
10001.0,316.0,0.329652
10001.0,317.0,0.987072
10001.0,318.0,0.614035
10001.0,319.0,0.0
10001.0,320.0,0.343779
10001.0,321.0,0.0
10001.0,322.0,0.116867
10001.0,323.0,0.376851
10001.0,324.0,0.546995
10001.0,325.0,0.001144
10001.0,326.0,0.796035
10001.0,327.0,0.150826
10001.0,328.0,0.047591
10001.0,329.0,0.862065
10001.0,330.0,0.011284
10001.0,331.0,0.653804
10001.0,332.0,0.350382
10001.0,333.0,0.0
10001.0,334.0,0.283968
10002.0,0.0,0.0
10002.0,1.0,0.0
10002.0,2.0,0.0
10002.0,3.0,0.439746
10002.0,4.0,0.26374
10002.0,5.0,0.459531
10002.0,6.0,0.799909
10002.0,7.0,0.783381
10002.0,8.0,0.049356
10002.0,9.0,0.770829
10002.0,10.0,1.0
10002.0,11.0,1.0
10002.0,12.0,0.365557
10002.0,13.0,0.368504
10002.0,14.0,0.623679
10002.0,15.0,0.886956
10002.0,16.0,0.604324
10002.0,17.0,0.0
10002.0,18.0,0.622348
10002.0,19.0,0.90614
10002.0,20.0,0.472769
10002.0,21.0,0.0
10002.0,22.0,0.906308
10002.0,23.0,1.0
10002.0,24.0,0.412229
10002.0,25.0,0.494505
10002.0,26.0,0.813866
10002.0,27.0,0.448615
10002.0,28.0,0.70223
10002.0,29.0,1.0
10002.0,30.0,0.226118
10002.0,31.0,0.759704
10002.0,32.0,1.0
10002.0,33.0,1.0
10002.0,34.0,0.023937
10002.0,35.0,0.377387
10002.0,36.0,0.389938
10002.0,37.0,0.538983
10002.0,38.0,0.472421
10002.0,39.0,0.998238
10002.0,40.0,0.647367
10002.0,41.0,0.809534
10002.0,42.0,0.376189
10002.0,43.0,0.903792
10002.0,44.0,0.618849
10002.0,45.0,0.776407
10002.0,46.0,0.475991
10002.0,47.0,1.0
10002.0,48.0,1.0
10002.0,49.0,0.274022
10002.0,50.0,0.0
10002.0,51.0,0.283181
10002.0,52.0,1.0
10002.0,53.0,0.81332
10002.0,54.0,1.0
10002.0,55.0,0.0
10002.0,56.0,0.345856
10002.0,57.0,0.0
10002.0,58.0,0.438487
10002.0,59.0,0.295057
10002.0,60.0,0.841826
10002.0,61.0,0.994083
10002.0,62.0,0.184611
10002.0,63.0,0.783618
10002.0,64.0,0.955463
10002.0,65.0,0.00925
10002.0,66.0,0.0
10002.0,67.0,0.539896
10002.0,68.0,0.0
10002.0,69.0,0.016554
10002.0,70.0,0.263673
10002.0,71.0,0.086576
10002.0,72.0,0.535599
10002.0,73.0,0.474719
10002.0,74.0,0.657037
10002.0,75.0,0.567779
10002.0,76.0,0.928394
10002.0,77.0,0.815034
10002.0,78.0,0.346598
10002.0,79.0,0.0
10002.0,80.0,0.994535
10002.0,81.0,0.305303
10002.0,82.0,0.593607
10002.0,83.0,0.530731
10002.0,84.0,1.0
10002.0,85.0,0.386059
10002.0,86.0,0.73779
10002.0,87.0,1.0
10002.0,88.0,0.0
10002.0,89.0,0.697462
10002.0,90.0,0.748172
10002.0,91.0,0.455757
10002.0,92.0,0.05906
10002.0,93.0,0.440202
10002.0,94.0,0.442102
10002.0,95.0,0.021492
10002.0,96.0,1.0
10002.0,97.0,0.406922
10002.0,98.0,0.0
10002.0,99.0,0.083582
10002.0,100.0,0.733267
10002.0,101.0,0.400593
10002.0,102.0,0.805712
10002.0,103.0,0.0
10002.0,104.0,0.001257
10002.0,105.0,0.633789
10002.0,106.0,0.777384
10002.0,107.0,0.876558
10002.0,108.0,0.908858
10002.0,109.0,0.991945
10002.0,110.0,0.378361
10002.0,111.0,0.918525
10002.0,112.0,0.135567
10002.0,113.0,0.562869
10002.0,114.0,0.369754
10002.0,115.0,0.128674
10002.0,116.0,0.997557
10002.0,117.0,0.273398
10002.0,118.0,0.809016
10002.0,119.0,0.051664
10002.0,120.0,0.0
10002.0,121.0,0.290929
10002.0,122.0,0.580203
10002.0,123.0,1.0
10002.0,124.0,0.449544
10002.0,125.0,0.483224
10002.0,126.0,0.366816
10002.0,127.0,0.050062
10002.0,128.0,0.01755
10002.0,129.0,0.995988
10002.0,130.0,0.00365
10002.0,131.0,0.99944
10002.0,132.0,0.381784
10002.0,133.0,0.825453
10002.0,134.0,0.487826
10002.0,135.0,0.35257
10002.0,136.0,1.0
10002.0,137.0,0.494215
10002.0,138.0,0.725571
10002.0,139.0,0.411887
10002.0,140.0,0.0
10002.0,141.0,0.649644
10002.0,142.0,1.0
10002.0,143.0,0.147329
10002.0,144.0,0.153532
10002.0,145.0,0.38515
10002.0,146.0,0.555027
10002.0,147.0,1.0
10002.0,148.0,0.392312
10002.0,149.0,0.474979
10002.0,150.0,0.254054
10002.0,151.0,0.538754
10002.0,152.0,0.335695
10002.0,153.0,0.368454
10002.0,154.0,0.606262
10002.0,155.0,0.631897
10002.0,156.0,0.763282
10002.0,157.0,0.0
10002.0,158.0,0.186717
10002.0,159.0,0.129827
10002.0,160.0,0.016746
10002.0,161.0,0.007049
10002.0,162.0,0.751537
10002.0,163.0,0.602141
10002.0,164.0,0.659175
10002.0,165.0,0.44717
10002.0,166.0,0.0
10002.0,167.0,0.475433
10002.0,168.0,0.576052
10002.0,169.0,0.675282
10002.0,170.0,0.668004
10002.0,171.0,0.458687
10002.0,172.0,0.536982
10002.0,173.0,0.674162
10002.0,174.0,0.412258
10002.0,175.0,0.37927
10002.0,176.0,0.157749
10002.0,177.0,0.0
10002.0,178.0,1.0
10002.0,179.0,0.384057
10002.0,180.0,0.333284
10002.0,181.0,0.179473
10002.0,182.0,0.0
10002.0,183.0,0.0
10002.0,184.0,0.487223
10002.0,185.0,0.504669
10002.0,186.0,0.87942
10002.0,187.0,0.518375
10002.0,188.0,0.0
10002.0,189.0,0.920651
10002.0,190.0,1.0
10002.0,191.0,0.676699
10002.0,192.0,0.085161
10002.0,193.0,0.812379
10002.0,194.0,0.0
10002.0,195.0,0.477577
10002.0,196.0,0.518401
10002.0,197.0,0.299301
10002.0,198.0,0.447888
10002.0,199.0,0.033911
10002.0,200.0,0.0
10002.0,201.0,0.755176
10002.0,202.0,1.0
10002.0,203.0,0.589895
10002.0,204.0,0.284746
10002.0,205.0,0.0
10002.0,206.0,0.38949
10002.0,207.0,1.0
10002.0,208.0,0.580228
10002.0,209.0,0.748577
10002.0,210.0,0.321723
10002.0,211.0,0.070231
10002.0,212.0,0.581549
10002.0,213.0,0.0
10002.0,214.0,0.555378
10002.0,215.0,0.672809
10002.0,216.0,1.0
10002.0,217.0,0.699449
10002.0,218.0,0.0
10002.0,219.0,0.285748
10002.0,220.0,0.995969
10002.0,221.0,0.535192
10002.0,222.0,0.0
10002.0,223.0,0.617825
10002.0,224.0,0.367959
10002.0,225.0,0.794729
10002.0,226.0,0.736535
10002.0,227.0,0.837642
10002.0,228.0,0.773086
10002.0,229.0,0.237536
10002.0,230.0,0.407723
10002.0,231.0,0.408111
10002.0,232.0,0.205104
10002.0,233.0,0.771064
10002.0,234.0,0.288885
10002.0,235.0,0.0
10002.0,236.0,0.954168
10002.0,237.0,0.104889
10002.0,238.0,0.585081
10002.0,239.0,1.0
10002.0,240.0,0.156032
10002.0,241.0,0.463671
10002.0,242.0,0.444356
10002.0,243.0,0.0
10002.0,244.0,0.0
10002.0,245.0,1.0
10002.0,246.0,0.60613
10002.0,247.0,0.519408
10002.0,248.0,0.537498
10002.0,249.0,0.459883
10002.0,250.0,0.529505
10002.0,251.0,0.957881
10002.0,252.0,0.397032
10002.0,253.0,0.712501
10002.0,254.0,0.619947
10002.0,255.0,0.415319
10002.0,256.0,1.0
10002.0,257.0,0.868167
10002.0,258.0,0.442628
10002.0,259.0,0.618531
10002.0,260.0,0.945456
10002.0,261.0,0.320961
10002.0,262.0,0.0
10002.0,263.0,0.483947
10002.0,264.0,0.0
10002.0,265.0,0.309261
10002.0,266.0,0.386772
10002.0,267.0,0.787683
10002.0,268.0,0.414158
10002.0,269.0,0.144449
10002.0,270.0,0.949846
10002.0,271.0,0.0
10002.0,272.0,0.119625
10002.0,273.0,0.352411
10002.0,274.0,0.1126
10002.0,275.0,0.678034
10002.0,276.0,0.026697
10002.0,277.0,0.324628
10002.0,278.0,0.479352
10002.0,279.0,0.223699
10002.0,280.0,0.535731
10002.0,281.0,0.842489
10002.0,282.0,1.0
10002.0,283.0,0.429761
10002.0,284.0,0.050561
10002.0,285.0,0.466514
10002.0,286.0,0.826547
10002.0,287.0,0.270086
10002.0,288.0,0.444931
10002.0,289.0,0.391702
10002.0,290.0,0.607806
10002.0,291.0,0.427128
10002.0,292.0,0.684295
10002.0,293.0,1.0
10002.0,294.0,0.270093
10002.0,295.0,0.260817
10002.0,296.0,0.0
10002.0,297.0,0.969747
10002.0,298.0,0.000573
10002.0,299.0,0.0
10002.0,300.0,0.39853
10002.0,301.0,0.749192
10002.0,302.0,5.7e-05
10002.0,303.0,0.986097
10002.0,304.0,0.0
10002.0,305.0,0.87409
10002.0,306.0,0.720711
10002.0,307.0,0.558931
10002.0,308.0,0.539001
10002.0,309.0,0.0
10002.0,310.0,1.0
10002.0,311.0,0.516148
10002.0,312.0,0.0
10002.0,313.0,0.562417
10002.0,314.0,0.398562
10002.0,315.0,0.496305
10002.0,316.0,0.331901
10002.0,317.0,0.987105
10002.0,318.0,0.615172
10002.0,319.0,0.0
10002.0,320.0,0.352117
10002.0,321.0,0.0
10002.0,322.0,0.118036
10002.0,323.0,0.411207
10002.0,324.0,0.547756
10002.0,325.0,0.001204
10002.0,326.0,0.797
10002.0,327.0,0.151882
10002.0,328.0,0.047424
10002.0,329.0,0.871801
10002.0,330.0,0.01127
10002.0,331.0,0.654563
10002.0,332.0,0.354395
10002.0,333.0,0.0
10002.0,334.0,0.288816
10003.0,0.0,0.0
10003.0,1.0,0.0
10003.0,2.0,0.0
10003.0,3.0,0.444334
10003.0,4.0,0.265271
10003.0,5.0,0.468471
10003.0,6.0,0.80172
10003.0,7.0,0.784802
10003.0,8.0,0.049553
10003.0,9.0,0.77258
10003.0,10.0,1.0
10003.0,11.0,1.0
10003.0,12.0,0.372689
10003.0,13.0,0.369743
10003.0,14.0,0.635799
10003.0,15.0,0.887739
10003.0,16.0,0.606437
10003.0,17.0,0.0
10003.0,18.0,0.628892
10003.0,19.0,0.906974
10003.0,20.0,0.477527
10003.0,21.0,0.0
10003.0,22.0,0.906971
10003.0,23.0,1.0
10003.0,24.0,0.413813
10003.0,25.0,0.503126
10003.0,26.0,0.822003
10003.0,27.0,0.453572
10003.0,28.0,0.705758
10003.0,29.0,1.0
10003.0,30.0,0.236
10003.0,31.0,0.760499
10003.0,32.0,1.0
10003.0,33.0,1.0
10003.0,34.0,0.025425
10003.0,35.0,0.378007
10003.0,36.0,0.392385
10003.0,37.0,0.540432
10003.0,38.0,0.476996
10003.0,39.0,0.998296
10003.0,40.0,0.651422
10003.0,41.0,0.812509
10003.0,42.0,0.381699
10003.0,43.0,0.910576
10003.0,44.0,0.624608
10003.0,45.0,0.784248
10003.0,46.0,0.476132
10003.0,47.0,1.0
10003.0,48.0,1.0
10003.0,49.0,0.276052
10003.0,50.0,0.0
10003.0,51.0,0.286427
10003.0,52.0,1.0
10003.0,53.0,0.817788
10003.0,54.0,1.0
10003.0,55.0,0.0
10003.0,56.0,0.346394
10003.0,57.0,0.0
10003.0,58.0,0.440422
10003.0,59.0,0.300716
10003.0,60.0,0.84213
10003.0,61.0,0.99419
10003.0,62.0,0.18944
10003.0,63.0,0.784713
10003.0,64.0,0.95578
10003.0,65.0,0.009152
10003.0,66.0,0.0
10003.0,67.0,0.543664
10003.0,68.0,0.0
10003.0,69.0,0.016639
10003.0,70.0,0.265074
10003.0,71.0,0.088559
10003.0,72.0,0.540135
10003.0,73.0,0.475335
10003.0,74.0,0.659122
10003.0,75.0,0.57469
10003.0,76.0,0.929244
10003.0,77.0,0.81653
10003.0,78.0,0.354691
10003.0,79.0,0.0
10003.0,80.0,0.994574
10003.0,81.0,0.307865
10003.0,82.0,0.595797
10003.0,83.0,0.533784
10003.0,84.0,1.0
10003.0,85.0,0.387107
10003.0,86.0,0.740928
10003.0,87.0,1.0
10003.0,88.0,0.0
10003.0,89.0,0.700651
10003.0,90.0,0.748973
10003.0,91.0,0.454679
10003.0,92.0,0.060396
10003.0,93.0,0.440751
10003.0,94.0,0.446209
10003.0,95.0,0.021743
10003.0,96.0,1.0
10003.0,97.0,0.45097
10003.0,98.0,0.0
10003.0,99.0,0.083986
10003.0,100.0,0.734268
10003.0,101.0,0.402689
10003.0,102.0,0.81148
10003.0,103.0,0.0
10003.0,104.0,0.001293
10003.0,105.0,0.635447
10003.0,106.0,0.779682
10003.0,107.0,0.877342
10003.0,108.0,0.911739
10003.0,109.0,0.992154
10003.0,110.0,0.379035
10003.0,111.0,0.919021
10003.0,112.0,0.135334
10003.0,113.0,0.563337
10003.0,114.0,0.374488
10003.0,115.0,0.129623
10003.0,116.0,0.997624
10003.0,117.0,0.274373
10003.0,118.0,0.812086
10003.0,119.0,0.051984
10003.0,120.0,0.0
10003.0,121.0,0.302234
10003.0,122.0,0.582593
10003.0,123.0,1.0
10003.0,124.0,0.455142
10003.0,125.0,0.489877
10003.0,126.0,0.368613
10003.0,127.0,0.050861
10003.0,128.0,0.017687
10003.0,129.0,0.996135
10003.0,130.0,0.003708
10003.0,131.0,0.999465
10003.0,132.0,0.387338
10003.0,133.0,0.827644
10003.0,134.0,0.474174
10003.0,135.0,0.362083
10003.0,136.0,1.0
10003.0,137.0,0.496834
10003.0,138.0,0.732626
10003.0,139.0,0.416954
10003.0,140.0,0.0
10003.0,141.0,0.650408
10003.0,142.0,1.0
10003.0,143.0,0.150112
10003.0,144.0,0.154916
10003.0,145.0,0.390096
10003.0,146.0,0.557568
10003.0,147.0,1.0
10003.0,148.0,0.3963
10003.0,149.0,0.483834
10003.0,150.0,0.255431
10003.0,151.0,0.541524
10003.0,152.0,0.33762
10003.0,153.0,0.377359
10003.0,154.0,0.607948
10003.0,155.0,0.637092
10003.0,156.0,0.763453
10003.0,157.0,0.0
10003.0,158.0,0.191775
10003.0,159.0,0.133858
10003.0,160.0,0.017008
10003.0,161.0,0.007101
10003.0,162.0,0.751674
10003.0,163.0,0.604033
10003.0,164.0,0.661718
10003.0,165.0,0.453801
10003.0,166.0,0.0
10003.0,167.0,0.477556
10003.0,168.0,0.576293
10003.0,169.0,0.704753
10003.0,170.0,0.672746
10003.0,171.0,0.459442
10003.0,172.0,0.539302
10003.0,173.0,0.678051
10003.0,174.0,0.412364
10003.0,175.0,0.380455
10003.0,176.0,0.159158
10003.0,177.0,0.0
10003.0,178.0,1.0
10003.0,179.0,0.391527
10003.0,180.0,0.337839
10003.0,181.0,0.180771
10003.0,182.0,0.0
10003.0,183.0,0.0
10003.0,184.0,0.491125
10003.0,185.0,0.505804
10003.0,186.0,0.883207
10003.0,187.0,0.518772
10003.0,188.0,0.0
10003.0,189.0,0.920827
10003.0,190.0,1.0
10003.0,191.0,0.678046
10003.0,192.0,0.085725
10003.0,193.0,0.81274
10003.0,194.0,0.0
10003.0,195.0,0.484599
10003.0,196.0,0.514055
10003.0,197.0,0.302896
10003.0,198.0,0.452648
10003.0,199.0,0.034029
10003.0,200.0,0.0
10003.0,201.0,0.756987
10003.0,202.0,1.0
10003.0,203.0,0.60868
10003.0,204.0,0.287118
10003.0,205.0,0.0
10003.0,206.0,0.409873
10003.0,207.0,1.0
10003.0,208.0,0.583069
10003.0,209.0,0.749384
10003.0,210.0,0.331865
10003.0,211.0,0.06862
10003.0,212.0,0.588528
10003.0,213.0,0.0
10003.0,214.0,0.561639
10003.0,215.0,0.678099
10003.0,216.0,1.0
10003.0,217.0,0.703701
10003.0,218.0,0.0
10003.0,219.0,0.286767
10003.0,220.0,0.996124
10003.0,221.0,0.54503
10003.0,222.0,0.0
10003.0,223.0,0.618754
10003.0,224.0,0.371147
10003.0,225.0,0.797312
10003.0,226.0,0.742148
10003.0,227.0,0.840276
10003.0,228.0,0.775794
10003.0,229.0,0.240785
10003.0,230.0,0.408583
10003.0,231.0,0.466392
10003.0,232.0,0.205429
10003.0,233.0,0.774418
10003.0,234.0,0.294626
10003.0,235.0,0.0
10003.0,236.0,0.954764
10003.0,237.0,0.105188
10003.0,238.0,0.596058
10003.0,239.0,1.0
10003.0,240.0,0.157491
10003.0,241.0,0.466573
10003.0,242.0,0.446736
10003.0,243.0,0.0
10003.0,244.0,0.0
10003.0,245.0,1.0
10003.0,246.0,0.60727
10003.0,247.0,0.520138
10003.0,248.0,0.54196
10003.0,249.0,0.463861
10003.0,250.0,0.536219
10003.0,251.0,0.958477
10003.0,252.0,0.398972
10003.0,253.0,0.714828
10003.0,254.0,0.625304
10003.0,255.0,0.418145
10003.0,256.0,1.0
10003.0,257.0,0.869464
10003.0,258.0,0.443804
10003.0,259.0,0.619293
10003.0,260.0,0.946805
10003.0,261.0,0.327491
10003.0,262.0,0.0
10003.0,263.0,0.484249
10003.0,264.0,0.0
10003.0,265.0,0.309779
10003.0,266.0,0.391145
10003.0,267.0,0.789572
10003.0,268.0,0.420377
10003.0,269.0,0.146544
10003.0,270.0,0.950009
10003.0,271.0,0.0
10003.0,272.0,0.120456
10003.0,273.0,0.355957
10003.0,274.0,0.112752
10003.0,275.0,0.679864
10003.0,276.0,0.026897
10003.0,277.0,0.3266
10003.0,278.0,0.481473
10003.0,279.0,0.226102
10003.0,280.0,0.537546
10003.0,281.0,0.845166
10003.0,282.0,1.0
10003.0,283.0,0.430045
10003.0,284.0,0.050603
10003.0,285.0,0.474155
10003.0,286.0,0.831153
10003.0,287.0,0.272266
10003.0,288.0,0.451568
10003.0,289.0,0.398618
10003.0,290.0,0.609388
10003.0,291.0,0.42882
10003.0,292.0,0.686096
10003.0,293.0,1.0
10003.0,294.0,0.270636
10003.0,295.0,0.263933
10003.0,296.0,0.0
10003.0,297.0,0.969648
10003.0,298.0,0.00057
10003.0,299.0,0.0
10003.0,300.0,0.401882
10003.0,301.0,0.74945
10003.0,302.0,5.0e-05
10003.0,303.0,0.986009
10003.0,304.0,0.0
10003.0,305.0,0.874914
10003.0,306.0,0.722738
10003.0,307.0,0.560054
10003.0,308.0,0.542513
10003.0,309.0,0.0
10003.0,310.0,1.0
10003.0,311.0,0.516344
10003.0,312.0,0.0
10003.0,313.0,0.564402
10003.0,314.0,0.401121
10003.0,315.0,0.498902
10003.0,316.0,0.333413
10003.0,317.0,0.987143
10003.0,318.0,0.616097
10003.0,319.0,0.0
10003.0,320.0,0.35979
10003.0,321.0,0.0
10003.0,322.0,0.119338
10003.0,323.0,0.443612
10003.0,324.0,0.548828
10003.0,325.0,0.001293
10003.0,326.0,0.79903
10003.0,327.0,0.152767
10003.0,328.0,0.047653
10003.0,329.0,0.880943
10003.0,330.0,0.011395
10003.0,331.0,0.65514
10003.0,332.0,0.358748
10003.0,333.0,0.0
10003.0,334.0,0.293325
10004.0,0.0,0.0
10004.0,1.0,0.0
10004.0,2.0,0.0
10004.0,3.0,0.450345
10004.0,4.0,0.267199
10004.0,5.0,0.476635
10004.0,6.0,0.803007
10004.0,7.0,0.786443
10004.0,8.0,0.049461
10004.0,9.0,0.774372
10004.0,10.0,1.0
10004.0,11.0,1.0
10004.0,12.0,0.379818
10004.0,13.0,0.37222
10004.0,14.0,0.647538
10004.0,15.0,0.888282
10004.0,16.0,0.607978
10004.0,17.0,0.0
10004.0,18.0,0.635799
10004.0,19.0,0.907382
10004.0,20.0,0.482124
10004.0,21.0,0.0
10004.0,22.0,0.908338
10004.0,23.0,1.0
10004.0,24.0,0.415242
10004.0,25.0,0.511711
10004.0,26.0,0.830132
10004.0,27.0,0.459456
10004.0,28.0,0.708546
10004.0,29.0,1.0
10004.0,30.0,0.245051
10004.0,31.0,0.760989
10004.0,32.0,1.0
10004.0,33.0,1.0
10004.0,34.0,0.027249
10004.0,35.0,0.377019
10004.0,36.0,0.394771
10004.0,37.0,0.540777
10004.0,38.0,0.482564
10004.0,39.0,0.998348
10004.0,40.0,0.655661
10004.0,41.0,0.815466
10004.0,42.0,0.387763
10004.0,43.0,0.917189
10004.0,44.0,0.629673
10004.0,45.0,0.790716
10004.0,46.0,0.476426
10004.0,47.0,1.0
10004.0,48.0,1.0
10004.0,49.0,0.277578
10004.0,50.0,0.0
10004.0,51.0,0.290625
10004.0,52.0,1.0
10004.0,53.0,0.821713
10004.0,54.0,1.0
10004.0,55.0,0.0
10004.0,56.0,0.347274
10004.0,57.0,0.0
10004.0,58.0,0.442137
10004.0,59.0,0.306865
10004.0,60.0,0.842104
10004.0,61.0,0.994376
10004.0,62.0,0.194354
10004.0,63.0,0.785939
10004.0,64.0,0.956862
10004.0,65.0,0.008832
10004.0,66.0,0.0
10004.0,67.0,0.546865
10004.0,68.0,0.0
10004.0,69.0,0.016861
10004.0,70.0,0.266627
10004.0,71.0,0.090075
10004.0,72.0,0.544218
10004.0,73.0,0.475937
10004.0,74.0,0.661266
10004.0,75.0,0.5815
10004.0,76.0,0.93011
10004.0,77.0,0.817924
10004.0,78.0,0.363206
10004.0,79.0,0.0
10004.0,80.0,0.994574
10004.0,81.0,0.310626
10004.0,82.0,0.599004
10004.0,83.0,0.535873
10004.0,84.0,1.0
10004.0,85.0,0.38803
10004.0,86.0,0.743843
10004.0,87.0,1.0
10004.0,88.0,0.0
10004.0,89.0,0.702413
10004.0,90.0,0.750064
10004.0,91.0,0.453384
10004.0,92.0,0.061429
10004.0,93.0,0.443506
10004.0,94.0,0.450671
10004.0,95.0,0.021819
10004.0,96.0,1.0
10004.0,97.0,0.492939
10004.0,98.0,0.0
10004.0,99.0,0.084677
10004.0,100.0,0.735387
10004.0,101.0,0.404998
10004.0,102.0,0.818067
10004.0,103.0,0.0
10004.0,104.0,0.001325
10004.0,105.0,0.638372
10004.0,106.0,0.781953
10004.0,107.0,0.877318
10004.0,108.0,0.914281
10004.0,109.0,0.992367
10004.0,110.0,0.378824
10004.0,111.0,0.919808
10004.0,112.0,0.135484
10004.0,113.0,0.563806
10004.0,114.0,0.379301
10004.0,115.0,0.129975
10004.0,116.0,0.997754
10004.0,117.0,0.275772
10004.0,118.0,0.814994
10004.0,119.0,0.052746
10004.0,120.0,0.0
10004.0,121.0,0.31323
10004.0,122.0,0.584197
10004.0,123.0,1.0
10004.0,124.0,0.461117
10004.0,125.0,0.495924
10004.0,126.0,0.370092
10004.0,127.0,0.052151
10004.0,128.0,0.017987
10004.0,129.0,0.996204
10004.0,130.0,0.003655
10004.0,131.0,0.999474
10004.0,132.0,0.393528
10004.0,133.0,0.829801
10004.0,134.0,0.461033
10004.0,135.0,0.370743
10004.0,136.0,1.0
10004.0,137.0,0.499506
10004.0,138.0,0.739034
10004.0,139.0,0.420965
10004.0,140.0,0.0
10004.0,141.0,0.651982
10004.0,142.0,1.0
10004.0,143.0,0.152402
10004.0,144.0,0.155211
10004.0,145.0,0.394244
10004.0,146.0,0.559217
10004.0,147.0,1.0
10004.0,148.0,0.398593
10004.0,149.0,0.492754
10004.0,150.0,0.258191
10004.0,151.0,0.544555
10004.0,152.0,0.339289
10004.0,153.0,0.386752
10004.0,154.0,0.608512
10004.0,155.0,0.642223
10004.0,156.0,0.763281
10004.0,157.0,0.0
10004.0,158.0,0.197203
10004.0,159.0,0.137812
10004.0,160.0,0.017722
10004.0,161.0,0.007077
10004.0,162.0,0.752425
10004.0,163.0,0.605923
10004.0,164.0,0.664417
10004.0,165.0,0.460983
10004.0,166.0,0.0
10004.0,167.0,0.479064
10004.0,168.0,0.576823
10004.0,169.0,0.732953
10004.0,170.0,0.676609
10004.0,171.0,0.460187
10004.0,172.0,0.541407
10004.0,173.0,0.681063
10004.0,174.0,0.41314
10004.0,175.0,0.381835
10004.0,176.0,0.160467
10004.0,177.0,0.0
10004.0,178.0,1.0
10004.0,179.0,0.398999
10004.0,180.0,0.34326
10004.0,181.0,0.182695
10004.0,182.0,0.0
10004.0,183.0,0.0
10004.0,184.0,0.495677
10004.0,185.0,0.506671
10004.0,186.0,0.886739
10004.0,187.0,0.518446
10004.0,188.0,0.0
10004.0,189.0,0.920824
10004.0,190.0,1.0
10004.0,191.0,0.678828
10004.0,192.0,0.086086
10004.0,193.0,0.812943
10004.0,194.0,0.0
10004.0,195.0,0.491626
10004.0,196.0,0.510002
10004.0,197.0,0.307127
10004.0,198.0,0.456084
10004.0,199.0,0.03396
10004.0,200.0,0.0
10004.0,201.0,0.757846
10004.0,202.0,1.0
10004.0,203.0,0.626118
10004.0,204.0,0.289518
10004.0,205.0,0.0
10004.0,206.0,0.429813
10004.0,207.0,1.0
10004.0,208.0,0.58596
10004.0,209.0,0.749434
10004.0,210.0,0.340445
10004.0,211.0,0.066521
10004.0,212.0,0.595233
10004.0,213.0,0.0
10004.0,214.0,0.568219
10004.0,215.0,0.684093
10004.0,216.0,1.0
10004.0,217.0,0.706806
10004.0,218.0,0.0
10004.0,219.0,0.288166
10004.0,220.0,0.996104
10004.0,221.0,0.555619
10004.0,222.0,0.0
10004.0,223.0,0.620755
10004.0,224.0,0.374171
10004.0,225.0,0.799848
10004.0,226.0,0.747388
10004.0,227.0,0.842466
10004.0,228.0,0.777834
10004.0,229.0,0.242956
10004.0,230.0,0.409513
10004.0,231.0,0.518436
10004.0,232.0,0.205532
10004.0,233.0,0.777707
10004.0,234.0,0.300491
10004.0,235.0,0.0
10004.0,236.0,0.955196
10004.0,237.0,0.105486
10004.0,238.0,0.607214
10004.0,239.0,1.0
10004.0,240.0,0.159658
10004.0,241.0,0.469252
10004.0,242.0,0.448761
10004.0,243.0,0.0
10004.0,244.0,0.0
10004.0,245.0,1.0
10004.0,246.0,0.60794
10004.0,247.0,0.521169
10004.0,248.0,0.545445
10004.0,249.0,0.467859
10004.0,250.0,0.542889
10004.0,251.0,0.958923
10004.0,252.0,0.399634
10004.0,253.0,0.7174
10004.0,254.0,0.630321
10004.0,255.0,0.419937
10004.0,256.0,1.0
10004.0,257.0,0.870833
10004.0,258.0,0.445189
10004.0,259.0,0.6206
10004.0,260.0,0.948046
10004.0,261.0,0.334373
10004.0,262.0,0.0
10004.0,263.0,0.48577
10004.0,264.0,0.0
10004.0,265.0,0.309783
10004.0,266.0,0.394282
10004.0,267.0,0.791091
10004.0,268.0,0.425408
10004.0,269.0,0.148879
10004.0,270.0,0.950044
10004.0,271.0,0.0
10004.0,272.0,0.123316
10004.0,273.0,0.358575
10004.0,274.0,0.112875
10004.0,275.0,0.682131
10004.0,276.0,0.026936
10004.0,277.0,0.329307
10004.0,278.0,0.483618
10004.0,279.0,0.229105
10004.0,280.0,0.537772
10004.0,281.0,0.848263
10004.0,282.0,1.0
10004.0,283.0,0.43081
10004.0,284.0,0.050686
10004.0,285.0,0.481246
10004.0,286.0,0.835818
10004.0,287.0,0.273863
10004.0,288.0,0.457159
10004.0,289.0,0.404655
10004.0,290.0,0.610386
10004.0,291.0,0.431438
10004.0,292.0,0.688547
10004.0,293.0,1.0
10004.0,294.0,0.2716
10004.0,295.0,0.26668
10004.0,296.0,0.0
10004.0,297.0,0.969548
10004.0,298.0,0.000578
10004.0,299.0,0.0
10004.0,300.0,0.406518
10004.0,301.0,0.748983
10004.0,302.0,4.8e-05
10004.0,303.0,0.985979
10004.0,304.0,0.0
10004.0,305.0,0.875158
10004.0,306.0,0.724986
10004.0,307.0,0.561443
10004.0,308.0,0.547099
10004.0,309.0,0.0
10004.0,310.0,1.0
10004.0,311.0,0.516617
10004.0,312.0,0.0
10004.0,313.0,0.566316
10004.0,314.0,0.40217
10004.0,315.0,0.501952
10004.0,316.0,0.334361
10004.0,317.0,0.987356
10004.0,318.0,0.617886
10004.0,319.0,0.0
10004.0,320.0,0.367691
10004.0,321.0,0.0
10004.0,322.0,0.120762
10004.0,323.0,0.475089
10004.0,324.0,0.54962
10004.0,325.0,0.001461
10004.0,326.0,0.79995
10004.0,327.0,0.15368
10004.0,328.0,0.048148
10004.0,329.0,0.889182
10004.0,330.0,0.01164
10004.0,331.0,0.655426
10004.0,332.0,0.362931
10004.0,333.0,0.0
10004.0,334.0,0.297701
10005.0,0.0,0.0
10005.0,1.0,0.0
10005.0,2.0,0.0
10005.0,3.0,0.454673
10005.0,4.0,0.26792
10005.0,5.0,0.486302
10005.0,6.0,0.804733
10005.0,7.0,0.788146
10005.0,8.0,0.04964
10005.0,9.0,0.775644
10005.0,10.0,1.0
10005.0,11.0,1.0
10005.0,12.0,0.387308
10005.0,13.0,0.37432
10005.0,14.0,0.658911
10005.0,15.0,0.888935
10005.0,16.0,0.609108
10005.0,17.0,0.0
10005.0,18.0,0.642036
10005.0,19.0,0.908047
10005.0,20.0,0.486312
10005.0,21.0,0.0
10005.0,22.0,0.910074
10005.0,23.0,1.0
10005.0,24.0,0.417484
10005.0,25.0,0.519211
10005.0,26.0,0.837186
10005.0,27.0,0.464823
10005.0,28.0,0.712112
10005.0,29.0,1.0
10005.0,30.0,0.254167
10005.0,31.0,0.761899
10005.0,32.0,1.0
10005.0,33.0,1.0
10005.0,34.0,0.029325
10005.0,35.0,0.376504
10005.0,36.0,0.396884
10005.0,37.0,0.541143
10005.0,38.0,0.487288
10005.0,39.0,0.998505
10005.0,40.0,0.659552
10005.0,41.0,0.81817
10005.0,42.0,0.393062
10005.0,43.0,0.92304
10005.0,44.0,0.633936
10005.0,45.0,0.797108
10005.0,46.0,0.476307
10005.0,47.0,1.0
10005.0,48.0,1.0
10005.0,49.0,0.280315
10005.0,50.0,0.0
10005.0,51.0,0.293148
10005.0,52.0,1.0
10005.0,53.0,0.825144
10005.0,54.0,1.0
10005.0,55.0,0.0
10005.0,56.0,0.346995
10005.0,57.0,0.0
10005.0,58.0,0.444856
10005.0,59.0,0.312761
10005.0,60.0,0.842423
10005.0,61.0,0.994352
10005.0,62.0,0.199533
10005.0,63.0,0.786351
10005.0,64.0,0.957643
10005.0,65.0,0.00854
10005.0,66.0,0.0
10005.0,67.0,0.550147
10005.0,68.0,0.0
10005.0,69.0,0.016925
10005.0,70.0,0.268007
10005.0,71.0,0.091764
10005.0,72.0,0.54925
10005.0,73.0,0.477097
10005.0,74.0,0.663382
10005.0,75.0,0.588553
10005.0,76.0,0.931142
10005.0,77.0,0.818994
10005.0,78.0,0.372034
10005.0,79.0,0.0
10005.0,80.0,0.99465
10005.0,81.0,0.312597
10005.0,82.0,0.60247
10005.0,83.0,0.537974
10005.0,84.0,1.0
10005.0,85.0,0.388002
10005.0,86.0,0.747462
10005.0,87.0,1.0
10005.0,88.0,0.0
10005.0,89.0,0.704281
10005.0,90.0,0.749337
10005.0,91.0,0.452709
10005.0,92.0,0.062663
10005.0,93.0,0.44524
10005.0,94.0,0.455049
10005.0,95.0,0.021844
10005.0,96.0,1.0
10005.0,97.0,0.532626
10005.0,98.0,0.0
10005.0,99.0,0.085534
10005.0,100.0,0.736511
10005.0,101.0,0.407267
10005.0,102.0,0.824324
10005.0,103.0,0.0
10005.0,104.0,0.001337
10005.0,105.0,0.639818
10005.0,106.0,0.784009
10005.0,107.0,0.877689
10005.0,108.0,0.916818
10005.0,109.0,0.992607
10005.0,110.0,0.380105
10005.0,111.0,0.920775
10005.0,112.0,0.135269
10005.0,113.0,0.565224
10005.0,114.0,0.383283
10005.0,115.0,0.130394
10005.0,116.0,0.997816
10005.0,117.0,0.277891
10005.0,118.0,0.817575
10005.0,119.0,0.053039
10005.0,120.0,0.0
10005.0,121.0,0.323433
10005.0,122.0,0.586171
10005.0,123.0,1.0
10005.0,124.0,0.466297
10005.0,125.0,0.501877
10005.0,126.0,0.372969
10005.0,127.0,0.052982
10005.0,128.0,0.018297
10005.0,129.0,0.996295
10005.0,130.0,0.0037
10005.0,131.0,0.999459
10005.0,132.0,0.400508
10005.0,133.0,0.832058
10005.0,134.0,0.448168
10005.0,135.0,0.379725
10005.0,136.0,1.0
10005.0,137.0,0.502222
10005.0,138.0,0.744689
10005.0,139.0,0.425636
10005.0,140.0,0.0
10005.0,141.0,0.652914
10005.0,142.0,1.0
10005.0,143.0,0.155715
10005.0,144.0,0.156416
10005.0,145.0,0.398092
10005.0,146.0,0.561327
10005.0,147.0,1.0
10005.0,148.0,0.401535
10005.0,149.0,0.501222
10005.0,150.0,0.259165
10005.0,151.0,0.547479
10005.0,152.0,0.339938
10005.0,153.0,0.396076
10005.0,154.0,0.610201
10005.0,155.0,0.648599
10005.0,156.0,0.764276
10005.0,157.0,0.0
10005.0,158.0,0.202883
10005.0,159.0,0.141466
10005.0,160.0,0.018383
10005.0,161.0,0.007125
10005.0,162.0,0.753447
10005.0,163.0,0.607668
10005.0,164.0,0.667561
10005.0,165.0,0.466897
10005.0,166.0,0.0
10005.0,167.0,0.480275
10005.0,168.0,0.576479
10005.0,169.0,0.758708
10005.0,170.0,0.680532
10005.0,171.0,0.460688
10005.0,172.0,0.543386
10005.0,173.0,0.683824
10005.0,174.0,0.413913
10005.0,175.0,0.382887
10005.0,176.0,0.161795
10005.0,177.0,0.0
10005.0,178.0,1.0
10005.0,179.0,0.407154
10005.0,180.0,0.347795
10005.0,181.0,0.182999
10005.0,182.0,0.0
10005.0,183.0,0.0
10005.0,184.0,0.50004
10005.0,185.0,0.507821
10005.0,186.0,0.889895
10005.0,187.0,0.51923
10005.0,188.0,0.0
10005.0,189.0,0.921005
10005.0,190.0,1.0
10005.0,191.0,0.679192
10005.0,192.0,0.086274
10005.0,193.0,0.812804
10005.0,194.0,0.0
10005.0,195.0,0.497043
10005.0,196.0,0.506212
10005.0,197.0,0.310769
10005.0,198.0,0.460455
10005.0,199.0,0.034214
10005.0,200.0,0.0
10005.0,201.0,0.758989
10005.0,202.0,1.0
10005.0,203.0,0.643303
10005.0,204.0,0.29166
10005.0,205.0,0.0
10005.0,206.0,0.449402
10005.0,207.0,1.0
10005.0,208.0,0.588087
10005.0,209.0,0.748907
10005.0,210.0,0.349355
10005.0,211.0,0.064608
10005.0,212.0,0.602467
10005.0,213.0,0.0
10005.0,214.0,0.57422
10005.0,215.0,0.689093
10005.0,216.0,1.0
10005.0,217.0,0.711142
10005.0,218.0,0.0
10005.0,219.0,0.288681
10005.0,220.0,0.996165
10005.0,221.0,0.566086
10005.0,222.0,0.0
10005.0,223.0,0.62283
10005.0,224.0,0.378211
10005.0,225.0,0.80207
10005.0,226.0,0.7517
10005.0,227.0,0.844294
10005.0,228.0,0.780457
10005.0,229.0,0.245293
10005.0,230.0,0.410504
10005.0,231.0,0.566139
10005.0,232.0,0.205453
10005.0,233.0,0.781013
10005.0,234.0,0.305702
10005.0,235.0,0.0
10005.0,236.0,0.955749
10005.0,237.0,0.106033
10005.0,238.0,0.618144
10005.0,239.0,1.0
10005.0,240.0,0.160719
10005.0,241.0,0.473152
10005.0,242.0,0.451053
10005.0,243.0,0.0
10005.0,244.0,0.0
10005.0,245.0,1.0
10005.0,246.0,0.608592
10005.0,247.0,0.521886
10005.0,248.0,0.549135
10005.0,249.0,0.47218
10005.0,250.0,0.548495
10005.0,251.0,0.95942
10005.0,252.0,0.400426
10005.0,253.0,0.720161
10005.0,254.0,0.635246
10005.0,255.0,0.422021
10005.0,256.0,1.0
10005.0,257.0,0.87258
10005.0,258.0,0.446278
10005.0,259.0,0.621792
10005.0,260.0,0.948917
10005.0,261.0,0.340802
10005.0,262.0,0.0
10005.0,263.0,0.487775
10005.0,264.0,0.0
10005.0,265.0,0.311195
10005.0,266.0,0.398177
10005.0,267.0,0.792942
10005.0,268.0,0.431908
10005.0,269.0,0.151243
10005.0,270.0,0.950158
10005.0,271.0,0.0
10005.0,272.0,0.124388
10005.0,273.0,0.361708
10005.0,274.0,0.113044
10005.0,275.0,0.683271
10005.0,276.0,0.02735
10005.0,277.0,0.332826
10005.0,278.0,0.485271
10005.0,279.0,0.231035
10005.0,280.0,0.539355
10005.0,281.0,0.850814
10005.0,282.0,1.0
10005.0,283.0,0.430962
10005.0,284.0,0.050847
10005.0,285.0,0.487645
10005.0,286.0,0.839648
10005.0,287.0,0.274664
10005.0,288.0,0.46358
10005.0,289.0,0.411198
10005.0,290.0,0.611267
10005.0,291.0,0.43406
10005.0,292.0,0.690768
10005.0,293.0,1.0
10005.0,294.0,0.271604
10005.0,295.0,0.270482
10005.0,296.0,0.0
10005.0,297.0,0.969715
10005.0,298.0,0.000617
10005.0,299.0,0.0
10005.0,300.0,0.410839
10005.0,301.0,0.749539
10005.0,302.0,4.2e-05
10005.0,303.0,0.985865
10005.0,304.0,0.0
10005.0,305.0,0.876435
10005.0,306.0,0.727528
10005.0,307.0,0.562134
10005.0,308.0,0.551109
10005.0,309.0,0.0
10005.0,310.0,1.0
10005.0,311.0,0.516025
10005.0,312.0,0.0
10005.0,313.0,0.567677
10005.0,314.0,0.403969
10005.0,315.0,0.504203
10005.0,316.0,0.335319
10005.0,317.0,0.987474
10005.0,318.0,0.619059
10005.0,319.0,0.0
10005.0,320.0,0.376575
10005.0,321.0,0.0
10005.0,322.0,0.122317
10005.0,323.0,0.504743
10005.0,324.0,0.550403
10005.0,325.0,0.001611
10005.0,326.0,0.801683
10005.0,327.0,0.154892
10005.0,328.0,0.047969
10005.0,329.0,0.897024
10005.0,330.0,0.012116
10005.0,331.0,0.655936
10005.0,332.0,0.366496
10005.0,333.0,0.0
10005.0,334.0,0.301559
10006.0,0.0,0.0
10006.0,1.0,0.0
10006.0,2.0,0.0
10006.0,3.0,0.451015
10006.0,4.0,0.265546
10006.0,5.0,0.476908
10006.0,6.0,0.802454
10006.0,7.0,0.786536
10006.0,8.0,0.049196
10006.0,9.0,0.773619
10006.0,10.0,1.0
10006.0,11.0,1.0
10006.0,12.0,0.380363
10006.0,13.0,0.371194
10006.0,14.0,0.645325
10006.0,15.0,0.887854
10006.0,16.0,0.607755
10006.0,17.0,0.0
10006.0,18.0,0.635115
10006.0,19.0,0.908013
10006.0,20.0,0.482007
10006.0,21.0,0.0
10006.0,22.0,0.908565
10006.0,23.0,1.0
10006.0,24.0,0.415879
10006.0,25.0,0.511603
10006.0,26.0,0.829546
10006.0,27.0,0.459558
10006.0,28.0,0.708553
10006.0,29.0,1.0
10006.0,30.0,0.244242
10006.0,31.0,0.761494
10006.0,32.0,1.0
10006.0,33.0,1.0
10006.0,34.0,0.02729
10006.0,35.0,0.376638
10006.0,36.0,0.395145
10006.0,37.0,0.54086
10006.0,38.0,0.482199
10006.0,39.0,0.99846
10006.0,40.0,0.656189
10006.0,41.0,0.81597
10006.0,42.0,0.387697
10006.0,43.0,0.916732
10006.0,44.0,0.628713
10006.0,45.0,0.789989
10006.0,46.0,0.476372
10006.0,47.0,1.0
10006.0,48.0,1.0
10006.0,49.0,0.277788
10006.0,50.0,0.0
10006.0,51.0,0.289291
10006.0,52.0,1.0
10006.0,53.0,0.820902
10006.0,54.0,1.0
10006.0,55.0,0.0
10006.0,56.0,0.346881
10006.0,57.0,0.0
10006.0,58.0,0.442754
10006.0,59.0,0.306922
10006.0,60.0,0.842574
10006.0,61.0,0.99444
10006.0,62.0,0.194285
10006.0,63.0,0.785025
10006.0,64.0,0.956813
10006.0,65.0,0.008784
10006.0,66.0,0.0
10006.0,67.0,0.545934
10006.0,68.0,0.0
10006.0,69.0,0.016936
10006.0,70.0,0.266338
10006.0,71.0,0.089793
10006.0,72.0,0.544205
10006.0,73.0,0.476243
10006.0,74.0,0.662665
10006.0,75.0,0.581139
10006.0,76.0,0.930135
10006.0,77.0,0.818174
10006.0,78.0,0.362569
10006.0,79.0,0.0
10006.0,80.0,0.994557
10006.0,81.0,0.310054
10006.0,82.0,0.59898
10006.0,83.0,0.535075
10006.0,84.0,1.0
10006.0,85.0,0.387236
10006.0,86.0,0.743841
10006.0,87.0,1.0
10006.0,88.0,0.0
10006.0,89.0,0.702378
10006.0,90.0,0.748628
10006.0,91.0,0.453669
10006.0,92.0,0.061822
10006.0,93.0,0.444119
10006.0,94.0,0.450752
10006.0,95.0,0.021836
10006.0,96.0,1.0
10006.0,97.0,0.483972
10006.0,98.0,0.0
10006.0,99.0,0.084932
10006.0,100.0,0.735268
10006.0,101.0,0.405083
10006.0,102.0,0.817356
10006.0,103.0,0.0
10006.0,104.0,0.001302
10006.0,105.0,0.638935
10006.0,106.0,0.782298
10006.0,107.0,0.877504
10006.0,108.0,0.914438
10006.0,109.0,0.992241
10006.0,110.0,0.379289
10006.0,111.0,0.920139
10006.0,112.0,0.135296
10006.0,113.0,0.564506
10006.0,114.0,0.378736
10006.0,115.0,0.130303
10006.0,116.0,0.997789
10006.0,117.0,0.276473
10006.0,118.0,0.815745
10006.0,119.0,0.052516
10006.0,120.0,0.0
10006.0,121.0,0.310862
10006.0,122.0,0.584055
10006.0,123.0,1.0
10006.0,124.0,0.461324
10006.0,125.0,0.495735
10006.0,126.0,0.370881
10006.0,127.0,0.051839
10006.0,128.0,0.018247
10006.0,129.0,0.996305
10006.0,130.0,0.003634
10006.0,131.0,0.999487
10006.0,132.0,0.39375
10006.0,133.0,0.830708
10006.0,134.0,0.461892
10006.0,135.0,0.369697
10006.0,136.0,1.0
10006.0,137.0,0.499102
10006.0,138.0,0.739178
10006.0,139.0,0.421191
10006.0,140.0,0.0
10006.0,141.0,0.650661
10006.0,142.0,1.0
10006.0,143.0,0.1532
10006.0,144.0,0.155228
10006.0,145.0,0.393907
10006.0,146.0,0.558402
10006.0,147.0,1.0
10006.0,148.0,0.39766
10006.0,149.0,0.492783
10006.0,150.0,0.257321
10006.0,151.0,0.544547
10006.0,152.0,0.338314
10006.0,153.0,0.386728
10006.0,154.0,0.60945
10006.0,155.0,0.642483
10006.0,156.0,0.763103
10006.0,157.0,0.0
10006.0,158.0,0.196584
10006.0,159.0,0.137994
10006.0,160.0,0.017769
10006.0,161.0,0.007072
10006.0,162.0,0.75252
10006.0,163.0,0.605007
10006.0,164.0,0.664019
10006.0,165.0,0.460166
10006.0,166.0,0.0
10006.0,167.0,0.478612
10006.0,168.0,0.575813
10006.0,169.0,0.730284
10006.0,170.0,0.676648
10006.0,171.0,0.45954
10006.0,172.0,0.540555
10006.0,173.0,0.680481
10006.0,174.0,0.412372
10006.0,175.0,0.381728
10006.0,176.0,0.160606
10006.0,177.0,0.0
10006.0,178.0,1.0
10006.0,179.0,0.398155
10006.0,180.0,0.343003
10006.0,181.0,0.182618
10006.0,182.0,0.0
10006.0,183.0,0.0
10006.0,184.0,0.496497
10006.0,185.0,0.506799
10006.0,186.0,0.887001
10006.0,187.0,0.518037
10006.0,188.0,0.0
10006.0,189.0,0.920688
10006.0,190.0,1.0
10006.0,191.0,0.67881
10006.0,192.0,0.086399
10006.0,193.0,0.8128
10006.0,194.0,0.0
10006.0,195.0,0.490143
10006.0,196.0,0.510745
10006.0,197.0,0.307121
10006.0,198.0,0.456068
10006.0,199.0,0.034226
10006.0,200.0,0.0
10006.0,201.0,0.757445
10006.0,202.0,1.0
10006.0,203.0,0.625325
10006.0,204.0,0.289249
10006.0,205.0,0.0
10006.0,206.0,0.428666
10006.0,207.0,1.0
10006.0,208.0,0.585042
10006.0,209.0,0.748233
10006.0,210.0,0.33816
10006.0,211.0,0.066588
10006.0,212.0,0.595144
10006.0,213.0,0.0
10006.0,214.0,0.567499
10006.0,215.0,0.683949
10006.0,216.0,1.0
10006.0,217.0,0.706144
10006.0,218.0,0.0
10006.0,219.0,0.288182
10006.0,220.0,0.996066
10006.0,221.0,0.554256
10006.0,222.0,0.0
10006.0,223.0,0.620698
10006.0,224.0,0.375628
10006.0,225.0,0.799663
10006.0,226.0,0.746901
10006.0,227.0,0.841809
10006.0,228.0,0.776527
10006.0,229.0,0.242625
10006.0,230.0,0.408156
10006.0,231.0,0.505937
10006.0,232.0,0.205627
10006.0,233.0,0.777838
10006.0,234.0,0.300928
10006.0,235.0,0.0
10006.0,236.0,0.955169
10006.0,237.0,0.105677
10006.0,238.0,0.605338
10006.0,239.0,1.0
10006.0,240.0,0.159861
10006.0,241.0,0.469496
10006.0,242.0,0.448238
10006.0,243.0,0.0
10006.0,244.0,0.0
10006.0,245.0,1.0
10006.0,246.0,0.607686
10006.0,247.0,0.521395
10006.0,248.0,0.546218
10006.0,249.0,0.46825
10006.0,250.0,0.541275
10006.0,251.0,0.959391
10006.0,252.0,0.398826
10006.0,253.0,0.718025
10006.0,254.0,0.630209
10006.0,255.0,0.42001
10006.0,256.0,1.0
10006.0,257.0,0.871305
10006.0,258.0,0.446345
10006.0,259.0,0.619684
10006.0,260.0,0.947912
10006.0,261.0,0.333464
10006.0,262.0,0.0
10006.0,263.0,0.487283
10006.0,264.0,0.0
10006.0,265.0,0.310434
10006.0,266.0,0.394562
10006.0,267.0,0.79096
10006.0,268.0,0.426506
10006.0,269.0,0.14903
10006.0,270.0,0.950199
10006.0,271.0,0.0
10006.0,272.0,0.122612
10006.0,273.0,0.358128
10006.0,274.0,0.112562
10006.0,275.0,0.681662
10006.0,276.0,0.026757
10006.0,277.0,0.330476
10006.0,278.0,0.483371
10006.0,279.0,0.227489
10006.0,280.0,0.537837
10006.0,281.0,0.848309
10006.0,282.0,1.0
10006.0,283.0,0.429996
10006.0,284.0,0.050801
10006.0,285.0,0.480656
10006.0,286.0,0.835355
10006.0,287.0,0.273448
10006.0,288.0,0.456649
10006.0,289.0,0.403917
10006.0,290.0,0.611183
10006.0,291.0,0.431393
10006.0,292.0,0.688859
10006.0,293.0,1.0
10006.0,294.0,0.271191
10006.0,295.0,0.266944
10006.0,296.0,0.0
10006.0,297.0,0.96957
10006.0,298.0,0.0006
10006.0,299.0,0.0
10006.0,300.0,0.406912
10006.0,301.0,0.747414
10006.0,302.0,4.6e-05
10006.0,303.0,0.985921
10006.0,304.0,0.0
10006.0,305.0,0.876016
10006.0,306.0,0.726473
10006.0,307.0,0.56144
10006.0,308.0,0.54659
10006.0,309.0,0.0
10006.0,310.0,1.0
10006.0,311.0,0.515942
10006.0,312.0,0.0
10006.0,313.0,0.566337
10006.0,314.0,0.401847
10006.0,315.0,0.50111
10006.0,316.0,0.333625
10006.0,317.0,0.987212
10006.0,318.0,0.616603
10006.0,319.0,0.0
10006.0,320.0,0.368036
10006.0,321.0,0.0
10006.0,322.0,0.120858
10006.0,323.0,0.469727
10006.0,324.0,0.549261
10006.0,325.0,0.001508
10006.0,326.0,0.800759
10006.0,327.0,0.154609
10006.0,328.0,0.048366
10006.0,329.0,0.888688
10006.0,330.0,0.011788
10006.0,331.0,0.654323
10006.0,332.0,0.361578
10006.0,333.0,0.0
10006.0,334.0,0.29672
10007.0,0.0,0.0
10007.0,1.0,0.0
10007.0,2.0,0.0
10007.0,3.0,0.446239
10007.0,4.0,0.26339
10007.0,5.0,0.467977
10007.0,6.0,0.8005
10007.0,7.0,0.786201
10007.0,8.0,0.049079
10007.0,9.0,0.771524
10007.0,10.0,1.0
10007.0,11.0,1.0
10007.0,12.0,0.372915
10007.0,13.0,0.367697
10007.0,14.0,0.633021
10007.0,15.0,0.886708
10007.0,16.0,0.605741
10007.0,17.0,0.0
10007.0,18.0,0.628352
10007.0,19.0,0.907845
10007.0,20.0,0.476636
10007.0,21.0,0.0
10007.0,22.0,0.907369
10007.0,23.0,1.0
10007.0,24.0,0.4144
10007.0,25.0,0.503853
10007.0,26.0,0.822362
10007.0,27.0,0.454513
10007.0,28.0,0.70569
10007.0,29.0,1.0
10007.0,30.0,0.23558
10007.0,31.0,0.76009
10007.0,32.0,1.0
10007.0,33.0,1.0
10007.0,34.0,0.025496
10007.0,35.0,0.376883
10007.0,36.0,0.392769
10007.0,37.0,0.540262
10007.0,38.0,0.476979
10007.0,39.0,0.998294
10007.0,40.0,0.651924
10007.0,41.0,0.813206
10007.0,42.0,0.380661
10007.0,43.0,0.910902
10007.0,44.0,0.624
10007.0,45.0,0.782577
10007.0,46.0,0.47624
10007.0,47.0,1.0
10007.0,48.0,1.0
10007.0,49.0,0.275559
10007.0,50.0,0.0
10007.0,51.0,0.28551
10007.0,52.0,1.0
10007.0,53.0,0.81618
10007.0,54.0,1.0
10007.0,55.0,0.0
10007.0,56.0,0.346206
10007.0,57.0,0.0
10007.0,58.0,0.441031
10007.0,59.0,0.301175
10007.0,60.0,0.842259
10007.0,61.0,0.994278
10007.0,62.0,0.189359
10007.0,63.0,0.784879
10007.0,64.0,0.955965
10007.0,65.0,0.008721
10007.0,66.0,0.0
10007.0,67.0,0.541837
10007.0,68.0,0.0
10007.0,69.0,0.016929
10007.0,70.0,0.264411
10007.0,71.0,0.087373
10007.0,72.0,0.539942
10007.0,73.0,0.474862
10007.0,74.0,0.660482
10007.0,75.0,0.57364
10007.0,76.0,0.929028
10007.0,77.0,0.816956
10007.0,78.0,0.354159
10007.0,79.0,0.0
10007.0,80.0,0.994526
10007.0,81.0,0.30722
10007.0,82.0,0.596903
10007.0,83.0,0.532363
10007.0,84.0,1.0
10007.0,85.0,0.386724
10007.0,86.0,0.741192
10007.0,87.0,1.0
10007.0,88.0,0.0
10007.0,89.0,0.700314
10007.0,90.0,0.74893
10007.0,91.0,0.454451
10007.0,92.0,0.060682
10007.0,93.0,0.443308
10007.0,94.0,0.445859
10007.0,95.0,0.021777
10007.0,96.0,1.0
10007.0,97.0,0.438954
10007.0,98.0,0.0
10007.0,99.0,0.084348
10007.0,100.0,0.734147
10007.0,101.0,0.40333
10007.0,102.0,0.810651
10007.0,103.0,0.0
10007.0,104.0,0.00133
10007.0,105.0,0.637214
10007.0,106.0,0.779999
10007.0,107.0,0.877036
10007.0,108.0,0.911869
10007.0,109.0,0.9919
10007.0,110.0,0.377987
10007.0,111.0,0.919386
10007.0,112.0,0.13506
10007.0,113.0,0.564627
10007.0,114.0,0.374382
10007.0,115.0,0.130138
10007.0,116.0,0.997753
10007.0,117.0,0.274708
10007.0,118.0,0.812919
10007.0,119.0,0.052006
10007.0,120.0,0.0
10007.0,121.0,0.299383
10007.0,122.0,0.58163
10007.0,123.0,1.0
10007.0,124.0,0.45547
10007.0,125.0,0.489905
10007.0,126.0,0.368885
10007.0,127.0,0.051128
10007.0,128.0,0.018023
10007.0,129.0,0.996268
10007.0,130.0,0.003552
10007.0,131.0,0.999499
10007.0,132.0,0.387493
10007.0,133.0,0.828873
10007.0,134.0,0.476135
10007.0,135.0,0.361105
10007.0,136.0,1.0
10007.0,137.0,0.496464
10007.0,138.0,0.733087
10007.0,139.0,0.417521
10007.0,140.0,0.0
10007.0,141.0,0.64888
10007.0,142.0,1.0
10007.0,143.0,0.150777
10007.0,144.0,0.154189
10007.0,145.0,0.389811
10007.0,146.0,0.556096
10007.0,147.0,1.0
10007.0,148.0,0.395155
10007.0,149.0,0.483443
10007.0,150.0,0.255426
10007.0,151.0,0.541642
10007.0,152.0,0.336949
10007.0,153.0,0.377316
10007.0,154.0,0.607709
10007.0,155.0,0.635844
10007.0,156.0,0.762567
10007.0,157.0,0.0
10007.0,158.0,0.19091
10007.0,159.0,0.134201
10007.0,160.0,0.017464
10007.0,161.0,0.006962
10007.0,162.0,0.752799
10007.0,163.0,0.603018
10007.0,164.0,0.661801
10007.0,165.0,0.453262
10007.0,166.0,0.0
10007.0,167.0,0.476525
10007.0,168.0,0.575634
10007.0,169.0,0.702323
10007.0,170.0,0.672865
10007.0,171.0,0.458718
10007.0,172.0,0.538496
10007.0,173.0,0.677916
10007.0,174.0,0.410402
10007.0,175.0,0.379845
10007.0,176.0,0.159939
10007.0,177.0,0.0
10007.0,178.0,1.0
10007.0,179.0,0.389728
10007.0,180.0,0.338933
10007.0,181.0,0.181442
10007.0,182.0,0.0
10007.0,183.0,0.0
10007.0,184.0,0.492445
10007.0,185.0,0.505573
10007.0,186.0,0.883613
10007.0,187.0,0.517942
10007.0,188.0,0.0
10007.0,189.0,0.920254
10007.0,190.0,1.0
10007.0,191.0,0.677957
10007.0,192.0,0.086468
10007.0,193.0,0.812745
10007.0,194.0,0.0
10007.0,195.0,0.483618
10007.0,196.0,0.514781
10007.0,197.0,0.304025
10007.0,198.0,0.451103
10007.0,199.0,0.033745
10007.0,200.0,0.0
10007.0,201.0,0.756026
10007.0,202.0,1.0
10007.0,203.0,0.607803
10007.0,204.0,0.285579
10007.0,205.0,0.0
10007.0,206.0,0.407686
10007.0,207.0,1.0
10007.0,208.0,0.582153
10007.0,209.0,0.748129
10007.0,210.0,0.32862
10007.0,211.0,0.068506
10007.0,212.0,0.588076
10007.0,213.0,0.0
10007.0,214.0,0.559817
10007.0,215.0,0.678727
10007.0,216.0,1.0
10007.0,217.0,0.701608
10007.0,218.0,0.0
10007.0,219.0,0.28707
10007.0,220.0,0.996021
10007.0,221.0,0.542207
10007.0,222.0,0.0
10007.0,223.0,0.619581
10007.0,224.0,0.372567
10007.0,225.0,0.797498
10007.0,226.0,0.741838
10007.0,227.0,0.838992
10007.0,228.0,0.773926
10007.0,229.0,0.240252
10007.0,230.0,0.406602
10007.0,231.0,0.446206
10007.0,232.0,0.206269
10007.0,233.0,0.774317
10007.0,234.0,0.29545
10007.0,235.0,0.0
10007.0,236.0,0.955111
10007.0,237.0,0.105189
10007.0,238.0,0.593238
10007.0,239.0,1.0
10007.0,240.0,0.158028
10007.0,241.0,0.465817
10007.0,242.0,0.445209
10007.0,243.0,0.0
10007.0,244.0,0.0
10007.0,245.0,1.0
10007.0,246.0,0.606043
10007.0,247.0,0.520637
10007.0,248.0,0.543665
10007.0,249.0,0.464499
10007.0,250.0,0.535285
10007.0,251.0,0.959459
10007.0,252.0,0.397436
10007.0,253.0,0.715609
10007.0,254.0,0.625331
10007.0,255.0,0.417124
10007.0,256.0,1.0
10007.0,257.0,0.869499
10007.0,258.0,0.445142
10007.0,259.0,0.618242
10007.0,260.0,0.946447
10007.0,261.0,0.326794
10007.0,262.0,0.0
10007.0,263.0,0.486204
10007.0,264.0,0.0
10007.0,265.0,0.310356
10007.0,266.0,0.390471
10007.0,267.0,0.789189
10007.0,268.0,0.421261
10007.0,269.0,0.146077
10007.0,270.0,0.950025
10007.0,271.0,0.0
10007.0,272.0,0.120703
10007.0,273.0,0.354549
10007.0,274.0,0.112476
10007.0,275.0,0.679435
10007.0,276.0,0.026167
10007.0,277.0,0.329008
10007.0,278.0,0.481557
10007.0,279.0,0.224765
10007.0,280.0,0.536184
10007.0,281.0,0.845548
10007.0,282.0,1.0
10007.0,283.0,0.429204
10007.0,284.0,0.050779
10007.0,285.0,0.473055
10007.0,286.0,0.831099
10007.0,287.0,0.270899
10007.0,288.0,0.44943
10007.0,289.0,0.397473
10007.0,290.0,0.609806
10007.0,291.0,0.428501
10007.0,292.0,0.687369
10007.0,293.0,1.0
10007.0,294.0,0.270414
10007.0,295.0,0.263926
10007.0,296.0,0.0
10007.0,297.0,0.969215
10007.0,298.0,0.000612
10007.0,299.0,0.0
10007.0,300.0,0.403922
10007.0,301.0,0.746451
10007.0,302.0,4.2e-05
10007.0,303.0,0.985864
10007.0,304.0,0.0
10007.0,305.0,0.876228
10007.0,306.0,0.725921
10007.0,307.0,0.560585
10007.0,308.0,0.543077
10007.0,309.0,0.0
10007.0,310.0,1.0
10007.0,311.0,0.51571
10007.0,312.0,0.0
10007.0,313.0,0.564369
10007.0,314.0,0.399997
10007.0,315.0,0.496714
10007.0,316.0,0.333047
10007.0,317.0,0.987162
10007.0,318.0,0.615152
10007.0,319.0,0.0
10007.0,320.0,0.358569
10007.0,321.0,0.0
10007.0,322.0,0.119633
10007.0,323.0,0.434966
10007.0,324.0,0.547855
10007.0,325.0,0.0014
10007.0,326.0,0.799612
10007.0,327.0,0.153647
10007.0,328.0,0.048338
10007.0,329.0,0.880184
10007.0,330.0,0.011539
10007.0,331.0,0.65362
10007.0,332.0,0.357472
10007.0,333.0,0.0
10007.0,334.0,0.291476
10008.0,0.0,0.0
10008.0,1.0,0.0
10008.0,2.0,0.0
10008.0,3.0,0.442295
10008.0,4.0,0.261693
10008.0,5.0,0.458852
10008.0,6.0,0.799012
10008.0,7.0,0.784912
10008.0,8.0,0.049022
10008.0,9.0,0.769629
10008.0,10.0,1.0
10008.0,11.0,1.0
10008.0,12.0,0.365717
10008.0,13.0,0.364042
10008.0,14.0,0.621026
10008.0,15.0,0.885864
10008.0,16.0,0.60396
10008.0,17.0,0.0
10008.0,18.0,0.621145
10008.0,19.0,0.907529
10008.0,20.0,0.472288
10008.0,21.0,0.0
10008.0,22.0,0.905792
10008.0,23.0,1.0
10008.0,24.0,0.413114
10008.0,25.0,0.496062
10008.0,26.0,0.814585
10008.0,27.0,0.450356
10008.0,28.0,0.702776
10008.0,29.0,1.0
10008.0,30.0,0.226061
10008.0,31.0,0.76013
10008.0,32.0,1.0
10008.0,33.0,1.0
10008.0,34.0,0.023875
10008.0,35.0,0.376361
10008.0,36.0,0.390038
10008.0,37.0,0.539271
10008.0,38.0,0.472311
10008.0,39.0,0.9982
10008.0,40.0,0.648074
10008.0,41.0,0.811481
10008.0,42.0,0.375523
10008.0,43.0,0.903671
10008.0,44.0,0.619127
10008.0,45.0,0.775242
10008.0,46.0,0.476354
10008.0,47.0,1.0
10008.0,48.0,1.0
10008.0,49.0,0.273801
10008.0,50.0,0.0
10008.0,51.0,0.28245
10008.0,52.0,1.0
10008.0,53.0,0.811586
10008.0,54.0,1.0
10008.0,55.0,0.0
10008.0,56.0,0.345231
10008.0,57.0,0.0
10008.0,58.0,0.439318
10008.0,59.0,0.295728
10008.0,60.0,0.842283
10008.0,61.0,0.994212
10008.0,62.0,0.185336
10008.0,63.0,0.784597
10008.0,64.0,0.955011
10008.0,65.0,0.008887
10008.0,66.0,0.0
10008.0,67.0,0.537832
10008.0,68.0,0.0
10008.0,69.0,0.016573
10008.0,70.0,0.262826
10008.0,71.0,0.085004
10008.0,72.0,0.535446
10008.0,73.0,0.47457
10008.0,74.0,0.658302
10008.0,75.0,0.56679
10008.0,76.0,0.927713
10008.0,77.0,0.81663
10008.0,78.0,0.345532
10008.0,79.0,0.0
10008.0,80.0,0.994601
10008.0,81.0,0.305251
10008.0,82.0,0.59473
10008.0,83.0,0.530286
10008.0,84.0,1.0
10008.0,85.0,0.385926
10008.0,86.0,0.737752
10008.0,87.0,1.0
10008.0,88.0,0.0
10008.0,89.0,0.698635
10008.0,90.0,0.74832
10008.0,91.0,0.455729
10008.0,92.0,0.059494
10008.0,93.0,0.441454
10008.0,94.0,0.441277
10008.0,95.0,0.021967
10008.0,96.0,1.0
10008.0,97.0,0.397066
10008.0,98.0,0.0
10008.0,99.0,0.084216
10008.0,100.0,0.732675
10008.0,101.0,0.401773
10008.0,102.0,0.80471
10008.0,103.0,0.0
10008.0,104.0,0.001315
10008.0,105.0,0.63538
10008.0,106.0,0.77727
10008.0,107.0,0.876523
10008.0,108.0,0.909338
10008.0,109.0,0.991674
10008.0,110.0,0.377576
10008.0,111.0,0.918661
10008.0,112.0,0.134715
10008.0,113.0,0.564624
10008.0,114.0,0.369632
10008.0,115.0,0.129589
10008.0,116.0,0.997706
10008.0,117.0,0.272704
10008.0,118.0,0.809665
10008.0,119.0,0.051605
10008.0,120.0,0.0
10008.0,121.0,0.288474
10008.0,122.0,0.579929
10008.0,123.0,1.0
10008.0,124.0,0.450076
10008.0,125.0,0.483629
10008.0,126.0,0.366827
10008.0,127.0,0.050301
10008.0,128.0,0.017937
10008.0,129.0,0.996205
10008.0,130.0,0.00344
10008.0,131.0,0.999505
10008.0,132.0,0.381832
10008.0,133.0,0.827651
10008.0,134.0,0.4895
10008.0,135.0,0.352131
10008.0,136.0,1.0
10008.0,137.0,0.493881
10008.0,138.0,0.727189
10008.0,139.0,0.41308
10008.0,140.0,0.0
10008.0,141.0,0.647239
10008.0,142.0,1.0
10008.0,143.0,0.148109
10008.0,144.0,0.152472
10008.0,145.0,0.386585
10008.0,146.0,0.55459
10008.0,147.0,1.0
10008.0,148.0,0.392893
10008.0,149.0,0.474796
10008.0,150.0,0.254714
10008.0,151.0,0.53956
10008.0,152.0,0.335189
10008.0,153.0,0.3682
10008.0,154.0,0.606443
10008.0,155.0,0.629908
10008.0,156.0,0.762242
10008.0,157.0,0.0
10008.0,158.0,0.184704
10008.0,159.0,0.130221
10008.0,160.0,0.016908
10008.0,161.0,0.006895
10008.0,162.0,0.752712
10008.0,163.0,0.600566
10008.0,164.0,0.659338
10008.0,165.0,0.447393
10008.0,166.0,0.0
10008.0,167.0,0.475199
10008.0,168.0,0.575284
10008.0,169.0,0.67296
10008.0,170.0,0.668534
10008.0,171.0,0.457613
10008.0,172.0,0.536814
10008.0,173.0,0.674614
10008.0,174.0,0.408988
10008.0,175.0,0.378051
10008.0,176.0,0.157882
10008.0,177.0,0.0
10008.0,178.0,1.0
10008.0,179.0,0.382739
10008.0,180.0,0.333135
10008.0,181.0,0.180639
10008.0,182.0,0.0
10008.0,183.0,0.0
10008.0,184.0,0.487785
10008.0,185.0,0.504572
10008.0,186.0,0.879819
10008.0,187.0,0.517343
10008.0,188.0,0.0
10008.0,189.0,0.919836
10008.0,190.0,1.0
10008.0,191.0,0.676417
10008.0,192.0,0.086103
10008.0,193.0,0.812631
10008.0,194.0,0.0
10008.0,195.0,0.477517
10008.0,196.0,0.518311
10008.0,197.0,0.299645
10008.0,198.0,0.446972
10008.0,199.0,0.033792
10008.0,200.0,0.0
10008.0,201.0,0.754356
10008.0,202.0,1.0
10008.0,203.0,0.589144
10008.0,204.0,0.284362
10008.0,205.0,0.0
10008.0,206.0,0.387127
10008.0,207.0,1.0
10008.0,208.0,0.579952
10008.0,209.0,0.74743
10008.0,210.0,0.320163
10008.0,211.0,0.070726
10008.0,212.0,0.581626
10008.0,213.0,0.0
10008.0,214.0,0.552412
10008.0,215.0,0.673337
10008.0,216.0,1.0
10008.0,217.0,0.696737
10008.0,218.0,0.0
10008.0,219.0,0.286383
10008.0,220.0,0.995883
10008.0,221.0,0.531082
10008.0,222.0,0.0
10008.0,223.0,0.618583
10008.0,224.0,0.369243
10008.0,225.0,0.794739
10008.0,226.0,0.736902
10008.0,227.0,0.836751
10008.0,228.0,0.77131
10008.0,229.0,0.23779
10008.0,230.0,0.404982
10008.0,231.0,0.388968
10008.0,232.0,0.206279
10008.0,233.0,0.770594
10008.0,234.0,0.289595
10008.0,235.0,0.0
10008.0,236.0,0.954684
10008.0,237.0,0.104373
10008.0,238.0,0.580774
10008.0,239.0,1.0
10008.0,240.0,0.1569
10008.0,241.0,0.462662
10008.0,242.0,0.442119
10008.0,243.0,0.0
10008.0,244.0,0.0
10008.0,245.0,1.0
10008.0,246.0,0.603735
10008.0,247.0,0.519659
10008.0,248.0,0.539955
10008.0,249.0,0.460604
10008.0,250.0,0.528917
10008.0,251.0,0.958985
10008.0,252.0,0.396422
10008.0,253.0,0.713504
10008.0,254.0,0.619963
10008.0,255.0,0.414348
10008.0,256.0,1.0
10008.0,257.0,0.867183
10008.0,258.0,0.444746
10008.0,259.0,0.617717
10008.0,260.0,0.945453
10008.0,261.0,0.319733
10008.0,262.0,0.0
10008.0,263.0,0.484486
10008.0,264.0,0.0
10008.0,265.0,0.310137
10008.0,266.0,0.386963
10008.0,267.0,0.786321
10008.0,268.0,0.414817
10008.0,269.0,0.144027
10008.0,270.0,0.950054
10008.0,271.0,0.0
10008.0,272.0,0.118813
10008.0,273.0,0.351355
10008.0,274.0,0.112759
10008.0,275.0,0.67762
10008.0,276.0,0.025649
10008.0,277.0,0.32632
10008.0,278.0,0.479397
10008.0,279.0,0.22101
10008.0,280.0,0.53472
10008.0,281.0,0.842104
10008.0,282.0,1.0
10008.0,283.0,0.429097
10008.0,284.0,0.050519
10008.0,285.0,0.466503
10008.0,286.0,0.826419
10008.0,287.0,0.269429
10008.0,288.0,0.443232
10008.0,289.0,0.390097
10008.0,290.0,0.608472
10008.0,291.0,0.425908
10008.0,292.0,0.685029
10008.0,293.0,1.0
10008.0,294.0,0.270497
10008.0,295.0,0.260603
10008.0,296.0,0.0
10008.0,297.0,0.969488
10008.0,298.0,0.000639
10008.0,299.0,0.0
10008.0,300.0,0.400943
10008.0,301.0,0.746136
10008.0,302.0,3.7e-05
10008.0,303.0,0.985875
10008.0,304.0,0.0
10008.0,305.0,0.87654
10008.0,306.0,0.723839
10008.0,307.0,0.558859
10008.0,308.0,0.538634
10008.0,309.0,0.0
10008.0,310.0,1.0
10008.0,311.0,0.516591
10008.0,312.0,0.0
10008.0,313.0,0.562606
10008.0,314.0,0.398996
10008.0,315.0,0.492441
10008.0,316.0,0.3314
10008.0,317.0,0.986805
10008.0,318.0,0.613674
10008.0,319.0,0.0
10008.0,320.0,0.350092
10008.0,321.0,0.0
10008.0,322.0,0.117917
10008.0,323.0,0.40238
10008.0,324.0,0.545667
10008.0,325.0,0.00125
10008.0,326.0,0.798381
10008.0,327.0,0.152978
10008.0,328.0,0.048402
10008.0,329.0,0.87098
10008.0,330.0,0.011484
10008.0,331.0,0.653073
10008.0,332.0,0.353668
10008.0,333.0,0.0
10008.0,334.0,0.287164
10009.0,0.0,0.0
10009.0,1.0,0.0
10009.0,2.0,0.0
10009.0,3.0,0.438641
10009.0,4.0,0.258738
10009.0,5.0,0.449415
10009.0,6.0,0.798082
10009.0,7.0,0.783712
10009.0,8.0,0.049117
10009.0,9.0,0.767617
10009.0,10.0,1.0
10009.0,11.0,1.0
10009.0,12.0,0.358561
10009.0,13.0,0.361372
10009.0,14.0,0.609561
10009.0,15.0,0.885314
10009.0,16.0,0.602337
10009.0,17.0,0.0
10009.0,18.0,0.614321
10009.0,19.0,0.907353
10009.0,20.0,0.468449
10009.0,21.0,0.0
10009.0,22.0,0.904085
10009.0,23.0,1.0
10009.0,24.0,0.411778
10009.0,25.0,0.487777
10009.0,26.0,0.807295
10009.0,27.0,0.445405
10009.0,28.0,0.699202
10009.0,29.0,1.0
10009.0,30.0,0.217723
10009.0,31.0,0.759698
10009.0,32.0,1.0
10009.0,33.0,1.0
10009.0,34.0,0.022348
10009.0,35.0,0.376838
10009.0,36.0,0.38819
10009.0,37.0,0.539575
10009.0,38.0,0.467856
10009.0,39.0,0.998095
10009.0,40.0,0.644537
10009.0,41.0,0.808958
10009.0,42.0,0.369917
10009.0,43.0,0.89576
10009.0,44.0,0.613311
10009.0,45.0,0.768067
10009.0,46.0,0.475856
10009.0,47.0,1.0
10009.0,48.0,1.0
10009.0,49.0,0.270788
10009.0,50.0,0.0
10009.0,51.0,0.278814
10009.0,52.0,1.0
10009.0,53.0,0.807181
10009.0,54.0,1.0
10009.0,55.0,0.0
10009.0,56.0,0.344119
10009.0,57.0,0.0
10009.0,58.0,0.437402
10009.0,59.0,0.290046
10009.0,60.0,0.842296
10009.0,61.0,0.994231
10009.0,62.0,0.180496
10009.0,63.0,0.784439
10009.0,64.0,0.954363
10009.0,65.0,0.009022
10009.0,66.0,0.0
10009.0,67.0,0.534168
10009.0,68.0,0.0
10009.0,69.0,0.016497
10009.0,70.0,0.261553
10009.0,71.0,0.082862
10009.0,72.0,0.530878
10009.0,73.0,0.473532
10009.0,74.0,0.656956
10009.0,75.0,0.560797
10009.0,76.0,0.926689
10009.0,77.0,0.81552
10009.0,78.0,0.337381
10009.0,79.0,0.0
10009.0,80.0,0.99459
10009.0,81.0,0.303073
10009.0,82.0,0.592802
10009.0,83.0,0.528265
10009.0,84.0,1.0
10009.0,85.0,0.384568
10009.0,86.0,0.735298
10009.0,87.0,1.0
10009.0,88.0,0.0
10009.0,89.0,0.696248
10009.0,90.0,0.748962
10009.0,91.0,0.455679
10009.0,92.0,0.058174
10009.0,93.0,0.439277
10009.0,94.0,0.436824
10009.0,95.0,0.022073
10009.0,96.0,1.0
10009.0,97.0,0.358188
10009.0,98.0,0.0
10009.0,99.0,0.084249
10009.0,100.0,0.731778
10009.0,101.0,0.400053
10009.0,102.0,0.798624
10009.0,103.0,0.0
10009.0,104.0,0.001224
10009.0,105.0,0.634243
10009.0,106.0,0.774392
10009.0,107.0,0.876795
10009.0,108.0,0.905893
10009.0,109.0,0.99132
10009.0,110.0,0.375911
10009.0,111.0,0.918083
10009.0,112.0,0.13438
10009.0,113.0,0.563849
10009.0,114.0,0.364955
10009.0,115.0,0.12911
10009.0,116.0,0.997791
10009.0,117.0,0.27079
10009.0,118.0,0.807033
10009.0,119.0,0.051529
10009.0,120.0,0.0
10009.0,121.0,0.277896
10009.0,122.0,0.578138
10009.0,123.0,1.0
10009.0,124.0,0.444357
10009.0,125.0,0.477529
10009.0,126.0,0.364958
10009.0,127.0,0.048651
10009.0,128.0,0.018288
10009.0,129.0,0.99607
10009.0,130.0,0.003498
10009.0,131.0,0.999552
10009.0,132.0,0.376045
10009.0,133.0,0.82609
10009.0,134.0,0.502278
10009.0,135.0,0.34349
10009.0,136.0,1.0
10009.0,137.0,0.492103
10009.0,138.0,0.720816
10009.0,139.0,0.410486
10009.0,140.0,0.0
10009.0,141.0,0.645595
10009.0,142.0,1.0
10009.0,143.0,0.145289
10009.0,144.0,0.150834
10009.0,145.0,0.383582
10009.0,146.0,0.552639
10009.0,147.0,1.0
10009.0,148.0,0.390383
10009.0,149.0,0.467137
10009.0,150.0,0.253503
10009.0,151.0,0.536643
10009.0,152.0,0.333686
10009.0,153.0,0.358788
10009.0,154.0,0.604338
10009.0,155.0,0.624057
10009.0,156.0,0.761823
10009.0,157.0,0.0
10009.0,158.0,0.17905
10009.0,159.0,0.127104
10009.0,160.0,0.016491
10009.0,161.0,0.006835
10009.0,162.0,0.752896
10009.0,163.0,0.597893
10009.0,164.0,0.656823
10009.0,165.0,0.440638
10009.0,166.0,0.0
10009.0,167.0,0.474301
10009.0,168.0,0.575206
10009.0,169.0,0.643168
10009.0,170.0,0.664604
10009.0,171.0,0.45669
10009.0,172.0,0.534768
10009.0,173.0,0.67116
10009.0,174.0,0.408572
10009.0,175.0,0.37734
10009.0,176.0,0.156924
10009.0,177.0,0.0
10009.0,178.0,1.0
10009.0,179.0,0.37548
10009.0,180.0,0.329384
10009.0,181.0,0.179634
10009.0,182.0,0.0
10009.0,183.0,0.0
10009.0,184.0,0.482777
10009.0,185.0,0.503741
10009.0,186.0,0.875667
10009.0,187.0,0.516752
10009.0,188.0,0.0
10009.0,189.0,0.919302
10009.0,190.0,1.0
10009.0,191.0,0.675383
10009.0,192.0,0.086194
10009.0,193.0,0.811917
10009.0,194.0,0.0
10009.0,195.0,0.47127
10009.0,196.0,0.521884
10009.0,197.0,0.296299
10009.0,198.0,0.442107
10009.0,199.0,0.033382
10009.0,200.0,0.0
10009.0,201.0,0.753
10009.0,202.0,1.0
10009.0,203.0,0.570768
10009.0,204.0,0.28237
10009.0,205.0,0.0
10009.0,206.0,0.367441
10009.0,207.0,1.0
10009.0,208.0,0.576492
10009.0,209.0,0.74748
10009.0,210.0,0.311487
10009.0,211.0,0.072588
10009.0,212.0,0.574449
10009.0,213.0,0.0
10009.0,214.0,0.545119
10009.0,215.0,0.668323
10009.0,216.0,1.0
10009.0,217.0,0.692609
10009.0,218.0,0.0
10009.0,219.0,0.285611
10009.0,220.0,0.995795
10009.0,221.0,0.521215
10009.0,222.0,0.0
10009.0,223.0,0.616853
10009.0,224.0,0.365723
10009.0,225.0,0.792589
10009.0,226.0,0.732619
10009.0,227.0,0.834947
10009.0,228.0,0.76742
10009.0,229.0,0.235831
10009.0,230.0,0.403803
10009.0,231.0,0.334514
10009.0,232.0,0.20601
10009.0,233.0,0.767001
10009.0,234.0,0.284749
10009.0,235.0,0.0
10009.0,236.0,0.954463
10009.0,237.0,0.104185
10009.0,238.0,0.569898
10009.0,239.0,1.0
10009.0,240.0,0.155554
10009.0,241.0,0.459367
10009.0,242.0,0.438761
10009.0,243.0,0.0
10009.0,244.0,0.0
10009.0,245.0,1.0
10009.0,246.0,0.602491
10009.0,247.0,0.519024
10009.0,248.0,0.536526
10009.0,249.0,0.457021
10009.0,250.0,0.522468
10009.0,251.0,0.959071
10009.0,252.0,0.39554
10009.0,253.0,0.710715
10009.0,254.0,0.615199
10009.0,255.0,0.412207
10009.0,256.0,1.0
10009.0,257.0,0.865312
10009.0,258.0,0.443593
10009.0,259.0,0.615779
10009.0,260.0,0.944107
10009.0,261.0,0.313443
10009.0,262.0,0.0
10009.0,263.0,0.483956
10009.0,264.0,0.0
10009.0,265.0,0.310307
10009.0,266.0,0.382924
10009.0,267.0,0.784206
10009.0,268.0,0.408812
10009.0,269.0,0.142221
10009.0,270.0,0.950292
10009.0,271.0,0.0
10009.0,272.0,0.11713
10009.0,273.0,0.347394
10009.0,274.0,0.112904
10009.0,275.0,0.677162
10009.0,276.0,0.025435
10009.0,277.0,0.324963
10009.0,278.0,0.476959
10009.0,279.0,0.218531
10009.0,280.0,0.534242
10009.0,281.0,0.838585
10009.0,282.0,1.0
10009.0,283.0,0.428172
10009.0,284.0,0.050009
10009.0,285.0,0.460387
10009.0,286.0,0.82189
10009.0,287.0,0.267667
10009.0,288.0,0.437001
10009.0,289.0,0.383034
10009.0,290.0,0.607589
10009.0,291.0,0.423935
10009.0,292.0,0.682955
10009.0,293.0,1.0
10009.0,294.0,0.270449
10009.0,295.0,0.257701
10009.0,296.0,0.0
10009.0,297.0,0.969407
10009.0,298.0,0.000648
10009.0,299.0,0.0
10009.0,300.0,0.396843
10009.0,301.0,0.745475
10009.0,302.0,4.4e-05
10009.0,303.0,0.986031
10009.0,304.0,0.0
10009.0,305.0,0.875607
10009.0,306.0,0.722076
10009.0,307.0,0.558806
10009.0,308.0,0.534272
10009.0,309.0,0.0
10009.0,310.0,1.0
10009.0,311.0,0.517511
10009.0,312.0,0.0
10009.0,313.0,0.561551
10009.0,314.0,0.397227
10009.0,315.0,0.488971
10009.0,316.0,0.330284
10009.0,317.0,0.986611
10009.0,318.0,0.611993
10009.0,319.0,0.0
10009.0,320.0,0.341741
10009.0,321.0,0.0
10009.0,322.0,0.117127
10009.0,323.0,0.371778
10009.0,324.0,0.54431
10009.0,325.0,0.001133
10009.0,326.0,0.797745
10009.0,327.0,0.152637
10009.0,328.0,0.048453
10009.0,329.0,0.861497
10009.0,330.0,0.011462
10009.0,331.0,0.65272
10009.0,332.0,0.349464
10009.0,333.0,0.0
10009.0,334.0,0.282565
10010.0,0.0,0.0
10010.0,1.0,0.0
10010.0,2.0,0.0
10010.0,3.0,0.434207
10010.0,4.0,0.257407
10010.0,5.0,0.440034
10010.0,6.0,0.79645
10010.0,7.0,0.783293
10010.0,8.0,0.04913
10010.0,9.0,0.765779
10010.0,10.0,1.0
10010.0,11.0,1.0
10010.0,12.0,0.351923
10010.0,13.0,0.357493
10010.0,14.0,0.597949
10010.0,15.0,0.884475
10010.0,16.0,0.60031
10010.0,17.0,0.0
10010.0,18.0,0.608478
10010.0,19.0,0.906962
10010.0,20.0,0.464591
10010.0,21.0,0.0
10010.0,22.0,0.902555
10010.0,23.0,1.0
10010.0,24.0,0.410544
10010.0,25.0,0.479809
10010.0,26.0,0.798928
10010.0,27.0,0.439844
10010.0,28.0,0.695187
10010.0,29.0,1.0
10010.0,30.0,0.208876
10010.0,31.0,0.759863
10010.0,32.0,1.0
10010.0,33.0,1.0
10010.0,34.0,0.021147
10010.0,35.0,0.377377
10010.0,36.0,0.385775
10010.0,37.0,0.538526
10010.0,38.0,0.463549
10010.0,39.0,0.997956
10010.0,40.0,0.641469
10010.0,41.0,0.805894
10010.0,42.0,0.363704
10010.0,43.0,0.886993
10010.0,44.0,0.607574
10010.0,45.0,0.760181
10010.0,46.0,0.474834
10010.0,47.0,1.0
10010.0,48.0,1.0
10010.0,49.0,0.269787
10010.0,50.0,0.0
10010.0,51.0,0.275774
10010.0,52.0,1.0
10010.0,53.0,0.803456
10010.0,54.0,1.0
10010.0,55.0,0.0
10010.0,56.0,0.344365
10010.0,57.0,0.0
10010.0,58.0,0.435886
10010.0,59.0,0.28484
10010.0,60.0,0.841797
10010.0,61.0,0.994222
10010.0,62.0,0.175637
10010.0,63.0,0.783357
10010.0,64.0,0.953243
10010.0,65.0,0.009139
10010.0,66.0,0.0
10010.0,67.0,0.530778
10010.0,68.0,0.0
10010.0,69.0,0.016447
10010.0,70.0,0.259766
10010.0,71.0,0.080632
10010.0,72.0,0.526475
10010.0,73.0,0.471797
10010.0,74.0,0.655177
10010.0,75.0,0.554926
10010.0,76.0,0.925667
10010.0,77.0,0.814467
10010.0,78.0,0.328967
10010.0,79.0,0.0
10010.0,80.0,0.994486
10010.0,81.0,0.30058
10010.0,82.0,0.59042
10010.0,83.0,0.525653
10010.0,84.0,1.0
10010.0,85.0,0.384095
10010.0,86.0,0.732917
10010.0,87.0,1.0
10010.0,88.0,0.0
10010.0,89.0,0.693942
10010.0,90.0,0.749039
10010.0,91.0,0.456396
10010.0,92.0,0.056943
10010.0,93.0,0.437764
10010.0,94.0,0.43276
10010.0,95.0,0.021947
10010.0,96.0,1.0
10010.0,97.0,0.3222
10010.0,98.0,0.0
10010.0,99.0,0.083642
10010.0,100.0,0.730475
10010.0,101.0,0.398108
10010.0,102.0,0.792582
10010.0,103.0,0.0
10010.0,104.0,0.00115
10010.0,105.0,0.632336
10010.0,106.0,0.772406
10010.0,107.0,0.876544
10010.0,108.0,0.90306
10010.0,109.0,0.99103
10010.0,110.0,0.375462
10010.0,111.0,0.917528
10010.0,112.0,0.134573
10010.0,113.0,0.563998
10010.0,114.0,0.360139
10010.0,115.0,0.128815
10010.0,116.0,0.997779
10010.0,117.0,0.269173
10010.0,118.0,0.803888
10010.0,119.0,0.051312
10010.0,120.0,0.0
10010.0,121.0,0.267907
10010.0,122.0,0.576044
10010.0,123.0,1.0
10010.0,124.0,0.439816
10010.0,125.0,0.471961
10010.0,126.0,0.362893
10010.0,127.0,0.047708
10010.0,128.0,0.018185
10010.0,129.0,0.995952
10010.0,130.0,0.003527
10010.0,131.0,0.999576
10010.0,132.0,0.370244
10010.0,133.0,0.82426
10010.0,134.0,0.514453
10010.0,135.0,0.334403
10010.0,136.0,1.0
10010.0,137.0,0.48968
10010.0,138.0,0.714099
10010.0,139.0,0.405865
10010.0,140.0,0.0
10010.0,141.0,0.644399
10010.0,142.0,1.0
10010.0,143.0,0.142599
10010.0,144.0,0.151252
10010.0,145.0,0.379978
10010.0,146.0,0.551015
10010.0,147.0,1.0
10010.0,148.0,0.387003
10010.0,149.0,0.459145
10010.0,150.0,0.253095
10010.0,151.0,0.533361
10010.0,152.0,0.332572
10010.0,153.0,0.349374
10010.0,154.0,0.602739
10010.0,155.0,0.618614
10010.0,156.0,0.761389
10010.0,157.0,0.0
10010.0,158.0,0.173566
10010.0,159.0,0.123502
10010.0,160.0,0.016095
10010.0,161.0,0.006863
10010.0,162.0,0.751456
10010.0,163.0,0.595305
10010.0,164.0,0.653322
10010.0,165.0,0.433382
10010.0,166.0,0.0
10010.0,167.0,0.472744
10010.0,168.0,0.57441
10010.0,169.0,0.614034
10010.0,170.0,0.660105
10010.0,171.0,0.455859
10010.0,172.0,0.532323
10010.0,173.0,0.667796
10010.0,174.0,0.406584
10010.0,175.0,0.37554
10010.0,176.0,0.155649
10010.0,177.0,0.0
10010.0,178.0,1.0
10010.0,179.0,0.368606
10010.0,180.0,0.324729
10010.0,181.0,0.178764
10010.0,182.0,0.0
10010.0,183.0,0.0
10010.0,184.0,0.478265
10010.0,185.0,0.502249
10010.0,186.0,0.872252
10010.0,187.0,0.516509
10010.0,188.0,0.0
10010.0,189.0,0.918781
10010.0,190.0,1.0
10010.0,191.0,0.67483
10010.0,192.0,0.086508
10010.0,193.0,0.811302
10010.0,194.0,0.0
10010.0,195.0,0.466059
10010.0,196.0,0.526347
10010.0,197.0,0.292315
10010.0,198.0,0.437649
10010.0,199.0,0.033327
10010.0,200.0,0.0
10010.0,201.0,0.751754
10010.0,202.0,1.0
10010.0,203.0,0.552654
10010.0,204.0,0.280041
10010.0,205.0,0.0
10010.0,206.0,0.348696
10010.0,207.0,1.0
10010.0,208.0,0.573764
10010.0,209.0,0.747357
10010.0,210.0,0.302894
10010.0,211.0,0.074334
10010.0,212.0,0.567236
10010.0,213.0,0.0
10010.0,214.0,0.536919
10010.0,215.0,0.661803
10010.0,216.0,1.0
10010.0,217.0,0.688239
10010.0,218.0,0.0
10010.0,219.0,0.28511
10010.0,220.0,0.995749
10010.0,221.0,0.511208
10010.0,222.0,0.0
10010.0,223.0,0.615121
10010.0,224.0,0.362657
10010.0,225.0,0.789395
10010.0,226.0,0.727393
10010.0,227.0,0.832555
10010.0,228.0,0.765288
10010.0,229.0,0.233051
10010.0,230.0,0.402297
10010.0,231.0,0.286155
10010.0,232.0,0.205827
10010.0,233.0,0.763469
10010.0,234.0,0.279688
10010.0,235.0,0.0
10010.0,236.0,0.95429
10010.0,237.0,0.104111
10010.0,238.0,0.558916
10010.0,239.0,1.0
10010.0,240.0,0.153912
10010.0,241.0,0.456167
10010.0,242.0,0.435797
10010.0,243.0,0.0
10010.0,244.0,0.0
10010.0,245.0,1.0
10010.0,246.0,0.601557
10010.0,247.0,0.517996
10010.0,248.0,0.532899
10010.0,249.0,0.45286
10010.0,250.0,0.516064
10010.0,251.0,0.958742
10010.0,252.0,0.394591
10010.0,253.0,0.709214
10010.0,254.0,0.610678
10010.0,255.0,0.410471
10010.0,256.0,1.0
10010.0,257.0,0.863913
10010.0,258.0,0.442744
10010.0,259.0,0.614141
10010.0,260.0,0.942876
10010.0,261.0,0.306973
10010.0,262.0,0.0
10010.0,263.0,0.484061
10010.0,264.0,0.0
10010.0,265.0,0.31006
10010.0,266.0,0.379953
10010.0,267.0,0.782267
10010.0,268.0,0.402409
10010.0,269.0,0.140184
10010.0,270.0,0.950621
10010.0,271.0,0.0
10010.0,272.0,0.115557
10010.0,273.0,0.343771
10010.0,274.0,0.113508
10010.0,275.0,0.675939
10010.0,276.0,0.025288
10010.0,277.0,0.322829
10010.0,278.0,0.474829
10010.0,279.0,0.216136
10010.0,280.0,0.533172
10010.0,281.0,0.835567
10010.0,282.0,1.0
10010.0,283.0,0.427012
10010.0,284.0,0.050011
10010.0,285.0,0.453386
10010.0,286.0,0.81799
10010.0,287.0,0.26651
10010.0,288.0,0.431401
10010.0,289.0,0.375111
10010.0,290.0,0.607258
10010.0,291.0,0.421326
10010.0,292.0,0.680959
10010.0,293.0,1.0
10010.0,294.0,0.269658
10010.0,295.0,0.255444
10010.0,296.0,0.0
10010.0,297.0,0.969059
10010.0,298.0,0.000619
10010.0,299.0,0.0
10010.0,300.0,0.39379
10010.0,301.0,0.744639
10010.0,302.0,4.6e-05
10010.0,303.0,0.9862
10010.0,304.0,0.0
10010.0,305.0,0.875131
10010.0,306.0,0.719643
10010.0,307.0,0.55734
10010.0,308.0,0.530539
10010.0,309.0,0.0
10010.0,310.0,1.0
10010.0,311.0,0.517628
10010.0,312.0,0.0
10010.0,313.0,0.560194
10010.0,314.0,0.396397
10010.0,315.0,0.486306
10010.0,316.0,0.328713
10010.0,317.0,0.986408
10010.0,318.0,0.610576
10010.0,319.0,0.0
10010.0,320.0,0.332885
10010.0,321.0,0.0
10010.0,322.0,0.116229
10010.0,323.0,0.342006
10010.0,324.0,0.542517
10010.0,325.0,0.001015
10010.0,326.0,0.796959
10010.0,327.0,0.152279
10010.0,328.0,0.048265
10010.0,329.0,0.851899
10010.0,330.0,0.011458
10010.0,331.0,0.652976
10010.0,332.0,0.345616
10010.0,333.0,0.0
10010.0,334.0,0.278351
