FREQUENCIES 
Gen,mut_id,mut_freq
1.0,0.0,0.5
1.0,1.0,0.5
1.0,2.0,0.5
1.0,3.0,0.5
1.0,4.0,0.5
1.0,5.0,0.5
1.0,6.0,0.5
1.0,7.0,0.5
1.0,8.0,0.5
1.0,9.0,0.5
1.0,10.0,0.5
1.0,11.0,0.5
1.0,12.0,0.5
1.0,13.0,0.5
1.0,14.0,0.5
1.0,15.0,0.5
1.0,16.0,0.5
1.0,17.0,0.5
1.0,18.0,0.5
1.0,19.0,0.5
1.0,20.0,0.5
1.0,21.0,0.5
1.0,22.0,0.5
1.0,23.0,0.5
1.0,24.0,0.5
1.0,25.0,0.5
1.0,26.0,0.5
1.0,27.0,0.5
1.0,28.0,0.5
1.0,29.0,0.5
1.0,30.0,0.5
1.0,31.0,0.5
1.0,32.0,0.5
1.0,33.0,0.5
1.0,34.0,0.5
1.0,35.0,0.5
1.0,36.0,0.5
1.0,37.0,0.5
1.0,38.0,0.5
1.0,39.0,0.5
1.0,40.0,0.5
1.0,41.0,0.5
1.0,42.0,0.5
1.0,43.0,0.5
1.0,44.0,0.5
1.0,45.0,0.5
1.0,46.0,0.5
1.0,47.0,0.5
1.0,48.0,0.5
1.0,49.0,0.5
1.0,50.0,0.5
1.0,51.0,0.5
1.0,52.0,0.5
1.0,53.0,0.5
1.0,54.0,0.5
1.0,55.0,0.5
1.0,56.0,0.5
1.0,57.0,0.5
1.0,58.0,0.5
1.0,59.0,0.5
1.0,60.0,0.5
1.0,61.0,0.5
1.0,62.0,0.5
1.0,63.0,0.5
1.0,64.0,0.5
1.0,65.0,0.5
1.0,66.0,0.5
1.0,67.0,0.5
1.0,68.0,0.5
1.0,69.0,0.5
1.0,70.0,0.5
1.0,71.0,0.5
1.0,72.0,0.5
1.0,73.0,0.5
1.0,74.0,0.5
1.0,75.0,0.5
1.0,76.0,0.5
1.0,77.0,0.5
1.0,78.0,0.5
1.0,79.0,0.5
1.0,80.0,0.5
1.0,81.0,0.5
1.0,82.0,0.5
1.0,83.0,0.5
1.0,84.0,0.5
1.0,85.0,0.5
1.0,86.0,0.5
1.0,87.0,0.5
1.0,88.0,0.5
1.0,89.0,0.5
1.0,90.0,0.5
1.0,91.0,0.5
1.0,92.0,0.5
1.0,93.0,0.5
1.0,94.0,0.5
1.0,95.0,0.5
1.0,96.0,0.5
1.0,97.0,0.5
1.0,98.0,0.5
1.0,99.0,0.5
1.0,100.0,0.5
1.0,101.0,0.5
1.0,102.0,0.5
1.0,103.0,0.5
1.0,104.0,0.5
1.0,105.0,0.5
1.0,106.0,0.5
1.0,107.0,0.5
1.0,108.0,0.5
1.0,109.0,0.5
1.0,110.0,0.5
1.0,111.0,0.5
1.0,112.0,0.5
1.0,113.0,0.5
1.0,114.0,0.5
1.0,115.0,0.5
1.0,116.0,0.5
1.0,117.0,0.5
1.0,118.0,0.5
1.0,119.0,0.5
1.0,120.0,0.5
1.0,121.0,0.5
1.0,122.0,0.5
1.0,123.0,0.5
1.0,124.0,0.5
1.0,125.0,0.5
1.0,126.0,0.5
1000.0,0.0,0.516775
1000.0,1.0,0.493634
1000.0,2.0,0.477716
1000.0,3.0,0.519575
1000.0,4.0,0.506977
1000.0,5.0,0.476237
1000.0,6.0,0.505316
1000.0,7.0,0.526046
1000.0,8.0,0.49899
1000.0,9.0,0.490929
1000.0,10.0,0.49864
1000.0,11.0,0.52578
1000.0,12.0,0.487143
1000.0,13.0,0.468328
1000.0,14.0,0.481242
1000.0,15.0,0.490289
1000.0,16.0,0.502885
1000.0,17.0,0.510259
1000.0,18.0,0.47551
1000.0,19.0,0.503887
1000.0,20.0,0.506844
1000.0,21.0,0.511036
1000.0,22.0,0.482694
1000.0,23.0,0.489906
1000.0,24.0,0.503099
1000.0,25.0,0.514422
1000.0,26.0,0.499618
1000.0,27.0,0.49722
1000.0,28.0,0.488857
1000.0,29.0,0.497718
1000.0,30.0,0.486813
1000.0,31.0,0.50639
1000.0,32.0,0.50895
1000.0,33.0,0.507507
1000.0,34.0,0.487341
1000.0,35.0,0.483612
1000.0,36.0,0.529985
1000.0,37.0,0.518266
1000.0,38.0,0.480414
1000.0,39.0,0.517222
1000.0,40.0,0.489884
1000.0,41.0,0.489802
1000.0,42.0,0.522081
1000.0,43.0,0.497376
1000.0,44.0,0.486729
1000.0,45.0,0.501308
1000.0,46.0,0.476068
1000.0,47.0,0.505018
1000.0,48.0,0.507175
1000.0,49.0,0.491675
1000.0,50.0,0.536038
1000.0,51.0,0.494517
1000.0,52.0,0.467459
1000.0,53.0,0.497438
1000.0,54.0,0.496013
1000.0,55.0,0.489345
1000.0,56.0,0.475469
1000.0,57.0,0.501554
1000.0,58.0,0.490846
1000.0,59.0,0.483079
1000.0,60.0,0.493581
1000.0,61.0,0.503616
1000.0,62.0,0.488224
1000.0,63.0,0.499223
1000.0,64.0,0.528679
1000.0,65.0,0.493536
1000.0,66.0,0.514809
1000.0,67.0,0.50748
1000.0,68.0,0.476257
1000.0,69.0,0.481683
1000.0,70.0,0.514109
1000.0,71.0,0.489356
1000.0,72.0,0.514336
1000.0,73.0,0.474594
1000.0,74.0,0.526031
1000.0,75.0,0.488152
1000.0,76.0,0.484925
1000.0,77.0,0.513437
1000.0,78.0,0.516813
1000.0,79.0,0.512865
1000.0,80.0,0.482032
1000.0,81.0,0.507915
1000.0,82.0,0.514216
1000.0,83.0,0.518038
1000.0,84.0,0.492337
1000.0,85.0,0.493314
1000.0,86.0,0.510423
1000.0,87.0,0.522181
1000.0,88.0,0.49915
1000.0,89.0,0.533819
1000.0,90.0,0.509425
1000.0,91.0,0.499251
1000.0,92.0,0.500915
1000.0,93.0,0.509891
1000.0,94.0,0.491801
1000.0,95.0,0.518641
1000.0,96.0,0.517198
1000.0,97.0,0.50652
1000.0,98.0,0.508196
1000.0,99.0,0.50626
1000.0,100.0,0.483359
1000.0,101.0,0.513282
1000.0,102.0,0.502581
1000.0,103.0,0.497406
1000.0,104.0,0.510336
1000.0,105.0,0.50978
1000.0,106.0,0.489961
1000.0,107.0,0.488908
1000.0,108.0,0.535008
1000.0,109.0,0.540581
1000.0,110.0,0.511681
1000.0,111.0,0.503308
1000.0,112.0,0.494152
1000.0,113.0,0.473969
1000.0,114.0,0.508859
1000.0,115.0,0.494805
1000.0,116.0,0.495477
1000.0,117.0,0.508927
1000.0,118.0,0.48918
1000.0,119.0,0.513045
1000.0,120.0,0.519992
1000.0,121.0,0.483077
1000.0,122.0,0.483943
1000.0,123.0,0.52146
1000.0,124.0,0.469427
1000.0,125.0,0.49775
1000.0,126.0,0.506571
1001.0,0.0,0.516469
1001.0,1.0,0.49344
1001.0,2.0,0.477216
1001.0,3.0,0.519364
1001.0,4.0,0.507201
1001.0,5.0,0.476717
1001.0,6.0,0.505043
1001.0,7.0,0.527289
1001.0,8.0,0.498551
1001.0,9.0,0.490828
1001.0,10.0,0.498575
1001.0,11.0,0.525251
1001.0,12.0,0.485905
1001.0,13.0,0.468936
1001.0,14.0,0.481147
1001.0,15.0,0.490387
1001.0,16.0,0.50252
1001.0,17.0,0.509714
1001.0,18.0,0.475067
1001.0,19.0,0.503834
1001.0,20.0,0.507142
1001.0,21.0,0.512022
1001.0,22.0,0.483683
1001.0,23.0,0.489251
1001.0,24.0,0.503424
1001.0,25.0,0.515274
1001.0,26.0,0.499474
1001.0,27.0,0.49683
1001.0,28.0,0.48873
1001.0,29.0,0.497874
1001.0,30.0,0.48659
1001.0,31.0,0.505021
1001.0,32.0,0.50976
1001.0,33.0,0.507381
1001.0,34.0,0.488222
1001.0,35.0,0.483403
1001.0,36.0,0.529183
1001.0,37.0,0.517955
1001.0,38.0,0.480257
1001.0,39.0,0.516749
1001.0,40.0,0.489503
1001.0,41.0,0.489538
1001.0,42.0,0.521686
1001.0,43.0,0.498214
1001.0,44.0,0.486671
1001.0,45.0,0.500906
1001.0,46.0,0.475888
1001.0,47.0,0.505488
1001.0,48.0,0.507579
1001.0,49.0,0.491796
1001.0,50.0,0.53622
1001.0,51.0,0.494398
1001.0,52.0,0.467873
1001.0,53.0,0.497433
1001.0,54.0,0.496476
1001.0,55.0,0.489806
1001.0,56.0,0.475586
1001.0,57.0,0.50202
1001.0,58.0,0.490882
1001.0,59.0,0.483092
1001.0,60.0,0.494069
1001.0,61.0,0.503738
1001.0,62.0,0.488435
1001.0,63.0,0.498687
1001.0,64.0,0.529736
1001.0,65.0,0.494119
1001.0,66.0,0.515324
1001.0,67.0,0.507483
1001.0,68.0,0.476266
1001.0,69.0,0.481698
1001.0,70.0,0.51411
1001.0,71.0,0.488674
1001.0,72.0,0.51381
1001.0,73.0,0.474092
1001.0,74.0,0.526362
1001.0,75.0,0.4885
1001.0,76.0,0.484507
1001.0,77.0,0.512497
1001.0,78.0,0.516413
1001.0,79.0,0.512962
1001.0,80.0,0.481725
1001.0,81.0,0.508348
1001.0,82.0,0.51401
1001.0,83.0,0.518487
1001.0,84.0,0.492703
1001.0,85.0,0.493608
1001.0,86.0,0.510402
1001.0,87.0,0.522932
1001.0,88.0,0.499529
1001.0,89.0,0.534575
1001.0,90.0,0.508347
1001.0,91.0,0.499521
1001.0,92.0,0.501875
1001.0,93.0,0.509848
1001.0,94.0,0.491798
1001.0,95.0,0.519558
1001.0,96.0,0.517605
1001.0,97.0,0.506194
1001.0,98.0,0.508413
1001.0,99.0,0.505579
1001.0,100.0,0.482961
1001.0,101.0,0.513113
1001.0,102.0,0.503034
1001.0,103.0,0.497065
1001.0,104.0,0.510273
1001.0,105.0,0.511086
1001.0,106.0,0.489515
1001.0,107.0,0.489151
1001.0,108.0,0.534902
1001.0,109.0,0.5402
1001.0,110.0,0.510774
1001.0,111.0,0.503559
1001.0,112.0,0.494876
1001.0,113.0,0.472988
1001.0,114.0,0.507568
1001.0,115.0,0.495327
1001.0,116.0,0.495541
1001.0,117.0,0.508535
1001.0,118.0,0.488572
1001.0,119.0,0.513336
1001.0,120.0,0.519528
1001.0,121.0,0.483225
1001.0,122.0,0.484314
1001.0,123.0,0.521126
1001.0,124.0,0.470724
1001.0,125.0,0.496385
1001.0,126.0,0.506078
1002.0,0.0,0.516501
1002.0,1.0,0.493176
1002.0,2.0,0.476217
1002.0,3.0,0.519853
1002.0,4.0,0.506984
1002.0,5.0,0.476529
1002.0,6.0,0.505368
1002.0,7.0,0.526525
1002.0,8.0,0.498988
1002.0,9.0,0.489674
1002.0,10.0,0.498397
1002.0,11.0,0.524002
1002.0,12.0,0.486076
1002.0,13.0,0.469154
1002.0,14.0,0.481181
1002.0,15.0,0.490579
1002.0,16.0,0.501753
1002.0,17.0,0.509093
1002.0,18.0,0.475137
1002.0,19.0,0.50421
1002.0,20.0,0.506826
1002.0,21.0,0.511963
1002.0,22.0,0.483756
1002.0,23.0,0.488655
1002.0,24.0,0.503307
1002.0,25.0,0.51604
1002.0,26.0,0.499129
1002.0,27.0,0.496669
1002.0,28.0,0.488925
1002.0,29.0,0.497224
1002.0,30.0,0.487697
1002.0,31.0,0.504986
1002.0,32.0,0.510787
1002.0,33.0,0.507006
1002.0,34.0,0.488304
1002.0,35.0,0.483358
1002.0,36.0,0.52885
1002.0,37.0,0.517915
1002.0,38.0,0.481084
1002.0,39.0,0.51631
1002.0,40.0,0.48987
1002.0,41.0,0.489326
1002.0,42.0,0.521139
1002.0,43.0,0.497591
1002.0,44.0,0.487221
1002.0,45.0,0.501134
1002.0,46.0,0.475262
1002.0,47.0,0.506027
1002.0,48.0,0.507634
1002.0,49.0,0.492229
1002.0,50.0,0.536945
1002.0,51.0,0.495173
1002.0,52.0,0.467965
1002.0,53.0,0.497758
1002.0,54.0,0.496012
1002.0,55.0,0.490029
1002.0,56.0,0.475476
1002.0,57.0,0.502071
1002.0,58.0,0.491013
1002.0,59.0,0.483133
1002.0,60.0,0.494321
1002.0,61.0,0.50359
1002.0,62.0,0.489026
1002.0,63.0,0.498889
1002.0,64.0,0.530055
1002.0,65.0,0.493752
1002.0,66.0,0.515162
1002.0,67.0,0.507637
1002.0,68.0,0.476363
1002.0,69.0,0.482099
1002.0,70.0,0.514104
1002.0,71.0,0.489148
1002.0,72.0,0.513964
1002.0,73.0,0.47407
1002.0,74.0,0.526931
1002.0,75.0,0.487981
1002.0,76.0,0.484645
1002.0,77.0,0.511869
1002.0,78.0,0.516168
1002.0,79.0,0.513872
1002.0,80.0,0.481786
1002.0,81.0,0.50933
1002.0,82.0,0.513894
1002.0,83.0,0.517634
1002.0,84.0,0.492327
1002.0,85.0,0.493128
1002.0,86.0,0.510734
1002.0,87.0,0.522723
1002.0,88.0,0.499471
1002.0,89.0,0.534542
1002.0,90.0,0.508677
1002.0,91.0,0.499305
1002.0,92.0,0.501651
1002.0,93.0,0.509879
1002.0,94.0,0.491609
1002.0,95.0,0.519874
1002.0,96.0,0.518543
1002.0,97.0,0.506971
1002.0,98.0,0.508501
1002.0,99.0,0.505637
1002.0,100.0,0.482938
1002.0,101.0,0.513405
1002.0,102.0,0.502492
1002.0,103.0,0.496602
1002.0,104.0,0.510562
1002.0,105.0,0.50972
1002.0,106.0,0.488916
1002.0,107.0,0.488705
1002.0,108.0,0.534876
1002.0,109.0,0.539481
1002.0,110.0,0.511312
1002.0,111.0,0.502964
1002.0,112.0,0.494551
1002.0,113.0,0.473501
1002.0,114.0,0.507818
1002.0,115.0,0.495844
1002.0,116.0,0.495485
1002.0,117.0,0.507896
1002.0,118.0,0.4879
1002.0,119.0,0.512498
1002.0,120.0,0.518796
1002.0,121.0,0.48344
1002.0,122.0,0.485027
1002.0,123.0,0.521473
1002.0,124.0,0.470455
1002.0,125.0,0.496788
1002.0,126.0,0.506542
1003.0,0.0,0.516831
1003.0,1.0,0.493385
1003.0,2.0,0.476323
1003.0,3.0,0.520138
1003.0,4.0,0.507087
1003.0,5.0,0.475694
1003.0,6.0,0.505632
1003.0,7.0,0.525952
1003.0,8.0,0.49891
1003.0,9.0,0.489065
1003.0,10.0,0.498668
1003.0,11.0,0.524291
1003.0,12.0,0.485748
1003.0,13.0,0.469021
1003.0,14.0,0.481113
1003.0,15.0,0.490724
1003.0,16.0,0.501506
1003.0,17.0,0.509114
1003.0,18.0,0.474584
1003.0,19.0,0.503848
1003.0,20.0,0.506438
1003.0,21.0,0.511957
1003.0,22.0,0.484187
1003.0,23.0,0.489147
1003.0,24.0,0.503167
1003.0,25.0,0.516274
1003.0,26.0,0.499976
1003.0,27.0,0.496303
1003.0,28.0,0.488839
1003.0,29.0,0.496574
1003.0,30.0,0.487303
1003.0,31.0,0.504802
1003.0,32.0,0.510816
1003.0,33.0,0.505937
1003.0,34.0,0.487915
1003.0,35.0,0.482515
1003.0,36.0,0.528983
1003.0,37.0,0.517872
1003.0,38.0,0.480821
1003.0,39.0,0.515642
1003.0,40.0,0.490623
1003.0,41.0,0.48976
1003.0,42.0,0.521172
1003.0,43.0,0.497691
1003.0,44.0,0.488025
1003.0,45.0,0.501972
1003.0,46.0,0.475574
1003.0,47.0,0.506306
1003.0,48.0,0.507983
1003.0,49.0,0.492449
1003.0,50.0,0.537073
1003.0,51.0,0.495523
1003.0,52.0,0.469023
1003.0,53.0,0.497947
1003.0,54.0,0.496182
1003.0,55.0,0.489244
1003.0,56.0,0.475478
1003.0,57.0,0.502221
1003.0,58.0,0.491037
1003.0,59.0,0.483863
1003.0,60.0,0.493965
1003.0,61.0,0.504004
1003.0,62.0,0.488755
1003.0,63.0,0.499427
1003.0,64.0,0.530428
1003.0,65.0,0.493757
1003.0,66.0,0.514741
1003.0,67.0,0.507433
1003.0,68.0,0.475899
1003.0,69.0,0.482119
1003.0,70.0,0.513593
1003.0,71.0,0.489082
1003.0,72.0,0.514695
1003.0,73.0,0.474402
1003.0,74.0,0.527092
1003.0,75.0,0.488114
1003.0,76.0,0.484973
1003.0,77.0,0.512278
1003.0,78.0,0.51603
1003.0,79.0,0.513842
1003.0,80.0,0.482021
1003.0,81.0,0.510336
1003.0,82.0,0.513667
1003.0,83.0,0.517961
1003.0,84.0,0.49219
1003.0,85.0,0.492334
1003.0,86.0,0.512004
1003.0,87.0,0.523315
1003.0,88.0,0.498719
1003.0,89.0,0.534597
1003.0,90.0,0.507823
1003.0,91.0,0.50039
1003.0,92.0,0.502058
1003.0,93.0,0.509371
1003.0,94.0,0.491536
1003.0,95.0,0.519856
1003.0,96.0,0.519051
1003.0,97.0,0.505389
1003.0,98.0,0.508616
1003.0,99.0,0.505644
1003.0,100.0,0.482964
1003.0,101.0,0.512401
1003.0,102.0,0.502533
1003.0,103.0,0.4972
1003.0,104.0,0.510638
1003.0,105.0,0.51004
1003.0,106.0,0.489127
1003.0,107.0,0.488884
1003.0,108.0,0.535815
1003.0,109.0,0.538938
1003.0,110.0,0.510669
1003.0,111.0,0.503523
1003.0,112.0,0.494083
1003.0,113.0,0.474592
1003.0,114.0,0.508196
1003.0,115.0,0.495755
1003.0,116.0,0.494715
1003.0,117.0,0.50773
1003.0,118.0,0.487579
1003.0,119.0,0.512036
1003.0,120.0,0.518774
1003.0,121.0,0.483695
1003.0,122.0,0.485549
1003.0,123.0,0.521147
1003.0,124.0,0.470284
1003.0,125.0,0.497324
1003.0,126.0,0.506662
1004.0,0.0,0.51609
1004.0,1.0,0.493422
1004.0,2.0,0.476139
1004.0,3.0,0.520685
1004.0,4.0,0.506973
1004.0,5.0,0.475374
1004.0,6.0,0.505233
1004.0,7.0,0.526448
1004.0,8.0,0.499274
1004.0,9.0,0.488505
1004.0,10.0,0.500354
1004.0,11.0,0.52427
1004.0,12.0,0.485295
1004.0,13.0,0.469037
1004.0,14.0,0.481539
1004.0,15.0,0.490248
1004.0,16.0,0.501345
1004.0,17.0,0.508634
1004.0,18.0,0.474701
1004.0,19.0,0.504415
1004.0,20.0,0.504768
1004.0,21.0,0.512169
1004.0,22.0,0.484703
1004.0,23.0,0.488427
1004.0,24.0,0.503008
1004.0,25.0,0.515714
1004.0,26.0,0.499858
1004.0,27.0,0.496494
1004.0,28.0,0.489377
1004.0,29.0,0.49639
1004.0,30.0,0.487466
1004.0,31.0,0.504923
1004.0,32.0,0.510706
1004.0,33.0,0.506355
1004.0,34.0,0.488075
1004.0,35.0,0.483129
1004.0,36.0,0.529186
1004.0,37.0,0.517743
1004.0,38.0,0.481178
1004.0,39.0,0.515222
1004.0,40.0,0.49152
1004.0,41.0,0.489586
1004.0,42.0,0.521316
1004.0,43.0,0.497948
1004.0,44.0,0.488213
1004.0,45.0,0.502117
1004.0,46.0,0.475469
1004.0,47.0,0.506889
1004.0,48.0,0.507788
1004.0,49.0,0.492321
1004.0,50.0,0.536653
1004.0,51.0,0.494621
1004.0,52.0,0.469404
1004.0,53.0,0.498679
1004.0,54.0,0.496683
1004.0,55.0,0.489885
1004.0,56.0,0.476425
1004.0,57.0,0.502316
1004.0,58.0,0.490002
1004.0,59.0,0.484474
1004.0,60.0,0.494508
1004.0,61.0,0.504498
1004.0,62.0,0.488677
1004.0,63.0,0.499426
1004.0,64.0,0.528961
1004.0,65.0,0.493998
1004.0,66.0,0.514241
1004.0,67.0,0.507529
1004.0,68.0,0.476562
1004.0,69.0,0.481455
1004.0,70.0,0.513681
1004.0,71.0,0.489278
1004.0,72.0,0.515109
1004.0,73.0,0.474813
1004.0,74.0,0.527886
1004.0,75.0,0.487428
1004.0,76.0,0.484089
1004.0,77.0,0.512861
1004.0,78.0,0.516319
1004.0,79.0,0.513482
1004.0,80.0,0.482115
1004.0,81.0,0.510989
1004.0,82.0,0.513914
1004.0,83.0,0.518622
1004.0,84.0,0.49151
1004.0,85.0,0.492869
1004.0,86.0,0.511394
1004.0,87.0,0.523108
1004.0,88.0,0.4989
1004.0,89.0,0.534891
1004.0,90.0,0.50796
1004.0,91.0,0.500258
1004.0,92.0,0.502074
1004.0,93.0,0.509368
1004.0,94.0,0.49205
1004.0,95.0,0.519519
1004.0,96.0,0.519333
1004.0,97.0,0.506027
1004.0,98.0,0.508007
1004.0,99.0,0.505269
1004.0,100.0,0.482559
1004.0,101.0,0.512084
1004.0,102.0,0.502784
1004.0,103.0,0.497003
1004.0,104.0,0.510925
1004.0,105.0,0.510333
1004.0,106.0,0.488693
1004.0,107.0,0.489168
1004.0,108.0,0.535361
1004.0,109.0,0.538895
1004.0,110.0,0.510722
1004.0,111.0,0.50274
1004.0,112.0,0.493911
1004.0,113.0,0.474566
1004.0,114.0,0.507813
1004.0,115.0,0.495753
1004.0,116.0,0.494781
1004.0,117.0,0.507266
1004.0,118.0,0.487809
1004.0,119.0,0.512355
1004.0,120.0,0.519666
1004.0,121.0,0.483932
1004.0,122.0,0.485095
1004.0,123.0,0.520546
1004.0,124.0,0.469967
1004.0,125.0,0.496528
1004.0,126.0,0.506746
1005.0,0.0,0.515577
1005.0,1.0,0.493815
1005.0,2.0,0.476214
1005.0,3.0,0.521633
1005.0,4.0,0.50737
1005.0,5.0,0.475695
1005.0,6.0,0.505756
1005.0,7.0,0.527655
1005.0,8.0,0.498323
1005.0,9.0,0.488197
1005.0,10.0,0.499778
1005.0,11.0,0.525061
1005.0,12.0,0.485845
1005.0,13.0,0.468788
1005.0,14.0,0.480457
1005.0,15.0,0.490485
1005.0,16.0,0.501723
1005.0,17.0,0.509712
1005.0,18.0,0.474996
1005.0,19.0,0.50413
1005.0,20.0,0.504933
1005.0,21.0,0.512743
1005.0,22.0,0.484459
1005.0,23.0,0.488431
1005.0,24.0,0.502582
1005.0,25.0,0.5163
1005.0,26.0,0.499425
1005.0,27.0,0.496329
1005.0,28.0,0.488787
1005.0,29.0,0.496164
1005.0,30.0,0.487494
1005.0,31.0,0.505178
1005.0,32.0,0.511552
1005.0,33.0,0.506817
1005.0,34.0,0.487492
1005.0,35.0,0.482535
1005.0,36.0,0.5289
1005.0,37.0,0.517367
1005.0,38.0,0.481018
1005.0,39.0,0.51511
1005.0,40.0,0.49151
1005.0,41.0,0.489687
1005.0,42.0,0.520677
1005.0,43.0,0.497115
1005.0,44.0,0.488649
1005.0,45.0,0.501915
1005.0,46.0,0.475691
1005.0,47.0,0.50686
1005.0,48.0,0.507889
1005.0,49.0,0.492277
1005.0,50.0,0.53678
1005.0,51.0,0.493051
1005.0,52.0,0.468573
1005.0,53.0,0.499454
1005.0,54.0,0.496358
1005.0,55.0,0.490657
1005.0,56.0,0.476503
1005.0,57.0,0.50299
1005.0,58.0,0.489969
1005.0,59.0,0.484706
1005.0,60.0,0.494349
1005.0,61.0,0.503588
1005.0,62.0,0.488043
1005.0,63.0,0.500301
1005.0,64.0,0.529712
1005.0,65.0,0.494313
1005.0,66.0,0.514315
1005.0,67.0,0.507542
1005.0,68.0,0.476607
1005.0,69.0,0.482028
1005.0,70.0,0.513876
1005.0,71.0,0.490072
1005.0,72.0,0.51459
1005.0,73.0,0.474572
1005.0,74.0,0.528135
1005.0,75.0,0.486736
1005.0,76.0,0.483423
1005.0,77.0,0.513103
1005.0,78.0,0.516408
1005.0,79.0,0.513563
1005.0,80.0,0.480675
1005.0,81.0,0.511044
1005.0,82.0,0.513376
1005.0,83.0,0.518564
1005.0,84.0,0.491455
1005.0,85.0,0.492535
1005.0,86.0,0.511298
1005.0,87.0,0.522073
1005.0,88.0,0.499296
1005.0,89.0,0.535186
1005.0,90.0,0.507378
1005.0,91.0,0.500393
1005.0,92.0,0.502387
1005.0,93.0,0.509999
1005.0,94.0,0.491532
1005.0,95.0,0.519406
1005.0,96.0,0.519048
1005.0,97.0,0.505635
1005.0,98.0,0.507966
1005.0,99.0,0.503777
1005.0,100.0,0.482188
1005.0,101.0,0.51161
1005.0,102.0,0.502838
1005.0,103.0,0.497267
1005.0,104.0,0.510077
1005.0,105.0,0.511187
1005.0,106.0,0.488607
1005.0,107.0,0.488675
1005.0,108.0,0.535672
1005.0,109.0,0.539679
1005.0,110.0,0.511246
1005.0,111.0,0.502245
1005.0,112.0,0.493356
1005.0,113.0,0.475578
1005.0,114.0,0.507983
1005.0,115.0,0.49556
1005.0,116.0,0.495421
1005.0,117.0,0.506892
1005.0,118.0,0.487507
1005.0,119.0,0.511731
1005.0,120.0,0.519136
1005.0,121.0,0.48316
1005.0,122.0,0.484745
1005.0,123.0,0.520591
1005.0,124.0,0.469461
1005.0,125.0,0.496584
1005.0,126.0,0.507696
1006.0,0.0,0.515189
1006.0,1.0,0.493578
1006.0,2.0,0.476888
1006.0,3.0,0.522453
1006.0,4.0,0.507447
1006.0,5.0,0.475819
1006.0,6.0,0.505525
1006.0,7.0,0.527387
1006.0,8.0,0.498217
1006.0,9.0,0.488125
1006.0,10.0,0.500082
1006.0,11.0,0.525746
1006.0,12.0,0.486001
1006.0,13.0,0.469334
1006.0,14.0,0.480058
1006.0,15.0,0.490505
1006.0,16.0,0.501826
1006.0,17.0,0.509889
1006.0,18.0,0.475354
1006.0,19.0,0.503107
1006.0,20.0,0.504362
1006.0,21.0,0.512975
1006.0,22.0,0.484736
1006.0,23.0,0.48859
1006.0,24.0,0.502686
1006.0,25.0,0.516573
1006.0,26.0,0.499788
1006.0,27.0,0.496757
1006.0,28.0,0.488891
1006.0,29.0,0.496324
1006.0,30.0,0.487022
1006.0,31.0,0.505006
1006.0,32.0,0.511076
1006.0,33.0,0.506946
1006.0,34.0,0.486958
1006.0,35.0,0.482575
1006.0,36.0,0.528129
1006.0,37.0,0.518027
1006.0,38.0,0.481162
1006.0,39.0,0.514895
1006.0,40.0,0.491634
1006.0,41.0,0.488875
1006.0,42.0,0.520319
1006.0,43.0,0.496691
1006.0,44.0,0.488372
1006.0,45.0,0.50138
1006.0,46.0,0.475844
1006.0,47.0,0.506833
1006.0,48.0,0.507533
1006.0,49.0,0.491202
1006.0,50.0,0.537481
1006.0,51.0,0.493009
1006.0,52.0,0.468089
1006.0,53.0,0.499342
1006.0,54.0,0.496219
1006.0,55.0,0.49092
1006.0,56.0,0.476597
1006.0,57.0,0.502908
1006.0,58.0,0.490252
1006.0,59.0,0.485161
1006.0,60.0,0.493561
1006.0,61.0,0.503928
1006.0,62.0,0.48775
1006.0,63.0,0.500035
1006.0,64.0,0.529118
1006.0,65.0,0.494144
1006.0,66.0,0.514275
1006.0,67.0,0.507367
1006.0,68.0,0.476934
1006.0,69.0,0.481566
1006.0,70.0,0.514468
1006.0,71.0,0.491539
1006.0,72.0,0.514118
1006.0,73.0,0.475025
1006.0,74.0,0.528723
1006.0,75.0,0.486627
1006.0,76.0,0.483244
1006.0,77.0,0.51373
1006.0,78.0,0.51617
1006.0,79.0,0.513175
1006.0,80.0,0.480551
1006.0,81.0,0.510773
1006.0,82.0,0.513956
1006.0,83.0,0.519191
1006.0,84.0,0.491143
1006.0,85.0,0.492614
1006.0,86.0,0.511406
1006.0,87.0,0.521921
1006.0,88.0,0.498699
1006.0,89.0,0.534964
1006.0,90.0,0.506992
1006.0,91.0,0.500355
1006.0,92.0,0.502445
1006.0,93.0,0.509726
1006.0,94.0,0.49179
1006.0,95.0,0.520027
1006.0,96.0,0.518754
1006.0,97.0,0.505454
1006.0,98.0,0.508628
1006.0,99.0,0.503614
1006.0,100.0,0.482399
1006.0,101.0,0.511998
1006.0,102.0,0.503432
1006.0,103.0,0.496434
1006.0,104.0,0.510238
1006.0,105.0,0.511277
1006.0,106.0,0.488851
1006.0,107.0,0.48867
1006.0,108.0,0.535722
1006.0,109.0,0.539418
1006.0,110.0,0.511382
1006.0,111.0,0.502178
1006.0,112.0,0.494191
1006.0,113.0,0.474938
1006.0,114.0,0.507808
1006.0,115.0,0.495569
1006.0,116.0,0.494907
1006.0,117.0,0.507122
1006.0,118.0,0.487819
1006.0,119.0,0.511328
1006.0,120.0,0.518887
1006.0,121.0,0.48308
1006.0,122.0,0.485271
1006.0,123.0,0.52032
1006.0,124.0,0.469119
1006.0,125.0,0.495913
1006.0,126.0,0.506443
1007.0,0.0,0.515697
1007.0,1.0,0.494411
1007.0,2.0,0.475899
1007.0,3.0,0.522159
1007.0,4.0,0.50747
1007.0,5.0,0.475478
1007.0,6.0,0.505226
1007.0,7.0,0.527253
1007.0,8.0,0.499032
1007.0,9.0,0.489056
1007.0,10.0,0.500536
1007.0,11.0,0.525846
1007.0,12.0,0.487557
1007.0,13.0,0.470094
1007.0,14.0,0.480501
1007.0,15.0,0.489584
1007.0,16.0,0.501553
1007.0,17.0,0.509521
1007.0,18.0,0.475388
1007.0,19.0,0.502797
1007.0,20.0,0.505198
1007.0,21.0,0.512639
1007.0,22.0,0.484746
1007.0,23.0,0.488963
1007.0,24.0,0.502994
1007.0,25.0,0.516982
1007.0,26.0,0.499507
1007.0,27.0,0.49647
1007.0,28.0,0.487867
1007.0,29.0,0.495518
1007.0,30.0,0.487897
1007.0,31.0,0.504547
1007.0,32.0,0.5116
1007.0,33.0,0.506373
1007.0,34.0,0.487202
1007.0,35.0,0.48263
1007.0,36.0,0.527786
1007.0,37.0,0.517437
1007.0,38.0,0.480434
1007.0,39.0,0.515342
1007.0,40.0,0.490763
1007.0,41.0,0.489414
1007.0,42.0,0.521709
1007.0,43.0,0.496214
1007.0,44.0,0.488191
1007.0,45.0,0.501666
1007.0,46.0,0.476358
1007.0,47.0,0.506573
1007.0,48.0,0.506926
1007.0,49.0,0.490983
1007.0,50.0,0.537292
1007.0,51.0,0.493115
1007.0,52.0,0.468221
1007.0,53.0,0.499298
1007.0,54.0,0.495258
1007.0,55.0,0.491355
1007.0,56.0,0.475763
1007.0,57.0,0.502332
1007.0,58.0,0.490415
1007.0,59.0,0.485617
1007.0,60.0,0.493465
1007.0,61.0,0.503504
1007.0,62.0,0.487616
1007.0,63.0,0.499649
1007.0,64.0,0.528536
1007.0,65.0,0.494434
1007.0,66.0,0.513483
1007.0,67.0,0.507587
1007.0,68.0,0.477039
1007.0,69.0,0.481595
1007.0,70.0,0.513796
1007.0,71.0,0.49128
1007.0,72.0,0.514078
1007.0,73.0,0.474986
1007.0,74.0,0.528494
1007.0,75.0,0.486329
1007.0,76.0,0.482911
1007.0,77.0,0.514076
1007.0,78.0,0.515995
1007.0,79.0,0.512495
1007.0,80.0,0.480749
1007.0,81.0,0.511554
1007.0,82.0,0.514239
1007.0,83.0,0.519413
1007.0,84.0,0.490707
1007.0,85.0,0.493061
1007.0,86.0,0.511288
1007.0,87.0,0.522872
1007.0,88.0,0.498358
1007.0,89.0,0.534606
1007.0,90.0,0.507289
1007.0,91.0,0.500982
1007.0,92.0,0.5027
1007.0,93.0,0.509601
1007.0,94.0,0.491898
1007.0,95.0,0.520143
1007.0,96.0,0.518032
1007.0,97.0,0.50632
1007.0,98.0,0.508844
1007.0,99.0,0.503669
1007.0,100.0,0.482474
1007.0,101.0,0.511315
1007.0,102.0,0.503434
1007.0,103.0,0.496658
1007.0,104.0,0.509873
1007.0,105.0,0.511935
1007.0,106.0,0.488408
1007.0,107.0,0.489296
1007.0,108.0,0.536114
1007.0,109.0,0.538942
1007.0,110.0,0.510878
1007.0,111.0,0.501876
1007.0,112.0,0.494681
1007.0,113.0,0.475771
1007.0,114.0,0.50785
1007.0,115.0,0.496508
1007.0,116.0,0.494894
1007.0,117.0,0.506845
1007.0,118.0,0.488979
1007.0,119.0,0.510941
1007.0,120.0,0.518692
1007.0,121.0,0.482525
1007.0,122.0,0.485016
1007.0,123.0,0.520561
1007.0,124.0,0.468942
1007.0,125.0,0.494701
1007.0,126.0,0.506351
1008.0,0.0,0.516248
1008.0,1.0,0.494376
1008.0,2.0,0.476508
1008.0,3.0,0.521522
1008.0,4.0,0.507398
1008.0,5.0,0.476071
1008.0,6.0,0.504028
1008.0,7.0,0.52797
1008.0,8.0,0.499022
1008.0,9.0,0.489629
1008.0,10.0,0.500263
1008.0,11.0,0.525966
1008.0,12.0,0.487812
1008.0,13.0,0.469701
1008.0,14.0,0.479991
1008.0,15.0,0.489736
1008.0,16.0,0.5006
1008.0,17.0,0.508678
1008.0,18.0,0.475594
1008.0,19.0,0.502137
1008.0,20.0,0.505508
1008.0,21.0,0.512138
1008.0,22.0,0.485257
1008.0,23.0,0.489221
1008.0,24.0,0.502718
1008.0,25.0,0.516851
1008.0,26.0,0.499209
1008.0,27.0,0.497517
1008.0,28.0,0.488243
1008.0,29.0,0.495436
1008.0,30.0,0.488269
1008.0,31.0,0.504996
1008.0,32.0,0.511294
1008.0,33.0,0.506807
1008.0,34.0,0.487357
1008.0,35.0,0.482821
1008.0,36.0,0.527807
1008.0,37.0,0.517645
1008.0,38.0,0.480095
1008.0,39.0,0.515053
1008.0,40.0,0.490856
1008.0,41.0,0.489071
1008.0,42.0,0.523412
1008.0,43.0,0.496938
1008.0,44.0,0.487668
1008.0,45.0,0.501149
1008.0,46.0,0.476358
1008.0,47.0,0.506521
1008.0,48.0,0.506967
1008.0,49.0,0.490086
1008.0,50.0,0.537152
1008.0,51.0,0.49308
1008.0,52.0,0.467792
1008.0,53.0,0.499262
1008.0,54.0,0.495629
1008.0,55.0,0.49196
1008.0,56.0,0.476015
1008.0,57.0,0.50303
1008.0,58.0,0.490631
1008.0,59.0,0.485497
1008.0,60.0,0.493675
1008.0,61.0,0.502883
1008.0,62.0,0.48733
1008.0,63.0,0.499285
1008.0,64.0,0.528843
1008.0,65.0,0.494895
1008.0,66.0,0.513316
1008.0,67.0,0.507745
1008.0,68.0,0.476398
1008.0,69.0,0.481225
1008.0,70.0,0.514539
1008.0,71.0,0.491267
1008.0,72.0,0.514428
1008.0,73.0,0.474988
1008.0,74.0,0.52819
1008.0,75.0,0.485132
1008.0,76.0,0.483774
1008.0,77.0,0.514186
1008.0,78.0,0.516458
1008.0,79.0,0.512384
1008.0,80.0,0.481393
1008.0,81.0,0.511464
1008.0,82.0,0.513549
1008.0,83.0,0.519441
1008.0,84.0,0.490267
1008.0,85.0,0.493165
1008.0,86.0,0.510568
1008.0,87.0,0.522472
1008.0,88.0,0.497801
1008.0,89.0,0.534532
1008.0,90.0,0.507689
1008.0,91.0,0.500635
1008.0,92.0,0.502027
1008.0,93.0,0.509482
1008.0,94.0,0.491791
1008.0,95.0,0.520082
1008.0,96.0,0.518409
1008.0,97.0,0.50592
1008.0,98.0,0.509064
1008.0,99.0,0.503305
1008.0,100.0,0.482878
1008.0,101.0,0.511269
1008.0,102.0,0.504573
1008.0,103.0,0.496218
1008.0,104.0,0.510499
1008.0,105.0,0.511565
1008.0,106.0,0.48809
1008.0,107.0,0.489028
1008.0,108.0,0.536446
1008.0,109.0,0.53901
1008.0,110.0,0.510671
1008.0,111.0,0.502092
1008.0,112.0,0.495163
1008.0,113.0,0.475338
1008.0,114.0,0.506983
1008.0,115.0,0.495763
1008.0,116.0,0.494389
1008.0,117.0,0.506996
1008.0,118.0,0.488818
1008.0,119.0,0.511474
1008.0,120.0,0.518479
1008.0,121.0,0.482166
1008.0,122.0,0.485374
1008.0,123.0,0.521039
1008.0,124.0,0.468703
1008.0,125.0,0.495056
1008.0,126.0,0.506999
1009.0,0.0,0.515441
1009.0,1.0,0.494939
1009.0,2.0,0.477061
1009.0,3.0,0.521966
1009.0,4.0,0.506693
1009.0,5.0,0.476603
1009.0,6.0,0.503482
1009.0,7.0,0.528068
1009.0,8.0,0.499388
1009.0,9.0,0.489021
1009.0,10.0,0.500547
1009.0,11.0,0.525396
1009.0,12.0,0.487961
1009.0,13.0,0.470285
1009.0,14.0,0.479979
1009.0,15.0,0.489697
1009.0,16.0,0.500247
1009.0,17.0,0.508579
1009.0,18.0,0.475082
1009.0,19.0,0.502348
1009.0,20.0,0.505965
1009.0,21.0,0.511098
1009.0,22.0,0.484574
1009.0,23.0,0.488086
1009.0,24.0,0.503606
1009.0,25.0,0.516919
1009.0,26.0,0.499627
1009.0,27.0,0.497121
1009.0,28.0,0.487874
1009.0,29.0,0.496391
1009.0,30.0,0.48731
1009.0,31.0,0.505297
1009.0,32.0,0.511451
1009.0,33.0,0.507394
1009.0,34.0,0.485972
1009.0,35.0,0.483119
1009.0,36.0,0.527269
1009.0,37.0,0.517541
1009.0,38.0,0.480521
1009.0,39.0,0.514672
1009.0,40.0,0.490551
1009.0,41.0,0.489051
1009.0,42.0,0.522994
1009.0,43.0,0.496712
1009.0,44.0,0.487523
1009.0,45.0,0.501719
1009.0,46.0,0.475698
1009.0,47.0,0.507167
1009.0,48.0,0.506514
1009.0,49.0,0.490782
1009.0,50.0,0.537272
1009.0,51.0,0.493653
1009.0,52.0,0.468022
1009.0,53.0,0.498302
1009.0,54.0,0.496063
1009.0,55.0,0.492092
1009.0,56.0,0.475526
1009.0,57.0,0.503628
1009.0,58.0,0.491027
1009.0,59.0,0.48556
1009.0,60.0,0.494107
1009.0,61.0,0.503008
1009.0,62.0,0.488515
1009.0,63.0,0.499372
1009.0,64.0,0.529468
1009.0,65.0,0.495717
1009.0,66.0,0.513511
1009.0,67.0,0.507531
1009.0,68.0,0.47622
1009.0,69.0,0.481216
1009.0,70.0,0.513233
1009.0,71.0,0.491431
1009.0,72.0,0.513908
1009.0,73.0,0.474113
1009.0,74.0,0.528602
1009.0,75.0,0.4853
1009.0,76.0,0.484009
1009.0,77.0,0.513759
1009.0,78.0,0.516001
1009.0,79.0,0.512271
1009.0,80.0,0.481224
1009.0,81.0,0.511751
1009.0,82.0,0.513826
1009.0,83.0,0.519417
1009.0,84.0,0.489365
1009.0,85.0,0.492204
1009.0,86.0,0.5088
1009.0,87.0,0.521417
1009.0,88.0,0.49831
1009.0,89.0,0.534534
1009.0,90.0,0.508317
1009.0,91.0,0.501312
1009.0,92.0,0.501582
1009.0,93.0,0.509057
1009.0,94.0,0.491022
1009.0,95.0,0.520016
1009.0,96.0,0.518809
1009.0,97.0,0.505832
1009.0,98.0,0.509362
1009.0,99.0,0.504154
1009.0,100.0,0.481916
1009.0,101.0,0.511475
1009.0,102.0,0.505189
1009.0,103.0,0.497308
1009.0,104.0,0.510248
1009.0,105.0,0.51125
1009.0,106.0,0.488345
1009.0,107.0,0.488704
1009.0,108.0,0.53665
1009.0,109.0,0.539677
1009.0,110.0,0.51014
1009.0,111.0,0.502797
1009.0,112.0,0.494829
1009.0,113.0,0.474896
1009.0,114.0,0.507344
1009.0,115.0,0.495322
1009.0,116.0,0.495302
1009.0,117.0,0.507288
1009.0,118.0,0.490167
1009.0,119.0,0.510755
1009.0,120.0,0.519166
1009.0,121.0,0.481927
1009.0,122.0,0.485269
1009.0,123.0,0.52091
1009.0,124.0,0.468502
1009.0,125.0,0.495567
1009.0,126.0,0.506883
1010.0,0.0,0.515433
1010.0,1.0,0.495463
1010.0,2.0,0.478498
1010.0,3.0,0.522409
1010.0,4.0,0.506732
1010.0,5.0,0.477124
1010.0,6.0,0.503298
1010.0,7.0,0.528149
1010.0,8.0,0.49968
1010.0,9.0,0.488661
1010.0,10.0,0.50002
1010.0,11.0,0.526026
1010.0,12.0,0.488114
1010.0,13.0,0.470811
1010.0,14.0,0.479457
1010.0,15.0,0.489219
1010.0,16.0,0.49991
1010.0,17.0,0.508436
1010.0,18.0,0.475111
1010.0,19.0,0.502681
1010.0,20.0,0.506261
1010.0,21.0,0.509497
1010.0,22.0,0.484825
1010.0,23.0,0.488504
1010.0,24.0,0.503418
1010.0,25.0,0.51654
1010.0,26.0,0.500062
1010.0,27.0,0.496943
1010.0,28.0,0.487341
1010.0,29.0,0.497119
1010.0,30.0,0.487954
1010.0,31.0,0.505015
1010.0,32.0,0.511787
1010.0,33.0,0.507573
1010.0,34.0,0.486454
1010.0,35.0,0.483978
1010.0,36.0,0.527682
1010.0,37.0,0.51748
1010.0,38.0,0.479719
1010.0,39.0,0.514084
1010.0,40.0,0.490726
1010.0,41.0,0.489245
1010.0,42.0,0.523047
1010.0,43.0,0.496807
1010.0,44.0,0.487792
1010.0,45.0,0.502062
1010.0,46.0,0.474849
1010.0,47.0,0.506762
1010.0,48.0,0.506693
1010.0,49.0,0.491365
1010.0,50.0,0.536824
1010.0,51.0,0.494528
1010.0,52.0,0.468452
1010.0,53.0,0.498372
1010.0,54.0,0.496868
1010.0,55.0,0.492062
1010.0,56.0,0.475632
1010.0,57.0,0.503652
1010.0,58.0,0.491257
1010.0,59.0,0.485486
1010.0,60.0,0.493292
1010.0,61.0,0.503713
1010.0,62.0,0.488747
1010.0,63.0,0.49981
1010.0,64.0,0.5289
1010.0,65.0,0.496031
1010.0,66.0,0.513055
1010.0,67.0,0.507539
1010.0,68.0,0.476105
1010.0,69.0,0.481154
1010.0,70.0,0.513587
1010.0,71.0,0.491231
1010.0,72.0,0.513563
1010.0,73.0,0.473213
1010.0,74.0,0.528033
1010.0,75.0,0.484682
1010.0,76.0,0.483904
1010.0,77.0,0.51429
1010.0,78.0,0.515155
1010.0,79.0,0.512399
1010.0,80.0,0.481765
1010.0,81.0,0.511784
1010.0,82.0,0.514292
1010.0,83.0,0.518858
1010.0,84.0,0.489558
1010.0,85.0,0.49201
1010.0,86.0,0.509244
1010.0,87.0,0.521321
1010.0,88.0,0.498327
1010.0,89.0,0.533998
1010.0,90.0,0.508547
1010.0,91.0,0.501241
1010.0,92.0,0.50186
1010.0,93.0,0.508632
1010.0,94.0,0.491047
1010.0,95.0,0.520328
1010.0,96.0,0.518383
1010.0,97.0,0.505714
1010.0,98.0,0.50957
1010.0,99.0,0.504466
1010.0,100.0,0.481684
1010.0,101.0,0.511994
1010.0,102.0,0.504869
1010.0,103.0,0.498465
1010.0,104.0,0.50999
1010.0,105.0,0.512058
1010.0,106.0,0.488222
1010.0,107.0,0.48845
1010.0,108.0,0.535543
1010.0,109.0,0.539368
1010.0,110.0,0.510165
1010.0,111.0,0.501976
1010.0,112.0,0.495071
1010.0,113.0,0.475587
1010.0,114.0,0.506556
1010.0,115.0,0.495104
1010.0,116.0,0.49472
1010.0,117.0,0.507232
1010.0,118.0,0.490789
1010.0,119.0,0.509886
1010.0,120.0,0.518656
1010.0,121.0,0.481406
1010.0,122.0,0.485068
1010.0,123.0,0.520641
1010.0,124.0,0.468954
1010.0,125.0,0.496405
1010.0,126.0,0.507174
2000.0,0.0,0.513517
2000.0,1.0,0.50092
2000.0,2.0,0.473299
2000.0,3.0,0.512623
2000.0,4.0,0.502757
2000.0,5.0,0.487277
2000.0,6.0,0.474067
2000.0,7.0,0.532764
2000.0,8.0,0.495786
2000.0,9.0,0.493857
2000.0,10.0,0.471638
2000.0,11.0,0.488864
2000.0,12.0,0.510434
2000.0,13.0,0.470099
2000.0,14.0,0.484969
2000.0,15.0,0.510072
2000.0,16.0,0.491628
2000.0,17.0,0.514462
2000.0,18.0,0.472078
2000.0,19.0,0.481354
2000.0,20.0,0.508067
2000.0,21.0,0.498291
2000.0,22.0,0.477807
2000.0,23.0,0.501875
2000.0,24.0,0.494003
2000.0,25.0,0.524891
2000.0,26.0,0.49136
2000.0,27.0,0.509374
2000.0,28.0,0.473578
2000.0,29.0,0.491874
2000.0,30.0,0.468939
2000.0,31.0,0.510047
2000.0,32.0,0.47801
2000.0,33.0,0.520725
2000.0,34.0,0.490106
2000.0,35.0,0.466984
2000.0,36.0,0.539704
2000.0,37.0,0.516781
2000.0,38.0,0.482506
2000.0,39.0,0.475797
2000.0,40.0,0.483407
2000.0,41.0,0.493149
2000.0,42.0,0.536968
2000.0,43.0,0.487948
2000.0,44.0,0.459945
2000.0,45.0,0.522855
2000.0,46.0,0.479742
2000.0,47.0,0.490585
2000.0,48.0,0.51514
2000.0,49.0,0.479766
2000.0,50.0,0.563321
2000.0,51.0,0.502508
2000.0,52.0,0.481382
2000.0,53.0,0.504798
2000.0,54.0,0.488256
2000.0,55.0,0.514323
2000.0,56.0,0.504248
2000.0,57.0,0.47386
2000.0,58.0,0.479471
2000.0,59.0,0.488046
2000.0,60.0,0.516836
2000.0,61.0,0.505724
2000.0,62.0,0.502468
2000.0,63.0,0.50699
2000.0,64.0,0.515067
2000.0,65.0,0.485518
2000.0,66.0,0.531966
2000.0,67.0,0.477034
2000.0,68.0,0.480026
2000.0,69.0,0.469924
2000.0,70.0,0.497628
2000.0,71.0,0.494134
2000.0,72.0,0.521879
2000.0,73.0,0.480158
2000.0,74.0,0.524313
2000.0,75.0,0.479273
2000.0,76.0,0.449605
2000.0,77.0,0.52752
2000.0,78.0,0.497322
2000.0,79.0,0.509397
2000.0,80.0,0.477811
2000.0,81.0,0.485252
2000.0,82.0,0.499989
2000.0,83.0,0.533148
2000.0,84.0,0.485921
2000.0,85.0,0.50597
2000.0,86.0,0.495568
2000.0,87.0,0.52582
2000.0,88.0,0.513548
2000.0,89.0,0.518294
2000.0,90.0,0.530242
2000.0,91.0,0.520393
2000.0,92.0,0.496539
2000.0,93.0,0.468862
2000.0,94.0,0.483193
2000.0,95.0,0.524509
2000.0,96.0,0.512106
2000.0,97.0,0.527388
2000.0,98.0,0.506876
2000.0,99.0,0.503662
2000.0,100.0,0.469706
2000.0,101.0,0.514041
2000.0,102.0,0.504516
2000.0,103.0,0.46321
2000.0,104.0,0.526649
2000.0,105.0,0.527299
2000.0,106.0,0.501221
2000.0,107.0,0.499861
2000.0,108.0,0.541755
2000.0,109.0,0.53715
2000.0,110.0,0.500288
2000.0,111.0,0.501437
2000.0,112.0,0.489995
2000.0,113.0,0.464539
2000.0,114.0,0.504087
2000.0,115.0,0.493938
2000.0,116.0,0.517877
2000.0,117.0,0.483769
2000.0,118.0,0.498549
2000.0,119.0,0.526663
2000.0,120.0,0.554959
2000.0,121.0,0.446413
2000.0,122.0,0.467684
2000.0,123.0,0.553251
2000.0,124.0,0.472299
2000.0,125.0,0.517608
2000.0,126.0,0.512874
2001.0,0.0,0.512693
2001.0,1.0,0.501835
2001.0,2.0,0.473928
2001.0,3.0,0.512864
2001.0,4.0,0.50246
2001.0,5.0,0.486337
2001.0,6.0,0.474309
2001.0,7.0,0.532739
2001.0,8.0,0.495602
2001.0,9.0,0.492912
2001.0,10.0,0.472469
2001.0,11.0,0.48952
2001.0,12.0,0.510157
2001.0,13.0,0.469175
2001.0,14.0,0.48443
2001.0,15.0,0.511148
2001.0,16.0,0.492367
2001.0,17.0,0.513551
2001.0,18.0,0.472435
2001.0,19.0,0.481524
2001.0,20.0,0.508154
2001.0,21.0,0.498613
2001.0,22.0,0.477645
2001.0,23.0,0.502109
2001.0,24.0,0.494103
2001.0,25.0,0.523861
2001.0,26.0,0.491534
2001.0,27.0,0.509209
2001.0,28.0,0.47236
2001.0,29.0,0.491929
2001.0,30.0,0.468961
2001.0,31.0,0.509925
2001.0,32.0,0.477975
2001.0,33.0,0.521265
2001.0,34.0,0.490155
2001.0,35.0,0.467248
2001.0,36.0,0.540624
2001.0,37.0,0.515422
2001.0,38.0,0.482438
2001.0,39.0,0.475238
2001.0,40.0,0.483536
2001.0,41.0,0.494242
2001.0,42.0,0.536223
2001.0,43.0,0.488248
2001.0,44.0,0.460461
2001.0,45.0,0.522739
2001.0,46.0,0.479673
2001.0,47.0,0.49057
2001.0,48.0,0.514845
2001.0,49.0,0.480011
2001.0,50.0,0.563753
2001.0,51.0,0.50214
2001.0,52.0,0.48173
2001.0,53.0,0.505097
2001.0,54.0,0.488883
2001.0,55.0,0.514217
2001.0,56.0,0.503771
2001.0,57.0,0.474342
2001.0,58.0,0.479442
2001.0,59.0,0.487798
2001.0,60.0,0.517155
2001.0,61.0,0.506233
2001.0,62.0,0.502221
2001.0,63.0,0.507282
2001.0,64.0,0.514816
2001.0,65.0,0.485387
2001.0,66.0,0.53236
2001.0,67.0,0.476806
2001.0,68.0,0.47908
2001.0,69.0,0.469915
2001.0,70.0,0.497516
2001.0,71.0,0.4935
2001.0,72.0,0.521153
2001.0,73.0,0.479678
2001.0,74.0,0.523806
2001.0,75.0,0.479706
2001.0,76.0,0.449749
2001.0,77.0,0.527814
2001.0,78.0,0.497353
2001.0,79.0,0.509452
2001.0,80.0,0.478864
2001.0,81.0,0.486074
2001.0,82.0,0.499757
2001.0,83.0,0.533246
2001.0,84.0,0.486172
2001.0,85.0,0.50595
2001.0,86.0,0.494722
2001.0,87.0,0.5251
2001.0,88.0,0.513531
2001.0,89.0,0.517629
2001.0,90.0,0.530856
2001.0,91.0,0.520445
2001.0,92.0,0.496914
2001.0,93.0,0.469372
2001.0,94.0,0.483065
2001.0,95.0,0.524217
2001.0,96.0,0.511688
2001.0,97.0,0.527113
2001.0,98.0,0.507818
2001.0,99.0,0.503872
2001.0,100.0,0.468472
2001.0,101.0,0.514296
2001.0,102.0,0.504415
2001.0,103.0,0.462426
2001.0,104.0,0.527401
2001.0,105.0,0.527528
2001.0,106.0,0.501043
2001.0,107.0,0.499514
2001.0,108.0,0.542052
2001.0,109.0,0.537041
2001.0,110.0,0.50018
2001.0,111.0,0.500643
2001.0,112.0,0.490072
2001.0,113.0,0.464543
2001.0,114.0,0.503452
2001.0,115.0,0.492722
2001.0,116.0,0.518384
2001.0,117.0,0.483184
2001.0,118.0,0.498057
2001.0,119.0,0.52704
2001.0,120.0,0.555086
2001.0,121.0,0.447073
2001.0,122.0,0.467745
2001.0,123.0,0.553463
2001.0,124.0,0.472505
2001.0,125.0,0.51733
2001.0,126.0,0.512797
2002.0,0.0,0.51248
2002.0,1.0,0.501495
2002.0,2.0,0.47392
2002.0,3.0,0.513335
2002.0,4.0,0.501358
2002.0,5.0,0.486256
2002.0,6.0,0.474244
2002.0,7.0,0.53272
2002.0,8.0,0.49539
2002.0,9.0,0.492652
2002.0,10.0,0.472429
2002.0,11.0,0.489341
2002.0,12.0,0.509877
2002.0,13.0,0.469087
2002.0,14.0,0.48399
2002.0,15.0,0.511523
2002.0,16.0,0.492074
2002.0,17.0,0.513618
2002.0,18.0,0.47228
2002.0,19.0,0.480853
2002.0,20.0,0.507865
2002.0,21.0,0.498988
2002.0,22.0,0.477812
2002.0,23.0,0.502123
2002.0,24.0,0.493365
2002.0,25.0,0.524714
2002.0,26.0,0.491258
2002.0,27.0,0.50943
2002.0,28.0,0.472146
2002.0,29.0,0.492466
2002.0,30.0,0.46865
2002.0,31.0,0.510159
2002.0,32.0,0.478057
2002.0,33.0,0.521471
2002.0,34.0,0.489561
2002.0,35.0,0.467451
2002.0,36.0,0.540316
2002.0,37.0,0.515307
2002.0,38.0,0.482334
2002.0,39.0,0.474926
2002.0,40.0,0.483728
2002.0,41.0,0.494373
2002.0,42.0,0.536639
2002.0,43.0,0.488834
2002.0,44.0,0.460423
2002.0,45.0,0.522501
2002.0,46.0,0.479547
2002.0,47.0,0.489948
2002.0,48.0,0.515033
2002.0,49.0,0.478938
2002.0,50.0,0.564228
2002.0,51.0,0.502388
2002.0,52.0,0.481364
2002.0,53.0,0.504883
2002.0,54.0,0.489737
2002.0,55.0,0.514122
2002.0,56.0,0.504285
2002.0,57.0,0.474863
2002.0,58.0,0.479056
2002.0,59.0,0.488051
2002.0,60.0,0.517867
2002.0,61.0,0.50575
2002.0,62.0,0.50245
2002.0,63.0,0.507622
2002.0,64.0,0.515278
2002.0,65.0,0.485762
2002.0,66.0,0.533075
2002.0,67.0,0.476604
2002.0,68.0,0.479304
2002.0,69.0,0.469405
2002.0,70.0,0.497779
2002.0,71.0,0.493758
2002.0,72.0,0.52081
2002.0,73.0,0.478254
2002.0,74.0,0.524125
2002.0,75.0,0.478711
2002.0,76.0,0.449631
2002.0,77.0,0.528049
2002.0,78.0,0.497501
2002.0,79.0,0.50966
2002.0,80.0,0.479603
2002.0,81.0,0.485983
2002.0,82.0,0.49971
2002.0,83.0,0.531946
2002.0,84.0,0.486898
2002.0,85.0,0.50688
2002.0,86.0,0.494354
2002.0,87.0,0.525183
2002.0,88.0,0.514089
2002.0,89.0,0.518387
2002.0,90.0,0.531103
2002.0,91.0,0.519675
2002.0,92.0,0.49727
2002.0,93.0,0.468792
2002.0,94.0,0.482737
2002.0,95.0,0.525105
2002.0,96.0,0.511723
2002.0,97.0,0.5271
2002.0,98.0,0.507825
2002.0,99.0,0.504872
2002.0,100.0,0.467797
2002.0,101.0,0.514763
2002.0,102.0,0.504384
2002.0,103.0,0.462327
2002.0,104.0,0.527773
2002.0,105.0,0.52686
2002.0,106.0,0.500748
2002.0,107.0,0.499615
2002.0,108.0,0.542115
2002.0,109.0,0.536961
2002.0,110.0,0.499301
2002.0,111.0,0.499754
2002.0,112.0,0.490223
2002.0,113.0,0.464386
2002.0,114.0,0.503096
2002.0,115.0,0.492482
2002.0,116.0,0.518021
2002.0,117.0,0.483266
2002.0,118.0,0.498133
2002.0,119.0,0.526603
2002.0,120.0,0.55439
2002.0,121.0,0.447139
2002.0,122.0,0.467415
2002.0,123.0,0.553825
2002.0,124.0,0.472557
2002.0,125.0,0.516515
2002.0,126.0,0.512541
2003.0,0.0,0.513942
2003.0,1.0,0.500779
2003.0,2.0,0.473885
2003.0,3.0,0.512664
2003.0,4.0,0.501664
2003.0,5.0,0.485317
2003.0,6.0,0.473686
2003.0,7.0,0.532595
2003.0,8.0,0.496034
2003.0,9.0,0.492899
2003.0,10.0,0.471825
2003.0,11.0,0.489784
2003.0,12.0,0.511089
2003.0,13.0,0.4697
2003.0,14.0,0.482449
2003.0,15.0,0.511748
2003.0,16.0,0.491611
2003.0,17.0,0.514154
2003.0,18.0,0.471501
2003.0,19.0,0.481059
2003.0,20.0,0.507569
2003.0,21.0,0.499118
2003.0,22.0,0.477676
2003.0,23.0,0.502358
2003.0,24.0,0.493381
2003.0,25.0,0.524489
2003.0,26.0,0.491449
2003.0,27.0,0.509399
2003.0,28.0,0.472228
2003.0,29.0,0.492173
2003.0,30.0,0.468037
2003.0,31.0,0.510522
2003.0,32.0,0.477745
2003.0,33.0,0.521436
2003.0,34.0,0.488581
2003.0,35.0,0.46852
2003.0,36.0,0.539975
2003.0,37.0,0.515467
2003.0,38.0,0.481486
2003.0,39.0,0.474645
2003.0,40.0,0.483497
2003.0,41.0,0.495405
2003.0,42.0,0.536852
2003.0,43.0,0.488256
2003.0,44.0,0.459614
2003.0,45.0,0.522542
2003.0,46.0,0.479393
2003.0,47.0,0.489571
2003.0,48.0,0.514877
2003.0,49.0,0.479034
2003.0,50.0,0.564239
2003.0,51.0,0.50141
2003.0,52.0,0.481154
2003.0,53.0,0.504953
2003.0,54.0,0.489614
2003.0,55.0,0.514446
2003.0,56.0,0.504669
2003.0,57.0,0.474841
2003.0,58.0,0.479071
2003.0,59.0,0.487991
2003.0,60.0,0.517456
2003.0,61.0,0.505048
2003.0,62.0,0.502219
2003.0,63.0,0.507925
2003.0,64.0,0.515283
2003.0,65.0,0.484971
2003.0,66.0,0.533048
2003.0,67.0,0.476544
2003.0,68.0,0.47988
2003.0,69.0,0.469832
2003.0,70.0,0.49804
2003.0,71.0,0.494066
2003.0,72.0,0.520039
2003.0,73.0,0.477675
2003.0,74.0,0.523844
2003.0,75.0,0.478202
2003.0,76.0,0.450233
2003.0,77.0,0.528406
2003.0,78.0,0.496916
2003.0,79.0,0.509671
2003.0,80.0,0.478384
2003.0,81.0,0.485937
2003.0,82.0,0.499255
2003.0,83.0,0.531964
2003.0,84.0,0.486143
2003.0,85.0,0.507558
2003.0,86.0,0.494457
2003.0,87.0,0.525344
2003.0,88.0,0.514335
2003.0,89.0,0.518524
2003.0,90.0,0.530878
2003.0,91.0,0.519706
2003.0,92.0,0.497366
2003.0,93.0,0.468827
2003.0,94.0,0.482845
2003.0,95.0,0.524586
2003.0,96.0,0.51196
2003.0,97.0,0.526697
2003.0,98.0,0.507208
2003.0,99.0,0.504845
2003.0,100.0,0.467589
2003.0,101.0,0.515333
2003.0,102.0,0.5036
2003.0,103.0,0.461736
2003.0,104.0,0.527722
2003.0,105.0,0.526735
2003.0,106.0,0.500477
2003.0,107.0,0.49924
2003.0,108.0,0.541734
2003.0,109.0,0.537363
2003.0,110.0,0.499639
2003.0,111.0,0.499349
2003.0,112.0,0.490796
2003.0,113.0,0.465418
2003.0,114.0,0.50343
2003.0,115.0,0.492155
2003.0,116.0,0.518363
2003.0,117.0,0.483857
2003.0,118.0,0.497602
2003.0,119.0,0.526075
2003.0,120.0,0.554031
2003.0,121.0,0.447946
2003.0,122.0,0.467977
2003.0,123.0,0.55418
2003.0,124.0,0.473423
2003.0,125.0,0.516363
2003.0,126.0,0.512298
2004.0,0.0,0.513353
2004.0,1.0,0.500483
2004.0,2.0,0.473034
2004.0,3.0,0.511967
2004.0,4.0,0.500668
2004.0,5.0,0.48375
2004.0,6.0,0.473045
2004.0,7.0,0.532675
2004.0,8.0,0.494897
2004.0,9.0,0.492739
2004.0,10.0,0.471327
2004.0,11.0,0.489817
2004.0,12.0,0.510945
2004.0,13.0,0.469838
2004.0,14.0,0.482367
2004.0,15.0,0.511221
2004.0,16.0,0.491823
2004.0,17.0,0.513487
2004.0,18.0,0.471123
2004.0,19.0,0.480916
2004.0,20.0,0.509098
2004.0,21.0,0.49857
2004.0,22.0,0.477707
2004.0,23.0,0.502501
2004.0,24.0,0.493599
2004.0,25.0,0.523846
2004.0,26.0,0.491127
2004.0,27.0,0.510169
2004.0,28.0,0.472386
2004.0,29.0,0.492736
2004.0,30.0,0.467898
2004.0,31.0,0.511461
2004.0,32.0,0.477839
2004.0,33.0,0.521408
2004.0,34.0,0.48811
2004.0,35.0,0.468438
2004.0,36.0,0.539866
2004.0,37.0,0.515461
2004.0,38.0,0.481047
2004.0,39.0,0.473757
2004.0,40.0,0.483844
2004.0,41.0,0.494797
2004.0,42.0,0.535914
2004.0,43.0,0.488574
2004.0,44.0,0.459715
2004.0,45.0,0.522495
2004.0,46.0,0.480302
2004.0,47.0,0.489429
2004.0,48.0,0.514246
2004.0,49.0,0.478805
2004.0,50.0,0.564091
2004.0,51.0,0.501496
2004.0,52.0,0.481838
2004.0,53.0,0.50559
2004.0,54.0,0.489861
2004.0,55.0,0.514517
2004.0,56.0,0.504781
2004.0,57.0,0.47522
2004.0,58.0,0.478971
2004.0,59.0,0.487277
2004.0,60.0,0.516769
2004.0,61.0,0.505001
2004.0,62.0,0.5021
2004.0,63.0,0.507456
2004.0,64.0,0.515387
2004.0,65.0,0.485851
2004.0,66.0,0.5342
2004.0,67.0,0.477125
2004.0,68.0,0.479684
2004.0,69.0,0.470932
2004.0,70.0,0.497774
2004.0,71.0,0.493734
2004.0,72.0,0.520141
2004.0,73.0,0.477813
2004.0,74.0,0.524407
2004.0,75.0,0.478304
2004.0,76.0,0.450451
2004.0,77.0,0.527789
2004.0,78.0,0.497327
2004.0,79.0,0.509126
2004.0,80.0,0.47818
2004.0,81.0,0.486352
2004.0,82.0,0.498871
2004.0,83.0,0.532384
2004.0,84.0,0.486601
2004.0,85.0,0.507521
2004.0,86.0,0.49487
2004.0,87.0,0.52502
2004.0,88.0,0.514778
2004.0,89.0,0.518733
2004.0,90.0,0.530698
2004.0,91.0,0.518586
2004.0,92.0,0.497313
2004.0,93.0,0.468953
2004.0,94.0,0.483549
2004.0,95.0,0.524207
2004.0,96.0,0.511594
2004.0,97.0,0.526495
2004.0,98.0,0.506329
2004.0,99.0,0.505291
2004.0,100.0,0.467623
2004.0,101.0,0.516224
2004.0,102.0,0.503864
2004.0,103.0,0.461408
2004.0,104.0,0.528342
2004.0,105.0,0.527154
2004.0,106.0,0.501098
2004.0,107.0,0.500039
2004.0,108.0,0.541638
2004.0,109.0,0.537691
2004.0,110.0,0.499272
2004.0,111.0,0.498671
2004.0,112.0,0.490351
2004.0,113.0,0.466375
2004.0,114.0,0.50417
2004.0,115.0,0.491893
2004.0,116.0,0.518419
2004.0,117.0,0.485068
2004.0,118.0,0.496933
2004.0,119.0,0.526095
2004.0,120.0,0.553892
2004.0,121.0,0.447596
2004.0,122.0,0.467516
2004.0,123.0,0.554313
2004.0,124.0,0.473254
2004.0,125.0,0.516453
2004.0,126.0,0.512422
2005.0,0.0,0.512786
2005.0,1.0,0.500558
2005.0,2.0,0.473075
2005.0,3.0,0.513079
2005.0,4.0,0.500126
2005.0,5.0,0.484012
2005.0,6.0,0.472627
2005.0,7.0,0.533174
2005.0,8.0,0.495644
2005.0,9.0,0.492857
2005.0,10.0,0.470868
2005.0,11.0,0.489408
2005.0,12.0,0.511912
2005.0,13.0,0.469926
2005.0,14.0,0.482288
2005.0,15.0,0.510911
2005.0,16.0,0.492427
2005.0,17.0,0.513803
2005.0,18.0,0.471317
2005.0,19.0,0.480577
2005.0,20.0,0.509794
2005.0,21.0,0.498128
2005.0,22.0,0.477659
2005.0,23.0,0.502556
2005.0,24.0,0.493897
2005.0,25.0,0.524136
2005.0,26.0,0.490587
2005.0,27.0,0.510529
2005.0,28.0,0.473075
2005.0,29.0,0.492975
2005.0,30.0,0.467774
2005.0,31.0,0.511909
2005.0,32.0,0.476813
2005.0,33.0,0.521384
2005.0,34.0,0.487494
2005.0,35.0,0.467997
2005.0,36.0,0.540375
2005.0,37.0,0.5156
2005.0,38.0,0.481905
2005.0,39.0,0.473911
2005.0,40.0,0.484064
2005.0,41.0,0.495253
2005.0,42.0,0.535727
2005.0,43.0,0.488606
2005.0,44.0,0.459488
2005.0,45.0,0.522436
2005.0,46.0,0.480328
2005.0,47.0,0.489755
2005.0,48.0,0.514503
2005.0,49.0,0.47978
2005.0,50.0,0.564143
2005.0,51.0,0.502098
2005.0,52.0,0.482097
2005.0,53.0,0.505995
2005.0,54.0,0.489015
2005.0,55.0,0.514783
2005.0,56.0,0.505292
2005.0,57.0,0.476122
2005.0,58.0,0.479372
2005.0,59.0,0.487381
2005.0,60.0,0.516994
2005.0,61.0,0.505308
2005.0,62.0,0.501526
2005.0,63.0,0.507395
2005.0,64.0,0.515222
2005.0,65.0,0.484693
2005.0,66.0,0.534287
2005.0,67.0,0.47632
2005.0,68.0,0.48002
2005.0,69.0,0.470948
2005.0,70.0,0.498163
2005.0,71.0,0.493514
2005.0,72.0,0.519628
2005.0,73.0,0.477352
2005.0,74.0,0.524153
2005.0,75.0,0.477937
2005.0,76.0,0.449922
2005.0,77.0,0.527625
2005.0,78.0,0.497267
2005.0,79.0,0.509224
2005.0,80.0,0.478837
2005.0,81.0,0.485582
2005.0,82.0,0.499131
2005.0,83.0,0.532518
2005.0,84.0,0.486881
2005.0,85.0,0.507041
2005.0,86.0,0.494277
2005.0,87.0,0.524424
2005.0,88.0,0.513788
2005.0,89.0,0.51822
2005.0,90.0,0.530246
2005.0,91.0,0.518398
2005.0,92.0,0.496996
2005.0,93.0,0.469903
2005.0,94.0,0.483103
2005.0,95.0,0.523825
2005.0,96.0,0.511109
2005.0,97.0,0.526409
2005.0,98.0,0.506022
2005.0,99.0,0.503931
2005.0,100.0,0.468152
2005.0,101.0,0.515954
2005.0,102.0,0.503034
2005.0,103.0,0.460754
2005.0,104.0,0.528174
2005.0,105.0,0.527454
2005.0,106.0,0.500893
2005.0,107.0,0.500179
2005.0,108.0,0.540952
2005.0,109.0,0.53763
2005.0,110.0,0.499409
2005.0,111.0,0.498837
2005.0,112.0,0.489772
2005.0,113.0,0.467368
2005.0,114.0,0.504012
2005.0,115.0,0.49222
2005.0,116.0,0.517724
2005.0,117.0,0.4853
2005.0,118.0,0.497184
2005.0,119.0,0.526975
2005.0,120.0,0.554808
2005.0,121.0,0.447606
2005.0,122.0,0.467639
2005.0,123.0,0.554019
2005.0,124.0,0.472777
2005.0,125.0,0.516612
2005.0,126.0,0.512662
2006.0,0.0,0.512098
2006.0,1.0,0.500492
2006.0,2.0,0.473775
2006.0,3.0,0.512769
2006.0,4.0,0.500059
2006.0,5.0,0.484341
2006.0,6.0,0.471466
2006.0,7.0,0.533523
2006.0,8.0,0.495419
2006.0,9.0,0.492435
2006.0,10.0,0.471506
2006.0,11.0,0.488925
2006.0,12.0,0.511692
2006.0,13.0,0.469224
2006.0,14.0,0.48248
2006.0,15.0,0.510411
2006.0,16.0,0.492171
2006.0,17.0,0.513645
2006.0,18.0,0.47165
2006.0,19.0,0.480437
2006.0,20.0,0.510212
2006.0,21.0,0.498052
2006.0,22.0,0.47848
2006.0,23.0,0.501518
2006.0,24.0,0.49371
2006.0,25.0,0.523437
2006.0,26.0,0.490222
2006.0,27.0,0.510263
2006.0,28.0,0.473308
2006.0,29.0,0.492466
2006.0,30.0,0.467696
2006.0,31.0,0.512023
2006.0,32.0,0.476673
2006.0,33.0,0.521579
2006.0,34.0,0.48673
2006.0,35.0,0.468329
2006.0,36.0,0.540963
2006.0,37.0,0.514311
2006.0,38.0,0.482561
2006.0,39.0,0.474304
2006.0,40.0,0.483946
2006.0,41.0,0.495242
2006.0,42.0,0.535569
2006.0,43.0,0.487666
2006.0,44.0,0.460301
2006.0,45.0,0.522562
2006.0,46.0,0.479361
2006.0,47.0,0.489676
2006.0,48.0,0.51542
2006.0,49.0,0.479692
2006.0,50.0,0.565074
2006.0,51.0,0.502336
2006.0,52.0,0.481918
2006.0,53.0,0.505775
2006.0,54.0,0.488525
2006.0,55.0,0.514727
2006.0,56.0,0.504245
2006.0,57.0,0.476458
2006.0,58.0,0.478792
2006.0,59.0,0.488101
2006.0,60.0,0.517245
2006.0,61.0,0.505015
2006.0,62.0,0.501887
2006.0,63.0,0.507344
2006.0,64.0,0.514701
2006.0,65.0,0.485562
2006.0,66.0,0.534674
2006.0,67.0,0.476701
2006.0,68.0,0.480038
2006.0,69.0,0.471392
2006.0,70.0,0.497595
2006.0,71.0,0.494542
2006.0,72.0,0.519562
2006.0,73.0,0.477758
2006.0,74.0,0.525313
2006.0,75.0,0.478475
2006.0,76.0,0.450811
2006.0,77.0,0.52877
2006.0,78.0,0.497711
2006.0,79.0,0.508729
2006.0,80.0,0.478261
2006.0,81.0,0.484644
2006.0,82.0,0.499597
2006.0,83.0,0.532235
2006.0,84.0,0.486912
2006.0,85.0,0.506687
2006.0,86.0,0.49381
2006.0,87.0,0.524107
2006.0,88.0,0.513477
2006.0,89.0,0.519497
2006.0,90.0,0.530405
2006.0,91.0,0.517966
2006.0,92.0,0.497887
2006.0,93.0,0.46949
2006.0,94.0,0.483799
2006.0,95.0,0.523475
2006.0,96.0,0.509311
2006.0,97.0,0.52696
2006.0,98.0,0.505932
2006.0,99.0,0.504406
2006.0,100.0,0.467983
2006.0,101.0,0.516594
2006.0,102.0,0.503272
2006.0,103.0,0.460719
2006.0,104.0,0.528196
2006.0,105.0,0.526996
2006.0,106.0,0.500322
2006.0,107.0,0.499941
2006.0,108.0,0.541009
2006.0,109.0,0.537733
2006.0,110.0,0.499066
2006.0,111.0,0.498787
2006.0,112.0,0.488758
2006.0,113.0,0.467132
2006.0,114.0,0.503079
2006.0,115.0,0.493058
2006.0,116.0,0.516926
2006.0,117.0,0.484036
2006.0,118.0,0.498058
2006.0,119.0,0.527057
2006.0,120.0,0.554437
2006.0,121.0,0.447794
2006.0,122.0,0.467398
2006.0,123.0,0.554118
2006.0,124.0,0.47343
2006.0,125.0,0.516537
2006.0,126.0,0.513627
2007.0,0.0,0.511775
2007.0,1.0,0.500231
2007.0,2.0,0.474076
2007.0,3.0,0.512668
2007.0,4.0,0.499474
2007.0,5.0,0.484653
2007.0,6.0,0.470787
2007.0,7.0,0.534275
2007.0,8.0,0.495932
2007.0,9.0,0.491618
2007.0,10.0,0.472113
2007.0,11.0,0.48867
2007.0,12.0,0.511049
2007.0,13.0,0.468515
2007.0,14.0,0.483242
2007.0,15.0,0.51042
2007.0,16.0,0.492018
2007.0,17.0,0.513583
2007.0,18.0,0.471005
2007.0,19.0,0.480331
2007.0,20.0,0.510822
2007.0,21.0,0.497727
2007.0,22.0,0.478238
2007.0,23.0,0.50228
2007.0,24.0,0.494113
2007.0,25.0,0.523213
2007.0,26.0,0.490732
2007.0,27.0,0.50951
2007.0,28.0,0.473374
2007.0,29.0,0.493036
2007.0,30.0,0.467009
2007.0,31.0,0.511796
2007.0,32.0,0.476952
2007.0,33.0,0.521982
2007.0,34.0,0.48692
2007.0,35.0,0.468629
2007.0,36.0,0.541601
2007.0,37.0,0.514433
2007.0,38.0,0.482773
2007.0,39.0,0.473952
2007.0,40.0,0.484041
2007.0,41.0,0.495302
2007.0,42.0,0.536758
2007.0,43.0,0.488852
2007.0,44.0,0.460261
2007.0,45.0,0.522627
2007.0,46.0,0.478993
2007.0,47.0,0.489056
2007.0,48.0,0.515044
2007.0,49.0,0.480506
2007.0,50.0,0.565101
2007.0,51.0,0.501775
2007.0,52.0,0.481896
2007.0,53.0,0.505995
2007.0,54.0,0.488241
2007.0,55.0,0.514542
2007.0,56.0,0.504384
2007.0,57.0,0.475518
2007.0,58.0,0.47909
2007.0,59.0,0.4877
2007.0,60.0,0.517802
2007.0,61.0,0.505049
2007.0,62.0,0.502034
2007.0,63.0,0.507011
2007.0,64.0,0.514547
2007.0,65.0,0.485815
2007.0,66.0,0.53554
2007.0,67.0,0.476839
2007.0,68.0,0.48005
2007.0,69.0,0.471546
2007.0,70.0,0.496482
2007.0,71.0,0.494226
2007.0,72.0,0.519269
2007.0,73.0,0.478008
2007.0,74.0,0.524907
2007.0,75.0,0.478518
2007.0,76.0,0.451252
2007.0,77.0,0.527368
2007.0,78.0,0.497785
2007.0,79.0,0.508896
2007.0,80.0,0.477984
2007.0,81.0,0.485489
2007.0,82.0,0.500005
2007.0,83.0,0.532294
2007.0,84.0,0.486487
2007.0,85.0,0.507433
2007.0,86.0,0.494021
2007.0,87.0,0.524655
2007.0,88.0,0.513988
2007.0,89.0,0.519821
2007.0,90.0,0.529739
2007.0,91.0,0.51804
2007.0,92.0,0.498319
2007.0,93.0,0.469916
2007.0,94.0,0.483615
2007.0,95.0,0.523875
2007.0,96.0,0.508828
2007.0,97.0,0.52766
2007.0,98.0,0.505721
2007.0,99.0,0.504817
2007.0,100.0,0.468311
2007.0,101.0,0.516627
2007.0,102.0,0.503771
2007.0,103.0,0.460961
2007.0,104.0,0.527918
2007.0,105.0,0.527207
2007.0,106.0,0.500459
2007.0,107.0,0.50021
2007.0,108.0,0.540542
2007.0,109.0,0.537607
2007.0,110.0,0.499429
2007.0,111.0,0.497986
2007.0,112.0,0.488861
2007.0,113.0,0.466654
2007.0,114.0,0.503256
2007.0,115.0,0.493319
2007.0,116.0,0.517076
2007.0,117.0,0.483476
2007.0,118.0,0.498425
2007.0,119.0,0.527119
2007.0,120.0,0.553603
2007.0,121.0,0.44739
2007.0,122.0,0.467903
2007.0,123.0,0.553757
2007.0,124.0,0.473469
2007.0,125.0,0.516222
2007.0,126.0,0.514375
2008.0,0.0,0.511897
2008.0,1.0,0.499449
2008.0,2.0,0.474705
2008.0,3.0,0.512014
2008.0,4.0,0.499206
2008.0,5.0,0.484822
2008.0,6.0,0.470513
2008.0,7.0,0.534651
2008.0,8.0,0.496392
2008.0,9.0,0.491602
2008.0,10.0,0.471948
2008.0,11.0,0.488377
2008.0,12.0,0.511233
2008.0,13.0,0.468948
2008.0,14.0,0.483462
2008.0,15.0,0.5094
2008.0,16.0,0.49192
2008.0,17.0,0.513793
2008.0,18.0,0.47022
2008.0,19.0,0.480963
2008.0,20.0,0.510383
2008.0,21.0,0.498035
2008.0,22.0,0.478168
2008.0,23.0,0.502297
2008.0,24.0,0.49422
2008.0,25.0,0.523425
2008.0,26.0,0.491597
2008.0,27.0,0.509958
2008.0,28.0,0.473658
2008.0,29.0,0.492674
2008.0,30.0,0.467656
2008.0,31.0,0.511179
2008.0,32.0,0.476841
2008.0,33.0,0.521558
2008.0,34.0,0.486909
2008.0,35.0,0.468115
2008.0,36.0,0.542016
2008.0,37.0,0.514378
2008.0,38.0,0.482622
2008.0,39.0,0.474002
2008.0,40.0,0.483771
2008.0,41.0,0.494623
2008.0,42.0,0.537275
2008.0,43.0,0.489004
2008.0,44.0,0.460184
2008.0,45.0,0.523148
2008.0,46.0,0.478442
2008.0,47.0,0.488927
2008.0,48.0,0.515346
2008.0,49.0,0.481046
2008.0,50.0,0.565093
2008.0,51.0,0.501052
2008.0,52.0,0.482521
2008.0,53.0,0.506064
2008.0,54.0,0.487944
2008.0,55.0,0.514757
2008.0,56.0,0.503967
2008.0,57.0,0.476408
2008.0,58.0,0.479048
2008.0,59.0,0.487276
2008.0,60.0,0.517197
2008.0,61.0,0.505091
2008.0,62.0,0.502031
2008.0,63.0,0.506828
2008.0,64.0,0.514645
2008.0,65.0,0.487321
2008.0,66.0,0.535685
2008.0,67.0,0.477025
2008.0,68.0,0.479871
2008.0,69.0,0.471487
2008.0,70.0,0.495551
2008.0,71.0,0.494785
2008.0,72.0,0.519707
2008.0,73.0,0.477704
2008.0,74.0,0.525317
2008.0,75.0,0.478428
2008.0,76.0,0.451014
2008.0,77.0,0.527601
2008.0,78.0,0.497485
2008.0,79.0,0.508917
2008.0,80.0,0.477749
2008.0,81.0,0.485627
2008.0,82.0,0.499351
2008.0,83.0,0.532724
2008.0,84.0,0.486858
2008.0,85.0,0.507952
2008.0,86.0,0.49367
2008.0,87.0,0.525042
2008.0,88.0,0.513946
2008.0,89.0,0.519978
2008.0,90.0,0.529621
2008.0,91.0,0.517516
2008.0,92.0,0.497962
2008.0,93.0,0.469286
2008.0,94.0,0.483935
2008.0,95.0,0.524568
2008.0,96.0,0.508954
2008.0,97.0,0.528189
2008.0,98.0,0.505698
2008.0,99.0,0.50509
2008.0,100.0,0.467831
2008.0,101.0,0.516276
2008.0,102.0,0.504078
2008.0,103.0,0.460796
2008.0,104.0,0.527228
2008.0,105.0,0.527762
2008.0,106.0,0.499774
2008.0,107.0,0.500521
2008.0,108.0,0.540074
2008.0,109.0,0.537916
2008.0,110.0,0.499493
2008.0,111.0,0.498193
2008.0,112.0,0.489441
2008.0,113.0,0.466559
2008.0,114.0,0.503637
2008.0,115.0,0.493061
2008.0,116.0,0.517805
2008.0,117.0,0.484307
2008.0,118.0,0.498337
2008.0,119.0,0.527144
2008.0,120.0,0.55344
2008.0,121.0,0.448304
2008.0,122.0,0.469022
2008.0,123.0,0.553678
2008.0,124.0,0.473669
2008.0,125.0,0.51698
2008.0,126.0,0.51496
2009.0,0.0,0.511621
2009.0,1.0,0.498694
2009.0,2.0,0.475606
2009.0,3.0,0.511348
2009.0,4.0,0.499933
2009.0,5.0,0.485286
2009.0,6.0,0.470151
2009.0,7.0,0.534487
2009.0,8.0,0.496436
2009.0,9.0,0.491717
2009.0,10.0,0.47133
2009.0,11.0,0.488712
2009.0,12.0,0.511952
2009.0,13.0,0.468688
2009.0,14.0,0.484089
2009.0,15.0,0.510041
2009.0,16.0,0.491727
2009.0,17.0,0.513831
2009.0,18.0,0.469513
2009.0,19.0,0.480565
2009.0,20.0,0.510109
2009.0,21.0,0.498475
2009.0,22.0,0.478811
2009.0,23.0,0.502166
2009.0,24.0,0.494568
2009.0,25.0,0.523293
2009.0,26.0,0.491773
2009.0,27.0,0.510629
2009.0,28.0,0.473575
2009.0,29.0,0.492504
2009.0,30.0,0.46788
2009.0,31.0,0.511277
2009.0,32.0,0.476995
2009.0,33.0,0.521196
2009.0,34.0,0.486451
2009.0,35.0,0.467844
2009.0,36.0,0.541642
2009.0,37.0,0.514262
2009.0,38.0,0.483079
2009.0,39.0,0.473615
2009.0,40.0,0.483796
2009.0,41.0,0.494924
2009.0,42.0,0.536824
2009.0,43.0,0.48948
2009.0,44.0,0.460901
2009.0,45.0,0.523306
2009.0,46.0,0.477917
2009.0,47.0,0.488783
2009.0,48.0,0.515162
2009.0,49.0,0.480191
2009.0,50.0,0.564575
2009.0,51.0,0.50186
2009.0,52.0,0.483242
2009.0,53.0,0.506036
2009.0,54.0,0.488001
2009.0,55.0,0.515067
2009.0,56.0,0.503825
2009.0,57.0,0.476125
2009.0,58.0,0.479047
2009.0,59.0,0.487071
2009.0,60.0,0.517541
2009.0,61.0,0.504198
2009.0,62.0,0.502283
2009.0,63.0,0.506744
2009.0,64.0,0.514832
2009.0,65.0,0.486936
2009.0,66.0,0.534924
2009.0,67.0,0.477307
2009.0,68.0,0.48045
2009.0,69.0,0.470866
2009.0,70.0,0.495027
2009.0,71.0,0.494594
2009.0,72.0,0.519551
2009.0,73.0,0.477565
2009.0,74.0,0.526481
2009.0,75.0,0.478056
2009.0,76.0,0.449993
2009.0,77.0,0.528084
2009.0,78.0,0.497173
2009.0,79.0,0.509248
2009.0,80.0,0.477555
2009.0,81.0,0.485996
2009.0,82.0,0.499816
2009.0,83.0,0.532538
2009.0,84.0,0.485897
2009.0,85.0,0.50841
2009.0,86.0,0.49424
2009.0,87.0,0.525099
2009.0,88.0,0.514254
2009.0,89.0,0.521302
2009.0,90.0,0.528987
2009.0,91.0,0.517923
2009.0,92.0,0.49788
2009.0,93.0,0.469977
2009.0,94.0,0.482624
2009.0,95.0,0.524939
2009.0,96.0,0.509971
2009.0,97.0,0.528293
2009.0,98.0,0.504448
2009.0,99.0,0.504519
2009.0,100.0,0.467884
2009.0,101.0,0.516535
2009.0,102.0,0.503827
2009.0,103.0,0.460456
2009.0,104.0,0.526769
2009.0,105.0,0.527853
2009.0,106.0,0.501016
2009.0,107.0,0.501187
2009.0,108.0,0.539685
2009.0,109.0,0.537935
2009.0,110.0,0.499907
2009.0,111.0,0.499714
2009.0,112.0,0.489833
2009.0,113.0,0.466704
2009.0,114.0,0.503975
2009.0,115.0,0.492737
2009.0,116.0,0.517396
2009.0,117.0,0.483689
2009.0,118.0,0.498441
2009.0,119.0,0.526943
2009.0,120.0,0.55239
2009.0,121.0,0.448968
2009.0,122.0,0.468675
2009.0,123.0,0.553862
2009.0,124.0,0.473973
2009.0,125.0,0.516805
2009.0,126.0,0.514625
2010.0,0.0,0.512342
2010.0,1.0,0.498729
2010.0,2.0,0.475048
2010.0,3.0,0.511256
2010.0,4.0,0.500862
2010.0,5.0,0.484806
2010.0,6.0,0.469951
2010.0,7.0,0.534377
2010.0,8.0,0.496658
2010.0,9.0,0.491797
2010.0,10.0,0.471577
2010.0,11.0,0.488563
2010.0,12.0,0.511918
2010.0,13.0,0.468547
2010.0,14.0,0.483793
2010.0,15.0,0.509702
2010.0,16.0,0.492271
2010.0,17.0,0.514429
2010.0,18.0,0.470095
2010.0,19.0,0.480922
2010.0,20.0,0.51003
2010.0,21.0,0.499134
2010.0,22.0,0.478813
2010.0,23.0,0.502594
2010.0,24.0,0.494876
2010.0,25.0,0.522091
2010.0,26.0,0.491677
2010.0,27.0,0.510772
2010.0,28.0,0.473585
2010.0,29.0,0.493385
2010.0,30.0,0.468241
2010.0,31.0,0.510773
2010.0,32.0,0.477706
2010.0,33.0,0.520598
2010.0,34.0,0.486524
2010.0,35.0,0.468545
2010.0,36.0,0.541396
2010.0,37.0,0.514039
2010.0,38.0,0.483213
2010.0,39.0,0.473236
2010.0,40.0,0.483602
2010.0,41.0,0.494964
2010.0,42.0,0.537092
2010.0,43.0,0.489508
2010.0,44.0,0.460035
2010.0,45.0,0.524228
2010.0,46.0,0.477475
2010.0,47.0,0.48884
2010.0,48.0,0.514212
2010.0,49.0,0.480217
2010.0,50.0,0.56409
2010.0,51.0,0.502285
2010.0,52.0,0.48354
2010.0,53.0,0.50587
2010.0,54.0,0.487501
2010.0,55.0,0.515174
2010.0,56.0,0.504247
2010.0,57.0,0.476365
2010.0,58.0,0.480327
2010.0,59.0,0.48767
2010.0,60.0,0.517574
2010.0,61.0,0.503898
2010.0,62.0,0.502154
2010.0,63.0,0.507237
2010.0,64.0,0.515419
2010.0,65.0,0.48736
2010.0,66.0,0.534463
2010.0,67.0,0.477331
2010.0,68.0,0.479855
2010.0,69.0,0.470793
2010.0,70.0,0.49631
2010.0,71.0,0.494904
2010.0,72.0,0.520002
2010.0,73.0,0.478035
2010.0,74.0,0.526808
2010.0,75.0,0.477756
2010.0,76.0,0.449308
2010.0,77.0,0.528173
2010.0,78.0,0.497177
2010.0,79.0,0.509917
2010.0,80.0,0.478059
2010.0,81.0,0.485667
2010.0,82.0,0.50064
2010.0,83.0,0.53286
2010.0,84.0,0.486315
2010.0,85.0,0.50854
2010.0,86.0,0.494376
2010.0,87.0,0.524718
2010.0,88.0,0.514445
2010.0,89.0,0.522044
2010.0,90.0,0.528166
2010.0,91.0,0.517794
2010.0,92.0,0.497808
2010.0,93.0,0.470055
2010.0,94.0,0.482401
2010.0,95.0,0.525604
2010.0,96.0,0.509793
2010.0,97.0,0.527878
2010.0,98.0,0.504201
2010.0,99.0,0.505129
2010.0,100.0,0.467096
2010.0,101.0,0.516716
2010.0,102.0,0.503187
2010.0,103.0,0.460609
2010.0,104.0,0.526937
2010.0,105.0,0.527856
2010.0,106.0,0.500669
2010.0,107.0,0.501525
2010.0,108.0,0.539587
2010.0,109.0,0.537875
2010.0,110.0,0.500671
2010.0,111.0,0.499704
2010.0,112.0,0.489163
2010.0,113.0,0.466941
2010.0,114.0,0.504985
2010.0,115.0,0.49217
2010.0,116.0,0.517675
2010.0,117.0,0.483261
2010.0,118.0,0.497444
2010.0,119.0,0.526902
2010.0,120.0,0.552149
2010.0,121.0,0.448914
2010.0,122.0,0.468733
2010.0,123.0,0.553928
2010.0,124.0,0.47532
2010.0,125.0,0.516946
2010.0,126.0,0.514965
3000.0,0.0,0.508067
3000.0,1.0,0.471797
3000.0,2.0,0.489304
3000.0,3.0,0.481061
3000.0,4.0,0.486133
3000.0,5.0,0.501057
3000.0,6.0,0.453802
3000.0,7.0,0.537825
3000.0,8.0,0.47748
3000.0,9.0,0.493173
3000.0,10.0,0.486605
3000.0,11.0,0.487068
3000.0,12.0,0.51211
3000.0,13.0,0.477971
3000.0,14.0,0.512242
3000.0,15.0,0.502519
3000.0,16.0,0.481982
3000.0,17.0,0.517185
3000.0,18.0,0.495378
3000.0,19.0,0.470576
3000.0,20.0,0.491268
3000.0,21.0,0.513335
3000.0,22.0,0.461233
3000.0,23.0,0.489447
3000.0,24.0,0.493902
3000.0,25.0,0.550478
3000.0,26.0,0.495611
3000.0,27.0,0.495064
3000.0,28.0,0.477341
3000.0,29.0,0.499729
3000.0,30.0,0.477912
3000.0,31.0,0.511455
3000.0,32.0,0.476766
3000.0,33.0,0.482032
3000.0,34.0,0.494212
3000.0,35.0,0.430074
3000.0,36.0,0.519851
3000.0,37.0,0.516282
3000.0,38.0,0.467874
3000.0,39.0,0.474559
3000.0,40.0,0.468176
3000.0,41.0,0.51478
3000.0,42.0,0.509744
3000.0,43.0,0.491158
3000.0,44.0,0.444086
3000.0,45.0,0.524528
3000.0,46.0,0.479688
3000.0,47.0,0.479311
3000.0,48.0,0.504021
3000.0,49.0,0.487704
3000.0,50.0,0.571516
3000.0,51.0,0.49058
3000.0,52.0,0.491855
3000.0,53.0,0.513972
3000.0,54.0,0.474048
3000.0,55.0,0.522382
3000.0,56.0,0.482394
3000.0,57.0,0.465607
3000.0,58.0,0.476553
3000.0,59.0,0.490011
3000.0,60.0,0.515176
3000.0,61.0,0.483156
3000.0,62.0,0.51806
3000.0,63.0,0.529435
3000.0,64.0,0.531706
3000.0,65.0,0.479552
3000.0,66.0,0.544545
3000.0,67.0,0.486049
3000.0,68.0,0.460053
3000.0,69.0,0.499863
3000.0,70.0,0.482932
3000.0,71.0,0.483482
3000.0,72.0,0.512762
3000.0,73.0,0.491251
3000.0,74.0,0.502379
3000.0,75.0,0.460695
3000.0,76.0,0.439457
3000.0,77.0,0.516551
3000.0,78.0,0.498902
3000.0,79.0,0.494855
3000.0,80.0,0.476408
3000.0,81.0,0.506182
3000.0,82.0,0.496436
3000.0,83.0,0.532713
3000.0,84.0,0.490245
3000.0,85.0,0.521414
3000.0,86.0,0.495915
3000.0,87.0,0.537277
3000.0,88.0,0.501693
3000.0,89.0,0.504213
3000.0,90.0,0.516646
3000.0,91.0,0.49707
3000.0,92.0,0.520271
3000.0,93.0,0.469224
3000.0,94.0,0.510201
3000.0,95.0,0.529823
3000.0,96.0,0.486487
3000.0,97.0,0.500385
3000.0,98.0,0.498202
3000.0,99.0,0.499575
3000.0,100.0,0.48957
3000.0,101.0,0.52369
3000.0,102.0,0.510768
3000.0,103.0,0.439797
3000.0,104.0,0.525246
3000.0,105.0,0.502297
3000.0,106.0,0.495485
3000.0,107.0,0.503405
3000.0,108.0,0.516166
3000.0,109.0,0.528328
3000.0,110.0,0.495726
3000.0,111.0,0.509559
3000.0,112.0,0.44199
3000.0,113.0,0.459031
3000.0,114.0,0.501697
3000.0,115.0,0.508336
3000.0,116.0,0.535369
3000.0,117.0,0.481214
3000.0,118.0,0.519856
3000.0,119.0,0.514074
3000.0,120.0,0.568237
3000.0,121.0,0.453314
3000.0,122.0,0.429528
3000.0,123.0,0.579353
3000.0,124.0,0.464829
3000.0,125.0,0.513007
3000.0,126.0,0.521635
3001.0,0.0,0.507488
3001.0,1.0,0.472044
3001.0,2.0,0.488896
3001.0,3.0,0.480684
3001.0,4.0,0.486179
3001.0,5.0,0.500634
3001.0,6.0,0.453354
3001.0,7.0,0.536963
3001.0,8.0,0.477141
3001.0,9.0,0.492744
3001.0,10.0,0.486856
3001.0,11.0,0.487372
3001.0,12.0,0.511245
3001.0,13.0,0.477769
3001.0,14.0,0.512519
3001.0,15.0,0.502165
3001.0,16.0,0.481864
3001.0,17.0,0.516734
3001.0,18.0,0.495445
3001.0,19.0,0.471315
3001.0,20.0,0.491281
3001.0,21.0,0.513405
3001.0,22.0,0.461019
3001.0,23.0,0.489813
3001.0,24.0,0.493918
3001.0,25.0,0.551384
3001.0,26.0,0.495019
3001.0,27.0,0.493767
3001.0,28.0,0.477042
3001.0,29.0,0.500104
3001.0,30.0,0.477881
3001.0,31.0,0.511557
3001.0,32.0,0.476957
3001.0,33.0,0.481859
3001.0,34.0,0.493876
3001.0,35.0,0.430211
3001.0,36.0,0.518699
3001.0,37.0,0.516401
3001.0,38.0,0.468429
3001.0,39.0,0.474238
3001.0,40.0,0.46781
3001.0,41.0,0.51503
3001.0,42.0,0.509662
3001.0,43.0,0.491888
3001.0,44.0,0.444186
3001.0,45.0,0.524622
3001.0,46.0,0.479794
3001.0,47.0,0.479342
3001.0,48.0,0.504528
3001.0,49.0,0.486941
3001.0,50.0,0.571372
3001.0,51.0,0.490802
3001.0,52.0,0.491825
3001.0,53.0,0.513
3001.0,54.0,0.473866
3001.0,55.0,0.523609
3001.0,56.0,0.48264
3001.0,57.0,0.465766
3001.0,58.0,0.476356
3001.0,59.0,0.490567
3001.0,60.0,0.514429
3001.0,61.0,0.483341
3001.0,62.0,0.518034
3001.0,63.0,0.52979
3001.0,64.0,0.531558
3001.0,65.0,0.479962
3001.0,66.0,0.544315
3001.0,67.0,0.48552
3001.0,68.0,0.460335
3001.0,69.0,0.500054
3001.0,70.0,0.483995
3001.0,71.0,0.48349
3001.0,72.0,0.51283
3001.0,73.0,0.49115
3001.0,74.0,0.502127
3001.0,75.0,0.461244
3001.0,76.0,0.43999
3001.0,77.0,0.51618
3001.0,78.0,0.497659
3001.0,79.0,0.494929
3001.0,80.0,0.476057
3001.0,81.0,0.506179
3001.0,82.0,0.496873
3001.0,83.0,0.531629
3001.0,84.0,0.490238
3001.0,85.0,0.520949
3001.0,86.0,0.496686
3001.0,87.0,0.537057
3001.0,88.0,0.502631
3001.0,89.0,0.504022
3001.0,90.0,0.516465
3001.0,91.0,0.497657
3001.0,92.0,0.520505
3001.0,93.0,0.469238
3001.0,94.0,0.50959
3001.0,95.0,0.529613
3001.0,96.0,0.484776
3001.0,97.0,0.500965
3001.0,98.0,0.498594
3001.0,99.0,0.49965
3001.0,100.0,0.490306
3001.0,101.0,0.522802
3001.0,102.0,0.51055
3001.0,103.0,0.439336
3001.0,104.0,0.524901
3001.0,105.0,0.502538
3001.0,106.0,0.49601
3001.0,107.0,0.503185
3001.0,108.0,0.515778
3001.0,109.0,0.527758
3001.0,110.0,0.4955
3001.0,111.0,0.508458
3001.0,112.0,0.441894
3001.0,113.0,0.458767
3001.0,114.0,0.501047
3001.0,115.0,0.508802
3001.0,116.0,0.536002
3001.0,117.0,0.481595
3001.0,118.0,0.519366
3001.0,119.0,0.514596
3001.0,120.0,0.568538
3001.0,121.0,0.453444
3001.0,122.0,0.429512
3001.0,123.0,0.579349
3001.0,124.0,0.465477
3001.0,125.0,0.513011
3001.0,126.0,0.520732
3002.0,0.0,0.508036
3002.0,1.0,0.472288
3002.0,2.0,0.488733
3002.0,3.0,0.480756
3002.0,4.0,0.485329
3002.0,5.0,0.500715
3002.0,6.0,0.453787
3002.0,7.0,0.537063
3002.0,8.0,0.477637
3002.0,9.0,0.492646
3002.0,10.0,0.486816
3002.0,11.0,0.487214
3002.0,12.0,0.511085
3002.0,13.0,0.477792
3002.0,14.0,0.512852
3002.0,15.0,0.502609
3002.0,16.0,0.48185
3002.0,17.0,0.516931
3002.0,18.0,0.495523
3002.0,19.0,0.47215
3002.0,20.0,0.49095
3002.0,21.0,0.513897
3002.0,22.0,0.461914
3002.0,23.0,0.4897
3002.0,24.0,0.494068
3002.0,25.0,0.551609
3002.0,26.0,0.494761
3002.0,27.0,0.493434
3002.0,28.0,0.477774
3002.0,29.0,0.500186
3002.0,30.0,0.477173
3002.0,31.0,0.511121
3002.0,32.0,0.477238
3002.0,33.0,0.482279
3002.0,34.0,0.49448
3002.0,35.0,0.430501
3002.0,36.0,0.518591
3002.0,37.0,0.516398
3002.0,38.0,0.468997
3002.0,39.0,0.474044
3002.0,40.0,0.46815
3002.0,41.0,0.515193
3002.0,42.0,0.509116
3002.0,43.0,0.492206
3002.0,44.0,0.443849
3002.0,45.0,0.52517
3002.0,46.0,0.480826
3002.0,47.0,0.479031
3002.0,48.0,0.50455
3002.0,49.0,0.486778
3002.0,50.0,0.571711
3002.0,51.0,0.490948
3002.0,52.0,0.491974
3002.0,53.0,0.513204
3002.0,54.0,0.474098
3002.0,55.0,0.524069
3002.0,56.0,0.482295
3002.0,57.0,0.466233
3002.0,58.0,0.476325
3002.0,59.0,0.490736
3002.0,60.0,0.51491
3002.0,61.0,0.483327
3002.0,62.0,0.517669
3002.0,63.0,0.529735
3002.0,64.0,0.532041
3002.0,65.0,0.4791
3002.0,66.0,0.544446
3002.0,67.0,0.486206
3002.0,68.0,0.460552
3002.0,69.0,0.499681
3002.0,70.0,0.483653
3002.0,71.0,0.483449
3002.0,72.0,0.513475
3002.0,73.0,0.491219
3002.0,74.0,0.502587
3002.0,75.0,0.461109
3002.0,76.0,0.440541
3002.0,77.0,0.515589
3002.0,78.0,0.497691
3002.0,79.0,0.49457
3002.0,80.0,0.475989
3002.0,81.0,0.505468
3002.0,82.0,0.496467
3002.0,83.0,0.531731
3002.0,84.0,0.490575
3002.0,85.0,0.520015
3002.0,86.0,0.495892
3002.0,87.0,0.538012
3002.0,88.0,0.502684
3002.0,89.0,0.504211
3002.0,90.0,0.516638
3002.0,91.0,0.497452
3002.0,92.0,0.520359
3002.0,93.0,0.469637
3002.0,94.0,0.509842
3002.0,95.0,0.529491
3002.0,96.0,0.484892
3002.0,97.0,0.501387
3002.0,98.0,0.499003
3002.0,99.0,0.499041
3002.0,100.0,0.490048
3002.0,101.0,0.522839
3002.0,102.0,0.510317
3002.0,103.0,0.439195
3002.0,104.0,0.524544
3002.0,105.0,0.502457
3002.0,106.0,0.495729
3002.0,107.0,0.503021
3002.0,108.0,0.516182
3002.0,109.0,0.528033
3002.0,110.0,0.494953
3002.0,111.0,0.507909
3002.0,112.0,0.442124
3002.0,113.0,0.458051
3002.0,114.0,0.500177
3002.0,115.0,0.508981
3002.0,116.0,0.535282
3002.0,117.0,0.482589
3002.0,118.0,0.518967
3002.0,119.0,0.514965
3002.0,120.0,0.568044
3002.0,121.0,0.453155
3002.0,122.0,0.428497
3002.0,123.0,0.57959
3002.0,124.0,0.464563
3002.0,125.0,0.513314
3002.0,126.0,0.519982
3003.0,0.0,0.507733
3003.0,1.0,0.471803
3003.0,2.0,0.489384
3003.0,3.0,0.480846
3003.0,4.0,0.485209
3003.0,5.0,0.499928
3003.0,6.0,0.453016
3003.0,7.0,0.536404
3003.0,8.0,0.477493
3003.0,9.0,0.493201
3003.0,10.0,0.486654
3003.0,11.0,0.487456
3003.0,12.0,0.511116
3003.0,13.0,0.478533
3003.0,14.0,0.513313
3003.0,15.0,0.502805
3003.0,16.0,0.481681
3003.0,17.0,0.516482
3003.0,18.0,0.495462
3003.0,19.0,0.471336
3003.0,20.0,0.491219
3003.0,21.0,0.513024
3003.0,22.0,0.462146
3003.0,23.0,0.488956
3003.0,24.0,0.494091
3003.0,25.0,0.551241
3003.0,26.0,0.494762
3003.0,27.0,0.493242
3003.0,28.0,0.478272
3003.0,29.0,0.500064
3003.0,30.0,0.47703
3003.0,31.0,0.511197
3003.0,32.0,0.476612
3003.0,33.0,0.483077
3003.0,34.0,0.493465
3003.0,35.0,0.430038
3003.0,36.0,0.518868
3003.0,37.0,0.51621
3003.0,38.0,0.469297
3003.0,39.0,0.473935
3003.0,40.0,0.467608
3003.0,41.0,0.51415
3003.0,42.0,0.508071
3003.0,43.0,0.491539
3003.0,44.0,0.442987
3003.0,45.0,0.525363
3003.0,46.0,0.480625
3003.0,47.0,0.478836
3003.0,48.0,0.503775
3003.0,49.0,0.486678
3003.0,50.0,0.57123
3003.0,51.0,0.490674
3003.0,52.0,0.491713
3003.0,53.0,0.513617
3003.0,54.0,0.473438
3003.0,55.0,0.524431
3003.0,56.0,0.481724
3003.0,57.0,0.466398
3003.0,58.0,0.475991
3003.0,59.0,0.490316
3003.0,60.0,0.515102
3003.0,61.0,0.483299
3003.0,62.0,0.517144
3003.0,63.0,0.529731
3003.0,64.0,0.532866
3003.0,65.0,0.479353
3003.0,66.0,0.544246
3003.0,67.0,0.486769
3003.0,68.0,0.460663
3003.0,69.0,0.500091
3003.0,70.0,0.483642
3003.0,71.0,0.482896
3003.0,72.0,0.513508
3003.0,73.0,0.491325
3003.0,74.0,0.502928
3003.0,75.0,0.46134
3003.0,76.0,0.440663
3003.0,77.0,0.515913
3003.0,78.0,0.49773
3003.0,79.0,0.495259
3003.0,80.0,0.475823
3003.0,81.0,0.505577
3003.0,82.0,0.49758
3003.0,83.0,0.531544
3003.0,84.0,0.491508
3003.0,85.0,0.518875
3003.0,86.0,0.495944
3003.0,87.0,0.538214
3003.0,88.0,0.50296
3003.0,89.0,0.504214
3003.0,90.0,0.516546
3003.0,91.0,0.498626
3003.0,92.0,0.520554
3003.0,93.0,0.469549
3003.0,94.0,0.509546
3003.0,95.0,0.530159
3003.0,96.0,0.485084
3003.0,97.0,0.501699
3003.0,98.0,0.498007
3003.0,99.0,0.499291
3003.0,100.0,0.490729
3003.0,101.0,0.52344
3003.0,102.0,0.510026
3003.0,103.0,0.439184
3003.0,104.0,0.524651
3003.0,105.0,0.502547
3003.0,106.0,0.495908
3003.0,107.0,0.50371
3003.0,108.0,0.515164
3003.0,109.0,0.528253
3003.0,110.0,0.494462
3003.0,111.0,0.508477
3003.0,112.0,0.442135
3003.0,113.0,0.458507
3003.0,114.0,0.50038
3003.0,115.0,0.509252
3003.0,116.0,0.536196
3003.0,117.0,0.482892
3003.0,118.0,0.519048
3003.0,119.0,0.515381
3003.0,120.0,0.568007
3003.0,121.0,0.452977
3003.0,122.0,0.428719
3003.0,123.0,0.580256
3003.0,124.0,0.46399
3003.0,125.0,0.512222
3003.0,126.0,0.520523
3004.0,0.0,0.507884
3004.0,1.0,0.471566
3004.0,2.0,0.489967
3004.0,3.0,0.48069
3004.0,4.0,0.48467
3004.0,5.0,0.500583
3004.0,6.0,0.452923
3004.0,7.0,0.536709
3004.0,8.0,0.477799
3004.0,9.0,0.492904
3004.0,10.0,0.486796
3004.0,11.0,0.487031
3004.0,12.0,0.511175
3004.0,13.0,0.479091
3004.0,14.0,0.51426
3004.0,15.0,0.503312
3004.0,16.0,0.4814
3004.0,17.0,0.516036
3004.0,18.0,0.495653
3004.0,19.0,0.471655
3004.0,20.0,0.490545
3004.0,21.0,0.512922
3004.0,22.0,0.461874
3004.0,23.0,0.488351
3004.0,24.0,0.494532
3004.0,25.0,0.551231
3004.0,26.0,0.494201
3004.0,27.0,0.493499
3004.0,28.0,0.478869
3004.0,29.0,0.499745
3004.0,30.0,0.476324
3004.0,31.0,0.510874
3004.0,32.0,0.475869
3004.0,33.0,0.482572
3004.0,34.0,0.493522
3004.0,35.0,0.429295
3004.0,36.0,0.518379
3004.0,37.0,0.515892
3004.0,38.0,0.469336
3004.0,39.0,0.474483
3004.0,40.0,0.467482
3004.0,41.0,0.514833
3004.0,42.0,0.508724
3004.0,43.0,0.491561
3004.0,44.0,0.443222
3004.0,45.0,0.525933
3004.0,46.0,0.481108
3004.0,47.0,0.478372
3004.0,48.0,0.503337
3004.0,49.0,0.486403
3004.0,50.0,0.570762
3004.0,51.0,0.490504
3004.0,52.0,0.49235
3004.0,53.0,0.512936
3004.0,54.0,0.472156
3004.0,55.0,0.525172
3004.0,56.0,0.481653
3004.0,57.0,0.466811
3004.0,58.0,0.476536
3004.0,59.0,0.490241
3004.0,60.0,0.515259
3004.0,61.0,0.48319
3004.0,62.0,0.517491
3004.0,63.0,0.530797
3004.0,64.0,0.532914
3004.0,65.0,0.479258
3004.0,66.0,0.544721
3004.0,67.0,0.486682
3004.0,68.0,0.461236
3004.0,69.0,0.499594
3004.0,70.0,0.483518
3004.0,71.0,0.483815
3004.0,72.0,0.513806
3004.0,73.0,0.491683
3004.0,74.0,0.502424
3004.0,75.0,0.461251
3004.0,76.0,0.440722
3004.0,77.0,0.516302
3004.0,78.0,0.497834
3004.0,79.0,0.495004
3004.0,80.0,0.475292
3004.0,81.0,0.505893
3004.0,82.0,0.496535
3004.0,83.0,0.531401
3004.0,84.0,0.490966
3004.0,85.0,0.519209
3004.0,86.0,0.495559
3004.0,87.0,0.537826
3004.0,88.0,0.502222
3004.0,89.0,0.504745
3004.0,90.0,0.516269
3004.0,91.0,0.499312
3004.0,92.0,0.520481
3004.0,93.0,0.470256
3004.0,94.0,0.509547
3004.0,95.0,0.530206
3004.0,96.0,0.484752
3004.0,97.0,0.502213
3004.0,98.0,0.497627
3004.0,99.0,0.498928
3004.0,100.0,0.490724
3004.0,101.0,0.522481
3004.0,102.0,0.5104
3004.0,103.0,0.439429
3004.0,104.0,0.524281
3004.0,105.0,0.502065
3004.0,106.0,0.494681
3004.0,107.0,0.503837
3004.0,108.0,0.514917
3004.0,109.0,0.528729
3004.0,110.0,0.493557
3004.0,111.0,0.509694
3004.0,112.0,0.441824
3004.0,113.0,0.458212
3004.0,114.0,0.501504
3004.0,115.0,0.508612
3004.0,116.0,0.536347
3004.0,117.0,0.483232
3004.0,118.0,0.519096
3004.0,119.0,0.515864
3004.0,120.0,0.56701
3004.0,121.0,0.452561
3004.0,122.0,0.428857
3004.0,123.0,0.581174
3004.0,124.0,0.464703
3004.0,125.0,0.512014
3004.0,126.0,0.520462
3005.0,0.0,0.50828
3005.0,1.0,0.472377
3005.0,2.0,0.489323
3005.0,3.0,0.481322
3005.0,4.0,0.485178
3005.0,5.0,0.499642
3005.0,6.0,0.453721
3005.0,7.0,0.53639
3005.0,8.0,0.477954
3005.0,9.0,0.493913
3005.0,10.0,0.48661
3005.0,11.0,0.486983
3005.0,12.0,0.51206
3005.0,13.0,0.479494
3005.0,14.0,0.513455
3005.0,15.0,0.502588
3005.0,16.0,0.481577
3005.0,17.0,0.515961
3005.0,18.0,0.495067
3005.0,19.0,0.471601
3005.0,20.0,0.489531
3005.0,21.0,0.513151
3005.0,22.0,0.461225
3005.0,23.0,0.48759
3005.0,24.0,0.495459
3005.0,25.0,0.551403
3005.0,26.0,0.493876
3005.0,27.0,0.493633
3005.0,28.0,0.47952
3005.0,29.0,0.500753
3005.0,30.0,0.475613
3005.0,31.0,0.510344
3005.0,32.0,0.476438
3005.0,33.0,0.48294
3005.0,34.0,0.493423
3005.0,35.0,0.428825
3005.0,36.0,0.518134
3005.0,37.0,0.516744
3005.0,38.0,0.468956
3005.0,39.0,0.474789
3005.0,40.0,0.466977
3005.0,41.0,0.514047
3005.0,42.0,0.509059
3005.0,43.0,0.491517
3005.0,44.0,0.443761
3005.0,45.0,0.525922
3005.0,46.0,0.480551
3005.0,47.0,0.478116
3005.0,48.0,0.504275
3005.0,49.0,0.486544
3005.0,50.0,0.570964
3005.0,51.0,0.491289
3005.0,52.0,0.492852
3005.0,53.0,0.512831
3005.0,54.0,0.471867
3005.0,55.0,0.525312
3005.0,56.0,0.481889
3005.0,57.0,0.466023
3005.0,58.0,0.477068
3005.0,59.0,0.490864
3005.0,60.0,0.514111
3005.0,61.0,0.482395
3005.0,62.0,0.517997
3005.0,63.0,0.530942
3005.0,64.0,0.532878
3005.0,65.0,0.480027
3005.0,66.0,0.545283
3005.0,67.0,0.487002
3005.0,68.0,0.461274
3005.0,69.0,0.500032
3005.0,70.0,0.483985
3005.0,71.0,0.483953
3005.0,72.0,0.514214
3005.0,73.0,0.491768
3005.0,74.0,0.502363
3005.0,75.0,0.461898
3005.0,76.0,0.440471
3005.0,77.0,0.51554
3005.0,78.0,0.49712
3005.0,79.0,0.495247
3005.0,80.0,0.475815
3005.0,81.0,0.505786
3005.0,82.0,0.497204
3005.0,83.0,0.531371
3005.0,84.0,0.490889
3005.0,85.0,0.518976
3005.0,86.0,0.495825
3005.0,87.0,0.537905
3005.0,88.0,0.501729
3005.0,89.0,0.504372
3005.0,90.0,0.516121
3005.0,91.0,0.499479
3005.0,92.0,0.519671
3005.0,93.0,0.470118
3005.0,94.0,0.509002
3005.0,95.0,0.529809
3005.0,96.0,0.485149
3005.0,97.0,0.502079
3005.0,98.0,0.497334
3005.0,99.0,0.499255
3005.0,100.0,0.490069
3005.0,101.0,0.522299
3005.0,102.0,0.509984
3005.0,103.0,0.439273
3005.0,104.0,0.523809
3005.0,105.0,0.501281
3005.0,106.0,0.494823
3005.0,107.0,0.503419
3005.0,108.0,0.514849
3005.0,109.0,0.528942
3005.0,110.0,0.493149
3005.0,111.0,0.50914
3005.0,112.0,0.441673
3005.0,113.0,0.457808
3005.0,114.0,0.502216
3005.0,115.0,0.508093
3005.0,116.0,0.536031
3005.0,117.0,0.482641
3005.0,118.0,0.518901
3005.0,119.0,0.516255
3005.0,120.0,0.566823
3005.0,121.0,0.451688
3005.0,122.0,0.429299
3005.0,123.0,0.581246
3005.0,124.0,0.464638
3005.0,125.0,0.511536
3005.0,126.0,0.520198
3006.0,0.0,0.508909
3006.0,1.0,0.472354
3006.0,2.0,0.489343
3006.0,3.0,0.481766
3006.0,4.0,0.486158
3006.0,5.0,0.499774
3006.0,6.0,0.454432
3006.0,7.0,0.536245
3006.0,8.0,0.477957
3006.0,9.0,0.494574
3006.0,10.0,0.486881
3006.0,11.0,0.486221
3006.0,12.0,0.511868
3006.0,13.0,0.478999
3006.0,14.0,0.513387
3006.0,15.0,0.502294
3006.0,16.0,0.482037
3006.0,17.0,0.516478
3006.0,18.0,0.495086
3006.0,19.0,0.471914
3006.0,20.0,0.489392
3006.0,21.0,0.512716
3006.0,22.0,0.461335
3006.0,23.0,0.488176
3006.0,24.0,0.495725
3006.0,25.0,0.550819
3006.0,26.0,0.493884
3006.0,27.0,0.49432
3006.0,28.0,0.479211
3006.0,29.0,0.500635
3006.0,30.0,0.475518
3006.0,31.0,0.508997
3006.0,32.0,0.477066
3006.0,33.0,0.483297
3006.0,34.0,0.493186
3006.0,35.0,0.429437
3006.0,36.0,0.51764
3006.0,37.0,0.516481
3006.0,38.0,0.468973
3006.0,39.0,0.474457
3006.0,40.0,0.466883
3006.0,41.0,0.514343
3006.0,42.0,0.508557
3006.0,43.0,0.491806
3006.0,44.0,0.443036
3006.0,45.0,0.525182
3006.0,46.0,0.479489
3006.0,47.0,0.47874
3006.0,48.0,0.503649
3006.0,49.0,0.48674
3006.0,50.0,0.570545
3006.0,51.0,0.491773
3006.0,52.0,0.491987
3006.0,53.0,0.512851
3006.0,54.0,0.47129
3006.0,55.0,0.525053
3006.0,56.0,0.482226
3006.0,57.0,0.466035
3006.0,58.0,0.478675
3006.0,59.0,0.490327
3006.0,60.0,0.513813
3006.0,61.0,0.482169
3006.0,62.0,0.517959
3006.0,63.0,0.531064
3006.0,64.0,0.532575
3006.0,65.0,0.480404
3006.0,66.0,0.544961
3006.0,67.0,0.486965
3006.0,68.0,0.461341
3006.0,69.0,0.500197
3006.0,70.0,0.483751
3006.0,71.0,0.484242
3006.0,72.0,0.515091
3006.0,73.0,0.491469
3006.0,74.0,0.502514
3006.0,75.0,0.46135
3006.0,76.0,0.439409
3006.0,77.0,0.515127
3006.0,78.0,0.497497
3006.0,79.0,0.495593
3006.0,80.0,0.476293
3006.0,81.0,0.505914
3006.0,82.0,0.498122
3006.0,83.0,0.531667
3006.0,84.0,0.49066
3006.0,85.0,0.518874
3006.0,86.0,0.495912
3006.0,87.0,0.538044
3006.0,88.0,0.501344
3006.0,89.0,0.504283
3006.0,90.0,0.515983
3006.0,91.0,0.498938
3006.0,92.0,0.519272
3006.0,93.0,0.470122
3006.0,94.0,0.509714
3006.0,95.0,0.52995
3006.0,96.0,0.484022
3006.0,97.0,0.502046
3006.0,98.0,0.497063
3006.0,99.0,0.498916
3006.0,100.0,0.491166
3006.0,101.0,0.523012
3006.0,102.0,0.509989
3006.0,103.0,0.439121
3006.0,104.0,0.523947
3006.0,105.0,0.501634
3006.0,106.0,0.494955
3006.0,107.0,0.503002
3006.0,108.0,0.514396
3006.0,109.0,0.529561
3006.0,110.0,0.493415
3006.0,111.0,0.508791
3006.0,112.0,0.442596
3006.0,113.0,0.457381
3006.0,114.0,0.502741
3006.0,115.0,0.507808
3006.0,116.0,0.535492
3006.0,117.0,0.482603
3006.0,118.0,0.51886
3006.0,119.0,0.515648
3006.0,120.0,0.567506
3006.0,121.0,0.452047
3006.0,122.0,0.429553
3006.0,123.0,0.581375
3006.0,124.0,0.464413
3006.0,125.0,0.511384
3006.0,126.0,0.519708
3007.0,0.0,0.509628
3007.0,1.0,0.472615
3007.0,2.0,0.489174
3007.0,3.0,0.481178
3007.0,4.0,0.486706
3007.0,5.0,0.500757
3007.0,6.0,0.454786
3007.0,7.0,0.536962
3007.0,8.0,0.478108
3007.0,9.0,0.494239
3007.0,10.0,0.48731
3007.0,11.0,0.486989
3007.0,12.0,0.511445
3007.0,13.0,0.479463
3007.0,14.0,0.513102
3007.0,15.0,0.502624
3007.0,16.0,0.482196
3007.0,17.0,0.516815
3007.0,18.0,0.495375
3007.0,19.0,0.473215
3007.0,20.0,0.489255
3007.0,21.0,0.512054
3007.0,22.0,0.462297
3007.0,23.0,0.487824
3007.0,24.0,0.496047
3007.0,25.0,0.551517
3007.0,26.0,0.494473
3007.0,27.0,0.4948
3007.0,28.0,0.478973
3007.0,29.0,0.499848
3007.0,30.0,0.475091
3007.0,31.0,0.509491
3007.0,32.0,0.476947
3007.0,33.0,0.48307
3007.0,34.0,0.493085
3007.0,35.0,0.429048
3007.0,36.0,0.517371
3007.0,37.0,0.516701
3007.0,38.0,0.468339
3007.0,39.0,0.473462
3007.0,40.0,0.466928
3007.0,41.0,0.51539
3007.0,42.0,0.508934
3007.0,43.0,0.491293
3007.0,44.0,0.443043
3007.0,45.0,0.525932
3007.0,46.0,0.47923
3007.0,47.0,0.479447
3007.0,48.0,0.504711
3007.0,49.0,0.487095
3007.0,50.0,0.570512
3007.0,51.0,0.492034
3007.0,52.0,0.491389
3007.0,53.0,0.512059
3007.0,54.0,0.471234
3007.0,55.0,0.524377
3007.0,56.0,0.481954
3007.0,57.0,0.466291
3007.0,58.0,0.478032
3007.0,59.0,0.489772
3007.0,60.0,0.514533
3007.0,61.0,0.481103
3007.0,62.0,0.518521
3007.0,63.0,0.530371
3007.0,64.0,0.531724
3007.0,65.0,0.480658
3007.0,66.0,0.545282
3007.0,67.0,0.487769
3007.0,68.0,0.461974
3007.0,69.0,0.50065
3007.0,70.0,0.483953
3007.0,71.0,0.484382
3007.0,72.0,0.514952
3007.0,73.0,0.491296
3007.0,74.0,0.502535
3007.0,75.0,0.461755
3007.0,76.0,0.439503
3007.0,77.0,0.515862
3007.0,78.0,0.497869
3007.0,79.0,0.495648
3007.0,80.0,0.475946
3007.0,81.0,0.506569
3007.0,82.0,0.498303
3007.0,83.0,0.532062
3007.0,84.0,0.490714
3007.0,85.0,0.518948
3007.0,86.0,0.497032
3007.0,87.0,0.537019
3007.0,88.0,0.501517
3007.0,89.0,0.504854
3007.0,90.0,0.515912
3007.0,91.0,0.499194
3007.0,92.0,0.519847
3007.0,93.0,0.470157
3007.0,94.0,0.510088
3007.0,95.0,0.530476
3007.0,96.0,0.48391
3007.0,97.0,0.501789
3007.0,98.0,0.497019
3007.0,99.0,0.498901
3007.0,100.0,0.492392
3007.0,101.0,0.5234
3007.0,102.0,0.511015
3007.0,103.0,0.438756
3007.0,104.0,0.523011
3007.0,105.0,0.501015
3007.0,106.0,0.495146
3007.0,107.0,0.502243
3007.0,108.0,0.514915
3007.0,109.0,0.529516
3007.0,110.0,0.49331
3007.0,111.0,0.509434
3007.0,112.0,0.442584
3007.0,113.0,0.456187
3007.0,114.0,0.50299
3007.0,115.0,0.507657
3007.0,116.0,0.535489
3007.0,117.0,0.482117
3007.0,118.0,0.518736
3007.0,119.0,0.51463
3007.0,120.0,0.567698
3007.0,121.0,0.451567
3007.0,122.0,0.429403
3007.0,123.0,0.581773
3007.0,124.0,0.463851
3007.0,125.0,0.511128
3007.0,126.0,0.51967
3008.0,0.0,0.509357
3008.0,1.0,0.47168
3008.0,2.0,0.489927
3008.0,3.0,0.48145
3008.0,4.0,0.486967
3008.0,5.0,0.500629
3008.0,6.0,0.454901
3008.0,7.0,0.537294
3008.0,8.0,0.477922
3008.0,9.0,0.493415
3008.0,10.0,0.487543
3008.0,11.0,0.486956
3008.0,12.0,0.511326
3008.0,13.0,0.478957
3008.0,14.0,0.513609
3008.0,15.0,0.503384
3008.0,16.0,0.482736
3008.0,17.0,0.517007
3008.0,18.0,0.496009
3008.0,19.0,0.473133
3008.0,20.0,0.489575
3008.0,21.0,0.512025
3008.0,22.0,0.463238
3008.0,23.0,0.487519
3008.0,24.0,0.495982
3008.0,25.0,0.551599
3008.0,26.0,0.493692
3008.0,27.0,0.494848
3008.0,28.0,0.479058
3008.0,29.0,0.499955
3008.0,30.0,0.474612
3008.0,31.0,0.509693
3008.0,32.0,0.476757
3008.0,33.0,0.482764
3008.0,34.0,0.492849
3008.0,35.0,0.428549
3008.0,36.0,0.517922
3008.0,37.0,0.515058
3008.0,38.0,0.467691
3008.0,39.0,0.473679
3008.0,40.0,0.466708
3008.0,41.0,0.515569
3008.0,42.0,0.50864
3008.0,43.0,0.490835
3008.0,44.0,0.442651
3008.0,45.0,0.526739
3008.0,46.0,0.479464
3008.0,47.0,0.4791
3008.0,48.0,0.50439
3008.0,49.0,0.487669
3008.0,50.0,0.570336
3008.0,51.0,0.492224
3008.0,52.0,0.491993
3008.0,53.0,0.512404
3008.0,54.0,0.471312
3008.0,55.0,0.525226
3008.0,56.0,0.481707
3008.0,57.0,0.466035
3008.0,58.0,0.478348
3008.0,59.0,0.489982
3008.0,60.0,0.514235
3008.0,61.0,0.481741
3008.0,62.0,0.518641
3008.0,63.0,0.530256
3008.0,64.0,0.531354
3008.0,65.0,0.480923
3008.0,66.0,0.54528
3008.0,67.0,0.487651
3008.0,68.0,0.461459
3008.0,69.0,0.500796
3008.0,70.0,0.483729
3008.0,71.0,0.484948
3008.0,72.0,0.514325
3008.0,73.0,0.491826
3008.0,74.0,0.502463
3008.0,75.0,0.462827
3008.0,76.0,0.439349
3008.0,77.0,0.515403
3008.0,78.0,0.497886
3008.0,79.0,0.495723
3008.0,80.0,0.47559
3008.0,81.0,0.507234
3008.0,82.0,0.498042
3008.0,83.0,0.532476
3008.0,84.0,0.490374
3008.0,85.0,0.518797
3008.0,86.0,0.496914
3008.0,87.0,0.535794
3008.0,88.0,0.501279
3008.0,89.0,0.504478
3008.0,90.0,0.516257
3008.0,91.0,0.499343
3008.0,92.0,0.52019
3008.0,93.0,0.470348
3008.0,94.0,0.510375
3008.0,95.0,0.530303
3008.0,96.0,0.483336
3008.0,97.0,0.501312
3008.0,98.0,0.496948
3008.0,99.0,0.49929
3008.0,100.0,0.492149
3008.0,101.0,0.523691
3008.0,102.0,0.510646
3008.0,103.0,0.438228
3008.0,104.0,0.523386
3008.0,105.0,0.501011
3008.0,106.0,0.495052
3008.0,107.0,0.50231
3008.0,108.0,0.514779
3008.0,109.0,0.530163
3008.0,110.0,0.493604
3008.0,111.0,0.50886
3008.0,112.0,0.442791
3008.0,113.0,0.456222
3008.0,114.0,0.502981
3008.0,115.0,0.50673
3008.0,116.0,0.5353
3008.0,117.0,0.482302
3008.0,118.0,0.51886
3008.0,119.0,0.514756
3008.0,120.0,0.567976
3008.0,121.0,0.451598
3008.0,122.0,0.429094
3008.0,123.0,0.582353
3008.0,124.0,0.463268
3008.0,125.0,0.51084
3008.0,126.0,0.519916
3009.0,0.0,0.508532
3009.0,1.0,0.471619
3009.0,2.0,0.489463
3009.0,3.0,0.481293
3009.0,4.0,0.486615
3009.0,5.0,0.501149
3009.0,6.0,0.455094
3009.0,7.0,0.537097
3009.0,8.0,0.478345
3009.0,9.0,0.493621
3009.0,10.0,0.487713
3009.0,11.0,0.486022
3009.0,12.0,0.51195
3009.0,13.0,0.479305
3009.0,14.0,0.513617
3009.0,15.0,0.503413
3009.0,16.0,0.482738
3009.0,17.0,0.517029
3009.0,18.0,0.496072
3009.0,19.0,0.473036
3009.0,20.0,0.489687
3009.0,21.0,0.512672
3009.0,22.0,0.463515
3009.0,23.0,0.487218
3009.0,24.0,0.495498
3009.0,25.0,0.550408
3009.0,26.0,0.493863
3009.0,27.0,0.495402
3009.0,28.0,0.480307
3009.0,29.0,0.500073
3009.0,30.0,0.474476
3009.0,31.0,0.51022
3009.0,32.0,0.477683
3009.0,33.0,0.482687
3009.0,34.0,0.493138
3009.0,35.0,0.428708
3009.0,36.0,0.517902
3009.0,37.0,0.515097
3009.0,38.0,0.467854
3009.0,39.0,0.473683
3009.0,40.0,0.466743
3009.0,41.0,0.515469
3009.0,42.0,0.50818
3009.0,43.0,0.490333
3009.0,44.0,0.442992
3009.0,45.0,0.52645
3009.0,46.0,0.479306
3009.0,47.0,0.479521
3009.0,48.0,0.504125
3009.0,49.0,0.488154
3009.0,50.0,0.569777
3009.0,51.0,0.491952
3009.0,52.0,0.492598
3009.0,53.0,0.51291
3009.0,54.0,0.470599
3009.0,55.0,0.524405
3009.0,56.0,0.481844
3009.0,57.0,0.466568
3009.0,58.0,0.47913
3009.0,59.0,0.489326
3009.0,60.0,0.514251
3009.0,61.0,0.481512
3009.0,62.0,0.518035
3009.0,63.0,0.530624
3009.0,64.0,0.531162
3009.0,65.0,0.481082
3009.0,66.0,0.545351
3009.0,67.0,0.486983
3009.0,68.0,0.461077
3009.0,69.0,0.501508
3009.0,70.0,0.484107
3009.0,71.0,0.484782
3009.0,72.0,0.513409
3009.0,73.0,0.491108
3009.0,74.0,0.502687
3009.0,75.0,0.462044
3009.0,76.0,0.440335
3009.0,77.0,0.515414
3009.0,78.0,0.498132
3009.0,79.0,0.496088
3009.0,80.0,0.474789
3009.0,81.0,0.507922
3009.0,82.0,0.497942
3009.0,83.0,0.532427
3009.0,84.0,0.491078
3009.0,85.0,0.51759
3009.0,86.0,0.497478
3009.0,87.0,0.534808
3009.0,88.0,0.501977
3009.0,89.0,0.504591
3009.0,90.0,0.516919
3009.0,91.0,0.498418
3009.0,92.0,0.519976
3009.0,93.0,0.470465
3009.0,94.0,0.510182
3009.0,95.0,0.529844
3009.0,96.0,0.483011
3009.0,97.0,0.501539
3009.0,98.0,0.497064
3009.0,99.0,0.498261
3009.0,100.0,0.493352
3009.0,101.0,0.523522
3009.0,102.0,0.511157
3009.0,103.0,0.43898
3009.0,104.0,0.523531
3009.0,105.0,0.501392
3009.0,106.0,0.494837
3009.0,107.0,0.503227
3009.0,108.0,0.51492
3009.0,109.0,0.530451
3009.0,110.0,0.493319
3009.0,111.0,0.508444
3009.0,112.0,0.443243
3009.0,113.0,0.455994
3009.0,114.0,0.501839
3009.0,115.0,0.506766
3009.0,116.0,0.535006
3009.0,117.0,0.481833
3009.0,118.0,0.518219
3009.0,119.0,0.514835
3009.0,120.0,0.568753
3009.0,121.0,0.450923
3009.0,122.0,0.429921
3009.0,123.0,0.581941
3009.0,124.0,0.463248
3009.0,125.0,0.510226
3009.0,126.0,0.519818
3010.0,0.0,0.507905
3010.0,1.0,0.472016
3010.0,2.0,0.48925
3010.0,3.0,0.480745
3010.0,4.0,0.486958
3010.0,5.0,0.500476
3010.0,6.0,0.455526
3010.0,7.0,0.537674
3010.0,8.0,0.479063
3010.0,9.0,0.494268
3010.0,10.0,0.487455
3010.0,11.0,0.485682
3010.0,12.0,0.511492
3010.0,13.0,0.480267
3010.0,14.0,0.513309
3010.0,15.0,0.503285
3010.0,16.0,0.482081
3010.0,17.0,0.516651
3010.0,18.0,0.496751
3010.0,19.0,0.472936
3010.0,20.0,0.489651
3010.0,21.0,0.512498
3010.0,22.0,0.462994
3010.0,23.0,0.48748
3010.0,24.0,0.496725
3010.0,25.0,0.550605
3010.0,26.0,0.494699
3010.0,27.0,0.494588
3010.0,28.0,0.479764
3010.0,29.0,0.500922
3010.0,30.0,0.474047
3010.0,31.0,0.51049
3010.0,32.0,0.478449
3010.0,33.0,0.482917
3010.0,34.0,0.492894
3010.0,35.0,0.429339
3010.0,36.0,0.51818
3010.0,37.0,0.515536
3010.0,38.0,0.468535
3010.0,39.0,0.473511
3010.0,40.0,0.467064
3010.0,41.0,0.51562
3010.0,42.0,0.507702
3010.0,43.0,0.491458
3010.0,44.0,0.442087
3010.0,45.0,0.52554
3010.0,46.0,0.479158
3010.0,47.0,0.479197
3010.0,48.0,0.504
3010.0,49.0,0.488988
3010.0,50.0,0.570842
3010.0,51.0,0.491828
3010.0,52.0,0.492658
3010.0,53.0,0.513155
3010.0,54.0,0.470856
3010.0,55.0,0.524979
3010.0,56.0,0.480857
3010.0,57.0,0.465391
3010.0,58.0,0.478674
3010.0,59.0,0.489995
3010.0,60.0,0.5143
3010.0,61.0,0.481169
3010.0,62.0,0.518064
3010.0,63.0,0.530317
3010.0,64.0,0.530861
3010.0,65.0,0.480895
3010.0,66.0,0.545278
3010.0,67.0,0.486626
3010.0,68.0,0.460021
3010.0,69.0,0.501211
3010.0,70.0,0.484598
3010.0,71.0,0.485159
3010.0,72.0,0.513132
3010.0,73.0,0.491454
3010.0,74.0,0.502853
3010.0,75.0,0.462014
3010.0,76.0,0.441168
3010.0,77.0,0.515301
3010.0,78.0,0.498256
3010.0,79.0,0.496163
3010.0,80.0,0.474592
3010.0,81.0,0.507833
3010.0,82.0,0.497865
3010.0,83.0,0.531872
3010.0,84.0,0.491506
3010.0,85.0,0.517184
3010.0,86.0,0.497343
3010.0,87.0,0.534372
3010.0,88.0,0.501835
3010.0,89.0,0.505143
3010.0,90.0,0.517414
3010.0,91.0,0.498777
3010.0,92.0,0.519139
3010.0,93.0,0.470116
3010.0,94.0,0.509769
3010.0,95.0,0.52976
3010.0,96.0,0.482844
3010.0,97.0,0.50172
3010.0,98.0,0.497309
3010.0,99.0,0.498096
3010.0,100.0,0.492317
3010.0,101.0,0.523174
3010.0,102.0,0.510672
3010.0,103.0,0.439439
3010.0,104.0,0.523039
3010.0,105.0,0.500611
3010.0,106.0,0.494552
3010.0,107.0,0.503579
3010.0,108.0,0.514819
3010.0,109.0,0.530642
3010.0,110.0,0.492546
3010.0,111.0,0.508568
3010.0,112.0,0.44303
3010.0,113.0,0.456306
3010.0,114.0,0.501474
3010.0,115.0,0.50789
3010.0,116.0,0.534744
3010.0,117.0,0.481703
3010.0,118.0,0.518004
3010.0,119.0,0.515518
3010.0,120.0,0.56876
3010.0,121.0,0.451184
3010.0,122.0,0.430307
3010.0,123.0,0.581803
3010.0,124.0,0.463674
3010.0,125.0,0.510233
3010.0,126.0,0.518851
4000.0,0.0,0.489473
4000.0,1.0,0.474697
4000.0,2.0,0.500499
4000.0,3.0,0.492276
4000.0,4.0,0.47006
4000.0,5.0,0.511696
4000.0,6.0,0.45624
4000.0,7.0,0.523141
4000.0,8.0,0.493693
4000.0,9.0,0.463786
4000.0,10.0,0.465043
4000.0,11.0,0.47565
4000.0,12.0,0.526333
4000.0,13.0,0.505269
4000.0,14.0,0.495933
4000.0,15.0,0.507562
4000.0,16.0,0.494427
4000.0,17.0,0.517472
4000.0,18.0,0.511491
4000.0,19.0,0.45278
4000.0,20.0,0.482664
4000.0,21.0,0.522564
4000.0,22.0,0.490514
4000.0,23.0,0.520044
4000.0,24.0,0.517222
4000.0,25.0,0.541249
4000.0,26.0,0.468102
4000.0,27.0,0.498202
4000.0,28.0,0.480265
4000.0,29.0,0.475425
4000.0,30.0,0.473544
4000.0,31.0,0.514768
4000.0,32.0,0.476008
4000.0,33.0,0.474967
4000.0,34.0,0.499228
4000.0,35.0,0.387053
4000.0,36.0,0.521397
4000.0,37.0,0.508705
4000.0,38.0,0.458574
4000.0,39.0,0.47757
4000.0,40.0,0.442448
4000.0,41.0,0.525175
4000.0,42.0,0.511052
4000.0,43.0,0.483051
4000.0,44.0,0.466394
4000.0,45.0,0.515093
4000.0,46.0,0.474487
4000.0,47.0,0.457222
4000.0,48.0,0.49188
4000.0,49.0,0.492843
4000.0,50.0,0.558117
4000.0,51.0,0.505146
4000.0,52.0,0.506593
4000.0,53.0,0.515589
4000.0,54.0,0.45104
4000.0,55.0,0.52988
4000.0,56.0,0.459313
4000.0,57.0,0.492038
4000.0,58.0,0.471167
4000.0,59.0,0.484339
4000.0,60.0,0.53483
4000.0,61.0,0.478166
4000.0,62.0,0.487023
4000.0,63.0,0.541499
4000.0,64.0,0.536801
4000.0,65.0,0.493589
4000.0,66.0,0.522375
4000.0,67.0,0.509221
4000.0,68.0,0.455765
4000.0,69.0,0.490695
4000.0,70.0,0.487833
4000.0,71.0,0.486971
4000.0,72.0,0.524343
4000.0,73.0,0.53194
4000.0,74.0,0.491924
4000.0,75.0,0.441891
4000.0,76.0,0.435605
4000.0,77.0,0.493638
4000.0,78.0,0.482473
4000.0,79.0,0.506181
4000.0,80.0,0.48765
4000.0,81.0,0.533976
4000.0,82.0,0.502005
4000.0,83.0,0.527602
4000.0,84.0,0.457361
4000.0,85.0,0.513572
4000.0,86.0,0.486893
4000.0,87.0,0.550488
4000.0,88.0,0.503867
4000.0,89.0,0.502674
4000.0,90.0,0.469367
4000.0,91.0,0.508282
4000.0,92.0,0.528131
4000.0,93.0,0.4757
4000.0,94.0,0.511908
4000.0,95.0,0.53359
4000.0,96.0,0.486488
4000.0,97.0,0.513977
4000.0,98.0,0.514745
4000.0,99.0,0.477392
4000.0,100.0,0.475243
4000.0,101.0,0.527243
4000.0,102.0,0.503264
4000.0,103.0,0.422748
4000.0,104.0,0.512824
4000.0,105.0,0.491235
4000.0,106.0,0.500192
4000.0,107.0,0.488501
4000.0,108.0,0.504972
4000.0,109.0,0.539824
4000.0,110.0,0.488714
4000.0,111.0,0.519611
4000.0,112.0,0.445496
4000.0,113.0,0.459931
4000.0,114.0,0.495867
4000.0,115.0,0.540168
4000.0,116.0,0.530408
4000.0,117.0,0.490583
4000.0,118.0,0.512352
4000.0,119.0,0.505055
4000.0,120.0,0.589271
4000.0,121.0,0.459988
4000.0,122.0,0.441615
4000.0,123.0,0.589883
4000.0,124.0,0.463371
4000.0,125.0,0.485424
4000.0,126.0,0.53326
4001.0,0.0,0.489323
4001.0,1.0,0.475455
4001.0,2.0,0.500672
4001.0,3.0,0.492243
4001.0,4.0,0.470101
4001.0,5.0,0.511455
4001.0,6.0,0.456313
4001.0,7.0,0.522881
4001.0,8.0,0.49334
4001.0,9.0,0.463344
4001.0,10.0,0.464735
4001.0,11.0,0.475358
4001.0,12.0,0.526027
4001.0,13.0,0.505422
4001.0,14.0,0.495826
4001.0,15.0,0.508199
4001.0,16.0,0.493734
4001.0,17.0,0.518108
4001.0,18.0,0.511916
4001.0,19.0,0.452847
4001.0,20.0,0.483026
4001.0,21.0,0.52282
4001.0,22.0,0.489394
4001.0,23.0,0.519897
4001.0,24.0,0.517949
4001.0,25.0,0.540948
4001.0,26.0,0.467568
4001.0,27.0,0.49792
4001.0,28.0,0.480648
4001.0,29.0,0.475174
4001.0,30.0,0.473247
4001.0,31.0,0.514138
4001.0,32.0,0.475336
4001.0,33.0,0.474074
4001.0,34.0,0.499545
4001.0,35.0,0.386834
4001.0,36.0,0.521815
4001.0,37.0,0.509037
4001.0,38.0,0.457266
4001.0,39.0,0.477908
4001.0,40.0,0.442797
4001.0,41.0,0.525451
4001.0,42.0,0.510747
4001.0,43.0,0.483163
4001.0,44.0,0.466112
4001.0,45.0,0.516326
4001.0,46.0,0.474449
4001.0,47.0,0.457455
4001.0,48.0,0.492302
4001.0,49.0,0.492882
4001.0,50.0,0.557762
4001.0,51.0,0.504696
4001.0,52.0,0.50604
4001.0,53.0,0.516458
4001.0,54.0,0.450559
4001.0,55.0,0.530388
4001.0,56.0,0.45943
4001.0,57.0,0.491232
4001.0,58.0,0.471253
4001.0,59.0,0.48417
4001.0,60.0,0.533814
4001.0,61.0,0.478387
4001.0,62.0,0.487813
4001.0,63.0,0.541455
4001.0,64.0,0.537546
4001.0,65.0,0.493516
4001.0,66.0,0.522269
4001.0,67.0,0.508575
4001.0,68.0,0.455795
4001.0,69.0,0.489978
4001.0,70.0,0.48722
4001.0,71.0,0.487579
4001.0,72.0,0.524295
4001.0,73.0,0.532712
4001.0,74.0,0.49191
4001.0,75.0,0.440932
4001.0,76.0,0.435074
4001.0,77.0,0.494237
4001.0,78.0,0.482299
4001.0,79.0,0.505683
4001.0,80.0,0.488237
4001.0,81.0,0.533871
4001.0,82.0,0.50287
4001.0,83.0,0.527317
4001.0,84.0,0.45698
4001.0,85.0,0.513676
4001.0,86.0,0.487398
4001.0,87.0,0.550445
4001.0,88.0,0.503912
4001.0,89.0,0.502823
4001.0,90.0,0.4694
4001.0,91.0,0.508407
4001.0,92.0,0.528466
4001.0,93.0,0.475149
4001.0,94.0,0.511961
4001.0,95.0,0.533573
4001.0,96.0,0.486021
4001.0,97.0,0.514465
4001.0,98.0,0.514358
4001.0,99.0,0.477988
4001.0,100.0,0.475007
4001.0,101.0,0.527363
4001.0,102.0,0.503155
4001.0,103.0,0.422382
4001.0,104.0,0.512876
4001.0,105.0,0.490758
4001.0,106.0,0.500277
4001.0,107.0,0.488283
4001.0,108.0,0.505472
4001.0,109.0,0.539609
4001.0,110.0,0.488407
4001.0,111.0,0.518637
4001.0,112.0,0.44549
4001.0,113.0,0.459741
4001.0,114.0,0.496445
4001.0,115.0,0.539498
4001.0,116.0,0.530229
4001.0,117.0,0.490677
4001.0,118.0,0.513259
4001.0,119.0,0.503422
4001.0,120.0,0.588814
4001.0,121.0,0.459854
4001.0,122.0,0.44199
4001.0,123.0,0.590259
4001.0,124.0,0.4635
4001.0,125.0,0.485562
4001.0,126.0,0.533874
4002.0,0.0,0.489242
4002.0,1.0,0.475973
4002.0,2.0,0.500975
4002.0,3.0,0.493343
4002.0,4.0,0.47028
4002.0,5.0,0.511428
4002.0,6.0,0.456064
4002.0,7.0,0.522885
4002.0,8.0,0.492845
4002.0,9.0,0.463998
4002.0,10.0,0.465251
4002.0,11.0,0.475668
4002.0,12.0,0.525671
4002.0,13.0,0.506665
4002.0,14.0,0.495974
4002.0,15.0,0.508284
4002.0,16.0,0.494564
4002.0,17.0,0.517984
4002.0,18.0,0.511358
4002.0,19.0,0.454008
4002.0,20.0,0.483079
4002.0,21.0,0.523198
4002.0,22.0,0.489258
4002.0,23.0,0.518971
4002.0,24.0,0.518398
4002.0,25.0,0.540214
4002.0,26.0,0.467716
4002.0,27.0,0.497382
4002.0,28.0,0.481222
4002.0,29.0,0.474635
4002.0,30.0,0.473111
4002.0,31.0,0.513659
4002.0,32.0,0.47526
4002.0,33.0,0.473302
4002.0,34.0,0.499611
4002.0,35.0,0.387221
4002.0,36.0,0.52229
4002.0,37.0,0.509236
4002.0,38.0,0.458086
4002.0,39.0,0.477654
4002.0,40.0,0.442499
4002.0,41.0,0.525669
4002.0,42.0,0.510455
4002.0,43.0,0.483136
4002.0,44.0,0.466425
4002.0,45.0,0.516179
4002.0,46.0,0.473558
4002.0,47.0,0.457438
4002.0,48.0,0.492536
4002.0,49.0,0.493589
4002.0,50.0,0.557204
4002.0,51.0,0.50492
4002.0,52.0,0.506303
4002.0,53.0,0.51625
4002.0,54.0,0.450478
4002.0,55.0,0.530573
4002.0,56.0,0.459594
4002.0,57.0,0.491741
4002.0,58.0,0.472281
4002.0,59.0,0.484787
4002.0,60.0,0.533282
4002.0,61.0,0.478672
4002.0,62.0,0.488179
4002.0,63.0,0.540684
4002.0,64.0,0.537794
4002.0,65.0,0.49331
4002.0,66.0,0.522482
4002.0,67.0,0.508278
4002.0,68.0,0.456232
4002.0,69.0,0.489481
4002.0,70.0,0.487261
4002.0,71.0,0.487083
4002.0,72.0,0.523365
4002.0,73.0,0.532538
4002.0,74.0,0.49142
4002.0,75.0,0.440937
4002.0,76.0,0.434562
4002.0,77.0,0.493705
4002.0,78.0,0.482213
4002.0,79.0,0.505256
4002.0,80.0,0.488547
4002.0,81.0,0.533975
4002.0,82.0,0.502827
4002.0,83.0,0.527532
4002.0,84.0,0.457014
4002.0,85.0,0.513788
4002.0,86.0,0.48689
4002.0,87.0,0.550578
4002.0,88.0,0.50463
4002.0,89.0,0.502068
4002.0,90.0,0.469981
4002.0,91.0,0.508643
4002.0,92.0,0.529677
4002.0,93.0,0.475075
4002.0,94.0,0.511227
4002.0,95.0,0.533521
4002.0,96.0,0.485576
4002.0,97.0,0.514348
4002.0,98.0,0.514463
4002.0,99.0,0.477972
4002.0,100.0,0.475259
4002.0,101.0,0.52758
4002.0,102.0,0.5038
4002.0,103.0,0.422566
4002.0,104.0,0.513083
4002.0,105.0,0.489764
4002.0,106.0,0.500794
4002.0,107.0,0.487955
4002.0,108.0,0.505442
4002.0,109.0,0.539258
4002.0,110.0,0.488893
4002.0,111.0,0.518781
4002.0,112.0,0.447577
4002.0,113.0,0.460024
4002.0,114.0,0.49653
4002.0,115.0,0.539051
4002.0,116.0,0.530376
4002.0,117.0,0.491117
4002.0,118.0,0.513784
4002.0,119.0,0.5041
4002.0,120.0,0.589607
4002.0,121.0,0.459717
4002.0,122.0,0.442229
4002.0,123.0,0.590249
4002.0,124.0,0.462885
4002.0,125.0,0.485421
4002.0,126.0,0.533495
4003.0,0.0,0.489285
4003.0,1.0,0.475703
4003.0,2.0,0.500356
4003.0,3.0,0.493612
4003.0,4.0,0.469437
4003.0,5.0,0.511343
4003.0,6.0,0.455715
4003.0,7.0,0.522431
4003.0,8.0,0.493335
4003.0,9.0,0.46348
4003.0,10.0,0.464909
4003.0,11.0,0.476067
4003.0,12.0,0.525339
4003.0,13.0,0.507027
4003.0,14.0,0.495768
4003.0,15.0,0.50857
4003.0,16.0,0.49401
4003.0,17.0,0.51799
4003.0,18.0,0.510663
4003.0,19.0,0.454302
4003.0,20.0,0.483747
4003.0,21.0,0.523007
4003.0,22.0,0.489042
4003.0,23.0,0.518955
4003.0,24.0,0.518296
4003.0,25.0,0.540108
4003.0,26.0,0.467795
4003.0,27.0,0.497747
4003.0,28.0,0.481599
4003.0,29.0,0.475084
4003.0,30.0,0.47345
4003.0,31.0,0.513821
4003.0,32.0,0.475114
4003.0,33.0,0.473268
4003.0,34.0,0.500576
4003.0,35.0,0.386966
4003.0,36.0,0.522591
4003.0,37.0,0.509351
4003.0,38.0,0.457821
4003.0,39.0,0.477472
4003.0,40.0,0.442765
4003.0,41.0,0.525765
4003.0,42.0,0.509699
4003.0,43.0,0.483125
4003.0,44.0,0.466307
4003.0,45.0,0.516276
4003.0,46.0,0.474349
4003.0,47.0,0.457148
4003.0,48.0,0.4924
4003.0,49.0,0.494142
4003.0,50.0,0.556898
4003.0,51.0,0.504987
4003.0,52.0,0.5067
4003.0,53.0,0.516475
4003.0,54.0,0.450621
4003.0,55.0,0.531202
4003.0,56.0,0.45972
4003.0,57.0,0.492052
4003.0,58.0,0.472352
4003.0,59.0,0.485203
4003.0,60.0,0.533396
4003.0,61.0,0.47791
4003.0,62.0,0.488844
4003.0,63.0,0.540836
4003.0,64.0,0.537344
4003.0,65.0,0.492985
4003.0,66.0,0.522372
4003.0,67.0,0.508186
4003.0,68.0,0.456876
4003.0,69.0,0.488895
4003.0,70.0,0.487397
4003.0,71.0,0.48724
4003.0,72.0,0.52385
4003.0,73.0,0.532381
4003.0,74.0,0.491371
4003.0,75.0,0.440752
4003.0,76.0,0.435019
4003.0,77.0,0.494253
4003.0,78.0,0.48198
4003.0,79.0,0.505936
4003.0,80.0,0.487786
4003.0,81.0,0.533489
4003.0,82.0,0.502916
4003.0,83.0,0.527699
4003.0,84.0,0.456258
4003.0,85.0,0.512683
4003.0,86.0,0.485567
4003.0,87.0,0.550677
4003.0,88.0,0.504048
4003.0,89.0,0.50204
4003.0,90.0,0.47041
4003.0,91.0,0.509167
4003.0,92.0,0.528581
4003.0,93.0,0.474641
4003.0,94.0,0.511299
4003.0,95.0,0.533612
4003.0,96.0,0.485444
4003.0,97.0,0.513697
4003.0,98.0,0.514293
4003.0,99.0,0.478396
4003.0,100.0,0.475672
4003.0,101.0,0.528158
4003.0,102.0,0.504536
4003.0,103.0,0.423175
4003.0,104.0,0.513371
4003.0,105.0,0.490906
4003.0,106.0,0.501772
4003.0,107.0,0.488573
4003.0,108.0,0.505189
4003.0,109.0,0.539478
4003.0,110.0,0.488878
4003.0,111.0,0.518902
4003.0,112.0,0.447643
4003.0,113.0,0.460344
4003.0,114.0,0.496733
4003.0,115.0,0.539927
4003.0,116.0,0.53013
4003.0,117.0,0.491287
4003.0,118.0,0.513359
4003.0,119.0,0.504919
4003.0,120.0,0.589327
4003.0,121.0,0.459423
4003.0,122.0,0.442245
4003.0,123.0,0.590741
4003.0,124.0,0.462697
4003.0,125.0,0.484795
4003.0,126.0,0.532502
4004.0,0.0,0.488527
4004.0,1.0,0.475322
4004.0,2.0,0.500686
4004.0,3.0,0.49373
4004.0,4.0,0.469725
4004.0,5.0,0.511582
4004.0,6.0,0.455764
4004.0,7.0,0.522389
4004.0,8.0,0.493377
4004.0,9.0,0.463781
4004.0,10.0,0.464383
4004.0,11.0,0.476569
4004.0,12.0,0.525737
4004.0,13.0,0.506388
4004.0,14.0,0.494662
4004.0,15.0,0.509687
4004.0,16.0,0.493837
4004.0,17.0,0.51692
4004.0,18.0,0.510525
4004.0,19.0,0.454271
4004.0,20.0,0.483081
4004.0,21.0,0.523141
4004.0,22.0,0.48953
4004.0,23.0,0.519384
4004.0,24.0,0.51814
4004.0,25.0,0.539914
4004.0,26.0,0.467749
4004.0,27.0,0.497604
4004.0,28.0,0.481184
4004.0,29.0,0.475255
4004.0,30.0,0.472448
4004.0,31.0,0.513439
4004.0,32.0,0.475081
4004.0,33.0,0.473193
4004.0,34.0,0.499619
4004.0,35.0,0.387101
4004.0,36.0,0.521997
4004.0,37.0,0.508656
4004.0,38.0,0.458319
4004.0,39.0,0.47683
4004.0,40.0,0.443216
4004.0,41.0,0.525489
4004.0,42.0,0.51027
4004.0,43.0,0.483141
4004.0,44.0,0.466494
4004.0,45.0,0.515727
4004.0,46.0,0.474338
4004.0,47.0,0.457218
4004.0,48.0,0.492517
4004.0,49.0,0.494246
4004.0,50.0,0.557024
4004.0,51.0,0.504534
4004.0,52.0,0.505973
4004.0,53.0,0.515989
4004.0,54.0,0.4505
4004.0,55.0,0.530664
4004.0,56.0,0.459133
4004.0,57.0,0.492375
4004.0,58.0,0.472885
4004.0,59.0,0.485661
4004.0,60.0,0.533251
4004.0,61.0,0.478102
4004.0,62.0,0.488397
4004.0,63.0,0.541136
4004.0,64.0,0.537404
4004.0,65.0,0.492953
4004.0,66.0,0.522319
4004.0,67.0,0.508221
4004.0,68.0,0.457425
4004.0,69.0,0.48946
4004.0,70.0,0.487845
4004.0,71.0,0.488161
4004.0,72.0,0.523925
4004.0,73.0,0.532288
4004.0,74.0,0.491206
4004.0,75.0,0.440221
4004.0,76.0,0.436392
4004.0,77.0,0.493895
4004.0,78.0,0.481127
4004.0,79.0,0.505284
4004.0,80.0,0.487362
4004.0,81.0,0.534421
4004.0,82.0,0.503297
4004.0,83.0,0.527825
4004.0,84.0,0.456832
4004.0,85.0,0.512791
4004.0,86.0,0.486185
4004.0,87.0,0.551178
4004.0,88.0,0.50391
4004.0,89.0,0.502445
4004.0,90.0,0.470612
4004.0,91.0,0.509392
4004.0,92.0,0.528522
4004.0,93.0,0.474134
4004.0,94.0,0.511197
4004.0,95.0,0.533092
4004.0,96.0,0.484717
4004.0,97.0,0.513922
4004.0,98.0,0.514315
4004.0,99.0,0.477274
4004.0,100.0,0.47626
4004.0,101.0,0.528444
4004.0,102.0,0.504635
4004.0,103.0,0.424499
4004.0,104.0,0.513855
4004.0,105.0,0.49105
4004.0,106.0,0.502152
4004.0,107.0,0.489442
4004.0,108.0,0.505129
4004.0,109.0,0.538832
4004.0,110.0,0.489132
4004.0,111.0,0.519165
4004.0,112.0,0.448203
4004.0,113.0,0.460498
4004.0,114.0,0.496931
4004.0,115.0,0.540017
4004.0,116.0,0.530969
4004.0,117.0,0.491369
4004.0,118.0,0.51357
4004.0,119.0,0.504447
4004.0,120.0,0.589384
4004.0,121.0,0.459204
4004.0,122.0,0.441541
4004.0,123.0,0.59157
4004.0,124.0,0.462671
4004.0,125.0,0.484951
4004.0,126.0,0.532327
4005.0,0.0,0.487938
4005.0,1.0,0.475028
4005.0,2.0,0.500906
4005.0,3.0,0.494061
4005.0,4.0,0.469321
4005.0,5.0,0.511821
4005.0,6.0,0.455782
4005.0,7.0,0.522072
4005.0,8.0,0.493478
4005.0,9.0,0.463521
4005.0,10.0,0.464285
4005.0,11.0,0.477132
4005.0,12.0,0.526025
4005.0,13.0,0.506608
4005.0,14.0,0.49558
4005.0,15.0,0.509166
4005.0,16.0,0.492957
4005.0,17.0,0.517114
4005.0,18.0,0.509791
4005.0,19.0,0.454423
4005.0,20.0,0.483123
4005.0,21.0,0.522006
4005.0,22.0,0.488886
4005.0,23.0,0.51918
4005.0,24.0,0.517793
4005.0,25.0,0.539085
4005.0,26.0,0.467394
4005.0,27.0,0.498002
4005.0,28.0,0.480681
4005.0,29.0,0.474692
4005.0,30.0,0.472478
4005.0,31.0,0.512999
4005.0,32.0,0.475785
4005.0,33.0,0.47257
4005.0,34.0,0.500071
4005.0,35.0,0.387395
4005.0,36.0,0.522169
4005.0,37.0,0.508993
4005.0,38.0,0.458614
4005.0,39.0,0.476953
4005.0,40.0,0.443015
4005.0,41.0,0.525134
4005.0,42.0,0.51071
4005.0,43.0,0.482702
4005.0,44.0,0.465494
4005.0,45.0,0.516146
4005.0,46.0,0.474287
4005.0,47.0,0.457374
4005.0,48.0,0.491856
4005.0,49.0,0.495065
4005.0,50.0,0.556485
4005.0,51.0,0.504816
4005.0,52.0,0.504911
4005.0,53.0,0.515494
4005.0,54.0,0.450408
4005.0,55.0,0.530562
4005.0,56.0,0.459287
4005.0,57.0,0.49392
4005.0,58.0,0.473899
4005.0,59.0,0.485388
4005.0,60.0,0.533332
4005.0,61.0,0.477915
4005.0,62.0,0.489153
4005.0,63.0,0.541297
4005.0,64.0,0.5375
4005.0,65.0,0.493007
4005.0,66.0,0.521758
4005.0,67.0,0.507938
4005.0,68.0,0.45742
4005.0,69.0,0.489185
4005.0,70.0,0.48889
4005.0,71.0,0.487948
4005.0,72.0,0.523636
4005.0,73.0,0.531851
4005.0,74.0,0.491271
4005.0,75.0,0.441091
4005.0,76.0,0.436215
4005.0,77.0,0.493994
4005.0,78.0,0.481684
4005.0,79.0,0.504734
4005.0,80.0,0.487237
4005.0,81.0,0.534535
4005.0,82.0,0.503559
4005.0,83.0,0.527721
4005.0,84.0,0.457443
4005.0,85.0,0.51219
4005.0,86.0,0.486701
4005.0,87.0,0.549911
4005.0,88.0,0.504037
4005.0,89.0,0.50233
4005.0,90.0,0.470202
4005.0,91.0,0.509623
4005.0,92.0,0.528344
4005.0,93.0,0.47382
4005.0,94.0,0.510866
4005.0,95.0,0.533671
4005.0,96.0,0.485444
4005.0,97.0,0.514267
4005.0,98.0,0.51443
4005.0,99.0,0.477855
4005.0,100.0,0.476242
4005.0,101.0,0.527519
4005.0,102.0,0.503965
4005.0,103.0,0.424024
4005.0,104.0,0.513171
4005.0,105.0,0.491163
4005.0,106.0,0.501794
4005.0,107.0,0.489535
4005.0,108.0,0.504874
4005.0,109.0,0.538309
4005.0,110.0,0.489374
4005.0,111.0,0.518281
4005.0,112.0,0.448981
4005.0,113.0,0.460174
4005.0,114.0,0.497152
4005.0,115.0,0.540858
4005.0,116.0,0.531079
4005.0,117.0,0.491422
4005.0,118.0,0.513904
4005.0,119.0,0.504621
4005.0,120.0,0.590085
4005.0,121.0,0.45878
4005.0,122.0,0.440969
4005.0,123.0,0.591766
4005.0,124.0,0.463356
4005.0,125.0,0.484886
4005.0,126.0,0.532653
4006.0,0.0,0.488259
4006.0,1.0,0.475866
4006.0,2.0,0.501464
4006.0,3.0,0.493232
4006.0,4.0,0.470706
4006.0,5.0,0.511935
4006.0,6.0,0.455946
4006.0,7.0,0.52295
4006.0,8.0,0.493958
4006.0,9.0,0.463879
4006.0,10.0,0.46416
4006.0,11.0,0.477027
4006.0,12.0,0.525401
4006.0,13.0,0.507005
4006.0,14.0,0.495041
4006.0,15.0,0.509247
4006.0,16.0,0.492688
4006.0,17.0,0.517007
4006.0,18.0,0.510471
4006.0,19.0,0.45416
4006.0,20.0,0.481642
4006.0,21.0,0.521038
4006.0,22.0,0.48857
4006.0,23.0,0.519526
4006.0,24.0,0.517626
4006.0,25.0,0.538438
4006.0,26.0,0.467607
4006.0,27.0,0.498783
4006.0,28.0,0.481297
4006.0,29.0,0.47486
4006.0,30.0,0.472213
4006.0,31.0,0.512834
4006.0,32.0,0.476211
4006.0,33.0,0.472745
4006.0,34.0,0.500529
4006.0,35.0,0.388087
4006.0,36.0,0.522786
4006.0,37.0,0.509743
4006.0,38.0,0.457863
4006.0,39.0,0.476923
4006.0,40.0,0.44309
4006.0,41.0,0.525644
4006.0,42.0,0.510894
4006.0,43.0,0.482799
4006.0,44.0,0.465804
4006.0,45.0,0.516801
4006.0,46.0,0.474578
4006.0,47.0,0.457878
4006.0,48.0,0.491353
4006.0,49.0,0.494726
4006.0,50.0,0.557414
4006.0,51.0,0.504
4006.0,52.0,0.505067
4006.0,53.0,0.515745
4006.0,54.0,0.450642
4006.0,55.0,0.530727
4006.0,56.0,0.459137
4006.0,57.0,0.494327
4006.0,58.0,0.473894
4006.0,59.0,0.484561
4006.0,60.0,0.533435
4006.0,61.0,0.477357
4006.0,62.0,0.489359
4006.0,63.0,0.541449
4006.0,64.0,0.536956
4006.0,65.0,0.492956
4006.0,66.0,0.521899
4006.0,67.0,0.506916
4006.0,68.0,0.457802
4006.0,69.0,0.489919
4006.0,70.0,0.488615
4006.0,71.0,0.488151
4006.0,72.0,0.523252
4006.0,73.0,0.531675
4006.0,74.0,0.491709
4006.0,75.0,0.441017
4006.0,76.0,0.436777
4006.0,77.0,0.494549
4006.0,78.0,0.482095
4006.0,79.0,0.505329
4006.0,80.0,0.486862
4006.0,81.0,0.534464
4006.0,82.0,0.503256
4006.0,83.0,0.527725
4006.0,84.0,0.458152
4006.0,85.0,0.511431
4006.0,86.0,0.486304
4006.0,87.0,0.549255
4006.0,88.0,0.503429
4006.0,89.0,0.502706
4006.0,90.0,0.470323
4006.0,91.0,0.50953
4006.0,92.0,0.527482
4006.0,93.0,0.473879
4006.0,94.0,0.511229
4006.0,95.0,0.534767
4006.0,96.0,0.484779
4006.0,97.0,0.513928
4006.0,98.0,0.515028
4006.0,99.0,0.477825
4006.0,100.0,0.476059
4006.0,101.0,0.527262
4006.0,102.0,0.504073
4006.0,103.0,0.424233
4006.0,104.0,0.513271
4006.0,105.0,0.491851
4006.0,106.0,0.501916
4006.0,107.0,0.490898
4006.0,108.0,0.503839
4006.0,109.0,0.538129
4006.0,110.0,0.489295
4006.0,111.0,0.518253
4006.0,112.0,0.448168
4006.0,113.0,0.460183
4006.0,114.0,0.497095
4006.0,115.0,0.541584
4006.0,116.0,0.530841
4006.0,117.0,0.491455
4006.0,118.0,0.513945
4006.0,119.0,0.503836
4006.0,120.0,0.589399
4006.0,121.0,0.458841
4006.0,122.0,0.440663
4006.0,123.0,0.592309
4006.0,124.0,0.46304
4006.0,125.0,0.483491
4006.0,126.0,0.532622
4007.0,0.0,0.489303
4007.0,1.0,0.47526
4007.0,2.0,0.501156
4007.0,3.0,0.494092
4007.0,4.0,0.47077
4007.0,5.0,0.512689
4007.0,6.0,0.456376
4007.0,7.0,0.52331
4007.0,8.0,0.494697
4007.0,9.0,0.464472
4007.0,10.0,0.46484
4007.0,11.0,0.477118
4007.0,12.0,0.52566
4007.0,13.0,0.506875
4007.0,14.0,0.494558
4007.0,15.0,0.508848
4007.0,16.0,0.492355
4007.0,17.0,0.517654
4007.0,18.0,0.511174
4007.0,19.0,0.453763
4007.0,20.0,0.48104
4007.0,21.0,0.521402
4007.0,22.0,0.489454
4007.0,23.0,0.519726
4007.0,24.0,0.517288
4007.0,25.0,0.538257
4007.0,26.0,0.467444
4007.0,27.0,0.498761
4007.0,28.0,0.482323
4007.0,29.0,0.475163
4007.0,30.0,0.472082
4007.0,31.0,0.512328
4007.0,32.0,0.476457
4007.0,33.0,0.473072
4007.0,34.0,0.501096
4007.0,35.0,0.387725
4007.0,36.0,0.523416
4007.0,37.0,0.51053
4007.0,38.0,0.457751
4007.0,39.0,0.478285
4007.0,40.0,0.443799
4007.0,41.0,0.525645
4007.0,42.0,0.510803
4007.0,43.0,0.482812
4007.0,44.0,0.46601
4007.0,45.0,0.516993
4007.0,46.0,0.475163
4007.0,47.0,0.457568
4007.0,48.0,0.491334
4007.0,49.0,0.494638
4007.0,50.0,0.55667
4007.0,51.0,0.503539
4007.0,52.0,0.504828
4007.0,53.0,0.515872
4007.0,54.0,0.450359
4007.0,55.0,0.530824
4007.0,56.0,0.459526
4007.0,57.0,0.494211
4007.0,58.0,0.473531
4007.0,59.0,0.484962
4007.0,60.0,0.533425
4007.0,61.0,0.477793
4007.0,62.0,0.4885
4007.0,63.0,0.541574
4007.0,64.0,0.536954
4007.0,65.0,0.493524
4007.0,66.0,0.522262
4007.0,67.0,0.506943
4007.0,68.0,0.458129
4007.0,69.0,0.490252
4007.0,70.0,0.489122
4007.0,71.0,0.488317
4007.0,72.0,0.524055
4007.0,73.0,0.531551
4007.0,74.0,0.491669
4007.0,75.0,0.441537
4007.0,76.0,0.43699
4007.0,77.0,0.494135
4007.0,78.0,0.48273
4007.0,79.0,0.504833
4007.0,80.0,0.48696
4007.0,81.0,0.534866
4007.0,82.0,0.503876
4007.0,83.0,0.527657
4007.0,84.0,0.458644
4007.0,85.0,0.512
4007.0,86.0,0.486032
4007.0,87.0,0.54891
4007.0,88.0,0.503234
4007.0,89.0,0.503304
4007.0,90.0,0.469898
4007.0,91.0,0.510689
4007.0,92.0,0.527613
4007.0,93.0,0.473267
4007.0,94.0,0.511479
4007.0,95.0,0.534387
4007.0,96.0,0.484578
4007.0,97.0,0.513856
4007.0,98.0,0.515365
4007.0,99.0,0.477958
4007.0,100.0,0.476516
4007.0,101.0,0.528058
4007.0,102.0,0.502918
4007.0,103.0,0.423683
4007.0,104.0,0.513308
4007.0,105.0,0.492204
4007.0,106.0,0.501925
4007.0,107.0,0.489993
4007.0,108.0,0.504014
4007.0,109.0,0.53849
4007.0,110.0,0.490314
4007.0,111.0,0.518291
4007.0,112.0,0.448015
4007.0,113.0,0.46139
4007.0,114.0,0.497966
4007.0,115.0,0.541729
4007.0,116.0,0.531039
4007.0,117.0,0.491248
4007.0,118.0,0.514576
4007.0,119.0,0.50396
4007.0,120.0,0.589341
4007.0,121.0,0.458922
4007.0,122.0,0.441108
4007.0,123.0,0.592049
4007.0,124.0,0.462392
4007.0,125.0,0.48363
4007.0,126.0,0.532177
4008.0,0.0,0.489167
4008.0,1.0,0.474924
4008.0,2.0,0.501819
4008.0,3.0,0.493783
4008.0,4.0,0.470501
4008.0,5.0,0.512818
4008.0,6.0,0.455778
4008.0,7.0,0.522759
4008.0,8.0,0.495417
4008.0,9.0,0.465328
4008.0,10.0,0.464575
4008.0,11.0,0.476852
4008.0,12.0,0.526355
4008.0,13.0,0.506924
4008.0,14.0,0.495281
4008.0,15.0,0.509263
4008.0,16.0,0.492706
4008.0,17.0,0.517759
4008.0,18.0,0.51043
4008.0,19.0,0.454627
4008.0,20.0,0.480806
4008.0,21.0,0.521835
4008.0,22.0,0.489456
4008.0,23.0,0.519834
4008.0,24.0,0.516958
4008.0,25.0,0.53845
4008.0,26.0,0.46651
4008.0,27.0,0.498493
4008.0,28.0,0.4831
4008.0,29.0,0.475157
4008.0,30.0,0.471993
4008.0,31.0,0.512637
4008.0,32.0,0.476686
4008.0,33.0,0.473221
4008.0,34.0,0.500835
4008.0,35.0,0.388578
4008.0,36.0,0.523484
4008.0,37.0,0.510703
4008.0,38.0,0.457566
4008.0,39.0,0.478022
4008.0,40.0,0.44396
4008.0,41.0,0.524971
4008.0,42.0,0.511406
4008.0,43.0,0.484004
4008.0,44.0,0.466579
4008.0,45.0,0.517254
4008.0,46.0,0.475768
4008.0,47.0,0.457094
4008.0,48.0,0.491732
4008.0,49.0,0.494285
4008.0,50.0,0.556098
4008.0,51.0,0.503258
4008.0,52.0,0.504277
4008.0,53.0,0.515187
4008.0,54.0,0.450831
4008.0,55.0,0.530574
4008.0,56.0,0.458824
4008.0,57.0,0.494343
4008.0,58.0,0.472743
4008.0,59.0,0.486102
4008.0,60.0,0.532898
4008.0,61.0,0.477425
4008.0,62.0,0.488369
4008.0,63.0,0.541794
4008.0,64.0,0.537299
4008.0,65.0,0.493808
4008.0,66.0,0.523143
4008.0,67.0,0.506945
4008.0,68.0,0.458258
4008.0,69.0,0.49072
4008.0,70.0,0.488989
4008.0,71.0,0.488227
4008.0,72.0,0.52482
4008.0,73.0,0.530999
4008.0,74.0,0.491734
4008.0,75.0,0.441796
4008.0,76.0,0.437159
4008.0,77.0,0.493585
4008.0,78.0,0.482474
4008.0,79.0,0.504681
4008.0,80.0,0.486892
4008.0,81.0,0.534737
4008.0,82.0,0.503828
4008.0,83.0,0.527257
4008.0,84.0,0.459152
4008.0,85.0,0.511627
4008.0,86.0,0.485249
4008.0,87.0,0.549637
4008.0,88.0,0.503853
4008.0,89.0,0.50321
4008.0,90.0,0.469535
4008.0,91.0,0.510014
4008.0,92.0,0.527185
4008.0,93.0,0.472086
4008.0,94.0,0.511276
4008.0,95.0,0.534629
4008.0,96.0,0.484327
4008.0,97.0,0.513805
4008.0,98.0,0.515622
4008.0,99.0,0.478042
4008.0,100.0,0.476279
4008.0,101.0,0.527951
4008.0,102.0,0.502522
4008.0,103.0,0.423044
4008.0,104.0,0.51343
4008.0,105.0,0.491493
4008.0,106.0,0.5028
4008.0,107.0,0.489223
4008.0,108.0,0.503669
4008.0,109.0,0.53902
4008.0,110.0,0.490249
4008.0,111.0,0.518373
4008.0,112.0,0.447644
4008.0,113.0,0.461398
4008.0,114.0,0.497826
4008.0,115.0,0.542152
4008.0,116.0,0.530773
4008.0,117.0,0.491413
4008.0,118.0,0.515026
4008.0,119.0,0.504045
4008.0,120.0,0.589755
4008.0,121.0,0.458493
4008.0,122.0,0.440955
4008.0,123.0,0.591902
4008.0,124.0,0.462196
4008.0,125.0,0.483774
4008.0,126.0,0.531588
4009.0,0.0,0.490042
4009.0,1.0,0.475191
4009.0,2.0,0.501944
4009.0,3.0,0.493333
4009.0,4.0,0.470438
4009.0,5.0,0.513054
4009.0,6.0,0.456277
4009.0,7.0,0.522543
4009.0,8.0,0.495295
4009.0,9.0,0.465319
4009.0,10.0,0.464589
4009.0,11.0,0.47703
4009.0,12.0,0.526317
4009.0,13.0,0.507147
4009.0,14.0,0.495578
4009.0,15.0,0.508746
4009.0,16.0,0.492836
4009.0,17.0,0.518133
4009.0,18.0,0.510595
4009.0,19.0,0.454461
4009.0,20.0,0.481117
4009.0,21.0,0.522038
4009.0,22.0,0.489407
4009.0,23.0,0.520083
4009.0,24.0,0.516982
4009.0,25.0,0.538705
4009.0,26.0,0.466945
4009.0,27.0,0.498251
4009.0,28.0,0.483256
4009.0,29.0,0.473704
4009.0,30.0,0.471508
4009.0,31.0,0.512683
4009.0,32.0,0.477279
4009.0,33.0,0.473298
4009.0,34.0,0.501214
4009.0,35.0,0.388236
4009.0,36.0,0.523565
4009.0,37.0,0.511113
4009.0,38.0,0.457451
4009.0,39.0,0.477968
4009.0,40.0,0.444119
4009.0,41.0,0.524793
4009.0,42.0,0.511811
4009.0,43.0,0.48333
4009.0,44.0,0.466758
4009.0,45.0,0.518064
4009.0,46.0,0.475647
4009.0,47.0,0.457122
4009.0,48.0,0.491656
4009.0,49.0,0.494205
4009.0,50.0,0.555886
4009.0,51.0,0.502777
4009.0,52.0,0.504154
4009.0,53.0,0.514354
4009.0,54.0,0.450697
4009.0,55.0,0.531677
4009.0,56.0,0.458337
4009.0,57.0,0.495261
4009.0,58.0,0.472161
4009.0,59.0,0.485643
4009.0,60.0,0.532257
4009.0,61.0,0.477531
4009.0,62.0,0.487859
4009.0,63.0,0.541227
4009.0,64.0,0.53737
4009.0,65.0,0.494042
4009.0,66.0,0.524033
4009.0,67.0,0.507233
4009.0,68.0,0.458998
4009.0,69.0,0.490571
4009.0,70.0,0.487868
4009.0,71.0,0.488174
4009.0,72.0,0.525376
4009.0,73.0,0.53127
4009.0,74.0,0.492067
4009.0,75.0,0.442266
4009.0,76.0,0.436892
4009.0,77.0,0.493349
4009.0,78.0,0.482317
4009.0,79.0,0.504853
4009.0,80.0,0.48718
4009.0,81.0,0.535058
4009.0,82.0,0.504831
4009.0,83.0,0.528701
4009.0,84.0,0.459596
4009.0,85.0,0.511295
4009.0,86.0,0.485479
4009.0,87.0,0.549757
4009.0,88.0,0.503214
4009.0,89.0,0.502652
4009.0,90.0,0.468895
4009.0,91.0,0.50971
4009.0,92.0,0.527403
4009.0,93.0,0.472182
4009.0,94.0,0.510939
4009.0,95.0,0.535099
4009.0,96.0,0.484278
4009.0,97.0,0.51309
4009.0,98.0,0.515854
4009.0,99.0,0.477964
4009.0,100.0,0.476263
4009.0,101.0,0.5287
4009.0,102.0,0.503035
4009.0,103.0,0.423281
4009.0,104.0,0.514091
4009.0,105.0,0.491809
4009.0,106.0,0.502526
4009.0,107.0,0.489443
4009.0,108.0,0.503393
4009.0,109.0,0.538947
4009.0,110.0,0.490027
4009.0,111.0,0.518502
4009.0,112.0,0.44677
4009.0,113.0,0.461419
4009.0,114.0,0.497971
4009.0,115.0,0.54148
4009.0,116.0,0.531268
4009.0,117.0,0.490693
4009.0,118.0,0.514846
4009.0,119.0,0.504119
4009.0,120.0,0.589321
4009.0,121.0,0.458999
4009.0,122.0,0.440671
4009.0,123.0,0.59204
4009.0,124.0,0.462034
4009.0,125.0,0.483967
4009.0,126.0,0.529991
4010.0,0.0,0.490121
4010.0,1.0,0.476079
4010.0,2.0,0.502202
4010.0,3.0,0.493373
4010.0,4.0,0.469936
4010.0,5.0,0.513059
4010.0,6.0,0.456413
4010.0,7.0,0.522575
4010.0,8.0,0.495363
4010.0,9.0,0.465051
4010.0,10.0,0.465185
4010.0,11.0,0.476827
4010.0,12.0,0.526778
4010.0,13.0,0.506685
4010.0,14.0,0.495968
4010.0,15.0,0.508502
4010.0,16.0,0.493969
4010.0,17.0,0.518486
4010.0,18.0,0.510951
4010.0,19.0,0.454503
4010.0,20.0,0.481092
4010.0,21.0,0.522394
4010.0,22.0,0.488996
4010.0,23.0,0.520627
4010.0,24.0,0.51675
4010.0,25.0,0.538724
4010.0,26.0,0.467036
4010.0,27.0,0.498215
4010.0,28.0,0.484003
4010.0,29.0,0.473944
4010.0,30.0,0.470745
4010.0,31.0,0.512216
4010.0,32.0,0.47684
4010.0,33.0,0.473495
4010.0,34.0,0.501456
4010.0,35.0,0.388882
4010.0,36.0,0.52416
4010.0,37.0,0.510663
4010.0,38.0,0.456893
4010.0,39.0,0.477755
4010.0,40.0,0.444201
4010.0,41.0,0.524764
4010.0,42.0,0.511173
4010.0,43.0,0.483063
4010.0,44.0,0.465744
4010.0,45.0,0.51807
4010.0,46.0,0.475278
4010.0,47.0,0.456844
4010.0,48.0,0.49174
4010.0,49.0,0.493524
4010.0,50.0,0.556266
4010.0,51.0,0.503075
4010.0,52.0,0.505375
4010.0,53.0,0.514818
4010.0,54.0,0.450918
4010.0,55.0,0.532096
4010.0,56.0,0.459084
4010.0,57.0,0.496122
4010.0,58.0,0.472333
4010.0,59.0,0.485984
4010.0,60.0,0.532023
4010.0,61.0,0.477169
4010.0,62.0,0.487781
4010.0,63.0,0.540511
4010.0,64.0,0.5371
4010.0,65.0,0.494385
4010.0,66.0,0.524303
4010.0,67.0,0.506534
4010.0,68.0,0.458535
4010.0,69.0,0.490629
4010.0,70.0,0.487658
4010.0,71.0,0.487867
4010.0,72.0,0.52487
4010.0,73.0,0.53179
4010.0,74.0,0.492214
4010.0,75.0,0.442344
4010.0,76.0,0.436406
4010.0,77.0,0.492933
4010.0,78.0,0.482372
4010.0,79.0,0.504026
4010.0,80.0,0.487834
4010.0,81.0,0.535396
4010.0,82.0,0.504608
4010.0,83.0,0.52834
4010.0,84.0,0.460748
4010.0,85.0,0.511356
4010.0,86.0,0.486273
4010.0,87.0,0.548728
4010.0,88.0,0.502615
4010.0,89.0,0.502263
4010.0,90.0,0.469951
4010.0,91.0,0.510068
4010.0,92.0,0.527568
4010.0,93.0,0.472261
4010.0,94.0,0.510494
4010.0,95.0,0.535154
4010.0,96.0,0.484227
4010.0,97.0,0.51374
4010.0,98.0,0.516043
4010.0,99.0,0.477266
4010.0,100.0,0.475675
4010.0,101.0,0.528741
4010.0,102.0,0.503329
4010.0,103.0,0.423391
4010.0,104.0,0.514572
4010.0,105.0,0.491571
4010.0,106.0,0.502445
4010.0,107.0,0.489429
4010.0,108.0,0.503988
4010.0,109.0,0.539262
4010.0,110.0,0.489172
4010.0,111.0,0.518083
4010.0,112.0,0.446279
4010.0,113.0,0.462127
4010.0,114.0,0.497568
4010.0,115.0,0.541804
4010.0,116.0,0.530895
4010.0,117.0,0.491328
4010.0,118.0,0.514878
4010.0,119.0,0.50416
4010.0,120.0,0.589835
4010.0,121.0,0.459331
4010.0,122.0,0.441604
4010.0,123.0,0.592487
4010.0,124.0,0.462405
4010.0,125.0,0.484142
4010.0,126.0,0.529485
5000.0,0.0,0.482197
5000.0,1.0,0.470859
5000.0,2.0,0.494301
5000.0,3.0,0.482144
5000.0,4.0,0.482477
5000.0,5.0,0.510317
5000.0,6.0,0.466765
5000.0,7.0,0.530549
5000.0,8.0,0.501291
5000.0,9.0,0.478402
5000.0,10.0,0.476114
5000.0,11.0,0.444098
5000.0,12.0,0.505098
5000.0,13.0,0.527602
5000.0,14.0,0.510653
5000.0,15.0,0.508053
5000.0,16.0,0.51005
5000.0,17.0,0.526381
5000.0,18.0,0.49608
5000.0,19.0,0.447498
5000.0,20.0,0.499694
5000.0,21.0,0.492171
5000.0,22.0,0.501064
5000.0,23.0,0.52354
5000.0,24.0,0.520173
5000.0,25.0,0.554684
5000.0,26.0,0.472667
5000.0,27.0,0.476889
5000.0,28.0,0.496417
5000.0,29.0,0.450557
5000.0,30.0,0.491853
5000.0,31.0,0.518178
5000.0,32.0,0.462196
5000.0,33.0,0.437554
5000.0,34.0,0.497022
5000.0,35.0,0.404163
5000.0,36.0,0.484745
5000.0,37.0,0.472793
5000.0,38.0,0.484403
5000.0,39.0,0.477661
5000.0,40.0,0.463936
5000.0,41.0,0.543632
5000.0,42.0,0.497626
5000.0,43.0,0.485495
5000.0,44.0,0.463516
5000.0,45.0,0.533537
5000.0,46.0,0.488084
5000.0,47.0,0.455084
5000.0,48.0,0.486805
5000.0,49.0,0.485255
5000.0,50.0,0.602709
5000.0,51.0,0.492453
5000.0,52.0,0.512638
5000.0,53.0,0.497044
5000.0,54.0,0.435039
5000.0,55.0,0.560829
5000.0,56.0,0.474695
5000.0,57.0,0.494792
5000.0,58.0,0.470206
5000.0,59.0,0.489347
5000.0,60.0,0.516539
5000.0,61.0,0.480687
5000.0,62.0,0.503479
5000.0,63.0,0.570432
5000.0,64.0,0.555707
5000.0,65.0,0.504734
5000.0,66.0,0.511584
5000.0,67.0,0.503179
5000.0,68.0,0.471988
5000.0,69.0,0.506104
5000.0,70.0,0.482433
5000.0,71.0,0.495137
5000.0,72.0,0.543776
5000.0,73.0,0.521443
5000.0,74.0,0.51897
5000.0,75.0,0.441962
5000.0,76.0,0.41658
5000.0,77.0,0.49257
5000.0,78.0,0.471584
5000.0,79.0,0.520408
5000.0,80.0,0.516442
5000.0,81.0,0.528177
5000.0,82.0,0.502088
5000.0,83.0,0.521724
5000.0,84.0,0.454223
5000.0,85.0,0.514451
5000.0,86.0,0.489812
5000.0,87.0,0.568306
5000.0,88.0,0.512414
5000.0,89.0,0.505024
5000.0,90.0,0.461547
5000.0,91.0,0.484215
5000.0,92.0,0.507292
5000.0,93.0,0.448415
5000.0,94.0,0.491634
5000.0,95.0,0.538013
5000.0,96.0,0.500908
5000.0,97.0,0.516624
5000.0,98.0,0.537704
5000.0,99.0,0.474865
5000.0,100.0,0.476018
5000.0,101.0,0.532787
5000.0,102.0,0.471269
5000.0,103.0,0.401412
5000.0,104.0,0.538043
5000.0,105.0,0.491731
5000.0,106.0,0.491335
5000.0,107.0,0.485306
5000.0,108.0,0.478772
5000.0,109.0,0.530991
5000.0,110.0,0.48107
5000.0,111.0,0.507792
5000.0,112.0,0.422961
5000.0,113.0,0.463217
5000.0,114.0,0.486375
5000.0,115.0,0.541407
5000.0,116.0,0.503499
5000.0,117.0,0.492276
5000.0,118.0,0.51891
5000.0,119.0,0.500798
5000.0,120.0,0.561011
5000.0,121.0,0.463842
5000.0,122.0,0.432124
5000.0,123.0,0.573127
5000.0,124.0,0.462845
5000.0,125.0,0.493749
5000.0,126.0,0.522432
5001.0,0.0,0.48237
5001.0,1.0,0.46996
5001.0,2.0,0.494151
5001.0,3.0,0.482446
5001.0,4.0,0.48305
5001.0,5.0,0.510105
5001.0,6.0,0.4658
5001.0,7.0,0.530486
5001.0,8.0,0.501546
5001.0,9.0,0.480023
5001.0,10.0,0.476222
5001.0,11.0,0.443811
5001.0,12.0,0.504478
5001.0,13.0,0.527036
5001.0,14.0,0.511179
5001.0,15.0,0.508449
5001.0,16.0,0.510427
5001.0,17.0,0.525702
5001.0,18.0,0.49622
5001.0,19.0,0.447084
5001.0,20.0,0.499134
5001.0,21.0,0.49301
5001.0,22.0,0.501601
5001.0,23.0,0.523695
5001.0,24.0,0.520859
5001.0,25.0,0.554621
5001.0,26.0,0.473563
5001.0,27.0,0.477244
5001.0,28.0,0.496593
5001.0,29.0,0.450009
5001.0,30.0,0.490972
5001.0,31.0,0.517625
5001.0,32.0,0.462013
5001.0,33.0,0.437934
5001.0,34.0,0.497195
5001.0,35.0,0.403479
5001.0,36.0,0.485201
5001.0,37.0,0.47381
5001.0,38.0,0.484666
5001.0,39.0,0.477564
5001.0,40.0,0.46383
5001.0,41.0,0.543224
5001.0,42.0,0.49849
5001.0,43.0,0.485543
5001.0,44.0,0.463854
5001.0,45.0,0.533419
5001.0,46.0,0.488046
5001.0,47.0,0.455113
5001.0,48.0,0.487214
5001.0,49.0,0.485699
5001.0,50.0,0.603048
5001.0,51.0,0.492227
5001.0,52.0,0.51305
5001.0,53.0,0.496565
5001.0,54.0,0.434801
5001.0,55.0,0.561283
5001.0,56.0,0.475162
5001.0,57.0,0.494971
5001.0,58.0,0.470304
5001.0,59.0,0.489523
5001.0,60.0,0.516154
5001.0,61.0,0.480064
5001.0,62.0,0.503349
5001.0,63.0,0.570612
5001.0,64.0,0.556107
5001.0,65.0,0.505165
5001.0,66.0,0.511579
5001.0,67.0,0.502693
5001.0,68.0,0.472035
5001.0,69.0,0.506393
5001.0,70.0,0.481746
5001.0,71.0,0.496142
5001.0,72.0,0.543608
5001.0,73.0,0.52148
5001.0,74.0,0.519405
5001.0,75.0,0.441591
5001.0,76.0,0.416135
5001.0,77.0,0.492747
5001.0,78.0,0.471454
5001.0,79.0,0.520272
5001.0,80.0,0.516177
5001.0,81.0,0.528026
5001.0,82.0,0.502122
5001.0,83.0,0.521985
5001.0,84.0,0.454227
5001.0,85.0,0.514506
5001.0,86.0,0.490002
5001.0,87.0,0.568191
5001.0,88.0,0.513176
5001.0,89.0,0.505141
5001.0,90.0,0.461902
5001.0,91.0,0.484124
5001.0,92.0,0.50747
5001.0,93.0,0.448254
5001.0,94.0,0.491747
5001.0,95.0,0.5376
5001.0,96.0,0.500793
5001.0,97.0,0.515515
5001.0,98.0,0.538081
5001.0,99.0,0.473956
5001.0,100.0,0.47564
5001.0,101.0,0.532752
5001.0,102.0,0.472014
5001.0,103.0,0.401657
5001.0,104.0,0.537113
5001.0,105.0,0.491655
5001.0,106.0,0.491321
5001.0,107.0,0.484933
5001.0,108.0,0.479162
5001.0,109.0,0.530844
5001.0,110.0,0.480964
5001.0,111.0,0.506876
5001.0,112.0,0.423087
5001.0,113.0,0.463287
5001.0,114.0,0.487006
5001.0,115.0,0.541529
5001.0,116.0,0.502423
5001.0,117.0,0.492105
5001.0,118.0,0.518584
5001.0,119.0,0.500789
5001.0,120.0,0.56186
5001.0,121.0,0.46329
5001.0,122.0,0.431464
5001.0,123.0,0.572888
5001.0,124.0,0.463547
5001.0,125.0,0.493847
5001.0,126.0,0.523378
5002.0,0.0,0.481688
5002.0,1.0,0.470643
5002.0,2.0,0.495281
5002.0,3.0,0.482273
5002.0,4.0,0.482986
5002.0,5.0,0.509477
5002.0,6.0,0.465926
5002.0,7.0,0.530998
5002.0,8.0,0.502064
5002.0,9.0,0.479976
5002.0,10.0,0.476404
5002.0,11.0,0.442618
5002.0,12.0,0.504597
5002.0,13.0,0.527149
5002.0,14.0,0.512077
5002.0,15.0,0.507478
5002.0,16.0,0.509837
5002.0,17.0,0.525843
5002.0,18.0,0.496159
5002.0,19.0,0.447814
5002.0,20.0,0.498756
5002.0,21.0,0.492316
5002.0,22.0,0.502896
5002.0,23.0,0.523523
5002.0,24.0,0.52139
5002.0,25.0,0.553842
5002.0,26.0,0.473734
5002.0,27.0,0.477248
5002.0,28.0,0.496881
5002.0,29.0,0.449884
5002.0,30.0,0.49093
5002.0,31.0,0.517547
5002.0,32.0,0.4622
5002.0,33.0,0.437705
5002.0,34.0,0.498003
5002.0,35.0,0.40344
5002.0,36.0,0.484859
5002.0,37.0,0.473933
5002.0,38.0,0.484124
5002.0,39.0,0.477516
5002.0,40.0,0.463476
5002.0,41.0,0.541714
5002.0,42.0,0.498242
5002.0,43.0,0.485376
5002.0,44.0,0.464563
5002.0,45.0,0.53276
5002.0,46.0,0.48816
5002.0,47.0,0.456191
5002.0,48.0,0.486758
5002.0,49.0,0.486492
5002.0,50.0,0.602742
5002.0,51.0,0.492379
5002.0,52.0,0.512928
5002.0,53.0,0.496405
5002.0,54.0,0.434816
5002.0,55.0,0.561719
5002.0,56.0,0.474292
5002.0,57.0,0.494912
5002.0,58.0,0.470642
5002.0,59.0,0.489274
5002.0,60.0,0.515923
5002.0,61.0,0.480457
5002.0,62.0,0.503276
5002.0,63.0,0.571374
5002.0,64.0,0.556814
5002.0,65.0,0.505964
5002.0,66.0,0.511645
5002.0,67.0,0.502607
5002.0,68.0,0.471291
5002.0,69.0,0.506761
5002.0,70.0,0.482126
5002.0,71.0,0.496253
5002.0,72.0,0.543914
5002.0,73.0,0.521702
5002.0,74.0,0.519431
5002.0,75.0,0.441586
5002.0,76.0,0.417571
5002.0,77.0,0.492452
5002.0,78.0,0.471904
5002.0,79.0,0.520102
5002.0,80.0,0.515428
5002.0,81.0,0.528246
5002.0,82.0,0.503149
5002.0,83.0,0.521844
5002.0,84.0,0.453719
5002.0,85.0,0.514581
5002.0,86.0,0.489939
5002.0,87.0,0.568485
5002.0,88.0,0.513485
5002.0,89.0,0.506346
5002.0,90.0,0.462044
5002.0,91.0,0.484549
5002.0,92.0,0.507792
5002.0,93.0,0.448117
5002.0,94.0,0.492353
5002.0,95.0,0.53747
5002.0,96.0,0.500103
5002.0,97.0,0.516565
5002.0,98.0,0.537957
5002.0,99.0,0.474679
5002.0,100.0,0.475592
5002.0,101.0,0.532883
5002.0,102.0,0.471902
5002.0,103.0,0.401646
5002.0,104.0,0.537333
5002.0,105.0,0.491821
5002.0,106.0,0.491049
5002.0,107.0,0.48477
5002.0,108.0,0.479223
5002.0,109.0,0.530123
5002.0,110.0,0.48023
5002.0,111.0,0.508198
5002.0,112.0,0.423203
5002.0,113.0,0.463355
5002.0,114.0,0.487666
5002.0,115.0,0.541788
5002.0,116.0,0.502947
5002.0,117.0,0.492235
5002.0,118.0,0.51796
5002.0,119.0,0.501467
5002.0,120.0,0.562412
5002.0,121.0,0.462853
5002.0,122.0,0.431778
5002.0,123.0,0.573181
5002.0,124.0,0.463959
5002.0,125.0,0.494743
5002.0,126.0,0.522991
5003.0,0.0,0.481863
5003.0,1.0,0.470461
5003.0,2.0,0.495419
5003.0,3.0,0.481795
5003.0,4.0,0.484157
5003.0,5.0,0.510006
5003.0,6.0,0.465981
5003.0,7.0,0.531419
5003.0,8.0,0.502846
5003.0,9.0,0.480687
5003.0,10.0,0.476478
5003.0,11.0,0.442306
5003.0,12.0,0.505375
5003.0,13.0,0.526878
5003.0,14.0,0.512437
5003.0,15.0,0.508203
5003.0,16.0,0.510036
5003.0,17.0,0.525645
5003.0,18.0,0.495972
5003.0,19.0,0.447997
5003.0,20.0,0.498893
5003.0,21.0,0.49237
5003.0,22.0,0.502862
5003.0,23.0,0.523717
5003.0,24.0,0.521947
5003.0,25.0,0.553266
5003.0,26.0,0.473356
5003.0,27.0,0.476867
5003.0,28.0,0.496126
5003.0,29.0,0.449296
5003.0,30.0,0.49098
5003.0,31.0,0.518026
5003.0,32.0,0.462153
5003.0,33.0,0.437427
5003.0,34.0,0.498333
5003.0,35.0,0.404413
5003.0,36.0,0.484522
5003.0,37.0,0.473169
5003.0,38.0,0.483922
5003.0,39.0,0.477184
5003.0,40.0,0.462936
5003.0,41.0,0.542041
5003.0,42.0,0.497746
5003.0,43.0,0.486321
5003.0,44.0,0.464733
5003.0,45.0,0.53338
5003.0,46.0,0.488618
5003.0,47.0,0.455846
5003.0,48.0,0.48645
5003.0,49.0,0.486997
5003.0,50.0,0.602523
5003.0,51.0,0.49251
5003.0,52.0,0.513139
5003.0,53.0,0.496932
5003.0,54.0,0.434579
5003.0,55.0,0.561117
5003.0,56.0,0.473954
5003.0,57.0,0.494298
5003.0,58.0,0.470481
5003.0,59.0,0.489653
5003.0,60.0,0.515612
5003.0,61.0,0.480073
5003.0,62.0,0.503036
5003.0,63.0,0.571635
5003.0,64.0,0.556271
5003.0,65.0,0.506154
5003.0,66.0,0.510831
5003.0,67.0,0.50336
5003.0,68.0,0.471203
5003.0,69.0,0.507221
5003.0,70.0,0.482868
5003.0,71.0,0.496195
5003.0,72.0,0.543165
5003.0,73.0,0.521672
5003.0,74.0,0.518653
5003.0,75.0,0.442713
5003.0,76.0,0.417607
5003.0,77.0,0.492284
5003.0,78.0,0.472668
5003.0,79.0,0.519681
5003.0,80.0,0.515498
5003.0,81.0,0.528743
5003.0,82.0,0.502576
5003.0,83.0,0.521759
5003.0,84.0,0.45409
5003.0,85.0,0.513973
5003.0,86.0,0.489035
5003.0,87.0,0.568439
5003.0,88.0,0.513406
5003.0,89.0,0.506798
5003.0,90.0,0.461746
5003.0,91.0,0.484148
5003.0,92.0,0.507398
5003.0,93.0,0.447337
5003.0,94.0,0.49203
5003.0,95.0,0.538292
5003.0,96.0,0.50049
5003.0,97.0,0.515819
5003.0,98.0,0.538897
5003.0,99.0,0.474677
5003.0,100.0,0.476125
5003.0,101.0,0.533121
5003.0,102.0,0.471155
5003.0,103.0,0.401963
5003.0,104.0,0.536512
5003.0,105.0,0.491482
5003.0,106.0,0.490624
5003.0,107.0,0.484698
5003.0,108.0,0.480896
5003.0,109.0,0.530592
5003.0,110.0,0.48042
5003.0,111.0,0.507688
5003.0,112.0,0.424044
5003.0,113.0,0.462949
5003.0,114.0,0.487934
5003.0,115.0,0.541522
5003.0,116.0,0.503582
5003.0,117.0,0.491785
5003.0,118.0,0.519164
5003.0,119.0,0.501397
5003.0,120.0,0.562794
5003.0,121.0,0.461744
5003.0,122.0,0.431233
5003.0,123.0,0.573548
5003.0,124.0,0.463943
5003.0,125.0,0.496016
5003.0,126.0,0.522923
5004.0,0.0,0.483267
5004.0,1.0,0.470245
5004.0,2.0,0.495274
5004.0,3.0,0.483091
5004.0,4.0,0.484525
5004.0,5.0,0.50978
5004.0,6.0,0.466429
5004.0,7.0,0.53107
5004.0,8.0,0.502629
5004.0,9.0,0.480763
5004.0,10.0,0.475935
5004.0,11.0,0.442707
5004.0,12.0,0.50497
5004.0,13.0,0.527322
5004.0,14.0,0.512967
5004.0,15.0,0.508503
5004.0,16.0,0.510508
5004.0,17.0,0.526301
5004.0,18.0,0.496123
5004.0,19.0,0.448278
5004.0,20.0,0.498968
5004.0,21.0,0.492361
5004.0,22.0,0.502608
5004.0,23.0,0.523309
5004.0,24.0,0.521631
5004.0,25.0,0.554205
5004.0,26.0,0.473415
5004.0,27.0,0.477425
5004.0,28.0,0.496073
5004.0,29.0,0.448949
5004.0,30.0,0.491094
5004.0,31.0,0.518007
5004.0,32.0,0.462151
5004.0,33.0,0.437616
5004.0,34.0,0.498286
5004.0,35.0,0.404229
5004.0,36.0,0.48551
5004.0,37.0,0.474226
5004.0,38.0,0.484027
5004.0,39.0,0.477302
5004.0,40.0,0.463699
5004.0,41.0,0.541434
5004.0,42.0,0.498449
5004.0,43.0,0.48733
5004.0,44.0,0.464755
5004.0,45.0,0.534254
5004.0,46.0,0.488776
5004.0,47.0,0.456059
5004.0,48.0,0.485735
5004.0,49.0,0.487662
5004.0,50.0,0.602953
5004.0,51.0,0.491745
5004.0,52.0,0.513011
5004.0,53.0,0.49676
5004.0,54.0,0.433921
5004.0,55.0,0.560109
5004.0,56.0,0.474102
5004.0,57.0,0.494128
5004.0,58.0,0.47037
5004.0,59.0,0.49049
5004.0,60.0,0.515609
5004.0,61.0,0.479939
5004.0,62.0,0.503052
5004.0,63.0,0.572146
5004.0,64.0,0.556395
5004.0,65.0,0.506249
5004.0,66.0,0.511217
5004.0,67.0,0.503912
5004.0,68.0,0.470934
5004.0,69.0,0.506631
5004.0,70.0,0.483367
5004.0,71.0,0.496712
5004.0,72.0,0.541489
5004.0,73.0,0.521529
5004.0,74.0,0.51854
5004.0,75.0,0.442914
5004.0,76.0,0.41785
5004.0,77.0,0.491949
5004.0,78.0,0.472931
5004.0,79.0,0.519544
5004.0,80.0,0.515242
5004.0,81.0,0.528892
5004.0,82.0,0.503044
5004.0,83.0,0.521627
5004.0,84.0,0.453619
5004.0,85.0,0.514047
5004.0,86.0,0.488695
5004.0,87.0,0.567702
5004.0,88.0,0.512811
5004.0,89.0,0.50739
5004.0,90.0,0.461539
5004.0,91.0,0.483981
5004.0,92.0,0.507852
5004.0,93.0,0.448137
5004.0,94.0,0.491788
5004.0,95.0,0.537886
5004.0,96.0,0.500769
5004.0,97.0,0.516217
5004.0,98.0,0.537427
5004.0,99.0,0.475449
5004.0,100.0,0.476555
5004.0,101.0,0.533247
5004.0,102.0,0.471545
5004.0,103.0,0.401717
5004.0,104.0,0.536109
5004.0,105.0,0.491526
5004.0,106.0,0.490326
5004.0,107.0,0.484723
5004.0,108.0,0.481206
5004.0,109.0,0.530381
5004.0,110.0,0.479872
5004.0,111.0,0.507921
5004.0,112.0,0.423814
5004.0,113.0,0.462801
5004.0,114.0,0.48799
5004.0,115.0,0.541692
5004.0,116.0,0.503429
5004.0,117.0,0.4922
5004.0,118.0,0.518823
5004.0,119.0,0.500919
5004.0,120.0,0.562713
5004.0,121.0,0.460236
5004.0,122.0,0.431235
5004.0,123.0,0.573101
5004.0,124.0,0.464866
5004.0,125.0,0.495882
5004.0,126.0,0.523417
5005.0,0.0,0.482719
5005.0,1.0,0.470019
5005.0,2.0,0.494985
5005.0,3.0,0.482998
5005.0,4.0,0.485069
5005.0,5.0,0.50943
5005.0,6.0,0.467172
5005.0,7.0,0.529976
5005.0,8.0,0.50232
5005.0,9.0,0.480765
5005.0,10.0,0.476635
5005.0,11.0,0.442777
5005.0,12.0,0.504991
5005.0,13.0,0.527495
5005.0,14.0,0.51228
5005.0,15.0,0.508333
5005.0,16.0,0.510957
5005.0,17.0,0.526959
5005.0,18.0,0.496283
5005.0,19.0,0.44839
5005.0,20.0,0.498089
5005.0,21.0,0.492596
5005.0,22.0,0.503235
5005.0,23.0,0.522595
5005.0,24.0,0.52171
5005.0,25.0,0.553817
5005.0,26.0,0.473097
5005.0,27.0,0.476717
5005.0,28.0,0.496799
5005.0,29.0,0.448625
5005.0,30.0,0.490896
5005.0,31.0,0.516869
5005.0,32.0,0.462158
5005.0,33.0,0.437934
5005.0,34.0,0.49849
5005.0,35.0,0.404359
5005.0,36.0,0.485587
5005.0,37.0,0.473759
5005.0,38.0,0.484221
5005.0,39.0,0.476042
5005.0,40.0,0.463229
5005.0,41.0,0.54193
5005.0,42.0,0.497868
5005.0,43.0,0.487493
5005.0,44.0,0.463389
5005.0,45.0,0.534298
5005.0,46.0,0.488426
5005.0,47.0,0.4562
5005.0,48.0,0.485421
5005.0,49.0,0.488259
5005.0,50.0,0.602706
5005.0,51.0,0.491947
5005.0,52.0,0.513362
5005.0,53.0,0.496637
5005.0,54.0,0.434211
5005.0,55.0,0.560324
5005.0,56.0,0.473636
5005.0,57.0,0.494009
5005.0,58.0,0.470743
5005.0,59.0,0.490143
5005.0,60.0,0.516459
5005.0,61.0,0.480291
5005.0,62.0,0.502999
5005.0,63.0,0.571869
5005.0,64.0,0.555937
5005.0,65.0,0.505754
5005.0,66.0,0.511886
5005.0,67.0,0.503603
5005.0,68.0,0.470242
5005.0,69.0,0.506608
5005.0,70.0,0.483394
5005.0,71.0,0.49729
5005.0,72.0,0.541344
5005.0,73.0,0.52176
5005.0,74.0,0.518203
5005.0,75.0,0.442633
5005.0,76.0,0.416409
5005.0,77.0,0.49277
5005.0,78.0,0.473791
5005.0,79.0,0.520098
5005.0,80.0,0.51539
5005.0,81.0,0.529361
5005.0,82.0,0.502944
5005.0,83.0,0.52156
5005.0,84.0,0.452908
5005.0,85.0,0.514196
5005.0,86.0,0.487485
5005.0,87.0,0.567787
5005.0,88.0,0.513595
5005.0,89.0,0.507322
5005.0,90.0,0.461977
5005.0,91.0,0.483605
5005.0,92.0,0.507812
5005.0,93.0,0.448064
5005.0,94.0,0.490425
5005.0,95.0,0.537199
5005.0,96.0,0.500557
5005.0,97.0,0.516341
5005.0,98.0,0.537372
5005.0,99.0,0.475826
5005.0,100.0,0.476559
5005.0,101.0,0.533236
5005.0,102.0,0.471687
5005.0,103.0,0.402112
5005.0,104.0,0.535708
5005.0,105.0,0.491515
5005.0,106.0,0.490478
5005.0,107.0,0.484439
5005.0,108.0,0.481332
5005.0,109.0,0.530047
5005.0,110.0,0.480003
5005.0,111.0,0.507647
5005.0,112.0,0.423609
5005.0,113.0,0.462484
5005.0,114.0,0.488617
5005.0,115.0,0.542138
5005.0,116.0,0.503048
5005.0,117.0,0.492181
5005.0,118.0,0.518767
5005.0,119.0,0.501503
5005.0,120.0,0.563304
5005.0,121.0,0.460542
5005.0,122.0,0.430861
5005.0,123.0,0.573752
5005.0,124.0,0.465232
5005.0,125.0,0.496484
5005.0,126.0,0.523306
5006.0,0.0,0.482606
5006.0,1.0,0.471556
5006.0,2.0,0.495008
5006.0,3.0,0.483514
5006.0,4.0,0.48504
5006.0,5.0,0.509405
5006.0,6.0,0.467556
5006.0,7.0,0.530227
5006.0,8.0,0.50306
5006.0,9.0,0.480921
5006.0,10.0,0.476267
5006.0,11.0,0.442682
5006.0,12.0,0.505121
5006.0,13.0,0.527324
5006.0,14.0,0.513083
5006.0,15.0,0.508091
5006.0,16.0,0.511186
5006.0,17.0,0.526696
5006.0,18.0,0.497598
5006.0,19.0,0.448287
5006.0,20.0,0.498471
5006.0,21.0,0.493074
5006.0,22.0,0.503584
5006.0,23.0,0.522804
5006.0,24.0,0.521545
5006.0,25.0,0.553354
5006.0,26.0,0.472914
5006.0,27.0,0.476569
5006.0,28.0,0.496962
5006.0,29.0,0.448377
5006.0,30.0,0.491706
5006.0,31.0,0.517211
5006.0,32.0,0.463024
5006.0,33.0,0.437517
5006.0,34.0,0.498207
5006.0,35.0,0.404346
5006.0,36.0,0.48607
5006.0,37.0,0.473815
5006.0,38.0,0.483719
5006.0,39.0,0.476279
5006.0,40.0,0.463768
5006.0,41.0,0.541819
5006.0,42.0,0.497272
5006.0,43.0,0.487975
5006.0,44.0,0.462879
5006.0,45.0,0.533813
5006.0,46.0,0.489339
5006.0,47.0,0.45632
5006.0,48.0,0.485306
5006.0,49.0,0.489254
5006.0,50.0,0.602551
5006.0,51.0,0.49244
5006.0,52.0,0.51374
5006.0,53.0,0.497083
5006.0,54.0,0.434261
5006.0,55.0,0.560537
5006.0,56.0,0.475232
5006.0,57.0,0.49337
5006.0,58.0,0.470936
5006.0,59.0,0.489649
5006.0,60.0,0.516883
5006.0,61.0,0.4806
5006.0,62.0,0.503206
5006.0,63.0,0.572225
5006.0,64.0,0.556195
5006.0,65.0,0.506439
5006.0,66.0,0.511963
5006.0,67.0,0.503078
5006.0,68.0,0.471259
5006.0,69.0,0.505527
5006.0,70.0,0.484077
5006.0,71.0,0.49747
5006.0,72.0,0.541081
5006.0,73.0,0.521691
5006.0,74.0,0.518014
5006.0,75.0,0.44217
5006.0,76.0,0.416255
5006.0,77.0,0.493004
5006.0,78.0,0.473835
5006.0,79.0,0.520372
5006.0,80.0,0.515501
5006.0,81.0,0.529506
5006.0,82.0,0.503457
5006.0,83.0,0.521452
5006.0,84.0,0.452468
5006.0,85.0,0.513725
5006.0,86.0,0.488188
5006.0,87.0,0.567337
5006.0,88.0,0.513593
5006.0,89.0,0.507082
5006.0,90.0,0.461837
5006.0,91.0,0.48362
5006.0,92.0,0.508067
5006.0,93.0,0.449539
5006.0,94.0,0.490886
5006.0,95.0,0.537329
5006.0,96.0,0.50075
5006.0,97.0,0.516521
5006.0,98.0,0.537559
5006.0,99.0,0.476263
5006.0,100.0,0.476404
5006.0,101.0,0.533125
5006.0,102.0,0.472885
5006.0,103.0,0.402139
5006.0,104.0,0.535562
5006.0,105.0,0.492012
5006.0,106.0,0.490253
5006.0,107.0,0.484667
5006.0,108.0,0.481378
5006.0,109.0,0.530192
5006.0,110.0,0.479628
5006.0,111.0,0.506824
5006.0,112.0,0.424508
5006.0,113.0,0.461361
5006.0,114.0,0.488424
5006.0,115.0,0.542139
5006.0,116.0,0.503099
5006.0,117.0,0.491707
5006.0,118.0,0.518424
5006.0,119.0,0.501537
5006.0,120.0,0.563124
5006.0,121.0,0.46087
5006.0,122.0,0.431304
5006.0,123.0,0.57359
5006.0,124.0,0.465101
5006.0,125.0,0.496477
5006.0,126.0,0.523868
5007.0,0.0,0.482765
5007.0,1.0,0.471447
5007.0,2.0,0.495209
5007.0,3.0,0.483962
5007.0,4.0,0.484845
5007.0,5.0,0.509559
5007.0,6.0,0.467818
5007.0,7.0,0.530656
5007.0,8.0,0.503207
5007.0,9.0,0.480054
5007.0,10.0,0.475866
5007.0,11.0,0.441433
5007.0,12.0,0.50651
5007.0,13.0,0.528204
5007.0,14.0,0.512854
5007.0,15.0,0.507277
5007.0,16.0,0.511567
5007.0,17.0,0.526659
5007.0,18.0,0.497892
5007.0,19.0,0.449239
5007.0,20.0,0.49875
5007.0,21.0,0.493001
5007.0,22.0,0.502918
5007.0,23.0,0.523884
5007.0,24.0,0.522032
5007.0,25.0,0.552651
5007.0,26.0,0.472826
5007.0,27.0,0.477205
5007.0,28.0,0.496911
5007.0,29.0,0.446947
5007.0,30.0,0.492368
5007.0,31.0,0.517515
5007.0,32.0,0.462755
5007.0,33.0,0.437943
5007.0,34.0,0.499649
5007.0,35.0,0.40369
5007.0,36.0,0.486133
5007.0,37.0,0.474151
5007.0,38.0,0.483328
5007.0,39.0,0.476563
5007.0,40.0,0.463112
5007.0,41.0,0.541875
5007.0,42.0,0.497456
5007.0,43.0,0.487489
5007.0,44.0,0.463065
5007.0,45.0,0.533611
5007.0,46.0,0.488845
5007.0,47.0,0.456086
5007.0,48.0,0.48543
5007.0,49.0,0.489617
5007.0,50.0,0.603305
5007.0,51.0,0.492276
5007.0,52.0,0.514289
5007.0,53.0,0.496776
5007.0,54.0,0.4338
5007.0,55.0,0.560412
5007.0,56.0,0.47543
5007.0,57.0,0.493365
5007.0,58.0,0.471051
5007.0,59.0,0.489583
5007.0,60.0,0.516077
5007.0,61.0,0.481405
5007.0,62.0,0.503699
5007.0,63.0,0.572997
5007.0,64.0,0.556297
5007.0,65.0,0.505693
5007.0,66.0,0.512484
5007.0,67.0,0.502511
5007.0,68.0,0.470987
5007.0,69.0,0.505629
5007.0,70.0,0.484102
5007.0,71.0,0.497137
5007.0,72.0,0.540853
5007.0,73.0,0.521397
5007.0,74.0,0.518035
5007.0,75.0,0.442745
5007.0,76.0,0.41622
5007.0,77.0,0.493875
5007.0,78.0,0.473767
5007.0,79.0,0.521438
5007.0,80.0,0.515291
5007.0,81.0,0.529732
5007.0,82.0,0.503477
5007.0,83.0,0.521245
5007.0,84.0,0.452269
5007.0,85.0,0.513597
5007.0,86.0,0.488415
5007.0,87.0,0.567768
5007.0,88.0,0.513154
5007.0,89.0,0.50837
5007.0,90.0,0.462142
5007.0,91.0,0.483981
5007.0,92.0,0.508439
5007.0,93.0,0.449696
5007.0,94.0,0.49063
5007.0,95.0,0.537706
5007.0,96.0,0.500696
5007.0,97.0,0.51609
5007.0,98.0,0.537302
5007.0,99.0,0.475849
5007.0,100.0,0.476068
5007.0,101.0,0.533357
5007.0,102.0,0.472302
5007.0,103.0,0.401975
5007.0,104.0,0.535121
5007.0,105.0,0.491443
5007.0,106.0,0.490817
5007.0,107.0,0.484099
5007.0,108.0,0.481276
5007.0,109.0,0.529744
5007.0,110.0,0.479962
5007.0,111.0,0.507003
5007.0,112.0,0.423616
5007.0,113.0,0.462258
5007.0,114.0,0.488394
5007.0,115.0,0.542626
5007.0,116.0,0.503736
5007.0,117.0,0.491602
5007.0,118.0,0.518118
5007.0,119.0,0.500969
5007.0,120.0,0.563434
5007.0,121.0,0.460882
5007.0,122.0,0.432142
5007.0,123.0,0.573625
5007.0,124.0,0.46485
5007.0,125.0,0.49741
5007.0,126.0,0.523954
5008.0,0.0,0.483998
5008.0,1.0,0.470522
5008.0,2.0,0.495536
5008.0,3.0,0.484313
5008.0,4.0,0.485033
5008.0,5.0,0.508904
5008.0,6.0,0.467533
5008.0,7.0,0.530414
5008.0,8.0,0.503352
5008.0,9.0,0.480473
5008.0,10.0,0.474991
5008.0,11.0,0.44186
5008.0,12.0,0.506423
5008.0,13.0,0.528285
5008.0,14.0,0.513445
5008.0,15.0,0.507138
5008.0,16.0,0.511504
5008.0,17.0,0.52679
5008.0,18.0,0.49809
5008.0,19.0,0.448937
5008.0,20.0,0.499103
5008.0,21.0,0.493108
5008.0,22.0,0.502486
5008.0,23.0,0.523839
5008.0,24.0,0.521956
5008.0,25.0,0.552017
5008.0,26.0,0.472684
5008.0,27.0,0.47744
5008.0,28.0,0.497072
5008.0,29.0,0.446867
5008.0,30.0,0.493454
5008.0,31.0,0.517784
5008.0,32.0,0.462643
5008.0,33.0,0.43751
5008.0,34.0,0.500106
5008.0,35.0,0.403037
5008.0,36.0,0.485896
5008.0,37.0,0.473788
5008.0,38.0,0.483111
5008.0,39.0,0.476807
5008.0,40.0,0.462809
5008.0,41.0,0.542334
5008.0,42.0,0.498134
5008.0,43.0,0.487626
5008.0,44.0,0.463252
5008.0,45.0,0.534739
5008.0,46.0,0.489254
5008.0,47.0,0.456396
5008.0,48.0,0.485155
5008.0,49.0,0.488977
5008.0,50.0,0.603445
5008.0,51.0,0.49233
5008.0,52.0,0.514976
5008.0,53.0,0.497121
5008.0,54.0,0.433144
5008.0,55.0,0.559002
5008.0,56.0,0.476392
5008.0,57.0,0.493415
5008.0,58.0,0.471219
5008.0,59.0,0.489459
5008.0,60.0,0.515365
5008.0,61.0,0.482098
5008.0,62.0,0.50319
5008.0,63.0,0.572897
5008.0,64.0,0.555938
5008.0,65.0,0.506785
5008.0,66.0,0.512159
5008.0,67.0,0.502878
5008.0,68.0,0.470877
5008.0,69.0,0.505612
5008.0,70.0,0.483794
5008.0,71.0,0.497425
5008.0,72.0,0.541725
5008.0,73.0,0.520568
5008.0,74.0,0.518831
5008.0,75.0,0.442814
5008.0,76.0,0.416583
5008.0,77.0,0.493918
5008.0,78.0,0.474308
5008.0,79.0,0.521933
5008.0,80.0,0.514381
5008.0,81.0,0.530034
5008.0,82.0,0.503585
5008.0,83.0,0.521255
5008.0,84.0,0.451697
5008.0,85.0,0.513875
5008.0,86.0,0.488254
5008.0,87.0,0.567217
5008.0,88.0,0.513278
5008.0,89.0,0.508606
5008.0,90.0,0.46145
5008.0,91.0,0.483585
5008.0,92.0,0.508942
5008.0,93.0,0.449731
5008.0,94.0,0.491092
5008.0,95.0,0.537556
5008.0,96.0,0.50033
5008.0,97.0,0.515861
5008.0,98.0,0.536555
5008.0,99.0,0.475713
5008.0,100.0,0.476136
5008.0,101.0,0.534069
5008.0,102.0,0.471761
5008.0,103.0,0.401525
5008.0,104.0,0.534895
5008.0,105.0,0.491434
5008.0,106.0,0.49054
5008.0,107.0,0.484446
5008.0,108.0,0.481684
5008.0,109.0,0.529194
5008.0,110.0,0.480556
5008.0,111.0,0.507293
5008.0,112.0,0.423563
5008.0,113.0,0.462502
5008.0,114.0,0.48804
5008.0,115.0,0.543093
5008.0,116.0,0.503608
5008.0,117.0,0.491597
5008.0,118.0,0.518252
5008.0,119.0,0.500112
5008.0,120.0,0.563895
5008.0,121.0,0.460522
5008.0,122.0,0.432931
5008.0,123.0,0.573631
5008.0,124.0,0.464404
5008.0,125.0,0.497939
5008.0,126.0,0.523977
5009.0,0.0,0.484229
5009.0,1.0,0.470389
5009.0,2.0,0.494373
5009.0,3.0,0.483146
5009.0,4.0,0.484323
5009.0,5.0,0.508141
5009.0,6.0,0.467668
5009.0,7.0,0.531716
5009.0,8.0,0.502734
5009.0,9.0,0.479876
5009.0,10.0,0.475716
5009.0,11.0,0.441783
5009.0,12.0,0.506266
5009.0,13.0,0.528392
5009.0,14.0,0.513024
5009.0,15.0,0.506999
5009.0,16.0,0.511192
5009.0,17.0,0.52736
5009.0,18.0,0.498627
5009.0,19.0,0.449014
5009.0,20.0,0.499329
5009.0,21.0,0.493404
5009.0,22.0,0.503064
5009.0,23.0,0.523348
5009.0,24.0,0.521826
5009.0,25.0,0.552047
5009.0,26.0,0.471443
5009.0,27.0,0.477698
5009.0,28.0,0.497309
5009.0,29.0,0.447679
5009.0,30.0,0.493201
5009.0,31.0,0.517515
5009.0,32.0,0.462882
5009.0,33.0,0.436996
5009.0,34.0,0.500207
5009.0,35.0,0.402926
5009.0,36.0,0.486163
5009.0,37.0,0.474423
5009.0,38.0,0.483064
5009.0,39.0,0.477107
5009.0,40.0,0.462156
5009.0,41.0,0.54235
5009.0,42.0,0.498387
5009.0,43.0,0.487488
5009.0,44.0,0.463123
5009.0,45.0,0.53472
5009.0,46.0,0.487374
5009.0,47.0,0.456315
5009.0,48.0,0.484423
5009.0,49.0,0.488935
5009.0,50.0,0.602987
5009.0,51.0,0.492931
5009.0,52.0,0.514236
5009.0,53.0,0.497537
5009.0,54.0,0.433331
5009.0,55.0,0.559247
5009.0,56.0,0.476648
5009.0,57.0,0.493663
5009.0,58.0,0.470086
5009.0,59.0,0.489293
5009.0,60.0,0.514796
5009.0,61.0,0.481503
5009.0,62.0,0.50281
5009.0,63.0,0.572711
5009.0,64.0,0.555471
5009.0,65.0,0.507402
5009.0,66.0,0.511932
5009.0,67.0,0.503013
5009.0,68.0,0.469807
5009.0,69.0,0.505196
5009.0,70.0,0.483152
5009.0,71.0,0.49728
5009.0,72.0,0.541899
5009.0,73.0,0.520594
5009.0,74.0,0.518613
5009.0,75.0,0.443288
5009.0,76.0,0.416869
5009.0,77.0,0.494597
5009.0,78.0,0.47495
5009.0,79.0,0.521847
5009.0,80.0,0.514732
5009.0,81.0,0.529386
5009.0,82.0,0.504178
5009.0,83.0,0.521462
5009.0,84.0,0.451519
5009.0,85.0,0.514563
5009.0,86.0,0.488426
5009.0,87.0,0.566907
5009.0,88.0,0.513471
5009.0,89.0,0.508935
5009.0,90.0,0.461831
5009.0,91.0,0.483513
5009.0,92.0,0.509481
5009.0,93.0,0.449435
5009.0,94.0,0.491025
5009.0,95.0,0.537493
5009.0,96.0,0.499766
5009.0,97.0,0.515433
5009.0,98.0,0.537068
5009.0,99.0,0.475842
5009.0,100.0,0.475982
5009.0,101.0,0.534893
5009.0,102.0,0.471627
5009.0,103.0,0.401946
5009.0,104.0,0.535132
5009.0,105.0,0.491625
5009.0,106.0,0.490285
5009.0,107.0,0.484558
5009.0,108.0,0.481911
5009.0,109.0,0.529768
5009.0,110.0,0.481094
5009.0,111.0,0.506715
5009.0,112.0,0.423503
5009.0,113.0,0.462079
5009.0,114.0,0.487275
5009.0,115.0,0.543623
5009.0,116.0,0.503522
5009.0,117.0,0.492066
5009.0,118.0,0.518547
5009.0,119.0,0.50048
5009.0,120.0,0.563329
5009.0,121.0,0.460957
5009.0,122.0,0.432895
5009.0,123.0,0.574552
5009.0,124.0,0.464921
5009.0,125.0,0.497653
5009.0,126.0,0.523806
5010.0,0.0,0.48508
5010.0,1.0,0.471167
5010.0,2.0,0.494407
5010.0,3.0,0.482555
5010.0,4.0,0.484972
5010.0,5.0,0.508694
5010.0,6.0,0.467031
5010.0,7.0,0.532075
5010.0,8.0,0.502612
5010.0,9.0,0.479113
5010.0,10.0,0.476095
5010.0,11.0,0.441809
5010.0,12.0,0.505129
5010.0,13.0,0.52806
5010.0,14.0,0.511593
5010.0,15.0,0.507069
5010.0,16.0,0.511488
5010.0,17.0,0.527095
5010.0,18.0,0.49807
5010.0,19.0,0.448702
5010.0,20.0,0.499087
5010.0,21.0,0.493806
5010.0,22.0,0.50301
5010.0,23.0,0.523302
5010.0,24.0,0.521216
5010.0,25.0,0.551531
5010.0,26.0,0.471512
5010.0,27.0,0.478847
5010.0,28.0,0.497263
5010.0,29.0,0.448204
5010.0,30.0,0.493811
5010.0,31.0,0.517276
5010.0,32.0,0.462987
5010.0,33.0,0.437237
5010.0,34.0,0.500777
5010.0,35.0,0.402511
5010.0,36.0,0.486227
5010.0,37.0,0.473643
5010.0,38.0,0.48422
5010.0,39.0,0.475857
5010.0,40.0,0.46259
5010.0,41.0,0.541637
5010.0,42.0,0.498315
5010.0,43.0,0.487723
5010.0,44.0,0.462807
5010.0,45.0,0.53535
5010.0,46.0,0.488191
5010.0,47.0,0.455375
5010.0,48.0,0.484896
5010.0,49.0,0.488777
5010.0,50.0,0.603275
5010.0,51.0,0.492777
5010.0,52.0,0.513593
5010.0,53.0,0.49806
5010.0,54.0,0.432628
5010.0,55.0,0.559459
5010.0,56.0,0.476424
5010.0,57.0,0.49384
5010.0,58.0,0.469846
5010.0,59.0,0.489608
5010.0,60.0,0.515122
5010.0,61.0,0.481773
5010.0,62.0,0.503564
5010.0,63.0,0.572261
5010.0,64.0,0.555012
5010.0,65.0,0.507251
5010.0,66.0,0.512308
5010.0,67.0,0.503068
5010.0,68.0,0.470098
5010.0,69.0,0.505072
5010.0,70.0,0.484388
5010.0,71.0,0.497552
5010.0,72.0,0.541672
5010.0,73.0,0.520804
5010.0,74.0,0.518389
5010.0,75.0,0.443087
5010.0,76.0,0.416724
5010.0,77.0,0.49532
5010.0,78.0,0.4753
5010.0,79.0,0.52282
5010.0,80.0,0.514016
5010.0,81.0,0.529146
5010.0,82.0,0.5042
5010.0,83.0,0.521193
5010.0,84.0,0.452437
5010.0,85.0,0.514006
5010.0,86.0,0.488426
5010.0,87.0,0.566933
5010.0,88.0,0.513725
5010.0,89.0,0.5089
5010.0,90.0,0.462398
5010.0,91.0,0.483861
5010.0,92.0,0.509724
5010.0,93.0,0.449252
5010.0,94.0,0.491613
5010.0,95.0,0.537423
5010.0,96.0,0.499972
5010.0,97.0,0.516146
5010.0,98.0,0.535836
5010.0,99.0,0.47574
5010.0,100.0,0.476389
5010.0,101.0,0.534674
5010.0,102.0,0.471421
5010.0,103.0,0.401542
5010.0,104.0,0.534307
5010.0,105.0,0.491112
5010.0,106.0,0.491199
5010.0,107.0,0.484317
5010.0,108.0,0.482042
5010.0,109.0,0.529238
5010.0,110.0,0.480874
5010.0,111.0,0.506202
5010.0,112.0,0.423663
5010.0,113.0,0.461483
5010.0,114.0,0.487294
5010.0,115.0,0.543964
5010.0,116.0,0.503706
5010.0,117.0,0.491649
5010.0,118.0,0.519037
5010.0,119.0,0.49972
5010.0,120.0,0.563561
5010.0,121.0,0.461441
5010.0,122.0,0.432491
5010.0,123.0,0.574096
5010.0,124.0,0.465187
5010.0,125.0,0.497489
5010.0,126.0,0.52423
6000.0,0.0,0.490193
6000.0,1.0,0.440816
6000.0,2.0,0.481542
6000.0,3.0,0.475009
6000.0,4.0,0.47565
6000.0,5.0,0.494832
6000.0,6.0,0.459425
6000.0,7.0,0.542132
6000.0,8.0,0.499199
6000.0,9.0,0.458677
6000.0,10.0,0.48507
6000.0,11.0,0.43746
6000.0,12.0,0.512846
6000.0,13.0,0.554451
6000.0,14.0,0.513478
6000.0,15.0,0.493902
6000.0,16.0,0.507825
6000.0,17.0,0.543727
6000.0,18.0,0.534938
6000.0,19.0,0.4545
6000.0,20.0,0.491946
6000.0,21.0,0.504262
6000.0,22.0,0.497615
6000.0,23.0,0.517534
6000.0,24.0,0.497081
6000.0,25.0,0.543933
6000.0,26.0,0.472003
6000.0,27.0,0.450143
6000.0,28.0,0.496916
6000.0,29.0,0.444079
6000.0,30.0,0.50368
6000.0,31.0,0.518996
6000.0,32.0,0.464158
6000.0,33.0,0.456721
6000.0,34.0,0.496289
6000.0,35.0,0.404092
6000.0,36.0,0.456956
6000.0,37.0,0.472071
6000.0,38.0,0.481798
6000.0,39.0,0.48526
6000.0,40.0,0.486918
6000.0,41.0,0.56036
6000.0,42.0,0.498114
6000.0,43.0,0.478126
6000.0,44.0,0.455812
6000.0,45.0,0.539615
6000.0,46.0,0.485917
6000.0,47.0,0.466356
6000.0,48.0,0.486081
6000.0,49.0,0.477179
6000.0,50.0,0.602063
6000.0,51.0,0.500384
6000.0,52.0,0.51828
6000.0,53.0,0.5241
6000.0,54.0,0.406489
6000.0,55.0,0.569849
6000.0,56.0,0.454299
6000.0,57.0,0.51665
6000.0,58.0,0.471526
6000.0,59.0,0.487751
6000.0,60.0,0.551737
6000.0,61.0,0.481533
6000.0,62.0,0.491566
6000.0,63.0,0.556346
6000.0,64.0,0.541471
6000.0,65.0,0.498117
6000.0,66.0,0.507167
6000.0,67.0,0.482134
6000.0,68.0,0.469747
6000.0,69.0,0.49346
6000.0,70.0,0.496979
6000.0,71.0,0.478521
6000.0,72.0,0.542309
6000.0,73.0,0.523736
6000.0,74.0,0.512447
6000.0,75.0,0.435477
6000.0,76.0,0.433614
6000.0,77.0,0.482366
6000.0,78.0,0.489997
6000.0,79.0,0.515867
6000.0,80.0,0.500867
6000.0,81.0,0.519761
6000.0,82.0,0.529349
6000.0,83.0,0.533181
6000.0,84.0,0.450422
6000.0,85.0,0.525153
6000.0,86.0,0.493373
6000.0,87.0,0.567707
6000.0,88.0,0.524586
6000.0,89.0,0.517698
6000.0,90.0,0.454804
6000.0,91.0,0.49115
6000.0,92.0,0.498013
6000.0,93.0,0.455602
6000.0,94.0,0.490288
6000.0,95.0,0.524159
6000.0,96.0,0.506923
6000.0,97.0,0.513889
6000.0,98.0,0.54719
6000.0,99.0,0.466955
6000.0,100.0,0.455008
6000.0,101.0,0.537016
6000.0,102.0,0.490503
6000.0,103.0,0.408415
6000.0,104.0,0.520085
6000.0,105.0,0.476859
6000.0,106.0,0.500026
6000.0,107.0,0.478735
6000.0,108.0,0.508622
6000.0,109.0,0.541993
6000.0,110.0,0.454026
6000.0,111.0,0.488929
6000.0,112.0,0.425395
6000.0,113.0,0.462012
6000.0,114.0,0.476552
6000.0,115.0,0.538404
6000.0,116.0,0.505122
6000.0,117.0,0.490871
6000.0,118.0,0.5152
6000.0,119.0,0.498547
6000.0,120.0,0.587658
6000.0,121.0,0.450582
6000.0,122.0,0.42174
6000.0,123.0,0.600383
6000.0,124.0,0.437688
6000.0,125.0,0.485079
6000.0,126.0,0.522674
6001.0,0.0,0.490176
6001.0,1.0,0.44122
6001.0,2.0,0.480909
6001.0,3.0,0.476929
6001.0,4.0,0.476781
6001.0,5.0,0.49495
6001.0,6.0,0.458594
6001.0,7.0,0.542024
6001.0,8.0,0.49945
6001.0,9.0,0.458662
6001.0,10.0,0.485138
6001.0,11.0,0.437219
6001.0,12.0,0.513164
6001.0,13.0,0.554476
6001.0,14.0,0.514471
6001.0,15.0,0.493868
6001.0,16.0,0.508171
6001.0,17.0,0.544042
6001.0,18.0,0.534769
6001.0,19.0,0.454898
6001.0,20.0,0.491167
6001.0,21.0,0.505455
6001.0,22.0,0.498303
6001.0,23.0,0.517361
6001.0,24.0,0.497264
6001.0,25.0,0.543526
6001.0,26.0,0.471502
6001.0,27.0,0.449487
6001.0,28.0,0.497408
6001.0,29.0,0.443772
6001.0,30.0,0.503925
6001.0,31.0,0.518938
6001.0,32.0,0.464867
6001.0,33.0,0.458161
6001.0,34.0,0.496577
6001.0,35.0,0.404581
6001.0,36.0,0.45756
6001.0,37.0,0.472417
6001.0,38.0,0.48231
6001.0,39.0,0.485069
6001.0,40.0,0.486465
6001.0,41.0,0.559764
6001.0,42.0,0.497342
6001.0,43.0,0.479101
6001.0,44.0,0.456035
6001.0,45.0,0.539606
6001.0,46.0,0.485544
6001.0,47.0,0.465628
6001.0,48.0,0.485667
6001.0,49.0,0.477277
6001.0,50.0,0.602422
6001.0,51.0,0.50043
6001.0,52.0,0.518474
6001.0,53.0,0.52378
6001.0,54.0,0.407031
6001.0,55.0,0.569763
6001.0,56.0,0.454166
6001.0,57.0,0.516533
6001.0,58.0,0.470903
6001.0,59.0,0.487644
6001.0,60.0,0.55158
6001.0,61.0,0.481865
6001.0,62.0,0.490799
6001.0,63.0,0.55609
6001.0,64.0,0.54104
6001.0,65.0,0.498011
6001.0,66.0,0.507468
6001.0,67.0,0.481961
6001.0,68.0,0.469661
6001.0,69.0,0.492884
6001.0,70.0,0.496725
6001.0,71.0,0.478034
6001.0,72.0,0.542778
6001.0,73.0,0.523453
6001.0,74.0,0.512059
6001.0,75.0,0.435348
6001.0,76.0,0.434048
6001.0,77.0,0.481951
6001.0,78.0,0.489753
6001.0,79.0,0.515241
6001.0,80.0,0.501089
6001.0,81.0,0.520499
6001.0,82.0,0.529501
6001.0,83.0,0.533259
6001.0,84.0,0.450902
6001.0,85.0,0.525203
6001.0,86.0,0.493263
6001.0,87.0,0.568992
6001.0,88.0,0.524112
6001.0,89.0,0.517372
6001.0,90.0,0.455906
6001.0,91.0,0.491231
6001.0,92.0,0.497843
6001.0,93.0,0.456071
6001.0,94.0,0.490755
6001.0,95.0,0.525024
6001.0,96.0,0.506911
6001.0,97.0,0.514111
6001.0,98.0,0.546539
6001.0,99.0,0.466837
6001.0,100.0,0.454514
6001.0,101.0,0.536949
6001.0,102.0,0.490744
6001.0,103.0,0.408326
6001.0,104.0,0.520792
6001.0,105.0,0.476693
6001.0,106.0,0.500527
6001.0,107.0,0.4792
6001.0,108.0,0.507808
6001.0,109.0,0.541794
6001.0,110.0,0.454196
6001.0,111.0,0.489472
6001.0,112.0,0.42536
6001.0,113.0,0.462275
6001.0,114.0,0.476803
6001.0,115.0,0.53851
6001.0,116.0,0.506032
6001.0,117.0,0.491678
6001.0,118.0,0.515709
6001.0,119.0,0.499028
6001.0,120.0,0.587831
6001.0,121.0,0.450331
6001.0,122.0,0.422088
6001.0,123.0,0.60002
6001.0,124.0,0.437718
6001.0,125.0,0.485006
6001.0,126.0,0.52375
6002.0,0.0,0.490323
6002.0,1.0,0.44084
6002.0,2.0,0.480634
6002.0,3.0,0.47665
6002.0,4.0,0.476594
6002.0,5.0,0.494356
6002.0,6.0,0.458678
6002.0,7.0,0.542307
6002.0,8.0,0.499522
6002.0,9.0,0.459045
6002.0,10.0,0.485622
6002.0,11.0,0.437351
6002.0,12.0,0.513373
6002.0,13.0,0.554193
6002.0,14.0,0.513876
6002.0,15.0,0.494068
6002.0,16.0,0.507732
6002.0,17.0,0.543074
6002.0,18.0,0.534979
6002.0,19.0,0.454766
6002.0,20.0,0.491162
6002.0,21.0,0.505872
6002.0,22.0,0.498478
6002.0,23.0,0.51684
6002.0,24.0,0.497012
6002.0,25.0,0.543673
6002.0,26.0,0.472245
6002.0,27.0,0.449827
6002.0,28.0,0.496376
6002.0,29.0,0.444597
6002.0,30.0,0.503548
6002.0,31.0,0.519503
6002.0,32.0,0.465147
6002.0,33.0,0.457918
6002.0,34.0,0.495911
6002.0,35.0,0.404472
6002.0,36.0,0.45799
6002.0,37.0,0.472273
6002.0,38.0,0.482348
6002.0,39.0,0.484492
6002.0,40.0,0.487329
6002.0,41.0,0.559144
6002.0,42.0,0.496927
6002.0,43.0,0.478784
6002.0,44.0,0.456027
6002.0,45.0,0.53998
6002.0,46.0,0.485387
6002.0,47.0,0.465587
6002.0,48.0,0.48549
6002.0,49.0,0.476369
6002.0,50.0,0.602188
6002.0,51.0,0.500152
6002.0,52.0,0.518654
6002.0,53.0,0.523403
6002.0,54.0,0.407008
6002.0,55.0,0.569687
6002.0,56.0,0.453826
6002.0,57.0,0.516949
6002.0,58.0,0.470832
6002.0,59.0,0.487326
6002.0,60.0,0.550535
6002.0,61.0,0.480541
6002.0,62.0,0.491105
6002.0,63.0,0.556142
6002.0,64.0,0.541255
6002.0,65.0,0.49722
6002.0,66.0,0.507384
6002.0,67.0,0.482233
6002.0,68.0,0.469969
6002.0,69.0,0.492493
6002.0,70.0,0.496186
6002.0,71.0,0.478785
6002.0,72.0,0.543288
6002.0,73.0,0.524159
6002.0,74.0,0.511955
6002.0,75.0,0.435462
6002.0,76.0,0.434568
6002.0,77.0,0.481338
6002.0,78.0,0.489762
6002.0,79.0,0.515734
6002.0,80.0,0.501672
6002.0,81.0,0.520082
6002.0,82.0,0.530093
6002.0,83.0,0.533146
6002.0,84.0,0.451102
6002.0,85.0,0.525096
6002.0,86.0,0.494251
6002.0,87.0,0.569636
6002.0,88.0,0.52389
6002.0,89.0,0.51801
6002.0,90.0,0.456117
6002.0,91.0,0.491328
6002.0,92.0,0.498384
6002.0,93.0,0.456378
6002.0,94.0,0.491057
6002.0,95.0,0.52432
6002.0,96.0,0.506881
6002.0,97.0,0.514458
6002.0,98.0,0.547831
6002.0,99.0,0.466865
6002.0,100.0,0.453542
6002.0,101.0,0.536894
6002.0,102.0,0.490672
6002.0,103.0,0.409582
6002.0,104.0,0.520614
6002.0,105.0,0.477384
6002.0,106.0,0.501175
6002.0,107.0,0.479824
6002.0,108.0,0.508193
6002.0,109.0,0.541095
6002.0,110.0,0.454526
6002.0,111.0,0.489019
6002.0,112.0,0.425076
6002.0,113.0,0.461664
6002.0,114.0,0.477202
6002.0,115.0,0.538704
6002.0,116.0,0.506921
6002.0,117.0,0.491794
6002.0,118.0,0.515705
6002.0,119.0,0.499275
6002.0,120.0,0.587754
6002.0,121.0,0.450539
6002.0,122.0,0.421587
6002.0,123.0,0.600693
6002.0,124.0,0.437493
6002.0,125.0,0.484539
6002.0,126.0,0.523814
6003.0,0.0,0.491054
6003.0,1.0,0.440681
6003.0,2.0,0.479881
6003.0,3.0,0.476983
6003.0,4.0,0.477171
6003.0,5.0,0.494144
6003.0,6.0,0.458876
6003.0,7.0,0.542428
6003.0,8.0,0.498727
6003.0,9.0,0.458257
6003.0,10.0,0.486332
6003.0,11.0,0.437933
6003.0,12.0,0.513743
6003.0,13.0,0.554643
6003.0,14.0,0.51375
6003.0,15.0,0.494823
6003.0,16.0,0.50776
6003.0,17.0,0.542475
6003.0,18.0,0.535509
6003.0,19.0,0.455285
6003.0,20.0,0.490974
6003.0,21.0,0.506763
6003.0,22.0,0.498212
6003.0,23.0,0.516874
6003.0,24.0,0.497306
6003.0,25.0,0.543759
6003.0,26.0,0.472565
6003.0,27.0,0.449184
6003.0,28.0,0.49583
6003.0,29.0,0.445407
6003.0,30.0,0.50261
6003.0,31.0,0.519947
6003.0,32.0,0.465653
6003.0,33.0,0.457307
6003.0,34.0,0.495602
6003.0,35.0,0.404214
6003.0,36.0,0.457888
6003.0,37.0,0.472665
6003.0,38.0,0.482539
6003.0,39.0,0.484513
6003.0,40.0,0.487221
6003.0,41.0,0.559322
6003.0,42.0,0.497057
6003.0,43.0,0.479356
6003.0,44.0,0.454733
6003.0,45.0,0.539782
6003.0,46.0,0.485134
6003.0,47.0,0.46513
6003.0,48.0,0.485716
6003.0,49.0,0.476742
6003.0,50.0,0.602
6003.0,51.0,0.50109
6003.0,52.0,0.519289
6003.0,53.0,0.523748
6003.0,54.0,0.407776
6003.0,55.0,0.569809
6003.0,56.0,0.453667
6003.0,57.0,0.517146
6003.0,58.0,0.470738
6003.0,59.0,0.487474
6003.0,60.0,0.550752
6003.0,61.0,0.480492
6003.0,62.0,0.490675
6003.0,63.0,0.555911
6003.0,64.0,0.540913
6003.0,65.0,0.497885
6003.0,66.0,0.507466
6003.0,67.0,0.48169
6003.0,68.0,0.470002
6003.0,69.0,0.49178
6003.0,70.0,0.497156
6003.0,71.0,0.478831
6003.0,72.0,0.543342
6003.0,73.0,0.523632
6003.0,74.0,0.512959
6003.0,75.0,0.4351
6003.0,76.0,0.434737
6003.0,77.0,0.481081
6003.0,78.0,0.489955
6003.0,79.0,0.515771
6003.0,80.0,0.501398
6003.0,81.0,0.520166
6003.0,82.0,0.53008
6003.0,83.0,0.534404
6003.0,84.0,0.451092
6003.0,85.0,0.524354
6003.0,86.0,0.494
6003.0,87.0,0.5698
6003.0,88.0,0.523117
6003.0,89.0,0.518892
6003.0,90.0,0.455149
6003.0,91.0,0.490966
6003.0,92.0,0.498098
6003.0,93.0,0.456343
6003.0,94.0,0.489814
6003.0,95.0,0.524035
6003.0,96.0,0.506435
6003.0,97.0,0.515103
6003.0,98.0,0.547962
6003.0,99.0,0.467323
6003.0,100.0,0.453279
6003.0,101.0,0.537803
6003.0,102.0,0.489288
6003.0,103.0,0.410509
6003.0,104.0,0.519807
6003.0,105.0,0.477924
6003.0,106.0,0.501174
6003.0,107.0,0.480211
6003.0,108.0,0.507962
6003.0,109.0,0.540973
6003.0,110.0,0.454527
6003.0,111.0,0.488343
6003.0,112.0,0.424878
6003.0,113.0,0.461456
6003.0,114.0,0.477042
6003.0,115.0,0.539074
6003.0,116.0,0.506851
6003.0,117.0,0.492202
6003.0,118.0,0.516152
6003.0,119.0,0.499167
6003.0,120.0,0.58738
6003.0,121.0,0.450494
6003.0,122.0,0.421758
6003.0,123.0,0.60143
6003.0,124.0,0.437744
6003.0,125.0,0.485018
6003.0,126.0,0.524314
6004.0,0.0,0.490578
6004.0,1.0,0.440189
6004.0,2.0,0.480156
6004.0,3.0,0.476662
6004.0,4.0,0.477205
6004.0,5.0,0.493201
6004.0,6.0,0.458802
6004.0,7.0,0.542441
6004.0,8.0,0.498898
6004.0,9.0,0.457073
6004.0,10.0,0.486269
6004.0,11.0,0.437676
6004.0,12.0,0.514072
6004.0,13.0,0.554575
6004.0,14.0,0.513547
6004.0,15.0,0.495278
6004.0,16.0,0.507179
6004.0,17.0,0.54223
6004.0,18.0,0.535057
6004.0,19.0,0.454889
6004.0,20.0,0.491186
6004.0,21.0,0.506928
6004.0,22.0,0.4985
6004.0,23.0,0.517859
6004.0,24.0,0.497457
6004.0,25.0,0.543255
6004.0,26.0,0.472292
6004.0,27.0,0.449536
6004.0,28.0,0.496135
6004.0,29.0,0.444811
6004.0,30.0,0.502328
6004.0,31.0,0.519972
6004.0,32.0,0.465644
6004.0,33.0,0.456337
6004.0,34.0,0.495998
6004.0,35.0,0.404709
6004.0,36.0,0.457911
6004.0,37.0,0.472998
6004.0,38.0,0.482192
6004.0,39.0,0.485355
6004.0,40.0,0.485995
6004.0,41.0,0.559617
6004.0,42.0,0.498011
6004.0,43.0,0.479551
6004.0,44.0,0.455418
6004.0,45.0,0.540119
6004.0,46.0,0.484628
6004.0,47.0,0.464756
6004.0,48.0,0.485903
6004.0,49.0,0.476966
6004.0,50.0,0.601918
6004.0,51.0,0.500501
6004.0,52.0,0.519062
6004.0,53.0,0.523227
6004.0,54.0,0.408293
6004.0,55.0,0.569776
6004.0,56.0,0.453432
6004.0,57.0,0.517677
6004.0,58.0,0.471399
6004.0,59.0,0.488371
6004.0,60.0,0.551127
6004.0,61.0,0.480358
6004.0,62.0,0.49131
6004.0,63.0,0.556617
6004.0,64.0,0.540675
6004.0,65.0,0.497659
6004.0,66.0,0.507595
6004.0,67.0,0.482066
6004.0,68.0,0.470441
6004.0,69.0,0.492152
6004.0,70.0,0.497382
6004.0,71.0,0.478929
6004.0,72.0,0.543134
6004.0,73.0,0.524041
6004.0,74.0,0.513146
6004.0,75.0,0.435371
6004.0,76.0,0.434535
6004.0,77.0,0.481192
6004.0,78.0,0.489816
6004.0,79.0,0.514986
6004.0,80.0,0.502185
6004.0,81.0,0.520137
6004.0,82.0,0.530204
6004.0,83.0,0.535027
6004.0,84.0,0.45068
6004.0,85.0,0.523978
6004.0,86.0,0.494621
6004.0,87.0,0.5694
6004.0,88.0,0.522888
6004.0,89.0,0.518444
6004.0,90.0,0.456
6004.0,91.0,0.490663
6004.0,92.0,0.498518
6004.0,93.0,0.456342
6004.0,94.0,0.490278
6004.0,95.0,0.524188
6004.0,96.0,0.505991
6004.0,97.0,0.515518
6004.0,98.0,0.547463
6004.0,99.0,0.468611
6004.0,100.0,0.45315
6004.0,101.0,0.53791
6004.0,102.0,0.490196
6004.0,103.0,0.411359
6004.0,104.0,0.520048
6004.0,105.0,0.477586
6004.0,106.0,0.501986
6004.0,107.0,0.48021
6004.0,108.0,0.509101
6004.0,109.0,0.541057
6004.0,110.0,0.453967
6004.0,111.0,0.488159
6004.0,112.0,0.424423
6004.0,113.0,0.46184
6004.0,114.0,0.476909
6004.0,115.0,0.538752
6004.0,116.0,0.506397
6004.0,117.0,0.491711
6004.0,118.0,0.515851
6004.0,119.0,0.499307
6004.0,120.0,0.587074
6004.0,121.0,0.450464
6004.0,122.0,0.42165
6004.0,123.0,0.600831
6004.0,124.0,0.436954
6004.0,125.0,0.485647
6004.0,126.0,0.524254
6005.0,0.0,0.490365
6005.0,1.0,0.43969
6005.0,2.0,0.480227
6005.0,3.0,0.475615
6005.0,4.0,0.476702
6005.0,5.0,0.493911
6005.0,6.0,0.458253
6005.0,7.0,0.542463
6005.0,8.0,0.498304
6005.0,9.0,0.456952
6005.0,10.0,0.486867
6005.0,11.0,0.437838
6005.0,12.0,0.513588
6005.0,13.0,0.554403
6005.0,14.0,0.51326
6005.0,15.0,0.495811
6005.0,16.0,0.507234
6005.0,17.0,0.541902
6005.0,18.0,0.534679
6005.0,19.0,0.455544
6005.0,20.0,0.490875
6005.0,21.0,0.506319
6005.0,22.0,0.498351
6005.0,23.0,0.517985
6005.0,24.0,0.497798
6005.0,25.0,0.544038
6005.0,26.0,0.471676
6005.0,27.0,0.449453
6005.0,28.0,0.496731
6005.0,29.0,0.444799
6005.0,30.0,0.502644
6005.0,31.0,0.519851
6005.0,32.0,0.465748
6005.0,33.0,0.456278
6005.0,34.0,0.497085
6005.0,35.0,0.405216
6005.0,36.0,0.458427
6005.0,37.0,0.47364
6005.0,38.0,0.482543
6005.0,39.0,0.484758
6005.0,40.0,0.485895
6005.0,41.0,0.559456
6005.0,42.0,0.497547
6005.0,43.0,0.480015
6005.0,44.0,0.455995
6005.0,45.0,0.539801
6005.0,46.0,0.484472
6005.0,47.0,0.465187
6005.0,48.0,0.485557
6005.0,49.0,0.476593
6005.0,50.0,0.601996
6005.0,51.0,0.500071
6005.0,52.0,0.519294
6005.0,53.0,0.523249
6005.0,54.0,0.408705
6005.0,55.0,0.569543
6005.0,56.0,0.453093
6005.0,57.0,0.517407
6005.0,58.0,0.4717
6005.0,59.0,0.488952
6005.0,60.0,0.551112
6005.0,61.0,0.479997
6005.0,62.0,0.490877
6005.0,63.0,0.556
6005.0,64.0,0.540265
6005.0,65.0,0.49752
6005.0,66.0,0.507679
6005.0,67.0,0.482024
6005.0,68.0,0.47056
6005.0,69.0,0.491841
6005.0,70.0,0.497603
6005.0,71.0,0.479653
6005.0,72.0,0.54331
6005.0,73.0,0.524294
6005.0,74.0,0.513029
6005.0,75.0,0.436217
6005.0,76.0,0.435562
6005.0,77.0,0.481531
6005.0,78.0,0.489899
6005.0,79.0,0.515371
6005.0,80.0,0.501915
6005.0,81.0,0.520173
6005.0,82.0,0.530553
6005.0,83.0,0.535718
6005.0,84.0,0.451424
6005.0,85.0,0.523672
6005.0,86.0,0.493911
6005.0,87.0,0.569092
6005.0,88.0,0.522637
6005.0,89.0,0.517489
6005.0,90.0,0.456159
6005.0,91.0,0.490156
6005.0,92.0,0.498986
6005.0,93.0,0.455557
6005.0,94.0,0.490663
6005.0,95.0,0.524324
6005.0,96.0,0.506034
6005.0,97.0,0.515682
6005.0,98.0,0.547615
6005.0,99.0,0.467699
6005.0,100.0,0.453103
6005.0,101.0,0.538493
6005.0,102.0,0.490589
6005.0,103.0,0.411094
6005.0,104.0,0.520168
6005.0,105.0,0.477229
6005.0,106.0,0.502308
6005.0,107.0,0.480012
6005.0,108.0,0.509095
6005.0,109.0,0.541756
6005.0,110.0,0.454172
6005.0,111.0,0.488042
6005.0,112.0,0.42462
6005.0,113.0,0.46155
6005.0,114.0,0.47755
6005.0,115.0,0.538647
6005.0,116.0,0.506121
6005.0,117.0,0.492229
6005.0,118.0,0.515293
6005.0,119.0,0.49946
6005.0,120.0,0.587539
6005.0,121.0,0.450372
6005.0,122.0,0.421167
6005.0,123.0,0.600383
6005.0,124.0,0.437348
6005.0,125.0,0.485862
6005.0,126.0,0.523372
6006.0,0.0,0.489132
6006.0,1.0,0.439829
6006.0,2.0,0.480545
6006.0,3.0,0.474836
6006.0,4.0,0.475855
6006.0,5.0,0.494482
6006.0,6.0,0.458297
6006.0,7.0,0.541564
6006.0,8.0,0.498147
6006.0,9.0,0.456274
6006.0,10.0,0.486374
6006.0,11.0,0.437303
6006.0,12.0,0.513439
6006.0,13.0,0.554974
6006.0,14.0,0.51318
6006.0,15.0,0.496169
6006.0,16.0,0.507405
6006.0,17.0,0.541719
6006.0,18.0,0.534577
6006.0,19.0,0.455215
6006.0,20.0,0.490263
6006.0,21.0,0.505877
6006.0,22.0,0.498794
6006.0,23.0,0.517757
6006.0,24.0,0.496915
6006.0,25.0,0.54434
6006.0,26.0,0.470693
6006.0,27.0,0.448836
6006.0,28.0,0.496114
6006.0,29.0,0.444826
6006.0,30.0,0.503045
6006.0,31.0,0.519778
6006.0,32.0,0.465885
6006.0,33.0,0.456494
6006.0,34.0,0.496497
6006.0,35.0,0.405162
6006.0,36.0,0.459
6006.0,37.0,0.472904
6006.0,38.0,0.482926
6006.0,39.0,0.48514
6006.0,40.0,0.486533
6006.0,41.0,0.559179
6006.0,42.0,0.497881
6006.0,43.0,0.480465
6006.0,44.0,0.456139
6006.0,45.0,0.539477
6006.0,46.0,0.485082
6006.0,47.0,0.464967
6006.0,48.0,0.486007
6006.0,49.0,0.476617
6006.0,50.0,0.602543
6006.0,51.0,0.499986
6006.0,52.0,0.519568
6006.0,53.0,0.522576
6006.0,54.0,0.408321
6006.0,55.0,0.568625
6006.0,56.0,0.452576
6006.0,57.0,0.517662
6006.0,58.0,0.472467
6006.0,59.0,0.488545
6006.0,60.0,0.551868
6006.0,61.0,0.480429
6006.0,62.0,0.490221
6006.0,63.0,0.556996
6006.0,64.0,0.539578
6006.0,65.0,0.497151
6006.0,66.0,0.507022
6006.0,67.0,0.48173
6006.0,68.0,0.470575
6006.0,69.0,0.492376
6006.0,70.0,0.498315
6006.0,71.0,0.480609
6006.0,72.0,0.543319
6006.0,73.0,0.524711
6006.0,74.0,0.512388
6006.0,75.0,0.437073
6006.0,76.0,0.436149
6006.0,77.0,0.48196
6006.0,78.0,0.490636
6006.0,79.0,0.514796
6006.0,80.0,0.501136
6006.0,81.0,0.520366
6006.0,82.0,0.530269
6006.0,83.0,0.535979
6006.0,84.0,0.451054
6006.0,85.0,0.522595
6006.0,86.0,0.493103
6006.0,87.0,0.569168
6006.0,88.0,0.522672
6006.0,89.0,0.516938
6006.0,90.0,0.45656
6006.0,91.0,0.490419
6006.0,92.0,0.499293
6006.0,93.0,0.455406
6006.0,94.0,0.490574
6006.0,95.0,0.524446
6006.0,96.0,0.505513
6006.0,97.0,0.515111
6006.0,98.0,0.547632
6006.0,99.0,0.468101
6006.0,100.0,0.453849
6006.0,101.0,0.538099
6006.0,102.0,0.491048
6006.0,103.0,0.411296
6006.0,104.0,0.520811
6006.0,105.0,0.477572
6006.0,106.0,0.502836
6006.0,107.0,0.480594
6006.0,108.0,0.508963
6006.0,109.0,0.541055
6006.0,110.0,0.454309
6006.0,111.0,0.487889
6006.0,112.0,0.424988
6006.0,113.0,0.461459
6006.0,114.0,0.477032
6006.0,115.0,0.538926
6006.0,116.0,0.506041
6006.0,117.0,0.492115
6006.0,118.0,0.515758
6006.0,119.0,0.498923
6006.0,120.0,0.587299
6006.0,121.0,0.450649
6006.0,122.0,0.420424
6006.0,123.0,0.600727
6006.0,124.0,0.436759
6006.0,125.0,0.48564
6006.0,126.0,0.523424
6007.0,0.0,0.489006
6007.0,1.0,0.439212
6007.0,2.0,0.480454
6007.0,3.0,0.474938
6007.0,4.0,0.476635
6007.0,5.0,0.494487
6007.0,6.0,0.458346
6007.0,7.0,0.541531
6007.0,8.0,0.498055
6007.0,9.0,0.456843
6007.0,10.0,0.486071
6007.0,11.0,0.437557
6007.0,12.0,0.513739
6007.0,13.0,0.555504
6007.0,14.0,0.514034
6007.0,15.0,0.49671
6007.0,16.0,0.507662
6007.0,17.0,0.541467
6007.0,18.0,0.534849
6007.0,19.0,0.455423
6007.0,20.0,0.490354
6007.0,21.0,0.505708
6007.0,22.0,0.499052
6007.0,23.0,0.51836
6007.0,24.0,0.495912
6007.0,25.0,0.544389
6007.0,26.0,0.471375
6007.0,27.0,0.448729
6007.0,28.0,0.495533
6007.0,29.0,0.44476
6007.0,30.0,0.503317
6007.0,31.0,0.518915
6007.0,32.0,0.465745
6007.0,33.0,0.456663
6007.0,34.0,0.496333
6007.0,35.0,0.405484
6007.0,36.0,0.459022
6007.0,37.0,0.473479
6007.0,38.0,0.482732
6007.0,39.0,0.484328
6007.0,40.0,0.486765
6007.0,41.0,0.560052
6007.0,42.0,0.497484
6007.0,43.0,0.48065
6007.0,44.0,0.455442
6007.0,45.0,0.539683
6007.0,46.0,0.485152
6007.0,47.0,0.464755
6007.0,48.0,0.485101
6007.0,49.0,0.475429
6007.0,50.0,0.602987
6007.0,51.0,0.501102
6007.0,52.0,0.519521
6007.0,53.0,0.522356
6007.0,54.0,0.408381
6007.0,55.0,0.568181
6007.0,56.0,0.452288
6007.0,57.0,0.517827
6007.0,58.0,0.472303
6007.0,59.0,0.488665
6007.0,60.0,0.551633
6007.0,61.0,0.480549
6007.0,62.0,0.490517
6007.0,63.0,0.557273
6007.0,64.0,0.539896
6007.0,65.0,0.497322
6007.0,66.0,0.507624
6007.0,67.0,0.48148
6007.0,68.0,0.470302
6007.0,69.0,0.492206
6007.0,70.0,0.497794
6007.0,71.0,0.480852
6007.0,72.0,0.543647
6007.0,73.0,0.523866
6007.0,74.0,0.512385
6007.0,75.0,0.437579
6007.0,76.0,0.437266
6007.0,77.0,0.482041
6007.0,78.0,0.490596
6007.0,79.0,0.513767
6007.0,80.0,0.500516
6007.0,81.0,0.520924
6007.0,82.0,0.530212
6007.0,83.0,0.536413
6007.0,84.0,0.451943
6007.0,85.0,0.522488
6007.0,86.0,0.493406
6007.0,87.0,0.568876
6007.0,88.0,0.523163
6007.0,89.0,0.516897
6007.0,90.0,0.45705
6007.0,91.0,0.490244
6007.0,92.0,0.499548
6007.0,93.0,0.455076
6007.0,94.0,0.491232
6007.0,95.0,0.524008
6007.0,96.0,0.505503
6007.0,97.0,0.51481
6007.0,98.0,0.547198
6007.0,99.0,0.468014
6007.0,100.0,0.453017
6007.0,101.0,0.538284
6007.0,102.0,0.491314
6007.0,103.0,0.411813
6007.0,104.0,0.520664
6007.0,105.0,0.477374
6007.0,106.0,0.503325
6007.0,107.0,0.480767
6007.0,108.0,0.50895
6007.0,109.0,0.541334
6007.0,110.0,0.454136
6007.0,111.0,0.487157
6007.0,112.0,0.425032
6007.0,113.0,0.461709
6007.0,114.0,0.477267
6007.0,115.0,0.538788
6007.0,116.0,0.506639
6007.0,117.0,0.492553
6007.0,118.0,0.51603
6007.0,119.0,0.499377
6007.0,120.0,0.58768
6007.0,121.0,0.450916
6007.0,122.0,0.420602
6007.0,123.0,0.600659
6007.0,124.0,0.435682
6007.0,125.0,0.485445
6007.0,126.0,0.523265
6008.0,0.0,0.48951
6008.0,1.0,0.438617
6008.0,2.0,0.480278
6008.0,3.0,0.474088
6008.0,4.0,0.476782
6008.0,5.0,0.494928
6008.0,6.0,0.458008
6008.0,7.0,0.542183
6008.0,8.0,0.498283
6008.0,9.0,0.457149
6008.0,10.0,0.48606
6008.0,11.0,0.438223
6008.0,12.0,0.513821
6008.0,13.0,0.555276
6008.0,14.0,0.512658
6008.0,15.0,0.496855
6008.0,16.0,0.507493
6008.0,17.0,0.541038
6008.0,18.0,0.53516
6008.0,19.0,0.455131
6008.0,20.0,0.490193
6008.0,21.0,0.506281
6008.0,22.0,0.499506
6008.0,23.0,0.518549
6008.0,24.0,0.495722
6008.0,25.0,0.543504
6008.0,26.0,0.471278
6008.0,27.0,0.448098
6008.0,28.0,0.495308
6008.0,29.0,0.445602
6008.0,30.0,0.502546
6008.0,31.0,0.519299
6008.0,32.0,0.465548
6008.0,33.0,0.456435
6008.0,34.0,0.496562
6008.0,35.0,0.405929
6008.0,36.0,0.459827
6008.0,37.0,0.473819
6008.0,38.0,0.483275
6008.0,39.0,0.484783
6008.0,40.0,0.487323
6008.0,41.0,0.56066
6008.0,42.0,0.497264
6008.0,43.0,0.479997
6008.0,44.0,0.455088
6008.0,45.0,0.540555
6008.0,46.0,0.485174
6008.0,47.0,0.465061
6008.0,48.0,0.485759
6008.0,49.0,0.47563
6008.0,50.0,0.603435
6008.0,51.0,0.501524
6008.0,52.0,0.51928
6008.0,53.0,0.522385
6008.0,54.0,0.409304
6008.0,55.0,0.569585
6008.0,56.0,0.451926
6008.0,57.0,0.518454
6008.0,58.0,0.472306
6008.0,59.0,0.488418
6008.0,60.0,0.551453
6008.0,61.0,0.480291
6008.0,62.0,0.490265
6008.0,63.0,0.557121
6008.0,64.0,0.539281
6008.0,65.0,0.498577
6008.0,66.0,0.508445
6008.0,67.0,0.481331
6008.0,68.0,0.470477
6008.0,69.0,0.492451
6008.0,70.0,0.496516
6008.0,71.0,0.481184
6008.0,72.0,0.54412
6008.0,73.0,0.523891
6008.0,74.0,0.512684
6008.0,75.0,0.437507
6008.0,76.0,0.437648
6008.0,77.0,0.482163
6008.0,78.0,0.490262
6008.0,79.0,0.513858
6008.0,80.0,0.4997
6008.0,81.0,0.521413
6008.0,82.0,0.531194
6008.0,83.0,0.536499
6008.0,84.0,0.452051
6008.0,85.0,0.523863
6008.0,86.0,0.493465
6008.0,87.0,0.569198
6008.0,88.0,0.522448
6008.0,89.0,0.516586
6008.0,90.0,0.456624
6008.0,91.0,0.489741
6008.0,92.0,0.499658
6008.0,93.0,0.455271
6008.0,94.0,0.490339
6008.0,95.0,0.523745
6008.0,96.0,0.505752
6008.0,97.0,0.514358
6008.0,98.0,0.547471
6008.0,99.0,0.467787
6008.0,100.0,0.452403
6008.0,101.0,0.539235
6008.0,102.0,0.490661
6008.0,103.0,0.41245
6008.0,104.0,0.520783
6008.0,105.0,0.477955
6008.0,106.0,0.503619
6008.0,107.0,0.480702
6008.0,108.0,0.509232
6008.0,109.0,0.541514
6008.0,110.0,0.453635
6008.0,111.0,0.487444
6008.0,112.0,0.425642
6008.0,113.0,0.462036
6008.0,114.0,0.477591
6008.0,115.0,0.539068
6008.0,116.0,0.507044
6008.0,117.0,0.493248
6008.0,118.0,0.51629
6008.0,119.0,0.499684
6008.0,120.0,0.587476
6008.0,121.0,0.451366
6008.0,122.0,0.420938
6008.0,123.0,0.600953
6008.0,124.0,0.435794
6008.0,125.0,0.484938
6008.0,126.0,0.524121
6009.0,0.0,0.489541
6009.0,1.0,0.438732
6009.0,2.0,0.480269
6009.0,3.0,0.473649
6009.0,4.0,0.477758
6009.0,5.0,0.494149
6009.0,6.0,0.457749
6009.0,7.0,0.54154
6009.0,8.0,0.497618
6009.0,9.0,0.457181
6009.0,10.0,0.486735
6009.0,11.0,0.437565
6009.0,12.0,0.513804
6009.0,13.0,0.555592
6009.0,14.0,0.513223
6009.0,15.0,0.495811
6009.0,16.0,0.507711
6009.0,17.0,0.541104
6009.0,18.0,0.535406
6009.0,19.0,0.454521
6009.0,20.0,0.490452
6009.0,21.0,0.505856
6009.0,22.0,0.499577
6009.0,23.0,0.518211
6009.0,24.0,0.496259
6009.0,25.0,0.543184
6009.0,26.0,0.470738
6009.0,27.0,0.44844
6009.0,28.0,0.494956
6009.0,29.0,0.445629
6009.0,30.0,0.502529
6009.0,31.0,0.520242
6009.0,32.0,0.464634
6009.0,33.0,0.456493
6009.0,34.0,0.496219
6009.0,35.0,0.406821
6009.0,36.0,0.459896
6009.0,37.0,0.473436
6009.0,38.0,0.483416
6009.0,39.0,0.484789
6009.0,40.0,0.486382
6009.0,41.0,0.561296
6009.0,42.0,0.497765
6009.0,43.0,0.480226
6009.0,44.0,0.455287
6009.0,45.0,0.539521
6009.0,46.0,0.485174
6009.0,47.0,0.465316
6009.0,48.0,0.485104
6009.0,49.0,0.475943
6009.0,50.0,0.603836
6009.0,51.0,0.502297
6009.0,52.0,0.519186
6009.0,53.0,0.521206
6009.0,54.0,0.408673
6009.0,55.0,0.570189
6009.0,56.0,0.452029
6009.0,57.0,0.517751
6009.0,58.0,0.472218
6009.0,59.0,0.487977
6009.0,60.0,0.551548
6009.0,61.0,0.480179
6009.0,62.0,0.490406
6009.0,63.0,0.557181
6009.0,64.0,0.540014
6009.0,65.0,0.49794
6009.0,66.0,0.508247
6009.0,67.0,0.481889
6009.0,68.0,0.47043
6009.0,69.0,0.493142
6009.0,70.0,0.49661
6009.0,71.0,0.480757
6009.0,72.0,0.544418
6009.0,73.0,0.524571
6009.0,74.0,0.51367
6009.0,75.0,0.438035
6009.0,76.0,0.43802
6009.0,77.0,0.481839
6009.0,78.0,0.490339
6009.0,79.0,0.514698
6009.0,80.0,0.499238
6009.0,81.0,0.520617
6009.0,82.0,0.531494
6009.0,83.0,0.535853
6009.0,84.0,0.451847
6009.0,85.0,0.523725
6009.0,86.0,0.493268
6009.0,87.0,0.568775
6009.0,88.0,0.522344
6009.0,89.0,0.516119
6009.0,90.0,0.456458
6009.0,91.0,0.490017
6009.0,92.0,0.500543
6009.0,93.0,0.455176
6009.0,94.0,0.49052
6009.0,95.0,0.524392
6009.0,96.0,0.505804
6009.0,97.0,0.513875
6009.0,98.0,0.548012
6009.0,99.0,0.467865
6009.0,100.0,0.451701
6009.0,101.0,0.539167
6009.0,102.0,0.4908
6009.0,103.0,0.411689
6009.0,104.0,0.52128
6009.0,105.0,0.478869
6009.0,106.0,0.503774
6009.0,107.0,0.480171
6009.0,108.0,0.509717
6009.0,109.0,0.541021
6009.0,110.0,0.453982
6009.0,111.0,0.487022
6009.0,112.0,0.426297
6009.0,113.0,0.46219
6009.0,114.0,0.477066
6009.0,115.0,0.539138
6009.0,116.0,0.506868
6009.0,117.0,0.492685
6009.0,118.0,0.517384
6009.0,119.0,0.499704
6009.0,120.0,0.587563
6009.0,121.0,0.451969
6009.0,122.0,0.420613
6009.0,123.0,0.600066
6009.0,124.0,0.435603
6009.0,125.0,0.484554
6009.0,126.0,0.524367
6010.0,0.0,0.488835
6010.0,1.0,0.438169
6010.0,2.0,0.480441
6010.0,3.0,0.473323
6010.0,4.0,0.47728
6010.0,5.0,0.493702
6010.0,6.0,0.457518
6010.0,7.0,0.541059
6010.0,8.0,0.497576
6010.0,9.0,0.457603
6010.0,10.0,0.486655
6010.0,11.0,0.439237
6010.0,12.0,0.51454
6010.0,13.0,0.555609
6010.0,14.0,0.513307
6010.0,15.0,0.495818
6010.0,16.0,0.508159
6010.0,17.0,0.541659
6010.0,18.0,0.535561
6010.0,19.0,0.455099
6010.0,20.0,0.490995
6010.0,21.0,0.506154
6010.0,22.0,0.499281
6010.0,23.0,0.51759
6010.0,24.0,0.496064
6010.0,25.0,0.543184
6010.0,26.0,0.470051
6010.0,27.0,0.448401
6010.0,28.0,0.495104
6010.0,29.0,0.445124
6010.0,30.0,0.501548
6010.0,31.0,0.52131
6010.0,32.0,0.464785
6010.0,33.0,0.456284
6010.0,34.0,0.495747
6010.0,35.0,0.40739
6010.0,36.0,0.46015
6010.0,37.0,0.473385
6010.0,38.0,0.484152
6010.0,39.0,0.485056
6010.0,40.0,0.486909
6010.0,41.0,0.561042
6010.0,42.0,0.49839
6010.0,43.0,0.480129
6010.0,44.0,0.45561
6010.0,45.0,0.539854
6010.0,46.0,0.484652
6010.0,47.0,0.465565
6010.0,48.0,0.484388
6010.0,49.0,0.47513
6010.0,50.0,0.602874
6010.0,51.0,0.502439
6010.0,52.0,0.519701
6010.0,53.0,0.521098
6010.0,54.0,0.4089
6010.0,55.0,0.56936
6010.0,56.0,0.451791
6010.0,57.0,0.517034
6010.0,58.0,0.472175
6010.0,59.0,0.488516
6010.0,60.0,0.552064
6010.0,61.0,0.480239
6010.0,62.0,0.489464
6010.0,63.0,0.557134
6010.0,64.0,0.540734
6010.0,65.0,0.498594
6010.0,66.0,0.508186
6010.0,67.0,0.481499
6010.0,68.0,0.470938
6010.0,69.0,0.492258
6010.0,70.0,0.497176
6010.0,71.0,0.48161
6010.0,72.0,0.54377
6010.0,73.0,0.52444
6010.0,74.0,0.514253
6010.0,75.0,0.437962
6010.0,76.0,0.438222
6010.0,77.0,0.481138
6010.0,78.0,0.490363
6010.0,79.0,0.515665
6010.0,80.0,0.499669
6010.0,81.0,0.519829
6010.0,82.0,0.531909
6010.0,83.0,0.535862
6010.0,84.0,0.451369
6010.0,85.0,0.523215
6010.0,86.0,0.493206
6010.0,87.0,0.569132
6010.0,88.0,0.522375
6010.0,89.0,0.516126
6010.0,90.0,0.456331
6010.0,91.0,0.490805
6010.0,92.0,0.500933
6010.0,93.0,0.454802
6010.0,94.0,0.49014
6010.0,95.0,0.524138
6010.0,96.0,0.506231
6010.0,97.0,0.513525
6010.0,98.0,0.548031
6010.0,99.0,0.467151
6010.0,100.0,0.452084
6010.0,101.0,0.539024
6010.0,102.0,0.490714
6010.0,103.0,0.411267
6010.0,104.0,0.521524
6010.0,105.0,0.479112
6010.0,106.0,0.504631
6010.0,107.0,0.480697
6010.0,108.0,0.509594
6010.0,109.0,0.54015
6010.0,110.0,0.454405
6010.0,111.0,0.487801
6010.0,112.0,0.426725
6010.0,113.0,0.461709
6010.0,114.0,0.477149
6010.0,115.0,0.539109
6010.0,116.0,0.507416
6010.0,117.0,0.492381
6010.0,118.0,0.517411
6010.0,119.0,0.499427
6010.0,120.0,0.58834
6010.0,121.0,0.451537
6010.0,122.0,0.419834
6010.0,123.0,0.601022
6010.0,124.0,0.435366
6010.0,125.0,0.484549
6010.0,126.0,0.52348
7000.0,0.0,0.485568
7000.0,1.0,0.421993
7000.0,2.0,0.505877
7000.0,3.0,0.493807
7000.0,4.0,0.451894
7000.0,5.0,0.503465
7000.0,6.0,0.450934
7000.0,7.0,0.544498
7000.0,8.0,0.452152
7000.0,9.0,0.458772
7000.0,10.0,0.487668
7000.0,11.0,0.434152
7000.0,12.0,0.494824
7000.0,13.0,0.549389
7000.0,14.0,0.503074
7000.0,15.0,0.510808
7000.0,16.0,0.521052
7000.0,17.0,0.559001
7000.0,18.0,0.556216
7000.0,19.0,0.431419
7000.0,20.0,0.485236
7000.0,21.0,0.474626
7000.0,22.0,0.473515
7000.0,23.0,0.495347
7000.0,24.0,0.472271
7000.0,25.0,0.548196
7000.0,26.0,0.45797
7000.0,27.0,0.452907
7000.0,28.0,0.488009
7000.0,29.0,0.456079
7000.0,30.0,0.478323
7000.0,31.0,0.500341
7000.0,32.0,0.457878
7000.0,33.0,0.463773
7000.0,34.0,0.467616
7000.0,35.0,0.392318
7000.0,36.0,0.465235
7000.0,37.0,0.480619
7000.0,38.0,0.499386
7000.0,39.0,0.467231
7000.0,40.0,0.514143
7000.0,41.0,0.559715
7000.0,42.0,0.490801
7000.0,43.0,0.502859
7000.0,44.0,0.465438
7000.0,45.0,0.548827
7000.0,46.0,0.510993
7000.0,47.0,0.491158
7000.0,48.0,0.476428
7000.0,49.0,0.484842
7000.0,50.0,0.597494
7000.0,51.0,0.506391
7000.0,52.0,0.542481
7000.0,53.0,0.55325
7000.0,54.0,0.407044
7000.0,55.0,0.586462
7000.0,56.0,0.459882
7000.0,57.0,0.486705
7000.0,58.0,0.493409
7000.0,59.0,0.47213
7000.0,60.0,0.556728
7000.0,61.0,0.486143
7000.0,62.0,0.486065
7000.0,63.0,0.590981
7000.0,64.0,0.538571
7000.0,65.0,0.482829
7000.0,66.0,0.510514
7000.0,67.0,0.45732
7000.0,68.0,0.482966
7000.0,69.0,0.481461
7000.0,70.0,0.473509
7000.0,71.0,0.45833
7000.0,72.0,0.538416
7000.0,73.0,0.523549
7000.0,74.0,0.520396
7000.0,75.0,0.437098
7000.0,76.0,0.443578
7000.0,77.0,0.487053
7000.0,78.0,0.499539
7000.0,79.0,0.514143
7000.0,80.0,0.508789
7000.0,81.0,0.521998
7000.0,82.0,0.516142
7000.0,83.0,0.533128
7000.0,84.0,0.411331
7000.0,85.0,0.500604
7000.0,86.0,0.496405
7000.0,87.0,0.575139
7000.0,88.0,0.525244
7000.0,89.0,0.549764
7000.0,90.0,0.431817
7000.0,91.0,0.48189
7000.0,92.0,0.507702
7000.0,93.0,0.451119
7000.0,94.0,0.502361
7000.0,95.0,0.511631
7000.0,96.0,0.474362
7000.0,97.0,0.506587
7000.0,98.0,0.559845
7000.0,99.0,0.470235
7000.0,100.0,0.464026
7000.0,101.0,0.535855
7000.0,102.0,0.525752
7000.0,103.0,0.39304
7000.0,104.0,0.537115
7000.0,105.0,0.49209
7000.0,106.0,0.498565
7000.0,107.0,0.45981
7000.0,108.0,0.520291
7000.0,109.0,0.548406
7000.0,110.0,0.450154
7000.0,111.0,0.468995
7000.0,112.0,0.42261
7000.0,113.0,0.487998
7000.0,114.0,0.471647
7000.0,115.0,0.538725
7000.0,116.0,0.51422
7000.0,117.0,0.473742
7000.0,118.0,0.54279
7000.0,119.0,0.486353
7000.0,120.0,0.597057
7000.0,121.0,0.466108
7000.0,122.0,0.399295
7000.0,123.0,0.599068
7000.0,124.0,0.422335
7000.0,125.0,0.478963
7000.0,126.0,0.519625
7001.0,0.0,0.485904
7001.0,1.0,0.422062
7001.0,2.0,0.505558
7001.0,3.0,0.493638
7001.0,4.0,0.451931
7001.0,5.0,0.502512
7001.0,6.0,0.450732
7001.0,7.0,0.54382
7001.0,8.0,0.452091
7001.0,9.0,0.459315
7001.0,10.0,0.487428
7001.0,11.0,0.433588
7001.0,12.0,0.495731
7001.0,13.0,0.548429
7001.0,14.0,0.50239
7001.0,15.0,0.511233
7001.0,16.0,0.520938
7001.0,17.0,0.558138
7001.0,18.0,0.555658
7001.0,19.0,0.432537
7001.0,20.0,0.484253
7001.0,21.0,0.475175
7001.0,22.0,0.474128
7001.0,23.0,0.495522
7001.0,24.0,0.472485
7001.0,25.0,0.547929
7001.0,26.0,0.457836
7001.0,27.0,0.452676
7001.0,28.0,0.488271
7001.0,29.0,0.455687
7001.0,30.0,0.477578
7001.0,31.0,0.500547
7001.0,32.0,0.457793
7001.0,33.0,0.463468
7001.0,34.0,0.468197
7001.0,35.0,0.392158
7001.0,36.0,0.465425
7001.0,37.0,0.480634
7001.0,38.0,0.499044
7001.0,39.0,0.467537
7001.0,40.0,0.514206
7001.0,41.0,0.560523
7001.0,42.0,0.490918
7001.0,43.0,0.50204
7001.0,44.0,0.465813
7001.0,45.0,0.54805
7001.0,46.0,0.51121
7001.0,47.0,0.491586
7001.0,48.0,0.476926
7001.0,49.0,0.485006
7001.0,50.0,0.597469
7001.0,51.0,0.505838
7001.0,52.0,0.543189
7001.0,53.0,0.553463
7001.0,54.0,0.407185
7001.0,55.0,0.58579
7001.0,56.0,0.460319
7001.0,57.0,0.486448
7001.0,58.0,0.494221
7001.0,59.0,0.471992
7001.0,60.0,0.556502
7001.0,61.0,0.486717
7001.0,62.0,0.486155
7001.0,63.0,0.591663
7001.0,64.0,0.539329
7001.0,65.0,0.482615
7001.0,66.0,0.509747
7001.0,67.0,0.457333
7001.0,68.0,0.482124
7001.0,69.0,0.481842
7001.0,70.0,0.473547
7001.0,71.0,0.459001
7001.0,72.0,0.538596
7001.0,73.0,0.523108
7001.0,74.0,0.520211
7001.0,75.0,0.436351
7001.0,76.0,0.443349
7001.0,77.0,0.487864
7001.0,78.0,0.500281
7001.0,79.0,0.514153
7001.0,80.0,0.50902
7001.0,81.0,0.521143
7001.0,82.0,0.516234
7001.0,83.0,0.532766
7001.0,84.0,0.410917
7001.0,85.0,0.500832
7001.0,86.0,0.496181
7001.0,87.0,0.575387
7001.0,88.0,0.52521
7001.0,89.0,0.550134
7001.0,90.0,0.430659
7001.0,91.0,0.482414
7001.0,92.0,0.508124
7001.0,93.0,0.452457
7001.0,94.0,0.501933
7001.0,95.0,0.511142
7001.0,96.0,0.475188
7001.0,97.0,0.505819
7001.0,98.0,0.559997
7001.0,99.0,0.471094
7001.0,100.0,0.463828
7001.0,101.0,0.536475
7001.0,102.0,0.525781
7001.0,103.0,0.393374
7001.0,104.0,0.537744
7001.0,105.0,0.492097
7001.0,106.0,0.498377
7001.0,107.0,0.459229
7001.0,108.0,0.52069
7001.0,109.0,0.548632
7001.0,110.0,0.450099
7001.0,111.0,0.469423
7001.0,112.0,0.423407
7001.0,113.0,0.488205
7001.0,114.0,0.472097
7001.0,115.0,0.53854
7001.0,116.0,0.514528
7001.0,117.0,0.474945
7001.0,118.0,0.542955
7001.0,119.0,0.486289
7001.0,120.0,0.597367
7001.0,121.0,0.465547
7001.0,122.0,0.399777
7001.0,123.0,0.598828
7001.0,124.0,0.421955
7001.0,125.0,0.478828
7001.0,126.0,0.519192
7002.0,0.0,0.4852
7002.0,1.0,0.42187
7002.0,2.0,0.505672
7002.0,3.0,0.493277
7002.0,4.0,0.45181
7002.0,5.0,0.502633
7002.0,6.0,0.450668
7002.0,7.0,0.544398
7002.0,8.0,0.451877
7002.0,9.0,0.459534
7002.0,10.0,0.488069
7002.0,11.0,0.431763
7002.0,12.0,0.496343
7002.0,13.0,0.548662
7002.0,14.0,0.502658
7002.0,15.0,0.511306
7002.0,16.0,0.520809
7002.0,17.0,0.558619
7002.0,18.0,0.556817
7002.0,19.0,0.432177
7002.0,20.0,0.484241
7002.0,21.0,0.475332
7002.0,22.0,0.474745
7002.0,23.0,0.494923
7002.0,24.0,0.472098
7002.0,25.0,0.547783
7002.0,26.0,0.457503
7002.0,27.0,0.4525
7002.0,28.0,0.488188
7002.0,29.0,0.45556
7002.0,30.0,0.476962
7002.0,31.0,0.50073
7002.0,32.0,0.458044
7002.0,33.0,0.462783
7002.0,34.0,0.468859
7002.0,35.0,0.392051
7002.0,36.0,0.466537
7002.0,37.0,0.480777
7002.0,38.0,0.499926
7002.0,39.0,0.467564
7002.0,40.0,0.514881
7002.0,41.0,0.559382
7002.0,42.0,0.491556
7002.0,43.0,0.502076
7002.0,44.0,0.465409
7002.0,45.0,0.547809
7002.0,46.0,0.511408
7002.0,47.0,0.491374
7002.0,48.0,0.476814
7002.0,49.0,0.485622
7002.0,50.0,0.59757
7002.0,51.0,0.505259
7002.0,52.0,0.542109
7002.0,53.0,0.552905
7002.0,54.0,0.407254
7002.0,55.0,0.586027
7002.0,56.0,0.460597
7002.0,57.0,0.486057
7002.0,58.0,0.494098
7002.0,59.0,0.471445
7002.0,60.0,0.555559
7002.0,61.0,0.487626
7002.0,62.0,0.486611
7002.0,63.0,0.59222
7002.0,64.0,0.539062
7002.0,65.0,0.481917
7002.0,66.0,0.509227
7002.0,67.0,0.457664
7002.0,68.0,0.48221
7002.0,69.0,0.481096
7002.0,70.0,0.473239
7002.0,71.0,0.458966
7002.0,72.0,0.538817
7002.0,73.0,0.523074
7002.0,74.0,0.519515
7002.0,75.0,0.436081
7002.0,76.0,0.443366
7002.0,77.0,0.488145
7002.0,78.0,0.499393
7002.0,79.0,0.513839
7002.0,80.0,0.509138
7002.0,81.0,0.521239
7002.0,82.0,0.516267
7002.0,83.0,0.532616
7002.0,84.0,0.411493
7002.0,85.0,0.501122
7002.0,86.0,0.496237
7002.0,87.0,0.576276
7002.0,88.0,0.525447
7002.0,89.0,0.54964
7002.0,90.0,0.430686
7002.0,91.0,0.483114
7002.0,92.0,0.508147
7002.0,93.0,0.452715
7002.0,94.0,0.501991
7002.0,95.0,0.511123
7002.0,96.0,0.474732
7002.0,97.0,0.50596
7002.0,98.0,0.559712
7002.0,99.0,0.471102
7002.0,100.0,0.464075
7002.0,101.0,0.535945
7002.0,102.0,0.525986
7002.0,103.0,0.393048
7002.0,104.0,0.538029
7002.0,105.0,0.492387
7002.0,106.0,0.497943
7002.0,107.0,0.459632
7002.0,108.0,0.521201
7002.0,109.0,0.54825
7002.0,110.0,0.450538
7002.0,111.0,0.469989
7002.0,112.0,0.423034
7002.0,113.0,0.488301
7002.0,114.0,0.471381
7002.0,115.0,0.538627
7002.0,116.0,0.514208
7002.0,117.0,0.474651
7002.0,118.0,0.543128
7002.0,119.0,0.486073
7002.0,120.0,0.598312
7002.0,121.0,0.464213
7002.0,122.0,0.40013
7002.0,123.0,0.59865
7002.0,124.0,0.422616
7002.0,125.0,0.478839
7002.0,126.0,0.51854
7003.0,0.0,0.485971
7003.0,1.0,0.422777
7003.0,2.0,0.505045
7003.0,3.0,0.493186
7003.0,4.0,0.451507
7003.0,5.0,0.502831
7003.0,6.0,0.450491
7003.0,7.0,0.544183
7003.0,8.0,0.45131
7003.0,9.0,0.460279
7003.0,10.0,0.487232
7003.0,11.0,0.432136
7003.0,12.0,0.496978
7003.0,13.0,0.549078
7003.0,14.0,0.502437
7003.0,15.0,0.510793
7003.0,16.0,0.521717
7003.0,17.0,0.558787
7003.0,18.0,0.557975
7003.0,19.0,0.432996
7003.0,20.0,0.483971
7003.0,21.0,0.475335
7003.0,22.0,0.474942
7003.0,23.0,0.494616
7003.0,24.0,0.471876
7003.0,25.0,0.547663
7003.0,26.0,0.456943
7003.0,27.0,0.453095
7003.0,28.0,0.489009
7003.0,29.0,0.456125
7003.0,30.0,0.477278
7003.0,31.0,0.501313
7003.0,32.0,0.45803
7003.0,33.0,0.463292
7003.0,34.0,0.469542
7003.0,35.0,0.392594
7003.0,36.0,0.466778
7003.0,37.0,0.481202
7003.0,38.0,0.499846
7003.0,39.0,0.467002
7003.0,40.0,0.514506
7003.0,41.0,0.560071
7003.0,42.0,0.491691
7003.0,43.0,0.502401
7003.0,44.0,0.465214
7003.0,45.0,0.548132
7003.0,46.0,0.510784
7003.0,47.0,0.491772
7003.0,48.0,0.478015
7003.0,49.0,0.485781
7003.0,50.0,0.597697
7003.0,51.0,0.504204
7003.0,52.0,0.542511
7003.0,53.0,0.552853
7003.0,54.0,0.407471
7003.0,55.0,0.586268
7003.0,56.0,0.460995
7003.0,57.0,0.485941
7003.0,58.0,0.494744
7003.0,59.0,0.471244
7003.0,60.0,0.55521
7003.0,61.0,0.487863
7003.0,62.0,0.486488
7003.0,63.0,0.592673
7003.0,64.0,0.539193
7003.0,65.0,0.482492
7003.0,66.0,0.509582
7003.0,67.0,0.457695
7003.0,68.0,0.482471
7003.0,69.0,0.481172
7003.0,70.0,0.473072
7003.0,71.0,0.459273
7003.0,72.0,0.538492
7003.0,73.0,0.523047
7003.0,74.0,0.520157
7003.0,75.0,0.43597
7003.0,76.0,0.443432
7003.0,77.0,0.487642
7003.0,78.0,0.498449
7003.0,79.0,0.51301
7003.0,80.0,0.508591
7003.0,81.0,0.521638
7003.0,82.0,0.516171
7003.0,83.0,0.53145
7003.0,84.0,0.411926
7003.0,85.0,0.500886
7003.0,86.0,0.496143
7003.0,87.0,0.57647
7003.0,88.0,0.525569
7003.0,89.0,0.549668
7003.0,90.0,0.430287
7003.0,91.0,0.482978
7003.0,92.0,0.508498
7003.0,93.0,0.452159
7003.0,94.0,0.501658
7003.0,95.0,0.510114
7003.0,96.0,0.474472
7003.0,97.0,0.505503
7003.0,98.0,0.559067
7003.0,99.0,0.470991
7003.0,100.0,0.464688
7003.0,101.0,0.535815
7003.0,102.0,0.526054
7003.0,103.0,0.392719
7003.0,104.0,0.53804
7003.0,105.0,0.492464
7003.0,106.0,0.497067
7003.0,107.0,0.459441
7003.0,108.0,0.521193
7003.0,109.0,0.548848
7003.0,110.0,0.450039
7003.0,111.0,0.46952
7003.0,112.0,0.423715
7003.0,113.0,0.487601
7003.0,114.0,0.471368
7003.0,115.0,0.538724
7003.0,116.0,0.513773
7003.0,117.0,0.475255
7003.0,118.0,0.542871
7003.0,119.0,0.486207
7003.0,120.0,0.597965
7003.0,121.0,0.464651
7003.0,122.0,0.400012
7003.0,123.0,0.599196
7003.0,124.0,0.422611
7003.0,125.0,0.47844
7003.0,126.0,0.518879
7004.0,0.0,0.485852
7004.0,1.0,0.422301
7004.0,2.0,0.505194
7004.0,3.0,0.493586
7004.0,4.0,0.451234
7004.0,5.0,0.503228
7004.0,6.0,0.450474
7004.0,7.0,0.544974
7004.0,8.0,0.451344
7004.0,9.0,0.460489
7004.0,10.0,0.48815
7004.0,11.0,0.431301
7004.0,12.0,0.497171
7004.0,13.0,0.549264
7004.0,14.0,0.502494
7004.0,15.0,0.511134
7004.0,16.0,0.521223
7004.0,17.0,0.557968
7004.0,18.0,0.558807
7004.0,19.0,0.433408
7004.0,20.0,0.48374
7004.0,21.0,0.474209
7004.0,22.0,0.475024
7004.0,23.0,0.495529
7004.0,24.0,0.47134
7004.0,25.0,0.547877
7004.0,26.0,0.456363
7004.0,27.0,0.452871
7004.0,28.0,0.488776
7004.0,29.0,0.456202
7004.0,30.0,0.476677
7004.0,31.0,0.501471
7004.0,32.0,0.459038
7004.0,33.0,0.464071
7004.0,34.0,0.46926
7004.0,35.0,0.392893
7004.0,36.0,0.466176
7004.0,37.0,0.480841
7004.0,38.0,0.499646
7004.0,39.0,0.467007
7004.0,40.0,0.514852
7004.0,41.0,0.560205
7004.0,42.0,0.490591
7004.0,43.0,0.502063
7004.0,44.0,0.466172
7004.0,45.0,0.548352
7004.0,46.0,0.510764
7004.0,47.0,0.491543
7004.0,48.0,0.478235
7004.0,49.0,0.48638
7004.0,50.0,0.597621
7004.0,51.0,0.504291
7004.0,52.0,0.542474
7004.0,53.0,0.552704
7004.0,54.0,0.407611
7004.0,55.0,0.586332
7004.0,56.0,0.460957
7004.0,57.0,0.485926
7004.0,58.0,0.494731
7004.0,59.0,0.471506
7004.0,60.0,0.555806
7004.0,61.0,0.487346
7004.0,62.0,0.486488
7004.0,63.0,0.592534
7004.0,64.0,0.538832
7004.0,65.0,0.482006
7004.0,66.0,0.509222
7004.0,67.0,0.457296
7004.0,68.0,0.482145
7004.0,69.0,0.480403
7004.0,70.0,0.472224
7004.0,71.0,0.458946
7004.0,72.0,0.538984
7004.0,73.0,0.523247
7004.0,74.0,0.520162
7004.0,75.0,0.436398
7004.0,76.0,0.443938
7004.0,77.0,0.488074
7004.0,78.0,0.498896
7004.0,79.0,0.513089
7004.0,80.0,0.508646
7004.0,81.0,0.522056
7004.0,82.0,0.516383
7004.0,83.0,0.530551
7004.0,84.0,0.412035
7004.0,85.0,0.501361
7004.0,86.0,0.495782
7004.0,87.0,0.576659
7004.0,88.0,0.525579
7004.0,89.0,0.54907
7004.0,90.0,0.430731
7004.0,91.0,0.482184
7004.0,92.0,0.508879
7004.0,93.0,0.452138
7004.0,94.0,0.502157
7004.0,95.0,0.509826
7004.0,96.0,0.474757
7004.0,97.0,0.505025
7004.0,98.0,0.559925
7004.0,99.0,0.470013
7004.0,100.0,0.464639
7004.0,101.0,0.535715
7004.0,102.0,0.525332
7004.0,103.0,0.39314
7004.0,104.0,0.53835
7004.0,105.0,0.492872
7004.0,106.0,0.497015
7004.0,107.0,0.459882
7004.0,108.0,0.520245
7004.0,109.0,0.549336
7004.0,110.0,0.450274
7004.0,111.0,0.469066
7004.0,112.0,0.423803
7004.0,113.0,0.48751
7004.0,114.0,0.471413
7004.0,115.0,0.539112
7004.0,116.0,0.514145
7004.0,117.0,0.475518
7004.0,118.0,0.542718
7004.0,119.0,0.485922
7004.0,120.0,0.59854
7004.0,121.0,0.464584
7004.0,122.0,0.40008
7004.0,123.0,0.599008
7004.0,124.0,0.422832
7004.0,125.0,0.478046
7004.0,126.0,0.518859
7005.0,0.0,0.485643
7005.0,1.0,0.42271
7005.0,2.0,0.505122
7005.0,3.0,0.493912
7005.0,4.0,0.451578
7005.0,5.0,0.50322
7005.0,6.0,0.450193
7005.0,7.0,0.545191
7005.0,8.0,0.451636
7005.0,9.0,0.459775
7005.0,10.0,0.486967
7005.0,11.0,0.431236
7005.0,12.0,0.497421
7005.0,13.0,0.548738
7005.0,14.0,0.50313
7005.0,15.0,0.511214
7005.0,16.0,0.521511
7005.0,17.0,0.557791
7005.0,18.0,0.559168
7005.0,19.0,0.433133
7005.0,20.0,0.483356
7005.0,21.0,0.474342
7005.0,22.0,0.475312
7005.0,23.0,0.49523
7005.0,24.0,0.471438
7005.0,25.0,0.547661
7005.0,26.0,0.456737
7005.0,27.0,0.452978
7005.0,28.0,0.488419
7005.0,29.0,0.456973
7005.0,30.0,0.476817
7005.0,31.0,0.50212
7005.0,32.0,0.458618
7005.0,33.0,0.464404
7005.0,34.0,0.469546
7005.0,35.0,0.39281
7005.0,36.0,0.46624
7005.0,37.0,0.48114
7005.0,38.0,0.500134
7005.0,39.0,0.466544
7005.0,40.0,0.515287
7005.0,41.0,0.560789
7005.0,42.0,0.491054
7005.0,43.0,0.502367
7005.0,44.0,0.466423
7005.0,45.0,0.548066
7005.0,46.0,0.511008
7005.0,47.0,0.492158
7005.0,48.0,0.479211
7005.0,49.0,0.487144
7005.0,50.0,0.597526
7005.0,51.0,0.504717
7005.0,52.0,0.541821
7005.0,53.0,0.551952
7005.0,54.0,0.40613
7005.0,55.0,0.585637
7005.0,56.0,0.461077
7005.0,57.0,0.486253
7005.0,58.0,0.495123
7005.0,59.0,0.47209
7005.0,60.0,0.554951
7005.0,61.0,0.487941
7005.0,62.0,0.487234
7005.0,63.0,0.592648
7005.0,64.0,0.538784
7005.0,65.0,0.481417
7005.0,66.0,0.509115
7005.0,67.0,0.45708
7005.0,68.0,0.481662
7005.0,69.0,0.479757
7005.0,70.0,0.47214
7005.0,71.0,0.459226
7005.0,72.0,0.538778
7005.0,73.0,0.522911
7005.0,74.0,0.520114
7005.0,75.0,0.436634
7005.0,76.0,0.443654
7005.0,77.0,0.487981
7005.0,78.0,0.498498
7005.0,79.0,0.513004
7005.0,80.0,0.508695
7005.0,81.0,0.522602
7005.0,82.0,0.516047
7005.0,83.0,0.529966
7005.0,84.0,0.41163
7005.0,85.0,0.501378
7005.0,86.0,0.495234
7005.0,87.0,0.576463
7005.0,88.0,0.526041
7005.0,89.0,0.548618
7005.0,90.0,0.43055
7005.0,91.0,0.481924
7005.0,92.0,0.507859
7005.0,93.0,0.452274
7005.0,94.0,0.502353
7005.0,95.0,0.509261
7005.0,96.0,0.474637
7005.0,97.0,0.505583
7005.0,98.0,0.559905
7005.0,99.0,0.469487
7005.0,100.0,0.465138
7005.0,101.0,0.535313
7005.0,102.0,0.524993
7005.0,103.0,0.392787
7005.0,104.0,0.538618
7005.0,105.0,0.492811
7005.0,106.0,0.497343
7005.0,107.0,0.459828
7005.0,108.0,0.520656
7005.0,109.0,0.548493
7005.0,110.0,0.451039
7005.0,111.0,0.46876
7005.0,112.0,0.42407
7005.0,113.0,0.488389
7005.0,114.0,0.470781
7005.0,115.0,0.539806
7005.0,116.0,0.514648
7005.0,117.0,0.474703
7005.0,118.0,0.543026
7005.0,119.0,0.485572
7005.0,120.0,0.597595
7005.0,121.0,0.465833
7005.0,122.0,0.40031
7005.0,123.0,0.598595
7005.0,124.0,0.422739
7005.0,125.0,0.477853
7005.0,126.0,0.519009
7006.0,0.0,0.486041
7006.0,1.0,0.422597
7006.0,2.0,0.505579
7006.0,3.0,0.494213
7006.0,4.0,0.451176
7006.0,5.0,0.503704
7006.0,6.0,0.450416
7006.0,7.0,0.545783
7006.0,8.0,0.451829
7006.0,9.0,0.460061
7006.0,10.0,0.486874
7006.0,11.0,0.430732
7006.0,12.0,0.497396
7006.0,13.0,0.549356
7006.0,14.0,0.503094
7006.0,15.0,0.511518
7006.0,16.0,0.5219
7006.0,17.0,0.557649
7006.0,18.0,0.559183
7006.0,19.0,0.433471
7006.0,20.0,0.48417
7006.0,21.0,0.474475
7006.0,22.0,0.475236
7006.0,23.0,0.494817
7006.0,24.0,0.471156
7006.0,25.0,0.54733
7006.0,26.0,0.456233
7006.0,27.0,0.452652
7006.0,28.0,0.487823
7006.0,29.0,0.457117
7006.0,30.0,0.477945
7006.0,31.0,0.501959
7006.0,32.0,0.458296
7006.0,33.0,0.465388
7006.0,34.0,0.47013
7006.0,35.0,0.393218
7006.0,36.0,0.466038
7006.0,37.0,0.481799
7006.0,38.0,0.499966
7006.0,39.0,0.46685
7006.0,40.0,0.514955
7006.0,41.0,0.561127
7006.0,42.0,0.491169
7006.0,43.0,0.502964
7006.0,44.0,0.465937
7006.0,45.0,0.547868
7006.0,46.0,0.510345
7006.0,47.0,0.491538
7006.0,48.0,0.478986
7006.0,49.0,0.486886
7006.0,50.0,0.597208
7006.0,51.0,0.504032
7006.0,52.0,0.542237
7006.0,53.0,0.552613
7006.0,54.0,0.406641
7006.0,55.0,0.585849
7006.0,56.0,0.460764
7006.0,57.0,0.486124
7006.0,58.0,0.495172
7006.0,59.0,0.473472
7006.0,60.0,0.554621
7006.0,61.0,0.487848
7006.0,62.0,0.487647
7006.0,63.0,0.592913
7006.0,64.0,0.53798
7006.0,65.0,0.481076
7006.0,66.0,0.509853
7006.0,67.0,0.456483
7006.0,68.0,0.481249
7006.0,69.0,0.479245
7006.0,70.0,0.472354
7006.0,71.0,0.460317
7006.0,72.0,0.539109
7006.0,73.0,0.522916
7006.0,74.0,0.519686
7006.0,75.0,0.436723
7006.0,76.0,0.443609
7006.0,77.0,0.487984
7006.0,78.0,0.498757
7006.0,79.0,0.512792
7006.0,80.0,0.509964
7006.0,81.0,0.523103
7006.0,82.0,0.516186
7006.0,83.0,0.530424
7006.0,84.0,0.41138
7006.0,85.0,0.50123
7006.0,86.0,0.494623
7006.0,87.0,0.57718
7006.0,88.0,0.525639
7006.0,89.0,0.549006
7006.0,90.0,0.431176
7006.0,91.0,0.482025
7006.0,92.0,0.507837
7006.0,93.0,0.452579
7006.0,94.0,0.502153
7006.0,95.0,0.509926
7006.0,96.0,0.474123
7006.0,97.0,0.505011
7006.0,98.0,0.559493
7006.0,99.0,0.469928
7006.0,100.0,0.465209
7006.0,101.0,0.535612
7006.0,102.0,0.525159
7006.0,103.0,0.392833
7006.0,104.0,0.538423
7006.0,105.0,0.493511
7006.0,106.0,0.497023
7006.0,107.0,0.459491
7006.0,108.0,0.521832
7006.0,109.0,0.549117
7006.0,110.0,0.450533
7006.0,111.0,0.469355
7006.0,112.0,0.424751
7006.0,113.0,0.488869
7006.0,114.0,0.471159
7006.0,115.0,0.539865
7006.0,116.0,0.514345
7006.0,117.0,0.474051
7006.0,118.0,0.542556
7006.0,119.0,0.485419
7006.0,120.0,0.597373
7006.0,121.0,0.465803
7006.0,122.0,0.400176
7006.0,123.0,0.597803
7006.0,124.0,0.422915
7006.0,125.0,0.478192
7006.0,126.0,0.519172
7007.0,0.0,0.486115
7007.0,1.0,0.422933
7007.0,2.0,0.505696
7007.0,3.0,0.494184
7007.0,4.0,0.45065
7007.0,5.0,0.504231
7007.0,6.0,0.451524
7007.0,7.0,0.545551
7007.0,8.0,0.452472
7007.0,9.0,0.460492
7007.0,10.0,0.486848
7007.0,11.0,0.430677
7007.0,12.0,0.496945
7007.0,13.0,0.548661
7007.0,14.0,0.502536
7007.0,15.0,0.510776
7007.0,16.0,0.52297
7007.0,17.0,0.557698
7007.0,18.0,0.558862
7007.0,19.0,0.433471
7007.0,20.0,0.484321
7007.0,21.0,0.473581
7007.0,22.0,0.47549
7007.0,23.0,0.495342
7007.0,24.0,0.471027
7007.0,25.0,0.547814
7007.0,26.0,0.456634
7007.0,27.0,0.453637
7007.0,28.0,0.487936
7007.0,29.0,0.457114
7007.0,30.0,0.476943
7007.0,31.0,0.502463
7007.0,32.0,0.458642
7007.0,33.0,0.465252
7007.0,34.0,0.469774
7007.0,35.0,0.393425
7007.0,36.0,0.467313
7007.0,37.0,0.48224
7007.0,38.0,0.500139
7007.0,39.0,0.46685
7007.0,40.0,0.514884
7007.0,41.0,0.561378
7007.0,42.0,0.490576
7007.0,43.0,0.503721
7007.0,44.0,0.465341
7007.0,45.0,0.547457
7007.0,46.0,0.510465
7007.0,47.0,0.49172
7007.0,48.0,0.479888
7007.0,49.0,0.486444
7007.0,50.0,0.596774
7007.0,51.0,0.504043
7007.0,52.0,0.542019
7007.0,53.0,0.55205
7007.0,54.0,0.40621
7007.0,55.0,0.586496
7007.0,56.0,0.460481
7007.0,57.0,0.486524
7007.0,58.0,0.495238
7007.0,59.0,0.473877
7007.0,60.0,0.554178
7007.0,61.0,0.487859
7007.0,62.0,0.487145
7007.0,63.0,0.592738
7007.0,64.0,0.538291
7007.0,65.0,0.481499
7007.0,66.0,0.509672
7007.0,67.0,0.45676
7007.0,68.0,0.48163
7007.0,69.0,0.479337
7007.0,70.0,0.472404
7007.0,71.0,0.460144
7007.0,72.0,0.539534
7007.0,73.0,0.52229
7007.0,74.0,0.519283
7007.0,75.0,0.436943
7007.0,76.0,0.443481
7007.0,77.0,0.488089
7007.0,78.0,0.498254
7007.0,79.0,0.513016
7007.0,80.0,0.509983
7007.0,81.0,0.523143
7007.0,82.0,0.516466
7007.0,83.0,0.530441
7007.0,84.0,0.411831
7007.0,85.0,0.500871
7007.0,86.0,0.495197
7007.0,87.0,0.576813
7007.0,88.0,0.525399
7007.0,89.0,0.548178
7007.0,90.0,0.431342
7007.0,91.0,0.481682
7007.0,92.0,0.508333
7007.0,93.0,0.452976
7007.0,94.0,0.501506
7007.0,95.0,0.510092
7007.0,96.0,0.473967
7007.0,97.0,0.504617
7007.0,98.0,0.559537
7007.0,99.0,0.469208
7007.0,100.0,0.464778
7007.0,101.0,0.534947
7007.0,102.0,0.525494
7007.0,103.0,0.392232
7007.0,104.0,0.539175
7007.0,105.0,0.493349
7007.0,106.0,0.49661
7007.0,107.0,0.460015
7007.0,108.0,0.52098
7007.0,109.0,0.550062
7007.0,110.0,0.450068
7007.0,111.0,0.46964
7007.0,112.0,0.424777
7007.0,113.0,0.48875
7007.0,114.0,0.471801
7007.0,115.0,0.540356
7007.0,116.0,0.514027
7007.0,117.0,0.474042
7007.0,118.0,0.542055
7007.0,119.0,0.485104
7007.0,120.0,0.597762
7007.0,121.0,0.466112
7007.0,122.0,0.400255
7007.0,123.0,0.598469
7007.0,124.0,0.422392
7007.0,125.0,0.478695
7007.0,126.0,0.519183
7008.0,0.0,0.485719
7008.0,1.0,0.422837
7008.0,2.0,0.505898
7008.0,3.0,0.493946
7008.0,4.0,0.451163
7008.0,5.0,0.504307
7008.0,6.0,0.451825
7008.0,7.0,0.54488
7008.0,8.0,0.453826
7008.0,9.0,0.459727
7008.0,10.0,0.487021
7008.0,11.0,0.4306
7008.0,12.0,0.496561
7008.0,13.0,0.548742
7008.0,14.0,0.502881
7008.0,15.0,0.509947
7008.0,16.0,0.523397
7008.0,17.0,0.558218
7008.0,18.0,0.558466
7008.0,19.0,0.434482
7008.0,20.0,0.485091
7008.0,21.0,0.475177
7008.0,22.0,0.476568
7008.0,23.0,0.495028
7008.0,24.0,0.470805
7008.0,25.0,0.547706
7008.0,26.0,0.456738
7008.0,27.0,0.454014
7008.0,28.0,0.488154
7008.0,29.0,0.45674
7008.0,30.0,0.475761
7008.0,31.0,0.502855
7008.0,32.0,0.457693
7008.0,33.0,0.465501
7008.0,34.0,0.470039
7008.0,35.0,0.394016
7008.0,36.0,0.468108
7008.0,37.0,0.481656
7008.0,38.0,0.499416
7008.0,39.0,0.466992
7008.0,40.0,0.514964
7008.0,41.0,0.56129
7008.0,42.0,0.490802
7008.0,43.0,0.503071
7008.0,44.0,0.46584
7008.0,45.0,0.547458
7008.0,46.0,0.510788
7008.0,47.0,0.492206
7008.0,48.0,0.480165
7008.0,49.0,0.486827
7008.0,50.0,0.59707
7008.0,51.0,0.503541
7008.0,52.0,0.542737
7008.0,53.0,0.552001
7008.0,54.0,0.407248
7008.0,55.0,0.58669
7008.0,56.0,0.459311
7008.0,57.0,0.486154
7008.0,58.0,0.495464
7008.0,59.0,0.474228
7008.0,60.0,0.55424
7008.0,61.0,0.487992
7008.0,62.0,0.487144
7008.0,63.0,0.593088
7008.0,64.0,0.538687
7008.0,65.0,0.481619
7008.0,66.0,0.50994
7008.0,67.0,0.457459
7008.0,68.0,0.481101
7008.0,69.0,0.479898
7008.0,70.0,0.47225
7008.0,71.0,0.460254
7008.0,72.0,0.539253
7008.0,73.0,0.523005
7008.0,74.0,0.519812
7008.0,75.0,0.437012
7008.0,76.0,0.443993
7008.0,77.0,0.488153
7008.0,78.0,0.499233
7008.0,79.0,0.51226
7008.0,80.0,0.510041
7008.0,81.0,0.52326
7008.0,82.0,0.517123
7008.0,83.0,0.530567
7008.0,84.0,0.410967
7008.0,85.0,0.501108
7008.0,86.0,0.494659
7008.0,87.0,0.576274
7008.0,88.0,0.525394
7008.0,89.0,0.54878
7008.0,90.0,0.431773
7008.0,91.0,0.482084
7008.0,92.0,0.508762
7008.0,93.0,0.453339
7008.0,94.0,0.501574
7008.0,95.0,0.509832
7008.0,96.0,0.473916
7008.0,97.0,0.504808
7008.0,98.0,0.560059
7008.0,99.0,0.469968
7008.0,100.0,0.465585
7008.0,101.0,0.534339
7008.0,102.0,0.525372
7008.0,103.0,0.391396
7008.0,104.0,0.539147
7008.0,105.0,0.493622
7008.0,106.0,0.496185
7008.0,107.0,0.459401
7008.0,108.0,0.52159
7008.0,109.0,0.550828
7008.0,110.0,0.451092
7008.0,111.0,0.469197
7008.0,112.0,0.424846
7008.0,113.0,0.4892
7008.0,114.0,0.47173
7008.0,115.0,0.540226
7008.0,116.0,0.514832
7008.0,117.0,0.473665
7008.0,118.0,0.541966
7008.0,119.0,0.48479
7008.0,120.0,0.597662
7008.0,121.0,0.466385
7008.0,122.0,0.400573
7008.0,123.0,0.598437
7008.0,124.0,0.422451
7008.0,125.0,0.478577
7008.0,126.0,0.519397
7009.0,0.0,0.485867
7009.0,1.0,0.422639
7009.0,2.0,0.505779
7009.0,3.0,0.494143
7009.0,4.0,0.451519
7009.0,5.0,0.504353
7009.0,6.0,0.451932
7009.0,7.0,0.544552
7009.0,8.0,0.454422
7009.0,9.0,0.45934
7009.0,10.0,0.486222
7009.0,11.0,0.429851
7009.0,12.0,0.496027
7009.0,13.0,0.549626
7009.0,14.0,0.502316
7009.0,15.0,0.509895
7009.0,16.0,0.522233
7009.0,17.0,0.557961
7009.0,18.0,0.558688
7009.0,19.0,0.434906
7009.0,20.0,0.485346
7009.0,21.0,0.474976
7009.0,22.0,0.477064
7009.0,23.0,0.49563
7009.0,24.0,0.470768
7009.0,25.0,0.547635
7009.0,26.0,0.456793
7009.0,27.0,0.454558
7009.0,28.0,0.488638
7009.0,29.0,0.456792
7009.0,30.0,0.475382
7009.0,31.0,0.503343
7009.0,32.0,0.458071
7009.0,33.0,0.464982
7009.0,34.0,0.469213
7009.0,35.0,0.394408
7009.0,36.0,0.46783
7009.0,37.0,0.480736
7009.0,38.0,0.499835
7009.0,39.0,0.467092
7009.0,40.0,0.514505
7009.0,41.0,0.560573
7009.0,42.0,0.490669
7009.0,43.0,0.503914
7009.0,44.0,0.465251
7009.0,45.0,0.547778
7009.0,46.0,0.510668
7009.0,47.0,0.49174
7009.0,48.0,0.480902
7009.0,49.0,0.486462
7009.0,50.0,0.59768
7009.0,51.0,0.503944
7009.0,52.0,0.542652
7009.0,53.0,0.552278
7009.0,54.0,0.405974
7009.0,55.0,0.586447
7009.0,56.0,0.460103
7009.0,57.0,0.486441
7009.0,58.0,0.494999
7009.0,59.0,0.474444
7009.0,60.0,0.554468
7009.0,61.0,0.488284
7009.0,62.0,0.487941
7009.0,63.0,0.593014
7009.0,64.0,0.539232
7009.0,65.0,0.482232
7009.0,66.0,0.509689
7009.0,67.0,0.456898
7009.0,68.0,0.481791
7009.0,69.0,0.479773
7009.0,70.0,0.471274
7009.0,71.0,0.459911
7009.0,72.0,0.539832
7009.0,73.0,0.523079
7009.0,74.0,0.520129
7009.0,75.0,0.437267
7009.0,76.0,0.443322
7009.0,77.0,0.488014
7009.0,78.0,0.499052
7009.0,79.0,0.512108
7009.0,80.0,0.509697
7009.0,81.0,0.523108
7009.0,82.0,0.516473
7009.0,83.0,0.530128
7009.0,84.0,0.412055
7009.0,85.0,0.501228
7009.0,86.0,0.495084
7009.0,87.0,0.576646
7009.0,88.0,0.525093
7009.0,89.0,0.549055
7009.0,90.0,0.432135
7009.0,91.0,0.481329
7009.0,92.0,0.508234
7009.0,93.0,0.453585
7009.0,94.0,0.501135
7009.0,95.0,0.509938
7009.0,96.0,0.474204
7009.0,97.0,0.505868
7009.0,98.0,0.560379
7009.0,99.0,0.470176
7009.0,100.0,0.465712
7009.0,101.0,0.533753
7009.0,102.0,0.525045
7009.0,103.0,0.391495
7009.0,104.0,0.539253
7009.0,105.0,0.493747
7009.0,106.0,0.49527
7009.0,107.0,0.459404
7009.0,108.0,0.521531
7009.0,109.0,0.551111
7009.0,110.0,0.45123
7009.0,111.0,0.469014
7009.0,112.0,0.425497
7009.0,113.0,0.48915
7009.0,114.0,0.471041
7009.0,115.0,0.539866
7009.0,116.0,0.515225
7009.0,117.0,0.473225
7009.0,118.0,0.541457
7009.0,119.0,0.483908
7009.0,120.0,0.597799
7009.0,121.0,0.466517
7009.0,122.0,0.400744
7009.0,123.0,0.597936
7009.0,124.0,0.422898
7009.0,125.0,0.478164
7009.0,126.0,0.519598
7010.0,0.0,0.486276
7010.0,1.0,0.422127
7010.0,2.0,0.505639
7010.0,3.0,0.494165
7010.0,4.0,0.451358
7010.0,5.0,0.504903
7010.0,6.0,0.45152
7010.0,7.0,0.544641
7010.0,8.0,0.454948
7010.0,9.0,0.459186
7010.0,10.0,0.486124
7010.0,11.0,0.429558
7010.0,12.0,0.495905
7010.0,13.0,0.54995
7010.0,14.0,0.502258
7010.0,15.0,0.51006
7010.0,16.0,0.5218
7010.0,17.0,0.55868
7010.0,18.0,0.55935
7010.0,19.0,0.435427
7010.0,20.0,0.485375
7010.0,21.0,0.474375
7010.0,22.0,0.477043
7010.0,23.0,0.494906
7010.0,24.0,0.47117
7010.0,25.0,0.547551
7010.0,26.0,0.456384
7010.0,27.0,0.454433
7010.0,28.0,0.489163
7010.0,29.0,0.457546
7010.0,30.0,0.475342
7010.0,31.0,0.502709
7010.0,32.0,0.458359
7010.0,33.0,0.464884
7010.0,34.0,0.469278
7010.0,35.0,0.395079
7010.0,36.0,0.468837
7010.0,37.0,0.481551
7010.0,38.0,0.500501
7010.0,39.0,0.467548
7010.0,40.0,0.514693
7010.0,41.0,0.560556
7010.0,42.0,0.490741
7010.0,43.0,0.503947
7010.0,44.0,0.464975
7010.0,45.0,0.548119
7010.0,46.0,0.510934
7010.0,47.0,0.49227
7010.0,48.0,0.480672
7010.0,49.0,0.486853
7010.0,50.0,0.596877
7010.0,51.0,0.503906
7010.0,52.0,0.542962
7010.0,53.0,0.552282
7010.0,54.0,0.405879
7010.0,55.0,0.58579
7010.0,56.0,0.459873
7010.0,57.0,0.486953
7010.0,58.0,0.494406
7010.0,59.0,0.474842
7010.0,60.0,0.553797
7010.0,61.0,0.488809
7010.0,62.0,0.486761
7010.0,63.0,0.593063
7010.0,64.0,0.539402
7010.0,65.0,0.482426
7010.0,66.0,0.509688
7010.0,67.0,0.456302
7010.0,68.0,0.481756
7010.0,69.0,0.480067
7010.0,70.0,0.470283
7010.0,71.0,0.460478
7010.0,72.0,0.539693
7010.0,73.0,0.523321
7010.0,74.0,0.520071
7010.0,75.0,0.436869
7010.0,76.0,0.44356
7010.0,77.0,0.488326
7010.0,78.0,0.499742
7010.0,79.0,0.51127
7010.0,80.0,0.509408
7010.0,81.0,0.522533
7010.0,82.0,0.516514
7010.0,83.0,0.529584
7010.0,84.0,0.412004
7010.0,85.0,0.501272
7010.0,86.0,0.495176
7010.0,87.0,0.575915
7010.0,88.0,0.525126
7010.0,89.0,0.54881
7010.0,90.0,0.432336
7010.0,91.0,0.480791
7010.0,92.0,0.507826
7010.0,93.0,0.453272
7010.0,94.0,0.50049
7010.0,95.0,0.510289
7010.0,96.0,0.475037
7010.0,97.0,0.505762
7010.0,98.0,0.561342
7010.0,99.0,0.470354
7010.0,100.0,0.465304
7010.0,101.0,0.533898
7010.0,102.0,0.524586
7010.0,103.0,0.391791
7010.0,104.0,0.539083
7010.0,105.0,0.493204
7010.0,106.0,0.494766
7010.0,107.0,0.459357
7010.0,108.0,0.521302
7010.0,109.0,0.550937
7010.0,110.0,0.450736
7010.0,111.0,0.469046
7010.0,112.0,0.424905
7010.0,113.0,0.488938
7010.0,114.0,0.471233
7010.0,115.0,0.539642
7010.0,116.0,0.515177
7010.0,117.0,0.472619
7010.0,118.0,0.541449
7010.0,119.0,0.484049
7010.0,120.0,0.597391
7010.0,121.0,0.466301
7010.0,122.0,0.401354
7010.0,123.0,0.598732
7010.0,124.0,0.422864
7010.0,125.0,0.477625
7010.0,126.0,0.518925
8000.0,0.0,0.472143
8000.0,1.0,0.443701
8000.0,2.0,0.48374
8000.0,3.0,0.502346
8000.0,4.0,0.452367
8000.0,5.0,0.499028
8000.0,6.0,0.456684
8000.0,7.0,0.542818
8000.0,8.0,0.484371
8000.0,9.0,0.467556
8000.0,10.0,0.481037
8000.0,11.0,0.421695
8000.0,12.0,0.49592
8000.0,13.0,0.542489
8000.0,14.0,0.493348
8000.0,15.0,0.501886
8000.0,16.0,0.51606
8000.0,17.0,0.566756
8000.0,18.0,0.569777
8000.0,19.0,0.430675
8000.0,20.0,0.448428
8000.0,21.0,0.472055
8000.0,22.0,0.469216
8000.0,23.0,0.514194
8000.0,24.0,0.479855
8000.0,25.0,0.53355
8000.0,26.0,0.456995
8000.0,27.0,0.460192
8000.0,28.0,0.506199
8000.0,29.0,0.463962
8000.0,30.0,0.481313
8000.0,31.0,0.511863
8000.0,32.0,0.487804
8000.0,33.0,0.446928
8000.0,34.0,0.473049
8000.0,35.0,0.386739
8000.0,36.0,0.449969
8000.0,37.0,0.457975
8000.0,38.0,0.472564
8000.0,39.0,0.461559
8000.0,40.0,0.541887
8000.0,41.0,0.566568
8000.0,42.0,0.501462
8000.0,43.0,0.495296
8000.0,44.0,0.483001
8000.0,45.0,0.53418
8000.0,46.0,0.497336
8000.0,47.0,0.500517
8000.0,48.0,0.453831
8000.0,49.0,0.509138
8000.0,50.0,0.624797
8000.0,51.0,0.491007
8000.0,52.0,0.567924
8000.0,53.0,0.568311
8000.0,54.0,0.380144
8000.0,55.0,0.627055
8000.0,56.0,0.462914
8000.0,57.0,0.473343
8000.0,58.0,0.503966
8000.0,59.0,0.459087
8000.0,60.0,0.562568
8000.0,61.0,0.504474
8000.0,62.0,0.488365
8000.0,63.0,0.595708
8000.0,64.0,0.521264
8000.0,65.0,0.494731
8000.0,66.0,0.506306
8000.0,67.0,0.461404
8000.0,68.0,0.462628
8000.0,69.0,0.44514
8000.0,70.0,0.42763
8000.0,71.0,0.490419
8000.0,72.0,0.530729
8000.0,73.0,0.543935
8000.0,74.0,0.524317
8000.0,75.0,0.474718
8000.0,76.0,0.420804
8000.0,77.0,0.47972
8000.0,78.0,0.537858
8000.0,79.0,0.511718
8000.0,80.0,0.480078
8000.0,81.0,0.506086
8000.0,82.0,0.529924
8000.0,83.0,0.505072
8000.0,84.0,0.399308
8000.0,85.0,0.493193
8000.0,86.0,0.500816
8000.0,87.0,0.587751
8000.0,88.0,0.498971
8000.0,89.0,0.541963
8000.0,90.0,0.443562
8000.0,91.0,0.491446
8000.0,92.0,0.523712
8000.0,93.0,0.47142
8000.0,94.0,0.485864
8000.0,95.0,0.511728
8000.0,96.0,0.475255
8000.0,97.0,0.495756
8000.0,98.0,0.564766
8000.0,99.0,0.484175
8000.0,100.0,0.466769
8000.0,101.0,0.526683
8000.0,102.0,0.509166
8000.0,103.0,0.378181
8000.0,104.0,0.536947
8000.0,105.0,0.501347
8000.0,106.0,0.516269
8000.0,107.0,0.472567
8000.0,108.0,0.520698
8000.0,109.0,0.55609
8000.0,110.0,0.442071
8000.0,111.0,0.457712
8000.0,112.0,0.411326
8000.0,113.0,0.481764
8000.0,114.0,0.467497
8000.0,115.0,0.558758
8000.0,116.0,0.505481
8000.0,117.0,0.477637
8000.0,118.0,0.535732
8000.0,119.0,0.519903
8000.0,120.0,0.582793
8000.0,121.0,0.47259
8000.0,122.0,0.377579
8000.0,123.0,0.599748
8000.0,124.0,0.39595
8000.0,125.0,0.489175
8000.0,126.0,0.528743
8001.0,0.0,0.471909
8001.0,1.0,0.443714
8001.0,2.0,0.483363
8001.0,3.0,0.502245
8001.0,4.0,0.451689
8001.0,5.0,0.49917
8001.0,6.0,0.455862
8001.0,7.0,0.542462
8001.0,8.0,0.484084
8001.0,9.0,0.467399
8001.0,10.0,0.480984
8001.0,11.0,0.4216
8001.0,12.0,0.496295
8001.0,13.0,0.542703
8001.0,14.0,0.492918
8001.0,15.0,0.501722
8001.0,16.0,0.516352
8001.0,17.0,0.566198
8001.0,18.0,0.570209
8001.0,19.0,0.430543
8001.0,20.0,0.448677
8001.0,21.0,0.471662
8001.0,22.0,0.468876
8001.0,23.0,0.51428
8001.0,24.0,0.479945
8001.0,25.0,0.533962
8001.0,26.0,0.457482
8001.0,27.0,0.460382
8001.0,28.0,0.505967
8001.0,29.0,0.463804
8001.0,30.0,0.481219
8001.0,31.0,0.51283
8001.0,32.0,0.487492
8001.0,33.0,0.447424
8001.0,34.0,0.472811
8001.0,35.0,0.386548
8001.0,36.0,0.449668
8001.0,37.0,0.458555
8001.0,38.0,0.471238
8001.0,39.0,0.461907
8001.0,40.0,0.541723
8001.0,41.0,0.566387
8001.0,42.0,0.501776
8001.0,43.0,0.495155
8001.0,44.0,0.483694
8001.0,45.0,0.534723
8001.0,46.0,0.496905
8001.0,47.0,0.501432
8001.0,48.0,0.453659
8001.0,49.0,0.509611
8001.0,50.0,0.625407
8001.0,51.0,0.491031
8001.0,52.0,0.567794
8001.0,53.0,0.56824
8001.0,54.0,0.380377
8001.0,55.0,0.627533
8001.0,56.0,0.463351
8001.0,57.0,0.472945
8001.0,58.0,0.504199
8001.0,59.0,0.459332
8001.0,60.0,0.56315
8001.0,61.0,0.504077
8001.0,62.0,0.488403
8001.0,63.0,0.595455
8001.0,64.0,0.521273
8001.0,65.0,0.494686
8001.0,66.0,0.50622
8001.0,67.0,0.4619
8001.0,68.0,0.46274
8001.0,69.0,0.444379
8001.0,70.0,0.426472
8001.0,71.0,0.489904
8001.0,72.0,0.529721
8001.0,73.0,0.544173
8001.0,74.0,0.524464
8001.0,75.0,0.474922
8001.0,76.0,0.420884
8001.0,77.0,0.480791
8001.0,78.0,0.538244
8001.0,79.0,0.511988
8001.0,80.0,0.480452
8001.0,81.0,0.506279
8001.0,82.0,0.529047
8001.0,83.0,0.505135
8001.0,84.0,0.398637
8001.0,85.0,0.494023
8001.0,86.0,0.500583
8001.0,87.0,0.587361
8001.0,88.0,0.498678
8001.0,89.0,0.542508
8001.0,90.0,0.444225
8001.0,91.0,0.491719
8001.0,92.0,0.523638
8001.0,93.0,0.471505
8001.0,94.0,0.485178
8001.0,95.0,0.511708
8001.0,96.0,0.475202
8001.0,97.0,0.495329
8001.0,98.0,0.564231
8001.0,99.0,0.483949
8001.0,100.0,0.466874
8001.0,101.0,0.526544
8001.0,102.0,0.50917
8001.0,103.0,0.378177
8001.0,104.0,0.537326
8001.0,105.0,0.502352
8001.0,106.0,0.516365
8001.0,107.0,0.472377
8001.0,108.0,0.520918
8001.0,109.0,0.557029
8001.0,110.0,0.442199
8001.0,111.0,0.457123
8001.0,112.0,0.411565
8001.0,113.0,0.481934
8001.0,114.0,0.467697
8001.0,115.0,0.557656
8001.0,116.0,0.506084
8001.0,117.0,0.476942
8001.0,118.0,0.535388
8001.0,119.0,0.519431
8001.0,120.0,0.582244
8001.0,121.0,0.47283
8001.0,122.0,0.378433
8001.0,123.0,0.600225
8001.0,124.0,0.395847
8001.0,125.0,0.488835
8001.0,126.0,0.528437
8002.0,0.0,0.471255
8002.0,1.0,0.443376
8002.0,2.0,0.483147
8002.0,3.0,0.50116
8002.0,4.0,0.452245
8002.0,5.0,0.499577
8002.0,6.0,0.455344
8002.0,7.0,0.542737
8002.0,8.0,0.484819
8002.0,9.0,0.466385
8002.0,10.0,0.481099
8002.0,11.0,0.422209
8002.0,12.0,0.495872
8002.0,13.0,0.541368
8002.0,14.0,0.49202
8002.0,15.0,0.502046
8002.0,16.0,0.516532
8002.0,17.0,0.565571
8002.0,18.0,0.57035
8002.0,19.0,0.429809
8002.0,20.0,0.448929
8002.0,21.0,0.472771
8002.0,22.0,0.468709
8002.0,23.0,0.513665
8002.0,24.0,0.479661
8002.0,25.0,0.532746
8002.0,26.0,0.457564
8002.0,27.0,0.460614
8002.0,28.0,0.505637
8002.0,29.0,0.463524
8002.0,30.0,0.480284
8002.0,31.0,0.511996
8002.0,32.0,0.488074
8002.0,33.0,0.447233
8002.0,34.0,0.473014
8002.0,35.0,0.386416
8002.0,36.0,0.450316
8002.0,37.0,0.459139
8002.0,38.0,0.471486
8002.0,39.0,0.462465
8002.0,40.0,0.541001
8002.0,41.0,0.566101
8002.0,42.0,0.502344
8002.0,43.0,0.496045
8002.0,44.0,0.483919
8002.0,45.0,0.535536
8002.0,46.0,0.497226
8002.0,47.0,0.501522
8002.0,48.0,0.453275
8002.0,49.0,0.508749
8002.0,50.0,0.625402
8002.0,51.0,0.49087
8002.0,52.0,0.567263
8002.0,53.0,0.568083
8002.0,54.0,0.380831
8002.0,55.0,0.627969
8002.0,56.0,0.463099
8002.0,57.0,0.472526
8002.0,58.0,0.504437
8002.0,59.0,0.459477
8002.0,60.0,0.56305
8002.0,61.0,0.503944
8002.0,62.0,0.488188
8002.0,63.0,0.596026
8002.0,64.0,0.521308
8002.0,65.0,0.494045
8002.0,66.0,0.505412
8002.0,67.0,0.461477
8002.0,68.0,0.462804
8002.0,69.0,0.44382
8002.0,70.0,0.426767
8002.0,71.0,0.490285
8002.0,72.0,0.530336
8002.0,73.0,0.544449
8002.0,74.0,0.523682
8002.0,75.0,0.474798
8002.0,76.0,0.420316
8002.0,77.0,0.480511
8002.0,78.0,0.538068
8002.0,79.0,0.511874
8002.0,80.0,0.480811
8002.0,81.0,0.506708
8002.0,82.0,0.528557
8002.0,83.0,0.505506
8002.0,84.0,0.398702
8002.0,85.0,0.49528
8002.0,86.0,0.500437
8002.0,87.0,0.58734
8002.0,88.0,0.498342
8002.0,89.0,0.5419
8002.0,90.0,0.445142
8002.0,91.0,0.493211
8002.0,92.0,0.52296
8002.0,93.0,0.471807
8002.0,94.0,0.486177
8002.0,95.0,0.510474
8002.0,96.0,0.474388
8002.0,97.0,0.494457
8002.0,98.0,0.564273
8002.0,99.0,0.483527
8002.0,100.0,0.467633
8002.0,101.0,0.527609
8002.0,102.0,0.509787
8002.0,103.0,0.378778
8002.0,104.0,0.537355
8002.0,105.0,0.501409
8002.0,106.0,0.517046
8002.0,107.0,0.472703
8002.0,108.0,0.520705
8002.0,109.0,0.557232
8002.0,110.0,0.442209
8002.0,111.0,0.458188
8002.0,112.0,0.411501
8002.0,113.0,0.481946
8002.0,114.0,0.467855
8002.0,115.0,0.557865
8002.0,116.0,0.505246
8002.0,117.0,0.476914
8002.0,118.0,0.535593
8002.0,119.0,0.520324
8002.0,120.0,0.582111
8002.0,121.0,0.472284
8002.0,122.0,0.378259
8002.0,123.0,0.600393
8002.0,124.0,0.39559
8002.0,125.0,0.489441
8002.0,126.0,0.52858
8003.0,0.0,0.471718
8003.0,1.0,0.443711
8003.0,2.0,0.482202
8003.0,3.0,0.501708
8003.0,4.0,0.452638
8003.0,5.0,0.499762
8003.0,6.0,0.455096
8003.0,7.0,0.542175
8003.0,8.0,0.485151
8003.0,9.0,0.466973
8003.0,10.0,0.481073
8003.0,11.0,0.422654
8003.0,12.0,0.494367
8003.0,13.0,0.540952
8003.0,14.0,0.491988
8003.0,15.0,0.502889
8003.0,16.0,0.515636
8003.0,17.0,0.56597
8003.0,18.0,0.570744
8003.0,19.0,0.429477
8003.0,20.0,0.447737
8003.0,21.0,0.472474
8003.0,22.0,0.468228
8003.0,23.0,0.513413
8003.0,24.0,0.479808
8003.0,25.0,0.532139
8003.0,26.0,0.45704
8003.0,27.0,0.460992
8003.0,28.0,0.50577
8003.0,29.0,0.464294
8003.0,30.0,0.48026
8003.0,31.0,0.511504
8003.0,32.0,0.488525
8003.0,33.0,0.447049
8003.0,34.0,0.472224
8003.0,35.0,0.386431
8003.0,36.0,0.451009
8003.0,37.0,0.45895
8003.0,38.0,0.471129
8003.0,39.0,0.462974
8003.0,40.0,0.540488
8003.0,41.0,0.566288
8003.0,42.0,0.502427
8003.0,43.0,0.495476
8003.0,44.0,0.484305
8003.0,45.0,0.536003
8003.0,46.0,0.496922
8003.0,47.0,0.501441
8003.0,48.0,0.453242
8003.0,49.0,0.508497
8003.0,50.0,0.624684
8003.0,51.0,0.491354
8003.0,52.0,0.567104
8003.0,53.0,0.568053
8003.0,54.0,0.380231
8003.0,55.0,0.628422
8003.0,56.0,0.462906
8003.0,57.0,0.473566
8003.0,58.0,0.5048
8003.0,59.0,0.459276
8003.0,60.0,0.562854
8003.0,61.0,0.50474
8003.0,62.0,0.487722
8003.0,63.0,0.597058
8003.0,64.0,0.520543
8003.0,65.0,0.494415
8003.0,66.0,0.505536
8003.0,67.0,0.461729
8003.0,68.0,0.463014
8003.0,69.0,0.443033
8003.0,70.0,0.426732
8003.0,71.0,0.490193
8003.0,72.0,0.530197
8003.0,73.0,0.543399
8003.0,74.0,0.524064
8003.0,75.0,0.474383
8003.0,76.0,0.420398
8003.0,77.0,0.479988
8003.0,78.0,0.537604
8003.0,79.0,0.511071
8003.0,80.0,0.480854
8003.0,81.0,0.506551
8003.0,82.0,0.529313
8003.0,83.0,0.506535
8003.0,84.0,0.399136
8003.0,85.0,0.494996
8003.0,86.0,0.500618
8003.0,87.0,0.587421
8003.0,88.0,0.498934
8003.0,89.0,0.541599
8003.0,90.0,0.444139
8003.0,91.0,0.493769
8003.0,92.0,0.522423
8003.0,93.0,0.472391
8003.0,94.0,0.485174
8003.0,95.0,0.51071
8003.0,96.0,0.474377
8003.0,97.0,0.494127
8003.0,98.0,0.565017
8003.0,99.0,0.483339
8003.0,100.0,0.467556
8003.0,101.0,0.527598
8003.0,102.0,0.510526
8003.0,103.0,0.378413
8003.0,104.0,0.536901
8003.0,105.0,0.500721
8003.0,106.0,0.515896
8003.0,107.0,0.473019
8003.0,108.0,0.521266
8003.0,109.0,0.557455
8003.0,110.0,0.442093
8003.0,111.0,0.458375
8003.0,112.0,0.411034
8003.0,113.0,0.48133
8003.0,114.0,0.467416
8003.0,115.0,0.55828
8003.0,116.0,0.50635
8003.0,117.0,0.476832
8003.0,118.0,0.535661
8003.0,119.0,0.521111
8003.0,120.0,0.582347
8003.0,121.0,0.471148
8003.0,122.0,0.378355
8003.0,123.0,0.600453
8003.0,124.0,0.394836
8003.0,125.0,0.488546
8003.0,126.0,0.528042
8004.0,0.0,0.471535
8004.0,1.0,0.443621
8004.0,2.0,0.482179
8004.0,3.0,0.500749
8004.0,4.0,0.452911
8004.0,5.0,0.499739
8004.0,6.0,0.455002
8004.0,7.0,0.543048
8004.0,8.0,0.484655
8004.0,9.0,0.466512
8004.0,10.0,0.480864
8004.0,11.0,0.422336
8004.0,12.0,0.494063
8004.0,13.0,0.541191
8004.0,14.0,0.491597
8004.0,15.0,0.503258
8004.0,16.0,0.515684
8004.0,17.0,0.566125
8004.0,18.0,0.570816
8004.0,19.0,0.428937
8004.0,20.0,0.447015
8004.0,21.0,0.471665
8004.0,22.0,0.467966
8004.0,23.0,0.513335
8004.0,24.0,0.479157
8004.0,25.0,0.532573
8004.0,26.0,0.456516
8004.0,27.0,0.461402
8004.0,28.0,0.505998
8004.0,29.0,0.464401
8004.0,30.0,0.48011
8004.0,31.0,0.511491
8004.0,32.0,0.488363
8004.0,33.0,0.447121
8004.0,34.0,0.471476
8004.0,35.0,0.386081
8004.0,36.0,0.451401
8004.0,37.0,0.459124
8004.0,38.0,0.470829
8004.0,39.0,0.463395
8004.0,40.0,0.540028
8004.0,41.0,0.56682
8004.0,42.0,0.503188
8004.0,43.0,0.494854
8004.0,44.0,0.483683
8004.0,45.0,0.534657
8004.0,46.0,0.496315
8004.0,47.0,0.502251
8004.0,48.0,0.453721
8004.0,49.0,0.509145
8004.0,50.0,0.624896
8004.0,51.0,0.490621
8004.0,52.0,0.566932
8004.0,53.0,0.567889
8004.0,54.0,0.379789
8004.0,55.0,0.627831
8004.0,56.0,0.463899
8004.0,57.0,0.473343
8004.0,58.0,0.504878
8004.0,59.0,0.45894
8004.0,60.0,0.562972
8004.0,61.0,0.504771
8004.0,62.0,0.487217
8004.0,63.0,0.596949
8004.0,64.0,0.521007
8004.0,65.0,0.494737
8004.0,66.0,0.505696
8004.0,67.0,0.46229
8004.0,68.0,0.463572
8004.0,69.0,0.443483
8004.0,70.0,0.426382
8004.0,71.0,0.489474
8004.0,72.0,0.530259
8004.0,73.0,0.543655
8004.0,74.0,0.523846
8004.0,75.0,0.473912
8004.0,76.0,0.420326
8004.0,77.0,0.480229
8004.0,78.0,0.537594
8004.0,79.0,0.510799
8004.0,80.0,0.48181
8004.0,81.0,0.507272
8004.0,82.0,0.529506
8004.0,83.0,0.507025
8004.0,84.0,0.399529
8004.0,85.0,0.495707
8004.0,86.0,0.500482
8004.0,87.0,0.587065
8004.0,88.0,0.499091
8004.0,89.0,0.541941
8004.0,90.0,0.444769
8004.0,91.0,0.49348
8004.0,92.0,0.522587
8004.0,93.0,0.472543
8004.0,94.0,0.484444
8004.0,95.0,0.509541
8004.0,96.0,0.474454
8004.0,97.0,0.494413
8004.0,98.0,0.56515
8004.0,99.0,0.483275
8004.0,100.0,0.466613
8004.0,101.0,0.527777
8004.0,102.0,0.509895
8004.0,103.0,0.378945
8004.0,104.0,0.536523
8004.0,105.0,0.500923
8004.0,106.0,0.515657
8004.0,107.0,0.472769
8004.0,108.0,0.521574
8004.0,109.0,0.557375
8004.0,110.0,0.442279
8004.0,111.0,0.457024
8004.0,112.0,0.410901
8004.0,113.0,0.481295
8004.0,114.0,0.467539
8004.0,115.0,0.558228
8004.0,116.0,0.505676
8004.0,117.0,0.477252
8004.0,118.0,0.535734
8004.0,119.0,0.520624
8004.0,120.0,0.581913
8004.0,121.0,0.470472
8004.0,122.0,0.377392
8004.0,123.0,0.600289
8004.0,124.0,0.395465
8004.0,125.0,0.488887
8004.0,126.0,0.527929
8005.0,0.0,0.470981
8005.0,1.0,0.443785
8005.0,2.0,0.482262
8005.0,3.0,0.501522
8005.0,4.0,0.453229
8005.0,5.0,0.499092
8005.0,6.0,0.454467
8005.0,7.0,0.54402
8005.0,8.0,0.484544
8005.0,9.0,0.466056
8005.0,10.0,0.480479
8005.0,11.0,0.422333
8005.0,12.0,0.4941
8005.0,13.0,0.540811
8005.0,14.0,0.49099
8005.0,15.0,0.50356
8005.0,16.0,0.515168
8005.0,17.0,0.566397
8005.0,18.0,0.57082
8005.0,19.0,0.428971
8005.0,20.0,0.447418
8005.0,21.0,0.470742
8005.0,22.0,0.468249
8005.0,23.0,0.513342
8005.0,24.0,0.478515
8005.0,25.0,0.532303
8005.0,26.0,0.456863
8005.0,27.0,0.461418
8005.0,28.0,0.505565
8005.0,29.0,0.463974
8005.0,30.0,0.48083
8005.0,31.0,0.511576
8005.0,32.0,0.488263
8005.0,33.0,0.447568
8005.0,34.0,0.471536
8005.0,35.0,0.386468
8005.0,36.0,0.451113
8005.0,37.0,0.459343
8005.0,38.0,0.47124
8005.0,39.0,0.462304
8005.0,40.0,0.539902
8005.0,41.0,0.566838
8005.0,42.0,0.504234
8005.0,43.0,0.494721
8005.0,44.0,0.484016
8005.0,45.0,0.534668
8005.0,46.0,0.495561
8005.0,47.0,0.502535
8005.0,48.0,0.453701
8005.0,49.0,0.509232
8005.0,50.0,0.624702
8005.0,51.0,0.490657
8005.0,52.0,0.566682
8005.0,53.0,0.567189
8005.0,54.0,0.38002
8005.0,55.0,0.627551
8005.0,56.0,0.463291
8005.0,57.0,0.472868
8005.0,58.0,0.504707
8005.0,59.0,0.459651
8005.0,60.0,0.563202
8005.0,61.0,0.504574
8005.0,62.0,0.487336
8005.0,63.0,0.597373
8005.0,64.0,0.520844
8005.0,65.0,0.495158
8005.0,66.0,0.506108
8005.0,67.0,0.461947
8005.0,68.0,0.463474
8005.0,69.0,0.443848
8005.0,70.0,0.425739
8005.0,71.0,0.489218
8005.0,72.0,0.530692
8005.0,73.0,0.543751
8005.0,74.0,0.523354
8005.0,75.0,0.474805
8005.0,76.0,0.420277
8005.0,77.0,0.48011
8005.0,78.0,0.5381
8005.0,79.0,0.51071
8005.0,80.0,0.481541
8005.0,81.0,0.506922
8005.0,82.0,0.52999
8005.0,83.0,0.506023
8005.0,84.0,0.399034
8005.0,85.0,0.494941
8005.0,86.0,0.500739
8005.0,87.0,0.586543
8005.0,88.0,0.499923
8005.0,89.0,0.541256
8005.0,90.0,0.445635
8005.0,91.0,0.492233
8005.0,92.0,0.522767
8005.0,93.0,0.472631
8005.0,94.0,0.484166
8005.0,95.0,0.510559
8005.0,96.0,0.474295
8005.0,97.0,0.494956
8005.0,98.0,0.565221
8005.0,99.0,0.483496
8005.0,100.0,0.466632
8005.0,101.0,0.528368
8005.0,102.0,0.510614
8005.0,103.0,0.378604
8005.0,104.0,0.536692
8005.0,105.0,0.501445
8005.0,106.0,0.51584
8005.0,107.0,0.472651
8005.0,108.0,0.521567
8005.0,109.0,0.556783
8005.0,110.0,0.441843
8005.0,111.0,0.457635
8005.0,112.0,0.411098
8005.0,113.0,0.48077
8005.0,114.0,0.467779
8005.0,115.0,0.558298
8005.0,116.0,0.505244
8005.0,117.0,0.477221
8005.0,118.0,0.535742
8005.0,119.0,0.52097
8005.0,120.0,0.582243
8005.0,121.0,0.470361
8005.0,122.0,0.378014
8005.0,123.0,0.600509
8005.0,124.0,0.395643
8005.0,125.0,0.489278
8005.0,126.0,0.527693
8006.0,0.0,0.470969
8006.0,1.0,0.443232
8006.0,2.0,0.482134
8006.0,3.0,0.500738
8006.0,4.0,0.453027
8006.0,5.0,0.499265
8006.0,6.0,0.454456
8006.0,7.0,0.543843
8006.0,8.0,0.484723
8006.0,9.0,0.465579
8006.0,10.0,0.480444
8006.0,11.0,0.422215
8006.0,12.0,0.49548
8006.0,13.0,0.541217
8006.0,14.0,0.490789
8006.0,15.0,0.503631
8006.0,16.0,0.514229
8006.0,17.0,0.567392
8006.0,18.0,0.570402
8006.0,19.0,0.428842
8006.0,20.0,0.44742
8006.0,21.0,0.47091
8006.0,22.0,0.467934
8006.0,23.0,0.513696
8006.0,24.0,0.478219
8006.0,25.0,0.532896
8006.0,26.0,0.456158
8006.0,27.0,0.461122
8006.0,28.0,0.506382
8006.0,29.0,0.46411
8006.0,30.0,0.47976
8006.0,31.0,0.511993
8006.0,32.0,0.488699
8006.0,33.0,0.447523
8006.0,34.0,0.471229
8006.0,35.0,0.386651
8006.0,36.0,0.451064
8006.0,37.0,0.459076
8006.0,38.0,0.47139
8006.0,39.0,0.46225
8006.0,40.0,0.540521
8006.0,41.0,0.567123
8006.0,42.0,0.503672
8006.0,43.0,0.495293
8006.0,44.0,0.485109
8006.0,45.0,0.534199
8006.0,46.0,0.495464
8006.0,47.0,0.502779
8006.0,48.0,0.453674
8006.0,49.0,0.508736
8006.0,50.0,0.624329
8006.0,51.0,0.490134
8006.0,52.0,0.565862
8006.0,53.0,0.56743
8006.0,54.0,0.379353
8006.0,55.0,0.628504
8006.0,56.0,0.463413
8006.0,57.0,0.473568
8006.0,58.0,0.503873
8006.0,59.0,0.460139
8006.0,60.0,0.562677
8006.0,61.0,0.504751
8006.0,62.0,0.486432
8006.0,63.0,0.597761
8006.0,64.0,0.521136
8006.0,65.0,0.495169
8006.0,66.0,0.506241
8006.0,67.0,0.461928
8006.0,68.0,0.463234
8006.0,69.0,0.444247
8006.0,70.0,0.426705
8006.0,71.0,0.488266
8006.0,72.0,0.530461
8006.0,73.0,0.544433
8006.0,74.0,0.524458
8006.0,75.0,0.474396
8006.0,76.0,0.420836
8006.0,77.0,0.480422
8006.0,78.0,0.537159
8006.0,79.0,0.509938
8006.0,80.0,0.482223
8006.0,81.0,0.507124
8006.0,82.0,0.530489
8006.0,83.0,0.505891
8006.0,84.0,0.398572
8006.0,85.0,0.494439
8006.0,86.0,0.500515
8006.0,87.0,0.586522
8006.0,88.0,0.499877
8006.0,89.0,0.541996
8006.0,90.0,0.445657
8006.0,91.0,0.492343
8006.0,92.0,0.52302
8006.0,93.0,0.47363
8006.0,94.0,0.484482
8006.0,95.0,0.510911
8006.0,96.0,0.473847
8006.0,97.0,0.495052
8006.0,98.0,0.56561
8006.0,99.0,0.483036
8006.0,100.0,0.466655
8006.0,101.0,0.5283
8006.0,102.0,0.510813
8006.0,103.0,0.378193
8006.0,104.0,0.537184
8006.0,105.0,0.500913
8006.0,106.0,0.516083
8006.0,107.0,0.47202
8006.0,108.0,0.52108
8006.0,109.0,0.556695
8006.0,110.0,0.441494
8006.0,111.0,0.457901
8006.0,112.0,0.410687
8006.0,113.0,0.480265
8006.0,114.0,0.467852
8006.0,115.0,0.558377
8006.0,116.0,0.505804
8006.0,117.0,0.476849
8006.0,118.0,0.535092
8006.0,119.0,0.519994
8006.0,120.0,0.583051
8006.0,121.0,0.470251
8006.0,122.0,0.377773
8006.0,123.0,0.601092
8006.0,124.0,0.395972
8006.0,125.0,0.489081
8006.0,126.0,0.527413
8007.0,0.0,0.470518
8007.0,1.0,0.443595
8007.0,2.0,0.482088
8007.0,3.0,0.500391
8007.0,4.0,0.452319
8007.0,5.0,0.499575
8007.0,6.0,0.454242
8007.0,7.0,0.543785
8007.0,8.0,0.484671
8007.0,9.0,0.465545
8007.0,10.0,0.48027
8007.0,11.0,0.421901
8007.0,12.0,0.495509
8007.0,13.0,0.541092
8007.0,14.0,0.490869
8007.0,15.0,0.502603
8007.0,16.0,0.513688
8007.0,17.0,0.567612
8007.0,18.0,0.570762
8007.0,19.0,0.428413
8007.0,20.0,0.447726
8007.0,21.0,0.469936
8007.0,22.0,0.467876
8007.0,23.0,0.514125
8007.0,24.0,0.478286
8007.0,25.0,0.532821
8007.0,26.0,0.456007
8007.0,27.0,0.462038
8007.0,28.0,0.506095
8007.0,29.0,0.463812
8007.0,30.0,0.480248
8007.0,31.0,0.511923
8007.0,32.0,0.488156
8007.0,33.0,0.447499
8007.0,34.0,0.471383
8007.0,35.0,0.386771
8007.0,36.0,0.450365
8007.0,37.0,0.459825
8007.0,38.0,0.471945
8007.0,39.0,0.462193
8007.0,40.0,0.540616
8007.0,41.0,0.567326
8007.0,42.0,0.503221
8007.0,43.0,0.49589
8007.0,44.0,0.485124
8007.0,45.0,0.533989
8007.0,46.0,0.494855
8007.0,47.0,0.503159
8007.0,48.0,0.453728
8007.0,49.0,0.509409
8007.0,50.0,0.623795
8007.0,51.0,0.490081
8007.0,52.0,0.565605
8007.0,53.0,0.567253
8007.0,54.0,0.379369
8007.0,55.0,0.628436
8007.0,56.0,0.463634
8007.0,57.0,0.473919
8007.0,58.0,0.504054
8007.0,59.0,0.459242
8007.0,60.0,0.56264
8007.0,61.0,0.504402
8007.0,62.0,0.485815
8007.0,63.0,0.598197
8007.0,64.0,0.521758
8007.0,65.0,0.494929
8007.0,66.0,0.505604
8007.0,67.0,0.462444
8007.0,68.0,0.463223
8007.0,69.0,0.444659
8007.0,70.0,0.426519
8007.0,71.0,0.488933
8007.0,72.0,0.53064
8007.0,73.0,0.544221
8007.0,74.0,0.524502
8007.0,75.0,0.474585
8007.0,76.0,0.420956
8007.0,77.0,0.480174
8007.0,78.0,0.536857
8007.0,79.0,0.50989
8007.0,80.0,0.481761
8007.0,81.0,0.507132
8007.0,82.0,0.530032
8007.0,83.0,0.504284
8007.0,84.0,0.399751
8007.0,85.0,0.494787
8007.0,86.0,0.499912
8007.0,87.0,0.58645
8007.0,88.0,0.49987
8007.0,89.0,0.541576
8007.0,90.0,0.445614
8007.0,91.0,0.492093
8007.0,92.0,0.524059
8007.0,93.0,0.473498
8007.0,94.0,0.483739
8007.0,95.0,0.510839
8007.0,96.0,0.47302
8007.0,97.0,0.494972
8007.0,98.0,0.566074
8007.0,99.0,0.483063
8007.0,100.0,0.467311
8007.0,101.0,0.528654
8007.0,102.0,0.510289
8007.0,103.0,0.37765
8007.0,104.0,0.536733
8007.0,105.0,0.502444
8007.0,106.0,0.51662
8007.0,107.0,0.472079
8007.0,108.0,0.521263
8007.0,109.0,0.556456
8007.0,110.0,0.441138
8007.0,111.0,0.45773
8007.0,112.0,0.409979
8007.0,113.0,0.479355
8007.0,114.0,0.468407
8007.0,115.0,0.557625
8007.0,116.0,0.506281
8007.0,117.0,0.476923
8007.0,118.0,0.534948
8007.0,119.0,0.519784
8007.0,120.0,0.58265
8007.0,121.0,0.469544
8007.0,122.0,0.377544
8007.0,123.0,0.601759
8007.0,124.0,0.396143
8007.0,125.0,0.488848
8007.0,126.0,0.528058
8008.0,0.0,0.47052
8008.0,1.0,0.444314
8008.0,2.0,0.482108
8008.0,3.0,0.50059
8008.0,4.0,0.452436
8008.0,5.0,0.500007
8008.0,6.0,0.454381
8008.0,7.0,0.54329
8008.0,8.0,0.484383
8008.0,9.0,0.465156
8008.0,10.0,0.480095
8008.0,11.0,0.422434
8008.0,12.0,0.494885
8008.0,13.0,0.540556
8008.0,14.0,0.491383
8008.0,15.0,0.502916
8008.0,16.0,0.513877
8008.0,17.0,0.567636
8008.0,18.0,0.570859
8008.0,19.0,0.429022
8008.0,20.0,0.448574
8008.0,21.0,0.469853
8008.0,22.0,0.468345
8008.0,23.0,0.514239
8008.0,24.0,0.478008
8008.0,25.0,0.53283
8008.0,26.0,0.456364
8008.0,27.0,0.460833
8008.0,28.0,0.506199
8008.0,29.0,0.463877
8008.0,30.0,0.480278
8008.0,31.0,0.512313
8008.0,32.0,0.488003
8008.0,33.0,0.446865
8008.0,34.0,0.47119
8008.0,35.0,0.386913
8008.0,36.0,0.449468
8008.0,37.0,0.458823
8008.0,38.0,0.47208
8008.0,39.0,0.462159
8008.0,40.0,0.540554
8008.0,41.0,0.567677
8008.0,42.0,0.502865
8008.0,43.0,0.495592
8008.0,44.0,0.485057
8008.0,45.0,0.534024
8008.0,46.0,0.495119
8008.0,47.0,0.503767
8008.0,48.0,0.454403
8008.0,49.0,0.509678
8008.0,50.0,0.623438
8008.0,51.0,0.490323
8008.0,52.0,0.565556
8008.0,53.0,0.566932
8008.0,54.0,0.37909
8008.0,55.0,0.628445
8008.0,56.0,0.463528
8008.0,57.0,0.474175
8008.0,58.0,0.505017
8008.0,59.0,0.459107
8008.0,60.0,0.562475
8008.0,61.0,0.505112
8008.0,62.0,0.484745
8008.0,63.0,0.599178
8008.0,64.0,0.522642
8008.0,65.0,0.495158
8008.0,66.0,0.505472
8008.0,67.0,0.463076
8008.0,68.0,0.462028
8008.0,69.0,0.444798
8008.0,70.0,0.427067
8008.0,71.0,0.490193
8008.0,72.0,0.531209
8008.0,73.0,0.543711
8008.0,74.0,0.52531
8008.0,75.0,0.474784
8008.0,76.0,0.420787
8008.0,77.0,0.479373
8008.0,78.0,0.536873
8008.0,79.0,0.50989
8008.0,80.0,0.482033
8008.0,81.0,0.506378
8008.0,82.0,0.52984
8008.0,83.0,0.504389
8008.0,84.0,0.399609
8008.0,85.0,0.495004
8008.0,86.0,0.499961
8008.0,87.0,0.586672
8008.0,88.0,0.500605
8008.0,89.0,0.540629
8008.0,90.0,0.445147
8008.0,91.0,0.491883
8008.0,92.0,0.523944
8008.0,93.0,0.473853
8008.0,94.0,0.483711
8008.0,95.0,0.510262
8008.0,96.0,0.473353
8008.0,97.0,0.493769
8008.0,98.0,0.565987
8008.0,99.0,0.483167
8008.0,100.0,0.467091
8008.0,101.0,0.529271
8008.0,102.0,0.510343
8008.0,103.0,0.378391
8008.0,104.0,0.536888
8008.0,105.0,0.502033
8008.0,106.0,0.516817
8008.0,107.0,0.472206
8008.0,108.0,0.522062
8008.0,109.0,0.557147
8008.0,110.0,0.441272
8008.0,111.0,0.458475
8008.0,112.0,0.409798
8008.0,113.0,0.479804
8008.0,114.0,0.46709
8008.0,115.0,0.557649
8008.0,116.0,0.506256
8008.0,117.0,0.476148
8008.0,118.0,0.535135
8008.0,119.0,0.520514
8008.0,120.0,0.581901
8008.0,121.0,0.469853
8008.0,122.0,0.37858
8008.0,123.0,0.602998
8008.0,124.0,0.396232
8008.0,125.0,0.489591
8008.0,126.0,0.527502
8009.0,0.0,0.469819
8009.0,1.0,0.444061
8009.0,2.0,0.482159
8009.0,3.0,0.500369
8009.0,4.0,0.452601
8009.0,5.0,0.500398
8009.0,6.0,0.454365
8009.0,7.0,0.543358
8009.0,8.0,0.484762
8009.0,9.0,0.465752
8009.0,10.0,0.480106
8009.0,11.0,0.422722
8009.0,12.0,0.49416
8009.0,13.0,0.540556
8009.0,14.0,0.491552
8009.0,15.0,0.502652
8009.0,16.0,0.514294
8009.0,17.0,0.567382
8009.0,18.0,0.570767
8009.0,19.0,0.428193
8009.0,20.0,0.448145
8009.0,21.0,0.469931
8009.0,22.0,0.46871
8009.0,23.0,0.513764
8009.0,24.0,0.477538
8009.0,25.0,0.533586
8009.0,26.0,0.456195
8009.0,27.0,0.461154
8009.0,28.0,0.506206
8009.0,29.0,0.464171
8009.0,30.0,0.480643
8009.0,31.0,0.513023
8009.0,32.0,0.487744
8009.0,33.0,0.446945
8009.0,34.0,0.4716
8009.0,35.0,0.387681
8009.0,36.0,0.449055
8009.0,37.0,0.458621
8009.0,38.0,0.472116
8009.0,39.0,0.461807
8009.0,40.0,0.540384
8009.0,41.0,0.568639
8009.0,42.0,0.50329
8009.0,43.0,0.495525
8009.0,44.0,0.486075
8009.0,45.0,0.533406
8009.0,46.0,0.495835
8009.0,47.0,0.503388
8009.0,48.0,0.454096
8009.0,49.0,0.510131
8009.0,50.0,0.623561
8009.0,51.0,0.490227
8009.0,52.0,0.565458
8009.0,53.0,0.567306
8009.0,54.0,0.378653
8009.0,55.0,0.628636
8009.0,56.0,0.464246
8009.0,57.0,0.473776
8009.0,58.0,0.505206
8009.0,59.0,0.458583
8009.0,60.0,0.561816
8009.0,61.0,0.504706
8009.0,62.0,0.484367
8009.0,63.0,0.599704
8009.0,64.0,0.522353
8009.0,65.0,0.495441
8009.0,66.0,0.505286
8009.0,67.0,0.463897
8009.0,68.0,0.461968
8009.0,69.0,0.445535
8009.0,70.0,0.42777
8009.0,71.0,0.489904
8009.0,72.0,0.530429
8009.0,73.0,0.54327
8009.0,74.0,0.52563
8009.0,75.0,0.474565
8009.0,76.0,0.420733
8009.0,77.0,0.479331
8009.0,78.0,0.537294
8009.0,79.0,0.509787
8009.0,80.0,0.482717
8009.0,81.0,0.507004
8009.0,82.0,0.530177
8009.0,83.0,0.504554
8009.0,84.0,0.399127
8009.0,85.0,0.494334
8009.0,86.0,0.500685
8009.0,87.0,0.586983
8009.0,88.0,0.50071
8009.0,89.0,0.539992
8009.0,90.0,0.445991
8009.0,91.0,0.490611
8009.0,92.0,0.5232
8009.0,93.0,0.473994
8009.0,94.0,0.483687
8009.0,95.0,0.50959
8009.0,96.0,0.473366
8009.0,97.0,0.493761
8009.0,98.0,0.566107
8009.0,99.0,0.482543
8009.0,100.0,0.467025
8009.0,101.0,0.529321
8009.0,102.0,0.509311
8009.0,103.0,0.377594
8009.0,104.0,0.537116
8009.0,105.0,0.502168
8009.0,106.0,0.516963
8009.0,107.0,0.472195
8009.0,108.0,0.521752
8009.0,109.0,0.557608
8009.0,110.0,0.440604
8009.0,111.0,0.458434
8009.0,112.0,0.409636
8009.0,113.0,0.479104
8009.0,114.0,0.466916
8009.0,115.0,0.558102
8009.0,116.0,0.505755
8009.0,117.0,0.475007
8009.0,118.0,0.53518
8009.0,119.0,0.520858
8009.0,120.0,0.582192
8009.0,121.0,0.470152
8009.0,122.0,0.378672
8009.0,123.0,0.602951
8009.0,124.0,0.396708
8009.0,125.0,0.489347
8009.0,126.0,0.527718
8010.0,0.0,0.469864
8010.0,1.0,0.444251
8010.0,2.0,0.48191
8010.0,3.0,0.500723
8010.0,4.0,0.452554
8010.0,5.0,0.499543
8010.0,6.0,0.454201
8010.0,7.0,0.543626
8010.0,8.0,0.484914
8010.0,9.0,0.465285
8010.0,10.0,0.480523
8010.0,11.0,0.422974
8010.0,12.0,0.494065
8010.0,13.0,0.539834
8010.0,14.0,0.491649
8010.0,15.0,0.501349
8010.0,16.0,0.513862
8010.0,17.0,0.567495
8010.0,18.0,0.570332
8010.0,19.0,0.428313
8010.0,20.0,0.448498
8010.0,21.0,0.470733
8010.0,22.0,0.469309
8010.0,23.0,0.513399
8010.0,24.0,0.477444
8010.0,25.0,0.533641
8010.0,26.0,0.455397
8010.0,27.0,0.460509
8010.0,28.0,0.505606
8010.0,29.0,0.465
8010.0,30.0,0.480647
8010.0,31.0,0.512932
8010.0,32.0,0.488156
8010.0,33.0,0.446919
8010.0,34.0,0.471935
8010.0,35.0,0.388276
8010.0,36.0,0.448924
8010.0,37.0,0.458216
8010.0,38.0,0.472668
8010.0,39.0,0.46225
8010.0,40.0,0.541003
8010.0,41.0,0.568779
8010.0,42.0,0.502757
8010.0,43.0,0.495131
8010.0,44.0,0.486604
8010.0,45.0,0.533311
8010.0,46.0,0.495766
8010.0,47.0,0.50333
8010.0,48.0,0.453945
8010.0,49.0,0.510505
8010.0,50.0,0.622771
8010.0,51.0,0.490791
8010.0,52.0,0.565352
8010.0,53.0,0.56776
8010.0,54.0,0.378375
8010.0,55.0,0.627733
8010.0,56.0,0.464222
8010.0,57.0,0.474081
8010.0,58.0,0.505952
8010.0,59.0,0.458671
8010.0,60.0,0.560838
8010.0,61.0,0.50476
8010.0,62.0,0.485114
8010.0,63.0,0.599122
8010.0,64.0,0.523847
8010.0,65.0,0.496375
8010.0,66.0,0.504905
8010.0,67.0,0.465296
8010.0,68.0,0.461267
8010.0,69.0,0.445754
8010.0,70.0,0.427999
8010.0,71.0,0.490119
8010.0,72.0,0.530573
8010.0,73.0,0.543613
8010.0,74.0,0.526238
8010.0,75.0,0.47456
8010.0,76.0,0.420703
8010.0,77.0,0.479574
8010.0,78.0,0.537154
8010.0,79.0,0.50951
8010.0,80.0,0.482463
8010.0,81.0,0.50692
8010.0,82.0,0.529383
8010.0,83.0,0.504289
8010.0,84.0,0.399269
8010.0,85.0,0.493888
8010.0,86.0,0.500824
8010.0,87.0,0.586177
8010.0,88.0,0.500617
8010.0,89.0,0.540188
8010.0,90.0,0.445912
8010.0,91.0,0.490619
8010.0,92.0,0.523139
8010.0,93.0,0.473458
8010.0,94.0,0.483538
8010.0,95.0,0.510629
8010.0,96.0,0.472865
8010.0,97.0,0.493747
8010.0,98.0,0.565815
8010.0,99.0,0.481696
8010.0,100.0,0.466469
8010.0,101.0,0.529452
8010.0,102.0,0.509326
8010.0,103.0,0.378048
8010.0,104.0,0.536719
8010.0,105.0,0.502419
8010.0,106.0,0.517064
8010.0,107.0,0.472564
8010.0,108.0,0.521809
8010.0,109.0,0.557324
8010.0,110.0,0.440387
8010.0,111.0,0.458798
8010.0,112.0,0.409747
8010.0,113.0,0.479745
8010.0,114.0,0.467116
8010.0,115.0,0.557815
8010.0,116.0,0.504752
8010.0,117.0,0.474368
8010.0,118.0,0.534674
8010.0,119.0,0.520872
8010.0,120.0,0.582839
8010.0,121.0,0.470298
8010.0,122.0,0.379269
8010.0,123.0,0.603211
8010.0,124.0,0.39648
8010.0,125.0,0.489088
8010.0,126.0,0.52809
9000.0,0.0,0.472457
9000.0,1.0,0.418252
9000.0,2.0,0.472497
9000.0,3.0,0.48218
9000.0,4.0,0.425073
9000.0,5.0,0.498932
9000.0,6.0,0.451577
9000.0,7.0,0.569088
9000.0,8.0,0.495806
9000.0,9.0,0.433187
9000.0,10.0,0.494058
9000.0,11.0,0.435606
9000.0,12.0,0.466054
9000.0,13.0,0.53127
9000.0,14.0,0.504974
9000.0,15.0,0.476651
9000.0,16.0,0.527827
9000.0,17.0,0.561636
9000.0,18.0,0.567927
9000.0,19.0,0.415688
9000.0,20.0,0.448563
9000.0,21.0,0.463909
9000.0,22.0,0.424993
9000.0,23.0,0.541606
9000.0,24.0,0.456539
9000.0,25.0,0.544216
9000.0,26.0,0.462214
9000.0,27.0,0.455866
9000.0,28.0,0.506887
9000.0,29.0,0.44536
9000.0,30.0,0.475735
9000.0,31.0,0.503323
9000.0,32.0,0.506797
9000.0,33.0,0.429932
9000.0,34.0,0.457846
9000.0,35.0,0.39881
9000.0,36.0,0.429324
9000.0,37.0,0.486122
9000.0,38.0,0.491641
9000.0,39.0,0.473091
9000.0,40.0,0.519847
9000.0,41.0,0.549203
9000.0,42.0,0.499226
9000.0,43.0,0.487273
9000.0,44.0,0.503146
9000.0,45.0,0.54477
9000.0,46.0,0.489923
9000.0,47.0,0.491692
9000.0,48.0,0.451103
9000.0,49.0,0.524436
9000.0,50.0,0.633041
9000.0,51.0,0.528079
9000.0,52.0,0.576935
9000.0,53.0,0.55129
9000.0,54.0,0.388273
9000.0,55.0,0.633971
9000.0,56.0,0.491312
9000.0,57.0,0.50635
9000.0,58.0,0.501999
9000.0,59.0,0.474085
9000.0,60.0,0.545156
9000.0,61.0,0.482108
9000.0,62.0,0.463451
9000.0,63.0,0.614466
9000.0,64.0,0.555326
9000.0,65.0,0.495266
9000.0,66.0,0.49506
9000.0,67.0,0.475285
9000.0,68.0,0.471715
9000.0,69.0,0.448065
9000.0,70.0,0.424336
9000.0,71.0,0.504411
9000.0,72.0,0.505833
9000.0,73.0,0.547329
9000.0,74.0,0.512197
9000.0,75.0,0.454056
9000.0,76.0,0.415057
9000.0,77.0,0.478266
9000.0,78.0,0.536793
9000.0,79.0,0.496698
9000.0,80.0,0.488148
9000.0,81.0,0.523363
9000.0,82.0,0.518506
9000.0,83.0,0.506676
9000.0,84.0,0.401875
9000.0,85.0,0.506619
9000.0,86.0,0.500753
9000.0,87.0,0.568608
9000.0,88.0,0.50073
9000.0,89.0,0.557298
9000.0,90.0,0.441092
9000.0,91.0,0.484555
9000.0,92.0,0.518971
9000.0,93.0,0.484938
9000.0,94.0,0.473038
9000.0,95.0,0.516457
9000.0,96.0,0.473379
9000.0,97.0,0.512611
9000.0,98.0,0.555343
9000.0,99.0,0.48536
9000.0,100.0,0.464915
9000.0,101.0,0.546295
9000.0,102.0,0.529195
9000.0,103.0,0.377456
9000.0,104.0,0.516553
9000.0,105.0,0.49599
9000.0,106.0,0.488418
9000.0,107.0,0.482544
9000.0,108.0,0.502598
9000.0,109.0,0.54661
9000.0,110.0,0.480347
9000.0,111.0,0.466975
9000.0,112.0,0.38561
9000.0,113.0,0.474643
9000.0,114.0,0.453252
9000.0,115.0,0.555285
9000.0,116.0,0.530216
9000.0,117.0,0.459841
9000.0,118.0,0.540622
9000.0,119.0,0.503274
9000.0,120.0,0.579528
9000.0,121.0,0.462246
9000.0,122.0,0.381215
9000.0,123.0,0.620629
9000.0,124.0,0.396115
9000.0,125.0,0.465997
9000.0,126.0,0.531956
9001.0,0.0,0.472714
9001.0,1.0,0.418511
9001.0,2.0,0.472578
9001.0,3.0,0.481042
9001.0,4.0,0.424622
9001.0,5.0,0.499111
9001.0,6.0,0.45182
9001.0,7.0,0.569818
9001.0,8.0,0.49619
9001.0,9.0,0.432636
9001.0,10.0,0.493918
9001.0,11.0,0.436045
9001.0,12.0,0.46588
9001.0,13.0,0.531821
9001.0,14.0,0.505717
9001.0,15.0,0.47717
9001.0,16.0,0.527928
9001.0,17.0,0.562406
9001.0,18.0,0.568192
9001.0,19.0,0.414991
9001.0,20.0,0.448594
9001.0,21.0,0.463978
9001.0,22.0,0.426116
9001.0,23.0,0.541355
9001.0,24.0,0.456574
9001.0,25.0,0.544428
9001.0,26.0,0.46265
9001.0,27.0,0.45636
9001.0,28.0,0.506834
9001.0,29.0,0.445636
9001.0,30.0,0.476287
9001.0,31.0,0.504116
9001.0,32.0,0.504864
9001.0,33.0,0.430098
9001.0,34.0,0.458314
9001.0,35.0,0.399143
9001.0,36.0,0.429706
9001.0,37.0,0.485621
9001.0,38.0,0.491224
9001.0,39.0,0.473486
9001.0,40.0,0.520517
9001.0,41.0,0.550504
9001.0,42.0,0.499739
9001.0,43.0,0.487736
9001.0,44.0,0.503387
9001.0,45.0,0.545547
9001.0,46.0,0.489608
9001.0,47.0,0.491699
9001.0,48.0,0.451324
9001.0,49.0,0.523601
9001.0,50.0,0.63351
9001.0,51.0,0.527477
9001.0,52.0,0.576271
9001.0,53.0,0.551077
9001.0,54.0,0.388323
9001.0,55.0,0.633568
9001.0,56.0,0.490593
9001.0,57.0,0.506806
9001.0,58.0,0.501519
9001.0,59.0,0.473355
9001.0,60.0,0.544731
9001.0,61.0,0.48202
9001.0,62.0,0.46248
9001.0,63.0,0.614
9001.0,64.0,0.555505
9001.0,65.0,0.495791
9001.0,66.0,0.494937
9001.0,67.0,0.475256
9001.0,68.0,0.47199
9001.0,69.0,0.447027
9001.0,70.0,0.423612
9001.0,71.0,0.505296
9001.0,72.0,0.505786
9001.0,73.0,0.545963
9001.0,74.0,0.511629
9001.0,75.0,0.453221
9001.0,76.0,0.414721
9001.0,77.0,0.479245
9001.0,78.0,0.537159
9001.0,79.0,0.497368
9001.0,80.0,0.487502
9001.0,81.0,0.524185
9001.0,82.0,0.51845
9001.0,83.0,0.505959
9001.0,84.0,0.401217
9001.0,85.0,0.506984
9001.0,86.0,0.502074
9001.0,87.0,0.56913
9001.0,88.0,0.500749
9001.0,89.0,0.557635
9001.0,90.0,0.440823
9001.0,91.0,0.485194
9001.0,92.0,0.51854
9001.0,93.0,0.484925
9001.0,94.0,0.472818
9001.0,95.0,0.516711
9001.0,96.0,0.473094
9001.0,97.0,0.511881
9001.0,98.0,0.555595
9001.0,99.0,0.485431
9001.0,100.0,0.465309
9001.0,101.0,0.546166
9001.0,102.0,0.529168
9001.0,103.0,0.378406
9001.0,104.0,0.516857
9001.0,105.0,0.495575
9001.0,106.0,0.487897
9001.0,107.0,0.483202
9001.0,108.0,0.502413
9001.0,109.0,0.546781
9001.0,110.0,0.480794
9001.0,111.0,0.468664
9001.0,112.0,0.38498
9001.0,113.0,0.474248
9001.0,114.0,0.453668
9001.0,115.0,0.55565
9001.0,116.0,0.530341
9001.0,117.0,0.459752
9001.0,118.0,0.540928
9001.0,119.0,0.503807
9001.0,120.0,0.579813
9001.0,121.0,0.460812
9001.0,122.0,0.381424
9001.0,123.0,0.621019
9001.0,124.0,0.397341
9001.0,125.0,0.465834
9001.0,126.0,0.532201
9002.0,0.0,0.472576
9002.0,1.0,0.418474
9002.0,2.0,0.472352
9002.0,3.0,0.481536
9002.0,4.0,0.425336
9002.0,5.0,0.49931
9002.0,6.0,0.451082
9002.0,7.0,0.569247
9002.0,8.0,0.497133
9002.0,9.0,0.431827
9002.0,10.0,0.493405
9002.0,11.0,0.436366
9002.0,12.0,0.465935
9002.0,13.0,0.531439
9002.0,14.0,0.505021
9002.0,15.0,0.477316
9002.0,16.0,0.527076
9002.0,17.0,0.562457
9002.0,18.0,0.568701
9002.0,19.0,0.415284
9002.0,20.0,0.449371
9002.0,21.0,0.463802
9002.0,22.0,0.425683
9002.0,23.0,0.540666
9002.0,24.0,0.457114
9002.0,25.0,0.544625
9002.0,26.0,0.462526
9002.0,27.0,0.457207
9002.0,28.0,0.50697
9002.0,29.0,0.445441
9002.0,30.0,0.47659
9002.0,31.0,0.503876
9002.0,32.0,0.505096
9002.0,33.0,0.42993
9002.0,34.0,0.45827
9002.0,35.0,0.398925
9002.0,36.0,0.42917
9002.0,37.0,0.485544
9002.0,38.0,0.491148
9002.0,39.0,0.473687
9002.0,40.0,0.519677
9002.0,41.0,0.551014
9002.0,42.0,0.499839
9002.0,43.0,0.487786
9002.0,44.0,0.503391
9002.0,45.0,0.54542
9002.0,46.0,0.489653
9002.0,47.0,0.492105
9002.0,48.0,0.452321
9002.0,49.0,0.523414
9002.0,50.0,0.633433
9002.0,51.0,0.527328
9002.0,52.0,0.576865
9002.0,53.0,0.551212
9002.0,54.0,0.388014
9002.0,55.0,0.63412
9002.0,56.0,0.490421
9002.0,57.0,0.506721
9002.0,58.0,0.501712
9002.0,59.0,0.473343
9002.0,60.0,0.54566
9002.0,61.0,0.482882
9002.0,62.0,0.463275
9002.0,63.0,0.614227
9002.0,64.0,0.55612
9002.0,65.0,0.495904
9002.0,66.0,0.495468
9002.0,67.0,0.474711
9002.0,68.0,0.47204
9002.0,69.0,0.447037
9002.0,70.0,0.423952
9002.0,71.0,0.505435
9002.0,72.0,0.506422
9002.0,73.0,0.54656
9002.0,74.0,0.512121
9002.0,75.0,0.452581
9002.0,76.0,0.41527
9002.0,77.0,0.478564
9002.0,78.0,0.537336
9002.0,79.0,0.496802
9002.0,80.0,0.487593
9002.0,81.0,0.523967
9002.0,82.0,0.517802
9002.0,83.0,0.506368
9002.0,84.0,0.400837
9002.0,85.0,0.507639
9002.0,86.0,0.502041
9002.0,87.0,0.570609
9002.0,88.0,0.500567
9002.0,89.0,0.557334
9002.0,90.0,0.440226
9002.0,91.0,0.484323
9002.0,92.0,0.518579
9002.0,93.0,0.484687
9002.0,94.0,0.47362
9002.0,95.0,0.516228
9002.0,96.0,0.474151
9002.0,97.0,0.511901
9002.0,98.0,0.556743
9002.0,99.0,0.485456
9002.0,100.0,0.465133
9002.0,101.0,0.546835
9002.0,102.0,0.528993
9002.0,103.0,0.378213
9002.0,104.0,0.516931
9002.0,105.0,0.49557
9002.0,106.0,0.488379
9002.0,107.0,0.482575
9002.0,108.0,0.502652
9002.0,109.0,0.547182
9002.0,110.0,0.481038
9002.0,111.0,0.468589
9002.0,112.0,0.38537
9002.0,113.0,0.473788
9002.0,114.0,0.453692
9002.0,115.0,0.555608
9002.0,116.0,0.530525
9002.0,117.0,0.459566
9002.0,118.0,0.540787
9002.0,119.0,0.503462
9002.0,120.0,0.580189
9002.0,121.0,0.461045
9002.0,122.0,0.381646
9002.0,123.0,0.621059
9002.0,124.0,0.396989
9002.0,125.0,0.465566
9002.0,126.0,0.532357
9003.0,0.0,0.472179
9003.0,1.0,0.41826
9003.0,2.0,0.472461
9003.0,3.0,0.4813
9003.0,4.0,0.425453
9003.0,5.0,0.499613
9003.0,6.0,0.450087
9003.0,7.0,0.56939
9003.0,8.0,0.49716
9003.0,9.0,0.43111
9003.0,10.0,0.492988
9003.0,11.0,0.436797
9003.0,12.0,0.465621
9003.0,13.0,0.531623
9003.0,14.0,0.504594
9003.0,15.0,0.477271
9003.0,16.0,0.527147
9003.0,17.0,0.562199
9003.0,18.0,0.568169
9003.0,19.0,0.415342
9003.0,20.0,0.449562
9003.0,21.0,0.464142
9003.0,22.0,0.425205
9003.0,23.0,0.539769
9003.0,24.0,0.457518
9003.0,25.0,0.543811
9003.0,26.0,0.46295
9003.0,27.0,0.457662
9003.0,28.0,0.507882
9003.0,29.0,0.445347
9003.0,30.0,0.47688
9003.0,31.0,0.504962
9003.0,32.0,0.50547
9003.0,33.0,0.43034
9003.0,34.0,0.45849
9003.0,35.0,0.398465
9003.0,36.0,0.429603
9003.0,37.0,0.485726
9003.0,38.0,0.490911
9003.0,39.0,0.473836
9003.0,40.0,0.519195
9003.0,41.0,0.55153
9003.0,42.0,0.499082
9003.0,43.0,0.487842
9003.0,44.0,0.502818
9003.0,45.0,0.54571
9003.0,46.0,0.489684
9003.0,47.0,0.491914
9003.0,48.0,0.452327
9003.0,49.0,0.523738
9003.0,50.0,0.633578
9003.0,51.0,0.527423
9003.0,52.0,0.577147
9003.0,53.0,0.551348
9003.0,54.0,0.389231
9003.0,55.0,0.633953
9003.0,56.0,0.490582
9003.0,57.0,0.50621
9003.0,58.0,0.502252
9003.0,59.0,0.472624
9003.0,60.0,0.546086
9003.0,61.0,0.483025
9003.0,62.0,0.462719
9003.0,63.0,0.614947
9003.0,64.0,0.556724
9003.0,65.0,0.495919
9003.0,66.0,0.495898
9003.0,67.0,0.474973
9003.0,68.0,0.472115
9003.0,69.0,0.44637
9003.0,70.0,0.423349
9003.0,71.0,0.504676
9003.0,72.0,0.50638
9003.0,73.0,0.546319
9003.0,74.0,0.512377
9003.0,75.0,0.452413
9003.0,76.0,0.414732
9003.0,77.0,0.479007
9003.0,78.0,0.536606
9003.0,79.0,0.496293
9003.0,80.0,0.487483
9003.0,81.0,0.524478
9003.0,82.0,0.518503
9003.0,83.0,0.507205
9003.0,84.0,0.400747
9003.0,85.0,0.508229
9003.0,86.0,0.502222
9003.0,87.0,0.57105
9003.0,88.0,0.500399
9003.0,89.0,0.557326
9003.0,90.0,0.439951
9003.0,91.0,0.484264
9003.0,92.0,0.51898
9003.0,93.0,0.484431
9003.0,94.0,0.473451
9003.0,95.0,0.516509
9003.0,96.0,0.473333
9003.0,97.0,0.512465
9003.0,98.0,0.557508
9003.0,99.0,0.484733
9003.0,100.0,0.465317
9003.0,101.0,0.547277
9003.0,102.0,0.528335
9003.0,103.0,0.378913
9003.0,104.0,0.516801
9003.0,105.0,0.495758
9003.0,106.0,0.488823
9003.0,107.0,0.482615
9003.0,108.0,0.501985
9003.0,109.0,0.54746
9003.0,110.0,0.480803
9003.0,111.0,0.468076
9003.0,112.0,0.385403
9003.0,113.0,0.473968
9003.0,114.0,0.453752
9003.0,115.0,0.554872
9003.0,116.0,0.530496
9003.0,117.0,0.45963
9003.0,118.0,0.541037
9003.0,119.0,0.502866
9003.0,120.0,0.579904
9003.0,121.0,0.46079
9003.0,122.0,0.382177
9003.0,123.0,0.621971
9003.0,124.0,0.397464
9003.0,125.0,0.465128
9003.0,126.0,0.531922
9004.0,0.0,0.471451
9004.0,1.0,0.418373
9004.0,2.0,0.472365
9004.0,3.0,0.480447
9004.0,4.0,0.425223
9004.0,5.0,0.49926
9004.0,6.0,0.450041
9004.0,7.0,0.569333
9004.0,8.0,0.496769
9004.0,9.0,0.431437
9004.0,10.0,0.493083
9004.0,11.0,0.436809
9004.0,12.0,0.465354
9004.0,13.0,0.532259
9004.0,14.0,0.505253
9004.0,15.0,0.476461
9004.0,16.0,0.527039
9004.0,17.0,0.562504
9004.0,18.0,0.567991
9004.0,19.0,0.416065
9004.0,20.0,0.449498
9004.0,21.0,0.46373
9004.0,22.0,0.425443
9004.0,23.0,0.539746
9004.0,24.0,0.456884
9004.0,25.0,0.54343
9004.0,26.0,0.462577
9004.0,27.0,0.458113
9004.0,28.0,0.50747
9004.0,29.0,0.445906
9004.0,30.0,0.47741
9004.0,31.0,0.504287
9004.0,32.0,0.504821
9004.0,33.0,0.430324
9004.0,34.0,0.458465
9004.0,35.0,0.398513
9004.0,36.0,0.429534
9004.0,37.0,0.48551
9004.0,38.0,0.490976
9004.0,39.0,0.473773
9004.0,40.0,0.519494
9004.0,41.0,0.552184
9004.0,42.0,0.498249
9004.0,43.0,0.48781
9004.0,44.0,0.503369
9004.0,45.0,0.545544
9004.0,46.0,0.489809
9004.0,47.0,0.491899
9004.0,48.0,0.451821
9004.0,49.0,0.523979
9004.0,50.0,0.632772
9004.0,51.0,0.52815
9004.0,52.0,0.577535
9004.0,53.0,0.55062
9004.0,54.0,0.389528
9004.0,55.0,0.634117
9004.0,56.0,0.490288
9004.0,57.0,0.506355
9004.0,58.0,0.502696
9004.0,59.0,0.472991
9004.0,60.0,0.545694
9004.0,61.0,0.482936
9004.0,62.0,0.462171
9004.0,63.0,0.614164
9004.0,64.0,0.556216
9004.0,65.0,0.496433
9004.0,66.0,0.495531
9004.0,67.0,0.475884
9004.0,68.0,0.472684
9004.0,69.0,0.446803
9004.0,70.0,0.422825
9004.0,71.0,0.50511
9004.0,72.0,0.506153
9004.0,73.0,0.546914
9004.0,74.0,0.511315
9004.0,75.0,0.453051
9004.0,76.0,0.415368
9004.0,77.0,0.478343
9004.0,78.0,0.536508
9004.0,79.0,0.496244
9004.0,80.0,0.48833
9004.0,81.0,0.525057
9004.0,82.0,0.518481
9004.0,83.0,0.507396
9004.0,84.0,0.401113
9004.0,85.0,0.508214
9004.0,86.0,0.502703
9004.0,87.0,0.570556
9004.0,88.0,0.500784
9004.0,89.0,0.556804
9004.0,90.0,0.439755
9004.0,91.0,0.485057
9004.0,92.0,0.519448
9004.0,93.0,0.484075
9004.0,94.0,0.472774
9004.0,95.0,0.516715
9004.0,96.0,0.473166
9004.0,97.0,0.513623
9004.0,98.0,0.558185
9004.0,99.0,0.484241
9004.0,100.0,0.46531
9004.0,101.0,0.546124
9004.0,102.0,0.528453
9004.0,103.0,0.379083
9004.0,104.0,0.516965
9004.0,105.0,0.49545
9004.0,106.0,0.488477
9004.0,107.0,0.48372
9004.0,108.0,0.50239
9004.0,109.0,0.54813
9004.0,110.0,0.481325
9004.0,111.0,0.467542
9004.0,112.0,0.385712
9004.0,113.0,0.47458
9004.0,114.0,0.453711
9004.0,115.0,0.554959
9004.0,116.0,0.529518
9004.0,117.0,0.459247
9004.0,118.0,0.539792
9004.0,119.0,0.502826
9004.0,120.0,0.579399
9004.0,121.0,0.460655
9004.0,122.0,0.383126
9004.0,123.0,0.621592
9004.0,124.0,0.397379
9004.0,125.0,0.46566
9004.0,126.0,0.532443
9005.0,0.0,0.471384
9005.0,1.0,0.418107
9005.0,2.0,0.471284
9005.0,3.0,0.479995
9005.0,4.0,0.424667
9005.0,5.0,0.498711
9005.0,6.0,0.45043
9005.0,7.0,0.570126
9005.0,8.0,0.496552
9005.0,9.0,0.431254
9005.0,10.0,0.492889
9005.0,11.0,0.436239
9005.0,12.0,0.465458
9005.0,13.0,0.532359
9005.0,14.0,0.505818
9005.0,15.0,0.476984
9005.0,16.0,0.527437
9005.0,17.0,0.562465
9005.0,18.0,0.567395
9005.0,19.0,0.415716
9005.0,20.0,0.448972
9005.0,21.0,0.463811
9005.0,22.0,0.425347
9005.0,23.0,0.539657
9005.0,24.0,0.457773
9005.0,25.0,0.543664
9005.0,26.0,0.462335
9005.0,27.0,0.459159
9005.0,28.0,0.507355
9005.0,29.0,0.445201
9005.0,30.0,0.477799
9005.0,31.0,0.504286
9005.0,32.0,0.504668
9005.0,33.0,0.430126
9005.0,34.0,0.458819
9005.0,35.0,0.398966
9005.0,36.0,0.429621
9005.0,37.0,0.485121
9005.0,38.0,0.491139
9005.0,39.0,0.474136
9005.0,40.0,0.518059
9005.0,41.0,0.552459
9005.0,42.0,0.498252
9005.0,43.0,0.487043
9005.0,44.0,0.502624
9005.0,45.0,0.544651
9005.0,46.0,0.490351
9005.0,47.0,0.491691
9005.0,48.0,0.45158
9005.0,49.0,0.523928
9005.0,50.0,0.632676
9005.0,51.0,0.528776
9005.0,52.0,0.577961
9005.0,53.0,0.550333
9005.0,54.0,0.389303
9005.0,55.0,0.634334
9005.0,56.0,0.490286
9005.0,57.0,0.506638
9005.0,58.0,0.501915
9005.0,59.0,0.473115
9005.0,60.0,0.546095
9005.0,61.0,0.482858
9005.0,62.0,0.461939
9005.0,63.0,0.614567
9005.0,64.0,0.556566
9005.0,65.0,0.496089
9005.0,66.0,0.495611
9005.0,67.0,0.477391
9005.0,68.0,0.472971
9005.0,69.0,0.446827
9005.0,70.0,0.422934
9005.0,71.0,0.505505
9005.0,72.0,0.506559
9005.0,73.0,0.546469
9005.0,74.0,0.510903
9005.0,75.0,0.452713
9005.0,76.0,0.415363
9005.0,77.0,0.47897
9005.0,78.0,0.536826
9005.0,79.0,0.496813
9005.0,80.0,0.488348
9005.0,81.0,0.525246
9005.0,82.0,0.518707
9005.0,83.0,0.50814
9005.0,84.0,0.401111
9005.0,85.0,0.508016
9005.0,86.0,0.502441
9005.0,87.0,0.571267
9005.0,88.0,0.500471
9005.0,89.0,0.555692
9005.0,90.0,0.439681
9005.0,91.0,0.485151
9005.0,92.0,0.518578
9005.0,93.0,0.483886
9005.0,94.0,0.472581
9005.0,95.0,0.517271
9005.0,96.0,0.472626
9005.0,97.0,0.513775
9005.0,98.0,0.557759
9005.0,99.0,0.483938
9005.0,100.0,0.464752
9005.0,101.0,0.546494
9005.0,102.0,0.528233
9005.0,103.0,0.377952
9005.0,104.0,0.516452
9005.0,105.0,0.495653
9005.0,106.0,0.489678
9005.0,107.0,0.483574
9005.0,108.0,0.502139
9005.0,109.0,0.548015
9005.0,110.0,0.481329
9005.0,111.0,0.467555
9005.0,112.0,0.385267
9005.0,113.0,0.474807
9005.0,114.0,0.453132
9005.0,115.0,0.554479
9005.0,116.0,0.529441
9005.0,117.0,0.459724
9005.0,118.0,0.539947
9005.0,119.0,0.502757
9005.0,120.0,0.579657
9005.0,121.0,0.461214
9005.0,122.0,0.381954
9005.0,123.0,0.621994
9005.0,124.0,0.398164
9005.0,125.0,0.464558
9005.0,126.0,0.531546
9006.0,0.0,0.471791
9006.0,1.0,0.417795
9006.0,2.0,0.471918
9006.0,3.0,0.480262
9006.0,4.0,0.42492
9006.0,5.0,0.498558
9006.0,6.0,0.45032
9006.0,7.0,0.569659
9006.0,8.0,0.49717
9006.0,9.0,0.430739
9006.0,10.0,0.49203
9006.0,11.0,0.435814
9006.0,12.0,0.463915
9006.0,13.0,0.532257
9006.0,14.0,0.505884
9006.0,15.0,0.476251
9006.0,16.0,0.527469
9006.0,17.0,0.562321
9006.0,18.0,0.567795
9006.0,19.0,0.416233
9006.0,20.0,0.449212
9006.0,21.0,0.46358
9006.0,22.0,0.425323
9006.0,23.0,0.53942
9006.0,24.0,0.457801
9006.0,25.0,0.543539
9006.0,26.0,0.462156
9006.0,27.0,0.45925
9006.0,28.0,0.507423
9006.0,29.0,0.445599
9006.0,30.0,0.477893
9006.0,31.0,0.503867
9006.0,32.0,0.504283
9006.0,33.0,0.43045
9006.0,34.0,0.458882
9006.0,35.0,0.39901
9006.0,36.0,0.430273
9006.0,37.0,0.48505
9006.0,38.0,0.491679
9006.0,39.0,0.474024
9006.0,40.0,0.518349
9006.0,41.0,0.552067
9006.0,42.0,0.497371
9006.0,43.0,0.486507
9006.0,44.0,0.501457
9006.0,45.0,0.543957
9006.0,46.0,0.489795
9006.0,47.0,0.491727
9006.0,48.0,0.452467
9006.0,49.0,0.523899
9006.0,50.0,0.632403
9006.0,51.0,0.527695
9006.0,52.0,0.57819
9006.0,53.0,0.55129
9006.0,54.0,0.389308
9006.0,55.0,0.633429
9006.0,56.0,0.490286
9006.0,57.0,0.506544
9006.0,58.0,0.502205
9006.0,59.0,0.472631
9006.0,60.0,0.546251
9006.0,61.0,0.482977
9006.0,62.0,0.461785
9006.0,63.0,0.614272
9006.0,64.0,0.557179
9006.0,65.0,0.49559
9006.0,66.0,0.494882
9006.0,67.0,0.477475
9006.0,68.0,0.473387
9006.0,69.0,0.447122
9006.0,70.0,0.424197
9006.0,71.0,0.505452
9006.0,72.0,0.507334
9006.0,73.0,0.546913
9006.0,74.0,0.510213
9006.0,75.0,0.452326
9006.0,76.0,0.415397
9006.0,77.0,0.478864
9006.0,78.0,0.536809
9006.0,79.0,0.497925
9006.0,80.0,0.487935
9006.0,81.0,0.525299
9006.0,82.0,0.517544
9006.0,83.0,0.508088
9006.0,84.0,0.400488
9006.0,85.0,0.507912
9006.0,86.0,0.502888
9006.0,87.0,0.570849
9006.0,88.0,0.501346
9006.0,89.0,0.555594
9006.0,90.0,0.439957
9006.0,91.0,0.485588
9006.0,92.0,0.518497
9006.0,93.0,0.483293
9006.0,94.0,0.472071
9006.0,95.0,0.517119
9006.0,96.0,0.472885
9006.0,97.0,0.513401
9006.0,98.0,0.558401
9006.0,99.0,0.483851
9006.0,100.0,0.464754
9006.0,101.0,0.547044
9006.0,102.0,0.529112
9006.0,103.0,0.378222
9006.0,104.0,0.515635
9006.0,105.0,0.496028
9006.0,106.0,0.488938
9006.0,107.0,0.48298
9006.0,108.0,0.501706
9006.0,109.0,0.548316
9006.0,110.0,0.481006
9006.0,111.0,0.467252
9006.0,112.0,0.385185
9006.0,113.0,0.475338
9006.0,114.0,0.452534
9006.0,115.0,0.554299
9006.0,116.0,0.529304
9006.0,117.0,0.458589
9006.0,118.0,0.540654
9006.0,119.0,0.502101
9006.0,120.0,0.579342
9006.0,121.0,0.462549
9006.0,122.0,0.381777
9006.0,123.0,0.621738
9006.0,124.0,0.396743
9006.0,125.0,0.465355
9006.0,126.0,0.532461
9007.0,0.0,0.471966
9007.0,1.0,0.417715
9007.0,2.0,0.47177
9007.0,3.0,0.48078
9007.0,4.0,0.425458
9007.0,5.0,0.498606
9007.0,6.0,0.450013
9007.0,7.0,0.569685
9007.0,8.0,0.49666
9007.0,9.0,0.431134
9007.0,10.0,0.490779
9007.0,11.0,0.436097
9007.0,12.0,0.46413
9007.0,13.0,0.532137
9007.0,14.0,0.506156
9007.0,15.0,0.475232
9007.0,16.0,0.527241
9007.0,17.0,0.56252
9007.0,18.0,0.568181
9007.0,19.0,0.415609
9007.0,20.0,0.448725
9007.0,21.0,0.464262
9007.0,22.0,0.425348
9007.0,23.0,0.540186
9007.0,24.0,0.458132
9007.0,25.0,0.54324
9007.0,26.0,0.461866
9007.0,27.0,0.459381
9007.0,28.0,0.506836
9007.0,29.0,0.446027
9007.0,30.0,0.477913
9007.0,31.0,0.504345
9007.0,32.0,0.504418
9007.0,33.0,0.429941
9007.0,34.0,0.460204
9007.0,35.0,0.398458
9007.0,36.0,0.42982
9007.0,37.0,0.485119
9007.0,38.0,0.491754
9007.0,39.0,0.473419
9007.0,40.0,0.518352
9007.0,41.0,0.55186
9007.0,42.0,0.497292
9007.0,43.0,0.485802
9007.0,44.0,0.501995
9007.0,45.0,0.544829
9007.0,46.0,0.488994
9007.0,47.0,0.491299
9007.0,48.0,0.452476
9007.0,49.0,0.524373
9007.0,50.0,0.632436
9007.0,51.0,0.527327
9007.0,52.0,0.57767
9007.0,53.0,0.551409
9007.0,54.0,0.390076
9007.0,55.0,0.633875
9007.0,56.0,0.489115
9007.0,57.0,0.50614
9007.0,58.0,0.502866
9007.0,59.0,0.473247
9007.0,60.0,0.546165
9007.0,61.0,0.483594
9007.0,62.0,0.46216
9007.0,63.0,0.614112
9007.0,64.0,0.556376
9007.0,65.0,0.495501
9007.0,66.0,0.494657
9007.0,67.0,0.477538
9007.0,68.0,0.474154
9007.0,69.0,0.447229
9007.0,70.0,0.423503
9007.0,71.0,0.504433
9007.0,72.0,0.506842
9007.0,73.0,0.547707
9007.0,74.0,0.510305
9007.0,75.0,0.452015
9007.0,76.0,0.415631
9007.0,77.0,0.47861
9007.0,78.0,0.536123
9007.0,79.0,0.497522
9007.0,80.0,0.487747
9007.0,81.0,0.524572
9007.0,82.0,0.51771
9007.0,83.0,0.508443
9007.0,84.0,0.399637
9007.0,85.0,0.507834
9007.0,86.0,0.502675
9007.0,87.0,0.571417
9007.0,88.0,0.501278
9007.0,89.0,0.55569
9007.0,90.0,0.44074
9007.0,91.0,0.485443
9007.0,92.0,0.518933
9007.0,93.0,0.482499
9007.0,94.0,0.470797
9007.0,95.0,0.517568
9007.0,96.0,0.47238
9007.0,97.0,0.51298
9007.0,98.0,0.558277
9007.0,99.0,0.48389
9007.0,100.0,0.465231
9007.0,101.0,0.546443
9007.0,102.0,0.528771
9007.0,103.0,0.378066
9007.0,104.0,0.516046
9007.0,105.0,0.49614
9007.0,106.0,0.488372
9007.0,107.0,0.482964
9007.0,108.0,0.501711
9007.0,109.0,0.54874
9007.0,110.0,0.481778
9007.0,111.0,0.467492
9007.0,112.0,0.385046
9007.0,113.0,0.474971
9007.0,114.0,0.453094
9007.0,115.0,0.554527
9007.0,116.0,0.528514
9007.0,117.0,0.458991
9007.0,118.0,0.540944
9007.0,119.0,0.502178
9007.0,120.0,0.578891
9007.0,121.0,0.462336
9007.0,122.0,0.382036
9007.0,123.0,0.620782
9007.0,124.0,0.396693
9007.0,125.0,0.465561
9007.0,126.0,0.531873
9008.0,0.0,0.471755
9008.0,1.0,0.41698
9008.0,2.0,0.4722
9008.0,3.0,0.480657
9008.0,4.0,0.424736
9008.0,5.0,0.498739
9008.0,6.0,0.450122
9008.0,7.0,0.56944
9008.0,8.0,0.496059
9008.0,9.0,0.430959
9008.0,10.0,0.49103
9008.0,11.0,0.43718
9008.0,12.0,0.464771
9008.0,13.0,0.532005
9008.0,14.0,0.506242
9008.0,15.0,0.474803
9008.0,16.0,0.52663
9008.0,17.0,0.562973
9008.0,18.0,0.567311
9008.0,19.0,0.415721
9008.0,20.0,0.44847
9008.0,21.0,0.464038
9008.0,22.0,0.425598
9008.0,23.0,0.539986
9008.0,24.0,0.458501
9008.0,25.0,0.543024
9008.0,26.0,0.462488
9008.0,27.0,0.458273
9008.0,28.0,0.507116
9008.0,29.0,0.446545
9008.0,30.0,0.478066
9008.0,31.0,0.504434
9008.0,32.0,0.50468
9008.0,33.0,0.428892
9008.0,34.0,0.459607
9008.0,35.0,0.397641
9008.0,36.0,0.429993
9008.0,37.0,0.48484
9008.0,38.0,0.492086
9008.0,39.0,0.47275
9008.0,40.0,0.518329
9008.0,41.0,0.552213
9008.0,42.0,0.496617
9008.0,43.0,0.486287
9008.0,44.0,0.502019
9008.0,45.0,0.544398
9008.0,46.0,0.4891
9008.0,47.0,0.490448
9008.0,48.0,0.451626
9008.0,49.0,0.523985
9008.0,50.0,0.632209
9008.0,51.0,0.527505
9008.0,52.0,0.577455
9008.0,53.0,0.550796
9008.0,54.0,0.390435
9008.0,55.0,0.633561
9008.0,56.0,0.489433
9008.0,57.0,0.506811
9008.0,58.0,0.503046
9008.0,59.0,0.472949
9008.0,60.0,0.545775
9008.0,61.0,0.483736
9008.0,62.0,0.462612
9008.0,63.0,0.613602
9008.0,64.0,0.556873
9008.0,65.0,0.495685
9008.0,66.0,0.494934
9008.0,67.0,0.47791
9008.0,68.0,0.474457
9008.0,69.0,0.448304
9008.0,70.0,0.423026
9008.0,71.0,0.504468
9008.0,72.0,0.505948
9008.0,73.0,0.54749
9008.0,74.0,0.510265
9008.0,75.0,0.451924
9008.0,76.0,0.416375
9008.0,77.0,0.478958
9008.0,78.0,0.536249
9008.0,79.0,0.497117
9008.0,80.0,0.488411
9008.0,81.0,0.525783
9008.0,82.0,0.516848
9008.0,83.0,0.508561
9008.0,84.0,0.399592
9008.0,85.0,0.508383
9008.0,86.0,0.503541
9008.0,87.0,0.571654
9008.0,88.0,0.501196
9008.0,89.0,0.555181
9008.0,90.0,0.441471
9008.0,91.0,0.48563
9008.0,92.0,0.519192
9008.0,93.0,0.48347
9008.0,94.0,0.470629
9008.0,95.0,0.517487
9008.0,96.0,0.472592
9008.0,97.0,0.512731
9008.0,98.0,0.55923
9008.0,99.0,0.482792
9008.0,100.0,0.465525
9008.0,101.0,0.546672
9008.0,102.0,0.528485
9008.0,103.0,0.377239
9008.0,104.0,0.517177
9008.0,105.0,0.496189
9008.0,106.0,0.48865
9008.0,107.0,0.483668
9008.0,108.0,0.501988
9008.0,109.0,0.548831
9008.0,110.0,0.480882
9008.0,111.0,0.468144
9008.0,112.0,0.385046
9008.0,113.0,0.474778
9008.0,114.0,0.453671
9008.0,115.0,0.554847
9008.0,116.0,0.528944
9008.0,117.0,0.459509
9008.0,118.0,0.54008
9008.0,119.0,0.502096
9008.0,120.0,0.578476
9008.0,121.0,0.462541
9008.0,122.0,0.382226
9008.0,123.0,0.620836
9008.0,124.0,0.396801
9008.0,125.0,0.465292
9008.0,126.0,0.532087
9009.0,0.0,0.471831
9009.0,1.0,0.417704
9009.0,2.0,0.471941
9009.0,3.0,0.480538
9009.0,4.0,0.42437
9009.0,5.0,0.498582
9009.0,6.0,0.450155
9009.0,7.0,0.568743
9009.0,8.0,0.496371
9009.0,9.0,0.431488
9009.0,10.0,0.491132
9009.0,11.0,0.437753
9009.0,12.0,0.464343
9009.0,13.0,0.530709
9009.0,14.0,0.506505
9009.0,15.0,0.475536
9009.0,16.0,0.526383
9009.0,17.0,0.563851
9009.0,18.0,0.567562
9009.0,19.0,0.415715
9009.0,20.0,0.448349
9009.0,21.0,0.46448
9009.0,22.0,0.426271
9009.0,23.0,0.539418
9009.0,24.0,0.459026
9009.0,25.0,0.543427
9009.0,26.0,0.463444
9009.0,27.0,0.457428
9009.0,28.0,0.507769
9009.0,29.0,0.447491
9009.0,30.0,0.477945
9009.0,31.0,0.504631
9009.0,32.0,0.505258
9009.0,33.0,0.429804
9009.0,34.0,0.459573
9009.0,35.0,0.398018
9009.0,36.0,0.431431
9009.0,37.0,0.48608
9009.0,38.0,0.492729
9009.0,39.0,0.472611
9009.0,40.0,0.517922
9009.0,41.0,0.552484
9009.0,42.0,0.497669
9009.0,43.0,0.486516
9009.0,44.0,0.502045
9009.0,45.0,0.544303
9009.0,46.0,0.488446
9009.0,47.0,0.489743
9009.0,48.0,0.451267
9009.0,49.0,0.523271
9009.0,50.0,0.632418
9009.0,51.0,0.527621
9009.0,52.0,0.576844
9009.0,53.0,0.550541
9009.0,54.0,0.390666
9009.0,55.0,0.634055
9009.0,56.0,0.489188
9009.0,57.0,0.506988
9009.0,58.0,0.504051
9009.0,59.0,0.473018
9009.0,60.0,0.545518
9009.0,61.0,0.484055
9009.0,62.0,0.461748
9009.0,63.0,0.613185
9009.0,64.0,0.557192
9009.0,65.0,0.495311
9009.0,66.0,0.494115
9009.0,67.0,0.477795
9009.0,68.0,0.474066
9009.0,69.0,0.448557
9009.0,70.0,0.423623
9009.0,71.0,0.504672
9009.0,72.0,0.506441
9009.0,73.0,0.547611
9009.0,74.0,0.509917
9009.0,75.0,0.451514
9009.0,76.0,0.416116
9009.0,77.0,0.479514
9009.0,78.0,0.536384
9009.0,79.0,0.497104
9009.0,80.0,0.488633
9009.0,81.0,0.525555
9009.0,82.0,0.516687
9009.0,83.0,0.509109
9009.0,84.0,0.399825
9009.0,85.0,0.509315
9009.0,86.0,0.503374
9009.0,87.0,0.57117
9009.0,88.0,0.501328
9009.0,89.0,0.555216
9009.0,90.0,0.441546
9009.0,91.0,0.485305
9009.0,92.0,0.519134
9009.0,93.0,0.483678
9009.0,94.0,0.469639
9009.0,95.0,0.51781
9009.0,96.0,0.472067
9009.0,97.0,0.512266
9009.0,98.0,0.559049
9009.0,99.0,0.482179
9009.0,100.0,0.465806
9009.0,101.0,0.545968
9009.0,102.0,0.528608
9009.0,103.0,0.37725
9009.0,104.0,0.516923
9009.0,105.0,0.496208
9009.0,106.0,0.489135
9009.0,107.0,0.483693
9009.0,108.0,0.501991
9009.0,109.0,0.548443
9009.0,110.0,0.480437
9009.0,111.0,0.469456
9009.0,112.0,0.385508
9009.0,113.0,0.4737
9009.0,114.0,0.454129
9009.0,115.0,0.554207
9009.0,116.0,0.529658
9009.0,117.0,0.458798
9009.0,118.0,0.540535
9009.0,119.0,0.502526
9009.0,120.0,0.578261
9009.0,121.0,0.462868
9009.0,122.0,0.382916
9009.0,123.0,0.621132
9009.0,124.0,0.397603
9009.0,125.0,0.465821
9009.0,126.0,0.532798
9010.0,0.0,0.472826
9010.0,1.0,0.418212
9010.0,2.0,0.472191
9010.0,3.0,0.480658
9010.0,4.0,0.423615
9010.0,5.0,0.498045
9010.0,6.0,0.44992
9010.0,7.0,0.568088
9010.0,8.0,0.496534
9010.0,9.0,0.431233
9010.0,10.0,0.490411
9010.0,11.0,0.437498
9010.0,12.0,0.463849
9010.0,13.0,0.530104
9010.0,14.0,0.506422
9010.0,15.0,0.475694
9010.0,16.0,0.52596
9010.0,17.0,0.563734
9010.0,18.0,0.5673
9010.0,19.0,0.415585
9010.0,20.0,0.448792
9010.0,21.0,0.464359
9010.0,22.0,0.426271
9010.0,23.0,0.539503
9010.0,24.0,0.458492
9010.0,25.0,0.543612
9010.0,26.0,0.463693
9010.0,27.0,0.456332
9010.0,28.0,0.507863
9010.0,29.0,0.447245
9010.0,30.0,0.476899
9010.0,31.0,0.503846
9010.0,32.0,0.505048
9010.0,33.0,0.430202
9010.0,34.0,0.460214
9010.0,35.0,0.398094
9010.0,36.0,0.431191
9010.0,37.0,0.486472
9010.0,38.0,0.49303
9010.0,39.0,0.472135
9010.0,40.0,0.518642
9010.0,41.0,0.552842
9010.0,42.0,0.497314
9010.0,43.0,0.486177
9010.0,44.0,0.502206
9010.0,45.0,0.544613
9010.0,46.0,0.488233
9010.0,47.0,0.489672
9010.0,48.0,0.45126
9010.0,49.0,0.523145
9010.0,50.0,0.631279
9010.0,51.0,0.52761
9010.0,52.0,0.577628
9010.0,53.0,0.551166
9010.0,54.0,0.390759
9010.0,55.0,0.634116
9010.0,56.0,0.489791
9010.0,57.0,0.506434
9010.0,58.0,0.503944
9010.0,59.0,0.473002
9010.0,60.0,0.545565
9010.0,61.0,0.483189
9010.0,62.0,0.460294
9010.0,63.0,0.612493
9010.0,64.0,0.556855
9010.0,65.0,0.495255
9010.0,66.0,0.494096
9010.0,67.0,0.477345
9010.0,68.0,0.474783
9010.0,69.0,0.448613
9010.0,70.0,0.423987
9010.0,71.0,0.505442
9010.0,72.0,0.506819
9010.0,73.0,0.547221
9010.0,74.0,0.510801
9010.0,75.0,0.451815
9010.0,76.0,0.416467
9010.0,77.0,0.479541
9010.0,78.0,0.536216
9010.0,79.0,0.4962
9010.0,80.0,0.487915
9010.0,81.0,0.525225
9010.0,82.0,0.516953
9010.0,83.0,0.508987
9010.0,84.0,0.400233
9010.0,85.0,0.508608
9010.0,86.0,0.503403
9010.0,87.0,0.571327
9010.0,88.0,0.502156
9010.0,89.0,0.554269
9010.0,90.0,0.441654
9010.0,91.0,0.485385
9010.0,92.0,0.519352
9010.0,93.0,0.484023
9010.0,94.0,0.469583
9010.0,95.0,0.517548
9010.0,96.0,0.471651
9010.0,97.0,0.512784
9010.0,98.0,0.559065
9010.0,99.0,0.482356
9010.0,100.0,0.466176
9010.0,101.0,0.545497
9010.0,102.0,0.527983
9010.0,103.0,0.37707
9010.0,104.0,0.517118
9010.0,105.0,0.495983
9010.0,106.0,0.4891
9010.0,107.0,0.484337
9010.0,108.0,0.5014
9010.0,109.0,0.548771
9010.0,110.0,0.480599
9010.0,111.0,0.469151
9010.0,112.0,0.385273
9010.0,113.0,0.472874
9010.0,114.0,0.453926
9010.0,115.0,0.553972
9010.0,116.0,0.529627
9010.0,117.0,0.458532
9010.0,118.0,0.54084
9010.0,119.0,0.502796
9010.0,120.0,0.578368
9010.0,121.0,0.462796
9010.0,122.0,0.38238
9010.0,123.0,0.621818
9010.0,124.0,0.398386
9010.0,125.0,0.465955
9010.0,126.0,0.532815
10000.0,0.0,0.468557
10000.0,1.0,0.42953
10000.0,2.0,0.479011
10000.0,3.0,0.495353
10000.0,4.0,0.453397
10000.0,5.0,0.499486
10000.0,6.0,0.445772
10000.0,7.0,0.538625
10000.0,8.0,0.489374
10000.0,9.0,0.448782
10000.0,10.0,0.490658
10000.0,11.0,0.438094
10000.0,12.0,0.448071
10000.0,13.0,0.525957
10000.0,14.0,0.513049
10000.0,15.0,0.462608
10000.0,16.0,0.540101
10000.0,17.0,0.574868
10000.0,18.0,0.550466
10000.0,19.0,0.416046
10000.0,20.0,0.466193
10000.0,21.0,0.464105
10000.0,22.0,0.415057
10000.0,23.0,0.534576
10000.0,24.0,0.465214
10000.0,25.0,0.576361
10000.0,26.0,0.471042
10000.0,27.0,0.462289
10000.0,28.0,0.507103
10000.0,29.0,0.438872
10000.0,30.0,0.481046
10000.0,31.0,0.47138
10000.0,32.0,0.506372
10000.0,33.0,0.441632
10000.0,34.0,0.482647
10000.0,35.0,0.385849
10000.0,36.0,0.421808
10000.0,37.0,0.483686
10000.0,38.0,0.473079
10000.0,39.0,0.490147
10000.0,40.0,0.523642
10000.0,41.0,0.567477
10000.0,42.0,0.507545
10000.0,43.0,0.474595
10000.0,44.0,0.511992
10000.0,45.0,0.547927
10000.0,46.0,0.493605
10000.0,47.0,0.484975
10000.0,48.0,0.424357
10000.0,49.0,0.532418
10000.0,50.0,0.630508
10000.0,51.0,0.544378
10000.0,52.0,0.588474
10000.0,53.0,0.558134
10000.0,54.0,0.385907
10000.0,55.0,0.608948
10000.0,56.0,0.512788
10000.0,57.0,0.52165
10000.0,58.0,0.49834
10000.0,59.0,0.500056
10000.0,60.0,0.539883
10000.0,61.0,0.488735
10000.0,62.0,0.462763
10000.0,63.0,0.620093
10000.0,64.0,0.541099
10000.0,65.0,0.498121
10000.0,66.0,0.475952
10000.0,67.0,0.488158
10000.0,68.0,0.516087
10000.0,69.0,0.464741
10000.0,70.0,0.410873
10000.0,71.0,0.475257
10000.0,72.0,0.502883
10000.0,73.0,0.559168
10000.0,74.0,0.477776
10000.0,75.0,0.452704
10000.0,76.0,0.370978
10000.0,77.0,0.467929
10000.0,78.0,0.526097
10000.0,79.0,0.512172
10000.0,80.0,0.466624
10000.0,81.0,0.497257
10000.0,82.0,0.556169
10000.0,83.0,0.515686
10000.0,84.0,0.408978
10000.0,85.0,0.501782
10000.0,86.0,0.484512
10000.0,87.0,0.553469
10000.0,88.0,0.49286
10000.0,89.0,0.556063
10000.0,90.0,0.450935
10000.0,91.0,0.490986
10000.0,92.0,0.5043
10000.0,93.0,0.487749
10000.0,94.0,0.485391
10000.0,95.0,0.532243
10000.0,96.0,0.474747
10000.0,97.0,0.515642
10000.0,98.0,0.569926
10000.0,99.0,0.486441
10000.0,100.0,0.462764
10000.0,101.0,0.550864
10000.0,102.0,0.528756
10000.0,103.0,0.388627
10000.0,104.0,0.516167
10000.0,105.0,0.472746
10000.0,106.0,0.49036
10000.0,107.0,0.466498
10000.0,108.0,0.50132
10000.0,109.0,0.551449
10000.0,110.0,0.494717
10000.0,111.0,0.467718
10000.0,112.0,0.369832
10000.0,113.0,0.480845
10000.0,114.0,0.465442
10000.0,115.0,0.546565
10000.0,116.0,0.523383
10000.0,117.0,0.454239
10000.0,118.0,0.559158
10000.0,119.0,0.49651
10000.0,120.0,0.592355
10000.0,121.0,0.433842
10000.0,122.0,0.380422
10000.0,123.0,0.611953
10000.0,124.0,0.406689
10000.0,125.0,0.481887
10000.0,126.0,0.540478
10001.0,0.0,0.468139
10001.0,1.0,0.429573
10001.0,2.0,0.478411
10001.0,3.0,0.494892
10001.0,4.0,0.453069
10001.0,5.0,0.499485
10001.0,6.0,0.445492
10001.0,7.0,0.5383
10001.0,8.0,0.489663
10001.0,9.0,0.44911
10001.0,10.0,0.490215
10001.0,11.0,0.438315
10001.0,12.0,0.447256
10001.0,13.0,0.525484
10001.0,14.0,0.512587
10001.0,15.0,0.463035
10001.0,16.0,0.539987
10001.0,17.0,0.57442
10001.0,18.0,0.550291
10001.0,19.0,0.417146
10001.0,20.0,0.466776
10001.0,21.0,0.463135
10001.0,22.0,0.41556
10001.0,23.0,0.534091
10001.0,24.0,0.46553
10001.0,25.0,0.576759
10001.0,26.0,0.47104
10001.0,27.0,0.46245
10001.0,28.0,0.507846
10001.0,29.0,0.438798
10001.0,30.0,0.481064
10001.0,31.0,0.472818
10001.0,32.0,0.506459
10001.0,33.0,0.441808
10001.0,34.0,0.48313
10001.0,35.0,0.385128
10001.0,36.0,0.422137
10001.0,37.0,0.483735
10001.0,38.0,0.47269
10001.0,39.0,0.49023
10001.0,40.0,0.52419
10001.0,41.0,0.567322
10001.0,42.0,0.507282
10001.0,43.0,0.475095
10001.0,44.0,0.511362
10001.0,45.0,0.547823
10001.0,46.0,0.493635
10001.0,47.0,0.484961
10001.0,48.0,0.424168
10001.0,49.0,0.532363
10001.0,50.0,0.630758
10001.0,51.0,0.544685
10001.0,52.0,0.588946
10001.0,53.0,0.558403
10001.0,54.0,0.385928
10001.0,55.0,0.60791
10001.0,56.0,0.513394
10001.0,57.0,0.522177
10001.0,58.0,0.498364
10001.0,59.0,0.499006
10001.0,60.0,0.53984
10001.0,61.0,0.488296
10001.0,62.0,0.463389
10001.0,63.0,0.620272
10001.0,64.0,0.541107
10001.0,65.0,0.498472
10001.0,66.0,0.476543
10001.0,67.0,0.488006
10001.0,68.0,0.515934
10001.0,69.0,0.464262
10001.0,70.0,0.411106
10001.0,71.0,0.474192
10001.0,72.0,0.503801
10001.0,73.0,0.558523
10001.0,74.0,0.478096
10001.0,75.0,0.452607
10001.0,76.0,0.371403
10001.0,77.0,0.466806
10001.0,78.0,0.525623
10001.0,79.0,0.512615
10001.0,80.0,0.466542
10001.0,81.0,0.497436
10001.0,82.0,0.556006
10001.0,83.0,0.516
10001.0,84.0,0.409014
10001.0,85.0,0.502079
10001.0,86.0,0.484703
10001.0,87.0,0.553904
10001.0,88.0,0.492521
10001.0,89.0,0.555968
10001.0,90.0,0.451098
10001.0,91.0,0.491052
10001.0,92.0,0.504593
10001.0,93.0,0.487523
10001.0,94.0,0.485088
10001.0,95.0,0.532428
10001.0,96.0,0.475416
10001.0,97.0,0.515514
10001.0,98.0,0.569778
10001.0,99.0,0.486317
10001.0,100.0,0.463477
10001.0,101.0,0.551403
10001.0,102.0,0.528735
10001.0,103.0,0.388597
10001.0,104.0,0.515816
10001.0,105.0,0.473205
10001.0,106.0,0.490033
10001.0,107.0,0.467059
10001.0,108.0,0.500586
10001.0,109.0,0.552403
10001.0,110.0,0.494486
10001.0,111.0,0.467561
10001.0,112.0,0.369559
10001.0,113.0,0.480617
10001.0,114.0,0.465384
10001.0,115.0,0.546459
10001.0,116.0,0.523763
10001.0,117.0,0.454899
10001.0,118.0,0.560163
10001.0,119.0,0.496246
10001.0,120.0,0.592648
10001.0,121.0,0.432628
10001.0,122.0,0.38123
10001.0,123.0,0.612265
10001.0,124.0,0.406413
10001.0,125.0,0.481976
10001.0,126.0,0.540365
10002.0,0.0,0.468237
10002.0,1.0,0.429592
10002.0,2.0,0.477523
10002.0,3.0,0.495284
10002.0,4.0,0.452336
10002.0,5.0,0.499103
10002.0,6.0,0.445414
10002.0,7.0,0.538371
10002.0,8.0,0.489698
10002.0,9.0,0.449531
10002.0,10.0,0.488491
10002.0,11.0,0.43764
10002.0,12.0,0.447648
10002.0,13.0,0.525404
10002.0,14.0,0.513873
10002.0,15.0,0.462656
10002.0,16.0,0.53915
10002.0,17.0,0.573864
10002.0,18.0,0.550347
10002.0,19.0,0.417708
10002.0,20.0,0.467531
10002.0,21.0,0.463249
10002.0,22.0,0.415498
10002.0,23.0,0.533945
10002.0,24.0,0.464873
10002.0,25.0,0.576849
10002.0,26.0,0.470879
10002.0,27.0,0.462257
10002.0,28.0,0.507862
10002.0,29.0,0.438372
10002.0,30.0,0.481268
10002.0,31.0,0.47222
10002.0,32.0,0.505792
10002.0,33.0,0.442286
10002.0,34.0,0.483527
10002.0,35.0,0.384243
10002.0,36.0,0.421834
10002.0,37.0,0.48423
10002.0,38.0,0.47231
10002.0,39.0,0.490237
10002.0,40.0,0.524116
10002.0,41.0,0.56751
10002.0,42.0,0.506854
10002.0,43.0,0.474577
10002.0,44.0,0.511471
10002.0,45.0,0.54813
10002.0,46.0,0.495056
10002.0,47.0,0.485151
10002.0,48.0,0.425423
10002.0,49.0,0.532486
10002.0,50.0,0.630376
10002.0,51.0,0.544656
10002.0,52.0,0.589229
10002.0,53.0,0.558255
10002.0,54.0,0.386047
10002.0,55.0,0.608113
10002.0,56.0,0.513654
10002.0,57.0,0.522605
10002.0,58.0,0.499961
10002.0,59.0,0.498938
10002.0,60.0,0.539489
10002.0,61.0,0.488531
10002.0,62.0,0.463678
10002.0,63.0,0.620766
10002.0,64.0,0.54175
10002.0,65.0,0.498499
10002.0,66.0,0.47755
10002.0,67.0,0.488433
10002.0,68.0,0.515765
10002.0,69.0,0.465058
10002.0,70.0,0.411949
10002.0,71.0,0.473565
10002.0,72.0,0.503865
10002.0,73.0,0.558423
10002.0,74.0,0.478376
10002.0,75.0,0.45269
10002.0,76.0,0.371605
10002.0,77.0,0.466933
10002.0,78.0,0.525962
10002.0,79.0,0.513061
10002.0,80.0,0.466257
10002.0,81.0,0.497547
10002.0,82.0,0.555675
10002.0,83.0,0.516263
10002.0,84.0,0.408668
10002.0,85.0,0.502256
10002.0,86.0,0.485151
10002.0,87.0,0.554275
10002.0,88.0,0.493669
10002.0,89.0,0.556157
10002.0,90.0,0.450574
10002.0,91.0,0.491465
10002.0,92.0,0.504591
10002.0,93.0,0.486605
10002.0,94.0,0.485122
10002.0,95.0,0.533043
10002.0,96.0,0.475753
10002.0,97.0,0.516112
10002.0,98.0,0.569275
10002.0,99.0,0.487491
10002.0,100.0,0.463275
10002.0,101.0,0.551582
10002.0,102.0,0.52862
10002.0,103.0,0.38796
10002.0,104.0,0.514892
10002.0,105.0,0.472963
10002.0,106.0,0.490078
10002.0,107.0,0.466288
10002.0,108.0,0.49929
10002.0,109.0,0.552372
10002.0,110.0,0.49502
10002.0,111.0,0.467772
10002.0,112.0,0.370037
10002.0,113.0,0.480302
10002.0,114.0,0.46617
10002.0,115.0,0.545984
10002.0,116.0,0.523669
10002.0,117.0,0.455029
10002.0,118.0,0.559532
10002.0,119.0,0.496592
10002.0,120.0,0.592019
10002.0,121.0,0.432483
10002.0,122.0,0.381187
10002.0,123.0,0.611837
10002.0,124.0,0.406473
10002.0,125.0,0.481976
10002.0,126.0,0.540969
10003.0,0.0,0.468527
10003.0,1.0,0.429849
10003.0,2.0,0.477121
10003.0,3.0,0.495592
10003.0,4.0,0.452705
10003.0,5.0,0.499442
10003.0,6.0,0.446263
10003.0,7.0,0.538724
10003.0,8.0,0.49007
10003.0,9.0,0.450032
10003.0,10.0,0.488311
10003.0,11.0,0.437577
10003.0,12.0,0.447518
10003.0,13.0,0.52593
10003.0,14.0,0.514868
10003.0,15.0,0.462724
10003.0,16.0,0.539392
10003.0,17.0,0.574514
10003.0,18.0,0.549947
10003.0,19.0,0.416901
10003.0,20.0,0.468065
10003.0,21.0,0.463364
10003.0,22.0,0.416491
10003.0,23.0,0.535578
10003.0,24.0,0.465388
10003.0,25.0,0.577109
10003.0,26.0,0.471334
10003.0,27.0,0.462355
10003.0,28.0,0.507351
10003.0,29.0,0.438437
10003.0,30.0,0.481145
10003.0,31.0,0.47228
10003.0,32.0,0.505626
10003.0,33.0,0.442653
10003.0,34.0,0.484619
10003.0,35.0,0.384944
10003.0,36.0,0.421598
10003.0,37.0,0.48531
10003.0,38.0,0.473696
10003.0,39.0,0.490447
10003.0,40.0,0.522865
10003.0,41.0,0.567443
10003.0,42.0,0.506223
10003.0,43.0,0.474498
10003.0,44.0,0.511944
10003.0,45.0,0.548746
10003.0,46.0,0.495209
10003.0,47.0,0.485093
10003.0,48.0,0.425277
10003.0,49.0,0.53334
10003.0,50.0,0.630327
10003.0,51.0,0.544642
10003.0,52.0,0.590348
10003.0,53.0,0.559319
10003.0,54.0,0.385378
10003.0,55.0,0.608179
10003.0,56.0,0.51339
10003.0,57.0,0.522694
10003.0,58.0,0.500299
10003.0,59.0,0.49894
10003.0,60.0,0.538836
10003.0,61.0,0.48943
10003.0,62.0,0.463472
10003.0,63.0,0.621439
10003.0,64.0,0.541647
10003.0,65.0,0.498326
10003.0,66.0,0.477871
10003.0,67.0,0.489462
10003.0,68.0,0.515385
10003.0,69.0,0.465093
10003.0,70.0,0.411445
10003.0,71.0,0.474339
10003.0,72.0,0.502864
10003.0,73.0,0.558123
10003.0,74.0,0.478109
10003.0,75.0,0.452253
10003.0,76.0,0.371745
10003.0,77.0,0.466767
10003.0,78.0,0.526692
10003.0,79.0,0.512461
10003.0,80.0,0.465964
10003.0,81.0,0.496826
10003.0,82.0,0.554995
10003.0,83.0,0.51612
10003.0,84.0,0.408446
10003.0,85.0,0.501421
10003.0,86.0,0.4855
10003.0,87.0,0.553235
10003.0,88.0,0.494055
10003.0,89.0,0.55599
10003.0,90.0,0.45121
10003.0,91.0,0.492275
10003.0,92.0,0.504121
10003.0,93.0,0.485695
10003.0,94.0,0.485873
10003.0,95.0,0.533893
10003.0,96.0,0.475771
10003.0,97.0,0.51633
10003.0,98.0,0.569335
10003.0,99.0,0.487462
10003.0,100.0,0.463149
10003.0,101.0,0.551943
10003.0,102.0,0.529107
10003.0,103.0,0.388057
10003.0,104.0,0.514784
10003.0,105.0,0.472885
10003.0,106.0,0.48977
10003.0,107.0,0.466575
10003.0,108.0,0.499377
10003.0,109.0,0.552296
10003.0,110.0,0.494972
10003.0,111.0,0.468227
10003.0,112.0,0.369941
10003.0,113.0,0.479651
10003.0,114.0,0.465857
10003.0,115.0,0.545416
10003.0,116.0,0.523418
10003.0,117.0,0.455372
10003.0,118.0,0.560466
10003.0,119.0,0.496068
10003.0,120.0,0.591936
10003.0,121.0,0.432963
10003.0,122.0,0.381129
10003.0,123.0,0.611317
10003.0,124.0,0.40664
10003.0,125.0,0.482415
10003.0,126.0,0.540917
10004.0,0.0,0.469047
10004.0,1.0,0.42984
10004.0,2.0,0.476447
10004.0,3.0,0.495268
10004.0,4.0,0.452869
10004.0,5.0,0.499291
10004.0,6.0,0.446586
10004.0,7.0,0.538602
10004.0,8.0,0.489881
10004.0,9.0,0.44976
10004.0,10.0,0.488346
10004.0,11.0,0.437516
10004.0,12.0,0.447726
10004.0,13.0,0.525607
10004.0,14.0,0.514512
10004.0,15.0,0.463344
10004.0,16.0,0.539612
10004.0,17.0,0.574232
10004.0,18.0,0.549976
10004.0,19.0,0.416961
10004.0,20.0,0.468112
10004.0,21.0,0.463347
10004.0,22.0,0.416442
10004.0,23.0,0.535523
10004.0,24.0,0.466234
10004.0,25.0,0.577157
10004.0,26.0,0.471613
10004.0,27.0,0.461924
10004.0,28.0,0.507427
10004.0,29.0,0.438131
10004.0,30.0,0.481671
10004.0,31.0,0.472024
10004.0,32.0,0.50572
10004.0,33.0,0.442643
10004.0,34.0,0.484141
10004.0,35.0,0.385293
10004.0,36.0,0.422014
10004.0,37.0,0.484886
10004.0,38.0,0.474305
10004.0,39.0,0.490322
10004.0,40.0,0.523049
10004.0,41.0,0.567366
10004.0,42.0,0.506482
10004.0,43.0,0.47524
10004.0,44.0,0.512066
10004.0,45.0,0.548599
10004.0,46.0,0.495369
10004.0,47.0,0.485377
10004.0,48.0,0.42497
10004.0,49.0,0.532986
10004.0,50.0,0.63067
10004.0,51.0,0.545385
10004.0,52.0,0.590574
10004.0,53.0,0.559062
10004.0,54.0,0.385938
10004.0,55.0,0.607989
10004.0,56.0,0.513571
10004.0,57.0,0.52222
10004.0,58.0,0.500501
10004.0,59.0,0.498411
10004.0,60.0,0.539222
10004.0,61.0,0.48954
10004.0,62.0,0.463515
10004.0,63.0,0.621266
10004.0,64.0,0.541331
10004.0,65.0,0.497494
10004.0,66.0,0.478812
10004.0,67.0,0.490197
10004.0,68.0,0.514571
10004.0,69.0,0.465498
10004.0,70.0,0.411189
10004.0,71.0,0.474467
10004.0,72.0,0.503146
10004.0,73.0,0.558507
10004.0,74.0,0.477204
10004.0,75.0,0.452823
10004.0,76.0,0.371101
10004.0,77.0,0.46695
10004.0,78.0,0.526923
10004.0,79.0,0.512178
10004.0,80.0,0.466046
10004.0,81.0,0.496574
10004.0,82.0,0.553584
10004.0,83.0,0.515217
10004.0,84.0,0.407983
10004.0,85.0,0.501628
10004.0,86.0,0.485677
10004.0,87.0,0.55284
10004.0,88.0,0.493398
10004.0,89.0,0.556196
10004.0,90.0,0.452011
10004.0,91.0,0.491567
10004.0,92.0,0.504622
10004.0,93.0,0.486031
10004.0,94.0,0.48587
10004.0,95.0,0.533528
10004.0,96.0,0.474897
10004.0,97.0,0.515618
10004.0,98.0,0.568758
10004.0,99.0,0.486625
10004.0,100.0,0.463259
10004.0,101.0,0.551191
10004.0,102.0,0.529877
10004.0,103.0,0.387632
10004.0,104.0,0.515278
10004.0,105.0,0.473022
10004.0,106.0,0.490019
10004.0,107.0,0.465961
10004.0,108.0,0.498456
10004.0,109.0,0.55227
10004.0,110.0,0.495467
10004.0,111.0,0.469088
10004.0,112.0,0.370079
10004.0,113.0,0.479299
10004.0,114.0,0.465181
10004.0,115.0,0.544768
10004.0,116.0,0.523379
10004.0,117.0,0.455338
10004.0,118.0,0.560997
10004.0,119.0,0.495962
10004.0,120.0,0.592584
10004.0,121.0,0.433352
10004.0,122.0,0.381286
10004.0,123.0,0.611338
10004.0,124.0,0.407363
10004.0,125.0,0.482842
10004.0,126.0,0.540769
10005.0,0.0,0.469028
10005.0,1.0,0.429072
10005.0,2.0,0.476045
10005.0,3.0,0.494884
10005.0,4.0,0.452661
10005.0,5.0,0.49917
10005.0,6.0,0.44636
10005.0,7.0,0.537925
10005.0,8.0,0.49068
10005.0,9.0,0.449677
10005.0,10.0,0.489184
10005.0,11.0,0.437915
10005.0,12.0,0.447833
10005.0,13.0,0.525141
10005.0,14.0,0.51358
10005.0,15.0,0.463031
10005.0,16.0,0.540357
10005.0,17.0,0.573659
10005.0,18.0,0.549805
10005.0,19.0,0.41632
10005.0,20.0,0.468317
10005.0,21.0,0.463635
10005.0,22.0,0.417123
10005.0,23.0,0.535651
10005.0,24.0,0.466603
10005.0,25.0,0.577227
10005.0,26.0,0.473183
10005.0,27.0,0.462063
10005.0,28.0,0.50781
10005.0,29.0,0.43788
10005.0,30.0,0.481856
10005.0,31.0,0.471812
10005.0,32.0,0.505395
10005.0,33.0,0.443071
10005.0,34.0,0.484223
10005.0,35.0,0.385439
10005.0,36.0,0.422079
10005.0,37.0,0.484885
10005.0,38.0,0.474435
10005.0,39.0,0.490683
10005.0,40.0,0.522969
10005.0,41.0,0.567897
10005.0,42.0,0.506846
10005.0,43.0,0.476237
10005.0,44.0,0.513378
10005.0,45.0,0.549717
10005.0,46.0,0.495403
10005.0,47.0,0.485511
10005.0,48.0,0.425716
10005.0,49.0,0.533431
10005.0,50.0,0.630589
10005.0,51.0,0.544974
10005.0,52.0,0.592153
10005.0,53.0,0.559505
10005.0,54.0,0.385718
10005.0,55.0,0.608636
10005.0,56.0,0.513547
10005.0,57.0,0.521757
10005.0,58.0,0.500281
10005.0,59.0,0.497961
10005.0,60.0,0.539692
10005.0,61.0,0.489324
10005.0,62.0,0.462887
10005.0,63.0,0.620927
10005.0,64.0,0.541842
10005.0,65.0,0.497299
10005.0,66.0,0.47861
10005.0,67.0,0.490106
10005.0,68.0,0.514587
10005.0,69.0,0.464499
10005.0,70.0,0.410755
10005.0,71.0,0.474098
10005.0,72.0,0.503272
10005.0,73.0,0.558135
10005.0,74.0,0.477678
10005.0,75.0,0.452426
10005.0,76.0,0.36967
10005.0,77.0,0.466951
10005.0,78.0,0.526698
10005.0,79.0,0.512624
10005.0,80.0,0.465385
10005.0,81.0,0.49639
10005.0,82.0,0.554392
10005.0,83.0,0.515569
10005.0,84.0,0.408293
10005.0,85.0,0.501742
10005.0,86.0,0.485534
10005.0,87.0,0.553512
10005.0,88.0,0.492997
10005.0,89.0,0.557196
10005.0,90.0,0.452599
10005.0,91.0,0.492737
10005.0,92.0,0.504797
10005.0,93.0,0.486384
10005.0,94.0,0.486755
10005.0,95.0,0.533709
10005.0,96.0,0.475129
10005.0,97.0,0.516349
10005.0,98.0,0.56825
10005.0,99.0,0.485466
10005.0,100.0,0.462944
10005.0,101.0,0.551836
10005.0,102.0,0.530389
10005.0,103.0,0.387794
10005.0,104.0,0.515952
10005.0,105.0,0.473637
10005.0,106.0,0.491015
10005.0,107.0,0.465173
10005.0,108.0,0.498363
10005.0,109.0,0.551491
10005.0,110.0,0.494947
10005.0,111.0,0.468771
10005.0,112.0,0.370402
10005.0,113.0,0.478649
10005.0,114.0,0.46481
10005.0,115.0,0.545784
10005.0,116.0,0.523347
10005.0,117.0,0.455818
10005.0,118.0,0.560226
10005.0,119.0,0.49575
10005.0,120.0,0.591524
10005.0,121.0,0.432764
10005.0,122.0,0.381487
10005.0,123.0,0.611578
10005.0,124.0,0.407374
10005.0,125.0,0.482847
10005.0,126.0,0.541133
10006.0,0.0,0.468678
10006.0,1.0,0.428588
10006.0,2.0,0.476582
10006.0,3.0,0.493663
10006.0,4.0,0.45275
10006.0,5.0,0.498988
10006.0,6.0,0.446674
10006.0,7.0,0.537706
10006.0,8.0,0.490663
10006.0,9.0,0.450132
10006.0,10.0,0.488901
10006.0,11.0,0.438361
10006.0,12.0,0.447949
10006.0,13.0,0.525257
10006.0,14.0,0.513237
10006.0,15.0,0.463281
10006.0,16.0,0.540562
10006.0,17.0,0.574021
10006.0,18.0,0.549287
10006.0,19.0,0.416868
10006.0,20.0,0.468291
10006.0,21.0,0.462834
10006.0,22.0,0.417403
10006.0,23.0,0.535068
10006.0,24.0,0.466513
10006.0,25.0,0.577994
10006.0,26.0,0.473575
10006.0,27.0,0.46195
10006.0,28.0,0.50704
10006.0,29.0,0.437422
10006.0,30.0,0.482085
10006.0,31.0,0.471178
10006.0,32.0,0.505074
10006.0,33.0,0.442494
10006.0,34.0,0.483786
10006.0,35.0,0.385722
10006.0,36.0,0.421963
10006.0,37.0,0.484677
10006.0,38.0,0.473438
10006.0,39.0,0.49106
10006.0,40.0,0.52251
10006.0,41.0,0.567205
10006.0,42.0,0.507262
10006.0,43.0,0.476454
10006.0,44.0,0.513339
10006.0,45.0,0.549938
10006.0,46.0,0.495296
10006.0,47.0,0.485302
10006.0,48.0,0.425362
10006.0,49.0,0.533491
10006.0,50.0,0.631033
10006.0,51.0,0.544981
10006.0,52.0,0.592465
10006.0,53.0,0.558669
10006.0,54.0,0.385728
10006.0,55.0,0.608246
10006.0,56.0,0.514148
10006.0,57.0,0.521912
10006.0,58.0,0.49993
10006.0,59.0,0.497873
10006.0,60.0,0.540095
10006.0,61.0,0.489881
10006.0,62.0,0.463361
10006.0,63.0,0.621083
10006.0,64.0,0.541763
10006.0,65.0,0.497636
10006.0,66.0,0.478423
10006.0,67.0,0.490203
10006.0,68.0,0.514536
10006.0,69.0,0.464714
10006.0,70.0,0.410082
10006.0,71.0,0.47361
10006.0,72.0,0.502402
10006.0,73.0,0.557624
10006.0,74.0,0.477723
10006.0,75.0,0.452219
10006.0,76.0,0.369359
10006.0,77.0,0.466781
10006.0,78.0,0.526114
10006.0,79.0,0.51192
10006.0,80.0,0.464998
10006.0,81.0,0.495736
10006.0,82.0,0.554032
10006.0,83.0,0.514936
10006.0,84.0,0.408262
10006.0,85.0,0.501339
10006.0,86.0,0.486161
10006.0,87.0,0.553553
10006.0,88.0,0.492879
10006.0,89.0,0.556185
10006.0,90.0,0.451908
10006.0,91.0,0.492831
10006.0,92.0,0.505182
10006.0,93.0,0.487256
10006.0,94.0,0.486911
10006.0,95.0,0.534002
10006.0,96.0,0.4744
10006.0,97.0,0.516781
10006.0,98.0,0.567653
10006.0,99.0,0.486101
10006.0,100.0,0.462737
10006.0,101.0,0.551746
10006.0,102.0,0.530715
10006.0,103.0,0.387448
10006.0,104.0,0.515908
10006.0,105.0,0.473185
10006.0,106.0,0.490957
10006.0,107.0,0.46531
10006.0,108.0,0.498337
10006.0,109.0,0.551839
10006.0,110.0,0.495552
10006.0,111.0,0.469423
10006.0,112.0,0.370382
10006.0,113.0,0.478159
10006.0,114.0,0.464696
10006.0,115.0,0.545905
10006.0,116.0,0.523803
10006.0,117.0,0.455211
10006.0,118.0,0.559765
10006.0,119.0,0.495725
10006.0,120.0,0.590884
10006.0,121.0,0.433548
10006.0,122.0,0.38146
10006.0,123.0,0.611461
10006.0,124.0,0.406731
10006.0,125.0,0.483827
10006.0,126.0,0.540929
10007.0,0.0,0.468099
10007.0,1.0,0.428841
10007.0,2.0,0.476118
10007.0,3.0,0.493729
10007.0,4.0,0.451863
10007.0,5.0,0.498683
10007.0,6.0,0.445415
10007.0,7.0,0.537199
10007.0,8.0,0.491236
10007.0,9.0,0.450456
10007.0,10.0,0.489836
10007.0,11.0,0.437902
10007.0,12.0,0.448008
10007.0,13.0,0.525066
10007.0,14.0,0.513603
10007.0,15.0,0.463223
10007.0,16.0,0.540839
10007.0,17.0,0.574222
10007.0,18.0,0.550206
10007.0,19.0,0.417084
10007.0,20.0,0.468144
10007.0,21.0,0.46318
10007.0,22.0,0.41728
10007.0,23.0,0.536223
10007.0,24.0,0.466679
10007.0,25.0,0.577909
10007.0,26.0,0.473949
10007.0,27.0,0.462256
10007.0,28.0,0.506521
10007.0,29.0,0.437364
10007.0,30.0,0.482058
10007.0,31.0,0.471627
10007.0,32.0,0.505599
10007.0,33.0,0.442142
10007.0,34.0,0.484187
10007.0,35.0,0.38588
10007.0,36.0,0.421374
10007.0,37.0,0.484719
10007.0,38.0,0.473709
10007.0,39.0,0.491753
10007.0,40.0,0.522524
10007.0,41.0,0.566826
10007.0,42.0,0.507233
10007.0,43.0,0.476504
10007.0,44.0,0.514067
10007.0,45.0,0.549872
10007.0,46.0,0.494922
10007.0,47.0,0.485625
10007.0,48.0,0.425462
10007.0,49.0,0.534311
10007.0,50.0,0.630713
10007.0,51.0,0.545074
10007.0,52.0,0.593043
10007.0,53.0,0.559472
10007.0,54.0,0.385247
10007.0,55.0,0.60856
10007.0,56.0,0.514182
10007.0,57.0,0.522241
10007.0,58.0,0.499162
10007.0,59.0,0.498713
10007.0,60.0,0.540511
10007.0,61.0,0.490178
10007.0,62.0,0.463413
10007.0,63.0,0.620708
10007.0,64.0,0.541927
10007.0,65.0,0.497575
10007.0,66.0,0.478752
10007.0,67.0,0.49034
10007.0,68.0,0.514759
10007.0,69.0,0.463768
10007.0,70.0,0.410029
10007.0,71.0,0.472774
10007.0,72.0,0.502231
10007.0,73.0,0.55773
10007.0,74.0,0.477898
10007.0,75.0,0.452074
10007.0,76.0,0.369967
10007.0,77.0,0.46686
10007.0,78.0,0.526212
10007.0,79.0,0.51248
10007.0,80.0,0.465469
10007.0,81.0,0.496242
10007.0,82.0,0.554077
10007.0,83.0,0.515705
10007.0,84.0,0.408142
10007.0,85.0,0.501908
10007.0,86.0,0.486222
10007.0,87.0,0.554024
10007.0,88.0,0.49156
10007.0,89.0,0.556555
10007.0,90.0,0.452509
10007.0,91.0,0.492592
10007.0,92.0,0.505036
10007.0,93.0,0.48661
10007.0,94.0,0.486454
10007.0,95.0,0.53415
10007.0,96.0,0.474708
10007.0,97.0,0.516725
10007.0,98.0,0.567902
10007.0,99.0,0.485545
10007.0,100.0,0.461728
10007.0,101.0,0.552575
10007.0,102.0,0.531311
10007.0,103.0,0.386987
10007.0,104.0,0.516669
10007.0,105.0,0.473393
10007.0,106.0,0.491062
10007.0,107.0,0.464818
10007.0,108.0,0.498421
10007.0,109.0,0.551686
10007.0,110.0,0.495556
10007.0,111.0,0.47025
10007.0,112.0,0.370648
10007.0,113.0,0.478282
10007.0,114.0,0.46394
10007.0,115.0,0.545633
10007.0,116.0,0.523483
10007.0,117.0,0.455266
10007.0,118.0,0.559277
10007.0,119.0,0.495813
10007.0,120.0,0.591328
10007.0,121.0,0.433912
10007.0,122.0,0.380856
10007.0,123.0,0.611352
10007.0,124.0,0.405733
10007.0,125.0,0.484257
10007.0,126.0,0.541308
10008.0,0.0,0.467816
10008.0,1.0,0.429167
10008.0,2.0,0.475952
10008.0,3.0,0.493545
10008.0,4.0,0.451255
10008.0,5.0,0.498591
10008.0,6.0,0.445021
10008.0,7.0,0.535992
10008.0,8.0,0.491342
10008.0,9.0,0.450469
10008.0,10.0,0.489358
10008.0,11.0,0.438019
10008.0,12.0,0.44796
10008.0,13.0,0.525011
10008.0,14.0,0.512915
10008.0,15.0,0.46471
10008.0,16.0,0.540834
10008.0,17.0,0.573861
10008.0,18.0,0.550874
10008.0,19.0,0.417325
10008.0,20.0,0.467959
10008.0,21.0,0.463337
10008.0,22.0,0.417279
10008.0,23.0,0.536942
10008.0,24.0,0.466712
10008.0,25.0,0.578138
10008.0,26.0,0.47365
10008.0,27.0,0.462349
10008.0,28.0,0.506594
10008.0,29.0,0.436363
10008.0,30.0,0.482225
10008.0,31.0,0.470959
10008.0,32.0,0.505377
10008.0,33.0,0.441206
10008.0,34.0,0.484789
10008.0,35.0,0.386425
10008.0,36.0,0.421661
10008.0,37.0,0.484514
10008.0,38.0,0.473632
10008.0,39.0,0.491633
10008.0,40.0,0.521671
10008.0,41.0,0.567167
10008.0,42.0,0.506488
10008.0,43.0,0.476088
10008.0,44.0,0.513845
10008.0,45.0,0.550068
10008.0,46.0,0.495029
10008.0,47.0,0.485844
10008.0,48.0,0.425692
10008.0,49.0,0.534611
10008.0,50.0,0.631276
10008.0,51.0,0.544855
10008.0,52.0,0.593034
10008.0,53.0,0.558977
10008.0,54.0,0.38412
10008.0,55.0,0.607737
10008.0,56.0,0.514207
10008.0,57.0,0.521768
10008.0,58.0,0.498898
10008.0,59.0,0.498037
10008.0,60.0,0.540672
10008.0,61.0,0.490187
10008.0,62.0,0.463826
10008.0,63.0,0.620581
10008.0,64.0,0.54204
10008.0,65.0,0.497363
10008.0,66.0,0.47856
10008.0,67.0,0.490727
10008.0,68.0,0.515378
10008.0,69.0,0.463582
10008.0,70.0,0.410674
10008.0,71.0,0.471311
10008.0,72.0,0.501562
10008.0,73.0,0.557854
10008.0,74.0,0.476759
10008.0,75.0,0.451688
10008.0,76.0,0.37014
10008.0,77.0,0.466807
10008.0,78.0,0.526048
10008.0,79.0,0.512641
10008.0,80.0,0.464872
10008.0,81.0,0.496496
10008.0,82.0,0.554101
10008.0,83.0,0.516536
10008.0,84.0,0.408457
10008.0,85.0,0.501631
10008.0,86.0,0.486064
10008.0,87.0,0.55447
10008.0,88.0,0.491563
10008.0,89.0,0.55677
10008.0,90.0,0.452368
10008.0,91.0,0.493599
10008.0,92.0,0.505298
10008.0,93.0,0.486267
10008.0,94.0,0.487327
10008.0,95.0,0.533637
10008.0,96.0,0.474947
10008.0,97.0,0.516893
10008.0,98.0,0.567588
10008.0,99.0,0.485362
10008.0,100.0,0.461471
10008.0,101.0,0.551705
10008.0,102.0,0.531926
10008.0,103.0,0.387783
10008.0,104.0,0.516028
10008.0,105.0,0.473391
10008.0,106.0,0.490721
10008.0,107.0,0.464522
10008.0,108.0,0.498648
10008.0,109.0,0.551694
10008.0,110.0,0.495458
10008.0,111.0,0.470188
10008.0,112.0,0.370387
10008.0,113.0,0.479264
10008.0,114.0,0.46383
10008.0,115.0,0.545744
10008.0,116.0,0.522631
10008.0,117.0,0.45505
10008.0,118.0,0.559414
10008.0,119.0,0.495423
10008.0,120.0,0.591441
10008.0,121.0,0.434001
10008.0,122.0,0.380724
10008.0,123.0,0.611988
10008.0,124.0,0.40562
10008.0,125.0,0.484776
10008.0,126.0,0.541305
10009.0,0.0,0.467542
10009.0,1.0,0.429575
10009.0,2.0,0.475771
10009.0,3.0,0.494184
10009.0,4.0,0.450942
10009.0,5.0,0.497619
10009.0,6.0,0.445203
10009.0,7.0,0.53645
10009.0,8.0,0.491587
10009.0,9.0,0.451389
10009.0,10.0,0.48995
10009.0,11.0,0.438146
10009.0,12.0,0.447354
10009.0,13.0,0.525172
10009.0,14.0,0.512308
10009.0,15.0,0.464534
10009.0,16.0,0.540753
10009.0,17.0,0.573058
10009.0,18.0,0.550808
10009.0,19.0,0.416975
10009.0,20.0,0.467095
10009.0,21.0,0.463579
10009.0,22.0,0.417704
10009.0,23.0,0.53692
10009.0,24.0,0.465481
10009.0,25.0,0.57784
10009.0,26.0,0.473198
10009.0,27.0,0.46265
10009.0,28.0,0.507463
10009.0,29.0,0.43686
10009.0,30.0,0.48165
10009.0,31.0,0.471311
10009.0,32.0,0.504806
10009.0,33.0,0.441521
10009.0,34.0,0.484588
10009.0,35.0,0.386825
10009.0,36.0,0.42186
10009.0,37.0,0.484817
10009.0,38.0,0.474459
10009.0,39.0,0.491109
10009.0,40.0,0.521523
10009.0,41.0,0.567606
10009.0,42.0,0.50644
10009.0,43.0,0.475398
10009.0,44.0,0.514043
10009.0,45.0,0.54892
10009.0,46.0,0.495216
10009.0,47.0,0.485503
10009.0,48.0,0.425469
10009.0,49.0,0.533843
10009.0,50.0,0.63098
10009.0,51.0,0.544855
10009.0,52.0,0.593099
10009.0,53.0,0.558437
10009.0,54.0,0.384869
10009.0,55.0,0.608313
10009.0,56.0,0.513881
10009.0,57.0,0.521842
10009.0,58.0,0.499491
10009.0,59.0,0.498817
10009.0,60.0,0.539526
10009.0,61.0,0.490263
10009.0,62.0,0.464569
10009.0,63.0,0.61963
10009.0,64.0,0.542176
10009.0,65.0,0.497454
10009.0,66.0,0.478082
10009.0,67.0,0.490349
10009.0,68.0,0.515482
10009.0,69.0,0.463688
10009.0,70.0,0.410832
10009.0,71.0,0.470808
10009.0,72.0,0.500771
10009.0,73.0,0.557168
10009.0,74.0,0.477458
10009.0,75.0,0.451782
10009.0,76.0,0.369714
10009.0,77.0,0.467205
10009.0,78.0,0.526551
10009.0,79.0,0.511996
10009.0,80.0,0.465532
10009.0,81.0,0.496179
10009.0,82.0,0.55358
10009.0,83.0,0.51586
10009.0,84.0,0.408666
10009.0,85.0,0.501784
10009.0,86.0,0.486579
10009.0,87.0,0.554816
10009.0,88.0,0.492265
10009.0,89.0,0.556984
10009.0,90.0,0.451725
10009.0,91.0,0.493178
10009.0,92.0,0.506174
10009.0,93.0,0.486188
10009.0,94.0,0.487028
10009.0,95.0,0.533999
10009.0,96.0,0.474892
10009.0,97.0,0.51726
10009.0,98.0,0.567192
10009.0,99.0,0.485109
10009.0,100.0,0.462224
10009.0,101.0,0.552192
10009.0,102.0,0.531837
10009.0,103.0,0.387312
10009.0,104.0,0.516872
10009.0,105.0,0.473899
10009.0,106.0,0.490268
10009.0,107.0,0.464543
10009.0,108.0,0.498541
10009.0,109.0,0.551081
10009.0,110.0,0.495211
10009.0,111.0,0.469586
10009.0,112.0,0.370519
10009.0,113.0,0.4795
10009.0,114.0,0.464357
10009.0,115.0,0.544582
10009.0,116.0,0.52287
10009.0,117.0,0.455216
10009.0,118.0,0.560011
10009.0,119.0,0.494281
10009.0,120.0,0.591162
10009.0,121.0,0.433813
10009.0,122.0,0.380862
10009.0,123.0,0.612222
10009.0,124.0,0.405322
10009.0,125.0,0.484631
10009.0,126.0,0.541838
10010.0,0.0,0.468531
10010.0,1.0,0.429495
10010.0,2.0,0.476014
10010.0,3.0,0.495284
10010.0,4.0,0.450459
10010.0,5.0,0.49757
10010.0,6.0,0.445123
10010.0,7.0,0.535732
10010.0,8.0,0.491587
10010.0,9.0,0.451881
10010.0,10.0,0.48997
10010.0,11.0,0.438674
10010.0,12.0,0.447088
10010.0,13.0,0.524983
10010.0,14.0,0.512336
10010.0,15.0,0.464704
10010.0,16.0,0.540586
10010.0,17.0,0.57416
10010.0,18.0,0.550517
10010.0,19.0,0.416829
10010.0,20.0,0.467185
10010.0,21.0,0.462637
10010.0,22.0,0.417357
10010.0,23.0,0.537038
10010.0,24.0,0.464814
10010.0,25.0,0.578307
10010.0,26.0,0.472871
10010.0,27.0,0.46153
10010.0,28.0,0.507334
10010.0,29.0,0.435843
10010.0,30.0,0.482115
10010.0,31.0,0.472279
10010.0,32.0,0.505156
10010.0,33.0,0.441107
10010.0,34.0,0.484805
10010.0,35.0,0.386997
10010.0,36.0,0.421408
10010.0,37.0,0.484709
10010.0,38.0,0.474699
10010.0,39.0,0.490797
10010.0,40.0,0.522229
10010.0,41.0,0.568068
10010.0,42.0,0.505753
10010.0,43.0,0.476373
10010.0,44.0,0.513893
10010.0,45.0,0.548719
10010.0,46.0,0.494787
10010.0,47.0,0.485708
10010.0,48.0,0.425982
10010.0,49.0,0.533691
10010.0,50.0,0.630871
10010.0,51.0,0.544659
10010.0,52.0,0.593
10010.0,53.0,0.557995
10010.0,54.0,0.384592
10010.0,55.0,0.609721
10010.0,56.0,0.513928
10010.0,57.0,0.52214
10010.0,58.0,0.499845
10010.0,59.0,0.498702
10010.0,60.0,0.539353
10010.0,61.0,0.490258
10010.0,62.0,0.464331
10010.0,63.0,0.61921
10010.0,64.0,0.542325
10010.0,65.0,0.497164
10010.0,66.0,0.47804
10010.0,67.0,0.49023
10010.0,68.0,0.515423
10010.0,69.0,0.463935
10010.0,70.0,0.411199
10010.0,71.0,0.471011
10010.0,72.0,0.50031
10010.0,73.0,0.556838
10010.0,74.0,0.477995
10010.0,75.0,0.452748
10010.0,76.0,0.369519
10010.0,77.0,0.466733
10010.0,78.0,0.527386
10010.0,79.0,0.512534
10010.0,80.0,0.465234
10010.0,81.0,0.496448
10010.0,82.0,0.553609
10010.0,83.0,0.515453
10010.0,84.0,0.409478
10010.0,85.0,0.501204
10010.0,86.0,0.486226
10010.0,87.0,0.55468
10010.0,88.0,0.492855
10010.0,89.0,0.55692
10010.0,90.0,0.451852
10010.0,91.0,0.493048
10010.0,92.0,0.505935
10010.0,93.0,0.48711
10010.0,94.0,0.487478
10010.0,95.0,0.533624
10010.0,96.0,0.474866
10010.0,97.0,0.517058
10010.0,98.0,0.567321
10010.0,99.0,0.485277
10010.0,100.0,0.461615
10010.0,101.0,0.552474
10010.0,102.0,0.531847
10010.0,103.0,0.387026
10010.0,104.0,0.517013
10010.0,105.0,0.474233
10010.0,106.0,0.489476
10010.0,107.0,0.464057
10010.0,108.0,0.497766
10010.0,109.0,0.551652
10010.0,110.0,0.495766
10010.0,111.0,0.468582
10010.0,112.0,0.370553
10010.0,113.0,0.479832
10010.0,114.0,0.464146
10010.0,115.0,0.544182
10010.0,116.0,0.523105
10010.0,117.0,0.454591
10010.0,118.0,0.560639
10010.0,119.0,0.494441
10010.0,120.0,0.590352
10010.0,121.0,0.433252
10010.0,122.0,0.380261
10010.0,123.0,0.612543
10010.0,124.0,0.406348
10010.0,125.0,0.484596
10010.0,126.0,0.542333
