FREQUENCIES 
Gen,mut_id,mut_freq
1.0,0.0,0.5
1.0,1.0,0.5
1.0,2.0,0.5
1.0,3.0,0.5
1.0,4.0,0.5
1.0,5.0,0.5
1.0,6.0,0.5
1.0,7.0,0.5
1.0,8.0,0.5
1.0,9.0,0.5
1.0,10.0,0.5
1.0,11.0,0.5
1.0,12.0,0.5
1.0,13.0,0.5
1.0,14.0,0.5
1.0,15.0,0.5
1.0,16.0,0.5
1.0,17.0,0.5
1.0,18.0,0.5
1.0,19.0,0.5
1.0,20.0,0.5
1.0,21.0,0.5
1.0,22.0,0.5
1.0,23.0,0.5
1.0,24.0,0.5
1.0,25.0,0.5
1.0,26.0,0.5
1.0,27.0,0.5
1.0,28.0,0.5
1.0,29.0,0.5
1.0,30.0,0.5
1.0,31.0,0.5
1.0,32.0,0.5
1.0,33.0,0.5
1.0,34.0,0.5
1.0,35.0,0.5
1.0,36.0,0.5
1.0,37.0,0.5
1.0,38.0,0.5
1.0,39.0,0.5
1.0,40.0,0.5
1.0,41.0,0.5
1.0,42.0,0.5
1.0,43.0,0.5
1.0,44.0,0.5
1.0,45.0,0.5
1.0,46.0,0.5
1.0,47.0,0.5
1.0,48.0,0.5
1.0,49.0,0.5
1.0,50.0,0.5
1.0,51.0,0.5
1.0,52.0,0.5
1.0,53.0,0.5
1.0,54.0,0.5
1.0,55.0,0.5
1.0,56.0,0.5
1.0,57.0,0.5
1.0,58.0,0.5
1.0,59.0,0.5
1.0,60.0,0.5
1.0,61.0,0.5
1.0,62.0,0.5
1.0,63.0,0.5
1.0,64.0,0.5
1.0,65.0,0.5
1.0,66.0,0.5
1.0,67.0,0.5
1.0,68.0,0.5
1.0,69.0,0.5
1.0,70.0,0.5
1.0,71.0,0.5
1.0,72.0,0.5
1.0,73.0,0.5
1.0,74.0,0.5
1.0,75.0,0.5
1.0,76.0,0.5
1.0,77.0,0.5
1.0,78.0,0.5
1.0,79.0,0.5
1.0,80.0,0.5
1.0,81.0,0.5
1.0,82.0,0.5
1.0,83.0,0.5
1.0,84.0,0.5
1.0,85.0,0.5
1.0,86.0,0.5
1.0,87.0,0.5
1.0,88.0,0.5
1.0,89.0,0.5
1.0,90.0,0.5
1.0,91.0,0.5
1.0,92.0,0.5
1.0,93.0,0.5
1.0,94.0,0.5
1.0,95.0,0.5
1.0,96.0,0.5
1.0,97.0,0.5
1.0,98.0,0.5
1.0,99.0,0.5
1.0,100.0,0.5
1.0,101.0,0.5
1.0,102.0,0.5
1.0,103.0,0.5
1.0,104.0,0.5
1.0,105.0,0.5
1.0,106.0,0.5
1.0,107.0,0.5
1.0,108.0,0.5
1.0,109.0,0.5
1.0,110.0,0.5
1.0,111.0,0.5
1.0,112.0,0.5
1.0,113.0,0.5
1.0,114.0,0.5
1.0,115.0,0.5
1.0,116.0,0.5
1.0,117.0,0.5
1.0,118.0,0.5
1.0,119.0,0.5
1.0,120.0,0.5
1.0,121.0,0.5
1.0,122.0,0.5
1.0,123.0,0.5
1.0,124.0,0.5
1.0,125.0,0.5
1.0,126.0,0.5
1000.0,0.0,0.505689
1000.0,1.0,0.524636
1000.0,2.0,0.545071
1000.0,3.0,0.492362
1000.0,4.0,0.504669
1000.0,5.0,0.509087
1000.0,6.0,0.518703
1000.0,7.0,0.4953
1000.0,8.0,0.488983
1000.0,9.0,0.486955
1000.0,10.0,0.52421
1000.0,11.0,0.49899
1000.0,12.0,0.492917
1000.0,13.0,0.533315
1000.0,14.0,0.500093
1000.0,15.0,0.486211
1000.0,16.0,0.520752
1000.0,17.0,0.518671
1000.0,18.0,0.500071
1000.0,19.0,0.49578
1000.0,20.0,0.502467
1000.0,21.0,0.517991
1000.0,22.0,0.50996
1000.0,23.0,0.484649
1000.0,24.0,0.500881
1000.0,25.0,0.496463
1000.0,26.0,0.492917
1000.0,27.0,0.484598
1000.0,28.0,0.503967
1000.0,29.0,0.472052
1000.0,30.0,0.519703
1000.0,31.0,0.531213
1000.0,32.0,0.484813
1000.0,33.0,0.521871
1000.0,34.0,0.487008
1000.0,35.0,0.502409
1000.0,36.0,0.491739
1000.0,37.0,0.498927
1000.0,38.0,0.519818
1000.0,39.0,0.505433
1000.0,40.0,0.479787
1000.0,41.0,0.526368
1000.0,42.0,0.500733
1000.0,43.0,0.47689
1000.0,44.0,0.504336
1000.0,45.0,0.483281
1000.0,46.0,0.502363
1000.0,47.0,0.481587
1000.0,48.0,0.500833
1000.0,49.0,0.482942
1000.0,50.0,0.498235
1000.0,51.0,0.467931
1000.0,52.0,0.503979
1000.0,53.0,0.503184
1000.0,54.0,0.50789
1000.0,55.0,0.490193
1000.0,56.0,0.506188
1000.0,57.0,0.505801
1000.0,58.0,0.497107
1000.0,59.0,0.501763
1000.0,60.0,0.509814
1000.0,61.0,0.505206
1000.0,62.0,0.502264
1000.0,63.0,0.500216
1000.0,64.0,0.51684
1000.0,65.0,0.495191
1000.0,66.0,0.505909
1000.0,67.0,0.507908
1000.0,68.0,0.526065
1000.0,69.0,0.532612
1000.0,70.0,0.503244
1000.0,71.0,0.47621
1000.0,72.0,0.498894
1000.0,73.0,0.495465
1000.0,74.0,0.475529
1000.0,75.0,0.518096
1000.0,76.0,0.52362
1000.0,77.0,0.525024
1000.0,78.0,0.515984
1000.0,79.0,0.534772
1000.0,80.0,0.489406
1000.0,81.0,0.480776
1000.0,82.0,0.488358
1000.0,83.0,0.500632
1000.0,84.0,0.474488
1000.0,85.0,0.49968
1000.0,86.0,0.509877
1000.0,87.0,0.518094
1000.0,88.0,0.490459
1000.0,89.0,0.491362
1000.0,90.0,0.481771
1000.0,91.0,0.491793
1000.0,92.0,0.505177
1000.0,93.0,0.513068
1000.0,94.0,0.514242
1000.0,95.0,0.497043
1000.0,96.0,0.506847
1000.0,97.0,0.510584
1000.0,98.0,0.477603
1000.0,99.0,0.485128
1000.0,100.0,0.463591
1000.0,101.0,0.488152
1000.0,102.0,0.5069
1000.0,103.0,0.507683
1000.0,104.0,0.480502
1000.0,105.0,0.467157
1000.0,106.0,0.490643
1000.0,107.0,0.510079
1000.0,108.0,0.507313
1000.0,109.0,0.491922
1000.0,110.0,0.495377
1000.0,111.0,0.521552
1000.0,112.0,0.527194
1000.0,113.0,0.497959
1000.0,114.0,0.49654
1000.0,115.0,0.508375
1000.0,116.0,0.488581
1000.0,117.0,0.468627
1000.0,118.0,0.511954
1000.0,119.0,0.491813
1000.0,120.0,0.510182
1000.0,121.0,0.487535
1000.0,122.0,0.494629
1000.0,123.0,0.487841
1000.0,124.0,0.50027
1000.0,125.0,0.488323
1000.0,126.0,0.507437
1001.0,0.0,0.50579
1001.0,1.0,0.525535
1001.0,2.0,0.545125
1001.0,3.0,0.491644
1001.0,4.0,0.504602
1001.0,5.0,0.509365
1001.0,6.0,0.518823
1001.0,7.0,0.49522
1001.0,8.0,0.488624
1001.0,9.0,0.485982
1001.0,10.0,0.52354
1001.0,11.0,0.499543
1001.0,12.0,0.492948
1001.0,13.0,0.533523
1001.0,14.0,0.5001
1001.0,15.0,0.486171
1001.0,16.0,0.52054
1001.0,17.0,0.518103
1001.0,18.0,0.49954
1001.0,19.0,0.495994
1001.0,20.0,0.502251
1001.0,21.0,0.517739
1001.0,22.0,0.50854
1001.0,23.0,0.48494
1001.0,24.0,0.500783
1001.0,25.0,0.496153
1001.0,26.0,0.492485
1001.0,27.0,0.484976
1001.0,28.0,0.503868
1001.0,29.0,0.47174
1001.0,30.0,0.51955
1001.0,31.0,0.531428
1001.0,32.0,0.483889
1001.0,33.0,0.522372
1001.0,34.0,0.486302
1001.0,35.0,0.503052
1001.0,36.0,0.491986
1001.0,37.0,0.498099
1001.0,38.0,0.519979
1001.0,39.0,0.504816
1001.0,40.0,0.479246
1001.0,41.0,0.525739
1001.0,42.0,0.500693
1001.0,43.0,0.477051
1001.0,44.0,0.504567
1001.0,45.0,0.48348
1001.0,46.0,0.502015
1001.0,47.0,0.48178
1001.0,48.0,0.501183
1001.0,49.0,0.482555
1001.0,50.0,0.498265
1001.0,51.0,0.468554
1001.0,52.0,0.504572
1001.0,53.0,0.503204
1001.0,54.0,0.508578
1001.0,55.0,0.490095
1001.0,56.0,0.505963
1001.0,57.0,0.505603
1001.0,58.0,0.49685
1001.0,59.0,0.501549
1001.0,60.0,0.510102
1001.0,61.0,0.50575
1001.0,62.0,0.502091
1001.0,63.0,0.500774
1001.0,64.0,0.516989
1001.0,65.0,0.49535
1001.0,66.0,0.506393
1001.0,67.0,0.508197
1001.0,68.0,0.525978
1001.0,69.0,0.532699
1001.0,70.0,0.503383
1001.0,71.0,0.475894
1001.0,72.0,0.49971
1001.0,73.0,0.494121
1001.0,74.0,0.475365
1001.0,75.0,0.519036
1001.0,76.0,0.52273
1001.0,77.0,0.524118
1001.0,78.0,0.516043
1001.0,79.0,0.534826
1001.0,80.0,0.489659
1001.0,81.0,0.480848
1001.0,82.0,0.488137
1001.0,83.0,0.500109
1001.0,84.0,0.474249
1001.0,85.0,0.500103
1001.0,86.0,0.509195
1001.0,87.0,0.517972
1001.0,88.0,0.490587
1001.0,89.0,0.491434
1001.0,90.0,0.482631
1001.0,91.0,0.490859
1001.0,92.0,0.504385
1001.0,93.0,0.511986
1001.0,94.0,0.515409
1001.0,95.0,0.49653
1001.0,96.0,0.507883
1001.0,97.0,0.511245
1001.0,98.0,0.476797
1001.0,99.0,0.483467
1001.0,100.0,0.46355
1001.0,101.0,0.48812
1001.0,102.0,0.507046
1001.0,103.0,0.508662
1001.0,104.0,0.480171
1001.0,105.0,0.467465
1001.0,106.0,0.49057
1001.0,107.0,0.509609
1001.0,108.0,0.507397
1001.0,109.0,0.491375
1001.0,110.0,0.495175
1001.0,111.0,0.521591
1001.0,112.0,0.526619
1001.0,113.0,0.498426
1001.0,114.0,0.496295
1001.0,115.0,0.507293
1001.0,116.0,0.487675
1001.0,117.0,0.468901
1001.0,118.0,0.512282
1001.0,119.0,0.49222
1001.0,120.0,0.509861
1001.0,121.0,0.487316
1001.0,122.0,0.494355
1001.0,123.0,0.487796
1001.0,124.0,0.500372
1001.0,125.0,0.487824
1001.0,126.0,0.507278
1002.0,0.0,0.505818
1002.0,1.0,0.525235
1002.0,2.0,0.544163
1002.0,3.0,0.491006
1002.0,4.0,0.504422
1002.0,5.0,0.509814
1002.0,6.0,0.518928
1002.0,7.0,0.4956
1002.0,8.0,0.488829
1002.0,9.0,0.486001
1002.0,10.0,0.523648
1002.0,11.0,0.4996
1002.0,12.0,0.493617
1002.0,13.0,0.534522
1002.0,14.0,0.499596
1002.0,15.0,0.485545
1002.0,16.0,0.520115
1002.0,17.0,0.518091
1002.0,18.0,0.498845
1002.0,19.0,0.49616
1002.0,20.0,0.502175
1002.0,21.0,0.51802
1002.0,22.0,0.508058
1002.0,23.0,0.484928
1002.0,24.0,0.501107
1002.0,25.0,0.496339
1002.0,26.0,0.492561
1002.0,27.0,0.484656
1002.0,28.0,0.504262
1002.0,29.0,0.472627
1002.0,30.0,0.519592
1002.0,31.0,0.531855
1002.0,32.0,0.483177
1002.0,33.0,0.523006
1002.0,34.0,0.487165
1002.0,35.0,0.502514
1002.0,36.0,0.492197
1002.0,37.0,0.497846
1002.0,38.0,0.520044
1002.0,39.0,0.504679
1002.0,40.0,0.478575
1002.0,41.0,0.525923
1002.0,42.0,0.502341
1002.0,43.0,0.477903
1002.0,44.0,0.503669
1002.0,45.0,0.483723
1002.0,46.0,0.501866
1002.0,47.0,0.482242
1002.0,48.0,0.50124
1002.0,49.0,0.483579
1002.0,50.0,0.497626
1002.0,51.0,0.468074
1002.0,52.0,0.505378
1002.0,53.0,0.503265
1002.0,54.0,0.508473
1002.0,55.0,0.490168
1002.0,56.0,0.505511
1002.0,57.0,0.506662
1002.0,58.0,0.497039
1002.0,59.0,0.502577
1002.0,60.0,0.509787
1002.0,61.0,0.506533
1002.0,62.0,0.502206
1002.0,63.0,0.500894
1002.0,64.0,0.517962
1002.0,65.0,0.495321
1002.0,66.0,0.506435
1002.0,67.0,0.508008
1002.0,68.0,0.525517
1002.0,69.0,0.532378
1002.0,70.0,0.503055
1002.0,71.0,0.475604
1002.0,72.0,0.499723
1002.0,73.0,0.493606
1002.0,74.0,0.475601
1002.0,75.0,0.518581
1002.0,76.0,0.523771
1002.0,77.0,0.524253
1002.0,78.0,0.515101
1002.0,79.0,0.534538
1002.0,80.0,0.489752
1002.0,81.0,0.480767
1002.0,82.0,0.488211
1002.0,83.0,0.500218
1002.0,84.0,0.473522
1002.0,85.0,0.500179
1002.0,86.0,0.509455
1002.0,87.0,0.517837
1002.0,88.0,0.490284
1002.0,89.0,0.492459
1002.0,90.0,0.482797
1002.0,91.0,0.490909
1002.0,92.0,0.505268
1002.0,93.0,0.511952
1002.0,94.0,0.514859
1002.0,95.0,0.495129
1002.0,96.0,0.507924
1002.0,97.0,0.510534
1002.0,98.0,0.477267
1002.0,99.0,0.483704
1002.0,100.0,0.464221
1002.0,101.0,0.488145
1002.0,102.0,0.507318
1002.0,103.0,0.508872
1002.0,104.0,0.479568
1002.0,105.0,0.467911
1002.0,106.0,0.491255
1002.0,107.0,0.508918
1002.0,108.0,0.507043
1002.0,109.0,0.491778
1002.0,110.0,0.495175
1002.0,111.0,0.521162
1002.0,112.0,0.5265
1002.0,113.0,0.498065
1002.0,114.0,0.496019
1002.0,115.0,0.507417
1002.0,116.0,0.487398
1002.0,117.0,0.468463
1002.0,118.0,0.512237
1002.0,119.0,0.493787
1002.0,120.0,0.509689
1002.0,121.0,0.487291
1002.0,122.0,0.493879
1002.0,123.0,0.487123
1002.0,124.0,0.500273
1002.0,125.0,0.488114
1002.0,126.0,0.507595
1003.0,0.0,0.50612
1003.0,1.0,0.525041
1003.0,2.0,0.544483
1003.0,3.0,0.490705
1003.0,4.0,0.504366
1003.0,5.0,0.510409
1003.0,6.0,0.51936
1003.0,7.0,0.495361
1003.0,8.0,0.488968
1003.0,9.0,0.486359
1003.0,10.0,0.522662
1003.0,11.0,0.500135
1003.0,12.0,0.49296
1003.0,13.0,0.533444
1003.0,14.0,0.498572
1003.0,15.0,0.486051
1003.0,16.0,0.520278
1003.0,17.0,0.518305
1003.0,18.0,0.499418
1003.0,19.0,0.494887
1003.0,20.0,0.501727
1003.0,21.0,0.517608
1003.0,22.0,0.50804
1003.0,23.0,0.484555
1003.0,24.0,0.500585
1003.0,25.0,0.496097
1003.0,26.0,0.492383
1003.0,27.0,0.484866
1003.0,28.0,0.505036
1003.0,29.0,0.473128
1003.0,30.0,0.51929
1003.0,31.0,0.532278
1003.0,32.0,0.48249
1003.0,33.0,0.522207
1003.0,34.0,0.487052
1003.0,35.0,0.50248
1003.0,36.0,0.492322
1003.0,37.0,0.498392
1003.0,38.0,0.519834
1003.0,39.0,0.504373
1003.0,40.0,0.478561
1003.0,41.0,0.525992
1003.0,42.0,0.502084
1003.0,43.0,0.478381
1003.0,44.0,0.503944
1003.0,45.0,0.482755
1003.0,46.0,0.502503
1003.0,47.0,0.481403
1003.0,48.0,0.500928
1003.0,49.0,0.483119
1003.0,50.0,0.497164
1003.0,51.0,0.467674
1003.0,52.0,0.504894
1003.0,53.0,0.503062
1003.0,54.0,0.507741
1003.0,55.0,0.490196
1003.0,56.0,0.506012
1003.0,57.0,0.507056
1003.0,58.0,0.497376
1003.0,59.0,0.502494
1003.0,60.0,0.510012
1003.0,61.0,0.505781
1003.0,62.0,0.501996
1003.0,63.0,0.500368
1003.0,64.0,0.518212
1003.0,65.0,0.495238
1003.0,66.0,0.506844
1003.0,67.0,0.507936
1003.0,68.0,0.526158
1003.0,69.0,0.532556
1003.0,70.0,0.503538
1003.0,71.0,0.475729
1003.0,72.0,0.499839
1003.0,73.0,0.493858
1003.0,74.0,0.475881
1003.0,75.0,0.518072
1003.0,76.0,0.523221
1003.0,77.0,0.525124
1003.0,78.0,0.514791
1003.0,79.0,0.534516
1003.0,80.0,0.489349
1003.0,81.0,0.481013
1003.0,82.0,0.488051
1003.0,83.0,0.499362
1003.0,84.0,0.473162
1003.0,85.0,0.500533
1003.0,86.0,0.509772
1003.0,87.0,0.51798
1003.0,88.0,0.490125
1003.0,89.0,0.491472
1003.0,90.0,0.482397
1003.0,91.0,0.489889
1003.0,92.0,0.504568
1003.0,93.0,0.510972
1003.0,94.0,0.514755
1003.0,95.0,0.495476
1003.0,96.0,0.507608
1003.0,97.0,0.510577
1003.0,98.0,0.476589
1003.0,99.0,0.48371
1003.0,100.0,0.46423
1003.0,101.0,0.488548
1003.0,102.0,0.507709
1003.0,103.0,0.50978
1003.0,104.0,0.479579
1003.0,105.0,0.467841
1003.0,106.0,0.490453
1003.0,107.0,0.509666
1003.0,108.0,0.505918
1003.0,109.0,0.491929
1003.0,110.0,0.495338
1003.0,111.0,0.521406
1003.0,112.0,0.527683
1003.0,113.0,0.497763
1003.0,114.0,0.49622
1003.0,115.0,0.508266
1003.0,116.0,0.487328
1003.0,117.0,0.468994
1003.0,118.0,0.512075
1003.0,119.0,0.493998
1003.0,120.0,0.510315
1003.0,121.0,0.487569
1003.0,122.0,0.494733
1003.0,123.0,0.487059
1003.0,124.0,0.500382
1003.0,125.0,0.487744
1003.0,126.0,0.507164
1004.0,0.0,0.5058
1004.0,1.0,0.525068
1004.0,2.0,0.544295
1004.0,3.0,0.490363
1004.0,4.0,0.504636
1004.0,5.0,0.510086
1004.0,6.0,0.519455
1004.0,7.0,0.495632
1004.0,8.0,0.489192
1004.0,9.0,0.485857
1004.0,10.0,0.521807
1004.0,11.0,0.499673
1004.0,12.0,0.492304
1004.0,13.0,0.5329
1004.0,14.0,0.499091
1004.0,15.0,0.486184
1004.0,16.0,0.521319
1004.0,17.0,0.517691
1004.0,18.0,0.498422
1004.0,19.0,0.494919
1004.0,20.0,0.501603
1004.0,21.0,0.518075
1004.0,22.0,0.507963
1004.0,23.0,0.485008
1004.0,24.0,0.501199
1004.0,25.0,0.495108
1004.0,26.0,0.492239
1004.0,27.0,0.485538
1004.0,28.0,0.505027
1004.0,29.0,0.472752
1004.0,30.0,0.518583
1004.0,31.0,0.532236
1004.0,32.0,0.482663
1004.0,33.0,0.522709
1004.0,34.0,0.48689
1004.0,35.0,0.502595
1004.0,36.0,0.492976
1004.0,37.0,0.498163
1004.0,38.0,0.51927
1004.0,39.0,0.504731
1004.0,40.0,0.47843
1004.0,41.0,0.525162
1004.0,42.0,0.502194
1004.0,43.0,0.478921
1004.0,44.0,0.503708
1004.0,45.0,0.482439
1004.0,46.0,0.502738
1004.0,47.0,0.480923
1004.0,48.0,0.500741
1004.0,49.0,0.483181
1004.0,50.0,0.498018
1004.0,51.0,0.467942
1004.0,52.0,0.504424
1004.0,53.0,0.502708
1004.0,54.0,0.507395
1004.0,55.0,0.490262
1004.0,56.0,0.505984
1004.0,57.0,0.508142
1004.0,58.0,0.49693
1004.0,59.0,0.502967
1004.0,60.0,0.510455
1004.0,61.0,0.50569
1004.0,62.0,0.501511
1004.0,63.0,0.500749
1004.0,64.0,0.517537
1004.0,65.0,0.495188
1004.0,66.0,0.506578
1004.0,67.0,0.507998
1004.0,68.0,0.525854
1004.0,69.0,0.532773
1004.0,70.0,0.50406
1004.0,71.0,0.475735
1004.0,72.0,0.500038
1004.0,73.0,0.493948
1004.0,74.0,0.474976
1004.0,75.0,0.518058
1004.0,76.0,0.523441
1004.0,77.0,0.524495
1004.0,78.0,0.514596
1004.0,79.0,0.533899
1004.0,80.0,0.489372
1004.0,81.0,0.480582
1004.0,82.0,0.488035
1004.0,83.0,0.49946
1004.0,84.0,0.472735
1004.0,85.0,0.500665
1004.0,86.0,0.51083
1004.0,87.0,0.517707
1004.0,88.0,0.490011
1004.0,89.0,0.491473
1004.0,90.0,0.483132
1004.0,91.0,0.489375
1004.0,92.0,0.50466
1004.0,93.0,0.511334
1004.0,94.0,0.515252
1004.0,95.0,0.496478
1004.0,96.0,0.507333
1004.0,97.0,0.510989
1004.0,98.0,0.476225
1004.0,99.0,0.484072
1004.0,100.0,0.46452
1004.0,101.0,0.48767
1004.0,102.0,0.508332
1004.0,103.0,0.509754
1004.0,104.0,0.479818
1004.0,105.0,0.468221
1004.0,106.0,0.490718
1004.0,107.0,0.508511
1004.0,108.0,0.506358
1004.0,109.0,0.491694
1004.0,110.0,0.495281
1004.0,111.0,0.521534
1004.0,112.0,0.528027
1004.0,113.0,0.497576
1004.0,114.0,0.497047
1004.0,115.0,0.507789
1004.0,116.0,0.487739
1004.0,117.0,0.469052
1004.0,118.0,0.512074
1004.0,119.0,0.493706
1004.0,120.0,0.509703
1004.0,121.0,0.487748
1004.0,122.0,0.495362
1004.0,123.0,0.487073
1004.0,124.0,0.500657
1004.0,125.0,0.487919
1004.0,126.0,0.508123
1005.0,0.0,0.506039
1005.0,1.0,0.525109
1005.0,2.0,0.544399
1005.0,3.0,0.490733
1005.0,4.0,0.505196
1005.0,5.0,0.510245
1005.0,6.0,0.519362
1005.0,7.0,0.495724
1005.0,8.0,0.490116
1005.0,9.0,0.485782
1005.0,10.0,0.52156
1005.0,11.0,0.500093
1005.0,12.0,0.492327
1005.0,13.0,0.532551
1005.0,14.0,0.498378
1005.0,15.0,0.486166
1005.0,16.0,0.521066
1005.0,17.0,0.517286
1005.0,18.0,0.497918
1005.0,19.0,0.495186
1005.0,20.0,0.502441
1005.0,21.0,0.518118
1005.0,22.0,0.508092
1005.0,23.0,0.485436
1005.0,24.0,0.50033
1005.0,25.0,0.496101
1005.0,26.0,0.493212
1005.0,27.0,0.485199
1005.0,28.0,0.505756
1005.0,29.0,0.471746
1005.0,30.0,0.518036
1005.0,31.0,0.532197
1005.0,32.0,0.482742
1005.0,33.0,0.522582
1005.0,34.0,0.487119
1005.0,35.0,0.502394
1005.0,36.0,0.49264
1005.0,37.0,0.498909
1005.0,38.0,0.519205
1005.0,39.0,0.50471
1005.0,40.0,0.478176
1005.0,41.0,0.525306
1005.0,42.0,0.502324
1005.0,43.0,0.478581
1005.0,44.0,0.503351
1005.0,45.0,0.481525
1005.0,46.0,0.502545
1005.0,47.0,0.481646
1005.0,48.0,0.500954
1005.0,49.0,0.482913
1005.0,50.0,0.498627
1005.0,51.0,0.467936
1005.0,52.0,0.504023
1005.0,53.0,0.502158
1005.0,54.0,0.507545
1005.0,55.0,0.49153
1005.0,56.0,0.506831
1005.0,57.0,0.5085
1005.0,58.0,0.497001
1005.0,59.0,0.502544
1005.0,60.0,0.510608
1005.0,61.0,0.505707
1005.0,62.0,0.501778
1005.0,63.0,0.501256
1005.0,64.0,0.517357
1005.0,65.0,0.494931
1005.0,66.0,0.506762
1005.0,67.0,0.508176
1005.0,68.0,0.525572
1005.0,69.0,0.532418
1005.0,70.0,0.503754
1005.0,71.0,0.475469
1005.0,72.0,0.499329
1005.0,73.0,0.49319
1005.0,74.0,0.476061
1005.0,75.0,0.518802
1005.0,76.0,0.523472
1005.0,77.0,0.52473
1005.0,78.0,0.51448
1005.0,79.0,0.534141
1005.0,80.0,0.489718
1005.0,81.0,0.479915
1005.0,82.0,0.487418
1005.0,83.0,0.49913
1005.0,84.0,0.472981
1005.0,85.0,0.500821
1005.0,86.0,0.5111
1005.0,87.0,0.5185
1005.0,88.0,0.490173
1005.0,89.0,0.491768
1005.0,90.0,0.483489
1005.0,91.0,0.489242
1005.0,92.0,0.505006
1005.0,93.0,0.512207
1005.0,94.0,0.516076
1005.0,95.0,0.495998
1005.0,96.0,0.506972
1005.0,97.0,0.511267
1005.0,98.0,0.476265
1005.0,99.0,0.483236
1005.0,100.0,0.464799
1005.0,101.0,0.488125
1005.0,102.0,0.508308
1005.0,103.0,0.510045
1005.0,104.0,0.480351
1005.0,105.0,0.468327
1005.0,106.0,0.490641
1005.0,107.0,0.508721
1005.0,108.0,0.505811
1005.0,109.0,0.491419
1005.0,110.0,0.495184
1005.0,111.0,0.522132
1005.0,112.0,0.528146
1005.0,113.0,0.497851
1005.0,114.0,0.496947
1005.0,115.0,0.50667
1005.0,116.0,0.488362
1005.0,117.0,0.469067
1005.0,118.0,0.511591
1005.0,119.0,0.493071
1005.0,120.0,0.509941
1005.0,121.0,0.488061
1005.0,122.0,0.495018
1005.0,123.0,0.487767
1005.0,124.0,0.501134
1005.0,125.0,0.48661
1005.0,126.0,0.508122
1006.0,0.0,0.505887
1006.0,1.0,0.52447
1006.0,2.0,0.544141
1006.0,3.0,0.490556
1006.0,4.0,0.504911
1006.0,5.0,0.510762
1006.0,6.0,0.520393
1006.0,7.0,0.496355
1006.0,8.0,0.489347
1006.0,9.0,0.485861
1006.0,10.0,0.521564
1006.0,11.0,0.500016
1006.0,12.0,0.491444
1006.0,13.0,0.532908
1006.0,14.0,0.498171
1006.0,15.0,0.486449
1006.0,16.0,0.520078
1006.0,17.0,0.51695
1006.0,18.0,0.497928
1006.0,19.0,0.495005
1006.0,20.0,0.502479
1006.0,21.0,0.518593
1006.0,22.0,0.508398
1006.0,23.0,0.485772
1006.0,24.0,0.500146
1006.0,25.0,0.496176
1006.0,26.0,0.49272
1006.0,27.0,0.486636
1006.0,28.0,0.506209
1006.0,29.0,0.471683
1006.0,30.0,0.517929
1006.0,31.0,0.53143
1006.0,32.0,0.483622
1006.0,33.0,0.523456
1006.0,34.0,0.486723
1006.0,35.0,0.501978
1006.0,36.0,0.493211
1006.0,37.0,0.498834
1006.0,38.0,0.518587
1006.0,39.0,0.505147
1006.0,40.0,0.478954
1006.0,41.0,0.524664
1006.0,42.0,0.502449
1006.0,43.0,0.478898
1006.0,44.0,0.503747
1006.0,45.0,0.481551
1006.0,46.0,0.503576
1006.0,47.0,0.481881
1006.0,48.0,0.501842
1006.0,49.0,0.482432
1006.0,50.0,0.498378
1006.0,51.0,0.46732
1006.0,52.0,0.503879
1006.0,53.0,0.502531
1006.0,54.0,0.508146
1006.0,55.0,0.491054
1006.0,56.0,0.506834
1006.0,57.0,0.508665
1006.0,58.0,0.497798
1006.0,59.0,0.50164
1006.0,60.0,0.510453
1006.0,61.0,0.506093
1006.0,62.0,0.501946
1006.0,63.0,0.502502
1006.0,64.0,0.517364
1006.0,65.0,0.495032
1006.0,66.0,0.507097
1006.0,67.0,0.508626
1006.0,68.0,0.525135
1006.0,69.0,0.531584
1006.0,70.0,0.503838
1006.0,71.0,0.474922
1006.0,72.0,0.499652
1006.0,73.0,0.492796
1006.0,74.0,0.476281
1006.0,75.0,0.518564
1006.0,76.0,0.524728
1006.0,77.0,0.524341
1006.0,78.0,0.515373
1006.0,79.0,0.534438
1006.0,80.0,0.489194
1006.0,81.0,0.480037
1006.0,82.0,0.486821
1006.0,83.0,0.498248
1006.0,84.0,0.473245
1006.0,85.0,0.501231
1006.0,86.0,0.511546
1006.0,87.0,0.518698
1006.0,88.0,0.49047
1006.0,89.0,0.492159
1006.0,90.0,0.483288
1006.0,91.0,0.489314
1006.0,92.0,0.504508
1006.0,93.0,0.512405
1006.0,94.0,0.516231
1006.0,95.0,0.495705
1006.0,96.0,0.507614
1006.0,97.0,0.512272
1006.0,98.0,0.476425
1006.0,99.0,0.483363
1006.0,100.0,0.464686
1006.0,101.0,0.487779
1006.0,102.0,0.50751
1006.0,103.0,0.510295
1006.0,104.0,0.479904
1006.0,105.0,0.468652
1006.0,106.0,0.491636
1006.0,107.0,0.508762
1006.0,108.0,0.505489
1006.0,109.0,0.491764
1006.0,110.0,0.495103
1006.0,111.0,0.522227
1006.0,112.0,0.528334
1006.0,113.0,0.496939
1006.0,114.0,0.497262
1006.0,115.0,0.506994
1006.0,116.0,0.488444
1006.0,117.0,0.469612
1006.0,118.0,0.511796
1006.0,119.0,0.493578
1006.0,120.0,0.509203
1006.0,121.0,0.487309
1006.0,122.0,0.494779
1006.0,123.0,0.4874
1006.0,124.0,0.500946
1006.0,125.0,0.486907
1006.0,126.0,0.508123
1007.0,0.0,0.506576
1007.0,1.0,0.524654
1007.0,2.0,0.544447
1007.0,3.0,0.490139
1007.0,4.0,0.50483
1007.0,5.0,0.511421
1007.0,6.0,0.52042
1007.0,7.0,0.496166
1007.0,8.0,0.489647
1007.0,9.0,0.485798
1007.0,10.0,0.521419
1007.0,11.0,0.498764
1007.0,12.0,0.490667
1007.0,13.0,0.533084
1007.0,14.0,0.498094
1007.0,15.0,0.487182
1007.0,16.0,0.519981
1007.0,17.0,0.516888
1007.0,18.0,0.498073
1007.0,19.0,0.494547
1007.0,20.0,0.503143
1007.0,21.0,0.518549
1007.0,22.0,0.507611
1007.0,23.0,0.485152
1007.0,24.0,0.500391
1007.0,25.0,0.496404
1007.0,26.0,0.492963
1007.0,27.0,0.487407
1007.0,28.0,0.505836
1007.0,29.0,0.472058
1007.0,30.0,0.518564
1007.0,31.0,0.531604
1007.0,32.0,0.483109
1007.0,33.0,0.523733
1007.0,34.0,0.487152
1007.0,35.0,0.502121
1007.0,36.0,0.492457
1007.0,37.0,0.499171
1007.0,38.0,0.518555
1007.0,39.0,0.505285
1007.0,40.0,0.479313
1007.0,41.0,0.524408
1007.0,42.0,0.50242
1007.0,43.0,0.478611
1007.0,44.0,0.503763
1007.0,45.0,0.481511
1007.0,46.0,0.503714
1007.0,47.0,0.481938
1007.0,48.0,0.501806
1007.0,49.0,0.48199
1007.0,50.0,0.498687
1007.0,51.0,0.467143
1007.0,52.0,0.504655
1007.0,53.0,0.501687
1007.0,54.0,0.508517
1007.0,55.0,0.491014
1007.0,56.0,0.507552
1007.0,57.0,0.508676
1007.0,58.0,0.49786
1007.0,59.0,0.501556
1007.0,60.0,0.511445
1007.0,61.0,0.506498
1007.0,62.0,0.501886
1007.0,63.0,0.501323
1007.0,64.0,0.518049
1007.0,65.0,0.495406
1007.0,66.0,0.506446
1007.0,67.0,0.508589
1007.0,68.0,0.525084
1007.0,69.0,0.53233
1007.0,70.0,0.503311
1007.0,71.0,0.474839
1007.0,72.0,0.499482
1007.0,73.0,0.492822
1007.0,74.0,0.475666
1007.0,75.0,0.518102
1007.0,76.0,0.524368
1007.0,77.0,0.523657
1007.0,78.0,0.515619
1007.0,79.0,0.534634
1007.0,80.0,0.489275
1007.0,81.0,0.480155
1007.0,82.0,0.487489
1007.0,83.0,0.498063
1007.0,84.0,0.473943
1007.0,85.0,0.501175
1007.0,86.0,0.511041
1007.0,87.0,0.518572
1007.0,88.0,0.490459
1007.0,89.0,0.492237
1007.0,90.0,0.482513
1007.0,91.0,0.489256
1007.0,92.0,0.506027
1007.0,93.0,0.512279
1007.0,94.0,0.515292
1007.0,95.0,0.495018
1007.0,96.0,0.508346
1007.0,97.0,0.512671
1007.0,98.0,0.475929
1007.0,99.0,0.483692
1007.0,100.0,0.464737
1007.0,101.0,0.486715
1007.0,102.0,0.507655
1007.0,103.0,0.510322
1007.0,104.0,0.479619
1007.0,105.0,0.468523
1007.0,106.0,0.491795
1007.0,107.0,0.508105
1007.0,108.0,0.506761
1007.0,109.0,0.49201
1007.0,110.0,0.493627
1007.0,111.0,0.521486
1007.0,112.0,0.528627
1007.0,113.0,0.496809
1007.0,114.0,0.497036
1007.0,115.0,0.50796
1007.0,116.0,0.488869
1007.0,117.0,0.469932
1007.0,118.0,0.511279
1007.0,119.0,0.49323
1007.0,120.0,0.509921
1007.0,121.0,0.487886
1007.0,122.0,0.493719
1007.0,123.0,0.487642
1007.0,124.0,0.500241
1007.0,125.0,0.486671
1007.0,126.0,0.508639
1008.0,0.0,0.506149
1008.0,1.0,0.524557
1008.0,2.0,0.545381
1008.0,3.0,0.490891
1008.0,4.0,0.505317
1008.0,5.0,0.511622
1008.0,6.0,0.521037
1008.0,7.0,0.496111
1008.0,8.0,0.490126
1008.0,9.0,0.485818
1008.0,10.0,0.522034
1008.0,11.0,0.498313
1008.0,12.0,0.490264
1008.0,13.0,0.533499
1008.0,14.0,0.498724
1008.0,15.0,0.487452
1008.0,16.0,0.520006
1008.0,17.0,0.517089
1008.0,18.0,0.496996
1008.0,19.0,0.494806
1008.0,20.0,0.503154
1008.0,21.0,0.518379
1008.0,22.0,0.507637
1008.0,23.0,0.4848
1008.0,24.0,0.499971
1008.0,25.0,0.496953
1008.0,26.0,0.494502
1008.0,27.0,0.487544
1008.0,28.0,0.505626
1008.0,29.0,0.472398
1008.0,30.0,0.518497
1008.0,31.0,0.531908
1008.0,32.0,0.482936
1008.0,33.0,0.523158
1008.0,34.0,0.487256
1008.0,35.0,0.503247
1008.0,36.0,0.492965
1008.0,37.0,0.499575
1008.0,38.0,0.519263
1008.0,39.0,0.505356
1008.0,40.0,0.47972
1008.0,41.0,0.524829
1008.0,42.0,0.502812
1008.0,43.0,0.478392
1008.0,44.0,0.503938
1008.0,45.0,0.481359
1008.0,46.0,0.503527
1008.0,47.0,0.482763
1008.0,48.0,0.500648
1008.0,49.0,0.481669
1008.0,50.0,0.499268
1008.0,51.0,0.466699
1008.0,52.0,0.505106
1008.0,53.0,0.501748
1008.0,54.0,0.508191
1008.0,55.0,0.491137
1008.0,56.0,0.508753
1008.0,57.0,0.508573
1008.0,58.0,0.497998
1008.0,59.0,0.500925
1008.0,60.0,0.51146
1008.0,61.0,0.505832
1008.0,62.0,0.502079
1008.0,63.0,0.500804
1008.0,64.0,0.517408
1008.0,65.0,0.495653
1008.0,66.0,0.507498
1008.0,67.0,0.508226
1008.0,68.0,0.523895
1008.0,69.0,0.53171
1008.0,70.0,0.50279
1008.0,71.0,0.475234
1008.0,72.0,0.499988
1008.0,73.0,0.49244
1008.0,74.0,0.475459
1008.0,75.0,0.518591
1008.0,76.0,0.524827
1008.0,77.0,0.523665
1008.0,78.0,0.515256
1008.0,79.0,0.533417
1008.0,80.0,0.489107
1008.0,81.0,0.480997
1008.0,82.0,0.487668
1008.0,83.0,0.498324
1008.0,84.0,0.47355
1008.0,85.0,0.500711
1008.0,86.0,0.510495
1008.0,87.0,0.519323
1008.0,88.0,0.489819
1008.0,89.0,0.492267
1008.0,90.0,0.481907
1008.0,91.0,0.490504
1008.0,92.0,0.506152
1008.0,93.0,0.511491
1008.0,94.0,0.516136
1008.0,95.0,0.495535
1008.0,96.0,0.507351
1008.0,97.0,0.51264
1008.0,98.0,0.476199
1008.0,99.0,0.48322
1008.0,100.0,0.464324
1008.0,101.0,0.487297
1008.0,102.0,0.507059
1008.0,103.0,0.510572
1008.0,104.0,0.480435
1008.0,105.0,0.469036
1008.0,106.0,0.49192
1008.0,107.0,0.508481
1008.0,108.0,0.507114
1008.0,109.0,0.491505
1008.0,110.0,0.493249
1008.0,111.0,0.521032
1008.0,112.0,0.528887
1008.0,113.0,0.496913
1008.0,114.0,0.497011
1008.0,115.0,0.508024
1008.0,116.0,0.488845
1008.0,117.0,0.470278
1008.0,118.0,0.51227
1008.0,119.0,0.491936
1008.0,120.0,0.509828
1008.0,121.0,0.487382
1008.0,122.0,0.494268
1008.0,123.0,0.487862
1008.0,124.0,0.500063
1008.0,125.0,0.486697
1008.0,126.0,0.508769
1009.0,0.0,0.505862
1009.0,1.0,0.524366
1009.0,2.0,0.545913
1009.0,3.0,0.490877
1009.0,4.0,0.504524
1009.0,5.0,0.511201
1009.0,6.0,0.521632
1009.0,7.0,0.496259
1009.0,8.0,0.490717
1009.0,9.0,0.486104
1009.0,10.0,0.521201
1009.0,11.0,0.498334
1009.0,12.0,0.490322
1009.0,13.0,0.533865
1009.0,14.0,0.498161
1009.0,15.0,0.488223
1009.0,16.0,0.520917
1009.0,17.0,0.516437
1009.0,18.0,0.497012
1009.0,19.0,0.495214
1009.0,20.0,0.502949
1009.0,21.0,0.518155
1009.0,22.0,0.507937
1009.0,23.0,0.485858
1009.0,24.0,0.499867
1009.0,25.0,0.49658
1009.0,26.0,0.494429
1009.0,27.0,0.487793
1009.0,28.0,0.506271
1009.0,29.0,0.472358
1009.0,30.0,0.518379
1009.0,31.0,0.53152
1009.0,32.0,0.482827
1009.0,33.0,0.523189
1009.0,34.0,0.486522
1009.0,35.0,0.503092
1009.0,36.0,0.493387
1009.0,37.0,0.499912
1009.0,38.0,0.51922
1009.0,39.0,0.50527
1009.0,40.0,0.479305
1009.0,41.0,0.524564
1009.0,42.0,0.503946
1009.0,43.0,0.477598
1009.0,44.0,0.504007
1009.0,45.0,0.482419
1009.0,46.0,0.504052
1009.0,47.0,0.482632
1009.0,48.0,0.499606
1009.0,49.0,0.481116
1009.0,50.0,0.499369
1009.0,51.0,0.466336
1009.0,52.0,0.505408
1009.0,53.0,0.502569
1009.0,54.0,0.50775
1009.0,55.0,0.491187
1009.0,56.0,0.509428
1009.0,57.0,0.507489
1009.0,58.0,0.498392
1009.0,59.0,0.502154
1009.0,60.0,0.51191
1009.0,61.0,0.505341
1009.0,62.0,0.502353
1009.0,63.0,0.500218
1009.0,64.0,0.517163
1009.0,65.0,0.494908
1009.0,66.0,0.507668
1009.0,67.0,0.507482
1009.0,68.0,0.523112
1009.0,69.0,0.531206
1009.0,70.0,0.503122
1009.0,71.0,0.47562
1009.0,72.0,0.500568
1009.0,73.0,0.491917
1009.0,74.0,0.47552
1009.0,75.0,0.518336
1009.0,76.0,0.525327
1009.0,77.0,0.523819
1009.0,78.0,0.515764
1009.0,79.0,0.532953
1009.0,80.0,0.488403
1009.0,81.0,0.480547
1009.0,82.0,0.488293
1009.0,83.0,0.498654
1009.0,84.0,0.473337
1009.0,85.0,0.500534
1009.0,86.0,0.509898
1009.0,87.0,0.519827
1009.0,88.0,0.489127
1009.0,89.0,0.492259
1009.0,90.0,0.481871
1009.0,91.0,0.491572
1009.0,92.0,0.505914
1009.0,93.0,0.510963
1009.0,94.0,0.515631
1009.0,95.0,0.496163
1009.0,96.0,0.507337
1009.0,97.0,0.51403
1009.0,98.0,0.47565
1009.0,99.0,0.483681
1009.0,100.0,0.465567
1009.0,101.0,0.487118
1009.0,102.0,0.507453
1009.0,103.0,0.510454
1009.0,104.0,0.480768
1009.0,105.0,0.469445
1009.0,106.0,0.490737
1009.0,107.0,0.508743
1009.0,108.0,0.506524
1009.0,109.0,0.490885
1009.0,110.0,0.492389
1009.0,111.0,0.521823
1009.0,112.0,0.528972
1009.0,113.0,0.497269
1009.0,114.0,0.496622
1009.0,115.0,0.508276
1009.0,116.0,0.489624
1009.0,117.0,0.470699
1009.0,118.0,0.512527
1009.0,119.0,0.491486
1009.0,120.0,0.509835
1009.0,121.0,0.488207
1009.0,122.0,0.49342
1009.0,123.0,0.486929
1009.0,124.0,0.500872
1009.0,125.0,0.486759
1009.0,126.0,0.509152
1010.0,0.0,0.505315
1010.0,1.0,0.525359
1010.0,2.0,0.545545
1010.0,3.0,0.49042
1010.0,4.0,0.504705
1010.0,5.0,0.511644
1010.0,6.0,0.522111
1010.0,7.0,0.496916
1010.0,8.0,0.491088
1010.0,9.0,0.485614
1010.0,10.0,0.521426
1010.0,11.0,0.498517
1010.0,12.0,0.49113
1010.0,13.0,0.533767
1010.0,14.0,0.497565
1010.0,15.0,0.487631
1010.0,16.0,0.521069
1010.0,17.0,0.516296
1010.0,18.0,0.496825
1010.0,19.0,0.495583
1010.0,20.0,0.50365
1010.0,21.0,0.518287
1010.0,22.0,0.507493
1010.0,23.0,0.486275
1010.0,24.0,0.498822
1010.0,25.0,0.495923
1010.0,26.0,0.494211
1010.0,27.0,0.487434
1010.0,28.0,0.505874
1010.0,29.0,0.472252
1010.0,30.0,0.517825
1010.0,31.0,0.532602
1010.0,32.0,0.482548
1010.0,33.0,0.523456
1010.0,34.0,0.486889
1010.0,35.0,0.503622
1010.0,36.0,0.493192
1010.0,37.0,0.500303
1010.0,38.0,0.518936
1010.0,39.0,0.505481
1010.0,40.0,0.479405
1010.0,41.0,0.524884
1010.0,42.0,0.504052
1010.0,43.0,0.47734
1010.0,44.0,0.504972
1010.0,45.0,0.48282
1010.0,46.0,0.503206
1010.0,47.0,0.482568
1010.0,48.0,0.500682
1010.0,49.0,0.481916
1010.0,50.0,0.499286
1010.0,51.0,0.466833
1010.0,52.0,0.504618
1010.0,53.0,0.502137
1010.0,54.0,0.50829
1010.0,55.0,0.49125
1010.0,56.0,0.50916
1010.0,57.0,0.506539
1010.0,58.0,0.4978
1010.0,59.0,0.50261
1010.0,60.0,0.512148
1010.0,61.0,0.50482
1010.0,62.0,0.502636
1010.0,63.0,0.500454
1010.0,64.0,0.516632
1010.0,65.0,0.494468
1010.0,66.0,0.508041
1010.0,67.0,0.50732
1010.0,68.0,0.523583
1010.0,69.0,0.531612
1010.0,70.0,0.503783
1010.0,71.0,0.476127
1010.0,72.0,0.501129
1010.0,73.0,0.491325
1010.0,74.0,0.475428
1010.0,75.0,0.518574
1010.0,76.0,0.525646
1010.0,77.0,0.523815
1010.0,78.0,0.515818
1010.0,79.0,0.532699
1010.0,80.0,0.488932
1010.0,81.0,0.480298
1010.0,82.0,0.48828
1010.0,83.0,0.498888
1010.0,84.0,0.473375
1010.0,85.0,0.500558
1010.0,86.0,0.510306
1010.0,87.0,0.520228
1010.0,88.0,0.488447
1010.0,89.0,0.492198
1010.0,90.0,0.481976
1010.0,91.0,0.490894
1010.0,92.0,0.506378
1010.0,93.0,0.510879
1010.0,94.0,0.515414
1010.0,95.0,0.495274
1010.0,96.0,0.508143
1010.0,97.0,0.513558
1010.0,98.0,0.476308
1010.0,99.0,0.483746
1010.0,100.0,0.464966
1010.0,101.0,0.487586
1010.0,102.0,0.507853
1010.0,103.0,0.510519
1010.0,104.0,0.480239
1010.0,105.0,0.469623
1010.0,106.0,0.490461
1010.0,107.0,0.509466
1010.0,108.0,0.505924
1010.0,109.0,0.491103
1010.0,110.0,0.492056
1010.0,111.0,0.522665
1010.0,112.0,0.529372
1010.0,113.0,0.497537
1010.0,114.0,0.496679
1010.0,115.0,0.508162
1010.0,116.0,0.48864
1010.0,117.0,0.471205
1010.0,118.0,0.513451
1010.0,119.0,0.492007
1010.0,120.0,0.509469
1010.0,121.0,0.487909
1010.0,122.0,0.493302
1010.0,123.0,0.487469
1010.0,124.0,0.501694
1010.0,125.0,0.486696
1010.0,126.0,0.509176
2000.0,0.0,0.503803
2000.0,1.0,0.51087
2000.0,2.0,0.545634
2000.0,3.0,0.509392
2000.0,4.0,0.487937
2000.0,5.0,0.502566
2000.0,6.0,0.499352
2000.0,7.0,0.497437
2000.0,8.0,0.468515
2000.0,9.0,0.480696
2000.0,10.0,0.538315
2000.0,11.0,0.501099
2000.0,12.0,0.516037
2000.0,13.0,0.544453
2000.0,14.0,0.503971
2000.0,15.0,0.465237
2000.0,16.0,0.520711
2000.0,17.0,0.513185
2000.0,18.0,0.503452
2000.0,19.0,0.504221
2000.0,20.0,0.495527
2000.0,21.0,0.522312
2000.0,22.0,0.497072
2000.0,23.0,0.495681
2000.0,24.0,0.502369
2000.0,25.0,0.50679
2000.0,26.0,0.472452
2000.0,27.0,0.4663
2000.0,28.0,0.496772
2000.0,29.0,0.487749
2000.0,30.0,0.511134
2000.0,31.0,0.537332
2000.0,32.0,0.471189
2000.0,33.0,0.489697
2000.0,34.0,0.49495
2000.0,35.0,0.488731
2000.0,36.0,0.479105
2000.0,37.0,0.490387
2000.0,38.0,0.499403
2000.0,39.0,0.519416
2000.0,40.0,0.485897
2000.0,41.0,0.523483
2000.0,42.0,0.509007
2000.0,43.0,0.47998
2000.0,44.0,0.526271
2000.0,45.0,0.461501
2000.0,46.0,0.501751
2000.0,47.0,0.47385
2000.0,48.0,0.468422
2000.0,49.0,0.481006
2000.0,50.0,0.511787
2000.0,51.0,0.4579
2000.0,52.0,0.494964
2000.0,53.0,0.520879
2000.0,54.0,0.472089
2000.0,55.0,0.496374
2000.0,56.0,0.496717
2000.0,57.0,0.523296
2000.0,58.0,0.472135
2000.0,59.0,0.52189
2000.0,60.0,0.510326
2000.0,61.0,0.521991
2000.0,62.0,0.513376
2000.0,63.0,0.528308
2000.0,64.0,0.51292
2000.0,65.0,0.510842
2000.0,66.0,0.488415
2000.0,67.0,0.52429
2000.0,68.0,0.48442
2000.0,69.0,0.514835
2000.0,70.0,0.50409
2000.0,71.0,0.455932
2000.0,72.0,0.507735
2000.0,73.0,0.502357
2000.0,74.0,0.47162
2000.0,75.0,0.532253
2000.0,76.0,0.515254
2000.0,77.0,0.517049
2000.0,78.0,0.528171
2000.0,79.0,0.543279
2000.0,80.0,0.492784
2000.0,81.0,0.449202
2000.0,82.0,0.482442
2000.0,83.0,0.493929
2000.0,84.0,0.475673
2000.0,85.0,0.508412
2000.0,86.0,0.492481
2000.0,87.0,0.522228
2000.0,88.0,0.498845
2000.0,89.0,0.470904
2000.0,90.0,0.482008
2000.0,91.0,0.467764
2000.0,92.0,0.496189
2000.0,93.0,0.505916
2000.0,94.0,0.502368
2000.0,95.0,0.449128
2000.0,96.0,0.489032
2000.0,97.0,0.512288
2000.0,98.0,0.464752
2000.0,99.0,0.483466
2000.0,100.0,0.465443
2000.0,101.0,0.497666
2000.0,102.0,0.511359
2000.0,103.0,0.497058
2000.0,104.0,0.477848
2000.0,105.0,0.469018
2000.0,106.0,0.485947
2000.0,107.0,0.520479
2000.0,108.0,0.512004
2000.0,109.0,0.507688
2000.0,110.0,0.494156
2000.0,111.0,0.537762
2000.0,112.0,0.547214
2000.0,113.0,0.499844
2000.0,114.0,0.497986
2000.0,115.0,0.550165
2000.0,116.0,0.49377
2000.0,117.0,0.465099
2000.0,118.0,0.520603
2000.0,119.0,0.481611
2000.0,120.0,0.486119
2000.0,121.0,0.534696
2000.0,122.0,0.455188
2000.0,123.0,0.495405
2000.0,124.0,0.499639
2000.0,125.0,0.480114
2000.0,126.0,0.522506
2001.0,0.0,0.503721
2001.0,1.0,0.51069
2001.0,2.0,0.545659
2001.0,3.0,0.50896
2001.0,4.0,0.487682
2001.0,5.0,0.502326
2001.0,6.0,0.499536
2001.0,7.0,0.498067
2001.0,8.0,0.468592
2001.0,9.0,0.481726
2001.0,10.0,0.538079
2001.0,11.0,0.500844
2001.0,12.0,0.51589
2001.0,13.0,0.545119
2001.0,14.0,0.503988
2001.0,15.0,0.465466
2001.0,16.0,0.520262
2001.0,17.0,0.513312
2001.0,18.0,0.502977
2001.0,19.0,0.504035
2001.0,20.0,0.495644
2001.0,21.0,0.523165
2001.0,22.0,0.496277
2001.0,23.0,0.496023
2001.0,24.0,0.502382
2001.0,25.0,0.506524
2001.0,26.0,0.472185
2001.0,27.0,0.466185
2001.0,28.0,0.497024
2001.0,29.0,0.487017
2001.0,30.0,0.512039
2001.0,31.0,0.538214
2001.0,32.0,0.471803
2001.0,33.0,0.489599
2001.0,34.0,0.495273
2001.0,35.0,0.488484
2001.0,36.0,0.479074
2001.0,37.0,0.490254
2001.0,38.0,0.499281
2001.0,39.0,0.519543
2001.0,40.0,0.48571
2001.0,41.0,0.523336
2001.0,42.0,0.509029
2001.0,43.0,0.480096
2001.0,44.0,0.526052
2001.0,45.0,0.461674
2001.0,46.0,0.501416
2001.0,47.0,0.472794
2001.0,48.0,0.468826
2001.0,49.0,0.481011
2001.0,50.0,0.511797
2001.0,51.0,0.45763
2001.0,52.0,0.495316
2001.0,53.0,0.520421
2001.0,54.0,0.472107
2001.0,55.0,0.496938
2001.0,56.0,0.497273
2001.0,57.0,0.522716
2001.0,58.0,0.471674
2001.0,59.0,0.521736
2001.0,60.0,0.510355
2001.0,61.0,0.521679
2001.0,62.0,0.513867
2001.0,63.0,0.528084
2001.0,64.0,0.514107
2001.0,65.0,0.51141
2001.0,66.0,0.489796
2001.0,67.0,0.523764
2001.0,68.0,0.483299
2001.0,69.0,0.515237
2001.0,70.0,0.503115
2001.0,71.0,0.455964
2001.0,72.0,0.507901
2001.0,73.0,0.502056
2001.0,74.0,0.472064
2001.0,75.0,0.532726
2001.0,76.0,0.515106
2001.0,77.0,0.517252
2001.0,78.0,0.528184
2001.0,79.0,0.542879
2001.0,80.0,0.492629
2001.0,81.0,0.448534
2001.0,82.0,0.48147
2001.0,83.0,0.494255
2001.0,84.0,0.475892
2001.0,85.0,0.507902
2001.0,86.0,0.49246
2001.0,87.0,0.522793
2001.0,88.0,0.499227
2001.0,89.0,0.471713
2001.0,90.0,0.482387
2001.0,91.0,0.467985
2001.0,92.0,0.49504
2001.0,93.0,0.505319
2001.0,94.0,0.50228
2001.0,95.0,0.450334
2001.0,96.0,0.488494
2001.0,97.0,0.51218
2001.0,98.0,0.464737
2001.0,99.0,0.483269
2001.0,100.0,0.466375
2001.0,101.0,0.49746
2001.0,102.0,0.511346
2001.0,103.0,0.497131
2001.0,104.0,0.477744
2001.0,105.0,0.469239
2001.0,106.0,0.486198
2001.0,107.0,0.52056
2001.0,108.0,0.511852
2001.0,109.0,0.507808
2001.0,110.0,0.494239
2001.0,111.0,0.538421
2001.0,112.0,0.546915
2001.0,113.0,0.500142
2001.0,114.0,0.498607
2001.0,115.0,0.550434
2001.0,116.0,0.493695
2001.0,117.0,0.465287
2001.0,118.0,0.521291
2001.0,119.0,0.481958
2001.0,120.0,0.486483
2001.0,121.0,0.535202
2001.0,122.0,0.455827
2001.0,123.0,0.495502
2001.0,124.0,0.499963
2001.0,125.0,0.479831
2001.0,126.0,0.522168
2002.0,0.0,0.503958
2002.0,1.0,0.51135
2002.0,2.0,0.546003
2002.0,3.0,0.509419
2002.0,4.0,0.488037
2002.0,5.0,0.501713
2002.0,6.0,0.498877
2002.0,7.0,0.498458
2002.0,8.0,0.468737
2002.0,9.0,0.482065
2002.0,10.0,0.538105
2002.0,11.0,0.500937
2002.0,12.0,0.51583
2002.0,13.0,0.544672
2002.0,14.0,0.504007
2002.0,15.0,0.465291
2002.0,16.0,0.519471
2002.0,17.0,0.513055
2002.0,18.0,0.50293
2002.0,19.0,0.502788
2002.0,20.0,0.495156
2002.0,21.0,0.523389
2002.0,22.0,0.4963
2002.0,23.0,0.49577
2002.0,24.0,0.502526
2002.0,25.0,0.506613
2002.0,26.0,0.472628
2002.0,27.0,0.467033
2002.0,28.0,0.49717
2002.0,29.0,0.487452
2002.0,30.0,0.512457
2002.0,31.0,0.538288
2002.0,32.0,0.471565
2002.0,33.0,0.489847
2002.0,34.0,0.495944
2002.0,35.0,0.489183
2002.0,36.0,0.479072
2002.0,37.0,0.48945
2002.0,38.0,0.498901
2002.0,39.0,0.519388
2002.0,40.0,0.485015
2002.0,41.0,0.523511
2002.0,42.0,0.508913
2002.0,43.0,0.480414
2002.0,44.0,0.526666
2002.0,45.0,0.461668
2002.0,46.0,0.500757
2002.0,47.0,0.473285
2002.0,48.0,0.467731
2002.0,49.0,0.481303
2002.0,50.0,0.510742
2002.0,51.0,0.458533
2002.0,52.0,0.495828
2002.0,53.0,0.520755
2002.0,54.0,0.47237
2002.0,55.0,0.497826
2002.0,56.0,0.49664
2002.0,57.0,0.522476
2002.0,58.0,0.473057
2002.0,59.0,0.521829
2002.0,60.0,0.510785
2002.0,61.0,0.521583
2002.0,62.0,0.512956
2002.0,63.0,0.528254
2002.0,64.0,0.51441
2002.0,65.0,0.511665
2002.0,66.0,0.489662
2002.0,67.0,0.523238
2002.0,68.0,0.482382
2002.0,69.0,0.515259
2002.0,70.0,0.503298
2002.0,71.0,0.455807
2002.0,72.0,0.508615
2002.0,73.0,0.501756
2002.0,74.0,0.472221
2002.0,75.0,0.533586
2002.0,76.0,0.515405
2002.0,77.0,0.517129
2002.0,78.0,0.528617
2002.0,79.0,0.54285
2002.0,80.0,0.491859
2002.0,81.0,0.449294
2002.0,82.0,0.481185
2002.0,83.0,0.494858
2002.0,84.0,0.475865
2002.0,85.0,0.507698
2002.0,86.0,0.492577
2002.0,87.0,0.522885
2002.0,88.0,0.498089
2002.0,89.0,0.47181
2002.0,90.0,0.483239
2002.0,91.0,0.46889
2002.0,92.0,0.494905
2002.0,93.0,0.505152
2002.0,94.0,0.503178
2002.0,95.0,0.451043
2002.0,96.0,0.488278
2002.0,97.0,0.512137
2002.0,98.0,0.464346
2002.0,99.0,0.483608
2002.0,100.0,0.466709
2002.0,101.0,0.497666
2002.0,102.0,0.511958
2002.0,103.0,0.497826
2002.0,104.0,0.47884
2002.0,105.0,0.469213
2002.0,106.0,0.486479
2002.0,107.0,0.520809
2002.0,108.0,0.511184
2002.0,109.0,0.508804
2002.0,110.0,0.494276
2002.0,111.0,0.538665
2002.0,112.0,0.547231
2002.0,113.0,0.500042
2002.0,114.0,0.498445
2002.0,115.0,0.549968
2002.0,116.0,0.493859
2002.0,117.0,0.465492
2002.0,118.0,0.52138
2002.0,119.0,0.48261
2002.0,120.0,0.486867
2002.0,121.0,0.535505
2002.0,122.0,0.455157
2002.0,123.0,0.495486
2002.0,124.0,0.500453
2002.0,125.0,0.478785
2002.0,126.0,0.521025
2003.0,0.0,0.504125
2003.0,1.0,0.511599
2003.0,2.0,0.545489
2003.0,3.0,0.50931
2003.0,4.0,0.488177
2003.0,5.0,0.501897
2003.0,6.0,0.498802
2003.0,7.0,0.499048
2003.0,8.0,0.468533
2003.0,9.0,0.482341
2003.0,10.0,0.538414
2003.0,11.0,0.499408
2003.0,12.0,0.515606
2003.0,13.0,0.544062
2003.0,14.0,0.503686
2003.0,15.0,0.46625
2003.0,16.0,0.520208
2003.0,17.0,0.512367
2003.0,18.0,0.502281
2003.0,19.0,0.503928
2003.0,20.0,0.494467
2003.0,21.0,0.52312
2003.0,22.0,0.497037
2003.0,23.0,0.495138
2003.0,24.0,0.501874
2003.0,25.0,0.507834
2003.0,26.0,0.472907
2003.0,27.0,0.467202
2003.0,28.0,0.497244
2003.0,29.0,0.487809
2003.0,30.0,0.512925
2003.0,31.0,0.537955
2003.0,32.0,0.471855
2003.0,33.0,0.489373
2003.0,34.0,0.497007
2003.0,35.0,0.488365
2003.0,36.0,0.479474
2003.0,37.0,0.489807
2003.0,38.0,0.499383
2003.0,39.0,0.518647
2003.0,40.0,0.485308
2003.0,41.0,0.525
2003.0,42.0,0.507559
2003.0,43.0,0.480411
2003.0,44.0,0.527347
2003.0,45.0,0.461123
2003.0,46.0,0.500968
2003.0,47.0,0.473139
2003.0,48.0,0.467765
2003.0,49.0,0.481324
2003.0,50.0,0.510714
2003.0,51.0,0.458259
2003.0,52.0,0.496173
2003.0,53.0,0.520271
2003.0,54.0,0.472883
2003.0,55.0,0.496606
2003.0,56.0,0.496054
2003.0,57.0,0.522322
2003.0,58.0,0.473794
2003.0,59.0,0.521589
2003.0,60.0,0.510743
2003.0,61.0,0.521365
2003.0,62.0,0.513658
2003.0,63.0,0.528033
2003.0,64.0,0.513539
2003.0,65.0,0.511254
2003.0,66.0,0.489232
2003.0,67.0,0.523692
2003.0,68.0,0.481476
2003.0,69.0,0.515399
2003.0,70.0,0.503153
2003.0,71.0,0.455199
2003.0,72.0,0.50848
2003.0,73.0,0.501282
2003.0,74.0,0.472257
2003.0,75.0,0.533294
2003.0,76.0,0.515447
2003.0,77.0,0.517584
2003.0,78.0,0.528539
2003.0,79.0,0.54208
2003.0,80.0,0.491926
2003.0,81.0,0.449101
2003.0,82.0,0.481303
2003.0,83.0,0.495906
2003.0,84.0,0.47617
2003.0,85.0,0.507805
2003.0,86.0,0.492712
2003.0,87.0,0.523074
2003.0,88.0,0.498003
2003.0,89.0,0.471732
2003.0,90.0,0.483438
2003.0,91.0,0.469245
2003.0,92.0,0.495235
2003.0,93.0,0.505289
2003.0,94.0,0.503336
2003.0,95.0,0.451229
2003.0,96.0,0.489052
2003.0,97.0,0.511455
2003.0,98.0,0.46373
2003.0,99.0,0.484314
2003.0,100.0,0.466046
2003.0,101.0,0.497663
2003.0,102.0,0.511771
2003.0,103.0,0.498001
2003.0,104.0,0.477983
2003.0,105.0,0.468671
2003.0,106.0,0.486068
2003.0,107.0,0.521229
2003.0,108.0,0.511339
2003.0,109.0,0.508949
2003.0,110.0,0.493746
2003.0,111.0,0.538051
2003.0,112.0,0.546752
2003.0,113.0,0.500397
2003.0,114.0,0.498076
2003.0,115.0,0.550555
2003.0,116.0,0.494077
2003.0,117.0,0.465277
2003.0,118.0,0.520374
2003.0,119.0,0.482132
2003.0,120.0,0.486494
2003.0,121.0,0.535347
2003.0,122.0,0.454891
2003.0,123.0,0.495269
2003.0,124.0,0.500647
2003.0,125.0,0.478911
2003.0,126.0,0.521321
2004.0,0.0,0.504983
2004.0,1.0,0.51227
2004.0,2.0,0.545599
2004.0,3.0,0.50927
2004.0,4.0,0.488241
2004.0,5.0,0.502289
2004.0,6.0,0.499279
2004.0,7.0,0.498868
2004.0,8.0,0.468872
2004.0,9.0,0.481947
2004.0,10.0,0.537458
2004.0,11.0,0.49916
2004.0,12.0,0.514766
2004.0,13.0,0.543882
2004.0,14.0,0.504425
2004.0,15.0,0.465743
2004.0,16.0,0.519619
2004.0,17.0,0.512659
2004.0,18.0,0.502011
2004.0,19.0,0.503579
2004.0,20.0,0.495249
2004.0,21.0,0.523109
2004.0,22.0,0.495936
2004.0,23.0,0.494806
2004.0,24.0,0.501724
2004.0,25.0,0.508263
2004.0,26.0,0.473162
2004.0,27.0,0.466933
2004.0,28.0,0.49807
2004.0,29.0,0.487293
2004.0,30.0,0.512532
2004.0,31.0,0.537746
2004.0,32.0,0.47299
2004.0,33.0,0.489323
2004.0,34.0,0.497688
2004.0,35.0,0.488057
2004.0,36.0,0.478646
2004.0,37.0,0.48975
2004.0,38.0,0.498672
2004.0,39.0,0.518961
2004.0,40.0,0.485685
2004.0,41.0,0.524485
2004.0,42.0,0.507418
2004.0,43.0,0.480188
2004.0,44.0,0.52748
2004.0,45.0,0.461226
2004.0,46.0,0.500599
2004.0,47.0,0.472726
2004.0,48.0,0.467719
2004.0,49.0,0.481495
2004.0,50.0,0.512591
2004.0,51.0,0.458956
2004.0,52.0,0.496125
2004.0,53.0,0.520817
2004.0,54.0,0.47271
2004.0,55.0,0.497532
2004.0,56.0,0.495974
2004.0,57.0,0.521808
2004.0,58.0,0.474136
2004.0,59.0,0.521478
2004.0,60.0,0.51008
2004.0,61.0,0.521212
2004.0,62.0,0.514164
2004.0,63.0,0.527261
2004.0,64.0,0.513522
2004.0,65.0,0.510848
2004.0,66.0,0.488392
2004.0,67.0,0.523793
2004.0,68.0,0.481258
2004.0,69.0,0.515038
2004.0,70.0,0.503853
2004.0,71.0,0.455451
2004.0,72.0,0.508417
2004.0,73.0,0.502067
2004.0,74.0,0.472274
2004.0,75.0,0.533083
2004.0,76.0,0.5152
2004.0,77.0,0.517869
2004.0,78.0,0.528487
2004.0,79.0,0.541933
2004.0,80.0,0.492405
2004.0,81.0,0.44992
2004.0,82.0,0.4818
2004.0,83.0,0.496153
2004.0,84.0,0.477174
2004.0,85.0,0.50754
2004.0,86.0,0.493897
2004.0,87.0,0.523272
2004.0,88.0,0.49915
2004.0,89.0,0.471468
2004.0,90.0,0.483113
2004.0,91.0,0.469386
2004.0,92.0,0.495141
2004.0,93.0,0.504501
2004.0,94.0,0.503393
2004.0,95.0,0.451682
2004.0,96.0,0.488844
2004.0,97.0,0.511386
2004.0,98.0,0.464004
2004.0,99.0,0.484122
2004.0,100.0,0.466275
2004.0,101.0,0.496975
2004.0,102.0,0.511461
2004.0,103.0,0.496771
2004.0,104.0,0.477439
2004.0,105.0,0.468563
2004.0,106.0,0.486385
2004.0,107.0,0.522053
2004.0,108.0,0.5114
2004.0,109.0,0.509188
2004.0,110.0,0.493409
2004.0,111.0,0.538275
2004.0,112.0,0.546708
2004.0,113.0,0.500202
2004.0,114.0,0.498271
2004.0,115.0,0.549803
2004.0,116.0,0.493859
2004.0,117.0,0.465784
2004.0,118.0,0.520382
2004.0,119.0,0.48249
2004.0,120.0,0.486108
2004.0,121.0,0.534723
2004.0,122.0,0.455452
2004.0,123.0,0.495101
2004.0,124.0,0.500147
2004.0,125.0,0.479144
2004.0,126.0,0.520999
2005.0,0.0,0.505055
2005.0,1.0,0.512074
2005.0,2.0,0.545152
2005.0,3.0,0.509335
2005.0,4.0,0.488295
2005.0,5.0,0.502192
2005.0,6.0,0.499716
2005.0,7.0,0.498805
2005.0,8.0,0.469146
2005.0,9.0,0.483065
2005.0,10.0,0.537499
2005.0,11.0,0.499547
2005.0,12.0,0.515167
2005.0,13.0,0.543894
2005.0,14.0,0.504934
2005.0,15.0,0.46589
2005.0,16.0,0.51959
2005.0,17.0,0.513778
2005.0,18.0,0.500975
2005.0,19.0,0.503753
2005.0,20.0,0.495483
2005.0,21.0,0.522657
2005.0,22.0,0.496014
2005.0,23.0,0.493905
2005.0,24.0,0.50163
2005.0,25.0,0.507739
2005.0,26.0,0.473359
2005.0,27.0,0.466411
2005.0,28.0,0.498835
2005.0,29.0,0.487401
2005.0,30.0,0.513557
2005.0,31.0,0.53714
2005.0,32.0,0.472441
2005.0,33.0,0.489042
2005.0,34.0,0.498021
2005.0,35.0,0.487618
2005.0,36.0,0.478408
2005.0,37.0,0.489677
2005.0,38.0,0.49888
2005.0,39.0,0.518492
2005.0,40.0,0.486356
2005.0,41.0,0.524779
2005.0,42.0,0.506812
2005.0,43.0,0.479597
2005.0,44.0,0.528006
2005.0,45.0,0.462006
2005.0,46.0,0.500463
2005.0,47.0,0.472678
2005.0,48.0,0.467541
2005.0,49.0,0.481374
2005.0,50.0,0.512266
2005.0,51.0,0.459411
2005.0,52.0,0.495584
2005.0,53.0,0.520829
2005.0,54.0,0.473132
2005.0,55.0,0.498296
2005.0,56.0,0.495022
2005.0,57.0,0.521349
2005.0,58.0,0.473688
2005.0,59.0,0.521301
2005.0,60.0,0.510521
2005.0,61.0,0.520554
2005.0,62.0,0.5144
2005.0,63.0,0.526438
2005.0,64.0,0.514017
2005.0,65.0,0.511368
2005.0,66.0,0.488744
2005.0,67.0,0.524212
2005.0,68.0,0.481199
2005.0,69.0,0.515603
2005.0,70.0,0.5038
2005.0,71.0,0.455335
2005.0,72.0,0.5088
2005.0,73.0,0.501727
2005.0,74.0,0.472101
2005.0,75.0,0.533036
2005.0,76.0,0.515542
2005.0,77.0,0.516981
2005.0,78.0,0.528425
2005.0,79.0,0.542083
2005.0,80.0,0.492067
2005.0,81.0,0.449873
2005.0,82.0,0.481898
2005.0,83.0,0.496539
2005.0,84.0,0.476808
2005.0,85.0,0.50761
2005.0,86.0,0.493232
2005.0,87.0,0.523263
2005.0,88.0,0.499822
2005.0,89.0,0.471542
2005.0,90.0,0.482918
2005.0,91.0,0.46848
2005.0,92.0,0.495465
2005.0,93.0,0.504026
2005.0,94.0,0.503558
2005.0,95.0,0.452203
2005.0,96.0,0.488708
2005.0,97.0,0.511226
2005.0,98.0,0.463821
2005.0,99.0,0.484122
2005.0,100.0,0.465539
2005.0,101.0,0.496681
2005.0,102.0,0.511861
2005.0,103.0,0.496432
2005.0,104.0,0.47686
2005.0,105.0,0.468769
2005.0,106.0,0.486123
2005.0,107.0,0.521421
2005.0,108.0,0.511633
2005.0,109.0,0.509691
2005.0,110.0,0.492688
2005.0,111.0,0.537692
2005.0,112.0,0.54782
2005.0,113.0,0.5014
2005.0,114.0,0.497964
2005.0,115.0,0.54976
2005.0,116.0,0.493687
2005.0,117.0,0.464896
2005.0,118.0,0.520586
2005.0,119.0,0.481998
2005.0,120.0,0.486774
2005.0,121.0,0.535641
2005.0,122.0,0.454865
2005.0,123.0,0.49541
2005.0,124.0,0.50052
2005.0,125.0,0.479033
2005.0,126.0,0.521084
2006.0,0.0,0.505584
2006.0,1.0,0.51264
2006.0,2.0,0.543883
2006.0,3.0,0.510119
2006.0,4.0,0.487874
2006.0,5.0,0.501917
2006.0,6.0,0.499674
2006.0,7.0,0.498608
2006.0,8.0,0.469149
2006.0,9.0,0.482292
2006.0,10.0,0.537553
2006.0,11.0,0.499424
2006.0,12.0,0.514968
2006.0,13.0,0.543507
2006.0,14.0,0.504502
2006.0,15.0,0.46577
2006.0,16.0,0.520422
2006.0,17.0,0.513814
2006.0,18.0,0.500753
2006.0,19.0,0.504289
2006.0,20.0,0.494292
2006.0,21.0,0.522833
2006.0,22.0,0.496439
2006.0,23.0,0.493465
2006.0,24.0,0.501965
2006.0,25.0,0.508112
2006.0,26.0,0.473706
2006.0,27.0,0.466822
2006.0,28.0,0.498111
2006.0,29.0,0.488077
2006.0,30.0,0.513234
2006.0,31.0,0.537232
2006.0,32.0,0.473084
2006.0,33.0,0.489041
2006.0,34.0,0.497354
2006.0,35.0,0.487246
2006.0,36.0,0.478058
2006.0,37.0,0.488569
2006.0,38.0,0.499346
2006.0,39.0,0.518909
2006.0,40.0,0.486299
2006.0,41.0,0.525247
2006.0,42.0,0.507029
2006.0,43.0,0.479937
2006.0,44.0,0.527492
2006.0,45.0,0.461934
2006.0,46.0,0.500551
2006.0,47.0,0.473519
2006.0,48.0,0.468113
2006.0,49.0,0.480896
2006.0,50.0,0.512546
2006.0,51.0,0.45959
2006.0,52.0,0.494511
2006.0,53.0,0.520497
2006.0,54.0,0.473646
2006.0,55.0,0.498401
2006.0,56.0,0.495292
2006.0,57.0,0.521303
2006.0,58.0,0.473826
2006.0,59.0,0.521116
2006.0,60.0,0.509592
2006.0,61.0,0.520515
2006.0,62.0,0.515023
2006.0,63.0,0.52654
2006.0,64.0,0.514205
2006.0,65.0,0.511344
2006.0,66.0,0.488892
2006.0,67.0,0.524157
2006.0,68.0,0.48033
2006.0,69.0,0.516049
2006.0,70.0,0.503204
2006.0,71.0,0.45486
2006.0,72.0,0.509288
2006.0,73.0,0.501623
2006.0,74.0,0.470844
2006.0,75.0,0.534182
2006.0,76.0,0.516491
2006.0,77.0,0.516776
2006.0,78.0,0.528601
2006.0,79.0,0.542157
2006.0,80.0,0.491747
2006.0,81.0,0.450748
2006.0,82.0,0.481366
2006.0,83.0,0.496448
2006.0,84.0,0.476305
2006.0,85.0,0.508089
2006.0,86.0,0.493146
2006.0,87.0,0.522975
2006.0,88.0,0.500556
2006.0,89.0,0.471611
2006.0,90.0,0.483315
2006.0,91.0,0.468436
2006.0,92.0,0.495039
2006.0,93.0,0.504561
2006.0,94.0,0.50388
2006.0,95.0,0.452249
2006.0,96.0,0.488593
2006.0,97.0,0.511148
2006.0,98.0,0.463967
2006.0,99.0,0.484223
2006.0,100.0,0.465799
2006.0,101.0,0.496619
2006.0,102.0,0.511648
2006.0,103.0,0.496556
2006.0,104.0,0.477602
2006.0,105.0,0.469109
2006.0,106.0,0.485517
2006.0,107.0,0.520701
2006.0,108.0,0.511934
2006.0,109.0,0.510271
2006.0,110.0,0.492866
2006.0,111.0,0.538114
2006.0,112.0,0.548653
2006.0,113.0,0.501343
2006.0,114.0,0.497817
2006.0,115.0,0.550218
2006.0,116.0,0.493678
2006.0,117.0,0.464591
2006.0,118.0,0.520819
2006.0,119.0,0.482314
2006.0,120.0,0.486832
2006.0,121.0,0.53557
2006.0,122.0,0.455118
2006.0,123.0,0.49655
2006.0,124.0,0.50008
2006.0,125.0,0.478677
2006.0,126.0,0.521136
2007.0,0.0,0.506153
2007.0,1.0,0.512367
2007.0,2.0,0.543904
2007.0,3.0,0.509829
2007.0,4.0,0.487404
2007.0,5.0,0.502838
2007.0,6.0,0.499504
2007.0,7.0,0.498143
2007.0,8.0,0.469076
2007.0,9.0,0.48109
2007.0,10.0,0.537085
2007.0,11.0,0.498505
2007.0,12.0,0.514822
2007.0,13.0,0.543776
2007.0,14.0,0.504608
2007.0,15.0,0.466039
2007.0,16.0,0.520874
2007.0,17.0,0.513135
2007.0,18.0,0.500444
2007.0,19.0,0.505207
2007.0,20.0,0.494145
2007.0,21.0,0.522955
2007.0,22.0,0.496152
2007.0,23.0,0.494218
2007.0,24.0,0.502724
2007.0,25.0,0.507766
2007.0,26.0,0.473815
2007.0,27.0,0.466779
2007.0,28.0,0.498684
2007.0,29.0,0.488158
2007.0,30.0,0.513021
2007.0,31.0,0.537256
2007.0,32.0,0.472376
2007.0,33.0,0.488733
2007.0,34.0,0.497607
2007.0,35.0,0.487797
2007.0,36.0,0.478244
2007.0,37.0,0.487915
2007.0,38.0,0.499552
2007.0,39.0,0.519386
2007.0,40.0,0.486273
2007.0,41.0,0.525209
2007.0,42.0,0.506267
2007.0,43.0,0.48066
2007.0,44.0,0.527466
2007.0,45.0,0.462311
2007.0,46.0,0.500003
2007.0,47.0,0.473368
2007.0,48.0,0.468581
2007.0,49.0,0.480873
2007.0,50.0,0.512394
2007.0,51.0,0.459631
2007.0,52.0,0.494254
2007.0,53.0,0.520695
2007.0,54.0,0.473671
2007.0,55.0,0.498442
2007.0,56.0,0.49536
2007.0,57.0,0.521065
2007.0,58.0,0.474182
2007.0,59.0,0.521686
2007.0,60.0,0.510474
2007.0,61.0,0.520236
2007.0,62.0,0.514708
2007.0,63.0,0.526575
2007.0,64.0,0.514147
2007.0,65.0,0.511862
2007.0,66.0,0.488692
2007.0,67.0,0.523873
2007.0,68.0,0.479746
2007.0,69.0,0.515771
2007.0,70.0,0.504339
2007.0,71.0,0.454616
2007.0,72.0,0.509473
2007.0,73.0,0.501354
2007.0,74.0,0.470296
2007.0,75.0,0.534005
2007.0,76.0,0.517095
2007.0,77.0,0.51602
2007.0,78.0,0.528259
2007.0,79.0,0.542678
2007.0,80.0,0.492411
2007.0,81.0,0.450653
2007.0,82.0,0.482002
2007.0,83.0,0.496694
2007.0,84.0,0.476321
2007.0,85.0,0.508834
2007.0,86.0,0.49304
2007.0,87.0,0.522749
2007.0,88.0,0.50051
2007.0,89.0,0.472402
2007.0,90.0,0.483649
2007.0,91.0,0.468734
2007.0,92.0,0.495724
2007.0,93.0,0.504803
2007.0,94.0,0.504318
2007.0,95.0,0.452632
2007.0,96.0,0.488547
2007.0,97.0,0.510787
2007.0,98.0,0.464026
2007.0,99.0,0.48398
2007.0,100.0,0.465351
2007.0,101.0,0.496609
2007.0,102.0,0.51195
2007.0,103.0,0.497367
2007.0,104.0,0.477492
2007.0,105.0,0.469457
2007.0,106.0,0.485865
2007.0,107.0,0.519349
2007.0,108.0,0.512221
2007.0,109.0,0.510831
2007.0,110.0,0.492767
2007.0,111.0,0.538842
2007.0,112.0,0.549495
2007.0,113.0,0.50142
2007.0,114.0,0.498842
2007.0,115.0,0.549747
2007.0,116.0,0.493899
2007.0,117.0,0.46503
2007.0,118.0,0.521472
2007.0,119.0,0.482833
2007.0,120.0,0.486455
2007.0,121.0,0.535987
2007.0,122.0,0.454866
2007.0,123.0,0.496887
2007.0,124.0,0.499773
2007.0,125.0,0.478565
2007.0,126.0,0.522064
2008.0,0.0,0.505974
2008.0,1.0,0.513216
2008.0,2.0,0.542794
2008.0,3.0,0.510165
2008.0,4.0,0.487573
2008.0,5.0,0.502949
2008.0,6.0,0.499458
2008.0,7.0,0.496893
2008.0,8.0,0.469335
2008.0,9.0,0.481002
2008.0,10.0,0.537378
2008.0,11.0,0.498075
2008.0,12.0,0.515688
2008.0,13.0,0.543527
2008.0,14.0,0.504204
2008.0,15.0,0.465938
2008.0,16.0,0.520203
2008.0,17.0,0.512919
2008.0,18.0,0.500392
2008.0,19.0,0.505681
2008.0,20.0,0.494478
2008.0,21.0,0.522699
2008.0,22.0,0.496153
2008.0,23.0,0.493909
2008.0,24.0,0.503152
2008.0,25.0,0.508386
2008.0,26.0,0.473566
2008.0,27.0,0.466388
2008.0,28.0,0.499223
2008.0,29.0,0.487576
2008.0,30.0,0.512612
2008.0,31.0,0.536194
2008.0,32.0,0.472913
2008.0,33.0,0.487977
2008.0,34.0,0.497086
2008.0,35.0,0.488701
2008.0,36.0,0.477604
2008.0,37.0,0.486974
2008.0,38.0,0.500057
2008.0,39.0,0.519234
2008.0,40.0,0.486834
2008.0,41.0,0.524482
2008.0,42.0,0.505883
2008.0,43.0,0.480061
2008.0,44.0,0.527266
2008.0,45.0,0.461686
2008.0,46.0,0.499936
2008.0,47.0,0.473238
2008.0,48.0,0.467812
2008.0,49.0,0.481053
2008.0,50.0,0.512442
2008.0,51.0,0.459055
2008.0,52.0,0.494097
2008.0,53.0,0.519626
2008.0,54.0,0.473373
2008.0,55.0,0.497447
2008.0,56.0,0.495166
2008.0,57.0,0.52083
2008.0,58.0,0.474759
2008.0,59.0,0.521079
2008.0,60.0,0.510312
2008.0,61.0,0.52006
2008.0,62.0,0.514553
2008.0,63.0,0.526572
2008.0,64.0,0.513982
2008.0,65.0,0.51198
2008.0,66.0,0.489189
2008.0,67.0,0.522493
2008.0,68.0,0.479641
2008.0,69.0,0.515589
2008.0,70.0,0.504462
2008.0,71.0,0.455321
2008.0,72.0,0.509451
2008.0,73.0,0.501216
2008.0,74.0,0.470109
2008.0,75.0,0.534158
2008.0,76.0,0.517126
2008.0,77.0,0.516024
2008.0,78.0,0.527308
2008.0,79.0,0.542384
2008.0,80.0,0.492538
2008.0,81.0,0.451737
2008.0,82.0,0.482739
2008.0,83.0,0.496516
2008.0,84.0,0.476249
2008.0,85.0,0.508629
2008.0,86.0,0.493268
2008.0,87.0,0.522101
2008.0,88.0,0.499988
2008.0,89.0,0.472708
2008.0,90.0,0.48345
2008.0,91.0,0.468882
2008.0,92.0,0.495126
2008.0,93.0,0.504746
2008.0,94.0,0.503492
2008.0,95.0,0.451892
2008.0,96.0,0.488277
2008.0,97.0,0.51045
2008.0,98.0,0.464108
2008.0,99.0,0.483856
2008.0,100.0,0.465518
2008.0,101.0,0.496949
2008.0,102.0,0.511924
2008.0,103.0,0.497564
2008.0,104.0,0.477395
2008.0,105.0,0.469684
2008.0,106.0,0.486334
2008.0,107.0,0.51999
2008.0,108.0,0.512848
2008.0,109.0,0.511361
2008.0,110.0,0.493228
2008.0,111.0,0.538717
2008.0,112.0,0.548916
2008.0,113.0,0.502075
2008.0,114.0,0.499309
2008.0,115.0,0.549985
2008.0,116.0,0.494122
2008.0,117.0,0.46521
2008.0,118.0,0.520585
2008.0,119.0,0.483265
2008.0,120.0,0.486486
2008.0,121.0,0.536107
2008.0,122.0,0.454871
2008.0,123.0,0.497131
2008.0,124.0,0.499846
2008.0,125.0,0.477732
2008.0,126.0,0.522299
2009.0,0.0,0.506143
2009.0,1.0,0.512865
2009.0,2.0,0.542442
2009.0,3.0,0.508829
2009.0,4.0,0.488024
2009.0,5.0,0.501917
2009.0,6.0,0.498889
2009.0,7.0,0.496874
2009.0,8.0,0.47001
2009.0,9.0,0.481576
2009.0,10.0,0.536417
2009.0,11.0,0.497259
2009.0,12.0,0.515191
2009.0,13.0,0.543882
2009.0,14.0,0.503583
2009.0,15.0,0.46614
2009.0,16.0,0.520042
2009.0,17.0,0.512948
2009.0,18.0,0.50034
2009.0,19.0,0.505498
2009.0,20.0,0.493466
2009.0,21.0,0.522268
2009.0,22.0,0.496596
2009.0,23.0,0.494926
2009.0,24.0,0.5037
2009.0,25.0,0.507885
2009.0,26.0,0.47407
2009.0,27.0,0.465585
2009.0,28.0,0.499132
2009.0,29.0,0.488533
2009.0,30.0,0.512523
2009.0,31.0,0.536087
2009.0,32.0,0.472667
2009.0,33.0,0.488653
2009.0,34.0,0.497508
2009.0,35.0,0.488611
2009.0,36.0,0.477939
2009.0,37.0,0.486219
2009.0,38.0,0.500483
2009.0,39.0,0.519054
2009.0,40.0,0.486051
2009.0,41.0,0.524446
2009.0,42.0,0.505779
2009.0,43.0,0.480867
2009.0,44.0,0.527939
2009.0,45.0,0.461993
2009.0,46.0,0.500637
2009.0,47.0,0.473604
2009.0,48.0,0.467343
2009.0,49.0,0.480954
2009.0,50.0,0.512117
2009.0,51.0,0.459346
2009.0,52.0,0.493649
2009.0,53.0,0.519399
2009.0,54.0,0.473261
2009.0,55.0,0.496729
2009.0,56.0,0.495605
2009.0,57.0,0.521393
2009.0,58.0,0.475482
2009.0,59.0,0.52069
2009.0,60.0,0.510015
2009.0,61.0,0.520626
2009.0,62.0,0.514566
2009.0,63.0,0.526708
2009.0,64.0,0.514666
2009.0,65.0,0.511959
2009.0,66.0,0.489492
2009.0,67.0,0.522734
2009.0,68.0,0.480204
2009.0,69.0,0.515558
2009.0,70.0,0.504205
2009.0,71.0,0.456057
2009.0,72.0,0.509374
2009.0,73.0,0.501156
2009.0,74.0,0.4697
2009.0,75.0,0.53394
2009.0,76.0,0.516702
2009.0,77.0,0.516892
2009.0,78.0,0.527343
2009.0,79.0,0.54185
2009.0,80.0,0.492385
2009.0,81.0,0.451433
2009.0,82.0,0.482885
2009.0,83.0,0.495506
2009.0,84.0,0.476532
2009.0,85.0,0.508486
2009.0,86.0,0.492845
2009.0,87.0,0.522182
2009.0,88.0,0.500262
2009.0,89.0,0.472802
2009.0,90.0,0.483865
2009.0,91.0,0.4694
2009.0,92.0,0.494954
2009.0,93.0,0.505052
2009.0,94.0,0.503788
2009.0,95.0,0.451947
2009.0,96.0,0.488294
2009.0,97.0,0.509907
2009.0,98.0,0.464866
2009.0,99.0,0.483708
2009.0,100.0,0.466062
2009.0,101.0,0.49674
2009.0,102.0,0.512455
2009.0,103.0,0.496923
2009.0,104.0,0.477431
2009.0,105.0,0.469181
2009.0,106.0,0.486346
2009.0,107.0,0.519693
2009.0,108.0,0.512283
2009.0,109.0,0.511164
2009.0,110.0,0.493513
2009.0,111.0,0.538622
2009.0,112.0,0.548728
2009.0,113.0,0.502367
2009.0,114.0,0.498438
2009.0,115.0,0.550021
2009.0,116.0,0.49484
2009.0,117.0,0.465004
2009.0,118.0,0.52085
2009.0,119.0,0.483898
2009.0,120.0,0.487026
2009.0,121.0,0.536263
2009.0,122.0,0.454026
2009.0,123.0,0.497587
2009.0,124.0,0.499408
2009.0,125.0,0.478009
2009.0,126.0,0.522847
2010.0,0.0,0.507012
2010.0,1.0,0.513259
2010.0,2.0,0.542793
2010.0,3.0,0.507925
2010.0,4.0,0.487832
2010.0,5.0,0.50191
2010.0,6.0,0.49936
2010.0,7.0,0.496745
2010.0,8.0,0.470049
2010.0,9.0,0.481451
2010.0,10.0,0.536227
2010.0,11.0,0.497118
2010.0,12.0,0.515773
2010.0,13.0,0.543702
2010.0,14.0,0.502852
2010.0,15.0,0.466354
2010.0,16.0,0.519406
2010.0,17.0,0.512265
2010.0,18.0,0.499455
2010.0,19.0,0.505035
2010.0,20.0,0.4937
2010.0,21.0,0.522623
2010.0,22.0,0.496396
2010.0,23.0,0.494824
2010.0,24.0,0.503211
2010.0,25.0,0.507871
2010.0,26.0,0.473742
2010.0,27.0,0.465175
2010.0,28.0,0.498544
2010.0,29.0,0.489083
2010.0,30.0,0.512916
2010.0,31.0,0.536581
2010.0,32.0,0.47247
2010.0,33.0,0.488689
2010.0,34.0,0.497673
2010.0,35.0,0.48834
2010.0,36.0,0.478405
2010.0,37.0,0.486706
2010.0,38.0,0.500706
2010.0,39.0,0.518777
2010.0,40.0,0.486053
2010.0,41.0,0.524607
2010.0,42.0,0.505503
2010.0,43.0,0.480062
2010.0,44.0,0.528406
2010.0,45.0,0.462014
2010.0,46.0,0.50096
2010.0,47.0,0.474417
2010.0,48.0,0.467955
2010.0,49.0,0.481237
2010.0,50.0,0.512049
2010.0,51.0,0.458979
2010.0,52.0,0.493373
2010.0,53.0,0.518858
2010.0,54.0,0.473585
2010.0,55.0,0.496919
2010.0,56.0,0.495607
2010.0,57.0,0.521455
2010.0,58.0,0.474938
2010.0,59.0,0.519996
2010.0,60.0,0.51048
2010.0,61.0,0.520617
2010.0,62.0,0.515104
2010.0,63.0,0.527235
2010.0,64.0,0.515437
2010.0,65.0,0.511891
2010.0,66.0,0.489635
2010.0,67.0,0.522764
2010.0,68.0,0.479858
2010.0,69.0,0.516211
2010.0,70.0,0.504943
2010.0,71.0,0.455095
2010.0,72.0,0.510017
2010.0,73.0,0.501854
2010.0,74.0,0.470833
2010.0,75.0,0.533714
2010.0,76.0,0.51607
2010.0,77.0,0.516766
2010.0,78.0,0.527048
2010.0,79.0,0.541589
2010.0,80.0,0.492412
2010.0,81.0,0.451584
2010.0,82.0,0.482532
2010.0,83.0,0.496357
2010.0,84.0,0.477036
2010.0,85.0,0.507973
2010.0,86.0,0.493118
2010.0,87.0,0.522227
2010.0,88.0,0.500572
2010.0,89.0,0.472625
2010.0,90.0,0.483958
2010.0,91.0,0.469822
2010.0,92.0,0.49447
2010.0,93.0,0.505085
2010.0,94.0,0.503876
2010.0,95.0,0.451583
2010.0,96.0,0.488059
2010.0,97.0,0.510115
2010.0,98.0,0.465205
2010.0,99.0,0.484135
2010.0,100.0,0.466684
2010.0,101.0,0.49674
2010.0,102.0,0.512028
2010.0,103.0,0.497371
2010.0,104.0,0.477577
2010.0,105.0,0.469598
2010.0,106.0,0.48624
2010.0,107.0,0.520261
2010.0,108.0,0.512696
2010.0,109.0,0.511312
2010.0,110.0,0.493138
2010.0,111.0,0.538698
2010.0,112.0,0.54885
2010.0,113.0,0.502608
2010.0,114.0,0.498391
2010.0,115.0,0.55024
2010.0,116.0,0.494802
2010.0,117.0,0.464736
2010.0,118.0,0.519687
2010.0,119.0,0.483987
2010.0,120.0,0.487543
2010.0,121.0,0.536745
2010.0,122.0,0.453545
2010.0,123.0,0.497213
2010.0,124.0,0.499127
2010.0,125.0,0.477174
2010.0,126.0,0.52368
3000.0,0.0,0.50725
3000.0,1.0,0.5499
3000.0,2.0,0.556699
3000.0,3.0,0.513374
3000.0,4.0,0.47093
3000.0,5.0,0.510497
3000.0,6.0,0.515252
3000.0,7.0,0.522331
3000.0,8.0,0.488155
3000.0,9.0,0.511196
3000.0,10.0,0.567629
3000.0,11.0,0.48728
3000.0,12.0,0.506994
3000.0,13.0,0.522951
3000.0,14.0,0.527913
3000.0,15.0,0.478686
3000.0,16.0,0.552738
3000.0,17.0,0.51803
3000.0,18.0,0.502109
3000.0,19.0,0.500145
3000.0,20.0,0.507321
3000.0,21.0,0.524026
3000.0,22.0,0.507332
3000.0,23.0,0.492518
3000.0,24.0,0.532343
3000.0,25.0,0.519019
3000.0,26.0,0.467655
3000.0,27.0,0.455713
3000.0,28.0,0.49765
3000.0,29.0,0.501201
3000.0,30.0,0.523229
3000.0,31.0,0.539984
3000.0,32.0,0.487755
3000.0,33.0,0.490794
3000.0,34.0,0.497146
3000.0,35.0,0.480876
3000.0,36.0,0.493283
3000.0,37.0,0.493028
3000.0,38.0,0.504842
3000.0,39.0,0.500535
3000.0,40.0,0.4803
3000.0,41.0,0.520408
3000.0,42.0,0.477257
3000.0,43.0,0.493398
3000.0,44.0,0.543812
3000.0,45.0,0.464554
3000.0,46.0,0.505223
3000.0,47.0,0.479433
3000.0,48.0,0.496766
3000.0,49.0,0.477266
3000.0,50.0,0.552132
3000.0,51.0,0.450731
3000.0,52.0,0.489658
3000.0,53.0,0.520204
3000.0,54.0,0.445367
3000.0,55.0,0.485993
3000.0,56.0,0.541652
3000.0,57.0,0.52304
3000.0,58.0,0.489765
3000.0,59.0,0.516846
3000.0,60.0,0.533076
3000.0,61.0,0.51932
3000.0,62.0,0.522479
3000.0,63.0,0.538275
3000.0,64.0,0.564705
3000.0,65.0,0.509213
3000.0,66.0,0.489827
3000.0,67.0,0.507833
3000.0,68.0,0.46829
3000.0,69.0,0.518632
3000.0,70.0,0.517056
3000.0,71.0,0.473508
3000.0,72.0,0.527676
3000.0,73.0,0.502991
3000.0,74.0,0.456146
3000.0,75.0,0.536783
3000.0,76.0,0.508198
3000.0,77.0,0.522233
3000.0,78.0,0.526808
3000.0,79.0,0.504035
3000.0,80.0,0.501599
3000.0,81.0,0.449585
3000.0,82.0,0.480452
3000.0,83.0,0.481924
3000.0,84.0,0.469345
3000.0,85.0,0.494763
3000.0,86.0,0.491691
3000.0,87.0,0.507676
3000.0,88.0,0.512882
3000.0,89.0,0.479462
3000.0,90.0,0.513032
3000.0,91.0,0.439721
3000.0,92.0,0.49242
3000.0,93.0,0.509013
3000.0,94.0,0.511881
3000.0,95.0,0.434131
3000.0,96.0,0.467914
3000.0,97.0,0.492605
3000.0,98.0,0.474677
3000.0,99.0,0.466294
3000.0,100.0,0.456096
3000.0,101.0,0.513853
3000.0,102.0,0.544132
3000.0,103.0,0.532263
3000.0,104.0,0.503418
3000.0,105.0,0.474803
3000.0,106.0,0.497952
3000.0,107.0,0.523043
3000.0,108.0,0.526246
3000.0,109.0,0.481754
3000.0,110.0,0.498401
3000.0,111.0,0.543407
3000.0,112.0,0.537108
3000.0,113.0,0.526427
3000.0,114.0,0.479879
3000.0,115.0,0.583934
3000.0,116.0,0.469247
3000.0,117.0,0.456915
3000.0,118.0,0.525816
3000.0,119.0,0.506001
3000.0,120.0,0.499161
3000.0,121.0,0.53973
3000.0,122.0,0.447711
3000.0,123.0,0.492281
3000.0,124.0,0.49026
3000.0,125.0,0.454966
3000.0,126.0,0.519788
3001.0,0.0,0.507648
3001.0,1.0,0.549675
3001.0,2.0,0.557189
3001.0,3.0,0.513293
3001.0,4.0,0.470228
3001.0,5.0,0.510102
3001.0,6.0,0.514573
3001.0,7.0,0.52241
3001.0,8.0,0.488478
3001.0,9.0,0.510883
3001.0,10.0,0.567378
3001.0,11.0,0.486801
3001.0,12.0,0.506952
3001.0,13.0,0.523119
3001.0,14.0,0.528459
3001.0,15.0,0.47857
3001.0,16.0,0.552775
3001.0,17.0,0.517554
3001.0,18.0,0.501726
3001.0,19.0,0.499864
3001.0,20.0,0.506819
3001.0,21.0,0.523192
3001.0,22.0,0.506878
3001.0,23.0,0.492142
3001.0,24.0,0.532148
3001.0,25.0,0.518645
3001.0,26.0,0.467491
3001.0,27.0,0.455589
3001.0,28.0,0.498441
3001.0,29.0,0.501601
3001.0,30.0,0.523867
3001.0,31.0,0.539658
3001.0,32.0,0.487677
3001.0,33.0,0.490544
3001.0,34.0,0.497178
3001.0,35.0,0.480868
3001.0,36.0,0.49377
3001.0,37.0,0.492727
3001.0,38.0,0.504385
3001.0,39.0,0.500392
3001.0,40.0,0.480465
3001.0,41.0,0.520277
3001.0,42.0,0.476999
3001.0,43.0,0.49345
3001.0,44.0,0.543552
3001.0,45.0,0.464558
3001.0,46.0,0.505469
3001.0,47.0,0.480041
3001.0,48.0,0.495802
3001.0,49.0,0.477145
3001.0,50.0,0.551903
3001.0,51.0,0.450656
3001.0,52.0,0.489737
3001.0,53.0,0.520708
3001.0,54.0,0.444629
3001.0,55.0,0.485942
3001.0,56.0,0.542211
3001.0,57.0,0.52294
3001.0,58.0,0.489332
3001.0,59.0,0.517575
3001.0,60.0,0.532798
3001.0,61.0,0.519601
3001.0,62.0,0.521997
3001.0,63.0,0.537433
3001.0,64.0,0.56465
3001.0,65.0,0.508458
3001.0,66.0,0.48999
3001.0,67.0,0.507829
3001.0,68.0,0.468568
3001.0,69.0,0.518183
3001.0,70.0,0.51685
3001.0,71.0,0.473752
3001.0,72.0,0.528444
3001.0,73.0,0.503474
3001.0,74.0,0.456427
3001.0,75.0,0.536402
3001.0,76.0,0.508027
3001.0,77.0,0.52175
3001.0,78.0,0.525185
3001.0,79.0,0.504642
3001.0,80.0,0.501616
3001.0,81.0,0.449621
3001.0,82.0,0.480699
3001.0,83.0,0.481791
3001.0,84.0,0.470104
3001.0,85.0,0.495391
3001.0,86.0,0.491943
3001.0,87.0,0.506936
3001.0,88.0,0.51329
3001.0,89.0,0.479428
3001.0,90.0,0.51319
3001.0,91.0,0.439611
3001.0,92.0,0.492452
3001.0,93.0,0.509727
3001.0,94.0,0.512525
3001.0,95.0,0.433856
3001.0,96.0,0.468455
3001.0,97.0,0.492724
3001.0,98.0,0.474997
3001.0,99.0,0.465874
3001.0,100.0,0.456757
3001.0,101.0,0.514128
3001.0,102.0,0.544302
3001.0,103.0,0.532579
3001.0,104.0,0.502948
3001.0,105.0,0.475035
3001.0,106.0,0.498178
3001.0,107.0,0.523662
3001.0,108.0,0.526392
3001.0,109.0,0.482741
3001.0,110.0,0.498236
3001.0,111.0,0.543759
3001.0,112.0,0.536662
3001.0,113.0,0.526941
3001.0,114.0,0.480208
3001.0,115.0,0.583896
3001.0,116.0,0.469299
3001.0,117.0,0.457732
3001.0,118.0,0.525516
3001.0,119.0,0.50606
3001.0,120.0,0.498066
3001.0,121.0,0.539612
3001.0,122.0,0.446928
3001.0,123.0,0.493558
3001.0,124.0,0.490787
3001.0,125.0,0.455285
3001.0,126.0,0.520144
3002.0,0.0,0.508255
3002.0,1.0,0.549964
3002.0,2.0,0.557312
3002.0,3.0,0.513112
3002.0,4.0,0.470902
3002.0,5.0,0.509949
3002.0,6.0,0.51471
3002.0,7.0,0.521689
3002.0,8.0,0.488799
3002.0,9.0,0.510487
3002.0,10.0,0.566632
3002.0,11.0,0.486313
3002.0,12.0,0.506688
3002.0,13.0,0.523172
3002.0,14.0,0.529218
3002.0,15.0,0.478737
3002.0,16.0,0.552181
3002.0,17.0,0.517753
3002.0,18.0,0.501803
3002.0,19.0,0.499393
3002.0,20.0,0.507051
3002.0,21.0,0.523402
3002.0,22.0,0.507163
3002.0,23.0,0.491514
3002.0,24.0,0.53241
3002.0,25.0,0.517931
3002.0,26.0,0.4675
3002.0,27.0,0.455273
3002.0,28.0,0.497118
3002.0,29.0,0.502181
3002.0,30.0,0.522847
3002.0,31.0,0.5406
3002.0,32.0,0.487707
3002.0,33.0,0.490076
3002.0,34.0,0.497337
3002.0,35.0,0.481748
3002.0,36.0,0.494562
3002.0,37.0,0.492644
3002.0,38.0,0.50409
3002.0,39.0,0.500906
3002.0,40.0,0.480798
3002.0,41.0,0.52029
3002.0,42.0,0.476037
3002.0,43.0,0.493529
3002.0,44.0,0.544197
3002.0,45.0,0.465189
3002.0,46.0,0.505255
3002.0,47.0,0.48098
3002.0,48.0,0.495787
3002.0,49.0,0.477977
3002.0,50.0,0.552454
3002.0,51.0,0.450685
3002.0,52.0,0.489765
3002.0,53.0,0.520488
3002.0,54.0,0.444801
3002.0,55.0,0.485994
3002.0,56.0,0.541959
3002.0,57.0,0.522686
3002.0,58.0,0.488727
3002.0,59.0,0.518317
3002.0,60.0,0.533277
3002.0,61.0,0.519825
3002.0,62.0,0.522077
3002.0,63.0,0.537072
3002.0,64.0,0.564462
3002.0,65.0,0.508116
3002.0,66.0,0.490385
3002.0,67.0,0.508771
3002.0,68.0,0.468531
3002.0,69.0,0.517933
3002.0,70.0,0.517022
3002.0,71.0,0.473842
3002.0,72.0,0.528654
3002.0,73.0,0.50373
3002.0,74.0,0.455731
3002.0,75.0,0.536623
3002.0,76.0,0.508328
3002.0,77.0,0.52123
3002.0,78.0,0.525359
3002.0,79.0,0.505695
3002.0,80.0,0.501653
3002.0,81.0,0.44914
3002.0,82.0,0.479504
3002.0,83.0,0.481777
3002.0,84.0,0.470301
3002.0,85.0,0.49493
3002.0,86.0,0.492568
3002.0,87.0,0.506264
3002.0,88.0,0.513466
3002.0,89.0,0.48004
3002.0,90.0,0.51424
3002.0,91.0,0.43995
3002.0,92.0,0.492317
3002.0,93.0,0.510491
3002.0,94.0,0.512901
3002.0,95.0,0.434042
3002.0,96.0,0.468369
3002.0,97.0,0.491982
3002.0,98.0,0.474631
3002.0,99.0,0.466559
3002.0,100.0,0.457024
3002.0,101.0,0.514058
3002.0,102.0,0.544553
3002.0,103.0,0.533465
3002.0,104.0,0.5028
3002.0,105.0,0.47496
3002.0,106.0,0.498706
3002.0,107.0,0.523673
3002.0,108.0,0.526627
3002.0,109.0,0.482747
3002.0,110.0,0.498661
3002.0,111.0,0.544265
3002.0,112.0,0.536839
3002.0,113.0,0.52712
3002.0,114.0,0.48029
3002.0,115.0,0.584177
3002.0,116.0,0.469545
3002.0,117.0,0.457307
3002.0,118.0,0.525892
3002.0,119.0,0.505582
3002.0,120.0,0.498383
3002.0,121.0,0.539695
3002.0,122.0,0.446616
3002.0,123.0,0.493622
3002.0,124.0,0.49043
3002.0,125.0,0.456119
3002.0,126.0,0.520082
3003.0,0.0,0.508808
3003.0,1.0,0.549931
3003.0,2.0,0.55713
3003.0,3.0,0.513113
3003.0,4.0,0.470951
3003.0,5.0,0.509675
3003.0,6.0,0.51551
3003.0,7.0,0.521574
3003.0,8.0,0.488367
3003.0,9.0,0.511011
3003.0,10.0,0.566179
3003.0,11.0,0.486475
3003.0,12.0,0.506467
3003.0,13.0,0.523076
3003.0,14.0,0.529387
3003.0,15.0,0.477973
3003.0,16.0,0.552807
3003.0,17.0,0.517865
3003.0,18.0,0.501822
3003.0,19.0,0.498835
3003.0,20.0,0.506559
3003.0,21.0,0.523072
3003.0,22.0,0.507459
3003.0,23.0,0.49197
3003.0,24.0,0.532786
3003.0,25.0,0.517854
3003.0,26.0,0.467259
3003.0,27.0,0.455533
3003.0,28.0,0.49684
3003.0,29.0,0.501787
3003.0,30.0,0.522389
3003.0,31.0,0.541251
3003.0,32.0,0.48735
3003.0,33.0,0.490316
3003.0,34.0,0.497934
3003.0,35.0,0.481981
3003.0,36.0,0.494653
3003.0,37.0,0.492554
3003.0,38.0,0.503854
3003.0,39.0,0.501459
3003.0,40.0,0.481531
3003.0,41.0,0.519391
3003.0,42.0,0.475661
3003.0,43.0,0.494332
3003.0,44.0,0.544147
3003.0,45.0,0.465662
3003.0,46.0,0.50606
3003.0,47.0,0.480516
3003.0,48.0,0.49562
3003.0,49.0,0.478029
3003.0,50.0,0.552251
3003.0,51.0,0.450936
3003.0,52.0,0.489694
3003.0,53.0,0.52035
3003.0,54.0,0.444576
3003.0,55.0,0.486511
3003.0,56.0,0.54248
3003.0,57.0,0.523059
3003.0,58.0,0.4886
3003.0,59.0,0.518182
3003.0,60.0,0.533886
3003.0,61.0,0.520279
3003.0,62.0,0.521962
3003.0,63.0,0.537136
3003.0,64.0,0.564941
3003.0,65.0,0.507696
3003.0,66.0,0.489889
3003.0,67.0,0.50937
3003.0,68.0,0.468089
3003.0,69.0,0.517823
3003.0,70.0,0.516669
3003.0,71.0,0.473886
3003.0,72.0,0.528732
3003.0,73.0,0.504306
3003.0,74.0,0.455675
3003.0,75.0,0.537008
3003.0,76.0,0.508441
3003.0,77.0,0.521343
3003.0,78.0,0.525255
3003.0,79.0,0.505424
3003.0,80.0,0.501203
3003.0,81.0,0.448841
3003.0,82.0,0.47867
3003.0,83.0,0.482146
3003.0,84.0,0.470998
3003.0,85.0,0.495274
3003.0,86.0,0.492778
3003.0,87.0,0.505674
3003.0,88.0,0.513496
3003.0,89.0,0.480914
3003.0,90.0,0.514427
3003.0,91.0,0.439475
3003.0,92.0,0.492717
3003.0,93.0,0.510596
3003.0,94.0,0.512752
3003.0,95.0,0.434315
3003.0,96.0,0.467754
3003.0,97.0,0.491377
3003.0,98.0,0.474072
3003.0,99.0,0.466765
3003.0,100.0,0.458027
3003.0,101.0,0.51315
3003.0,102.0,0.545046
3003.0,103.0,0.534207
3003.0,104.0,0.503088
3003.0,105.0,0.475623
3003.0,106.0,0.498134
3003.0,107.0,0.523593
3003.0,108.0,0.526204
3003.0,109.0,0.482647
3003.0,110.0,0.499384
3003.0,111.0,0.543505
3003.0,112.0,0.536914
3003.0,113.0,0.527284
3003.0,114.0,0.479975
3003.0,115.0,0.58403
3003.0,116.0,0.469794
3003.0,117.0,0.457257
3003.0,118.0,0.525894
3003.0,119.0,0.505659
3003.0,120.0,0.498872
3003.0,121.0,0.53907
3003.0,122.0,0.446812
3003.0,123.0,0.494652
3003.0,124.0,0.490569
3003.0,125.0,0.455646
3003.0,126.0,0.520077
3004.0,0.0,0.508976
3004.0,1.0,0.55002
3004.0,2.0,0.557139
3004.0,3.0,0.513697
3004.0,4.0,0.470565
3004.0,5.0,0.5096
3004.0,6.0,0.515225
3004.0,7.0,0.522553
3004.0,8.0,0.488542
3004.0,9.0,0.511036
3004.0,10.0,0.566332
3004.0,11.0,0.48699
3004.0,12.0,0.506701
3004.0,13.0,0.524143
3004.0,14.0,0.529839
3004.0,15.0,0.477825
3004.0,16.0,0.55225
3004.0,17.0,0.518308
3004.0,18.0,0.502385
3004.0,19.0,0.498777
3004.0,20.0,0.506479
3004.0,21.0,0.522944
3004.0,22.0,0.507303
3004.0,23.0,0.492896
3004.0,24.0,0.533602
3004.0,25.0,0.517733
3004.0,26.0,0.466862
3004.0,27.0,0.455674
3004.0,28.0,0.496665
3004.0,29.0,0.50202
3004.0,30.0,0.522103
3004.0,31.0,0.540655
3004.0,32.0,0.487325
3004.0,33.0,0.48983
3004.0,34.0,0.498181
3004.0,35.0,0.482948
3004.0,36.0,0.495048
3004.0,37.0,0.492424
3004.0,38.0,0.504164
3004.0,39.0,0.501014
3004.0,40.0,0.480829
3004.0,41.0,0.519626
3004.0,42.0,0.475491
3004.0,43.0,0.493887
3004.0,44.0,0.54352
3004.0,45.0,0.465551
3004.0,46.0,0.505788
3004.0,47.0,0.480538
3004.0,48.0,0.495725
3004.0,49.0,0.477459
3004.0,50.0,0.551584
3004.0,51.0,0.451702
3004.0,52.0,0.49015
3004.0,53.0,0.519742
3004.0,54.0,0.444329
3004.0,55.0,0.487333
3004.0,56.0,0.543137
3004.0,57.0,0.523087
3004.0,58.0,0.488652
3004.0,59.0,0.518894
3004.0,60.0,0.533974
3004.0,61.0,0.520273
3004.0,62.0,0.521582
3004.0,63.0,0.536284
3004.0,64.0,0.565745
3004.0,65.0,0.50772
3004.0,66.0,0.489691
3004.0,67.0,0.509784
3004.0,68.0,0.467919
3004.0,69.0,0.518176
3004.0,70.0,0.51637
3004.0,71.0,0.474583
3004.0,72.0,0.528686
3004.0,73.0,0.504288
3004.0,74.0,0.455599
3004.0,75.0,0.536759
3004.0,76.0,0.507967
3004.0,77.0,0.521505
3004.0,78.0,0.525197
3004.0,79.0,0.505646
3004.0,80.0,0.501189
3004.0,81.0,0.448733
3004.0,82.0,0.478449
3004.0,83.0,0.481813
3004.0,84.0,0.470598
3004.0,85.0,0.496473
3004.0,86.0,0.492753
3004.0,87.0,0.506059
3004.0,88.0,0.512961
3004.0,89.0,0.480176
3004.0,90.0,0.514282
3004.0,91.0,0.440061
3004.0,92.0,0.491265
3004.0,93.0,0.509929
3004.0,94.0,0.513007
3004.0,95.0,0.433762
3004.0,96.0,0.46737
3004.0,97.0,0.490583
3004.0,98.0,0.473807
3004.0,99.0,0.466755
3004.0,100.0,0.458639
3004.0,101.0,0.513889
3004.0,102.0,0.545495
3004.0,103.0,0.534099
3004.0,104.0,0.502186
3004.0,105.0,0.474751
3004.0,106.0,0.497819
3004.0,107.0,0.523591
3004.0,108.0,0.526561
3004.0,109.0,0.483065
3004.0,110.0,0.499427
3004.0,111.0,0.543273
3004.0,112.0,0.536831
3004.0,113.0,0.526916
3004.0,114.0,0.480137
3004.0,115.0,0.584476
3004.0,116.0,0.469783
3004.0,117.0,0.45766
3004.0,118.0,0.525692
3004.0,119.0,0.504837
3004.0,120.0,0.499516
3004.0,121.0,0.539139
3004.0,122.0,0.446606
3004.0,123.0,0.49496
3004.0,124.0,0.491541
3004.0,125.0,0.456311
3004.0,126.0,0.520691
3005.0,0.0,0.508894
3005.0,1.0,0.549884
3005.0,2.0,0.556803
3005.0,3.0,0.514168
3005.0,4.0,0.470249
3005.0,5.0,0.509503
3005.0,6.0,0.51531
3005.0,7.0,0.522837
3005.0,8.0,0.48873
3005.0,9.0,0.510724
3005.0,10.0,0.566118
3005.0,11.0,0.486202
3005.0,12.0,0.506722
3005.0,13.0,0.524041
3005.0,14.0,0.529704
3005.0,15.0,0.477407
3005.0,16.0,0.551769
3005.0,17.0,0.518261
3005.0,18.0,0.503068
3005.0,19.0,0.498415
3005.0,20.0,0.506911
3005.0,21.0,0.523213
3005.0,22.0,0.507791
3005.0,23.0,0.493043
3005.0,24.0,0.532974
3005.0,25.0,0.517927
3005.0,26.0,0.466847
3005.0,27.0,0.456934
3005.0,28.0,0.496647
3005.0,29.0,0.501192
3005.0,30.0,0.521453
3005.0,31.0,0.541039
3005.0,32.0,0.487535
3005.0,33.0,0.490015
3005.0,34.0,0.497869
3005.0,35.0,0.48246
3005.0,36.0,0.494975
3005.0,37.0,0.493221
3005.0,38.0,0.503755
3005.0,39.0,0.500639
3005.0,40.0,0.481545
3005.0,41.0,0.519898
3005.0,42.0,0.475895
3005.0,43.0,0.494546
3005.0,44.0,0.543546
3005.0,45.0,0.465927
3005.0,46.0,0.505256
3005.0,47.0,0.480247
3005.0,48.0,0.49539
3005.0,49.0,0.477932
3005.0,50.0,0.552215
3005.0,51.0,0.450983
3005.0,52.0,0.489955
3005.0,53.0,0.519307
3005.0,54.0,0.443941
3005.0,55.0,0.486689
3005.0,56.0,0.543672
3005.0,57.0,0.523647
3005.0,58.0,0.488507
3005.0,59.0,0.518935
3005.0,60.0,0.533998
3005.0,61.0,0.520535
3005.0,62.0,0.521578
3005.0,63.0,0.535202
3005.0,64.0,0.565462
3005.0,65.0,0.50808
3005.0,66.0,0.489988
3005.0,67.0,0.509622
3005.0,68.0,0.46873
3005.0,69.0,0.517564
3005.0,70.0,0.516392
3005.0,71.0,0.474924
3005.0,72.0,0.528474
3005.0,73.0,0.504137
3005.0,74.0,0.455043
3005.0,75.0,0.536764
3005.0,76.0,0.508013
3005.0,77.0,0.521096
3005.0,78.0,0.525064
3005.0,79.0,0.505766
3005.0,80.0,0.501104
3005.0,81.0,0.448679
3005.0,82.0,0.478328
3005.0,83.0,0.481594
3005.0,84.0,0.470042
3005.0,85.0,0.496756
3005.0,86.0,0.493699
3005.0,87.0,0.505254
3005.0,88.0,0.512871
3005.0,89.0,0.48062
3005.0,90.0,0.514526
3005.0,91.0,0.439518
3005.0,92.0,0.491376
3005.0,93.0,0.510721
3005.0,94.0,0.512588
3005.0,95.0,0.434029
3005.0,96.0,0.467159
3005.0,97.0,0.490553
3005.0,98.0,0.473676
3005.0,99.0,0.466415
3005.0,100.0,0.45845
3005.0,101.0,0.513221
3005.0,102.0,0.545482
3005.0,103.0,0.534121
3005.0,104.0,0.502518
3005.0,105.0,0.474552
3005.0,106.0,0.497393
3005.0,107.0,0.523906
3005.0,108.0,0.526133
3005.0,109.0,0.483402
3005.0,110.0,0.498956
3005.0,111.0,0.543714
3005.0,112.0,0.537552
3005.0,113.0,0.526502
3005.0,114.0,0.480622
3005.0,115.0,0.584744
3005.0,116.0,0.469992
3005.0,117.0,0.457633
3005.0,118.0,0.52662
3005.0,119.0,0.505703
3005.0,120.0,0.499462
3005.0,121.0,0.539907
3005.0,122.0,0.446096
3005.0,123.0,0.494913
3005.0,124.0,0.491507
3005.0,125.0,0.456904
3005.0,126.0,0.521083
3006.0,0.0,0.508528
3006.0,1.0,0.550136
3006.0,2.0,0.556721
3006.0,3.0,0.513658
3006.0,4.0,0.470072
3006.0,5.0,0.510526
3006.0,6.0,0.516376
3006.0,7.0,0.522335
3006.0,8.0,0.488206
3006.0,9.0,0.510712
3006.0,10.0,0.565005
3006.0,11.0,0.485534
3006.0,12.0,0.505862
3006.0,13.0,0.524349
3006.0,14.0,0.529797
3006.0,15.0,0.477712
3006.0,16.0,0.550847
3006.0,17.0,0.518072
3006.0,18.0,0.503339
3006.0,19.0,0.498742
3006.0,20.0,0.505873
3006.0,21.0,0.523398
3006.0,22.0,0.508268
3006.0,23.0,0.492839
3006.0,24.0,0.533034
3006.0,25.0,0.518419
3006.0,26.0,0.466662
3006.0,27.0,0.456508
3006.0,28.0,0.497305
3006.0,29.0,0.500702
3006.0,30.0,0.521238
3006.0,31.0,0.541823
3006.0,32.0,0.487181
3006.0,33.0,0.490764
3006.0,34.0,0.498179
3006.0,35.0,0.483273
3006.0,36.0,0.494975
3006.0,37.0,0.492846
3006.0,38.0,0.504077
3006.0,39.0,0.499924
3006.0,40.0,0.48171
3006.0,41.0,0.519594
3006.0,42.0,0.475998
3006.0,43.0,0.49504
3006.0,44.0,0.544328
3006.0,45.0,0.464688
3006.0,46.0,0.50637
3006.0,47.0,0.480218
3006.0,48.0,0.494726
3006.0,49.0,0.478209
3006.0,50.0,0.551006
3006.0,51.0,0.450316
3006.0,52.0,0.490343
3006.0,53.0,0.51942
3006.0,54.0,0.443197
3006.0,55.0,0.486928
3006.0,56.0,0.543762
3006.0,57.0,0.524157
3006.0,58.0,0.488422
3006.0,59.0,0.519026
3006.0,60.0,0.534077
3006.0,61.0,0.520272
3006.0,62.0,0.522554
3006.0,63.0,0.535048
3006.0,64.0,0.565636
3006.0,65.0,0.508882
3006.0,66.0,0.49032
3006.0,67.0,0.509779
3006.0,68.0,0.468202
3006.0,69.0,0.517104
3006.0,70.0,0.516612
3006.0,71.0,0.474403
3006.0,72.0,0.528446
3006.0,73.0,0.504648
3006.0,74.0,0.455058
3006.0,75.0,0.536403
3006.0,76.0,0.508728
3006.0,77.0,0.520475
3006.0,78.0,0.52528
3006.0,79.0,0.504966
3006.0,80.0,0.501204
3006.0,81.0,0.448529
3006.0,82.0,0.477984
3006.0,83.0,0.480679
3006.0,84.0,0.470169
3006.0,85.0,0.497309
3006.0,86.0,0.494069
3006.0,87.0,0.505634
3006.0,88.0,0.513336
3006.0,89.0,0.481083
3006.0,90.0,0.514203
3006.0,91.0,0.440528
3006.0,92.0,0.492182
3006.0,93.0,0.511032
3006.0,94.0,0.51224
3006.0,95.0,0.434014
3006.0,96.0,0.467143
3006.0,97.0,0.49067
3006.0,98.0,0.47295
3006.0,99.0,0.465806
3006.0,100.0,0.458576
3006.0,101.0,0.513466
3006.0,102.0,0.546141
3006.0,103.0,0.534275
3006.0,104.0,0.50317
3006.0,105.0,0.475111
3006.0,106.0,0.496503
3006.0,107.0,0.523813
3006.0,108.0,0.526097
3006.0,109.0,0.483631
3006.0,110.0,0.49914
3006.0,111.0,0.544679
3006.0,112.0,0.537551
3006.0,113.0,0.526433
3006.0,114.0,0.480269
3006.0,115.0,0.584369
3006.0,116.0,0.469769
3006.0,117.0,0.456969
3006.0,118.0,0.526641
3006.0,119.0,0.506015
3006.0,120.0,0.498473
3006.0,121.0,0.540006
3006.0,122.0,0.446074
3006.0,123.0,0.494596
3006.0,124.0,0.49194
3006.0,125.0,0.4566
3006.0,126.0,0.521025
3007.0,0.0,0.508624
3007.0,1.0,0.550136
3007.0,2.0,0.556342
3007.0,3.0,0.513622
3007.0,4.0,0.47087
3007.0,5.0,0.509967
3007.0,6.0,0.516342
3007.0,7.0,0.522288
3007.0,8.0,0.487245
3007.0,9.0,0.511252
3007.0,10.0,0.564949
3007.0,11.0,0.48562
3007.0,12.0,0.506473
3007.0,13.0,0.524453
3007.0,14.0,0.529635
3007.0,15.0,0.4772
3007.0,16.0,0.550502
3007.0,17.0,0.51716
3007.0,18.0,0.502897
3007.0,19.0,0.498933
3007.0,20.0,0.505411
3007.0,21.0,0.523437
3007.0,22.0,0.507828
3007.0,23.0,0.493021
3007.0,24.0,0.532631
3007.0,25.0,0.519513
3007.0,26.0,0.466044
3007.0,27.0,0.456397
3007.0,28.0,0.497712
3007.0,29.0,0.500557
3007.0,30.0,0.521068
3007.0,31.0,0.541564
3007.0,32.0,0.487472
3007.0,33.0,0.490984
3007.0,34.0,0.498234
3007.0,35.0,0.48307
3007.0,36.0,0.495791
3007.0,37.0,0.492366
3007.0,38.0,0.504028
3007.0,39.0,0.5004
3007.0,40.0,0.481951
3007.0,41.0,0.519645
3007.0,42.0,0.476562
3007.0,43.0,0.495613
3007.0,44.0,0.543725
3007.0,45.0,0.464517
3007.0,46.0,0.507146
3007.0,47.0,0.480059
3007.0,48.0,0.494857
3007.0,49.0,0.478397
3007.0,50.0,0.551248
3007.0,51.0,0.44974
3007.0,52.0,0.490773
3007.0,53.0,0.519412
3007.0,54.0,0.442937
3007.0,55.0,0.487125
3007.0,56.0,0.543451
3007.0,57.0,0.525143
3007.0,58.0,0.488068
3007.0,59.0,0.518349
3007.0,60.0,0.534098
3007.0,61.0,0.520427
3007.0,62.0,0.522467
3007.0,63.0,0.534861
3007.0,64.0,0.56606
3007.0,65.0,0.509275
3007.0,66.0,0.490795
3007.0,67.0,0.509763
3007.0,68.0,0.467894
3007.0,69.0,0.516835
3007.0,70.0,0.517014
3007.0,71.0,0.473417
3007.0,72.0,0.528106
3007.0,73.0,0.504765
3007.0,74.0,0.454099
3007.0,75.0,0.536986
3007.0,76.0,0.508485
3007.0,77.0,0.521053
3007.0,78.0,0.524977
3007.0,79.0,0.504107
3007.0,80.0,0.501604
3007.0,81.0,0.448722
3007.0,82.0,0.477839
3007.0,83.0,0.481061
3007.0,84.0,0.47099
3007.0,85.0,0.497033
3007.0,86.0,0.493641
3007.0,87.0,0.50493
3007.0,88.0,0.512819
3007.0,89.0,0.481116
3007.0,90.0,0.513152
3007.0,91.0,0.44047
3007.0,92.0,0.492491
3007.0,93.0,0.511134
3007.0,94.0,0.512328
3007.0,95.0,0.434777
3007.0,96.0,0.46716
3007.0,97.0,0.489827
3007.0,98.0,0.47249
3007.0,99.0,0.465659
3007.0,100.0,0.459125
3007.0,101.0,0.51336
3007.0,102.0,0.546435
3007.0,103.0,0.534449
3007.0,104.0,0.50309
3007.0,105.0,0.474989
3007.0,106.0,0.496751
3007.0,107.0,0.523913
3007.0,108.0,0.526389
3007.0,109.0,0.484682
3007.0,110.0,0.499036
3007.0,111.0,0.544333
3007.0,112.0,0.537014
3007.0,113.0,0.526449
3007.0,114.0,0.47928
3007.0,115.0,0.584237
3007.0,116.0,0.469681
3007.0,117.0,0.457974
3007.0,118.0,0.527021
3007.0,119.0,0.506594
3007.0,120.0,0.497655
3007.0,121.0,0.540076
3007.0,122.0,0.446275
3007.0,123.0,0.494305
3007.0,124.0,0.492748
3007.0,125.0,0.456874
3007.0,126.0,0.520123
3008.0,0.0,0.50903
3008.0,1.0,0.549486
3008.0,2.0,0.555905
3008.0,3.0,0.513804
3008.0,4.0,0.470476
3008.0,5.0,0.508648
3008.0,6.0,0.516735
3008.0,7.0,0.522203
3008.0,8.0,0.48676
3008.0,9.0,0.511198
3008.0,10.0,0.564417
3008.0,11.0,0.485996
3008.0,12.0,0.506088
3008.0,13.0,0.525338
3008.0,14.0,0.530235
3008.0,15.0,0.477081
3008.0,16.0,0.549685
3008.0,17.0,0.516617
3008.0,18.0,0.504
3008.0,19.0,0.499662
3008.0,20.0,0.505926
3008.0,21.0,0.522848
3008.0,22.0,0.507944
3008.0,23.0,0.492999
3008.0,24.0,0.532773
3008.0,25.0,0.519977
3008.0,26.0,0.467641
3008.0,27.0,0.455979
3008.0,28.0,0.498301
3008.0,29.0,0.500298
3008.0,30.0,0.521285
3008.0,31.0,0.540899
3008.0,32.0,0.487532
3008.0,33.0,0.491174
3008.0,34.0,0.497785
3008.0,35.0,0.483497
3008.0,36.0,0.496052
3008.0,37.0,0.492363
3008.0,38.0,0.503256
3008.0,39.0,0.500346
3008.0,40.0,0.481481
3008.0,41.0,0.519854
3008.0,42.0,0.476111
3008.0,43.0,0.496263
3008.0,44.0,0.543768
3008.0,45.0,0.465117
3008.0,46.0,0.507297
3008.0,47.0,0.480047
3008.0,48.0,0.495743
3008.0,49.0,0.479515
3008.0,50.0,0.551164
3008.0,51.0,0.450431
3008.0,52.0,0.490541
3008.0,53.0,0.518094
3008.0,54.0,0.443955
3008.0,55.0,0.486829
3008.0,56.0,0.54356
3008.0,57.0,0.525159
3008.0,58.0,0.487665
3008.0,59.0,0.517871
3008.0,60.0,0.534275
3008.0,61.0,0.519572
3008.0,62.0,0.523663
3008.0,63.0,0.534261
3008.0,64.0,0.566329
3008.0,65.0,0.50953
3008.0,66.0,0.4905
3008.0,67.0,0.50965
3008.0,68.0,0.469184
3008.0,69.0,0.516646
3008.0,70.0,0.516476
3008.0,71.0,0.474035
3008.0,72.0,0.528227
3008.0,73.0,0.50517
3008.0,74.0,0.454122
3008.0,75.0,0.53617
3008.0,76.0,0.508899
3008.0,77.0,0.521062
3008.0,78.0,0.525931
3008.0,79.0,0.504083
3008.0,80.0,0.501033
3008.0,81.0,0.449067
3008.0,82.0,0.477699
3008.0,83.0,0.480809
3008.0,84.0,0.471351
3008.0,85.0,0.496629
3008.0,86.0,0.493349
3008.0,87.0,0.504851
3008.0,88.0,0.512505
3008.0,89.0,0.480199
3008.0,90.0,0.513566
3008.0,91.0,0.439812
3008.0,92.0,0.492814
3008.0,93.0,0.5112
3008.0,94.0,0.512223
3008.0,95.0,0.433717
3008.0,96.0,0.46701
3008.0,97.0,0.489284
3008.0,98.0,0.472554
3008.0,99.0,0.465584
3008.0,100.0,0.458372
3008.0,101.0,0.513782
3008.0,102.0,0.546093
3008.0,103.0,0.534136
3008.0,104.0,0.502519
3008.0,105.0,0.474411
3008.0,106.0,0.495931
3008.0,107.0,0.523357
3008.0,108.0,0.526185
3008.0,109.0,0.48559
3008.0,110.0,0.498572
3008.0,111.0,0.544214
3008.0,112.0,0.53802
3008.0,113.0,0.526718
3008.0,114.0,0.480503
3008.0,115.0,0.584893
3008.0,116.0,0.470482
3008.0,117.0,0.458177
3008.0,118.0,0.526596
3008.0,119.0,0.506597
3008.0,120.0,0.497289
3008.0,121.0,0.539362
3008.0,122.0,0.446343
3008.0,123.0,0.495062
3008.0,124.0,0.493172
3008.0,125.0,0.456469
3008.0,126.0,0.520262
3009.0,0.0,0.50918
3009.0,1.0,0.549295
3009.0,2.0,0.555413
3009.0,3.0,0.513628
3009.0,4.0,0.470076
3009.0,5.0,0.508494
3009.0,6.0,0.517176
3009.0,7.0,0.521948
3009.0,8.0,0.48574
3009.0,9.0,0.511139
3009.0,10.0,0.564152
3009.0,11.0,0.485381
3009.0,12.0,0.505398
3009.0,13.0,0.525816
3009.0,14.0,0.529354
3009.0,15.0,0.477215
3009.0,16.0,0.549619
3009.0,17.0,0.516329
3009.0,18.0,0.504449
3009.0,19.0,0.498794
3009.0,20.0,0.5054
3009.0,21.0,0.522912
3009.0,22.0,0.508595
3009.0,23.0,0.49336
3009.0,24.0,0.532281
3009.0,25.0,0.520216
3009.0,26.0,0.467714
3009.0,27.0,0.456365
3009.0,28.0,0.498125
3009.0,29.0,0.500333
3009.0,30.0,0.521547
3009.0,31.0,0.541043
3009.0,32.0,0.487439
3009.0,33.0,0.491978
3009.0,34.0,0.49747
3009.0,35.0,0.484226
3009.0,36.0,0.496095
3009.0,37.0,0.493324
3009.0,38.0,0.502815
3009.0,39.0,0.500776
3009.0,40.0,0.482214
3009.0,41.0,0.519711
3009.0,42.0,0.476877
3009.0,43.0,0.495822
3009.0,44.0,0.542783
3009.0,45.0,0.465333
3009.0,46.0,0.507309
3009.0,47.0,0.480435
3009.0,48.0,0.495462
3009.0,49.0,0.479737
3009.0,50.0,0.551134
3009.0,51.0,0.450039
3009.0,52.0,0.490289
3009.0,53.0,0.517766
3009.0,54.0,0.44363
3009.0,55.0,0.488128
3009.0,56.0,0.544448
3009.0,57.0,0.525419
3009.0,58.0,0.487534
3009.0,59.0,0.518322
3009.0,60.0,0.5343
3009.0,61.0,0.519209
3009.0,62.0,0.523023
3009.0,63.0,0.533689
3009.0,64.0,0.566041
3009.0,65.0,0.510159
3009.0,66.0,0.490333
3009.0,67.0,0.509944
3009.0,68.0,0.469682
3009.0,69.0,0.517113
3009.0,70.0,0.517086
3009.0,71.0,0.474674
3009.0,72.0,0.528641
3009.0,73.0,0.505772
3009.0,74.0,0.453707
3009.0,75.0,0.536459
3009.0,76.0,0.50812
3009.0,77.0,0.521469
3009.0,78.0,0.524943
3009.0,79.0,0.50317
3009.0,80.0,0.501105
3009.0,81.0,0.449474
3009.0,82.0,0.477798
3009.0,83.0,0.480258
3009.0,84.0,0.471388
3009.0,85.0,0.496939
3009.0,86.0,0.493604
3009.0,87.0,0.505026
3009.0,88.0,0.513311
3009.0,89.0,0.47959
3009.0,90.0,0.513467
3009.0,91.0,0.439917
3009.0,92.0,0.49198
3009.0,93.0,0.511109
3009.0,94.0,0.512181
3009.0,95.0,0.434836
3009.0,96.0,0.467007
3009.0,97.0,0.488932
3009.0,98.0,0.472669
3009.0,99.0,0.465332
3009.0,100.0,0.458638
3009.0,101.0,0.513614
3009.0,102.0,0.545949
3009.0,103.0,0.535271
3009.0,104.0,0.502772
3009.0,105.0,0.474138
3009.0,106.0,0.495912
3009.0,107.0,0.523145
3009.0,108.0,0.525193
3009.0,109.0,0.486446
3009.0,110.0,0.498521
3009.0,111.0,0.543632
3009.0,112.0,0.537672
3009.0,113.0,0.527014
3009.0,114.0,0.481054
3009.0,115.0,0.58475
3009.0,116.0,0.470842
3009.0,117.0,0.458587
3009.0,118.0,0.526419
3009.0,119.0,0.507003
3009.0,120.0,0.497421
3009.0,121.0,0.53859
3009.0,122.0,0.446613
3009.0,123.0,0.49435
3009.0,124.0,0.493143
3009.0,125.0,0.456169
3009.0,126.0,0.520251
3010.0,0.0,0.509479
3010.0,1.0,0.548803
3010.0,2.0,0.554795
3010.0,3.0,0.51283
3010.0,4.0,0.470067
3010.0,5.0,0.5086
3010.0,6.0,0.517511
3010.0,7.0,0.521546
3010.0,8.0,0.485641
3010.0,9.0,0.511212
3010.0,10.0,0.564405
3010.0,11.0,0.484902
3010.0,12.0,0.505462
3010.0,13.0,0.526133
3010.0,14.0,0.529696
3010.0,15.0,0.477561
3010.0,16.0,0.54923
3010.0,17.0,0.516848
3010.0,18.0,0.505176
3010.0,19.0,0.498721
3010.0,20.0,0.505352
3010.0,21.0,0.521948
3010.0,22.0,0.507513
3010.0,23.0,0.493628
3010.0,24.0,0.532078
3010.0,25.0,0.520221
3010.0,26.0,0.46753
3010.0,27.0,0.456144
3010.0,28.0,0.49859
3010.0,29.0,0.500476
3010.0,30.0,0.521759
3010.0,31.0,0.541364
3010.0,32.0,0.487722
3010.0,33.0,0.491095
3010.0,34.0,0.496759
3010.0,35.0,0.483114
3010.0,36.0,0.496591
3010.0,37.0,0.493063
3010.0,38.0,0.503324
3010.0,39.0,0.499828
3010.0,40.0,0.482562
3010.0,41.0,0.518824
3010.0,42.0,0.477611
3010.0,43.0,0.495747
3010.0,44.0,0.543144
3010.0,45.0,0.466268
3010.0,46.0,0.506668
3010.0,47.0,0.480189
3010.0,48.0,0.495604
3010.0,49.0,0.47969
3010.0,50.0,0.550335
3010.0,51.0,0.449928
3010.0,52.0,0.489574
3010.0,53.0,0.517789
3010.0,54.0,0.443846
3010.0,55.0,0.487729
3010.0,56.0,0.54436
3010.0,57.0,0.526167
3010.0,58.0,0.48781
3010.0,59.0,0.518779
3010.0,60.0,0.534509
3010.0,61.0,0.518821
3010.0,62.0,0.522862
3010.0,63.0,0.533948
3010.0,64.0,0.566266
3010.0,65.0,0.510514
3010.0,66.0,0.489666
3010.0,67.0,0.510739
3010.0,68.0,0.470041
3010.0,69.0,0.517613
3010.0,70.0,0.51779
3010.0,71.0,0.474761
3010.0,72.0,0.528711
3010.0,73.0,0.506597
3010.0,74.0,0.454146
3010.0,75.0,0.537213
3010.0,76.0,0.507993
3010.0,77.0,0.521271
3010.0,78.0,0.524396
3010.0,79.0,0.502472
3010.0,80.0,0.500944
3010.0,81.0,0.449344
3010.0,82.0,0.477936
3010.0,83.0,0.479712
3010.0,84.0,0.47074
3010.0,85.0,0.496925
3010.0,86.0,0.493811
3010.0,87.0,0.505074
3010.0,88.0,0.512928
3010.0,89.0,0.47954
3010.0,90.0,0.512875
3010.0,91.0,0.440944
3010.0,92.0,0.491874
3010.0,93.0,0.511007
3010.0,94.0,0.511991
3010.0,95.0,0.434848
3010.0,96.0,0.466841
3010.0,97.0,0.488758
3010.0,98.0,0.47224
3010.0,99.0,0.466445
3010.0,100.0,0.458709
3010.0,101.0,0.51305
3010.0,102.0,0.546408
3010.0,103.0,0.534344
3010.0,104.0,0.502922
3010.0,105.0,0.47492
3010.0,106.0,0.49511
3010.0,107.0,0.522775
3010.0,108.0,0.524305
3010.0,109.0,0.486169
3010.0,110.0,0.497682
3010.0,111.0,0.543975
3010.0,112.0,0.536625
3010.0,113.0,0.527062
3010.0,114.0,0.481003
3010.0,115.0,0.585002
3010.0,116.0,0.471663
3010.0,117.0,0.458586
3010.0,118.0,0.526652
3010.0,119.0,0.507291
3010.0,120.0,0.497747
3010.0,121.0,0.537826
3010.0,122.0,0.447005
3010.0,123.0,0.494166
3010.0,124.0,0.492065
3010.0,125.0,0.45626
3010.0,126.0,0.520091
4000.0,0.0,0.507161
4000.0,1.0,0.541378
4000.0,2.0,0.548978
4000.0,3.0,0.506851
4000.0,4.0,0.481363
4000.0,5.0,0.535604
4000.0,6.0,0.513981
4000.0,7.0,0.540229
4000.0,8.0,0.495841
4000.0,9.0,0.5571
4000.0,10.0,0.551463
4000.0,11.0,0.49169
4000.0,12.0,0.533623
4000.0,13.0,0.527327
4000.0,14.0,0.52717
4000.0,15.0,0.468442
4000.0,16.0,0.536672
4000.0,17.0,0.521742
4000.0,18.0,0.503585
4000.0,19.0,0.511654
4000.0,20.0,0.533575
4000.0,21.0,0.533662
4000.0,22.0,0.480336
4000.0,23.0,0.501633
4000.0,24.0,0.502351
4000.0,25.0,0.51435
4000.0,26.0,0.449996
4000.0,27.0,0.457773
4000.0,28.0,0.506885
4000.0,29.0,0.505984
4000.0,30.0,0.524618
4000.0,31.0,0.533754
4000.0,32.0,0.479894
4000.0,33.0,0.50272
4000.0,34.0,0.492042
4000.0,35.0,0.487129
4000.0,36.0,0.50324
4000.0,37.0,0.490259
4000.0,38.0,0.479381
4000.0,39.0,0.537172
4000.0,40.0,0.51127
4000.0,41.0,0.498611
4000.0,42.0,0.497939
4000.0,43.0,0.480721
4000.0,44.0,0.549833
4000.0,45.0,0.445725
4000.0,46.0,0.516779
4000.0,47.0,0.478262
4000.0,48.0,0.485524
4000.0,49.0,0.487246
4000.0,50.0,0.575971
4000.0,51.0,0.450379
4000.0,52.0,0.504619
4000.0,53.0,0.523095
4000.0,54.0,0.457651
4000.0,55.0,0.499586
4000.0,56.0,0.52916
4000.0,57.0,0.508992
4000.0,58.0,0.497909
4000.0,59.0,0.544446
4000.0,60.0,0.516079
4000.0,61.0,0.511386
4000.0,62.0,0.519806
4000.0,63.0,0.541285
4000.0,64.0,0.562386
4000.0,65.0,0.471631
4000.0,66.0,0.476499
4000.0,67.0,0.546764
4000.0,68.0,0.441673
4000.0,69.0,0.540103
4000.0,70.0,0.509106
4000.0,71.0,0.478678
4000.0,72.0,0.530568
4000.0,73.0,0.497054
4000.0,74.0,0.437191
4000.0,75.0,0.541588
4000.0,76.0,0.526054
4000.0,77.0,0.537036
4000.0,78.0,0.490907
4000.0,79.0,0.516155
4000.0,80.0,0.503519
4000.0,81.0,0.438361
4000.0,82.0,0.462332
4000.0,83.0,0.46514
4000.0,84.0,0.458621
4000.0,85.0,0.479154
4000.0,86.0,0.511339
4000.0,87.0,0.510228
4000.0,88.0,0.509215
4000.0,89.0,0.474666
4000.0,90.0,0.491409
4000.0,91.0,0.43944
4000.0,92.0,0.514458
4000.0,93.0,0.535953
4000.0,94.0,0.495429
4000.0,95.0,0.418218
4000.0,96.0,0.463449
4000.0,97.0,0.523689
4000.0,98.0,0.467132
4000.0,99.0,0.433706
4000.0,100.0,0.463486
4000.0,101.0,0.517957
4000.0,102.0,0.547521
4000.0,103.0,0.538752
4000.0,104.0,0.499507
4000.0,105.0,0.479632
4000.0,106.0,0.482268
4000.0,107.0,0.534473
4000.0,108.0,0.529177
4000.0,109.0,0.474855
4000.0,110.0,0.473851
4000.0,111.0,0.553
4000.0,112.0,0.54376
4000.0,113.0,0.522114
4000.0,114.0,0.509299
4000.0,115.0,0.588948
4000.0,116.0,0.467323
4000.0,117.0,0.504996
4000.0,118.0,0.508507
4000.0,119.0,0.512453
4000.0,120.0,0.489771
4000.0,121.0,0.512316
4000.0,122.0,0.45515
4000.0,123.0,0.493113
4000.0,124.0,0.490737
4000.0,125.0,0.432955
4000.0,126.0,0.514424
4001.0,0.0,0.506949
4001.0,1.0,0.541465
4001.0,2.0,0.549033
4001.0,3.0,0.50751
4001.0,4.0,0.481594
4001.0,5.0,0.53618
4001.0,6.0,0.514772
4001.0,7.0,0.54154
4001.0,8.0,0.496341
4001.0,9.0,0.556457
4001.0,10.0,0.551769
4001.0,11.0,0.491547
4001.0,12.0,0.533851
4001.0,13.0,0.527511
4001.0,14.0,0.526221
4001.0,15.0,0.468821
4001.0,16.0,0.53704
4001.0,17.0,0.521869
4001.0,18.0,0.503677
4001.0,19.0,0.512351
4001.0,20.0,0.534138
4001.0,21.0,0.533124
4001.0,22.0,0.479874
4001.0,23.0,0.500977
4001.0,24.0,0.502072
4001.0,25.0,0.514611
4001.0,26.0,0.449759
4001.0,27.0,0.457357
4001.0,28.0,0.506182
4001.0,29.0,0.505605
4001.0,30.0,0.5251
4001.0,31.0,0.533209
4001.0,32.0,0.479813
4001.0,33.0,0.50241
4001.0,34.0,0.492024
4001.0,35.0,0.486923
4001.0,36.0,0.503478
4001.0,37.0,0.490394
4001.0,38.0,0.479677
4001.0,39.0,0.537518
4001.0,40.0,0.511822
4001.0,41.0,0.498103
4001.0,42.0,0.497824
4001.0,43.0,0.480873
4001.0,44.0,0.549633
4001.0,45.0,0.445655
4001.0,46.0,0.516773
4001.0,47.0,0.47949
4001.0,48.0,0.485314
4001.0,49.0,0.486886
4001.0,50.0,0.576315
4001.0,51.0,0.449318
4001.0,52.0,0.503425
4001.0,53.0,0.523139
4001.0,54.0,0.457328
4001.0,55.0,0.499874
4001.0,56.0,0.528994
4001.0,57.0,0.509344
4001.0,58.0,0.497564
4001.0,59.0,0.545165
4001.0,60.0,0.516107
4001.0,61.0,0.512185
4001.0,62.0,0.520095
4001.0,63.0,0.541461
4001.0,64.0,0.56277
4001.0,65.0,0.472071
4001.0,66.0,0.476473
4001.0,67.0,0.546462
4001.0,68.0,0.441753
4001.0,69.0,0.539819
4001.0,70.0,0.509259
4001.0,71.0,0.478639
4001.0,72.0,0.530417
4001.0,73.0,0.496304
4001.0,74.0,0.43657
4001.0,75.0,0.541617
4001.0,76.0,0.526022
4001.0,77.0,0.537362
4001.0,78.0,0.491494
4001.0,79.0,0.516312
4001.0,80.0,0.503857
4001.0,81.0,0.438452
4001.0,82.0,0.462622
4001.0,83.0,0.465684
4001.0,84.0,0.45945
4001.0,85.0,0.478786
4001.0,86.0,0.511324
4001.0,87.0,0.50999
4001.0,88.0,0.509199
4001.0,89.0,0.47381
4001.0,90.0,0.491088
4001.0,91.0,0.439415
4001.0,92.0,0.514129
4001.0,93.0,0.535378
4001.0,94.0,0.495783
4001.0,95.0,0.417838
4001.0,96.0,0.463617
4001.0,97.0,0.523915
4001.0,98.0,0.466551
4001.0,99.0,0.433623
4001.0,100.0,0.463789
4001.0,101.0,0.517863
4001.0,102.0,0.546837
4001.0,103.0,0.538143
4001.0,104.0,0.499091
4001.0,105.0,0.47967
4001.0,106.0,0.481952
4001.0,107.0,0.534099
4001.0,108.0,0.52869
4001.0,109.0,0.475293
4001.0,110.0,0.4736
4001.0,111.0,0.553684
4001.0,112.0,0.544268
4001.0,113.0,0.521768
4001.0,114.0,0.509418
4001.0,115.0,0.588312
4001.0,116.0,0.466986
4001.0,117.0,0.504444
4001.0,118.0,0.508238
4001.0,119.0,0.513004
4001.0,120.0,0.488988
4001.0,121.0,0.512172
4001.0,122.0,0.456224
4001.0,123.0,0.49241
4001.0,124.0,0.490383
4001.0,125.0,0.432745
4001.0,126.0,0.514482
4002.0,0.0,0.50646
4002.0,1.0,0.541214
4002.0,2.0,0.550447
4002.0,3.0,0.5067
4002.0,4.0,0.481432
4002.0,5.0,0.536139
4002.0,6.0,0.514714
4002.0,7.0,0.540899
4002.0,8.0,0.495581
4002.0,9.0,0.555256
4002.0,10.0,0.551584
4002.0,11.0,0.491345
4002.0,12.0,0.53452
4002.0,13.0,0.527816
4002.0,14.0,0.526817
4002.0,15.0,0.469347
4002.0,16.0,0.53722
4002.0,17.0,0.521907
4002.0,18.0,0.503263
4002.0,19.0,0.512544
4002.0,20.0,0.533969
4002.0,21.0,0.53388
4002.0,22.0,0.480575
4002.0,23.0,0.49982
4002.0,24.0,0.501317
4002.0,25.0,0.515253
4002.0,26.0,0.448642
4002.0,27.0,0.457312
4002.0,28.0,0.505209
4002.0,29.0,0.506406
4002.0,30.0,0.525679
4002.0,31.0,0.532948
4002.0,32.0,0.480228
4002.0,33.0,0.50175
4002.0,34.0,0.491582
4002.0,35.0,0.486694
4002.0,36.0,0.503892
4002.0,37.0,0.490076
4002.0,38.0,0.480098
4002.0,39.0,0.539062
4002.0,40.0,0.512251
4002.0,41.0,0.499496
4002.0,42.0,0.497764
4002.0,43.0,0.480621
4002.0,44.0,0.549231
4002.0,45.0,0.445965
4002.0,46.0,0.517247
4002.0,47.0,0.479546
4002.0,48.0,0.485369
4002.0,49.0,0.487175
4002.0,50.0,0.576544
4002.0,51.0,0.450063
4002.0,52.0,0.50335
4002.0,53.0,0.523483
4002.0,54.0,0.457346
4002.0,55.0,0.500707
4002.0,56.0,0.52884
4002.0,57.0,0.510052
4002.0,58.0,0.498123
4002.0,59.0,0.545107
4002.0,60.0,0.515368
4002.0,61.0,0.511265
4002.0,62.0,0.519627
4002.0,63.0,0.541777
4002.0,64.0,0.562704
4002.0,65.0,0.472176
4002.0,66.0,0.476266
4002.0,67.0,0.546625
4002.0,68.0,0.44185
4002.0,69.0,0.539634
4002.0,70.0,0.508849
4002.0,71.0,0.479578
4002.0,72.0,0.530326
4002.0,73.0,0.496479
4002.0,74.0,0.437669
4002.0,75.0,0.541585
4002.0,76.0,0.525879
4002.0,77.0,0.537368
4002.0,78.0,0.491114
4002.0,79.0,0.516565
4002.0,80.0,0.503894
4002.0,81.0,0.438594
4002.0,82.0,0.462263
4002.0,83.0,0.465605
4002.0,84.0,0.460135
4002.0,85.0,0.479174
4002.0,86.0,0.512244
4002.0,87.0,0.510226
4002.0,88.0,0.50947
4002.0,89.0,0.474011
4002.0,90.0,0.491483
4002.0,91.0,0.439835
4002.0,92.0,0.514116
4002.0,93.0,0.534973
4002.0,94.0,0.495604
4002.0,95.0,0.417434
4002.0,96.0,0.463574
4002.0,97.0,0.524459
4002.0,98.0,0.467395
4002.0,99.0,0.434108
4002.0,100.0,0.464422
4002.0,101.0,0.518233
4002.0,102.0,0.547174
4002.0,103.0,0.538503
4002.0,104.0,0.499399
4002.0,105.0,0.479997
4002.0,106.0,0.481345
4002.0,107.0,0.534102
4002.0,108.0,0.527905
4002.0,109.0,0.474575
4002.0,110.0,0.474064
4002.0,111.0,0.553568
4002.0,112.0,0.54447
4002.0,113.0,0.5213
4002.0,114.0,0.509076
4002.0,115.0,0.5885
4002.0,116.0,0.467631
4002.0,117.0,0.504529
4002.0,118.0,0.508223
4002.0,119.0,0.513411
4002.0,120.0,0.489095
4002.0,121.0,0.512261
4002.0,122.0,0.455109
4002.0,123.0,0.492919
4002.0,124.0,0.490351
4002.0,125.0,0.433284
4002.0,126.0,0.51423
4003.0,0.0,0.505531
4003.0,1.0,0.541769
4003.0,2.0,0.550953
4003.0,3.0,0.506496
4003.0,4.0,0.481369
4003.0,5.0,0.536304
4003.0,6.0,0.514186
4003.0,7.0,0.540439
4003.0,8.0,0.49585
4003.0,9.0,0.555403
4003.0,10.0,0.552502
4003.0,11.0,0.49161
4003.0,12.0,0.534578
4003.0,13.0,0.527225
4003.0,14.0,0.526248
4003.0,15.0,0.469458
4003.0,16.0,0.537925
4003.0,17.0,0.522157
4003.0,18.0,0.504538
4003.0,19.0,0.512373
4003.0,20.0,0.534312
4003.0,21.0,0.533537
4003.0,22.0,0.480732
4003.0,23.0,0.50007
4003.0,24.0,0.501158
4003.0,25.0,0.515202
4003.0,26.0,0.44847
4003.0,27.0,0.458297
4003.0,28.0,0.505285
4003.0,29.0,0.50636
4003.0,30.0,0.525963
4003.0,31.0,0.532754
4003.0,32.0,0.480413
4003.0,33.0,0.501247
4003.0,34.0,0.491459
4003.0,35.0,0.487202
4003.0,36.0,0.503616
4003.0,37.0,0.489914
4003.0,38.0,0.479634
4003.0,39.0,0.538395
4003.0,40.0,0.511348
4003.0,41.0,0.499919
4003.0,42.0,0.498229
4003.0,43.0,0.480306
4003.0,44.0,0.54951
4003.0,45.0,0.44578
4003.0,46.0,0.517896
4003.0,47.0,0.479801
4003.0,48.0,0.485955
4003.0,49.0,0.487349
4003.0,50.0,0.576382
4003.0,51.0,0.449936
4003.0,52.0,0.502988
4003.0,53.0,0.523403
4003.0,54.0,0.45681
4003.0,55.0,0.501122
4003.0,56.0,0.529573
4003.0,57.0,0.509028
4003.0,58.0,0.498658
4003.0,59.0,0.54523
4003.0,60.0,0.515001
4003.0,61.0,0.511835
4003.0,62.0,0.518818
4003.0,63.0,0.541904
4003.0,64.0,0.562529
4003.0,65.0,0.472262
4003.0,66.0,0.476429
4003.0,67.0,0.545804
4003.0,68.0,0.442377
4003.0,69.0,0.539753
4003.0,70.0,0.509224
4003.0,71.0,0.479635
4003.0,72.0,0.529748
4003.0,73.0,0.49668
4003.0,74.0,0.437222
4003.0,75.0,0.542196
4003.0,76.0,0.525706
4003.0,77.0,0.537231
4003.0,78.0,0.491251
4003.0,79.0,0.515314
4003.0,80.0,0.503285
4003.0,81.0,0.438968
4003.0,82.0,0.462468
4003.0,83.0,0.466153
4003.0,84.0,0.460664
4003.0,85.0,0.479279
4003.0,86.0,0.512448
4003.0,87.0,0.51044
4003.0,88.0,0.510168
4003.0,89.0,0.474424
4003.0,90.0,0.4909
4003.0,91.0,0.439419
4003.0,92.0,0.513791
4003.0,93.0,0.535135
4003.0,94.0,0.494959
4003.0,95.0,0.417822
4003.0,96.0,0.464127
4003.0,97.0,0.524121
4003.0,98.0,0.467094
4003.0,99.0,0.434847
4003.0,100.0,0.464251
4003.0,101.0,0.517274
4003.0,102.0,0.546458
4003.0,103.0,0.538584
4003.0,104.0,0.499612
4003.0,105.0,0.479635
4003.0,106.0,0.481199
4003.0,107.0,0.533415
4003.0,108.0,0.528763
4003.0,109.0,0.474746
4003.0,110.0,0.473835
4003.0,111.0,0.553499
4003.0,112.0,0.544291
4003.0,113.0,0.521251
4003.0,114.0,0.509059
4003.0,115.0,0.589032
4003.0,116.0,0.467441
4003.0,117.0,0.50501
4003.0,118.0,0.508396
4003.0,119.0,0.513551
4003.0,120.0,0.488806
4003.0,121.0,0.512362
4003.0,122.0,0.455138
4003.0,123.0,0.493217
4003.0,124.0,0.490457
4003.0,125.0,0.433546
4003.0,126.0,0.5153
4004.0,0.0,0.505809
4004.0,1.0,0.541918
4004.0,2.0,0.551232
4004.0,3.0,0.50718
4004.0,4.0,0.480778
4004.0,5.0,0.535137
4004.0,6.0,0.513994
4004.0,7.0,0.540125
4004.0,8.0,0.496714
4004.0,9.0,0.555367
4004.0,10.0,0.552645
4004.0,11.0,0.490605
4004.0,12.0,0.533913
4004.0,13.0,0.526902
4004.0,14.0,0.527376
4004.0,15.0,0.469693
4004.0,16.0,0.538242
4004.0,17.0,0.522585
4004.0,18.0,0.503999
4004.0,19.0,0.512648
4004.0,20.0,0.53424
4004.0,21.0,0.534271
4004.0,22.0,0.480556
4004.0,23.0,0.501033
4004.0,24.0,0.500773
4004.0,25.0,0.514794
4004.0,26.0,0.449039
4004.0,27.0,0.457832
4004.0,28.0,0.505636
4004.0,29.0,0.506302
4004.0,30.0,0.525502
4004.0,31.0,0.532525
4004.0,32.0,0.480361
4004.0,33.0,0.50241
4004.0,34.0,0.491625
4004.0,35.0,0.487586
4004.0,36.0,0.503265
4004.0,37.0,0.489941
4004.0,38.0,0.47976
4004.0,39.0,0.538561
4004.0,40.0,0.51013
4004.0,41.0,0.498919
4004.0,42.0,0.498023
4004.0,43.0,0.480442
4004.0,44.0,0.549578
4004.0,45.0,0.44523
4004.0,46.0,0.517293
4004.0,47.0,0.479531
4004.0,48.0,0.486117
4004.0,49.0,0.487481
4004.0,50.0,0.576694
4004.0,51.0,0.450286
4004.0,52.0,0.502725
4004.0,53.0,0.523598
4004.0,54.0,0.45681
4004.0,55.0,0.500654
4004.0,56.0,0.529728
4004.0,57.0,0.509499
4004.0,58.0,0.498353
4004.0,59.0,0.544548
4004.0,60.0,0.515006
4004.0,61.0,0.511398
4004.0,62.0,0.518623
4004.0,63.0,0.542641
4004.0,64.0,0.563128
4004.0,65.0,0.472177
4004.0,66.0,0.476897
4004.0,67.0,0.545621
4004.0,68.0,0.442487
4004.0,69.0,0.538823
4004.0,70.0,0.508707
4004.0,71.0,0.48022
4004.0,72.0,0.529153
4004.0,73.0,0.497664
4004.0,74.0,0.436981
4004.0,75.0,0.540876
4004.0,76.0,0.525839
4004.0,77.0,0.537169
4004.0,78.0,0.491201
4004.0,79.0,0.51457
4004.0,80.0,0.503718
4004.0,81.0,0.438965
4004.0,82.0,0.462396
4004.0,83.0,0.465353
4004.0,84.0,0.46066
4004.0,85.0,0.479665
4004.0,86.0,0.511465
4004.0,87.0,0.510273
4004.0,88.0,0.509851
4004.0,89.0,0.474006
4004.0,90.0,0.491458
4004.0,91.0,0.439521
4004.0,92.0,0.513511
4004.0,93.0,0.535511
4004.0,94.0,0.494383
4004.0,95.0,0.418506
4004.0,96.0,0.463975
4004.0,97.0,0.523463
4004.0,98.0,0.467391
4004.0,99.0,0.434908
4004.0,100.0,0.463383
4004.0,101.0,0.517025
4004.0,102.0,0.54578
4004.0,103.0,0.538264
4004.0,104.0,0.499906
4004.0,105.0,0.479779
4004.0,106.0,0.480759
4004.0,107.0,0.533229
4004.0,108.0,0.528745
4004.0,109.0,0.475153
4004.0,110.0,0.475086
4004.0,111.0,0.553016
4004.0,112.0,0.54481
4004.0,113.0,0.521389
4004.0,114.0,0.509051
4004.0,115.0,0.58863
4004.0,116.0,0.468074
4004.0,117.0,0.504517
4004.0,118.0,0.508564
4004.0,119.0,0.513044
4004.0,120.0,0.488319
4004.0,121.0,0.51289
4004.0,122.0,0.454519
4004.0,123.0,0.492369
4004.0,124.0,0.49031
4004.0,125.0,0.432337
4004.0,126.0,0.515112
4005.0,0.0,0.505662
4005.0,1.0,0.540506
4005.0,2.0,0.551623
4005.0,3.0,0.507591
4005.0,4.0,0.481861
4005.0,5.0,0.535553
4005.0,6.0,0.51458
4005.0,7.0,0.539489
4005.0,8.0,0.496767
4005.0,9.0,0.555954
4005.0,10.0,0.552427
4005.0,11.0,0.490819
4005.0,12.0,0.533904
4005.0,13.0,0.52762
4005.0,14.0,0.527579
4005.0,15.0,0.469199
4005.0,16.0,0.537716
4005.0,17.0,0.522307
4005.0,18.0,0.504319
4005.0,19.0,0.512037
4005.0,20.0,0.533867
4005.0,21.0,0.53426
4005.0,22.0,0.480486
4005.0,23.0,0.500839
4005.0,24.0,0.500158
4005.0,25.0,0.515747
4005.0,26.0,0.449177
4005.0,27.0,0.458567
4005.0,28.0,0.505365
4005.0,29.0,0.507002
4005.0,30.0,0.525661
4005.0,31.0,0.533117
4005.0,32.0,0.480131
4005.0,33.0,0.502545
4005.0,34.0,0.491955
4005.0,35.0,0.488504
4005.0,36.0,0.502825
4005.0,37.0,0.490214
4005.0,38.0,0.47924
4005.0,39.0,0.537585
4005.0,40.0,0.510208
4005.0,41.0,0.498604
4005.0,42.0,0.497791
4005.0,43.0,0.481253
4005.0,44.0,0.549551
4005.0,45.0,0.444738
4005.0,46.0,0.516588
4005.0,47.0,0.480038
4005.0,48.0,0.486334
4005.0,49.0,0.486669
4005.0,50.0,0.576618
4005.0,51.0,0.450705
4005.0,52.0,0.50217
4005.0,53.0,0.524252
4005.0,54.0,0.455996
4005.0,55.0,0.501008
4005.0,56.0,0.530074
4005.0,57.0,0.509109
4005.0,58.0,0.498404
4005.0,59.0,0.545461
4005.0,60.0,0.515183
4005.0,61.0,0.510811
4005.0,62.0,0.51811
4005.0,63.0,0.542057
4005.0,64.0,0.563446
4005.0,65.0,0.47275
4005.0,66.0,0.47662
4005.0,67.0,0.544877
4005.0,68.0,0.443002
4005.0,69.0,0.538256
4005.0,70.0,0.508876
4005.0,71.0,0.479518
4005.0,72.0,0.529165
4005.0,73.0,0.497328
4005.0,74.0,0.43678
4005.0,75.0,0.540613
4005.0,76.0,0.52571
4005.0,77.0,0.536844
4005.0,78.0,0.49212
4005.0,79.0,0.515243
4005.0,80.0,0.503443
4005.0,81.0,0.438927
4005.0,82.0,0.462699
4005.0,83.0,0.465692
4005.0,84.0,0.460842
4005.0,85.0,0.480063
4005.0,86.0,0.512114
4005.0,87.0,0.511456
4005.0,88.0,0.50914
4005.0,89.0,0.473726
4005.0,90.0,0.492279
4005.0,91.0,0.440221
4005.0,92.0,0.513993
4005.0,93.0,0.535877
4005.0,94.0,0.494793
4005.0,95.0,0.417385
4005.0,96.0,0.464383
4005.0,97.0,0.523588
4005.0,98.0,0.467259
4005.0,99.0,0.435073
4005.0,100.0,0.463133
4005.0,101.0,0.517351
4005.0,102.0,0.545738
4005.0,103.0,0.538535
4005.0,104.0,0.50015
4005.0,105.0,0.479128
4005.0,106.0,0.481182
4005.0,107.0,0.533303
4005.0,108.0,0.528653
4005.0,109.0,0.476343
4005.0,110.0,0.4751
4005.0,111.0,0.553151
4005.0,112.0,0.544523
4005.0,113.0,0.521759
4005.0,114.0,0.50911
4005.0,115.0,0.589494
4005.0,116.0,0.467767
4005.0,117.0,0.505227
4005.0,118.0,0.509202
4005.0,119.0,0.513362
4005.0,120.0,0.489238
4005.0,121.0,0.512487
4005.0,122.0,0.454238
4005.0,123.0,0.491794
4005.0,124.0,0.489914
4005.0,125.0,0.432625
4005.0,126.0,0.514326
4006.0,0.0,0.505738
4006.0,1.0,0.53973
4006.0,2.0,0.551248
4006.0,3.0,0.507307
4006.0,4.0,0.481157
4006.0,5.0,0.535126
4006.0,6.0,0.515165
4006.0,7.0,0.539936
4006.0,8.0,0.497395
4006.0,9.0,0.555293
4006.0,10.0,0.552646
4006.0,11.0,0.490949
4006.0,12.0,0.532798
4006.0,13.0,0.527792
4006.0,14.0,0.527934
4006.0,15.0,0.468575
4006.0,16.0,0.538565
4006.0,17.0,0.522103
4006.0,18.0,0.503121
4006.0,19.0,0.512931
4006.0,20.0,0.533795
4006.0,21.0,0.534442
4006.0,22.0,0.480247
4006.0,23.0,0.501394
4006.0,24.0,0.499778
4006.0,25.0,0.516152
4006.0,26.0,0.448549
4006.0,27.0,0.459001
4006.0,28.0,0.505762
4006.0,29.0,0.506788
4006.0,30.0,0.524964
4006.0,31.0,0.532143
4006.0,32.0,0.479808
4006.0,33.0,0.502158
4006.0,34.0,0.491085
4006.0,35.0,0.489278
4006.0,36.0,0.503517
4006.0,37.0,0.489543
4006.0,38.0,0.479629
4006.0,39.0,0.537223
4006.0,40.0,0.509451
4006.0,41.0,0.498127
4006.0,42.0,0.497357
4006.0,43.0,0.480847
4006.0,44.0,0.549254
4006.0,45.0,0.445487
4006.0,46.0,0.51665
4006.0,47.0,0.479954
4006.0,48.0,0.48671
4006.0,49.0,0.486793
4006.0,50.0,0.57685
4006.0,51.0,0.450377
4006.0,52.0,0.502071
4006.0,53.0,0.523537
4006.0,54.0,0.457043
4006.0,55.0,0.50146
4006.0,56.0,0.53044
4006.0,57.0,0.508751
4006.0,58.0,0.497615
4006.0,59.0,0.545391
4006.0,60.0,0.514485
4006.0,61.0,0.510752
4006.0,62.0,0.517816
4006.0,63.0,0.541747
4006.0,64.0,0.564433
4006.0,65.0,0.472123
4006.0,66.0,0.477055
4006.0,67.0,0.544355
4006.0,68.0,0.442686
4006.0,69.0,0.538571
4006.0,70.0,0.508404
4006.0,71.0,0.479689
4006.0,72.0,0.529577
4006.0,73.0,0.496755
4006.0,74.0,0.436673
4006.0,75.0,0.540832
4006.0,76.0,0.525227
4006.0,77.0,0.535241
4006.0,78.0,0.492827
4006.0,79.0,0.515095
4006.0,80.0,0.503724
4006.0,81.0,0.439603
4006.0,82.0,0.463208
4006.0,83.0,0.466129
4006.0,84.0,0.461657
4006.0,85.0,0.479301
4006.0,86.0,0.511954
4006.0,87.0,0.511828
4006.0,88.0,0.508286
4006.0,89.0,0.473096
4006.0,90.0,0.491606
4006.0,91.0,0.439473
4006.0,92.0,0.513407
4006.0,93.0,0.535797
4006.0,94.0,0.494572
4006.0,95.0,0.417606
4006.0,96.0,0.464387
4006.0,97.0,0.523975
4006.0,98.0,0.467516
4006.0,99.0,0.433718
4006.0,100.0,0.462344
4006.0,101.0,0.517307
4006.0,102.0,0.545419
4006.0,103.0,0.539036
4006.0,104.0,0.500132
4006.0,105.0,0.479592
4006.0,106.0,0.481752
4006.0,107.0,0.533468
4006.0,108.0,0.528593
4006.0,109.0,0.476509
4006.0,110.0,0.475327
4006.0,111.0,0.552679
4006.0,112.0,0.545174
4006.0,113.0,0.520455
4006.0,114.0,0.509249
4006.0,115.0,0.589798
4006.0,116.0,0.467551
4006.0,117.0,0.505231
4006.0,118.0,0.509123
4006.0,119.0,0.513053
4006.0,120.0,0.488634
4006.0,121.0,0.512144
4006.0,122.0,0.455072
4006.0,123.0,0.49064
4006.0,124.0,0.48978
4006.0,125.0,0.432118
4006.0,126.0,0.514516
4007.0,0.0,0.50623
4007.0,1.0,0.539903
4007.0,2.0,0.551087
4007.0,3.0,0.508032
4007.0,4.0,0.481468
4007.0,5.0,0.535015
4007.0,6.0,0.514701
4007.0,7.0,0.539149
4007.0,8.0,0.497915
4007.0,9.0,0.555696
4007.0,10.0,0.553624
4007.0,11.0,0.490329
4007.0,12.0,0.533056
4007.0,13.0,0.52712
4007.0,14.0,0.52751
4007.0,15.0,0.468972
4007.0,16.0,0.537991
4007.0,17.0,0.522653
4007.0,18.0,0.503984
4007.0,19.0,0.512439
4007.0,20.0,0.533887
4007.0,21.0,0.534634
4007.0,22.0,0.480395
4007.0,23.0,0.501876
4007.0,24.0,0.500541
4007.0,25.0,0.51605
4007.0,26.0,0.448357
4007.0,27.0,0.459112
4007.0,28.0,0.506248
4007.0,29.0,0.506114
4007.0,30.0,0.525757
4007.0,31.0,0.531948
4007.0,32.0,0.480378
4007.0,33.0,0.502434
4007.0,34.0,0.490595
4007.0,35.0,0.48823
4007.0,36.0,0.503323
4007.0,37.0,0.490128
4007.0,38.0,0.479621
4007.0,39.0,0.536553
4007.0,40.0,0.509558
4007.0,41.0,0.498649
4007.0,42.0,0.497529
4007.0,43.0,0.480957
4007.0,44.0,0.548963
4007.0,45.0,0.445191
4007.0,46.0,0.517503
4007.0,47.0,0.479678
4007.0,48.0,0.486223
4007.0,49.0,0.486234
4007.0,50.0,0.57647
4007.0,51.0,0.451325
4007.0,52.0,0.502698
4007.0,53.0,0.523273
4007.0,54.0,0.456885
4007.0,55.0,0.502778
4007.0,56.0,0.530404
4007.0,57.0,0.508446
4007.0,58.0,0.49696
4007.0,59.0,0.544344
4007.0,60.0,0.514621
4007.0,61.0,0.510411
4007.0,62.0,0.517826
4007.0,63.0,0.541439
4007.0,64.0,0.564341
4007.0,65.0,0.471754
4007.0,66.0,0.477062
4007.0,67.0,0.544174
4007.0,68.0,0.442884
4007.0,69.0,0.538974
4007.0,70.0,0.508843
4007.0,71.0,0.47972
4007.0,72.0,0.529502
4007.0,73.0,0.496962
4007.0,74.0,0.436561
4007.0,75.0,0.540436
4007.0,76.0,0.524659
4007.0,77.0,0.534299
4007.0,78.0,0.4931
4007.0,79.0,0.514448
4007.0,80.0,0.502297
4007.0,81.0,0.440148
4007.0,82.0,0.463306
4007.0,83.0,0.465702
4007.0,84.0,0.460928
4007.0,85.0,0.479156
4007.0,86.0,0.511969
4007.0,87.0,0.511204
4007.0,88.0,0.507526
4007.0,89.0,0.473176
4007.0,90.0,0.491232
4007.0,91.0,0.440108
4007.0,92.0,0.513561
4007.0,93.0,0.535885
4007.0,94.0,0.494638
4007.0,95.0,0.417684
4007.0,96.0,0.464537
4007.0,97.0,0.524493
4007.0,98.0,0.467325
4007.0,99.0,0.433942
4007.0,100.0,0.462595
4007.0,101.0,0.517359
4007.0,102.0,0.54526
4007.0,103.0,0.539481
4007.0,104.0,0.500468
4007.0,105.0,0.480421
4007.0,106.0,0.481897
4007.0,107.0,0.533787
4007.0,108.0,0.528757
4007.0,109.0,0.476361
4007.0,110.0,0.475661
4007.0,111.0,0.552822
4007.0,112.0,0.545173
4007.0,113.0,0.520378
4007.0,114.0,0.508733
4007.0,115.0,0.589758
4007.0,116.0,0.467715
4007.0,117.0,0.506162
4007.0,118.0,0.508385
4007.0,119.0,0.512534
4007.0,120.0,0.488321
4007.0,121.0,0.511405
4007.0,122.0,0.454857
4007.0,123.0,0.490548
4007.0,124.0,0.489445
4007.0,125.0,0.432109
4007.0,126.0,0.514858
4008.0,0.0,0.50557
4008.0,1.0,0.539516
4008.0,2.0,0.551069
4008.0,3.0,0.507752
4008.0,4.0,0.481404
4008.0,5.0,0.535272
4008.0,6.0,0.51481
4008.0,7.0,0.538966
4008.0,8.0,0.497741
4008.0,9.0,0.555774
4008.0,10.0,0.553969
4008.0,11.0,0.489821
4008.0,12.0,0.533147
4008.0,13.0,0.52699
4008.0,14.0,0.527483
4008.0,15.0,0.468525
4008.0,16.0,0.538112
4008.0,17.0,0.523366
4008.0,18.0,0.504209
4008.0,19.0,0.512305
4008.0,20.0,0.533702
4008.0,21.0,0.534979
4008.0,22.0,0.480612
4008.0,23.0,0.501915
4008.0,24.0,0.50031
4008.0,25.0,0.515524
4008.0,26.0,0.448804
4008.0,27.0,0.459019
4008.0,28.0,0.506834
4008.0,29.0,0.505944
4008.0,30.0,0.526186
4008.0,31.0,0.531434
4008.0,32.0,0.480657
4008.0,33.0,0.502382
4008.0,34.0,0.489846
4008.0,35.0,0.488226
4008.0,36.0,0.503665
4008.0,37.0,0.48982
4008.0,38.0,0.479497
4008.0,39.0,0.536943
4008.0,40.0,0.509617
4008.0,41.0,0.498948
4008.0,42.0,0.496947
4008.0,43.0,0.481166
4008.0,44.0,0.54949
4008.0,45.0,0.444491
4008.0,46.0,0.517098
4008.0,47.0,0.47995
4008.0,48.0,0.485377
4008.0,49.0,0.486402
4008.0,50.0,0.576194
4008.0,51.0,0.452336
4008.0,52.0,0.503213
4008.0,53.0,0.523288
4008.0,54.0,0.457114
4008.0,55.0,0.502783
4008.0,56.0,0.530425
4008.0,57.0,0.508145
4008.0,58.0,0.497334
4008.0,59.0,0.543617
4008.0,60.0,0.514019
4008.0,61.0,0.510454
4008.0,62.0,0.518866
4008.0,63.0,0.540603
4008.0,64.0,0.563773
4008.0,65.0,0.471544
4008.0,66.0,0.477535
4008.0,67.0,0.544066
4008.0,68.0,0.442772
4008.0,69.0,0.539141
4008.0,70.0,0.509001
4008.0,71.0,0.479288
4008.0,72.0,0.528765
4008.0,73.0,0.49695
4008.0,74.0,0.435273
4008.0,75.0,0.539286
4008.0,76.0,0.524565
4008.0,77.0,0.534925
4008.0,78.0,0.493289
4008.0,79.0,0.514838
4008.0,80.0,0.501872
4008.0,81.0,0.440442
4008.0,82.0,0.463516
4008.0,83.0,0.46583
4008.0,84.0,0.461066
4008.0,85.0,0.479542
4008.0,86.0,0.511742
4008.0,87.0,0.510897
4008.0,88.0,0.507613
4008.0,89.0,0.473254
4008.0,90.0,0.490841
4008.0,91.0,0.44062
4008.0,92.0,0.513271
4008.0,93.0,0.535937
4008.0,94.0,0.495078
4008.0,95.0,0.418722
4008.0,96.0,0.464373
4008.0,97.0,0.52437
4008.0,98.0,0.467315
4008.0,99.0,0.433993
4008.0,100.0,0.462858
4008.0,101.0,0.517255
4008.0,102.0,0.544803
4008.0,103.0,0.53929
4008.0,104.0,0.500508
4008.0,105.0,0.48008
4008.0,106.0,0.481511
4008.0,107.0,0.534881
4008.0,108.0,0.528795
4008.0,109.0,0.475555
4008.0,110.0,0.475548
4008.0,111.0,0.552523
4008.0,112.0,0.544909
4008.0,113.0,0.521123
4008.0,114.0,0.509695
4008.0,115.0,0.590125
4008.0,116.0,0.468
4008.0,117.0,0.505657
4008.0,118.0,0.508677
4008.0,119.0,0.512755
4008.0,120.0,0.48826
4008.0,121.0,0.510798
4008.0,122.0,0.453879
4008.0,123.0,0.490843
4008.0,124.0,0.488807
4008.0,125.0,0.431949
4008.0,126.0,0.514311
4009.0,0.0,0.505138
4009.0,1.0,0.539793
4009.0,2.0,0.550975
4009.0,3.0,0.507622
4009.0,4.0,0.480892
4009.0,5.0,0.535551
4009.0,6.0,0.514762
4009.0,7.0,0.539792
4009.0,8.0,0.498827
4009.0,9.0,0.555779
4009.0,10.0,0.554639
4009.0,11.0,0.49039
4009.0,12.0,0.533641
4009.0,13.0,0.527287
4009.0,14.0,0.528207
4009.0,15.0,0.468169
4009.0,16.0,0.537771
4009.0,17.0,0.522702
4009.0,18.0,0.503929
4009.0,19.0,0.511917
4009.0,20.0,0.533386
4009.0,21.0,0.534433
4009.0,22.0,0.480213
4009.0,23.0,0.501746
4009.0,24.0,0.500054
4009.0,25.0,0.514934
4009.0,26.0,0.448428
4009.0,27.0,0.45918
4009.0,28.0,0.506502
4009.0,29.0,0.505573
4009.0,30.0,0.525872
4009.0,31.0,0.530797
4009.0,32.0,0.480724
4009.0,33.0,0.502183
4009.0,34.0,0.49035
4009.0,35.0,0.488526
4009.0,36.0,0.503724
4009.0,37.0,0.489254
4009.0,38.0,0.479185
4009.0,39.0,0.537017
4009.0,40.0,0.509589
4009.0,41.0,0.498123
4009.0,42.0,0.497175
4009.0,43.0,0.481231
4009.0,44.0,0.549305
4009.0,45.0,0.444531
4009.0,46.0,0.517262
4009.0,47.0,0.479775
4009.0,48.0,0.484953
4009.0,49.0,0.486343
4009.0,50.0,0.575928
4009.0,51.0,0.452853
4009.0,52.0,0.503142
4009.0,53.0,0.523515
4009.0,54.0,0.458577
4009.0,55.0,0.502535
4009.0,56.0,0.529971
4009.0,57.0,0.508411
4009.0,58.0,0.49689
4009.0,59.0,0.543227
4009.0,60.0,0.513827
4009.0,61.0,0.509933
4009.0,62.0,0.518394
4009.0,63.0,0.540477
4009.0,64.0,0.564286
4009.0,65.0,0.471677
4009.0,66.0,0.477782
4009.0,67.0,0.543624
4009.0,68.0,0.443323
4009.0,69.0,0.539136
4009.0,70.0,0.509883
4009.0,71.0,0.479123
4009.0,72.0,0.529815
4009.0,73.0,0.496483
4009.0,74.0,0.435204
4009.0,75.0,0.539846
4009.0,76.0,0.524195
4009.0,77.0,0.534906
4009.0,78.0,0.493436
4009.0,79.0,0.513613
4009.0,80.0,0.501118
4009.0,81.0,0.439973
4009.0,82.0,0.463804
4009.0,83.0,0.465509
4009.0,84.0,0.461939
4009.0,85.0,0.479264
4009.0,86.0,0.511854
4009.0,87.0,0.510845
4009.0,88.0,0.507579
4009.0,89.0,0.47337
4009.0,90.0,0.491349
4009.0,91.0,0.440698
4009.0,92.0,0.51335
4009.0,93.0,0.536059
4009.0,94.0,0.494904
4009.0,95.0,0.418664
4009.0,96.0,0.464171
4009.0,97.0,0.524058
4009.0,98.0,0.46719
4009.0,99.0,0.434554
4009.0,100.0,0.46307
4009.0,101.0,0.517105
4009.0,102.0,0.545486
4009.0,103.0,0.538832
4009.0,104.0,0.501072
4009.0,105.0,0.480038
4009.0,106.0,0.481185
4009.0,107.0,0.534241
4009.0,108.0,0.528562
4009.0,109.0,0.474596
4009.0,110.0,0.475556
4009.0,111.0,0.552794
4009.0,112.0,0.544868
4009.0,113.0,0.521829
4009.0,114.0,0.509496
4009.0,115.0,0.590787
4009.0,116.0,0.467794
4009.0,117.0,0.506196
4009.0,118.0,0.508346
4009.0,119.0,0.512321
4009.0,120.0,0.489001
4009.0,121.0,0.510683
4009.0,122.0,0.454185
4009.0,123.0,0.489734
4009.0,124.0,0.488435
4009.0,125.0,0.432205
4009.0,126.0,0.514407
4010.0,0.0,0.505467
4010.0,1.0,0.539648
4010.0,2.0,0.551771
4010.0,3.0,0.507612
4010.0,4.0,0.481171
4010.0,5.0,0.535236
4010.0,6.0,0.515546
4010.0,7.0,0.540405
4010.0,8.0,0.498819
4010.0,9.0,0.556139
4010.0,10.0,0.555407
4010.0,11.0,0.490287
4010.0,12.0,0.533962
4010.0,13.0,0.527212
4010.0,14.0,0.526438
4010.0,15.0,0.467511
4010.0,16.0,0.537387
4010.0,17.0,0.522329
4010.0,18.0,0.504159
4010.0,19.0,0.512221
4010.0,20.0,0.533567
4010.0,21.0,0.534863
4010.0,22.0,0.480072
4010.0,23.0,0.501966
4010.0,24.0,0.499447
4010.0,25.0,0.514381
4010.0,26.0,0.449071
4010.0,27.0,0.459223
4010.0,28.0,0.506308
4010.0,29.0,0.505594
4010.0,30.0,0.525724
4010.0,31.0,0.53053
4010.0,32.0,0.480458
4010.0,33.0,0.501735
4010.0,34.0,0.49002
4010.0,35.0,0.488679
4010.0,36.0,0.503665
4010.0,37.0,0.488782
4010.0,38.0,0.479739
4010.0,39.0,0.535647
4010.0,40.0,0.510366
4010.0,41.0,0.499341
4010.0,42.0,0.49714
4010.0,43.0,0.481092
4010.0,44.0,0.549626
4010.0,45.0,0.443935
4010.0,46.0,0.516865
4010.0,47.0,0.479665
4010.0,48.0,0.485126
4010.0,49.0,0.486862
4010.0,50.0,0.575712
4010.0,51.0,0.453287
4010.0,52.0,0.502716
4010.0,53.0,0.523622
4010.0,54.0,0.458669
4010.0,55.0,0.503269
4010.0,56.0,0.530388
4010.0,57.0,0.508084
4010.0,58.0,0.497285
4010.0,59.0,0.543047
4010.0,60.0,0.513635
4010.0,61.0,0.510666
4010.0,62.0,0.517176
4010.0,63.0,0.541227
4010.0,64.0,0.563564
4010.0,65.0,0.471724
4010.0,66.0,0.477723
4010.0,67.0,0.543305
4010.0,68.0,0.443577
4010.0,69.0,0.539068
4010.0,70.0,0.510586
4010.0,71.0,0.478816
4010.0,72.0,0.530016
4010.0,73.0,0.496484
4010.0,74.0,0.435376
4010.0,75.0,0.540018
4010.0,76.0,0.524517
4010.0,77.0,0.535254
4010.0,78.0,0.494167
4010.0,79.0,0.512465
4010.0,80.0,0.501305
4010.0,81.0,0.43995
4010.0,82.0,0.462704
4010.0,83.0,0.466169
4010.0,84.0,0.462399
4010.0,85.0,0.479233
4010.0,86.0,0.512532
4010.0,87.0,0.510133
4010.0,88.0,0.50777
4010.0,89.0,0.473526
4010.0,90.0,0.490774
4010.0,91.0,0.441009
4010.0,92.0,0.513631
4010.0,93.0,0.535095
4010.0,94.0,0.494784
4010.0,95.0,0.419019
4010.0,96.0,0.464259
4010.0,97.0,0.523614
4010.0,98.0,0.466881
4010.0,99.0,0.434636
4010.0,100.0,0.462839
4010.0,101.0,0.516788
4010.0,102.0,0.545566
4010.0,103.0,0.539185
4010.0,104.0,0.501555
4010.0,105.0,0.479887
4010.0,106.0,0.482168
4010.0,107.0,0.534709
4010.0,108.0,0.529377
4010.0,109.0,0.474903
4010.0,110.0,0.476058
4010.0,111.0,0.553617
4010.0,112.0,0.544601
4010.0,113.0,0.521656
4010.0,114.0,0.510182
4010.0,115.0,0.590661
4010.0,116.0,0.468449
4010.0,117.0,0.506133
4010.0,118.0,0.508413
4010.0,119.0,0.512798
4010.0,120.0,0.487746
4010.0,121.0,0.510769
4010.0,122.0,0.453816
4010.0,123.0,0.488942
4010.0,124.0,0.488894
4010.0,125.0,0.431727
4010.0,126.0,0.514648
5000.0,0.0,0.508146
5000.0,1.0,0.557566
5000.0,2.0,0.566985
5000.0,3.0,0.508165
5000.0,4.0,0.499945
5000.0,5.0,0.538524
5000.0,6.0,0.524329
5000.0,7.0,0.55212
5000.0,8.0,0.501932
5000.0,9.0,0.560213
5000.0,10.0,0.583293
5000.0,11.0,0.498622
5000.0,12.0,0.534695
5000.0,13.0,0.499644
5000.0,14.0,0.517669
5000.0,15.0,0.468072
5000.0,16.0,0.532796
5000.0,17.0,0.542245
5000.0,18.0,0.50944
5000.0,19.0,0.492755
5000.0,20.0,0.526372
5000.0,21.0,0.551512
5000.0,22.0,0.465657
5000.0,23.0,0.503621
5000.0,24.0,0.48656
5000.0,25.0,0.518055
5000.0,26.0,0.455136
5000.0,27.0,0.467357
5000.0,28.0,0.52517
5000.0,29.0,0.506
5000.0,30.0,0.520201
5000.0,31.0,0.524343
5000.0,32.0,0.474387
5000.0,33.0,0.496113
5000.0,34.0,0.461634
5000.0,35.0,0.510961
5000.0,36.0,0.504797
5000.0,37.0,0.530067
5000.0,38.0,0.467715
5000.0,39.0,0.533896
5000.0,40.0,0.480204
5000.0,41.0,0.508233
5000.0,42.0,0.491936
5000.0,43.0,0.482076
5000.0,44.0,0.543422
5000.0,45.0,0.466455
5000.0,46.0,0.530506
5000.0,47.0,0.494438
5000.0,48.0,0.475169
5000.0,49.0,0.489276
5000.0,50.0,0.651958
5000.0,51.0,0.456707
5000.0,52.0,0.486725
5000.0,53.0,0.538737
5000.0,54.0,0.446791
5000.0,55.0,0.520555
5000.0,56.0,0.527235
5000.0,57.0,0.483148
5000.0,58.0,0.509093
5000.0,59.0,0.530988
5000.0,60.0,0.507886
5000.0,61.0,0.512132
5000.0,62.0,0.509666
5000.0,63.0,0.530862
5000.0,64.0,0.596741
5000.0,65.0,0.46266
5000.0,66.0,0.496461
5000.0,67.0,0.561741
5000.0,68.0,0.435466
5000.0,69.0,0.535303
5000.0,70.0,0.547749
5000.0,71.0,0.501245
5000.0,72.0,0.535868
5000.0,73.0,0.498174
5000.0,74.0,0.432557
5000.0,75.0,0.52059
5000.0,76.0,0.520299
5000.0,77.0,0.527576
5000.0,78.0,0.496135
5000.0,79.0,0.502224
5000.0,80.0,0.511439
5000.0,81.0,0.418909
5000.0,82.0,0.448872
5000.0,83.0,0.442065
5000.0,84.0,0.46923
5000.0,85.0,0.50478
5000.0,86.0,0.54602
5000.0,87.0,0.526772
5000.0,88.0,0.516305
5000.0,89.0,0.446597
5000.0,90.0,0.461355
5000.0,91.0,0.454523
5000.0,92.0,0.553106
5000.0,93.0,0.565304
5000.0,94.0,0.479567
5000.0,95.0,0.41186
5000.0,96.0,0.468986
5000.0,97.0,0.495171
5000.0,98.0,0.47622
5000.0,99.0,0.417209
5000.0,100.0,0.458304
5000.0,101.0,0.50495
5000.0,102.0,0.547645
5000.0,103.0,0.557652
5000.0,104.0,0.511927
5000.0,105.0,0.483109
5000.0,106.0,0.486019
5000.0,107.0,0.532276
5000.0,108.0,0.5357
5000.0,109.0,0.485342
5000.0,110.0,0.472248
5000.0,111.0,0.561965
5000.0,112.0,0.513021
5000.0,113.0,0.540095
5000.0,114.0,0.517997
5000.0,115.0,0.588516
5000.0,116.0,0.460187
5000.0,117.0,0.503477
5000.0,118.0,0.496073
5000.0,119.0,0.514527
5000.0,120.0,0.481105
5000.0,121.0,0.50953
5000.0,122.0,0.462804
5000.0,123.0,0.512423
5000.0,124.0,0.51182
5000.0,125.0,0.456465
5000.0,126.0,0.519087
5001.0,0.0,0.507409
5001.0,1.0,0.558138
5001.0,2.0,0.567254
5001.0,3.0,0.507929
5001.0,4.0,0.499666
5001.0,5.0,0.538621
5001.0,6.0,0.524228
5001.0,7.0,0.552328
5001.0,8.0,0.502361
5001.0,9.0,0.559479
5001.0,10.0,0.583973
5001.0,11.0,0.498828
5001.0,12.0,0.534913
5001.0,13.0,0.499828
5001.0,14.0,0.517274
5001.0,15.0,0.468387
5001.0,16.0,0.533727
5001.0,17.0,0.54196
5001.0,18.0,0.50865
5001.0,19.0,0.492725
5001.0,20.0,0.526768
5001.0,21.0,0.551696
5001.0,22.0,0.466501
5001.0,23.0,0.503858
5001.0,24.0,0.48642
5001.0,25.0,0.518269
5001.0,26.0,0.454232
5001.0,27.0,0.467465
5001.0,28.0,0.525924
5001.0,29.0,0.506584
5001.0,30.0,0.520764
5001.0,31.0,0.524561
5001.0,32.0,0.474312
5001.0,33.0,0.496672
5001.0,34.0,0.46143
5001.0,35.0,0.511378
5001.0,36.0,0.504696
5001.0,37.0,0.530743
5001.0,38.0,0.467717
5001.0,39.0,0.534439
5001.0,40.0,0.479863
5001.0,41.0,0.508533
5001.0,42.0,0.492204
5001.0,43.0,0.481609
5001.0,44.0,0.542948
5001.0,45.0,0.465943
5001.0,46.0,0.530673
5001.0,47.0,0.495407
5001.0,48.0,0.474479
5001.0,49.0,0.488868
5001.0,50.0,0.652742
5001.0,51.0,0.456186
5001.0,52.0,0.487439
5001.0,53.0,0.539114
5001.0,54.0,0.447347
5001.0,55.0,0.520989
5001.0,56.0,0.526532
5001.0,57.0,0.482582
5001.0,58.0,0.508946
5001.0,59.0,0.53089
5001.0,60.0,0.507875
5001.0,61.0,0.511373
5001.0,62.0,0.509656
5001.0,63.0,0.529977
5001.0,64.0,0.596501
5001.0,65.0,0.46317
5001.0,66.0,0.496605
5001.0,67.0,0.562508
5001.0,68.0,0.435485
5001.0,69.0,0.535954
5001.0,70.0,0.547968
5001.0,71.0,0.500897
5001.0,72.0,0.535868
5001.0,73.0,0.497516
5001.0,74.0,0.432253
5001.0,75.0,0.520589
5001.0,76.0,0.520306
5001.0,77.0,0.527697
5001.0,78.0,0.494922
5001.0,79.0,0.502289
5001.0,80.0,0.511519
5001.0,81.0,0.418322
5001.0,82.0,0.448974
5001.0,83.0,0.441418
5001.0,84.0,0.46945
5001.0,85.0,0.505559
5001.0,86.0,0.545579
5001.0,87.0,0.526814
5001.0,88.0,0.515724
5001.0,89.0,0.447175
5001.0,90.0,0.461727
5001.0,91.0,0.454767
5001.0,92.0,0.553328
5001.0,93.0,0.564286
5001.0,94.0,0.479101
5001.0,95.0,0.411179
5001.0,96.0,0.468908
5001.0,97.0,0.494583
5001.0,98.0,0.476484
5001.0,99.0,0.417302
5001.0,100.0,0.45841
5001.0,101.0,0.505588
5001.0,102.0,0.547297
5001.0,103.0,0.557424
5001.0,104.0,0.510963
5001.0,105.0,0.483742
5001.0,106.0,0.485983
5001.0,107.0,0.532734
5001.0,108.0,0.535132
5001.0,109.0,0.48546
5001.0,110.0,0.473064
5001.0,111.0,0.561915
5001.0,112.0,0.51257
5001.0,113.0,0.540576
5001.0,114.0,0.51811
5001.0,115.0,0.58826
5001.0,116.0,0.460264
5001.0,117.0,0.502695
5001.0,118.0,0.495618
5001.0,119.0,0.513843
5001.0,120.0,0.480773
5001.0,121.0,0.510198
5001.0,122.0,0.462877
5001.0,123.0,0.512267
5001.0,124.0,0.511887
5001.0,125.0,0.455549
5001.0,126.0,0.518563
5002.0,0.0,0.506601
5002.0,1.0,0.557913
5002.0,2.0,0.5675
5002.0,3.0,0.508042
5002.0,4.0,0.499382
5002.0,5.0,0.537688
5002.0,6.0,0.524571
5002.0,7.0,0.552559
5002.0,8.0,0.502558
5002.0,9.0,0.559818
5002.0,10.0,0.58368
5002.0,11.0,0.498328
5002.0,12.0,0.534452
5002.0,13.0,0.499578
5002.0,14.0,0.517152
5002.0,15.0,0.467924
5002.0,16.0,0.533144
5002.0,17.0,0.542419
5002.0,18.0,0.508251
5002.0,19.0,0.49302
5002.0,20.0,0.527135
5002.0,21.0,0.551887
5002.0,22.0,0.466694
5002.0,23.0,0.503845
5002.0,24.0,0.486153
5002.0,25.0,0.518793
5002.0,26.0,0.453516
5002.0,27.0,0.46708
5002.0,28.0,0.525887
5002.0,29.0,0.505863
5002.0,30.0,0.520686
5002.0,31.0,0.524475
5002.0,32.0,0.474282
5002.0,33.0,0.497312
5002.0,34.0,0.46179
5002.0,35.0,0.510889
5002.0,36.0,0.504554
5002.0,37.0,0.53077
5002.0,38.0,0.466679
5002.0,39.0,0.534901
5002.0,40.0,0.47979
5002.0,41.0,0.508542
5002.0,42.0,0.491422
5002.0,43.0,0.481488
5002.0,44.0,0.542355
5002.0,45.0,0.467271
5002.0,46.0,0.530221
5002.0,47.0,0.496087
5002.0,48.0,0.475435
5002.0,49.0,0.489681
5002.0,50.0,0.653368
5002.0,51.0,0.456298
5002.0,52.0,0.487395
5002.0,53.0,0.539593
5002.0,54.0,0.447041
5002.0,55.0,0.520023
5002.0,56.0,0.526765
5002.0,57.0,0.482142
5002.0,58.0,0.509159
5002.0,59.0,0.530592
5002.0,60.0,0.507863
5002.0,61.0,0.511846
5002.0,62.0,0.508901
5002.0,63.0,0.530128
5002.0,64.0,0.597243
5002.0,65.0,0.463288
5002.0,66.0,0.496272
5002.0,67.0,0.562762
5002.0,68.0,0.435116
5002.0,69.0,0.535903
5002.0,70.0,0.548583
5002.0,71.0,0.50034
5002.0,72.0,0.5352
5002.0,73.0,0.497975
5002.0,74.0,0.431928
5002.0,75.0,0.520633
5002.0,76.0,0.519986
5002.0,77.0,0.526777
5002.0,78.0,0.494758
5002.0,79.0,0.501576
5002.0,80.0,0.511257
5002.0,81.0,0.418154
5002.0,82.0,0.448247
5002.0,83.0,0.441666
5002.0,84.0,0.468892
5002.0,85.0,0.506124
5002.0,86.0,0.546364
5002.0,87.0,0.526712
5002.0,88.0,0.516092
5002.0,89.0,0.447049
5002.0,90.0,0.461491
5002.0,91.0,0.455118
5002.0,92.0,0.552279
5002.0,93.0,0.564497
5002.0,94.0,0.478228
5002.0,95.0,0.411529
5002.0,96.0,0.469128
5002.0,97.0,0.49476
5002.0,98.0,0.476873
5002.0,99.0,0.417014
5002.0,100.0,0.459065
5002.0,101.0,0.505179
5002.0,102.0,0.547006
5002.0,103.0,0.557953
5002.0,104.0,0.51115
5002.0,105.0,0.484046
5002.0,106.0,0.487107
5002.0,107.0,0.532613
5002.0,108.0,0.535492
5002.0,109.0,0.485855
5002.0,110.0,0.472558
5002.0,111.0,0.561842
5002.0,112.0,0.512412
5002.0,113.0,0.540317
5002.0,114.0,0.517875
5002.0,115.0,0.588874
5002.0,116.0,0.459614
5002.0,117.0,0.50266
5002.0,118.0,0.49567
5002.0,119.0,0.514363
5002.0,120.0,0.481063
5002.0,121.0,0.510854
5002.0,122.0,0.463334
5002.0,123.0,0.511874
5002.0,124.0,0.512437
5002.0,125.0,0.455047
5002.0,126.0,0.518016
5003.0,0.0,0.50663
5003.0,1.0,0.558115
5003.0,2.0,0.567202
5003.0,3.0,0.50729
5003.0,4.0,0.499945
5003.0,5.0,0.537539
5003.0,6.0,0.524898
5003.0,7.0,0.55285
5003.0,8.0,0.501809
5003.0,9.0,0.55994
5003.0,10.0,0.584187
5003.0,11.0,0.497663
5003.0,12.0,0.53483
5003.0,13.0,0.499206
5003.0,14.0,0.516171
5003.0,15.0,0.468489
5003.0,16.0,0.533061
5003.0,17.0,0.542596
5003.0,18.0,0.508398
5003.0,19.0,0.493893
5003.0,20.0,0.527642
5003.0,21.0,0.550922
5003.0,22.0,0.466698
5003.0,23.0,0.502812
5003.0,24.0,0.48659
5003.0,25.0,0.519177
5003.0,26.0,0.454025
5003.0,27.0,0.4674
5003.0,28.0,0.525691
5003.0,29.0,0.505158
5003.0,30.0,0.521491
5003.0,31.0,0.524684
5003.0,32.0,0.474545
5003.0,33.0,0.496977
5003.0,34.0,0.462369
5003.0,35.0,0.511772
5003.0,36.0,0.504984
5003.0,37.0,0.530628
5003.0,38.0,0.467019
5003.0,39.0,0.534471
5003.0,40.0,0.480441
5003.0,41.0,0.508394
5003.0,42.0,0.491439
5003.0,43.0,0.481427
5003.0,44.0,0.542232
5003.0,45.0,0.467243
5003.0,46.0,0.530394
5003.0,47.0,0.496594
5003.0,48.0,0.475449
5003.0,49.0,0.489668
5003.0,50.0,0.652641
5003.0,51.0,0.456454
5003.0,52.0,0.486847
5003.0,53.0,0.539475
5003.0,54.0,0.447782
5003.0,55.0,0.520198
5003.0,56.0,0.526403
5003.0,57.0,0.481945
5003.0,58.0,0.509785
5003.0,59.0,0.53157
5003.0,60.0,0.507982
5003.0,61.0,0.51152
5003.0,62.0,0.509318
5003.0,63.0,0.530588
5003.0,64.0,0.596727
5003.0,65.0,0.463506
5003.0,66.0,0.496207
5003.0,67.0,0.563288
5003.0,68.0,0.43609
5003.0,69.0,0.537224
5003.0,70.0,0.54929
5003.0,71.0,0.499848
5003.0,72.0,0.535326
5003.0,73.0,0.497698
5003.0,74.0,0.431151
5003.0,75.0,0.521762
5003.0,76.0,0.520666
5003.0,77.0,0.527056
5003.0,78.0,0.494388
5003.0,79.0,0.501015
5003.0,80.0,0.512685
5003.0,81.0,0.418332
5003.0,82.0,0.448143
5003.0,83.0,0.441436
5003.0,84.0,0.469296
5003.0,85.0,0.506302
5003.0,86.0,0.546196
5003.0,87.0,0.527307
5003.0,88.0,0.516212
5003.0,89.0,0.446673
5003.0,90.0,0.461371
5003.0,91.0,0.455361
5003.0,92.0,0.551599
5003.0,93.0,0.565221
5003.0,94.0,0.477037
5003.0,95.0,0.411623
5003.0,96.0,0.469158
5003.0,97.0,0.494594
5003.0,98.0,0.477442
5003.0,99.0,0.416934
5003.0,100.0,0.457923
5003.0,101.0,0.505593
5003.0,102.0,0.546968
5003.0,103.0,0.55782
5003.0,104.0,0.511121
5003.0,105.0,0.483081
5003.0,106.0,0.487808
5003.0,107.0,0.533002
5003.0,108.0,0.536023
5003.0,109.0,0.485847
5003.0,110.0,0.472249
5003.0,111.0,0.5616
5003.0,112.0,0.512187
5003.0,113.0,0.540989
5003.0,114.0,0.517256
5003.0,115.0,0.588744
5003.0,116.0,0.458921
5003.0,117.0,0.502015
5003.0,118.0,0.495163
5003.0,119.0,0.514176
5003.0,120.0,0.480857
5003.0,121.0,0.51035
5003.0,122.0,0.463285
5003.0,123.0,0.511849
5003.0,124.0,0.513077
5003.0,125.0,0.455097
5003.0,126.0,0.517312
5004.0,0.0,0.506812
5004.0,1.0,0.558193
5004.0,2.0,0.566392
5004.0,3.0,0.507589
5004.0,4.0,0.499746
5004.0,5.0,0.537533
5004.0,6.0,0.524422
5004.0,7.0,0.552149
5004.0,8.0,0.502072
5004.0,9.0,0.56003
5004.0,10.0,0.583322
5004.0,11.0,0.497317
5004.0,12.0,0.536074
5004.0,13.0,0.499514
5004.0,14.0,0.515678
5004.0,15.0,0.468889
5004.0,16.0,0.532299
5004.0,17.0,0.542211
5004.0,18.0,0.508163
5004.0,19.0,0.493957
5004.0,20.0,0.527626
5004.0,21.0,0.551344
5004.0,22.0,0.466052
5004.0,23.0,0.503206
5004.0,24.0,0.487404
5004.0,25.0,0.519178
5004.0,26.0,0.454296
5004.0,27.0,0.46729
5004.0,28.0,0.525931
5004.0,29.0,0.505368
5004.0,30.0,0.521813
5004.0,31.0,0.524367
5004.0,32.0,0.474203
5004.0,33.0,0.496401
5004.0,34.0,0.462847
5004.0,35.0,0.511871
5004.0,36.0,0.505671
5004.0,37.0,0.530524
5004.0,38.0,0.467038
5004.0,39.0,0.53534
5004.0,40.0,0.480103
5004.0,41.0,0.509042
5004.0,42.0,0.490619
5004.0,43.0,0.481025
5004.0,44.0,0.542041
5004.0,45.0,0.467007
5004.0,46.0,0.531178
5004.0,47.0,0.49678
5004.0,48.0,0.475475
5004.0,49.0,0.489848
5004.0,50.0,0.652819
5004.0,51.0,0.457238
5004.0,52.0,0.487525
5004.0,53.0,0.539357
5004.0,54.0,0.44709
5004.0,55.0,0.519154
5004.0,56.0,0.526526
5004.0,57.0,0.481873
5004.0,58.0,0.510333
5004.0,59.0,0.531491
5004.0,60.0,0.508311
5004.0,61.0,0.511479
5004.0,62.0,0.50974
5004.0,63.0,0.530278
5004.0,64.0,0.596974
5004.0,65.0,0.463522
5004.0,66.0,0.495579
5004.0,67.0,0.562648
5004.0,68.0,0.436391
5004.0,69.0,0.537566
5004.0,70.0,0.548195
5004.0,71.0,0.49974
5004.0,72.0,0.535692
5004.0,73.0,0.497088
5004.0,74.0,0.430605
5004.0,75.0,0.522571
5004.0,76.0,0.520258
5004.0,77.0,0.527002
5004.0,78.0,0.494537
5004.0,79.0,0.50064
5004.0,80.0,0.51296
5004.0,81.0,0.418842
5004.0,82.0,0.447958
5004.0,83.0,0.441133
5004.0,84.0,0.4691
5004.0,85.0,0.506647
5004.0,86.0,0.545698
5004.0,87.0,0.527211
5004.0,88.0,0.516288
5004.0,89.0,0.446062
5004.0,90.0,0.462587
5004.0,91.0,0.455046
5004.0,92.0,0.551513
5004.0,93.0,0.564728
5004.0,94.0,0.476922
5004.0,95.0,0.41121
5004.0,96.0,0.469547
5004.0,97.0,0.494414
5004.0,98.0,0.477967
5004.0,99.0,0.416461
5004.0,100.0,0.458125
5004.0,101.0,0.506488
5004.0,102.0,0.546607
5004.0,103.0,0.558426
5004.0,104.0,0.511161
5004.0,105.0,0.483258
5004.0,106.0,0.488361
5004.0,107.0,0.5335
5004.0,108.0,0.53549
5004.0,109.0,0.485651
5004.0,110.0,0.471686
5004.0,111.0,0.561674
5004.0,112.0,0.512491
5004.0,113.0,0.541543
5004.0,114.0,0.516762
5004.0,115.0,0.588182
5004.0,116.0,0.459062
5004.0,117.0,0.501477
5004.0,118.0,0.49538
5004.0,119.0,0.51359
5004.0,120.0,0.480777
5004.0,121.0,0.510737
5004.0,122.0,0.46325
5004.0,123.0,0.51195
5004.0,124.0,0.512821
5004.0,125.0,0.454703
5004.0,126.0,0.51721
5005.0,0.0,0.506317
5005.0,1.0,0.558522
5005.0,2.0,0.566727
5005.0,3.0,0.508185
5005.0,4.0,0.499701
5005.0,5.0,0.537413
5005.0,6.0,0.52467
5005.0,7.0,0.551875
5005.0,8.0,0.502717
5005.0,9.0,0.561108
5005.0,10.0,0.584461
5005.0,11.0,0.497665
5005.0,12.0,0.535915
5005.0,13.0,0.499893
5005.0,14.0,0.515217
5005.0,15.0,0.468675
5005.0,16.0,0.531579
5005.0,17.0,0.542337
5005.0,18.0,0.508563
5005.0,19.0,0.493674
5005.0,20.0,0.527332
5005.0,21.0,0.551184
5005.0,22.0,0.465508
5005.0,23.0,0.50336
5005.0,24.0,0.487715
5005.0,25.0,0.519737
5005.0,26.0,0.453961
5005.0,27.0,0.46742
5005.0,28.0,0.525921
5005.0,29.0,0.50563
5005.0,30.0,0.522254
5005.0,31.0,0.524738
5005.0,32.0,0.474538
5005.0,33.0,0.495898
5005.0,34.0,0.463603
5005.0,35.0,0.512284
5005.0,36.0,0.505543
5005.0,37.0,0.530448
5005.0,38.0,0.467036
5005.0,39.0,0.533967
5005.0,40.0,0.479791
5005.0,41.0,0.508502
5005.0,42.0,0.489937
5005.0,43.0,0.481426
5005.0,44.0,0.54307
5005.0,45.0,0.4667
5005.0,46.0,0.531424
5005.0,47.0,0.496348
5005.0,48.0,0.475693
5005.0,49.0,0.490033
5005.0,50.0,0.653004
5005.0,51.0,0.457135
5005.0,52.0,0.487051
5005.0,53.0,0.539602
5005.0,54.0,0.447251
5005.0,55.0,0.519088
5005.0,56.0,0.526505
5005.0,57.0,0.48166
5005.0,58.0,0.510021
5005.0,59.0,0.531663
5005.0,60.0,0.507517
5005.0,61.0,0.511799
5005.0,62.0,0.510208
5005.0,63.0,0.530078
5005.0,64.0,0.597304
5005.0,65.0,0.464301
5005.0,66.0,0.495793
5005.0,67.0,0.562593
5005.0,68.0,0.436151
5005.0,69.0,0.538319
5005.0,70.0,0.54779
5005.0,71.0,0.49933
5005.0,72.0,0.536812
5005.0,73.0,0.496638
5005.0,74.0,0.430711
5005.0,75.0,0.522508
5005.0,76.0,0.519751
5005.0,77.0,0.527185
5005.0,78.0,0.494702
5005.0,79.0,0.500445
5005.0,80.0,0.512754
5005.0,81.0,0.418134
5005.0,82.0,0.447699
5005.0,83.0,0.440849
5005.0,84.0,0.469201
5005.0,85.0,0.506953
5005.0,86.0,0.545956
5005.0,87.0,0.526828
5005.0,88.0,0.51641
5005.0,89.0,0.445933
5005.0,90.0,0.46267
5005.0,91.0,0.455549
5005.0,92.0,0.550845
5005.0,93.0,0.564766
5005.0,94.0,0.476595
5005.0,95.0,0.411288
5005.0,96.0,0.468744
5005.0,97.0,0.494147
5005.0,98.0,0.47768
5005.0,99.0,0.416321
5005.0,100.0,0.456645
5005.0,101.0,0.506299
5005.0,102.0,0.546534
5005.0,103.0,0.557657
5005.0,104.0,0.510672
5005.0,105.0,0.48332
5005.0,106.0,0.487995
5005.0,107.0,0.533244
5005.0,108.0,0.535812
5005.0,109.0,0.486081
5005.0,110.0,0.47207
5005.0,111.0,0.561766
5005.0,112.0,0.512829
5005.0,113.0,0.542015
5005.0,114.0,0.516913
5005.0,115.0,0.588834
5005.0,116.0,0.459261
5005.0,117.0,0.501395
5005.0,118.0,0.495124
5005.0,119.0,0.513821
5005.0,120.0,0.480485
5005.0,121.0,0.510444
5005.0,122.0,0.463719
5005.0,123.0,0.512393
5005.0,124.0,0.512396
5005.0,125.0,0.454691
5005.0,126.0,0.517834
5006.0,0.0,0.506889
5006.0,1.0,0.559126
5006.0,2.0,0.566344
5006.0,3.0,0.508007
5006.0,4.0,0.499543
5006.0,5.0,0.537157
5006.0,6.0,0.525302
5006.0,7.0,0.552224
5006.0,8.0,0.502282
5006.0,9.0,0.560893
5006.0,10.0,0.584866
5006.0,11.0,0.49735
5006.0,12.0,0.535949
5006.0,13.0,0.499533
5006.0,14.0,0.514936
5006.0,15.0,0.468272
5006.0,16.0,0.531794
5006.0,17.0,0.542398
5006.0,18.0,0.507953
5006.0,19.0,0.493108
5006.0,20.0,0.528251
5006.0,21.0,0.550577
5006.0,22.0,0.464923
5006.0,23.0,0.502348
5006.0,24.0,0.487135
5006.0,25.0,0.518556
5006.0,26.0,0.452846
5006.0,27.0,0.467234
5006.0,28.0,0.526394
5006.0,29.0,0.505921
5006.0,30.0,0.522784
5006.0,31.0,0.524738
5006.0,32.0,0.474475
5006.0,33.0,0.495927
5006.0,34.0,0.46432
5006.0,35.0,0.512419
5006.0,36.0,0.505779
5006.0,37.0,0.529498
5006.0,38.0,0.466791
5006.0,39.0,0.534545
5006.0,40.0,0.479374
5006.0,41.0,0.508726
5006.0,42.0,0.489996
5006.0,43.0,0.481075
5006.0,44.0,0.543696
5006.0,45.0,0.466966
5006.0,46.0,0.532661
5006.0,47.0,0.496297
5006.0,48.0,0.476248
5006.0,49.0,0.490498
5006.0,50.0,0.653592
5006.0,51.0,0.456466
5006.0,52.0,0.487814
5006.0,53.0,0.539648
5006.0,54.0,0.446761
5006.0,55.0,0.519796
5006.0,56.0,0.526641
5006.0,57.0,0.481252
5006.0,58.0,0.509145
5006.0,59.0,0.5315
5006.0,60.0,0.507072
5006.0,61.0,0.512159
5006.0,62.0,0.510089
5006.0,63.0,0.530554
5006.0,64.0,0.597314
5006.0,65.0,0.462772
5006.0,66.0,0.495401
5006.0,67.0,0.562886
5006.0,68.0,0.436361
5006.0,69.0,0.538741
5006.0,70.0,0.548013
5006.0,71.0,0.499443
5006.0,72.0,0.536344
5006.0,73.0,0.496857
5006.0,74.0,0.430504
5006.0,75.0,0.523021
5006.0,76.0,0.5193
5006.0,77.0,0.527762
5006.0,78.0,0.493978
5006.0,79.0,0.500235
5006.0,80.0,0.512954
5006.0,81.0,0.417537
5006.0,82.0,0.447
5006.0,83.0,0.441675
5006.0,84.0,0.468772
5006.0,85.0,0.507923
5006.0,86.0,0.545443
5006.0,87.0,0.527607
5006.0,88.0,0.517162
5006.0,89.0,0.44572
5006.0,90.0,0.462467
5006.0,91.0,0.455532
5006.0,92.0,0.551375
5006.0,93.0,0.563765
5006.0,94.0,0.476547
5006.0,95.0,0.411975
5006.0,96.0,0.469134
5006.0,97.0,0.494706
5006.0,98.0,0.477778
5006.0,99.0,0.415389
5006.0,100.0,0.456226
5006.0,101.0,0.505884
5006.0,102.0,0.546334
5006.0,103.0,0.557723
5006.0,104.0,0.510309
5006.0,105.0,0.483261
5006.0,106.0,0.488224
5006.0,107.0,0.534165
5006.0,108.0,0.535571
5006.0,109.0,0.485827
5006.0,110.0,0.472493
5006.0,111.0,0.561824
5006.0,112.0,0.513269
5006.0,113.0,0.541354
5006.0,114.0,0.516817
5006.0,115.0,0.589223
5006.0,116.0,0.459632
5006.0,117.0,0.500721
5006.0,118.0,0.495172
5006.0,119.0,0.513947
5006.0,120.0,0.481009
5006.0,121.0,0.511028
5006.0,122.0,0.463117
5006.0,123.0,0.513152
5006.0,124.0,0.511773
5006.0,125.0,0.454957
5006.0,126.0,0.51732
5007.0,0.0,0.507119
5007.0,1.0,0.5589
5007.0,2.0,0.566558
5007.0,3.0,0.508009
5007.0,4.0,0.499419
5007.0,5.0,0.537158
5007.0,6.0,0.524939
5007.0,7.0,0.552067
5007.0,8.0,0.502461
5007.0,9.0,0.561257
5007.0,10.0,0.585146
5007.0,11.0,0.498016
5007.0,12.0,0.535564
5007.0,13.0,0.499505
5007.0,14.0,0.515474
5007.0,15.0,0.46803
5007.0,16.0,0.531264
5007.0,17.0,0.542903
5007.0,18.0,0.50838
5007.0,19.0,0.493235
5007.0,20.0,0.528838
5007.0,21.0,0.550763
5007.0,22.0,0.465408
5007.0,23.0,0.502172
5007.0,24.0,0.486498
5007.0,25.0,0.51853
5007.0,26.0,0.453163
5007.0,27.0,0.467693
5007.0,28.0,0.526177
5007.0,29.0,0.506322
5007.0,30.0,0.522979
5007.0,31.0,0.524126
5007.0,32.0,0.474384
5007.0,33.0,0.49659
5007.0,34.0,0.464624
5007.0,35.0,0.513868
5007.0,36.0,0.506322
5007.0,37.0,0.528854
5007.0,38.0,0.466121
5007.0,39.0,0.533811
5007.0,40.0,0.479392
5007.0,41.0,0.50845
5007.0,42.0,0.490165
5007.0,43.0,0.481324
5007.0,44.0,0.543285
5007.0,45.0,0.466898
5007.0,46.0,0.533022
5007.0,47.0,0.49698
5007.0,48.0,0.476046
5007.0,49.0,0.490176
5007.0,50.0,0.654118
5007.0,51.0,0.455574
5007.0,52.0,0.487996
5007.0,53.0,0.53979
5007.0,54.0,0.446429
5007.0,55.0,0.520129
5007.0,56.0,0.527057
5007.0,57.0,0.481093
5007.0,58.0,0.50925
5007.0,59.0,0.531799
5007.0,60.0,0.507351
5007.0,61.0,0.512149
5007.0,62.0,0.509944
5007.0,63.0,0.53051
5007.0,64.0,0.597174
5007.0,65.0,0.463887
5007.0,66.0,0.496264
5007.0,67.0,0.563196
5007.0,68.0,0.436367
5007.0,69.0,0.538148
5007.0,70.0,0.547609
5007.0,71.0,0.498891
5007.0,72.0,0.536387
5007.0,73.0,0.496968
5007.0,74.0,0.429732
5007.0,75.0,0.52329
5007.0,76.0,0.520143
5007.0,77.0,0.527425
5007.0,78.0,0.49379
5007.0,79.0,0.500151
5007.0,80.0,0.513641
5007.0,81.0,0.416801
5007.0,82.0,0.447001
5007.0,83.0,0.442337
5007.0,84.0,0.468667
5007.0,85.0,0.508862
5007.0,86.0,0.545041
5007.0,87.0,0.527407
5007.0,88.0,0.516977
5007.0,89.0,0.446169
5007.0,90.0,0.463328
5007.0,91.0,0.456052
5007.0,92.0,0.552556
5007.0,93.0,0.563359
5007.0,94.0,0.476576
5007.0,95.0,0.412267
5007.0,96.0,0.469222
5007.0,97.0,0.495016
5007.0,98.0,0.477728
5007.0,99.0,0.41544
5007.0,100.0,0.456021
5007.0,101.0,0.505882
5007.0,102.0,0.546263
5007.0,103.0,0.557539
5007.0,104.0,0.510901
5007.0,105.0,0.483692
5007.0,106.0,0.488252
5007.0,107.0,0.534639
5007.0,108.0,0.535436
5007.0,109.0,0.485603
5007.0,110.0,0.471551
5007.0,111.0,0.5614
5007.0,112.0,0.513427
5007.0,113.0,0.541173
5007.0,114.0,0.517324
5007.0,115.0,0.588609
5007.0,116.0,0.459892
5007.0,117.0,0.500825
5007.0,118.0,0.494456
5007.0,119.0,0.513741
5007.0,120.0,0.480739
5007.0,121.0,0.510312
5007.0,122.0,0.462597
5007.0,123.0,0.514013
5007.0,124.0,0.511789
5007.0,125.0,0.455418
5007.0,126.0,0.517156
5008.0,0.0,0.507081
5008.0,1.0,0.559421
5008.0,2.0,0.566783
5008.0,3.0,0.507182
5008.0,4.0,0.499656
5008.0,5.0,0.53771
5008.0,6.0,0.524829
5008.0,7.0,0.552359
5008.0,8.0,0.503345
5008.0,9.0,0.560965
5008.0,10.0,0.584163
5008.0,11.0,0.498495
5008.0,12.0,0.535234
5008.0,13.0,0.499947
5008.0,14.0,0.515765
5008.0,15.0,0.469106
5008.0,16.0,0.531106
5008.0,17.0,0.543294
5008.0,18.0,0.50805
5008.0,19.0,0.492857
5008.0,20.0,0.527917
5008.0,21.0,0.550937
5008.0,22.0,0.465312
5008.0,23.0,0.502604
5008.0,24.0,0.486295
5008.0,25.0,0.51868
5008.0,26.0,0.452411
5008.0,27.0,0.46833
5008.0,28.0,0.526487
5008.0,29.0,0.506411
5008.0,30.0,0.523212
5008.0,31.0,0.524293
5008.0,32.0,0.474702
5008.0,33.0,0.495992
5008.0,34.0,0.46497
5008.0,35.0,0.51427
5008.0,36.0,0.506364
5008.0,37.0,0.529041
5008.0,38.0,0.466076
5008.0,39.0,0.533114
5008.0,40.0,0.478656
5008.0,41.0,0.507833
5008.0,42.0,0.489638
5008.0,43.0,0.481429
5008.0,44.0,0.542126
5008.0,45.0,0.467687
5008.0,46.0,0.532051
5008.0,47.0,0.495905
5008.0,48.0,0.47526
5008.0,49.0,0.490587
5008.0,50.0,0.654177
5008.0,51.0,0.455334
5008.0,52.0,0.488073
5008.0,53.0,0.539346
5008.0,54.0,0.445692
5008.0,55.0,0.520686
5008.0,56.0,0.527321
5008.0,57.0,0.481432
5008.0,58.0,0.508514
5008.0,59.0,0.53163
5008.0,60.0,0.5074
5008.0,61.0,0.511913
5008.0,62.0,0.510795
5008.0,63.0,0.531306
5008.0,64.0,0.596596
5008.0,65.0,0.463442
5008.0,66.0,0.495728
5008.0,67.0,0.563554
5008.0,68.0,0.436049
5008.0,69.0,0.538054
5008.0,70.0,0.548041
5008.0,71.0,0.498676
5008.0,72.0,0.535961
5008.0,73.0,0.496947
5008.0,74.0,0.429116
5008.0,75.0,0.524534
5008.0,76.0,0.520843
5008.0,77.0,0.527065
5008.0,78.0,0.49314
5008.0,79.0,0.500886
5008.0,80.0,0.513795
5008.0,81.0,0.416478
5008.0,82.0,0.447399
5008.0,83.0,0.442353
5008.0,84.0,0.469499
5008.0,85.0,0.508405
5008.0,86.0,0.546122
5008.0,87.0,0.526708
5008.0,88.0,0.518058
5008.0,89.0,0.446605
5008.0,90.0,0.462144
5008.0,91.0,0.456751
5008.0,92.0,0.552579
5008.0,93.0,0.56322
5008.0,94.0,0.477197
5008.0,95.0,0.411981
5008.0,96.0,0.469956
5008.0,97.0,0.494678
5008.0,98.0,0.477806
5008.0,99.0,0.415928
5008.0,100.0,0.455773
5008.0,101.0,0.506211
5008.0,102.0,0.544917
5008.0,103.0,0.557636
5008.0,104.0,0.510996
5008.0,105.0,0.484459
5008.0,106.0,0.488226
5008.0,107.0,0.534748
5008.0,108.0,0.535479
5008.0,109.0,0.485922
5008.0,110.0,0.471405
5008.0,111.0,0.560693
5008.0,112.0,0.513132
5008.0,113.0,0.541628
5008.0,114.0,0.516466
5008.0,115.0,0.588122
5008.0,116.0,0.460006
5008.0,117.0,0.500826
5008.0,118.0,0.494354
5008.0,119.0,0.512919
5008.0,120.0,0.480209
5008.0,121.0,0.510817
5008.0,122.0,0.462375
5008.0,123.0,0.514958
5008.0,124.0,0.511022
5008.0,125.0,0.45576
5008.0,126.0,0.516526
5009.0,0.0,0.507009
5009.0,1.0,0.559085
5009.0,2.0,0.566965
5009.0,3.0,0.506858
5009.0,4.0,0.500387
5009.0,5.0,0.53827
5009.0,6.0,0.524574
5009.0,7.0,0.553096
5009.0,8.0,0.503935
5009.0,9.0,0.560183
5009.0,10.0,0.584168
5009.0,11.0,0.498678
5009.0,12.0,0.534152
5009.0,13.0,0.500949
5009.0,14.0,0.515752
5009.0,15.0,0.469445
5009.0,16.0,0.53084
5009.0,17.0,0.543272
5009.0,18.0,0.508303
5009.0,19.0,0.492412
5009.0,20.0,0.526928
5009.0,21.0,0.551208
5009.0,22.0,0.46575
5009.0,23.0,0.503876
5009.0,24.0,0.486043
5009.0,25.0,0.519247
5009.0,26.0,0.452575
5009.0,27.0,0.467634
5009.0,28.0,0.526748
5009.0,29.0,0.507062
5009.0,30.0,0.522408
5009.0,31.0,0.52494
5009.0,32.0,0.474191
5009.0,33.0,0.49632
5009.0,34.0,0.464511
5009.0,35.0,0.51439
5009.0,36.0,0.507075
5009.0,37.0,0.529121
5009.0,38.0,0.467347
5009.0,39.0,0.533146
5009.0,40.0,0.478843
5009.0,41.0,0.508323
5009.0,42.0,0.489429
5009.0,43.0,0.48119
5009.0,44.0,0.542089
5009.0,45.0,0.467584
5009.0,46.0,0.531613
5009.0,47.0,0.495771
5009.0,48.0,0.475437
5009.0,49.0,0.490693
5009.0,50.0,0.654565
5009.0,51.0,0.455484
5009.0,52.0,0.487423
5009.0,53.0,0.539802
5009.0,54.0,0.445617
5009.0,55.0,0.521559
5009.0,56.0,0.527305
5009.0,57.0,0.480599
5009.0,58.0,0.509484
5009.0,59.0,0.531983
5009.0,60.0,0.506529
5009.0,61.0,0.512182
5009.0,62.0,0.510247
5009.0,63.0,0.531308
5009.0,64.0,0.596216
5009.0,65.0,0.4631
5009.0,66.0,0.496294
5009.0,67.0,0.563525
5009.0,68.0,0.436111
5009.0,69.0,0.538815
5009.0,70.0,0.548384
5009.0,71.0,0.498792
5009.0,72.0,0.535729
5009.0,73.0,0.497257
5009.0,74.0,0.429588
5009.0,75.0,0.523944
5009.0,76.0,0.521034
5009.0,77.0,0.526802
5009.0,78.0,0.493225
5009.0,79.0,0.50104
5009.0,80.0,0.513471
5009.0,81.0,0.416672
5009.0,82.0,0.447366
5009.0,83.0,0.442206
5009.0,84.0,0.469242
5009.0,85.0,0.508421
5009.0,86.0,0.546323
5009.0,87.0,0.527627
5009.0,88.0,0.518661
5009.0,89.0,0.446423
5009.0,90.0,0.462462
5009.0,91.0,0.456846
5009.0,92.0,0.553034
5009.0,93.0,0.562762
5009.0,94.0,0.476668
5009.0,95.0,0.41246
5009.0,96.0,0.469546
5009.0,97.0,0.494645
5009.0,98.0,0.477767
5009.0,99.0,0.415367
5009.0,100.0,0.45591
5009.0,101.0,0.506267
5009.0,102.0,0.544981
5009.0,103.0,0.556894
5009.0,104.0,0.511685
5009.0,105.0,0.485
5009.0,106.0,0.489249
5009.0,107.0,0.533806
5009.0,108.0,0.535736
5009.0,109.0,0.486091
5009.0,110.0,0.470864
5009.0,111.0,0.560555
5009.0,112.0,0.514634
5009.0,113.0,0.541072
5009.0,114.0,0.516462
5009.0,115.0,0.587444
5009.0,116.0,0.460344
5009.0,117.0,0.500975
5009.0,118.0,0.494305
5009.0,119.0,0.512927
5009.0,120.0,0.480665
5009.0,121.0,0.510084
5009.0,122.0,0.461728
5009.0,123.0,0.514763
5009.0,124.0,0.512375
5009.0,125.0,0.456149
5009.0,126.0,0.51626
5010.0,0.0,0.506142
5010.0,1.0,0.559092
5010.0,2.0,0.567193
5010.0,3.0,0.50763
5010.0,4.0,0.500435
5010.0,5.0,0.538874
5010.0,6.0,0.524348
5010.0,7.0,0.553174
5010.0,8.0,0.503446
5010.0,9.0,0.560083
5010.0,10.0,0.584655
5010.0,11.0,0.49831
5010.0,12.0,0.533703
5010.0,13.0,0.50059
5010.0,14.0,0.516337
5010.0,15.0,0.469254
5010.0,16.0,0.530288
5010.0,17.0,0.543538
5010.0,18.0,0.507972
5010.0,19.0,0.492906
5010.0,20.0,0.526575
5010.0,21.0,0.551514
5010.0,22.0,0.466533
5010.0,23.0,0.504933
5010.0,24.0,0.485367
5010.0,25.0,0.519614
5010.0,26.0,0.452851
5010.0,27.0,0.468442
5010.0,28.0,0.527342
5010.0,29.0,0.507436
5010.0,30.0,0.522734
5010.0,31.0,0.52567
5010.0,32.0,0.4736
5010.0,33.0,0.496415
5010.0,34.0,0.465063
5010.0,35.0,0.51558
5010.0,36.0,0.507366
5010.0,37.0,0.529213
5010.0,38.0,0.466711
5010.0,39.0,0.534461
5010.0,40.0,0.479089
5010.0,41.0,0.508138
5010.0,42.0,0.48974
5010.0,43.0,0.480865
5010.0,44.0,0.542737
5010.0,45.0,0.467857
5010.0,46.0,0.531499
5010.0,47.0,0.495622
5010.0,48.0,0.475478
5010.0,49.0,0.491195
5010.0,50.0,0.654598
5010.0,51.0,0.456132
5010.0,52.0,0.487849
5010.0,53.0,0.539542
5010.0,54.0,0.446266
5010.0,55.0,0.521279
5010.0,56.0,0.526705
5010.0,57.0,0.481411
5010.0,58.0,0.509819
5010.0,59.0,0.532757
5010.0,60.0,0.506575
5010.0,61.0,0.512781
5010.0,62.0,0.509624
5010.0,63.0,0.530801
5010.0,64.0,0.596722
5010.0,65.0,0.462864
5010.0,66.0,0.496049
5010.0,67.0,0.562485
5010.0,68.0,0.436149
5010.0,69.0,0.538725
5010.0,70.0,0.548504
5010.0,71.0,0.498773
5010.0,72.0,0.535536
5010.0,73.0,0.498083
5010.0,74.0,0.429378
5010.0,75.0,0.523779
5010.0,76.0,0.521883
5010.0,77.0,0.527133
5010.0,78.0,0.493618
5010.0,79.0,0.500884
5010.0,80.0,0.513977
5010.0,81.0,0.41613
5010.0,82.0,0.447455
5010.0,83.0,0.442084
5010.0,84.0,0.468844
5010.0,85.0,0.508462
5010.0,86.0,0.546472
5010.0,87.0,0.528244
5010.0,88.0,0.518223
5010.0,89.0,0.446759
5010.0,90.0,0.46183
5010.0,91.0,0.456846
5010.0,92.0,0.553171
5010.0,93.0,0.56255
5010.0,94.0,0.476483
5010.0,95.0,0.41213
5010.0,96.0,0.46953
5010.0,97.0,0.494732
5010.0,98.0,0.478847
5010.0,99.0,0.415288
5010.0,100.0,0.455501
5010.0,101.0,0.506819
5010.0,102.0,0.545037
5010.0,103.0,0.556879
5010.0,104.0,0.511385
5010.0,105.0,0.484914
5010.0,106.0,0.489458
5010.0,107.0,0.534345
5010.0,108.0,0.535838
5010.0,109.0,0.486717
5010.0,110.0,0.469985
5010.0,111.0,0.561001
5010.0,112.0,0.514021
5010.0,113.0,0.540235
5010.0,114.0,0.516057
5010.0,115.0,0.587707
5010.0,116.0,0.459851
5010.0,117.0,0.500107
5010.0,118.0,0.495781
5010.0,119.0,0.512328
5010.0,120.0,0.481161
5010.0,121.0,0.509216
5010.0,122.0,0.462203
5010.0,123.0,0.515253
5010.0,124.0,0.511737
5010.0,125.0,0.456052
5010.0,126.0,0.515946
6000.0,0.0,0.480209
6000.0,1.0,0.533835
6000.0,2.0,0.569418
6000.0,3.0,0.493172
6000.0,4.0,0.514955
6000.0,5.0,0.547737
6000.0,6.0,0.559807
6000.0,7.0,0.562248
6000.0,8.0,0.516139
6000.0,9.0,0.563747
6000.0,10.0,0.567012
6000.0,11.0,0.511063
6000.0,12.0,0.52501
6000.0,13.0,0.494252
6000.0,14.0,0.515168
6000.0,15.0,0.481824
6000.0,16.0,0.53989
6000.0,17.0,0.545873
6000.0,18.0,0.51763
6000.0,19.0,0.505081
6000.0,20.0,0.543421
6000.0,21.0,0.549749
6000.0,22.0,0.460057
6000.0,23.0,0.506025
6000.0,24.0,0.48766
6000.0,25.0,0.549882
6000.0,26.0,0.458352
6000.0,27.0,0.47287
6000.0,28.0,0.519153
6000.0,29.0,0.480898
6000.0,30.0,0.518818
6000.0,31.0,0.494924
6000.0,32.0,0.466855
6000.0,33.0,0.488418
6000.0,34.0,0.498132
6000.0,35.0,0.520088
6000.0,36.0,0.519139
6000.0,37.0,0.51959
6000.0,38.0,0.464787
6000.0,39.0,0.532703
6000.0,40.0,0.48787
6000.0,41.0,0.481035
6000.0,42.0,0.474929
6000.0,43.0,0.492333
6000.0,44.0,0.559731
6000.0,45.0,0.460603
6000.0,46.0,0.534508
6000.0,47.0,0.504692
6000.0,48.0,0.480562
6000.0,49.0,0.509704
6000.0,50.0,0.650968
6000.0,51.0,0.471174
6000.0,52.0,0.515813
6000.0,53.0,0.558121
6000.0,54.0,0.470059
6000.0,55.0,0.532458
6000.0,56.0,0.51922
6000.0,57.0,0.460453
6000.0,58.0,0.518294
6000.0,59.0,0.56404
6000.0,60.0,0.509675
6000.0,61.0,0.506969
6000.0,62.0,0.52658
6000.0,63.0,0.525368
6000.0,64.0,0.591097
6000.0,65.0,0.474462
6000.0,66.0,0.49738
6000.0,67.0,0.575381
6000.0,68.0,0.457943
6000.0,69.0,0.518956
6000.0,70.0,0.558102
6000.0,71.0,0.489571
6000.0,72.0,0.539201
6000.0,73.0,0.489521
6000.0,74.0,0.419299
6000.0,75.0,0.509172
6000.0,76.0,0.520107
6000.0,77.0,0.520619
6000.0,78.0,0.470223
6000.0,79.0,0.508974
6000.0,80.0,0.509873
6000.0,81.0,0.40692
6000.0,82.0,0.455038
6000.0,83.0,0.43892
6000.0,84.0,0.483896
6000.0,85.0,0.502763
6000.0,86.0,0.542358
6000.0,87.0,0.531843
6000.0,88.0,0.504893
6000.0,89.0,0.435458
6000.0,90.0,0.470903
6000.0,91.0,0.465503
6000.0,92.0,0.566823
6000.0,93.0,0.549955
6000.0,94.0,0.483934
6000.0,95.0,0.416484
6000.0,96.0,0.440425
6000.0,97.0,0.476679
6000.0,98.0,0.447572
6000.0,99.0,0.416114
6000.0,100.0,0.439577
6000.0,101.0,0.515084
6000.0,102.0,0.557238
6000.0,103.0,0.544123
6000.0,104.0,0.477511
6000.0,105.0,0.483316
6000.0,106.0,0.488541
6000.0,107.0,0.549186
6000.0,108.0,0.507615
6000.0,109.0,0.479059
6000.0,110.0,0.484974
6000.0,111.0,0.548148
6000.0,112.0,0.510497
6000.0,113.0,0.539165
6000.0,114.0,0.53187
6000.0,115.0,0.553885
6000.0,116.0,0.463301
6000.0,117.0,0.520329
6000.0,118.0,0.479421
6000.0,119.0,0.526447
6000.0,120.0,0.467975
6000.0,121.0,0.529544
6000.0,122.0,0.457114
6000.0,123.0,0.497564
6000.0,124.0,0.541259
6000.0,125.0,0.453787
6000.0,126.0,0.518914
6001.0,0.0,0.480527
6001.0,1.0,0.533514
6001.0,2.0,0.569773
6001.0,3.0,0.493177
6001.0,4.0,0.514397
6001.0,5.0,0.547987
6001.0,6.0,0.560259
6001.0,7.0,0.562075
6001.0,8.0,0.516105
6001.0,9.0,0.563659
6001.0,10.0,0.567588
6001.0,11.0,0.511052
6001.0,12.0,0.524754
6001.0,13.0,0.494183
6001.0,14.0,0.514787
6001.0,15.0,0.481465
6001.0,16.0,0.539786
6001.0,17.0,0.545324
6001.0,18.0,0.518435
6001.0,19.0,0.505427
6001.0,20.0,0.543192
6001.0,21.0,0.549555
6001.0,22.0,0.459656
6001.0,23.0,0.506534
6001.0,24.0,0.487464
6001.0,25.0,0.549619
6001.0,26.0,0.459024
6001.0,27.0,0.47267
6001.0,28.0,0.519571
6001.0,29.0,0.480728
6001.0,30.0,0.518632
6001.0,31.0,0.494327
6001.0,32.0,0.466849
6001.0,33.0,0.489714
6001.0,34.0,0.4983
6001.0,35.0,0.519978
6001.0,36.0,0.518715
6001.0,37.0,0.518773
6001.0,38.0,0.46486
6001.0,39.0,0.532316
6001.0,40.0,0.488773
6001.0,41.0,0.481383
6001.0,42.0,0.475519
6001.0,43.0,0.492555
6001.0,44.0,0.559559
6001.0,45.0,0.461185
6001.0,46.0,0.534086
6001.0,47.0,0.503927
6001.0,48.0,0.480998
6001.0,49.0,0.509503
6001.0,50.0,0.651665
6001.0,51.0,0.470951
6001.0,52.0,0.515935
6001.0,53.0,0.55914
6001.0,54.0,0.470714
6001.0,55.0,0.531635
6001.0,56.0,0.520139
6001.0,57.0,0.460612
6001.0,58.0,0.518873
6001.0,59.0,0.563292
6001.0,60.0,0.509331
6001.0,61.0,0.507815
6001.0,62.0,0.527441
6001.0,63.0,0.525058
6001.0,64.0,0.591235
6001.0,65.0,0.47405
6001.0,66.0,0.497133
6001.0,67.0,0.575324
6001.0,68.0,0.457859
6001.0,69.0,0.519472
6001.0,70.0,0.55781
6001.0,71.0,0.489834
6001.0,72.0,0.538269
6001.0,73.0,0.488711
6001.0,74.0,0.419432
6001.0,75.0,0.509115
6001.0,76.0,0.519622
6001.0,77.0,0.520392
6001.0,78.0,0.471116
6001.0,79.0,0.50854
6001.0,80.0,0.509102
6001.0,81.0,0.406869
6001.0,82.0,0.455026
6001.0,83.0,0.438551
6001.0,84.0,0.483845
6001.0,85.0,0.50238
6001.0,86.0,0.542269
6001.0,87.0,0.532147
6001.0,88.0,0.504414
6001.0,89.0,0.435195
6001.0,90.0,0.470356
6001.0,91.0,0.465459
6001.0,92.0,0.566785
6001.0,93.0,0.550669
6001.0,94.0,0.483603
6001.0,95.0,0.417239
6001.0,96.0,0.440059
6001.0,97.0,0.477791
6001.0,98.0,0.447911
6001.0,99.0,0.416739
6001.0,100.0,0.440268
6001.0,101.0,0.515369
6001.0,102.0,0.5566
6001.0,103.0,0.544455
6001.0,104.0,0.47657
6001.0,105.0,0.483966
6001.0,106.0,0.488737
6001.0,107.0,0.549449
6001.0,108.0,0.507605
6001.0,109.0,0.479005
6001.0,110.0,0.48586
6001.0,111.0,0.547926
6001.0,112.0,0.51021
6001.0,113.0,0.538945
6001.0,114.0,0.53237
6001.0,115.0,0.553842
6001.0,116.0,0.464108
6001.0,117.0,0.520798
6001.0,118.0,0.479108
6001.0,119.0,0.525914
6001.0,120.0,0.467011
6001.0,121.0,0.530107
6001.0,122.0,0.457061
6001.0,123.0,0.497361
6001.0,124.0,0.541475
6001.0,125.0,0.453275
6001.0,126.0,0.518566
6002.0,0.0,0.480452
6002.0,1.0,0.533497
6002.0,2.0,0.569921
6002.0,3.0,0.492676
6002.0,4.0,0.514361
6002.0,5.0,0.54874
6002.0,6.0,0.559381
6002.0,7.0,0.561616
6002.0,8.0,0.516435
6002.0,9.0,0.5645
6002.0,10.0,0.567696
6002.0,11.0,0.511887
6002.0,12.0,0.52527
6002.0,13.0,0.494688
6002.0,14.0,0.515116
6002.0,15.0,0.48192
6002.0,16.0,0.53923
6002.0,17.0,0.546158
6002.0,18.0,0.518193
6002.0,19.0,0.505942
6002.0,20.0,0.542612
6002.0,21.0,0.549689
6002.0,22.0,0.458911
6002.0,23.0,0.50688
6002.0,24.0,0.487777
6002.0,25.0,0.549228
6002.0,26.0,0.459215
6002.0,27.0,0.471909
6002.0,28.0,0.519207
6002.0,29.0,0.480063
6002.0,30.0,0.518803
6002.0,31.0,0.494295
6002.0,32.0,0.467363
6002.0,33.0,0.490211
6002.0,34.0,0.498762
6002.0,35.0,0.519548
6002.0,36.0,0.519411
6002.0,37.0,0.518647
6002.0,38.0,0.464326
6002.0,39.0,0.531952
6002.0,40.0,0.489215
6002.0,41.0,0.48159
6002.0,42.0,0.475189
6002.0,43.0,0.492721
6002.0,44.0,0.558745
6002.0,45.0,0.46084
6002.0,46.0,0.535431
6002.0,47.0,0.504376
6002.0,48.0,0.480704
6002.0,49.0,0.509628
6002.0,50.0,0.65092
6002.0,51.0,0.47091
6002.0,52.0,0.515954
6002.0,53.0,0.560382
6002.0,54.0,0.470674
6002.0,55.0,0.531704
6002.0,56.0,0.520408
6002.0,57.0,0.460286
6002.0,58.0,0.519233
6002.0,59.0,0.562595
6002.0,60.0,0.509694
6002.0,61.0,0.507726
6002.0,62.0,0.527968
6002.0,63.0,0.524497
6002.0,64.0,0.590628
6002.0,65.0,0.473893
6002.0,66.0,0.496946
6002.0,67.0,0.575184
6002.0,68.0,0.458531
6002.0,69.0,0.520514
6002.0,70.0,0.557902
6002.0,71.0,0.489433
6002.0,72.0,0.537452
6002.0,73.0,0.488251
6002.0,74.0,0.419787
6002.0,75.0,0.509879
6002.0,76.0,0.519952
6002.0,77.0,0.521126
6002.0,78.0,0.471321
6002.0,79.0,0.50962
6002.0,80.0,0.509962
6002.0,81.0,0.406707
6002.0,82.0,0.455897
6002.0,83.0,0.439199
6002.0,84.0,0.483399
6002.0,85.0,0.501542
6002.0,86.0,0.542149
6002.0,87.0,0.532326
6002.0,88.0,0.504699
6002.0,89.0,0.435622
6002.0,90.0,0.470195
6002.0,91.0,0.465628
6002.0,92.0,0.566936
6002.0,93.0,0.550529
6002.0,94.0,0.483978
6002.0,95.0,0.417367
6002.0,96.0,0.440348
6002.0,97.0,0.478583
6002.0,98.0,0.447481
6002.0,99.0,0.416441
6002.0,100.0,0.440922
6002.0,101.0,0.515639
6002.0,102.0,0.555793
6002.0,103.0,0.544583
6002.0,104.0,0.476657
6002.0,105.0,0.48421
6002.0,106.0,0.487492
6002.0,107.0,0.549546
6002.0,108.0,0.507702
6002.0,109.0,0.478863
6002.0,110.0,0.48625
6002.0,111.0,0.548705
6002.0,112.0,0.510464
6002.0,113.0,0.537973
6002.0,114.0,0.532738
6002.0,115.0,0.553441
6002.0,116.0,0.463853
6002.0,117.0,0.52097
6002.0,118.0,0.479238
6002.0,119.0,0.524991
6002.0,120.0,0.467495
6002.0,121.0,0.529893
6002.0,122.0,0.457703
6002.0,123.0,0.497848
6002.0,124.0,0.541631
6002.0,125.0,0.452603
6002.0,126.0,0.518493
6003.0,0.0,0.481097
6003.0,1.0,0.533007
6003.0,2.0,0.570181
6003.0,3.0,0.492427
6003.0,4.0,0.51426
6003.0,5.0,0.548416
6003.0,6.0,0.559934
6003.0,7.0,0.560838
6003.0,8.0,0.515843
6003.0,9.0,0.564993
6003.0,10.0,0.568228
6003.0,11.0,0.512677
6003.0,12.0,0.525621
6003.0,13.0,0.494374
6003.0,14.0,0.514493
6003.0,15.0,0.481145
6003.0,16.0,0.539004
6003.0,17.0,0.546758
6003.0,18.0,0.517985
6003.0,19.0,0.505906
6003.0,20.0,0.541839
6003.0,21.0,0.550636
6003.0,22.0,0.458464
6003.0,23.0,0.507803
6003.0,24.0,0.488044
6003.0,25.0,0.549451
6003.0,26.0,0.459588
6003.0,27.0,0.471279
6003.0,28.0,0.518372
6003.0,29.0,0.479405
6003.0,30.0,0.518666
6003.0,31.0,0.494258
6003.0,32.0,0.468506
6003.0,33.0,0.48989
6003.0,34.0,0.498532
6003.0,35.0,0.519182
6003.0,36.0,0.520164
6003.0,37.0,0.518681
6003.0,38.0,0.46441
6003.0,39.0,0.532446
6003.0,40.0,0.488858
6003.0,41.0,0.482139
6003.0,42.0,0.473842
6003.0,43.0,0.492987
6003.0,44.0,0.558208
6003.0,45.0,0.460264
6003.0,46.0,0.5365
6003.0,47.0,0.504462
6003.0,48.0,0.480427
6003.0,49.0,0.509069
6003.0,50.0,0.651225
6003.0,51.0,0.470316
6003.0,52.0,0.51506
6003.0,53.0,0.560456
6003.0,54.0,0.470171
6003.0,55.0,0.53117
6003.0,56.0,0.520278
6003.0,57.0,0.459635
6003.0,58.0,0.519388
6003.0,59.0,0.562605
6003.0,60.0,0.509472
6003.0,61.0,0.507968
6003.0,62.0,0.528268
6003.0,63.0,0.525502
6003.0,64.0,0.590864
6003.0,65.0,0.474262
6003.0,66.0,0.497556
6003.0,67.0,0.574791
6003.0,68.0,0.458615
6003.0,69.0,0.521035
6003.0,70.0,0.558016
6003.0,71.0,0.488519
6003.0,72.0,0.537382
6003.0,73.0,0.487943
6003.0,74.0,0.419891
6003.0,75.0,0.510057
6003.0,76.0,0.520313
6003.0,77.0,0.521537
6003.0,78.0,0.471022
6003.0,79.0,0.509419
6003.0,80.0,0.510021
6003.0,81.0,0.406317
6003.0,82.0,0.456067
6003.0,83.0,0.438733
6003.0,84.0,0.482639
6003.0,85.0,0.501278
6003.0,86.0,0.542427
6003.0,87.0,0.532394
6003.0,88.0,0.505464
6003.0,89.0,0.435835
6003.0,90.0,0.470136
6003.0,91.0,0.465234
6003.0,92.0,0.568918
6003.0,93.0,0.550644
6003.0,94.0,0.483701
6003.0,95.0,0.416926
6003.0,96.0,0.440396
6003.0,97.0,0.479034
6003.0,98.0,0.447611
6003.0,99.0,0.416698
6003.0,100.0,0.440996
6003.0,101.0,0.516321
6003.0,102.0,0.555651
6003.0,103.0,0.544215
6003.0,104.0,0.476388
6003.0,105.0,0.483483
6003.0,106.0,0.488726
6003.0,107.0,0.550413
6003.0,108.0,0.5069
6003.0,109.0,0.479067
6003.0,110.0,0.485823
6003.0,111.0,0.548943
6003.0,112.0,0.511213
6003.0,113.0,0.53859
6003.0,114.0,0.532267
6003.0,115.0,0.553478
6003.0,116.0,0.462993
6003.0,117.0,0.521186
6003.0,118.0,0.479127
6003.0,119.0,0.525776
6003.0,120.0,0.468155
6003.0,121.0,0.530501
6003.0,122.0,0.458253
6003.0,123.0,0.498125
6003.0,124.0,0.541557
6003.0,125.0,0.452923
6003.0,126.0,0.519186
6004.0,0.0,0.480856
6004.0,1.0,0.532702
6004.0,2.0,0.570828
6004.0,3.0,0.492974
6004.0,4.0,0.51463
6004.0,5.0,0.548222
6004.0,6.0,0.559093
6004.0,7.0,0.560986
6004.0,8.0,0.516354
6004.0,9.0,0.565177
6004.0,10.0,0.56795
6004.0,11.0,0.512328
6004.0,12.0,0.526315
6004.0,13.0,0.494448
6004.0,14.0,0.51402
6004.0,15.0,0.481092
6004.0,16.0,0.539586
6004.0,17.0,0.546525
6004.0,18.0,0.517673
6004.0,19.0,0.506283
6004.0,20.0,0.542067
6004.0,21.0,0.550104
6004.0,22.0,0.458761
6004.0,23.0,0.508341
6004.0,24.0,0.487187
6004.0,25.0,0.549066
6004.0,26.0,0.459244
6004.0,27.0,0.471446
6004.0,28.0,0.518337
6004.0,29.0,0.479355
6004.0,30.0,0.517729
6004.0,31.0,0.494346
6004.0,32.0,0.46861
6004.0,33.0,0.490303
6004.0,34.0,0.498007
6004.0,35.0,0.520003
6004.0,36.0,0.51951
6004.0,37.0,0.518237
6004.0,38.0,0.464413
6004.0,39.0,0.531486
6004.0,40.0,0.489571
6004.0,41.0,0.482862
6004.0,42.0,0.47302
6004.0,43.0,0.493053
6004.0,44.0,0.558157
6004.0,45.0,0.460179
6004.0,46.0,0.536176
6004.0,47.0,0.505251
6004.0,48.0,0.479945
6004.0,49.0,0.510006
6004.0,50.0,0.650644
6004.0,51.0,0.470356
6004.0,52.0,0.514997
6004.0,53.0,0.560509
6004.0,54.0,0.469959
6004.0,55.0,0.531157
6004.0,56.0,0.520233
6004.0,57.0,0.45987
6004.0,58.0,0.520503
6004.0,59.0,0.562676
6004.0,60.0,0.509206
6004.0,61.0,0.508417
6004.0,62.0,0.528694
6004.0,63.0,0.525536
6004.0,64.0,0.59111
6004.0,65.0,0.474
6004.0,66.0,0.497729
6004.0,67.0,0.575328
6004.0,68.0,0.458595
6004.0,69.0,0.520578
6004.0,70.0,0.558642
6004.0,71.0,0.489031
6004.0,72.0,0.537449
6004.0,73.0,0.487114
6004.0,74.0,0.420056
6004.0,75.0,0.510733
6004.0,76.0,0.520796
6004.0,77.0,0.521521
6004.0,78.0,0.470519
6004.0,79.0,0.510416
6004.0,80.0,0.509467
6004.0,81.0,0.406117
6004.0,82.0,0.455731
6004.0,83.0,0.438808
6004.0,84.0,0.482592
6004.0,85.0,0.501157
6004.0,86.0,0.54287
6004.0,87.0,0.532794
6004.0,88.0,0.505353
6004.0,89.0,0.435575
6004.0,90.0,0.470379
6004.0,91.0,0.464538
6004.0,92.0,0.568414
6004.0,93.0,0.550502
6004.0,94.0,0.482807
6004.0,95.0,0.417507
6004.0,96.0,0.439359
6004.0,97.0,0.47932
6004.0,98.0,0.448291
6004.0,99.0,0.416888
6004.0,100.0,0.440745
6004.0,101.0,0.516571
6004.0,102.0,0.555258
6004.0,103.0,0.543717
6004.0,104.0,0.476548
6004.0,105.0,0.483369
6004.0,106.0,0.488251
6004.0,107.0,0.550476
6004.0,108.0,0.508104
6004.0,109.0,0.479562
6004.0,110.0,0.486417
6004.0,111.0,0.548669
6004.0,112.0,0.511536
6004.0,113.0,0.538127
6004.0,114.0,0.532157
6004.0,115.0,0.552936
6004.0,116.0,0.462369
6004.0,117.0,0.520635
6004.0,118.0,0.478793
6004.0,119.0,0.525829
6004.0,120.0,0.468036
6004.0,121.0,0.530312
6004.0,122.0,0.457661
6004.0,123.0,0.498117
6004.0,124.0,0.542364
6004.0,125.0,0.452772
6004.0,126.0,0.518375
6005.0,0.0,0.480933
6005.0,1.0,0.533207
6005.0,2.0,0.570471
6005.0,3.0,0.493248
6005.0,4.0,0.515427
6005.0,5.0,0.548187
6005.0,6.0,0.558728
6005.0,7.0,0.561318
6005.0,8.0,0.515509
6005.0,9.0,0.566574
6005.0,10.0,0.567896
6005.0,11.0,0.512171
6005.0,12.0,0.52732
6005.0,13.0,0.494443
6005.0,14.0,0.514476
6005.0,15.0,0.480235
6005.0,16.0,0.538926
6005.0,17.0,0.546991
6005.0,18.0,0.517592
6005.0,19.0,0.506316
6005.0,20.0,0.542391
6005.0,21.0,0.549732
6005.0,22.0,0.459336
6005.0,23.0,0.507723
6005.0,24.0,0.486863
6005.0,25.0,0.54918
6005.0,26.0,0.459618
6005.0,27.0,0.470709
6005.0,28.0,0.518018
6005.0,29.0,0.479763
6005.0,30.0,0.51696
6005.0,31.0,0.494341
6005.0,32.0,0.46827
6005.0,33.0,0.490319
6005.0,34.0,0.498907
6005.0,35.0,0.520929
6005.0,36.0,0.51949
6005.0,37.0,0.518039
6005.0,38.0,0.464151
6005.0,39.0,0.5312
6005.0,40.0,0.489481
6005.0,41.0,0.482256
6005.0,42.0,0.473046
6005.0,43.0,0.493791
6005.0,44.0,0.558668
6005.0,45.0,0.459814
6005.0,46.0,0.536621
6005.0,47.0,0.505604
6005.0,48.0,0.479298
6005.0,49.0,0.509893
6005.0,50.0,0.650749
6005.0,51.0,0.469864
6005.0,52.0,0.514618
6005.0,53.0,0.560266
6005.0,54.0,0.470538
6005.0,55.0,0.531287
6005.0,56.0,0.518794
6005.0,57.0,0.459305
6005.0,58.0,0.519809
6005.0,59.0,0.562116
6005.0,60.0,0.508961
6005.0,61.0,0.508011
6005.0,62.0,0.527512
6005.0,63.0,0.526154
6005.0,64.0,0.590944
6005.0,65.0,0.474244
6005.0,66.0,0.497941
6005.0,67.0,0.574963
6005.0,68.0,0.459091
6005.0,69.0,0.52079
6005.0,70.0,0.559848
6005.0,71.0,0.489078
6005.0,72.0,0.538319
6005.0,73.0,0.4881
6005.0,74.0,0.419863
6005.0,75.0,0.510859
6005.0,76.0,0.520542
6005.0,77.0,0.52159
6005.0,78.0,0.470564
6005.0,79.0,0.510407
6005.0,80.0,0.510197
6005.0,81.0,0.406558
6005.0,82.0,0.454547
6005.0,83.0,0.439266
6005.0,84.0,0.482694
6005.0,85.0,0.500603
6005.0,86.0,0.543183
6005.0,87.0,0.533292
6005.0,88.0,0.505529
6005.0,89.0,0.435551
6005.0,90.0,0.469738
6005.0,91.0,0.463321
6005.0,92.0,0.567235
6005.0,93.0,0.55042
6005.0,94.0,0.48317
6005.0,95.0,0.417534
6005.0,96.0,0.439724
6005.0,97.0,0.479543
6005.0,98.0,0.448486
6005.0,99.0,0.417492
6005.0,100.0,0.440311
6005.0,101.0,0.517384
6005.0,102.0,0.555027
6005.0,103.0,0.54297
6005.0,104.0,0.477186
6005.0,105.0,0.4832
6005.0,106.0,0.487913
6005.0,107.0,0.551041
6005.0,108.0,0.50802
6005.0,109.0,0.480041
6005.0,110.0,0.486354
6005.0,111.0,0.547946
6005.0,112.0,0.510464
6005.0,113.0,0.538372
6005.0,114.0,0.531336
6005.0,115.0,0.552981
6005.0,116.0,0.461736
6005.0,117.0,0.520237
6005.0,118.0,0.478694
6005.0,119.0,0.525549
6005.0,120.0,0.467341
6005.0,121.0,0.530487
6005.0,122.0,0.458726
6005.0,123.0,0.498232
6005.0,124.0,0.542
6005.0,125.0,0.452893
6005.0,126.0,0.518391
6006.0,0.0,0.480856
6006.0,1.0,0.533446
6006.0,2.0,0.57
6006.0,3.0,0.492836
6006.0,4.0,0.514961
6006.0,5.0,0.548206
6006.0,6.0,0.557769
6006.0,7.0,0.560646
6006.0,8.0,0.515777
6006.0,9.0,0.566412
6006.0,10.0,0.567906
6006.0,11.0,0.511314
6006.0,12.0,0.527147
6006.0,13.0,0.493695
6006.0,14.0,0.514636
6006.0,15.0,0.48036
6006.0,16.0,0.538389
6006.0,17.0,0.547422
6006.0,18.0,0.51704
6006.0,19.0,0.506175
6006.0,20.0,0.542513
6006.0,21.0,0.550982
6006.0,22.0,0.459369
6006.0,23.0,0.507623
6006.0,24.0,0.48779
6006.0,25.0,0.549177
6006.0,26.0,0.459389
6006.0,27.0,0.470855
6006.0,28.0,0.517975
6006.0,29.0,0.479926
6006.0,30.0,0.516015
6006.0,31.0,0.494632
6006.0,32.0,0.467595
6006.0,33.0,0.489858
6006.0,34.0,0.499066
6006.0,35.0,0.520321
6006.0,36.0,0.519849
6006.0,37.0,0.517781
6006.0,38.0,0.465068
6006.0,39.0,0.531349
6006.0,40.0,0.490515
6006.0,41.0,0.481341
6006.0,42.0,0.473587
6006.0,43.0,0.493161
6006.0,44.0,0.55895
6006.0,45.0,0.460264
6006.0,46.0,0.536136
6006.0,47.0,0.505105
6006.0,48.0,0.479025
6006.0,49.0,0.510972
6006.0,50.0,0.650264
6006.0,51.0,0.470313
6006.0,52.0,0.515114
6006.0,53.0,0.559429
6006.0,54.0,0.470203
6006.0,55.0,0.532457
6006.0,56.0,0.518546
6006.0,57.0,0.459007
6006.0,58.0,0.519728
6006.0,59.0,0.562031
6006.0,60.0,0.509357
6006.0,61.0,0.507961
6006.0,62.0,0.527548
6006.0,63.0,0.526317
6006.0,64.0,0.591732
6006.0,65.0,0.474447
6006.0,66.0,0.49871
6006.0,67.0,0.574448
6006.0,68.0,0.457833
6006.0,69.0,0.520215
6006.0,70.0,0.559289
6006.0,71.0,0.489307
6006.0,72.0,0.538205
6006.0,73.0,0.488841
6006.0,74.0,0.42024
6006.0,75.0,0.510291
6006.0,76.0,0.520094
6006.0,77.0,0.522057
6006.0,78.0,0.470295
6006.0,79.0,0.510405
6006.0,80.0,0.510121
6006.0,81.0,0.406256
6006.0,82.0,0.454344
6006.0,83.0,0.438779
6006.0,84.0,0.482289
6006.0,85.0,0.50069
6006.0,86.0,0.543236
6006.0,87.0,0.533748
6006.0,88.0,0.505458
6006.0,89.0,0.435355
6006.0,90.0,0.469705
6006.0,91.0,0.463845
6006.0,92.0,0.567704
6006.0,93.0,0.550394
6006.0,94.0,0.483167
6006.0,95.0,0.418376
6006.0,96.0,0.439278
6006.0,97.0,0.479201
6006.0,98.0,0.448043
6006.0,99.0,0.417793
6006.0,100.0,0.440587
6006.0,101.0,0.517345
6006.0,102.0,0.555076
6006.0,103.0,0.543821
6006.0,104.0,0.477858
6006.0,105.0,0.482696
6006.0,106.0,0.488199
6006.0,107.0,0.550685
6006.0,108.0,0.507327
6006.0,109.0,0.478661
6006.0,110.0,0.486865
6006.0,111.0,0.548088
6006.0,112.0,0.510646
6006.0,113.0,0.537415
6006.0,114.0,0.530987
6006.0,115.0,0.554022
6006.0,116.0,0.462245
6006.0,117.0,0.52018
6006.0,118.0,0.478313
6006.0,119.0,0.525277
6006.0,120.0,0.466896
6006.0,121.0,0.530887
6006.0,122.0,0.459092
6006.0,123.0,0.498293
6006.0,124.0,0.542192
6006.0,125.0,0.453189
6006.0,126.0,0.518088
6007.0,0.0,0.480471
6007.0,1.0,0.534138
6007.0,2.0,0.570614
6007.0,3.0,0.492584
6007.0,4.0,0.515213
6007.0,5.0,0.54832
6007.0,6.0,0.557274
6007.0,7.0,0.560766
6007.0,8.0,0.51634
6007.0,9.0,0.566314
6007.0,10.0,0.567824
6007.0,11.0,0.5107
6007.0,12.0,0.526624
6007.0,13.0,0.493635
6007.0,14.0,0.514734
6007.0,15.0,0.480547
6007.0,16.0,0.539084
6007.0,17.0,0.548101
6007.0,18.0,0.517756
6007.0,19.0,0.505634
6007.0,20.0,0.542148
6007.0,21.0,0.551526
6007.0,22.0,0.458176
6007.0,23.0,0.507862
6007.0,24.0,0.487504
6007.0,25.0,0.54924
6007.0,26.0,0.459338
6007.0,27.0,0.470972
6007.0,28.0,0.516762
6007.0,29.0,0.478959
6007.0,30.0,0.516393
6007.0,31.0,0.495374
6007.0,32.0,0.46726
6007.0,33.0,0.489757
6007.0,34.0,0.499111
6007.0,35.0,0.519916
6007.0,36.0,0.520189
6007.0,37.0,0.51776
6007.0,38.0,0.465487
6007.0,39.0,0.53119
6007.0,40.0,0.491266
6007.0,41.0,0.481878
6007.0,42.0,0.4736
6007.0,43.0,0.492689
6007.0,44.0,0.558194
6007.0,45.0,0.460088
6007.0,46.0,0.535256
6007.0,47.0,0.505299
6007.0,48.0,0.479019
6007.0,49.0,0.510814
6007.0,50.0,0.650379
6007.0,51.0,0.470169
6007.0,52.0,0.514887
6007.0,53.0,0.559817
6007.0,54.0,0.469734
6007.0,55.0,0.531105
6007.0,56.0,0.518675
6007.0,57.0,0.459142
6007.0,58.0,0.520283
6007.0,59.0,0.56234
6007.0,60.0,0.509921
6007.0,61.0,0.50765
6007.0,62.0,0.527053
6007.0,63.0,0.525926
6007.0,64.0,0.591457
6007.0,65.0,0.47523
6007.0,66.0,0.498382
6007.0,67.0,0.574311
6007.0,68.0,0.457766
6007.0,69.0,0.520513
6007.0,70.0,0.559469
6007.0,71.0,0.489431
6007.0,72.0,0.538003
6007.0,73.0,0.489019
6007.0,74.0,0.420164
6007.0,75.0,0.510405
6007.0,76.0,0.519718
6007.0,77.0,0.521328
6007.0,78.0,0.470802
6007.0,79.0,0.510174
6007.0,80.0,0.509782
6007.0,81.0,0.40587
6007.0,82.0,0.454808
6007.0,83.0,0.438798
6007.0,84.0,0.482929
6007.0,85.0,0.500321
6007.0,86.0,0.542746
6007.0,87.0,0.534356
6007.0,88.0,0.505319
6007.0,89.0,0.436429
6007.0,90.0,0.469249
6007.0,91.0,0.46403
6007.0,92.0,0.566918
6007.0,93.0,0.550509
6007.0,94.0,0.483587
6007.0,95.0,0.419622
6007.0,96.0,0.439882
6007.0,97.0,0.479237
6007.0,98.0,0.448298
6007.0,99.0,0.417722
6007.0,100.0,0.440024
6007.0,101.0,0.517286
6007.0,102.0,0.554058
6007.0,103.0,0.543443
6007.0,104.0,0.477566
6007.0,105.0,0.482758
6007.0,106.0,0.488705
6007.0,107.0,0.550543
6007.0,108.0,0.50802
6007.0,109.0,0.479301
6007.0,110.0,0.486895
6007.0,111.0,0.547972
6007.0,112.0,0.510672
6007.0,113.0,0.537353
6007.0,114.0,0.530215
6007.0,115.0,0.554256
6007.0,116.0,0.463108
6007.0,117.0,0.52043
6007.0,118.0,0.478245
6007.0,119.0,0.525695
6007.0,120.0,0.466315
6007.0,121.0,0.531389
6007.0,122.0,0.459083
6007.0,123.0,0.498737
6007.0,124.0,0.54135
6007.0,125.0,0.453553
6007.0,126.0,0.518026
6008.0,0.0,0.480496
6008.0,1.0,0.534984
6008.0,2.0,0.570569
6008.0,3.0,0.491985
6008.0,4.0,0.515223
6008.0,5.0,0.548313
6008.0,6.0,0.557299
6008.0,7.0,0.560196
6008.0,8.0,0.516651
6008.0,9.0,0.566252
6008.0,10.0,0.568263
6008.0,11.0,0.510926
6008.0,12.0,0.52621
6008.0,13.0,0.493444
6008.0,14.0,0.515633
6008.0,15.0,0.481365
6008.0,16.0,0.538665
6008.0,17.0,0.548034
6008.0,18.0,0.518214
6008.0,19.0,0.505592
6008.0,20.0,0.542296
6008.0,21.0,0.550975
6008.0,22.0,0.45823
6008.0,23.0,0.507829
6008.0,24.0,0.488226
6008.0,25.0,0.548816
6008.0,26.0,0.459168
6008.0,27.0,0.469876
6008.0,28.0,0.517035
6008.0,29.0,0.479455
6008.0,30.0,0.516609
6008.0,31.0,0.495215
6008.0,32.0,0.466762
6008.0,33.0,0.489751
6008.0,34.0,0.498889
6008.0,35.0,0.520295
6008.0,36.0,0.52013
6008.0,37.0,0.517777
6008.0,38.0,0.465789
6008.0,39.0,0.530401
6008.0,40.0,0.491678
6008.0,41.0,0.481923
6008.0,42.0,0.473335
6008.0,43.0,0.492184
6008.0,44.0,0.55838
6008.0,45.0,0.460215
6008.0,46.0,0.535157
6008.0,47.0,0.506223
6008.0,48.0,0.477987
6008.0,49.0,0.511152
6008.0,50.0,0.650526
6008.0,51.0,0.470379
6008.0,52.0,0.515222
6008.0,53.0,0.559992
6008.0,54.0,0.469623
6008.0,55.0,0.531463
6008.0,56.0,0.517626
6008.0,57.0,0.459856
6008.0,58.0,0.520658
6008.0,59.0,0.562201
6008.0,60.0,0.50948
6008.0,61.0,0.507513
6008.0,62.0,0.526631
6008.0,63.0,0.525703
6008.0,64.0,0.591192
6008.0,65.0,0.4752
6008.0,66.0,0.498845
6008.0,67.0,0.574098
6008.0,68.0,0.457588
6008.0,69.0,0.520631
6008.0,70.0,0.559575
6008.0,71.0,0.48967
6008.0,72.0,0.538092
6008.0,73.0,0.488775
6008.0,74.0,0.420664
6008.0,75.0,0.510348
6008.0,76.0,0.519587
6008.0,77.0,0.521654
6008.0,78.0,0.46992
6008.0,79.0,0.509603
6008.0,80.0,0.510676
6008.0,81.0,0.406425
6008.0,82.0,0.45482
6008.0,83.0,0.438484
6008.0,84.0,0.482129
6008.0,85.0,0.500888
6008.0,86.0,0.543216
6008.0,87.0,0.534802
6008.0,88.0,0.505939
6008.0,89.0,0.436489
6008.0,90.0,0.469461
6008.0,91.0,0.463835
6008.0,92.0,0.56692
6008.0,93.0,0.550651
6008.0,94.0,0.483508
6008.0,95.0,0.419973
6008.0,96.0,0.43936
6008.0,97.0,0.479438
6008.0,98.0,0.448433
6008.0,99.0,0.418419
6008.0,100.0,0.439779
6008.0,101.0,0.516682
6008.0,102.0,0.553768
6008.0,103.0,0.54349
6008.0,104.0,0.477582
6008.0,105.0,0.481536
6008.0,106.0,0.489754
6008.0,107.0,0.550274
6008.0,108.0,0.508575
6008.0,109.0,0.479393
6008.0,110.0,0.487629
6008.0,111.0,0.548123
6008.0,112.0,0.510331
6008.0,113.0,0.537754
6008.0,114.0,0.531279
6008.0,115.0,0.555089
6008.0,116.0,0.462686
6008.0,117.0,0.519973
6008.0,118.0,0.479107
6008.0,119.0,0.524565
6008.0,120.0,0.465719
6008.0,121.0,0.531146
6008.0,122.0,0.459084
6008.0,123.0,0.498635
6008.0,124.0,0.540707
6008.0,125.0,0.453075
6008.0,126.0,0.518468
6009.0,0.0,0.479985
6009.0,1.0,0.535155
6009.0,2.0,0.570504
6009.0,3.0,0.491172
6009.0,4.0,0.515644
6009.0,5.0,0.548948
6009.0,6.0,0.557344
6009.0,7.0,0.559315
6009.0,8.0,0.516416
6009.0,9.0,0.565448
6009.0,10.0,0.568486
6009.0,11.0,0.510107
6009.0,12.0,0.526543
6009.0,13.0,0.49428
6009.0,14.0,0.515743
6009.0,15.0,0.481325
6009.0,16.0,0.539258
6009.0,17.0,0.548001
6009.0,18.0,0.518281
6009.0,19.0,0.504808
6009.0,20.0,0.542427
6009.0,21.0,0.551071
6009.0,22.0,0.458537
6009.0,23.0,0.507832
6009.0,24.0,0.488887
6009.0,25.0,0.548246
6009.0,26.0,0.459529
6009.0,27.0,0.469704
6009.0,28.0,0.516388
6009.0,29.0,0.47863
6009.0,30.0,0.515944
6009.0,31.0,0.495104
6009.0,32.0,0.467616
6009.0,33.0,0.488952
6009.0,34.0,0.499717
6009.0,35.0,0.52002
6009.0,36.0,0.519926
6009.0,37.0,0.517624
6009.0,38.0,0.465145
6009.0,39.0,0.530827
6009.0,40.0,0.491469
6009.0,41.0,0.482338
6009.0,42.0,0.47238
6009.0,43.0,0.491764
6009.0,44.0,0.558818
6009.0,45.0,0.46024
6009.0,46.0,0.53494
6009.0,47.0,0.507004
6009.0,48.0,0.478053
6009.0,49.0,0.511293
6009.0,50.0,0.650346
6009.0,51.0,0.470329
6009.0,52.0,0.514291
6009.0,53.0,0.560568
6009.0,54.0,0.469925
6009.0,55.0,0.530898
6009.0,56.0,0.517802
6009.0,57.0,0.460178
6009.0,58.0,0.519548
6009.0,59.0,0.561899
6009.0,60.0,0.510046
6009.0,61.0,0.507022
6009.0,62.0,0.527117
6009.0,63.0,0.525052
6009.0,64.0,0.590704
6009.0,65.0,0.47612
6009.0,66.0,0.498809
6009.0,67.0,0.573164
6009.0,68.0,0.456263
6009.0,69.0,0.521441
6009.0,70.0,0.559739
6009.0,71.0,0.489484
6009.0,72.0,0.537765
6009.0,73.0,0.488698
6009.0,74.0,0.421667
6009.0,75.0,0.509902
6009.0,76.0,0.519446
6009.0,77.0,0.522468
6009.0,78.0,0.469913
6009.0,79.0,0.508942
6009.0,80.0,0.511011
6009.0,81.0,0.405912
6009.0,82.0,0.454421
6009.0,83.0,0.438747
6009.0,84.0,0.481706
6009.0,85.0,0.500312
6009.0,86.0,0.542964
6009.0,87.0,0.534738
6009.0,88.0,0.506497
6009.0,89.0,0.436462
6009.0,90.0,0.469698
6009.0,91.0,0.464439
6009.0,92.0,0.567381
6009.0,93.0,0.551117
6009.0,94.0,0.484292
6009.0,95.0,0.419662
6009.0,96.0,0.439551
6009.0,97.0,0.479185
6009.0,98.0,0.448521
6009.0,99.0,0.418333
6009.0,100.0,0.440127
6009.0,101.0,0.516073
6009.0,102.0,0.553373
6009.0,103.0,0.543701
6009.0,104.0,0.476959
6009.0,105.0,0.482336
6009.0,106.0,0.489386
6009.0,107.0,0.550014
6009.0,108.0,0.508999
6009.0,109.0,0.47954
6009.0,110.0,0.487332
6009.0,111.0,0.548457
6009.0,112.0,0.510611
6009.0,113.0,0.537082
6009.0,114.0,0.531431
6009.0,115.0,0.553991
6009.0,116.0,0.463318
6009.0,117.0,0.520554
6009.0,118.0,0.479218
6009.0,119.0,0.524891
6009.0,120.0,0.465609
6009.0,121.0,0.531111
6009.0,122.0,0.459205
6009.0,123.0,0.498334
6009.0,124.0,0.541702
6009.0,125.0,0.453069
6009.0,126.0,0.518934
6010.0,0.0,0.479678
6010.0,1.0,0.534865
6010.0,2.0,0.57032
6010.0,3.0,0.490607
6010.0,4.0,0.515836
6010.0,5.0,0.54934
6010.0,6.0,0.557302
6010.0,7.0,0.558701
6010.0,8.0,0.516115
6010.0,9.0,0.566004
6010.0,10.0,0.569358
6010.0,11.0,0.510488
6010.0,12.0,0.526705
6010.0,13.0,0.493996
6010.0,14.0,0.515732
6010.0,15.0,0.482333
6010.0,16.0,0.539255
6010.0,17.0,0.548059
6010.0,18.0,0.518419
6010.0,19.0,0.505557
6010.0,20.0,0.542337
6010.0,21.0,0.550513
6010.0,22.0,0.458766
6010.0,23.0,0.507441
6010.0,24.0,0.488019
6010.0,25.0,0.548542
6010.0,26.0,0.460112
6010.0,27.0,0.469868
6010.0,28.0,0.515928
6010.0,29.0,0.478796
6010.0,30.0,0.515902
6010.0,31.0,0.495917
6010.0,32.0,0.46619
6010.0,33.0,0.488752
6010.0,34.0,0.499765
6010.0,35.0,0.519485
6010.0,36.0,0.5199
6010.0,37.0,0.518398
6010.0,38.0,0.464967
6010.0,39.0,0.530742
6010.0,40.0,0.492075
6010.0,41.0,0.482784
6010.0,42.0,0.471847
6010.0,43.0,0.491608
6010.0,44.0,0.558398
6010.0,45.0,0.460237
6010.0,46.0,0.53451
6010.0,47.0,0.50777
6010.0,48.0,0.477847
6010.0,49.0,0.510844
6010.0,50.0,0.650031
6010.0,51.0,0.470236
6010.0,52.0,0.513841
6010.0,53.0,0.560729
6010.0,54.0,0.469602
6010.0,55.0,0.530691
6010.0,56.0,0.517225
6010.0,57.0,0.460842
6010.0,58.0,0.519702
6010.0,59.0,0.561703
6010.0,60.0,0.509907
6010.0,61.0,0.507352
6010.0,62.0,0.52677
6010.0,63.0,0.524308
6010.0,64.0,0.590063
6010.0,65.0,0.477033
6010.0,66.0,0.499277
6010.0,67.0,0.573286
6010.0,68.0,0.456822
6010.0,69.0,0.520738
6010.0,70.0,0.559784
6010.0,71.0,0.490215
6010.0,72.0,0.537503
6010.0,73.0,0.488959
6010.0,74.0,0.420975
6010.0,75.0,0.509178
6010.0,76.0,0.51932
6010.0,77.0,0.521138
6010.0,78.0,0.469578
6010.0,79.0,0.508885
6010.0,80.0,0.510482
6010.0,81.0,0.406304
6010.0,82.0,0.454569
6010.0,83.0,0.439464
6010.0,84.0,0.480971
6010.0,85.0,0.500531
6010.0,86.0,0.543271
6010.0,87.0,0.535053
6010.0,88.0,0.505426
6010.0,89.0,0.436848
6010.0,90.0,0.46971
6010.0,91.0,0.464538
6010.0,92.0,0.567011
6010.0,93.0,0.552133
6010.0,94.0,0.484044
6010.0,95.0,0.419221
6010.0,96.0,0.438745
6010.0,97.0,0.479583
6010.0,98.0,0.448042
6010.0,99.0,0.418092
6010.0,100.0,0.440256
6010.0,101.0,0.515473
6010.0,102.0,0.552537
6010.0,103.0,0.543782
6010.0,104.0,0.477431
6010.0,105.0,0.482573
6010.0,106.0,0.490081
6010.0,107.0,0.549062
6010.0,108.0,0.508382
6010.0,109.0,0.479654
6010.0,110.0,0.48742
6010.0,111.0,0.549022
6010.0,112.0,0.51066
6010.0,113.0,0.536849
6010.0,114.0,0.531746
6010.0,115.0,0.554685
6010.0,116.0,0.463256
6010.0,117.0,0.52072
6010.0,118.0,0.48011
6010.0,119.0,0.525083
6010.0,120.0,0.465239
6010.0,121.0,0.531683
6010.0,122.0,0.459245
6010.0,123.0,0.498236
6010.0,124.0,0.541912
6010.0,125.0,0.45402
6010.0,126.0,0.519363
7000.0,0.0,0.501811
7000.0,1.0,0.517953
7000.0,2.0,0.547135
7000.0,3.0,0.486208
7000.0,4.0,0.508345
7000.0,5.0,0.538042
7000.0,6.0,0.525747
7000.0,7.0,0.576652
7000.0,8.0,0.516962
7000.0,9.0,0.552779
7000.0,10.0,0.585862
7000.0,11.0,0.529737
7000.0,12.0,0.511115
7000.0,13.0,0.500686
7000.0,14.0,0.50786
7000.0,15.0,0.477857
7000.0,16.0,0.536012
7000.0,17.0,0.553673
7000.0,18.0,0.500357
7000.0,19.0,0.48783
7000.0,20.0,0.555258
7000.0,21.0,0.54471
7000.0,22.0,0.447646
7000.0,23.0,0.497773
7000.0,24.0,0.458757
7000.0,25.0,0.572505
7000.0,26.0,0.478312
7000.0,27.0,0.452683
7000.0,28.0,0.527166
7000.0,29.0,0.482211
7000.0,30.0,0.525462
7000.0,31.0,0.494368
7000.0,32.0,0.466924
7000.0,33.0,0.503166
7000.0,34.0,0.485832
7000.0,35.0,0.525368
7000.0,36.0,0.54859
7000.0,37.0,0.501353
7000.0,38.0,0.48884
7000.0,39.0,0.536919
7000.0,40.0,0.497081
7000.0,41.0,0.47355
7000.0,42.0,0.479776
7000.0,43.0,0.506966
7000.0,44.0,0.558851
7000.0,45.0,0.451633
7000.0,46.0,0.55148
7000.0,47.0,0.520808
7000.0,48.0,0.468399
7000.0,49.0,0.516879
7000.0,50.0,0.651354
7000.0,51.0,0.481544
7000.0,52.0,0.530079
7000.0,53.0,0.55673
7000.0,54.0,0.465004
7000.0,55.0,0.570829
7000.0,56.0,0.505531
7000.0,57.0,0.458747
7000.0,58.0,0.519162
7000.0,59.0,0.569911
7000.0,60.0,0.526556
7000.0,61.0,0.49937
7000.0,62.0,0.527672
7000.0,63.0,0.52512
7000.0,64.0,0.593122
7000.0,65.0,0.494501
7000.0,66.0,0.503396
7000.0,67.0,0.56026
7000.0,68.0,0.416477
7000.0,69.0,0.514584
7000.0,70.0,0.580238
7000.0,71.0,0.512339
7000.0,72.0,0.52816
7000.0,73.0,0.498602
7000.0,74.0,0.415353
7000.0,75.0,0.484924
7000.0,76.0,0.536633
7000.0,77.0,0.510261
7000.0,78.0,0.475222
7000.0,79.0,0.4898
7000.0,80.0,0.522511
7000.0,81.0,0.416982
7000.0,82.0,0.466508
7000.0,83.0,0.427319
7000.0,84.0,0.460415
7000.0,85.0,0.50743
7000.0,86.0,0.531745
7000.0,87.0,0.571473
7000.0,88.0,0.491237
7000.0,89.0,0.414647
7000.0,90.0,0.482286
7000.0,91.0,0.461916
7000.0,92.0,0.569529
7000.0,93.0,0.5623
7000.0,94.0,0.4793
7000.0,95.0,0.407517
7000.0,96.0,0.445468
7000.0,97.0,0.466865
7000.0,98.0,0.49398
7000.0,99.0,0.430423
7000.0,100.0,0.449971
7000.0,101.0,0.488387
7000.0,102.0,0.549726
7000.0,103.0,0.54224
7000.0,104.0,0.472205
7000.0,105.0,0.487026
7000.0,106.0,0.490448
7000.0,107.0,0.536361
7000.0,108.0,0.499699
7000.0,109.0,0.453343
7000.0,110.0,0.48263
7000.0,111.0,0.570895
7000.0,112.0,0.516344
7000.0,113.0,0.521055
7000.0,114.0,0.53173
7000.0,115.0,0.571432
7000.0,116.0,0.45528
7000.0,117.0,0.524254
7000.0,118.0,0.507345
7000.0,119.0,0.522828
7000.0,120.0,0.484357
7000.0,121.0,0.53657
7000.0,122.0,0.421171
7000.0,123.0,0.496707
7000.0,124.0,0.545971
7000.0,125.0,0.45417
7000.0,126.0,0.501492
7001.0,0.0,0.500661
7001.0,1.0,0.517613
7001.0,2.0,0.547499
7001.0,3.0,0.486583
7001.0,4.0,0.507985
7001.0,5.0,0.537679
7001.0,6.0,0.526242
7001.0,7.0,0.57704
7001.0,8.0,0.51626
7001.0,9.0,0.551049
7001.0,10.0,0.586576
7001.0,11.0,0.529188
7001.0,12.0,0.511903
7001.0,13.0,0.500644
7001.0,14.0,0.50762
7001.0,15.0,0.476743
7001.0,16.0,0.535582
7001.0,17.0,0.553129
7001.0,18.0,0.499819
7001.0,19.0,0.487063
7001.0,20.0,0.55456
7001.0,21.0,0.544701
7001.0,22.0,0.448183
7001.0,23.0,0.498016
7001.0,24.0,0.459366
7001.0,25.0,0.572597
7001.0,26.0,0.477881
7001.0,27.0,0.45283
7001.0,28.0,0.5267
7001.0,29.0,0.482606
7001.0,30.0,0.525089
7001.0,31.0,0.495012
7001.0,32.0,0.466573
7001.0,33.0,0.502614
7001.0,34.0,0.486016
7001.0,35.0,0.525778
7001.0,36.0,0.547321
7001.0,37.0,0.501661
7001.0,38.0,0.489527
7001.0,39.0,0.536808
7001.0,40.0,0.496841
7001.0,41.0,0.473264
7001.0,42.0,0.4792
7001.0,43.0,0.50749
7001.0,44.0,0.558927
7001.0,45.0,0.452296
7001.0,46.0,0.551102
7001.0,47.0,0.520861
7001.0,48.0,0.468506
7001.0,49.0,0.516978
7001.0,50.0,0.650986
7001.0,51.0,0.482244
7001.0,52.0,0.52905
7001.0,53.0,0.556999
7001.0,54.0,0.465201
7001.0,55.0,0.57041
7001.0,56.0,0.506566
7001.0,57.0,0.45858
7001.0,58.0,0.519081
7001.0,59.0,0.570724
7001.0,60.0,0.525347
7001.0,61.0,0.499072
7001.0,62.0,0.526839
7001.0,63.0,0.524885
7001.0,64.0,0.592727
7001.0,65.0,0.494863
7001.0,66.0,0.502614
7001.0,67.0,0.560104
7001.0,68.0,0.416547
7001.0,69.0,0.514984
7001.0,70.0,0.57952
7001.0,71.0,0.512735
7001.0,72.0,0.52821
7001.0,73.0,0.499018
7001.0,74.0,0.415565
7001.0,75.0,0.48438
7001.0,76.0,0.536712
7001.0,77.0,0.510291
7001.0,78.0,0.475834
7001.0,79.0,0.488814
7001.0,80.0,0.522269
7001.0,81.0,0.416385
7001.0,82.0,0.46708
7001.0,83.0,0.427411
7001.0,84.0,0.460904
7001.0,85.0,0.507628
7001.0,86.0,0.531661
7001.0,87.0,0.572096
7001.0,88.0,0.491195
7001.0,89.0,0.413429
7001.0,90.0,0.482019
7001.0,91.0,0.461719
7001.0,92.0,0.569425
7001.0,93.0,0.562099
7001.0,94.0,0.479533
7001.0,95.0,0.407654
7001.0,96.0,0.445228
7001.0,97.0,0.467165
7001.0,98.0,0.493521
7001.0,99.0,0.430845
7001.0,100.0,0.449953
7001.0,101.0,0.487819
7001.0,102.0,0.550726
7001.0,103.0,0.542224
7001.0,104.0,0.471466
7001.0,105.0,0.486935
7001.0,106.0,0.490243
7001.0,107.0,0.535794
7001.0,108.0,0.500247
7001.0,109.0,0.453903
7001.0,110.0,0.483348
7001.0,111.0,0.57071
7001.0,112.0,0.516542
7001.0,113.0,0.52139
7001.0,114.0,0.530575
7001.0,115.0,0.571868
7001.0,116.0,0.455665
7001.0,117.0,0.524397
7001.0,118.0,0.507098
7001.0,119.0,0.522312
7001.0,120.0,0.484417
7001.0,121.0,0.535729
7001.0,122.0,0.420722
7001.0,123.0,0.496601
7001.0,124.0,0.546272
7001.0,125.0,0.454627
7001.0,126.0,0.501179
7002.0,0.0,0.499967
7002.0,1.0,0.516958
7002.0,2.0,0.548335
7002.0,3.0,0.486019
7002.0,4.0,0.508352
7002.0,5.0,0.537672
7002.0,6.0,0.526513
7002.0,7.0,0.576948
7002.0,8.0,0.515317
7002.0,9.0,0.551879
7002.0,10.0,0.587159
7002.0,11.0,0.528697
7002.0,12.0,0.51222
7002.0,13.0,0.501049
7002.0,14.0,0.507943
7002.0,15.0,0.47677
7002.0,16.0,0.535468
7002.0,17.0,0.553051
7002.0,18.0,0.499722
7002.0,19.0,0.487442
7002.0,20.0,0.553631
7002.0,21.0,0.544873
7002.0,22.0,0.448864
7002.0,23.0,0.498026
7002.0,24.0,0.460157
7002.0,25.0,0.572263
7002.0,26.0,0.477357
7002.0,27.0,0.453337
7002.0,28.0,0.526515
7002.0,29.0,0.482775
7002.0,30.0,0.524855
7002.0,31.0,0.495191
7002.0,32.0,0.466463
7002.0,33.0,0.503794
7002.0,34.0,0.486381
7002.0,35.0,0.52605
7002.0,36.0,0.547046
7002.0,37.0,0.500575
7002.0,38.0,0.489813
7002.0,39.0,0.536878
7002.0,40.0,0.496839
7002.0,41.0,0.47287
7002.0,42.0,0.479618
7002.0,43.0,0.506984
7002.0,44.0,0.558675
7002.0,45.0,0.452654
7002.0,46.0,0.550366
7002.0,47.0,0.520979
7002.0,48.0,0.468186
7002.0,49.0,0.516722
7002.0,50.0,0.650627
7002.0,51.0,0.482525
7002.0,52.0,0.529574
7002.0,53.0,0.557324
7002.0,54.0,0.463963
7002.0,55.0,0.569851
7002.0,56.0,0.507221
7002.0,57.0,0.458602
7002.0,58.0,0.520086
7002.0,59.0,0.570284
7002.0,60.0,0.525817
7002.0,61.0,0.498303
7002.0,62.0,0.527205
7002.0,63.0,0.525472
7002.0,64.0,0.592575
7002.0,65.0,0.495191
7002.0,66.0,0.501568
7002.0,67.0,0.560572
7002.0,68.0,0.416833
7002.0,69.0,0.515381
7002.0,70.0,0.578863
7002.0,71.0,0.512828
7002.0,72.0,0.528455
7002.0,73.0,0.498453
7002.0,74.0,0.415527
7002.0,75.0,0.484965
7002.0,76.0,0.536312
7002.0,77.0,0.510989
7002.0,78.0,0.476035
7002.0,79.0,0.488319
7002.0,80.0,0.522589
7002.0,81.0,0.417007
7002.0,82.0,0.466711
7002.0,83.0,0.4274
7002.0,84.0,0.460887
7002.0,85.0,0.50694
7002.0,86.0,0.531512
7002.0,87.0,0.572529
7002.0,88.0,0.490948
7002.0,89.0,0.413817
7002.0,90.0,0.482112
7002.0,91.0,0.46134
7002.0,92.0,0.568948
7002.0,93.0,0.562058
7002.0,94.0,0.479651
7002.0,95.0,0.407947
7002.0,96.0,0.445932
7002.0,97.0,0.466699
7002.0,98.0,0.493169
7002.0,99.0,0.431368
7002.0,100.0,0.448996
7002.0,101.0,0.486701
7002.0,102.0,0.550707
7002.0,103.0,0.54263
7002.0,104.0,0.47191
7002.0,105.0,0.486628
7002.0,106.0,0.490119
7002.0,107.0,0.536373
7002.0,108.0,0.500146
7002.0,109.0,0.453965
7002.0,110.0,0.482871
7002.0,111.0,0.57123
7002.0,112.0,0.515833
7002.0,113.0,0.521569
7002.0,114.0,0.530742
7002.0,115.0,0.572456
7002.0,116.0,0.455575
7002.0,117.0,0.523992
7002.0,118.0,0.506592
7002.0,119.0,0.522101
7002.0,120.0,0.485405
7002.0,121.0,0.535963
7002.0,122.0,0.420443
7002.0,123.0,0.496945
7002.0,124.0,0.546426
7002.0,125.0,0.454193
7002.0,126.0,0.501888
7003.0,0.0,0.499701
7003.0,1.0,0.516081
7003.0,2.0,0.548914
7003.0,3.0,0.486398
7003.0,4.0,0.508567
7003.0,5.0,0.538506
7003.0,6.0,0.525996
7003.0,7.0,0.577594
7003.0,8.0,0.515366
7003.0,9.0,0.552134
7003.0,10.0,0.585973
7003.0,11.0,0.529701
7003.0,12.0,0.511751
7003.0,13.0,0.501339
7003.0,14.0,0.507571
7003.0,15.0,0.477019
7003.0,16.0,0.535225
7003.0,17.0,0.553096
7003.0,18.0,0.500006
7003.0,19.0,0.487838
7003.0,20.0,0.553884
7003.0,21.0,0.544413
7003.0,22.0,0.447985
7003.0,23.0,0.497409
7003.0,24.0,0.460617
7003.0,25.0,0.572164
7003.0,26.0,0.477367
7003.0,27.0,0.453485
7003.0,28.0,0.526492
7003.0,29.0,0.48305
7003.0,30.0,0.524954
7003.0,31.0,0.496199
7003.0,32.0,0.466279
7003.0,33.0,0.504039
7003.0,34.0,0.486637
7003.0,35.0,0.526346
7003.0,36.0,0.546033
7003.0,37.0,0.50103
7003.0,38.0,0.490585
7003.0,39.0,0.538049
7003.0,40.0,0.496712
7003.0,41.0,0.472861
7003.0,42.0,0.479672
7003.0,43.0,0.506839
7003.0,44.0,0.558509
7003.0,45.0,0.452137
7003.0,46.0,0.549985
7003.0,47.0,0.521032
7003.0,48.0,0.468165
7003.0,49.0,0.516466
7003.0,50.0,0.65103
7003.0,51.0,0.482573
7003.0,52.0,0.528732
7003.0,53.0,0.556598
7003.0,54.0,0.463813
7003.0,55.0,0.569556
7003.0,56.0,0.507265
7003.0,57.0,0.458475
7003.0,58.0,0.51962
7003.0,59.0,0.569336
7003.0,60.0,0.525254
7003.0,61.0,0.498416
7003.0,62.0,0.527282
7003.0,63.0,0.525741
7003.0,64.0,0.592479
7003.0,65.0,0.495971
7003.0,66.0,0.502218
7003.0,67.0,0.561332
7003.0,68.0,0.416498
7003.0,69.0,0.514487
7003.0,70.0,0.578868
7003.0,71.0,0.512746
7003.0,72.0,0.528625
7003.0,73.0,0.498069
7003.0,74.0,0.41577
7003.0,75.0,0.484677
7003.0,76.0,0.536832
7003.0,77.0,0.510831
7003.0,78.0,0.476384
7003.0,79.0,0.487448
7003.0,80.0,0.523301
7003.0,81.0,0.416701
7003.0,82.0,0.465973
7003.0,83.0,0.427615
7003.0,84.0,0.461323
7003.0,85.0,0.506389
7003.0,86.0,0.53121
7003.0,87.0,0.572748
7003.0,88.0,0.490725
7003.0,89.0,0.413455
7003.0,90.0,0.482416
7003.0,91.0,0.461405
7003.0,92.0,0.568479
7003.0,93.0,0.562069
7003.0,94.0,0.478868
7003.0,95.0,0.407162
7003.0,96.0,0.445946
7003.0,97.0,0.466439
7003.0,98.0,0.492729
7003.0,99.0,0.431403
7003.0,100.0,0.448973
7003.0,101.0,0.487284
7003.0,102.0,0.550505
7003.0,103.0,0.542372
7003.0,104.0,0.470994
7003.0,105.0,0.486597
7003.0,106.0,0.489924
7003.0,107.0,0.536576
7003.0,108.0,0.501344
7003.0,109.0,0.454095
7003.0,110.0,0.483155
7003.0,111.0,0.570958
7003.0,112.0,0.51658
7003.0,113.0,0.521999
7003.0,114.0,0.531643
7003.0,115.0,0.572894
7003.0,116.0,0.455884
7003.0,117.0,0.523435
7003.0,118.0,0.50592
7003.0,119.0,0.521537
7003.0,120.0,0.485099
7003.0,121.0,0.535907
7003.0,122.0,0.421281
7003.0,123.0,0.497193
7003.0,124.0,0.546789
7003.0,125.0,0.454213
7003.0,126.0,0.501974
7004.0,0.0,0.498402
7004.0,1.0,0.515658
7004.0,2.0,0.550118
7004.0,3.0,0.486098
7004.0,4.0,0.508137
7004.0,5.0,0.538189
7004.0,6.0,0.52571
7004.0,7.0,0.577719
7004.0,8.0,0.515336
7004.0,9.0,0.552205
7004.0,10.0,0.585538
7004.0,11.0,0.528907
7004.0,12.0,0.511702
7004.0,13.0,0.500647
7004.0,14.0,0.508052
7004.0,15.0,0.476871
7004.0,16.0,0.534898
7004.0,17.0,0.553289
7004.0,18.0,0.49977
7004.0,19.0,0.48789
7004.0,20.0,0.553189
7004.0,21.0,0.544061
7004.0,22.0,0.447721
7004.0,23.0,0.498085
7004.0,24.0,0.460167
7004.0,25.0,0.572748
7004.0,26.0,0.477236
7004.0,27.0,0.453662
7004.0,28.0,0.526171
7004.0,29.0,0.483689
7004.0,30.0,0.524807
7004.0,31.0,0.497089
7004.0,32.0,0.46627
7004.0,33.0,0.503963
7004.0,34.0,0.486832
7004.0,35.0,0.525752
7004.0,36.0,0.546095
7004.0,37.0,0.500669
7004.0,38.0,0.490792
7004.0,39.0,0.537147
7004.0,40.0,0.49706
7004.0,41.0,0.473599
7004.0,42.0,0.479814
7004.0,43.0,0.506225
7004.0,44.0,0.558929
7004.0,45.0,0.45255
7004.0,46.0,0.550524
7004.0,47.0,0.520141
7004.0,48.0,0.468449
7004.0,49.0,0.516985
7004.0,50.0,0.650826
7004.0,51.0,0.482404
7004.0,52.0,0.528531
7004.0,53.0,0.55607
7004.0,54.0,0.464174
7004.0,55.0,0.569461
7004.0,56.0,0.507114
7004.0,57.0,0.458436
7004.0,58.0,0.519473
7004.0,59.0,0.569403
7004.0,60.0,0.526093
7004.0,61.0,0.498119
7004.0,62.0,0.527123
7004.0,63.0,0.525781
7004.0,64.0,0.592271
7004.0,65.0,0.495311
7004.0,66.0,0.501952
7004.0,67.0,0.560658
7004.0,68.0,0.416517
7004.0,69.0,0.514242
7004.0,70.0,0.578551
7004.0,71.0,0.513284
7004.0,72.0,0.529071
7004.0,73.0,0.497613
7004.0,74.0,0.416224
7004.0,75.0,0.484964
7004.0,76.0,0.53649
7004.0,77.0,0.511294
7004.0,78.0,0.476502
7004.0,79.0,0.487585
7004.0,80.0,0.523477
7004.0,81.0,0.416814
7004.0,82.0,0.466325
7004.0,83.0,0.427583
7004.0,84.0,0.460796
7004.0,85.0,0.505907
7004.0,86.0,0.531101
7004.0,87.0,0.573482
7004.0,88.0,0.491268
7004.0,89.0,0.413436
7004.0,90.0,0.482025
7004.0,91.0,0.460737
7004.0,92.0,0.568869
7004.0,93.0,0.562128
7004.0,94.0,0.478227
7004.0,95.0,0.407224
7004.0,96.0,0.445905
7004.0,97.0,0.466081
7004.0,98.0,0.492943
7004.0,99.0,0.431876
7004.0,100.0,0.449456
7004.0,101.0,0.488114
7004.0,102.0,0.549978
7004.0,103.0,0.542501
7004.0,104.0,0.470338
7004.0,105.0,0.486735
7004.0,106.0,0.490083
7004.0,107.0,0.536754
7004.0,108.0,0.501772
7004.0,109.0,0.453756
7004.0,110.0,0.483524
7004.0,111.0,0.570827
7004.0,112.0,0.516511
7004.0,113.0,0.522438
7004.0,114.0,0.531895
7004.0,115.0,0.572941
7004.0,116.0,0.455376
7004.0,117.0,0.523702
7004.0,118.0,0.506735
7004.0,119.0,0.521572
7004.0,120.0,0.485083
7004.0,121.0,0.535837
7004.0,122.0,0.421137
7004.0,123.0,0.496737
7004.0,124.0,0.547758
7004.0,125.0,0.453607
7004.0,126.0,0.501855
7005.0,0.0,0.498564
7005.0,1.0,0.514751
7005.0,2.0,0.550425
7005.0,3.0,0.486509
7005.0,4.0,0.50847
7005.0,5.0,0.538137
7005.0,6.0,0.525008
7005.0,7.0,0.578205
7005.0,8.0,0.515489
7005.0,9.0,0.55237
7005.0,10.0,0.586012
7005.0,11.0,0.529611
7005.0,12.0,0.511459
7005.0,13.0,0.501284
7005.0,14.0,0.508123
7005.0,15.0,0.477347
7005.0,16.0,0.535303
7005.0,17.0,0.553758
7005.0,18.0,0.499033
7005.0,19.0,0.488004
7005.0,20.0,0.553529
7005.0,21.0,0.544842
7005.0,22.0,0.447718
7005.0,23.0,0.497387
7005.0,24.0,0.459636
7005.0,25.0,0.572198
7005.0,26.0,0.47742
7005.0,27.0,0.453735
7005.0,28.0,0.526272
7005.0,29.0,0.482984
7005.0,30.0,0.524322
7005.0,31.0,0.498247
7005.0,32.0,0.466128
7005.0,33.0,0.504486
7005.0,34.0,0.485861
7005.0,35.0,0.525681
7005.0,36.0,0.54597
7005.0,37.0,0.500972
7005.0,38.0,0.490957
7005.0,39.0,0.537321
7005.0,40.0,0.497803
7005.0,41.0,0.473952
7005.0,42.0,0.480166
7005.0,43.0,0.506304
7005.0,44.0,0.557829
7005.0,45.0,0.452726
7005.0,46.0,0.550761
7005.0,47.0,0.520384
7005.0,48.0,0.469102
7005.0,49.0,0.516569
7005.0,50.0,0.650857
7005.0,51.0,0.481777
7005.0,52.0,0.528054
7005.0,53.0,0.556497
7005.0,54.0,0.464243
7005.0,55.0,0.570172
7005.0,56.0,0.506723
7005.0,57.0,0.458607
7005.0,58.0,0.519916
7005.0,59.0,0.569528
7005.0,60.0,0.526589
7005.0,61.0,0.497417
7005.0,62.0,0.526419
7005.0,63.0,0.526131
7005.0,64.0,0.591413
7005.0,65.0,0.496089
7005.0,66.0,0.502673
7005.0,67.0,0.559739
7005.0,68.0,0.415934
7005.0,69.0,0.512852
7005.0,70.0,0.578365
7005.0,71.0,0.513506
7005.0,72.0,0.528786
7005.0,73.0,0.497457
7005.0,74.0,0.416337
7005.0,75.0,0.484411
7005.0,76.0,0.537566
7005.0,77.0,0.510758
7005.0,78.0,0.476088
7005.0,79.0,0.487441
7005.0,80.0,0.52323
7005.0,81.0,0.417006
7005.0,82.0,0.465757
7005.0,83.0,0.427392
7005.0,84.0,0.460215
7005.0,85.0,0.505956
7005.0,86.0,0.53043
7005.0,87.0,0.573155
7005.0,88.0,0.491325
7005.0,89.0,0.414862
7005.0,90.0,0.480854
7005.0,91.0,0.461005
7005.0,92.0,0.56887
7005.0,93.0,0.562703
7005.0,94.0,0.477444
7005.0,95.0,0.40745
7005.0,96.0,0.44573
7005.0,97.0,0.46526
7005.0,98.0,0.493955
7005.0,99.0,0.431979
7005.0,100.0,0.44946
7005.0,101.0,0.4889
7005.0,102.0,0.550627
7005.0,103.0,0.542365
7005.0,104.0,0.469668
7005.0,105.0,0.486886
7005.0,106.0,0.490362
7005.0,107.0,0.536704
7005.0,108.0,0.502346
7005.0,109.0,0.4529
7005.0,110.0,0.482956
7005.0,111.0,0.570635
7005.0,112.0,0.517279
7005.0,113.0,0.522341
7005.0,114.0,0.531577
7005.0,115.0,0.5727
7005.0,116.0,0.454829
7005.0,117.0,0.523216
7005.0,118.0,0.506434
7005.0,119.0,0.521286
7005.0,120.0,0.485302
7005.0,121.0,0.535611
7005.0,122.0,0.42192
7005.0,123.0,0.497096
7005.0,124.0,0.546723
7005.0,125.0,0.453341
7005.0,126.0,0.501317
7006.0,0.0,0.499358
7006.0,1.0,0.514039
7006.0,2.0,0.550723
7006.0,3.0,0.486061
7006.0,4.0,0.507611
7006.0,5.0,0.537773
7006.0,6.0,0.524709
7006.0,7.0,0.579316
7006.0,8.0,0.515349
7006.0,9.0,0.552578
7006.0,10.0,0.586283
7006.0,11.0,0.5287
7006.0,12.0,0.511642
7006.0,13.0,0.501552
7006.0,14.0,0.507521
7006.0,15.0,0.478224
7006.0,16.0,0.534755
7006.0,17.0,0.553638
7006.0,18.0,0.499192
7006.0,19.0,0.487489
7006.0,20.0,0.553988
7006.0,21.0,0.543767
7006.0,22.0,0.446795
7006.0,23.0,0.498429
7006.0,24.0,0.45863
7006.0,25.0,0.571781
7006.0,26.0,0.477395
7006.0,27.0,0.453979
7006.0,28.0,0.525921
7006.0,29.0,0.483626
7006.0,30.0,0.52502
7006.0,31.0,0.497822
7006.0,32.0,0.466308
7006.0,33.0,0.505466
7006.0,34.0,0.485613
7006.0,35.0,0.524987
7006.0,36.0,0.546418
7006.0,37.0,0.500905
7006.0,38.0,0.490158
7006.0,39.0,0.537132
7006.0,40.0,0.498135
7006.0,41.0,0.474077
7006.0,42.0,0.480183
7006.0,43.0,0.506901
7006.0,44.0,0.556929
7006.0,45.0,0.453281
7006.0,46.0,0.550404
7006.0,47.0,0.521399
7006.0,48.0,0.468462
7006.0,49.0,0.516441
7006.0,50.0,0.650879
7006.0,51.0,0.480717
7006.0,52.0,0.528129
7006.0,53.0,0.555853
7006.0,54.0,0.4652
7006.0,55.0,0.570086
7006.0,56.0,0.506398
7006.0,57.0,0.459219
7006.0,58.0,0.520213
7006.0,59.0,0.568937
7006.0,60.0,0.526005
7006.0,61.0,0.497604
7006.0,62.0,0.526451
7006.0,63.0,0.525464
7006.0,64.0,0.592156
7006.0,65.0,0.495836
7006.0,66.0,0.502783
7006.0,67.0,0.559998
7006.0,68.0,0.416607
7006.0,69.0,0.512411
7006.0,70.0,0.578547
7006.0,71.0,0.51343
7006.0,72.0,0.529196
7006.0,73.0,0.497513
7006.0,74.0,0.416248
7006.0,75.0,0.483477
7006.0,76.0,0.537773
7006.0,77.0,0.511019
7006.0,78.0,0.476389
7006.0,79.0,0.488013
7006.0,80.0,0.522824
7006.0,81.0,0.416889
7006.0,82.0,0.465731
7006.0,83.0,0.427348
7006.0,84.0,0.460249
7006.0,85.0,0.506341
7006.0,86.0,0.530179
7006.0,87.0,0.572315
7006.0,88.0,0.491998
7006.0,89.0,0.415282
7006.0,90.0,0.481196
7006.0,91.0,0.460839
7006.0,92.0,0.568268
7006.0,93.0,0.562556
7006.0,94.0,0.477604
7006.0,95.0,0.407407
7006.0,96.0,0.445328
7006.0,97.0,0.464754
7006.0,98.0,0.492869
7006.0,99.0,0.431688
7006.0,100.0,0.449269
7006.0,101.0,0.489724
7006.0,102.0,0.55081
7006.0,103.0,0.542756
7006.0,104.0,0.469331
7006.0,105.0,0.486854
7006.0,106.0,0.490384
7006.0,107.0,0.536648
7006.0,108.0,0.502409
7006.0,109.0,0.452505
7006.0,110.0,0.483338
7006.0,111.0,0.570584
7006.0,112.0,0.517345
7006.0,113.0,0.522568
7006.0,114.0,0.531543
7006.0,115.0,0.573569
7006.0,116.0,0.455509
7006.0,117.0,0.522164
7006.0,118.0,0.50639
7006.0,119.0,0.521167
7006.0,120.0,0.485269
7006.0,121.0,0.535891
7006.0,122.0,0.422041
7006.0,123.0,0.4977
7006.0,124.0,0.547152
7006.0,125.0,0.452784
7006.0,126.0,0.501243
7007.0,0.0,0.499494
7007.0,1.0,0.514207
7007.0,2.0,0.550353
7007.0,3.0,0.485485
7007.0,4.0,0.507575
7007.0,5.0,0.537947
7007.0,6.0,0.525103
7007.0,7.0,0.579406
7007.0,8.0,0.514762
7007.0,9.0,0.552734
7007.0,10.0,0.586403
7007.0,11.0,0.528897
7007.0,12.0,0.510547
7007.0,13.0,0.501457
7007.0,14.0,0.507807
7007.0,15.0,0.478673
7007.0,16.0,0.535478
7007.0,17.0,0.55442
7007.0,18.0,0.499307
7007.0,19.0,0.487977
7007.0,20.0,0.554442
7007.0,21.0,0.544188
7007.0,22.0,0.445813
7007.0,23.0,0.498909
7007.0,24.0,0.458768
7007.0,25.0,0.571668
7007.0,26.0,0.476868
7007.0,27.0,0.454895
7007.0,28.0,0.526673
7007.0,29.0,0.483276
7007.0,30.0,0.525064
7007.0,31.0,0.497615
7007.0,32.0,0.466312
7007.0,33.0,0.505387
7007.0,34.0,0.484869
7007.0,35.0,0.525153
7007.0,36.0,0.546303
7007.0,37.0,0.500391
7007.0,38.0,0.489845
7007.0,39.0,0.537904
7007.0,40.0,0.498499
7007.0,41.0,0.474373
7007.0,42.0,0.480933
7007.0,43.0,0.506758
7007.0,44.0,0.556617
7007.0,45.0,0.453391
7007.0,46.0,0.550846
7007.0,47.0,0.52075
7007.0,48.0,0.46817
7007.0,49.0,0.51734
7007.0,50.0,0.650817
7007.0,51.0,0.480427
7007.0,52.0,0.529314
7007.0,53.0,0.555521
7007.0,54.0,0.465518
7007.0,55.0,0.570486
7007.0,56.0,0.506927
7007.0,57.0,0.459473
7007.0,58.0,0.520353
7007.0,59.0,0.568859
7007.0,60.0,0.525633
7007.0,61.0,0.49771
7007.0,62.0,0.527072
7007.0,63.0,0.525272
7007.0,64.0,0.591921
7007.0,65.0,0.496099
7007.0,66.0,0.50296
7007.0,67.0,0.560732
7007.0,68.0,0.415388
7007.0,69.0,0.511912
7007.0,70.0,0.578334
7007.0,71.0,0.513622
7007.0,72.0,0.528276
7007.0,73.0,0.497265
7007.0,74.0,0.417139
7007.0,75.0,0.483411
7007.0,76.0,0.537924
7007.0,77.0,0.511755
7007.0,78.0,0.475624
7007.0,79.0,0.488047
7007.0,80.0,0.521764
7007.0,81.0,0.416005
7007.0,82.0,0.465841
7007.0,83.0,0.42696
7007.0,84.0,0.459539
7007.0,85.0,0.507532
7007.0,86.0,0.529722
7007.0,87.0,0.572253
7007.0,88.0,0.491243
7007.0,89.0,0.415168
7007.0,90.0,0.481044
7007.0,91.0,0.460056
7007.0,92.0,0.568179
7007.0,93.0,0.562717
7007.0,94.0,0.477006
7007.0,95.0,0.407876
7007.0,96.0,0.445807
7007.0,97.0,0.465114
7007.0,98.0,0.49338
7007.0,99.0,0.431465
7007.0,100.0,0.449774
7007.0,101.0,0.490046
7007.0,102.0,0.551611
7007.0,103.0,0.542159
7007.0,104.0,0.4694
7007.0,105.0,0.487487
7007.0,106.0,0.490423
7007.0,107.0,0.536462
7007.0,108.0,0.502487
7007.0,109.0,0.452098
7007.0,110.0,0.483364
7007.0,111.0,0.570733
7007.0,112.0,0.517357
7007.0,113.0,0.522773
7007.0,114.0,0.53199
7007.0,115.0,0.573419
7007.0,116.0,0.455509
7007.0,117.0,0.521652
7007.0,118.0,0.507166
7007.0,119.0,0.521261
7007.0,120.0,0.485643
7007.0,121.0,0.535243
7007.0,122.0,0.422127
7007.0,123.0,0.497982
7007.0,124.0,0.547115
7007.0,125.0,0.45267
7007.0,126.0,0.50211
7008.0,0.0,0.500076
7008.0,1.0,0.514314
7008.0,2.0,0.551051
7008.0,3.0,0.485229
7008.0,4.0,0.507703
7008.0,5.0,0.537977
7008.0,6.0,0.525403
7008.0,7.0,0.578939
7008.0,8.0,0.513973
7008.0,9.0,0.552199
7008.0,10.0,0.586706
7008.0,11.0,0.528479
7008.0,12.0,0.510725
7008.0,13.0,0.500623
7008.0,14.0,0.507358
7008.0,15.0,0.478285
7008.0,16.0,0.535494
7008.0,17.0,0.553295
7008.0,18.0,0.49952
7008.0,19.0,0.488518
7008.0,20.0,0.553579
7008.0,21.0,0.544483
7008.0,22.0,0.445233
7008.0,23.0,0.499237
7008.0,24.0,0.459075
7008.0,25.0,0.570798
7008.0,26.0,0.476968
7008.0,27.0,0.455063
7008.0,28.0,0.526848
7008.0,29.0,0.48358
7008.0,30.0,0.524617
7008.0,31.0,0.498046
7008.0,32.0,0.466315
7008.0,33.0,0.504884
7008.0,34.0,0.484856
7008.0,35.0,0.525026
7008.0,36.0,0.54707
7008.0,37.0,0.499647
7008.0,38.0,0.489346
7008.0,39.0,0.538193
7008.0,40.0,0.498692
7008.0,41.0,0.474883
7008.0,42.0,0.48161
7008.0,43.0,0.50689
7008.0,44.0,0.556621
7008.0,45.0,0.453398
7008.0,46.0,0.551523
7008.0,47.0,0.52069
7008.0,48.0,0.468057
7008.0,49.0,0.516949
7008.0,50.0,0.651014
7008.0,51.0,0.480488
7008.0,52.0,0.529833
7008.0,53.0,0.55477
7008.0,54.0,0.465058
7008.0,55.0,0.571158
7008.0,56.0,0.506212
7008.0,57.0,0.459723
7008.0,58.0,0.520184
7008.0,59.0,0.569238
7008.0,60.0,0.526424
7008.0,61.0,0.497645
7008.0,62.0,0.526767
7008.0,63.0,0.525107
7008.0,64.0,0.592309
7008.0,65.0,0.496477
7008.0,66.0,0.503061
7008.0,67.0,0.560887
7008.0,68.0,0.415245
7008.0,69.0,0.512171
7008.0,70.0,0.578309
7008.0,71.0,0.514351
7008.0,72.0,0.528435
7008.0,73.0,0.496981
7008.0,74.0,0.416601
7008.0,75.0,0.482534
7008.0,76.0,0.538526
7008.0,77.0,0.511874
7008.0,78.0,0.475048
7008.0,79.0,0.488259
7008.0,80.0,0.522095
7008.0,81.0,0.416539
7008.0,82.0,0.465038
7008.0,83.0,0.427335
7008.0,84.0,0.460268
7008.0,85.0,0.507834
7008.0,86.0,0.529007
7008.0,87.0,0.571811
7008.0,88.0,0.49095
7008.0,89.0,0.415484
7008.0,90.0,0.481501
7008.0,91.0,0.460215
7008.0,92.0,0.567308
7008.0,93.0,0.562277
7008.0,94.0,0.477401
7008.0,95.0,0.407819
7008.0,96.0,0.446132
7008.0,97.0,0.465558
7008.0,98.0,0.492425
7008.0,99.0,0.432004
7008.0,100.0,0.448566
7008.0,101.0,0.489712
7008.0,102.0,0.552341
7008.0,103.0,0.54208
7008.0,104.0,0.470026
7008.0,105.0,0.487014
7008.0,106.0,0.490863
7008.0,107.0,0.53669
7008.0,108.0,0.503357
7008.0,109.0,0.452144
7008.0,110.0,0.483567
7008.0,111.0,0.570631
7008.0,112.0,0.517717
7008.0,113.0,0.522666
7008.0,114.0,0.531633
7008.0,115.0,0.572407
7008.0,116.0,0.455813
7008.0,117.0,0.520939
7008.0,118.0,0.507338
7008.0,119.0,0.521189
7008.0,120.0,0.484308
7008.0,121.0,0.535066
7008.0,122.0,0.422005
7008.0,123.0,0.497376
7008.0,124.0,0.547935
7008.0,125.0,0.452446
7008.0,126.0,0.500755
7009.0,0.0,0.499488
7009.0,1.0,0.514564
7009.0,2.0,0.551147
7009.0,3.0,0.484957
7009.0,4.0,0.507064
7009.0,5.0,0.538258
7009.0,6.0,0.525562
7009.0,7.0,0.579132
7009.0,8.0,0.514691
7009.0,9.0,0.551903
7009.0,10.0,0.586432
7009.0,11.0,0.529237
7009.0,12.0,0.510611
7009.0,13.0,0.499734
7009.0,14.0,0.507164
7009.0,15.0,0.477433
7009.0,16.0,0.535244
7009.0,17.0,0.551596
7009.0,18.0,0.499603
7009.0,19.0,0.489038
7009.0,20.0,0.553802
7009.0,21.0,0.544295
7009.0,22.0,0.445044
7009.0,23.0,0.498588
7009.0,24.0,0.459202
7009.0,25.0,0.570835
7009.0,26.0,0.475978
7009.0,27.0,0.454703
7009.0,28.0,0.527273
7009.0,29.0,0.484167
7009.0,30.0,0.5247
7009.0,31.0,0.497221
7009.0,32.0,0.466828
7009.0,33.0,0.50523
7009.0,34.0,0.484315
7009.0,35.0,0.524701
7009.0,36.0,0.546379
7009.0,37.0,0.499323
7009.0,38.0,0.488614
7009.0,39.0,0.538069
7009.0,40.0,0.498645
7009.0,41.0,0.474684
7009.0,42.0,0.481839
7009.0,43.0,0.507193
7009.0,44.0,0.556399
7009.0,45.0,0.453561
7009.0,46.0,0.551287
7009.0,47.0,0.521487
7009.0,48.0,0.468088
7009.0,49.0,0.517307
7009.0,50.0,0.65148
7009.0,51.0,0.480217
7009.0,52.0,0.53022
7009.0,53.0,0.554575
7009.0,54.0,0.464725
7009.0,55.0,0.571334
7009.0,56.0,0.505535
7009.0,57.0,0.459458
7009.0,58.0,0.519435
7009.0,59.0,0.56842
7009.0,60.0,0.526191
7009.0,61.0,0.49859
7009.0,62.0,0.527073
7009.0,63.0,0.52528
7009.0,64.0,0.591764
7009.0,65.0,0.496947
7009.0,66.0,0.501704
7009.0,67.0,0.560122
7009.0,68.0,0.415438
7009.0,69.0,0.512282
7009.0,70.0,0.578546
7009.0,71.0,0.514077
7009.0,72.0,0.528404
7009.0,73.0,0.497811
7009.0,74.0,0.417471
7009.0,75.0,0.482101
7009.0,76.0,0.538526
7009.0,77.0,0.511739
7009.0,78.0,0.475423
7009.0,79.0,0.488703
7009.0,80.0,0.521974
7009.0,81.0,0.417052
7009.0,82.0,0.465657
7009.0,83.0,0.427289
7009.0,84.0,0.460137
7009.0,85.0,0.507606
7009.0,86.0,0.52911
7009.0,87.0,0.572071
7009.0,88.0,0.49096
7009.0,89.0,0.414741
7009.0,90.0,0.4817
7009.0,91.0,0.459409
7009.0,92.0,0.567587
7009.0,93.0,0.56238
7009.0,94.0,0.477784
7009.0,95.0,0.407797
7009.0,96.0,0.446223
7009.0,97.0,0.465541
7009.0,98.0,0.492945
7009.0,99.0,0.431421
7009.0,100.0,0.448182
7009.0,101.0,0.489984
7009.0,102.0,0.552932
7009.0,103.0,0.542882
7009.0,104.0,0.470215
7009.0,105.0,0.487147
7009.0,106.0,0.491014
7009.0,107.0,0.535834
7009.0,108.0,0.503479
7009.0,109.0,0.45191
7009.0,110.0,0.483272
7009.0,111.0,0.57112
7009.0,112.0,0.517573
7009.0,113.0,0.522122
7009.0,114.0,0.532891
7009.0,115.0,0.573032
7009.0,116.0,0.456408
7009.0,117.0,0.521059
7009.0,118.0,0.507635
7009.0,119.0,0.521414
7009.0,120.0,0.485108
7009.0,121.0,0.535407
7009.0,122.0,0.421688
7009.0,123.0,0.497152
7009.0,124.0,0.548594
7009.0,125.0,0.452963
7009.0,126.0,0.501751
7010.0,0.0,0.499618
7010.0,1.0,0.514159
7010.0,2.0,0.551745
7010.0,3.0,0.484833
7010.0,4.0,0.506705
7010.0,5.0,0.537759
7010.0,6.0,0.526368
7010.0,7.0,0.578469
7010.0,8.0,0.515514
7010.0,9.0,0.551809
7010.0,10.0,0.587194
7010.0,11.0,0.528709
7010.0,12.0,0.510477
7010.0,13.0,0.500283
7010.0,14.0,0.50697
7010.0,15.0,0.478042
7010.0,16.0,0.535351
7010.0,17.0,0.550871
7010.0,18.0,0.500194
7010.0,19.0,0.489798
7010.0,20.0,0.553669
7010.0,21.0,0.544332
7010.0,22.0,0.444564
7010.0,23.0,0.49848
7010.0,24.0,0.459398
7010.0,25.0,0.570848
7010.0,26.0,0.475438
7010.0,27.0,0.454446
7010.0,28.0,0.527405
7010.0,29.0,0.483858
7010.0,30.0,0.524834
7010.0,31.0,0.497279
7010.0,32.0,0.466767
7010.0,33.0,0.504935
7010.0,34.0,0.484037
7010.0,35.0,0.52445
7010.0,36.0,0.546691
7010.0,37.0,0.499443
7010.0,38.0,0.488514
7010.0,39.0,0.53778
7010.0,40.0,0.498444
7010.0,41.0,0.475601
7010.0,42.0,0.481873
7010.0,43.0,0.506983
7010.0,44.0,0.55688
7010.0,45.0,0.453339
7010.0,46.0,0.550999
7010.0,47.0,0.521738
7010.0,48.0,0.468712
7010.0,49.0,0.517067
7010.0,50.0,0.651591
7010.0,51.0,0.480381
7010.0,52.0,0.530707
7010.0,53.0,0.553793
7010.0,54.0,0.46468
7010.0,55.0,0.57216
7010.0,56.0,0.505116
7010.0,57.0,0.459546
7010.0,58.0,0.519174
7010.0,59.0,0.568616
7010.0,60.0,0.527006
7010.0,61.0,0.499598
7010.0,62.0,0.526902
7010.0,63.0,0.525092
7010.0,64.0,0.592328
7010.0,65.0,0.49752
7010.0,66.0,0.501916
7010.0,67.0,0.560171
7010.0,68.0,0.415181
7010.0,69.0,0.51178
7010.0,70.0,0.578878
7010.0,71.0,0.514235
7010.0,72.0,0.528571
7010.0,73.0,0.497909
7010.0,74.0,0.417853
7010.0,75.0,0.482217
7010.0,76.0,0.538184
7010.0,77.0,0.510915
7010.0,78.0,0.47471
7010.0,79.0,0.488072
7010.0,80.0,0.521026
7010.0,81.0,0.416404
7010.0,82.0,0.46509
7010.0,83.0,0.427185
7010.0,84.0,0.460301
7010.0,85.0,0.5084
7010.0,86.0,0.529943
7010.0,87.0,0.57174
7010.0,88.0,0.490357
7010.0,89.0,0.41498
7010.0,90.0,0.481395
7010.0,91.0,0.459197
7010.0,92.0,0.567523
7010.0,93.0,0.561891
7010.0,94.0,0.477474
7010.0,95.0,0.407388
7010.0,96.0,0.445848
7010.0,97.0,0.465155
7010.0,98.0,0.491838
7010.0,99.0,0.431348
7010.0,100.0,0.447462
7010.0,101.0,0.489311
7010.0,102.0,0.553037
7010.0,103.0,0.543284
7010.0,104.0,0.470962
7010.0,105.0,0.487648
7010.0,106.0,0.49127
7010.0,107.0,0.534821
7010.0,108.0,0.503675
7010.0,109.0,0.45204
7010.0,110.0,0.483648
7010.0,111.0,0.571514
7010.0,112.0,0.516811
7010.0,113.0,0.521815
7010.0,114.0,0.533121
7010.0,115.0,0.573239
7010.0,116.0,0.455986
7010.0,117.0,0.52106
7010.0,118.0,0.506703
7010.0,119.0,0.521235
7010.0,120.0,0.484899
7010.0,121.0,0.535635
7010.0,122.0,0.421065
7010.0,123.0,0.496752
7010.0,124.0,0.548616
7010.0,125.0,0.453054
7010.0,126.0,0.502322
8000.0,0.0,0.495313
8000.0,1.0,0.511087
8000.0,2.0,0.573866
8000.0,3.0,0.486503
8000.0,4.0,0.534595
8000.0,5.0,0.519242
8000.0,6.0,0.498258
8000.0,7.0,0.56425
8000.0,8.0,0.534139
8000.0,9.0,0.55181
8000.0,10.0,0.59968
8000.0,11.0,0.52962
8000.0,12.0,0.497646
8000.0,13.0,0.519396
8000.0,14.0,0.517443
8000.0,15.0,0.47565
8000.0,16.0,0.536338
8000.0,17.0,0.553187
8000.0,18.0,0.508783
8000.0,19.0,0.483538
8000.0,20.0,0.541812
8000.0,21.0,0.550835
8000.0,22.0,0.430699
8000.0,23.0,0.506203
8000.0,24.0,0.449075
8000.0,25.0,0.562564
8000.0,26.0,0.475372
8000.0,27.0,0.467269
8000.0,28.0,0.528617
8000.0,29.0,0.4848
8000.0,30.0,0.56373
8000.0,31.0,0.494953
8000.0,32.0,0.461225
8000.0,33.0,0.491554
8000.0,34.0,0.487329
8000.0,35.0,0.521111
8000.0,36.0,0.548088
8000.0,37.0,0.501272
8000.0,38.0,0.490776
8000.0,39.0,0.510924
8000.0,40.0,0.496396
8000.0,41.0,0.45912
8000.0,42.0,0.479178
8000.0,43.0,0.519915
8000.0,44.0,0.563659
8000.0,45.0,0.470098
8000.0,46.0,0.554569
8000.0,47.0,0.521103
8000.0,48.0,0.484417
8000.0,49.0,0.51844
8000.0,50.0,0.64628
8000.0,51.0,0.504579
8000.0,52.0,0.549348
8000.0,53.0,0.552143
8000.0,54.0,0.456131
8000.0,55.0,0.590476
8000.0,56.0,0.505176
8000.0,57.0,0.486055
8000.0,58.0,0.512821
8000.0,59.0,0.555281
8000.0,60.0,0.53115
8000.0,61.0,0.506839
8000.0,62.0,0.542241
8000.0,63.0,0.532778
8000.0,64.0,0.575398
8000.0,65.0,0.491731
8000.0,66.0,0.511099
8000.0,67.0,0.572306
8000.0,68.0,0.403907
8000.0,69.0,0.503904
8000.0,70.0,0.580834
8000.0,71.0,0.511171
8000.0,72.0,0.522561
8000.0,73.0,0.515712
8000.0,74.0,0.406205
8000.0,75.0,0.460879
8000.0,76.0,0.519913
8000.0,77.0,0.516726
8000.0,78.0,0.489759
8000.0,79.0,0.519174
8000.0,80.0,0.512999
8000.0,81.0,0.39702
8000.0,82.0,0.484646
8000.0,83.0,0.399232
8000.0,84.0,0.488114
8000.0,85.0,0.515899
8000.0,86.0,0.516439
8000.0,87.0,0.567587
8000.0,88.0,0.511883
8000.0,89.0,0.431579
8000.0,90.0,0.469525
8000.0,91.0,0.438242
8000.0,92.0,0.590952
8000.0,93.0,0.569593
8000.0,94.0,0.462572
8000.0,95.0,0.405673
8000.0,96.0,0.425471
8000.0,97.0,0.443005
8000.0,98.0,0.498671
8000.0,99.0,0.436853
8000.0,100.0,0.446147
8000.0,101.0,0.482883
8000.0,102.0,0.556307
8000.0,103.0,0.557821
8000.0,104.0,0.469561
8000.0,105.0,0.502271
8000.0,106.0,0.51133
8000.0,107.0,0.529188
8000.0,108.0,0.502867
8000.0,109.0,0.425172
8000.0,110.0,0.482901
8000.0,111.0,0.582838
8000.0,112.0,0.523017
8000.0,113.0,0.510093
8000.0,114.0,0.53353
8000.0,115.0,0.540228
8000.0,116.0,0.458473
8000.0,117.0,0.539843
8000.0,118.0,0.486315
8000.0,119.0,0.509022
8000.0,120.0,0.495008
8000.0,121.0,0.541216
8000.0,122.0,0.427155
8000.0,123.0,0.503405
8000.0,124.0,0.547159
8000.0,125.0,0.425473
8000.0,126.0,0.511746
8001.0,0.0,0.495219
8001.0,1.0,0.511872
8001.0,2.0,0.573377
8001.0,3.0,0.486616
8001.0,4.0,0.535711
8001.0,5.0,0.518987
8001.0,6.0,0.497494
8001.0,7.0,0.563927
8001.0,8.0,0.534114
8001.0,9.0,0.55179
8001.0,10.0,0.599888
8001.0,11.0,0.529788
8001.0,12.0,0.498382
8001.0,13.0,0.519179
8001.0,14.0,0.517334
8001.0,15.0,0.47616
8001.0,16.0,0.535783
8001.0,17.0,0.553035
8001.0,18.0,0.50897
8001.0,19.0,0.483818
8001.0,20.0,0.541933
8001.0,21.0,0.550285
8001.0,22.0,0.431485
8001.0,23.0,0.506321
8001.0,24.0,0.448436
8001.0,25.0,0.56176
8001.0,26.0,0.475243
8001.0,27.0,0.467058
8001.0,28.0,0.529172
8001.0,29.0,0.484461
8001.0,30.0,0.56321
8001.0,31.0,0.494873
8001.0,32.0,0.460934
8001.0,33.0,0.490594
8001.0,34.0,0.487379
8001.0,35.0,0.521609
8001.0,36.0,0.547835
8001.0,37.0,0.501304
8001.0,38.0,0.490568
8001.0,39.0,0.511501
8001.0,40.0,0.495924
8001.0,41.0,0.459677
8001.0,42.0,0.479116
8001.0,43.0,0.520025
8001.0,44.0,0.563818
8001.0,45.0,0.469148
8001.0,46.0,0.55517
8001.0,47.0,0.521323
8001.0,48.0,0.485042
8001.0,49.0,0.518547
8001.0,50.0,0.645955
8001.0,51.0,0.504538
8001.0,52.0,0.549385
8001.0,53.0,0.553227
8001.0,54.0,0.455842
8001.0,55.0,0.590178
8001.0,56.0,0.505604
8001.0,57.0,0.486173
8001.0,58.0,0.511905
8001.0,59.0,0.554742
8001.0,60.0,0.530661
8001.0,61.0,0.507051
8001.0,62.0,0.541865
8001.0,63.0,0.533603
8001.0,64.0,0.575821
8001.0,65.0,0.491641
8001.0,66.0,0.510244
8001.0,67.0,0.572718
8001.0,68.0,0.403733
8001.0,69.0,0.504545
8001.0,70.0,0.580724
8001.0,71.0,0.511176
8001.0,72.0,0.522588
8001.0,73.0,0.516182
8001.0,74.0,0.405971
8001.0,75.0,0.460839
8001.0,76.0,0.519701
8001.0,77.0,0.516424
8001.0,78.0,0.490276
8001.0,79.0,0.51846
8001.0,80.0,0.512861
8001.0,81.0,0.397507
8001.0,82.0,0.484275
8001.0,83.0,0.399073
8001.0,84.0,0.487517
8001.0,85.0,0.516016
8001.0,86.0,0.5169
8001.0,87.0,0.56832
8001.0,88.0,0.512439
8001.0,89.0,0.43164
8001.0,90.0,0.469237
8001.0,91.0,0.438503
8001.0,92.0,0.590941
8001.0,93.0,0.570106
8001.0,94.0,0.46175
8001.0,95.0,0.405161
8001.0,96.0,0.425464
8001.0,97.0,0.443432
8001.0,98.0,0.498791
8001.0,99.0,0.436071
8001.0,100.0,0.445945
8001.0,101.0,0.482585
8001.0,102.0,0.556143
8001.0,103.0,0.559296
8001.0,104.0,0.469234
8001.0,105.0,0.501984
8001.0,106.0,0.511389
8001.0,107.0,0.529343
8001.0,108.0,0.504044
8001.0,109.0,0.424944
8001.0,110.0,0.482137
8001.0,111.0,0.583142
8001.0,112.0,0.522534
8001.0,113.0,0.509817
8001.0,114.0,0.533683
8001.0,115.0,0.540318
8001.0,116.0,0.458113
8001.0,117.0,0.540809
8001.0,118.0,0.486466
8001.0,119.0,0.508884
8001.0,120.0,0.495282
8001.0,121.0,0.541329
8001.0,122.0,0.426617
8001.0,123.0,0.503927
8001.0,124.0,0.547489
8001.0,125.0,0.425781
8001.0,126.0,0.512037
8002.0,0.0,0.495535
8002.0,1.0,0.512151
8002.0,2.0,0.573646
8002.0,3.0,0.486562
8002.0,4.0,0.535645
8002.0,5.0,0.518643
8002.0,6.0,0.499009
8002.0,7.0,0.564966
8002.0,8.0,0.534359
8002.0,9.0,0.551649
8002.0,10.0,0.600704
8002.0,11.0,0.52995
8002.0,12.0,0.499141
8002.0,13.0,0.5191
8002.0,14.0,0.51725
8002.0,15.0,0.476392
8002.0,16.0,0.53567
8002.0,17.0,0.552603
8002.0,18.0,0.508595
8002.0,19.0,0.48306
8002.0,20.0,0.543225
8002.0,21.0,0.550082
8002.0,22.0,0.431532
8002.0,23.0,0.506374
8002.0,24.0,0.448682
8002.0,25.0,0.561229
8002.0,26.0,0.4748
8002.0,27.0,0.468981
8002.0,28.0,0.529085
8002.0,29.0,0.483792
8002.0,30.0,0.563247
8002.0,31.0,0.494474
8002.0,32.0,0.461074
8002.0,33.0,0.490217
8002.0,34.0,0.486686
8002.0,35.0,0.521355
8002.0,36.0,0.54835
8002.0,37.0,0.50177
8002.0,38.0,0.490659
8002.0,39.0,0.511273
8002.0,40.0,0.49684
8002.0,41.0,0.459714
8002.0,42.0,0.479796
8002.0,43.0,0.520019
8002.0,44.0,0.562791
8002.0,45.0,0.469557
8002.0,46.0,0.555248
8002.0,47.0,0.521595
8002.0,48.0,0.484031
8002.0,49.0,0.51799
8002.0,50.0,0.645499
8002.0,51.0,0.504769
8002.0,52.0,0.548264
8002.0,53.0,0.553391
8002.0,54.0,0.455044
8002.0,55.0,0.589312
8002.0,56.0,0.505483
8002.0,57.0,0.484932
8002.0,58.0,0.512098
8002.0,59.0,0.555357
8002.0,60.0,0.530366
8002.0,61.0,0.507773
8002.0,62.0,0.542085
8002.0,63.0,0.53397
8002.0,64.0,0.576711
8002.0,65.0,0.491341
8002.0,66.0,0.510619
8002.0,67.0,0.572841
8002.0,68.0,0.403302
8002.0,69.0,0.50516
8002.0,70.0,0.58121
8002.0,71.0,0.511511
8002.0,72.0,0.522732
8002.0,73.0,0.516629
8002.0,74.0,0.406892
8002.0,75.0,0.460423
8002.0,76.0,0.518891
8002.0,77.0,0.516143
8002.0,78.0,0.489565
8002.0,79.0,0.518221
8002.0,80.0,0.512389
8002.0,81.0,0.397071
8002.0,82.0,0.484712
8002.0,83.0,0.398829
8002.0,84.0,0.487442
8002.0,85.0,0.516608
8002.0,86.0,0.516637
8002.0,87.0,0.568808
8002.0,88.0,0.512135
8002.0,89.0,0.431584
8002.0,90.0,0.468423
8002.0,91.0,0.437875
8002.0,92.0,0.591741
8002.0,93.0,0.570458
8002.0,94.0,0.462351
8002.0,95.0,0.404985
8002.0,96.0,0.424966
8002.0,97.0,0.443443
8002.0,98.0,0.499399
8002.0,99.0,0.436162
8002.0,100.0,0.44607
8002.0,101.0,0.482514
8002.0,102.0,0.555871
8002.0,103.0,0.558552
8002.0,104.0,0.46945
8002.0,105.0,0.502425
8002.0,106.0,0.510695
8002.0,107.0,0.529238
8002.0,108.0,0.502709
8002.0,109.0,0.424611
8002.0,110.0,0.482675
8002.0,111.0,0.582938
8002.0,112.0,0.522576
8002.0,113.0,0.51038
8002.0,114.0,0.533567
8002.0,115.0,0.540634
8002.0,116.0,0.458878
8002.0,117.0,0.540668
8002.0,118.0,0.486037
8002.0,119.0,0.509097
8002.0,120.0,0.494844
8002.0,121.0,0.54218
8002.0,122.0,0.42695
8002.0,123.0,0.503593
8002.0,124.0,0.547683
8002.0,125.0,0.426757
8002.0,126.0,0.512273
8003.0,0.0,0.495273
8003.0,1.0,0.512215
8003.0,2.0,0.573867
8003.0,3.0,0.487441
8003.0,4.0,0.535938
8003.0,5.0,0.518859
8003.0,6.0,0.499227
8003.0,7.0,0.565503
8003.0,8.0,0.534191
8003.0,9.0,0.550555
8003.0,10.0,0.601098
8003.0,11.0,0.530366
8003.0,12.0,0.498542
8003.0,13.0,0.518994
8003.0,14.0,0.517855
8003.0,15.0,0.477308
8003.0,16.0,0.536803
8003.0,17.0,0.552906
8003.0,18.0,0.508815
8003.0,19.0,0.482246
8003.0,20.0,0.543274
8003.0,21.0,0.550085
8003.0,22.0,0.432114
8003.0,23.0,0.506438
8003.0,24.0,0.448639
8003.0,25.0,0.561241
8003.0,26.0,0.474321
8003.0,27.0,0.468635
8003.0,28.0,0.528297
8003.0,29.0,0.483896
8003.0,30.0,0.56303
8003.0,31.0,0.494133
8003.0,32.0,0.461335
8003.0,33.0,0.490733
8003.0,34.0,0.48647
8003.0,35.0,0.520964
8003.0,36.0,0.548684
8003.0,37.0,0.502434
8003.0,38.0,0.490838
8003.0,39.0,0.511322
8003.0,40.0,0.496415
8003.0,41.0,0.459181
8003.0,42.0,0.480185
8003.0,43.0,0.519402
8003.0,44.0,0.562777
8003.0,45.0,0.470205
8003.0,46.0,0.555407
8003.0,47.0,0.52038
8003.0,48.0,0.483946
8003.0,49.0,0.518433
8003.0,50.0,0.64526
8003.0,51.0,0.504327
8003.0,52.0,0.54787
8003.0,53.0,0.553292
8003.0,54.0,0.454016
8003.0,55.0,0.589024
8003.0,56.0,0.505693
8003.0,57.0,0.483989
8003.0,58.0,0.51221
8003.0,59.0,0.55568
8003.0,60.0,0.52991
8003.0,61.0,0.508148
8003.0,62.0,0.54276
8003.0,63.0,0.533363
8003.0,64.0,0.578076
8003.0,65.0,0.49112
8003.0,66.0,0.510138
8003.0,67.0,0.573124
8003.0,68.0,0.403387
8003.0,69.0,0.505515
8003.0,70.0,0.581505
8003.0,71.0,0.511543
8003.0,72.0,0.523056
8003.0,73.0,0.515456
8003.0,74.0,0.406476
8003.0,75.0,0.46107
8003.0,76.0,0.519579
8003.0,77.0,0.517089
8003.0,78.0,0.489806
8003.0,79.0,0.517931
8003.0,80.0,0.512733
8003.0,81.0,0.396854
8003.0,82.0,0.485276
8003.0,83.0,0.398698
8003.0,84.0,0.486691
8003.0,85.0,0.516919
8003.0,86.0,0.516105
8003.0,87.0,0.568918
8003.0,88.0,0.51277
8003.0,89.0,0.431456
8003.0,90.0,0.469003
8003.0,91.0,0.438833
8003.0,92.0,0.592297
8003.0,93.0,0.570439
8003.0,94.0,0.462581
8003.0,95.0,0.404247
8003.0,96.0,0.425065
8003.0,97.0,0.443665
8003.0,98.0,0.499272
8003.0,99.0,0.435897
8003.0,100.0,0.446477
8003.0,101.0,0.48271
8003.0,102.0,0.556721
8003.0,103.0,0.558846
8003.0,104.0,0.469116
8003.0,105.0,0.502325
8003.0,106.0,0.510888
8003.0,107.0,0.528929
8003.0,108.0,0.502469
8003.0,109.0,0.424833
8003.0,110.0,0.483192
8003.0,111.0,0.583561
8003.0,112.0,0.522899
8003.0,113.0,0.510789
8003.0,114.0,0.532982
8003.0,115.0,0.541018
8003.0,116.0,0.459655
8003.0,117.0,0.540714
8003.0,118.0,0.485937
8003.0,119.0,0.50857
8003.0,120.0,0.495595
8003.0,121.0,0.541341
8003.0,122.0,0.426976
8003.0,123.0,0.503746
8003.0,124.0,0.547946
8003.0,125.0,0.426616
8003.0,126.0,0.512945
8004.0,0.0,0.495477
8004.0,1.0,0.511904
8004.0,2.0,0.573521
8004.0,3.0,0.487691
8004.0,4.0,0.536195
8004.0,5.0,0.520025
8004.0,6.0,0.499895
8004.0,7.0,0.565452
8004.0,8.0,0.535209
8004.0,9.0,0.550578
8004.0,10.0,0.601497
8004.0,11.0,0.530267
8004.0,12.0,0.498081
8004.0,13.0,0.518246
8004.0,14.0,0.51825
8004.0,15.0,0.476679
8004.0,16.0,0.536504
8004.0,17.0,0.553856
8004.0,18.0,0.509346
8004.0,19.0,0.4829
8004.0,20.0,0.543067
8004.0,21.0,0.550382
8004.0,22.0,0.433237
8004.0,23.0,0.505735
8004.0,24.0,0.449112
8004.0,25.0,0.562277
8004.0,26.0,0.474316
8004.0,27.0,0.468732
8004.0,28.0,0.528586
8004.0,29.0,0.483325
8004.0,30.0,0.563265
8004.0,31.0,0.493887
8004.0,32.0,0.461241
8004.0,33.0,0.490629
8004.0,34.0,0.486318
8004.0,35.0,0.521572
8004.0,36.0,0.548892
8004.0,37.0,0.501436
8004.0,38.0,0.490303
8004.0,39.0,0.510887
8004.0,40.0,0.495868
8004.0,41.0,0.459063
8004.0,42.0,0.480003
8004.0,43.0,0.519231
8004.0,44.0,0.563287
8004.0,45.0,0.469526
8004.0,46.0,0.55496
8004.0,47.0,0.520385
8004.0,48.0,0.483989
8004.0,49.0,0.518611
8004.0,50.0,0.64549
8004.0,51.0,0.503913
8004.0,52.0,0.547348
8004.0,53.0,0.55376
8004.0,54.0,0.453446
8004.0,55.0,0.59005
8004.0,56.0,0.50641
8004.0,57.0,0.483875
8004.0,58.0,0.511602
8004.0,59.0,0.555918
8004.0,60.0,0.529704
8004.0,61.0,0.508042
8004.0,62.0,0.542253
8004.0,63.0,0.533277
8004.0,64.0,0.578026
8004.0,65.0,0.4916
8004.0,66.0,0.510284
8004.0,67.0,0.572754
8004.0,68.0,0.403552
8004.0,69.0,0.506009
8004.0,70.0,0.581873
8004.0,71.0,0.510282
8004.0,72.0,0.522428
8004.0,73.0,0.516384
8004.0,74.0,0.406455
8004.0,75.0,0.460392
8004.0,76.0,0.518687
8004.0,77.0,0.516427
8004.0,78.0,0.489673
8004.0,79.0,0.518078
8004.0,80.0,0.512778
8004.0,81.0,0.397164
8004.0,82.0,0.485196
8004.0,83.0,0.398473
8004.0,84.0,0.486221
8004.0,85.0,0.518242
8004.0,86.0,0.515896
8004.0,87.0,0.56876
8004.0,88.0,0.513527
8004.0,89.0,0.431089
8004.0,90.0,0.46873
8004.0,91.0,0.439457
8004.0,92.0,0.592436
8004.0,93.0,0.569995
8004.0,94.0,0.46231
8004.0,95.0,0.404048
8004.0,96.0,0.424145
8004.0,97.0,0.443207
8004.0,98.0,0.500232
8004.0,99.0,0.435765
8004.0,100.0,0.446007
8004.0,101.0,0.48208
8004.0,102.0,0.556249
8004.0,103.0,0.559131
8004.0,104.0,0.468542
8004.0,105.0,0.502843
8004.0,106.0,0.510814
8004.0,107.0,0.528458
8004.0,108.0,0.50278
8004.0,109.0,0.424983
8004.0,110.0,0.482588
8004.0,111.0,0.582908
8004.0,112.0,0.522926
8004.0,113.0,0.510155
8004.0,114.0,0.531834
8004.0,115.0,0.540793
8004.0,116.0,0.460575
8004.0,117.0,0.540215
8004.0,118.0,0.486865
8004.0,119.0,0.508584
8004.0,120.0,0.495332
8004.0,121.0,0.541985
8004.0,122.0,0.426795
8004.0,123.0,0.503321
8004.0,124.0,0.547559
8004.0,125.0,0.426585
8004.0,126.0,0.513351
8005.0,0.0,0.495855
8005.0,1.0,0.512144
8005.0,2.0,0.573826
8005.0,3.0,0.487266
8005.0,4.0,0.535747
8005.0,5.0,0.520187
8005.0,6.0,0.500305
8005.0,7.0,0.566674
8005.0,8.0,0.534752
8005.0,9.0,0.550962
8005.0,10.0,0.601442
8005.0,11.0,0.529623
8005.0,12.0,0.498114
8005.0,13.0,0.518565
8005.0,14.0,0.518824
8005.0,15.0,0.476686
8005.0,16.0,0.53684
8005.0,17.0,0.553651
8005.0,18.0,0.50962
8005.0,19.0,0.483597
8005.0,20.0,0.543091
8005.0,21.0,0.550815
8005.0,22.0,0.433669
8005.0,23.0,0.50597
8005.0,24.0,0.448321
8005.0,25.0,0.562069
8005.0,26.0,0.474731
8005.0,27.0,0.468225
8005.0,28.0,0.528742
8005.0,29.0,0.483152
8005.0,30.0,0.562824
8005.0,31.0,0.493822
8005.0,32.0,0.461391
8005.0,33.0,0.491044
8005.0,34.0,0.486241
8005.0,35.0,0.521137
8005.0,36.0,0.548685
8005.0,37.0,0.501035
8005.0,38.0,0.491387
8005.0,39.0,0.511419
8005.0,40.0,0.495251
8005.0,41.0,0.459737
8005.0,42.0,0.479849
8005.0,43.0,0.519828
8005.0,44.0,0.563193
8005.0,45.0,0.469907
8005.0,46.0,0.554975
8005.0,47.0,0.52036
8005.0,48.0,0.48431
8005.0,49.0,0.518584
8005.0,50.0,0.64572
8005.0,51.0,0.503623
8005.0,52.0,0.547642
8005.0,53.0,0.553398
8005.0,54.0,0.454006
8005.0,55.0,0.590169
8005.0,56.0,0.505878
8005.0,57.0,0.483705
8005.0,58.0,0.511757
8005.0,59.0,0.55592
8005.0,60.0,0.529613
8005.0,61.0,0.509044
8005.0,62.0,0.541689
8005.0,63.0,0.533988
8005.0,64.0,0.57878
8005.0,65.0,0.491248
8005.0,66.0,0.510643
8005.0,67.0,0.571796
8005.0,68.0,0.402896
8005.0,69.0,0.50602
8005.0,70.0,0.582598
8005.0,71.0,0.510709
8005.0,72.0,0.523013
8005.0,73.0,0.516561
8005.0,74.0,0.407428
8005.0,75.0,0.459712
8005.0,76.0,0.51827
8005.0,77.0,0.516624
8005.0,78.0,0.489091
8005.0,79.0,0.517046
8005.0,80.0,0.51229
8005.0,81.0,0.397306
8005.0,82.0,0.48507
8005.0,83.0,0.398644
8005.0,84.0,0.486376
8005.0,85.0,0.519232
8005.0,86.0,0.515817
8005.0,87.0,0.568039
8005.0,88.0,0.51414
8005.0,89.0,0.430961
8005.0,90.0,0.469335
8005.0,91.0,0.43959
8005.0,92.0,0.591309
8005.0,93.0,0.569636
8005.0,94.0,0.463134
8005.0,95.0,0.404072
8005.0,96.0,0.423868
8005.0,97.0,0.442198
8005.0,98.0,0.500042
8005.0,99.0,0.435764
8005.0,100.0,0.445358
8005.0,101.0,0.481804
8005.0,102.0,0.55511
8005.0,103.0,0.559279
8005.0,104.0,0.469148
8005.0,105.0,0.501983
8005.0,106.0,0.511448
8005.0,107.0,0.528905
8005.0,108.0,0.502887
8005.0,109.0,0.425009
8005.0,110.0,0.482924
8005.0,111.0,0.582328
8005.0,112.0,0.522971
8005.0,113.0,0.509307
8005.0,114.0,0.531693
8005.0,115.0,0.54068
8005.0,116.0,0.459922
8005.0,117.0,0.540739
8005.0,118.0,0.487508
8005.0,119.0,0.508524
8005.0,120.0,0.495322
8005.0,121.0,0.542316
8005.0,122.0,0.42701
8005.0,123.0,0.502529
8005.0,124.0,0.547821
8005.0,125.0,0.426034
8005.0,126.0,0.512861
8006.0,0.0,0.495799
8006.0,1.0,0.51257
8006.0,2.0,0.573408
8006.0,3.0,0.487242
8006.0,4.0,0.536103
8006.0,5.0,0.520376
8006.0,6.0,0.499053
8006.0,7.0,0.566451
8006.0,8.0,0.534413
8006.0,9.0,0.550485
8006.0,10.0,0.601683
8006.0,11.0,0.529968
8006.0,12.0,0.49802
8006.0,13.0,0.518717
8006.0,14.0,0.519233
8006.0,15.0,0.476488
8006.0,16.0,0.537763
8006.0,17.0,0.554133
8006.0,18.0,0.509099
8006.0,19.0,0.4839
8006.0,20.0,0.543401
8006.0,21.0,0.550959
8006.0,22.0,0.433269
8006.0,23.0,0.506281
8006.0,24.0,0.448351
8006.0,25.0,0.563042
8006.0,26.0,0.47534
8006.0,27.0,0.469262
8006.0,28.0,0.528565
8006.0,29.0,0.483462
8006.0,30.0,0.562603
8006.0,31.0,0.493765
8006.0,32.0,0.461629
8006.0,33.0,0.490519
8006.0,34.0,0.486478
8006.0,35.0,0.521313
8006.0,36.0,0.548745
8006.0,37.0,0.501179
8006.0,38.0,0.491789
8006.0,39.0,0.511546
8006.0,40.0,0.495777
8006.0,41.0,0.45856
8006.0,42.0,0.479169
8006.0,43.0,0.5195
8006.0,44.0,0.563532
8006.0,45.0,0.470646
8006.0,46.0,0.55477
8006.0,47.0,0.518725
8006.0,48.0,0.484667
8006.0,49.0,0.518528
8006.0,50.0,0.645633
8006.0,51.0,0.503851
8006.0,52.0,0.546566
8006.0,53.0,0.552605
8006.0,54.0,0.454185
8006.0,55.0,0.589853
8006.0,56.0,0.50665
8006.0,57.0,0.484291
8006.0,58.0,0.512824
8006.0,59.0,0.556431
8006.0,60.0,0.529765
8006.0,61.0,0.508623
8006.0,62.0,0.542381
8006.0,63.0,0.533767
8006.0,64.0,0.578852
8006.0,65.0,0.490924
8006.0,66.0,0.511016
8006.0,67.0,0.571321
8006.0,68.0,0.402571
8006.0,69.0,0.505734
8006.0,70.0,0.582005
8006.0,71.0,0.510359
8006.0,72.0,0.523072
8006.0,73.0,0.516769
8006.0,74.0,0.407768
8006.0,75.0,0.460243
8006.0,76.0,0.519449
8006.0,77.0,0.51638
8006.0,78.0,0.489281
8006.0,79.0,0.516916
8006.0,80.0,0.513086
8006.0,81.0,0.398071
8006.0,82.0,0.48543
8006.0,83.0,0.398487
8006.0,84.0,0.48674
8006.0,85.0,0.520344
8006.0,86.0,0.515004
8006.0,87.0,0.568098
8006.0,88.0,0.514868
8006.0,89.0,0.430566
8006.0,90.0,0.469417
8006.0,91.0,0.439322
8006.0,92.0,0.590677
8006.0,93.0,0.569162
8006.0,94.0,0.463477
8006.0,95.0,0.403994
8006.0,96.0,0.424106
8006.0,97.0,0.441997
8006.0,98.0,0.499363
8006.0,99.0,0.435684
8006.0,100.0,0.445197
8006.0,101.0,0.481268
8006.0,102.0,0.554862
8006.0,103.0,0.559036
8006.0,104.0,0.469587
8006.0,105.0,0.502777
8006.0,106.0,0.511223
8006.0,107.0,0.528414
8006.0,108.0,0.502882
8006.0,109.0,0.424808
8006.0,110.0,0.482823
8006.0,111.0,0.581909
8006.0,112.0,0.523345
8006.0,113.0,0.509985
8006.0,114.0,0.531437
8006.0,115.0,0.54032
8006.0,116.0,0.460413
8006.0,117.0,0.540858
8006.0,118.0,0.487661
8006.0,119.0,0.508326
8006.0,120.0,0.495263
8006.0,121.0,0.541845
8006.0,122.0,0.427632
8006.0,123.0,0.502142
8006.0,124.0,0.548028
8006.0,125.0,0.425632
8006.0,126.0,0.513191
8007.0,0.0,0.495841
8007.0,1.0,0.513446
8007.0,2.0,0.57383
8007.0,3.0,0.487315
8007.0,4.0,0.536666
8007.0,5.0,0.519695
8007.0,6.0,0.499136
8007.0,7.0,0.566405
8007.0,8.0,0.535554
8007.0,9.0,0.55041
8007.0,10.0,0.601466
8007.0,11.0,0.529881
8007.0,12.0,0.498371
8007.0,13.0,0.517818
8007.0,14.0,0.518472
8007.0,15.0,0.476794
8007.0,16.0,0.537666
8007.0,17.0,0.55395
8007.0,18.0,0.509782
8007.0,19.0,0.483931
8007.0,20.0,0.543405
8007.0,21.0,0.550828
8007.0,22.0,0.433203
8007.0,23.0,0.50698
8007.0,24.0,0.448045
8007.0,25.0,0.56248
8007.0,26.0,0.47487
8007.0,27.0,0.469605
8007.0,28.0,0.526959
8007.0,29.0,0.484031
8007.0,30.0,0.562222
8007.0,31.0,0.493668
8007.0,32.0,0.461616
8007.0,33.0,0.490997
8007.0,34.0,0.486563
8007.0,35.0,0.521057
8007.0,36.0,0.548393
8007.0,37.0,0.50101
8007.0,38.0,0.49122
8007.0,39.0,0.511086
8007.0,40.0,0.495301
8007.0,41.0,0.458739
8007.0,42.0,0.479456
8007.0,43.0,0.52028
8007.0,44.0,0.563271
8007.0,45.0,0.470599
8007.0,46.0,0.554604
8007.0,47.0,0.51773
8007.0,48.0,0.484315
8007.0,49.0,0.517763
8007.0,50.0,0.645071
8007.0,51.0,0.504049
8007.0,52.0,0.547039
8007.0,53.0,0.553117
8007.0,54.0,0.453764
8007.0,55.0,0.590208
8007.0,56.0,0.506959
8007.0,57.0,0.483717
8007.0,58.0,0.513256
8007.0,59.0,0.556711
8007.0,60.0,0.530894
8007.0,61.0,0.508612
8007.0,62.0,0.542387
8007.0,63.0,0.53432
8007.0,64.0,0.578533
8007.0,65.0,0.491064
8007.0,66.0,0.510697
8007.0,67.0,0.571599
8007.0,68.0,0.401901
8007.0,69.0,0.505333
8007.0,70.0,0.581736
8007.0,71.0,0.510383
8007.0,72.0,0.523205
8007.0,73.0,0.516816
8007.0,74.0,0.408023
8007.0,75.0,0.460133
8007.0,76.0,0.519369
8007.0,77.0,0.516354
8007.0,78.0,0.488844
8007.0,79.0,0.516358
8007.0,80.0,0.512237
8007.0,81.0,0.398771
8007.0,82.0,0.48558
8007.0,83.0,0.398922
8007.0,84.0,0.487678
8007.0,85.0,0.521006
8007.0,86.0,0.514443
8007.0,87.0,0.568158
8007.0,88.0,0.515082
8007.0,89.0,0.430903
8007.0,90.0,0.469491
8007.0,91.0,0.437681
8007.0,92.0,0.589861
8007.0,93.0,0.569742
8007.0,94.0,0.463906
8007.0,95.0,0.403497
8007.0,96.0,0.423839
8007.0,97.0,0.442405
8007.0,98.0,0.49942
8007.0,99.0,0.436644
8007.0,100.0,0.445968
8007.0,101.0,0.48129
8007.0,102.0,0.555725
8007.0,103.0,0.55872
8007.0,104.0,0.469725
8007.0,105.0,0.501987
8007.0,106.0,0.51155
8007.0,107.0,0.529178
8007.0,108.0,0.503438
8007.0,109.0,0.424454
8007.0,110.0,0.483323
8007.0,111.0,0.582393
8007.0,112.0,0.522862
8007.0,113.0,0.510229
8007.0,114.0,0.531676
8007.0,115.0,0.53967
8007.0,116.0,0.459875
8007.0,117.0,0.540776
8007.0,118.0,0.488116
8007.0,119.0,0.509296
8007.0,120.0,0.495283
8007.0,121.0,0.542811
8007.0,122.0,0.427354
8007.0,123.0,0.502832
8007.0,124.0,0.547946
8007.0,125.0,0.42602
8007.0,126.0,0.513028
8008.0,0.0,0.49628
8008.0,1.0,0.513096
8008.0,2.0,0.573752
8008.0,3.0,0.486813
8008.0,4.0,0.536809
8008.0,5.0,0.519273
8008.0,6.0,0.499633
8008.0,7.0,0.566862
8008.0,8.0,0.535637
8008.0,9.0,0.550865
8008.0,10.0,0.601309
8008.0,11.0,0.529264
8008.0,12.0,0.498947
8008.0,13.0,0.517774
8008.0,14.0,0.518343
8008.0,15.0,0.477683
8008.0,16.0,0.53797
8008.0,17.0,0.553871
8008.0,18.0,0.509793
8008.0,19.0,0.483526
8008.0,20.0,0.543668
8008.0,21.0,0.550302
8008.0,22.0,0.432886
8008.0,23.0,0.506194
8008.0,24.0,0.447327
8008.0,25.0,0.56314
8008.0,26.0,0.474964
8008.0,27.0,0.469605
8008.0,28.0,0.527049
8008.0,29.0,0.483339
8008.0,30.0,0.561544
8008.0,31.0,0.493187
8008.0,32.0,0.461267
8008.0,33.0,0.491225
8008.0,34.0,0.48707
8008.0,35.0,0.521047
8008.0,36.0,0.548344
8008.0,37.0,0.501056
8008.0,38.0,0.489982
8008.0,39.0,0.511096
8008.0,40.0,0.494889
8008.0,41.0,0.458692
8008.0,42.0,0.479407
8008.0,43.0,0.52065
8008.0,44.0,0.562676
8008.0,45.0,0.471238
8008.0,46.0,0.554507
8008.0,47.0,0.517443
8008.0,48.0,0.484216
8008.0,49.0,0.517726
8008.0,50.0,0.645467
8008.0,51.0,0.50476
8008.0,52.0,0.547572
8008.0,53.0,0.553603
8008.0,54.0,0.454436
8008.0,55.0,0.590388
8008.0,56.0,0.506968
8008.0,57.0,0.483458
8008.0,58.0,0.512938
8008.0,59.0,0.55636
8008.0,60.0,0.530818
8008.0,61.0,0.508704
8008.0,62.0,0.542434
8008.0,63.0,0.533296
8008.0,64.0,0.578811
8008.0,65.0,0.491081
8008.0,66.0,0.511141
8008.0,67.0,0.570596
8008.0,68.0,0.402317
8008.0,69.0,0.504806
8008.0,70.0,0.581185
8008.0,71.0,0.509806
8008.0,72.0,0.522924
8008.0,73.0,0.51602
8008.0,74.0,0.408608
8008.0,75.0,0.460301
8008.0,76.0,0.519507
8008.0,77.0,0.516971
8008.0,78.0,0.488075
8008.0,79.0,0.516675
8008.0,80.0,0.512259
8008.0,81.0,0.398397
8008.0,82.0,0.485585
8008.0,83.0,0.399016
8008.0,84.0,0.487104
8008.0,85.0,0.52137
8008.0,86.0,0.51547
8008.0,87.0,0.568249
8008.0,88.0,0.515481
8008.0,89.0,0.430698
8008.0,90.0,0.46977
8008.0,91.0,0.437505
8008.0,92.0,0.589536
8008.0,93.0,0.570433
8008.0,94.0,0.464374
8008.0,95.0,0.402816
8008.0,96.0,0.424521
8008.0,97.0,0.442489
8008.0,98.0,0.499985
8008.0,99.0,0.437214
8008.0,100.0,0.446073
8008.0,101.0,0.481543
8008.0,102.0,0.556266
8008.0,103.0,0.558312
8008.0,104.0,0.468264
8008.0,105.0,0.501992
8008.0,106.0,0.512095
8008.0,107.0,0.528758
8008.0,108.0,0.503403
8008.0,109.0,0.424945
8008.0,110.0,0.482542
8008.0,111.0,0.582274
8008.0,112.0,0.522823
8008.0,113.0,0.510538
8008.0,114.0,0.533024
8008.0,115.0,0.539299
8008.0,116.0,0.459693
8008.0,117.0,0.540898
8008.0,118.0,0.488837
8008.0,119.0,0.509116
8008.0,120.0,0.494949
8008.0,121.0,0.542294
8008.0,122.0,0.427447
8008.0,123.0,0.503214
8008.0,124.0,0.548442
8008.0,125.0,0.426096
8008.0,126.0,0.513033
8009.0,0.0,0.496874
8009.0,1.0,0.513195
8009.0,2.0,0.57428
8009.0,3.0,0.487234
8009.0,4.0,0.537178
8009.0,5.0,0.518211
8009.0,6.0,0.499369
8009.0,7.0,0.567569
8009.0,8.0,0.535383
8009.0,9.0,0.550013
8009.0,10.0,0.601259
8009.0,11.0,0.529836
8009.0,12.0,0.498343
8009.0,13.0,0.517864
8009.0,14.0,0.518029
8009.0,15.0,0.478252
8009.0,16.0,0.538236
8009.0,17.0,0.55381
8009.0,18.0,0.509562
8009.0,19.0,0.483456
8009.0,20.0,0.544281
8009.0,21.0,0.549451
8009.0,22.0,0.432818
8009.0,23.0,0.506178
8009.0,24.0,0.446247
8009.0,25.0,0.563893
8009.0,26.0,0.475787
8009.0,27.0,0.468165
8009.0,28.0,0.527314
8009.0,29.0,0.482677
8009.0,30.0,0.561836
8009.0,31.0,0.493295
8009.0,32.0,0.462041
8009.0,33.0,0.490916
8009.0,34.0,0.487437
8009.0,35.0,0.520726
8009.0,36.0,0.547903
8009.0,37.0,0.500637
8009.0,38.0,0.490003
8009.0,39.0,0.510637
8009.0,40.0,0.495234
8009.0,41.0,0.458852
8009.0,42.0,0.479553
8009.0,43.0,0.521206
8009.0,44.0,0.562796
8009.0,45.0,0.471716
8009.0,46.0,0.554362
8009.0,47.0,0.51769
8009.0,48.0,0.483922
8009.0,49.0,0.518015
8009.0,50.0,0.645252
8009.0,51.0,0.504318
8009.0,52.0,0.547955
8009.0,53.0,0.553185
8009.0,54.0,0.453889
8009.0,55.0,0.589811
8009.0,56.0,0.506334
8009.0,57.0,0.48255
8009.0,58.0,0.512791
8009.0,59.0,0.55603
8009.0,60.0,0.531402
8009.0,61.0,0.508676
8009.0,62.0,0.543031
8009.0,63.0,0.533975
8009.0,64.0,0.578196
8009.0,65.0,0.491463
8009.0,66.0,0.511322
8009.0,67.0,0.571128
8009.0,68.0,0.402714
8009.0,69.0,0.504283
8009.0,70.0,0.580036
8009.0,71.0,0.510223
8009.0,72.0,0.522704
8009.0,73.0,0.516134
8009.0,74.0,0.407743
8009.0,75.0,0.459781
8009.0,76.0,0.519268
8009.0,77.0,0.516807
8009.0,78.0,0.488486
8009.0,79.0,0.517516
8009.0,80.0,0.512161
8009.0,81.0,0.398237
8009.0,82.0,0.48549
8009.0,83.0,0.398968
8009.0,84.0,0.487024
8009.0,85.0,0.520974
8009.0,86.0,0.515359
8009.0,87.0,0.568331
8009.0,88.0,0.514871
8009.0,89.0,0.430429
8009.0,90.0,0.470203
8009.0,91.0,0.438384
8009.0,92.0,0.58987
8009.0,93.0,0.570645
8009.0,94.0,0.464758
8009.0,95.0,0.402735
8009.0,96.0,0.424053
8009.0,97.0,0.441971
8009.0,98.0,0.499091
8009.0,99.0,0.436908
8009.0,100.0,0.446792
8009.0,101.0,0.48157
8009.0,102.0,0.555692
8009.0,103.0,0.558924
8009.0,104.0,0.468194
8009.0,105.0,0.502665
8009.0,106.0,0.512138
8009.0,107.0,0.529206
8009.0,108.0,0.503579
8009.0,109.0,0.425338
8009.0,110.0,0.481874
8009.0,111.0,0.58205
8009.0,112.0,0.523203
8009.0,113.0,0.510916
8009.0,114.0,0.532725
8009.0,115.0,0.539855
8009.0,116.0,0.458715
8009.0,117.0,0.540894
8009.0,118.0,0.488813
8009.0,119.0,0.508822
8009.0,120.0,0.494801
8009.0,121.0,0.543106
8009.0,122.0,0.427823
8009.0,123.0,0.503223
8009.0,124.0,0.548705
8009.0,125.0,0.425824
8009.0,126.0,0.512926
8010.0,0.0,0.497593
8010.0,1.0,0.51368
8010.0,2.0,0.57451
8010.0,3.0,0.487037
8010.0,4.0,0.536449
8010.0,5.0,0.517935
8010.0,6.0,0.498884
8010.0,7.0,0.568443
8010.0,8.0,0.535668
8010.0,9.0,0.549206
8010.0,10.0,0.601144
8010.0,11.0,0.529627
8010.0,12.0,0.497973
8010.0,13.0,0.517084
8010.0,14.0,0.517381
8010.0,15.0,0.477972
8010.0,16.0,0.538694
8010.0,17.0,0.552413
8010.0,18.0,0.508964
8010.0,19.0,0.483237
8010.0,20.0,0.543877
8010.0,21.0,0.548807
8010.0,22.0,0.433236
8010.0,23.0,0.505741
8010.0,24.0,0.445622
8010.0,25.0,0.562815
8010.0,26.0,0.476325
8010.0,27.0,0.467219
8010.0,28.0,0.527013
8010.0,29.0,0.483213
8010.0,30.0,0.562478
8010.0,31.0,0.492679
8010.0,32.0,0.461616
8010.0,33.0,0.490828
8010.0,34.0,0.487858
8010.0,35.0,0.520573
8010.0,36.0,0.548216
8010.0,37.0,0.500102
8010.0,38.0,0.489391
8010.0,39.0,0.510905
8010.0,40.0,0.494651
8010.0,41.0,0.458602
8010.0,42.0,0.480064
8010.0,43.0,0.520393
8010.0,44.0,0.562814
8010.0,45.0,0.471762
8010.0,46.0,0.554931
8010.0,47.0,0.518266
8010.0,48.0,0.483778
8010.0,49.0,0.516926
8010.0,50.0,0.6454
8010.0,51.0,0.504207
8010.0,52.0,0.548438
8010.0,53.0,0.553448
8010.0,54.0,0.454216
8010.0,55.0,0.589761
8010.0,56.0,0.506372
8010.0,57.0,0.481448
8010.0,58.0,0.512343
8010.0,59.0,0.55608
8010.0,60.0,0.530839
8010.0,61.0,0.509203
8010.0,62.0,0.54403
8010.0,63.0,0.533927
8010.0,64.0,0.577717
8010.0,65.0,0.491915
8010.0,66.0,0.511722
8010.0,67.0,0.57111
8010.0,68.0,0.402577
8010.0,69.0,0.504246
8010.0,70.0,0.580161
8010.0,71.0,0.509353
8010.0,72.0,0.52275
8010.0,73.0,0.516568
8010.0,74.0,0.408223
8010.0,75.0,0.460185
8010.0,76.0,0.518643
8010.0,77.0,0.517504
8010.0,78.0,0.488181
8010.0,79.0,0.518107
8010.0,80.0,0.512011
8010.0,81.0,0.397633
8010.0,82.0,0.48517
8010.0,83.0,0.39928
8010.0,84.0,0.486738
8010.0,85.0,0.519698
8010.0,86.0,0.516204
8010.0,87.0,0.568485
8010.0,88.0,0.515017
8010.0,89.0,0.430123
8010.0,90.0,0.470168
8010.0,91.0,0.437898
8010.0,92.0,0.589911
8010.0,93.0,0.570429
8010.0,94.0,0.464782
8010.0,95.0,0.402161
8010.0,96.0,0.424099
8010.0,97.0,0.441713
8010.0,98.0,0.498793
8010.0,99.0,0.437412
8010.0,100.0,0.447021
8010.0,101.0,0.481866
8010.0,102.0,0.555398
8010.0,103.0,0.558849
8010.0,104.0,0.468267
8010.0,105.0,0.502102
8010.0,106.0,0.512444
8010.0,107.0,0.529304
8010.0,108.0,0.502512
8010.0,109.0,0.424307
8010.0,110.0,0.482068
8010.0,111.0,0.582735
8010.0,112.0,0.522351
8010.0,113.0,0.510914
8010.0,114.0,0.533108
8010.0,115.0,0.539935
8010.0,116.0,0.458527
8010.0,117.0,0.54054
8010.0,118.0,0.488585
8010.0,119.0,0.508564
8010.0,120.0,0.495279
8010.0,121.0,0.543159
8010.0,122.0,0.427647
8010.0,123.0,0.503527
8010.0,124.0,0.548847
8010.0,125.0,0.425775
8010.0,126.0,0.513282
9000.0,0.0,0.525561
9000.0,1.0,0.526859
9000.0,2.0,0.585417
9000.0,3.0,0.479087
9000.0,4.0,0.553004
9000.0,5.0,0.536267
9000.0,6.0,0.502981
9000.0,7.0,0.556505
9000.0,8.0,0.547376
9000.0,9.0,0.567246
9000.0,10.0,0.607922
9000.0,11.0,0.549418
9000.0,12.0,0.499136
9000.0,13.0,0.507057
9000.0,14.0,0.512344
9000.0,15.0,0.473616
9000.0,16.0,0.535023
9000.0,17.0,0.556008
9000.0,18.0,0.504422
9000.0,19.0,0.498717
9000.0,20.0,0.532004
9000.0,21.0,0.542451
9000.0,22.0,0.417812
9000.0,23.0,0.493963
9000.0,24.0,0.451335
9000.0,25.0,0.554267
9000.0,26.0,0.474865
9000.0,27.0,0.472542
9000.0,28.0,0.549081
9000.0,29.0,0.47663
9000.0,30.0,0.552587
9000.0,31.0,0.499084
9000.0,32.0,0.457482
9000.0,33.0,0.503664
9000.0,34.0,0.485035
9000.0,35.0,0.511556
9000.0,36.0,0.54611
9000.0,37.0,0.47763
9000.0,38.0,0.49699
9000.0,39.0,0.535716
9000.0,40.0,0.48084
9000.0,41.0,0.450341
9000.0,42.0,0.45714
9000.0,43.0,0.508521
9000.0,44.0,0.57608
9000.0,45.0,0.476873
9000.0,46.0,0.571765
9000.0,47.0,0.507676
9000.0,48.0,0.487546
9000.0,49.0,0.481432
9000.0,50.0,0.619878
9000.0,51.0,0.506168
9000.0,52.0,0.543784
9000.0,53.0,0.530696
9000.0,54.0,0.461738
9000.0,55.0,0.581739
9000.0,56.0,0.500346
9000.0,57.0,0.484279
9000.0,58.0,0.506207
9000.0,59.0,0.557346
9000.0,60.0,0.552428
9000.0,61.0,0.505393
9000.0,62.0,0.533352
9000.0,63.0,0.557334
9000.0,64.0,0.5749
9000.0,65.0,0.480466
9000.0,66.0,0.510534
9000.0,67.0,0.593069
9000.0,68.0,0.384987
9000.0,69.0,0.484673
9000.0,70.0,0.560199
9000.0,71.0,0.506204
9000.0,72.0,0.546193
9000.0,73.0,0.53465
9000.0,74.0,0.405291
9000.0,75.0,0.460509
9000.0,76.0,0.534002
9000.0,77.0,0.511426
9000.0,78.0,0.488581
9000.0,79.0,0.543321
9000.0,80.0,0.514634
9000.0,81.0,0.387907
9000.0,82.0,0.511523
9000.0,83.0,0.415241
9000.0,84.0,0.441788
9000.0,85.0,0.519984
9000.0,86.0,0.528295
9000.0,87.0,0.552928
9000.0,88.0,0.526364
9000.0,89.0,0.428731
9000.0,90.0,0.460332
9000.0,91.0,0.420467
9000.0,92.0,0.60064
9000.0,93.0,0.551925
9000.0,94.0,0.447117
9000.0,95.0,0.391518
9000.0,96.0,0.415395
9000.0,97.0,0.438868
9000.0,98.0,0.485886
9000.0,99.0,0.416422
9000.0,100.0,0.472269
9000.0,101.0,0.482212
9000.0,102.0,0.573141
9000.0,103.0,0.542517
9000.0,104.0,0.46498
9000.0,105.0,0.495074
9000.0,106.0,0.4879
9000.0,107.0,0.543179
9000.0,108.0,0.502933
9000.0,109.0,0.410904
9000.0,110.0,0.456238
9000.0,111.0,0.61025
9000.0,112.0,0.515225
9000.0,113.0,0.534599
9000.0,114.0,0.529342
9000.0,115.0,0.527871
9000.0,116.0,0.478289
9000.0,117.0,0.52528
9000.0,118.0,0.507466
9000.0,119.0,0.520775
9000.0,120.0,0.488033
9000.0,121.0,0.562869
9000.0,122.0,0.44088
9000.0,123.0,0.522787
9000.0,124.0,0.531248
9000.0,125.0,0.438178
9000.0,126.0,0.519926
9001.0,0.0,0.525281
9001.0,1.0,0.526968
9001.0,2.0,0.584597
9001.0,3.0,0.478574
9001.0,4.0,0.552993
9001.0,5.0,0.536292
9001.0,6.0,0.503338
9001.0,7.0,0.556376
9001.0,8.0,0.546899
9001.0,9.0,0.566588
9001.0,10.0,0.607835
9001.0,11.0,0.549509
9001.0,12.0,0.498554
9001.0,13.0,0.507492
9001.0,14.0,0.512302
9001.0,15.0,0.473522
9001.0,16.0,0.535377
9001.0,17.0,0.556248
9001.0,18.0,0.503885
9001.0,19.0,0.498537
9001.0,20.0,0.531625
9001.0,21.0,0.542615
9001.0,22.0,0.417761
9001.0,23.0,0.494238
9001.0,24.0,0.451667
9001.0,25.0,0.554638
9001.0,26.0,0.474504
9001.0,27.0,0.471468
9001.0,28.0,0.549146
9001.0,29.0,0.475945
9001.0,30.0,0.553231
9001.0,31.0,0.498865
9001.0,32.0,0.458238
9001.0,33.0,0.503408
9001.0,34.0,0.485478
9001.0,35.0,0.511147
9001.0,36.0,0.546192
9001.0,37.0,0.47815
9001.0,38.0,0.497694
9001.0,39.0,0.535753
9001.0,40.0,0.481235
9001.0,41.0,0.450449
9001.0,42.0,0.457488
9001.0,43.0,0.508562
9001.0,44.0,0.576373
9001.0,45.0,0.477545
9001.0,46.0,0.570978
9001.0,47.0,0.507666
9001.0,48.0,0.486943
9001.0,49.0,0.481273
9001.0,50.0,0.619021
9001.0,51.0,0.505806
9001.0,52.0,0.543907
9001.0,53.0,0.531485
9001.0,54.0,0.462778
9001.0,55.0,0.581178
9001.0,56.0,0.50085
9001.0,57.0,0.484422
9001.0,58.0,0.506164
9001.0,59.0,0.55698
9001.0,60.0,0.55195
9001.0,61.0,0.505617
9001.0,62.0,0.532689
9001.0,63.0,0.55695
9001.0,64.0,0.574763
9001.0,65.0,0.480342
9001.0,66.0,0.510796
9001.0,67.0,0.592393
9001.0,68.0,0.384809
9001.0,69.0,0.484917
9001.0,70.0,0.559851
9001.0,71.0,0.505428
9001.0,72.0,0.546724
9001.0,73.0,0.534575
9001.0,74.0,0.405227
9001.0,75.0,0.460662
9001.0,76.0,0.533881
9001.0,77.0,0.511972
9001.0,78.0,0.488559
9001.0,79.0,0.542913
9001.0,80.0,0.514762
9001.0,81.0,0.386786
9001.0,82.0,0.512461
9001.0,83.0,0.414498
9001.0,84.0,0.442952
9001.0,85.0,0.520038
9001.0,86.0,0.527689
9001.0,87.0,0.5523
9001.0,88.0,0.526738
9001.0,89.0,0.428575
9001.0,90.0,0.45986
9001.0,91.0,0.421628
9001.0,92.0,0.600851
9001.0,93.0,0.552479
9001.0,94.0,0.447448
9001.0,95.0,0.391018
9001.0,96.0,0.416242
9001.0,97.0,0.439114
9001.0,98.0,0.485837
9001.0,99.0,0.416619
9001.0,100.0,0.471977
9001.0,101.0,0.48221
9001.0,102.0,0.573909
9001.0,103.0,0.542199
9001.0,104.0,0.46517
9001.0,105.0,0.49445
9001.0,106.0,0.488641
9001.0,107.0,0.543059
9001.0,108.0,0.502238
9001.0,109.0,0.410558
9001.0,110.0,0.456212
9001.0,111.0,0.610435
9001.0,112.0,0.515464
9001.0,113.0,0.535067
9001.0,114.0,0.528561
9001.0,115.0,0.527745
9001.0,116.0,0.478368
9001.0,117.0,0.526079
9001.0,118.0,0.506783
9001.0,119.0,0.521054
9001.0,120.0,0.488966
9001.0,121.0,0.562749
9001.0,122.0,0.441013
9001.0,123.0,0.523013
9001.0,124.0,0.530679
9001.0,125.0,0.438623
9001.0,126.0,0.519522
9002.0,0.0,0.525949
9002.0,1.0,0.526523
9002.0,2.0,0.583732
9002.0,3.0,0.478454
9002.0,4.0,0.552343
9002.0,5.0,0.535871
9002.0,6.0,0.504068
9002.0,7.0,0.556364
9002.0,8.0,0.546932
9002.0,9.0,0.566345
9002.0,10.0,0.607497
9002.0,11.0,0.549044
9002.0,12.0,0.499222
9002.0,13.0,0.507675
9002.0,14.0,0.512076
9002.0,15.0,0.473201
9002.0,16.0,0.535682
9002.0,17.0,0.557305
9002.0,18.0,0.503925
9002.0,19.0,0.498501
9002.0,20.0,0.531285
9002.0,21.0,0.542906
9002.0,22.0,0.417425
9002.0,23.0,0.495307
9002.0,24.0,0.451579
9002.0,25.0,0.55487
9002.0,26.0,0.475345
9002.0,27.0,0.471131
9002.0,28.0,0.549007
9002.0,29.0,0.475375
9002.0,30.0,0.553446
9002.0,31.0,0.498675
9002.0,32.0,0.459007
9002.0,33.0,0.504351
9002.0,34.0,0.485345
9002.0,35.0,0.511391
9002.0,36.0,0.546556
9002.0,37.0,0.478923
9002.0,38.0,0.498262
9002.0,39.0,0.535547
9002.0,40.0,0.480481
9002.0,41.0,0.451321
9002.0,42.0,0.457279
9002.0,43.0,0.508517
9002.0,44.0,0.576158
9002.0,45.0,0.478165
9002.0,46.0,0.570695
9002.0,47.0,0.50718
9002.0,48.0,0.486542
9002.0,49.0,0.481113
9002.0,50.0,0.61964
9002.0,51.0,0.505761
9002.0,52.0,0.54407
9002.0,53.0,0.532077
9002.0,54.0,0.462705
9002.0,55.0,0.580163
9002.0,56.0,0.49983
9002.0,57.0,0.484075
9002.0,58.0,0.506653
9002.0,59.0,0.556827
9002.0,60.0,0.55199
9002.0,61.0,0.50488
9002.0,62.0,0.532274
9002.0,63.0,0.556728
9002.0,64.0,0.575285
9002.0,65.0,0.479829
9002.0,66.0,0.511069
9002.0,67.0,0.592542
9002.0,68.0,0.384966
9002.0,69.0,0.483638
9002.0,70.0,0.55927
9002.0,71.0,0.506073
9002.0,72.0,0.546861
9002.0,73.0,0.534831
9002.0,74.0,0.404773
9002.0,75.0,0.460337
9002.0,76.0,0.533996
9002.0,77.0,0.511634
9002.0,78.0,0.489115
9002.0,79.0,0.542287
9002.0,80.0,0.514794
9002.0,81.0,0.387176
9002.0,82.0,0.512818
9002.0,83.0,0.415215
9002.0,84.0,0.443302
9002.0,85.0,0.519787
9002.0,86.0,0.528003
9002.0,87.0,0.552382
9002.0,88.0,0.527454
9002.0,89.0,0.427786
9002.0,90.0,0.459627
9002.0,91.0,0.421579
9002.0,92.0,0.601188
9002.0,93.0,0.55272
9002.0,94.0,0.448991
9002.0,95.0,0.390972
9002.0,96.0,0.416364
9002.0,97.0,0.438606
9002.0,98.0,0.484813
9002.0,99.0,0.417082
9002.0,100.0,0.472141
9002.0,101.0,0.482614
9002.0,102.0,0.573698
9002.0,103.0,0.542819
9002.0,104.0,0.465512
9002.0,105.0,0.494674
9002.0,106.0,0.488847
9002.0,107.0,0.54326
9002.0,108.0,0.501744
9002.0,109.0,0.409771
9002.0,110.0,0.45665
9002.0,111.0,0.610641
9002.0,112.0,0.514658
9002.0,113.0,0.535197
9002.0,114.0,0.527562
9002.0,115.0,0.527868
9002.0,116.0,0.4783
9002.0,117.0,0.52628
9002.0,118.0,0.506944
9002.0,119.0,0.520901
9002.0,120.0,0.489398
9002.0,121.0,0.562766
9002.0,122.0,0.441298
9002.0,123.0,0.522924
9002.0,124.0,0.530481
9002.0,125.0,0.439094
9002.0,126.0,0.519392
9003.0,0.0,0.526116
9003.0,1.0,0.526349
9003.0,2.0,0.583673
9003.0,3.0,0.478484
9003.0,4.0,0.552045
9003.0,5.0,0.535108
9003.0,6.0,0.504802
9003.0,7.0,0.556029
9003.0,8.0,0.547114
9003.0,9.0,0.566628
9003.0,10.0,0.607507
9003.0,11.0,0.549456
9003.0,12.0,0.498444
9003.0,13.0,0.507503
9003.0,14.0,0.512516
9003.0,15.0,0.472871
9003.0,16.0,0.535988
9003.0,17.0,0.558285
9003.0,18.0,0.503799
9003.0,19.0,0.498068
9003.0,20.0,0.531396
9003.0,21.0,0.543631
9003.0,22.0,0.416892
9003.0,23.0,0.495369
9003.0,24.0,0.451722
9003.0,25.0,0.555078
9003.0,26.0,0.476207
9003.0,27.0,0.471155
9003.0,28.0,0.54924
9003.0,29.0,0.475581
9003.0,30.0,0.553827
9003.0,31.0,0.499464
9003.0,32.0,0.458974
9003.0,33.0,0.503961
9003.0,34.0,0.485334
9003.0,35.0,0.511189
9003.0,36.0,0.545318
9003.0,37.0,0.479216
9003.0,38.0,0.498356
9003.0,39.0,0.536158
9003.0,40.0,0.481486
9003.0,41.0,0.45143
9003.0,42.0,0.458133
9003.0,43.0,0.508888
9003.0,44.0,0.576501
9003.0,45.0,0.478493
9003.0,46.0,0.570894
9003.0,47.0,0.507181
9003.0,48.0,0.486556
9003.0,49.0,0.481378
9003.0,50.0,0.619617
9003.0,51.0,0.5061
9003.0,52.0,0.544594
9003.0,53.0,0.532653
9003.0,54.0,0.462477
9003.0,55.0,0.579878
9003.0,56.0,0.499526
9003.0,57.0,0.483842
9003.0,58.0,0.506383
9003.0,59.0,0.557199
9003.0,60.0,0.552893
9003.0,61.0,0.505086
9003.0,62.0,0.532465
9003.0,63.0,0.556781
9003.0,64.0,0.575546
9003.0,65.0,0.479307
9003.0,66.0,0.510533
9003.0,67.0,0.592479
9003.0,68.0,0.384835
9003.0,69.0,0.48341
9003.0,70.0,0.558895
9003.0,71.0,0.506719
9003.0,72.0,0.546395
9003.0,73.0,0.534876
9003.0,74.0,0.404282
9003.0,75.0,0.4612
9003.0,76.0,0.533847
9003.0,77.0,0.510854
9003.0,78.0,0.489553
9003.0,79.0,0.542055
9003.0,80.0,0.514313
9003.0,81.0,0.386242
9003.0,82.0,0.512637
9003.0,83.0,0.415029
9003.0,84.0,0.443345
9003.0,85.0,0.519776
9003.0,86.0,0.528177
9003.0,87.0,0.552284
9003.0,88.0,0.527566
9003.0,89.0,0.42765
9003.0,90.0,0.461203
9003.0,91.0,0.420842
9003.0,92.0,0.600787
9003.0,93.0,0.552457
9003.0,94.0,0.449748
9003.0,95.0,0.39056
9003.0,96.0,0.416027
9003.0,97.0,0.437984
9003.0,98.0,0.485795
9003.0,99.0,0.417454
9003.0,100.0,0.472879
9003.0,101.0,0.48246
9003.0,102.0,0.574062
9003.0,103.0,0.542612
9003.0,104.0,0.465103
9003.0,105.0,0.495705
9003.0,106.0,0.48867
9003.0,107.0,0.542648
9003.0,108.0,0.50213
9003.0,109.0,0.409441
9003.0,110.0,0.456964
9003.0,111.0,0.610386
9003.0,112.0,0.514593
9003.0,113.0,0.534686
9003.0,114.0,0.526846
9003.0,115.0,0.52711
9003.0,116.0,0.478161
9003.0,117.0,0.525851
9003.0,118.0,0.50742
9003.0,119.0,0.520977
9003.0,120.0,0.489128
9003.0,121.0,0.563208
9003.0,122.0,0.441929
9003.0,123.0,0.522369
9003.0,124.0,0.530323
9003.0,125.0,0.439492
9003.0,126.0,0.519821
9004.0,0.0,0.526459
9004.0,1.0,0.526853
9004.0,2.0,0.58386
9004.0,3.0,0.479025
9004.0,4.0,0.551355
9004.0,5.0,0.534899
9004.0,6.0,0.504475
9004.0,7.0,0.556585
9004.0,8.0,0.546441
9004.0,9.0,0.566824
9004.0,10.0,0.607352
9004.0,11.0,0.550034
9004.0,12.0,0.498277
9004.0,13.0,0.507763
9004.0,14.0,0.512492
9004.0,15.0,0.472048
9004.0,16.0,0.535116
9004.0,17.0,0.55871
9004.0,18.0,0.504275
9004.0,19.0,0.497666
9004.0,20.0,0.531035
9004.0,21.0,0.543203
9004.0,22.0,0.417191
9004.0,23.0,0.495873
9004.0,24.0,0.452471
9004.0,25.0,0.554104
9004.0,26.0,0.47648
9004.0,27.0,0.47122
9004.0,28.0,0.548646
9004.0,29.0,0.475511
9004.0,30.0,0.553107
9004.0,31.0,0.499959
9004.0,32.0,0.458757
9004.0,33.0,0.503708
9004.0,34.0,0.485722
9004.0,35.0,0.511105
9004.0,36.0,0.545587
9004.0,37.0,0.479
9004.0,38.0,0.498286
9004.0,39.0,0.53559
9004.0,40.0,0.48168
9004.0,41.0,0.452077
9004.0,42.0,0.457475
9004.0,43.0,0.509463
9004.0,44.0,0.576959
9004.0,45.0,0.478485
9004.0,46.0,0.570614
9004.0,47.0,0.506413
9004.0,48.0,0.486928
9004.0,49.0,0.481599
9004.0,50.0,0.620372
9004.0,51.0,0.506285
9004.0,52.0,0.544244
9004.0,53.0,0.533162
9004.0,54.0,0.461882
9004.0,55.0,0.579392
9004.0,56.0,0.499422
9004.0,57.0,0.482822
9004.0,58.0,0.506398
9004.0,59.0,0.556978
9004.0,60.0,0.553496
9004.0,61.0,0.505543
9004.0,62.0,0.532955
9004.0,63.0,0.557599
9004.0,64.0,0.575295
9004.0,65.0,0.479684
9004.0,66.0,0.510178
9004.0,67.0,0.592183
9004.0,68.0,0.385285
9004.0,69.0,0.483898
9004.0,70.0,0.558846
9004.0,71.0,0.50625
9004.0,72.0,0.545991
9004.0,73.0,0.53423
9004.0,74.0,0.403955
9004.0,75.0,0.462062
9004.0,76.0,0.534208
9004.0,77.0,0.511481
9004.0,78.0,0.489911
9004.0,79.0,0.54061
9004.0,80.0,0.514345
9004.0,81.0,0.387313
9004.0,82.0,0.512817
9004.0,83.0,0.41463
9004.0,84.0,0.443463
9004.0,85.0,0.519602
9004.0,86.0,0.528193
9004.0,87.0,0.551433
9004.0,88.0,0.527035
9004.0,89.0,0.427655
9004.0,90.0,0.460733
9004.0,91.0,0.420508
9004.0,92.0,0.6003
9004.0,93.0,0.552019
9004.0,94.0,0.450879
9004.0,95.0,0.391485
9004.0,96.0,0.416478
9004.0,97.0,0.437488
9004.0,98.0,0.486404
9004.0,99.0,0.417146
9004.0,100.0,0.472561
9004.0,101.0,0.483393
9004.0,102.0,0.573857
9004.0,103.0,0.54407
9004.0,104.0,0.463835
9004.0,105.0,0.495161
9004.0,106.0,0.489422
9004.0,107.0,0.542316
9004.0,108.0,0.502853
9004.0,109.0,0.409659
9004.0,110.0,0.456881
9004.0,111.0,0.611054
9004.0,112.0,0.51395
9004.0,113.0,0.534041
9004.0,114.0,0.526322
9004.0,115.0,0.526901
9004.0,116.0,0.478486
9004.0,117.0,0.526404
9004.0,118.0,0.507972
9004.0,119.0,0.521436
9004.0,120.0,0.48899
9004.0,121.0,0.562927
9004.0,122.0,0.441519
9004.0,123.0,0.523409
9004.0,124.0,0.530183
9004.0,125.0,0.438809
9004.0,126.0,0.52046
9005.0,0.0,0.527254
9005.0,1.0,0.526417
9005.0,2.0,0.584069
9005.0,3.0,0.479669
9005.0,4.0,0.552035
9005.0,5.0,0.535355
9005.0,6.0,0.505041
9005.0,7.0,0.557033
9005.0,8.0,0.545547
9005.0,9.0,0.566979
9005.0,10.0,0.607781
9005.0,11.0,0.550018
9005.0,12.0,0.498657
9005.0,13.0,0.507878
9005.0,14.0,0.513409
9005.0,15.0,0.471966
9005.0,16.0,0.534714
9005.0,17.0,0.559297
9005.0,18.0,0.504328
9005.0,19.0,0.497196
9005.0,20.0,0.531899
9005.0,21.0,0.542968
9005.0,22.0,0.416252
9005.0,23.0,0.495805
9005.0,24.0,0.452359
9005.0,25.0,0.554977
9005.0,26.0,0.476883
9005.0,27.0,0.472028
9005.0,28.0,0.548601
9005.0,29.0,0.475479
9005.0,30.0,0.553205
9005.0,31.0,0.499027
9005.0,32.0,0.45905
9005.0,33.0,0.50329
9005.0,34.0,0.484667
9005.0,35.0,0.511245
9005.0,36.0,0.54528
9005.0,37.0,0.479446
9005.0,38.0,0.499201
9005.0,39.0,0.536113
9005.0,40.0,0.481608
9005.0,41.0,0.451217
9005.0,42.0,0.457212
9005.0,43.0,0.509662
9005.0,44.0,0.575411
9005.0,45.0,0.478414
9005.0,46.0,0.570682
9005.0,47.0,0.504944
9005.0,48.0,0.486929
9005.0,49.0,0.481973
9005.0,50.0,0.619874
9005.0,51.0,0.505377
9005.0,52.0,0.544209
9005.0,53.0,0.533598
9005.0,54.0,0.461676
9005.0,55.0,0.5799
9005.0,56.0,0.499882
9005.0,57.0,0.483313
9005.0,58.0,0.505587
9005.0,59.0,0.557816
9005.0,60.0,0.553735
9005.0,61.0,0.50569
9005.0,62.0,0.532581
9005.0,63.0,0.557647
9005.0,64.0,0.575319
9005.0,65.0,0.479504
9005.0,66.0,0.509296
9005.0,67.0,0.592799
9005.0,68.0,0.385313
9005.0,69.0,0.483872
9005.0,70.0,0.558643
9005.0,71.0,0.506064
9005.0,72.0,0.545923
9005.0,73.0,0.53326
9005.0,74.0,0.403605
9005.0,75.0,0.462433
9005.0,76.0,0.53385
9005.0,77.0,0.510911
9005.0,78.0,0.489732
9005.0,79.0,0.539852
9005.0,80.0,0.514338
9005.0,81.0,0.387414
9005.0,82.0,0.512215
9005.0,83.0,0.414684
9005.0,84.0,0.444569
9005.0,85.0,0.518675
9005.0,86.0,0.527921
9005.0,87.0,0.550598
9005.0,88.0,0.526914
9005.0,89.0,0.427633
9005.0,90.0,0.46041
9005.0,91.0,0.419779
9005.0,92.0,0.600973
9005.0,93.0,0.552369
9005.0,94.0,0.449701
9005.0,95.0,0.392123
9005.0,96.0,0.416641
9005.0,97.0,0.43712
9005.0,98.0,0.486308
9005.0,99.0,0.417321
9005.0,100.0,0.472293
9005.0,101.0,0.482422
9005.0,102.0,0.573824
9005.0,103.0,0.544244
9005.0,104.0,0.463605
9005.0,105.0,0.495333
9005.0,106.0,0.488596
9005.0,107.0,0.542325
9005.0,108.0,0.503308
9005.0,109.0,0.409668
9005.0,110.0,0.457742
9005.0,111.0,0.611426
9005.0,112.0,0.514634
9005.0,113.0,0.534697
9005.0,114.0,0.526346
9005.0,115.0,0.526354
9005.0,116.0,0.479092
9005.0,117.0,0.525896
9005.0,118.0,0.50762
9005.0,119.0,0.520717
9005.0,120.0,0.488631
9005.0,121.0,0.563379
9005.0,122.0,0.441032
9005.0,123.0,0.522055
9005.0,124.0,0.529798
9005.0,125.0,0.438685
9005.0,126.0,0.519778
9006.0,0.0,0.527595
9006.0,1.0,0.527335
9006.0,2.0,0.584954
9006.0,3.0,0.478752
9006.0,4.0,0.552526
9006.0,5.0,0.535983
9006.0,6.0,0.504769
9006.0,7.0,0.556724
9006.0,8.0,0.545166
9006.0,9.0,0.565894
9006.0,10.0,0.60811
9006.0,11.0,0.550358
9006.0,12.0,0.498234
9006.0,13.0,0.507526
9006.0,14.0,0.512938
9006.0,15.0,0.471975
9006.0,16.0,0.534315
9006.0,17.0,0.560189
9006.0,18.0,0.504386
9006.0,19.0,0.497351
9006.0,20.0,0.53138
9006.0,21.0,0.542988
9006.0,22.0,0.415961
9006.0,23.0,0.495437
9006.0,24.0,0.452212
9006.0,25.0,0.554959
9006.0,26.0,0.476823
9006.0,27.0,0.472074
9006.0,28.0,0.54979
9006.0,29.0,0.475281
9006.0,30.0,0.553953
9006.0,31.0,0.499676
9006.0,32.0,0.45931
9006.0,33.0,0.504252
9006.0,34.0,0.484743
9006.0,35.0,0.51044
9006.0,36.0,0.546
9006.0,37.0,0.479117
9006.0,38.0,0.499866
9006.0,39.0,0.536298
9006.0,40.0,0.482133
9006.0,41.0,0.451455
9006.0,42.0,0.457295
9006.0,43.0,0.509784
9006.0,44.0,0.575163
9006.0,45.0,0.478414
9006.0,46.0,0.570575
9006.0,47.0,0.505436
9006.0,48.0,0.486124
9006.0,49.0,0.482808
9006.0,50.0,0.619589
9006.0,51.0,0.506177
9006.0,52.0,0.544492
9006.0,53.0,0.53345
9006.0,54.0,0.46162
9006.0,55.0,0.580531
9006.0,56.0,0.500545
9006.0,57.0,0.483298
9006.0,58.0,0.505768
9006.0,59.0,0.557837
9006.0,60.0,0.554037
9006.0,61.0,0.505821
9006.0,62.0,0.53295
9006.0,63.0,0.557438
9006.0,64.0,0.574483
9006.0,65.0,0.479514
9006.0,66.0,0.509724
9006.0,67.0,0.592788
9006.0,68.0,0.385916
9006.0,69.0,0.484458
9006.0,70.0,0.558895
9006.0,71.0,0.506209
9006.0,72.0,0.545673
9006.0,73.0,0.533393
9006.0,74.0,0.403875
9006.0,75.0,0.462602
9006.0,76.0,0.534307
9006.0,77.0,0.510957
9006.0,78.0,0.489814
9006.0,79.0,0.539729
9006.0,80.0,0.514656
9006.0,81.0,0.387114
9006.0,82.0,0.5132
9006.0,83.0,0.414584
9006.0,84.0,0.445116
9006.0,85.0,0.518792
9006.0,86.0,0.528986
9006.0,87.0,0.550831
9006.0,88.0,0.526511
9006.0,89.0,0.427159
9006.0,90.0,0.460853
9006.0,91.0,0.419701
9006.0,92.0,0.601332
9006.0,93.0,0.552357
9006.0,94.0,0.450226
9006.0,95.0,0.391535
9006.0,96.0,0.417056
9006.0,97.0,0.436932
9006.0,98.0,0.486607
9006.0,99.0,0.417488
9006.0,100.0,0.471717
9006.0,101.0,0.482046
9006.0,102.0,0.573956
9006.0,103.0,0.545387
9006.0,104.0,0.461837
9006.0,105.0,0.495619
9006.0,106.0,0.488738
9006.0,107.0,0.542589
9006.0,108.0,0.503712
9006.0,109.0,0.408989
9006.0,110.0,0.457306
9006.0,111.0,0.612179
9006.0,112.0,0.513994
9006.0,113.0,0.535315
9006.0,114.0,0.526895
9006.0,115.0,0.525601
9006.0,116.0,0.478158
9006.0,117.0,0.525232
9006.0,118.0,0.507469
9006.0,119.0,0.520859
9006.0,120.0,0.488919
9006.0,121.0,0.562999
9006.0,122.0,0.440909
9006.0,123.0,0.521687
9006.0,124.0,0.529698
9006.0,125.0,0.438154
9006.0,126.0,0.51971
9007.0,0.0,0.527636
9007.0,1.0,0.527781
9007.0,2.0,0.584278
9007.0,3.0,0.478569
9007.0,4.0,0.55243
9007.0,5.0,0.536471
9007.0,6.0,0.505267
9007.0,7.0,0.555939
9007.0,8.0,0.544999
9007.0,9.0,0.565918
9007.0,10.0,0.607912
9007.0,11.0,0.550021
9007.0,12.0,0.497978
9007.0,13.0,0.507152
9007.0,14.0,0.513921
9007.0,15.0,0.471436
9007.0,16.0,0.534768
9007.0,17.0,0.55964
9007.0,18.0,0.504083
9007.0,19.0,0.49674
9007.0,20.0,0.530834
9007.0,21.0,0.54281
9007.0,22.0,0.416317
9007.0,23.0,0.495986
9007.0,24.0,0.451614
9007.0,25.0,0.554889
9007.0,26.0,0.477127
9007.0,27.0,0.471428
9007.0,28.0,0.549395
9007.0,29.0,0.475584
9007.0,30.0,0.553655
9007.0,31.0,0.49961
9007.0,32.0,0.459512
9007.0,33.0,0.504354
9007.0,34.0,0.484349
9007.0,35.0,0.509922
9007.0,36.0,0.545779
9007.0,37.0,0.478814
9007.0,38.0,0.50029
9007.0,39.0,0.536056
9007.0,40.0,0.482178
9007.0,41.0,0.45165
9007.0,42.0,0.457183
9007.0,43.0,0.508647
9007.0,44.0,0.57505
9007.0,45.0,0.478936
9007.0,46.0,0.571395
9007.0,47.0,0.505257
9007.0,48.0,0.485445
9007.0,49.0,0.481646
9007.0,50.0,0.620417
9007.0,51.0,0.505621
9007.0,52.0,0.544307
9007.0,53.0,0.533515
9007.0,54.0,0.462163
9007.0,55.0,0.580866
9007.0,56.0,0.500886
9007.0,57.0,0.482984
9007.0,58.0,0.50643
9007.0,59.0,0.557759
9007.0,60.0,0.55422
9007.0,61.0,0.505683
9007.0,62.0,0.532054
9007.0,63.0,0.557552
9007.0,64.0,0.574597
9007.0,65.0,0.479093
9007.0,66.0,0.509357
9007.0,67.0,0.593256
9007.0,68.0,0.385786
9007.0,69.0,0.484502
9007.0,70.0,0.558881
9007.0,71.0,0.506118
9007.0,72.0,0.545868
9007.0,73.0,0.53331
9007.0,74.0,0.403638
9007.0,75.0,0.462027
9007.0,76.0,0.533627
9007.0,77.0,0.511188
9007.0,78.0,0.489769
9007.0,79.0,0.540059
9007.0,80.0,0.514232
9007.0,81.0,0.386648
9007.0,82.0,0.512088
9007.0,83.0,0.41492
9007.0,84.0,0.444262
9007.0,85.0,0.518282
9007.0,86.0,0.528144
9007.0,87.0,0.550853
9007.0,88.0,0.526999
9007.0,89.0,0.426329
9007.0,90.0,0.461097
9007.0,91.0,0.419295
9007.0,92.0,0.601388
9007.0,93.0,0.552171
9007.0,94.0,0.450024
9007.0,95.0,0.391903
9007.0,96.0,0.417254
9007.0,97.0,0.437272
9007.0,98.0,0.486511
9007.0,99.0,0.418001
9007.0,100.0,0.472403
9007.0,101.0,0.482533
9007.0,102.0,0.574141
9007.0,103.0,0.545894
9007.0,104.0,0.461257
9007.0,105.0,0.495865
9007.0,106.0,0.488479
9007.0,107.0,0.542106
9007.0,108.0,0.503312
9007.0,109.0,0.409208
9007.0,110.0,0.457494
9007.0,111.0,0.613446
9007.0,112.0,0.513576
9007.0,113.0,0.534954
9007.0,114.0,0.527463
9007.0,115.0,0.526032
9007.0,116.0,0.47785
9007.0,117.0,0.524865
9007.0,118.0,0.506707
9007.0,119.0,0.520797
9007.0,120.0,0.489455
9007.0,121.0,0.563277
9007.0,122.0,0.440755
9007.0,123.0,0.52198
9007.0,124.0,0.53
9007.0,125.0,0.43829
9007.0,126.0,0.518907
9008.0,0.0,0.527798
9008.0,1.0,0.528489
9008.0,2.0,0.583841
9008.0,3.0,0.478256
9008.0,4.0,0.551411
9008.0,5.0,0.535583
9008.0,6.0,0.505273
9008.0,7.0,0.555111
9008.0,8.0,0.545462
9008.0,9.0,0.566123
9008.0,10.0,0.607908
9008.0,11.0,0.549815
9008.0,12.0,0.497163
9008.0,13.0,0.506931
9008.0,14.0,0.513912
9008.0,15.0,0.470748
9008.0,16.0,0.534948
9008.0,17.0,0.558338
9008.0,18.0,0.503938
9008.0,19.0,0.495988
9008.0,20.0,0.53062
9008.0,21.0,0.541828
9008.0,22.0,0.415551
9008.0,23.0,0.496034
9008.0,24.0,0.452434
9008.0,25.0,0.554657
9008.0,26.0,0.477353
9008.0,27.0,0.471847
9008.0,28.0,0.548699
9008.0,29.0,0.475782
9008.0,30.0,0.554665
9008.0,31.0,0.499628
9008.0,32.0,0.459765
9008.0,33.0,0.504701
9008.0,34.0,0.483859
9008.0,35.0,0.509934
9008.0,36.0,0.54608
9008.0,37.0,0.479022
9008.0,38.0,0.4993
9008.0,39.0,0.536458
9008.0,40.0,0.482523
9008.0,41.0,0.452144
9008.0,42.0,0.456919
9008.0,43.0,0.50843
9008.0,44.0,0.575236
9008.0,45.0,0.479308
9008.0,46.0,0.57096
9008.0,47.0,0.504393
9008.0,48.0,0.485751
9008.0,49.0,0.482001
9008.0,50.0,0.62035
9008.0,51.0,0.504996
9008.0,52.0,0.543734
9008.0,53.0,0.53372
9008.0,54.0,0.462333
9008.0,55.0,0.580369
9008.0,56.0,0.50153
9008.0,57.0,0.483251
9008.0,58.0,0.506195
9008.0,59.0,0.557646
9008.0,60.0,0.553831
9008.0,61.0,0.505406
9008.0,62.0,0.532145
9008.0,63.0,0.557679
9008.0,64.0,0.574055
9008.0,65.0,0.478118
9008.0,66.0,0.510117
9008.0,67.0,0.59356
9008.0,68.0,0.385644
9008.0,69.0,0.483447
9008.0,70.0,0.559364
9008.0,71.0,0.505634
9008.0,72.0,0.54579
9008.0,73.0,0.53368
9008.0,74.0,0.404281
9008.0,75.0,0.461505
9008.0,76.0,0.533508
9008.0,77.0,0.510613
9008.0,78.0,0.489983
9008.0,79.0,0.539856
9008.0,80.0,0.514368
9008.0,81.0,0.386281
9008.0,82.0,0.512238
9008.0,83.0,0.414294
9008.0,84.0,0.444841
9008.0,85.0,0.518198
9008.0,86.0,0.528236
9008.0,87.0,0.55091
9008.0,88.0,0.526954
9008.0,89.0,0.426834
9008.0,90.0,0.461521
9008.0,91.0,0.419196
9008.0,92.0,0.601245
9008.0,93.0,0.552503
9008.0,94.0,0.450098
9008.0,95.0,0.390232
9008.0,96.0,0.417228
9008.0,97.0,0.437448
9008.0,98.0,0.486542
9008.0,99.0,0.417193
9008.0,100.0,0.472792
9008.0,101.0,0.481546
9008.0,102.0,0.574479
9008.0,103.0,0.545949
9008.0,104.0,0.461383
9008.0,105.0,0.4956
9008.0,106.0,0.48847
9008.0,107.0,0.541928
9008.0,108.0,0.502383
9008.0,109.0,0.408937
9008.0,110.0,0.457425
9008.0,111.0,0.612906
9008.0,112.0,0.514625
9008.0,113.0,0.534449
9008.0,114.0,0.526614
9008.0,115.0,0.526296
9008.0,116.0,0.478016
9008.0,117.0,0.525363
9008.0,118.0,0.506323
9008.0,119.0,0.520892
9008.0,120.0,0.488921
9008.0,121.0,0.562794
9008.0,122.0,0.440006
9008.0,123.0,0.521677
9008.0,124.0,0.529247
9008.0,125.0,0.43841
9008.0,126.0,0.518897
9009.0,0.0,0.527641
9009.0,1.0,0.52822
9009.0,2.0,0.583304
9009.0,3.0,0.478642
9009.0,4.0,0.5518
9009.0,5.0,0.535487
9009.0,6.0,0.505142
9009.0,7.0,0.554919
9009.0,8.0,0.545019
9009.0,9.0,0.565533
9009.0,10.0,0.608064
9009.0,11.0,0.550061
9009.0,12.0,0.497159
9009.0,13.0,0.507294
9009.0,14.0,0.514353
9009.0,15.0,0.47082
9009.0,16.0,0.534302
9009.0,17.0,0.558822
9009.0,18.0,0.502939
9009.0,19.0,0.495644
9009.0,20.0,0.530456
9009.0,21.0,0.541947
9009.0,22.0,0.415514
9009.0,23.0,0.496021
9009.0,24.0,0.452639
9009.0,25.0,0.55453
9009.0,26.0,0.478211
9009.0,27.0,0.471821
9009.0,28.0,0.549003
9009.0,29.0,0.475502
9009.0,30.0,0.554766
9009.0,31.0,0.498331
9009.0,32.0,0.459211
9009.0,33.0,0.504941
9009.0,34.0,0.4845
9009.0,35.0,0.510086
9009.0,36.0,0.546239
9009.0,37.0,0.479125
9009.0,38.0,0.499975
9009.0,39.0,0.537345
9009.0,40.0,0.481672
9009.0,41.0,0.452578
9009.0,42.0,0.456672
9009.0,43.0,0.508144
9009.0,44.0,0.57509
9009.0,45.0,0.479229
9009.0,46.0,0.570862
9009.0,47.0,0.504505
9009.0,48.0,0.485772
9009.0,49.0,0.481957
9009.0,50.0,0.620536
9009.0,51.0,0.505187
9009.0,52.0,0.544188
9009.0,53.0,0.533761
9009.0,54.0,0.462413
9009.0,55.0,0.580886
9009.0,56.0,0.501098
9009.0,57.0,0.483129
9009.0,58.0,0.505275
9009.0,59.0,0.557694
9009.0,60.0,0.553954
9009.0,61.0,0.504996
9009.0,62.0,0.531845
9009.0,63.0,0.55708
9009.0,64.0,0.573716
9009.0,65.0,0.477294
9009.0,66.0,0.509753
9009.0,67.0,0.592872
9009.0,68.0,0.385173
9009.0,69.0,0.482865
9009.0,70.0,0.559752
9009.0,71.0,0.505
9009.0,72.0,0.545477
9009.0,73.0,0.533728
9009.0,74.0,0.403984
9009.0,75.0,0.460765
9009.0,76.0,0.534727
9009.0,77.0,0.510532
9009.0,78.0,0.490404
9009.0,79.0,0.539503
9009.0,80.0,0.514448
9009.0,81.0,0.385258
9009.0,82.0,0.511831
9009.0,83.0,0.414635
9009.0,84.0,0.445378
9009.0,85.0,0.51793
9009.0,86.0,0.528468
9009.0,87.0,0.551028
9009.0,88.0,0.5267
9009.0,89.0,0.427238
9009.0,90.0,0.462266
9009.0,91.0,0.419426
9009.0,92.0,0.601246
9009.0,93.0,0.55262
9009.0,94.0,0.450024
9009.0,95.0,0.390126
9009.0,96.0,0.417019
9009.0,97.0,0.438075
9009.0,98.0,0.486457
9009.0,99.0,0.417467
9009.0,100.0,0.472011
9009.0,101.0,0.481217
9009.0,102.0,0.575359
9009.0,103.0,0.546139
9009.0,104.0,0.461421
9009.0,105.0,0.495911
9009.0,106.0,0.488055
9009.0,107.0,0.542493
9009.0,108.0,0.502363
9009.0,109.0,0.408996
9009.0,110.0,0.457127
9009.0,111.0,0.612932
9009.0,112.0,0.514322
9009.0,113.0,0.533887
9009.0,114.0,0.527154
9009.0,115.0,0.526684
9009.0,116.0,0.477372
9009.0,117.0,0.525674
9009.0,118.0,0.506712
9009.0,119.0,0.52039
9009.0,120.0,0.489284
9009.0,121.0,0.562881
9009.0,122.0,0.440823
9009.0,123.0,0.521653
9009.0,124.0,0.529658
9009.0,125.0,0.437976
9009.0,126.0,0.518825
9010.0,0.0,0.528132
9010.0,1.0,0.52946
9010.0,2.0,0.583169
9010.0,3.0,0.479621
9010.0,4.0,0.552091
9010.0,5.0,0.535643
9010.0,6.0,0.504163
9010.0,7.0,0.555153
9010.0,8.0,0.544953
9010.0,9.0,0.565672
9010.0,10.0,0.607638
9010.0,11.0,0.549523
9010.0,12.0,0.4966
9010.0,13.0,0.506952
9010.0,14.0,0.51458
9010.0,15.0,0.47075
9010.0,16.0,0.534311
9010.0,17.0,0.558717
9010.0,18.0,0.502811
9010.0,19.0,0.495142
9010.0,20.0,0.530616
9010.0,21.0,0.54189
9010.0,22.0,0.415576
9010.0,23.0,0.495958
9010.0,24.0,0.452864
9010.0,25.0,0.554821
9010.0,26.0,0.478091
9010.0,27.0,0.470547
9010.0,28.0,0.548754
9010.0,29.0,0.475958
9010.0,30.0,0.554755
9010.0,31.0,0.498617
9010.0,32.0,0.458736
9010.0,33.0,0.505285
9010.0,34.0,0.484673
9010.0,35.0,0.510881
9010.0,36.0,0.54537
9010.0,37.0,0.478583
9010.0,38.0,0.500776
9010.0,39.0,0.536806
9010.0,40.0,0.481845
9010.0,41.0,0.452265
9010.0,42.0,0.457149
9010.0,43.0,0.507853
9010.0,44.0,0.574827
9010.0,45.0,0.478405
9010.0,46.0,0.571142
9010.0,47.0,0.503674
9010.0,48.0,0.48584
9010.0,49.0,0.483399
9010.0,50.0,0.620988
9010.0,51.0,0.505316
9010.0,52.0,0.543644
9010.0,53.0,0.532782
9010.0,54.0,0.462836
9010.0,55.0,0.581124
9010.0,56.0,0.501517
9010.0,57.0,0.483215
9010.0,58.0,0.503999
9010.0,59.0,0.557789
9010.0,60.0,0.553679
9010.0,61.0,0.505617
9010.0,62.0,0.532248
9010.0,63.0,0.557199
9010.0,64.0,0.572874
9010.0,65.0,0.477917
9010.0,66.0,0.509935
9010.0,67.0,0.593506
9010.0,68.0,0.38474
9010.0,69.0,0.483087
9010.0,70.0,0.560238
9010.0,71.0,0.50545
9010.0,72.0,0.5454
9010.0,73.0,0.533131
9010.0,74.0,0.404819
9010.0,75.0,0.460158
9010.0,76.0,0.535001
9010.0,77.0,0.511525
9010.0,78.0,0.490064
9010.0,79.0,0.539587
9010.0,80.0,0.513972
9010.0,81.0,0.38527
9010.0,82.0,0.512046
9010.0,83.0,0.41358
9010.0,84.0,0.445209
9010.0,85.0,0.51808
9010.0,86.0,0.528405
9010.0,87.0,0.551249
9010.0,88.0,0.525646
9010.0,89.0,0.428407
9010.0,90.0,0.462029
9010.0,91.0,0.419819
9010.0,92.0,0.601135
9010.0,93.0,0.552489
9010.0,94.0,0.450773
9010.0,95.0,0.390347
9010.0,96.0,0.4166
9010.0,97.0,0.438859
9010.0,98.0,0.486937
9010.0,99.0,0.41669
9010.0,100.0,0.471838
9010.0,101.0,0.481696
9010.0,102.0,0.575294
9010.0,103.0,0.547029
9010.0,104.0,0.46152
9010.0,105.0,0.496153
9010.0,106.0,0.487311
9010.0,107.0,0.542745
9010.0,108.0,0.502379
9010.0,109.0,0.409105
9010.0,110.0,0.457322
9010.0,111.0,0.612644
9010.0,112.0,0.514843
9010.0,113.0,0.534425
9010.0,114.0,0.526771
9010.0,115.0,0.527059
9010.0,116.0,0.4774
9010.0,117.0,0.525487
9010.0,118.0,0.50665
9010.0,119.0,0.521357
9010.0,120.0,0.48992
9010.0,121.0,0.562633
9010.0,122.0,0.441341
9010.0,123.0,0.522293
9010.0,124.0,0.52942
9010.0,125.0,0.437226
9010.0,126.0,0.518559
10000.0,0.0,0.537071
10000.0,1.0,0.542327
10000.0,2.0,0.592367
10000.0,3.0,0.490033
10000.0,4.0,0.546617
10000.0,5.0,0.539386
10000.0,6.0,0.501836
10000.0,7.0,0.550482
10000.0,8.0,0.549263
10000.0,9.0,0.578876
10000.0,10.0,0.62182
10000.0,11.0,0.555468
10000.0,12.0,0.479146
10000.0,13.0,0.52616
10000.0,14.0,0.487772
10000.0,15.0,0.476602
10000.0,16.0,0.563142
10000.0,17.0,0.539508
10000.0,18.0,0.500682
10000.0,19.0,0.48697
10000.0,20.0,0.536406
10000.0,21.0,0.543964
10000.0,22.0,0.405533
10000.0,23.0,0.49538
10000.0,24.0,0.458505
10000.0,25.0,0.547107
10000.0,26.0,0.472866
10000.0,27.0,0.471142
10000.0,28.0,0.561123
10000.0,29.0,0.477747
10000.0,30.0,0.563124
10000.0,31.0,0.485297
10000.0,32.0,0.467507
10000.0,33.0,0.517912
10000.0,34.0,0.51299
10000.0,35.0,0.507489
10000.0,36.0,0.56717
10000.0,37.0,0.461146
10000.0,38.0,0.503199
10000.0,39.0,0.54858
10000.0,40.0,0.469739
10000.0,41.0,0.447622
10000.0,42.0,0.469969
10000.0,43.0,0.501553
10000.0,44.0,0.588544
10000.0,45.0,0.483778
10000.0,46.0,0.536046
10000.0,47.0,0.523482
10000.0,48.0,0.494131
10000.0,49.0,0.488121
10000.0,50.0,0.638742
10000.0,51.0,0.50294
10000.0,52.0,0.547889
10000.0,53.0,0.546254
10000.0,54.0,0.457771
10000.0,55.0,0.569943
10000.0,56.0,0.482576
10000.0,57.0,0.488029
10000.0,58.0,0.52998
10000.0,59.0,0.54433
10000.0,60.0,0.555656
10000.0,61.0,0.505903
10000.0,62.0,0.539231
10000.0,63.0,0.556151
10000.0,64.0,0.57982
10000.0,65.0,0.499
10000.0,66.0,0.521498
10000.0,67.0,0.598103
10000.0,68.0,0.365925
10000.0,69.0,0.475695
10000.0,70.0,0.570876
10000.0,71.0,0.510333
10000.0,72.0,0.566999
10000.0,73.0,0.534163
10000.0,74.0,0.40221
10000.0,75.0,0.439807
10000.0,76.0,0.523904
10000.0,77.0,0.512402
10000.0,78.0,0.493674
10000.0,79.0,0.527789
10000.0,80.0,0.511449
10000.0,81.0,0.39653
10000.0,82.0,0.518646
10000.0,83.0,0.416273
10000.0,84.0,0.428806
10000.0,85.0,0.538501
10000.0,86.0,0.551979
10000.0,87.0,0.557876
10000.0,88.0,0.521811
10000.0,89.0,0.427489
10000.0,90.0,0.460686
10000.0,91.0,0.410793
10000.0,92.0,0.60409
10000.0,93.0,0.563135
10000.0,94.0,0.469623
10000.0,95.0,0.357741
10000.0,96.0,0.411781
10000.0,97.0,0.460848
10000.0,98.0,0.513079
10000.0,99.0,0.424592
10000.0,100.0,0.47906
10000.0,101.0,0.480578
10000.0,102.0,0.574149
10000.0,103.0,0.556117
10000.0,104.0,0.468011
10000.0,105.0,0.482647
10000.0,106.0,0.486958
10000.0,107.0,0.50932
10000.0,108.0,0.506813
10000.0,109.0,0.389299
10000.0,110.0,0.446397
10000.0,111.0,0.619478
10000.0,112.0,0.501079
10000.0,113.0,0.529242
10000.0,114.0,0.536054
10000.0,115.0,0.536323
10000.0,116.0,0.488038
10000.0,117.0,0.51499
10000.0,118.0,0.49886
10000.0,119.0,0.542691
10000.0,120.0,0.492723
10000.0,121.0,0.561405
10000.0,122.0,0.457256
10000.0,123.0,0.502726
10000.0,124.0,0.529757
10000.0,125.0,0.444441
10000.0,126.0,0.506314
10001.0,0.0,0.537718
10001.0,1.0,0.542002
10001.0,2.0,0.592207
10001.0,3.0,0.490719
10001.0,4.0,0.547468
10001.0,5.0,0.539539
10001.0,6.0,0.501787
10001.0,7.0,0.550726
10001.0,8.0,0.549132
10001.0,9.0,0.578569
10001.0,10.0,0.622235
10001.0,11.0,0.554793
10001.0,12.0,0.478549
10001.0,13.0,0.52638
10001.0,14.0,0.487811
10001.0,15.0,0.476329
10001.0,16.0,0.564242
10001.0,17.0,0.539126
10001.0,18.0,0.500865
10001.0,19.0,0.486315
10001.0,20.0,0.536896
10001.0,21.0,0.544555
10001.0,22.0,0.406368
10001.0,23.0,0.49468
10001.0,24.0,0.459231
10001.0,25.0,0.546873
10001.0,26.0,0.472955
10001.0,27.0,0.470357
10001.0,28.0,0.561092
10001.0,29.0,0.477533
10001.0,30.0,0.56259
10001.0,31.0,0.484933
10001.0,32.0,0.468087
10001.0,33.0,0.518175
10001.0,34.0,0.512314
10001.0,35.0,0.506971
10001.0,36.0,0.567309
10001.0,37.0,0.461196
10001.0,38.0,0.503508
10001.0,39.0,0.54944
10001.0,40.0,0.470124
10001.0,41.0,0.44744
10001.0,42.0,0.47071
10001.0,43.0,0.501732
10001.0,44.0,0.588599
10001.0,45.0,0.483548
10001.0,46.0,0.535719
10001.0,47.0,0.522925
10001.0,48.0,0.4944
10001.0,49.0,0.488226
10001.0,50.0,0.637997
10001.0,51.0,0.503084
10001.0,52.0,0.548559
10001.0,53.0,0.546447
10001.0,54.0,0.457656
10001.0,55.0,0.570605
10001.0,56.0,0.482363
10001.0,57.0,0.488109
10001.0,58.0,0.530112
10001.0,59.0,0.544097
10001.0,60.0,0.555483
10001.0,61.0,0.506403
10001.0,62.0,0.540092
10001.0,63.0,0.556567
10001.0,64.0,0.580194
10001.0,65.0,0.498227
10001.0,66.0,0.521274
10001.0,67.0,0.596967
10001.0,68.0,0.365876
10001.0,69.0,0.473902
10001.0,70.0,0.571214
10001.0,71.0,0.510464
10001.0,72.0,0.566594
10001.0,73.0,0.533329
10001.0,74.0,0.402868
10001.0,75.0,0.439629
10001.0,76.0,0.524442
10001.0,77.0,0.512547
10001.0,78.0,0.494463
10001.0,79.0,0.527673
10001.0,80.0,0.510968
10001.0,81.0,0.397113
10001.0,82.0,0.518861
10001.0,83.0,0.416382
10001.0,84.0,0.429046
10001.0,85.0,0.538264
10001.0,86.0,0.551531
10001.0,87.0,0.558088
10001.0,88.0,0.521418
10001.0,89.0,0.426742
10001.0,90.0,0.460535
10001.0,91.0,0.41133
10001.0,92.0,0.604003
10001.0,93.0,0.563503
10001.0,94.0,0.46928
10001.0,95.0,0.358432
10001.0,96.0,0.411708
10001.0,97.0,0.460865
10001.0,98.0,0.513345
10001.0,99.0,0.42497
10001.0,100.0,0.479898
10001.0,101.0,0.480512
10001.0,102.0,0.573912
10001.0,103.0,0.556984
10001.0,104.0,0.467816
10001.0,105.0,0.483258
10001.0,106.0,0.487114
10001.0,107.0,0.509133
10001.0,108.0,0.506744
10001.0,109.0,0.389082
10001.0,110.0,0.44698
10001.0,111.0,0.619701
10001.0,112.0,0.500685
10001.0,113.0,0.529331
10001.0,114.0,0.535978
10001.0,115.0,0.536401
10001.0,116.0,0.487618
10001.0,117.0,0.51402
10001.0,118.0,0.49876
10001.0,119.0,0.542626
10001.0,120.0,0.492462
10001.0,121.0,0.562009
10001.0,122.0,0.457757
10001.0,123.0,0.503172
10001.0,124.0,0.530013
10001.0,125.0,0.44413
10001.0,126.0,0.505362
10002.0,0.0,0.538105
10002.0,1.0,0.542021
10002.0,2.0,0.590828
10002.0,3.0,0.49121
10002.0,4.0,0.547026
10002.0,5.0,0.539093
10002.0,6.0,0.502166
10002.0,7.0,0.55082
10002.0,8.0,0.550124
10002.0,9.0,0.57843
10002.0,10.0,0.622068
10002.0,11.0,0.553839
10002.0,12.0,0.479846
10002.0,13.0,0.526699
10002.0,14.0,0.487396
10002.0,15.0,0.475661
10002.0,16.0,0.564638
10002.0,17.0,0.539243
10002.0,18.0,0.500332
10002.0,19.0,0.486562
10002.0,20.0,0.537189
10002.0,21.0,0.54518
10002.0,22.0,0.406597
10002.0,23.0,0.494823
10002.0,24.0,0.458605
10002.0,25.0,0.546413
10002.0,26.0,0.472523
10002.0,27.0,0.469971
10002.0,28.0,0.559703
10002.0,29.0,0.477593
10002.0,30.0,0.563346
10002.0,31.0,0.484951
10002.0,32.0,0.467917
10002.0,33.0,0.518282
10002.0,34.0,0.511561
10002.0,35.0,0.506671
10002.0,36.0,0.568105
10002.0,37.0,0.461098
10002.0,38.0,0.503524
10002.0,39.0,0.54935
10002.0,40.0,0.470059
10002.0,41.0,0.447258
10002.0,42.0,0.470879
10002.0,43.0,0.501786
10002.0,44.0,0.588558
10002.0,45.0,0.483728
10002.0,46.0,0.535275
10002.0,47.0,0.522569
10002.0,48.0,0.495263
10002.0,49.0,0.487675
10002.0,50.0,0.637806
10002.0,51.0,0.502479
10002.0,52.0,0.54955
10002.0,53.0,0.546841
10002.0,54.0,0.458208
10002.0,55.0,0.5709
10002.0,56.0,0.482511
10002.0,57.0,0.488019
10002.0,58.0,0.53065
10002.0,59.0,0.544051
10002.0,60.0,0.555661
10002.0,61.0,0.506012
10002.0,62.0,0.539932
10002.0,63.0,0.556491
10002.0,64.0,0.580424
10002.0,65.0,0.499121
10002.0,66.0,0.521247
10002.0,67.0,0.597312
10002.0,68.0,0.366299
10002.0,69.0,0.473855
10002.0,70.0,0.572264
10002.0,71.0,0.510924
10002.0,72.0,0.566548
10002.0,73.0,0.533087
10002.0,74.0,0.403202
10002.0,75.0,0.439334
10002.0,76.0,0.524815
10002.0,77.0,0.511914
10002.0,78.0,0.494366
10002.0,79.0,0.527758
10002.0,80.0,0.510894
10002.0,81.0,0.397533
10002.0,82.0,0.51922
10002.0,83.0,0.416918
10002.0,84.0,0.428271
10002.0,85.0,0.538901
10002.0,86.0,0.551227
10002.0,87.0,0.558322
10002.0,88.0,0.520774
10002.0,89.0,0.42637
10002.0,90.0,0.461321
10002.0,91.0,0.410586
10002.0,92.0,0.604789
10002.0,93.0,0.563427
10002.0,94.0,0.46901
10002.0,95.0,0.358326
10002.0,96.0,0.410991
10002.0,97.0,0.460229
10002.0,98.0,0.513392
10002.0,99.0,0.42579
10002.0,100.0,0.480908
10002.0,101.0,0.480592
10002.0,102.0,0.57325
10002.0,103.0,0.555839
10002.0,104.0,0.466696
10002.0,105.0,0.48305
10002.0,106.0,0.486968
10002.0,107.0,0.50902
10002.0,108.0,0.506929
10002.0,109.0,0.388987
10002.0,110.0,0.447169
10002.0,111.0,0.61909
10002.0,112.0,0.500714
10002.0,113.0,0.530106
10002.0,114.0,0.535023
10002.0,115.0,0.53646
10002.0,116.0,0.487606
10002.0,117.0,0.514154
10002.0,118.0,0.498348
10002.0,119.0,0.543022
10002.0,120.0,0.492185
10002.0,121.0,0.561372
10002.0,122.0,0.457596
10002.0,123.0,0.502835
10002.0,124.0,0.530793
10002.0,125.0,0.444169
10002.0,126.0,0.505043
10003.0,0.0,0.538253
10003.0,1.0,0.542952
10003.0,2.0,0.590995
10003.0,3.0,0.49121
10003.0,4.0,0.546494
10003.0,5.0,0.539063
10003.0,6.0,0.501811
10003.0,7.0,0.550813
10003.0,8.0,0.549911
10003.0,9.0,0.57783
10003.0,10.0,0.621989
10003.0,11.0,0.553232
10003.0,12.0,0.480006
10003.0,13.0,0.527053
10003.0,14.0,0.486679
10003.0,15.0,0.476009
10003.0,16.0,0.563879
10003.0,17.0,0.539249
10003.0,18.0,0.49967
10003.0,19.0,0.487685
10003.0,20.0,0.53734
10003.0,21.0,0.546007
10003.0,22.0,0.406613
10003.0,23.0,0.494185
10003.0,24.0,0.458555
10003.0,25.0,0.545224
10003.0,26.0,0.471942
10003.0,27.0,0.470524
10003.0,28.0,0.559569
10003.0,29.0,0.47731
10003.0,30.0,0.563252
10003.0,31.0,0.485665
10003.0,32.0,0.468509
10003.0,33.0,0.518358
10003.0,34.0,0.511174
10003.0,35.0,0.507507
10003.0,36.0,0.567967
10003.0,37.0,0.460855
10003.0,38.0,0.503359
10003.0,39.0,0.549518
10003.0,40.0,0.47051
10003.0,41.0,0.447175
10003.0,42.0,0.471092
10003.0,43.0,0.500825
10003.0,44.0,0.587572
10003.0,45.0,0.484148
10003.0,46.0,0.536014
10003.0,47.0,0.522481
10003.0,48.0,0.49535
10003.0,49.0,0.487768
10003.0,50.0,0.637955
10003.0,51.0,0.501911
10003.0,52.0,0.549058
10003.0,53.0,0.54597
10003.0,54.0,0.458075
10003.0,55.0,0.570174
10003.0,56.0,0.482394
10003.0,57.0,0.487558
10003.0,58.0,0.530867
10003.0,59.0,0.543501
10003.0,60.0,0.555756
10003.0,61.0,0.50563
10003.0,62.0,0.540001
10003.0,63.0,0.556453
10003.0,64.0,0.579991
10003.0,65.0,0.499689
10003.0,66.0,0.521077
10003.0,67.0,0.598064
10003.0,68.0,0.366166
10003.0,69.0,0.473667
10003.0,70.0,0.571747
10003.0,71.0,0.510454
10003.0,72.0,0.566914
10003.0,73.0,0.533658
10003.0,74.0,0.403344
10003.0,75.0,0.439083
10003.0,76.0,0.524852
10003.0,77.0,0.512344
10003.0,78.0,0.494237
10003.0,79.0,0.527954
10003.0,80.0,0.511118
10003.0,81.0,0.398243
10003.0,82.0,0.519831
10003.0,83.0,0.418109
10003.0,84.0,0.427509
10003.0,85.0,0.53914
10003.0,86.0,0.55084
10003.0,87.0,0.558191
10003.0,88.0,0.522154
10003.0,89.0,0.426394
10003.0,90.0,0.460725
10003.0,91.0,0.411306
10003.0,92.0,0.604842
10003.0,93.0,0.563283
10003.0,94.0,0.469029
10003.0,95.0,0.357791
10003.0,96.0,0.411125
10003.0,97.0,0.46081
10003.0,98.0,0.51274
10003.0,99.0,0.426422
10003.0,100.0,0.481436
10003.0,101.0,0.480871
10003.0,102.0,0.573279
10003.0,103.0,0.556285
10003.0,104.0,0.466916
10003.0,105.0,0.482661
10003.0,106.0,0.486884
10003.0,107.0,0.508764
10003.0,108.0,0.507855
10003.0,109.0,0.388511
10003.0,110.0,0.447411
10003.0,111.0,0.618811
10003.0,112.0,0.501226
10003.0,113.0,0.529996
10003.0,114.0,0.534838
10003.0,115.0,0.537184
10003.0,116.0,0.48739
10003.0,117.0,0.514127
10003.0,118.0,0.499254
10003.0,119.0,0.542103
10003.0,120.0,0.491956
10003.0,121.0,0.56118
10003.0,122.0,0.457877
10003.0,123.0,0.503063
10003.0,124.0,0.530746
10003.0,125.0,0.444564
10003.0,126.0,0.50527
10004.0,0.0,0.538057
10004.0,1.0,0.543109
10004.0,2.0,0.5918
10004.0,3.0,0.490706
10004.0,4.0,0.54692
10004.0,5.0,0.539188
10004.0,6.0,0.501792
10004.0,7.0,0.551298
10004.0,8.0,0.550287
10004.0,9.0,0.57835
10004.0,10.0,0.621476
10004.0,11.0,0.554251
10004.0,12.0,0.480289
10004.0,13.0,0.527095
10004.0,14.0,0.486159
10004.0,15.0,0.475498
10004.0,16.0,0.563767
10004.0,17.0,0.538252
10004.0,18.0,0.499804
10004.0,19.0,0.486999
10004.0,20.0,0.53734
10004.0,21.0,0.546245
10004.0,22.0,0.406303
10004.0,23.0,0.494786
10004.0,24.0,0.457997
10004.0,25.0,0.544602
10004.0,26.0,0.472478
10004.0,27.0,0.470681
10004.0,28.0,0.559235
10004.0,29.0,0.477775
10004.0,30.0,0.564801
10004.0,31.0,0.485689
10004.0,32.0,0.468835
10004.0,33.0,0.518361
10004.0,34.0,0.510309
10004.0,35.0,0.508261
10004.0,36.0,0.56761
10004.0,37.0,0.460769
10004.0,38.0,0.502964
10004.0,39.0,0.549343
10004.0,40.0,0.470799
10004.0,41.0,0.448021
10004.0,42.0,0.47029
10004.0,43.0,0.501344
10004.0,44.0,0.587922
10004.0,45.0,0.484425
10004.0,46.0,0.535636
10004.0,47.0,0.521907
10004.0,48.0,0.49473
10004.0,49.0,0.487323
10004.0,50.0,0.637716
10004.0,51.0,0.502295
10004.0,52.0,0.54978
10004.0,53.0,0.545499
10004.0,54.0,0.457082
10004.0,55.0,0.570454
10004.0,56.0,0.482747
10004.0,57.0,0.487313
10004.0,58.0,0.530594
10004.0,59.0,0.542852
10004.0,60.0,0.555635
10004.0,61.0,0.505916
10004.0,62.0,0.540415
10004.0,63.0,0.557276
10004.0,64.0,0.579906
10004.0,65.0,0.49972
10004.0,66.0,0.520658
10004.0,67.0,0.598061
10004.0,68.0,0.366322
10004.0,69.0,0.47388
10004.0,70.0,0.570837
10004.0,71.0,0.510884
10004.0,72.0,0.567549
10004.0,73.0,0.533889
10004.0,74.0,0.403154
10004.0,75.0,0.439702
10004.0,76.0,0.524642
10004.0,77.0,0.512877
10004.0,78.0,0.493636
10004.0,79.0,0.528103
10004.0,80.0,0.511437
10004.0,81.0,0.398574
10004.0,82.0,0.519149
10004.0,83.0,0.418426
10004.0,84.0,0.427169
10004.0,85.0,0.539429
10004.0,86.0,0.55057
10004.0,87.0,0.558085
10004.0,88.0,0.522157
10004.0,89.0,0.427141
10004.0,90.0,0.460244
10004.0,91.0,0.410423
10004.0,92.0,0.604538
10004.0,93.0,0.562982
10004.0,94.0,0.468993
10004.0,95.0,0.357928
10004.0,96.0,0.410633
10004.0,97.0,0.460869
10004.0,98.0,0.512801
10004.0,99.0,0.426336
10004.0,100.0,0.481087
10004.0,101.0,0.48077
10004.0,102.0,0.572343
10004.0,103.0,0.556172
10004.0,104.0,0.466331
10004.0,105.0,0.482481
10004.0,106.0,0.486495
10004.0,107.0,0.508497
10004.0,108.0,0.507715
10004.0,109.0,0.388931
10004.0,110.0,0.446681
10004.0,111.0,0.618331
10004.0,112.0,0.501492
10004.0,113.0,0.531012
10004.0,114.0,0.534118
10004.0,115.0,0.537222
10004.0,116.0,0.487654
10004.0,117.0,0.514012
10004.0,118.0,0.498476
10004.0,119.0,0.541662
10004.0,120.0,0.491503
10004.0,121.0,0.56056
10004.0,122.0,0.458048
10004.0,123.0,0.503195
10004.0,124.0,0.531526
10004.0,125.0,0.445337
10004.0,126.0,0.504921
10005.0,0.0,0.537622
10005.0,1.0,0.543337
10005.0,2.0,0.592074
10005.0,3.0,0.490784
10005.0,4.0,0.546494
10005.0,5.0,0.539543
10005.0,6.0,0.501683
10005.0,7.0,0.551958
10005.0,8.0,0.550026
10005.0,9.0,0.578709
10005.0,10.0,0.621387
10005.0,11.0,0.554014
10005.0,12.0,0.480122
10005.0,13.0,0.527339
10005.0,14.0,0.486445
10005.0,15.0,0.475761
10005.0,16.0,0.564304
10005.0,17.0,0.539304
10005.0,18.0,0.499063
10005.0,19.0,0.487408
10005.0,20.0,0.537386
10005.0,21.0,0.546161
10005.0,22.0,0.407403
10005.0,23.0,0.49441
10005.0,24.0,0.457757
10005.0,25.0,0.545475
10005.0,26.0,0.472112
10005.0,27.0,0.471153
10005.0,28.0,0.558563
10005.0,29.0,0.478122
10005.0,30.0,0.564554
10005.0,31.0,0.485435
10005.0,32.0,0.469561
10005.0,33.0,0.518549
10005.0,34.0,0.511039
10005.0,35.0,0.507699
10005.0,36.0,0.567533
10005.0,37.0,0.461297
10005.0,38.0,0.503073
10005.0,39.0,0.5487
10005.0,40.0,0.470422
10005.0,41.0,0.447551
10005.0,42.0,0.469788
10005.0,43.0,0.501164
10005.0,44.0,0.587912
10005.0,45.0,0.485035
10005.0,46.0,0.53594
10005.0,47.0,0.521155
10005.0,48.0,0.495119
10005.0,49.0,0.487405
10005.0,50.0,0.637311
10005.0,51.0,0.502491
10005.0,52.0,0.549164
10005.0,53.0,0.545215
10005.0,54.0,0.456583
10005.0,55.0,0.570329
10005.0,56.0,0.482564
10005.0,57.0,0.487431
10005.0,58.0,0.531174
10005.0,59.0,0.542237
10005.0,60.0,0.555175
10005.0,61.0,0.505678
10005.0,62.0,0.540531
10005.0,63.0,0.557536
10005.0,64.0,0.579243
10005.0,65.0,0.499014
10005.0,66.0,0.520613
10005.0,67.0,0.597713
10005.0,68.0,0.366571
10005.0,69.0,0.474637
10005.0,70.0,0.571158
10005.0,71.0,0.511538
10005.0,72.0,0.567834
10005.0,73.0,0.533913
10005.0,74.0,0.403583
10005.0,75.0,0.439128
10005.0,76.0,0.525122
10005.0,77.0,0.513265
10005.0,78.0,0.493502
10005.0,79.0,0.52829
10005.0,80.0,0.511533
10005.0,81.0,0.398828
10005.0,82.0,0.519299
10005.0,83.0,0.418146
10005.0,84.0,0.427525
10005.0,85.0,0.539917
10005.0,86.0,0.550179
10005.0,87.0,0.5586
10005.0,88.0,0.522306
10005.0,89.0,0.426752
10005.0,90.0,0.459866
10005.0,91.0,0.410495
10005.0,92.0,0.603984
10005.0,93.0,0.562405
10005.0,94.0,0.469257
10005.0,95.0,0.357528
10005.0,96.0,0.410678
10005.0,97.0,0.460834
10005.0,98.0,0.513648
10005.0,99.0,0.426897
10005.0,100.0,0.481533
10005.0,101.0,0.480637
10005.0,102.0,0.572657
10005.0,103.0,0.556685
10005.0,104.0,0.466182
10005.0,105.0,0.482158
10005.0,106.0,0.486132
10005.0,107.0,0.507706
10005.0,108.0,0.507163
10005.0,109.0,0.38944
10005.0,110.0,0.446571
10005.0,111.0,0.617973
10005.0,112.0,0.500841
10005.0,113.0,0.530667
10005.0,114.0,0.53409
10005.0,115.0,0.536398
10005.0,116.0,0.486719
10005.0,117.0,0.513642
10005.0,118.0,0.498647
10005.0,119.0,0.542013
10005.0,120.0,0.491498
10005.0,121.0,0.560333
10005.0,122.0,0.458313
10005.0,123.0,0.502318
10005.0,124.0,0.531091
10005.0,125.0,0.445129
10005.0,126.0,0.504939
10006.0,0.0,0.537164
10006.0,1.0,0.543903
10006.0,2.0,0.591137
10006.0,3.0,0.490282
10006.0,4.0,0.546984
10006.0,5.0,0.539428
10006.0,6.0,0.502007
10006.0,7.0,0.552061
10006.0,8.0,0.55
10006.0,9.0,0.578405
10006.0,10.0,0.621726
10006.0,11.0,0.55364
10006.0,12.0,0.480016
10006.0,13.0,0.527207
10006.0,14.0,0.486393
10006.0,15.0,0.475415
10006.0,16.0,0.563464
10006.0,17.0,0.53951
10006.0,18.0,0.499267
10006.0,19.0,0.487222
10006.0,20.0,0.537522
10006.0,21.0,0.545401
10006.0,22.0,0.406675
10006.0,23.0,0.494742
10006.0,24.0,0.457924
10006.0,25.0,0.544899
10006.0,26.0,0.472063
10006.0,27.0,0.471252
10006.0,28.0,0.559277
10006.0,29.0,0.477895
10006.0,30.0,0.564297
10006.0,31.0,0.484433
10006.0,32.0,0.469489
10006.0,33.0,0.51881
10006.0,34.0,0.511085
10006.0,35.0,0.507656
10006.0,36.0,0.567811
10006.0,37.0,0.461568
10006.0,38.0,0.503338
10006.0,39.0,0.549527
10006.0,40.0,0.470984
10006.0,41.0,0.446648
10006.0,42.0,0.470351
10006.0,43.0,0.500869
10006.0,44.0,0.588567
10006.0,45.0,0.484333
10006.0,46.0,0.536739
10006.0,47.0,0.521213
10006.0,48.0,0.494708
10006.0,49.0,0.487805
10006.0,50.0,0.638724
10006.0,51.0,0.503002
10006.0,52.0,0.549183
10006.0,53.0,0.544597
10006.0,54.0,0.455997
10006.0,55.0,0.570197
10006.0,56.0,0.482484
10006.0,57.0,0.486885
10006.0,58.0,0.531089
10006.0,59.0,0.541641
10006.0,60.0,0.555057
10006.0,61.0,0.505014
10006.0,62.0,0.541096
10006.0,63.0,0.558013
10006.0,64.0,0.578912
10006.0,65.0,0.499167
10006.0,66.0,0.520301
10006.0,67.0,0.597943
10006.0,68.0,0.367223
10006.0,69.0,0.474915
10006.0,70.0,0.571507
10006.0,71.0,0.511823
10006.0,72.0,0.567726
10006.0,73.0,0.535132
10006.0,74.0,0.403479
10006.0,75.0,0.439432
10006.0,76.0,0.524095
10006.0,77.0,0.513486
10006.0,78.0,0.493883
10006.0,79.0,0.529295
10006.0,80.0,0.510098
10006.0,81.0,0.399113
10006.0,82.0,0.519634
10006.0,83.0,0.417688
10006.0,84.0,0.427516
10006.0,85.0,0.539635
10006.0,86.0,0.550034
10006.0,87.0,0.558472
10006.0,88.0,0.521999
10006.0,89.0,0.427355
10006.0,90.0,0.460084
10006.0,91.0,0.409771
10006.0,92.0,0.603905
10006.0,93.0,0.56273
10006.0,94.0,0.468911
10006.0,95.0,0.357796
10006.0,96.0,0.410155
10006.0,97.0,0.461587
10006.0,98.0,0.513872
10006.0,99.0,0.427245
10006.0,100.0,0.481413
10006.0,101.0,0.480908
10006.0,102.0,0.572844
10006.0,103.0,0.555815
10006.0,104.0,0.465923
10006.0,105.0,0.481087
10006.0,106.0,0.485978
10006.0,107.0,0.507459
10006.0,108.0,0.508187
10006.0,109.0,0.389406
10006.0,110.0,0.446726
10006.0,111.0,0.617814
10006.0,112.0,0.500627
10006.0,113.0,0.530676
10006.0,114.0,0.533541
10006.0,115.0,0.536254
10006.0,116.0,0.486385
10006.0,117.0,0.512956
10006.0,118.0,0.498264
10006.0,119.0,0.542577
10006.0,120.0,0.49141
10006.0,121.0,0.560091
10006.0,122.0,0.459048
10006.0,123.0,0.501529
10006.0,124.0,0.531475
10006.0,125.0,0.445516
10006.0,126.0,0.504084
10007.0,0.0,0.537371
10007.0,1.0,0.543918
10007.0,2.0,0.591493
10007.0,3.0,0.489994
10007.0,4.0,0.546166
10007.0,5.0,0.53999
10007.0,6.0,0.50265
10007.0,7.0,0.552763
10007.0,8.0,0.549997
10007.0,9.0,0.57858
10007.0,10.0,0.621138
10007.0,11.0,0.55364
10007.0,12.0,0.479639
10007.0,13.0,0.527667
10007.0,14.0,0.486299
10007.0,15.0,0.47488
10007.0,16.0,0.563829
10007.0,17.0,0.539346
10007.0,18.0,0.499313
10007.0,19.0,0.48771
10007.0,20.0,0.538127
10007.0,21.0,0.545809
10007.0,22.0,0.407628
10007.0,23.0,0.493891
10007.0,24.0,0.457929
10007.0,25.0,0.545612
10007.0,26.0,0.471478
10007.0,27.0,0.469959
10007.0,28.0,0.558556
10007.0,29.0,0.477623
10007.0,30.0,0.564801
10007.0,31.0,0.484981
10007.0,32.0,0.469226
10007.0,33.0,0.519319
10007.0,34.0,0.511278
10007.0,35.0,0.507531
10007.0,36.0,0.567784
10007.0,37.0,0.460011
10007.0,38.0,0.502931
10007.0,39.0,0.549039
10007.0,40.0,0.470334
10007.0,41.0,0.446464
10007.0,42.0,0.469997
10007.0,43.0,0.500587
10007.0,44.0,0.588645
10007.0,45.0,0.483117
10007.0,46.0,0.536323
10007.0,47.0,0.521304
10007.0,48.0,0.494966
10007.0,49.0,0.487934
10007.0,50.0,0.638481
10007.0,51.0,0.502839
10007.0,52.0,0.548518
10007.0,53.0,0.544705
10007.0,54.0,0.455775
10007.0,55.0,0.570246
10007.0,56.0,0.482057
10007.0,57.0,0.487214
10007.0,58.0,0.530613
10007.0,59.0,0.541376
10007.0,60.0,0.555102
10007.0,61.0,0.505393
10007.0,62.0,0.541374
10007.0,63.0,0.558283
10007.0,64.0,0.578722
10007.0,65.0,0.499518
10007.0,66.0,0.520801
10007.0,67.0,0.598321
10007.0,68.0,0.368027
10007.0,69.0,0.474504
10007.0,70.0,0.572124
10007.0,71.0,0.511438
10007.0,72.0,0.56723
10007.0,73.0,0.534522
10007.0,74.0,0.403677
10007.0,75.0,0.439773
10007.0,76.0,0.523805
10007.0,77.0,0.512701
10007.0,78.0,0.493594
10007.0,79.0,0.528759
10007.0,80.0,0.51023
10007.0,81.0,0.399403
10007.0,82.0,0.520219
10007.0,83.0,0.417931
10007.0,84.0,0.427204
10007.0,85.0,0.539804
10007.0,86.0,0.55002
10007.0,87.0,0.558404
10007.0,88.0,0.521713
10007.0,89.0,0.427795
10007.0,90.0,0.460171
10007.0,91.0,0.410529
10007.0,92.0,0.604102
10007.0,93.0,0.562962
10007.0,94.0,0.468516
10007.0,95.0,0.357757
10007.0,96.0,0.40992
10007.0,97.0,0.461673
10007.0,98.0,0.514348
10007.0,99.0,0.427379
10007.0,100.0,0.48199
10007.0,101.0,0.481394
10007.0,102.0,0.57241
10007.0,103.0,0.55598
10007.0,104.0,0.466007
10007.0,105.0,0.481231
10007.0,106.0,0.486375
10007.0,107.0,0.507563
10007.0,108.0,0.507787
10007.0,109.0,0.389627
10007.0,110.0,0.446416
10007.0,111.0,0.617731
10007.0,112.0,0.49997
10007.0,113.0,0.530435
10007.0,114.0,0.533598
10007.0,115.0,0.53553
10007.0,116.0,0.486783
10007.0,117.0,0.513023
10007.0,118.0,0.498378
10007.0,119.0,0.542706
10007.0,120.0,0.492474
10007.0,121.0,0.55934
10007.0,122.0,0.458406
10007.0,123.0,0.50185
10007.0,124.0,0.531126
10007.0,125.0,0.445598
10007.0,126.0,0.503064
10008.0,0.0,0.537796
10008.0,1.0,0.544523
10008.0,2.0,0.591554
10008.0,3.0,0.489054
10008.0,4.0,0.545751
10008.0,5.0,0.540541
10008.0,6.0,0.503401
10008.0,7.0,0.55337
10008.0,8.0,0.548978
10008.0,9.0,0.578893
10008.0,10.0,0.621343
10008.0,11.0,0.554393
10008.0,12.0,0.480335
10008.0,13.0,0.527734
10008.0,14.0,0.485534
10008.0,15.0,0.475105
10008.0,16.0,0.563796
10008.0,17.0,0.53899
10008.0,18.0,0.500289
10008.0,19.0,0.487611
10008.0,20.0,0.538344
10008.0,21.0,0.545904
10008.0,22.0,0.408298
10008.0,23.0,0.493877
10008.0,24.0,0.457593
10008.0,25.0,0.544468
10008.0,26.0,0.471574
10008.0,27.0,0.470885
10008.0,28.0,0.559228
10008.0,29.0,0.476842
10008.0,30.0,0.56456
10008.0,31.0,0.484418
10008.0,32.0,0.469192
10008.0,33.0,0.519312
10008.0,34.0,0.512327
10008.0,35.0,0.507702
10008.0,36.0,0.567741
10008.0,37.0,0.45969
10008.0,38.0,0.502384
10008.0,39.0,0.54851
10008.0,40.0,0.469991
10008.0,41.0,0.446248
10008.0,42.0,0.469338
10008.0,43.0,0.500706
10008.0,44.0,0.588632
10008.0,45.0,0.483084
10008.0,46.0,0.535973
10008.0,47.0,0.520918
10008.0,48.0,0.494914
10008.0,49.0,0.488354
10008.0,50.0,0.638841
10008.0,51.0,0.502955
10008.0,52.0,0.548719
10008.0,53.0,0.544811
10008.0,54.0,0.455103
10008.0,55.0,0.569734
10008.0,56.0,0.482077
10008.0,57.0,0.487107
10008.0,58.0,0.53096
10008.0,59.0,0.541155
10008.0,60.0,0.554939
10008.0,61.0,0.505299
10008.0,62.0,0.541487
10008.0,63.0,0.558075
10008.0,64.0,0.578471
10008.0,65.0,0.499623
10008.0,66.0,0.520384
10008.0,67.0,0.598435
10008.0,68.0,0.368054
10008.0,69.0,0.474497
10008.0,70.0,0.572293
10008.0,71.0,0.51142
10008.0,72.0,0.566291
10008.0,73.0,0.53419
10008.0,74.0,0.404308
10008.0,75.0,0.440481
10008.0,76.0,0.523028
10008.0,77.0,0.513622
10008.0,78.0,0.49442
10008.0,79.0,0.529758
10008.0,80.0,0.510481
10008.0,81.0,0.39945
10008.0,82.0,0.520223
10008.0,83.0,0.417739
10008.0,84.0,0.427403
10008.0,85.0,0.53891
10008.0,86.0,0.550502
10008.0,87.0,0.558574
10008.0,88.0,0.521766
10008.0,89.0,0.427622
10008.0,90.0,0.459851
10008.0,91.0,0.410698
10008.0,92.0,0.604496
10008.0,93.0,0.562816
10008.0,94.0,0.468606
10008.0,95.0,0.357383
10008.0,96.0,0.409241
10008.0,97.0,0.461806
10008.0,98.0,0.514773
10008.0,99.0,0.426911
10008.0,100.0,0.481365
10008.0,101.0,0.481238
10008.0,102.0,0.572166
10008.0,103.0,0.556466
10008.0,104.0,0.467427
10008.0,105.0,0.482021
10008.0,106.0,0.486631
10008.0,107.0,0.506957
10008.0,108.0,0.507224
10008.0,109.0,0.388906
10008.0,110.0,0.445234
10008.0,111.0,0.618065
10008.0,112.0,0.50016
10008.0,113.0,0.531029
10008.0,114.0,0.532887
10008.0,115.0,0.535753
10008.0,116.0,0.487511
10008.0,117.0,0.513422
10008.0,118.0,0.4986
10008.0,119.0,0.54285
10008.0,120.0,0.492033
10008.0,121.0,0.559807
10008.0,122.0,0.457903
10008.0,123.0,0.501635
10008.0,124.0,0.530295
10008.0,125.0,0.445868
10008.0,126.0,0.503592
10009.0,0.0,0.537024
10009.0,1.0,0.544184
10009.0,2.0,0.591203
10009.0,3.0,0.489062
10009.0,4.0,0.54593
10009.0,5.0,0.541501
10009.0,6.0,0.503168
10009.0,7.0,0.553655
10009.0,8.0,0.548766
10009.0,9.0,0.578727
10009.0,10.0,0.621542
10009.0,11.0,0.554646
10009.0,12.0,0.479299
10009.0,13.0,0.527492
10009.0,14.0,0.485899
10009.0,15.0,0.474678
10009.0,16.0,0.56411
10009.0,17.0,0.539505
10009.0,18.0,0.500032
10009.0,19.0,0.486945
10009.0,20.0,0.538546
10009.0,21.0,0.545524
10009.0,22.0,0.408265
10009.0,23.0,0.493832
10009.0,24.0,0.457948
10009.0,25.0,0.544453
10009.0,26.0,0.471338
10009.0,27.0,0.471374
10009.0,28.0,0.558804
10009.0,29.0,0.476954
10009.0,30.0,0.564318
10009.0,31.0,0.484108
10009.0,32.0,0.469559
10009.0,33.0,0.519066
10009.0,34.0,0.512624
10009.0,35.0,0.507651
10009.0,36.0,0.567605
10009.0,37.0,0.459899
10009.0,38.0,0.502354
10009.0,39.0,0.548156
10009.0,40.0,0.469964
10009.0,41.0,0.44562
10009.0,42.0,0.469493
10009.0,43.0,0.500062
10009.0,44.0,0.587657
10009.0,45.0,0.483184
10009.0,46.0,0.536117
10009.0,47.0,0.520535
10009.0,48.0,0.494809
10009.0,49.0,0.488621
10009.0,50.0,0.639411
10009.0,51.0,0.502779
10009.0,52.0,0.54906
10009.0,53.0,0.544809
10009.0,54.0,0.455265
10009.0,55.0,0.57014
10009.0,56.0,0.48219
10009.0,57.0,0.487302
10009.0,58.0,0.530073
10009.0,59.0,0.541642
10009.0,60.0,0.554631
10009.0,61.0,0.505185
10009.0,62.0,0.542083
10009.0,63.0,0.558738
10009.0,64.0,0.578066
10009.0,65.0,0.499764
10009.0,66.0,0.521053
10009.0,67.0,0.597279
10009.0,68.0,0.368104
10009.0,69.0,0.474979
10009.0,70.0,0.571953
10009.0,71.0,0.512133
10009.0,72.0,0.566842
10009.0,73.0,0.534277
10009.0,74.0,0.404693
10009.0,75.0,0.439846
10009.0,76.0,0.52364
10009.0,77.0,0.514132
10009.0,78.0,0.494068
10009.0,79.0,0.5285
10009.0,80.0,0.510387
10009.0,81.0,0.399142
10009.0,82.0,0.521019
10009.0,83.0,0.41729
10009.0,84.0,0.42652
10009.0,85.0,0.538981
10009.0,86.0,0.550369
10009.0,87.0,0.558736
10009.0,88.0,0.521696
10009.0,89.0,0.427426
10009.0,90.0,0.45948
10009.0,91.0,0.410804
10009.0,92.0,0.603791
10009.0,93.0,0.5633
10009.0,94.0,0.468712
10009.0,95.0,0.356559
10009.0,96.0,0.408716
10009.0,97.0,0.462232
10009.0,98.0,0.514128
10009.0,99.0,0.427571
10009.0,100.0,0.481375
10009.0,101.0,0.481602
10009.0,102.0,0.572357
10009.0,103.0,0.556528
10009.0,104.0,0.46733
10009.0,105.0,0.481407
10009.0,106.0,0.4864
10009.0,107.0,0.506821
10009.0,108.0,0.506733
10009.0,109.0,0.388795
10009.0,110.0,0.44464
10009.0,111.0,0.617621
10009.0,112.0,0.500378
10009.0,113.0,0.530872
10009.0,114.0,0.533718
10009.0,115.0,0.535382
10009.0,116.0,0.488122
10009.0,117.0,0.513348
10009.0,118.0,0.49806
10009.0,119.0,0.542776
10009.0,120.0,0.49157
10009.0,121.0,0.560114
10009.0,122.0,0.457649
10009.0,123.0,0.501865
10009.0,124.0,0.531148
10009.0,125.0,0.44656
10009.0,126.0,0.503924
10010.0,0.0,0.536005
10010.0,1.0,0.545
10010.0,2.0,0.591035
10010.0,3.0,0.488895
10010.0,4.0,0.546298
10010.0,5.0,0.54084
10010.0,6.0,0.50376
10010.0,7.0,0.553475
10010.0,8.0,0.548537
10010.0,9.0,0.579043
10010.0,10.0,0.621463
10010.0,11.0,0.554414
10010.0,12.0,0.479135
10010.0,13.0,0.52759
10010.0,14.0,0.486216
10010.0,15.0,0.474984
10010.0,16.0,0.563383
10010.0,17.0,0.540505
10010.0,18.0,0.499687
10010.0,19.0,0.48703
10010.0,20.0,0.538424
10010.0,21.0,0.545848
10010.0,22.0,0.407719
10010.0,23.0,0.494329
10010.0,24.0,0.45846
10010.0,25.0,0.543583
10010.0,26.0,0.471752
10010.0,27.0,0.470985
10010.0,28.0,0.55904
10010.0,29.0,0.477244
10010.0,30.0,0.563737
10010.0,31.0,0.483485
10010.0,32.0,0.469614
10010.0,33.0,0.519445
10010.0,34.0,0.512509
10010.0,35.0,0.508226
10010.0,36.0,0.567819
10010.0,37.0,0.459244
10010.0,38.0,0.503086
10010.0,39.0,0.548199
10010.0,40.0,0.470258
10010.0,41.0,0.445581
10010.0,42.0,0.469611
10010.0,43.0,0.499738
10010.0,44.0,0.588425
10010.0,45.0,0.482759
10010.0,46.0,0.536373
10010.0,47.0,0.520616
10010.0,48.0,0.495226
10010.0,49.0,0.488365
10010.0,50.0,0.64003
10010.0,51.0,0.502819
10010.0,52.0,0.548606
10010.0,53.0,0.544573
10010.0,54.0,0.455492
10010.0,55.0,0.571021
10010.0,56.0,0.481327
10010.0,57.0,0.487302
10010.0,58.0,0.529926
10010.0,59.0,0.54205
10010.0,60.0,0.554495
10010.0,61.0,0.504543
10010.0,62.0,0.541966
10010.0,63.0,0.557888
10010.0,64.0,0.57876
10010.0,65.0,0.49993
10010.0,66.0,0.520883
10010.0,67.0,0.596732
10010.0,68.0,0.367623
10010.0,69.0,0.474247
10010.0,70.0,0.571383
10010.0,71.0,0.512102
10010.0,72.0,0.56696
10010.0,73.0,0.534787
10010.0,74.0,0.40503
10010.0,75.0,0.440175
10010.0,76.0,0.524045
10010.0,77.0,0.513786
10010.0,78.0,0.494699
10010.0,79.0,0.529057
10010.0,80.0,0.510429
10010.0,81.0,0.399779
10010.0,82.0,0.521977
10010.0,83.0,0.417511
10010.0,84.0,0.426364
10010.0,85.0,0.538103
10010.0,86.0,0.549961
10010.0,87.0,0.55837
10010.0,88.0,0.521644
10010.0,89.0,0.4275
10010.0,90.0,0.459226
10010.0,91.0,0.410438
10010.0,92.0,0.604386
10010.0,93.0,0.562327
10010.0,94.0,0.468454
10010.0,95.0,0.356317
10010.0,96.0,0.409213
10010.0,97.0,0.461571
10010.0,98.0,0.515066
10010.0,99.0,0.427805
10010.0,100.0,0.482236
10010.0,101.0,0.482468
10010.0,102.0,0.571777
10010.0,103.0,0.55754
10010.0,104.0,0.467292
10010.0,105.0,0.480483
10010.0,106.0,0.486662
10010.0,107.0,0.507395
10010.0,108.0,0.507346
10010.0,109.0,0.388391
10010.0,110.0,0.44446
10010.0,111.0,0.616667
10010.0,112.0,0.500117
10010.0,113.0,0.531328
10010.0,114.0,0.534334
10010.0,115.0,0.535989
10010.0,116.0,0.488898
10010.0,117.0,0.513377
10010.0,118.0,0.498084
10010.0,119.0,0.542695
10010.0,120.0,0.490928
10010.0,121.0,0.560758
10010.0,122.0,0.457231
10010.0,123.0,0.500762
10010.0,124.0,0.531433
10010.0,125.0,0.445963
10010.0,126.0,0.504601
